;FLAVOR:Marlin
;TIME:678
;Filament used: 0.236218m
;Layer height: 0.15
;MINX:38
;MINY:38
;MINZ:0.3
;MAXX:62
;MAXY:62
;MAXZ:6
;TARGET_MACHINE.NAME:Unknown
;Generated with Cura_SteamEngine 5.13.0
M104 S235
M105
M109 S235
G28 ;Home
G1 Z15.0 F6000 ;Move the platform down 15mm
;Prime the extruder
G92 E0
G1 F200 E3
G92 E0
M82 ;absolute extrusion mode
G92 E0
G92 E0
G1 F1500 E-6.5
;LAYER_COUNT:39
;LAYER:0
M107
G0 F4320 X39.289 Y39.081 Z0.3
;TYPE:SKIRT
G1 F1500 E0
G1 F900 X39.786 Y38.686 E0.03167
G1 X40.279 Y38.405 E0.05998
G1 X40.929 Y38.16 E0.09464
G1 X41.486 Y38.046 E0.123
G1 X42.24 Y38.001 E0.16069
G1 X57.351 Y38 E0.91458
G1 X58.083 Y38.012 E0.9511
G1 X58.743 Y38.083 E0.98422
G1 X59.293 Y38.229 E1.01261
G1 X59.867 Y38.479 E1.04385
G1 X60.348 Y38.781 E1.07218
G1 X60.92 Y39.289 E1.11035
G1 X61.31 Y39.782 E1.14171
G1 X61.62 Y40.333 E1.17325
G1 X61.839 Y40.925 E1.20474
G1 X61.954 Y41.482 E1.23312
G1 X61.999 Y42.24 E1.271
G1 X62 Y57.32 E2.02334
G1 X61.988 Y58.081 E2.06132
G1 X61.917 Y58.741 E2.09443
G1 X61.75 Y59.349 E2.12589
G1 X61.489 Y59.925 E2.15744
G1 X61.141 Y60.451 E2.18891
G1 X60.715 Y60.917 E2.2204
G1 X60.273 Y61.272 E2.24869
G1 X59.674 Y61.618 E2.2832
G1 X59.142 Y61.82 E2.31159
G1 X58.482 Y61.96 E2.34525
G1 X58.038 Y61.997 E2.36748
G1 X42.649 Y62 E3.13524
G1 X41.917 Y61.988 E3.17176
G1 X41.257 Y61.917 E3.20488
G1 X40.707 Y61.771 E3.23327
G1 X40.133 Y61.521 E3.26451
G1 X39.652 Y61.219 E3.29284
G1 X39.08 Y60.711 E3.33101
G1 X38.69 Y60.218 E3.36237
G1 X38.38 Y59.667 E3.39391
G1 X38.162 Y59.079 E3.4252
G1 X38.047 Y58.524 E3.45347
G1 X38.001 Y57.745 E3.49241
G1 X38 Y42.614 E4.24729
G1 X38.012 Y41.914 E4.28222
G1 X38.084 Y41.255 E4.3153
G1 X38.23 Y40.705 E4.34369
G1 X38.452 Y40.184 E4.37194
G1 X38.863 Y39.543 E4.40993
G1 X39.289 Y39.081 E4.44128
G0 F4320 X39.54 Y39.392
G1 F900 X39.984 Y39.034 E4.46974
G1 X40.477 Y38.753 E4.49805
G1 X41.009 Y38.552 E4.52642
G1 X41.566 Y38.438 E4.55478
G1 X42.24 Y38.401 E4.58846
G1 X57.345 Y38.4 E5.34205
G1 X58.043 Y38.41 E5.37688
G1 X58.64 Y38.47 E5.40681
G1 X59.19 Y38.616 E5.4352
G1 X59.654 Y38.818 E5.46045
G1 X60.135 Y39.12 E5.48879
G1 X60.608 Y39.539 E5.52031
G1 X60.963 Y39.981 E5.5486
G1 X61.246 Y40.475 E5.577
G1 X61.447 Y41.006 E5.60533
G1 X61.562 Y41.563 E5.6337
G1 X61.599 Y42.24 E5.66753
G1 X61.6 Y57.314 E6.41957
G1 X61.59 Y58.041 E6.45584
G1 X61.53 Y58.638 E6.48578
G1 X61.384 Y59.187 E6.51412
G1 X61.153 Y59.707 E6.54251
G1 X60.844 Y60.183 E6.57082
G1 X60.462 Y60.607 E6.59929
G1 X60.071 Y60.927 E6.6245
G1 X59.528 Y61.245 E6.6559
G1 X59.057 Y61.429 E6.68112
G1 X58.449 Y61.561 E6.71216
G1 X58.005 Y61.598 E6.73439
G1 X42.655 Y61.6 E7.50021
G1 X41.957 Y61.59 E7.53503
G1 X41.36 Y61.53 E7.56497
G1 X40.81 Y61.384 E7.59336
G1 X40.346 Y61.182 E7.6186
G1 X39.865 Y60.88 E7.64694
G1 X39.392 Y60.461 E7.67846
G1 X39.037 Y60.019 E7.70675
G1 X38.754 Y59.525 E7.73515
G1 X38.553 Y58.994 E7.76348
G1 X38.446 Y58.5 E7.78869
G1 X38.401 Y57.745 E7.82643
G1 X38.4 Y42.62 E8.58102
G1 X38.41 Y41.955 E8.6142
G1 X38.471 Y41.358 E8.64414
G1 X38.617 Y40.808 E8.67253
G1 X38.819 Y40.344 E8.69778
G1 X39.159 Y39.812 E8.72927
G1 X39.54 Y39.392 E8.75757
G0 F4320 X39.794 Y39.701
G1 F900 X40.185 Y39.38 E8.7828
G1 X40.622 Y39.126 E8.80802
G1 X41.093 Y38.943 E8.83323
G1 X41.588 Y38.837 E8.85849
G1 X42.24 Y38.801 E8.89107
G1 X57.339 Y38.8 E9.64436
G1 X58.037 Y38.81 E9.67918
G1 X58.54 Y38.857 E9.70439
G1 X59.03 Y38.983 E9.72963
G1 X59.494 Y39.185 E9.75488
G1 X59.92 Y39.457 E9.78009
G1 X60.298 Y39.792 E9.80529
G1 X60.618 Y40.183 E9.8305
G1 X60.873 Y40.62 E9.85574
G1 X61.056 Y41.091 E9.88095
G1 X61.163 Y41.585 E9.90617
G1 X61.199 Y42.24 E9.9389
G1 X61.2 Y57.308 E10.69064
G1 X61.19 Y58.035 E10.72692
G1 X61.143 Y58.538 E10.75212
G1 X61.017 Y59.028 E10.77736
G1 X60.816 Y59.492 E10.80259
G1 X60.544 Y59.918 E10.8278
G1 X60.209 Y60.297 E10.85304
G1 X59.818 Y60.617 E10.87825
G1 X59.382 Y60.872 E10.90345
G1 X58.911 Y61.056 E10.92867
G1 X58.416 Y61.162 E10.95393
G1 X57.972 Y61.199 E10.97616
G1 X42.661 Y61.2 E11.74003
G1 X41.963 Y61.19 E11.77485
G1 X41.46 Y61.143 E11.80006
G1 X40.97 Y61.017 E11.8253
G1 X40.506 Y60.815 E11.85055
G1 X40.08 Y60.543 E11.87576
G1 X39.702 Y60.208 E11.90096
G1 X39.382 Y59.817 E11.92617
G1 X39.127 Y59.38 E11.95141
G1 X38.944 Y58.909 E11.97662
G1 X38.837 Y58.415 E12.00184
G1 X38.801 Y57.745 E12.03531
G1 X38.8 Y42.626 E12.7896
G1 X38.81 Y41.961 E12.82278
G1 X38.858 Y41.458 E12.84799
G1 X38.984 Y40.968 E12.87323
G1 X39.186 Y40.504 E12.89848
G1 X39.458 Y40.078 E12.9237
G1 X39.794 Y39.701 E12.94889
G1 F1500 E6.44889
;MESH:cherry_mx_socket_fix-pins_led_diode.stl
G0 F4320 X42.424 Y41.335
G0 X42.424 Y42.424
G0 X46.587 Y45.753
G0 X48.058 Y46.461
G0 X47.981 Y46.16
;TYPE:WALL-INNER
G1 F1500 E12.94889
G1 F900 X47.53 Y46.267 E12.97202
G1 X47.03 Y46.209 E12.99713
G1 X46.503 Y45.879 E13.02815
G1 X46.283 Y45.582 E13.04659
G1 X46.129 Y45.16 E13.069
G1 X46.142 Y44.631 E13.0954
G1 X46.362 Y44.141 E13.1222
G1 X46.705 Y43.802 E13.14626
G1 X46.932 Y43.687 E13.15895
G1 X47.364 Y43.576 E13.18121
G1 X47.726 Y43.597 E13.1993
G1 X48.207 Y43.806 E13.22546
G1 X48.477 Y44.035 E13.24313
G1 X48.73 Y44.484 E13.26884
G1 X48.808 Y44.919 E13.29089
G1 X48.751 Y45.307 E13.31045
G1 X48.438 Y45.847 E13.34159
G1 X47.981 Y46.16 E13.36923
G0 F4320 X48.058 Y46.461
G0 X46.494 Y50.678
G0 X45.561 Y51.643
G0 X45.498 Y51.339
G1 F900 X44.931 Y51.448 E13.39803
G1 X44.453 Y51.364 E13.42224
G1 X44.249 Y51.28 E13.43325
G1 X43.863 Y50.983 E13.45755
G1 X43.655 Y50.699 E13.47511
G1 X43.552 Y50.468 E13.48773
G1 X43.468 Y50 E13.51145
G1 X43.552 Y49.532 E13.53517
G1 X43.636 Y49.329 E13.54613
G1 X43.933 Y48.943 E13.57043
G1 X44.217 Y48.735 E13.58799
G1 X44.45 Y48.632 E13.6007
G1 X44.884 Y48.548 E13.62276
G1 X45.474 Y48.648 E13.65261
G1 X45.878 Y48.911 E13.67666
G1 X46.265 Y49.419 E13.70852
G1 X46.366 Y50.056 E13.7407
G1 X46.264 Y50.541 E13.76543
G1 X45.925 Y51.036 E13.79536
G1 X45.498 Y51.339 E13.82148
G0 F4320 X45.561 Y51.643
G0 X44.823 Y54.892
G0 X45.153 Y55.964
G0 X46.071 Y56.435
G0 X46.985 Y56.235
G0 X46.791 Y55.993
G1 F900 X46.534 Y56.113 E13.83563
G1 X46.156 Y56.176 E13.85475
G1 X45.805 Y56.105 E13.87262
G1 X45.585 Y55.993 E13.88493
G1 X45.285 Y55.705 E13.90568
G1 X45.136 Y55.38 E13.92352
G1 X45.096 Y55.012 E13.94199
G1 X45.246 Y54.531 E13.96712
G1 X45.402 Y54.314 E13.98046
G1 X45.662 Y54.11 E13.99694
G1 X46.107 Y53.991 E14.01992
G1 X46.307 Y53.985 E14.02991
G1 X46.741 Y54.128 E14.0527
G1 X47.019 Y54.358 E14.07071
G1 F909.1 X47.228 Y54.743 E14.09234
G1 F935.1 X47.278 Y55.112 E14.11022
G1 F927.8 X47.163 Y55.585 E14.13378
G1 F900 X47.017 Y55.804 E14.14691
G1 X46.791 Y55.993 E14.16161
G0 F4320 X46.985 Y56.235
G0 X48.668 Y56.451
G0 X49.525 Y56.235
G0 X49.331 Y55.993
G1 F900 X49.074 Y56.113 E14.17576
G1 X48.696 Y56.176 E14.19488
G1 X48.345 Y56.105 E14.21275
G1 X48.125 Y55.993 E14.22506
G1 X47.899 Y55.804 E14.23976
G1 X47.753 Y55.585 E14.25289
G1 F904.5 X47.683 Y55.396 E14.2629
G1 F923.1 X47.647 Y54.947 E14.28481
G1 F918.4 X47.83 Y54.447 E14.31084
G1 F900 X48.178 Y54.125 E14.33449
G1 X48.747 Y53.98 E14.36379
G1 X49.175 Y54.075 E14.38566
G1 X49.559 Y54.358 E14.40946
G1 F909.1 X49.768 Y54.743 E14.4311
G1 F935.1 X49.818 Y55.112 E14.44898
G1 F927.8 X49.703 Y55.585 E14.47253
G1 F900 X49.557 Y55.804 E14.48567
G1 X49.331 Y55.993 E14.50036
G0 F4320 X49.525 Y56.235
G0 X51.208 Y56.451
G0 X52.065 Y56.235
G0 X51.871 Y55.993
G1 F900 X51.614 Y56.113 E14.51451
G1 X51.236 Y56.176 E14.53363
G1 X50.885 Y56.105 E14.5515
G1 X50.665 Y55.993 E14.56382
G1 X50.439 Y55.804 E14.57851
G1 X50.293 Y55.585 E14.59164
G1 F904.5 X50.223 Y55.396 E14.60165
G1 F923.1 X50.187 Y54.947 E14.62356
G1 F918.4 X50.37 Y54.447 E14.64959
G1 F900 X50.673 Y54.156 E14.67055
G1 X50.824 Y54.071 E14.6792
G1 X51.326 Y53.98 E14.70465
G1 X51.762 Y54.095 E14.72715
G1 X52.099 Y54.358 E14.74847
G1 F909.1 X52.308 Y54.743 E14.77011
G1 F935.1 X52.358 Y55.112 E14.78799
G1 F927.8 X52.243 Y55.585 E14.81155
G1 F900 X52.097 Y55.804 E14.82468
G1 X51.871 Y55.993 E14.83938
G0 F4320 X52.065 Y56.235
G0 X53.748 Y56.451
G0 X54.605 Y56.235
G0 X54.411 Y55.993
G1 F900 X54.154 Y56.113 E14.85353
G1 X53.776 Y56.176 E14.87265
G1 X53.425 Y56.105 E14.89051
G1 X53.205 Y55.993 E14.90283
G1 X52.979 Y55.804 E14.91753
G1 X52.833 Y55.585 E14.93066
G1 F904.5 X52.763 Y55.396 E14.94066
G1 F923.1 X52.727 Y54.947 E14.96257
G1 F918.4 X52.91 Y54.447 E14.98861
G1 F900 X53.272 Y54.116 E15.01308
G1 X53.775 Y53.984 E15.03902
G1 X53.996 Y53.999 E15.05007
G1 X54.337 Y54.114 E15.06803
G1 X54.594 Y54.314 E15.08427
G1 X54.778 Y54.563 E15.09972
G1 X54.857 Y54.762 E15.1104
G1 X54.908 Y55.08 E15.12647
G1 X54.819 Y55.516 E15.14867
G1 X54.711 Y55.705 E15.15953
G1 X54.411 Y55.993 E15.18028
G0 F4320 X54.605 Y56.235
G0 X55.96 Y51.512
G0 X55.779 Y51.261
G1 F900 X55.547 Y51.364 E15.19294
G1 X55.171 Y51.442 E15.2121
G1 X54.971 Y51.439 E15.22208
G1 X54.504 Y51.33 E15.24601
G1 X54.118 Y51.085 E15.26881
G1 X53.764 Y50.615 E15.29817
G1 X53.629 Y50.034 E15.32793
G1 X53.725 Y49.483 E15.35583
G1 X53.945 Y49.101 E15.37782
G1 F853.1 X54.393 Y48.699 E15.40951
G1 X53.796 Y48.807 E15.44144
G1 F900 X53.363 Y48.735 E15.46334
G1 F774.2 X52.725 Y48.367 E15.50605
G1 F687 X52.572 Y48.138 E15.52405
G1 F782.6 X52.472 Y47.567 E15.55731
G1 F900 X52.499 Y47.141 E15.57861
G1 X52.76 Y46.608 E15.60822
G1 X53.048 Y46.346 E15.62764
G1 X53.28 Y46.227 E15.64065
G1 X53.816 Y46.108 E15.66804
G1 X54.074 Y46.137 E15.681
G1 X54.556 Y46.344 E15.70717
G1 X54.716 Y46.463 E15.71711
G1 X54.939 Y46.734 E15.73462
G1 X55.079 Y47.018 E15.75042
G1 X55.156 Y47.456 E15.77261
G1 X55.092 Y47.873 E15.79366
G1 X54.824 Y48.346 E15.82078
G1 F845.1 X54.52 Y48.631 E15.84292
G1 X55.022 Y48.551 E15.86993
G1 F900 X55.62 Y48.652 E15.90019
G1 X55.979 Y48.867 E15.92106
G1 X56.34 Y49.297 E15.94907
G1 X56.444 Y49.53 E15.9618
G1 X56.528 Y50 E15.98562
G1 X56.444 Y50.467 E16.00929
G1 X56.357 Y50.675 E16.02054
G1 X56.063 Y51.052 E16.0444
G1 X55.779 Y51.261 E16.06199
G0 F4320 X55.959 Y51.513
G0 X55.08 Y51.718
G0 X53.918 Y51.259
G0 X53.362 Y50
G0 X53.66 Y49.058
G0 X54.393 Y48.699
G1 F803.6 X54.52 Y48.631 E16.07004
G0 F4320 X55.18 Y48.285
G0 X56.242 Y48.74
G0 X56.77 Y49.867
G0 X57.09 Y57.12
G0 X57.4 Y57.4
G1 F900 X57.4 Y42.6 E16.80841
G1 X42.6 Y42.6 E17.54679
G1 X42.6 Y57.4 E18.28516
G1 X57.4 Y57.4 E19.02354
G0 F4320 X57.12 Y57.12
G0 X54.847 Y54.196
G0 X50.994 Y52.737
G0 X50.91 Y52.438
G1 F900 X50.466 Y52.554 E19.04643
G1 X50.035 Y52.595 E19.06803
G1 X49.608 Y52.569 E19.08937
G1 X49.189 Y52.468 E19.11088
G1 X48.63 Y52.215 E19.14149
G1 X48.108 Y51.79 E19.17507
G1 X47.858 Y51.482 E19.19486
G1 X47.559 Y50.91 E19.22706
G1 X47.447 Y50.499 E19.24832
G1 X47.402 Y50.054 E19.27063
G1 X47.433 Y49.581 E19.29428
G1 X47.552 Y49.115 E19.31827
G1 X47.821 Y48.581 E19.3481
G1 X48.213 Y48.1 E19.37906
G1 X48.564 Y47.833 E19.40106
G1 X49.052 Y47.577 E19.42856
G1 X49.429 Y47.462 E19.44822
G1 X49.941 Y47.402 E19.47394
G1 X50.359 Y47.421 E19.49482
G1 X50.928 Y47.57 E19.52416
G1 X51.371 Y47.789 E19.54881
G1 F837.2 X52.115 Y48.382 E19.59984
G1 F728.7 X52.282 Y48.651 E19.61935
G1 F722.9 X52.543 Y49.401 E19.66867
G1 F833.3 X52.595 Y50.16 E19.70967
G1 F900 X52.459 Y50.854 E19.74495
G1 X52.212 Y51.363 E19.77317
G1 X51.79 Y51.884 E19.80662
G1 X51.445 Y52.157 E19.82857
G1 X50.91 Y52.438 E19.85872
G0 F4320 X50.782 Y52.054
;TYPE:WALL-OUTER
G1 F900 X50.428 Y52.156 E19.8771
G1 X50.009 Y52.196 E19.8981
G1 X49.676 Y52.175 E19.91475
G1 X49.284 Y52.079 E19.93488
G1 X48.862 Y51.883 E19.9581
G1 X48.38 Y51.491 E19.98909
G1 X48.186 Y51.246 E20.00468
G1 X47.927 Y50.743 E20.03291
G1 X47.847 Y50.464 E20.04739
G1 X47.8 Y50.016 E20.06986
G1 X47.821 Y49.676 E20.08686
G1 X47.925 Y49.259 E20.1083
G1 X48.132 Y48.833 E20.13193
G1 X48.505 Y48.38 E20.1612
G1 X48.717 Y48.208 E20.17482
G1 X49.222 Y47.939 E20.20337
G1 X49.572 Y47.84 E20.22152
G1 X49.98 Y47.8 E20.24197
G1 X50.304 Y47.817 E20.25816
G1 X50.716 Y47.917 E20.27931
G1 X51.148 Y48.121 E20.30314
G1 X51.587 Y48.476 E20.33131
G1 X51.801 Y48.736 E20.34811
G1 X52.054 Y49.214 E20.37509
G1 X52.151 Y49.544 E20.39225
G1 X52.192 Y50.153 E20.4227
G1 X52.065 Y50.755 E20.4534
G1 X51.889 Y51.123 E20.47375
G1 X51.506 Y51.602 E20.50435
G1 X51.279 Y51.788 E20.51899
G1 X50.782 Y52.054 E20.54711
G0 F4320 X50.59 Y52.109
G0 X50.783 Y52.797
G0 X54.437 Y53.867
G0 X55.072 Y54.569
G0 X55.072 Y55.591
G0 X54.414 Y56.312
G0 X51.681 Y56.415
G0 X51.536 Y55.721
G1 F900 X51.271 Y55.774 E20.56059
G1 X50.988 Y55.718 E20.57499
G1 X50.733 Y55.532 E20.59073
G1 X50.612 Y55.316 E20.60309
G1 X50.577 Y54.99 E20.61944
G1 X50.71 Y54.658 E20.63729
G1 X50.968 Y54.445 E20.65398
G1 X51.27 Y54.382 E20.66937
G1 X51.588 Y54.455 E20.68565
G1 X51.804 Y54.628 E20.69945
G1 X51.925 Y54.84 E20.71163
G1 X51.969 Y55.091 E20.72435
G1 X51.9 Y55.379 E20.73912
G1 X51.781 Y55.553 E20.74964
G1 X51.536 Y55.721 E20.76446
G0 F4320 X51.34 Y55.76
G0 X51.485 Y56.456
G0 X54.221 Y56.415
G0 X54.076 Y55.721
G1 F900 X53.811 Y55.774 E20.77794
G1 X53.528 Y55.718 E20.79233
G1 X53.273 Y55.532 E20.80808
G1 X53.152 Y55.316 E20.82043
G1 X53.117 Y54.99 E20.83679
G1 X53.272 Y54.628 E20.85644
G1 X53.515 Y54.442 E20.8717
G1 X53.821 Y54.381 E20.88727
G1 X54.11 Y54.448 E20.90207
G1 X54.329 Y54.614 E20.91578
G1 X54.465 Y54.84 E20.92894
G1 X54.506 Y55.115 E20.94281
G1 X54.452 Y55.356 E20.95513
G1 X54.321 Y55.553 E20.96694
G1 X54.076 Y55.721 E20.98176
G0 F4320 X53.88 Y55.76
G1 F1500 E14.48176
G0 F4320 X54.025 Y56.456
G0 X57.52 Y57.52
G0 X57.8 Y57.8
G1 F1500 E20.98176
G1 F900 X57.8 Y42.2 E21.76004
G1 X42.2 Y42.2 E22.53833
G1 X42.2 Y57.8 E23.31662
G1 X57.8 Y57.8 E24.09491
G0 F4320 X57.8 Y57.6
G0 X57.12 Y57.12
G0 X55.959 Y51.513
G0 X55.543 Y50.938
G1 F900 X55.111 Y51.046 E24.11712
G1 X54.658 Y50.961 E24.14012
G1 X54.359 Y50.763 E24.15801
G1 X54.121 Y50.435 E24.17823
G1 X54.028 Y50.012 E24.19983
G1 X54.108 Y49.598 E24.22087
G1 X54.321 Y49.273 E24.24026
G1 X54.664 Y49.031 E24.2612
G1 X55.06 Y48.949 E24.28137
G1 X55.49 Y49.03 E24.3032
G1 X55.81 Y49.249 E24.32255
G1 X56.052 Y49.611 E24.34427
G1 X56.126 Y50.035 E24.36575
G1 X56.023 Y50.455 E24.38732
G1 X55.827 Y50.73 E24.40417
G1 X55.543 Y50.938 E24.42173
G0 F4320 X55.349 Y50.986
G0 X55.497 Y51.691
G0 X54.402 Y51.574
G0 X53.51 Y50.697
G0 X53.479 Y49.451
G0 X54.198 Y48.323
G1 F900 X53.82 Y48.408 E24.44106
G1 X53.51 Y48.363 E24.45669
G1 X53.142 Y48.128 E24.47847
G1 X52.973 Y47.914 E24.49208
G1 X52.878 Y47.647 E24.50622
G1 X52.891 Y47.217 E24.52768
G1 X53.082 Y46.845 E24.54854
G1 X53.381 Y46.614 E24.56739
G1 X53.781 Y46.511 E24.588
G1 X54.02 Y46.533 E24.59997
G1 X54.375 Y46.701 E24.61957
G1 X54.544 Y46.86 E24.63114
G1 X54.72 Y47.195 E24.65002
G1 X54.754 Y47.488 E24.66474
G1 X54.708 Y47.761 E24.67855
G1 X54.507 Y48.102 E24.6983
G1 X54.198 Y48.323 E24.71725
G0 F4320 X54.003 Y48.366
G0 X53.66 Y49.058
G0 X52.315 Y48.375
G0 X51.495 Y47.568
G0 X48.308 Y46.342
G0 X47.89 Y45.765
G1 F900 X47.497 Y45.868 E24.73752
G1 X47.178 Y45.828 E24.75356
G1 X46.785 Y45.585 E24.77661
G1 X46.627 Y45.378 E24.78961
G1 X46.52 Y45.046 E24.80701
G1 X46.538 Y44.687 E24.82494
G1 X46.715 Y44.329 E24.84487
G1 X46.957 Y44.112 E24.86108
G1 X47.433 Y43.97 E24.88586
G1 X47.672 Y43.993 E24.89784
G1 X48.074 Y44.198 E24.92036
G1 X48.233 Y44.373 E24.93215
G1 X48.369 Y44.657 E24.94786
G1 X48.408 Y44.93 E24.96162
G1 X48.363 Y45.212 E24.97587
G1 X48.144 Y45.576 E24.99706
G1 X47.89 Y45.765 E25.01286
G0 F4320 X47.697 Y45.815
G0 X47.875 Y46.508
G0 X46.494 Y50.678
G0 X45.774 Y51.531
G0 X45.356 Y50.955
G1 F900 X44.889 Y51.046 E25.03659
G1 X44.467 Y50.944 E25.05825
G1 X44.186 Y50.747 E25.07537
G1 X43.944 Y50.386 E25.09706
G1 X43.868 Y50 E25.11668
G1 X43.972 Y49.547 E25.13987
G1 X44.169 Y49.266 E25.15699
G1 X44.531 Y49.024 E25.17872
G1 X44.942 Y48.949 E25.19956
G1 X45.349 Y49.038 E25.22035
G1 X45.618 Y49.215 E25.23641
G1 X45.872 Y49.555 E25.25759
G1 X45.968 Y50.019 E25.28122
G1 X45.886 Y50.41 E25.30116
G1 X45.667 Y50.73 E25.3205
G1 X45.356 Y50.955 E25.33965
G0 F4320 X45.16 Y50.993
G0 X45.308 Y51.697
G0 X44.823 Y54.892
G0 X45.153 Y55.964
G0 X46.02 Y56.421
G0 X46.456 Y55.721
G1 F900 X46.191 Y55.774 E25.35313
G1 X45.908 Y55.718 E25.36753
G1 X45.628 Y55.499 E25.38526
G1 X45.544 Y55.357 E25.39349
G1 X45.496 Y55.012 E25.41087
G1 X45.615 Y54.686 E25.42819
G1 X45.86 Y54.458 E25.44488
G1 X46.252 Y54.381 E25.46481
G1 X46.527 Y54.466 E25.47917
G1 X46.724 Y54.628 E25.4919
G1 X46.845 Y54.84 E25.50408
G1 X46.889 Y55.091 E25.51679
G1 X46.82 Y55.379 E25.53156
G1 X46.701 Y55.553 E25.54208
G1 X46.456 Y55.721 E25.5569
G0 F4320 X46.26 Y55.76
G0 X46.405 Y56.456
G0 X49.141 Y56.415
G0 X48.996 Y55.721
G1 F900 X48.731 Y55.774 E25.57038
G1 X48.448 Y55.718 E25.58478
G1 X48.193 Y55.532 E25.60052
G1 X48.072 Y55.316 E25.61288
G1 X48.037 Y54.99 E25.62923
G1 X48.192 Y54.628 E25.64888
G1 X48.427 Y54.445 E25.66374
G1 X48.758 Y54.38 E25.68057
G1 X49.057 Y54.46 E25.69601
G1 X49.264 Y54.628 E25.70931
G1 X49.385 Y54.84 E25.72149
G1 X49.429 Y55.091 E25.7342
G1 X49.36 Y55.379 E25.74898
G1 X49.241 Y55.553 E25.75949
G1 X48.996 Y55.721 E25.77432
G0 F4320 X48.8 Y55.76
G0 X48.945 Y56.456
G0 X48.103 Y56.293
G0 X47.46 Y55.599
G0 X47.466 Y55.123
;TYPE:SKIN
G1 F917.6 X47.45 Y54.932 E25.78244
G0 F4320 X47.465 Y54.677
G0 X44.105 Y51.553
G0 X43.081 Y50.552
G1 F492.1 X43.034 Y49.996 E25.82657
G1 F492.9 X43.078 Y49.451 E25.86974
G0 F4320 X43.66 Y48.838
G0 X48.186 Y46.453
G1 F780 X48.694 Y46.069 E25.90151
G1 X48.989 Y45.615 E25.92852
G1 X49.084 Y45.373 E25.94149
G1 X49.144 Y44.968 E25.96191
G1 X49.118 Y44.621 E25.97927
G1 X48.907 Y44.068 E26.0088
G1 X48.736 Y43.816 E26.024
G1 X48.342 Y43.491 E26.04948
G1 F808.3 X47.812 Y43.285 E26.07685
G1 F861.9 X47.302 Y43.266 E26.0999
G1 F829.8 X46.851 Y43.353 E26.12144
G1 F780 X46.497 Y43.527 E26.14112
G1 X46.093 Y43.935 E26.16976
G1 X45.908 Y44.26 E26.18842
G1 X45.805 Y44.583 E26.20533
G1 X45.791 Y45.218 E26.23702
G1 X45.992 Y45.76 E26.26586
G1 X46.272 Y46.14 E26.28941
G1 X46.918 Y46.533 E26.32714
G1 X47.557 Y46.607 E26.35923
G1 X48.186 Y46.453 E26.39154
G0 F4320 X53.769 Y45.847
G0 X54.797 Y46.187
G0 X56.918 Y49.447
G1 F487.5 X56.962 Y50 E26.43582
G1 X56.918 Y50.547 E26.47962
G0 F4320 X55.072 Y55.591
G0 X54.216 Y56.5
G1 F684.2 X54.642 Y56.242 E26.50795
G1 F780 X54.974 Y55.91 E26.53137
G1 X55.128 Y55.656 E26.54619
G1 X55.248 Y55.076 E26.57574
G1 X55.194 Y54.709 E26.59425
G1 X55.078 Y54.408 E26.61034
G1 X54.817 Y54.058 E26.63212
G1 X54.489 Y53.81 E26.65264
G1 X53.905 Y53.635 E26.68306
G1 X53.307 Y53.734 E26.7133
G1 X53.064 Y53.848 E26.72669
G1 X52.656 Y54.224 E26.75437
G1 X52.554 Y54.444 E26.76647
G1 X52.365 Y54.15 E26.7839
G1 X51.914 Y53.786 E26.81282
G1 X51.342 Y53.635 E26.84233
G1 X50.731 Y53.747 E26.87332
G1 X50.461 Y53.889 E26.88854
G1 X50.108 Y54.232 E26.9131
G1 X50.013 Y54.441 E26.92455
G1 X49.826 Y54.15 E26.94181
G1 X49.442 Y53.831 E26.96672
G1 X48.945 Y53.658 E26.99297
G1 X48.729 Y53.637 E27.0038
G1 X48.173 Y53.747 E27.03207
G1 X47.995 Y53.835 E27.04198
G1 X47.57 Y54.234 E27.07106
G1 X47.474 Y54.441 E27.08245
G1 X47.244 Y54.106 E27.10272
G1 X46.83 Y53.791 E27.12867
G1 X46.427 Y53.662 E27.14978
G1 X46.195 Y53.638 E27.16142
G1 X45.624 Y53.747 E27.19042
G1 X45.179 Y54.054 E27.21739
G1 X44.949 Y54.367 E27.23677
G1 X44.831 Y54.639 E27.25157
G1 X44.756 Y55.008 E27.27035
G1 X44.798 Y55.435 E27.29176
G1 X44.976 Y55.853 E27.31442
G1 X45.352 Y56.24 E27.34134
G1 X45.68 Y56.418 E27.35996
G1 F712.3 X46.105 Y56.55 E27.38427
G1 F631.6 X46.596 Y56.5 E27.41468
G1 F684.2 X47.01 Y56.249 E27.44222
G1 F780 X47.246 Y56.049 E27.45765
G1 X47.456 Y55.748 E27.47596
G1 X47.63 Y56.009 E27.49161
G1 X47.902 Y56.249 E27.50971
G1 X48.22 Y56.418 E27.52768
G1 F712.3 X48.645 Y56.55 E27.55199
G1 F631.6 X49.136 Y56.5 E27.5824
G1 F684.2 X49.55 Y56.249 E27.60993
G1 F780 X49.786 Y56.049 E27.62537
G1 X49.996 Y55.748 E27.64368
G1 X50.17 Y56.009 E27.65933
G1 X50.442 Y56.249 E27.67742
G1 X50.76 Y56.418 E27.69539
G1 F712.3 X51.185 Y56.55 E27.7197
G1 F631.6 X51.676 Y56.5 E27.75011
G1 F684.2 X52.09 Y56.249 E27.77765
G1 F780 X52.326 Y56.049 E27.79308
G1 X52.536 Y55.748 E27.81139
G1 X52.71 Y56.009 E27.82704
G1 X52.982 Y56.249 E27.84514
G1 X53.3 Y56.418 E27.8631
G1 F712.3 X53.725 Y56.55 E27.88741
G1 F631.6 X54.216 Y56.5 E27.91782
G0 F4320 X53.183 Y56.293
G0 X52.579 Y55.641
G0 X52.546 Y55.123
G1 F917.6 X52.53 Y54.932 E27.92595
G0 F4320 X52.545 Y54.677
G0 X51.016 Y52.758
G1 F780 X51.625 Y52.443 E27.96016
G1 X52.039 Y52.112 E27.9866
G1 X52.506 Y51.542 E28.02337
G1 X52.788 Y50.933 E28.05685
G1 F791.9 X52.922 Y50.201 E28.09342
G1 F723.9 X52.906 Y49.375 E28.13783
G1 F656.8 X52.728 Y48.801 E28.17343
G1 X53.22 Y49.085 E28.20709
G1 X53.488 Y49.137 E28.22326
G1 X53.36 Y49.375 E28.23927
G1 F690.3 X53.293 Y50.049 E28.27746
G1 F739.3 X53.454 Y50.765 E28.31609
G1 F764.7 X53.814 Y51.266 E28.34748
G1 F780 X54.37 Y51.639 E28.38088
G1 X54.91 Y51.774 E28.40865
G1 X55.192 Y51.776 E28.42272
G1 X55.608 Y51.697 E28.44385
G1 X55.949 Y51.552 E28.46233
G1 X56.259 Y51.33 E28.48136
G1 X56.469 Y51.115 E28.49635
G1 F575.6 X56.918 Y50.547 E28.5453
G1 F484.5 X56.958 Y50.656 E28.55462
G1 F621.5 X57.06 Y51.207 E28.58971
G1 F780 X57.06 Y57.06 E28.88171
G1 X54.75 Y57.06 E28.99696
G1 F684.2 X54.26 Y57.005 E29.025
G1 F631.6 X53.679 Y57.021 E29.06082
G1 F712.3 X53.291 Y57.059 E29.08211
G1 F780 X52.217 Y57.06 E29.1357
G1 F684.2 X51.72 Y57.005 E29.16414
G1 F631.6 X51.139 Y57.021 E29.19995
G1 F712.3 X50.751 Y57.059 E29.22124
G1 F780 X49.677 Y57.06 E29.27483
G1 F684.2 X49.18 Y57.005 E29.30327
G1 F631.6 X48.599 Y57.021 E29.33908
G1 F712.3 X48.211 Y57.059 E29.36038
G1 F780 X47.137 Y57.06 E29.41396
G1 F684.2 X46.64 Y57.005 E29.4424
G1 F631.6 X46.059 Y57.021 E29.47821
G1 F712.3 X45.671 Y57.059 E29.49951
G1 F780 X42.94 Y57.06 E29.63576
G1 X42.941 Y50.952 E29.94049
G1 F577.8 X43.081 Y50.552 E29.96903
G1 X43.36 Y50.865 E29.99727
G1 F780 X43.582 Y51.175 E30.01629
G1 X43.824 Y51.411 E30.03316
G1 X44.37 Y51.694 E30.06384
G1 X44.94 Y51.788 E30.09266
G1 X45.617 Y51.657 E30.12706
G1 X46.127 Y51.309 E30.15786
G1 X46.313 Y51.111 E30.17142
G1 X46.586 Y50.652 E30.19806
G1 F791.9 X46.708 Y49.995 E30.2309
G1 X46.582 Y49.284 E30.26638
G1 F780 X46.149 Y48.68 E30.30346
G1 X45.656 Y48.361 E30.33276
G1 X45.005 Y48.208 E30.36612
G1 X44.396 Y48.293 E30.3968
G1 X44.043 Y48.44 E30.41588
G1 F718.9 X43.635 Y48.737 E30.44319
G1 F619 X43.064 Y49.469 E30.50155
G1 F663.8 X42.941 Y48.798 E30.54154
G1 F780 X42.94 Y42.94 E30.8338
G1 X46.801 Y42.94 E31.02642
G1 F825.4 X47.246 Y42.917 E31.04743
G1 F873.9 X47.754 Y42.919 E31.07005
G1 F823.2 X48.453 Y42.94 E31.10311
G1 F780 X57.06 Y42.94 E31.53251
G1 X57.06 Y49.033 E31.8365
G1 F575.6 X56.918 Y49.447 E31.86608
G1 X56.632 Y49.123 E31.8953
G1 F780 X56.41 Y48.813 E31.91432
G1 X56.193 Y48.605 E31.92932
G1 X55.766 Y48.347 E31.95421
G1 X55.271 Y48.249 E31.97938
G1 X55.402 Y48.002 E31.99333
G1 X55.492 Y47.456 E32.02094
G1 X55.469 Y47.16 E32.03575
G1 X55.393 Y46.896 E32.04946
G1 X55.083 Y46.352 E32.08069
G1 X54.701 Y46.036 E32.10543
G1 X54.161 Y45.811 E32.13461
G1 X53.785 Y45.77 E32.15348
G1 X53.203 Y45.892 E32.18315
G1 X52.82 Y46.093 E32.20473
G1 X52.483 Y46.408 E32.22774
G1 X52.18 Y47.02 E32.26181
G1 X52.132 Y47.539 E32.28782
G1 X52.176 Y48.003 E32.31107
G1 X51.574 Y47.516 E32.3497
G1 X51.041 Y47.248 E32.37947
G1 X50.402 Y47.081 E32.41242
G1 X50.034 Y47.06 E32.43081
G1 X49.431 Y47.108 E32.46098
G1 X48.933 Y47.256 E32.4869
G1 X48.38 Y47.547 E32.51808
G1 X47.965 Y47.859 E32.54398
G1 X47.511 Y48.431 E32.58042
G1 X47.24 Y48.971 E32.61056
G1 X47.096 Y49.528 E32.63926
G1 F802.1 X47.075 Y50.087 E32.6664
G1 X47.108 Y50.54 E32.68844
G1 F780 X47.25 Y51.053 E32.715
G1 X47.55 Y51.625 E32.74722
G1 X47.861 Y52.029 E32.77266
G1 X48.443 Y52.498 E32.80995
G1 X48.94 Y52.738 E32.83748
G1 X49.552 Y52.903 E32.8691
G1 X50.047 Y52.933 E32.89385
G1 X50.558 Y52.88 E32.91948
G1 X51.016 Y52.758 E32.94312
G0 F4320 X50.546 Y53.595
G0 X50.005 Y54.677
G0 X49.99 Y54.932
G1 F917.6 X50.006 Y55.123 E32.95125
G0 F4320 X49.999 Y55.445
G0 X49.334 Y56.312
G0 X43.283 Y56.86
G1 F780 X43.14 Y56.716 E32.96138
G0 F4320 X43.14 Y56.151
G1 F780 X43.848 Y56.859 E33.01133
G0 F4320 X44.413 Y56.858
G1 F780 X43.14 Y55.585 E33.10115
G0 F4320 X43.14 Y55.019
G1 F780 X44.979 Y56.858 E33.2309
G0 F4320 X45.544 Y56.858
G1 F780 X43.14 Y54.454 E33.40051
G0 F4320 X43.14 Y53.888
G1 F780 X44.588 Y55.336 E33.50268
G0 F4320 X44.601 Y54.784
G1 F780 X43.14 Y53.322 E33.60579
G0 F4320 X43.14 Y52.757
G1 F780 X44.739 Y54.356 E33.71861
G0 F4320 X44.964 Y54.014
G1 F780 X43.14 Y52.191 E33.84727
G0 F4320 X43.14 Y51.625
G1 F780 X45.266 Y53.751 E33.99727
G0 F4320 X45.628 Y53.548
G1 F780 X43.14 Y51.059 E34.17285
G1 X43.07 Y50.989
G0 F4320 X44.58 Y51.933
G1 F780 X46.098 Y53.452 E34.27998
G0 F4320 X46.778 Y53.566
G1 F780 X45.159 Y51.948 E34.39418
G0 F4320 X45.632 Y51.855
G1 F780 X47.658 Y53.88 E34.53709
G0 F4320 X47.969 Y53.626
G1 F780 X45.991 Y51.648 E34.67665
G0 F4320 X46.308 Y51.4
G1 F780 X48.409 Y53.5 E34.82485
G0 F4320 X48.933 Y53.459
G1 F780 X46.559 Y51.085 E34.99235
G0 F4320 X46.758 Y50.718
G1 F780 X47.02 Y50.98 E35.01083
G0 F4320 X46.967 Y49.229
G1 F780 X46.344 Y48.607 E35.05475
G1 X46.231 Y48.494
G1 X43.14 Y45.403 E35.27284
G0 F4320 X43.14 Y45.968
G1 F780 X45.227 Y48.056 E35.42013
G0 F4320 X44.66 Y48.054
G1 F780 X43.141 Y46.535 E35.5273
G0 F4320 X43.141 Y47.1
G1 F780 X44.201 Y48.161 E35.60212
G0 F4320 X43.827 Y48.353
G1 F780 X43.141 Y47.666 E35.65056
G0 F4320 X43.141 Y48.232
G1 F780 X43.515 Y48.606 E35.67695
G0 F4320 X43.273 Y48.93
G1 F780 X43.141 Y48.797 E35.6863
G0 F4320 X43.14 Y44.837
G1 F780 X47.103 Y48.8 E35.96591
G0 F4320 X47.289 Y48.421
G1 F780 X43.14 Y44.271 E36.25868
G0 F4320 X43.14 Y43.706
G1 F780 X47.526 Y48.092 E36.56813
G0 F4320 X47.777 Y47.777
G1 F780 X46.53 Y46.53 E36.65611
G1 X46.46 Y46.46
G0 F4320 X47.346 Y46.78
G1 F780 X48.085 Y47.52 E36.70829
G0 F4320 X48.428 Y47.296
G1 F780 X47.87 Y46.738 E36.74766
G0 F4320 X48.307 Y46.61
G1 F780 X48.795 Y47.098 E36.78209
G0 F4320 X49.222 Y46.96
G1 F780 X48.633 Y46.37 E36.82368
G0 F4320 X48.916 Y46.088
G1 F780 X49.714 Y46.885 E36.87995
G0 F4320 X50.268 Y46.873
G1 F780 X49.139 Y45.745 E36.95957
G0 F4320 X49.291 Y45.331
G1 F780 X50.982 Y47.022 E37.07888
G1 X51.052 Y47.092
G0 F4320 X52.008 Y46.917
G1 F780 X49.097 Y44.006 E37.28427
G1 X49.027 Y43.936
G0 F4320 X49.325 Y44.799
G1 F780 X51.947 Y47.421 E37.46927
G1 X52.017 Y47.491
G0 F4320 X52.194 Y46.537
G1 F780 X48.797 Y43.14 E37.70894
G0 F4320 X48.386 Y43.295
G1 F780 X48.222 Y43.131 E37.72051
G0 F4320 X49.362 Y43.14
G1 F780 X52.419 Y46.197 E37.9362
G0 F4320 X52.716 Y45.927
G1 F780 X49.928 Y43.14 E38.13287
G0 F4320 X50.494 Y43.14
G1 F780 X53.077 Y45.723 E38.31512
G0 F4320 X53.537 Y45.618
G1 F780 X51.059 Y43.14 E38.48996
G0 F4320 X51.625 Y43.14
G1 F780 X54.091 Y45.606 E38.66395
G1 X54.161 Y45.676
G0 F4320 X54.927 Y46.349
G0 X55.676 Y47.191
G1 F780 X56.861 Y48.375 E38.74752
G0 F4320 X56.861 Y47.81
G1 F780 X52.191 Y43.14 E39.07701
G0 F4320 X52.757 Y43.14
G1 F780 X56.861 Y47.244 E39.36657
G0 F4320 X56.861 Y46.678
G1 F780 X53.322 Y43.14 E39.61623
G0 F4320 X53.888 Y43.14
G1 F780 X56.861 Y46.113 E39.82599
G0 F4320 X56.861 Y45.547
G1 F780 X54.454 Y43.14 E39.99582
G0 F4320 X55.019 Y43.14
G1 F780 X56.861 Y44.981 E40.12575
G0 F4320 X56.861 Y44.415
G1 F780 X55.585 Y43.14 E40.21574
G0 F4320 X56.151 Y43.14
G1 F780 X56.861 Y43.85 E40.26583
G0 F4320 X56.861 Y43.284
G1 F780 X56.716 Y43.14 E40.27603
G0 F4320 X55.653 Y47.733
G1 F780 X56.861 Y48.941 E40.36126
G1 X56.931 Y49.011
G0 F4320 X56.727 Y51.07
G1 F780 X56.86 Y51.203 E40.37064
G0 F4320 X56.475 Y51.384
G1 F780 X56.86 Y51.769 E40.39781
G0 F4320 X56.86 Y52.334
G1 F780 X56.165 Y51.64 E40.44681
G0 F4320 X55.793 Y51.833
G1 F780 X56.86 Y52.9 E40.52209
G0 F4320 X56.86 Y53.466
G1 F780 X55.344 Y51.95 E40.62905
G0 F4320 X54.775 Y51.946
G1 F780 X56.86 Y54.031 E40.77616
G0 F4320 X56.86 Y54.597
G1 F780 X53.67 Y51.407 E41.00123
G1 X53.647 Y51.384
G1 X53.021 Y50.758 E41.0454
G0 F4320 X52.89 Y51.193
G1 F780 X56.86 Y55.163 E41.32551
G0 F4320 X56.86 Y55.728
G1 F780 X52.708 Y51.576 E41.61845
G0 F4320 X52.467 Y51.901
G1 F780 X54.029 Y53.463 E41.72866
G0 F4320 X53.5 Y53.5
G1 F780 X52.211 Y52.211 E41.81961
G0 F4320 X51.909 Y52.474
G1 F780 X53.056 Y53.621 E41.90053
G0 F4320 X52.742 Y53.873
G1 F780 X51.568 Y52.699 E41.98337
G0 F4320 X51.198 Y52.895
G1 F780 X51.871 Y53.568 E42.03085
G0 F4320 X51.197 Y53.459
G1 F780 X50.766 Y53.029 E42.06122
G0 F4320 X50.282 Y53.11
G1 F780 X50.719 Y53.548 E42.09209
G0 F4320 X50.338 Y53.732
G1 F780 X49.72 Y53.114 E42.13569
G0 F4320 X49.004 Y52.964
G1 F780 X50.05 Y54.01 E42.2095
G1 X50.12 Y54.08
G0 F4320 X51.332 Y53.709
G0 X53.872 Y53.709
G0 X54.847 Y54.196
G0 X55.177 Y55.08
G0 X54.847 Y55.964
G0 X53.748 Y56.451
G0 X51.208 Y56.451
G0 X49.939 Y56.161
G1 F780 X50.635 Y56.858 E42.25864
G0 F4320 X50.07 Y56.858
G1 F780 X49.64 Y56.429 E42.28894
G0 F4320 X49.308 Y56.662
G1 F780 X49.458 Y56.812 E42.29952
G0 F4320 X48.346 Y56.832
G1 F780 X48.099 Y56.584 E42.31699
G0 F4320 X47.807 Y56.858
G1 F780 X47.249 Y56.3 E42.35636
G0 F4320 X46.931 Y56.547
G1 F780 X47.243 Y56.859 E42.37837
G0 F4320 X52.018 Y56.543
G1 F780 X52.334 Y56.859 E42.40067
G0 F4320 X52.334 Y56.294
G1 F780 X52.899 Y56.858 E42.44049
G0 F4320 X53.197 Y56.591
G1 F780 X53.435 Y56.829 E42.45729
G0 F4320 X54.394 Y56.657
G1 F780 X54.553 Y56.816 E42.4685
G0 F4320 X54.727 Y56.424
G1 F780 X55.163 Y56.86 E42.49927
G0 F4320 X55.728 Y56.86
G1 F780 X55.017 Y56.149 E42.54943
G0 F4320 X55.257 Y55.823
G1 F780 X56.294 Y56.86 E42.6226
G0 F4320 X56.86 Y56.86
G1 F780 X55.392 Y55.392 E42.72617
G0 F4320 X55.416 Y54.85
G1 F780 X56.86 Y56.294 E42.82805
G1 X56.93 Y56.364
G0 F4320 X52.799 Y49.448
G0 X52.346 Y48.377
G0 X51.495 Y47.568
G0 X50.402 Y47.177
G0 X49.434 Y47.205
G0 X48.644 Y47.513
G0 X45.787 Y45.787
G1 F780 X43.14 Y43.14 E43.01481
G0 F4320 X43.706 Y43.14
G1 F780 X45.596 Y45.03 E43.14816
G0 F4320 X45.627 Y44.495
G1 F780 X44.271 Y43.14 E43.2438
G0 F4320 X44.837 Y43.14
G1 F780 X45.781 Y44.084 E43.31041
G0 F4320 X46.004 Y43.741
G1 F780 X45.403 Y43.14 E43.35281
G0 F4320 X45.968 Y43.14
G1 F780 X46.285 Y43.457 E43.37518
G0 F4320 X46.534 Y43.14
G1 F780 X46.634 Y43.24 E43.38223
G0 F4320 X46.611 Y43.21
G1 F1500 E36.88223
;MESH:NONMESH
G0 F600 Z0.45
G0 F4320 X42.424 Y42.424
G0 X42.424 Y41.335
G0 X39.794 Y39.701
;TIME_ELAPSED:72.006882
;LAYER:1
M106 S25.5
;TYPE:SKIRT
G1 F1500 E43.38223
G1 F900 X40.185 Y39.38 E43.39485
G1 X40.622 Y39.126 E43.40746
G1 X41.093 Y38.943 E43.42006
G1 X41.588 Y38.837 E43.43269
G1 X42.24 Y38.801 E43.44898
G1 X57.339 Y38.8 E43.82563
G1 X58.037 Y38.81 E43.84304
G1 X58.54 Y38.857 E43.85564
G1 X59.03 Y38.983 E43.86826
G1 X59.494 Y39.185 E43.88089
G1 X59.92 Y39.457 E43.8935
G1 X60.298 Y39.792 E43.90609
G1 X60.618 Y40.183 E43.9187
G1 X60.873 Y40.62 E43.93132
G1 X61.056 Y41.091 E43.94392
G1 X61.163 Y41.585 E43.95653
G1 X61.199 Y42.24 E43.9729
G1 X61.2 Y57.308 E44.34877
G1 X61.19 Y58.035 E44.36691
G1 X61.143 Y58.538 E44.37951
G1 X61.017 Y59.028 E44.39213
G1 X60.816 Y59.492 E44.40474
G1 X60.544 Y59.918 E44.41735
G1 X60.209 Y60.297 E44.42997
G1 X59.818 Y60.617 E44.44257
G1 X59.382 Y60.872 E44.45517
G1 X58.911 Y61.056 E44.46779
G1 X58.416 Y61.162 E44.48041
G1 X57.972 Y61.199 E44.49153
G1 X42.661 Y61.2 E44.87346
G1 X41.963 Y61.19 E44.89088
G1 X41.46 Y61.143 E44.90348
G1 X40.97 Y61.017 E44.9161
G1 X40.506 Y60.815 E44.92872
G1 X40.08 Y60.543 E44.94133
G1 X39.702 Y60.208 E44.95393
G1 X39.382 Y59.817 E44.96653
G1 X39.127 Y59.38 E44.97915
G1 X38.944 Y58.909 E44.99176
G1 X38.837 Y58.415 E45.00437
G1 X38.801 Y57.745 E45.02111
G1 X38.8 Y42.626 E45.39825
G1 X38.81 Y41.961 E45.41484
G1 X38.858 Y41.458 E45.42745
G1 X38.984 Y40.968 E45.44007
G1 X39.186 Y40.504 E45.45269
G1 X39.458 Y40.078 E45.4653
G1 X39.794 Y39.701 E45.4779
G1 F1500 E38.9779
;MESH:cherry_mx_socket_fix-pins_led_diode.stl
G0 F5760 X42.424 Y41.335
G0 X42.424 Y42.424
G0 X46.85 Y45.958
G0 X48.339 Y46.322
G0 X48.142 Y46.082
;TYPE:WALL-INNER
G1 F1500 E45.4779
G1 F1470 X47.984 Y46.16 E45.48229
G1 X47.535 Y46.266 E45.4938
G1 X47.072 Y46.214 E45.50542
G1 X46.761 Y46.077 E45.5139
G1 X46.479 Y45.845 E45.52301
G1 X46.28 Y45.583 E45.53121
G1 X46.129 Y45.144 E45.5428
G1 X46.142 Y44.631 E45.5556
G1 X46.362 Y44.141 E45.56899
G1 X46.513 Y43.958 E45.57491
G1 X46.876 Y43.704 E45.58596
G1 X47.208 Y43.593 E45.5947
G1 X47.48 Y43.568 E45.60151
G1 X47.946 Y43.665 E45.61338
G1 X48.183 Y43.785 E45.62001
G1 X48.434 Y43.993 E45.62814
G1 X48.595 Y44.199 E45.63466
G1 X48.735 Y44.495 E45.64283
G1 X48.792 Y44.752 E45.6494
G1 X48.753 Y45.299 E45.66308
G1 X48.52 Y45.757 E45.6759
G1 X48.142 Y46.082 E45.68833
G0 F5760 X48.34 Y46.322
G0 X46.494 Y50.678
G0 X45.516 Y51.653
G0 X45.452 Y51.347
G1 F1470 X45.031 Y51.439 E45.69908
G1 X44.836 Y51.443 E45.70395
G1 X44.453 Y51.364 E45.7137
G1 X44.249 Y51.28 E45.71921
G1 X43.863 Y50.983 E45.73136
G1 X43.655 Y50.699 E45.74014
G1 X43.552 Y50.466 E45.74649
G1 X43.468 Y49.996 E45.7584
G1 X43.552 Y49.531 E45.77019
G1 X43.784 Y49.101 E45.78238
G1 X44.217 Y48.735 E45.79652
G1 X44.45 Y48.632 E45.80287
G1 X44.991 Y48.552 E45.81652
G1 X45.478 Y48.659 E45.82895
G1 X45.879 Y48.912 E45.84078
G1 X46.251 Y49.394 E45.85597
G1 X46.366 Y49.939 E45.86986
G1 X46.284 Y50.466 E45.88317
G1 X46.222 Y50.636 E45.88768
G1 X45.927 Y51.034 E45.90004
G1 X45.452 Y51.347 E45.91423
G0 F5760 X45.516 Y51.653
G0 X44.823 Y55.08
G0 X45.152 Y55.963
G0 X45.939 Y56.419
G0 X47.001 Y56.223
G0 X46.808 Y55.983
G1 F1470 X46.396 Y56.16 E45.92542
G1 X46.088 Y56.168 E45.9331
G1 X45.764 Y56.092 E45.9414
G1 X45.578 Y55.987 E45.94673
G1 X45.289 Y55.709 E45.95673
G1 X45.178 Y55.517 E45.96227
G1 X45.088 Y55.08 E45.9734
G1 X45.139 Y54.762 E45.98143
G1 X45.218 Y54.563 E45.98677
G1 X45.402 Y54.314 E45.99449
G1 X45.66 Y54.116 E46.00261
G1 X45.957 Y54.002 E46.01054
G1 X46.41 Y53.999 E46.02184
G1 X46.69 Y54.1 E46.02927
G1 X47.018 Y54.357 E46.03966
G1 X47.158 Y54.563 E46.04588
G1 F1484.8 X47.233 Y54.763 E46.05115
G1 F1539.3 X47.272 Y55.131 E46.05997
G1 F1523.3 X47.158 Y55.593 E46.07142
G1 F1470 X47.022 Y55.794 E46.07748
G1 X46.808 Y55.983 E46.0846
G0 F5760 X47.001 Y56.223
G0 X48.479 Y56.419
G0 X49.541 Y56.223
G0 X49.348 Y55.983
G1 F1470 X48.936 Y56.16 E46.09578
G1 X48.628 Y56.168 E46.10347
G1 X48.304 Y56.092 E46.11177
G1 X47.894 Y55.794 E46.12441
G1 X47.758 Y55.593 E46.13047
G1 F1523.3 X47.644 Y55.131 E46.14192
G1 F1539.3 X47.683 Y54.763 E46.15074
G1 F1484.8 X47.758 Y54.563 E46.15601
G1 F1470 X47.898 Y54.357 E46.16223
G1 X48.179 Y54.129 E46.17125
G1 X48.499 Y54.001 E46.17985
G1 X48.89 Y53.99 E46.18961
G1 X49.175 Y54.076 E46.19703
G1 X49.558 Y54.357 E46.20888
G1 X49.698 Y54.563 E46.2151
G1 F1484.8 X49.773 Y54.763 E46.22037
G1 F1539.3 X49.812 Y55.131 E46.22919
G1 F1523.3 X49.698 Y55.593 E46.24064
G1 F1470 X49.562 Y55.794 E46.2467
G1 X49.348 Y55.983 E46.25382
G0 F5760 X49.541 Y56.223
G0 X51.019 Y56.419
G0 X52.081 Y56.223
G0 X51.888 Y55.983
G1 F1470 X51.476 Y56.16 E46.265
G1 X51.168 Y56.168 E46.27269
G1 X50.844 Y56.092 E46.28099
G1 X50.434 Y55.794 E46.29363
G1 X50.298 Y55.593 E46.29969
G1 F1523.3 X50.184 Y55.131 E46.31114
G1 F1539.3 X50.223 Y54.763 E46.31996
G1 F1484.8 X50.298 Y54.563 E46.32523
G1 F1470 X50.438 Y54.357 E46.33145
G1 X50.751 Y54.11 E46.34139
G1 X51.024 Y54.005 E46.34869
G1 X51.372 Y53.988 E46.35738
G1 X51.568 Y54.02 E46.36234
G1 X51.822 Y54.129 E46.36923
G1 X52.098 Y54.357 E46.37816
G1 X52.238 Y54.563 E46.38437
G1 F1484.8 X52.313 Y54.763 E46.38965
G1 F1539.3 X52.352 Y55.131 E46.39846
G1 F1523.3 X52.238 Y55.593 E46.40992
G1 F1470 X52.102 Y55.794 E46.41597
G1 X51.888 Y55.983 E46.42309
G0 F5760 X52.081 Y56.223
G0 X53.559 Y56.419
G0 X54.621 Y56.223
G0 X54.428 Y55.983
G1 F1470 X54.016 Y56.16 E46.43428
G1 X53.708 Y56.168 E46.44197
G1 X53.384 Y56.092 E46.45027
G1 X52.974 Y55.794 E46.46291
G1 X52.838 Y55.593 E46.46897
G1 F1523.3 X52.724 Y55.131 E46.48042
G1 F1539.3 X52.763 Y54.763 E46.48924
G1 F1484.8 X52.838 Y54.563 E46.49451
G1 F1470 X52.978 Y54.357 E46.50072
G1 X53.273 Y54.12 E46.51016
G1 X53.607 Y53.996 E46.51905
G1 X54.043 Y54.002 E46.52993
G1 X54.344 Y54.118 E46.53797
G1 X54.594 Y54.314 E46.5459
G1 X54.778 Y54.563 E46.55362
G1 X54.857 Y54.762 E46.55896
G1 X54.908 Y55.08 E46.567
G1 X54.819 Y55.516 E46.5781
G1 X54.707 Y55.709 E46.58366
G1 X54.428 Y55.983 E46.59342
G0 F5760 X54.621 Y56.223
G0 X55.96 Y51.512
G0 X55.779 Y51.261
G1 F1470 X55.547 Y51.364 E46.59975
G1 X55.171 Y51.442 E46.60933
G1 X54.957 Y51.436 E46.61467
G1 X54.548 Y51.347 E46.62511
G1 X54.064 Y51.033 E46.6395
G1 X53.729 Y50.529 E46.6546
G1 X53.629 Y49.96 E46.66901
G1 X53.725 Y49.483 E46.68115
G1 X53.945 Y49.101 E46.69214
G1 F1393.4 X54.393 Y48.699 E46.70798
G1 X53.796 Y48.807 E46.72395
G1 F1470 X53.363 Y48.733 E46.73491
G1 X53.158 Y48.642 E46.7405
G1 F1270 X52.702 Y48.335 E46.75638
G1 F1124.3 X52.576 Y48.146 E46.76378
G1 F1278.3 X52.469 Y47.543 E46.78135
G1 F1470 X52.504 Y47.068 E46.79323
G1 X52.81 Y46.548 E46.80829
G1 X53.224 Y46.245 E46.82108
G1 X53.556 Y46.133 E46.82982
G1 X53.832 Y46.108 E46.83674
G1 X54.449 Y46.268 E46.85264
G1 X54.782 Y46.533 E46.86325
G1 X54.943 Y46.739 E46.86977
G1 X55.083 Y47.035 E46.87794
G1 X55.14 Y47.292 E46.88451
G1 X55.103 Y47.831 E46.89799
G1 X54.834 Y48.335 E46.91224
G1 F1361.1 X54.55 Y48.615 E46.92298
G1 X55.151 Y48.552 E46.93926
G1 F1470 X55.717 Y48.696 E46.95383
G1 X56.132 Y49.013 E46.96686
G1 X56.34 Y49.297 E46.97564
G1 X56.444 Y49.529 E46.98198
G1 X56.516 Y49.872 E46.99072
G1 X56.52 Y50.1 E46.99641
G1 X56.444 Y50.466 E47.00574
G1 X56.357 Y50.675 E47.01138
G1 X56.063 Y51.052 E47.02331
G1 X55.779 Y51.261 E47.03211
G0 F5760 X55.959 Y51.513
G0 X55.08 Y51.718
G0 X53.918 Y51.259
G0 X53.362 Y50
G0 X53.66 Y49.057
G0 X54.393 Y48.699
G1 F1295.2 X54.55 Y48.615 E47.03715
G0 F5760 X55.194 Y48.283
G0 X56.242 Y48.74
G0 X56.77 Y49.867
G0 X57.09 Y57.12
G0 X57.4 Y57.4
G1 F1470 X57.4 Y42.6 E47.40633
G1 X42.6 Y42.6 E47.77552
G1 X42.6 Y57.4 E48.14471
G1 X57.4 Y57.4 E48.5139
G0 F5760 X57.12 Y57.12
G0 X54.848 Y54.197
G0 X51.088 Y52.692
G0 X50.946 Y52.417
G1 F1470 X50.392 Y52.569 E48.52823
G1 X50.035 Y52.596 E48.53716
G1 X49.47 Y52.544 E48.55131
G1 X49.069 Y52.426 E48.56174
G1 X48.627 Y52.208 E48.57403
G1 X48.111 Y51.793 E48.59055
G1 X47.857 Y51.479 E48.60062
G1 X47.549 Y50.888 E48.61725
G1 X47.417 Y50.311 E48.63201
G1 X47.402 Y49.941 E48.64125
G1 X47.447 Y49.499 E48.65233
G1 X47.555 Y49.113 E48.66233
G1 X47.821 Y48.581 E48.67717
G1 X48.212 Y48.1 E48.69263
G1 X48.576 Y47.828 E48.70397
G1 X49.095 Y47.559 E48.71855
G1 X49.582 Y47.432 E48.7311
G1 X50.055 Y47.402 E48.74293
G1 X50.568 Y47.462 E48.75581
G1 X50.904 Y47.562 E48.76456
G1 X51.415 Y47.821 E48.77885
G1 F1367.4 X52.117 Y48.386 E48.80301
G1 F1192.7 X52.255 Y48.608 E48.81105
G1 F1270 X52.467 Y49.186 E48.82882
G1 F1470 X52.579 Y49.688 E48.84166
G1 X52.594 Y50.055 E48.85082
G1 X52.549 Y50.496 E48.86188
G1 X52.445 Y50.885 E48.87192
G1 X52.211 Y51.364 E48.88522
G1 X51.819 Y51.852 E48.90083
G1 X51.486 Y52.131 E48.91167
G1 X50.946 Y52.417 E48.92691
G0 F5760 X50.74 Y52.071
;TYPE:WALL-OUTER
G1 F960 X50.315 Y52.177 E48.93784
G1 X49.98 Y52.196 E48.94621
G1 X49.551 Y52.152 E48.95697
G1 X49.275 Y52.078 E48.96409
G1 X48.873 Y51.889 E48.97518
G1 X48.409 Y51.52 E48.98996
G1 X48.204 Y51.273 E48.99797
G1 X47.921 Y50.731 E49.01322
G1 X47.821 Y50.324 E49.02368
G1 X47.8 Y49.98 E49.03228
G1 X47.842 Y49.561 E49.04278
G1 X47.934 Y49.243 E49.05104
G1 X48.119 Y48.851 E49.06185
G1 X48.476 Y48.409 E49.07602
G1 X48.723 Y48.207 E49.08398
G1 X49.25 Y47.927 E49.09887
G1 X49.676 Y47.821 E49.10982
G1 X50.016 Y47.8 E49.11832
G1 X50.446 Y47.844 E49.1291
G1 X50.758 Y47.935 E49.13721
G1 X51.146 Y48.12 E49.14793
G1 X51.587 Y48.476 E49.16207
G1 X51.8 Y48.738 E49.17049
G1 X52.064 Y49.239 E49.18462
G1 X52.175 Y49.676 E49.19586
G1 X52.196 Y50.016 E49.20436
G1 X52.15 Y50.456 E49.2154
G1 X52.078 Y50.724 E49.22232
G1 X51.876 Y51.146 E49.23399
G1 X51.491 Y51.616 E49.24915
G1 X51.264 Y51.799 E49.25642
G1 X50.74 Y52.071 E49.27115
G0 F5760 X50.546 Y52.119
G0 X50.712 Y52.811
G0 X54.461 Y53.885
G0 X55.072 Y54.569
G0 X55.072 Y55.591
G0 X54.461 Y56.275
G0 X51.805 Y56.382
G0 X51.566 Y55.714
G1 F960 X51.407 Y55.766 E49.27532
G1 X51.168 Y55.768 E49.28128
G1 X50.974 Y55.714 E49.2863
G1 X50.731 Y55.526 E49.29397
G1 X50.612 Y55.316 E49.29999
G1 X50.568 Y55.098 E49.30554
G1 X50.611 Y54.84 E49.31206
G1 X50.732 Y54.628 E49.31815
G1 X50.943 Y54.46 E49.32488
G1 X51.143 Y54.389 E49.33017
G1 X51.438 Y54.398 E49.33754
G1 X51.588 Y54.455 E49.34154
G1 X51.804 Y54.628 E49.34844
G1 X51.925 Y54.84 E49.35453
G1 X51.968 Y55.098 E49.36106
G1 X51.898 Y55.382 E49.36835
G1 X51.805 Y55.526 E49.37263
G1 X51.566 Y55.714 E49.38021
G0 F5760 X51.407 Y55.766
G0 X51.374 Y55.766
G0 X51.374 Y56.48
G0 X49.265 Y56.382
G0 X49.026 Y55.714
G1 F960 X48.867 Y55.766 E49.38439
G1 X48.628 Y55.768 E49.39035
G1 X48.434 Y55.714 E49.39537
G1 X48.191 Y55.526 E49.40304
G1 X48.072 Y55.316 E49.40906
G1 X48.028 Y55.098 E49.4146
G1 X48.071 Y54.84 E49.42113
G1 X48.192 Y54.628 E49.42722
G1 X48.393 Y54.467 E49.43364
G1 X48.585 Y54.392 E49.43878
G1 X48.852 Y54.388 E49.44544
G1 X49.032 Y54.449 E49.45019
G1 X49.264 Y54.628 E49.4575
G1 X49.385 Y54.84 E49.46358
G1 X49.428 Y55.098 E49.47011
G1 X49.358 Y55.382 E49.47741
G1 X49.265 Y55.526 E49.48168
G1 X49.026 Y55.714 E49.48927
G0 F5760 X48.867 Y55.766
G0 X48.834 Y55.766
G0 X48.834 Y56.48
G0 X46.725 Y56.382
G0 X46.486 Y55.714
G1 F960 X46.327 Y55.766 E49.49344
G1 X46.088 Y55.768 E49.4994
G1 X45.832 Y55.679 E49.50616
G1 X45.629 Y55.498 E49.51295
G1 X45.544 Y55.357 E49.51705
G1 X45.491 Y55.04 E49.52507
G1 X45.558 Y54.774 E49.53191
G1 X45.667 Y54.614 E49.53674
G1 X45.86 Y54.462 E49.54287
G1 X46.044 Y54.392 E49.54778
G1 X46.332 Y54.391 E49.55497
G1 X46.547 Y54.481 E49.56078
G1 X46.724 Y54.628 E49.56652
G1 X46.845 Y54.84 E49.57261
G1 X46.888 Y55.098 E49.57913
G1 X46.818 Y55.382 E49.58643
G1 X46.725 Y55.526 E49.59071
G1 X46.486 Y55.714 E49.59829
G0 F5760 X46.327 Y55.766
G0 X46.294 Y55.766
G0 X46.294 Y56.48
G0 X45.152 Y55.963
G0 X44.843 Y55.177
G0 X45.473 Y51.662
G0 X45.327 Y50.967
G1 F960 X44.892 Y51.047 E49.60933
G1 X44.467 Y50.944 E49.62023
G1 X44.186 Y50.747 E49.62879
G1 X43.944 Y50.385 E49.63966
G1 X43.868 Y49.996 E49.64954
G1 X43.972 Y49.547 E49.66104
G1 X44.169 Y49.266 E49.6696
G1 X44.453 Y49.058 E49.67838
G1 X44.893 Y48.949 E49.68969
G1 X45.362 Y49.045 E49.70163
G1 X45.619 Y49.216 E49.70933
G1 X45.886 Y49.586 E49.72071
G1 X45.968 Y49.977 E49.73068
G1 X45.872 Y50.442 E49.74252
G1 X45.675 Y50.724 E49.7511
G1 X45.327 Y50.967 E49.76169
G0 F5760 X45.131 Y51.003
G0 X45.279 Y51.704
G0 X46.18 Y51.162
G0 X48.348 Y46.315
G0 X47.894 Y45.766
G1 F960 X47.499 Y45.868 E49.77187
G1 X47.178 Y45.828 E49.77994
G1 X46.973 Y45.738 E49.78552
G1 X46.757 Y45.557 E49.79255
G1 X46.624 Y45.379 E49.7981
G1 X46.529 Y45.102 E49.8054
G1 X46.538 Y44.687 E49.81576
G1 X46.765 Y44.268 E49.82764
G1 X47.014 Y44.08 E49.83543
G1 X47.293 Y43.984 E49.84279
G1 X47.48 Y43.968 E49.84747
G1 X47.849 Y44.053 E49.85691
G1 X48.18 Y44.301 E49.86723
G1 X48.373 Y44.666 E49.87753
G1 X48.389 Y45.122 E49.88891
G1 X48.228 Y45.476 E49.89861
G1 X47.894 Y45.766 E49.90965
G0 F5760 X47.701 Y45.816
G0 X47.876 Y46.508
G0 X50.969 Y47.317
G0 X52.989 Y48.842
G0 X54.198 Y48.323
G1 F960 X53.82 Y48.408 E49.91931
G1 X53.561 Y48.375 E49.92582
G1 X53.34 Y48.286 E49.93177
G1 X53.085 Y48.075 E49.94002
G1 X52.974 Y47.916 E49.94486
G1 X52.875 Y47.634 E49.95232
G1 X52.891 Y47.216 E49.96275
G1 X53.099 Y46.825 E49.9738
G1 X53.362 Y46.62 E49.98212
G1 X53.641 Y46.524 E49.98948
G1 X53.832 Y46.508 E49.99426
G1 X54.249 Y46.614 E50.00499
G1 X54.528 Y46.841 E50.01396
G1 X54.721 Y47.206 E50.02426
G1 X54.737 Y47.659 E50.03557
G1 X54.545 Y48.059 E50.04664
G1 X54.198 Y48.323 E50.05751
G0 F5760 X54.003 Y48.366
G0 X53.66 Y49.057
G0 X53.362 Y50
G0 X53.918 Y51.259
G0 X55.012 Y51.704
G0 X55.959 Y51.513
G0 X55.543 Y50.938
G1 F960 X55.111 Y51.046 E50.06862
G1 X54.673 Y50.967 E50.07972
G1 X54.378 Y50.781 E50.08842
G1 X54.109 Y50.406 E50.09994
G1 X54.028 Y50.014 E50.10992
G1 X54.108 Y49.598 E50.12049
G1 X54.321 Y49.273 E50.13018
G1 X54.674 Y49.028 E50.1409
G1 X55.104 Y48.949 E50.15181
G1 X55.5 Y49.034 E50.16191
G1 X55.81 Y49.249 E50.17132
G1 X56.052 Y49.611 E50.18218
G1 X56.126 Y50.031 E50.19282
G1 X56.023 Y50.455 E50.20371
G1 X55.827 Y50.73 E50.21213
G1 X55.543 Y50.938 E50.22091
G0 F5760 X55.349 Y50.986
G0 X55.497 Y51.691
G0 X55.177 Y55.08
G0 X54.615 Y56.229
G0 X54.17 Y55.677
G1 F960 X53.947 Y55.766 E50.2269
G1 X53.708 Y55.768 E50.23286
G1 X53.514 Y55.714 E50.23789
G1 X53.271 Y55.526 E50.24555
G1 X53.152 Y55.316 E50.25157
G1 X53.108 Y55.098 E50.25712
G1 X53.151 Y54.84 E50.26364
G1 X53.272 Y54.628 E50.26973
G1 X53.477 Y54.464 E50.27628
G1 X53.674 Y54.39 E50.28153
G1 X53.934 Y54.389 E50.28802
G1 X54.142 Y54.463 E50.29352
G1 X54.329 Y54.614 E50.29952
G1 X54.465 Y54.84 E50.3061
G1 X54.506 Y55.115 E50.31303
G1 X54.452 Y55.356 E50.3192
G1 X54.367 Y55.498 E50.32332
G1 X54.17 Y55.677 E50.32996
G0 F5760 X53.985 Y55.751
G1 F1500 E43.82996
G0 F5760 X54.226 Y56.425
G0 X57.52 Y57.52
G0 X57.8 Y57.8
G1 F1500 E50.32996
G1 F960 X57.8 Y42.2 E50.71911
G1 X42.2 Y42.2 E51.10825
G1 X42.2 Y57.8 E51.49739
G1 X57.8 Y57.8 E51.88654
G0 F5760 X57.8 Y57.6
G0 X57.12 Y57.12
G0 X54.848 Y54.197
G0 X54.061 Y53.741
G0 X51.019 Y53.741
G0 X44.242 Y51.574
G0 X43.081 Y50.548
;TYPE:SKIN
G1 F492.1 X43.034 Y49.996 E51.90844
G1 F492.9 X43.078 Y49.451 E51.93003
G0 F5760 X43.66 Y48.838
G0 X48.081 Y46.487
G1 F780 X48.351 Y46.348 E51.9376
G1 X48.788 Y45.967 E51.95206
G1 X49.064 Y45.432 E51.96708
G1 X49.128 Y45.148 E51.97434
G1 X49.128 Y44.715 E51.98514
G1 X49.052 Y44.379 E51.99374
G1 X48.905 Y44.058 E52.00254
G1 X48.674 Y43.756 E52.01203
G1 X48.405 Y43.526 E52.02086
G1 X48.01 Y43.327 E52.03189
G1 F834.2 X47.509 Y43.257 E52.04369
G1 F876.4 X47.123 Y43.282 E52.05228
G1 F814.6 X46.774 Y43.377 E52.06092
G1 F780 X46.311 Y43.682 E52.07475
G1 X46.081 Y43.948 E52.08352
G1 X45.908 Y44.26 E52.09242
G1 X45.805 Y44.583 E52.10087
G1 X45.791 Y45.198 E52.11622
G1 X45.988 Y45.76 E52.13107
G1 X46.174 Y46.015 E52.13895
G1 X46.558 Y46.349 E52.15164
G1 X46.972 Y46.541 E52.16303
G1 X47.555 Y46.605 E52.17766
G1 X48.081 Y46.487 E52.1911
G0 F5760 X53.901 Y45.852
G0 X55.034 Y46.422
G0 X56.918 Y49.446
G1 F487.5 X56.962 Y49.996 E52.21313
G1 X56.918 Y50.547 E52.23519
G0 F5760 X56.34 Y51.162
G0 X50.981 Y52.77
G1 F780 X51.69 Y52.401 E52.25513
G1 X52.054 Y52.093 E52.26702
G1 X52.452 Y51.608 E52.28267
G1 X52.765 Y50.991 E52.29993
G1 X52.866 Y50.628 E52.30933
G1 F804.1 X52.919 Y50.091 E52.32239
G1 F729 X52.892 Y49.365 E52.34178
G1 F650 X52.772 Y48.859 E52.35734
G1 X53.111 Y49.056 E52.36908
G1 X53.487 Y49.137 E52.38059
G1 X53.36 Y49.368 E52.38848
G1 F687.2 X53.286 Y50.005 E52.40664
G1 F753.6 X53.406 Y50.637 E52.42325
G1 F780 X53.476 Y50.8 E52.42767
G1 X53.816 Y51.268 E52.4421
G1 X54.419 Y51.658 E52.46002
G1 X54.919 Y51.772 E52.47281
G1 X55.202 Y51.776 E52.47987
G1 X55.608 Y51.697 E52.49019
G1 X55.949 Y51.552 E52.49943
G1 X56.256 Y51.329 E52.5089
G1 X56.624 Y50.877 E52.52344
G1 F575.6 X56.918 Y50.547 E52.53838
G1 F571.4 X57.06 Y50.938 E52.55254
G1 F772.3 X57.06 Y57.06 E52.70678
G1 F780 X54.55 Y57.06 E52.76939
G1 F704.3 X54.123 Y57.017 E52.78125
G1 F644.6 X53.607 Y57.019 E52.79682
G1 F705.9 X53.217 Y57.06 E52.80763
G1 F780 X52.01 Y57.06 E52.83774
G1 F704.3 X51.583 Y57.017 E52.8496
G1 F644.6 X51.067 Y57.019 E52.86517
G1 F705.9 X50.677 Y57.06 E52.87598
G1 F780 X49.47 Y57.06 E52.90609
G1 F704.3 X49.043 Y57.017 E52.91795
G1 F644.6 X48.527 Y57.019 E52.93352
G1 F705.9 X48.137 Y57.06 E52.94433
G1 F780 X46.93 Y57.06 E52.97444
G1 F704.3 X46.503 Y57.017 E52.9863
G1 F644.6 X45.987 Y57.019 E53.00187
G1 F705.9 X45.597 Y57.06 E53.01268
G1 F780 X42.941 Y57.059 E53.07894
G1 X42.94 Y50.95 E53.23133
G1 F577.8 X43.081 Y50.548 E53.24567
G1 X43.36 Y50.864 E53.25987
G1 F780 X43.582 Y51.175 E53.2694
G1 X43.824 Y51.412 E53.27785
G1 X44.34 Y51.678 E53.29233
G1 X44.804 Y51.78 E53.30418
G1 X45.095 Y51.773 E53.31144
G1 X45.559 Y51.669 E53.3233
G1 X46.148 Y51.291 E53.34076
G1 X46.504 Y50.821 E53.35547
G1 X46.609 Y50.561 E53.36246
G1 F798 X46.692 Y49.884 E53.3791
G1 X46.585 Y49.333 E53.39278
G1 F780 X46.178 Y48.73 E53.41093
G1 X45.605 Y48.34 E53.42822
G1 X45.012 Y48.208 E53.44337
G1 X44.396 Y48.293 E53.45889
G1 X44.009 Y48.462 E53.46942
G1 F718.9 X43.633 Y48.738 E53.48204
G1 F619 X43.064 Y49.469 E53.51116
G1 F663.8 X42.941 Y48.798 E53.53116
G1 F780 X42.94 Y42.94 E53.67728
G1 X46.705 Y42.94 E53.7712
G1 F838.7 X47.476 Y42.912 E53.7891
G1 X48.047 Y42.941 E53.80236
G1 F780 X57.06 Y42.94 E54.02719
G1 X57.06 Y49.028 E54.17906
G1 F575.6 X56.918 Y49.446 E54.19398
G1 X56.627 Y49.121 E54.20873
G1 F780 X56.387 Y48.787 E54.21899
G1 X56.195 Y48.603 E54.22562
G1 X55.794 Y48.356 E54.23737
G1 X55.277 Y48.232 E54.25063
G1 X55.411 Y47.971 E54.25795
G1 X55.479 Y47.683 E54.26533
G1 X55.476 Y47.255 E54.27601
G1 X55.4 Y46.919 E54.2846
G1 X55.253 Y46.598 E54.29341
G1 X55.026 Y46.3 E54.30275
G1 X54.617 Y45.974 E54.3158
G1 X54.401 Y45.883 E54.32165
G1 X53.832 Y45.768 E54.33613
G1 X53.509 Y45.796 E54.34421
G1 X53.118 Y45.917 E54.35442
G1 X52.854 Y46.067 E54.362
G1 X52.563 Y46.313 E54.3715
G1 X52.248 Y46.829 E54.38658
G1 X52.16 Y47.089 E54.39343
G1 X52.128 Y47.517 E54.40414
G1 X52.177 Y48.001 E54.41627
G1 X51.516 Y47.47 E54.43742
G1 X50.955 Y47.217 E54.45277
G1 X50.571 Y47.114 E54.46269
G1 X50.027 Y47.06 E54.47633
G1 X49.524 Y47.096 E54.48891
G1 X48.949 Y47.247 E54.50374
G1 X48.411 Y47.526 E54.51886
G1 X47.963 Y47.857 E54.53275
G1 X47.496 Y48.446 E54.5515
G1 X47.243 Y48.969 E54.56599
G1 X47.108 Y49.455 E54.57858
G1 X47.076 Y50.388 E54.60186
G1 X47.238 Y51.025 E54.61826
G1 X47.546 Y51.617 E54.63491
G1 X47.917 Y52.072 E54.64955
G1 X48.451 Y52.498 E54.66659
G1 X48.951 Y52.745 E54.6805
G1 X49.412 Y52.876 E54.69246
G1 X50.001 Y52.932 E54.70722
G1 X50.463 Y52.902 E54.71877
G1 X50.981 Y52.77 E54.7321
G0 F5760 X48.079 Y53.885
G0 X47.46 Y54.702
G0 X47.458 Y54.911
G1 F917.6 X47.456 Y55.428 E54.74306
G0 F5760 X47.46 Y55.598
G0 X47.536 Y56.539
G1 F489 X47.497 Y56.607 E54.74618
G1 X47.418 Y56.607 E54.74932
G1 X47.378 Y56.539 E54.75246
G1 X47.417 Y56.471 E54.75558
G1 X47.496 Y56.471 E54.75873
G1 X47.536 Y56.539 E54.76186
G0 F5760 X50.076 Y56.539
G1 F489 X50.037 Y56.607 E54.76498
G1 X49.958 Y56.607 E54.76813
G1 X49.918 Y56.539 E54.77127
G1 X49.957 Y56.471 E54.77438
G1 X50.036 Y56.471 E54.77753
G1 X50.076 Y56.539 E54.78067
G0 F5760 X50 Y55.598
G0 X49.996 Y55.428
G1 F917.6 X49.998 Y54.911 E54.79163
G0 F5760 X50 Y54.702
G0 X50.619 Y53.885
G0 X51.521 Y53.741
G0 X52.308 Y54.197
G0 X52.538 Y54.911
G1 F917.6 X52.536 Y55.428 E54.80259
G0 F5760 X52.54 Y55.598
G0 X52.616 Y56.539
G1 F489 X52.577 Y56.607 E54.80571
G1 X52.498 Y56.607 E54.80885
G1 X52.458 Y56.539 E54.81199
G1 X52.497 Y56.471 E54.81511
G1 X52.576 Y56.471 E54.81825
G1 X52.616 Y56.539 E54.82139
G0 F5760 X54.082 Y56.536
G1 F704.3 X54.621 Y56.258 E54.83815
G1 F780 X54.97 Y55.918 E54.8503
G1 X55.128 Y55.652 E54.85802
G1 X55.248 Y55.076 E54.8727
G1 X55.194 Y54.709 E54.88195
G1 X55.078 Y54.408 E54.89
G1 X54.814 Y54.054 E54.90101
G1 X54.496 Y53.812 E54.91098
G1 X54.03 Y53.656 E54.92324
G1 X53.549 Y53.658 E54.93524
G1 X53.089 Y53.829 E54.94748
G1 X52.709 Y54.146 E54.95982
G1 X52.536 Y54.412 E54.96774
G1 X52.325 Y54.106 E54.97701
G1 X52.007 Y53.842 E54.98732
G1 X51.701 Y53.707 E54.99566
G1 X51.401 Y53.65 E55.00328
G1 X50.934 Y53.674 E55.01495
G1 X50.554 Y53.827 E55.02517
G1 X50.21 Y54.104 E55.03618
G1 X49.996 Y54.412 E55.04554
G1 X49.825 Y54.146 E55.05343
G1 X49.542 Y53.895 E55.06286
G1 X49.275 Y53.746 E55.07049
G1 X48.894 Y53.651 E55.08028
G1 X48.396 Y53.677 E55.09272
G1 X47.992 Y53.843 E55.10362
G1 X47.672 Y54.102 E55.11389
G1 X47.456 Y54.412 E55.12331
G1 X47.247 Y54.109 E55.1325
G1 X46.842 Y53.794 E55.1453
G1 X46.44 Y53.658 E55.15588
G1 X45.892 Y53.665 E55.16955
G1 X45.474 Y53.827 E55.18074
G1 X45.182 Y54.054 E55.18996
G1 X44.94 Y54.366 E55.19981
G1 X44.814 Y54.666 E55.20793
G1 X44.751 Y55.116 E55.21926
G1 X44.864 Y55.653 E55.23295
G1 X45.023 Y55.919 E55.24068
G1 X45.343 Y56.235 E55.2519
G1 X45.619 Y56.396 E55.25987
G1 F707.5 X46.041 Y56.543 E55.27216
G1 F644.6 X46.462 Y56.536 E55.28487
G1 F704.3 X47.001 Y56.258 E55.30162
G1 F780 X47.289 Y56.002 E55.31124
G1 F783.9 X47.429 Y55.777 E55.31781
G1 F847.8 X47.456 Y55.428 E55.32585
G1 X47.483 Y55.777 E55.33388
G1 F783.9 X47.625 Y55.999 E55.34042
G1 F780 X47.893 Y56.24 E55.34941
G1 X48.157 Y56.394 E55.35704
G1 F707.5 X48.581 Y56.543 E55.3694
G1 F644.6 X49.002 Y56.536 E55.38211
G1 F704.3 X49.541 Y56.258 E55.39886
G1 F780 X49.829 Y56.002 E55.40847
G1 F783.9 X49.969 Y55.777 E55.41505
G1 F847.8 X49.996 Y55.428 E55.42308
G1 X50.023 Y55.777 E55.43112
G1 F783.9 X50.165 Y55.999 E55.43766
G1 F780 X50.433 Y56.24 E55.44665
G1 X50.697 Y56.394 E55.45427
G1 F707.5 X51.121 Y56.543 E55.46663
G1 F644.6 X51.542 Y56.536 E55.47934
G1 F704.3 X52.081 Y56.258 E55.4961
G1 F780 X52.369 Y56.002 E55.50571
G1 F783.9 X52.509 Y55.777 E55.51229
G1 F847.8 X52.536 Y55.428 E55.52032
G1 X52.563 Y55.777 E55.52835
G1 F783.9 X52.705 Y55.999 E55.53489
G1 F780 X52.973 Y56.24 E55.54388
G1 X53.237 Y56.394 E55.55151
G1 F707.5 X53.661 Y56.543 E55.56387
G1 F644.6 X54.082 Y56.536 E55.57658
G0 F5760 X56.277 Y56.86
G1 F780 X56.86 Y56.277 E55.59714
G0 F5760 X56.86 Y55.712
G1 F780 X55.712 Y56.86 E55.63764
G0 F5760 X55.146 Y56.86
G1 F780 X56.86 Y55.146 E55.69811
G0 F5760 X56.86 Y54.58
G1 F780 X54.58 Y56.86 E55.77854
G1 X54.51 Y56.93
G0 F5760 X55.368 Y55.506
G1 F780 X56.86 Y54.014 E55.83118
G0 F5760 X56.86 Y53.449
G1 F780 X55.422 Y54.887 E55.88191
G0 F5760 X55.304 Y54.439
G1 F780 X56.86 Y52.883 E55.9368
G0 F5760 X56.86 Y52.317
G1 F780 X55.086 Y54.092 E55.9994
G0 F5760 X54.809 Y53.802
G1 F780 X56.86 Y51.752 E56.07173
G0 F5760 X56.86 Y51.186
G1 F780 X54.457 Y53.589 E56.15651
G0 F5760 X54.02 Y53.46
G1 F780 X55.573 Y51.907 E56.21129
G0 F5760 X54.943 Y51.972
G1 F780 X53.415 Y53.5 E56.2652
G1 X53.345 Y53.57
G0 F5760 X52.411 Y53.938
G1 F780 X54.476 Y51.873 E56.33805
G0 F5760 X54.097 Y51.686
G1 F780 X52.112 Y53.672 E56.40809
G0 F5760 X51.708 Y53.51
G1 F780 X53.754 Y51.464 E56.48027
G0 F5760 X53.492 Y51.16
G1 F780 X51.194 Y53.458 E56.56134
G0 F5760 X51.198 Y52.888
G1 F780 X50.321 Y53.765 E56.59227
G0 F5760 X49.726 Y53.795
G1 F780 X50.416 Y53.104 E56.61663
G0 F5760 X49.838 Y53.116
G1 F780 X49.377 Y53.578 E56.63291
G0 F5760 X48.923 Y53.466
G1 F780 X49.331 Y53.058 E56.64731
G0 F5760 X48.889 Y52.934
G1 F780 X48.302 Y53.522 E56.66803
G1 X48.232 Y53.592
G0 F5760 X48.51 Y52.748
G1 F780 X47.334 Y53.924 E56.70952
G0 F5760 X47.014 Y53.678
G1 F780 X48.164 Y52.528 E56.75009
G0 F5760 X47.849 Y52.278
G1 F780 X46.616 Y53.51 E56.79357
G0 F5760 X46.096 Y53.465
G1 F780 X47.581 Y51.979 E56.84597
G0 F5760 X47.341 Y51.654
G1 F780 X45.231 Y53.763 E56.92039
G0 F5760 X44.898 Y54.096
G1 F780 X43.141 Y55.854 E56.98239
G0 F5760 X43.141 Y56.419
G1 F780 X44.557 Y55.004 E57.03233
G0 F5760 X44.624 Y55.502
G1 F780 X43.267 Y56.859 E57.0802
G0 F5760 X43.833 Y56.859
G1 F780 X44.78 Y55.912 E57.11361
G0 F5760 X45.044 Y56.214
G1 F780 X44.399 Y56.859 E57.13636
G0 F5760 X44.964 Y56.859
G1 F780 X45.355 Y56.469 E57.15014
G0 F5760 X45.727 Y56.662
G1 F780 X45.53 Y56.859 E57.15709
G0 F5760 X43.141 Y55.288
G1 F780 X47.147 Y51.282 E57.29841
G0 F5760 X46.988 Y50.876
G1 F780 X43.141 Y54.722 E57.43411
G0 F5760 X43.141 Y54.157
G1 F780 X45.388 Y51.909 E57.51339
G0 F5760 X44.761 Y51.972
G1 F780 X43.141 Y53.591 E57.57053
G0 F5760 X43.141 Y53.025
G1 F780 X44.299 Y51.868 E57.61136
G0 F5760 X43.916 Y51.685
G1 F780 X43.141 Y52.46 E57.6387
G0 F5760 X43.141 Y51.894
G1 F780 X43.585 Y51.45 E57.65436
G0 F5760 X43.329 Y51.141
G1 F780 X43.141 Y51.328 E57.66098
G0 F5760 X43.141 Y49.065
G1 F780 X43.265 Y48.942 E57.66533
G0 F5760 X43.141 Y48.5
G1 F780 X45.8 Y45.841 E57.75914
G0 F5760 X46.043 Y46.163
G1 F780 X43.908 Y48.299 E57.83447
G1 X43.838 Y48.369
G0 F5760 X43.141 Y47.934
G1 F780 X45.659 Y45.417 E57.92328
G0 F5760 X45.598 Y44.912
G1 F780 X43.141 Y47.368 E58.00994
G0 F5760 X43.141 Y46.803
G1 F780 X45.71 Y44.234 E58.10057
G1 X45.78 Y44.164
G0 F5760 X45.673 Y43.14
G1 F780 X43.141 Y45.672 E58.1899
G0 F5760 X43.141 Y46.237
G1 F780 X46.238 Y43.14 E58.29915
G1 X46.308 Y43.07
G0 F5760 X45.107 Y43.14
G1 F780 X43.141 Y45.106 E58.36851
G0 F5760 X43.141 Y44.541
G1 F780 X44.541 Y43.14 E58.41791
G0 F5760 X43.976 Y43.14
G1 F780 X43.141 Y43.975 E58.44737
G0 F5760 X43.141 Y43.409
G1 F780 X43.41 Y43.14 E58.45686
G0 F5760 X46.344 Y46.429
G1 F780 X44.722 Y48.05 E58.51406
G0 F5760 X45.276 Y48.062
G1 F780 X46.705 Y46.633 E58.56447
G0 F5760 X47.145 Y46.759
G1 F780 X45.722 Y48.182 E58.61467
G0 F5760 X46.06 Y48.41
G1 F780 X47.686 Y46.784 E58.67204
G1 X47.756 Y46.714
G0 F5760 X48.078 Y47.523
G1 F780 X52.461 Y43.14 E58.82666
G0 F5760 X53.027 Y43.14
G1 F780 X49.195 Y46.972 E58.96184
G0 F5760 X49.856 Y46.876
G1 F780 X53.592 Y43.14 E59.09364
G0 F5760 X54.158 Y43.14
G1 F780 X50.4 Y46.897 E59.2262
G0 F5760 X50.876 Y46.987
G1 F780 X54.724 Y43.14 E59.36193
G0 F5760 X55.289 Y43.14
G1 F780 X51.281 Y47.148 E59.50332
G0 F5760 X51.659 Y47.336
G1 F780 X51.956 Y47.039 E59.5138
G0 F5760 X53.358 Y45.637
G1 F780 X55.855 Y43.14 E59.60189
G0 F5760 X56.421 Y43.14
G1 F780 X53.972 Y45.589 E59.68828
G0 F5760 X54.437 Y45.69
G1 F780 X56.861 Y43.266 E59.77379
G0 F5760 X56.861 Y43.831
G1 F780 X54.815 Y45.877 E59.84597
G0 F5760 X55.134 Y46.124
G1 F780 X56.861 Y44.397 E59.9069
G0 F5760 X56.861 Y44.963
G1 F780 X55.381 Y46.442 E59.95909
G0 F5760 X55.57 Y46.819
G1 F780 X56.861 Y45.528 E60.00463
G0 F5760 X56.861 Y46.094
G1 F780 X55.673 Y47.282 E60.04654
G0 F5760 X55.624 Y47.897
G1 F780 X56.861 Y46.66 E60.09018
G0 F5760 X56.861 Y47.226
G1 F780 X55.899 Y48.187 E60.1241
G0 F5760 X56.246 Y48.406
G1 F780 X56.861 Y47.791 E60.1458
G0 F5760 X56.861 Y48.357
G1 F780 X56.546 Y48.672 E60.15691
G0 F5760 X56.861 Y48.923
G1 F780 X56.771 Y49.012 E60.16007
G0 F5760 X56.798 Y50
G0 X56.34 Y51.162
G0 X55.08 Y51.718
G0 X54.01 Y51.318
G0 X53.153 Y50.367
G1 F780 X53.083 Y50.437 E60.16254
G0 F5760 X53.268 Y50.818
G1 F780 X52.887 Y51.199 E60.17598
G0 F5760 X52.823 Y49.597
G0 X52.347 Y48.379
G0 X51.495 Y47.568
G0 X50.564 Y47.204
G0 X49.598 Y47.177
G0 X47.566 Y48.035
G1 F780 X46.603 Y48.998 E60.20995
G0 F5760 X46.378 Y48.657
G1 F780 X48.913 Y46.122 E60.29938
G1 X48.952 Y46.083
G1 X51.895 Y43.14 E60.4032
G0 F5760 X51.33 Y43.14
G1 F780 X49.328 Y45.142 E60.47383
G0 F5760 X49.307 Y44.597
G1 F780 X50.764 Y43.14 E60.52523
G0 F5760 X50.198 Y43.14
G1 F780 X49.172 Y44.166 E60.56142
G0 F5760 X48.964 Y43.809
G1 F780 X49.633 Y43.14 E60.58502
G0 F5760 X49.067 Y43.14
G1 F780 X48.693 Y43.513 E60.5982
G0 F5760 X48.357 Y43.284
G1 F780 X48.501 Y43.14 E60.60328
G0 F5760 X49.041 Y44.566
G0 X46.973 Y49.193
G1 F780 X46.795 Y49.372 E60.60958
G0 F5760 X46.85 Y49.369
;MESH:NONMESH
G0 F600 Z0.6
G0 F5760 X48.34 Y46.322
G0 X48.142 Y46.082
;TIME_ELAPSED:124.551066
;LAYER:2
M106 S51
;TYPE:WALL-INNER
;MESH:cherry_mx_socket_fix-pins_led_diode.stl
G1 F2040 X47.984 Y46.16 E60.61397
G1 X47.535 Y46.266 E60.62548
G1 X47.072 Y46.214 E60.6371
G1 X46.761 Y46.077 E60.64558
G1 X46.479 Y45.845 E60.65469
G1 X46.28 Y45.583 E60.6629
G1 X46.129 Y45.144 E60.67448
G1 X46.142 Y44.631 E60.68728
G1 X46.362 Y44.141 E60.70068
G1 X46.513 Y43.958 E60.70659
G1 X46.876 Y43.704 E60.71765
G1 X47.208 Y43.593 E60.72638
G1 X47.48 Y43.568 E60.73319
G1 X47.946 Y43.665 E60.74506
G1 X48.183 Y43.785 E60.75169
G1 X48.434 Y43.993 E60.75982
G1 X48.595 Y44.199 E60.76635
G1 X48.735 Y44.495 E60.77451
G1 X48.792 Y44.752 E60.78108
G1 X48.753 Y45.299 E60.79476
G1 X48.52 Y45.757 E60.80758
G1 X48.142 Y46.082 E60.82001
G0 F7200 X48.34 Y46.322
G0 X46.494 Y50.678
G0 X45.516 Y51.653
G0 X45.452 Y51.347
G1 F2040 X45.031 Y51.439 E60.83076
G1 X44.836 Y51.443 E60.83563
G1 X44.453 Y51.364 E60.84538
G1 X44.249 Y51.28 E60.85089
G1 X43.863 Y50.983 E60.86304
G1 X43.655 Y50.699 E60.87182
G1 X43.552 Y50.466 E60.87817
G1 X43.468 Y49.996 E60.89008
G1 X43.552 Y49.531 E60.90187
G1 X43.784 Y49.101 E60.91406
G1 X44.217 Y48.735 E60.9282
G1 X44.45 Y48.632 E60.93455
G1 X44.991 Y48.552 E60.9482
G1 X45.478 Y48.659 E60.96063
G1 X45.879 Y48.912 E60.97246
G1 X46.251 Y49.394 E60.98765
G1 X46.366 Y49.939 E61.00154
G1 X46.284 Y50.466 E61.01485
G1 X46.222 Y50.636 E61.01936
G1 X45.927 Y51.034 E61.03172
G1 X45.452 Y51.347 E61.04591
G0 F7200 X45.516 Y51.653
G0 X44.823 Y55.08
G0 X45.152 Y55.963
G0 X45.939 Y56.419
G0 X47.001 Y56.223
G0 X46.808 Y55.983
G1 F2040 X46.396 Y56.16 E61.0571
G1 X46.088 Y56.168 E61.06478
G1 X45.764 Y56.092 E61.07308
G1 X45.578 Y55.987 E61.07841
G1 X45.289 Y55.709 E61.08842
G1 X45.178 Y55.517 E61.09395
G1 X45.088 Y55.08 E61.10508
G1 X45.139 Y54.762 E61.11311
G1 X45.218 Y54.563 E61.11845
G1 X45.402 Y54.314 E61.12618
G1 X45.66 Y54.116 E61.13429
G1 X45.957 Y54.002 E61.14222
G1 X46.41 Y53.999 E61.15352
G1 X46.69 Y54.1 E61.16095
G1 X47.018 Y54.357 E61.17134
G1 X47.158 Y54.563 E61.17756
G1 F2060.6 X47.233 Y54.763 E61.18283
G1 F2136.1 X47.272 Y55.131 E61.19165
G1 F2114 X47.158 Y55.593 E61.2031
G1 F2040 X47.022 Y55.794 E61.20916
G1 X46.808 Y55.983 E61.21628
G0 F7200 X47.001 Y56.223
G0 X48.479 Y56.419
G0 X49.541 Y56.223
G0 X49.348 Y55.983
G1 F2040 X48.936 Y56.16 E61.22746
G1 X48.628 Y56.168 E61.23515
G1 X48.304 Y56.092 E61.24345
G1 X47.894 Y55.794 E61.25609
G1 X47.758 Y55.593 E61.26215
G1 F2114 X47.644 Y55.131 E61.2736
G1 F2136.1 X47.683 Y54.763 E61.28242
G1 F2060.6 X47.758 Y54.563 E61.28769
G1 F2040 X47.898 Y54.357 E61.29391
G1 X48.179 Y54.129 E61.30293
G1 X48.499 Y54.001 E61.31153
G1 X48.89 Y53.99 E61.32129
G1 X49.175 Y54.076 E61.32871
G1 X49.558 Y54.357 E61.34056
G1 X49.698 Y54.563 E61.34678
G1 F2060.6 X49.773 Y54.763 E61.35205
G1 F2136.1 X49.812 Y55.131 E61.36087
G1 F2114 X49.698 Y55.593 E61.37232
G1 F2040 X49.562 Y55.794 E61.37838
G1 X49.348 Y55.983 E61.3855
G0 F7200 X49.541 Y56.223
G0 X51.019 Y56.419
G0 X52.081 Y56.223
G0 X51.888 Y55.983
G1 F2040 X51.476 Y56.16 E61.39668
G1 X51.168 Y56.168 E61.40437
G1 X50.844 Y56.092 E61.41267
G1 X50.434 Y55.794 E61.42532
G1 X50.298 Y55.593 E61.43137
G1 F2114 X50.184 Y55.131 E61.44282
G1 F2136.1 X50.223 Y54.763 E61.45164
G1 F2060.6 X50.298 Y54.563 E61.45691
G1 F2040 X50.438 Y54.357 E61.46313
G1 X50.751 Y54.11 E61.47307
G1 X51.024 Y54.005 E61.48037
G1 X51.372 Y53.988 E61.48906
G1 X51.568 Y54.02 E61.49402
G1 X51.822 Y54.129 E61.50091
G1 X52.098 Y54.357 E61.50984
G1 X52.238 Y54.563 E61.51605
G1 F2060.6 X52.313 Y54.763 E61.52133
G1 F2136.1 X52.352 Y55.131 E61.53014
G1 F2114 X52.238 Y55.593 E61.5416
G1 F2040 X52.102 Y55.794 E61.54765
G1 X51.888 Y55.983 E61.55478
G0 F7200 X52.081 Y56.223
G0 X53.559 Y56.419
G0 X54.621 Y56.223
G0 X54.428 Y55.983
G1 F2040 X54.016 Y56.16 E61.56596
G1 X53.708 Y56.168 E61.57365
G1 X53.384 Y56.092 E61.58195
G1 X52.974 Y55.794 E61.59459
G1 X52.838 Y55.593 E61.60065
G1 F2114 X52.724 Y55.131 E61.6121
G1 F2136.1 X52.763 Y54.763 E61.62092
G1 F2060.6 X52.838 Y54.563 E61.62619
G1 F2040 X52.978 Y54.357 E61.6324
G1 X53.273 Y54.12 E61.64184
G1 X53.607 Y53.996 E61.65073
G1 X54.043 Y54.002 E61.66161
G1 X54.344 Y54.118 E61.66966
G1 X54.594 Y54.314 E61.67758
G1 X54.778 Y54.563 E61.6853
G1 X54.857 Y54.762 E61.69064
G1 X54.908 Y55.08 E61.69868
G1 X54.819 Y55.516 E61.70978
G1 X54.707 Y55.709 E61.71534
G1 X54.428 Y55.983 E61.7251
G0 F7200 X54.621 Y56.223
G0 X55.96 Y51.512
G0 X55.779 Y51.261
G1 F2040 X55.547 Y51.364 E61.73143
G1 X55.171 Y51.442 E61.74101
G1 X54.957 Y51.436 E61.74635
G1 X54.548 Y51.347 E61.75679
G1 X54.064 Y51.033 E61.77118
G1 X53.729 Y50.529 E61.78628
G1 X53.629 Y49.96 E61.80069
G1 X53.725 Y49.483 E61.81283
G1 X53.945 Y49.101 E61.82382
G1 F1933.6 X54.393 Y48.699 E61.83967
G1 X53.796 Y48.807 E61.85563
G1 F2040 X53.363 Y48.733 E61.86659
G1 X53.158 Y48.642 E61.87218
G1 F1762.4 X52.702 Y48.335 E61.88806
G1 F1560.2 X52.576 Y48.146 E61.89547
G1 F1773.9 X52.469 Y47.543 E61.91303
G1 F2040 X52.504 Y47.068 E61.92492
G1 X52.81 Y46.548 E61.93997
G1 X53.224 Y46.245 E61.95276
G1 X53.556 Y46.133 E61.9615
G1 X53.832 Y46.108 E61.96842
G1 X54.449 Y46.268 E61.98432
G1 X54.782 Y46.533 E61.99493
G1 X54.943 Y46.739 E62.00145
G1 X55.083 Y47.035 E62.00962
G1 X55.14 Y47.292 E62.01619
G1 X55.103 Y47.831 E62.02967
G1 X54.834 Y48.335 E62.04392
G1 F1888.9 X54.55 Y48.615 E62.05466
G1 X55.151 Y48.552 E62.07094
G1 F2040 X55.717 Y48.696 E62.08551
G1 X56.132 Y49.013 E62.09854
G1 X56.34 Y49.297 E62.10732
G1 X56.444 Y49.529 E62.11366
G1 X56.516 Y49.872 E62.1224
G1 X56.52 Y50.1 E62.12809
G1 X56.444 Y50.466 E62.13742
G1 X56.357 Y50.675 E62.14306
G1 X56.063 Y51.052 E62.15499
G1 X55.779 Y51.261 E62.16379
G0 F7200 X55.959 Y51.513
G0 X55.08 Y51.718
G0 X53.918 Y51.259
G0 X53.362 Y50
G0 X53.66 Y49.057
G0 X54.393 Y48.699
G1 F1797.4 X54.55 Y48.615 E62.16883
G0 F7200 X55.194 Y48.283
G0 X56.242 Y48.74
G0 X56.77 Y49.867
G0 X57.09 Y57.12
G0 X57.4 Y57.4
G1 F2040 X57.4 Y42.6 E62.53801
G1 X42.6 Y42.6 E62.9072
G1 X42.6 Y57.4 E63.27639
G1 X57.4 Y57.4 E63.64558
G0 F7200 X57.12 Y57.12
G0 X54.848 Y54.197
G0 X51.088 Y52.692
G0 X50.946 Y52.417
G1 F2040 X50.392 Y52.569 E63.65991
G1 X50.035 Y52.596 E63.66884
G1 X49.47 Y52.544 E63.68299
G1 X49.069 Y52.426 E63.69342
G1 X48.627 Y52.208 E63.70571
G1 X48.111 Y51.793 E63.72223
G1 X47.857 Y51.479 E63.73231
G1 X47.549 Y50.888 E63.74893
G1 X47.417 Y50.311 E63.7637
G1 X47.402 Y49.941 E63.77293
G1 X47.447 Y49.499 E63.78402
G1 X47.555 Y49.113 E63.79401
G1 X47.821 Y48.581 E63.80885
G1 X48.212 Y48.1 E63.82431
G1 X48.576 Y47.828 E63.83565
G1 X49.095 Y47.559 E63.85023
G1 X49.582 Y47.432 E63.86279
G1 X50.055 Y47.402 E63.87461
G1 X50.568 Y47.462 E63.88749
G1 X50.904 Y47.562 E63.89624
G1 X51.415 Y47.821 E63.91053
G1 F1897.7 X52.117 Y48.386 E63.93469
G1 F1655.2 X52.255 Y48.608 E63.94273
G1 F1762.4 X52.467 Y49.186 E63.96051
G1 F2040 X52.579 Y49.688 E63.97334
G1 X52.594 Y50.055 E63.9825
G1 X52.549 Y50.496 E63.99356
G1 X52.445 Y50.885 E64.0036
G1 X52.211 Y51.364 E64.0169
G1 X51.819 Y51.852 E64.03251
G1 X51.486 Y52.131 E64.04335
G1 X50.946 Y52.417 E64.05859
G0 F7200 X50.74 Y52.071
;TYPE:WALL-OUTER
G1 F1020 X50.315 Y52.177 E64.06952
G1 X49.98 Y52.196 E64.07789
G1 X49.551 Y52.152 E64.08865
G1 X49.275 Y52.078 E64.09578
G1 X48.873 Y51.889 E64.10686
G1 X48.409 Y51.52 E64.12164
G1 X48.204 Y51.273 E64.12965
G1 X47.921 Y50.731 E64.1449
G1 X47.821 Y50.324 E64.15536
G1 X47.8 Y49.98 E64.16396
G1 X47.842 Y49.561 E64.17446
G1 X47.934 Y49.243 E64.18272
G1 X48.119 Y48.851 E64.19353
G1 X48.476 Y48.409 E64.2077
G1 X48.723 Y48.207 E64.21566
G1 X49.25 Y47.927 E64.23055
G1 X49.676 Y47.821 E64.2415
G1 X50.016 Y47.8 E64.25
G1 X50.446 Y47.844 E64.26078
G1 X50.758 Y47.935 E64.26889
G1 X51.146 Y48.12 E64.27961
G1 X51.587 Y48.476 E64.29375
G1 X51.8 Y48.738 E64.30217
G1 X52.064 Y49.239 E64.3163
G1 X52.175 Y49.676 E64.32754
G1 X52.196 Y50.016 E64.33604
G1 X52.15 Y50.456 E64.34708
G1 X52.078 Y50.724 E64.354
G1 X51.876 Y51.146 E64.36567
G1 X51.491 Y51.616 E64.38083
G1 X51.264 Y51.799 E64.3881
G1 X50.74 Y52.071 E64.40283
G0 F7200 X50.546 Y52.119
G0 X50.712 Y52.811
G0 X54.461 Y53.885
G0 X55.072 Y54.569
G0 X55.072 Y55.591
G0 X54.461 Y56.275
G0 X51.805 Y56.382
G0 X51.566 Y55.714
G1 F1020 X51.407 Y55.766 E64.407
G1 X51.168 Y55.768 E64.41296
G1 X50.974 Y55.714 E64.41799
G1 X50.731 Y55.526 E64.42565
G1 X50.612 Y55.316 E64.43167
G1 X50.568 Y55.098 E64.43722
G1 X50.611 Y54.84 E64.44374
G1 X50.732 Y54.628 E64.44983
G1 X50.943 Y54.46 E64.45656
G1 X51.143 Y54.389 E64.46185
G1 X51.438 Y54.398 E64.46922
G1 X51.588 Y54.455 E64.47322
G1 X51.804 Y54.628 E64.48012
G1 X51.925 Y54.84 E64.48621
G1 X51.968 Y55.098 E64.49274
G1 X51.898 Y55.382 E64.50003
G1 X51.805 Y55.526 E64.50431
G1 X51.566 Y55.714 E64.51189
G0 F7200 X51.407 Y55.766
G0 X51.374 Y55.766
G0 X51.374 Y56.48
G0 X49.265 Y56.382
G0 X49.026 Y55.714
G1 F1020 X48.867 Y55.766 E64.51607
G1 X48.628 Y55.768 E64.52203
G1 X48.434 Y55.714 E64.52705
G1 X48.191 Y55.526 E64.53472
G1 X48.072 Y55.316 E64.54074
G1 X48.028 Y55.098 E64.54628
G1 X48.071 Y54.84 E64.55281
G1 X48.192 Y54.628 E64.5589
G1 X48.393 Y54.467 E64.56532
G1 X48.585 Y54.392 E64.57046
G1 X48.852 Y54.388 E64.57713
G1 X49.032 Y54.449 E64.58187
G1 X49.264 Y54.628 E64.58918
G1 X49.385 Y54.84 E64.59527
G1 X49.428 Y55.098 E64.60179
G1 X49.358 Y55.382 E64.60909
G1 X49.265 Y55.526 E64.61336
G1 X49.026 Y55.714 E64.62095
G0 F7200 X48.867 Y55.766
G0 X48.834 Y55.766
G0 X48.834 Y56.48
G0 X46.725 Y56.382
G0 X46.486 Y55.714
G1 F1020 X46.327 Y55.766 E64.62512
G1 X46.088 Y55.768 E64.63108
G1 X45.832 Y55.679 E64.63784
G1 X45.629 Y55.498 E64.64463
G1 X45.544 Y55.357 E64.64874
G1 X45.491 Y55.04 E64.65675
G1 X45.558 Y54.774 E64.6636
G1 X45.667 Y54.614 E64.66842
G1 X45.86 Y54.462 E64.67455
G1 X46.044 Y54.392 E64.67946
G1 X46.332 Y54.391 E64.68665
G1 X46.547 Y54.481 E64.69246
G1 X46.724 Y54.628 E64.6982
G1 X46.845 Y54.84 E64.70429
G1 X46.888 Y55.098 E64.71082
G1 X46.818 Y55.382 E64.71811
G1 X46.725 Y55.526 E64.72239
G1 X46.486 Y55.714 E64.72997
G0 F7200 X46.327 Y55.766
G0 X46.294 Y55.766
G0 X46.294 Y56.48
G0 X45.152 Y55.963
G0 X44.843 Y55.177
G0 X45.473 Y51.662
G0 X45.327 Y50.967
G1 F1020 X44.892 Y51.047 E64.74101
G1 X44.467 Y50.944 E64.75191
G1 X44.186 Y50.747 E64.76048
G1 X43.944 Y50.385 E64.77134
G1 X43.868 Y49.996 E64.78122
G1 X43.972 Y49.547 E64.79272
G1 X44.169 Y49.266 E64.80128
G1 X44.453 Y49.058 E64.81006
G1 X44.893 Y48.949 E64.82137
G1 X45.362 Y49.045 E64.83331
G1 X45.619 Y49.216 E64.84101
G1 X45.886 Y49.586 E64.85239
G1 X45.968 Y49.977 E64.86236
G1 X45.872 Y50.442 E64.8742
G1 X45.675 Y50.724 E64.88279
G1 X45.327 Y50.967 E64.89337
G0 F7200 X45.131 Y51.003
G0 X45.279 Y51.704
G0 X46.18 Y51.162
G0 X48.348 Y46.315
G0 X47.894 Y45.766
G1 F1020 X47.499 Y45.868 E64.90355
G1 X47.178 Y45.828 E64.91162
G1 X46.973 Y45.738 E64.9172
G1 X46.757 Y45.557 E64.92423
G1 X46.624 Y45.379 E64.92978
G1 X46.529 Y45.102 E64.93708
G1 X46.538 Y44.687 E64.94744
G1 X46.765 Y44.268 E64.95932
G1 X47.014 Y44.08 E64.96711
G1 X47.293 Y43.984 E64.97447
G1 X47.48 Y43.968 E64.97915
G1 X47.849 Y44.053 E64.98859
G1 X48.18 Y44.301 E64.99891
G1 X48.373 Y44.666 E65.00921
G1 X48.389 Y45.122 E65.02059
G1 X48.228 Y45.476 E65.03029
G1 X47.894 Y45.766 E65.04133
G0 F7200 X47.701 Y45.816
G0 X47.876 Y46.508
G0 X50.969 Y47.317
G0 X52.989 Y48.842
G0 X54.198 Y48.323
G1 F1020 X53.82 Y48.408 E65.05099
G1 X53.561 Y48.375 E65.05751
G1 X53.34 Y48.286 E65.06345
G1 X53.085 Y48.075 E65.0717
G1 X52.974 Y47.916 E65.07654
G1 X52.875 Y47.634 E65.084
G1 X52.891 Y47.216 E65.09443
G1 X53.099 Y46.825 E65.10548
G1 X53.362 Y46.62 E65.1138
G1 X53.641 Y46.524 E65.12116
G1 X53.832 Y46.508 E65.12594
G1 X54.249 Y46.614 E65.13667
G1 X54.528 Y46.841 E65.14564
G1 X54.721 Y47.206 E65.15594
G1 X54.737 Y47.659 E65.16725
G1 X54.545 Y48.059 E65.17832
G1 X54.198 Y48.323 E65.1892
G0 F7200 X54.003 Y48.366
G0 X53.66 Y49.057
G0 X53.362 Y50
G0 X53.918 Y51.259
G0 X55.012 Y51.704
G0 X55.959 Y51.513
G0 X55.543 Y50.938
G1 F1020 X55.111 Y51.046 E65.2003
G1 X54.673 Y50.967 E65.21141
G1 X54.378 Y50.781 E65.22011
G1 X54.109 Y50.406 E65.23162
G1 X54.028 Y50.014 E65.2416
G1 X54.108 Y49.598 E65.25217
G1 X54.321 Y49.273 E65.26186
G1 X54.674 Y49.028 E65.27258
G1 X55.104 Y48.949 E65.28349
G1 X55.5 Y49.034 E65.29359
G1 X55.81 Y49.249 E65.303
G1 X56.052 Y49.611 E65.31386
G1 X56.126 Y50.031 E65.3245
G1 X56.023 Y50.455 E65.33539
G1 X55.827 Y50.73 E65.34381
G1 X55.543 Y50.938 E65.35259
G0 F7200 X55.349 Y50.986
G0 X55.497 Y51.691
G0 X55.177 Y55.08
G0 X54.615 Y56.229
G0 X54.17 Y55.677
G1 F1020 X53.947 Y55.766 E65.35858
G1 X53.708 Y55.768 E65.36454
G1 X53.514 Y55.714 E65.36957
G1 X53.271 Y55.526 E65.37723
G1 X53.152 Y55.316 E65.38325
G1 X53.108 Y55.098 E65.3888
G1 X53.151 Y54.84 E65.39532
G1 X53.272 Y54.628 E65.40141
G1 X53.477 Y54.464 E65.40796
G1 X53.674 Y54.39 E65.41321
G1 X53.934 Y54.389 E65.4197
G1 X54.142 Y54.463 E65.4252
G1 X54.329 Y54.614 E65.4312
G1 X54.465 Y54.84 E65.43778
G1 X54.506 Y55.115 E65.44471
G1 X54.452 Y55.356 E65.45088
G1 X54.367 Y55.498 E65.455
G1 X54.17 Y55.677 E65.46164
G0 F7200 X53.985 Y55.751
G1 F1500 E58.96164
G0 F7200 X54.226 Y56.425
G0 X57.52 Y57.52
G0 X57.8 Y57.8
G1 F1500 E65.46164
G1 F1020 X57.8 Y42.2 E65.85079
G1 X42.2 Y42.2 E66.23993
G1 X42.2 Y57.8 E66.62907
G1 X57.8 Y57.8 E67.01822
G0 F7200 X57.8 Y57.6
G0 X57.12 Y57.12
G0 X54.848 Y54.197
G0 X54.061 Y53.741
G0 X51.019 Y53.741
G0 X44.242 Y51.574
G0 X43.081 Y50.548
;TYPE:SKIN
G1 F492.1 X43.034 Y49.996 E67.04012
G1 F492.9 X43.078 Y49.451 E67.06171
G0 F7200 X43.66 Y48.838
G0 X48.081 Y46.487
G1 F780 X48.351 Y46.348 E67.06928
G1 X48.788 Y45.967 E67.08374
G1 X49.064 Y45.432 E67.09876
G1 X49.128 Y45.148 E67.10602
G1 X49.128 Y44.715 E67.11682
G1 X49.052 Y44.379 E67.12542
G1 X48.905 Y44.058 E67.13422
G1 X48.674 Y43.756 E67.14371
G1 X48.405 Y43.526 E67.15254
G1 X48.01 Y43.327 E67.16357
G1 F834.2 X47.509 Y43.257 E67.17537
G1 F876.4 X47.123 Y43.282 E67.18396
G1 F814.6 X46.774 Y43.377 E67.1926
G1 F780 X46.311 Y43.682 E67.20643
G1 X46.081 Y43.948 E67.2152
G1 X45.908 Y44.26 E67.2241
G1 X45.805 Y44.583 E67.23255
G1 X45.791 Y45.198 E67.2479
G1 X45.988 Y45.76 E67.26276
G1 X46.174 Y46.015 E67.27063
G1 X46.558 Y46.349 E67.28332
G1 X46.972 Y46.541 E67.29471
G1 X47.555 Y46.605 E67.30934
G1 X48.081 Y46.487 E67.32279
G0 F7200 X53.901 Y45.852
G0 X55.034 Y46.422
G0 X56.918 Y49.446
G1 F487.5 X56.962 Y49.996 E67.34481
G1 X56.918 Y50.547 E67.36687
G0 F7200 X56.34 Y51.162
G0 X50.981 Y52.77
G1 F780 X51.69 Y52.401 E67.38681
G1 X52.054 Y52.093 E67.3987
G1 X52.452 Y51.608 E67.41435
G1 X52.765 Y50.991 E67.43161
G1 X52.866 Y50.628 E67.44101
G1 F804.1 X52.919 Y50.091 E67.45407
G1 F729 X52.892 Y49.365 E67.47346
G1 F650 X52.772 Y48.859 E67.48902
G1 X53.111 Y49.056 E67.50076
G1 X53.487 Y49.137 E67.51227
G1 X53.36 Y49.368 E67.52017
G1 F687.2 X53.286 Y50.005 E67.53832
G1 F753.6 X53.406 Y50.637 E67.55493
G1 F780 X53.476 Y50.8 E67.55936
G1 X53.816 Y51.268 E67.57379
G1 X54.419 Y51.658 E67.5917
G1 X54.919 Y51.772 E67.60449
G1 X55.202 Y51.776 E67.61155
G1 X55.608 Y51.697 E67.62187
G1 X55.949 Y51.552 E67.63111
G1 X56.256 Y51.329 E67.64058
G1 X56.624 Y50.877 E67.65512
G1 F575.6 X56.918 Y50.547 E67.67006
G1 F571.4 X57.06 Y50.938 E67.68422
G1 F772.3 X57.06 Y57.06 E67.83846
G1 F780 X54.55 Y57.06 E67.90107
G1 F704.3 X54.123 Y57.017 E67.91293
G1 F644.6 X53.607 Y57.019 E67.92851
G1 F705.9 X53.217 Y57.06 E67.93931
G1 F780 X52.01 Y57.06 E67.96942
G1 F704.3 X51.583 Y57.017 E67.98128
G1 F644.6 X51.067 Y57.019 E67.99685
G1 F705.9 X50.677 Y57.06 E68.00766
G1 F780 X49.47 Y57.06 E68.03777
G1 F704.3 X49.043 Y57.017 E68.04963
G1 F644.6 X48.527 Y57.019 E68.0652
G1 F705.9 X48.137 Y57.06 E68.07601
G1 F780 X46.93 Y57.06 E68.10612
G1 F704.3 X46.503 Y57.017 E68.11798
G1 F644.6 X45.987 Y57.019 E68.13355
G1 F705.9 X45.597 Y57.06 E68.14436
G1 F780 X42.941 Y57.059 E68.21062
G1 X42.94 Y50.95 E68.36301
G1 F577.8 X43.081 Y50.548 E68.37735
G1 X43.36 Y50.864 E68.39155
G1 F780 X43.582 Y51.175 E68.40108
G1 X43.824 Y51.412 E68.40953
G1 X44.34 Y51.678 E68.42401
G1 X44.804 Y51.78 E68.43586
G1 X45.095 Y51.773 E68.44312
G1 X45.559 Y51.669 E68.45498
G1 X46.148 Y51.291 E68.47244
G1 X46.504 Y50.821 E68.48715
G1 X46.609 Y50.561 E68.49414
G1 F798 X46.692 Y49.884 E68.51078
G1 X46.585 Y49.333 E68.52446
G1 F780 X46.178 Y48.73 E68.54261
G1 X45.605 Y48.34 E68.5599
G1 X45.012 Y48.208 E68.57505
G1 X44.396 Y48.293 E68.59057
G1 X44.009 Y48.462 E68.6011
G1 F718.9 X43.633 Y48.738 E68.61372
G1 F619 X43.064 Y49.469 E68.64284
G1 F663.8 X42.941 Y48.798 E68.66284
G1 F780 X42.94 Y42.94 E68.80896
G1 X46.705 Y42.94 E68.90288
G1 F838.7 X47.476 Y42.912 E68.92078
G1 X48.047 Y42.941 E68.93404
G1 F780 X57.06 Y42.94 E69.15887
G1 X57.06 Y49.028 E69.31074
G1 F575.6 X56.918 Y49.446 E69.32566
G1 X56.627 Y49.121 E69.34041
G1 F780 X56.387 Y48.787 E69.35067
G1 X56.195 Y48.603 E69.3573
G1 X55.794 Y48.356 E69.36905
G1 X55.277 Y48.232 E69.38231
G1 X55.411 Y47.971 E69.38963
G1 X55.479 Y47.683 E69.39701
G1 X55.476 Y47.255 E69.40769
G1 X55.4 Y46.919 E69.41628
G1 X55.253 Y46.598 E69.42509
G1 X55.026 Y46.3 E69.43443
G1 X54.617 Y45.974 E69.44748
G1 X54.401 Y45.883 E69.45333
G1 X53.832 Y45.768 E69.46781
G1 X53.509 Y45.796 E69.4759
G1 X53.118 Y45.917 E69.48611
G1 X52.854 Y46.067 E69.49368
G1 X52.563 Y46.313 E69.50318
G1 X52.248 Y46.829 E69.51827
G1 X52.16 Y47.089 E69.52511
G1 X52.128 Y47.517 E69.53582
G1 X52.177 Y48.001 E69.54795
G1 X51.516 Y47.47 E69.5691
G1 X50.955 Y47.217 E69.58446
G1 X50.571 Y47.114 E69.59437
G1 X50.027 Y47.06 E69.60801
G1 X49.524 Y47.096 E69.62059
G1 X48.949 Y47.247 E69.63542
G1 X48.411 Y47.526 E69.65054
G1 X47.963 Y47.857 E69.66443
G1 X47.496 Y48.446 E69.68318
G1 X47.243 Y48.969 E69.69767
G1 X47.108 Y49.455 E69.71026
G1 X47.076 Y50.388 E69.73354
G1 X47.238 Y51.025 E69.74994
G1 X47.546 Y51.617 E69.76659
G1 X47.917 Y52.072 E69.78123
G1 X48.451 Y52.498 E69.79827
G1 X48.951 Y52.745 E69.81218
G1 X49.412 Y52.876 E69.82414
G1 X50.001 Y52.932 E69.8389
G1 X50.463 Y52.902 E69.85045
G1 X50.981 Y52.77 E69.86378
G0 F7200 X48.079 Y53.885
G0 X47.46 Y54.702
G0 X47.458 Y54.911
G1 F917.6 X47.456 Y55.428 E69.87474
G0 F7200 X47.46 Y55.598
G0 X47.536 Y56.539
G1 F489 X47.497 Y56.607 E69.87786
G1 X47.418 Y56.607 E69.88101
G1 X47.378 Y56.539 E69.88414
G1 X47.417 Y56.471 E69.88726
G1 X47.496 Y56.471 E69.89041
G1 X47.536 Y56.539 E69.89355
G0 F7200 X50.076 Y56.539
G1 F489 X50.037 Y56.607 E69.89666
G1 X49.958 Y56.607 E69.89981
G1 X49.918 Y56.539 E69.90295
G1 X49.957 Y56.471 E69.90607
G1 X50.036 Y56.471 E69.90921
G1 X50.076 Y56.539 E69.91235
G0 F7200 X50 Y55.598
G0 X49.996 Y55.428
G1 F917.6 X49.998 Y54.911 E69.92331
G0 F7200 X50 Y54.702
G0 X50.619 Y53.885
G0 X51.521 Y53.741
G0 X52.308 Y54.197
G0 X52.538 Y54.911
G1 F917.6 X52.536 Y55.428 E69.93427
G0 F7200 X52.54 Y55.598
G0 X52.616 Y56.539
G1 F489 X52.577 Y56.607 E69.93739
G1 X52.498 Y56.607 E69.94053
G1 X52.458 Y56.539 E69.94367
G1 X52.497 Y56.471 E69.94679
G1 X52.576 Y56.471 E69.94993
G1 X52.616 Y56.539 E69.95307
G0 F7200 X54.082 Y56.536
G1 F704.3 X54.621 Y56.258 E69.96983
G1 F780 X54.97 Y55.918 E69.98198
G1 X55.128 Y55.652 E69.9897
G1 X55.248 Y55.076 E70.00438
G1 X55.194 Y54.709 E70.01363
G1 X55.078 Y54.408 E70.02168
G1 X54.814 Y54.054 E70.03269
G1 X54.496 Y53.812 E70.04266
G1 X54.03 Y53.656 E70.05492
G1 X53.549 Y53.658 E70.06692
G1 X53.089 Y53.829 E70.07916
G1 X52.709 Y54.146 E70.09151
G1 X52.536 Y54.412 E70.09942
G1 X52.325 Y54.106 E70.10869
G1 X52.007 Y53.842 E70.119
G1 X51.701 Y53.707 E70.12735
G1 X51.401 Y53.65 E70.13496
G1 X50.934 Y53.674 E70.14663
G1 X50.554 Y53.827 E70.15685
G1 X50.21 Y54.104 E70.16786
G1 X49.996 Y54.412 E70.17722
G1 X49.825 Y54.146 E70.18511
G1 X49.542 Y53.895 E70.19454
G1 X49.275 Y53.746 E70.20217
G1 X48.894 Y53.651 E70.21197
G1 X48.396 Y53.677 E70.22441
G1 X47.992 Y53.843 E70.2353
G1 X47.672 Y54.102 E70.24557
G1 X47.456 Y54.412 E70.25499
G1 X47.247 Y54.109 E70.26418
G1 X46.842 Y53.794 E70.27698
G1 X46.44 Y53.658 E70.28756
G1 X45.892 Y53.665 E70.30123
G1 X45.474 Y53.827 E70.31242
G1 X45.182 Y54.054 E70.32164
G1 X44.94 Y54.366 E70.33149
G1 X44.814 Y54.666 E70.33961
G1 X44.751 Y55.116 E70.35094
G1 X44.864 Y55.653 E70.36463
G1 X45.023 Y55.919 E70.37236
G1 X45.343 Y56.235 E70.38358
G1 X45.619 Y56.396 E70.39155
G1 F707.5 X46.041 Y56.543 E70.40384
G1 F644.6 X46.462 Y56.536 E70.41655
G1 F704.3 X47.001 Y56.258 E70.43331
G1 F780 X47.289 Y56.002 E70.44292
G1 F783.9 X47.429 Y55.777 E70.44949
G1 F847.8 X47.456 Y55.428 E70.45753
G1 X47.483 Y55.777 E70.46556
G1 F783.9 X47.625 Y55.999 E70.4721
G1 F780 X47.893 Y56.24 E70.48109
G1 X48.157 Y56.394 E70.48872
G1 F707.5 X48.581 Y56.543 E70.50108
G1 F644.6 X49.002 Y56.536 E70.51379
G1 F704.3 X49.541 Y56.258 E70.53054
G1 F780 X49.829 Y56.002 E70.54015
G1 F783.9 X49.969 Y55.777 E70.54673
G1 F847.8 X49.996 Y55.428 E70.55476
G1 X50.023 Y55.777 E70.5628
G1 F783.9 X50.165 Y55.999 E70.56934
G1 F780 X50.433 Y56.24 E70.57833
G1 X50.697 Y56.394 E70.58595
G1 F707.5 X51.121 Y56.543 E70.59831
G1 F644.6 X51.542 Y56.536 E70.61102
G1 F704.3 X52.081 Y56.258 E70.62778
G1 F780 X52.369 Y56.002 E70.63739
G1 F783.9 X52.509 Y55.777 E70.64397
G1 F847.8 X52.536 Y55.428 E70.652
G1 X52.563 Y55.777 E70.66003
G1 F783.9 X52.705 Y55.999 E70.66657
G1 F780 X52.973 Y56.24 E70.67556
G1 X53.237 Y56.394 E70.68319
G1 F707.5 X53.661 Y56.543 E70.69555
G1 F644.6 X54.082 Y56.536 E70.70826
G0 F7200 X43.282 Y56.858
G1 F780 X43.141 Y56.717 E70.71323
G0 F7200 X43.141 Y56.151
G1 F780 X43.848 Y56.858 E70.73817
G0 F7200 X44.413 Y56.858
G1 F780 X43.141 Y55.586 E70.78305
G0 F7200 X43.141 Y55.02
G1 F780 X44.979 Y56.858 E70.84789
G0 F7200 X45.545 Y56.858
G1 F780 X43.141 Y54.454 E70.93269
G0 F7200 X43.141 Y53.889
G1 F780 X44.592 Y55.34 E70.98388
G0 F7200 X44.59 Y54.772
G1 F780 X43.141 Y53.323 E71.035
G0 F7200 X43.141 Y52.757
G1 F780 X44.737 Y54.354 E71.09132
G0 F7200 X44.964 Y54.014
G1 F780 X43.141 Y52.192 E71.15561
G0 F7200 X43.141 Y51.626
G1 F780 X45.257 Y53.742 E71.23026
G0 F7200 X45.636 Y53.556
G1 F780 X43.141 Y51.06 E71.3183
G1 X43.071 Y50.99
G0 F7200 X44.577 Y51.931
G1 F780 X46.11 Y53.464 E71.37238
G0 F7200 X46.775 Y53.563
G1 F780 X45.169 Y51.957 E71.42903
G0 F7200 X45.635 Y51.857
G1 F780 X47.653 Y53.875 E71.50022
G0 F7200 X47.981 Y53.638
G1 F780 X45.982 Y51.639 E71.57074
G0 F7200 X46.313 Y51.405
G1 F780 X48.396 Y53.487 E71.64421
G0 F7200 X48.94 Y53.466
G1 F780 X46.557 Y51.082 E71.72829
G0 F7200 X46.758 Y50.718
G1 F780 X47.013 Y50.973 E71.73729
G0 F7200 X46.965 Y49.227
G1 F780 X46.341 Y48.604 E71.75929
G1 X46.334 Y48.597
G1 X43.14 Y45.403 E71.87196
G0 F7200 X43.14 Y44.837
G1 F780 X47.107 Y48.805 E72.01193
G0 F7200 X47.289 Y48.421
G1 F780 X43.14 Y44.271 E72.15831
G0 F7200 X43.14 Y43.706
G1 F780 X47.524 Y48.09 E72.31297
G0 F7200 X47.773 Y47.773
G1 F780 X46.569 Y46.569 E72.35544
G1 X46.499 Y46.499
G0 F7200 X47.347 Y46.781
G1 F780 X48.084 Y47.518 E72.38144
G0 F7200 X48.423 Y47.292
G1 F780 X47.873 Y46.741 E72.40086
G0 F7200 X48.295 Y46.598
G1 F780 X48.796 Y47.099 E72.41854
G0 F7200 X49.226 Y46.963
G1 F780 X48.632 Y46.369 E72.43949
G0 F7200 X48.933 Y46.105
G1 F780 X49.715 Y46.886 E72.46706
G0 F7200 X50.278 Y46.884
G1 F780 X49.13 Y45.736 E72.50756
G0 F7200 X49.289 Y45.329
G1 F780 X50.97 Y47.011 E72.56688
G1 X51.04 Y47.081
G0 F7200 X51.847 Y47.322
G1 F780 X49.324 Y44.798 E72.6559
G1 X49.254 Y44.728
G0 F7200 X49.102 Y44.011
G1 F780 X52.005 Y46.914 E72.75831
G0 F7200 X52.192 Y46.535
G1 F780 X48.797 Y43.141 E72.87807
G0 F7200 X48.392 Y43.3
G1 F780 X48.232 Y43.141 E72.88369
G0 F7200 X49.363 Y43.141
G1 F780 X52.415 Y46.192 E72.99134
G0 F7200 X52.715 Y45.927
G1 F780 X49.929 Y43.141 E73.08963
G0 F7200 X50.494 Y43.141
G1 F780 X53.075 Y45.722 E73.18068
G0 F7200 X53.515 Y45.595
G1 F780 X51.06 Y43.141 E73.26727
G0 F7200 X51.626 Y43.141
G1 F780 X54.101 Y45.616 E73.35458
G1 X54.171 Y45.686
G0 F7200 X54.913 Y46.319
G0 X55.663 Y47.178
G1 F780 X56.861 Y48.375 E73.39682
G0 F7200 X56.861 Y47.81
G1 F780 X52.192 Y43.141 E73.56154
G0 F7200 X52.757 Y43.141
G1 F780 X56.861 Y47.244 E73.7063
G0 F7200 X56.861 Y46.678
G1 F780 X53.323 Y43.141 E73.83109
G0 F7200 X53.889 Y43.141
G1 F780 X56.861 Y46.113 E73.93594
G0 F7200 X56.861 Y45.547
G1 F780 X54.454 Y43.141 E74.02083
G0 F7200 X55.02 Y43.141
G1 F780 X56.861 Y44.981 E74.08576
G0 F7200 X56.861 Y44.415
G1 F780 X55.586 Y43.141 E74.13072
G0 F7200 X56.151 Y43.141
G1 F780 X56.861 Y43.85 E74.15575
G0 F7200 X56.861 Y43.284
G1 F780 X56.717 Y43.141 E74.16082
G0 F7200 X55.663 Y47.744
G1 F780 X56.861 Y48.941 E74.20306
G1 X56.931 Y49.011
G0 F7200 X56.726 Y51.069
G1 F780 X56.86 Y51.203 E74.20779
G0 F7200 X56.475 Y51.384
G1 F780 X56.86 Y51.769 E74.22137
G0 F7200 X56.86 Y52.334
G1 F780 X56.165 Y51.639 E74.24589
G0 F7200 X55.793 Y51.833
G1 F780 X56.86 Y52.9 E74.28353
G0 F7200 X56.86 Y53.466
G1 F780 X55.345 Y51.951 E74.33697
G0 F7200 X54.77 Y51.942
G1 F780 X56.86 Y54.031 E74.41069
G0 F7200 X56.86 Y54.597
G1 F780 X53.681 Y51.419 E74.52282
G1 X53.667 Y51.404
G1 X53.032 Y50.77 E74.5452
G0 F7200 X52.89 Y51.193
G1 F780 X56.86 Y55.163 E74.68525
G0 F7200 X56.86 Y55.728
G1 F780 X52.698 Y51.566 E74.83208
G0 F7200 X52.467 Y51.901
G1 F780 X54.026 Y53.46 E74.88708
G0 F7200 X53.476 Y53.476
G1 F780 X52.211 Y52.211 E74.9317
G0 F7200 X51.907 Y52.472
G1 F780 X53.064 Y53.63 E74.97254
G0 F7200 X52.739 Y53.87
G1 F780 X51.566 Y52.697 E75.01392
G0 F7200 X51.194 Y52.891
G1 F780 X51.861 Y53.558 E75.03745
G0 F7200 X51.195 Y53.457
G1 F780 X50.769 Y53.032 E75.05246
G0 F7200 X50.285 Y53.114
G1 F780 X50.72 Y53.548 E75.06779
G0 F7200 X50.347 Y53.742
G1 F780 X49.711 Y53.105 E75.09024
G0 F7200 X49.009 Y52.969
G1 F780 X50.045 Y54.005 E75.12679
G1 X50.115 Y54.075
G0 F7200 X51.019 Y53.741
G0 X54.061 Y53.741
G0 X54.848 Y54.197
G0 X55.177 Y55.08
G0 X54.371 Y56.634
G1 F780 X54.597 Y56.86 E75.13476
G0 F7200 X54.729 Y56.426
G1 F780 X55.163 Y56.86 E75.15007
G0 F7200 X55.728 Y56.86
G1 F780 X55.018 Y56.149 E75.17514
G0 F7200 X55.255 Y55.821
G1 F780 X56.294 Y56.86 E75.21179
G0 F7200 X56.86 Y56.86
G1 F780 X55.391 Y55.391 E75.26361
G0 F7200 X55.416 Y54.85
G1 F780 X56.86 Y56.294 E75.31455
G1 X56.93 Y56.364
G0 F7200 X53.51 Y50.697
G0 X51.942 Y47.416
G1 F780 X51.848 Y47.322 E75.31787
G0 F7200 X47.003 Y46.46
G0 X45.78 Y45.78
G1 F780 X43.14 Y43.14 E75.411
G0 F7200 X43.706 Y43.14
G1 F780 X45.596 Y45.03 E75.47768
G0 F7200 X45.627 Y44.495
G1 F780 X44.271 Y43.14 E75.5255
G0 F7200 X44.837 Y43.14
G1 F780 X45.78 Y44.082 E75.55875
G0 F7200 X46.001 Y43.738
G1 F780 X45.403 Y43.14 E75.57984
G0 F7200 X45.968 Y43.14
G1 F780 X46.288 Y43.459 E75.59111
G0 F7200 X46.534 Y43.14
G1 F780 X46.632 Y43.237 E75.59455
G0 F7200 X43.141 Y45.969
G1 F780 X45.221 Y48.049 E75.66793
G0 F7200 X44.663 Y48.057
G1 F780 X43.141 Y46.535 E75.72162
G0 F7200 X43.141 Y47.1
G1 F780 X44.203 Y48.162 E75.75909
G0 F7200 X43.829 Y48.354
G1 F780 X43.141 Y47.666 E75.78336
G0 F7200 X43.141 Y48.232
G1 F780 X43.515 Y48.606 E75.79655
G0 F7200 X43.273 Y48.93
G1 F780 X43.141 Y48.798 E75.80121
G0 F7200 X43.21 Y48.798
;MESH:NONMESH
G0 F600 Z0.75
G0 F7200 X48.34 Y46.322
G0 X48.142 Y46.082
;TIME_ELAPSED:168.746913
;LAYER:3
;TYPE:WALL-INNER
;MESH:cherry_mx_socket_fix-pins_led_diode.stl
G1 F2040 X47.984 Y46.16 E75.80561
G1 X47.535 Y46.266 E75.81711
G1 X47.072 Y46.214 E75.82874
G1 X46.761 Y46.077 E75.83721
G1 X46.479 Y45.845 E75.84632
G1 X46.28 Y45.583 E75.85453
G1 X46.129 Y45.144 E75.86611
G1 X46.142 Y44.631 E75.87891
G1 X46.362 Y44.141 E75.89231
G1 X46.513 Y43.958 E75.89823
G1 X46.876 Y43.704 E75.90928
G1 X47.208 Y43.593 E75.91801
G1 X47.48 Y43.568 E75.92483
G1 X47.946 Y43.665 E75.9367
G1 X48.183 Y43.785 E75.94333
G1 X48.434 Y43.993 E75.95146
G1 X48.595 Y44.199 E75.95798
G1 X48.735 Y44.495 E75.96615
G1 X48.792 Y44.752 E75.97271
G1 X48.753 Y45.299 E75.98639
G1 X48.52 Y45.757 E75.99921
G1 X48.142 Y46.082 E76.01165
G0 F7200 X48.34 Y46.322
G0 X46.494 Y50.678
G0 X45.516 Y51.653
G0 X45.452 Y51.347
G1 F2040 X45.031 Y51.439 E76.0224
G1 X44.836 Y51.443 E76.02726
G1 X44.453 Y51.364 E76.03702
G1 X44.249 Y51.28 E76.04252
G1 X43.863 Y50.983 E76.05467
G1 X43.655 Y50.699 E76.06345
G1 X43.552 Y50.466 E76.06981
G1 X43.468 Y49.996 E76.08172
G1 X43.552 Y49.531 E76.0935
G1 X43.784 Y49.101 E76.10569
G1 X44.217 Y48.735 E76.11983
G1 X44.45 Y48.632 E76.12619
G1 X44.991 Y48.552 E76.13983
G1 X45.478 Y48.659 E76.15227
G1 X45.879 Y48.912 E76.1641
G1 X46.251 Y49.394 E76.17929
G1 X46.366 Y49.939 E76.19318
G1 X46.284 Y50.466 E76.20648
G1 X46.222 Y50.636 E76.211
G1 X45.927 Y51.034 E76.22336
G1 X45.452 Y51.347 E76.23755
G0 F7200 X45.516 Y51.653
G0 X44.823 Y55.08
G0 X45.152 Y55.963
G0 X45.939 Y56.419
G0 X47.001 Y56.223
G0 X46.808 Y55.983
G1 F2040 X46.396 Y56.16 E76.24873
G1 X46.088 Y56.168 E76.25642
G1 X45.764 Y56.092 E76.26472
G1 X45.578 Y55.987 E76.27005
G1 X45.289 Y55.709 E76.28005
G1 X45.178 Y55.517 E76.28558
G1 X45.088 Y55.08 E76.29671
G1 X45.139 Y54.762 E76.30475
G1 X45.218 Y54.563 E76.31009
G1 X45.402 Y54.314 E76.31781
G1 X45.66 Y54.116 E76.32592
G1 X45.957 Y54.002 E76.33386
G1 X46.41 Y53.999 E76.34516
G1 X46.69 Y54.1 E76.35258
G1 X47.018 Y54.357 E76.36298
G1 X47.158 Y54.563 E76.36919
G1 F2060.6 X47.233 Y54.763 E76.37447
G1 F2136.1 X47.272 Y55.131 E76.38328
G1 F2114 X47.158 Y55.593 E76.39474
G1 F2040 X47.022 Y55.794 E76.40079
G1 X46.808 Y55.983 E76.40791
G0 F7200 X47.001 Y56.223
G0 X48.479 Y56.419
G0 X49.541 Y56.223
G0 X49.348 Y55.983
G1 F2040 X48.936 Y56.16 E76.4191
G1 X48.628 Y56.168 E76.42678
G1 X48.304 Y56.092 E76.43509
G1 X47.894 Y55.794 E76.44773
G1 X47.758 Y55.593 E76.45378
G1 F2114 X47.644 Y55.131 E76.46524
G1 F2136.1 X47.683 Y54.763 E76.47405
G1 F2060.6 X47.758 Y54.563 E76.47933
G1 F2040 X47.898 Y54.357 E76.48554
G1 X48.179 Y54.129 E76.49457
G1 X48.499 Y54.001 E76.50317
G1 X48.89 Y53.99 E76.51292
G1 X49.175 Y54.076 E76.52035
G1 X49.558 Y54.357 E76.5322
G1 X49.698 Y54.563 E76.53841
G1 F2060.6 X49.773 Y54.763 E76.54369
G1 F2136.1 X49.812 Y55.131 E76.5525
G1 F2114 X49.698 Y55.593 E76.56396
G1 F2040 X49.562 Y55.794 E76.57001
G1 X49.348 Y55.983 E76.57713
G0 F7200 X49.541 Y56.223
G0 X51.019 Y56.419
G0 X52.081 Y56.223
G0 X51.888 Y55.983
G1 F2040 X51.476 Y56.16 E76.58832
G1 X51.168 Y56.168 E76.59601
G1 X50.844 Y56.092 E76.60431
G1 X50.434 Y55.794 E76.61695
G1 X50.298 Y55.593 E76.623
G1 F2114 X50.184 Y55.131 E76.63446
G1 F2136.1 X50.223 Y54.763 E76.64328
G1 F2060.6 X50.298 Y54.563 E76.64855
G1 F2040 X50.438 Y54.357 E76.65476
G1 X50.751 Y54.11 E76.66471
G1 X51.024 Y54.005 E76.67201
G1 X51.372 Y53.988 E76.6807
G1 X51.568 Y54.02 E76.68565
G1 X51.822 Y54.129 E76.69255
G1 X52.098 Y54.357 E76.70148
G1 X52.238 Y54.563 E76.70769
G1 F2060.6 X52.313 Y54.763 E76.71296
G1 F2136.1 X52.352 Y55.131 E76.72178
G1 F2114 X52.238 Y55.593 E76.73323
G1 F2040 X52.102 Y55.794 E76.73929
G1 X51.888 Y55.983 E76.74641
G0 F7200 X52.081 Y56.223
G0 X53.559 Y56.419
G0 X54.621 Y56.223
G0 X54.428 Y55.983
G1 F2040 X54.016 Y56.16 E76.7576
G1 X53.708 Y56.168 E76.76528
G1 X53.384 Y56.092 E76.77358
G1 X52.974 Y55.794 E76.78623
G1 X52.838 Y55.593 E76.79228
G1 F2114 X52.724 Y55.131 E76.80374
G1 F2136.1 X52.763 Y54.763 E76.81255
G1 F2060.6 X52.838 Y54.563 E76.81783
G1 F2040 X52.978 Y54.357 E76.82404
G1 X53.273 Y54.12 E76.83348
G1 X53.607 Y53.996 E76.84237
G1 X54.043 Y54.002 E76.85324
G1 X54.344 Y54.118 E76.86129
G1 X54.594 Y54.314 E76.86921
G1 X54.778 Y54.563 E76.87694
G1 X54.857 Y54.762 E76.88228
G1 X54.908 Y55.08 E76.89031
G1 X54.819 Y55.516 E76.90141
G1 X54.707 Y55.709 E76.90698
G1 X54.428 Y55.983 E76.91673
G0 F7200 X54.621 Y56.223
G0 X55.96 Y51.512
G0 X55.779 Y51.261
G1 F2040 X55.547 Y51.364 E76.92307
G1 X55.171 Y51.442 E76.93265
G1 X54.957 Y51.436 E76.93799
G1 X54.548 Y51.347 E76.94843
G1 X54.064 Y51.033 E76.96282
G1 X53.729 Y50.529 E76.97791
G1 X53.629 Y49.96 E76.99233
G1 X53.725 Y49.483 E77.00446
G1 X53.945 Y49.101 E77.01546
G1 F1933.6 X54.393 Y48.699 E77.0313
G1 X53.796 Y48.807 E77.04727
G1 F2040 X53.363 Y48.733 E77.05822
G1 X53.158 Y48.642 E77.06382
G1 F1762.4 X52.702 Y48.335 E77.07969
G1 F1560.2 X52.576 Y48.146 E77.0871
G1 F1773.9 X52.469 Y47.543 E77.10467
G1 F2040 X52.504 Y47.068 E77.11655
G1 X52.81 Y46.548 E77.1316
G1 X53.224 Y46.245 E77.1444
G1 X53.556 Y46.133 E77.15314
G1 X53.832 Y46.108 E77.16005
G1 X54.449 Y46.268 E77.17595
G1 X54.782 Y46.533 E77.18657
G1 X54.943 Y46.739 E77.19309
G1 X55.083 Y47.035 E77.20126
G1 X55.14 Y47.292 E77.20782
G1 X55.103 Y47.831 E77.2213
G1 X54.834 Y48.335 E77.23555
G1 F1888.9 X54.55 Y48.615 E77.2463
G1 X55.151 Y48.552 E77.26258
G1 F2040 X55.717 Y48.696 E77.27715
G1 X56.132 Y49.013 E77.29017
G1 X56.34 Y49.297 E77.29895
G1 X56.444 Y49.529 E77.3053
G1 X56.516 Y49.872 E77.31404
G1 X56.52 Y50.1 E77.31973
G1 X56.444 Y50.466 E77.32905
G1 X56.357 Y50.675 E77.3347
G1 X56.063 Y51.052 E77.34663
G1 X55.779 Y51.261 E77.35542
G0 F7200 X55.959 Y51.513
G0 X55.08 Y51.718
G0 X53.918 Y51.259
G0 X53.362 Y50
G0 X53.66 Y49.057
G0 X54.393 Y48.699
G1 F1797.4 X54.55 Y48.615 E77.36046
G0 F7200 X55.194 Y48.283
G0 X56.242 Y48.74
G0 X56.77 Y49.867
G0 X57.09 Y57.12
G0 X57.4 Y57.4
G1 F2040 X57.4 Y42.6 E77.72965
G1 X42.6 Y42.6 E78.09884
G1 X42.6 Y57.4 E78.46802
G1 X57.4 Y57.4 E78.83721
G0 F7200 X57.12 Y57.12
G0 X54.848 Y54.197
G0 X51.088 Y52.692
G0 X50.946 Y52.417
G1 F2040 X50.392 Y52.569 E78.85154
G1 X50.035 Y52.596 E78.86047
G1 X49.47 Y52.544 E78.87463
G1 X49.069 Y52.426 E78.88505
G1 X48.627 Y52.208 E78.89735
G1 X48.111 Y51.793 E78.91387
G1 X47.857 Y51.479 E78.92394
G1 X47.549 Y50.888 E78.94057
G1 X47.417 Y50.311 E78.95533
G1 X47.402 Y49.941 E78.96457
G1 X47.447 Y49.499 E78.97565
G1 X47.555 Y49.113 E78.98565
G1 X47.821 Y48.581 E79.00049
G1 X48.212 Y48.1 E79.01595
G1 X48.576 Y47.828 E79.02728
G1 X49.095 Y47.559 E79.04187
G1 X49.582 Y47.432 E79.05442
G1 X50.055 Y47.402 E79.06624
G1 X50.568 Y47.462 E79.07913
G1 X50.904 Y47.562 E79.08787
G1 X51.415 Y47.821 E79.10216
G1 F1897.7 X52.117 Y48.386 E79.12633
G1 F1655.2 X52.255 Y48.608 E79.13436
G1 F1762.4 X52.467 Y49.186 E79.15214
G1 F2040 X52.579 Y49.688 E79.16497
G1 X52.594 Y50.055 E79.17413
G1 X52.549 Y50.496 E79.18519
G1 X52.445 Y50.885 E79.19524
G1 X52.211 Y51.364 E79.20853
G1 X51.819 Y51.852 E79.22415
G1 X51.486 Y52.131 E79.23499
G1 X50.946 Y52.417 E79.25023
G0 F7200 X50.74 Y52.071
;TYPE:WALL-OUTER
G1 F1020 X50.315 Y52.177 E79.26115
G1 X49.98 Y52.196 E79.26952
G1 X49.551 Y52.152 E79.28028
G1 X49.275 Y52.078 E79.28741
G1 X48.873 Y51.889 E79.29849
G1 X48.409 Y51.52 E79.31328
G1 X48.204 Y51.273 E79.32129
G1 X47.921 Y50.731 E79.33654
G1 X47.821 Y50.324 E79.34699
G1 X47.8 Y49.98 E79.35559
G1 X47.842 Y49.561 E79.3661
G1 X47.934 Y49.243 E79.37435
G1 X48.119 Y48.851 E79.38517
G1 X48.476 Y48.409 E79.39934
G1 X48.723 Y48.207 E79.4073
G1 X49.25 Y47.927 E79.42218
G1 X49.676 Y47.821 E79.43314
G1 X50.016 Y47.8 E79.44163
G1 X50.446 Y47.844 E79.45242
G1 X50.758 Y47.935 E79.46052
G1 X51.146 Y48.12 E79.47124
G1 X51.587 Y48.476 E79.48538
G1 X51.8 Y48.738 E79.49381
G1 X52.064 Y49.239 E79.50793
G1 X52.175 Y49.676 E79.51918
G1 X52.196 Y50.016 E79.52768
G1 X52.15 Y50.456 E79.53871
G1 X52.078 Y50.724 E79.54563
G1 X51.876 Y51.146 E79.55731
G1 X51.491 Y51.616 E79.57246
G1 X51.264 Y51.799 E79.57973
G1 X50.74 Y52.071 E79.59446
G0 F7200 X50.546 Y52.119
G0 X50.712 Y52.811
G0 X54.461 Y53.885
G0 X55.072 Y54.569
G0 X55.072 Y55.591
G0 X54.461 Y56.275
G0 X51.805 Y56.382
G0 X51.566 Y55.714
G1 F1020 X51.407 Y55.766 E79.59863
G1 X51.168 Y55.768 E79.6046
G1 X50.974 Y55.714 E79.60962
G1 X50.731 Y55.526 E79.61728
G1 X50.612 Y55.316 E79.62331
G1 X50.568 Y55.098 E79.62885
G1 X50.611 Y54.84 E79.63538
G1 X50.732 Y54.628 E79.64147
G1 X50.943 Y54.46 E79.64819
G1 X51.143 Y54.389 E79.65349
G1 X51.438 Y54.398 E79.66085
G1 X51.588 Y54.455 E79.66485
G1 X51.804 Y54.628 E79.67176
G1 X51.925 Y54.84 E79.67785
G1 X51.968 Y55.098 E79.68437
G1 X51.898 Y55.382 E79.69167
G1 X51.805 Y55.526 E79.69594
G1 X51.566 Y55.714 E79.70353
G0 F7200 X51.407 Y55.766
G0 X51.374 Y55.766
G0 X51.374 Y56.48
G0 X49.265 Y56.382
G0 X49.026 Y55.714
G1 F1020 X48.867 Y55.766 E79.7077
G1 X48.628 Y55.768 E79.71366
G1 X48.434 Y55.714 E79.71869
G1 X48.191 Y55.526 E79.72635
G1 X48.072 Y55.316 E79.73237
G1 X48.028 Y55.098 E79.73792
G1 X48.071 Y54.84 E79.74444
G1 X48.192 Y54.628 E79.75053
G1 X48.393 Y54.467 E79.75696
G1 X48.585 Y54.392 E79.7621
G1 X48.852 Y54.388 E79.76876
G1 X49.032 Y54.449 E79.7735
G1 X49.264 Y54.628 E79.78081
G1 X49.385 Y54.84 E79.7869
G1 X49.428 Y55.098 E79.79343
G1 X49.358 Y55.382 E79.80072
G1 X49.265 Y55.526 E79.805
G1 X49.026 Y55.714 E79.81258
G0 F7200 X48.867 Y55.766
G0 X48.834 Y55.766
G0 X48.834 Y56.48
G0 X46.725 Y56.382
G0 X46.486 Y55.714
G1 F1020 X46.327 Y55.766 E79.81676
G1 X46.088 Y55.768 E79.82272
G1 X45.832 Y55.679 E79.82948
G1 X45.629 Y55.498 E79.83626
G1 X45.544 Y55.357 E79.84037
G1 X45.491 Y55.04 E79.84839
G1 X45.558 Y54.774 E79.85523
G1 X45.667 Y54.614 E79.86006
G1 X45.86 Y54.462 E79.86619
G1 X46.044 Y54.392 E79.8711
G1 X46.332 Y54.391 E79.87828
G1 X46.547 Y54.481 E79.8841
G1 X46.724 Y54.628 E79.88984
G1 X46.845 Y54.84 E79.89593
G1 X46.888 Y55.098 E79.90245
G1 X46.818 Y55.382 E79.90975
G1 X46.725 Y55.526 E79.91402
G1 X46.486 Y55.714 E79.92161
G0 F7200 X46.327 Y55.766
G0 X46.294 Y55.766
G0 X46.294 Y56.48
G0 X45.152 Y55.963
G0 X44.843 Y55.177
G0 X45.473 Y51.662
G0 X45.327 Y50.967
G1 F1020 X44.892 Y51.047 E79.93264
G1 X44.467 Y50.944 E79.94355
G1 X44.186 Y50.747 E79.95211
G1 X43.944 Y50.385 E79.96297
G1 X43.868 Y49.996 E79.97286
G1 X43.972 Y49.547 E79.98436
G1 X44.169 Y49.266 E79.99292
G1 X44.453 Y49.058 E80.0017
G1 X44.893 Y48.949 E80.01301
G1 X45.362 Y49.045 E80.02495
G1 X45.619 Y49.216 E80.03265
G1 X45.886 Y49.586 E80.04403
G1 X45.968 Y49.977 E80.054
G1 X45.872 Y50.442 E80.06584
G1 X45.675 Y50.724 E80.07442
G1 X45.327 Y50.967 E80.08501
G0 F7200 X45.131 Y51.003
G0 X45.279 Y51.704
G0 X46.18 Y51.162
G0 X48.348 Y46.315
G0 X47.894 Y45.766
G1 F1020 X47.499 Y45.868 E80.09518
G1 X47.178 Y45.828 E80.10325
G1 X46.973 Y45.738 E80.10884
G1 X46.757 Y45.557 E80.11587
G1 X46.624 Y45.379 E80.12141
G1 X46.529 Y45.102 E80.12872
G1 X46.538 Y44.687 E80.13907
G1 X46.765 Y44.268 E80.15096
G1 X47.014 Y44.08 E80.15874
G1 X47.293 Y43.984 E80.1661
G1 X47.48 Y43.968 E80.17078
G1 X47.849 Y44.053 E80.18023
G1 X48.18 Y44.301 E80.19055
G1 X48.373 Y44.666 E80.20085
G1 X48.389 Y45.122 E80.21223
G1 X48.228 Y45.476 E80.22193
G1 X47.894 Y45.766 E80.23296
G0 F7200 X47.701 Y45.816
G0 X47.876 Y46.508
G0 X50.969 Y47.317
G0 X52.989 Y48.842
G0 X54.198 Y48.323
G1 F1020 X53.82 Y48.408 E80.24263
G1 X53.561 Y48.375 E80.24914
G1 X53.34 Y48.286 E80.25508
G1 X53.085 Y48.075 E80.26334
G1 X52.974 Y47.916 E80.26818
G1 X52.875 Y47.634 E80.27563
G1 X52.891 Y47.216 E80.28607
G1 X53.099 Y46.825 E80.29711
G1 X53.362 Y46.62 E80.30543
G1 X53.641 Y46.524 E80.31279
G1 X53.832 Y46.508 E80.31757
G1 X54.249 Y46.614 E80.32831
G1 X54.528 Y46.841 E80.33728
G1 X54.721 Y47.206 E80.34758
G1 X54.737 Y47.659 E80.35889
G1 X54.545 Y48.059 E80.36995
G1 X54.198 Y48.323 E80.38083
G0 F7200 X54.003 Y48.366
G0 X53.66 Y49.057
G0 X53.362 Y50
G0 X53.918 Y51.259
G0 X55.012 Y51.704
G0 X55.959 Y51.513
G0 X55.543 Y50.938
G1 F1020 X55.111 Y51.046 E80.39194
G1 X54.673 Y50.967 E80.40304
G1 X54.378 Y50.781 E80.41174
G1 X54.109 Y50.406 E80.42325
G1 X54.028 Y50.014 E80.43324
G1 X54.108 Y49.598 E80.4438
G1 X54.321 Y49.273 E80.4535
G1 X54.674 Y49.028 E80.46422
G1 X55.104 Y48.949 E80.47512
G1 X55.5 Y49.034 E80.48523
G1 X55.81 Y49.249 E80.49464
G1 X56.052 Y49.611 E80.5055
G1 X56.126 Y50.031 E80.51614
G1 X56.023 Y50.455 E80.52702
G1 X55.827 Y50.73 E80.53545
G1 X55.543 Y50.938 E80.54423
G0 F7200 X55.349 Y50.986
G0 X55.497 Y51.691
G0 X55.177 Y55.08
G0 X54.615 Y56.229
G0 X54.17 Y55.677
G1 F1020 X53.947 Y55.766 E80.55022
G1 X53.708 Y55.768 E80.55618
G1 X53.514 Y55.714 E80.5612
G1 X53.271 Y55.526 E80.56887
G1 X53.152 Y55.316 E80.57489
G1 X53.108 Y55.098 E80.58043
G1 X53.151 Y54.84 E80.58696
G1 X53.272 Y54.628 E80.59305
G1 X53.477 Y54.464 E80.5996
G1 X53.674 Y54.39 E80.60485
G1 X53.934 Y54.389 E80.61133
G1 X54.142 Y54.463 E80.61684
G1 X54.329 Y54.614 E80.62283
G1 X54.465 Y54.84 E80.62941
G1 X54.506 Y55.115 E80.63635
G1 X54.452 Y55.356 E80.64251
G1 X54.367 Y55.498 E80.64664
G1 X54.17 Y55.677 E80.65328
G0 F7200 X53.985 Y55.751
G1 F1500 E74.15328
G0 F7200 X54.226 Y56.425
G0 X57.52 Y57.52
G0 X57.8 Y57.8
G1 F1500 E80.65328
G1 F1020 X57.8 Y42.2 E81.04242
G1 X42.2 Y42.2 E81.43157
G1 X42.2 Y57.8 E81.82071
G1 X57.8 Y57.8 E82.20985
G0 F7200 X57.8 Y57.6
G0 X57.12 Y57.12
G0 X54.848 Y54.197
G0 X54.061 Y53.741
G0 X51.019 Y53.741
G0 X44.242 Y51.574
G0 X43.081 Y50.548
;TYPE:SKIN
G1 F492.1 X43.034 Y49.996 E82.23176
G1 F492.9 X43.078 Y49.451 E82.25334
G0 F7200 X43.66 Y48.838
G0 X48.081 Y46.487
G1 F780 X48.351 Y46.348 E82.26092
G1 X48.788 Y45.967 E82.27538
G1 X49.064 Y45.432 E82.2904
G1 X49.128 Y45.148 E82.29766
G1 X49.128 Y44.715 E82.30846
G1 X49.052 Y44.379 E82.31705
G1 X48.905 Y44.058 E82.32586
G1 X48.674 Y43.756 E82.33534
G1 X48.405 Y43.526 E82.34417
G1 X48.01 Y43.327 E82.35521
G1 F834.2 X47.509 Y43.257 E82.367
G1 F876.4 X47.123 Y43.282 E82.37559
G1 F814.6 X46.774 Y43.377 E82.38423
G1 F780 X46.311 Y43.682 E82.39806
G1 X46.081 Y43.948 E82.40683
G1 X45.908 Y44.26 E82.41573
G1 X45.805 Y44.583 E82.42419
G1 X45.791 Y45.198 E82.43954
G1 X45.988 Y45.76 E82.45439
G1 X46.174 Y46.015 E82.46226
G1 X46.558 Y46.349 E82.47496
G1 X46.972 Y46.541 E82.48634
G1 X47.555 Y46.605 E82.50097
G1 X48.081 Y46.487 E82.51442
G0 F7200 X53.901 Y45.852
G0 X55.034 Y46.422
G0 X56.918 Y49.446
G1 F487.5 X56.962 Y49.996 E82.53644
G1 X56.918 Y50.547 E82.5585
G0 F7200 X56.34 Y51.162
G0 X50.981 Y52.77
G1 F780 X51.69 Y52.401 E82.57844
G1 X52.054 Y52.093 E82.59034
G1 X52.452 Y51.608 E82.60599
G1 X52.765 Y50.991 E82.62325
G1 X52.866 Y50.628 E82.63264
G1 F804.1 X52.919 Y50.091 E82.6457
G1 F729 X52.892 Y49.365 E82.66509
G1 F650 X52.772 Y48.859 E82.68066
G1 X53.111 Y49.056 E82.6924
G1 X53.487 Y49.137 E82.70391
G1 X53.36 Y49.368 E82.7118
G1 F687.2 X53.286 Y50.005 E82.72996
G1 F753.6 X53.406 Y50.637 E82.74657
G1 F780 X53.476 Y50.8 E82.75099
G1 X53.816 Y51.268 E82.76542
G1 X54.419 Y51.658 E82.78333
G1 X54.919 Y51.772 E82.79613
G1 X55.202 Y51.776 E82.80319
G1 X55.608 Y51.697 E82.8135
G1 X55.949 Y51.552 E82.82275
G1 X56.256 Y51.329 E82.83221
G1 X56.624 Y50.877 E82.84675
G1 F575.6 X56.918 Y50.547 E82.86169
G1 F571.4 X57.06 Y50.938 E82.87586
G1 F772.3 X57.06 Y57.06 E83.0301
G1 F780 X54.55 Y57.06 E83.09271
G1 F704.3 X54.123 Y57.017 E83.10457
G1 F644.6 X53.607 Y57.019 E83.12014
G1 F705.9 X53.217 Y57.06 E83.13095
G1 F780 X52.01 Y57.06 E83.16106
G1 F704.3 X51.583 Y57.017 E83.17291
G1 F644.6 X51.067 Y57.019 E83.18849
G1 F705.9 X50.677 Y57.06 E83.1993
G1 F780 X49.47 Y57.06 E83.22941
G1 F704.3 X49.043 Y57.017 E83.24126
G1 F644.6 X48.527 Y57.019 E83.25684
G1 F705.9 X48.137 Y57.06 E83.26765
G1 F780 X46.93 Y57.06 E83.29776
G1 F704.3 X46.503 Y57.017 E83.30961
G1 F644.6 X45.987 Y57.019 E83.32519
G1 F705.9 X45.597 Y57.06 E83.336
G1 F780 X42.941 Y57.059 E83.40225
G1 X42.94 Y50.95 E83.55464
G1 F577.8 X43.081 Y50.548 E83.56899
G1 X43.36 Y50.864 E83.58318
G1 F780 X43.582 Y51.175 E83.59271
G1 X43.824 Y51.412 E83.60116
G1 X44.34 Y51.678 E83.61565
G1 X44.804 Y51.78 E83.6275
G1 X45.095 Y51.773 E83.63476
G1 X45.559 Y51.669 E83.64662
G1 X46.148 Y51.291 E83.66408
G1 X46.504 Y50.821 E83.67879
G1 X46.609 Y50.561 E83.68578
G1 F798 X46.692 Y49.884 E83.70241
G1 X46.585 Y49.333 E83.7161
G1 F780 X46.178 Y48.73 E83.73425
G1 X45.605 Y48.34 E83.75154
G1 X45.012 Y48.208 E83.76669
G1 X44.396 Y48.293 E83.7822
G1 X44.009 Y48.462 E83.79274
G1 F718.9 X43.633 Y48.738 E83.80536
G1 F619 X43.064 Y49.469 E83.83448
G1 F663.8 X42.941 Y48.798 E83.85447
G1 F780 X42.94 Y42.94 E84.0006
G1 X46.705 Y42.94 E84.09452
G1 F838.7 X47.476 Y42.912 E84.11242
G1 X48.047 Y42.941 E84.12568
G1 F780 X57.06 Y42.94 E84.35051
G1 X57.06 Y49.028 E84.50238
G1 F575.6 X56.918 Y49.446 E84.5173
G1 X56.627 Y49.121 E84.53204
G1 F780 X56.387 Y48.787 E84.5423
G1 X56.195 Y48.603 E84.54894
G1 X55.794 Y48.356 E84.56068
G1 X55.277 Y48.232 E84.57395
G1 X55.411 Y47.971 E84.58126
G1 X55.479 Y47.683 E84.58865
G1 X55.476 Y47.255 E84.59932
G1 X55.4 Y46.919 E84.60792
G1 X55.253 Y46.598 E84.61672
G1 X55.026 Y46.3 E84.62607
G1 X54.617 Y45.974 E84.63912
G1 X54.401 Y45.883 E84.64496
G1 X53.832 Y45.768 E84.65944
G1 X53.509 Y45.796 E84.66753
G1 X53.118 Y45.917 E84.67774
G1 X52.854 Y46.067 E84.68531
G1 X52.563 Y46.313 E84.69482
G1 X52.248 Y46.829 E84.7099
G1 X52.16 Y47.089 E84.71675
G1 X52.128 Y47.517 E84.72745
G1 X52.177 Y48.001 E84.73959
G1 X51.516 Y47.47 E84.76074
G1 X50.955 Y47.217 E84.77609
G1 X50.571 Y47.114 E84.78601
G1 X50.027 Y47.06 E84.79965
G1 X49.524 Y47.096 E84.81222
G1 X48.949 Y47.247 E84.82705
G1 X48.411 Y47.526 E84.84217
G1 X47.963 Y47.857 E84.85607
G1 X47.496 Y48.446 E84.87482
G1 X47.243 Y48.969 E84.88931
G1 X47.108 Y49.455 E84.90189
G1 X47.076 Y50.388 E84.92518
G1 X47.238 Y51.025 E84.94158
G1 X47.546 Y51.617 E84.95822
G1 X47.917 Y52.072 E84.97287
G1 X48.451 Y52.498 E84.98991
G1 X48.951 Y52.745 E85.00382
G1 X49.412 Y52.876 E85.01577
G1 X50.001 Y52.932 E85.03053
G1 X50.463 Y52.902 E85.04208
G1 X50.981 Y52.77 E85.05542
G0 F7200 X48.079 Y53.885
G0 X47.46 Y54.702
G0 X47.458 Y54.911
G1 F917.6 X47.456 Y55.428 E85.06638
G0 F7200 X47.46 Y55.598
G0 X47.536 Y56.539
G1 F489 X47.497 Y56.607 E85.0695
G1 X47.418 Y56.607 E85.07264
G1 X47.378 Y56.539 E85.07578
G1 X47.417 Y56.471 E85.0789
G1 X47.496 Y56.471 E85.08204
G1 X47.536 Y56.539 E85.08518
G0 F7200 X50.076 Y56.539
G1 F489 X50.037 Y56.607 E85.0883
G1 X49.958 Y56.607 E85.09144
G1 X49.918 Y56.539 E85.09458
G1 X49.957 Y56.471 E85.0977
G1 X50.036 Y56.471 E85.10084
G1 X50.076 Y56.539 E85.10398
G0 F7200 X50 Y55.598
G0 X49.996 Y55.428
G1 F917.6 X49.998 Y54.911 E85.11494
G0 F7200 X50 Y54.702
G0 X50.619 Y53.885
G0 X51.521 Y53.741
G0 X52.308 Y54.197
G0 X52.538 Y54.911
G1 F917.6 X52.536 Y55.428 E85.12591
G0 F7200 X52.54 Y55.598
G0 X52.616 Y56.539
G1 F489 X52.577 Y56.607 E85.12903
G1 X52.498 Y56.607 E85.13217
G1 X52.458 Y56.539 E85.13531
G1 X52.497 Y56.471 E85.13843
G1 X52.576 Y56.471 E85.14157
G1 X52.616 Y56.539 E85.14471
G0 F7200 X54.082 Y56.536
G1 F704.3 X54.621 Y56.258 E85.16146
G1 F780 X54.97 Y55.918 E85.17362
G1 X55.128 Y55.652 E85.18134
G1 X55.248 Y55.076 E85.19601
G1 X55.194 Y54.709 E85.20527
G1 X55.078 Y54.408 E85.21331
G1 X54.814 Y54.054 E85.22433
G1 X54.496 Y53.812 E85.2343
G1 X54.03 Y53.656 E85.24656
G1 X53.549 Y53.658 E85.25855
G1 X53.089 Y53.829 E85.2708
G1 X52.709 Y54.146 E85.28314
G1 X52.536 Y54.412 E85.29106
G1 X52.325 Y54.106 E85.30033
G1 X52.007 Y53.842 E85.31064
G1 X51.701 Y53.707 E85.31898
G1 X51.401 Y53.65 E85.3266
G1 X50.934 Y53.674 E85.33826
G1 X50.554 Y53.827 E85.34848
G1 X50.21 Y54.104 E85.3595
G1 X49.996 Y54.412 E85.36885
G1 X49.825 Y54.146 E85.37674
G1 X49.542 Y53.895 E85.38618
G1 X49.275 Y53.746 E85.39381
G1 X48.894 Y53.651 E85.4036
G1 X48.396 Y53.677 E85.41604
G1 X47.992 Y53.843 E85.42694
G1 X47.672 Y54.102 E85.43721
G1 X47.456 Y54.412 E85.44663
G1 X47.247 Y54.109 E85.45581
G1 X46.842 Y53.794 E85.46861
G1 X46.44 Y53.658 E85.4792
G1 X45.892 Y53.665 E85.49287
G1 X45.474 Y53.827 E85.50405
G1 X45.182 Y54.054 E85.51328
G1 X44.94 Y54.366 E85.52313
G1 X44.814 Y54.666 E85.53124
G1 X44.751 Y55.116 E85.54258
G1 X44.864 Y55.653 E85.55627
G1 X45.023 Y55.919 E85.564
G1 X45.343 Y56.235 E85.57522
G1 X45.619 Y56.396 E85.58319
G1 F707.5 X46.041 Y56.543 E85.59548
G1 F644.6 X46.462 Y56.536 E85.60819
G1 F704.3 X47.001 Y56.258 E85.62494
G1 F780 X47.289 Y56.002 E85.63455
G1 F783.9 X47.429 Y55.777 E85.64113
G1 F847.8 X47.456 Y55.428 E85.64916
G1 X47.483 Y55.777 E85.6572
G1 F783.9 X47.625 Y55.999 E85.66374
G1 F780 X47.893 Y56.24 E85.67273
G1 X48.157 Y56.394 E85.68035
G1 F707.5 X48.581 Y56.543 E85.69271
G1 F644.6 X49.002 Y56.536 E85.70542
G1 F704.3 X49.541 Y56.258 E85.72218
G1 F780 X49.829 Y56.002 E85.73179
G1 F783.9 X49.969 Y55.777 E85.73837
G1 F847.8 X49.996 Y55.428 E85.7464
G1 X50.023 Y55.777 E85.75443
G1 F783.9 X50.165 Y55.999 E85.76097
G1 F780 X50.433 Y56.24 E85.76996
G1 X50.697 Y56.394 E85.77759
G1 F707.5 X51.121 Y56.543 E85.78995
G1 F644.6 X51.542 Y56.536 E85.80266
G1 F704.3 X52.081 Y56.258 E85.81941
G1 F780 X52.369 Y56.002 E85.82902
G1 F783.9 X52.509 Y55.777 E85.8356
G1 F847.8 X52.536 Y55.428 E85.84363
G1 X52.563 Y55.777 E85.85167
G1 F783.9 X52.705 Y55.999 E85.85821
G1 F780 X52.973 Y56.24 E85.8672
G1 X53.237 Y56.394 E85.87482
G1 F707.5 X53.661 Y56.543 E85.88718
G1 F644.6 X54.082 Y56.536 E85.89989
G0 F7200 X56.277 Y56.86
G1 F780 X56.86 Y56.277 E85.92046
G0 F7200 X56.86 Y55.712
G1 F780 X55.712 Y56.86 E85.96096
G0 F7200 X55.146 Y56.86
G1 F780 X56.86 Y55.146 E86.02142
G0 F7200 X56.86 Y54.58
G1 F780 X54.58 Y56.86 E86.10186
G1 X54.51 Y56.93
G0 F7200 X55.368 Y55.506
G1 F780 X56.86 Y54.014 E86.15449
G0 F7200 X56.86 Y53.449
G1 F780 X55.422 Y54.887 E86.20522
G0 F7200 X55.304 Y54.439
G1 F780 X56.86 Y52.883 E86.26011
G0 F7200 X56.86 Y52.317
G1 F780 X55.086 Y54.092 E86.32271
G0 F7200 X54.809 Y53.802
G1 F780 X56.86 Y51.752 E86.39505
G0 F7200 X56.86 Y51.186
G1 F780 X54.457 Y53.589 E86.47982
G0 F7200 X54.02 Y53.46
G1 F780 X55.573 Y51.907 E86.53461
G0 F7200 X54.943 Y51.972
G1 F780 X53.415 Y53.5 E86.58851
G1 X53.345 Y53.57
G0 F7200 X52.411 Y53.938
G1 F780 X54.476 Y51.873 E86.66136
G0 F7200 X54.097 Y51.686
G1 F780 X52.112 Y53.672 E86.73141
G0 F7200 X51.708 Y53.51
G1 F780 X53.754 Y51.464 E86.80358
G0 F7200 X53.492 Y51.16
G1 F780 X51.194 Y53.458 E86.88465
G0 F7200 X51.198 Y52.888
G1 F780 X50.321 Y53.765 E86.91559
G0 F7200 X49.726 Y53.795
G1 F780 X50.416 Y53.104 E86.93995
G0 F7200 X49.838 Y53.116
G1 F780 X49.377 Y53.578 E86.95623
G0 F7200 X48.923 Y53.466
G1 F780 X49.331 Y53.058 E86.97062
G0 F7200 X48.889 Y52.934
G1 F780 X48.302 Y53.522 E86.99135
G1 X48.232 Y53.592
G0 F7200 X48.51 Y52.748
G1 F780 X47.334 Y53.924 E87.03284
G0 F7200 X47.014 Y53.678
G1 F780 X48.164 Y52.528 E87.07341
G0 F7200 X47.849 Y52.278
G1 F780 X46.616 Y53.51 E87.11688
G0 F7200 X46.096 Y53.465
G1 F780 X47.581 Y51.979 E87.16929
G0 F7200 X47.341 Y51.654
G1 F780 X45.231 Y53.763 E87.24371
G0 F7200 X44.898 Y54.096
G1 F780 X43.141 Y55.854 E87.30571
G0 F7200 X43.141 Y56.419
G1 F780 X44.557 Y55.004 E87.35564
G0 F7200 X44.624 Y55.502
G1 F780 X43.267 Y56.859 E87.40352
G0 F7200 X43.833 Y56.859
G1 F780 X44.78 Y55.912 E87.43692
G0 F7200 X45.044 Y56.214
G1 F780 X44.399 Y56.859 E87.45968
G0 F7200 X44.964 Y56.859
G1 F780 X45.355 Y56.469 E87.47345
G0 F7200 X45.727 Y56.662
G1 F780 X45.53 Y56.859 E87.4804
G0 F7200 X43.141 Y55.288
G1 F780 X47.147 Y51.282 E87.62173
G0 F7200 X46.988 Y50.876
G1 F780 X43.141 Y54.722 E87.75742
G0 F7200 X43.141 Y54.157
G1 F780 X45.388 Y51.909 E87.83671
G0 F7200 X44.761 Y51.972
G1 F780 X43.141 Y53.591 E87.89384
G0 F7200 X43.141 Y53.025
G1 F780 X44.299 Y51.868 E87.93467
G0 F7200 X43.916 Y51.685
G1 F780 X43.141 Y52.46 E87.96202
G0 F7200 X43.141 Y51.894
G1 F780 X43.585 Y51.45 E87.97768
G0 F7200 X43.329 Y51.141
G1 F780 X43.141 Y51.328 E87.98429
G0 F7200 X43.141 Y49.065
G1 F780 X43.265 Y48.942 E87.98865
G0 F7200 X43.141 Y48.5
G1 F780 X45.8 Y45.841 E88.08245
G0 F7200 X46.043 Y46.163
G1 F780 X43.908 Y48.299 E88.15779
G1 X43.838 Y48.369
G0 F7200 X43.141 Y47.934
G1 F780 X45.659 Y45.417 E88.2466
G0 F7200 X45.598 Y44.912
G1 F780 X43.141 Y47.368 E88.33326
G0 F7200 X43.141 Y46.803
G1 F780 X45.71 Y44.234 E88.42389
G1 X45.78 Y44.164
G0 F7200 X45.673 Y43.14
G1 F780 X43.141 Y45.672 E88.51321
G0 F7200 X43.141 Y46.237
G1 F780 X46.238 Y43.14 E88.62247
G1 X46.308 Y43.07
G0 F7200 X45.107 Y43.14
G1 F780 X43.141 Y45.106 E88.69182
G0 F7200 X43.141 Y44.541
G1 F780 X44.541 Y43.14 E88.74123
G0 F7200 X43.976 Y43.14
G1 F780 X43.141 Y43.975 E88.77069
G0 F7200 X43.141 Y43.409
G1 F780 X43.41 Y43.14 E88.78018
G0 F7200 X46.344 Y46.429
G1 F780 X44.722 Y48.05 E88.83738
G0 F7200 X45.276 Y48.062
G1 F780 X46.705 Y46.633 E88.88779
G0 F7200 X47.145 Y46.759
G1 F780 X45.722 Y48.182 E88.93799
G0 F7200 X46.06 Y48.41
G1 F780 X47.686 Y46.784 E88.99535
G1 X47.756 Y46.714
G0 F7200 X48.078 Y47.523
G1 F780 X52.461 Y43.14 E89.14997
G0 F7200 X53.027 Y43.14
G1 F780 X49.195 Y46.972 E89.28516
G0 F7200 X49.856 Y46.876
G1 F780 X53.592 Y43.14 E89.41696
G0 F7200 X54.158 Y43.14
G1 F780 X50.4 Y46.897 E89.54951
G0 F7200 X50.876 Y46.987
G1 F780 X54.724 Y43.14 E89.68524
G0 F7200 X55.289 Y43.14
G1 F780 X51.281 Y47.148 E89.82664
G0 F7200 X51.659 Y47.336
G1 F780 X51.956 Y47.039 E89.83711
G0 F7200 X53.358 Y45.637
G1 F780 X55.855 Y43.14 E89.9252
G0 F7200 X56.421 Y43.14
G1 F780 X53.972 Y45.589 E90.0116
G0 F7200 X54.437 Y45.69
G1 F780 X56.861 Y43.266 E90.09711
G0 F7200 X56.861 Y43.831
G1 F780 X54.815 Y45.877 E90.16929
G0 F7200 X55.134 Y46.124
G1 F780 X56.861 Y44.397 E90.23021
G0 F7200 X56.861 Y44.963
G1 F780 X55.381 Y46.442 E90.28241
G0 F7200 X55.57 Y46.819
G1 F780 X56.861 Y45.528 E90.32795
G0 F7200 X56.861 Y46.094
G1 F780 X55.673 Y47.282 E90.36986
G0 F7200 X55.624 Y47.897
G1 F780 X56.861 Y46.66 E90.4135
G0 F7200 X56.861 Y47.226
G1 F780 X55.899 Y48.187 E90.44742
G0 F7200 X56.246 Y48.406
G1 F780 X56.861 Y47.791 E90.46911
G0 F7200 X56.861 Y48.357
G1 F780 X56.546 Y48.672 E90.48023
G0 F7200 X56.861 Y48.923
G1 F780 X56.771 Y49.012 E90.48338
G0 F7200 X56.798 Y50
G0 X56.34 Y51.162
G0 X55.08 Y51.718
G0 X54.01 Y51.318
G0 X53.153 Y50.367
G1 F780 X53.083 Y50.437 E90.48585
G0 F7200 X53.268 Y50.818
G1 F780 X52.887 Y51.199 E90.49929
G0 F7200 X52.823 Y49.597
G0 X52.347 Y48.379
G0 X51.495 Y47.568
G0 X50.564 Y47.204
G0 X49.598 Y47.177
G0 X47.566 Y48.035
G1 F780 X46.603 Y48.998 E90.53327
G0 F7200 X46.378 Y48.657
G1 F780 X48.913 Y46.122 E90.62269
G1 X48.952 Y46.083
G1 X51.895 Y43.14 E90.72652
G0 F7200 X51.33 Y43.14
G1 F780 X49.328 Y45.142 E90.79714
G0 F7200 X49.307 Y44.597
G1 F780 X50.764 Y43.14 E90.84854
G0 F7200 X50.198 Y43.14
G1 F780 X49.172 Y44.166 E90.88474
G0 F7200 X48.964 Y43.809
G1 F780 X49.633 Y43.14 E90.90834
G0 F7200 X49.067 Y43.14
G1 F780 X48.693 Y43.513 E90.92151
G0 F7200 X48.357 Y43.284
G1 F780 X48.501 Y43.14 E90.92659
G0 F7200 X49.041 Y44.566
G0 X46.973 Y49.193
G1 F780 X46.795 Y49.372 E90.93289
G0 F7200 X46.85 Y49.369
;MESH:NONMESH
G0 F600 Z0.9
G0 F7200 X48.34 Y46.322
G0 X48.142 Y46.082
;TIME_ELAPSED:212.658496
;LAYER:4
;TYPE:WALL-INNER
;MESH:cherry_mx_socket_fix-pins_led_diode.stl
G1 F2040 X47.984 Y46.16 E90.93729
G1 X47.535 Y46.266 E90.9488
G1 X47.072 Y46.214 E90.96042
G1 X46.761 Y46.077 E90.96889
G1 X46.479 Y45.845 E90.978
G1 X46.28 Y45.583 E90.98621
G1 X46.129 Y45.144 E90.99779
G1 X46.142 Y44.631 E91.01059
G1 X46.362 Y44.141 E91.02399
G1 X46.513 Y43.958 E91.02991
G1 X46.876 Y43.704 E91.04096
G1 X47.208 Y43.593 E91.04969
G1 X47.48 Y43.568 E91.05651
G1 X47.946 Y43.665 E91.06838
G1 X48.183 Y43.785 E91.07501
G1 X48.434 Y43.993 E91.08314
G1 X48.595 Y44.199 E91.08966
G1 X48.735 Y44.495 E91.09783
G1 X48.792 Y44.752 E91.1044
G1 X48.753 Y45.299 E91.11808
G1 X48.52 Y45.757 E91.13089
G1 X48.142 Y46.082 E91.14333
G0 F7200 X48.34 Y46.322
G0 X46.494 Y50.678
G0 X45.516 Y51.653
G0 X45.452 Y51.347
G1 F2040 X45.031 Y51.439 E91.15408
G1 X44.836 Y51.443 E91.15894
G1 X44.453 Y51.364 E91.1687
G1 X44.249 Y51.28 E91.1742
G1 X43.863 Y50.983 E91.18635
G1 X43.655 Y50.699 E91.19513
G1 X43.552 Y50.466 E91.20149
G1 X43.468 Y49.996 E91.2134
G1 X43.552 Y49.531 E91.22518
G1 X43.784 Y49.101 E91.23737
G1 X44.217 Y48.735 E91.25152
G1 X44.45 Y48.632 E91.25787
G1 X44.991 Y48.552 E91.27151
G1 X45.478 Y48.659 E91.28395
G1 X45.879 Y48.912 E91.29578
G1 X46.251 Y49.394 E91.31097
G1 X46.366 Y49.939 E91.32486
G1 X46.284 Y50.466 E91.33816
G1 X46.222 Y50.636 E91.34268
G1 X45.927 Y51.034 E91.35504
G1 X45.452 Y51.347 E91.36923
G0 F7200 X45.516 Y51.653
G0 X44.823 Y55.08
G0 X45.152 Y55.963
G0 X45.939 Y56.419
G0 X47.001 Y56.223
G0 X46.808 Y55.983
G1 F2040 X46.396 Y56.16 E91.38041
G1 X46.088 Y56.168 E91.3881
G1 X45.764 Y56.092 E91.3964
G1 X45.578 Y55.987 E91.40173
G1 X45.289 Y55.709 E91.41173
G1 X45.178 Y55.517 E91.41726
G1 X45.088 Y55.08 E91.42839
G1 X45.139 Y54.762 E91.43643
G1 X45.218 Y54.563 E91.44177
G1 X45.402 Y54.314 E91.44949
G1 X45.66 Y54.116 E91.4576
G1 X45.957 Y54.002 E91.46554
G1 X46.41 Y53.999 E91.47684
G1 X46.69 Y54.1 E91.48426
G1 X47.018 Y54.357 E91.49466
G1 X47.158 Y54.563 E91.50087
G1 F2060.6 X47.233 Y54.763 E91.50615
G1 F2136.1 X47.272 Y55.131 E91.51496
G1 F2114 X47.158 Y55.593 E91.52642
G1 F2040 X47.022 Y55.794 E91.53247
G1 X46.808 Y55.983 E91.53959
G0 F7200 X47.001 Y56.223
G0 X48.479 Y56.419
G0 X49.541 Y56.223
G0 X49.348 Y55.983
G1 F2040 X48.936 Y56.16 E91.55078
G1 X48.628 Y56.168 E91.55847
G1 X48.304 Y56.092 E91.56677
G1 X47.894 Y55.794 E91.57941
G1 X47.758 Y55.593 E91.58546
G1 F2114 X47.644 Y55.131 E91.59692
G1 F2136.1 X47.683 Y54.763 E91.60573
G1 F2060.6 X47.758 Y54.563 E91.61101
G1 F2040 X47.898 Y54.357 E91.61722
G1 X48.179 Y54.129 E91.62625
G1 X48.499 Y54.001 E91.63485
G1 X48.89 Y53.99 E91.6446
G1 X49.175 Y54.076 E91.65203
G1 X49.558 Y54.357 E91.66388
G1 X49.698 Y54.563 E91.67009
G1 F2060.6 X49.773 Y54.763 E91.67537
G1 F2136.1 X49.812 Y55.131 E91.68418
G1 F2114 X49.698 Y55.593 E91.69564
G1 F2040 X49.562 Y55.794 E91.70169
G1 X49.348 Y55.983 E91.70881
G0 F7200 X49.541 Y56.223
G0 X51.019 Y56.419
G0 X52.081 Y56.223
G0 X51.888 Y55.983
G1 F2040 X51.476 Y56.16 E91.72
G1 X51.168 Y56.168 E91.72769
G1 X50.844 Y56.092 E91.73599
G1 X50.434 Y55.794 E91.74863
G1 X50.298 Y55.593 E91.75469
G1 F2114 X50.184 Y55.131 E91.76614
G1 F2136.1 X50.223 Y54.763 E91.77496
G1 F2060.6 X50.298 Y54.563 E91.78023
G1 F2040 X50.438 Y54.357 E91.78644
G1 X50.751 Y54.11 E91.79639
G1 X51.024 Y54.005 E91.80369
G1 X51.372 Y53.988 E91.81238
G1 X51.568 Y54.02 E91.81733
G1 X51.822 Y54.129 E91.82423
G1 X52.098 Y54.357 E91.83316
G1 X52.238 Y54.563 E91.83937
G1 F2060.6 X52.313 Y54.763 E91.84464
G1 F2136.1 X52.352 Y55.131 E91.85346
G1 F2114 X52.238 Y55.593 E91.86492
G1 F2040 X52.102 Y55.794 E91.87097
G1 X51.888 Y55.983 E91.87809
G0 F7200 X52.081 Y56.223
G0 X53.559 Y56.419
G0 X54.621 Y56.223
G0 X54.428 Y55.983
G1 F2040 X54.016 Y56.16 E91.88928
G1 X53.708 Y56.168 E91.89696
G1 X53.384 Y56.092 E91.90526
G1 X52.974 Y55.794 E91.91791
G1 X52.838 Y55.593 E91.92396
G1 F2114 X52.724 Y55.131 E91.93542
G1 F2136.1 X52.763 Y54.763 E91.94423
G1 F2060.6 X52.838 Y54.563 E91.94951
G1 F2040 X52.978 Y54.357 E91.95572
G1 X53.273 Y54.12 E91.96516
G1 X53.607 Y53.996 E91.97405
G1 X54.043 Y54.002 E91.98492
G1 X54.344 Y54.118 E91.99297
G1 X54.594 Y54.314 E92.0009
G1 X54.778 Y54.563 E92.00862
G1 X54.857 Y54.762 E92.01396
G1 X54.908 Y55.08 E92.02199
G1 X54.819 Y55.516 E92.03309
G1 X54.707 Y55.709 E92.03866
G1 X54.428 Y55.983 E92.04841
G0 F7200 X54.621 Y56.223
G0 X55.96 Y51.512
G0 X55.779 Y51.261
G1 F2040 X55.547 Y51.364 E92.05475
G1 X55.171 Y51.442 E92.06433
G1 X54.957 Y51.436 E92.06967
G1 X54.548 Y51.347 E92.08011
G1 X54.064 Y51.033 E92.0945
G1 X53.729 Y50.529 E92.1096
G1 X53.629 Y49.96 E92.12401
G1 X53.725 Y49.483 E92.13614
G1 X53.945 Y49.101 E92.14714
G1 F1933.6 X54.393 Y48.699 E92.16298
G1 X53.796 Y48.807 E92.17895
G1 F2040 X53.363 Y48.733 E92.18991
G1 X53.158 Y48.642 E92.1955
G1 F1762.4 X52.702 Y48.335 E92.21137
G1 F1560.2 X52.576 Y48.146 E92.21878
G1 F1773.9 X52.469 Y47.543 E92.23635
G1 F2040 X52.504 Y47.068 E92.24823
G1 X52.81 Y46.548 E92.26328
G1 X53.224 Y46.245 E92.27608
G1 X53.556 Y46.133 E92.28482
G1 X53.832 Y46.108 E92.29173
G1 X54.449 Y46.268 E92.30763
G1 X54.782 Y46.533 E92.31825
G1 X54.943 Y46.739 E92.32477
G1 X55.083 Y47.035 E92.33294
G1 X55.14 Y47.292 E92.33951
G1 X55.103 Y47.831 E92.35298
G1 X54.834 Y48.335 E92.36723
G1 F1888.9 X54.55 Y48.615 E92.37798
G1 X55.151 Y48.552 E92.39426
G1 F2040 X55.717 Y48.696 E92.40883
G1 X56.132 Y49.013 E92.42185
G1 X56.34 Y49.297 E92.43063
G1 X56.444 Y49.529 E92.43698
G1 X56.516 Y49.872 E92.44572
G1 X56.52 Y50.1 E92.45141
G1 X56.444 Y50.466 E92.46073
G1 X56.357 Y50.675 E92.46638
G1 X56.063 Y51.052 E92.47831
G1 X55.779 Y51.261 E92.4871
G0 F7200 X55.959 Y51.513
G0 X55.08 Y51.718
G0 X53.918 Y51.259
G0 X53.362 Y50
G0 X53.66 Y49.057
G0 X54.393 Y48.699
G1 F1797.4 X54.55 Y48.615 E92.49214
G0 F7200 X55.194 Y48.283
G0 X56.242 Y48.74
G0 X56.77 Y49.867
G0 X57.09 Y57.12
G0 X57.4 Y57.4
G1 F2040 X57.4 Y42.6 E92.86133
G1 X42.6 Y42.6 E93.23052
G1 X42.6 Y57.4 E93.59971
G1 X57.4 Y57.4 E93.96889
G0 F7200 X57.12 Y57.12
G0 X54.848 Y54.197
G0 X51.088 Y52.692
G0 X50.946 Y52.417
G1 F2040 X50.392 Y52.569 E93.98322
G1 X50.035 Y52.596 E93.99215
G1 X49.47 Y52.544 E94.00631
G1 X49.069 Y52.426 E94.01673
G1 X48.627 Y52.208 E94.02903
G1 X48.111 Y51.793 E94.04555
G1 X47.857 Y51.479 E94.05562
G1 X47.549 Y50.888 E94.07225
G1 X47.417 Y50.311 E94.08701
G1 X47.402 Y49.941 E94.09625
G1 X47.447 Y49.499 E94.10733
G1 X47.555 Y49.113 E94.11733
G1 X47.821 Y48.581 E94.13217
G1 X48.212 Y48.1 E94.14763
G1 X48.576 Y47.828 E94.15896
G1 X49.095 Y47.559 E94.17355
G1 X49.582 Y47.432 E94.1861
G1 X50.055 Y47.402 E94.19792
G1 X50.568 Y47.462 E94.21081
G1 X50.904 Y47.562 E94.21955
G1 X51.415 Y47.821 E94.23384
G1 F1897.7 X52.117 Y48.386 E94.25801
G1 F1655.2 X52.255 Y48.608 E94.26605
G1 F1762.4 X52.467 Y49.186 E94.28382
G1 F2040 X52.579 Y49.688 E94.29665
G1 X52.594 Y50.055 E94.30581
G1 X52.549 Y50.496 E94.31687
G1 X52.445 Y50.885 E94.32692
G1 X52.211 Y51.364 E94.34021
G1 X51.819 Y51.852 E94.35583
G1 X51.486 Y52.131 E94.36667
G1 X50.946 Y52.417 E94.38191
G0 F7200 X50.74 Y52.071
;TYPE:WALL-OUTER
G1 F1020 X50.315 Y52.177 E94.39284
G1 X49.98 Y52.196 E94.40121
G1 X49.551 Y52.152 E94.41196
G1 X49.275 Y52.078 E94.41909
G1 X48.873 Y51.889 E94.43017
G1 X48.409 Y51.52 E94.44496
G1 X48.204 Y51.273 E94.45297
G1 X47.921 Y50.731 E94.46822
G1 X47.821 Y50.324 E94.47867
G1 X47.8 Y49.98 E94.48727
G1 X47.842 Y49.561 E94.49778
G1 X47.934 Y49.243 E94.50603
G1 X48.119 Y48.851 E94.51685
G1 X48.476 Y48.409 E94.53102
G1 X48.723 Y48.207 E94.53898
G1 X49.25 Y47.927 E94.55387
G1 X49.676 Y47.821 E94.56482
G1 X50.016 Y47.8 E94.57331
G1 X50.446 Y47.844 E94.5841
G1 X50.758 Y47.935 E94.5922
G1 X51.146 Y48.12 E94.60293
G1 X51.587 Y48.476 E94.61706
G1 X51.8 Y48.738 E94.62549
G1 X52.064 Y49.239 E94.63961
G1 X52.175 Y49.676 E94.65086
G1 X52.196 Y50.016 E94.65936
G1 X52.15 Y50.456 E94.67039
G1 X52.078 Y50.724 E94.67732
G1 X51.876 Y51.146 E94.68899
G1 X51.491 Y51.616 E94.70414
G1 X51.264 Y51.799 E94.71142
G1 X50.74 Y52.071 E94.72614
G0 F7200 X50.546 Y52.119
G0 X50.712 Y52.811
G0 X54.461 Y53.885
G0 X55.072 Y54.569
G0 X55.072 Y55.591
G0 X54.461 Y56.275
G0 X51.805 Y56.382
G0 X51.566 Y55.714
G1 F1020 X51.407 Y55.766 E94.73032
G1 X51.168 Y55.768 E94.73628
G1 X50.974 Y55.714 E94.7413
G1 X50.731 Y55.526 E94.74896
G1 X50.612 Y55.316 E94.75499
G1 X50.568 Y55.098 E94.76053
G1 X50.611 Y54.84 E94.76706
G1 X50.732 Y54.628 E94.77315
G1 X50.943 Y54.46 E94.77988
G1 X51.143 Y54.389 E94.78517
G1 X51.438 Y54.398 E94.79253
G1 X51.588 Y54.455 E94.79653
G1 X51.804 Y54.628 E94.80344
G1 X51.925 Y54.84 E94.80953
G1 X51.968 Y55.098 E94.81605
G1 X51.898 Y55.382 E94.82335
G1 X51.805 Y55.526 E94.82762
G1 X51.566 Y55.714 E94.83521
G0 F7200 X51.407 Y55.766
G0 X51.374 Y55.766
G0 X51.374 Y56.48
G0 X49.265 Y56.382
G0 X49.026 Y55.714
G1 F1020 X48.867 Y55.766 E94.83938
G1 X48.628 Y55.768 E94.84534
G1 X48.434 Y55.714 E94.85037
G1 X48.191 Y55.526 E94.85803
G1 X48.072 Y55.316 E94.86405
G1 X48.028 Y55.098 E94.8696
G1 X48.071 Y54.84 E94.87613
G1 X48.192 Y54.628 E94.88221
G1 X48.393 Y54.467 E94.88864
G1 X48.585 Y54.392 E94.89378
G1 X48.852 Y54.388 E94.90044
G1 X49.032 Y54.449 E94.90518
G1 X49.264 Y54.628 E94.91249
G1 X49.385 Y54.84 E94.91858
G1 X49.428 Y55.098 E94.92511
G1 X49.358 Y55.382 E94.9324
G1 X49.265 Y55.526 E94.93668
G1 X49.026 Y55.714 E94.94426
G0 F7200 X48.867 Y55.766
G0 X48.834 Y55.766
G0 X48.834 Y56.48
G0 X46.725 Y56.382
G0 X46.486 Y55.714
G1 F1020 X46.327 Y55.766 E94.94844
G1 X46.088 Y55.768 E94.9544
G1 X45.832 Y55.679 E94.96116
G1 X45.629 Y55.498 E94.96794
G1 X45.544 Y55.357 E94.97205
G1 X45.491 Y55.04 E94.98007
G1 X45.558 Y54.774 E94.98691
G1 X45.667 Y54.614 E94.99174
G1 X45.86 Y54.462 E94.99787
G1 X46.044 Y54.392 E95.00278
G1 X46.332 Y54.391 E95.00996
G1 X46.547 Y54.481 E95.01578
G1 X46.724 Y54.628 E95.02152
G1 X46.845 Y54.84 E95.02761
G1 X46.888 Y55.098 E95.03413
G1 X46.818 Y55.382 E95.04143
G1 X46.725 Y55.526 E95.0457
G1 X46.486 Y55.714 E95.05329
G0 F7200 X46.327 Y55.766
G0 X46.294 Y55.766
G0 X46.294 Y56.48
G0 X45.152 Y55.963
G0 X44.843 Y55.177
G0 X45.473 Y51.662
G0 X45.327 Y50.967
G1 F1020 X44.892 Y51.047 E95.06432
G1 X44.467 Y50.944 E95.07523
G1 X44.186 Y50.747 E95.08379
G1 X43.944 Y50.385 E95.09465
G1 X43.868 Y49.996 E95.10454
G1 X43.972 Y49.547 E95.11604
G1 X44.169 Y49.266 E95.1246
G1 X44.453 Y49.058 E95.13338
G1 X44.893 Y48.949 E95.14469
G1 X45.362 Y49.045 E95.15663
G1 X45.619 Y49.216 E95.16433
G1 X45.886 Y49.586 E95.17571
G1 X45.968 Y49.977 E95.18568
G1 X45.872 Y50.442 E95.19752
G1 X45.675 Y50.724 E95.2061
G1 X45.327 Y50.967 E95.21669
G0 F7200 X45.131 Y51.003
G0 X45.279 Y51.704
G0 X46.18 Y51.162
G0 X48.348 Y46.315
G0 X47.894 Y45.766
G1 F1020 X47.499 Y45.868 E95.22687
G1 X47.178 Y45.828 E95.23493
G1 X46.973 Y45.738 E95.24052
G1 X46.757 Y45.557 E95.24755
G1 X46.624 Y45.379 E95.25309
G1 X46.529 Y45.102 E95.2604
G1 X46.538 Y44.687 E95.27075
G1 X46.765 Y44.268 E95.28264
G1 X47.014 Y44.08 E95.29042
G1 X47.293 Y43.984 E95.29778
G1 X47.48 Y43.968 E95.30246
G1 X47.849 Y44.053 E95.31191
G1 X48.18 Y44.301 E95.32223
G1 X48.373 Y44.666 E95.33253
G1 X48.389 Y45.122 E95.34391
G1 X48.228 Y45.476 E95.35361
G1 X47.894 Y45.766 E95.36464
G0 F7200 X47.701 Y45.816
G0 X47.876 Y46.508
G0 X50.969 Y47.317
G0 X52.989 Y48.842
G0 X54.198 Y48.323
G1 F1020 X53.82 Y48.408 E95.37431
G1 X53.561 Y48.375 E95.38082
G1 X53.34 Y48.286 E95.38676
G1 X53.085 Y48.075 E95.39502
G1 X52.974 Y47.916 E95.39986
G1 X52.875 Y47.634 E95.40731
G1 X52.891 Y47.216 E95.41775
G1 X53.099 Y46.825 E95.4288
G1 X53.362 Y46.62 E95.43711
G1 X53.641 Y46.524 E95.44447
G1 X53.832 Y46.508 E95.44926
G1 X54.249 Y46.614 E95.45999
G1 X54.528 Y46.841 E95.46896
G1 X54.721 Y47.206 E95.47926
G1 X54.737 Y47.659 E95.49057
G1 X54.545 Y48.059 E95.50163
G1 X54.198 Y48.323 E95.51251
G0 F7200 X54.003 Y48.366
G0 X53.66 Y49.057
G0 X53.362 Y50
G0 X53.918 Y51.259
G0 X55.012 Y51.704
G0 X55.959 Y51.513
G0 X55.543 Y50.938
G1 F1020 X55.111 Y51.046 E95.52362
G1 X54.673 Y50.967 E95.53472
G1 X54.378 Y50.781 E95.54342
G1 X54.109 Y50.406 E95.55493
G1 X54.028 Y50.014 E95.56492
G1 X54.108 Y49.598 E95.57549
G1 X54.321 Y49.273 E95.58518
G1 X54.674 Y49.028 E95.5959
G1 X55.104 Y48.949 E95.6068
G1 X55.5 Y49.034 E95.61691
G1 X55.81 Y49.249 E95.62632
G1 X56.052 Y49.611 E95.63718
G1 X56.126 Y50.031 E95.64782
G1 X56.023 Y50.455 E95.6587
G1 X55.827 Y50.73 E95.66713
G1 X55.543 Y50.938 E95.67591
G0 F7200 X55.349 Y50.986
G0 X55.497 Y51.691
G0 X55.177 Y55.08
G0 X54.615 Y56.229
G0 X54.17 Y55.677
G1 F1020 X53.947 Y55.766 E95.6819
G1 X53.708 Y55.768 E95.68786
G1 X53.514 Y55.714 E95.69288
G1 X53.271 Y55.526 E95.70055
G1 X53.152 Y55.316 E95.70657
G1 X53.108 Y55.098 E95.71211
G1 X53.151 Y54.84 E95.71864
G1 X53.272 Y54.628 E95.72473
G1 X53.477 Y54.464 E95.73128
G1 X53.674 Y54.39 E95.73653
G1 X53.934 Y54.389 E95.74301
G1 X54.142 Y54.463 E95.74852
G1 X54.329 Y54.614 E95.75452
G1 X54.465 Y54.84 E95.7611
G1 X54.506 Y55.115 E95.76803
G1 X54.452 Y55.356 E95.77419
G1 X54.367 Y55.498 E95.77832
G1 X54.17 Y55.677 E95.78496
G0 F7200 X53.985 Y55.751
G1 F1500 E89.28496
G0 F7200 X54.226 Y56.425
G0 X57.52 Y57.52
G0 X57.8 Y57.8
G1 F1500 E95.78496
G1 F1020 X57.8 Y42.2 E96.1741
G1 X42.2 Y42.2 E96.56325
G1 X42.2 Y57.8 E96.95239
G1 X57.8 Y57.8 E97.34153
G0 F7200 X57.8 Y57.6
G0 X57.12 Y57.12
G0 X54.848 Y54.197
G0 X54.061 Y53.741
G0 X51.019 Y53.741
G0 X44.242 Y51.574
G0 X43.081 Y50.548
;TYPE:SKIN
G1 F492.1 X43.034 Y49.996 E97.36344
G1 F492.9 X43.078 Y49.451 E97.38502
G0 F7200 X43.66 Y48.838
G0 X48.081 Y46.487
G1 F780 X48.351 Y46.348 E97.3926
G1 X48.788 Y45.967 E97.40706
G1 X49.064 Y45.432 E97.42208
G1 X49.128 Y45.148 E97.42934
G1 X49.128 Y44.715 E97.44014
G1 X49.052 Y44.379 E97.44873
G1 X48.905 Y44.058 E97.45754
G1 X48.674 Y43.756 E97.46702
G1 X48.405 Y43.526 E97.47585
G1 X48.01 Y43.327 E97.48689
G1 F834.2 X47.509 Y43.257 E97.49869
G1 F876.4 X47.123 Y43.282 E97.50727
G1 F814.6 X46.774 Y43.377 E97.51591
G1 F780 X46.311 Y43.682 E97.52974
G1 X46.081 Y43.948 E97.53851
G1 X45.908 Y44.26 E97.54741
G1 X45.805 Y44.583 E97.55587
G1 X45.791 Y45.198 E97.57122
G1 X45.988 Y45.76 E97.58607
G1 X46.174 Y46.015 E97.59394
G1 X46.558 Y46.349 E97.60664
G1 X46.972 Y46.541 E97.61802
G1 X47.555 Y46.605 E97.63265
G1 X48.081 Y46.487 E97.6461
G0 F7200 X53.901 Y45.852
G0 X55.034 Y46.422
G0 X56.918 Y49.446
G1 F487.5 X56.962 Y49.996 E97.66812
G1 X56.918 Y50.547 E97.69018
G0 F7200 X56.34 Y51.162
G0 X50.981 Y52.77
G1 F780 X51.69 Y52.401 E97.71012
G1 X52.054 Y52.093 E97.72202
G1 X52.452 Y51.608 E97.73767
G1 X52.765 Y50.991 E97.75493
G1 X52.866 Y50.628 E97.76433
G1 F804.1 X52.919 Y50.091 E97.77738
G1 F729 X52.892 Y49.365 E97.79677
G1 F650 X52.772 Y48.859 E97.81234
G1 X53.111 Y49.056 E97.82408
G1 X53.487 Y49.137 E97.83559
G1 X53.36 Y49.368 E97.84348
G1 F687.2 X53.286 Y50.005 E97.86164
G1 F753.6 X53.406 Y50.637 E97.87825
G1 F780 X53.476 Y50.8 E97.88267
G1 X53.816 Y51.268 E97.8971
G1 X54.419 Y51.658 E97.91501
G1 X54.919 Y51.772 E97.92781
G1 X55.202 Y51.776 E97.93487
G1 X55.608 Y51.697 E97.94519
G1 X55.949 Y51.552 E97.95443
G1 X56.256 Y51.329 E97.96389
G1 X56.624 Y50.877 E97.97843
G1 F575.6 X56.918 Y50.547 E97.99337
G1 F571.4 X57.06 Y50.938 E98.00754
G1 F772.3 X57.06 Y57.06 E98.16178
G1 F780 X54.55 Y57.06 E98.22439
G1 F704.3 X54.123 Y57.017 E98.23625
G1 F644.6 X53.607 Y57.019 E98.25182
G1 F705.9 X53.217 Y57.06 E98.26263
G1 F780 X52.01 Y57.06 E98.29274
G1 F704.3 X51.583 Y57.017 E98.3046
G1 F644.6 X51.067 Y57.019 E98.32017
G1 F705.9 X50.677 Y57.06 E98.33098
G1 F780 X49.47 Y57.06 E98.36109
G1 F704.3 X49.043 Y57.017 E98.37294
G1 F644.6 X48.527 Y57.019 E98.38852
G1 F705.9 X48.137 Y57.06 E98.39933
G1 F780 X46.93 Y57.06 E98.42944
G1 F704.3 X46.503 Y57.017 E98.44129
G1 F644.6 X45.987 Y57.019 E98.45687
G1 F705.9 X45.597 Y57.06 E98.46768
G1 F780 X42.941 Y57.059 E98.53393
G1 X42.94 Y50.95 E98.68632
G1 F577.8 X43.081 Y50.548 E98.70067
G1 X43.36 Y50.864 E98.71486
G1 F780 X43.582 Y51.175 E98.7244
G1 X43.824 Y51.412 E98.73285
G1 X44.34 Y51.678 E98.74733
G1 X44.804 Y51.78 E98.75918
G1 X45.095 Y51.773 E98.76644
G1 X45.559 Y51.669 E98.7783
G1 X46.148 Y51.291 E98.79576
G1 X46.504 Y50.821 E98.81047
G1 X46.609 Y50.561 E98.81746
G1 F798 X46.692 Y49.884 E98.83409
G1 X46.585 Y49.333 E98.84778
G1 F780 X46.178 Y48.73 E98.86593
G1 X45.605 Y48.34 E98.88322
G1 X45.012 Y48.208 E98.89837
G1 X44.396 Y48.293 E98.91388
G1 X44.009 Y48.462 E98.92442
G1 F718.9 X43.633 Y48.738 E98.93704
G1 F619 X43.064 Y49.469 E98.96616
G1 F663.8 X42.941 Y48.798 E98.98615
G1 F780 X42.94 Y42.94 E99.13228
G1 X46.705 Y42.94 E99.2262
G1 F838.7 X47.476 Y42.912 E99.2441
G1 X48.047 Y42.941 E99.25736
G1 F780 X57.06 Y42.94 E99.48219
G1 X57.06 Y49.028 E99.63406
G1 F575.6 X56.918 Y49.446 E99.64898
G1 X56.627 Y49.121 E99.66372
G1 F780 X56.387 Y48.787 E99.67398
G1 X56.195 Y48.603 E99.68062
G1 X55.794 Y48.356 E99.69236
G1 X55.277 Y48.232 E99.70563
G1 X55.411 Y47.971 E99.71295
G1 X55.479 Y47.683 E99.72033
G1 X55.476 Y47.255 E99.731
G1 X55.4 Y46.919 E99.7396
G1 X55.253 Y46.598 E99.7484
G1 X55.026 Y46.3 E99.75775
G1 X54.617 Y45.974 E99.7708
G1 X54.401 Y45.883 E99.77664
G1 X53.832 Y45.768 E99.79112
G1 X53.509 Y45.796 E99.79921
G1 X53.118 Y45.917 E99.80942
G1 X52.854 Y46.067 E99.817
G1 X52.563 Y46.313 E99.8265
G1 X52.248 Y46.829 E99.84158
G1 X52.16 Y47.089 E99.84843
G1 X52.128 Y47.517 E99.85913
G1 X52.177 Y48.001 E99.87127
G1 X51.516 Y47.47 E99.89242
G1 X50.955 Y47.217 E99.90777
G1 X50.571 Y47.114 E99.91769
G1 X50.027 Y47.06 E99.93133
G1 X49.524 Y47.096 E99.94391
G1 X48.949 Y47.247 E99.95873
G1 X48.411 Y47.526 E99.97385
G1 X47.963 Y47.857 E99.98775
G1 X47.496 Y48.446 E100.0065
G1 X47.243 Y48.969 E100.02099
G1 X47.108 Y49.455 E100.03357
G1 X47.076 Y50.388 E100.05686
G1 X47.238 Y51.025 E100.07326
G1 X47.546 Y51.617 E100.0899
G1 X47.917 Y52.072 E100.10455
G1 X48.451 Y52.498 E100.12159
G1 X48.951 Y52.745 E100.1355
G1 X49.412 Y52.876 E100.14745
G1 X50.001 Y52.932 E100.16221
G1 X50.463 Y52.902 E100.17376
G1 X50.981 Y52.77 E100.1871
G0 F7200 X48.079 Y53.885
G0 X47.46 Y54.702
G0 X47.458 Y54.911
G1 F917.6 X47.456 Y55.428 E100.19806
G0 F7200 X47.46 Y55.598
G0 X47.536 Y56.539
G1 F489 X47.497 Y56.607 E100.20118
G1 X47.418 Y56.607 E100.20432
G1 X47.378 Y56.539 E100.20746
G1 X47.417 Y56.471 E100.21058
G1 X47.496 Y56.471 E100.21372
G1 X47.536 Y56.539 E100.21686
G0 F7200 X50.076 Y56.539
G1 F489 X50.037 Y56.607 E100.21998
G1 X49.958 Y56.607 E100.22312
G1 X49.918 Y56.539 E100.22626
G1 X49.957 Y56.471 E100.22938
G1 X50.036 Y56.471 E100.23252
G1 X50.076 Y56.539 E100.23566
G0 F7200 X50 Y55.598
G0 X49.996 Y55.428
G1 F917.6 X49.998 Y54.911 E100.24663
G0 F7200 X50 Y54.702
G0 X50.619 Y53.885
G0 X51.521 Y53.741
G0 X52.308 Y54.197
G0 X52.538 Y54.911
G1 F917.6 X52.536 Y55.428 E100.25759
G0 F7200 X52.54 Y55.598
G0 X52.616 Y56.539
G1 F489 X52.577 Y56.607 E100.26071
G1 X52.498 Y56.607 E100.26385
G1 X52.458 Y56.539 E100.26699
G1 X52.497 Y56.471 E100.27011
G1 X52.576 Y56.471 E100.27325
G1 X52.616 Y56.539 E100.27639
G0 F7200 X54.082 Y56.536
G1 F704.3 X54.621 Y56.258 E100.29314
G1 F780 X54.97 Y55.918 E100.3053
G1 X55.128 Y55.652 E100.31302
G1 X55.248 Y55.076 E100.32769
G1 X55.194 Y54.709 E100.33695
G1 X55.078 Y54.408 E100.34499
G1 X54.814 Y54.054 E100.35601
G1 X54.496 Y53.812 E100.36598
G1 X54.03 Y53.656 E100.37824
G1 X53.549 Y53.658 E100.39023
G1 X53.089 Y53.829 E100.40248
G1 X52.709 Y54.146 E100.41482
G1 X52.536 Y54.412 E100.42274
G1 X52.325 Y54.106 E100.43201
G1 X52.007 Y53.842 E100.44232
G1 X51.701 Y53.707 E100.45066
G1 X51.401 Y53.65 E100.45828
G1 X50.934 Y53.674 E100.46994
G1 X50.554 Y53.827 E100.48016
G1 X50.21 Y54.104 E100.49118
G1 X49.996 Y54.412 E100.50053
G1 X49.825 Y54.146 E100.50842
G1 X49.542 Y53.895 E100.51786
G1 X49.275 Y53.746 E100.52549
G1 X48.894 Y53.651 E100.53528
G1 X48.396 Y53.677 E100.54772
G1 X47.992 Y53.843 E100.55862
G1 X47.672 Y54.102 E100.56889
G1 X47.456 Y54.412 E100.57831
G1 X47.247 Y54.109 E100.58749
G1 X46.842 Y53.794 E100.60029
G1 X46.44 Y53.658 E100.61088
G1 X45.892 Y53.665 E100.62455
G1 X45.474 Y53.827 E100.63573
G1 X45.182 Y54.054 E100.64496
G1 X44.94 Y54.366 E100.65481
G1 X44.814 Y54.666 E100.66292
G1 X44.751 Y55.116 E100.67426
G1 X44.864 Y55.653 E100.68795
G1 X45.023 Y55.919 E100.69568
G1 X45.343 Y56.235 E100.7069
G1 X45.619 Y56.396 E100.71487
G1 F707.5 X46.041 Y56.543 E100.72716
G1 F644.6 X46.462 Y56.536 E100.73987
G1 F704.3 X47.001 Y56.258 E100.75662
G1 F780 X47.289 Y56.002 E100.76623
G1 F783.9 X47.429 Y55.777 E100.77281
G1 F847.8 X47.456 Y55.428 E100.78084
G1 X47.483 Y55.777 E100.78888
G1 F783.9 X47.625 Y55.999 E100.79542
G1 F780 X47.893 Y56.24 E100.80441
G1 X48.157 Y56.394 E100.81203
G1 F707.5 X48.581 Y56.543 E100.82439
G1 F644.6 X49.002 Y56.536 E100.8371
G1 F704.3 X49.541 Y56.258 E100.85386
G1 F780 X49.829 Y56.002 E100.86347
G1 F783.9 X49.969 Y55.777 E100.87005
G1 F847.8 X49.996 Y55.428 E100.87808
G1 X50.023 Y55.777 E100.88611
G1 F783.9 X50.165 Y55.999 E100.89265
G1 F780 X50.433 Y56.24 E100.90164
G1 X50.697 Y56.394 E100.90927
G1 F707.5 X51.121 Y56.543 E100.92163
G1 F644.6 X51.542 Y56.536 E100.93434
G1 F704.3 X52.081 Y56.258 E100.95109
G1 F780 X52.369 Y56.002 E100.9607
G1 F783.9 X52.509 Y55.777 E100.96728
G1 F847.8 X52.536 Y55.428 E100.97531
G1 X52.563 Y55.777 E100.98335
G1 F783.9 X52.705 Y55.999 E100.98989
G1 F780 X52.973 Y56.24 E100.99888
G1 X53.237 Y56.394 E101.0065
G1 F707.5 X53.661 Y56.543 E101.01886
G1 F644.6 X54.082 Y56.536 E101.03157
G0 F7200 X43.282 Y56.858
G1 F780 X43.141 Y56.717 E101.03655
G0 F7200 X43.141 Y56.151
G1 F780 X43.848 Y56.858 E101.06149
G0 F7200 X44.413 Y56.858
G1 F780 X43.141 Y55.586 E101.10636
G0 F7200 X43.141 Y55.02
G1 F780 X44.979 Y56.858 E101.1712
G0 F7200 X45.545 Y56.858
G1 F780 X43.141 Y54.454 E101.25601
G0 F7200 X43.141 Y53.889
G1 F780 X44.592 Y55.34 E101.3072
G0 F7200 X44.59 Y54.772
G1 F780 X43.141 Y53.323 E101.35832
G0 F7200 X43.141 Y52.757
G1 F780 X44.737 Y54.354 E101.41464
G0 F7200 X44.964 Y54.014
G1 F780 X43.141 Y52.192 E101.47893
G0 F7200 X43.141 Y51.626
G1 F780 X45.257 Y53.742 E101.55358
G0 F7200 X45.636 Y53.556
G1 F780 X43.141 Y51.06 E101.64161
G1 X43.071 Y50.99
G0 F7200 X44.577 Y51.931
G1 F780 X46.11 Y53.464 E101.69569
G0 F7200 X46.775 Y53.563
G1 F780 X45.169 Y51.957 E101.75235
G0 F7200 X45.635 Y51.857
G1 F780 X47.653 Y53.875 E101.82354
G0 F7200 X47.981 Y53.638
G1 F780 X45.982 Y51.639 E101.89406
G0 F7200 X46.313 Y51.405
G1 F780 X48.396 Y53.487 E101.96753
G0 F7200 X48.94 Y53.466
G1 F780 X46.557 Y51.082 E102.05161
G0 F7200 X46.758 Y50.718
G1 F780 X47.013 Y50.973 E102.06061
G0 F7200 X46.965 Y49.227
G1 F780 X46.341 Y48.604 E102.0826
G1 X46.334 Y48.597
G1 X43.14 Y45.403 E102.19528
G0 F7200 X43.14 Y44.837
G1 F780 X47.107 Y48.805 E102.33524
G0 F7200 X47.289 Y48.421
G1 F780 X43.14 Y44.271 E102.48163
G0 F7200 X43.14 Y43.706
G1 F780 X47.524 Y48.09 E102.63629
G0 F7200 X47.773 Y47.773
G1 F780 X46.569 Y46.569 E102.67876
G1 X46.499 Y46.499
G0 F7200 X47.347 Y46.781
G1 F780 X48.084 Y47.518 E102.70476
G0 F7200 X48.423 Y47.292
G1 F780 X47.873 Y46.741 E102.72418
G0 F7200 X48.295 Y46.598
G1 F780 X48.796 Y47.099 E102.74185
G0 F7200 X49.226 Y46.963
G1 F780 X48.632 Y46.369 E102.76281
G0 F7200 X48.933 Y46.105
G1 F780 X49.715 Y46.886 E102.79038
G0 F7200 X50.278 Y46.884
G1 F780 X49.13 Y45.736 E102.83088
G0 F7200 X49.289 Y45.329
G1 F780 X50.97 Y47.011 E102.8902
G1 X51.04 Y47.081
G0 F7200 X51.847 Y47.322
G1 F780 X49.324 Y44.798 E102.97922
G1 X49.254 Y44.728
G0 F7200 X49.102 Y44.011
G1 F780 X52.005 Y46.914 E103.08163
G0 F7200 X52.192 Y46.535
G1 F780 X48.797 Y43.141 E103.20138
G0 F7200 X48.392 Y43.3
G1 F780 X48.232 Y43.141 E103.20701
G0 F7200 X49.363 Y43.141
G1 F780 X52.415 Y46.192 E103.31466
G0 F7200 X52.715 Y45.927
G1 F780 X49.929 Y43.141 E103.41294
G0 F7200 X50.494 Y43.141
G1 F780 X53.075 Y45.722 E103.50399
G0 F7200 X53.515 Y45.595
G1 F780 X51.06 Y43.141 E103.59058
G0 F7200 X51.626 Y43.141
G1 F780 X54.101 Y45.616 E103.67789
G1 X54.171 Y45.686
G0 F7200 X54.913 Y46.319
G0 X55.663 Y47.178
G1 F780 X56.861 Y48.375 E103.72014
G0 F7200 X56.861 Y47.81
G1 F780 X52.192 Y43.141 E103.88485
G0 F7200 X52.757 Y43.141
G1 F780 X56.861 Y47.244 E104.02961
G0 F7200 X56.861 Y46.678
G1 F780 X53.323 Y43.141 E104.15441
G0 F7200 X53.889 Y43.141
G1 F780 X56.861 Y46.113 E104.25925
G0 F7200 X56.861 Y45.547
G1 F780 X54.454 Y43.141 E104.34415
G0 F7200 X55.02 Y43.141
G1 F780 X56.861 Y44.981 E104.40908
G0 F7200 X56.861 Y44.415
G1 F780 X55.586 Y43.141 E104.45404
G0 F7200 X56.151 Y43.141
G1 F780 X56.861 Y43.85 E104.47907
G0 F7200 X56.861 Y43.284
G1 F780 X56.717 Y43.141 E104.48413
G0 F7200 X55.663 Y47.744
G1 F780 X56.861 Y48.941 E104.52638
G1 X56.931 Y49.011
G0 F7200 X56.726 Y51.069
G1 F780 X56.86 Y51.203 E104.5311
G0 F7200 X56.475 Y51.384
G1 F780 X56.86 Y51.769 E104.54469
G0 F7200 X56.86 Y52.334
G1 F780 X56.165 Y51.639 E104.5692
G0 F7200 X55.793 Y51.833
G1 F780 X56.86 Y52.9 E104.60684
G0 F7200 X56.86 Y53.466
G1 F780 X55.345 Y51.951 E104.66029
G0 F7200 X54.77 Y51.942
G1 F780 X56.86 Y54.031 E104.734
G0 F7200 X56.86 Y54.597
G1 F780 X53.681 Y51.419 E104.84613
G1 X53.667 Y51.404
G1 X53.032 Y50.77 E104.86852
G0 F7200 X52.89 Y51.193
G1 F780 X56.86 Y55.163 E105.00857
G0 F7200 X56.86 Y55.728
G1 F780 X52.698 Y51.566 E105.1554
G0 F7200 X52.467 Y51.901
G1 F780 X54.026 Y53.46 E105.21039
G0 F7200 X53.476 Y53.476
G1 F780 X52.211 Y52.211 E105.25502
G0 F7200 X51.907 Y52.472
G1 F780 X53.064 Y53.63 E105.29585
G0 F7200 X52.739 Y53.87
G1 F780 X51.566 Y52.697 E105.33723
G0 F7200 X51.194 Y52.891
G1 F780 X51.861 Y53.558 E105.36076
G0 F7200 X51.195 Y53.457
G1 F780 X50.769 Y53.032 E105.37578
G0 F7200 X50.285 Y53.114
G1 F780 X50.72 Y53.548 E105.3911
G0 F7200 X50.347 Y53.742
G1 F780 X49.711 Y53.105 E105.41356
G0 F7200 X49.009 Y52.969
G1 F780 X50.045 Y54.005 E105.45011
G1 X50.115 Y54.075
G0 F7200 X51.019 Y53.741
G0 X54.061 Y53.741
G0 X54.848 Y54.197
G0 X55.177 Y55.08
G0 X54.371 Y56.634
G1 F780 X54.597 Y56.86 E105.45808
G0 F7200 X54.729 Y56.426
G1 F780 X55.163 Y56.86 E105.47339
G0 F7200 X55.728 Y56.86
G1 F780 X55.018 Y56.149 E105.49845
G0 F7200 X55.255 Y55.821
G1 F780 X56.294 Y56.86 E105.53511
G0 F7200 X56.86 Y56.86
G1 F780 X55.391 Y55.391 E105.58693
G0 F7200 X55.416 Y54.85
G1 F780 X56.86 Y56.294 E105.63787
G1 X56.93 Y56.364
G0 F7200 X53.51 Y50.697
G0 X51.942 Y47.416
G1 F780 X51.848 Y47.322 E105.64119
G0 F7200 X47.003 Y46.46
G0 X45.78 Y45.78
G1 F780 X43.14 Y43.14 E105.73432
G0 F7200 X43.706 Y43.14
G1 F780 X45.596 Y45.03 E105.80099
G0 F7200 X45.627 Y44.495
G1 F780 X44.271 Y43.14 E105.84881
G0 F7200 X44.837 Y43.14
G1 F780 X45.78 Y44.082 E105.88206
G0 F7200 X46.001 Y43.738
G1 F780 X45.403 Y43.14 E105.90316
G0 F7200 X45.968 Y43.14
G1 F780 X46.288 Y43.459 E105.91443
G0 F7200 X46.534 Y43.14
G1 F780 X46.632 Y43.237 E105.91787
G0 F7200 X43.141 Y45.969
G1 F780 X45.221 Y48.049 E105.99125
G0 F7200 X44.663 Y48.057
G1 F780 X43.141 Y46.535 E106.04494
G0 F7200 X43.141 Y47.1
G1 F780 X44.203 Y48.162 E106.08241
G0 F7200 X43.829 Y48.354
G1 F780 X43.141 Y47.666 E106.10668
G0 F7200 X43.141 Y48.232
G1 F780 X43.515 Y48.606 E106.11987
G0 F7200 X43.273 Y48.93
G1 F780 X43.141 Y48.798 E106.12453
G0 F7200 X43.21 Y48.798
;MESH:NONMESH
G0 F600 Z1.05
G0 F7200 X48.341 Y46.32
G0 X48.144 Y46.081
;TIME_ELAPSED:256.854318
;LAYER:5
;TYPE:WALL-INNER
;MESH:cherry_mx_socket_fix-pins_led_diode.stl
G1 F2040 X47.982 Y46.161 E106.12903
G1 X47.592 Y46.258 E106.13906
G1 X47.071 Y46.214 E106.1521
G1 X46.761 Y46.077 E106.16056
G1 X46.479 Y45.845 E106.16966
G1 X46.28 Y45.583 E106.17787
G1 X46.129 Y45.144 E106.18945
G1 X46.142 Y44.631 E106.20225
G1 X46.362 Y44.141 E106.21565
G1 X46.513 Y43.958 E106.22157
G1 X46.876 Y43.704 E106.23262
G1 X47.208 Y43.593 E106.24135
G1 X47.48 Y43.568 E106.24817
G1 X47.946 Y43.665 E106.26004
G1 X48.183 Y43.785 E106.26667
G1 X48.434 Y43.993 E106.2748
G1 X48.595 Y44.199 E106.28132
G1 X48.735 Y44.495 E106.28949
G1 X48.792 Y44.752 E106.29606
G1 X48.753 Y45.299 E106.30974
G1 X48.52 Y45.757 E106.32255
G1 X48.144 Y46.081 E106.33494
G0 F7200 X48.341 Y46.32
G0 X46.494 Y50.678
G0 X45.516 Y51.653
G0 X45.452 Y51.347
G1 F2040 X45.031 Y51.439 E106.34569
G1 X44.836 Y51.443 E106.35055
G1 X44.453 Y51.364 E106.36031
G1 X44.249 Y51.28 E106.36581
G1 X43.863 Y50.983 E106.37796
G1 X43.655 Y50.699 E106.38674
G1 X43.552 Y50.466 E106.39309
G1 X43.468 Y49.996 E106.405
G1 X43.552 Y49.531 E106.41679
G1 X43.784 Y49.101 E106.42898
G1 X44.217 Y48.735 E106.44312
G1 X44.45 Y48.632 E106.44948
G1 X44.991 Y48.552 E106.46312
G1 X45.478 Y48.659 E106.47556
G1 X45.912 Y48.942 E106.48848
G1 X46.25 Y49.421 E106.50311
G1 X46.366 Y49.939 E106.51635
G1 X46.284 Y50.466 E106.52965
G1 X46.222 Y50.636 E106.53417
G1 X45.927 Y51.034 E106.54652
G1 X45.452 Y51.347 E106.56071
G0 F7200 X45.516 Y51.653
G0 X44.823 Y55.08
G0 X45.152 Y55.963
G0 X45.939 Y56.419
G0 X47.001 Y56.223
G0 X46.808 Y55.983
G1 F2040 X46.396 Y56.16 E106.5719
G1 X46.088 Y56.168 E106.57959
G1 X45.764 Y56.092 E106.58789
G1 X45.578 Y55.987 E106.59321
G1 X45.289 Y55.709 E106.60322
G1 X45.178 Y55.517 E106.60875
G1 X45.088 Y55.08 E106.61988
G1 X45.139 Y54.762 E106.62791
G1 X45.218 Y54.563 E106.63325
G1 X45.402 Y54.314 E106.64098
G1 X45.66 Y54.116 E106.64909
G1 X45.957 Y54.002 E106.65703
G1 X46.388 Y53.995 E106.66778
G1 X46.743 Y54.13 E106.67725
G1 X47.018 Y54.357 E106.68615
G1 X47.158 Y54.563 E106.69236
G1 F2060.6 X47.233 Y54.763 E106.69764
G1 F2136.1 X47.272 Y55.131 E106.70645
G1 F2114 X47.158 Y55.593 E106.71791
G1 F2040 X47.022 Y55.794 E106.72396
G1 X46.808 Y55.983 E106.73108
G0 F7200 X47.001 Y56.223
G0 X48.479 Y56.419
G0 X49.541 Y56.223
G0 X49.348 Y55.983
G1 F2040 X48.936 Y56.16 E106.74227
G1 X48.628 Y56.168 E106.74995
G1 X48.304 Y56.092 E106.75826
G1 X47.894 Y55.794 E106.7709
G1 X47.758 Y55.593 E106.77695
G1 F2114 X47.644 Y55.131 E106.78841
G1 F2136.1 X47.683 Y54.763 E106.79722
G1 F2060.6 X47.758 Y54.563 E106.8025
G1 F2040 X47.898 Y54.357 E106.80871
G1 X48.177 Y54.13 E106.81768
G1 X48.469 Y54.009 E106.82557
G1 X48.967 Y54.003 E106.83799
G1 X49.325 Y54.159 E106.84773
G1 X49.558 Y54.357 E106.85536
G1 X49.698 Y54.563 E106.86157
G1 F2060.6 X49.773 Y54.763 E106.86685
G1 F2136.1 X49.812 Y55.131 E106.87567
G1 F2114 X49.698 Y55.593 E106.88712
G1 F2040 X49.562 Y55.794 E106.89317
G1 X49.348 Y55.983 E106.9003
G0 F7200 X49.541 Y56.223
G0 X51.019 Y56.419
G0 X52.081 Y56.223
G0 X51.888 Y55.983
G1 F2040 X51.476 Y56.16 E106.91148
G1 X51.168 Y56.168 E106.91917
G1 X50.844 Y56.092 E106.92747
G1 X50.434 Y55.794 E106.94011
G1 X50.298 Y55.593 E106.94617
G1 F2114 X50.184 Y55.131 E106.95762
G1 F2136.1 X50.223 Y54.763 E106.96644
G1 F2060.6 X50.298 Y54.563 E106.97171
G1 F2040 X50.438 Y54.357 E106.97793
G1 X50.751 Y54.11 E106.98787
G1 X51.024 Y54.005 E106.99517
G1 X51.372 Y53.988 E107.00386
G1 X51.798 Y54.114 E107.01494
G1 X52.098 Y54.357 E107.02457
G1 X52.238 Y54.563 E107.03078
G1 F2060.6 X52.313 Y54.763 E107.03606
G1 F2136.1 X52.352 Y55.131 E107.04488
G1 F2114 X52.238 Y55.593 E107.05633
G1 F2040 X52.102 Y55.794 E107.06238
G1 X51.888 Y55.983 E107.06951
G0 F7200 X52.081 Y56.223
G0 X53.559 Y56.419
G0 X54.621 Y56.223
G0 X54.428 Y55.983
G1 F2040 X54.016 Y56.16 E107.08069
G1 X53.708 Y56.168 E107.08838
G1 X53.384 Y56.092 E107.09668
G1 X52.974 Y55.794 E107.10932
G1 X52.838 Y55.593 E107.11538
G1 F2114 X52.724 Y55.131 E107.12683
G1 F2136.1 X52.763 Y54.763 E107.13565
G1 F2060.6 X52.838 Y54.563 E107.14092
G1 F2040 X52.978 Y54.357 E107.14713
G1 X53.258 Y54.129 E107.15614
G1 X53.554 Y54.007 E107.16413
G1 X54.043 Y54.002 E107.17633
G1 X54.344 Y54.118 E107.18437
G1 X54.594 Y54.314 E107.1923
G1 X54.778 Y54.563 E107.20002
G1 X54.857 Y54.762 E107.20536
G1 X54.908 Y55.08 E107.2134
G1 X54.819 Y55.516 E107.2245
G1 X54.707 Y55.709 E107.23006
G1 X54.428 Y55.983 E107.23982
G0 F7200 X54.621 Y56.223
G0 X55.96 Y51.512
G0 X55.779 Y51.261
G1 F2040 X55.547 Y51.364 E107.24615
G1 X55.171 Y51.442 E107.25573
G1 X54.957 Y51.436 E107.26107
G1 X54.548 Y51.347 E107.27151
G1 X54.088 Y51.057 E107.28508
G1 X53.745 Y50.574 E107.29985
G1 X53.62 Y50.003 E107.31443
G1 X53.725 Y49.483 E107.32767
G1 X53.945 Y49.101 E107.33866
G1 F1933.6 X54.393 Y48.699 E107.3545
G1 X53.796 Y48.807 E107.37047
G1 F2040 X53.363 Y48.733 E107.38143
G1 X53.158 Y48.642 E107.38702
G1 F1766.2 X52.702 Y48.334 E107.40288
G1 F1551.3 X52.548 Y48.101 E107.41204
G1 F1762.4 X52.474 Y47.666 E107.42478
G1 F2040 X52.495 Y47.162 E107.43736
G1 X52.558 Y46.973 E107.44233
G1 X52.81 Y46.548 E107.45466
G1 X53.224 Y46.245 E107.46746
G1 X53.556 Y46.133 E107.4762
G1 X53.832 Y46.108 E107.48311
G1 X54.449 Y46.268 E107.49901
G1 X54.782 Y46.533 E107.50963
G1 X54.943 Y46.739 E107.51615
G1 X55.083 Y47.035 E107.52432
G1 X55.14 Y47.292 E107.53088
G1 X55.103 Y47.831 E107.54436
G1 X54.834 Y48.335 E107.55861
G1 F1888.9 X54.55 Y48.615 E107.56935
G1 X55.151 Y48.552 E107.58563
G1 F2040 X55.717 Y48.696 E107.6002
G1 X56.132 Y49.013 E107.61323
G1 X56.34 Y49.297 E107.62201
G1 X56.444 Y49.529 E107.62835
G1 X56.516 Y49.872 E107.6371
G1 X56.52 Y50.1 E107.64278
G1 X56.444 Y50.466 E107.65211
G1 X56.357 Y50.675 E107.65776
G1 X56.063 Y51.052 E107.66968
G1 X55.779 Y51.261 E107.67848
G0 F7200 X55.959 Y51.513
G0 X55.08 Y51.718
G0 X53.918 Y51.259
G0 X53.362 Y50
G0 X53.66 Y49.057
G0 X54.393 Y48.699
G1 F1797.4 X54.55 Y48.615 E107.68352
G0 F7200 X55.194 Y48.283
G0 X56.242 Y48.74
G0 X56.77 Y49.867
G0 X57.09 Y57.12
G0 X57.4 Y57.4
G1 F2040 X57.4 Y42.6 E108.05271
G1 X42.6 Y42.6 E108.42189
G1 X42.6 Y57.4 E108.79108
G1 X57.4 Y57.4 E109.16027
G0 F7200 X57.12 Y57.12
G0 X54.848 Y54.197
G0 X51.089 Y52.692
G0 X50.946 Y52.417
G1 F2040 X50.392 Y52.569 E109.1746
G1 X50.035 Y52.596 E109.18353
G1 X49.47 Y52.544 E109.19768
G1 X48.802 Y52.317 E109.21528
G1 X48.296 Y51.961 E109.23072
G1 X47.861 Y51.488 E109.24675
G1 X47.549 Y50.888 E109.26362
G1 X47.417 Y50.311 E109.27838
G1 X47.402 Y49.941 E109.28762
G1 X47.452 Y49.451 E109.29991
G1 X47.676 Y48.831 E109.31635
G1 X47.984 Y48.35 E109.3306
G1 X48.498 Y47.866 E109.34821
G1 X49.095 Y47.559 E109.36495
G1 X49.582 Y47.432 E109.37751
G1 X50.054 Y47.402 E109.38931
G1 X50.569 Y47.461 E109.40224
G1 X51.181 Y47.683 E109.41848
G1 X51.608 Y47.954 E109.43109
G1 F1762.4 X52.119 Y48.392 E109.45053
G1 F1551.3 X52.255 Y48.606 E109.45884
G1 F1766.2 X52.467 Y49.186 E109.47664
G1 F2040 X52.579 Y49.688 E109.48947
G1 X52.594 Y50.054 E109.4986
G1 X52.545 Y50.544 E109.51089
G1 X52.325 Y51.165 E109.52732
G1 X52.019 Y51.638 E109.54137
G1 X51.515 Y52.116 E109.5587
G1 X50.946 Y52.417 E109.57476
G0 F7200 X50.74 Y52.071
;TYPE:WALL-OUTER
G1 F1020 X50.315 Y52.177 E109.58569
G1 X49.98 Y52.196 E109.59406
G1 X49.551 Y52.152 E109.60481
G1 X48.965 Y51.943 E109.62033
G1 X48.604 Y51.703 E109.63115
G1 X48.191 Y51.254 E109.64636
G1 X47.921 Y50.731 E109.66105
G1 X47.821 Y50.324 E109.6715
G1 X47.8 Y49.98 E109.6801
G1 X47.842 Y49.561 E109.6906
G1 X48.041 Y48.994 E109.70559
G1 X48.29 Y48.607 E109.71707
G1 X48.716 Y48.209 E109.73162
G1 X49.25 Y47.927 E109.74668
G1 X49.676 Y47.821 E109.75763
G1 X50.016 Y47.8 E109.76613
G1 X50.45 Y47.844 E109.77701
G1 X51.007 Y48.043 E109.79176
G1 X51.376 Y48.28 E109.8027
G1 X51.8 Y48.734 E109.8182
G1 X52.064 Y49.239 E109.83241
G1 X52.175 Y49.676 E109.84366
G1 X52.196 Y50.016 E109.85216
G1 X52.154 Y50.438 E109.86274
G1 X51.959 Y51.002 E109.87762
G1 X51.708 Y51.386 E109.88907
G1 X51.264 Y51.799 E109.90419
G1 X50.74 Y52.071 E109.91892
G0 F7200 X50.546 Y52.119
G0 X50.712 Y52.811
G0 X54.461 Y53.885
G0 X55.072 Y54.569
G0 X55.072 Y55.591
G0 X54.461 Y56.275
G0 X51.805 Y56.382
G0 X51.566 Y55.714
G1 F1020 X51.407 Y55.766 E109.92309
G1 X51.168 Y55.768 E109.92906
G1 X50.974 Y55.714 E109.93408
G1 X50.731 Y55.526 E109.94174
G1 X50.612 Y55.316 E109.94776
G1 X50.568 Y55.098 E109.95331
G1 X50.611 Y54.84 E109.95984
G1 X50.732 Y54.628 E109.96593
G1 X50.943 Y54.46 E109.97265
G1 X51.143 Y54.389 E109.97795
G1 X51.438 Y54.398 E109.98531
G1 X51.608 Y54.467 E109.98989
G1 X51.804 Y54.628 E109.99621
G1 X51.925 Y54.84 E110.0023
G1 X51.968 Y55.098 E110.00883
G1 X51.898 Y55.382 E110.01612
G1 X51.805 Y55.526 E110.0204
G1 X51.566 Y55.714 E110.02799
G0 F7200 X51.407 Y55.766
G0 X51.374 Y55.766
G0 X51.374 Y56.48
G0 X49.265 Y56.382
G0 X49.026 Y55.714
G1 F1020 X48.867 Y55.766 E110.03216
G1 X48.628 Y55.768 E110.03812
G1 X48.434 Y55.714 E110.04314
G1 X48.191 Y55.526 E110.05081
G1 X48.072 Y55.316 E110.05683
G1 X48.028 Y55.098 E110.06238
G1 X48.071 Y54.84 E110.0689
G1 X48.192 Y54.628 E110.07499
G1 X48.392 Y54.467 E110.0814
G1 X48.575 Y54.395 E110.0863
G1 X48.877 Y54.393 E110.09383
G1 X49.087 Y54.481 E110.09951
G1 X49.264 Y54.628 E110.10525
G1 X49.385 Y54.84 E110.11134
G1 X49.428 Y55.098 E110.11787
G1 X49.358 Y55.382 E110.12516
G1 X49.265 Y55.526 E110.12944
G1 X49.026 Y55.714 E110.13703
G0 F7200 X48.867 Y55.766
G0 X48.834 Y55.766
G0 X48.834 Y56.48
G0 X46.725 Y56.382
G0 X46.486 Y55.714
G1 F1020 X46.327 Y55.766 E110.1412
G1 X46.088 Y55.768 E110.14716
G1 X45.832 Y55.679 E110.15392
G1 X45.629 Y55.498 E110.16071
G1 X45.544 Y55.357 E110.16481
G1 X45.491 Y55.04 E110.17283
G1 X45.558 Y54.774 E110.17967
G1 X45.667 Y54.614 E110.1845
G1 X45.86 Y54.462 E110.19063
G1 X46.044 Y54.392 E110.19554
G1 X46.345 Y54.394 E110.20305
G1 X46.528 Y54.467 E110.20796
G1 X46.724 Y54.628 E110.21429
G1 X46.845 Y54.84 E110.22038
G1 X46.888 Y55.098 E110.22691
G1 X46.818 Y55.382 E110.2342
G1 X46.725 Y55.526 E110.23848
G1 X46.486 Y55.714 E110.24606
G0 F7200 X46.327 Y55.766
G0 X46.294 Y55.766
G0 X46.294 Y56.48
G0 X45.152 Y55.963
G0 X44.843 Y55.177
G0 X45.473 Y51.662
G0 X45.327 Y50.967
G1 F1020 X44.892 Y51.047 E110.2571
G1 X44.467 Y50.944 E110.26801
G1 X44.186 Y50.747 E110.27657
G1 X43.944 Y50.385 E110.28743
G1 X43.868 Y49.996 E110.29731
G1 X43.972 Y49.547 E110.30881
G1 X44.169 Y49.266 E110.31737
G1 X44.453 Y49.058 E110.32615
G1 X44.893 Y48.949 E110.33746
G1 X45.362 Y49.045 E110.3494
G1 X45.65 Y49.249 E110.35821
G1 X45.881 Y49.575 E110.36817
G1 X45.968 Y49.977 E110.37843
G1 X45.872 Y50.442 E110.39028
G1 X45.675 Y50.724 E110.39886
G1 X45.327 Y50.967 E110.40945
G0 F7200 X45.131 Y51.003
G0 X45.279 Y51.704
G0 X46.18 Y51.162
G0 X48.367 Y46.299
G0 X47.915 Y45.753
G1 F1020 X47.518 Y45.865 E110.41974
G1 X47.178 Y45.828 E110.42827
G1 X46.973 Y45.738 E110.43385
G1 X46.757 Y45.557 E110.44088
G1 X46.624 Y45.379 E110.44643
G1 X46.529 Y45.102 E110.45373
G1 X46.538 Y44.687 E110.46408
G1 X46.765 Y44.268 E110.47597
G1 X47.014 Y44.08 E110.48375
G1 X47.293 Y43.984 E110.49112
G1 X47.48 Y43.968 E110.4958
G1 X47.849 Y44.053 E110.50524
G1 X48.18 Y44.301 E110.51556
G1 X48.373 Y44.666 E110.52586
G1 X48.389 Y45.122 E110.53724
G1 X48.228 Y45.476 E110.54694
G1 X47.915 Y45.753 E110.55737
G0 F7200 X47.723 Y45.807
G0 X47.898 Y46.502
G0 X50.596 Y47.207
G0 X51.813 Y47.795
G0 X52.989 Y48.842
G0 X54.198 Y48.323
G1 F1020 X53.82 Y48.408 E110.56703
G1 X53.561 Y48.375 E110.57355
G1 X53.34 Y48.286 E110.57949
G1 X53.08 Y48.068 E110.58795
G1 X52.958 Y47.881 E110.59352
G1 X52.868 Y47.567 E110.60167
G1 X52.902 Y47.18 E110.61136
G1 X53.099 Y46.825 E110.62149
G1 X53.362 Y46.62 E110.62981
G1 X53.641 Y46.524 E110.63717
G1 X53.832 Y46.508 E110.64195
G1 X54.249 Y46.614 E110.65268
G1 X54.528 Y46.841 E110.66165
G1 X54.721 Y47.206 E110.67195
G1 X54.737 Y47.659 E110.68326
G1 X54.545 Y48.059 E110.69433
G1 X54.198 Y48.323 E110.70521
G0 F7200 X54.003 Y48.366
G0 X53.66 Y49.057
G0 X53.362 Y50
G0 X53.918 Y51.259
G0 X55.012 Y51.704
G0 X55.959 Y51.513
G0 X55.543 Y50.938
G1 F1020 X55.111 Y51.046 E110.71631
G1 X54.673 Y50.967 E110.72742
G1 X54.346 Y50.747 E110.73725
G1 X54.115 Y50.421 E110.74721
G1 X54.028 Y50.014 E110.7576
G1 X54.108 Y49.598 E110.76816
G1 X54.321 Y49.273 E110.77786
G1 X54.674 Y49.028 E110.78857
G1 X55.104 Y48.949 E110.79948
G1 X55.5 Y49.034 E110.80958
G1 X55.81 Y49.249 E110.81899
G1 X56.052 Y49.611 E110.82986
G1 X56.126 Y50.031 E110.8405
G1 X56.023 Y50.455 E110.85138
G1 X55.827 Y50.73 E110.8598
G1 X55.543 Y50.938 E110.86858
G0 F7200 X55.349 Y50.986
G0 X55.497 Y51.691
G0 X55.177 Y55.08
G0 X54.615 Y56.229
G0 X54.17 Y55.677
G1 F1020 X53.947 Y55.766 E110.87457
G1 X53.708 Y55.768 E110.88054
G1 X53.514 Y55.714 E110.88556
G1 X53.271 Y55.526 E110.89322
G1 X53.152 Y55.316 E110.89924
G1 X53.108 Y55.098 E110.90479
G1 X53.151 Y54.84 E110.91132
G1 X53.272 Y54.628 E110.91741
G1 X53.472 Y54.467 E110.92381
G1 X53.656 Y54.394 E110.92875
G1 X53.934 Y54.389 E110.93568
G1 X54.142 Y54.463 E110.94119
G1 X54.329 Y54.614 E110.94719
G1 X54.465 Y54.84 E110.95377
G1 X54.506 Y55.115 E110.9607
G1 X54.452 Y55.356 E110.96686
G1 X54.367 Y55.498 E110.97099
G1 X54.17 Y55.677 E110.97763
G0 F7200 X53.985 Y55.751
G1 F1500 E104.47763
G0 F7200 X54.226 Y56.425
G0 X57.52 Y57.52
G0 X57.8 Y57.8
G1 F1500 E110.97763
G1 F1020 X57.8 Y42.2 E111.36678
G1 X42.2 Y42.2 E111.75592
G1 X42.2 Y57.8 E112.14506
G1 X57.8 Y57.8 E112.53421
G0 F7200 X57.8 Y57.6
G0 X57.12 Y57.12
G0 X54.848 Y54.197
G0 X54.061 Y53.741
G0 X51.019 Y53.741
G0 X44.242 Y51.574
G0 X43.081 Y50.551
;TYPE:SKIN
G1 F490.6 X43.036 Y49.941 E112.55847
G0 F7200 X43.66 Y48.838
G0 X48.076 Y46.484
G1 F780 X48.32 Y46.371 E112.56517
G1 X48.78 Y45.972 E112.58036
G1 X49.064 Y45.436 E112.59549
G1 X49.128 Y45.147 E112.60288
G1 X49.128 Y44.715 E112.61365
G1 X49.052 Y44.379 E112.62225
G1 X48.905 Y44.058 E112.63106
G1 X48.674 Y43.756 E112.64054
G1 X48.405 Y43.526 E112.64937
G1 X48.01 Y43.327 E112.6604
G1 F834.2 X47.509 Y43.257 E112.6722
G1 F876.4 X47.123 Y43.282 E112.68079
G1 F814.6 X46.774 Y43.377 E112.68943
G1 F780 X46.311 Y43.682 E112.70326
G1 X46.081 Y43.948 E112.71203
G1 X45.908 Y44.26 E112.72093
G1 X45.805 Y44.583 E112.72939
G1 X45.791 Y45.198 E112.74473
G1 X45.988 Y45.76 E112.75959
G1 X46.198 Y46.042 E112.76836
G1 X46.559 Y46.346 E112.78013
G1 X46.966 Y46.537 E112.79134
G1 X47.345 Y46.598 E112.80092
G1 X47.627 Y46.592 E112.80796
G1 X48.076 Y46.484 E112.81948
G0 F7200 X53.901 Y45.852
G0 X55.034 Y46.422
G0 X56.918 Y49.446
G1 F487.5 X56.962 Y49.992 E112.84134
G1 X56.918 Y50.547 E112.86356
G0 F7200 X56.34 Y51.162
G0 X50.978 Y52.77
G1 F780 X51.685 Y52.406 E112.8834
G1 X52.248 Y51.895 E112.90236
G1 X52.614 Y51.353 E112.91868
G1 X52.869 Y50.639 E112.93759
G1 F804.1 X52.919 Y50.079 E112.95119
G1 F729 X52.892 Y49.365 E112.97026
G1 F650 X52.773 Y48.859 E112.98582
G1 X53.111 Y49.056 E112.99754
G1 X53.487 Y49.137 E113.00905
G1 X53.36 Y49.368 E113.01694
G1 F688.7 X53.286 Y50.003 E113.035
G1 F755.4 X53.427 Y50.708 E113.05352
G1 F780 X53.85 Y51.302 E113.07171
G1 X54.417 Y51.655 E113.08837
G1 X54.92 Y51.772 E113.10125
G1 X55.202 Y51.776 E113.10829
G1 X55.608 Y51.697 E113.1186
G1 X55.949 Y51.552 E113.12785
G1 X56.256 Y51.329 E113.13731
G1 X56.624 Y50.877 E113.15185
G1 F575.6 X56.918 Y50.547 E113.16679
G1 F571.4 X57.06 Y50.938 E113.18096
G1 F772.3 X57.06 Y57.06 E113.3352
G1 F780 X54.55 Y57.06 E113.39781
G1 F704.3 X54.123 Y57.017 E113.40967
G1 F644.6 X53.607 Y57.019 E113.42524
G1 F705.9 X53.217 Y57.06 E113.43605
G1 F780 X52.01 Y57.06 E113.46616
G1 F704.3 X51.583 Y57.017 E113.47801
G1 F644.6 X51.067 Y57.019 E113.49359
G1 F705.9 X50.677 Y57.06 E113.5044
G1 F780 X49.47 Y57.06 E113.53451
G1 F704.3 X49.043 Y57.017 E113.54636
G1 F644.6 X48.527 Y57.019 E113.56194
G1 F705.9 X48.137 Y57.06 E113.57275
G1 F780 X46.93 Y57.06 E113.60286
G1 F704.3 X46.503 Y57.017 E113.61471
G1 F644.6 X45.987 Y57.019 E113.63029
G1 F705.9 X45.597 Y57.06 E113.6411
G1 F780 X42.941 Y57.059 E113.70735
G1 X42.941 Y50.952 E113.85969
G1 F577.8 X43.081 Y50.551 E113.87399
G1 X43.36 Y50.865 E113.88814
G1 F780 X43.582 Y51.175 E113.89765
G1 X43.824 Y51.412 E113.9061
G1 X44.34 Y51.678 E113.92058
G1 X44.804 Y51.78 E113.93243
G1 X45.095 Y51.773 E113.93969
G1 X45.559 Y51.669 E113.95156
G1 X46.146 Y51.294 E113.96893
G1 X46.504 Y50.821 E113.98373
G1 X46.609 Y50.561 E113.99072
G1 F787.9 X46.698 Y49.911 E114.00693
G1 X46.565 Y49.288 E114.02266
G1 F780 X46.159 Y48.707 E114.04034
G1 X45.605 Y48.339 E114.05693
G1 X45.012 Y48.208 E114.07208
G1 X44.396 Y48.293 E114.08759
G1 X44.009 Y48.462 E114.09812
G1 X43.737 Y48.662 E114.10655
G1 X43.5 Y48.905 E114.11501
G1 X43.234 Y49.415 E114.12936
G1 F629 X43.036 Y49.941 E114.14675
G1 X42.94 Y49.45 E114.16222
G1 F780 X42.94 Y42.94 E114.32461
G1 X46.705 Y42.94 E114.41853
G1 F838.7 X47.476 Y42.912 E114.43643
G1 X48.047 Y42.941 E114.44969
G1 F780 X57.06 Y42.94 E114.67452
G1 X57.06 Y49.028 E114.82639
G1 F575.6 X56.918 Y49.446 E114.84131
G1 X56.627 Y49.121 E114.85606
G1 F780 X56.387 Y48.787 E114.86632
G1 X56.195 Y48.603 E114.87295
G1 X55.794 Y48.356 E114.8847
G1 X55.277 Y48.232 E114.89796
G1 X55.411 Y47.971 E114.90528
G1 X55.479 Y47.683 E114.91266
G1 X55.476 Y47.255 E114.92334
G1 X55.4 Y46.919 E114.93193
G1 X55.253 Y46.598 E114.94074
G1 X55.026 Y46.3 E114.95008
G1 X54.617 Y45.974 E114.96313
G1 X54.401 Y45.883 E114.96898
G1 X53.832 Y45.768 E114.98346
G1 X53.509 Y45.796 E114.99155
G1 X53.118 Y45.917 E115.00176
G1 X52.854 Y46.067 E115.00933
G1 X52.47 Y46.43 E115.02251
G1 X52.208 Y46.913 E115.03622
G1 X52.129 Y47.498 E115.05094
G1 X52.154 Y47.966 E115.06263
G1 X51.826 Y47.69 E115.07333
G1 X51.343 Y47.382 E115.08762
G1 X50.624 Y47.115 E115.10675
G1 X50.027 Y47.06 E115.1217
G1 X49.487 Y47.102 E115.13522
G1 X48.983 Y47.238 E115.14824
G1 X48.299 Y47.582 E115.16734
G1 X47.738 Y48.114 E115.18662
G1 X47.385 Y48.641 E115.20245
G1 X47.126 Y49.351 E115.2213
G1 F800 X47.071 Y49.911 E115.23498
G1 X47.076 Y50.388 E115.24659
G1 F780 X47.222 Y50.982 E115.26184
G1 X47.589 Y51.695 E115.28185
G1 X48.097 Y52.241 E115.30045
G1 X48.647 Y52.625 E115.31718
G1 X49.361 Y52.87 E115.33601
G1 X49.981 Y52.932 E115.35156
G1 X50.463 Y52.902 E115.3636
G1 X50.978 Y52.77 E115.37687
G0 F7200 X48.079 Y53.885
G0 X47.46 Y54.702
G0 X47.458 Y54.911
G1 F917.6 X47.456 Y55.428 E115.38783
G0 F7200 X47.46 Y55.598
G0 X48.079 Y56.275
G0 X48.981 Y56.419
G0 X49.694 Y56.022
G0 X49.996 Y55.428
G1 F917.6 X49.998 Y54.911 E115.39879
G0 F7200 X50 Y54.702
G0 X50.619 Y53.885
G0 X51.521 Y53.741
G0 X52.308 Y54.197
G0 X52.538 Y54.911
G1 F917.6 X52.536 Y55.428 E115.40975
G0 F7200 X52.54 Y55.598
G0 X53.159 Y56.275
G0 X54.082 Y56.536
G1 F704.3 X54.621 Y56.258 E115.42651
G1 F780 X54.97 Y55.918 E115.43866
G1 X55.128 Y55.652 E115.44638
G1 X55.248 Y55.076 E115.46106
G1 X55.194 Y54.709 E115.47031
G1 X55.078 Y54.408 E115.47836
G1 X54.814 Y54.054 E115.48937
G1 X54.496 Y53.812 E115.49934
G1 X54.036 Y53.656 E115.51146
G1 X53.475 Y53.675 E115.52546
G1 X53.073 Y53.842 E115.53632
G1 X52.709 Y54.146 E115.54815
G1 X52.536 Y54.412 E115.55606
G1 X52.325 Y54.106 E115.56534
G1 X52.007 Y53.842 E115.57565
G1 X51.692 Y53.704 E115.58422
G1 X51.401 Y53.65 E115.59161
G1 X50.934 Y53.674 E115.60327
G1 X50.554 Y53.827 E115.61349
G1 X50.21 Y54.104 E115.62451
G1 X49.996 Y54.412 E115.63386
G1 X49.789 Y54.106 E115.64308
G1 X49.493 Y53.868 E115.65255
G1 X49.028 Y53.67 E115.66516
G1 X48.397 Y53.675 E115.6809
G1 X47.992 Y53.843 E115.69184
G1 X47.629 Y54.146 E115.70363
G1 X47.456 Y54.412 E115.71155
G1 X47.245 Y54.106 E115.72082
G1 X46.91 Y53.832 E115.73162
G1 X46.456 Y53.661 E115.74372
G1 X45.892 Y53.665 E115.75779
G1 X45.474 Y53.827 E115.76897
G1 X45.182 Y54.054 E115.7782
G1 X44.94 Y54.366 E115.78805
G1 X44.814 Y54.666 E115.79616
G1 X44.751 Y55.116 E115.8075
G1 X44.864 Y55.653 E115.82119
G1 X45.023 Y55.919 E115.82892
G1 X45.343 Y56.235 E115.84014
G1 X45.619 Y56.396 E115.84811
G1 F707.5 X46.041 Y56.543 E115.8604
G1 F644.6 X46.462 Y56.536 E115.87311
G1 F704.3 X47.001 Y56.258 E115.88986
G1 F780 X47.289 Y56.002 E115.89947
G1 F783.9 X47.429 Y55.777 E115.90605
G1 F847.8 X47.456 Y55.428 E115.91408
G1 X47.483 Y55.777 E115.92212
G1 F783.9 X47.625 Y55.999 E115.92866
G1 F780 X47.893 Y56.24 E115.93765
G1 X48.157 Y56.394 E115.94527
G1 F707.5 X48.581 Y56.543 E115.95763
G1 F644.6 X49.002 Y56.536 E115.97034
G1 F704.3 X49.541 Y56.258 E115.9871
G1 F780 X49.829 Y56.002 E115.99671
G1 F783.9 X49.969 Y55.777 E116.00329
G1 F847.8 X49.996 Y55.428 E116.01132
G1 X50.023 Y55.777 E116.01935
G1 F783.9 X50.165 Y55.999 E116.02589
G1 F780 X50.433 Y56.24 E116.03488
G1 X50.697 Y56.394 E116.04251
G1 F707.5 X51.121 Y56.543 E116.05487
G1 F644.6 X51.542 Y56.536 E116.06758
G1 F704.3 X52.081 Y56.258 E116.08433
G1 F780 X52.369 Y56.002 E116.09394
G1 F783.9 X52.509 Y55.777 E116.10052
G1 F847.8 X52.536 Y55.428 E116.10855
G1 X52.563 Y55.777 E116.11659
G1 F783.9 X52.705 Y55.999 E116.12313
G1 F780 X52.973 Y56.24 E116.13212
G1 X53.237 Y56.394 E116.13974
G1 F707.5 X53.661 Y56.543 E116.1521
G1 F644.6 X54.082 Y56.536 E116.16481
G0 F7200 X56.277 Y56.86
G1 F780 X56.86 Y56.277 E116.18538
G0 F7200 X56.86 Y55.712
G1 F780 X55.712 Y56.86 E116.22588
G0 F7200 X55.146 Y56.86
G1 F780 X56.86 Y55.146 E116.28634
G0 F7200 X56.86 Y54.58
G1 F780 X54.58 Y56.86 E116.36678
G1 X54.51 Y56.93
G0 F7200 X53.165 Y56.578
G1 F780 X52.884 Y56.859 E116.37669
G0 F7200 X52.819 Y56.359
G1 F780 X52.317 Y56.86 E116.39438
G0 F7200 X52.18 Y56.432
G1 F780 X51.794 Y56.817 E116.40798
G0 F7200 X50.816 Y56.665
G1 F780 X50.621 Y56.859 E116.41484
G0 F7200 X50.427 Y56.488
G1 F780 X50.055 Y56.86 E116.42797
G0 F7200 X49.488 Y56.861
G1 F780 X50.125 Y56.223 E116.45046
G1 X50.195 Y56.153
G0 F7200 X48.076 Y56.576
G1 F780 X47.793 Y56.859 E116.46044
G0 F7200 X47.733 Y56.354
G1 F780 X47.226 Y56.861 E116.47833
G0 F7200 X47.072 Y56.448
G1 F780 X46.704 Y56.816 E116.49131
G0 F7200 X45.727 Y56.662
G1 F780 X45.53 Y56.859 E116.49826
G0 F7200 X45.355 Y56.469
G1 F780 X44.964 Y56.859 E116.51203
G0 F7200 X44.399 Y56.859
G1 F780 X45.044 Y56.214 E116.53479
G0 F7200 X44.78 Y55.912
G1 F780 X43.833 Y56.859 E116.5682
G0 F7200 X43.267 Y56.859
G1 F780 X44.624 Y55.502 E116.61607
G0 F7200 X44.558 Y55.003
G1 F780 X43.141 Y56.419 E116.66604
G0 F7200 X43.141 Y55.854
G1 F780 X44.896 Y54.099 E116.72795
G0 F7200 X45.233 Y53.762
G1 F780 X47.343 Y51.652 E116.80239
G0 F7200 X47.581 Y51.979
G1 F780 X46.098 Y53.463 E116.85472
G0 F7200 X46.617 Y53.51
G1 F780 X47.855 Y52.271 E116.89841
G0 F7200 X48.163 Y52.529
G1 F780 X47.02 Y53.672 E116.93873
G0 F7200 X47.323 Y53.935
G1 F780 X48.5 Y52.758 E116.98026
G0 F7200 X48.902 Y52.921
G1 F780 X48.333 Y53.491 E117.00035
G0 F7200 X48.915 Y53.474
G1 F780 X49.323 Y53.066 E117.01474
G0 F7200 X49.839 Y53.116
G1 F780 X49.358 Y53.597 E117.03171
G0 F7200 X49.715 Y53.805
G1 F780 X50.416 Y53.104 E117.05644
G0 F7200 X50.321 Y53.765
G1 F780 X51.204 Y52.882 E117.08759
G0 F7200 X51.193 Y53.459
G1 F780 X53.498 Y51.154 E117.1689
G0 F7200 X53.745 Y51.472
G1 F780 X51.708 Y53.51 E117.24078
G0 F7200 X52.111 Y53.672
G1 F780 X54.095 Y51.688 E117.31077
G0 F7200 X54.48 Y51.869
G1 F780 X52.411 Y53.938 E117.38376
G1 X52.341 Y54.008
G0 F7200 X53.434 Y53.481
G1 F780 X54.943 Y51.972 E117.437
G0 F7200 X55.573 Y51.907
G1 F780 X54.03 Y53.45 E117.49143
G0 F7200 X54.457 Y53.589
G1 F780 X56.86 Y51.186 E117.5762
G0 F7200 X56.86 Y51.752
G1 F780 X54.809 Y53.802 E117.64854
G0 F7200 X55.086 Y54.092
G1 F780 X56.86 Y52.317 E117.71114
G0 F7200 X56.86 Y52.883
G1 F780 X55.304 Y54.439 E117.76603
G0 F7200 X55.422 Y54.887
G1 F780 X56.86 Y53.449 E117.81676
G0 F7200 X56.86 Y54.014
G1 F780 X55.368 Y55.506 E117.8694
G1 X55.298 Y55.576
G0 F7200 X55.072 Y54.569
G0 X52.881 Y51.205
G1 F780 X53.262 Y50.824 E117.88284
G0 F7200 X53.087 Y50.433
G1 F780 X53.158 Y50.362 E117.88534
G0 F7200 X52.687 Y49.033
G0 X51.651 Y47.344
G1 F780 X51.997 Y46.998 E117.89755
G0 F7200 X51.281 Y47.148
G1 F780 X55.289 Y43.14 E118.03894
G0 F7200 X54.724 Y43.14
G1 F780 X50.869 Y46.995 E118.17494
G0 F7200 X50.402 Y46.896
G1 F780 X54.158 Y43.14 E118.30744
G0 F7200 X53.592 Y43.14
G1 F780 X49.859 Y46.873 E118.43913
G0 F7200 X49.188 Y46.978
G1 F780 X53.027 Y43.14 E118.57454
G0 F7200 X52.461 Y43.14
G1 F780 X48.184 Y47.416 E118.72541
G1 X48.114 Y47.486
G0 F7200 X47.691 Y46.779
G1 F780 X46.068 Y48.401 E118.78265
G0 F7200 X46.372 Y48.663
G1 F780 X48.94 Y46.096 E118.87322
G1 X48.954 Y46.081
G1 X51.895 Y43.14 E118.97697
G0 F7200 X51.33 Y43.14
G1 F780 X49.328 Y45.141 E119.04758
G0 F7200 X49.307 Y44.597
G1 F780 X50.764 Y43.14 E119.09898
G0 F7200 X50.198 Y43.14
G1 F780 X49.172 Y44.166 E119.13518
G0 F7200 X48.964 Y43.809
G1 F780 X49.633 Y43.14 E119.15878
G0 F7200 X49.067 Y43.14
G1 F780 X48.693 Y43.513 E119.17195
G0 F7200 X48.357 Y43.284
G1 F780 X48.501 Y43.14 E119.17703
G0 F7200 X46.238 Y43.14
G1 F780 X43.141 Y46.237 E119.28629
G0 F7200 X43.141 Y45.672
G1 F780 X45.673 Y43.14 E119.37561
G0 F7200 X45.107 Y43.14
G1 F780 X43.141 Y45.106 E119.44497
G0 F7200 X43.141 Y44.541
G1 F780 X44.541 Y43.14 E119.49438
G0 F7200 X43.976 Y43.14
G1 F780 X43.141 Y43.975 E119.52383
G0 F7200 X43.141 Y43.409
G1 F780 X43.41 Y43.14 E119.53332
G0 F7200 X45.71 Y44.234
G1 F780 X43.141 Y46.803 E119.62395
G0 F7200 X43.141 Y47.368
G1 F780 X45.598 Y44.912 E119.71061
G0 F7200 X45.659 Y45.417
G1 F780 X43.141 Y47.934 E119.79942
G0 F7200 X43.141 Y48.5
G1 F780 X45.799 Y45.842 E119.89319
G0 F7200 X46.043 Y46.164
G1 F780 X43.908 Y48.299 E119.96851
G1 X43.838 Y48.369
G0 F7200 X44.722 Y48.05
G1 F780 X46.345 Y46.427 E120.02576
G0 F7200 X46.707 Y46.631
G1 F780 X45.273 Y48.066 E120.07637
G0 F7200 X45.724 Y48.179
G1 F780 X47.137 Y46.767 E120.1262
G1 X47.207 Y46.697
G0 F7200 X47.5 Y48.101
G1 F780 X46.605 Y48.996 E120.15777
G0 F7200 X46.97 Y49.197
G1 F780 X46.788 Y49.379 E120.16419
G0 F7200 X46.989 Y50.875
G1 F780 X43.141 Y54.722 E120.29992
G0 F7200 X43.141 Y54.157
G1 F780 X45.388 Y51.909 E120.37921
G0 F7200 X44.761 Y51.972
G1 F780 X43.141 Y53.591 E120.43634
G0 F7200 X43.141 Y53.025
G1 F780 X44.299 Y51.868 E120.47718
G0 F7200 X43.916 Y51.685
G1 F780 X43.141 Y52.46 E120.50452
G0 F7200 X43.141 Y51.894
G1 F780 X43.585 Y51.45 E120.52018
G0 F7200 X43.329 Y51.141
G1 F780 X43.141 Y51.328 E120.52679
G0 F7200 X43.141 Y49.065
G1 F780 X43.265 Y48.942 E120.53115
G0 F7200 X44.221 Y48.431
G0 X45.598 Y48.426
G0 X46.411 Y49.194
G0 X47.148 Y51.282
G1 F780 X43.141 Y55.288 E120.67249
G1 X43.071 Y55.358
G0 F7200 X47.148 Y49.988
G0 X47.457 Y48.7
G0 X48.351 Y47.667
G0 X53.358 Y45.637
G1 F780 X55.855 Y43.14 E120.76058
G0 F7200 X56.421 Y43.14
G1 F780 X53.972 Y45.589 E120.84698
G0 F7200 X54.437 Y45.69
G1 F780 X56.861 Y43.266 E120.93249
G0 F7200 X56.861 Y43.831
G1 F780 X54.815 Y45.877 E121.00467
G0 F7200 X55.134 Y46.124
G1 F780 X56.861 Y44.397 E121.06559
G0 F7200 X56.861 Y44.963
G1 F780 X55.381 Y46.442 E121.11778
G0 F7200 X55.57 Y46.819
G1 F780 X56.861 Y45.528 E121.16333
G0 F7200 X56.861 Y46.094
G1 F780 X55.673 Y47.282 E121.20524
G0 F7200 X55.624 Y47.897
G1 F780 X56.861 Y46.66 E121.24888
G0 F7200 X56.861 Y47.226
G1 F780 X55.899 Y48.187 E121.2828
G0 F7200 X56.247 Y48.405
G1 F780 X56.861 Y47.791 E121.30446
G0 F7200 X56.861 Y48.357
G1 F780 X56.546 Y48.672 E121.31557
G0 F7200 X56.861 Y48.923
G1 F780 X56.771 Y49.012 E121.31873
G0 F7200 X56.79 Y48.958
;MESH:NONMESH
G0 F600 Z1.2
G0 F7200 X57.12 Y42.88
G0 X57.46 Y42.586
;TIME_ELAPSED:301.184871
;LAYER:6
;TYPE:WALL-INNER
;MESH:cherry_mx_socket_fix-pins_led_diode.stl
G1 F2193.5 X57.391 Y42.546 E121.32058
G1 X57.391 Y42.626 E121.32243
G1 X57.46 Y42.586 E121.32428
G1 F1500 E114.82428
G0 F7200 X57.48 Y42.52
G0 X52.98 Y42.48
G0 X52.5 Y42.124
;TYPE:WALL-OUTER
G1 F1500 E121.32428
G1 F1200 X47.5 Y42.124 E121.4303
G1 F1500 E114.9303
G0 F7200 X47.02 Y42.48
G0 X42.562 Y42.562
G0 X42.562 Y57.438
G0 X47.02 Y57.52
G0 X47.5 Y57.874
G1 F1500 E121.4303
G1 F1200 X52.5 Y57.874 E121.53632
G1 F1500 E115.03632
G0 F7200 X52.98 Y57.52
G0 X57.438 Y57.438
G0 X57.249 Y57.044
G1 F1500 E121.53632
G1 F750 X57.207 Y57.207 E121.54203
G1 F747.3 X57.044 Y57.249 E121.54776
G1 F812.7 X52.75 Y57.25 E121.68219
G1 F857.1 X52.714 Y57.748 E121.69701
G1 F900.7 X52.682 Y57.786 E121.69841
G1 F857.1 X53 Y57.75 E121.70791
G1 F812.7 X57.087 Y57.748 E121.83586
G1 F747.3 X57.707 Y57.707 E121.85702
G1 F750 X57.749 Y57.087 E121.8781
G1 F812.7 X57.75 Y43 E122.31911
G1 F906.7 X57.8 Y42.2 E122.3416
G1 X57 Y42.25 E122.3641
G1 F816 X53 Y42.25 E122.48882
G1 F971.4 X52.5 Y42.124 E122.50233
G1 F1032.9 X52.711 Y42.248 E122.50836
G1 F858.9 X52.75 Y42.75 E122.52327
G1 F816 X57 Y42.75 E122.65579
G1 X57.25 Y43 E122.66682
G1 F812.7 X57.249 Y57.044 E123.10648
G0 F7200 X57.207 Y57.207
G0 X57.176 Y57.215
G1 F1500 E116.60648
G0 F7200 X57.176 Y57.51
G0 X52.93 Y57.51
G0 X51.847 Y57.097
G0 X48.153 Y57.097
G0 X43 Y57.25
G1 F1500 E123.10648
G1 F752.8 X42.793 Y57.207 E123.11363
G1 F748.6 X42.751 Y57.044 E123.11935
G1 F812.7 X42.75 Y43 E123.55901
G1 F752.8 X42.793 Y42.793 E123.56616
G1 F748.6 X42.956 Y42.751 E123.57188
G1 F812.7 X47.25 Y42.75 E123.7063
G1 F836.1 X47.29 Y42.215 E123.72263
G1 X47 Y42.25 E123.73152
G1 F812.7 X42.913 Y42.252 E123.85947
G1 F748.6 X42.293 Y42.293 E123.88059
G1 F752.8 X42.25 Y43 E123.90453
G1 F812.7 X42.252 Y57.087 E124.34554
G1 F748.6 X42.293 Y57.707 E124.36666
G1 F752.8 X43 Y57.75 E124.3906
G1 F816 X47 Y57.75 E124.51532
G1 F971.4 X47.5 Y57.874 E124.52882
G1 F1030.3 X47.287 Y57.748 E124.53493
G1 F857.1 X47.25 Y57.25 E124.54975
G1 F816 X43 Y57.25 E124.68227
G0 F7200 X42.804 Y57.21
G1 F1500 E118.18227
;MESH:NONMESH
G0 F600 Z1.35
G0 F7200 X42.804 Y57.51
G0 X47.076 Y57.424
G0 X57.424 Y57.424
G0 X57.46 Y42.586
;TIME_ELAPSED:312.514539
;LAYER:7
;TYPE:WALL-INNER
;MESH:cherry_mx_socket_fix-pins_led_diode.stl
G1 F1500 E124.68227
G1 F2193.5 X57.391 Y42.546 E124.68412
G1 X57.391 Y42.626 E124.68598
G1 X57.46 Y42.586 E124.68783
G1 F1500 E118.18783
G0 F7200 X57.48 Y42.52
G0 X52.98 Y42.48
G0 X52.5 Y42.124
;TYPE:WALL-OUTER
G1 F1500 E124.68783
G1 F1200 X47.5 Y42.124 E124.79385
G1 F1500 E118.29385
G0 F7200 X47.02 Y42.48
G0 X42.562 Y42.562
G0 X42.562 Y57.438
G0 X47.02 Y57.52
G0 X47.5 Y57.874
G1 F1500 E124.79385
G1 F1200 X52.5 Y57.874 E124.89986
G1 F1500 E118.39986
G0 F7200 X52.98 Y57.52
G0 X57.438 Y57.438
G0 X57.249 Y57.044
G1 F1500 E124.89986
G1 F750 X57.207 Y57.207 E124.90557
G1 F747.3 X57.044 Y57.249 E124.9113
G1 F812.7 X52.75 Y57.25 E125.04573
G1 F857.1 X52.714 Y57.748 E125.06055
G1 F900.7 X52.682 Y57.786 E125.06196
G1 F857.1 X53 Y57.75 E125.07146
G1 F812.7 X57.087 Y57.748 E125.19941
G1 F747.3 X57.707 Y57.707 E125.22056
G1 F750 X57.749 Y57.087 E125.24164
G1 F812.7 X57.75 Y43 E125.68265
G1 F906.7 X57.8 Y42.2 E125.70515
G1 X57 Y42.25 E125.72764
G1 F816 X53 Y42.25 E125.85237
G1 F971.4 X52.5 Y42.124 E125.86587
G1 F1032.9 X52.711 Y42.248 E125.8719
G1 F858.9 X52.75 Y42.75 E125.88682
G1 F816 X57 Y42.75 E126.01934
G1 X57.25 Y43 E126.03036
G1 F812.7 X57.249 Y57.044 E126.47003
G0 F7200 X57.207 Y57.207
G0 X57.176 Y57.215
G1 F1500 E119.97003
G0 F7200 X57.176 Y57.51
G0 X52.93 Y57.51
G0 X51.847 Y57.097
G0 X48.153 Y57.097
G0 X43 Y57.25
G1 F1500 E126.47003
G1 F752.8 X42.793 Y57.207 E126.47717
G1 F748.6 X42.751 Y57.044 E126.48289
G1 F812.7 X42.75 Y43 E126.92256
G1 F752.8 X42.793 Y42.793 E126.9297
G1 F748.6 X42.956 Y42.751 E126.93542
G1 F812.7 X47.25 Y42.75 E127.06985
G1 F836.1 X47.29 Y42.215 E127.08618
G1 X47 Y42.25 E127.09507
G1 F812.7 X42.913 Y42.252 E127.22302
G1 F748.6 X42.293 Y42.293 E127.24413
G1 F752.8 X42.25 Y43 E127.26808
G1 F812.7 X42.252 Y57.087 E127.70908
G1 F748.6 X42.293 Y57.707 E127.7302
G1 F752.8 X43 Y57.75 E127.75414
G1 F816 X47 Y57.75 E127.87887
G1 F971.4 X47.5 Y57.874 E127.89236
G1 F1030.3 X47.287 Y57.748 E127.89847
G1 F857.1 X47.25 Y57.25 E127.9133
G1 F816 X43 Y57.25 E128.04582
G0 F7200 X42.804 Y57.21
G1 F1500 E121.54582
;MESH:NONMESH
G0 F600 Z1.5
G0 F7200 X42.804 Y57.51
G0 X47.076 Y57.424
G0 X57.424 Y57.424
G0 X57.46 Y42.586
;TIME_ELAPSED:324.108607
;LAYER:8
;TYPE:WALL-INNER
;MESH:cherry_mx_socket_fix-pins_led_diode.stl
G1 F1500 E128.04582
G1 F2193.5 X57.391 Y42.546 E128.04767
G1 X57.391 Y42.626 E128.04952
G1 X57.46 Y42.586 E128.05137
G1 F1500 E121.55137
G0 F7200 X57.48 Y42.52
G0 X52.98 Y42.48
G0 X52.5 Y42.124
;TYPE:WALL-OUTER
G1 F1500 E128.05137
G1 F1200 X47.5 Y42.124 E128.15739
G1 F1500 E121.65739
G0 F7200 X47.02 Y42.48
G0 X42.562 Y42.562
G0 X42.562 Y57.438
G0 X47.02 Y57.52
G0 X47.5 Y57.874
G1 F1500 E128.15739
G1 F1200 X52.5 Y57.874 E128.26341
G1 F1500 E121.76341
G0 F7200 X52.98 Y57.52
G0 X57.438 Y57.438
G0 X57.249 Y57.044
G1 F1500 E128.26341
G1 F750 X57.207 Y57.207 E128.26912
G1 F747.3 X57.044 Y57.249 E128.27485
G1 F812.7 X52.75 Y57.25 E128.40928
G1 F857.1 X52.714 Y57.748 E128.4241
G1 F900.7 X52.682 Y57.786 E128.4255
G1 F857.1 X53 Y57.75 E128.435
G1 F812.7 X57.087 Y57.748 E128.56295
G1 F747.3 X57.707 Y57.707 E128.58411
G1 F750 X57.749 Y57.087 E128.60519
G1 F812.7 X57.75 Y43 E129.0462
G1 F906.7 X57.8 Y42.2 E129.06869
G1 X57 Y42.25 E129.09119
G1 F816 X53 Y42.25 E129.21591
G1 F971.4 X52.5 Y42.124 E129.22942
G1 F1032.9 X52.711 Y42.248 E129.23545
G1 F858.9 X52.75 Y42.75 E129.25036
G1 F816 X57 Y42.75 E129.38288
G1 X57.25 Y43 E129.39391
G1 F812.7 X57.249 Y57.044 E129.83357
G0 F7200 X57.207 Y57.207
G0 X57.176 Y57.215
G1 F1500 E123.33357
G0 F7200 X57.176 Y57.51
G0 X52.93 Y57.51
G0 X51.847 Y57.097
G0 X48.153 Y57.097
G0 X43 Y57.25
G1 F1500 E129.83357
G1 F752.8 X42.793 Y57.207 E129.84072
G1 F748.6 X42.751 Y57.044 E129.84644
G1 F812.7 X42.75 Y43 E130.2861
G1 F752.8 X42.793 Y42.793 E130.29325
G1 F748.6 X42.956 Y42.751 E130.29897
G1 F812.7 X47.25 Y42.75 E130.4334
G1 F836.1 X47.29 Y42.215 E130.44972
G1 X47 Y42.25 E130.45861
G1 F812.7 X42.913 Y42.252 E130.58656
G1 F748.6 X42.293 Y42.293 E130.60768
G1 F752.8 X42.25 Y43 E130.63162
G1 F812.7 X42.252 Y57.087 E131.07263
G1 F748.6 X42.293 Y57.707 E131.09375
G1 F752.8 X43 Y57.75 E131.11769
G1 F816 X47 Y57.75 E131.24242
G1 F971.4 X47.5 Y57.874 E131.25591
G1 F1030.3 X47.287 Y57.748 E131.26202
G1 F857.1 X47.25 Y57.25 E131.27684
G1 F816 X43 Y57.25 E131.40936
G0 F7200 X42.804 Y57.21
G1 F1500 E124.90936
;MESH:NONMESH
G0 F600 Z1.65
G0 F7200 X42.804 Y57.51
G0 X47.076 Y57.424
G0 X57.424 Y57.424
G0 X57.46 Y42.586
;TIME_ELAPSED:335.702674
;LAYER:9
;TYPE:WALL-INNER
;MESH:cherry_mx_socket_fix-pins_led_diode.stl
G1 F1500 E131.40936
G1 F2193.5 X57.391 Y42.546 E131.41121
G1 X57.391 Y42.626 E131.41307
G1 X57.46 Y42.586 E131.41492
G1 F1500 E124.91492
G0 F7200 X57.48 Y42.52
G0 X52.98 Y42.48
G0 X52.5 Y42.124
;TYPE:WALL-OUTER
G1 F1500 E131.41492
G1 F1200 X47.5 Y42.124 E131.52094
G1 F1500 E125.02094
G0 F7200 X47.02 Y42.48
G0 X42.562 Y42.562
G0 X42.562 Y57.438
G0 X47.02 Y57.52
G0 X47.5 Y57.874
G1 F1500 E131.52094
G1 F1200 X52.5 Y57.874 E131.62695
G1 F1500 E125.12695
G0 F7200 X52.98 Y57.52
G0 X57.438 Y57.438
G0 X57.249 Y57.044
G1 F1500 E131.62695
G1 F750 X57.207 Y57.207 E131.63266
G1 F747.3 X57.044 Y57.249 E131.6384
G1 F812.7 X52.75 Y57.25 E131.77282
G1 F857.1 X52.714 Y57.748 E131.78765
G1 F900.7 X52.682 Y57.786 E131.78905
G1 F857.1 X53 Y57.75 E131.79855
G1 F812.7 X57.087 Y57.748 E131.9265
G1 F747.3 X57.707 Y57.707 E131.94765
G1 F750 X57.749 Y57.087 E131.96874
G1 F812.7 X57.75 Y43 E132.40975
G1 F906.7 X57.8 Y42.2 E132.43224
G1 X57 Y42.25 E132.45473
G1 F816 X53 Y42.25 E132.57946
G1 F971.4 X52.5 Y42.124 E132.59297
G1 F1032.9 X52.711 Y42.248 E132.59899
G1 F858.9 X52.75 Y42.75 E132.61391
G1 F816 X57 Y42.75 E132.74643
G1 X57.25 Y43 E132.75745
G1 F812.7 X57.249 Y57.044 E133.19712
G0 F7200 X57.207 Y57.207
G0 X57.176 Y57.215
G1 F1500 E126.69712
G0 F7200 X57.176 Y57.51
G0 X52.93 Y57.51
G0 X51.847 Y57.097
G0 X48.153 Y57.097
G0 X43 Y57.25
G1 F1500 E133.19712
G1 F752.8 X42.793 Y57.207 E133.20426
G1 F748.6 X42.751 Y57.044 E133.20998
G1 F812.7 X42.75 Y43 E133.64965
G1 F752.8 X42.793 Y42.793 E133.65679
G1 F748.6 X42.956 Y42.751 E133.66251
G1 F812.7 X47.25 Y42.75 E133.79694
G1 F836.1 X47.29 Y42.215 E133.81327
G1 X47 Y42.25 E133.82216
G1 F812.7 X42.913 Y42.252 E133.95011
G1 F748.6 X42.293 Y42.293 E133.97123
G1 F752.8 X42.25 Y43 E133.99517
G1 F812.7 X42.252 Y57.087 E134.43618
G1 F748.6 X42.293 Y57.707 E134.45729
G1 F752.8 X43 Y57.75 E134.48124
G1 F816 X47 Y57.75 E134.60596
G1 F971.4 X47.5 Y57.874 E134.61945
G1 F1030.3 X47.287 Y57.748 E134.62557
G1 F857.1 X47.25 Y57.25 E134.64039
G1 F816 X43 Y57.25 E134.77291
G0 F7200 X42.804 Y57.21
G1 F1500 E128.27291
;MESH:NONMESH
G0 F600 Z1.8
G0 F7200 X42.804 Y57.51
G0 X47.076 Y57.424
G0 X57.424 Y57.424
G0 X57.46 Y42.586
;TIME_ELAPSED:347.296742
;LAYER:10
;TYPE:WALL-INNER
;MESH:cherry_mx_socket_fix-pins_led_diode.stl
G1 F1500 E134.77291
G1 F2193.5 X57.391 Y42.546 E134.77476
G1 X57.391 Y42.626 E134.77662
G1 X57.46 Y42.586 E134.77847
G1 F1500 E128.27847
G0 F7200 X57.48 Y42.52
G0 X52.98 Y42.48
G0 X52.5 Y42.124
;TYPE:WALL-OUTER
G1 F1500 E134.77847
G1 F1200 X47.5 Y42.124 E134.88448
G1 F1500 E128.38448
G0 F7200 X47.02 Y42.48
G0 X42.562 Y42.562
G0 X42.562 Y57.438
G0 X47.02 Y57.52
G0 X47.5 Y57.874
G1 F1500 E134.88448
G1 F1200 X52.5 Y57.874 E134.9905
G1 F1500 E128.4905
G0 F7200 X52.98 Y57.52
G0 X57.438 Y57.438
G0 X57.249 Y57.044
G1 F1500 E134.9905
G1 F750 X57.207 Y57.207 E134.99621
G1 F747.3 X57.044 Y57.249 E135.00194
G1 F812.7 X52.75 Y57.25 E135.13637
G1 F857.1 X52.714 Y57.748 E135.15119
G1 F900.7 X52.682 Y57.786 E135.1526
G1 F857.1 X53 Y57.75 E135.1621
G1 F812.7 X57.087 Y57.748 E135.29004
G1 F747.3 X57.707 Y57.707 E135.3112
G1 F750 X57.749 Y57.087 E135.33228
G1 F812.7 X57.75 Y43 E135.77329
G1 F906.7 X57.8 Y42.2 E135.79579
G1 X57 Y42.25 E135.81828
G1 F816 X53 Y42.25 E135.94301
G1 F971.4 X52.5 Y42.124 E135.95651
G1 F1032.9 X52.711 Y42.248 E135.96254
G1 F858.9 X52.75 Y42.75 E135.97746
G1 F816 X57 Y42.75 E136.10998
G1 X57.25 Y43 E136.121
G1 F812.7 X57.249 Y57.044 E136.56066
G0 F7200 X57.207 Y57.207
G0 X57.176 Y57.215
G1 F1500 E130.06066
G0 F7200 X57.176 Y57.51
G0 X52.93 Y57.51
G0 X51.847 Y57.097
G0 X48.153 Y57.097
G0 X43 Y57.25
G1 F1500 E136.56066
G1 F752.8 X42.793 Y57.207 E136.56781
G1 F748.6 X42.751 Y57.044 E136.57353
G1 F812.7 X42.75 Y43 E137.01319
G1 F752.8 X42.793 Y42.793 E137.02034
G1 F748.6 X42.956 Y42.751 E137.02606
G1 F812.7 X47.25 Y42.75 E137.16049
G1 F836.1 X47.29 Y42.215 E137.17682
G1 X47 Y42.25 E137.18571
G1 F812.7 X42.913 Y42.252 E137.31365
G1 F748.6 X42.293 Y42.293 E137.33477
G1 F752.8 X42.25 Y43 E137.35871
G1 F812.7 X42.252 Y57.087 E137.79972
G1 F748.6 X42.293 Y57.707 E137.82084
G1 F752.8 X43 Y57.75 E137.84478
G1 F816 X47 Y57.75 E137.96951
G1 F971.4 X47.5 Y57.874 E137.983
G1 F1030.3 X47.287 Y57.748 E137.98911
G1 F857.1 X47.25 Y57.25 E138.00394
G1 F816 X43 Y57.25 E138.13646
G0 F7200 X42.804 Y57.21
G1 F1500 E131.63646
;MESH:NONMESH
G0 F600 Z1.95
G0 F7200 X42.804 Y57.51
G0 X47.076 Y57.424
G0 X57.424 Y57.424
G0 X57.46 Y42.586
;TIME_ELAPSED:358.890810
;LAYER:11
;TYPE:WALL-INNER
;MESH:cherry_mx_socket_fix-pins_led_diode.stl
G1 F1500 E138.13646
G1 F2193.5 X57.391 Y42.546 E138.13831
G1 X57.391 Y42.626 E138.14016
G1 X57.46 Y42.586 E138.14201
G1 F1500 E131.64201
G0 F7200 X57.48 Y42.52
G0 X52.98 Y42.48
G0 X52.5 Y42.124
;TYPE:WALL-OUTER
G1 F1500 E138.14201
G1 F1200 X47.5 Y42.124 E138.24803
G1 F1500 E131.74803
G0 F7200 X47.02 Y42.48
G0 X42.562 Y42.562
G0 X42.562 Y57.438
G0 X47.02 Y57.52
G0 X47.5 Y57.874
G1 F1500 E138.24803
G1 F1200 X52.5 Y57.874 E138.35405
G1 F1500 E131.85405
G0 F7200 X52.98 Y57.52
G0 X57.438 Y57.438
G0 X57.249 Y57.044
G1 F1500 E138.35405
G1 F750 X57.207 Y57.207 E138.35976
G1 F747.3 X57.044 Y57.249 E138.36549
G1 F812.7 X52.75 Y57.25 E138.49992
G1 F857.1 X52.714 Y57.748 E138.51474
G1 F900.7 X52.682 Y57.786 E138.51614
G1 F857.1 X53 Y57.75 E138.52564
G1 F812.7 X57.087 Y57.748 E138.65359
G1 F747.3 X57.707 Y57.707 E138.67475
G1 F750 X57.749 Y57.087 E138.69583
G1 F812.7 X57.75 Y43 E139.13684
G1 F906.7 X57.8 Y42.2 E139.15933
G1 X57 Y42.25 E139.18183
G1 F816 X53 Y42.25 E139.30655
G1 F971.4 X52.5 Y42.124 E139.32006
G1 F1032.9 X52.711 Y42.248 E139.32609
G1 F858.9 X52.75 Y42.75 E139.341
G1 F816 X57 Y42.75 E139.47352
G1 X57.25 Y43 E139.48455
G1 F812.7 X57.249 Y57.044 E139.92421
G0 F7200 X57.207 Y57.207
G0 X57.176 Y57.215
G1 F1500 E133.42421
G0 F7200 X57.176 Y57.51
G0 X52.93 Y57.51
G0 X51.847 Y57.097
G0 X48.153 Y57.097
G0 X43 Y57.25
G1 F1500 E139.92421
G1 F752.8 X42.793 Y57.207 E139.93136
G1 F748.6 X42.751 Y57.044 E139.93708
G1 F812.7 X42.75 Y43 E140.37674
G1 F752.8 X42.793 Y42.793 E140.38389
G1 F748.6 X42.956 Y42.751 E140.38961
G1 F812.7 X47.25 Y42.75 E140.52404
G1 F836.1 X47.29 Y42.215 E140.54036
G1 X47 Y42.25 E140.54925
G1 F812.7 X42.913 Y42.252 E140.6772
G1 F748.6 X42.293 Y42.293 E140.69832
G1 F752.8 X42.25 Y43 E140.72226
G1 F812.7 X42.252 Y57.087 E141.16327
G1 F748.6 X42.293 Y57.707 E141.18439
G1 F752.8 X43 Y57.75 E141.20833
G1 F816 X47 Y57.75 E141.33305
G1 F971.4 X47.5 Y57.874 E141.34655
G1 F1030.3 X47.287 Y57.748 E141.35266
G1 F857.1 X47.25 Y57.25 E141.36748
G1 F816 X43 Y57.25 E141.5
G0 F7200 X42.804 Y57.21
G1 F1500 E135
;MESH:NONMESH
G0 F600 Z2.1
G0 F7200 X42.804 Y57.51
G0 X47.076 Y57.424
G0 X57.424 Y57.424
G0 X57.46 Y42.586
;TIME_ELAPSED:370.484877
;LAYER:12
;TYPE:WALL-INNER
;MESH:cherry_mx_socket_fix-pins_led_diode.stl
G1 F1500 E141.5
G1 F2193.5 X57.391 Y42.546 E141.50185
G1 X57.391 Y42.626 E141.50371
G1 X57.46 Y42.586 E141.50556
G1 F1500 E135.00556
G0 F7200 X57.48 Y42.52
G0 X52.98 Y42.48
G0 X52.5 Y42.124
;TYPE:WALL-OUTER
G1 F1500 E141.50556
G1 F1200 X47.5 Y42.124 E141.61158
G1 F1500 E135.11158
G0 F7200 X47.02 Y42.48
G0 X42.562 Y42.562
G0 X42.562 Y57.438
G0 X47.02 Y57.52
G0 X47.5 Y57.874
G1 F1500 E141.61158
G1 F1200 X52.5 Y57.874 E141.71759
G1 F1500 E135.21759
G0 F7200 X52.98 Y57.52
G0 X57.438 Y57.438
G0 X57.249 Y57.044
G1 F1500 E141.71759
G1 F750 X57.207 Y57.207 E141.7233
G1 F747.3 X57.044 Y57.249 E141.72903
G1 F812.7 X52.75 Y57.25 E141.86346
G1 F857.1 X52.714 Y57.748 E141.87828
G1 F900.7 X52.682 Y57.786 E141.87969
G1 F857.1 X53 Y57.75 E141.88919
G1 F812.7 X57.087 Y57.748 E142.01714
G1 F747.3 X57.707 Y57.707 E142.03829
G1 F750 X57.749 Y57.087 E142.05938
G1 F812.7 X57.75 Y43 E142.50038
G1 F906.7 X57.8 Y42.2 E142.52288
G1 X57 Y42.25 E142.54537
G1 F816 X53 Y42.25 E142.6701
G1 F971.4 X52.5 Y42.124 E142.6836
G1 F1032.9 X52.711 Y42.248 E142.68963
G1 F858.9 X52.75 Y42.75 E142.70455
G1 F816 X57 Y42.75 E142.83707
G1 X57.25 Y43 E142.84809
G1 F812.7 X57.249 Y57.044 E143.28776
G0 F7200 X57.207 Y57.207
G0 X57.176 Y57.215
G1 F1500 E136.78776
G0 F7200 X57.176 Y57.51
G0 X52.93 Y57.51
G0 X51.847 Y57.097
G0 X48.153 Y57.097
G0 X43 Y57.25
G1 F1500 E143.28776
G1 F752.8 X42.793 Y57.207 E143.2949
G1 F748.6 X42.751 Y57.044 E143.30062
G1 F812.7 X42.75 Y43 E143.74029
G1 F752.8 X42.793 Y42.793 E143.74743
G1 F748.6 X42.956 Y42.751 E143.75315
G1 F812.7 X47.25 Y42.75 E143.88758
G1 F836.1 X47.29 Y42.215 E143.90391
G1 X47 Y42.25 E143.9128
G1 F812.7 X42.913 Y42.252 E144.04075
G1 F748.6 X42.293 Y42.293 E144.06186
G1 F752.8 X42.25 Y43 E144.08581
G1 F812.7 X42.252 Y57.087 E144.52681
G1 F748.6 X42.293 Y57.707 E144.54793
G1 F752.8 X43 Y57.75 E144.57187
G1 F816 X47 Y57.75 E144.6966
G1 F971.4 X47.5 Y57.874 E144.71009
G1 F1030.3 X47.287 Y57.748 E144.7162
G1 F857.1 X47.25 Y57.25 E144.73103
G1 F816 X43 Y57.25 E144.86355
G0 F7200 X42.804 Y57.21
G1 F1500 E138.36355
;MESH:NONMESH
G0 F600 Z2.25
G0 F7200 X42.804 Y57.51
G0 X47.076 Y57.424
G0 X57.424 Y57.424
G0 X57.46 Y42.586
;TIME_ELAPSED:382.078945
;LAYER:13
;TYPE:WALL-INNER
;MESH:cherry_mx_socket_fix-pins_led_diode.stl
G1 F1500 E144.86355
G1 F2193.5 X57.391 Y42.546 E144.8654
G1 X57.391 Y42.626 E144.86726
G1 X57.46 Y42.586 E144.86911
G1 F1500 E138.36911
G0 F7200 X57.48 Y42.52
G0 X52.98 Y42.48
G0 X52.5 Y42.124
;TYPE:WALL-OUTER
G1 F1500 E144.86911
G1 F1200 X47.5 Y42.124 E144.97512
G1 F1500 E138.47512
G0 F7200 X47.02 Y42.48
G0 X42.562 Y42.562
G0 X42.562 Y57.438
G0 X47.02 Y57.52
G0 X47.5 Y57.874
G1 F1500 E144.97512
G1 F1200 X52.5 Y57.874 E145.08114
G1 F1500 E138.58114
G0 F7200 X52.98 Y57.52
G0 X57.438 Y57.438
G0 X57.249 Y57.044
G1 F1500 E145.08114
G1 F750 X57.207 Y57.207 E145.08685
G1 F747.3 X57.044 Y57.249 E145.09258
G1 F812.7 X52.75 Y57.25 E145.22701
G1 F857.1 X52.714 Y57.748 E145.24183
G1 F900.7 X52.682 Y57.786 E145.24323
G1 F857.1 X53 Y57.75 E145.25273
G1 F812.7 X57.087 Y57.748 E145.38068
G1 F747.3 X57.707 Y57.707 E145.40184
G1 F750 X57.749 Y57.087 E145.42292
G1 F812.7 X57.75 Y43 E145.86393
G1 F906.7 X57.8 Y42.2 E145.88642
G1 X57 Y42.25 E145.90892
G1 F816 X53 Y42.25 E146.03364
G1 F971.4 X52.5 Y42.124 E146.04715
G1 F1032.9 X52.711 Y42.248 E146.05318
G1 F858.9 X52.75 Y42.75 E146.06809
G1 F816 X57 Y42.75 E146.20062
G1 X57.25 Y43 E146.21164
G1 F812.7 X57.249 Y57.044 E146.6513
G0 F7200 X57.207 Y57.207
G0 X57.176 Y57.215
G1 F1500 E140.1513
G0 F7200 X57.176 Y57.51
G0 X52.93 Y57.51
G0 X51.847 Y57.097
G0 X48.153 Y57.097
G0 X43 Y57.25
G1 F1500 E146.6513
G1 F752.8 X42.793 Y57.207 E146.65845
G1 F748.6 X42.751 Y57.044 E146.66417
G1 F812.7 X42.75 Y43 E147.10383
G1 F752.8 X42.793 Y42.793 E147.11098
G1 F748.6 X42.956 Y42.751 E147.1167
G1 F812.7 X47.25 Y42.75 E147.25113
G1 F836.1 X47.29 Y42.215 E147.26745
G1 X47 Y42.25 E147.27634
G1 F812.7 X42.913 Y42.252 E147.40429
G1 F748.6 X42.293 Y42.293 E147.42541
G1 F752.8 X42.25 Y43 E147.44935
G1 F812.7 X42.252 Y57.087 E147.89036
G1 F748.6 X42.293 Y57.707 E147.91148
G1 F752.8 X43 Y57.75 E147.93542
G1 F816 X47 Y57.75 E148.06015
G1 F971.4 X47.5 Y57.874 E148.07364
G1 F1030.3 X47.287 Y57.748 E148.07975
G1 F857.1 X47.25 Y57.25 E148.09457
G1 F816 X43 Y57.25 E148.2271
G0 F7200 X42.804 Y57.21
G1 F1500 E141.7271
;MESH:NONMESH
G0 F600 Z2.4
G0 F7200 X42.804 Y57.51
G0 X47.076 Y57.424
G0 X57.424 Y57.424
G0 X57.46 Y42.586
;TIME_ELAPSED:393.673012
;LAYER:14
;TYPE:WALL-INNER
;MESH:cherry_mx_socket_fix-pins_led_diode.stl
G1 F1500 E148.2271
G1 F2193.5 X57.391 Y42.546 E148.22895
G1 X57.391 Y42.626 E148.2308
G1 X57.46 Y42.586 E148.23265
G1 F1500 E141.73265
G0 F7200 X57.48 Y42.52
G0 X52.98 Y42.48
G0 X52.5 Y42.124
;TYPE:WALL-OUTER
G1 F1500 E148.23265
G1 F1200 X47.5 Y42.124 E148.33867
G1 F1500 E141.83867
G0 F7200 X47.02 Y42.48
G0 X42.562 Y42.562
G0 X42.562 Y57.438
G0 X47.02 Y57.52
G0 X47.5 Y57.874
G1 F1500 E148.33867
G1 F1200 X52.5 Y57.874 E148.44469
G1 F1500 E141.94469
G0 F7200 X52.98 Y57.52
G0 X57.438 Y57.438
G0 X57.249 Y57.044
G1 F1500 E148.44469
G1 F750 X57.207 Y57.207 E148.4504
G1 F747.3 X57.044 Y57.249 E148.45613
G1 F812.7 X52.75 Y57.25 E148.59056
G1 F857.1 X52.714 Y57.748 E148.60538
G1 F900.7 X52.682 Y57.786 E148.60678
G1 F857.1 X53 Y57.75 E148.61628
G1 F812.7 X57.087 Y57.748 E148.74423
G1 F747.3 X57.707 Y57.707 E148.76539
G1 F750 X57.749 Y57.087 E148.78647
G1 F812.7 X57.75 Y43 E149.22748
G1 F906.7 X57.8 Y42.2 E149.24997
G1 X57 Y42.25 E149.27247
G1 F816 X53 Y42.25 E149.39719
G1 F971.4 X52.5 Y42.124 E149.4107
G1 F1032.9 X52.711 Y42.248 E149.41673
G1 F858.9 X52.75 Y42.75 E149.43164
G1 F816 X57 Y42.75 E149.56416
G1 X57.25 Y43 E149.57519
G1 F812.7 X57.249 Y57.044 E150.01485
G0 F7200 X57.207 Y57.207
G0 X57.176 Y57.215
G1 F1500 E143.51485
G0 F7200 X57.176 Y57.51
G0 X52.93 Y57.51
G0 X51.847 Y57.097
G0 X48.153 Y57.097
G0 X43 Y57.25
G1 F1500 E150.01485
G1 F752.8 X42.793 Y57.207 E150.02199
G1 F748.6 X42.751 Y57.044 E150.02772
G1 F812.7 X42.75 Y43 E150.46738
G1 F752.8 X42.793 Y42.793 E150.47452
G1 F748.6 X42.956 Y42.751 E150.48025
G1 F812.7 X47.25 Y42.75 E150.61467
G1 F836.1 X47.29 Y42.215 E150.631
G1 X47 Y42.25 E150.63989
G1 F812.7 X42.913 Y42.252 E150.76784
G1 F748.6 X42.293 Y42.293 E150.78896
G1 F752.8 X42.25 Y43 E150.8129
G1 F812.7 X42.252 Y57.087 E151.25391
G1 F748.6 X42.293 Y57.707 E151.27503
G1 F752.8 X43 Y57.75 E151.29897
G1 F816 X47 Y57.75 E151.42369
G1 F971.4 X47.5 Y57.874 E151.43719
G1 F1030.3 X47.287 Y57.748 E151.4433
G1 F857.1 X47.25 Y57.25 E151.45812
G1 F816 X43 Y57.25 E151.59064
G0 F7200 X42.804 Y57.21
G1 F1500 E145.09064
;MESH:NONMESH
G0 F600 Z2.55
G0 F7200 X42.804 Y57.51
G0 X47.076 Y57.424
G0 X57.424 Y57.424
G0 X57.46 Y42.586
;TIME_ELAPSED:405.267080
;LAYER:15
;TYPE:WALL-INNER
;MESH:cherry_mx_socket_fix-pins_led_diode.stl
G1 F1500 E151.59064
G1 F2193.5 X57.391 Y42.546 E151.59249
G1 X57.391 Y42.626 E151.59435
G1 X57.46 Y42.586 E151.5962
G1 F1500 E145.0962
G0 F7200 X57.48 Y42.52
G0 X52.98 Y42.48
G0 X52.5 Y42.124
;TYPE:WALL-OUTER
G1 F1500 E151.5962
G1 F1200 X47.5 Y42.124 E151.70221
G1 F1500 E145.20221
G0 F7200 X47.02 Y42.48
G0 X42.562 Y42.562
G0 X42.562 Y57.438
G0 X47.02 Y57.52
G0 X47.5 Y57.874
G1 F1500 E151.70221
G1 F1200 X52.5 Y57.874 E151.80823
G1 F1500 E145.30823
G0 F7200 X52.98 Y57.52
G0 X57.438 Y57.438
G0 X57.249 Y57.044
G1 F1500 E151.80823
G1 F750 X57.207 Y57.207 E151.81394
G1 F747.3 X57.044 Y57.249 E151.81967
G1 F812.7 X52.75 Y57.25 E151.9541
G1 F857.1 X52.714 Y57.748 E151.96892
G1 F900.7 X52.682 Y57.786 E151.97033
G1 F857.1 X53 Y57.75 E151.97983
G1 F812.7 X57.087 Y57.748 E152.10777
G1 F747.3 X57.707 Y57.707 E152.12893
G1 F750 X57.749 Y57.087 E152.15001
G1 F812.7 X57.75 Y43 E152.59102
G1 F906.7 X57.8 Y42.2 E152.61352
G1 X57 Y42.25 E152.63601
G1 F816 X53 Y42.25 E152.76074
G1 F971.4 X52.5 Y42.124 E152.77424
G1 F1032.9 X52.711 Y42.248 E152.78027
G1 F858.9 X52.75 Y42.75 E152.79519
G1 F816 X57 Y42.75 E152.92771
G1 X57.25 Y43 E152.93873
G1 F812.7 X57.249 Y57.044 E153.37839
G0 F7200 X57.207 Y57.207
G0 X57.176 Y57.215
G1 F1500 E146.87839
G0 F7200 X57.176 Y57.51
G0 X52.93 Y57.51
G0 X51.847 Y57.097
G0 X48.153 Y57.097
G0 X43 Y57.25
G1 F1500 E153.37839
G1 F752.8 X42.793 Y57.207 E153.38554
G1 F748.6 X42.751 Y57.044 E153.39126
G1 F812.7 X42.75 Y43 E153.83092
G1 F752.8 X42.793 Y42.793 E153.83807
G1 F748.6 X42.956 Y42.751 E153.84379
G1 F812.7 X47.25 Y42.75 E153.97822
G1 F836.1 X47.29 Y42.215 E153.99455
G1 X47 Y42.25 E154.00344
G1 F812.7 X42.913 Y42.252 E154.13138
G1 F748.6 X42.293 Y42.293 E154.1525
G1 F752.8 X42.25 Y43 E154.17644
G1 F812.7 X42.252 Y57.087 E154.61745
G1 F748.6 X42.293 Y57.707 E154.63857
G1 F752.8 X43 Y57.75 E154.66251
G1 F816 X47 Y57.75 E154.78724
G1 F971.4 X47.5 Y57.874 E154.80073
G1 F1030.3 X47.287 Y57.748 E154.80684
G1 F857.1 X47.25 Y57.25 E154.82167
G1 F816 X43 Y57.25 E154.95419
G0 F7200 X42.804 Y57.21
G1 F1500 E148.45419
;MESH:NONMESH
G0 F600 Z2.7
G0 F7200 X42.804 Y57.51
G0 X47.076 Y57.424
G0 X57.424 Y57.424
G0 X57.46 Y42.586
;TIME_ELAPSED:416.861148
;LAYER:16
;TYPE:WALL-INNER
;MESH:cherry_mx_socket_fix-pins_led_diode.stl
G1 F1500 E154.95419
G1 F2193.5 X57.391 Y42.546 E154.95604
G1 X57.391 Y42.626 E154.95789
G1 X57.46 Y42.586 E154.95974
G1 F1500 E148.45974
G0 F7200 X57.48 Y42.52
G0 X52.98 Y42.48
G0 X52.5 Y42.124
;TYPE:WALL-OUTER
G1 F1500 E154.95974
G1 F1200 X47.5 Y42.124 E155.06576
G1 F1500 E148.56576
G0 F7200 X47.02 Y42.48
G0 X42.562 Y42.562
G0 X42.562 Y57.438
G0 X47.02 Y57.52
G0 X47.5 Y57.874
G1 F1500 E155.06576
G1 F1200 X52.5 Y57.874 E155.17178
G1 F1500 E148.67178
G0 F7200 X52.98 Y57.52
G0 X57.438 Y57.438
G0 X57.249 Y57.044
G1 F1500 E155.17178
G1 F750 X57.207 Y57.207 E155.17749
G1 F747.3 X57.044 Y57.249 E155.18322
G1 F812.7 X52.75 Y57.25 E155.31765
G1 F857.1 X52.714 Y57.748 E155.33247
G1 F900.7 X52.682 Y57.786 E155.33387
G1 F857.1 X53 Y57.75 E155.34337
G1 F812.7 X57.087 Y57.748 E155.47132
G1 F747.3 X57.707 Y57.707 E155.49248
G1 F750 X57.749 Y57.087 E155.51356
G1 F812.7 X57.75 Y43 E155.95457
G1 F906.7 X57.8 Y42.2 E155.97706
G1 X57 Y42.25 E155.99956
G1 F816 X53 Y42.25 E156.12428
G1 F971.4 X52.5 Y42.124 E156.13779
G1 F1032.9 X52.711 Y42.248 E156.14382
G1 F858.9 X52.75 Y42.75 E156.15873
G1 F816 X57 Y42.75 E156.29125
G1 X57.25 Y43 E156.30228
G1 F812.7 X57.249 Y57.044 E156.74194
G0 F7200 X57.207 Y57.207
G0 X57.176 Y57.215
G1 F1500 E150.24194
G0 F7200 X57.176 Y57.51
G0 X52.93 Y57.51
G0 X51.847 Y57.097
G0 X48.153 Y57.097
G0 X43 Y57.25
G1 F1500 E156.74194
G1 F752.8 X42.793 Y57.207 E156.74909
G1 F748.6 X42.751 Y57.044 E156.75481
G1 F812.7 X42.75 Y43 E157.19447
G1 F752.8 X42.793 Y42.793 E157.20162
G1 F748.6 X42.956 Y42.751 E157.20734
G1 F812.7 X47.25 Y42.75 E157.34177
G1 F836.1 X47.29 Y42.215 E157.35809
G1 X47 Y42.25 E157.36698
G1 F812.7 X42.913 Y42.252 E157.49493
G1 F748.6 X42.293 Y42.293 E157.51605
G1 F752.8 X42.25 Y43 E157.53999
G1 F812.7 X42.252 Y57.087 E157.981
G1 F748.6 X42.293 Y57.707 E158.00212
G1 F752.8 X43 Y57.75 E158.02606
G1 F816 X47 Y57.75 E158.15078
G1 F971.4 X47.5 Y57.874 E158.16428
G1 F1030.3 X47.287 Y57.748 E158.17039
G1 F857.1 X47.25 Y57.25 E158.18521
G1 F816 X43 Y57.25 E158.31773
G0 F7200 X42.804 Y57.21
G1 F1500 E151.81773
;MESH:NONMESH
G0 F600 Z2.85
G0 F7200 X42.804 Y57.51
G0 X47.076 Y57.424
G0 X57.424 Y57.424
G0 X57.46 Y42.586
;TIME_ELAPSED:428.455215
;LAYER:17
;TYPE:WALL-INNER
;MESH:cherry_mx_socket_fix-pins_led_diode.stl
G1 F1500 E158.31773
G1 F2193.5 X57.391 Y42.546 E158.31958
G1 X57.391 Y42.626 E158.32144
G1 X57.46 Y42.586 E158.32329
G1 F1500 E151.82329
G0 F7200 X57.48 Y42.52
G0 X52.98 Y42.48
G0 X52.5 Y42.124
;TYPE:WALL-OUTER
G1 F1500 E158.32329
G1 F1200 X47.5 Y42.124 E158.42931
G1 F1500 E151.92931
G0 F7200 X47.02 Y42.48
G0 X42.562 Y42.562
G0 X42.562 Y57.438
G0 X47.02 Y57.52
G0 X47.5 Y57.874
G1 F1500 E158.42931
G1 F1200 X52.5 Y57.874 E158.53532
G1 F1500 E152.03532
G0 F7200 X52.98 Y57.52
G0 X57.438 Y57.438
G0 X57.249 Y57.044
G1 F1500 E158.53532
G1 F750 X57.207 Y57.207 E158.54103
G1 F747.3 X57.044 Y57.249 E158.54677
G1 F812.7 X52.75 Y57.25 E158.68119
G1 F857.1 X52.714 Y57.748 E158.69602
G1 F900.7 X52.682 Y57.786 E158.69742
G1 F857.1 X53 Y57.75 E158.70692
G1 F812.7 X57.087 Y57.748 E158.83487
G1 F747.3 X57.707 Y57.707 E158.85602
G1 F750 X57.749 Y57.087 E158.87711
G1 F812.7 X57.75 Y43 E159.31812
G1 F906.7 X57.8 Y42.2 E159.34061
G1 X57 Y42.25 E159.3631
G1 F816 X53 Y42.25 E159.48783
G1 F971.4 X52.5 Y42.124 E159.50133
G1 F1032.9 X52.711 Y42.248 E159.50736
G1 F858.9 X52.75 Y42.75 E159.52228
G1 F816 X57 Y42.75 E159.6548
G1 X57.25 Y43 E159.66582
G1 F812.7 X57.249 Y57.044 E160.10549
G0 F7200 X57.207 Y57.207
G0 X57.176 Y57.215
G1 F1500 E153.60549
G0 F7200 X57.176 Y57.51
G0 X52.93 Y57.51
G0 X51.847 Y57.097
G0 X48.153 Y57.097
G0 X43 Y57.25
G1 F1500 E160.10549
G1 F752.8 X42.793 Y57.207 E160.11263
G1 F748.6 X42.751 Y57.044 E160.11835
G1 F812.7 X42.75 Y43 E160.55802
G1 F752.8 X42.793 Y42.793 E160.56516
G1 F748.6 X42.956 Y42.751 E160.57088
G1 F812.7 X47.25 Y42.75 E160.70531
G1 F836.1 X47.29 Y42.215 E160.72164
G1 X47 Y42.25 E160.73053
G1 F812.7 X42.913 Y42.252 E160.85848
G1 F748.6 X42.293 Y42.293 E160.8796
G1 F752.8 X42.25 Y43 E160.90354
G1 F812.7 X42.252 Y57.087 E161.34455
G1 F748.6 X42.293 Y57.707 E161.36566
G1 F752.8 X43 Y57.75 E161.38961
G1 F816 X47 Y57.75 E161.51433
G1 F971.4 X47.5 Y57.874 E161.52782
G1 F1030.3 X47.287 Y57.748 E161.53394
G1 F857.1 X47.25 Y57.25 E161.54876
G1 F816 X43 Y57.25 E161.68128
G0 F7200 X42.804 Y57.21
G1 F1500 E155.18128
;MESH:NONMESH
G0 F600 Z3
G0 F7200 X42.804 Y57.51
G0 X47.076 Y57.424
G0 X57.424 Y57.424
G0 X57.46 Y42.586
;TIME_ELAPSED:440.049283
;LAYER:18
;TYPE:WALL-INNER
;MESH:cherry_mx_socket_fix-pins_led_diode.stl
G1 F1500 E161.68128
G1 F2193.5 X57.391 Y42.546 E161.68313
G1 X57.391 Y42.626 E161.68499
G1 X57.46 Y42.586 E161.68684
G1 F1500 E155.18684
G0 F7200 X57.48 Y42.52
G0 X52.98 Y42.48
G0 X52.5 Y42.124
;TYPE:WALL-OUTER
G1 F1500 E161.68684
G1 F1200 X47.5 Y42.124 E161.79285
G1 F1500 E155.29285
G0 F7200 X47.02 Y42.48
G0 X42.562 Y42.562
G0 X42.562 Y57.438
G0 X47.02 Y57.52
G0 X47.5 Y57.874
G1 F1500 E161.79285
G1 F1200 X52.5 Y57.874 E161.89887
G1 F1500 E155.39887
G0 F7200 X52.98 Y57.52
G0 X57.438 Y57.438
G0 X57.249 Y57.044
G1 F1500 E161.89887
G1 F750 X57.207 Y57.207 E161.90458
G1 F747.3 X57.044 Y57.249 E161.91031
G1 F812.7 X52.75 Y57.25 E162.04474
G1 F857.1 X52.714 Y57.748 E162.05956
G1 F900.7 X52.682 Y57.786 E162.06096
G1 F857.1 X53 Y57.75 E162.07046
G1 F812.7 X57.087 Y57.748 E162.19841
G1 F747.3 X57.707 Y57.707 E162.21957
G1 F750 X57.749 Y57.087 E162.24065
G1 F812.7 X57.75 Y43 E162.68166
G1 F906.7 X57.8 Y42.2 E162.70416
G1 X57 Y42.25 E162.72665
G1 F816 X53 Y42.25 E162.85138
G1 F971.4 X52.5 Y42.124 E162.86488
G1 F1032.9 X52.711 Y42.248 E162.87091
G1 F858.9 X52.75 Y42.75 E162.88582
G1 F816 X57 Y42.75 E163.01835
G1 X57.25 Y43 E163.02937
G1 F812.7 X57.249 Y57.044 E163.46903
G0 F7200 X57.207 Y57.207
G0 X57.176 Y57.215
G1 F1500 E156.96903
G0 F7200 X57.176 Y57.51
G0 X52.93 Y57.51
G0 X51.847 Y57.097
G0 X48.153 Y57.097
G0 X43 Y57.25
G1 F1500 E163.46903
G1 F752.8 X42.793 Y57.207 E163.47618
G1 F748.6 X42.751 Y57.044 E163.4819
G1 F812.7 X42.75 Y43 E163.92156
G1 F752.8 X42.793 Y42.793 E163.92871
G1 F748.6 X42.956 Y42.751 E163.93443
G1 F812.7 X47.25 Y42.75 E164.06886
G1 F836.1 X47.29 Y42.215 E164.08519
G1 X47 Y42.25 E164.09408
G1 F812.7 X42.913 Y42.252 E164.22202
G1 F748.6 X42.293 Y42.293 E164.24314
G1 F752.8 X42.25 Y43 E164.26708
G1 F812.7 X42.252 Y57.087 E164.70809
G1 F748.6 X42.293 Y57.707 E164.72921
G1 F752.8 X43 Y57.75 E164.75315
G1 F816 X47 Y57.75 E164.87788
G1 F971.4 X47.5 Y57.874 E164.89137
G1 F1030.3 X47.287 Y57.748 E164.89748
G1 F857.1 X47.25 Y57.25 E164.91231
G1 F816 X43 Y57.25 E165.04483
G0 F7200 X42.804 Y57.21
G1 F1500 E158.54483
;MESH:NONMESH
G0 F600 Z3.15
G0 F7200 X42.804 Y57.51
G0 X47.076 Y57.424
G0 X57.424 Y57.424
G0 X57.46 Y42.586
;TIME_ELAPSED:451.643351
;LAYER:19
;TYPE:WALL-INNER
;MESH:cherry_mx_socket_fix-pins_led_diode.stl
G1 F1500 E165.04483
G1 F2193.5 X57.391 Y42.546 E165.04668
G1 X57.391 Y42.626 E165.04853
G1 X57.46 Y42.586 E165.05038
G1 F1500 E158.55038
G0 F7200 X57.48 Y42.52
G0 X52.98 Y42.48
G0 X52.5 Y42.124
;TYPE:WALL-OUTER
G1 F1500 E165.05038
G1 F1200 X47.5 Y42.124 E165.1564
G1 F1500 E158.6564
G0 F7200 X47.02 Y42.48
G0 X42.562 Y42.562
G0 X42.562 Y57.438
G0 X47.02 Y57.52
G0 X47.5 Y57.874
G1 F1500 E165.1564
G1 F1200 X52.5 Y57.874 E165.26242
G1 F1500 E158.76242
G0 F7200 X52.98 Y57.52
G0 X57.438 Y57.438
G0 X57.249 Y57.044
G1 F1500 E165.26242
G1 F750 X57.207 Y57.207 E165.26813
G1 F747.3 X57.044 Y57.249 E165.27386
G1 F812.7 X52.75 Y57.25 E165.40829
G1 F857.1 X52.714 Y57.748 E165.42311
G1 F900.7 X52.682 Y57.786 E165.42451
G1 F857.1 X53 Y57.75 E165.43401
G1 F812.7 X57.087 Y57.748 E165.56196
G1 F747.3 X57.707 Y57.707 E165.58312
G1 F750 X57.749 Y57.087 E165.6042
G1 F812.7 X57.75 Y43 E166.04521
G1 F906.7 X57.8 Y42.2 E166.0677
G1 X57 Y42.25 E166.0902
G1 F816 X53 Y42.25 E166.21492
G1 F971.4 X52.5 Y42.124 E166.22843
G1 F1032.9 X52.711 Y42.248 E166.23446
G1 F858.9 X52.75 Y42.75 E166.24937
G1 F816 X57 Y42.75 E166.38189
G1 X57.25 Y43 E166.39292
G1 F812.7 X57.249 Y57.044 E166.83258
G0 F7200 X57.207 Y57.207
G0 X57.176 Y57.215
G1 F1500 E160.33258
G0 F7200 X57.176 Y57.51
G0 X52.93 Y57.51
G0 X51.847 Y57.097
G0 X48.153 Y57.097
G0 X43 Y57.25
G1 F1500 E166.83258
G1 F752.8 X42.793 Y57.207 E166.83973
G1 F748.6 X42.751 Y57.044 E166.84545
G1 F812.7 X42.75 Y43 E167.28511
G1 F752.8 X42.793 Y42.793 E167.29226
G1 F748.6 X42.956 Y42.751 E167.29798
G1 F812.7 X47.25 Y42.75 E167.4324
G1 F836.1 X47.29 Y42.215 E167.44873
G1 X47 Y42.25 E167.45762
G1 F812.7 X42.913 Y42.252 E167.58557
G1 F748.6 X42.293 Y42.293 E167.60669
G1 F752.8 X42.25 Y43 E167.63063
G1 F812.7 X42.252 Y57.087 E168.07164
G1 F748.6 X42.293 Y57.707 E168.09276
G1 F752.8 X43 Y57.75 E168.1167
G1 F816 X47 Y57.75 E168.24142
G1 F971.4 X47.5 Y57.874 E168.25492
G1 F1030.3 X47.287 Y57.748 E168.26103
G1 F857.1 X47.25 Y57.25 E168.27585
G1 F816 X43 Y57.25 E168.40837
G0 F7200 X42.804 Y57.21
G1 F1500 E161.90837
;MESH:NONMESH
G0 F600 Z3.3
G0 F7200 X42.804 Y57.51
G0 X47.076 Y57.424
G0 X57.424 Y57.424
G0 X57.46 Y42.586
;TIME_ELAPSED:463.237418
;LAYER:20
;TYPE:WALL-INNER
;MESH:cherry_mx_socket_fix-pins_led_diode.stl
G1 F1500 E168.40837
G1 F2193.5 X57.391 Y42.546 E168.41022
G1 X57.391 Y42.626 E168.41208
G1 X57.46 Y42.586 E168.41393
G1 F1500 E161.91393
G0 F7200 X57.48 Y42.52
G0 X52.98 Y42.48
G0 X52.5 Y42.124
;TYPE:WALL-OUTER
G1 F1500 E168.41393
G1 F1200 X47.5 Y42.124 E168.51995
G1 F1500 E162.01995
G0 F7200 X47.02 Y42.48
G0 X42.562 Y42.562
G0 X42.562 Y57.438
G0 X47.02 Y57.52
G0 X47.5 Y57.874
G1 F1500 E168.51995
G1 F1200 X52.5 Y57.874 E168.62596
G1 F1500 E162.12596
G0 F7200 X52.98 Y57.52
G0 X57.438 Y57.438
G0 X57.249 Y57.044
G1 F1500 E168.62596
G1 F750 X57.207 Y57.207 E168.63167
G1 F747.3 X57.044 Y57.249 E168.6374
G1 F812.7 X52.75 Y57.25 E168.77183
G1 F857.1 X52.714 Y57.748 E168.78665
G1 F900.7 X52.682 Y57.786 E168.78806
G1 F857.1 X53 Y57.75 E168.79756
G1 F812.7 X57.087 Y57.748 E168.92551
G1 F747.3 X57.707 Y57.707 E168.94666
G1 F750 X57.749 Y57.087 E168.96774
G1 F812.7 X57.75 Y43 E169.40875
G1 F906.7 X57.8 Y42.2 E169.43125
G1 X57 Y42.25 E169.45374
G1 F816 X53 Y42.25 E169.57847
G1 F971.4 X52.5 Y42.124 E169.59197
G1 F1032.9 X52.711 Y42.248 E169.598
G1 F858.9 X52.75 Y42.75 E169.61292
G1 F816 X57 Y42.75 E169.74544
G1 X57.25 Y43 E169.75646
G1 F812.7 X57.249 Y57.044 E170.19613
G0 F7200 X57.207 Y57.207
G0 X57.176 Y57.215
G1 F1500 E163.69613
G0 F7200 X57.176 Y57.51
G0 X52.93 Y57.51
G0 X51.847 Y57.097
G0 X48.153 Y57.097
G0 X43 Y57.25
G1 F1500 E170.19613
G1 F752.8 X42.793 Y57.207 E170.20327
G1 F748.6 X42.751 Y57.044 E170.20899
G1 F812.7 X42.75 Y43 E170.64866
G1 F752.8 X42.793 Y42.793 E170.6558
G1 F748.6 X42.956 Y42.751 E170.66152
G1 F812.7 X47.25 Y42.75 E170.79595
G1 F836.1 X47.29 Y42.215 E170.81228
G1 X47 Y42.25 E170.82117
G1 F812.7 X42.913 Y42.252 E170.94912
G1 F748.6 X42.293 Y42.293 E170.97023
G1 F752.8 X42.25 Y43 E170.99418
G1 F812.7 X42.252 Y57.087 E171.43518
G1 F748.6 X42.293 Y57.707 E171.4563
G1 F752.8 X43 Y57.75 E171.48024
G1 F816 X47 Y57.75 E171.60497
G1 F971.4 X47.5 Y57.874 E171.61846
G1 F1030.3 X47.287 Y57.748 E171.62457
G1 F857.1 X47.25 Y57.25 E171.6394
G1 F816 X43 Y57.25 E171.77192
G0 F7200 X42.804 Y57.21
G1 F1500 E165.27192
;MESH:NONMESH
G0 F600 Z3.45
G0 F7200 X42.804 Y57.51
G0 X47.076 Y57.424
G0 X57.424 Y57.424
G0 X57.46 Y42.586
;TIME_ELAPSED:474.831486
;LAYER:21
;TYPE:WALL-INNER
;MESH:cherry_mx_socket_fix-pins_led_diode.stl
G1 F1500 E171.77192
G1 F2193.5 X57.391 Y42.546 E171.77377
G1 X57.391 Y42.626 E171.77562
G1 X57.46 Y42.586 E171.77747
G1 F1500 E165.27747
G0 F7200 X57.48 Y42.52
G0 X52.98 Y42.48
G0 X52.5 Y42.124
;TYPE:WALL-OUTER
G1 F1500 E171.77747
G1 F1200 X47.5 Y42.124 E171.88349
G1 F1500 E165.38349
G0 F7200 X47.02 Y42.48
G0 X42.562 Y42.562
G0 X42.562 Y57.438
G0 X47.02 Y57.52
G0 X47.5 Y57.874
G1 F1500 E171.88349
G1 F1200 X52.5 Y57.874 E171.98951
G1 F1500 E165.48951
G0 F7200 X52.98 Y57.52
G0 X57.438 Y57.438
G0 X57.249 Y57.044
G1 F1500 E171.98951
G1 F750 X57.207 Y57.207 E171.99522
G1 F747.3 X57.044 Y57.249 E172.00095
G1 F812.7 X52.75 Y57.25 E172.13538
G1 F857.1 X52.714 Y57.748 E172.1502
G1 F900.7 X52.682 Y57.786 E172.1516
G1 F857.1 X53 Y57.75 E172.1611
G1 F812.7 X57.087 Y57.748 E172.28905
G1 F747.3 X57.707 Y57.707 E172.31021
G1 F750 X57.749 Y57.087 E172.33129
G1 F812.7 X57.75 Y43 E172.7723
G1 F906.7 X57.8 Y42.2 E172.79479
G1 X57 Y42.25 E172.81729
G1 F816 X53 Y42.25 E172.94201
G1 F971.4 X52.5 Y42.124 E172.95552
G1 F1032.9 X52.711 Y42.248 E172.96155
G1 F858.9 X52.75 Y42.75 E172.97646
G1 F816 X57 Y42.75 E173.10898
G1 X57.25 Y43 E173.12001
G1 F812.7 X57.249 Y57.044 E173.55967
G0 F7200 X57.207 Y57.207
G0 X57.176 Y57.215
G1 F1500 E167.05967
G0 F7200 X57.176 Y57.51
G0 X52.93 Y57.51
G0 X51.847 Y57.097
G0 X48.153 Y57.097
G0 X43 Y57.25
G1 F1500 E173.55967
G1 F752.8 X42.793 Y57.207 E173.56682
G1 F748.6 X42.751 Y57.044 E173.57254
G1 F812.7 X42.75 Y43 E174.0122
G1 F752.8 X42.793 Y42.793 E174.01935
G1 F748.6 X42.956 Y42.751 E174.02507
G1 F812.7 X47.25 Y42.75 E174.1595
G1 F836.1 X47.29 Y42.215 E174.17582
G1 X47 Y42.25 E174.18471
G1 F812.7 X42.913 Y42.252 E174.31266
G1 F748.6 X42.293 Y42.293 E174.33378
G1 F752.8 X42.25 Y43 E174.35772
G1 F812.7 X42.252 Y57.087 E174.79873
G1 F748.6 X42.293 Y57.707 E174.81985
G1 F752.8 X43 Y57.75 E174.84379
G1 F816 X47 Y57.75 E174.96852
G1 F971.4 X47.5 Y57.874 E174.98201
G1 F1030.3 X47.287 Y57.748 E174.98812
G1 F857.1 X47.25 Y57.25 E175.00294
G1 F816 X43 Y57.25 E175.13546
G0 F7200 X42.804 Y57.21
G1 F1500 E168.63546
;MESH:NONMESH
G0 F600 Z3.6
G0 F7200 X42.804 Y57.51
G0 X47.076 Y57.424
G0 X57.424 Y57.424
G0 X57.46 Y42.586
;TIME_ELAPSED:486.425554
;LAYER:22
;TYPE:WALL-INNER
;MESH:cherry_mx_socket_fix-pins_led_diode.stl
G1 F1500 E175.13546
G1 F2193.5 X57.391 Y42.546 E175.13731
G1 X57.391 Y42.626 E175.13917
G1 X57.46 Y42.586 E175.14102
G1 F1500 E168.64102
G0 F7200 X57.48 Y42.52
G0 X52.98 Y42.48
G0 X52.5 Y42.124
;TYPE:WALL-OUTER
G1 F1500 E175.14102
G1 F1200 X47.5 Y42.124 E175.24704
G1 F1500 E168.74704
G0 F7200 X47.02 Y42.48
G0 X42.562 Y42.562
G0 X42.562 Y57.438
G0 X47.02 Y57.52
G0 X47.5 Y57.874
G1 F1500 E175.24704
G1 F1200 X52.5 Y57.874 E175.35305
G1 F1500 E168.85305
G0 F7200 X52.98 Y57.52
G0 X57.438 Y57.438
G0 X57.249 Y57.044
G1 F1500 E175.35305
G1 F750 X57.207 Y57.207 E175.35876
G1 F747.3 X57.044 Y57.249 E175.3645
G1 F812.7 X52.75 Y57.25 E175.49892
G1 F857.1 X52.714 Y57.748 E175.51375
G1 F900.7 X52.682 Y57.786 E175.51515
G1 F857.1 X53 Y57.75 E175.52465
G1 F812.7 X57.087 Y57.748 E175.6526
G1 F747.3 X57.707 Y57.707 E175.67375
G1 F750 X57.749 Y57.087 E175.69484
G1 F812.7 X57.75 Y43 E176.13585
G1 F906.7 X57.8 Y42.2 E176.15834
G1 X57 Y42.25 E176.18083
G1 F816 X53 Y42.25 E176.30556
G1 F971.4 X52.5 Y42.124 E176.31907
G1 F1032.9 X52.711 Y42.248 E176.32509
G1 F858.9 X52.75 Y42.75 E176.34001
G1 F816 X57 Y42.75 E176.47253
G1 X57.25 Y43 E176.48355
G1 F812.7 X57.249 Y57.044 E176.92322
G0 F7200 X57.207 Y57.207
G0 X57.176 Y57.215
G1 F1500 E170.42322
G0 F7200 X57.176 Y57.51
G0 X52.93 Y57.51
G0 X51.847 Y57.097
G0 X48.153 Y57.097
G0 X43 Y57.25
G1 F1500 E176.92322
G1 F752.8 X42.793 Y57.207 E176.93036
G1 F748.6 X42.751 Y57.044 E176.93608
G1 F812.7 X42.75 Y43 E177.37575
G1 F752.8 X42.793 Y42.793 E177.38289
G1 F748.6 X42.956 Y42.751 E177.38861
G1 F812.7 X47.25 Y42.75 E177.52304
G1 F836.1 X47.29 Y42.215 E177.53937
G1 X47 Y42.25 E177.54826
G1 F812.7 X42.913 Y42.252 E177.67621
G1 F748.6 X42.293 Y42.293 E177.69733
G1 F752.8 X42.25 Y43 E177.72127
G1 F812.7 X42.252 Y57.087 E178.16228
G1 F748.6 X42.293 Y57.707 E178.18339
G1 F752.8 X43 Y57.75 E178.20734
G1 F816 X47 Y57.75 E178.33206
G1 F971.4 X47.5 Y57.874 E178.34555
G1 F1030.3 X47.287 Y57.748 E178.35167
G1 F857.1 X47.25 Y57.25 E178.36649
G1 F816 X43 Y57.25 E178.49901
G0 F7200 X42.804 Y57.21
G1 F1500 E171.99901
;MESH:NONMESH
G0 F600 Z3.75
G0 F7200 X42.804 Y57.51
G0 X47.076 Y57.424
G0 X57.424 Y57.424
G0 X57.46 Y42.586
;TIME_ELAPSED:498.019621
;LAYER:23
;TYPE:WALL-INNER
;MESH:cherry_mx_socket_fix-pins_led_diode.stl
G1 F1500 E178.49901
G1 F2193.5 X57.391 Y42.546 E178.50086
G1 X57.391 Y42.626 E178.50272
G1 X57.46 Y42.586 E178.50457
G1 F1500 E172.00457
G0 F7200 X57.48 Y42.52
G0 X52.98 Y42.48
G0 X52.5 Y42.124
;TYPE:WALL-OUTER
G1 F1500 E178.50457
G1 F1200 X47.5 Y42.124 E178.61058
G1 F1500 E172.11058
G0 F7200 X47.02 Y42.48
G0 X42.562 Y42.562
G0 X42.562 Y57.438
G0 X47.02 Y57.52
G0 X47.5 Y57.874
G1 F1500 E178.61058
G1 F1200 X52.5 Y57.874 E178.7166
G1 F1500 E172.2166
G0 F7200 X52.98 Y57.52
G0 X57.438 Y57.438
G0 X57.249 Y57.044
G1 F1500 E178.7166
G1 F750 X57.207 Y57.207 E178.72231
G1 F747.3 X57.044 Y57.249 E178.72804
G1 F812.7 X52.75 Y57.25 E178.86247
G1 F857.1 X52.714 Y57.748 E178.87729
G1 F900.7 X52.682 Y57.786 E178.8787
G1 F857.1 X53 Y57.75 E178.8882
G1 F812.7 X57.087 Y57.748 E179.01614
G1 F747.3 X57.707 Y57.707 E179.0373
G1 F750 X57.749 Y57.087 E179.05838
G1 F812.7 X57.75 Y43 E179.49939
G1 F906.7 X57.8 Y42.2 E179.52189
G1 X57 Y42.25 E179.54438
G1 F816 X53 Y42.25 E179.66911
G1 F971.4 X52.5 Y42.124 E179.68261
G1 F1032.9 X52.711 Y42.248 E179.68864
G1 F858.9 X52.75 Y42.75 E179.70356
G1 F816 X57 Y42.75 E179.83608
G1 X57.25 Y43 E179.8471
G1 F812.7 X57.249 Y57.044 E180.28676
G0 F7200 X57.207 Y57.207
G0 X57.176 Y57.215
G1 F1500 E173.78676
G0 F7200 X57.176 Y57.51
G0 X52.93 Y57.51
G0 X51.847 Y57.097
G0 X48.153 Y57.097
G0 X43 Y57.25
G1 F1500 E180.28676
G1 F752.8 X42.793 Y57.207 E180.29391
G1 F748.6 X42.751 Y57.044 E180.29963
G1 F812.7 X42.75 Y43 E180.73929
G1 F752.8 X42.793 Y42.793 E180.74644
G1 F748.6 X42.956 Y42.751 E180.75216
G1 F812.7 X47.25 Y42.75 E180.88659
G1 F836.1 X47.29 Y42.215 E180.90292
G1 X47 Y42.25 E180.91181
G1 F812.7 X42.913 Y42.252 E181.03975
G1 F748.6 X42.293 Y42.293 E181.06087
G1 F752.8 X42.25 Y43 E181.08481
G1 F812.7 X42.252 Y57.087 E181.52582
G1 F748.6 X42.293 Y57.707 E181.54694
G1 F752.8 X43 Y57.75 E181.57088
G1 F816 X47 Y57.75 E181.69561
G1 F971.4 X47.5 Y57.874 E181.7091
G1 F1030.3 X47.287 Y57.748 E181.71521
G1 F857.1 X47.25 Y57.25 E181.73004
G1 F816 X43 Y57.25 E181.86256
G0 F7200 X42.804 Y57.21
G1 F1500 E175.36256
;MESH:NONMESH
G0 F600 Z3.9
G0 F7200 X42.804 Y57.51
G0 X47.076 Y57.424
G0 X57.424 Y57.424
G0 X57.46 Y42.586
;TIME_ELAPSED:509.613689
;LAYER:24
;TYPE:WALL-INNER
;MESH:cherry_mx_socket_fix-pins_led_diode.stl
G1 F1500 E181.86256
G1 F2193.5 X57.391 Y42.546 E181.86441
G1 X57.391 Y42.626 E181.86626
G1 X57.46 Y42.586 E181.86811
G1 F1500 E175.36811
G0 F7200 X57.48 Y42.52
G0 X52.98 Y42.48
G0 X52.5 Y42.124
;TYPE:WALL-OUTER
G1 F1500 E181.86811
G1 F1200 X47.5 Y42.124 E181.97413
G1 F1500 E175.47413
G0 F7200 X47.02 Y42.48
G0 X42.562 Y42.562
G0 X42.562 Y57.438
G0 X47.02 Y57.52
G0 X47.5 Y57.874
G1 F1500 E181.97413
G1 F1200 X52.5 Y57.874 E182.08015
G1 F1500 E175.58015
G0 F7200 X52.98 Y57.52
G0 X57.438 Y57.438
G0 X57.249 Y57.044
G1 F1500 E182.08015
G1 F750 X57.207 Y57.207 E182.08586
G1 F747.3 X57.044 Y57.249 E182.09159
G1 F812.7 X52.75 Y57.25 E182.22602
G1 F857.1 X52.714 Y57.748 E182.24084
G1 F900.7 X52.682 Y57.786 E182.24224
G1 F857.1 X53 Y57.75 E182.25174
G1 F812.7 X57.087 Y57.748 E182.37969
G1 F747.3 X57.707 Y57.707 E182.40085
G1 F750 X57.749 Y57.087 E182.42193
G1 F812.7 X57.75 Y43 E182.86294
G1 F906.7 X57.8 Y42.2 E182.88543
G1 X57 Y42.25 E182.90793
G1 F816 X53 Y42.25 E183.03265
G1 F971.4 X52.5 Y42.124 E183.04616
G1 F1032.9 X52.711 Y42.248 E183.05219
G1 F858.9 X52.75 Y42.75 E183.0671
G1 F816 X57 Y42.75 E183.19962
G1 X57.25 Y43 E183.21065
G1 F812.7 X57.249 Y57.044 E183.65031
G0 F7200 X57.207 Y57.207
G0 X57.176 Y57.215
G1 F1500 E177.15031
G0 F7200 X57.176 Y57.51
G0 X52.93 Y57.51
G0 X51.847 Y57.097
G0 X48.153 Y57.097
G0 X43 Y57.25
G1 F1500 E183.65031
G1 F752.8 X42.793 Y57.207 E183.65746
G1 F748.6 X42.751 Y57.044 E183.66318
G1 F812.7 X42.75 Y43 E184.10284
G1 F752.8 X42.793 Y42.793 E184.10999
G1 F748.6 X42.956 Y42.751 E184.11571
G1 F812.7 X47.25 Y42.75 E184.25014
G1 F836.1 X47.29 Y42.215 E184.26646
G1 X47 Y42.25 E184.27535
G1 F812.7 X42.913 Y42.252 E184.4033
G1 F748.6 X42.293 Y42.293 E184.42442
G1 F752.8 X42.25 Y43 E184.44836
G1 F812.7 X42.252 Y57.087 E184.88937
G1 F748.6 X42.293 Y57.707 E184.91049
G1 F752.8 X43 Y57.75 E184.93443
G1 F816 X47 Y57.75 E185.05915
G1 F971.4 X47.5 Y57.874 E185.07265
G1 F1030.3 X47.287 Y57.748 E185.07876
G1 F857.1 X47.25 Y57.25 E185.09358
G1 F816 X43 Y57.25 E185.2261
G0 F7200 X42.804 Y57.21
G1 F1500 E178.7261
;MESH:NONMESH
G0 F600 Z4.05
G0 F7200 X42.804 Y57.51
G0 X47.076 Y57.424
G0 X57.424 Y57.424
G0 X57.46 Y42.586
;TIME_ELAPSED:521.207757
;LAYER:25
;TYPE:WALL-INNER
;MESH:cherry_mx_socket_fix-pins_led_diode.stl
G1 F1500 E185.2261
G1 F2193.5 X57.391 Y42.546 E185.22795
G1 X57.391 Y42.626 E185.22981
G1 X57.46 Y42.586 E185.23166
G1 F1500 E178.73166
G0 F7200 X57.48 Y42.52
G0 X52.98 Y42.48
G0 X52.5 Y42.124
;TYPE:WALL-OUTER
G1 F1500 E185.23166
G1 F1200 X47.5 Y42.124 E185.33768
G1 F1500 E178.83768
G0 F7200 X47.02 Y42.48
G0 X42.562 Y42.562
G0 X42.562 Y57.438
G0 X47.02 Y57.52
G0 X47.5 Y57.874
G1 F1500 E185.33768
G1 F1200 X52.5 Y57.874 E185.44369
G1 F1500 E178.94369
G0 F7200 X52.98 Y57.52
G0 X57.438 Y57.438
G0 X57.249 Y57.044
G1 F1500 E185.44369
G1 F750 X57.207 Y57.207 E185.4494
G1 F747.3 X57.044 Y57.249 E185.45513
G1 F812.7 X52.75 Y57.25 E185.58956
G1 F857.1 X52.714 Y57.748 E185.60438
G1 F900.7 X52.682 Y57.786 E185.60579
G1 F857.1 X53 Y57.75 E185.61529
G1 F812.7 X57.087 Y57.748 E185.74324
G1 F747.3 X57.707 Y57.707 E185.76439
G1 F750 X57.749 Y57.087 E185.78548
G1 F812.7 X57.75 Y43 E186.22648
G1 F906.7 X57.8 Y42.2 E186.24898
G1 X57 Y42.25 E186.27147
G1 F816 X53 Y42.25 E186.3962
G1 F971.4 X52.5 Y42.124 E186.4097
G1 F1032.9 X52.711 Y42.248 E186.41573
G1 F858.9 X52.75 Y42.75 E186.43065
G1 F816 X57 Y42.75 E186.56317
G1 X57.25 Y43 E186.57419
G1 F812.7 X57.249 Y57.044 E187.01386
G0 F7200 X57.207 Y57.207
G0 X57.176 Y57.215
G1 F1500 E180.51386
G0 F7200 X57.176 Y57.51
G0 X52.93 Y57.51
G0 X51.847 Y57.097
G0 X48.153 Y57.097
G0 X43 Y57.25
G1 F1500 E187.01386
G1 F752.8 X42.793 Y57.207 E187.021
G1 F748.6 X42.751 Y57.044 E187.02672
G1 F812.7 X42.75 Y43 E187.46639
G1 F752.8 X42.793 Y42.793 E187.47353
G1 F748.6 X42.956 Y42.751 E187.47925
G1 F812.7 X47.25 Y42.75 E187.61368
G1 F836.1 X47.29 Y42.215 E187.63001
G1 X47 Y42.25 E187.6389
G1 F812.7 X42.913 Y42.252 E187.76685
G1 F748.6 X42.293 Y42.293 E187.78796
G1 F752.8 X42.25 Y43 E187.81191
G1 F812.7 X42.252 Y57.087 E188.25291
G1 F748.6 X42.293 Y57.707 E188.27403
G1 F752.8 X43 Y57.75 E188.29797
G1 F816 X47 Y57.75 E188.4227
G1 F971.4 X47.5 Y57.874 E188.43619
G1 F1030.3 X47.287 Y57.748 E188.4423
G1 F857.1 X47.25 Y57.25 E188.45713
G1 F816 X43 Y57.25 E188.58965
G0 F7200 X42.804 Y57.21
G1 F1500 E182.08965
;MESH:NONMESH
G0 F600 Z4.2
G0 F7200 X42.804 Y57.51
G0 X47.076 Y57.424
G0 X57.424 Y57.424
G0 X57.46 Y42.586
;TIME_ELAPSED:532.801824
;LAYER:26
;TYPE:WALL-INNER
;MESH:cherry_mx_socket_fix-pins_led_diode.stl
G1 F1500 E188.58965
G1 F2193.5 X57.391 Y42.546 E188.5915
G1 X57.391 Y42.626 E188.59336
G1 X57.46 Y42.586 E188.59521
G1 F1500 E182.09521
G0 F7200 X57.48 Y42.52
G0 X52.98 Y42.48
G0 X52.5 Y42.124
;TYPE:WALL-OUTER
G1 F1500 E188.59521
G1 F1200 X47.5 Y42.124 E188.70122
G1 F1500 E182.20122
G0 F7200 X47.02 Y42.48
G0 X42.562 Y42.562
G0 X42.562 Y57.438
G0 X47.02 Y57.52
G0 X47.5 Y57.874
G1 F1500 E188.70122
G1 F1200 X52.5 Y57.874 E188.80724
G1 F1500 E182.30724
G0 F7200 X52.98 Y57.52
G0 X57.438 Y57.438
G0 X57.249 Y57.044
G1 F1500 E188.80724
G1 F750 X57.207 Y57.207 E188.81295
G1 F747.3 X57.044 Y57.249 E188.81868
G1 F812.7 X52.75 Y57.25 E188.95311
G1 F857.1 X52.714 Y57.748 E188.96793
G1 F900.7 X52.682 Y57.786 E188.96933
G1 F857.1 X53 Y57.75 E188.97883
G1 F812.7 X57.087 Y57.748 E189.10678
G1 F747.3 X57.707 Y57.707 E189.12794
G1 F750 X57.749 Y57.087 E189.14902
G1 F812.7 X57.75 Y43 E189.59003
G1 F906.7 X57.8 Y42.2 E189.61252
G1 X57 Y42.25 E189.63502
G1 F816 X53 Y42.25 E189.75974
G1 F971.4 X52.5 Y42.124 E189.77325
G1 F1032.9 X52.711 Y42.248 E189.77928
G1 F858.9 X52.75 Y42.75 E189.79419
G1 F816 X57 Y42.75 E189.92671
G1 X57.25 Y43 E189.93774
G1 F812.7 X57.249 Y57.044 E190.3774
G0 F7200 X57.207 Y57.207
G0 X57.176 Y57.215
G1 F1500 E183.8774
G0 F7200 X57.176 Y57.51
G0 X52.93 Y57.51
G0 X51.847 Y57.097
G0 X48.153 Y57.097
G0 X43 Y57.25
G1 F1500 E190.3774
G1 F752.8 X42.793 Y57.207 E190.38455
G1 F748.6 X42.751 Y57.044 E190.39027
G1 F812.7 X42.75 Y43 E190.82993
G1 F752.8 X42.793 Y42.793 E190.83708
G1 F748.6 X42.956 Y42.751 E190.8428
G1 F812.7 X47.25 Y42.75 E190.97723
G1 F836.1 X47.29 Y42.215 E190.99355
G1 X47 Y42.25 E191.00244
G1 F812.7 X42.913 Y42.252 E191.13039
G1 F748.6 X42.293 Y42.293 E191.15151
G1 F752.8 X42.25 Y43 E191.17545
G1 F812.7 X42.252 Y57.087 E191.61646
G1 F748.6 X42.293 Y57.707 E191.63758
G1 F752.8 X43 Y57.75 E191.66152
G1 F816 X47 Y57.75 E191.78625
G1 F971.4 X47.5 Y57.874 E191.79974
G1 F1030.3 X47.287 Y57.748 E191.80585
G1 F857.1 X47.25 Y57.25 E191.82067
G1 F816 X43 Y57.25 E191.9532
G0 F7200 X42.804 Y57.21
G1 F1500 E185.4532
;MESH:NONMESH
G0 F600 Z4.35
G0 F7200 X42.804 Y57.51
G0 X47.076 Y57.424
G0 X57.424 Y57.424
G0 X57.46 Y42.586
;TIME_ELAPSED:544.395892
;LAYER:27
;TYPE:WALL-INNER
;MESH:cherry_mx_socket_fix-pins_led_diode.stl
G1 F1500 E191.9532
G1 F2193.5 X57.391 Y42.546 E191.95505
G1 X57.391 Y42.626 E191.9569
G1 X57.46 Y42.586 E191.95875
G1 F1500 E185.45875
G0 F7200 X57.48 Y42.52
G0 X52.98 Y42.48
G0 X52.5 Y42.124
;TYPE:WALL-OUTER
G1 F1500 E191.95875
G1 F1200 X47.5 Y42.124 E192.06477
G1 F1500 E185.56477
G0 F7200 X47.02 Y42.48
G0 X42.562 Y42.562
G0 X42.562 Y57.438
G0 X47.02 Y57.52
G0 X47.5 Y57.874
G1 F1500 E192.06477
G1 F1200 X52.5 Y57.874 E192.17078
G1 F1500 E185.67078
G0 F7200 X52.98 Y57.52
G0 X57.438 Y57.438
G0 X57.249 Y57.044
G1 F1500 E192.17078
G1 F750 X57.207 Y57.207 E192.1765
G1 F747.3 X57.044 Y57.249 E192.18223
G1 F812.7 X52.75 Y57.25 E192.31666
G1 F857.1 X52.714 Y57.748 E192.33148
G1 F900.7 X52.682 Y57.786 E192.33288
G1 F857.1 X53 Y57.75 E192.34238
G1 F812.7 X57.087 Y57.748 E192.47033
G1 F747.3 X57.707 Y57.707 E192.49149
G1 F750 X57.749 Y57.087 E192.51257
G1 F812.7 X57.75 Y43 E192.95358
G1 F906.7 X57.8 Y42.2 E192.97607
G1 X57 Y42.25 E192.99857
G1 F816 X53 Y42.25 E193.12329
G1 F971.4 X52.5 Y42.124 E193.1368
G1 F1032.9 X52.711 Y42.248 E193.14283
G1 F858.9 X52.75 Y42.75 E193.15774
G1 F816 X57 Y42.75 E193.29026
G1 X57.25 Y43 E193.30129
G1 F812.7 X57.249 Y57.044 E193.74095
G0 F7200 X57.207 Y57.207
G0 X57.176 Y57.215
G1 F1500 E187.24095
G0 F7200 X57.176 Y57.51
G0 X52.93 Y57.51
G0 X51.847 Y57.097
G0 X48.153 Y57.097
G0 X43 Y57.25
G1 F1500 E193.74095
G1 F752.8 X42.793 Y57.207 E193.74809
G1 F748.6 X42.751 Y57.044 E193.75382
G1 F812.7 X42.75 Y43 E194.19348
G1 F752.8 X42.793 Y42.793 E194.20062
G1 F748.6 X42.956 Y42.751 E194.20635
G1 F812.7 X47.25 Y42.75 E194.34077
G1 F836.1 X47.29 Y42.215 E194.3571
G1 X47 Y42.25 E194.36599
G1 F812.7 X42.913 Y42.252 E194.49394
G1 F748.6 X42.293 Y42.293 E194.51506
G1 F752.8 X42.25 Y43 E194.539
G1 F812.7 X42.252 Y57.087 E194.98001
G1 F748.6 X42.293 Y57.707 E195.00113
G1 F752.8 X43 Y57.75 E195.02507
G1 F816 X47 Y57.75 E195.14979
G1 F971.4 X47.5 Y57.874 E195.16329
G1 F1030.3 X47.287 Y57.748 E195.1694
G1 F857.1 X47.25 Y57.25 E195.18422
G1 F816 X43 Y57.25 E195.31674
G0 F7200 X42.804 Y57.21
G1 F1500 E188.81674
;MESH:NONMESH
G0 F600 Z4.5
G0 F7200 X42.804 Y57.51
G0 X47.076 Y57.424
G0 X57.424 Y57.424
G0 X57.46 Y42.586
;TIME_ELAPSED:555.989960
;LAYER:28
;TYPE:WALL-INNER
;MESH:cherry_mx_socket_fix-pins_led_diode.stl
G1 F1500 E195.31674
G1 F2193.5 X57.391 Y42.546 E195.31859
G1 X57.391 Y42.626 E195.32045
G1 X57.46 Y42.586 E195.3223
G1 F1500 E188.8223
G0 F7200 X57.48 Y42.52
G0 X52.98 Y42.48
G0 X52.5 Y42.124
;TYPE:WALL-OUTER
G1 F1500 E195.3223
G1 F1200 X47.5 Y42.124 E195.42831
G1 F1500 E188.92831
G0 F7200 X47.02 Y42.48
G0 X42.562 Y42.562
G0 X42.562 Y57.438
G0 X47.02 Y57.52
G0 X47.5 Y57.874
G1 F1500 E195.42831
G1 F1200 X52.5 Y57.874 E195.53433
G1 F1500 E189.03433
G0 F7200 X52.98 Y57.52
G0 X57.438 Y57.438
G0 X57.249 Y57.044
G1 F1500 E195.53433
G1 F750 X57.207 Y57.207 E195.54004
G1 F747.3 X57.044 Y57.249 E195.54577
G1 F812.7 X52.75 Y57.25 E195.6802
G1 F857.1 X52.714 Y57.748 E195.69502
G1 F900.7 X52.682 Y57.786 E195.69643
G1 F857.1 X53 Y57.75 E195.70593
G1 F812.7 X57.087 Y57.748 E195.83387
G1 F747.3 X57.707 Y57.707 E195.85503
G1 F750 X57.749 Y57.087 E195.87611
G1 F812.7 X57.75 Y43 E196.31712
G1 F906.7 X57.8 Y42.2 E196.33962
G1 X57 Y42.25 E196.36211
G1 F816 X53 Y42.25 E196.48684
G1 F971.4 X52.5 Y42.124 E196.50034
G1 F1032.9 X52.711 Y42.248 E196.50637
G1 F858.9 X52.75 Y42.75 E196.52129
G1 F816 X57 Y42.75 E196.65381
G1 X57.25 Y43 E196.66483
G1 F812.7 X57.249 Y57.044 E197.10449
G0 F7200 X57.207 Y57.207
G0 X57.176 Y57.215
G1 F1500 E190.60449
G0 F7200 X57.176 Y57.51
G0 X52.93 Y57.51
G0 X51.847 Y57.097
G0 X48.153 Y57.097
G0 X43 Y57.25
G1 F1500 E197.10449
G1 F752.8 X42.793 Y57.207 E197.11164
G1 F748.6 X42.751 Y57.044 E197.11736
G1 F812.7 X42.75 Y43 E197.55702
G1 F752.8 X42.793 Y42.793 E197.56417
G1 F748.6 X42.956 Y42.751 E197.56989
G1 F812.7 X47.25 Y42.75 E197.70432
G1 F836.1 X47.29 Y42.215 E197.72065
G1 X47 Y42.25 E197.72954
G1 F812.7 X42.913 Y42.252 E197.85748
G1 F748.6 X42.293 Y42.293 E197.8786
G1 F752.8 X42.25 Y43 E197.90254
G1 F812.7 X42.252 Y57.087 E198.34355
G1 F748.6 X42.293 Y57.707 E198.36467
G1 F752.8 X43 Y57.75 E198.38861
G1 F816 X47 Y57.75 E198.51334
G1 F971.4 X47.5 Y57.874 E198.52683
G1 F1030.3 X47.287 Y57.748 E198.53294
G1 F857.1 X47.25 Y57.25 E198.54777
G1 F816 X43 Y57.25 E198.68029
G0 F7200 X42.804 Y57.21
G1 F1500 E192.18029
;MESH:NONMESH
G0 F600 Z4.65
G0 F7200 X42.804 Y57.51
G0 X47.076 Y57.424
G0 X57.424 Y57.424
G0 X57.46 Y42.586
;TIME_ELAPSED:567.584027
;LAYER:29
;TYPE:WALL-INNER
;MESH:cherry_mx_socket_fix-pins_led_diode.stl
G1 F1500 E198.68029
G1 F2193.5 X57.391 Y42.546 E198.68214
G1 X57.391 Y42.626 E198.68399
G1 X57.46 Y42.586 E198.68584
G1 F1500 E192.18584
G0 F7200 X57.48 Y42.52
G0 X57.51 Y57.207
G0 X57.207 Y57.207
;TYPE:WALL-OUTER
G1 F1500 E198.68584
G1 F747.3 X57.044 Y57.249 E198.69158
G1 F812.7 X43 Y57.25 E199.13124
G1 F752.8 X42.793 Y57.207 E199.13838
G1 F748.6 X42.751 Y57.044 E199.14411
G1 F812.7 X42.75 Y43 E199.58377
G1 F752.8 X42.793 Y42.793 E199.59091
G1 F748.6 X42.956 Y42.751 E199.59664
G1 F812.7 X57 Y42.75 E200.0363
G1 F816 X57.25 Y43 E200.04732
G1 F812.7 X57.249 Y57.044 E200.48699
G1 F750 X57.207 Y57.207 E200.4927
G0 F7200 X57.044 Y57.249
G0 X57.012 Y57.249
G1 F1500 E193.9927
G0 F7200 X57.012 Y57.51
G0 X43 Y57.49
G0 X43 Y57.75
G1 F1500 E200.4927
G1 F812.7 X57.087 Y57.748 E200.9337
G1 F747.3 X57.707 Y57.707 E200.95486
G1 F750 X57.749 Y57.087 E200.97594
G1 F812.7 X57.75 Y43 E201.41695
G1 F906.7 X57.8 Y42.2 E201.43945
G1 X57 Y42.25 E201.46194
G1 F812.7 X42.913 Y42.252 E201.90295
G1 F748.6 X42.293 Y42.293 E201.92407
G1 F752.8 X42.25 Y43 E201.94801
G1 F812.7 X42.252 Y57.087 E202.38902
G1 F748.6 X42.293 Y57.707 E202.41014
G1 F752.8 X43 Y57.75 E202.43408
G0 F7200 X43.2 Y57.75
G1 F1500 E195.93408
;MESH:NONMESH
G0 F600 Z4.8
G0 F7200 X43.2 Y57.49
G0 X57.438 Y57.438
G0 X57.48 Y42.52
G0 X57.46 Y42.586
;TIME_ELAPSED:578.732609
;LAYER:30
;TYPE:WALL-INNER
;MESH:cherry_mx_socket_fix-pins_led_diode.stl
G1 F1500 E202.43408
G1 F2193.5 X57.391 Y42.546 E202.43593
G1 X57.391 Y42.626 E202.43779
G1 X57.46 Y42.586 E202.43964
G1 F1500 E195.93964
G0 F7200 X57.48 Y42.52
G0 X57.51 Y57.207
G0 X57.207 Y57.207
;TYPE:WALL-OUTER
G1 F1500 E202.43964
G1 F747.3 X57.044 Y57.249 E202.44537
G1 F812.7 X43 Y57.25 E202.88503
G1 F752.8 X42.793 Y57.207 E202.89218
G1 F748.6 X42.751 Y57.044 E202.8979
G1 F812.7 X42.75 Y43 E203.33756
G1 F752.8 X42.793 Y42.793 E203.34471
G1 F748.6 X42.956 Y42.751 E203.35043
G1 F812.7 X57 Y42.75 E203.79009
G1 F816 X57.25 Y43 E203.80111
G1 F812.7 X57.249 Y57.044 E204.24078
G1 F750 X57.207 Y57.207 E204.24649
G0 F7200 X57.044 Y57.249
G0 X57.012 Y57.249
G1 F1500 E197.74649
G0 F7200 X57.012 Y57.51
G0 X43 Y57.49
G0 X43 Y57.75
G1 F1500 E204.24649
G1 F812.7 X57.087 Y57.748 E204.6875
G1 F747.3 X57.707 Y57.707 E204.70865
G1 F750 X57.749 Y57.087 E204.72974
G1 F812.7 X57.75 Y43 E205.17074
G1 F906.7 X57.8 Y42.2 E205.19324
G1 X57 Y42.25 E205.21573
G1 F812.7 X42.913 Y42.252 E205.65674
G1 F748.6 X42.293 Y42.293 E205.67786
G1 F752.8 X42.25 Y43 E205.7018
G1 F812.7 X42.252 Y57.087 E206.14281
G1 F748.6 X42.293 Y57.707 E206.16393
G1 F752.8 X43 Y57.75 E206.18787
G0 F7200 X43.2 Y57.75
G1 F1500 E199.68787
;MESH:NONMESH
G0 F600 Z4.95
G0 F7200 X43.2 Y57.49
G0 X57.438 Y57.438
G0 X57.48 Y42.52
G0 X57.46 Y42.586
;TIME_ELAPSED:589.881190
;LAYER:31
;TYPE:WALL-INNER
;MESH:cherry_mx_socket_fix-pins_led_diode.stl
G1 F1500 E206.18787
G1 F2193.5 X57.391 Y42.546 E206.18972
G1 X57.391 Y42.626 E206.19158
G1 X57.46 Y42.586 E206.19343
G1 F1500 E199.69343
G0 F7200 X57.48 Y42.52
G0 X57.51 Y57.207
G0 X57.207 Y57.207
;TYPE:WALL-OUTER
G1 F1500 E206.19343
G1 F747.3 X57.044 Y57.249 E206.19916
G1 F812.7 X43 Y57.25 E206.63882
G1 F752.8 X42.793 Y57.207 E206.64597
G1 F748.6 X42.751 Y57.044 E206.65169
G1 F812.7 X42.75 Y43 E207.09135
G1 F752.8 X42.793 Y42.793 E207.0985
G1 F748.6 X42.956 Y42.751 E207.10422
G1 F812.7 X57 Y42.75 E207.54388
G1 F816 X57.25 Y43 E207.55491
G1 F812.7 X57.249 Y57.044 E207.99457
G1 F750 X57.207 Y57.207 E208.00028
G0 F7200 X57.044 Y57.249
G0 X57.012 Y57.249
G1 F1500 E201.50028
G0 F7200 X57.012 Y57.51
G0 X43 Y57.49
G0 X43 Y57.75
G1 F1500 E208.00028
G1 F812.7 X57.087 Y57.748 E208.44129
G1 F747.3 X57.707 Y57.707 E208.46245
G1 F750 X57.749 Y57.087 E208.48353
G1 F812.7 X57.75 Y43 E208.92454
G1 F906.7 X57.8 Y42.2 E208.94703
G1 X57 Y42.25 E208.96952
G1 F812.7 X42.913 Y42.252 E209.41053
G1 F748.6 X42.293 Y42.293 E209.43165
G1 F752.8 X42.25 Y43 E209.45559
G1 F812.7 X42.252 Y57.087 E209.8966
G1 F748.6 X42.293 Y57.707 E209.91772
G1 F752.8 X43 Y57.75 E209.94166
G0 F7200 X43.2 Y57.75
G1 F1500 E203.44166
;MESH:NONMESH
G0 F600 Z5.1
G0 F7200 X43.2 Y57.49
G0 X57.438 Y57.438
G0 X57.48 Y42.52
G0 X57.46 Y42.586
;TIME_ELAPSED:601.029771
;LAYER:32
;TYPE:WALL-INNER
;MESH:cherry_mx_socket_fix-pins_led_diode.stl
G1 F1500 E209.94166
G1 F2193.5 X57.391 Y42.546 E209.94351
G1 X57.391 Y42.626 E209.94537
G1 X57.46 Y42.586 E209.94722
G1 F1500 E203.44722
G0 F7200 X57.48 Y42.52
G0 X57.51 Y57.207
G0 X57.207 Y57.207
;TYPE:WALL-OUTER
G1 F1500 E209.94722
G1 F747.3 X57.044 Y57.249 E209.95295
G1 F812.7 X43 Y57.25 E210.39261
G1 F752.8 X42.793 Y57.207 E210.39976
G1 F748.6 X42.751 Y57.044 E210.40548
G1 F812.7 X42.75 Y43 E210.84514
G1 F752.8 X42.793 Y42.793 E210.85229
G1 F748.6 X42.956 Y42.751 E210.85801
G1 F812.7 X57 Y42.75 E211.29767
G1 F816 X57.25 Y43 E211.3087
G1 F812.7 X57.249 Y57.044 E211.74836
G1 F750 X57.207 Y57.207 E211.75407
G0 F7200 X57.044 Y57.249
G0 X57.012 Y57.249
G1 F1500 E205.25407
G0 F7200 X57.012 Y57.51
G0 X43 Y57.49
G0 X43 Y57.75
G1 F1500 E211.75407
G1 F812.7 X57.087 Y57.748 E212.19508
G1 F747.3 X57.707 Y57.707 E212.21624
G1 F750 X57.749 Y57.087 E212.23732
G1 F812.7 X57.75 Y43 E212.67833
G1 F906.7 X57.8 Y42.2 E212.70082
G1 X57 Y42.25 E212.72332
G1 F812.7 X42.913 Y42.252 E213.16433
G1 F748.6 X42.293 Y42.293 E213.18544
G1 F752.8 X42.25 Y43 E213.20939
G1 F812.7 X42.252 Y57.087 E213.65039
G1 F748.6 X42.293 Y57.707 E213.67151
G1 F752.8 X43 Y57.75 E213.69545
G0 F7200 X43.2 Y57.75
G1 F1500 E207.19545
;MESH:NONMESH
G0 F600 Z5.25
G0 F7200 X43.2 Y57.49
G0 X57.438 Y57.438
G0 X57.48 Y42.52
G0 X57.46 Y42.586
;TIME_ELAPSED:612.178353
;LAYER:33
;TYPE:WALL-INNER
;MESH:cherry_mx_socket_fix-pins_led_diode.stl
G1 F1500 E213.69545
G1 F2193.5 X57.391 Y42.546 E213.6973
G1 X57.391 Y42.626 E213.69916
G1 X57.46 Y42.586 E213.70101
G1 F1500 E207.20101
G0 F7200 X57.48 Y42.52
G0 X57.51 Y57.207
G0 X57.207 Y57.207
;TYPE:WALL-OUTER
G1 F1500 E213.70101
G1 F747.3 X57.044 Y57.249 E213.70674
G1 F812.7 X43 Y57.25 E214.1464
G1 F752.8 X42.793 Y57.207 E214.15355
G1 F748.6 X42.751 Y57.044 E214.15927
G1 F812.7 X42.75 Y43 E214.59893
G1 F752.8 X42.793 Y42.793 E214.60608
G1 F748.6 X42.956 Y42.751 E214.6118
G1 F812.7 X57 Y42.75 E215.05146
G1 F816 X57.25 Y43 E215.06249
G1 F812.7 X57.249 Y57.044 E215.50215
G1 F750 X57.207 Y57.207 E215.50786
G0 F7200 X57.044 Y57.249
G0 X57.012 Y57.249
G1 F1500 E209.00786
G0 F7200 X57.012 Y57.51
G0 X43 Y57.49
G0 X43 Y57.75
G1 F1500 E215.50786
G1 F812.7 X57.087 Y57.748 E215.94887
G1 F747.3 X57.707 Y57.707 E215.97003
G1 F750 X57.749 Y57.087 E215.99111
G1 F812.7 X57.75 Y43 E216.43212
G1 F906.7 X57.8 Y42.2 E216.45461
G1 X57 Y42.25 E216.47711
G1 F812.7 X42.913 Y42.252 E216.91812
G1 F748.6 X42.293 Y42.293 E216.93924
G1 F752.8 X42.25 Y43 E216.96318
G1 F812.7 X42.252 Y57.087 E217.40419
G1 F748.6 X42.293 Y57.707 E217.4253
G1 F752.8 X43 Y57.75 E217.44925
G0 F7200 X43.2 Y57.75
G1 F1500 E210.94925
;MESH:NONMESH
G0 F600 Z5.4
G0 F7200 X43.2 Y57.49
G0 X57.438 Y57.438
G0 X57.48 Y42.52
G0 X57.46 Y42.586
;TIME_ELAPSED:623.326934
;LAYER:34
;TYPE:WALL-INNER
;MESH:cherry_mx_socket_fix-pins_led_diode.stl
G1 F1500 E217.44925
G1 F2193.5 X57.391 Y42.546 E217.4511
G1 X57.391 Y42.626 E217.45295
G1 X57.46 Y42.586 E217.4548
G1 F1500 E210.9548
G0 F7200 X57.48 Y42.52
G0 X57.51 Y57.207
G0 X57.207 Y57.207
;TYPE:WALL-OUTER
G1 F1500 E217.4548
G1 F747.3 X57.044 Y57.249 E217.46053
G1 F812.7 X43 Y57.25 E217.9002
G1 F752.8 X42.793 Y57.207 E217.90734
G1 F748.6 X42.751 Y57.044 E217.91306
G1 F812.7 X42.75 Y43 E218.35273
G1 F752.8 X42.793 Y42.793 E218.35987
G1 F748.6 X42.956 Y42.751 E218.36559
G1 F812.7 X57 Y42.75 E218.80526
G1 F816 X57.25 Y43 E218.81628
G1 F812.7 X57.249 Y57.044 E219.25594
G1 F750 X57.207 Y57.207 E219.26165
G0 F7200 X57.044 Y57.249
G0 X57.012 Y57.249
G1 F1500 E212.76165
G0 F7200 X57.012 Y57.51
G0 X43 Y57.49
G0 X43 Y57.75
G1 F1500 E219.26165
G1 F812.7 X57.087 Y57.748 E219.70266
G1 F747.3 X57.707 Y57.707 E219.72382
G1 F750 X57.749 Y57.087 E219.7449
G1 F812.7 X57.75 Y43 E220.18591
G1 F906.7 X57.8 Y42.2 E220.20841
G1 X57 Y42.25 E220.2309
G1 F812.7 X42.913 Y42.252 E220.67191
G1 F748.6 X42.293 Y42.293 E220.69303
G1 F752.8 X42.25 Y43 E220.71697
G1 F812.7 X42.252 Y57.087 E221.15798
G1 F748.6 X42.293 Y57.707 E221.1791
G1 F752.8 X43 Y57.75 E221.20304
G0 F7200 X43.2 Y57.75
G1 F1500 E214.70304
;MESH:NONMESH
G0 F600 Z5.55
G0 F7200 X43.2 Y57.49
G0 X57.438 Y57.438
G0 X57.48 Y42.52
G0 X57.46 Y42.586
;TIME_ELAPSED:634.475515
;LAYER:35
;TYPE:WALL-INNER
;MESH:cherry_mx_socket_fix-pins_led_diode.stl
G1 F1500 E221.20304
G1 F2193.5 X57.391 Y42.546 E221.20489
G1 X57.391 Y42.626 E221.20674
G1 X57.46 Y42.586 E221.20859
G1 F1500 E214.70859
G0 F7200 X57.48 Y42.52
G0 X57.51 Y57.207
G0 X57.207 Y57.207
;TYPE:WALL-OUTER
G1 F1500 E221.20859
G1 F747.3 X57.044 Y57.249 E221.21432
G1 F812.7 X43 Y57.25 E221.65399
G1 F752.8 X42.793 Y57.207 E221.66113
G1 F748.6 X42.751 Y57.044 E221.66685
G1 F812.7 X42.75 Y43 E222.10652
G1 F752.8 X42.793 Y42.793 E222.11366
G1 F748.6 X42.956 Y42.751 E222.11938
G1 F812.7 X57 Y42.75 E222.55905
G1 F816 X57.25 Y43 E222.57007
G1 F812.7 X57.249 Y57.044 E223.00973
G1 F750 X57.207 Y57.207 E223.01545
G0 F7200 X57.044 Y57.249
G0 X57.012 Y57.249
G1 F1500 E216.51545
G0 F7200 X57.012 Y57.51
G0 X43 Y57.49
G0 X43 Y57.75
G1 F1500 E223.01545
G1 F812.7 X57.087 Y57.748 E223.45645
G1 F747.3 X57.707 Y57.707 E223.47761
G1 F750 X57.749 Y57.087 E223.49869
G1 F812.7 X57.75 Y43 E223.9397
G1 F906.7 X57.8 Y42.2 E223.9622
G1 X57 Y42.25 E223.98469
G1 F812.7 X42.913 Y42.252 E224.4257
G1 F748.6 X42.293 Y42.293 E224.44682
G1 F752.8 X42.25 Y43 E224.47076
G1 F812.7 X42.252 Y57.087 E224.91177
G1 F748.6 X42.293 Y57.707 E224.93289
G1 F752.8 X43 Y57.75 E224.95683
G0 F7200 X43.2 Y57.75
G1 F1500 E218.45683
;MESH:NONMESH
G0 F600 Z5.7
G0 F7200 X43.2 Y57.49
G0 X57.438 Y57.438
G0 X57.48 Y42.52
G0 X57.46 Y42.586
;TIME_ELAPSED:645.624097
;LAYER:36
;TYPE:WALL-INNER
;MESH:cherry_mx_socket_fix-pins_led_diode.stl
G1 F1500 E224.95683
G1 F2193.5 X57.391 Y42.546 E224.95868
G1 X57.391 Y42.626 E224.96053
G1 X57.46 Y42.586 E224.96238
G1 F1500 E218.46238
G0 F7200 X57.48 Y42.52
G0 X57.51 Y57.207
G0 X57.207 Y57.207
;TYPE:WALL-OUTER
G1 F1500 E224.96238
G1 F747.3 X57.044 Y57.249 E224.96812
G1 F812.7 X43 Y57.25 E225.40778
G1 F752.8 X42.793 Y57.207 E225.41493
G1 F748.6 X42.751 Y57.044 E225.42065
G1 F812.7 X42.75 Y43 E225.86031
G1 F752.8 X42.793 Y42.793 E225.86746
G1 F748.6 X42.956 Y42.751 E225.87318
G1 F812.7 X57 Y42.75 E226.31284
G1 F816 X57.25 Y43 E226.32386
G1 F812.7 X57.249 Y57.044 E226.76353
G1 F750 X57.207 Y57.207 E226.76924
G0 F7200 X57.044 Y57.249
G0 X57.012 Y57.249
G1 F1500 E220.26924
G0 F7200 X57.012 Y57.51
G0 X43 Y57.49
G0 X43 Y57.75
G1 F1500 E226.76924
G1 F812.7 X57.087 Y57.748 E227.21025
G1 F747.3 X57.707 Y57.707 E227.2314
G1 F750 X57.749 Y57.087 E227.25248
G1 F812.7 X57.75 Y43 E227.69349
G1 F906.7 X57.8 Y42.2 E227.71599
G1 X57 Y42.25 E227.73848
G1 F812.7 X42.913 Y42.252 E228.17949
G1 F748.6 X42.293 Y42.293 E228.20061
G1 F752.8 X42.25 Y43 E228.22455
G1 F812.7 X42.252 Y57.087 E228.66556
G1 F748.6 X42.293 Y57.707 E228.68668
G1 F752.8 X43 Y57.75 E228.71062
G0 F7200 X43.2 Y57.75
G1 F1500 E222.21062
;MESH:NONMESH
G0 F600 Z5.85
G0 F7200 X43.2 Y57.49
G0 X57.438 Y57.438
G0 X57.48 Y42.52
G0 X57.46 Y42.586
;TIME_ELAPSED:656.772678
;LAYER:37
;TYPE:WALL-INNER
;MESH:cherry_mx_socket_fix-pins_led_diode.stl
G1 F1500 E228.71062
G1 F2193.5 X57.391 Y42.546 E228.71247
G1 X57.391 Y42.626 E228.71433
G1 X57.46 Y42.586 E228.71618
G1 F1500 E222.21618
G0 F7200 X57.48 Y42.52
G0 X57.51 Y57.207
G0 X57.207 Y57.207
;TYPE:WALL-OUTER
G1 F1500 E228.71618
G1 F747.3 X57.044 Y57.249 E228.72191
G1 F812.7 X43 Y57.25 E229.16157
G1 F752.8 X42.793 Y57.207 E229.16872
G1 F748.6 X42.751 Y57.044 E229.17444
G1 F812.7 X42.75 Y43 E229.6141
G1 F752.8 X42.793 Y42.793 E229.62125
G1 F748.6 X42.956 Y42.751 E229.62697
G1 F812.7 X57 Y42.75 E230.06663
G1 F816 X57.25 Y43 E230.07765
G1 F812.7 X57.249 Y57.044 E230.51732
G1 F750 X57.207 Y57.207 E230.52303
G0 F7200 X57.044 Y57.249
G0 X57.012 Y57.249
G1 F1500 E224.02303
G0 F7200 X57.012 Y57.51
G0 X43 Y57.49
G0 X43 Y57.75
G1 F1500 E230.52303
G1 F812.7 X57.087 Y57.748 E230.96404
G1 F747.3 X57.707 Y57.707 E230.98519
G1 F750 X57.749 Y57.087 E231.00628
G1 F812.7 X57.75 Y43 E231.44729
G1 F906.7 X57.8 Y42.2 E231.46978
G1 X57 Y42.25 E231.49227
G1 F812.7 X42.913 Y42.252 E231.93328
G1 F748.6 X42.293 Y42.293 E231.9544
G1 F752.8 X42.25 Y43 E231.97834
G1 F812.7 X42.252 Y57.087 E232.41935
G1 F748.6 X42.293 Y57.707 E232.44047
G1 F752.8 X43 Y57.75 E232.46441
G0 F7200 X43.2 Y57.75
G1 F1500 E225.96441
;MESH:NONMESH
G0 F600 Z6
G0 F7200 X43.2 Y57.49
G0 X57.438 Y57.438
G0 X57.48 Y42.52
G0 X57.46 Y42.586
;TIME_ELAPSED:667.921260
;LAYER:38
;TYPE:WALL-INNER
;MESH:cherry_mx_socket_fix-pins_led_diode.stl
G1 F1500 E232.46441
G1 F2193.5 X57.391 Y42.546 E232.46626
G1 X57.391 Y42.626 E232.46812
G1 X57.46 Y42.586 E232.46997
G1 F1500 E225.96997
G0 F7200 X57.48 Y42.52
G0 X57.51 Y57.207
G1 F1500 E232.46997
G0 F7200 X57.207 Y57.207
G0 E225.96997
;TYPE:WALL-OUTER
G1 F1500 E232.46997
G1 F747.3 X57.044 Y57.249 E232.4757
G1 F812.7 X43 Y57.25 E232.91536
G1 F752.8 X42.793 Y57.207 E232.92251
G1 F748.6 X42.751 Y57.044 E232.92823
G1 F812.7 X42.75 Y43 E233.36789
G1 F752.8 X42.793 Y42.793 E233.37504
G1 F748.6 X42.956 Y42.751 E233.38076
G1 F812.7 X57 Y42.75 E233.82042
G1 F816 X57.25 Y43 E233.83145
G1 F812.7 X57.249 Y57.044 E234.27111
G1 F750 X57.207 Y57.207 E234.27682
G0 F7200 X57.044 Y57.249
G0 X57.012 Y57.249
G1 F1500 E227.77682
G0 F7200 X57.012 Y57.51
G0 X43 Y57.49
G1 F1500 E234.27682
G0 F7200 X43 Y57.75
G0 E227.77682
G1 F1500 E234.27682
G1 F812.7 X57.087 Y57.748 E234.71783
G1 F747.3 X57.707 Y57.707 E234.73899
G1 F750 X57.749 Y57.087 E234.76007
G1 F812.7 X57.75 Y43 E235.20108
G1 F906.7 X57.8 Y42.2 E235.22357
G1 X57 Y42.25 E235.24607
G1 F812.7 X42.913 Y42.252 E235.68707
G1 F748.6 X42.293 Y42.293 E235.70819
G1 F752.8 X42.25 Y43 E235.73213
G1 F812.7 X42.252 Y57.087 E236.17314
G1 F748.6 X42.293 Y57.707 E236.19426
G1 F752.8 X43 Y57.75 E236.2182
G0 F7200 X43.2 Y57.75
;TIME_ELAPSED:678.444513
G1 F1500 E229.7182
M107
M104 S0
M140 S0
;Retract the filament
G92 E1
G1 E-1 F300
G28 X0 Y0
M84
M82 ;absolute extrusion mode
M104 S0
;End of Gcode
;SETTING_3 {"global_quality": "[general]\\nversion = 4\\nname = K9 PETG normal\\
;SETTING_3 ndefinition = custom\\n\\n[metadata]\\ntype = quality_changes\\nquali
;SETTING_3 ty_type = fast\\nsetting_version = 27\\n\\n[values]\\nadhesion_type =
;SETTING_3  skirt\\nraft_smoothing = 3\\nsupport_structure = normal\\n\\n", "ext
;SETTING_3 ruder_quality": ["[general]\\nversion = 4\\nname = K9 PETG normal\\nd
;SETTING_3 efinition = custom\\n\\n[metadata]\\ntype = quality_changes\\nquality
;SETTING_3 _type = fast\\nintent_category = default\\nposition = 0\\nsetting_ver
;SETTING_3 sion = 27\\n\\n[values]\\ncool_fan_full_layer = 3\\ncool_fan_speed = 
;SETTING_3 20\\ninfill_overlap = 20\\ninfill_pattern = gyroid\\ninfill_sparse_de
;SETTING_3 nsity = 20\\nmaterial_final_print_temperature = 230.0\\nmaterial_flow
;SETTING_3  = 100.0\\nmaterial_initial_print_temperature = 230.0\\nmaterial_prin
;SETTING_3 t_temperature = 235.0\\nraft_airgap = 0.22\\nraft_base_line_spacing =
;SETTING_3  3.0\\nraft_base_line_width = 1.0\\nraft_base_thickness = 0.3\\nraft_
;SETTING_3 margin = 3\\nskin_overlap = 15.0\\nskirt_height = 2\\nskirt_line_coun
;SETTING_3 t = 2\\nspeed_layer_0 = 15\\nspeed_print = 25.0\\nsupport_type = ever
;SETTING_3 ywhere\\n\\n"]}
