;FLAVOR:Marlin
;TIME:3939
;Filament used: 2.33057m
;Layer height: 0.15
;MINX:27.918
;MINY:7.9
;MINZ:0.3
;MAXX:72.1
;MAXY:92.1
;MAXZ:19.95
;TARGET_MACHINE.NAME:Unknown
;Generated with Cura_SteamEngine 5.13.0
M104 S230
M105
M109 S230
G28 ;Home
G1 Z15.0 F6000 ;Move the platform down 15mm
;Prime the extruder
G92 E0
G1 F200 E3
G92 E0
M82 ;absolute extrusion mode
G92 E0
G92 E0
G1 F1500 E-6.5
;LAYER_COUNT:132
;LAYER:0
M107
G0 F3600 X28.223 Y10.053 Z0.3
;TYPE:SKIRT
G1 F1500 E0
G1 F900 X28.494 Y9.554 E0.02975
G1 X28.841 Y9.102 E0.0596
G1 X29.254 Y8.713 E0.08932
G1 X29.669 Y8.424 E0.11581
G1 X30.238 Y8.15 E0.14889
G1 X30.791 Y7.991 E0.17903
G1 X31.446 Y7.917 E0.21356
G1 X32.388 Y7.9 E0.26292
G1 X67.845 Y7.9 E2.12032
G1 X68.543 Y7.91 E2.15689
G1 X69.14 Y7.97 E2.18832
G1 X69.69 Y8.116 E2.21813
G1 X70.154 Y8.318 E2.24464
G1 X70.635 Y8.62 E2.27439
G1 X71.108 Y9.039 E2.3075
G1 X71.463 Y9.481 E2.33719
G1 X71.746 Y9.975 E2.36702
G1 X71.947 Y10.506 E2.39676
G1 X72.062 Y11.063 E2.42655
G1 X72.099 Y11.734 E2.46176
G1 X72.1 Y87.814 E6.44719
G1 X72.09 Y88.541 E6.48527
G1 X72.03 Y89.138 E6.5167
G1 X71.884 Y89.687 E6.54646
G1 X71.653 Y90.207 E6.57627
G1 X71.344 Y90.683 E6.606
G1 X70.962 Y91.107 E6.63589
G1 X70.571 Y91.427 E6.66236
G1 X70.028 Y91.745 E6.69533
G1 X69.557 Y91.929 E6.72181
G1 X68.949 Y92.061 E6.75441
G1 X68.505 Y92.098 E6.77775
G1 X32.155 Y92.1 E8.68193
G1 X31.466 Y92.09 E8.71803
G1 X30.868 Y92.029 E8.74952
G1 X30.32 Y91.883 E8.77922
G1 X29.8 Y91.652 E8.80903
G1 X29.323 Y91.342 E8.83883
G1 X28.902 Y90.961 E8.86858
G1 X28.545 Y90.518 E8.89838
G1 X28.262 Y90.024 E8.9282
G1 X28.062 Y89.493 E8.95793
G1 X27.946 Y88.928 E8.98814
G1 X27.924 Y88.312 E9.02043
G1 X28 Y87.282 E9.07453
G1 X28.268 Y86.176 E9.13415
G1 X29.266 Y83.569 E9.28038
G1 X30.178 Y81.008 E9.42279
G1 X31.014 Y78.426 E9.56496
G1 X31.793 Y75.771 E9.70991
G1 X32.471 Y73.184 E9.85
G1 X33.097 Y70.495 E9.99463
G1 X33.637 Y67.836 E10.13677
G1 X34.107 Y65.132 E10.28054
G1 X34.494 Y62.459 E10.42202
G1 X34.811 Y59.728 E10.56604
G1 X35.049 Y57.001 E10.70944
G1 X35.205 Y54.341 E10.84902
G1 X35.29 Y51.557 E10.99493
G1 X35.297 Y48.849 E11.13679
G1 X35.226 Y46.109 E11.28037
G1 X35.079 Y43.416 E11.42165
G1 X34.852 Y40.672 E11.56589
G1 X34.552 Y37.982 E11.70768
G1 X34.172 Y35.262 E11.85155
G1 X33.721 Y32.594 E11.99329
G1 X33.189 Y29.91 E12.13663
G1 X32.588 Y27.27 E12.27846
G1 X31.9 Y24.601 E12.42285
G1 X31.148 Y21.993 E12.56503
G1 X30.32 Y19.395 E12.70787
G1 X29.42 Y16.83 E12.85027
G1 X28.283 Y13.85 E13.01735
G1 X28.133 Y13.3 E13.04722
G1 X27.97 Y12.491 E13.09045
G1 X27.918 Y11.717 E13.13109
G1 X27.931 Y11.148 E13.1609
G1 X28.034 Y10.589 E13.19068
G1 X28.223 Y10.053 E13.22045
G0 F3600 X28.576 Y10.241
G1 F900 X28.813 Y9.795 E13.24691
G1 X29.118 Y9.391 E13.27342
G1 X29.483 Y9.041 E13.29991
G1 X29.898 Y8.752 E13.32641
G1 X30.353 Y8.533 E13.35286
G1 X30.837 Y8.388 E13.37933
G1 X31.453 Y8.317 E13.41181
G1 X32.395 Y8.3 E13.46116
G1 X67.839 Y8.3 E15.31789
G1 X68.537 Y8.31 E15.35446
G1 X69.04 Y8.357 E15.38092
G1 X69.53 Y8.483 E15.40742
G1 X69.994 Y8.685 E15.43393
G1 X70.42 Y8.957 E15.46041
G1 X70.798 Y9.292 E15.48687
G1 X71.118 Y9.683 E15.51334
G1 X71.373 Y10.12 E15.53984
G1 X71.556 Y10.591 E15.56631
G1 X71.663 Y11.085 E15.59279
G1 X71.699 Y11.734 E15.62684
G1 X71.7 Y87.808 E19.61195
G1 X71.69 Y88.535 E19.65004
G1 X71.643 Y89.038 E19.6765
G1 X71.517 Y89.528 E19.70301
G1 X71.316 Y89.992 E19.7295
G1 X71.044 Y90.418 E19.75597
G1 X70.709 Y90.797 E19.78247
G1 X70.318 Y91.117 E19.80894
G1 X69.882 Y91.372 E19.8354
G1 X69.411 Y91.556 E19.86189
G1 X68.916 Y91.662 E19.88841
G1 X68.472 Y91.699 E19.91175
G1 X32.161 Y91.7 E21.81389
G1 X31.472 Y91.69 E21.84998
G1 X30.968 Y91.642 E21.87651
G1 X30.479 Y91.516 E21.90296
G1 X30.015 Y91.315 E21.92945
G1 X29.589 Y91.043 E21.95592
G1 X29.211 Y90.707 E21.98242
G1 X28.89 Y90.316 E22.00892
G1 X28.635 Y89.88 E22.03538
G1 X28.453 Y89.408 E22.06188
G1 X28.346 Y88.914 E22.08836
G1 X28.324 Y88.298 E22.12065
G1 X28.389 Y87.375 E22.16912
G1 X28.642 Y86.319 E22.226
G1 X29.64 Y83.712 E22.37223
G1 X30.555 Y81.142 E22.51514
G1 X31.395 Y78.549 E22.65792
G1 X32.177 Y75.884 E22.80341
G1 X32.861 Y73.275 E22.9447
G1 X33.487 Y70.586 E23.08933
G1 X34.029 Y67.916 E23.23205
G1 X34.501 Y65.201 E23.37641
G1 X34.89 Y62.516 E23.51853
G1 X35.208 Y59.774 E23.66313
G1 X35.447 Y57.036 E23.80711
G1 X35.605 Y54.353 E23.9479
G1 X35.69 Y51.569 E24.09381
G1 X35.697 Y48.85 E24.23624
G1 X35.626 Y46.099 E24.3804
G1 X35.478 Y43.383 E24.52289
G1 X35.251 Y40.639 E24.66712
G1 X34.95 Y37.938 E24.80949
G1 X34.568 Y35.207 E24.95394
G1 X34.115 Y32.527 E25.09633
G1 X33.579 Y29.821 E25.24083
G1 X32.978 Y27.181 E25.38267
G1 X32.287 Y24.501 E25.52765
G1 X31.532 Y21.882 E25.67043
G1 X30.701 Y19.274 E25.81382
G1 X29.794 Y16.687 E25.95743
G1 X28.669 Y13.744 E26.12248
G1 X28.525 Y13.219 E26.15099
G1 X28.369 Y12.464 E26.19138
G1 X28.318 Y11.723 E26.23029
G1 X28.325 Y11.217 E26.2568
G1 X28.412 Y10.719 E26.28328
G1 X28.576 Y10.241 E26.30975
G1 F1500 E19.80975
;MESH:Wandhalterung TP-Link Media Converter.stl
G0 F3600 X32.201 Y14.799
G0 X33.381 Y15.658
G0 X34.769 Y16.109
G0 X37.884 Y16.154
G0 X65.847 Y14.153
G0 X66.924 Y13.076
G0 X67.41 Y86.924
G0 X66.924 Y86.924
;TYPE:WALL-INNER
G1 F1500 E26.30975
G1 F900 X66.589 Y87.1 E26.32958
G1 X37.5 Y87.1 E27.85339
G1 X37.02 Y86.861 E27.88148
G1 X36.9 Y86.501 E27.90136
G1 X36.9 Y85.1 E27.97475
G1 X35.527 Y85.1 E28.04668
G1 X34.967 Y85.143 E28.0761
G1 X34.451 Y85.268 E28.10391
G1 X33.949 Y85.477 E28.1324
G1 X33.499 Y85.751 E28.16
G1 X33.098 Y86.098 E28.18778
G1 X32.751 Y86.499 E28.21555
G1 X32.476 Y86.95 E28.24323
G1 X32.269 Y87.443 E28.27124
G1 X32.16 Y87.899 E28.2958
G1 X67.9 Y87.9 E30.16803
G1 X67.9 Y12.1 E34.13879
G1 X32.161 Y12.1 E36.01096
G1 X32.265 Y12.547 E36.03501
G1 X32.472 Y13.045 E36.06326
G1 X32.75 Y13.497 E36.09106
G1 X33.098 Y13.902 E36.11903
G1 X33.499 Y14.245 E36.14667
G1 X33.951 Y14.524 E36.1745
G1 X34.45 Y14.731 E36.20279
G1 X34.967 Y14.853 E36.23062
G1 X35.518 Y14.9 E36.25959
G1 X36.9 Y14.9 E36.33199
G1 X36.9 Y13.5 E36.40532
G1 X37.02 Y13.139 E36.42525
G1 X37.409 Y12.9 E36.44917
G1 X66.5 Y12.9 E37.97309
G1 X66.924 Y13.076 E37.99714
G1 X67.1 Y13.5 E38.02119
G1 X67.1 Y86.589 E41.84994
G1 X66.924 Y86.924 E41.86976
G0 F3600 X66.698 Y86.535
;TYPE:WALL-OUTER
G1 F900 X66.642 Y86.642 E41.87609
G1 X66.535 Y86.698 E41.88241
G1 X37.5 Y86.7 E43.4034
G1 X37.34 Y86.621 E43.41275
G1 X37.3 Y86.501 E43.41938
G1 X37.3 Y84.7 E43.51372
G1 X35.512 Y84.7 E43.60739
G1 X34.904 Y84.747 E43.63933
G1 X34.327 Y84.887 E43.67043
G1 X33.767 Y85.119 E43.70219
G1 X33.263 Y85.427 E43.73313
G1 X32.814 Y85.814 E43.76418
G1 X32.427 Y86.263 E43.79523
G1 X32.119 Y86.768 E43.82622
G1 X31.887 Y87.319 E43.85754
G1 X31.747 Y87.911 E43.8894
G1 X31.717 Y88.3 E43.90984
G1 X68.3 Y88.3 E45.82623
G1 X68.3 Y11.7 E49.8389
G1 X31.717 Y11.7 E51.75529
G1 X31.747 Y12.085 E51.77552
G1 X31.883 Y12.67 E51.80698
G1 X32.115 Y13.228 E51.83864
G1 X32.426 Y13.733 E51.86971
G1 X32.814 Y14.186 E51.90095
G1 X33.263 Y14.569 E51.93187
G1 X33.768 Y14.881 E51.96296
G1 X34.326 Y15.113 E51.99462
G1 X34.904 Y15.249 E52.02572
G1 X35.501 Y15.3 E52.05711
G1 X37.3 Y15.3 E52.15135
G1 X37.3 Y13.5 E52.24565
G1 X37.34 Y13.379 E52.25232
G1 X37.465 Y13.302 E52.26001
G1 X66.5 Y13.3 E53.781
G1 X66.642 Y13.358 E53.78904
G1 X66.7 Y13.5 E53.79707
G1 X66.698 Y86.535 E57.62299
G0 F3600 X66.642 Y86.642
G0 X66.573 Y86.678
G0 X66.645 Y87.499
;TYPE:SKIN
G1 F687 X52.078 Y87.498 E58.62264
G1 F695 X37.511 Y87.498 E59.61083
G0 F3600 X36.817 Y87.115
G1 F869.6 X37.497 Y87.51 E59.65347
G1 X36.713 Y87.556 E59.69605
G1 F900 X32.59 Y87.556 E59.91203
G1 X32.779 Y87.104 E59.9377
G1 X33.023 Y86.703 E59.96229
G1 X33.338 Y86.338 E59.98754
G1 X33.703 Y86.023 E60.0128
G1 X34.096 Y85.783 E60.03692
G1 X34.555 Y85.591 E60.06299
G1 X35.023 Y85.479 E60.08819
G1 X35.544 Y85.44 E60.11556
G1 X36.56 Y85.44 E60.16879
G1 X36.56 Y86.492 E60.2239
G1 X36.718 Y87 E60.25176
G1 X36.817 Y87.115 E60.25971
G0 F3600 X36.59 Y87.115
G0 X67.338 Y87.338
G0 X67.338 Y12.662
G0 X36.662 Y12.662
G0 X36.56 Y13.472
G1 F900 X36.56 Y14.56 E60.31671
G1 X35.533 Y14.56 E60.37051
G1 X35.02 Y14.513 E60.39749
G1 X34.554 Y14.404 E60.42256
G1 X34.104 Y14.217 E60.44809
G1 X33.695 Y13.965 E60.47326
G1 X33.338 Y13.658 E60.49792
G1 X33.026 Y13.297 E60.52292
G1 X32.775 Y12.892 E60.54788
G1 X32.589 Y12.44 E60.57348
G1 X36.678 Y12.44 E60.78768
G1 F833.3 X37.332 Y12.5 E60.82484
G1 X36.803 Y12.885 E60.86185
G1 F900 X36.717 Y12.993 E60.86908
G1 X36.56 Y13.472 E60.89549
G0 F3600 X36.662 Y12.662
G0 X37.347 Y12.501
G1 F688.3 X66.488 Y12.5 E62.89145
G0 F3600 X67.179 Y12.816
G1 F739.2 X66.516 Y12.498 E62.93834
G1 F775.9 X67.164 Y12.457 E62.9778
G1 F798.2 X67.566 Y12.457 E63.00154
G1 F743.8 X67.502 Y13.479 E63.06645
G1 F734.7 X67.179 Y12.816 E63.11377
G0 F3600 X67.5 Y13.508
G1 F691 X67.499 Y86.645 E68.10399
G0 F3600 X67.174 Y87.173
G1 F791.2 X67.5 Y86.657 E68.14036
G1 X67.544 Y87.202 E68.17294
G1 F831.4 X67.544 Y87.543 E68.19228
G1 X67.202 Y87.544 E68.21167
G1 F789.5 X66.661 Y87.5 E68.24409
G1 X67.174 Y87.173 E68.28042
G0 F3600 X67.41 Y87.173
G0 X36.662 Y87.338
G0 X32.946 Y87.252
G1 F900 X33.049 Y87.355 E68.28805
G0 F3600 X33.148 Y86.888
G1 F900 X33.615 Y87.355 E68.32264
G0 F3600 X34.181 Y87.355
G1 F900 X33.399 Y86.573 E68.38058
G0 F3600 X33.69 Y86.299
G1 F900 X34.747 Y87.355 E68.45885
G0 F3600 X35.312 Y87.355
G1 F900 X34.02 Y86.063 E68.55456
G0 F3600 X34.397 Y85.875
G1 F900 X35.878 Y87.355 E68.66424
G0 F3600 X36.444 Y87.355
G1 F900 X34.821 Y85.733 E68.78444
G0 F3600 X35.312 Y85.658
G1 F900 X36.449 Y86.795 E68.86867
G0 F3600 X36.36 Y86.14
G1 F900 X35.86 Y85.64 E68.90572
G0 F3600 X36.662 Y87.338
G0 X67.338 Y87.338
G0 X67.338 Y12.662
G0 X36.662 Y12.662
G0 X35.856 Y14.36
G1 F900 X34.136 Y12.64 E69.03314
G0 F3600 X33.571 Y12.64
G1 F900 X35.265 Y14.334 E69.15864
G0 F3600 X34.55 Y14.185
G1 F900 X33.005 Y12.64 E69.27309
G1 X32.935 Y12.57
G0 F3600 X34.702 Y12.64
G1 F900 X36.36 Y14.298 E69.39592
G0 F3600 X36.36 Y13.733
G1 F900 X35.268 Y12.64 E69.47686
G0 F3600 X35.833 Y12.64
G1 F900 X36.437 Y13.243 E69.52157
G0 F3600 X36.599 Y12.84
G1 F900 X36.399 Y12.64 E69.53639
G0 F3600 X36.408 Y12.71
G1 F1500 E63.03639
;MESH:NONMESH
G0 F600 Z0.45
G0 F3600 X31.958 Y11.923
G0 X30.874 Y12.009
G0 X28.576 Y10.241
;TIME_ELAPSED:99.787055
;LAYER:1
M106 S127.5
;TYPE:SKIRT
G1 F1500 E69.53639
G1 F900 X28.813 Y9.795 E69.54961
G1 X29.118 Y9.391 E69.56287
G1 X29.483 Y9.041 E69.57612
G1 X29.898 Y8.752 E69.58936
G1 X30.353 Y8.533 E69.60259
G1 X30.837 Y8.388 E69.61582
G1 X31.453 Y8.317 E69.63207
G1 X32.395 Y8.3 E69.65674
G1 X67.839 Y8.3 E70.58511
G1 X68.537 Y8.31 E70.60339
G1 X69.04 Y8.357 E70.61662
G1 X69.53 Y8.483 E70.62987
G1 X69.994 Y8.685 E70.64313
G1 X70.42 Y8.957 E70.65637
G1 X70.798 Y9.292 E70.6696
G1 X71.118 Y9.683 E70.68283
G1 X71.373 Y10.12 E70.69608
G1 X71.556 Y10.591 E70.70932
G1 X71.663 Y11.085 E70.72256
G1 X71.699 Y11.734 E70.73958
G1 X71.7 Y87.808 E72.73214
G1 X71.69 Y88.535 E72.75118
G1 X71.643 Y89.038 E72.76441
G1 X71.517 Y89.528 E72.77767
G1 X71.316 Y89.992 E72.79091
G1 X71.044 Y90.418 E72.80415
G1 X70.709 Y90.797 E72.8174
G1 X70.318 Y91.117 E72.83063
G1 X69.882 Y91.372 E72.84386
G1 X69.411 Y91.556 E72.85711
G1 X68.916 Y91.662 E72.87036
G1 X68.472 Y91.699 E72.88203
G1 X32.161 Y91.7 E73.83311
G1 X31.472 Y91.69 E73.85115
G1 X30.968 Y91.642 E73.86441
G1 X30.479 Y91.516 E73.87764
G1 X30.015 Y91.315 E73.89089
G1 X29.589 Y91.043 E73.90412
G1 X29.211 Y90.707 E73.91737
G1 X28.89 Y90.316 E73.93062
G1 X28.635 Y89.88 E73.94385
G1 X28.453 Y89.408 E73.9571
G1 X28.346 Y88.914 E73.97034
G1 X28.324 Y88.298 E73.98648
G1 X28.389 Y87.375 E74.01072
G1 X28.642 Y86.319 E74.03916
G1 X29.64 Y83.712 E74.11228
G1 X30.555 Y81.142 E74.18373
G1 X31.395 Y78.549 E74.25512
G1 X32.177 Y75.884 E74.32787
G1 X32.861 Y73.275 E74.39851
G1 X33.487 Y70.586 E74.47083
G1 X34.029 Y67.916 E74.54219
G1 X34.501 Y65.201 E74.61437
G1 X34.89 Y62.516 E74.68543
G1 X35.208 Y59.774 E74.75773
G1 X35.447 Y57.036 E74.82972
G1 X35.605 Y54.353 E74.90011
G1 X35.69 Y51.569 E74.97307
G1 X35.697 Y48.85 E75.04428
G1 X35.626 Y46.099 E75.11636
G1 X35.478 Y43.383 E75.18761
G1 X35.251 Y40.639 E75.25972
G1 X34.95 Y37.938 E75.33091
G1 X34.568 Y35.207 E75.40313
G1 X34.115 Y32.527 E75.47433
G1 X33.579 Y29.821 E75.54658
G1 X32.978 Y27.181 E75.6175
G1 X32.287 Y24.501 E75.68999
G1 X31.532 Y21.882 E75.76138
G1 X30.701 Y19.274 E75.83307
G1 X29.794 Y16.687 E75.90488
G1 X28.669 Y13.744 E75.9874
G1 X28.525 Y13.219 E76.00166
G1 X28.369 Y12.464 E76.02185
G1 X28.318 Y11.723 E76.04131
G1 X28.325 Y11.217 E76.05456
G1 X28.412 Y10.719 E76.0678
G1 X28.576 Y10.241 E76.08104
G1 F1500 E69.58104
;MESH:Wandhalterung TP-Link Media Converter.stl
G0 F5400 X32.201 Y14.799
G0 X33.381 Y15.658
G0 X34.77 Y16.109
G0 X37.885 Y16.154
G0 X65.847 Y14.153
G0 X66.924 Y13.076
G0 X67.41 Y86.924
G0 X66.924 Y86.924
;TYPE:WALL-INNER
G1 F1500 E76.08104
G1 F1650 X66.589 Y87.1 E76.09095
G1 X37.5 Y87.1 E76.85286
G1 X37.02 Y86.861 E76.8669
G1 X36.9 Y86.501 E76.87684
G1 X36.9 Y85.1 E76.91354
G1 X35.527 Y85.1 E76.9495
G1 X34.967 Y85.143 E76.96421
G1 X34.451 Y85.268 E76.97812
G1 X33.949 Y85.477 E76.99236
G1 X33.499 Y85.751 E77.00616
G1 X33.098 Y86.098 E77.02005
G1 X32.751 Y86.499 E77.03394
G1 X32.476 Y86.95 E77.04777
G1 X32.269 Y87.443 E77.06178
G1 X32.16 Y87.899 E77.07406
G1 X67.9 Y87.9 E78.01017
G1 X67.9 Y12.1 E79.99556
G1 X32.161 Y12.1 E80.93164
G1 X32.265 Y12.547 E80.94366
G1 X32.472 Y13.045 E80.95779
G1 X32.75 Y13.497 E80.97169
G1 X33.098 Y13.902 E80.98568
G1 X33.499 Y14.245 E80.9995
G1 X33.951 Y14.524 E81.01341
G1 X34.45 Y14.731 E81.02756
G1 X34.967 Y14.853 E81.04147
G1 X35.529 Y14.9 E81.05624
G1 X36.9 Y14.9 E81.09215
G1 X36.9 Y13.5 E81.12882
G1 X37.02 Y13.139 E81.13879
G1 X37.409 Y12.9 E81.15075
G1 X66.5 Y12.9 E81.91271
G1 X66.924 Y13.076 E81.92473
G1 X67.1 Y13.5 E81.93676
G1 X67.1 Y86.589 E83.85113
G1 X66.924 Y86.924 E83.86104
G0 F5400 X66.698 Y86.535
;TYPE:WALL-OUTER
G1 F1050 X66.642 Y86.642 E83.8642
G1 X66.535 Y86.698 E83.86737
G1 X37.5 Y86.7 E84.62786
G1 X37.34 Y86.621 E84.63254
G1 X37.3 Y86.501 E84.63585
G1 X37.3 Y84.7 E84.68302
G1 X35.512 Y84.7 E84.72985
G1 X34.904 Y84.747 E84.74583
G1 X34.327 Y84.887 E84.76138
G1 X33.767 Y85.119 E84.77725
G1 X33.263 Y85.427 E84.79272
G1 X32.814 Y85.814 E84.80825
G1 X32.427 Y86.263 E84.82378
G1 X32.119 Y86.768 E84.83927
G1 X31.887 Y87.319 E84.85493
G1 X31.747 Y87.911 E84.87086
G1 X31.717 Y88.3 E84.88108
G1 X68.3 Y88.3 E85.83928
G1 X68.3 Y11.7 E87.84561
G1 X31.717 Y11.7 E88.80381
G1 X31.747 Y12.085 E88.81392
G1 X31.883 Y12.67 E88.82965
G1 X32.115 Y13.228 E88.84548
G1 X32.426 Y13.733 E88.86101
G1 X32.814 Y14.186 E88.87664
G1 X33.263 Y14.569 E88.89209
G1 X33.768 Y14.881 E88.90764
G1 X34.326 Y15.113 E88.92347
G1 X34.904 Y15.249 E88.93902
G1 X35.513 Y15.3 E88.95503
G1 X37.3 Y15.3 E89.00184
G1 X37.3 Y13.5 E89.04898
G1 X37.34 Y13.379 E89.05232
G1 X37.465 Y13.302 E89.05617
G1 X66.5 Y13.3 E89.81666
G1 X66.642 Y13.358 E89.82068
G1 X66.7 Y13.5 E89.8247
G1 X66.698 Y86.535 E91.73765
G0 F5400 X66.642 Y86.642
G0 X66.573 Y86.678
G0 X66.645 Y87.499
;TYPE:SKIN
G1 F687 X52.078 Y87.498 E92.23748
G1 F695 X37.511 Y87.498 E92.73158
G0 F5400 X36.817 Y87.115
G1 F869.6 X37.497 Y87.51 E92.7529
G1 X36.713 Y87.556 E92.77419
G1 F900 X32.59 Y87.556 E92.88218
G1 X32.779 Y87.104 E92.89501
G1 X33.023 Y86.703 E92.9073
G1 X33.338 Y86.338 E92.91993
G1 X33.703 Y86.023 E92.93256
G1 X34.096 Y85.783 E92.94462
G1 X34.555 Y85.591 E92.95765
G1 X35.023 Y85.479 E92.97026
G1 X35.544 Y85.44 E92.98394
G1 X36.56 Y85.44 E93.01055
G1 X36.56 Y86.492 E93.03811
G1 X36.718 Y87 E93.05204
G1 X36.817 Y87.115 E93.05602
G0 F5400 X36.59 Y87.115
G0 X67.338 Y87.338
G0 X67.338 Y12.662
G0 X36.662 Y12.662
G0 X36.56 Y13.472
G1 F900 X36.56 Y14.56 E93.08451
G1 X35.545 Y14.56 E93.1111
G1 X35.02 Y14.513 E93.1249
G1 X34.554 Y14.404 E93.13744
G1 X34.104 Y14.217 E93.1502
G1 X33.695 Y13.965 E93.16279
G1 X33.338 Y13.658 E93.17512
G1 X33.026 Y13.297 E93.18762
G1 X32.775 Y12.892 E93.2001
G1 X32.589 Y12.44 E93.2129
G1 X36.678 Y12.44 E93.32
G1 F833.3 X37.332 Y12.5 E93.33858
G1 X36.803 Y12.885 E93.35708
G1 F900 X36.717 Y12.993 E93.3607
G1 X36.56 Y13.472 E93.3739
G0 F5400 X36.662 Y12.662
G0 X37.347 Y12.501
G1 F688.3 X66.488 Y12.5 E94.37188
G0 F5400 X67.179 Y12.816
G1 F739.2 X66.516 Y12.498 E94.39533
G1 F775.9 X67.164 Y12.457 E94.41506
G1 F798.2 X67.566 Y12.457 E94.42693
G1 F743.8 X67.502 Y13.479 E94.45938
G1 F734.7 X67.179 Y12.816 E94.48305
G0 F5400 X67.5 Y13.508
G1 F691 X67.499 Y86.645 E96.97815
G0 F5400 X67.174 Y87.173
G1 F791.2 X67.5 Y86.657 E96.99634
G1 X67.544 Y87.202 E97.01263
G1 F831.4 X67.544 Y87.543 E97.0223
G1 X67.202 Y87.544 E97.03199
G1 F789.5 X66.661 Y87.5 E97.0482
G1 X67.174 Y87.173 E97.06637
G0 F5400 X67.41 Y87.173
G0 X36.662 Y87.338
G0 X36.663 Y87.222
G1 F900 X36.596 Y87.289 E97.06885
G1 X36.596 Y87.29
G1 X36.529 Y87.356 E97.07131
G0 F5400 X36.466 Y86.853
G1 F900 X35.963 Y87.356 E97.08994
G0 F5400 X35.398 Y87.356
G1 F900 X36.359 Y86.394 E97.12556
G0 F5400 X36.359 Y85.829
G1 F900 X34.832 Y87.356 E97.18212
G0 F5400 X34.267 Y87.355
G1 F900 X35.983 Y85.64 E97.24567
G0 F5400 X35.406 Y85.65
G1 F900 X33.701 Y87.355 E97.30882
G0 F5400 X33.135 Y87.356
G1 F900 X34.738 Y85.753 E97.3682
G1 X34.808 Y85.683
G0 F5400 X36.662 Y87.338
G0 X67.338 Y87.338
G0 X67.338 Y12.662
G0 X36.662 Y12.662
G0 X35.985 Y14.361
G1 F900 X36.359 Y13.987 E97.38205
G0 F5400 X36.394 Y13.386
G1 F900 X35.43 Y14.35 E97.41776
G0 F5400 X34.928 Y14.286
G1 F900 X36.574 Y12.64 E97.47873
G0 F5400 X36.009 Y12.64
G1 F900 X34.488 Y14.161 E97.53507
G0 F5400 X34.102 Y13.982
G1 F900 X35.443 Y12.64 E97.58476
G0 F5400 X34.877 Y12.64
G1 F900 X33.76 Y13.757 E97.62614
G0 F5400 X33.46 Y13.492
G1 F900 X34.312 Y12.64 E97.6577
G0 F5400 X33.746 Y12.64
G1 F900 X33.197 Y13.189 E97.67803
G0 F5400 X32.993 Y12.828
G1 F900 X33.18 Y12.64 E97.68498
G0 F5400 X33.18 Y12.71
;MESH:NONMESH
G0 F600 Z0.6
G0 F5400 X36.662 Y12.662
G0 X67.338 Y12.662
G0 X67.41 Y86.924
G0 X66.924 Y86.924
;TIME_ELAPSED:167.133302
;LAYER:2
M106 S255
;TYPE:WALL-INNER
;MESH:Wandhalterung TP-Link Media Converter.stl
G1 F2400 X66.589 Y87.1 E97.69489
G1 X37.5 Y87.1 E98.4568
G1 X37.02 Y86.861 E98.47085
G1 X36.9 Y86.501 E98.48078
G1 X36.9 Y85.1 E98.51748
G1 X35.527 Y85.1 E98.55344
G1 X34.967 Y85.143 E98.56815
G1 X34.451 Y85.268 E98.58206
G1 X33.949 Y85.477 E98.5963
G1 X33.499 Y85.751 E98.6101
G1 X33.098 Y86.098 E98.62399
G1 X32.751 Y86.499 E98.63788
G1 X32.476 Y86.95 E98.65172
G1 X32.269 Y87.443 E98.66572
G1 X32.16 Y87.899 E98.678
G1 X67.9 Y87.9 E99.61412
G1 X67.9 Y12.1 E101.5995
G1 X32.161 Y12.1 E102.53559
G1 X32.265 Y12.547 E102.54761
G1 X32.472 Y13.045 E102.56173
G1 X32.75 Y13.497 E102.57563
G1 X33.098 Y13.902 E102.58962
G1 X33.499 Y14.245 E102.60344
G1 X33.951 Y14.524 E102.61735
G1 X34.45 Y14.731 E102.6315
G1 X34.967 Y14.853 E102.64541
G1 X35.529 Y14.9 E102.66019
G1 X36.9 Y14.9 E102.6961
G1 X36.9 Y13.5 E102.73276
G1 X37.02 Y13.139 E102.74273
G1 X37.409 Y12.9 E102.75469
G1 X66.5 Y12.9 E103.51665
G1 X66.924 Y13.076 E103.52867
G1 X67.1 Y13.5 E103.5407
G1 X67.1 Y86.589 E105.45507
G1 X66.924 Y86.924 E105.46498
G0 F7200 X66.698 Y86.535
;TYPE:WALL-OUTER
G1 F1200 X66.642 Y86.642 E105.46815
G1 X66.535 Y86.698 E105.47131
G1 X37.5 Y86.7 E106.2318
G1 X37.34 Y86.621 E106.23648
G1 X37.3 Y86.501 E106.23979
G1 X37.3 Y84.7 E106.28696
G1 X35.512 Y84.7 E106.3338
G1 X34.904 Y84.747 E106.34977
G1 X34.327 Y84.887 E106.36532
G1 X33.767 Y85.119 E106.3812
G1 X33.263 Y85.427 E106.39667
G1 X32.814 Y85.814 E106.41219
G1 X32.427 Y86.263 E106.42772
G1 X32.119 Y86.768 E106.44321
G1 X31.887 Y87.319 E106.45887
G1 X31.747 Y87.911 E106.4748
G1 X31.717 Y88.3 E106.48502
G1 X68.3 Y88.3 E107.44322
G1 X68.3 Y11.7 E109.44955
G1 X31.717 Y11.7 E110.40775
G1 X31.747 Y12.085 E110.41786
G1 X31.883 Y12.67 E110.43359
G1 X32.115 Y13.228 E110.44942
G1 X32.426 Y13.733 E110.46496
G1 X32.814 Y14.186 E110.48058
G1 X33.263 Y14.569 E110.49604
G1 X33.768 Y14.881 E110.51158
G1 X34.326 Y15.113 E110.52741
G1 X34.904 Y15.249 E110.54297
G1 X35.513 Y15.3 E110.55897
G1 X37.3 Y15.3 E110.60578
G1 X37.3 Y13.5 E110.65292
G1 X37.34 Y13.379 E110.65626
G1 X37.465 Y13.302 E110.66011
G1 X66.5 Y13.3 E111.4206
G1 X66.642 Y13.358 E111.42462
G1 X66.7 Y13.5 E111.42864
G1 X66.698 Y86.535 E113.3416
G0 F7200 X66.642 Y86.642
G0 X66.573 Y86.678
G0 X66.645 Y87.499
;TYPE:SKIN
G1 F687 X52.078 Y87.498 E113.84142
G1 F695 X37.511 Y87.498 E114.33552
G0 F7200 X36.817 Y87.115
G1 F869.6 X37.497 Y87.51 E114.35684
G1 X36.713 Y87.556 E114.37813
G1 F900 X32.59 Y87.556 E114.48612
G1 X32.779 Y87.104 E114.49895
G1 X33.023 Y86.703 E114.51125
G1 X33.338 Y86.338 E114.52387
G1 X33.703 Y86.023 E114.5365
G1 X34.096 Y85.783 E114.54856
G1 X34.555 Y85.591 E114.56159
G1 X35.023 Y85.479 E114.5742
G1 X35.544 Y85.44 E114.58788
G1 X36.56 Y85.44 E114.61449
G1 X36.56 Y86.492 E114.64205
G1 X36.718 Y87 E114.65598
G1 X36.817 Y87.115 E114.65996
G0 F7200 X36.59 Y87.115
G0 X67.338 Y87.338
G0 X67.338 Y12.662
G0 X36.662 Y12.662
G0 X36.56 Y13.472
G1 F900 X36.56 Y14.56 E114.68846
G1 X35.545 Y14.56 E114.71504
G1 X35.02 Y14.513 E114.72885
G1 X34.554 Y14.404 E114.74138
G1 X34.104 Y14.217 E114.75415
G1 X33.695 Y13.965 E114.76673
G1 X33.338 Y13.658 E114.77906
G1 X33.026 Y13.297 E114.79156
G1 X32.775 Y12.892 E114.80404
G1 X32.589 Y12.44 E114.81684
G1 X36.678 Y12.44 E114.92394
G1 F833.3 X37.332 Y12.5 E114.94252
G1 X36.803 Y12.885 E114.96103
G1 F900 X36.717 Y12.993 E114.96464
G1 X36.56 Y13.472 E114.97785
G0 F7200 X36.662 Y12.662
G0 X37.347 Y12.501
G1 F688.3 X66.488 Y12.5 E115.97582
G0 F7200 X67.179 Y12.816
G1 F739.2 X66.516 Y12.498 E115.99927
G1 F775.9 X67.164 Y12.457 E116.019
G1 F798.2 X67.566 Y12.457 E116.03087
G1 F743.8 X67.502 Y13.479 E116.06332
G1 F734.7 X67.179 Y12.816 E116.08699
G0 F7200 X67.5 Y13.508
G1 F691 X67.499 Y86.645 E118.5821
G0 F7200 X67.174 Y87.173
G1 F791.2 X67.5 Y86.657 E118.60028
G1 X67.544 Y87.202 E118.61657
G1 F831.4 X67.544 Y87.543 E118.62624
G1 X67.202 Y87.544 E118.63594
G1 F789.5 X66.661 Y87.5 E118.65214
G1 X67.174 Y87.173 E118.67031
G0 F7200 X67.41 Y87.173
G0 X36.662 Y87.338
G0 X32.946 Y87.252
G1 F900 X33.049 Y87.355 E118.67412
G0 F7200 X33.148 Y86.888
G1 F900 X33.615 Y87.355 E118.69142
G0 F7200 X34.181 Y87.355
G1 F900 X33.399 Y86.573 E118.72039
G0 F7200 X33.69 Y86.299
G1 F900 X34.747 Y87.355 E118.75952
G0 F7200 X35.312 Y87.355
G1 F900 X34.02 Y86.063 E118.80738
G0 F7200 X34.397 Y85.875
G1 F900 X35.878 Y87.355 E118.86222
G0 F7200 X36.444 Y87.355
G1 F900 X34.821 Y85.733 E118.92232
G0 F7200 X35.312 Y85.658
G1 F900 X36.45 Y86.796 E118.96447
G0 F7200 X36.36 Y86.14
G1 F900 X35.86 Y85.64 E118.983
G0 F7200 X36.662 Y87.338
G0 X67.338 Y87.338
G0 X67.338 Y12.662
G0 X36.662 Y12.662
G0 X35.856 Y14.36
G1 F900 X34.136 Y12.64 E119.04671
G0 F7200 X33.571 Y12.64
G1 F900 X35.265 Y14.334 E119.10946
G0 F7200 X34.55 Y14.185
G1 F900 X33.005 Y12.64 E119.16668
G1 X32.935 Y12.57
G0 F7200 X34.702 Y12.64
G1 F900 X36.36 Y14.298 E119.2281
G0 F7200 X36.36 Y13.733
G1 F900 X35.268 Y12.64 E119.26857
G0 F7200 X35.833 Y12.64
G1 F900 X36.437 Y13.243 E119.29092
G0 F7200 X36.599 Y12.84
G1 F900 X36.399 Y12.64 E119.29833
G0 F7200 X36.408 Y12.71
;MESH:NONMESH
G0 F600 Z0.75
G0 F7200 X67.338 Y12.662
G0 X67.41 Y86.924
G0 X66.924 Y86.924
;TIME_ELAPSED:209.152432
;LAYER:3
;TYPE:WALL-INNER
;MESH:Wandhalterung TP-Link Media Converter.stl
G1 F2400 X66.589 Y87.1 E119.30824
G1 X37.5 Y87.1 E120.07015
G1 X37.02 Y86.861 E120.0842
G1 X36.9 Y86.501 E120.09414
G1 X36.9 Y85.1 E120.13083
G1 X35.527 Y85.1 E120.16679
G1 X34.967 Y85.143 E120.1815
G1 X34.451 Y85.268 E120.19541
G1 X33.949 Y85.477 E120.20965
G1 X33.499 Y85.751 E120.22345
G1 X33.098 Y86.098 E120.23734
G1 X32.751 Y86.499 E120.25123
G1 X32.476 Y86.95 E120.26507
G1 X32.269 Y87.443 E120.27907
G1 X32.16 Y87.899 E120.29135
G1 X67.9 Y87.9 E121.22747
G1 X67.9 Y12.1 E123.21285
G1 X32.161 Y12.1 E124.14894
G1 X32.265 Y12.547 E124.16096
G1 X32.472 Y13.045 E124.17508
G1 X32.75 Y13.497 E124.18898
G1 X33.098 Y13.902 E124.20297
G1 X33.499 Y14.245 E124.21679
G1 X33.951 Y14.524 E124.2307
G1 X34.45 Y14.731 E124.24485
G1 X34.967 Y14.853 E124.25876
G1 X35.529 Y14.9 E124.27354
G1 X36.9 Y14.9 E124.30945
G1 X36.9 Y13.5 E124.34612
G1 X37.02 Y13.139 E124.35608
G1 X37.409 Y12.9 E124.36804
G1 X66.5 Y12.9 E125.13
G1 X66.924 Y13.076 E125.14202
G1 X67.1 Y13.5 E125.15405
G1 X67.1 Y86.589 E127.06842
G1 X66.924 Y86.924 E127.07833
G0 F7200 X66.698 Y86.535
;TYPE:WALL-OUTER
G1 F1200 X66.642 Y86.642 E127.0815
G1 X66.535 Y86.698 E127.08466
G1 X37.5 Y86.7 E127.84515
G1 X37.34 Y86.621 E127.84983
G1 X37.3 Y86.501 E127.85314
G1 X37.3 Y84.7 E127.90031
G1 X35.512 Y84.7 E127.94715
G1 X34.904 Y84.747 E127.96312
G1 X34.327 Y84.887 E127.97867
G1 X33.767 Y85.119 E127.99455
G1 X33.263 Y85.427 E128.01002
G1 X32.814 Y85.814 E128.02554
G1 X32.427 Y86.263 E128.04107
G1 X32.119 Y86.768 E128.05656
G1 X31.887 Y87.319 E128.07222
G1 X31.747 Y87.911 E128.08815
G1 X31.717 Y88.3 E128.09837
G1 X68.3 Y88.3 E129.05657
G1 X68.3 Y11.7 E131.0629
G1 X31.717 Y11.7 E132.0211
G1 X31.747 Y12.085 E132.03121
G1 X31.883 Y12.67 E132.04694
G1 X32.115 Y13.228 E132.06277
G1 X32.426 Y13.733 E132.07831
G1 X32.814 Y14.186 E132.09393
G1 X33.263 Y14.569 E132.10939
G1 X33.768 Y14.881 E132.12493
G1 X34.326 Y15.113 E132.14076
G1 X34.904 Y15.249 E132.15632
G1 X35.513 Y15.3 E132.17232
G1 X37.3 Y15.3 E132.21913
G1 X37.3 Y13.5 E132.26627
G1 X37.34 Y13.379 E132.26961
G1 X37.465 Y13.302 E132.27346
G1 X66.5 Y13.3 E133.03395
G1 X66.642 Y13.358 E133.03797
G1 X66.7 Y13.5 E133.04199
G1 X66.698 Y86.535 E134.95495
G0 F7200 X66.642 Y86.642
G0 X66.573 Y86.678
G0 X66.645 Y87.499
;TYPE:SKIN
G1 F687 X52.078 Y87.498 E135.45477
G1 F695 X37.511 Y87.498 E135.94887
G0 F7200 X36.817 Y87.115
G1 F869.6 X37.497 Y87.51 E135.97019
G1 X36.713 Y87.556 E135.99148
G1 F900 X32.59 Y87.556 E136.09947
G1 X32.779 Y87.104 E136.1123
G1 X33.023 Y86.703 E136.1246
G1 X33.338 Y86.338 E136.13722
G1 X33.703 Y86.023 E136.14985
G1 X34.096 Y85.783 E136.16191
G1 X34.555 Y85.591 E136.17495
G1 X35.023 Y85.479 E136.18755
G1 X35.544 Y85.44 E136.20123
G1 X36.56 Y85.44 E136.22785
G1 X36.56 Y86.492 E136.2554
G1 X36.718 Y87 E136.26933
G1 X36.817 Y87.115 E136.27331
G0 F7200 X36.59 Y87.115
G0 X67.338 Y87.338
G0 X67.338 Y12.662
G0 X36.662 Y12.662
G0 X36.56 Y13.472
G1 F900 X36.56 Y14.56 E136.30181
G1 X35.545 Y14.56 E136.32839
G1 X35.02 Y14.513 E136.3422
G1 X34.554 Y14.404 E136.35473
G1 X34.104 Y14.217 E136.3675
G1 X33.695 Y13.965 E136.38008
G1 X33.338 Y13.658 E136.39241
G1 X33.026 Y13.297 E136.40491
G1 X32.775 Y12.892 E136.41739
G1 X32.589 Y12.44 E136.43019
G1 X36.678 Y12.44 E136.53729
G1 F833.3 X37.332 Y12.5 E136.55587
G1 X36.803 Y12.885 E136.57438
G1 F900 X36.717 Y12.993 E136.57799
G1 X36.56 Y13.472 E136.5912
G0 F7200 X36.662 Y12.662
G0 X37.347 Y12.501
G1 F688.3 X66.488 Y12.5 E137.58917
G0 F7200 X67.179 Y12.816
G1 F739.2 X66.516 Y12.498 E137.61262
G1 F775.9 X67.164 Y12.457 E137.63235
G1 F798.2 X67.566 Y12.457 E137.64422
G1 F743.8 X67.502 Y13.479 E137.67667
G1 F734.7 X67.179 Y12.816 E137.70034
G0 F7200 X67.5 Y13.508
G1 F691 X67.499 Y86.645 E140.19545
G0 F7200 X67.174 Y87.173
G1 F791.2 X67.5 Y86.657 E140.21363
G1 X67.544 Y87.202 E140.22992
G1 F831.4 X67.544 Y87.543 E140.23959
G1 X67.202 Y87.544 E140.24929
G1 F789.5 X66.661 Y87.5 E140.26549
G1 X67.174 Y87.173 E140.28366
G0 F7200 X67.41 Y87.173
G0 X36.662 Y87.338
G0 X36.663 Y87.222
G1 F900 X36.596 Y87.289 E140.28614
G1 X36.596 Y87.29
G1 X36.529 Y87.356 E140.2886
G0 F7200 X36.466 Y86.853
G1 F900 X35.963 Y87.356 E140.30724
G0 F7200 X35.398 Y87.356
G1 F900 X36.359 Y86.394 E140.34285
G0 F7200 X36.359 Y85.829
G1 F900 X34.832 Y87.356 E140.39941
G0 F7200 X34.267 Y87.355
G1 F900 X35.983 Y85.64 E140.46296
G0 F7200 X35.406 Y85.65
G1 F900 X33.701 Y87.355 E140.52611
G0 F7200 X33.135 Y87.356
G1 F900 X34.738 Y85.753 E140.58549
G1 X34.808 Y85.683
G0 F7200 X36.662 Y87.338
G0 X67.338 Y87.338
G0 X67.338 Y12.662
G0 X36.662 Y12.662
G0 X35.985 Y14.361
G1 F900 X36.359 Y13.987 E140.59935
G0 F7200 X36.394 Y13.386
G1 F900 X35.43 Y14.35 E140.63505
G0 F7200 X34.928 Y14.286
G1 F900 X36.574 Y12.64 E140.69602
G0 F7200 X36.009 Y12.64
G1 F900 X34.488 Y14.161 E140.75236
G0 F7200 X34.102 Y13.982
G1 F900 X35.443 Y12.64 E140.80206
G0 F7200 X34.877 Y12.64
G1 F900 X33.76 Y13.757 E140.84343
G0 F7200 X33.46 Y13.492
G1 F900 X34.312 Y12.64 E140.87499
G0 F7200 X33.746 Y12.64
G1 F900 X33.197 Y13.189 E140.89533
G0 F7200 X32.993 Y12.828
G1 F900 X33.18 Y12.64 E140.90227
G0 F7200 X33.18 Y12.71
;MESH:NONMESH
G0 F600 Z0.9
G0 F7200 X36.662 Y12.662
G0 X67.338 Y12.662
G0 X67.41 Y86.924
G0 X66.924 Y86.924
;TIME_ELAPSED:251.130137
;LAYER:4
;TYPE:WALL-INNER
;MESH:Wandhalterung TP-Link Media Converter.stl
G1 F2400 X66.589 Y87.1 E140.91218
G1 X37.5 Y87.1 E141.67409
G1 X37.02 Y86.861 E141.68814
G1 X36.9 Y86.501 E141.69808
G1 X36.9 Y85.1 E141.73477
G1 X35.527 Y85.1 E141.77073
G1 X34.967 Y85.143 E141.78545
G1 X34.451 Y85.268 E141.79935
G1 X33.949 Y85.477 E141.81359
G1 X33.499 Y85.751 E141.82739
G1 X33.098 Y86.098 E141.84128
G1 X32.751 Y86.499 E141.85517
G1 X32.476 Y86.95 E141.86901
G1 X32.269 Y87.443 E141.88301
G1 X32.16 Y87.899 E141.89529
G1 X67.9 Y87.9 E142.83141
G1 X67.9 Y12.1 E144.81679
G1 X32.161 Y12.1 E145.75288
G1 X32.265 Y12.547 E145.7649
G1 X32.472 Y13.045 E145.77902
G1 X32.75 Y13.497 E145.79292
G1 X33.098 Y13.902 E145.80691
G1 X33.499 Y14.245 E145.82073
G1 X33.951 Y14.524 E145.83464
G1 X34.45 Y14.731 E145.84879
G1 X34.967 Y14.853 E145.86271
G1 X35.529 Y14.9 E145.87748
G1 X36.9 Y14.9 E145.91339
G1 X36.9 Y13.5 E145.95006
G1 X37.02 Y13.139 E145.96002
G1 X37.409 Y12.9 E145.97198
G1 X66.5 Y12.9 E146.73394
G1 X66.924 Y13.076 E146.74597
G1 X67.1 Y13.5 E146.75799
G1 X67.1 Y86.589 E148.67236
G1 X66.924 Y86.924 E148.68227
G0 F7200 X66.698 Y86.535
;TYPE:WALL-OUTER
G1 F1200 X66.642 Y86.642 E148.68544
G1 X66.535 Y86.698 E148.6886
G1 X37.5 Y86.7 E149.4491
G1 X37.34 Y86.621 E149.45377
G1 X37.3 Y86.501 E149.45708
G1 X37.3 Y84.7 E149.50426
G1 X35.512 Y84.7 E149.55109
G1 X34.904 Y84.747 E149.56706
G1 X34.327 Y84.887 E149.58261
G1 X33.767 Y85.119 E149.59849
G1 X33.263 Y85.427 E149.61396
G1 X32.814 Y85.814 E149.62948
G1 X32.427 Y86.263 E149.64501
G1 X32.119 Y86.768 E149.6605
G1 X31.887 Y87.319 E149.67616
G1 X31.747 Y87.911 E149.6921
G1 X31.717 Y88.3 E149.70232
G1 X68.3 Y88.3 E150.66051
G1 X68.3 Y11.7 E152.66685
G1 X31.717 Y11.7 E153.62504
G1 X31.747 Y12.085 E153.63515
G1 X31.883 Y12.67 E153.65089
G1 X32.115 Y13.228 E153.66671
G1 X32.426 Y13.733 E153.68225
G1 X32.814 Y14.186 E153.69787
G1 X33.263 Y14.569 E153.71333
G1 X33.768 Y14.881 E153.72888
G1 X34.326 Y15.113 E153.7447
G1 X34.904 Y15.249 E153.76026
G1 X35.513 Y15.3 E153.77626
G1 X37.3 Y15.3 E153.82307
G1 X37.3 Y13.5 E153.87022
G1 X37.34 Y13.379 E153.87355
G1 X37.465 Y13.302 E153.8774
G1 X66.5 Y13.3 E154.63789
G1 X66.642 Y13.358 E154.64191
G1 X66.7 Y13.5 E154.64593
G1 X66.698 Y86.535 E156.55889
G0 F7200 X66.642 Y86.642
G0 X66.573 Y86.678
G0 X66.645 Y87.499
;TYPE:SKIN
G1 F687 X52.078 Y87.498 E157.05871
G1 F695 X37.511 Y87.498 E157.55281
G0 F7200 X36.817 Y87.115
G1 F869.6 X37.497 Y87.51 E157.57413
G1 X36.713 Y87.556 E157.59542
G1 F900 X32.59 Y87.556 E157.70341
G1 X32.779 Y87.104 E157.71624
G1 X33.023 Y86.703 E157.72854
G1 X33.338 Y86.338 E157.74117
G1 X33.703 Y86.023 E157.75379
G1 X34.096 Y85.783 E157.76586
G1 X34.555 Y85.591 E157.77889
G1 X35.023 Y85.479 E157.79149
G1 X35.544 Y85.44 E157.80518
G1 X36.56 Y85.44 E157.83179
G1 X36.56 Y86.492 E157.85934
G1 X36.718 Y87 E157.87328
G1 X36.817 Y87.115 E157.87725
G0 F7200 X36.59 Y87.115
G0 X67.338 Y87.338
G0 X67.338 Y12.662
G0 X36.662 Y12.662
G0 X36.56 Y13.472
G1 F900 X36.56 Y14.56 E157.90575
G1 X35.545 Y14.56 E157.93233
G1 X35.02 Y14.513 E157.94614
G1 X34.554 Y14.404 E157.95867
G1 X34.104 Y14.217 E157.97144
G1 X33.695 Y13.965 E157.98402
G1 X33.338 Y13.658 E157.99635
G1 X33.026 Y13.297 E158.00885
G1 X32.775 Y12.892 E158.02133
G1 X32.589 Y12.44 E158.03413
G1 X36.678 Y12.44 E158.14123
G1 F833.3 X37.332 Y12.5 E158.15981
G1 X36.803 Y12.885 E158.17832
G1 F900 X36.717 Y12.993 E158.18193
G1 X36.56 Y13.472 E158.19514
G0 F7200 X36.662 Y12.662
G0 X37.347 Y12.501
G1 F688.3 X66.488 Y12.5 E159.19312
G0 F7200 X67.179 Y12.816
G1 F739.2 X66.516 Y12.498 E159.21656
G1 F775.9 X67.164 Y12.457 E159.23629
G1 F798.2 X67.566 Y12.457 E159.24816
G1 F743.8 X67.502 Y13.479 E159.28062
G1 F734.7 X67.179 Y12.816 E159.30428
G0 F7200 X67.5 Y13.508
G1 F691 X67.499 Y86.645 E161.79939
G0 F7200 X67.174 Y87.173
G1 F791.2 X67.5 Y86.657 E161.81757
G1 X67.544 Y87.202 E161.83386
G1 F831.4 X67.544 Y87.543 E161.84353
G1 X67.202 Y87.544 E161.85323
G1 F789.5 X66.661 Y87.5 E161.86944
G1 X67.174 Y87.173 E161.8876
G0 F7200 X67.41 Y87.173
G0 X36.662 Y87.338
G0 X32.946 Y87.252
G1 F900 X33.049 Y87.355 E161.89142
G0 F7200 X33.148 Y86.888
G1 F900 X33.615 Y87.355 E161.90871
G0 F7200 X34.181 Y87.355
G1 F900 X33.399 Y86.573 E161.93768
G0 F7200 X33.69 Y86.299
G1 F900 X34.747 Y87.355 E161.97682
G0 F7200 X35.312 Y87.355
G1 F900 X34.02 Y86.063 E162.02467
G0 F7200 X34.397 Y85.875
G1 F900 X35.878 Y87.355 E162.07951
G0 F7200 X36.444 Y87.355
G1 F900 X34.821 Y85.733 E162.13961
G0 F7200 X35.312 Y85.658
G1 F900 X36.45 Y86.796 E162.18177
G0 F7200 X36.36 Y86.14
G1 F900 X35.86 Y85.64 E162.20029
G0 F7200 X36.662 Y87.338
G0 X67.338 Y87.338
G0 X67.338 Y12.662
G0 X36.662 Y12.662
G0 X35.856 Y14.36
G1 F900 X34.136 Y12.64 E162.264
G0 F7200 X33.571 Y12.64
G1 F900 X35.265 Y14.334 E162.32675
G0 F7200 X34.55 Y14.185
G1 F900 X33.005 Y12.64 E162.38398
G1 X32.935 Y12.57
G0 F7200 X34.702 Y12.64
G1 F900 X36.36 Y14.298 E162.44539
G0 F7200 X36.36 Y13.733
G1 F900 X35.268 Y12.64 E162.48586
G0 F7200 X35.833 Y12.64
G1 F900 X36.437 Y13.243 E162.50821
G0 F7200 X36.599 Y12.84
G1 F900 X36.399 Y12.64 E162.51562
G0 F7200 X36.408 Y12.71
;MESH:NONMESH
G0 F600 Z1.05
G0 F7200 X67.338 Y12.662
G0 X67.41 Y86.924
G0 X66.924 Y86.924
;TIME_ELAPSED:293.149267
;LAYER:5
;TYPE:WALL-INNER
;MESH:Wandhalterung TP-Link Media Converter.stl
G1 F2400 X66.589 Y87.1 E162.52553
G1 X37.5 Y87.1 E163.28744
G1 X37.02 Y86.861 E163.30149
G1 X36.9 Y86.501 E163.31143
G1 X36.9 Y85.1 E163.34812
G1 X35.527 Y85.1 E163.38409
G1 X34.967 Y85.143 E163.3988
G1 X34.451 Y85.268 E163.4127
G1 X33.949 Y85.477 E163.42694
G1 X33.499 Y85.751 E163.44074
G1 X33.098 Y86.098 E163.45463
G1 X32.751 Y86.499 E163.46852
G1 X32.476 Y86.95 E163.48236
G1 X32.269 Y87.443 E163.49636
G1 X32.16 Y87.899 E163.50864
G1 X67.9 Y87.9 E164.44476
G1 X67.9 Y12.1 E166.43014
G1 X32.161 Y12.1 E167.36623
G1 X32.265 Y12.547 E167.37825
G1 X32.472 Y13.045 E167.39237
G1 X32.75 Y13.497 E167.40627
G1 X33.098 Y13.902 E167.42026
G1 X33.499 Y14.245 E167.43408
G1 X33.951 Y14.524 E167.44799
G1 X34.45 Y14.731 E167.46214
G1 X34.967 Y14.853 E167.47606
G1 X35.529 Y14.9 E167.49083
G1 X36.9 Y14.9 E167.52674
G1 X36.9 Y13.5 E167.56341
G1 X37.02 Y13.139 E167.57337
G1 X37.409 Y12.9 E167.58533
G1 X66.5 Y12.9 E168.34729
G1 X66.924 Y13.076 E168.35932
G1 X67.1 Y13.5 E168.37134
G1 X67.1 Y86.589 E170.28571
G1 X66.924 Y86.924 E170.29563
G0 F7200 X66.698 Y86.535
;TYPE:WALL-OUTER
G1 F1200 X66.642 Y86.642 E170.29879
G1 X66.535 Y86.698 E170.30195
G1 X37.5 Y86.7 E171.06245
G1 X37.34 Y86.621 E171.06712
G1 X37.3 Y86.501 E171.07043
G1 X37.3 Y84.7 E171.11761
G1 X35.512 Y84.7 E171.16444
G1 X34.904 Y84.747 E171.18041
G1 X34.327 Y84.887 E171.19596
G1 X33.767 Y85.119 E171.21184
G1 X33.263 Y85.427 E171.22731
G1 X32.814 Y85.814 E171.24284
G1 X32.427 Y86.263 E171.25836
G1 X32.119 Y86.768 E171.27385
G1 X31.887 Y87.319 E171.28951
G1 X31.747 Y87.911 E171.30545
G1 X31.717 Y88.3 E171.31567
G1 X68.3 Y88.3 E172.27386
G1 X68.3 Y11.7 E174.2802
G1 X31.717 Y11.7 E175.23839
G1 X31.747 Y12.085 E175.24851
G1 X31.883 Y12.67 E175.26424
G1 X32.115 Y13.228 E175.28006
G1 X32.426 Y13.733 E175.2956
G1 X32.814 Y14.186 E175.31122
G1 X33.263 Y14.569 E175.32668
G1 X33.768 Y14.881 E175.34223
G1 X34.326 Y15.113 E175.35806
G1 X34.904 Y15.249 E175.37361
G1 X35.513 Y15.3 E175.38961
G1 X37.3 Y15.3 E175.43642
G1 X37.3 Y13.5 E175.48357
G1 X37.34 Y13.379 E175.4869
G1 X37.465 Y13.302 E175.49075
G1 X66.5 Y13.3 E176.25125
G1 X66.642 Y13.358 E176.25526
G1 X66.7 Y13.5 E176.25928
G1 X66.698 Y86.535 E178.17224
G0 F7200 X66.642 Y86.642
G0 X66.573 Y86.678
G0 X66.645 Y87.499
;TYPE:SKIN
G1 F687 X52.078 Y87.498 E178.67206
G1 F695 X37.511 Y87.498 E179.16616
G0 F7200 X36.817 Y87.115
G1 F869.6 X37.497 Y87.51 E179.18748
G1 X36.713 Y87.556 E179.20877
G1 F900 X32.59 Y87.556 E179.31676
G1 X32.779 Y87.104 E179.32959
G1 X33.023 Y86.703 E179.34189
G1 X33.338 Y86.338 E179.35452
G1 X33.703 Y86.023 E179.36714
G1 X34.096 Y85.783 E179.37921
G1 X34.555 Y85.591 E179.39224
G1 X35.023 Y85.479 E179.40484
G1 X35.544 Y85.44 E179.41853
G1 X36.56 Y85.44 E179.44514
G1 X36.56 Y86.492 E179.47269
G1 X36.718 Y87 E179.48663
G1 X36.817 Y87.115 E179.4906
G0 F7200 X36.59 Y87.115
G0 X67.338 Y87.338
G0 X67.338 Y12.662
G0 X36.662 Y12.662
G0 X36.56 Y13.472
G1 F900 X36.56 Y14.56 E179.5191
G1 X35.545 Y14.56 E179.54568
G1 X35.02 Y14.513 E179.55949
G1 X34.554 Y14.404 E179.57202
G1 X34.104 Y14.217 E179.58479
G1 X33.695 Y13.965 E179.59737
G1 X33.338 Y13.658 E179.6097
G1 X33.026 Y13.297 E179.6222
G1 X32.775 Y12.892 E179.63468
G1 X32.589 Y12.44 E179.64748
G1 X36.678 Y12.44 E179.75458
G1 F833.3 X37.332 Y12.5 E179.77316
G1 X36.803 Y12.885 E179.79167
G1 F900 X36.717 Y12.993 E179.79529
G1 X36.56 Y13.472 E179.80849
G0 F7200 X36.662 Y12.662
G0 X37.347 Y12.501
G1 F688.3 X66.488 Y12.5 E180.80647
G0 F7200 X67.179 Y12.816
G1 F739.2 X66.516 Y12.498 E180.82991
G1 F775.9 X67.164 Y12.457 E180.84964
G1 F798.2 X67.566 Y12.457 E180.86151
G1 F743.8 X67.502 Y13.479 E180.89397
G1 F734.7 X67.179 Y12.816 E180.91763
G0 F7200 X67.5 Y13.508
G1 F691 X67.499 Y86.645 E183.41274
G0 F7200 X67.174 Y87.173
G1 F791.2 X67.5 Y86.657 E183.43092
G1 X67.544 Y87.202 E183.44721
G1 F831.4 X67.544 Y87.543 E183.45688
G1 X67.202 Y87.544 E183.46658
G1 F789.5 X66.661 Y87.5 E183.48279
G1 X67.174 Y87.173 E183.50095
G0 F7200 X67.41 Y87.173
G0 X36.662 Y87.338
G0 X36.663 Y87.222
G1 F900 X36.596 Y87.289 E183.50343
G1 X36.596 Y87.29
G1 X36.529 Y87.356 E183.5059
G0 F7200 X36.466 Y86.853
G1 F900 X35.963 Y87.356 E183.52453
G0 F7200 X35.398 Y87.356
G1 F900 X36.359 Y86.394 E183.56014
G0 F7200 X36.359 Y85.829
G1 F900 X34.832 Y87.356 E183.61671
G0 F7200 X34.267 Y87.355
G1 F900 X35.983 Y85.64 E183.68025
G0 F7200 X35.406 Y85.65
G1 F900 X33.701 Y87.355 E183.74341
G0 F7200 X33.135 Y87.356
G1 F900 X34.738 Y85.753 E183.80278
G1 X34.808 Y85.683
G0 F7200 X36.662 Y87.338
G0 X67.338 Y87.338
G0 X67.338 Y12.662
G0 X36.662 Y12.662
G0 X35.985 Y14.361
G1 F900 X36.359 Y13.987 E183.81664
G0 F7200 X36.394 Y13.386
G1 F900 X35.43 Y14.35 E183.85235
G0 F7200 X34.928 Y14.286
G1 F900 X36.574 Y12.64 E183.91332
G0 F7200 X36.009 Y12.64
G1 F900 X34.488 Y14.161 E183.96966
G0 F7200 X34.102 Y13.982
G1 F900 X35.443 Y12.64 E184.01935
G0 F7200 X34.877 Y12.64
G1 F900 X33.76 Y13.757 E184.06072
G0 F7200 X33.46 Y13.492
G1 F900 X34.312 Y12.64 E184.09228
G0 F7200 X33.746 Y12.64
G1 F900 X33.197 Y13.189 E184.11262
G0 F7200 X32.993 Y12.828
G1 F900 X33.18 Y12.64 E184.11956
G0 F7200 X33.18 Y12.71
;MESH:NONMESH
G0 F600 Z1.2
G0 F7200 X34.848 Y12.41
G0 X34.848 Y12.22
;TIME_ELAPSED:334.202977
;LAYER:6
;TYPE:FILL
;MESH:Wandhalterung TP-Link Media Converter.stl
G1 F3000 X36.78 Y14.153 E184.19115
G1 X36.85 Y14.223
G0 F7200 X36.59 Y14.223
G0 X36.662 Y12.662
G0 X36.867 Y12.22
G1 F3000 X34.476 Y14.612 E184.27973
G1 X34.406 Y14.682
G0 F7200 X34.514 Y14.423
G0 X36.662 Y12.662
G0 X40.504 Y12.41
G0 X40.504 Y12.22
G1 F3000 X41.064 Y12.78 E184.30048
G0 F7200 X41.964 Y12.78
G1 F3000 X42.524 Y12.22 E184.32122
G0 F7200 X42.524 Y12.41
G0 X46.161 Y12.41
G0 X46.161 Y12.22
G1 F3000 X46.721 Y12.78 E184.34196
G0 F7200 X47.621 Y12.78
G1 F3000 X48.181 Y12.22 E184.36271
G0 F7200 X48.181 Y12.41
G0 X51.818 Y12.41
G0 X51.818 Y12.22
G1 F3000 X52.378 Y12.78 E184.38345
G0 F7200 X53.278 Y12.78
G1 F3000 X53.838 Y12.22 E184.40419
G0 F7200 X53.838 Y12.41
G0 X57.475 Y12.41
G0 X57.475 Y12.22
G1 F3000 X58.034 Y12.78 E184.42492
G0 F7200 X58.935 Y12.78
G1 F3000 X59.495 Y12.22 E184.44566
G0 F7200 X59.495 Y12.41
G0 X63.132 Y12.41
G0 X63.132 Y12.22
G1 F3000 X63.691 Y12.78 E184.46639
G0 F7200 X64.591 Y12.78
G1 F3000 X65.151 Y12.22 E184.48713
G0 F7200 X65.151 Y12.41
G0 X67.338 Y12.662
G0 X67.59 Y15.248
G0 X67.78 Y15.248
G1 F3000 X67.22 Y15.808 E184.50787
G0 F7200 X67.22 Y16.308
G1 F3000 X67.78 Y16.869 E184.52863
G0 F7200 X67.59 Y16.869
G0 X67.59 Y20.905
G0 X67.78 Y20.905
G1 F3000 X67.22 Y21.465 E184.54938
G0 F7200 X67.22 Y21.965
G1 F3000 X67.78 Y22.526 E184.57014
G0 F7200 X67.59 Y22.526
G0 X67.59 Y26.562
G0 X67.78 Y26.562
G1 F3000 X67.22 Y27.122 E184.59088
G0 F7200 X67.22 Y27.622
G1 F3000 X67.78 Y28.182 E184.61163
G0 F7200 X67.59 Y28.182
G0 X67.59 Y32.219
G0 X67.78 Y32.219
G1 F3000 X67.22 Y32.779 E184.63237
G0 F7200 X67.22 Y33.279
G1 F3000 X67.78 Y33.839 E184.65311
G0 F7200 X67.59 Y33.839
G0 X67.59 Y37.875
G0 X67.78 Y37.875
G1 F3000 X67.22 Y38.435 E184.67385
G0 F7200 X67.22 Y38.935
G1 F3000 X67.78 Y39.496 E184.69462
G0 F7200 X67.59 Y39.496
G0 X67.59 Y43.532
G0 X67.78 Y43.532
G1 F3000 X67.22 Y44.092 E184.71536
G0 F7200 X67.22 Y44.592
G1 F3000 X67.78 Y45.153 E184.73612
G0 F7200 X67.59 Y45.153
G0 X67.59 Y49.189
G0 X67.78 Y49.189
G1 F3000 X67.22 Y49.749 E184.75687
G0 F7200 X67.22 Y50.249
G1 F3000 X67.78 Y50.81 E184.77763
G0 F7200 X67.59 Y50.81
G0 X67.59 Y54.846
G0 X67.78 Y54.846
G1 F3000 X67.22 Y55.406 E184.79837
G0 F7200 X67.22 Y55.906
G1 F3000 X67.78 Y56.467 E184.81913
G0 F7200 X67.59 Y56.467
G0 X67.59 Y60.503
G0 X67.78 Y60.503
G1 F3000 X67.22 Y61.063 E184.83988
G0 F7200 X67.22 Y61.563
G1 F3000 X67.78 Y62.124 E184.86064
G0 F7200 X67.59 Y62.124
G0 X67.59 Y66.16
G0 X67.78 Y66.16
G1 F3000 X67.22 Y66.72 E184.88138
G0 F7200 X67.22 Y67.22
G1 F3000 X67.78 Y67.78 E184.90212
G0 F7200 X67.59 Y67.78
G0 X67.59 Y71.817
G0 X67.78 Y71.817
G1 F3000 X67.22 Y72.377 E184.92287
G0 F7200 X67.22 Y72.877
G1 F3000 X67.78 Y73.437 E184.94361
G0 F7200 X67.59 Y73.437
G0 X67.59 Y77.473
G0 X67.78 Y77.473
G1 F3000 X67.22 Y78.033 E184.96435
G0 F7200 X67.22 Y78.533
G1 F3000 X67.78 Y79.094 E184.98512
G0 F7200 X67.59 Y79.094
G0 X67.59 Y83.13
G0 X67.78 Y83.13
G1 F3000 X67.22 Y83.69 E185.00586
G0 F7200 X67.22 Y84.19
G1 F3000 X67.78 Y84.751 E185.02662
G0 F7200 X67.59 Y84.751
G0 X67.338 Y87.338
G0 X65.152 Y87.59
G0 X65.152 Y87.78
G1 F3000 X64.593 Y87.22 E185.04735
G0 F7200 X63.691 Y87.22
G1 F3000 X63.13 Y87.78 E185.06811
G0 F7200 X63.13 Y87.59
G0 X59.495 Y87.59
G0 X59.495 Y87.78
G1 F3000 X58.936 Y87.22 E185.08883
G0 F7200 X58.034 Y87.22
G1 F3000 X57.474 Y87.78 E185.10958
G0 F7200 X57.474 Y87.59
G0 X53.838 Y87.59
G0 X53.838 Y87.78
G1 F3000 X53.279 Y87.22 E185.1303
G0 F7200 X52.378 Y87.22
G1 F3000 X51.817 Y87.78 E185.15106
G0 F7200 X51.817 Y87.59
G0 X48.181 Y87.59
G0 X48.181 Y87.779
G1 F3000 X47.622 Y87.22 E185.17177
G0 F7200 X46.721 Y87.22
G1 F3000 X46.161 Y87.78 E185.19251
G0 F7200 X46.161 Y87.59
G0 X42.524 Y87.59
G0 X42.524 Y87.779
G1 F3000 X41.965 Y87.22 E185.21322
G0 F7200 X41.064 Y87.22
G1 F3000 X40.504 Y87.78 E185.23396
G0 F7200 X40.504 Y87.59
G0 X36.867 Y87.59
G0 X36.867 Y87.779
G1 F3000 X34.476 Y85.388 E185.32253
G1 X34.406 Y85.318
G0 F7200 X34.513 Y85.578
G0 X36.59 Y85.847
G0 X36.779 Y85.847
G1 F3000 X34.847 Y87.78 E185.39411
G1 X34.777 Y87.85
G0 F7200 X34.777 Y87.59
G0 X67.338 Y87.338
G0 X66.924 Y86.924
;TYPE:WALL-INNER
G1 F2400 X66.589 Y87.1 E185.40402
G1 X37.5 Y87.1 E186.16593
G1 X37.02 Y86.861 E186.17998
G1 X36.9 Y86.501 E186.18992
G1 X36.9 Y85.1 E186.22661
G1 X35.527 Y85.1 E186.26257
G1 X34.967 Y85.143 E186.27728
G1 X34.451 Y85.268 E186.29119
G1 X33.949 Y85.477 E186.30543
G1 X33.499 Y85.751 E186.31923
G1 X33.098 Y86.098 E186.33312
G1 X32.751 Y86.499 E186.34701
G1 X32.476 Y86.95 E186.36085
G1 X32.269 Y87.443 E186.37485
G1 X32.16 Y87.899 E186.38713
G1 X67.9 Y87.9 E187.32325
G1 X67.9 Y12.1 E189.30863
G1 X32.161 Y12.1 E190.24472
G1 X32.265 Y12.547 E190.25674
G1 X32.472 Y13.045 E190.27086
G1 X32.75 Y13.497 E190.28476
G1 X33.098 Y13.902 E190.29875
G1 X33.499 Y14.245 E190.31257
G1 X33.951 Y14.524 E190.32648
G1 X34.45 Y14.731 E190.34063
G1 X34.967 Y14.853 E190.35454
G1 X35.529 Y14.9 E190.36932
G1 X36.9 Y14.9 E190.40523
G1 X36.9 Y13.5 E190.4419
G1 X37.02 Y13.139 E190.45186
G1 X37.409 Y12.9 E190.46382
G1 X66.5 Y12.9 E191.22578
G1 X66.924 Y13.076 E191.2378
G1 X67.1 Y13.5 E191.24983
G1 X67.1 Y86.589 E193.1642
G1 X66.924 Y86.924 E193.17411
G0 F7200 X66.698 Y86.535
;TYPE:WALL-OUTER
G1 F1200 X66.642 Y86.642 E193.17728
G1 X66.535 Y86.698 E193.18044
G1 X37.5 Y86.7 E193.94093
G1 X37.34 Y86.621 E193.94561
G1 X37.3 Y86.501 E193.94892
G1 X37.3 Y84.7 E193.99609
G1 X35.512 Y84.7 E194.04293
G1 X34.904 Y84.747 E194.0589
G1 X34.327 Y84.887 E194.07445
G1 X33.767 Y85.119 E194.09033
G1 X33.263 Y85.427 E194.1058
G1 X32.814 Y85.814 E194.12132
G1 X32.427 Y86.263 E194.13685
G1 X32.119 Y86.768 E194.15234
G1 X31.887 Y87.319 E194.168
G1 X31.747 Y87.911 E194.18393
G1 X31.717 Y88.3 E194.19415
G1 X68.3 Y88.3 E195.15235
G1 X68.3 Y11.7 E197.15868
G1 X31.717 Y11.7 E198.11688
G1 X31.747 Y12.085 E198.12699
G1 X31.883 Y12.67 E198.14272
G1 X32.115 Y13.228 E198.15855
G1 X32.426 Y13.733 E198.17409
G1 X32.814 Y14.186 E198.18971
G1 X33.263 Y14.569 E198.20517
G1 X33.768 Y14.881 E198.22071
G1 X34.326 Y15.113 E198.23654
G1 X34.904 Y15.249 E198.2521
G1 X35.513 Y15.3 E198.2681
G1 X37.3 Y15.3 E198.31491
G1 X37.3 Y13.5 E198.36205
G1 X37.34 Y13.379 E198.36539
G1 X37.465 Y13.302 E198.36924
G1 X66.5 Y13.3 E199.12973
G1 X66.642 Y13.358 E199.13375
G1 X66.7 Y13.5 E199.13777
G1 X66.698 Y86.535 E201.05073
G0 F7200 X66.642 Y86.642
G0 X66.573 Y86.678
;MESH:NONMESH
G0 F600 Z1.35
G0 F7200 X66.573 Y87.41
G0 X67.338 Y12.662
G0 X34.848 Y12.41
G0 X34.848 Y12.22
;TIME_ELAPSED:361.779084
;LAYER:7
;TYPE:FILL
;MESH:Wandhalterung TP-Link Media Converter.stl
G1 F3000 X36.78 Y14.153 E201.12231
G1 X36.85 Y14.223
G0 F7200 X36.59 Y14.223
G0 X36.662 Y12.662
G0 X36.867 Y12.22
G1 F3000 X34.476 Y14.612 E201.21089
G1 X34.406 Y14.682
G0 F7200 X34.514 Y14.423
G0 X36.662 Y12.662
G0 X40.504 Y12.41
G0 X40.504 Y12.22
G1 F3000 X41.064 Y12.78 E201.23164
G0 F7200 X41.964 Y12.78
G1 F3000 X42.524 Y12.22 E201.25238
G0 F7200 X42.524 Y12.41
G0 X46.161 Y12.41
G0 X46.161 Y12.22
G1 F3000 X46.721 Y12.78 E201.27312
G0 F7200 X47.621 Y12.78
G1 F3000 X48.181 Y12.22 E201.29387
G0 F7200 X48.181 Y12.41
G0 X51.818 Y12.41
G0 X51.818 Y12.22
G1 F3000 X52.378 Y12.78 E201.31461
G0 F7200 X53.278 Y12.78
G1 F3000 X53.838 Y12.22 E201.33535
G0 F7200 X53.838 Y12.41
G0 X57.475 Y12.41
G0 X57.475 Y12.22
G1 F3000 X58.034 Y12.78 E201.35608
G0 F7200 X58.935 Y12.78
G1 F3000 X59.495 Y12.22 E201.37682
G0 F7200 X59.495 Y12.41
G0 X63.132 Y12.41
G0 X63.132 Y12.22
G1 F3000 X63.691 Y12.78 E201.39755
G0 F7200 X64.591 Y12.78
G1 F3000 X65.151 Y12.22 E201.41829
G0 F7200 X65.151 Y12.41
G0 X67.338 Y12.662
G0 X67.59 Y15.248
G0 X67.78 Y15.248
G1 F3000 X67.22 Y15.808 E201.43903
G0 F7200 X67.22 Y16.308
G1 F3000 X67.78 Y16.869 E201.4598
G0 F7200 X67.59 Y16.869
G0 X67.59 Y20.905
G0 X67.78 Y20.905
G1 F3000 X67.22 Y21.465 E201.48054
G0 F7200 X67.22 Y21.965
G1 F3000 X67.78 Y22.526 E201.5013
G0 F7200 X67.59 Y22.526
G0 X67.59 Y26.562
G0 X67.78 Y26.562
G1 F3000 X67.22 Y27.122 E201.52204
G0 F7200 X67.22 Y27.622
G1 F3000 X67.78 Y28.182 E201.54279
G0 F7200 X67.59 Y28.182
G0 X67.59 Y32.219
G0 X67.78 Y32.219
G1 F3000 X67.22 Y32.779 E201.56353
G0 F7200 X67.22 Y33.279
G1 F3000 X67.78 Y33.839 E201.58427
G0 F7200 X67.59 Y33.839
G0 X67.59 Y37.875
G0 X67.78 Y37.875
G1 F3000 X67.22 Y38.435 E201.60502
G0 F7200 X67.22 Y38.935
G1 F3000 X67.78 Y39.496 E201.62578
G0 F7200 X67.59 Y39.496
G0 X67.59 Y43.532
G0 X67.78 Y43.532
G1 F3000 X67.22 Y44.092 E201.64652
G0 F7200 X67.22 Y44.592
G1 F3000 X67.78 Y45.153 E201.66728
G0 F7200 X67.59 Y45.153
G0 X67.59 Y49.189
G0 X67.78 Y49.189
G1 F3000 X67.22 Y49.749 E201.68803
G0 F7200 X67.22 Y50.249
G1 F3000 X67.78 Y50.81 E201.70879
G0 F7200 X67.59 Y50.81
G0 X67.59 Y54.846
G0 X67.78 Y54.846
G1 F3000 X67.22 Y55.406 E201.72953
G0 F7200 X67.22 Y55.906
G1 F3000 X67.78 Y56.467 E201.75029
G0 F7200 X67.59 Y56.467
G0 X67.59 Y60.503
G0 X67.78 Y60.503
G1 F3000 X67.22 Y61.063 E201.77104
G0 F7200 X67.22 Y61.563
G1 F3000 X67.78 Y62.124 E201.7918
G0 F7200 X67.59 Y62.124
G0 X67.59 Y66.16
G0 X67.78 Y66.16
G1 F3000 X67.22 Y66.72 E201.81254
G0 F7200 X67.22 Y67.22
G1 F3000 X67.78 Y67.78 E201.83329
G0 F7200 X67.59 Y67.78
G0 X67.59 Y71.817
G0 X67.78 Y71.817
G1 F3000 X67.22 Y72.377 E201.85403
G0 F7200 X67.22 Y72.877
G1 F3000 X67.78 Y73.437 E201.87477
G0 F7200 X67.59 Y73.437
G0 X67.59 Y77.473
G0 X67.78 Y77.473
G1 F3000 X67.22 Y78.033 E201.89552
G0 F7200 X67.22 Y78.533
G1 F3000 X67.78 Y79.094 E201.91628
G0 F7200 X67.59 Y79.094
G0 X67.59 Y83.13
G0 X67.78 Y83.13
G1 F3000 X67.22 Y83.69 E201.93702
G0 F7200 X67.22 Y84.19
G1 F3000 X67.78 Y84.751 E201.95778
G0 F7200 X67.59 Y84.751
G0 X67.338 Y87.338
G0 X65.152 Y87.59
G0 X65.152 Y87.78
G1 F3000 X64.593 Y87.22 E201.97851
G0 F7200 X63.691 Y87.22
G1 F3000 X63.13 Y87.78 E201.99927
G0 F7200 X63.13 Y87.59
G0 X59.495 Y87.59
G0 X59.495 Y87.78
G1 F3000 X58.936 Y87.22 E202.01999
G0 F7200 X58.034 Y87.22
G1 F3000 X57.474 Y87.78 E202.04074
G0 F7200 X57.474 Y87.59
G0 X53.838 Y87.59
G0 X53.838 Y87.78
G1 F3000 X53.279 Y87.22 E202.06146
G0 F7200 X52.378 Y87.22
G1 F3000 X51.817 Y87.78 E202.08222
G0 F7200 X51.817 Y87.59
G0 X48.181 Y87.59
G0 X48.181 Y87.779
G1 F3000 X47.622 Y87.22 E202.10293
G0 F7200 X46.721 Y87.22
G1 F3000 X46.161 Y87.78 E202.12367
G0 F7200 X46.161 Y87.59
G0 X42.524 Y87.59
G0 X42.524 Y87.779
G1 F3000 X41.965 Y87.22 E202.14438
G0 F7200 X41.064 Y87.22
G1 F3000 X40.504 Y87.78 E202.16512
G0 F7200 X40.504 Y87.59
G0 X36.867 Y87.59
G0 X36.867 Y87.779
G1 F3000 X34.476 Y85.388 E202.25369
G1 X34.406 Y85.318
G0 F7200 X34.513 Y85.578
G0 X36.59 Y85.847
G0 X36.779 Y85.847
G1 F3000 X34.847 Y87.78 E202.32527
G1 X34.777 Y87.85
G0 F7200 X34.777 Y87.59
G0 X67.338 Y87.338
G0 X66.924 Y86.924
;TYPE:WALL-INNER
G1 F2400 X66.589 Y87.1 E202.33518
G1 X37.5 Y87.1 E203.09709
G1 X37.02 Y86.861 E203.11114
G1 X36.9 Y86.501 E203.12108
G1 X36.9 Y85.1 E203.15777
G1 X35.527 Y85.1 E203.19373
G1 X34.967 Y85.143 E203.20845
G1 X34.451 Y85.268 E203.22235
G1 X33.949 Y85.477 E203.23659
G1 X33.499 Y85.751 E203.25039
G1 X33.098 Y86.098 E203.26428
G1 X32.751 Y86.499 E203.27817
G1 X32.476 Y86.95 E203.29201
G1 X32.269 Y87.443 E203.30601
G1 X32.16 Y87.899 E203.31829
G1 X67.9 Y87.9 E204.25441
G1 X67.9 Y12.1 E206.23979
G1 X32.161 Y12.1 E207.17588
G1 X32.265 Y12.547 E207.1879
G1 X32.472 Y13.045 E207.20202
G1 X32.75 Y13.497 E207.21592
G1 X33.098 Y13.902 E207.22991
G1 X33.499 Y14.245 E207.24373
G1 X33.951 Y14.524 E207.25764
G1 X34.45 Y14.731 E207.27179
G1 X34.967 Y14.853 E207.28571
G1 X35.529 Y14.9 E207.30048
G1 X36.9 Y14.9 E207.33639
G1 X36.9 Y13.5 E207.37306
G1 X37.02 Y13.139 E207.38302
G1 X37.409 Y12.9 E207.39498
G1 X66.5 Y12.9 E208.15694
G1 X66.924 Y13.076 E208.16897
G1 X67.1 Y13.5 E208.18099
G1 X67.1 Y86.589 E210.09536
G1 X66.924 Y86.924 E210.10527
G0 F7200 X66.698 Y86.535
;TYPE:WALL-OUTER
G1 F1200 X66.642 Y86.642 E210.10844
G1 X66.535 Y86.698 E210.1116
G1 X37.5 Y86.7 E210.8721
G1 X37.34 Y86.621 E210.87677
G1 X37.3 Y86.501 E210.88008
G1 X37.3 Y84.7 E210.92726
G1 X35.512 Y84.7 E210.97409
G1 X34.904 Y84.747 E210.99006
G1 X34.327 Y84.887 E211.00561
G1 X33.767 Y85.119 E211.02149
G1 X33.263 Y85.427 E211.03696
G1 X32.814 Y85.814 E211.05248
G1 X32.427 Y86.263 E211.06801
G1 X32.119 Y86.768 E211.0835
G1 X31.887 Y87.319 E211.09916
G1 X31.747 Y87.911 E211.1151
G1 X31.717 Y88.3 E211.12532
G1 X68.3 Y88.3 E212.08351
G1 X68.3 Y11.7 E214.08985
G1 X31.717 Y11.7 E215.04804
G1 X31.747 Y12.085 E215.05815
G1 X31.883 Y12.67 E215.07389
G1 X32.115 Y13.228 E215.08971
G1 X32.426 Y13.733 E215.10525
G1 X32.814 Y14.186 E215.12087
G1 X33.263 Y14.569 E215.13633
G1 X33.768 Y14.881 E215.15188
G1 X34.326 Y15.113 E215.1677
G1 X34.904 Y15.249 E215.18326
G1 X35.513 Y15.3 E215.19926
G1 X37.3 Y15.3 E215.24607
G1 X37.3 Y13.5 E215.29322
G1 X37.34 Y13.379 E215.29655
G1 X37.465 Y13.302 E215.3004
G1 X66.5 Y13.3 E216.06089
G1 X66.642 Y13.358 E216.06491
G1 X66.7 Y13.5 E216.06893
G1 X66.698 Y86.535 E217.98189
G0 F7200 X66.642 Y86.642
G0 X66.573 Y86.678
;MESH:NONMESH
G0 F600 Z1.5
G0 F7200 X66.573 Y87.41
G0 X67.338 Y12.662
G0 X34.848 Y12.41
G0 X34.848 Y12.22
;TIME_ELAPSED:389.355191
;LAYER:8
;TYPE:FILL
;MESH:Wandhalterung TP-Link Media Converter.stl
G1 F3000 X36.78 Y14.153 E218.05347
G1 X36.85 Y14.223
G0 F7200 X36.59 Y14.223
G0 X36.662 Y12.662
G0 X36.867 Y12.22
G1 F3000 X34.476 Y14.612 E218.14206
G1 X34.406 Y14.682
G0 F7200 X34.514 Y14.423
G0 X36.662 Y12.662
G0 X40.504 Y12.41
G0 X40.504 Y12.22
G1 F3000 X41.064 Y12.78 E218.1628
G0 F7200 X41.964 Y12.78
G1 F3000 X42.524 Y12.22 E218.18354
G0 F7200 X42.524 Y12.41
G0 X46.161 Y12.41
G0 X46.161 Y12.22
G1 F3000 X46.721 Y12.78 E218.20429
G0 F7200 X47.621 Y12.78
G1 F3000 X48.181 Y12.22 E218.22503
G0 F7200 X48.181 Y12.41
G0 X51.818 Y12.41
G0 X51.818 Y12.22
G1 F3000 X52.378 Y12.78 E218.24577
G0 F7200 X53.278 Y12.78
G1 F3000 X53.838 Y12.22 E218.26652
G0 F7200 X53.838 Y12.41
G0 X57.475 Y12.41
G0 X57.475 Y12.22
G1 F3000 X58.034 Y12.78 E218.28724
G0 F7200 X58.935 Y12.78
G1 F3000 X59.495 Y12.22 E218.30798
G0 F7200 X59.495 Y12.41
G0 X63.132 Y12.41
G0 X63.132 Y12.22
G1 F3000 X63.691 Y12.78 E218.32871
G0 F7200 X64.591 Y12.78
G1 F3000 X65.151 Y12.22 E218.34945
G0 F7200 X65.151 Y12.41
G0 X67.338 Y12.662
G0 X67.59 Y15.248
G0 X67.78 Y15.248
G1 F3000 X67.22 Y15.808 E218.3702
G0 F7200 X67.22 Y16.308
G1 F3000 X67.78 Y16.869 E218.39096
G0 F7200 X67.59 Y16.869
G0 X67.59 Y20.905
G0 X67.78 Y20.905
G1 F3000 X67.22 Y21.465 E218.4117
G0 F7200 X67.22 Y21.965
G1 F3000 X67.78 Y22.526 E218.43246
G0 F7200 X67.59 Y22.526
G0 X67.59 Y26.562
G0 X67.78 Y26.562
G1 F3000 X67.22 Y27.122 E218.45321
G0 F7200 X67.22 Y27.622
G1 F3000 X67.78 Y28.182 E218.47395
G0 F7200 X67.59 Y28.182
G0 X67.59 Y32.219
G0 X67.78 Y32.219
G1 F3000 X67.22 Y32.779 E218.49469
G0 F7200 X67.22 Y33.279
G1 F3000 X67.78 Y33.839 E218.51544
G0 F7200 X67.59 Y33.839
G0 X67.59 Y37.875
G0 X67.78 Y37.875
G1 F3000 X67.22 Y38.435 E218.53618
G0 F7200 X67.22 Y38.935
G1 F3000 X67.78 Y39.496 E218.55694
G0 F7200 X67.59 Y39.496
G0 X67.59 Y43.532
G0 X67.78 Y43.532
G1 F3000 X67.22 Y44.092 E218.57768
G0 F7200 X67.22 Y44.592
G1 F3000 X67.78 Y45.153 E218.59845
G0 F7200 X67.59 Y45.153
G0 X67.59 Y49.189
G0 X67.78 Y49.189
G1 F3000 X67.22 Y49.749 E218.61919
G0 F7200 X67.22 Y50.249
G1 F3000 X67.78 Y50.81 E218.63995
G0 F7200 X67.59 Y50.81
G0 X67.59 Y54.846
G0 X67.78 Y54.846
G1 F3000 X67.22 Y55.406 E218.66069
G0 F7200 X67.22 Y55.906
G1 F3000 X67.78 Y56.467 E218.68146
G0 F7200 X67.59 Y56.467
G0 X67.59 Y60.503
G0 X67.78 Y60.503
G1 F3000 X67.22 Y61.063 E218.7022
G0 F7200 X67.22 Y61.563
G1 F3000 X67.78 Y62.124 E218.72296
G0 F7200 X67.59 Y62.124
G0 X67.59 Y66.16
G0 X67.78 Y66.16
G1 F3000 X67.22 Y66.72 E218.7437
G0 F7200 X67.22 Y67.22
G1 F3000 X67.78 Y67.78 E218.76445
G0 F7200 X67.59 Y67.78
G0 X67.59 Y71.817
G0 X67.78 Y71.817
G1 F3000 X67.22 Y72.377 E218.78519
G0 F7200 X67.22 Y72.877
G1 F3000 X67.78 Y73.437 E218.80593
G0 F7200 X67.59 Y73.437
G0 X67.59 Y77.473
G0 X67.78 Y77.473
G1 F3000 X67.22 Y78.033 E218.82668
G0 F7200 X67.22 Y78.533
G1 F3000 X67.78 Y79.094 E218.84744
G0 F7200 X67.59 Y79.094
G0 X67.59 Y83.13
G0 X67.78 Y83.13
G1 F3000 X67.22 Y83.69 E218.86818
G0 F7200 X67.22 Y84.19
G1 F3000 X67.78 Y84.751 E218.88894
G0 F7200 X67.59 Y84.751
G0 X67.338 Y87.338
G0 X65.152 Y87.59
G0 X65.152 Y87.78
G1 F3000 X64.593 Y87.22 E218.90967
G0 F7200 X63.691 Y87.22
G1 F3000 X63.13 Y87.78 E218.93043
G0 F7200 X63.13 Y87.59
G0 X59.495 Y87.59
G0 X59.495 Y87.78
G1 F3000 X58.936 Y87.22 E218.95116
G0 F7200 X58.034 Y87.22
G1 F3000 X57.474 Y87.78 E218.9719
G0 F7200 X57.474 Y87.59
G0 X53.838 Y87.59
G0 X53.838 Y87.78
G1 F3000 X53.279 Y87.22 E218.99262
G0 F7200 X52.378 Y87.22
G1 F3000 X51.817 Y87.78 E219.01339
G0 F7200 X51.817 Y87.59
G0 X48.181 Y87.59
G0 X48.181 Y87.779
G1 F3000 X47.622 Y87.22 E219.03409
G0 F7200 X46.721 Y87.22
G1 F3000 X46.161 Y87.78 E219.05484
G0 F7200 X46.161 Y87.59
G0 X42.524 Y87.59
G0 X42.524 Y87.779
G1 F3000 X41.965 Y87.22 E219.07554
G0 F7200 X41.064 Y87.22
G1 F3000 X40.504 Y87.78 E219.09628
G0 F7200 X40.504 Y87.59
G0 X36.867 Y87.59
G0 X36.867 Y87.779
G1 F3000 X34.476 Y85.388 E219.18485
G1 X34.406 Y85.318
G0 F7200 X34.513 Y85.578
G0 X36.59 Y85.847
G0 X36.779 Y85.847
G1 F3000 X34.847 Y87.78 E219.25643
G1 X34.777 Y87.85
G0 F7200 X34.777 Y87.59
G0 X67.338 Y87.338
G0 X66.924 Y86.924
;TYPE:WALL-INNER
G1 F2400 X66.589 Y87.1 E219.26635
G1 X37.5 Y87.1 E220.02826
G1 X37.02 Y86.861 E220.0423
G1 X36.9 Y86.501 E220.05224
G1 X36.9 Y85.1 E220.08893
G1 X35.527 Y85.1 E220.1249
G1 X34.967 Y85.143 E220.13961
G1 X34.451 Y85.268 E220.15351
G1 X33.949 Y85.477 E220.16776
G1 X33.499 Y85.751 E220.18156
G1 X33.098 Y86.098 E220.19545
G1 X32.751 Y86.499 E220.20934
G1 X32.476 Y86.95 E220.22317
G1 X32.269 Y87.443 E220.23718
G1 X32.16 Y87.899 E220.24946
G1 X67.9 Y87.9 E221.18557
G1 X67.9 Y12.1 E223.17095
G1 X32.161 Y12.1 E224.10704
G1 X32.265 Y12.547 E224.11906
G1 X32.472 Y13.045 E224.13319
G1 X32.75 Y13.497 E224.14709
G1 X33.098 Y13.902 E224.16107
G1 X33.499 Y14.245 E224.17489
G1 X33.951 Y14.524 E224.18881
G1 X34.45 Y14.731 E224.20296
G1 X34.967 Y14.853 E224.21687
G1 X35.529 Y14.9 E224.23164
G1 X36.9 Y14.9 E224.26755
G1 X36.9 Y13.5 E224.30422
G1 X37.02 Y13.139 E224.31418
G1 X37.409 Y12.9 E224.32614
G1 X66.5 Y12.9 E225.0881
G1 X66.924 Y13.076 E225.10013
G1 X67.1 Y13.5 E225.11215
G1 X67.1 Y86.589 E227.02653
G1 X66.924 Y86.924 E227.03644
G0 F7200 X66.698 Y86.535
;TYPE:WALL-OUTER
G1 F1200 X66.642 Y86.642 E227.0396
G1 X66.535 Y86.698 E227.04276
G1 X37.5 Y86.7 E227.80326
G1 X37.34 Y86.621 E227.80793
G1 X37.3 Y86.501 E227.81125
G1 X37.3 Y84.7 E227.85842
G1 X35.512 Y84.7 E227.90525
G1 X34.904 Y84.747 E227.92122
G1 X34.327 Y84.887 E227.93677
G1 X33.767 Y85.119 E227.95265
G1 X33.263 Y85.427 E227.96812
G1 X32.814 Y85.814 E227.98365
G1 X32.427 Y86.263 E227.99917
G1 X32.119 Y86.768 E228.01467
G1 X31.887 Y87.319 E228.03033
G1 X31.747 Y87.911 E228.04626
G1 X31.717 Y88.3 E228.05648
G1 X68.3 Y88.3 E229.01467
G1 X68.3 Y11.7 E231.02101
G1 X31.717 Y11.7 E231.9792
G1 X31.747 Y12.085 E231.98932
G1 X31.883 Y12.67 E232.00505
G1 X32.115 Y13.228 E232.02088
G1 X32.426 Y13.733 E232.03641
G1 X32.814 Y14.186 E232.05203
G1 X33.263 Y14.569 E232.06749
G1 X33.768 Y14.881 E232.08304
G1 X34.326 Y15.113 E232.09887
G1 X34.904 Y15.249 E232.11442
G1 X35.513 Y15.3 E232.13043
G1 X37.3 Y15.3 E232.17723
G1 X37.3 Y13.5 E232.22438
G1 X37.34 Y13.379 E232.22772
G1 X37.465 Y13.302 E232.23156
G1 X66.5 Y13.3 E232.99206
G1 X66.642 Y13.358 E232.99607
G1 X66.7 Y13.5 E233.00009
G1 X66.698 Y86.535 E234.91305
G0 F7200 X66.642 Y86.642
G0 X66.573 Y86.678
;MESH:NONMESH
G0 F600 Z1.65
G0 F7200 X66.573 Y87.41
G0 X67.338 Y12.662
G0 X34.848 Y12.41
G0 X34.848 Y12.22
;TIME_ELAPSED:416.931298
;LAYER:9
;TYPE:FILL
;MESH:Wandhalterung TP-Link Media Converter.stl
G1 F3000 X36.78 Y14.153 E234.98463
G1 X36.85 Y14.223
G0 F7200 X36.59 Y14.223
G0 X36.662 Y12.662
G0 X36.867 Y12.22
G1 F3000 X34.476 Y14.612 E235.07322
G1 X34.406 Y14.682
G0 F7200 X34.514 Y14.423
G0 X36.662 Y12.662
G0 X40.504 Y12.41
G0 X40.504 Y12.22
G1 F3000 X41.064 Y12.78 E235.09396
G0 F7200 X41.964 Y12.78
G1 F3000 X42.524 Y12.22 E235.1147
G0 F7200 X42.524 Y12.41
G0 X46.161 Y12.41
G0 X46.161 Y12.22
G1 F3000 X46.721 Y12.78 E235.13545
G0 F7200 X47.621 Y12.78
G1 F3000 X48.181 Y12.22 E235.15619
G0 F7200 X48.181 Y12.41
G0 X51.818 Y12.41
G0 X51.818 Y12.22
G1 F3000 X52.378 Y12.78 E235.17693
G0 F7200 X53.278 Y12.78
G1 F3000 X53.838 Y12.22 E235.19768
G0 F7200 X53.838 Y12.41
G0 X57.475 Y12.41
G0 X57.475 Y12.22
G1 F3000 X58.034 Y12.78 E235.2184
G0 F7200 X58.935 Y12.78
G1 F3000 X59.495 Y12.22 E235.23915
G0 F7200 X59.495 Y12.41
G0 X63.132 Y12.41
G0 X63.132 Y12.22
G1 F3000 X63.691 Y12.78 E235.25987
G0 F7200 X64.591 Y12.78
G1 F3000 X65.151 Y12.22 E235.28061
G0 F7200 X65.151 Y12.41
G0 X67.338 Y12.662
G0 X67.59 Y15.248
G0 X67.78 Y15.248
G1 F3000 X67.22 Y15.808 E235.30136
G0 F7200 X67.22 Y16.308
G1 F3000 X67.78 Y16.869 E235.32212
G0 F7200 X67.59 Y16.869
G0 X67.59 Y20.905
G0 X67.78 Y20.905
G1 F3000 X67.22 Y21.465 E235.34286
G0 F7200 X67.22 Y21.965
G1 F3000 X67.78 Y22.526 E235.36362
G0 F7200 X67.59 Y22.526
G0 X67.59 Y26.562
G0 X67.78 Y26.562
G1 F3000 X67.22 Y27.122 E235.38437
G0 F7200 X67.22 Y27.622
G1 F3000 X67.78 Y28.182 E235.40511
G0 F7200 X67.59 Y28.182
G0 X67.59 Y32.219
G0 X67.78 Y32.219
G1 F3000 X67.22 Y32.779 E235.42585
G0 F7200 X67.22 Y33.279
G1 F3000 X67.78 Y33.839 E235.4466
G0 F7200 X67.59 Y33.839
G0 X67.59 Y37.875
G0 X67.78 Y37.875
G1 F3000 X67.22 Y38.435 E235.46734
G0 F7200 X67.22 Y38.935
G1 F3000 X67.78 Y39.496 E235.4881
G0 F7200 X67.59 Y39.496
G0 X67.59 Y43.532
G0 X67.78 Y43.532
G1 F3000 X67.22 Y44.092 E235.50885
G0 F7200 X67.22 Y44.592
G1 F3000 X67.78 Y45.153 E235.52961
G0 F7200 X67.59 Y45.153
G0 X67.59 Y49.189
G0 X67.78 Y49.189
G1 F3000 X67.22 Y49.749 E235.55035
G0 F7200 X67.22 Y50.249
G1 F3000 X67.78 Y50.81 E235.57111
G0 F7200 X67.59 Y50.81
G0 X67.59 Y54.846
G0 X67.78 Y54.846
G1 F3000 X67.22 Y55.406 E235.59186
G0 F7200 X67.22 Y55.906
G1 F3000 X67.78 Y56.467 E235.61262
G0 F7200 X67.59 Y56.467
G0 X67.59 Y60.503
G0 X67.78 Y60.503
G1 F3000 X67.22 Y61.063 E235.63336
G0 F7200 X67.22 Y61.563
G1 F3000 X67.78 Y62.124 E235.65412
G0 F7200 X67.59 Y62.124
G0 X67.59 Y66.16
G0 X67.78 Y66.16
G1 F3000 X67.22 Y66.72 E235.67487
G0 F7200 X67.22 Y67.22
G1 F3000 X67.78 Y67.78 E235.69561
G0 F7200 X67.59 Y67.78
G0 X67.59 Y71.817
G0 X67.78 Y71.817
G1 F3000 X67.22 Y72.377 E235.71635
G0 F7200 X67.22 Y72.877
G1 F3000 X67.78 Y73.437 E235.7371
G0 F7200 X67.59 Y73.437
G0 X67.59 Y77.473
G0 X67.78 Y77.473
G1 F3000 X67.22 Y78.033 E235.75784
G0 F7200 X67.22 Y78.533
G1 F3000 X67.78 Y79.094 E235.7786
G0 F7200 X67.59 Y79.094
G0 X67.59 Y83.13
G0 X67.78 Y83.13
G1 F3000 X67.22 Y83.69 E235.79934
G0 F7200 X67.22 Y84.19
G1 F3000 X67.78 Y84.751 E235.82011
G0 F7200 X67.59 Y84.751
G0 X67.338 Y87.338
G0 X65.152 Y87.59
G0 X65.152 Y87.78
G1 F3000 X64.593 Y87.22 E235.84083
G0 F7200 X63.691 Y87.22
G1 F3000 X63.13 Y87.78 E235.86159
G0 F7200 X63.13 Y87.59
G0 X59.495 Y87.59
G0 X59.495 Y87.78
G1 F3000 X58.936 Y87.22 E235.88232
G0 F7200 X58.034 Y87.22
G1 F3000 X57.474 Y87.78 E235.90306
G0 F7200 X57.474 Y87.59
G0 X53.838 Y87.59
G0 X53.838 Y87.78
G1 F3000 X53.279 Y87.22 E235.92379
G0 F7200 X52.378 Y87.22
G1 F3000 X51.817 Y87.78 E235.94455
G0 F7200 X51.817 Y87.59
G0 X48.181 Y87.59
G0 X48.181 Y87.779
G1 F3000 X47.622 Y87.22 E235.96525
G0 F7200 X46.721 Y87.22
G1 F3000 X46.161 Y87.78 E235.986
G0 F7200 X46.161 Y87.59
G0 X42.524 Y87.59
G0 X42.524 Y87.779
G1 F3000 X41.965 Y87.22 E236.0067
G0 F7200 X41.064 Y87.22
G1 F3000 X40.504 Y87.78 E236.02745
G0 F7200 X40.504 Y87.59
G0 X36.867 Y87.59
G0 X36.867 Y87.779
G1 F3000 X34.476 Y85.388 E236.11601
G1 X34.406 Y85.318
G0 F7200 X34.513 Y85.578
G0 X36.59 Y85.847
G0 X36.779 Y85.847
G1 F3000 X34.847 Y87.78 E236.1876
G1 X34.777 Y87.85
G0 F7200 X34.777 Y87.59
G0 X67.338 Y87.338
G0 X66.924 Y86.924
;TYPE:WALL-INNER
G1 F2400 X66.589 Y87.1 E236.19751
G1 X37.5 Y87.1 E236.95942
G1 X37.02 Y86.861 E236.97346
G1 X36.9 Y86.501 E236.9834
G1 X36.9 Y85.1 E237.0201
G1 X35.527 Y85.1 E237.05606
G1 X34.967 Y85.143 E237.07077
G1 X34.451 Y85.268 E237.08468
G1 X33.949 Y85.477 E237.09892
G1 X33.499 Y85.751 E237.11272
G1 X33.098 Y86.098 E237.12661
G1 X32.751 Y86.499 E237.1405
G1 X32.476 Y86.95 E237.15433
G1 X32.269 Y87.443 E237.16834
G1 X32.16 Y87.899 E237.18062
G1 X67.9 Y87.9 E238.11673
G1 X67.9 Y12.1 E240.10211
G1 X32.161 Y12.1 E241.0382
G1 X32.265 Y12.547 E241.05022
G1 X32.472 Y13.045 E241.06435
G1 X32.75 Y13.497 E241.07825
G1 X33.098 Y13.902 E241.09223
G1 X33.499 Y14.245 E241.10605
G1 X33.951 Y14.524 E241.11997
G1 X34.45 Y14.731 E241.13412
G1 X34.967 Y14.853 E241.14803
G1 X35.529 Y14.9 E241.1628
G1 X36.9 Y14.9 E241.19871
G1 X36.9 Y13.5 E241.23538
G1 X37.02 Y13.139 E241.24535
G1 X37.409 Y12.9 E241.2573
G1 X66.5 Y12.9 E242.01927
G1 X66.924 Y13.076 E242.03129
G1 X67.1 Y13.5 E242.04331
G1 X67.1 Y86.589 E243.95769
G1 X66.924 Y86.924 E243.9676
G0 F7200 X66.698 Y86.535
;TYPE:WALL-OUTER
G1 F1200 X66.642 Y86.642 E243.97076
G1 X66.535 Y86.698 E243.97393
G1 X37.5 Y86.7 E244.73442
G1 X37.34 Y86.621 E244.73909
G1 X37.3 Y86.501 E244.74241
G1 X37.3 Y84.7 E244.78958
G1 X35.512 Y84.7 E244.83641
G1 X34.904 Y84.747 E244.85238
G1 X34.327 Y84.887 E244.86794
G1 X33.767 Y85.119 E244.88381
G1 X33.263 Y85.427 E244.89928
G1 X32.814 Y85.814 E244.91481
G1 X32.427 Y86.263 E244.93033
G1 X32.119 Y86.768 E244.94583
G1 X31.887 Y87.319 E244.96149
G1 X31.747 Y87.911 E244.97742
G1 X31.717 Y88.3 E244.98764
G1 X68.3 Y88.3 E245.94583
G1 X68.3 Y11.7 E247.95217
G1 X31.717 Y11.7 E248.91036
G1 X31.747 Y12.085 E248.92048
G1 X31.883 Y12.67 E248.93621
G1 X32.115 Y13.228 E248.95204
G1 X32.426 Y13.733 E248.96757
G1 X32.814 Y14.186 E248.98319
G1 X33.263 Y14.569 E248.99865
G1 X33.768 Y14.881 E249.0142
G1 X34.326 Y15.113 E249.03003
G1 X34.904 Y15.249 E249.04558
G1 X35.513 Y15.3 E249.06159
G1 X37.3 Y15.3 E249.10839
G1 X37.3 Y13.5 E249.15554
G1 X37.34 Y13.379 E249.15888
G1 X37.465 Y13.302 E249.16272
G1 X66.5 Y13.3 E249.92322
G1 X66.642 Y13.358 E249.92724
G1 X66.7 Y13.5 E249.93125
G1 X66.698 Y86.535 E251.84421
G0 F7200 X66.642 Y86.642
G0 X66.573 Y86.678
;MESH:NONMESH
G0 F600 Z1.8
G0 F7200 X66.573 Y87.41
G0 X67.338 Y12.662
G0 X34.848 Y12.41
G0 X34.848 Y12.22
;TIME_ELAPSED:444.507405
;LAYER:10
;TYPE:FILL
;MESH:Wandhalterung TP-Link Media Converter.stl
G1 F3000 X36.78 Y14.153 E251.9158
G1 X36.85 Y14.223
G0 F7200 X36.59 Y14.223
G0 X36.662 Y12.662
G0 X36.867 Y12.22
G1 F3000 X34.476 Y14.612 E252.00438
G1 X34.406 Y14.682
G0 F7200 X34.514 Y14.423
G0 X36.662 Y12.662
G0 X40.504 Y12.41
G0 X40.504 Y12.22
G1 F3000 X41.064 Y12.78 E252.02512
G0 F7200 X41.964 Y12.78
G1 F3000 X42.524 Y12.22 E252.04587
G0 F7200 X42.524 Y12.41
G0 X46.161 Y12.41
G0 X46.161 Y12.22
G1 F3000 X46.721 Y12.78 E252.06661
G0 F7200 X47.621 Y12.78
G1 F3000 X48.181 Y12.22 E252.08735
G0 F7200 X48.181 Y12.41
G0 X51.818 Y12.41
G0 X51.818 Y12.22
G1 F3000 X52.378 Y12.78 E252.1081
G0 F7200 X53.278 Y12.78
G1 F3000 X53.838 Y12.22 E252.12884
G0 F7200 X53.838 Y12.41
G0 X57.475 Y12.41
G0 X57.475 Y12.22
G1 F3000 X58.034 Y12.78 E252.14956
G0 F7200 X58.935 Y12.78
G1 F3000 X59.495 Y12.22 E252.17031
G0 F7200 X59.495 Y12.41
G0 X63.132 Y12.41
G0 X63.132 Y12.22
G1 F3000 X63.691 Y12.78 E252.19103
G0 F7200 X64.591 Y12.78
G1 F3000 X65.151 Y12.22 E252.21178
G0 F7200 X65.151 Y12.41
G0 X67.338 Y12.662
G0 X67.59 Y15.248
G0 X67.78 Y15.248
G1 F3000 X67.22 Y15.808 E252.23252
G0 F7200 X67.22 Y16.308
G1 F3000 X67.78 Y16.869 E252.25328
G0 F7200 X67.59 Y16.869
G0 X67.59 Y20.905
G0 X67.78 Y20.905
G1 F3000 X67.22 Y21.465 E252.27402
G0 F7200 X67.22 Y21.965
G1 F3000 X67.78 Y22.526 E252.29479
G0 F7200 X67.59 Y22.526
G0 X67.59 Y26.562
G0 X67.78 Y26.562
G1 F3000 X67.22 Y27.122 E252.31553
G0 F7200 X67.22 Y27.622
G1 F3000 X67.78 Y28.182 E252.33627
G0 F7200 X67.59 Y28.182
G0 X67.59 Y32.219
G0 X67.78 Y32.219
G1 F3000 X67.22 Y32.779 E252.35702
G0 F7200 X67.22 Y33.279
G1 F3000 X67.78 Y33.839 E252.37776
G0 F7200 X67.59 Y33.839
G0 X67.59 Y37.875
G0 X67.78 Y37.875
G1 F3000 X67.22 Y38.435 E252.3985
G0 F7200 X67.22 Y38.935
G1 F3000 X67.78 Y39.496 E252.41926
G0 F7200 X67.59 Y39.496
G0 X67.59 Y43.532
G0 X67.78 Y43.532
G1 F3000 X67.22 Y44.092 E252.44001
G0 F7200 X67.22 Y44.592
G1 F3000 X67.78 Y45.153 E252.46077
G0 F7200 X67.59 Y45.153
G0 X67.59 Y49.189
G0 X67.78 Y49.189
G1 F3000 X67.22 Y49.749 E252.48151
G0 F7200 X67.22 Y50.249
G1 F3000 X67.78 Y50.81 E252.50227
G0 F7200 X67.59 Y50.81
G0 X67.59 Y54.846
G0 X67.78 Y54.846
G1 F3000 X67.22 Y55.406 E252.52302
G0 F7200 X67.22 Y55.906
G1 F3000 X67.78 Y56.467 E252.54378
G0 F7200 X67.59 Y56.467
G0 X67.59 Y60.503
G0 X67.78 Y60.503
G1 F3000 X67.22 Y61.063 E252.56452
G0 F7200 X67.22 Y61.563
G1 F3000 X67.78 Y62.124 E252.58529
G0 F7200 X67.59 Y62.124
G0 X67.59 Y66.16
G0 X67.78 Y66.16
G1 F3000 X67.22 Y66.72 E252.60603
G0 F7200 X67.22 Y67.22
G1 F3000 X67.78 Y67.78 E252.62677
G0 F7200 X67.59 Y67.78
G0 X67.59 Y71.817
G0 X67.78 Y71.817
G1 F3000 X67.22 Y72.377 E252.64752
G0 F7200 X67.22 Y72.877
G1 F3000 X67.78 Y73.437 E252.66826
G0 F7200 X67.59 Y73.437
G0 X67.59 Y77.473
G0 X67.78 Y77.473
G1 F3000 X67.22 Y78.033 E252.689
G0 F7200 X67.22 Y78.533
G1 F3000 X67.78 Y79.094 E252.70976
G0 F7200 X67.59 Y79.094
G0 X67.59 Y83.13
G0 X67.78 Y83.13
G1 F3000 X67.22 Y83.69 E252.73051
G0 F7200 X67.22 Y84.19
G1 F3000 X67.78 Y84.751 E252.75127
G0 F7200 X67.59 Y84.751
G0 X67.338 Y87.338
G0 X65.152 Y87.59
G0 X65.152 Y87.78
G1 F3000 X64.593 Y87.22 E252.77199
G0 F7200 X63.691 Y87.22
G1 F3000 X63.13 Y87.78 E252.79276
G0 F7200 X63.13 Y87.59
G0 X59.495 Y87.59
G0 X59.495 Y87.78
G1 F3000 X58.936 Y87.22 E252.81348
G0 F7200 X58.034 Y87.22
G1 F3000 X57.474 Y87.78 E252.83422
G0 F7200 X57.474 Y87.59
G0 X53.838 Y87.59
G0 X53.838 Y87.78
G1 F3000 X53.279 Y87.22 E252.85495
G0 F7200 X52.378 Y87.22
G1 F3000 X51.817 Y87.78 E252.87571
G0 F7200 X51.817 Y87.59
G0 X48.181 Y87.59
G0 X48.181 Y87.779
G1 F3000 X47.622 Y87.22 E252.89642
G0 F7200 X46.721 Y87.22
G1 F3000 X46.161 Y87.78 E252.91716
G0 F7200 X46.161 Y87.59
G0 X42.524 Y87.59
G0 X42.524 Y87.779
G1 F3000 X41.965 Y87.22 E252.93787
G0 F7200 X41.064 Y87.22
G1 F3000 X40.504 Y87.78 E252.95861
G0 F7200 X40.504 Y87.59
G0 X36.867 Y87.59
G0 X36.867 Y87.779
G1 F3000 X34.476 Y85.388 E253.04718
G1 X34.406 Y85.318
G0 F7200 X34.513 Y85.578
G0 X36.59 Y85.847
G0 X36.779 Y85.847
G1 F3000 X34.847 Y87.78 E253.11876
G1 X34.777 Y87.85
G0 F7200 X34.777 Y87.59
G0 X67.338 Y87.338
G0 X66.924 Y86.924
;TYPE:WALL-INNER
G1 F2400 X66.589 Y87.1 E253.12867
G1 X37.5 Y87.1 E253.89058
G1 X37.02 Y86.861 E253.90462
G1 X36.9 Y86.501 E253.91456
G1 X36.9 Y85.1 E253.95126
G1 X35.527 Y85.1 E253.98722
G1 X34.967 Y85.143 E254.00193
G1 X34.451 Y85.268 E254.01584
G1 X33.949 Y85.477 E254.03008
G1 X33.499 Y85.751 E254.04388
G1 X33.098 Y86.098 E254.05777
G1 X32.751 Y86.499 E254.07166
G1 X32.476 Y86.95 E254.08549
G1 X32.269 Y87.443 E254.0995
G1 X32.16 Y87.899 E254.11178
G1 X67.9 Y87.9 E255.04789
G1 X67.9 Y12.1 E257.03328
G1 X32.161 Y12.1 E257.96936
G1 X32.265 Y12.547 E257.98138
G1 X32.472 Y13.045 E257.99551
G1 X32.75 Y13.497 E258.00941
G1 X33.098 Y13.902 E258.0234
G1 X33.499 Y14.245 E258.03722
G1 X33.951 Y14.524 E258.05113
G1 X34.45 Y14.731 E258.06528
G1 X34.967 Y14.853 E258.07919
G1 X35.529 Y14.9 E258.09396
G1 X36.9 Y14.9 E258.12987
G1 X36.9 Y13.5 E258.16654
G1 X37.02 Y13.139 E258.17651
G1 X37.409 Y12.9 E258.18847
G1 X66.5 Y12.9 E258.95043
G1 X66.924 Y13.076 E258.96245
G1 X67.1 Y13.5 E258.97448
G1 X67.1 Y86.589 E260.88885
G1 X66.924 Y86.924 E260.89876
G0 F7200 X66.698 Y86.535
;TYPE:WALL-OUTER
G1 F1200 X66.642 Y86.642 E260.90192
G1 X66.535 Y86.698 E260.90509
G1 X37.5 Y86.7 E261.66558
G1 X37.34 Y86.621 E261.67026
G1 X37.3 Y86.501 E261.67357
G1 X37.3 Y84.7 E261.72074
G1 X35.512 Y84.7 E261.76757
G1 X34.904 Y84.747 E261.78355
G1 X34.327 Y84.887 E261.7991
G1 X33.767 Y85.119 E261.81497
G1 X33.263 Y85.427 E261.83044
G1 X32.814 Y85.814 E261.84597
G1 X32.427 Y86.263 E261.8615
G1 X32.119 Y86.768 E261.87699
G1 X31.887 Y87.319 E261.89265
G1 X31.747 Y87.911 E261.90858
G1 X31.717 Y88.3 E261.9188
G1 X68.3 Y88.3 E262.877
G1 X68.3 Y11.7 E264.88333
G1 X31.717 Y11.7 E265.84153
G1 X31.747 Y12.085 E265.85164
G1 X31.883 Y12.67 E265.86737
G1 X32.115 Y13.228 E265.8832
G1 X32.426 Y13.733 E265.89873
G1 X32.814 Y14.186 E265.91436
G1 X33.263 Y14.569 E265.92981
G1 X33.768 Y14.881 E265.94536
G1 X34.326 Y15.113 E265.96119
G1 X34.904 Y15.249 E265.97674
G1 X35.513 Y15.3 E265.99275
G1 X37.3 Y15.3 E266.03956
G1 X37.3 Y13.5 E266.0867
G1 X37.34 Y13.379 E266.09004
G1 X37.465 Y13.302 E266.09389
G1 X66.5 Y13.3 E266.85438
G1 X66.642 Y13.358 E266.8584
G1 X66.7 Y13.5 E266.86242
G1 X66.698 Y86.535 E268.77537
G0 F7200 X66.642 Y86.642
G0 X66.573 Y86.678
;MESH:NONMESH
G0 F600 Z1.95
G0 F7200 X66.573 Y87.41
G0 X67.338 Y12.662
G0 X34.848 Y12.41
G0 X34.848 Y12.22
;TIME_ELAPSED:472.083511
;LAYER:11
;TYPE:FILL
;MESH:Wandhalterung TP-Link Media Converter.stl
G1 F3000 X36.78 Y14.153 E268.84696
G1 X36.85 Y14.223
G0 F7200 X36.59 Y14.223
G0 X36.662 Y12.662
G0 X36.867 Y12.22
G1 F3000 X34.476 Y14.612 E268.93554
G1 X34.406 Y14.682
G0 F7200 X34.514 Y14.423
G0 X36.662 Y12.662
G0 X40.504 Y12.41
G0 X40.504 Y12.22
G1 F3000 X41.064 Y12.78 E268.95629
G0 F7200 X41.964 Y12.78
G1 F3000 X42.524 Y12.22 E268.97703
G0 F7200 X42.524 Y12.41
G0 X46.161 Y12.41
G0 X46.161 Y12.22
G1 F3000 X46.721 Y12.78 E268.99777
G0 F7200 X47.621 Y12.78
G1 F3000 X48.181 Y12.22 E269.01852
G0 F7200 X48.181 Y12.41
G0 X51.818 Y12.41
G0 X51.818 Y12.22
G1 F3000 X52.378 Y12.78 E269.03926
G0 F7200 X53.278 Y12.78
G1 F3000 X53.838 Y12.22 E269.06
G0 F7200 X53.838 Y12.41
G0 X57.475 Y12.41
G0 X57.475 Y12.22
G1 F3000 X58.034 Y12.78 E269.08073
G0 F7200 X58.935 Y12.78
G1 F3000 X59.495 Y12.22 E269.10147
G0 F7200 X59.495 Y12.41
G0 X63.132 Y12.41
G0 X63.132 Y12.22
G1 F3000 X63.691 Y12.78 E269.12219
G0 F7200 X64.591 Y12.78
G1 F3000 X65.151 Y12.22 E269.14294
G0 F7200 X65.151 Y12.41
G0 X67.338 Y12.662
G0 X67.59 Y15.248
G0 X67.78 Y15.248
G1 F3000 X67.22 Y15.808 E269.16368
G0 F7200 X67.22 Y16.308
G1 F3000 X67.78 Y16.869 E269.18444
G0 F7200 X67.59 Y16.869
G0 X67.59 Y20.905
G0 X67.78 Y20.905
G1 F3000 X67.22 Y21.465 E269.20519
G0 F7200 X67.22 Y21.965
G1 F3000 X67.78 Y22.526 E269.22595
G0 F7200 X67.59 Y22.526
G0 X67.59 Y26.562
G0 X67.78 Y26.562
G1 F3000 X67.22 Y27.122 E269.24669
G0 F7200 X67.22 Y27.622
G1 F3000 X67.78 Y28.182 E269.26744
G0 F7200 X67.59 Y28.182
G0 X67.59 Y32.219
G0 X67.78 Y32.219
G1 F3000 X67.22 Y32.779 E269.28818
G0 F7200 X67.22 Y33.279
G1 F3000 X67.78 Y33.839 E269.30892
G0 F7200 X67.59 Y33.839
G0 X67.59 Y37.875
G0 X67.78 Y37.875
G1 F3000 X67.22 Y38.435 E269.32966
G0 F7200 X67.22 Y38.935
G1 F3000 X67.78 Y39.496 E269.35043
G0 F7200 X67.59 Y39.496
G0 X67.59 Y43.532
G0 X67.78 Y43.532
G1 F3000 X67.22 Y44.092 E269.37117
G0 F7200 X67.22 Y44.592
G1 F3000 X67.78 Y45.153 E269.39193
G0 F7200 X67.59 Y45.153
G0 X67.59 Y49.189
G0 X67.78 Y49.189
G1 F3000 X67.22 Y49.749 E269.41268
G0 F7200 X67.22 Y50.249
G1 F3000 X67.78 Y50.81 E269.43344
G0 F7200 X67.59 Y50.81
G0 X67.59 Y54.846
G0 X67.78 Y54.846
G1 F3000 X67.22 Y55.406 E269.45418
G0 F7200 X67.22 Y55.906
G1 F3000 X67.78 Y56.467 E269.47494
G0 F7200 X67.59 Y56.467
G0 X67.59 Y60.503
G0 X67.78 Y60.503
G1 F3000 X67.22 Y61.063 E269.49569
G0 F7200 X67.22 Y61.563
G1 F3000 X67.78 Y62.124 E269.51645
G0 F7200 X67.59 Y62.124
G0 X67.59 Y66.16
G0 X67.78 Y66.16
G1 F3000 X67.22 Y66.72 E269.53719
G0 F7200 X67.22 Y67.22
G1 F3000 X67.78 Y67.78 E269.55793
G0 F7200 X67.59 Y67.78
G0 X67.59 Y71.817
G0 X67.78 Y71.817
G1 F3000 X67.22 Y72.377 E269.57868
G0 F7200 X67.22 Y72.877
G1 F3000 X67.78 Y73.437 E269.59942
G0 F7200 X67.59 Y73.437
G0 X67.59 Y77.473
G0 X67.78 Y77.473
G1 F3000 X67.22 Y78.033 E269.62016
G0 F7200 X67.22 Y78.533
G1 F3000 X67.78 Y79.094 E269.64093
G0 F7200 X67.59 Y79.094
G0 X67.59 Y83.13
G0 X67.78 Y83.13
G1 F3000 X67.22 Y83.69 E269.66167
G0 F7200 X67.22 Y84.19
G1 F3000 X67.78 Y84.751 E269.68243
G0 F7200 X67.59 Y84.751
G0 X67.338 Y87.338
G0 X65.152 Y87.59
G0 X65.152 Y87.78
G1 F3000 X64.593 Y87.22 E269.70316
G0 F7200 X63.691 Y87.22
G1 F3000 X63.13 Y87.78 E269.72392
G0 F7200 X63.13 Y87.59
G0 X59.495 Y87.59
G0 X59.495 Y87.78
G1 F3000 X58.936 Y87.22 E269.74464
G0 F7200 X58.034 Y87.22
G1 F3000 X57.474 Y87.78 E269.76539
G0 F7200 X57.474 Y87.59
G0 X53.838 Y87.59
G0 X53.838 Y87.78
G1 F3000 X53.279 Y87.22 E269.78611
G0 F7200 X52.378 Y87.22
G1 F3000 X51.817 Y87.78 E269.80687
G0 F7200 X51.817 Y87.59
G0 X48.181 Y87.59
G0 X48.181 Y87.779
G1 F3000 X47.622 Y87.22 E269.82758
G0 F7200 X46.721 Y87.22
G1 F3000 X46.161 Y87.78 E269.84832
G0 F7200 X46.161 Y87.59
G0 X42.524 Y87.59
G0 X42.524 Y87.779
G1 F3000 X41.965 Y87.22 E269.86903
G0 F7200 X41.064 Y87.22
G1 F3000 X40.504 Y87.78 E269.88977
G0 F7200 X40.504 Y87.59
G0 X36.867 Y87.59
G0 X36.867 Y87.779
G1 F3000 X34.476 Y85.388 E269.97834
G1 X34.406 Y85.318
G0 F7200 X34.513 Y85.578
G0 X36.59 Y85.847
G0 X36.779 Y85.847
G1 F3000 X34.847 Y87.78 E270.04992
G1 X34.777 Y87.85
G0 F7200 X34.777 Y87.59
G0 X67.338 Y87.338
G0 X66.924 Y86.924
;TYPE:WALL-INNER
G1 F2400 X66.589 Y87.1 E270.05983
G1 X37.5 Y87.1 E270.82174
G1 X37.02 Y86.861 E270.83579
G1 X36.9 Y86.501 E270.84573
G1 X36.9 Y85.1 E270.88242
G1 X35.527 Y85.1 E270.91838
G1 X34.967 Y85.143 E270.93309
G1 X34.451 Y85.268 E270.947
G1 X33.949 Y85.477 E270.96124
G1 X33.499 Y85.751 E270.97504
G1 X33.098 Y86.098 E270.98893
G1 X32.751 Y86.499 E271.00282
G1 X32.476 Y86.95 E271.01666
G1 X32.269 Y87.443 E271.03066
G1 X32.16 Y87.899 E271.04294
G1 X67.9 Y87.9 E271.97906
G1 X67.9 Y12.1 E273.96444
G1 X32.161 Y12.1 E274.90053
G1 X32.265 Y12.547 E274.91255
G1 X32.472 Y13.045 E274.92667
G1 X32.75 Y13.497 E274.94057
G1 X33.098 Y13.902 E274.95456
G1 X33.499 Y14.245 E274.96838
G1 X33.951 Y14.524 E274.98229
G1 X34.45 Y14.731 E274.99644
G1 X34.967 Y14.853 E275.01035
G1 X35.529 Y14.9 E275.02513
G1 X36.9 Y14.9 E275.06104
G1 X36.9 Y13.5 E275.09771
G1 X37.02 Y13.139 E275.10767
G1 X37.409 Y12.9 E275.11963
G1 X66.5 Y12.9 E275.88159
G1 X66.924 Y13.076 E275.89361
G1 X67.1 Y13.5 E275.90564
G1 X67.1 Y86.589 E277.82001
G1 X66.924 Y86.924 E277.82992
G0 F7200 X66.698 Y86.535
;TYPE:WALL-OUTER
G1 F1200 X66.642 Y86.642 E277.83309
G1 X66.535 Y86.698 E277.83625
G1 X37.5 Y86.7 E278.59674
G1 X37.34 Y86.621 E278.60142
G1 X37.3 Y86.501 E278.60473
G1 X37.3 Y84.7 E278.6519
G1 X35.512 Y84.7 E278.69874
G1 X34.904 Y84.747 E278.71471
G1 X34.327 Y84.887 E278.73026
G1 X33.767 Y85.119 E278.74614
G1 X33.263 Y85.427 E278.76161
G1 X32.814 Y85.814 E278.77713
G1 X32.427 Y86.263 E278.79266
G1 X32.119 Y86.768 E278.80815
G1 X31.887 Y87.319 E278.82381
G1 X31.747 Y87.911 E278.83974
G1 X31.717 Y88.3 E278.84996
G1 X68.3 Y88.3 E279.80816
G1 X68.3 Y11.7 E281.81449
G1 X31.717 Y11.7 E282.77269
G1 X31.747 Y12.085 E282.7828
G1 X31.883 Y12.67 E282.79853
G1 X32.115 Y13.228 E282.81436
G1 X32.426 Y13.733 E282.8299
G1 X32.814 Y14.186 E282.84552
G1 X33.263 Y14.569 E282.86098
G1 X33.768 Y14.881 E282.87652
G1 X34.326 Y15.113 E282.89235
G1 X34.904 Y15.249 E282.90791
G1 X35.513 Y15.3 E282.92391
G1 X37.3 Y15.3 E282.97072
G1 X37.3 Y13.5 E283.01786
G1 X37.34 Y13.379 E283.0212
G1 X37.465 Y13.302 E283.02505
G1 X66.5 Y13.3 E283.78554
G1 X66.642 Y13.358 E283.78956
G1 X66.7 Y13.5 E283.79358
G1 X66.698 Y86.535 E285.70654
G0 F7200 X66.642 Y86.642
G0 X66.573 Y86.678
;MESH:NONMESH
G0 F600 Z2.1
G0 F7200 X66.573 Y87.41
G0 X67.338 Y12.662
G0 X34.848 Y12.41
G0 X34.848 Y12.22
;TIME_ELAPSED:499.659618
;LAYER:12
;TYPE:FILL
;MESH:Wandhalterung TP-Link Media Converter.stl
G1 F3000 X36.78 Y14.153 E285.77812
G1 X36.85 Y14.223
G0 F7200 X36.59 Y14.223
G0 X36.662 Y12.662
G0 X36.867 Y12.22
G1 F3000 X34.476 Y14.612 E285.8667
G1 X34.406 Y14.682
G0 F7200 X34.514 Y14.423
G0 X36.662 Y12.662
G0 X40.504 Y12.41
G0 X40.504 Y12.22
G1 F3000 X41.064 Y12.78 E285.88745
G0 F7200 X41.964 Y12.78
G1 F3000 X42.524 Y12.22 E285.90819
G0 F7200 X42.524 Y12.41
G0 X46.161 Y12.41
G0 X46.161 Y12.22
G1 F3000 X46.721 Y12.78 E285.92893
G0 F7200 X47.621 Y12.78
G1 F3000 X48.181 Y12.22 E285.94968
G0 F7200 X48.181 Y12.41
G0 X51.818 Y12.41
G0 X51.818 Y12.22
G1 F3000 X52.378 Y12.78 E285.97042
G0 F7200 X53.278 Y12.78
G1 F3000 X53.838 Y12.22 E285.99116
G0 F7200 X53.838 Y12.41
G0 X57.475 Y12.41
G0 X57.475 Y12.22
G1 F3000 X58.034 Y12.78 E286.01189
G0 F7200 X58.935 Y12.78
G1 F3000 X59.495 Y12.22 E286.03263
G0 F7200 X59.495 Y12.41
G0 X63.132 Y12.41
G0 X63.132 Y12.22
G1 F3000 X63.691 Y12.78 E286.05336
G0 F7200 X64.591 Y12.78
G1 F3000 X65.151 Y12.22 E286.0741
G0 F7200 X65.151 Y12.41
G0 X67.338 Y12.662
G0 X67.59 Y15.248
G0 X67.78 Y15.248
G1 F3000 X67.22 Y15.808 E286.09484
G0 F7200 X67.22 Y16.308
G1 F3000 X67.78 Y16.869 E286.11561
G0 F7200 X67.59 Y16.869
G0 X67.59 Y20.905
G0 X67.78 Y20.905
G1 F3000 X67.22 Y21.465 E286.13635
G0 F7200 X67.22 Y21.965
G1 F3000 X67.78 Y22.526 E286.15711
G0 F7200 X67.59 Y22.526
G0 X67.59 Y26.562
G0 X67.78 Y26.562
G1 F3000 X67.22 Y27.122 E286.17785
G0 F7200 X67.22 Y27.622
G1 F3000 X67.78 Y28.182 E286.1986
G0 F7200 X67.59 Y28.182
G0 X67.59 Y32.219
G0 X67.78 Y32.219
G1 F3000 X67.22 Y32.779 E286.21934
G0 F7200 X67.22 Y33.279
G1 F3000 X67.78 Y33.839 E286.24008
G0 F7200 X67.59 Y33.839
G0 X67.59 Y37.875
G0 X67.78 Y37.875
G1 F3000 X67.22 Y38.435 E286.26083
G0 F7200 X67.22 Y38.935
G1 F3000 X67.78 Y39.496 E286.28159
G0 F7200 X67.59 Y39.496
G0 X67.59 Y43.532
G0 X67.78 Y43.532
G1 F3000 X67.22 Y44.092 E286.30233
G0 F7200 X67.22 Y44.592
G1 F3000 X67.78 Y45.153 E286.32309
G0 F7200 X67.59 Y45.153
G0 X67.59 Y49.189
G0 X67.78 Y49.189
G1 F3000 X67.22 Y49.749 E286.34384
G0 F7200 X67.22 Y50.249
G1 F3000 X67.78 Y50.81 E286.3646
G0 F7200 X67.59 Y50.81
G0 X67.59 Y54.846
G0 X67.78 Y54.846
G1 F3000 X67.22 Y55.406 E286.38534
G0 F7200 X67.22 Y55.906
G1 F3000 X67.78 Y56.467 E286.4061
G0 F7200 X67.59 Y56.467
G0 X67.59 Y60.503
G0 X67.78 Y60.503
G1 F3000 X67.22 Y61.063 E286.42685
G0 F7200 X67.22 Y61.563
G1 F3000 X67.78 Y62.124 E286.44761
G0 F7200 X67.59 Y62.124
G0 X67.59 Y66.16
G0 X67.78 Y66.16
G1 F3000 X67.22 Y66.72 E286.46835
G0 F7200 X67.22 Y67.22
G1 F3000 X67.78 Y67.78 E286.4891
G0 F7200 X67.59 Y67.78
G0 X67.59 Y71.817
G0 X67.78 Y71.817
G1 F3000 X67.22 Y72.377 E286.50984
G0 F7200 X67.22 Y72.877
G1 F3000 X67.78 Y73.437 E286.53058
G0 F7200 X67.59 Y73.437
G0 X67.59 Y77.473
G0 X67.78 Y77.473
G1 F3000 X67.22 Y78.033 E286.55133
G0 F7200 X67.22 Y78.533
G1 F3000 X67.78 Y79.094 E286.57209
G0 F7200 X67.59 Y79.094
G0 X67.59 Y83.13
G0 X67.78 Y83.13
G1 F3000 X67.22 Y83.69 E286.59283
G0 F7200 X67.22 Y84.19
G1 F3000 X67.78 Y84.751 E286.61359
G0 F7200 X67.59 Y84.751
G0 X67.338 Y87.338
G0 X65.152 Y87.59
G0 X65.152 Y87.78
G1 F3000 X64.593 Y87.22 E286.63432
G0 F7200 X63.691 Y87.22
G1 F3000 X63.13 Y87.78 E286.65508
G0 F7200 X63.13 Y87.59
G0 X59.495 Y87.59
G0 X59.495 Y87.78
G1 F3000 X58.936 Y87.22 E286.6758
G0 F7200 X58.034 Y87.22
G1 F3000 X57.474 Y87.78 E286.69655
G0 F7200 X57.474 Y87.59
G0 X53.838 Y87.59
G0 X53.838 Y87.78
G1 F3000 X53.279 Y87.22 E286.71727
G0 F7200 X52.378 Y87.22
G1 F3000 X51.817 Y87.78 E286.73803
G0 F7200 X51.817 Y87.59
G0 X48.181 Y87.59
G0 X48.181 Y87.779
G1 F3000 X47.622 Y87.22 E286.75874
G0 F7200 X46.721 Y87.22
G1 F3000 X46.161 Y87.78 E286.77948
G0 F7200 X46.161 Y87.59
G0 X42.524 Y87.59
G0 X42.524 Y87.779
G1 F3000 X41.965 Y87.22 E286.80019
G0 F7200 X41.064 Y87.22
G1 F3000 X40.504 Y87.78 E286.82093
G0 F7200 X40.504 Y87.59
G0 X36.867 Y87.59
G0 X36.867 Y87.779
G1 F3000 X34.476 Y85.388 E286.9095
G1 X34.406 Y85.318
G0 F7200 X34.513 Y85.578
G0 X36.59 Y85.847
G0 X36.779 Y85.847
G1 F3000 X34.847 Y87.78 E286.98108
G1 X34.777 Y87.85
G0 F7200 X34.777 Y87.59
G0 X67.338 Y87.338
G0 X66.924 Y86.924
;TYPE:WALL-INNER
G1 F2400 X66.589 Y87.1 E286.99099
G1 X37.5 Y87.1 E287.7529
G1 X37.02 Y86.861 E287.76695
G1 X36.9 Y86.501 E287.77689
G1 X36.9 Y85.1 E287.81358
G1 X35.527 Y85.1 E287.84954
G1 X34.967 Y85.143 E287.86426
G1 X34.451 Y85.268 E287.87816
G1 X33.949 Y85.477 E287.8924
G1 X33.499 Y85.751 E287.9062
G1 X33.098 Y86.098 E287.92009
G1 X32.751 Y86.499 E287.93398
G1 X32.476 Y86.95 E287.94782
G1 X32.269 Y87.443 E287.96182
G1 X32.16 Y87.899 E287.9741
G1 X67.9 Y87.9 E288.91022
G1 X67.9 Y12.1 E290.8956
G1 X32.161 Y12.1 E291.83169
G1 X32.265 Y12.547 E291.84371
G1 X32.472 Y13.045 E291.85783
G1 X32.75 Y13.497 E291.87173
G1 X33.098 Y13.902 E291.88572
G1 X33.499 Y14.245 E291.89954
G1 X33.951 Y14.524 E291.91345
G1 X34.45 Y14.731 E291.9276
G1 X34.967 Y14.853 E291.94152
G1 X35.529 Y14.9 E291.95629
G1 X36.9 Y14.9 E291.9922
G1 X36.9 Y13.5 E292.02887
G1 X37.02 Y13.139 E292.03883
G1 X37.409 Y12.9 E292.05079
G1 X66.5 Y12.9 E292.81275
G1 X66.924 Y13.076 E292.82478
G1 X67.1 Y13.5 E292.8368
G1 X67.1 Y86.589 E294.75117
G1 X66.924 Y86.924 E294.76108
G0 F7200 X66.698 Y86.535
;TYPE:WALL-OUTER
G1 F1200 X66.642 Y86.642 E294.76425
G1 X66.535 Y86.698 E294.76741
G1 X37.5 Y86.7 E295.52791
G1 X37.34 Y86.621 E295.53258
G1 X37.3 Y86.501 E295.53589
G1 X37.3 Y84.7 E295.58307
G1 X35.512 Y84.7 E295.6299
G1 X34.904 Y84.747 E295.64587
G1 X34.327 Y84.887 E295.66142
G1 X33.767 Y85.119 E295.6773
G1 X33.263 Y85.427 E295.69277
G1 X32.814 Y85.814 E295.70829
G1 X32.427 Y86.263 E295.72382
G1 X32.119 Y86.768 E295.73931
G1 X31.887 Y87.319 E295.75497
G1 X31.747 Y87.911 E295.77091
G1 X31.717 Y88.3 E295.78113
G1 X68.3 Y88.3 E296.73932
G1 X68.3 Y11.7 E298.74566
G1 X31.717 Y11.7 E299.70385
G1 X31.747 Y12.085 E299.71396
G1 X31.883 Y12.67 E299.7297
G1 X32.115 Y13.228 E299.74552
G1 X32.426 Y13.733 E299.76106
G1 X32.814 Y14.186 E299.77668
G1 X33.263 Y14.569 E299.79214
G1 X33.768 Y14.881 E299.80769
G1 X34.326 Y15.113 E299.82351
G1 X34.904 Y15.249 E299.83907
G1 X35.513 Y15.3 E299.85507
G1 X37.3 Y15.3 E299.90188
G1 X37.3 Y13.5 E299.94903
G1 X37.34 Y13.379 E299.95236
G1 X37.465 Y13.302 E299.95621
G1 X66.5 Y13.3 E300.7167
G1 X66.642 Y13.358 E300.72072
G1 X66.7 Y13.5 E300.72474
G1 X66.698 Y86.535 E302.6377
G0 F7200 X66.642 Y86.642
G0 X66.573 Y86.678
;MESH:NONMESH
G0 F600 Z2.25
G0 F7200 X66.573 Y87.41
G0 X67.338 Y12.662
G0 X34.848 Y12.41
G0 X34.848 Y12.22
;TIME_ELAPSED:527.235725
;LAYER:13
;TYPE:FILL
;MESH:Wandhalterung TP-Link Media Converter.stl
G1 F3000 X36.78 Y14.153 E302.70928
G1 X36.85 Y14.223
G0 F7200 X36.59 Y14.223
G0 X36.662 Y12.662
G0 X36.867 Y12.22
G1 F3000 X34.476 Y14.612 E302.79787
G1 X34.406 Y14.682
G0 F7200 X34.514 Y14.423
G0 X36.662 Y12.662
G0 X40.504 Y12.41
G0 X40.504 Y12.22
G1 F3000 X41.064 Y12.78 E302.81861
G0 F7200 X41.964 Y12.78
G1 F3000 X42.524 Y12.22 E302.83935
G0 F7200 X42.524 Y12.41
G0 X46.161 Y12.41
G0 X46.161 Y12.22
G1 F3000 X46.721 Y12.78 E302.8601
G0 F7200 X47.621 Y12.78
G1 F3000 X48.181 Y12.22 E302.88084
G0 F7200 X48.181 Y12.41
G0 X51.818 Y12.41
G0 X51.818 Y12.22
G1 F3000 X52.378 Y12.78 E302.90158
G0 F7200 X53.278 Y12.78
G1 F3000 X53.838 Y12.22 E302.92233
G0 F7200 X53.838 Y12.41
G0 X57.475 Y12.41
G0 X57.475 Y12.22
G1 F3000 X58.034 Y12.78 E302.94305
G0 F7200 X58.935 Y12.78
G1 F3000 X59.495 Y12.22 E302.96379
G0 F7200 X59.495 Y12.41
G0 X63.132 Y12.41
G0 X63.132 Y12.22
G1 F3000 X63.691 Y12.78 E302.98452
G0 F7200 X64.591 Y12.78
G1 F3000 X65.151 Y12.22 E303.00526
G0 F7200 X65.151 Y12.41
G0 X67.338 Y12.662
G0 X67.59 Y15.248
G0 X67.78 Y15.248
G1 F3000 X67.22 Y15.808 E303.02601
G0 F7200 X67.22 Y16.308
G1 F3000 X67.78 Y16.869 E303.04677
G0 F7200 X67.59 Y16.869
G0 X67.59 Y20.905
G0 X67.78 Y20.905
G1 F3000 X67.22 Y21.465 E303.06751
G0 F7200 X67.22 Y21.965
G1 F3000 X67.78 Y22.526 E303.08827
G0 F7200 X67.59 Y22.526
G0 X67.59 Y26.562
G0 X67.78 Y26.562
G1 F3000 X67.22 Y27.122 E303.10902
G0 F7200 X67.22 Y27.622
G1 F3000 X67.78 Y28.182 E303.12976
G0 F7200 X67.59 Y28.182
G0 X67.59 Y32.219
G0 X67.78 Y32.219
G1 F3000 X67.22 Y32.779 E303.1505
G0 F7200 X67.22 Y33.279
G1 F3000 X67.78 Y33.839 E303.17125
G0 F7200 X67.59 Y33.839
G0 X67.59 Y37.875
G0 X67.78 Y37.875
G1 F3000 X67.22 Y38.435 E303.19199
G0 F7200 X67.22 Y38.935
G1 F3000 X67.78 Y39.496 E303.21275
G0 F7200 X67.59 Y39.496
G0 X67.59 Y43.532
G0 X67.78 Y43.532
G1 F3000 X67.22 Y44.092 E303.23349
G0 F7200 X67.22 Y44.592
G1 F3000 X67.78 Y45.153 E303.25426
G0 F7200 X67.59 Y45.153
G0 X67.59 Y49.189
G0 X67.78 Y49.189
G1 F3000 X67.22 Y49.749 E303.275
G0 F7200 X67.22 Y50.249
G1 F3000 X67.78 Y50.81 E303.29576
G0 F7200 X67.59 Y50.81
G0 X67.59 Y54.846
G0 X67.78 Y54.846
G1 F3000 X67.22 Y55.406 E303.3165
G0 F7200 X67.22 Y55.906
G1 F3000 X67.78 Y56.467 E303.33727
G0 F7200 X67.59 Y56.467
G0 X67.59 Y60.503
G0 X67.78 Y60.503
G1 F3000 X67.22 Y61.063 E303.35801
G0 F7200 X67.22 Y61.563
G1 F3000 X67.78 Y62.124 E303.37877
G0 F7200 X67.59 Y62.124
G0 X67.59 Y66.16
G0 X67.78 Y66.16
G1 F3000 X67.22 Y66.72 E303.39951
G0 F7200 X67.22 Y67.22
G1 F3000 X67.78 Y67.78 E303.42026
G0 F7200 X67.59 Y67.78
G0 X67.59 Y71.817
G0 X67.78 Y71.817
G1 F3000 X67.22 Y72.377 E303.441
G0 F7200 X67.22 Y72.877
G1 F3000 X67.78 Y73.437 E303.46174
G0 F7200 X67.59 Y73.437
G0 X67.59 Y77.473
G0 X67.78 Y77.473
G1 F3000 X67.22 Y78.033 E303.48249
G0 F7200 X67.22 Y78.533
G1 F3000 X67.78 Y79.094 E303.50325
G0 F7200 X67.59 Y79.094
G0 X67.59 Y83.13
G0 X67.78 Y83.13
G1 F3000 X67.22 Y83.69 E303.52399
G0 F7200 X67.22 Y84.19
G1 F3000 X67.78 Y84.751 E303.54475
G0 F7200 X67.59 Y84.751
G0 X67.338 Y87.338
G0 X65.152 Y87.59
G0 X65.152 Y87.78
G1 F3000 X64.593 Y87.22 E303.56548
G0 F7200 X63.691 Y87.22
G1 F3000 X63.13 Y87.78 E303.58624
G0 F7200 X63.13 Y87.59
G0 X59.495 Y87.59
G0 X59.495 Y87.78
G1 F3000 X58.936 Y87.22 E303.60697
G0 F7200 X58.034 Y87.22
G1 F3000 X57.474 Y87.78 E303.62771
G0 F7200 X57.474 Y87.59
G0 X53.838 Y87.59
G0 X53.838 Y87.78
G1 F3000 X53.279 Y87.22 E303.64843
G0 F7200 X52.378 Y87.22
G1 F3000 X51.817 Y87.78 E303.6692
G0 F7200 X51.817 Y87.59
G0 X48.181 Y87.59
G0 X48.181 Y87.779
G1 F3000 X47.622 Y87.22 E303.6899
G0 F7200 X46.721 Y87.22
G1 F3000 X46.161 Y87.78 E303.71065
G0 F7200 X46.161 Y87.59
G0 X42.524 Y87.59
G0 X42.524 Y87.779
G1 F3000 X41.965 Y87.22 E303.73135
G0 F7200 X41.064 Y87.22
G1 F3000 X40.504 Y87.78 E303.75209
G0 F7200 X40.504 Y87.59
G0 X36.867 Y87.59
G0 X36.867 Y87.779
G1 F3000 X34.476 Y85.388 E303.84066
G1 X34.406 Y85.318
G0 F7200 X34.513 Y85.578
G0 X36.59 Y85.847
G0 X36.779 Y85.847
G1 F3000 X34.847 Y87.78 E303.91224
G1 X34.777 Y87.85
G0 F7200 X34.777 Y87.59
G0 X67.338 Y87.338
G0 X66.924 Y86.924
;TYPE:WALL-INNER
G1 F2400 X66.589 Y87.1 E303.92216
G1 X37.5 Y87.1 E304.68407
G1 X37.02 Y86.861 E304.69811
G1 X36.9 Y86.501 E304.70805
G1 X36.9 Y85.1 E304.74474
G1 X35.527 Y85.1 E304.78071
G1 X34.967 Y85.143 E304.79542
G1 X34.451 Y85.268 E304.80932
G1 X33.949 Y85.477 E304.82357
G1 X33.499 Y85.751 E304.83737
G1 X33.098 Y86.098 E304.85126
G1 X32.751 Y86.499 E304.86515
G1 X32.476 Y86.95 E304.87898
G1 X32.269 Y87.443 E304.89299
G1 X32.16 Y87.899 E304.90527
G1 X67.9 Y87.9 E305.84138
G1 X67.9 Y12.1 E307.82676
G1 X32.161 Y12.1 E308.76285
G1 X32.265 Y12.547 E308.77487
G1 X32.472 Y13.045 E308.789
G1 X32.75 Y13.497 E308.8029
G1 X33.098 Y13.902 E308.81688
G1 X33.499 Y14.245 E308.8307
G1 X33.951 Y14.524 E308.84462
G1 X34.45 Y14.731 E308.85877
G1 X34.967 Y14.853 E308.87268
G1 X35.529 Y14.9 E308.88745
G1 X36.9 Y14.9 E308.92336
G1 X36.9 Y13.5 E308.96003
G1 X37.02 Y13.139 E308.96999
G1 X37.409 Y12.9 E308.98195
G1 X66.5 Y12.9 E309.74391
G1 X66.924 Y13.076 E309.75594
G1 X67.1 Y13.5 E309.76796
G1 X67.1 Y86.589 E311.68234
G1 X66.924 Y86.924 E311.69225
G0 F7200 X66.698 Y86.535
;TYPE:WALL-OUTER
G1 F1200 X66.642 Y86.642 E311.69541
G1 X66.535 Y86.698 E311.69857
G1 X37.5 Y86.7 E312.45907
G1 X37.34 Y86.621 E312.46374
G1 X37.3 Y86.501 E312.46706
G1 X37.3 Y84.7 E312.51423
G1 X35.512 Y84.7 E312.56106
G1 X34.904 Y84.747 E312.57703
G1 X34.327 Y84.887 E312.59258
G1 X33.767 Y85.119 E312.60846
G1 X33.263 Y85.427 E312.62393
G1 X32.814 Y85.814 E312.63946
G1 X32.427 Y86.263 E312.65498
G1 X32.119 Y86.768 E312.67048
G1 X31.887 Y87.319 E312.68613
G1 X31.747 Y87.911 E312.70207
G1 X31.717 Y88.3 E312.71229
G1 X68.3 Y88.3 E313.67048
G1 X68.3 Y11.7 E315.67682
G1 X31.717 Y11.7 E316.63501
G1 X31.747 Y12.085 E316.64513
G1 X31.883 Y12.67 E316.66086
G1 X32.115 Y13.228 E316.67669
G1 X32.426 Y13.733 E316.69222
G1 X32.814 Y14.186 E316.70784
G1 X33.263 Y14.569 E316.7233
G1 X33.768 Y14.881 E316.73885
G1 X34.326 Y15.113 E316.75468
G1 X34.904 Y15.249 E316.77023
G1 X35.513 Y15.3 E316.78624
G1 X37.3 Y15.3 E316.83304
G1 X37.3 Y13.5 E316.88019
G1 X37.34 Y13.379 E316.88353
G1 X37.465 Y13.302 E316.88737
G1 X66.5 Y13.3 E317.64787
G1 X66.642 Y13.358 E317.65188
G1 X66.7 Y13.5 E317.6559
G1 X66.698 Y86.535 E319.56886
G0 F7200 X66.642 Y86.642
G0 X66.573 Y86.678
;MESH:NONMESH
G0 F600 Z2.4
G0 F7200 X66.573 Y87.41
G0 X67.338 Y12.662
G0 X34.848 Y12.41
G0 X34.848 Y12.22
;TIME_ELAPSED:554.811832
;LAYER:14
;TYPE:FILL
;MESH:Wandhalterung TP-Link Media Converter.stl
G1 F3000 X36.78 Y14.153 E319.64044
G1 X36.85 Y14.223
G0 F7200 X36.59 Y14.223
G0 X36.662 Y12.662
G0 X36.867 Y12.22
G1 F3000 X34.476 Y14.612 E319.72903
G1 X34.406 Y14.682
G0 F7200 X34.514 Y14.423
G0 X36.662 Y12.662
G0 X40.504 Y12.41
G0 X40.504 Y12.22
G1 F3000 X41.064 Y12.78 E319.74977
G0 F7200 X41.964 Y12.78
G1 F3000 X42.524 Y12.22 E319.77051
G0 F7200 X42.524 Y12.41
G0 X46.161 Y12.41
G0 X46.161 Y12.22
G1 F3000 X46.721 Y12.78 E319.79126
G0 F7200 X47.621 Y12.78
G1 F3000 X48.181 Y12.22 E319.812
G0 F7200 X48.181 Y12.41
G0 X51.818 Y12.41
G0 X51.818 Y12.22
G1 F3000 X52.378 Y12.78 E319.83274
G0 F7200 X53.278 Y12.78
G1 F3000 X53.838 Y12.22 E319.85349
G0 F7200 X53.838 Y12.41
G0 X57.475 Y12.41
G0 X57.475 Y12.22
G1 F3000 X58.034 Y12.78 E319.87421
G0 F7200 X58.935 Y12.78
G1 F3000 X59.495 Y12.22 E319.89496
G0 F7200 X59.495 Y12.41
G0 X63.132 Y12.41
G0 X63.132 Y12.22
G1 F3000 X63.691 Y12.78 E319.91568
G0 F7200 X64.591 Y12.78
G1 F3000 X65.151 Y12.22 E319.93642
G0 F7200 X65.151 Y12.41
G0 X67.338 Y12.662
G0 X67.59 Y15.248
G0 X67.78 Y15.248
G1 F3000 X67.22 Y15.808 E319.95717
G0 F7200 X67.22 Y16.308
G1 F3000 X67.78 Y16.869 E319.97793
G0 F7200 X67.59 Y16.869
G0 X67.59 Y20.905
G0 X67.78 Y20.905
G1 F3000 X67.22 Y21.465 E319.99867
G0 F7200 X67.22 Y21.965
G1 F3000 X67.78 Y22.526 E320.01943
G0 F7200 X67.59 Y22.526
G0 X67.59 Y26.562
G0 X67.78 Y26.562
G1 F3000 X67.22 Y27.122 E320.04018
G0 F7200 X67.22 Y27.622
G1 F3000 X67.78 Y28.182 E320.06092
G0 F7200 X67.59 Y28.182
G0 X67.59 Y32.219
G0 X67.78 Y32.219
G1 F3000 X67.22 Y32.779 E320.08166
G0 F7200 X67.22 Y33.279
G1 F3000 X67.78 Y33.839 E320.10241
G0 F7200 X67.59 Y33.839
G0 X67.59 Y37.875
G0 X67.78 Y37.875
G1 F3000 X67.22 Y38.435 E320.12315
G0 F7200 X67.22 Y38.935
G1 F3000 X67.78 Y39.496 E320.14391
G0 F7200 X67.59 Y39.496
G0 X67.59 Y43.532
G0 X67.78 Y43.532
G1 F3000 X67.22 Y44.092 E320.16466
G0 F7200 X67.22 Y44.592
G1 F3000 X67.78 Y45.153 E320.18542
G0 F7200 X67.59 Y45.153
G0 X67.59 Y49.189
G0 X67.78 Y49.189
G1 F3000 X67.22 Y49.749 E320.20616
G0 F7200 X67.22 Y50.249
G1 F3000 X67.78 Y50.81 E320.22692
G0 F7200 X67.59 Y50.81
G0 X67.59 Y54.846
G0 X67.78 Y54.846
G1 F3000 X67.22 Y55.406 E320.24767
G0 F7200 X67.22 Y55.906
G1 F3000 X67.78 Y56.467 E320.26843
G0 F7200 X67.59 Y56.467
G0 X67.59 Y60.503
G0 X67.78 Y60.503
G1 F3000 X67.22 Y61.063 E320.28917
G0 F7200 X67.22 Y61.563
G1 F3000 X67.78 Y62.124 E320.30993
G0 F7200 X67.59 Y62.124
G0 X67.59 Y66.16
G0 X67.78 Y66.16
G1 F3000 X67.22 Y66.72 E320.33068
G0 F7200 X67.22 Y67.22
G1 F3000 X67.78 Y67.78 E320.35142
G0 F7200 X67.59 Y67.78
G0 X67.59 Y71.817
G0 X67.78 Y71.817
G1 F3000 X67.22 Y72.377 E320.37216
G0 F7200 X67.22 Y72.877
G1 F3000 X67.78 Y73.437 E320.39291
G0 F7200 X67.59 Y73.437
G0 X67.59 Y77.473
G0 X67.78 Y77.473
G1 F3000 X67.22 Y78.033 E320.41365
G0 F7200 X67.22 Y78.533
G1 F3000 X67.78 Y79.094 E320.43441
G0 F7200 X67.59 Y79.094
G0 X67.59 Y83.13
G0 X67.78 Y83.13
G1 F3000 X67.22 Y83.69 E320.45515
G0 F7200 X67.22 Y84.19
G1 F3000 X67.78 Y84.751 E320.47592
G0 F7200 X67.59 Y84.751
G0 X67.338 Y87.338
G0 X65.152 Y87.59
G0 X65.152 Y87.78
G1 F3000 X64.593 Y87.22 E320.49664
G0 F7200 X63.691 Y87.22
G1 F3000 X63.13 Y87.78 E320.5174
G0 F7200 X63.13 Y87.59
G0 X59.495 Y87.59
G0 X59.495 Y87.78
G1 F3000 X58.936 Y87.22 E320.53813
G0 F7200 X58.034 Y87.22
G1 F3000 X57.474 Y87.78 E320.55887
G0 F7200 X57.474 Y87.59
G0 X53.838 Y87.59
G0 X53.838 Y87.78
G1 F3000 X53.279 Y87.22 E320.5796
G0 F7200 X52.378 Y87.22
G1 F3000 X51.817 Y87.78 E320.60036
G0 F7200 X51.817 Y87.59
G0 X48.181 Y87.59
G0 X48.181 Y87.779
G1 F3000 X47.622 Y87.22 E320.62106
G0 F7200 X46.721 Y87.22
G1 F3000 X46.161 Y87.78 E320.64181
G0 F7200 X46.161 Y87.59
G0 X42.524 Y87.59
G0 X42.524 Y87.779
G1 F3000 X41.965 Y87.22 E320.66251
G0 F7200 X41.064 Y87.22
G1 F3000 X40.504 Y87.78 E320.68326
G0 F7200 X40.504 Y87.59
G0 X36.867 Y87.59
G0 X36.867 Y87.779
G1 F3000 X34.476 Y85.388 E320.77182
G1 X34.406 Y85.318
G0 F7200 X34.513 Y85.578
G0 X36.59 Y85.847
G0 X36.779 Y85.847
G1 F3000 X34.847 Y87.78 E320.84341
G1 X34.777 Y87.85
G0 F7200 X34.777 Y87.59
G0 X67.338 Y87.338
G0 X66.924 Y86.924
;TYPE:WALL-INNER
G1 F2400 X66.589 Y87.1 E320.85332
G1 X37.5 Y87.1 E321.61523
G1 X37.02 Y86.861 E321.62927
G1 X36.9 Y86.501 E321.63921
G1 X36.9 Y85.1 E321.67591
G1 X35.527 Y85.1 E321.71187
G1 X34.967 Y85.143 E321.72658
G1 X34.451 Y85.268 E321.74049
G1 X33.949 Y85.477 E321.75473
G1 X33.499 Y85.751 E321.76853
G1 X33.098 Y86.098 E321.78242
G1 X32.751 Y86.499 E321.79631
G1 X32.476 Y86.95 E321.81014
G1 X32.269 Y87.443 E321.82415
G1 X32.16 Y87.899 E321.83643
G1 X67.9 Y87.9 E322.77254
G1 X67.9 Y12.1 E324.75792
G1 X32.161 Y12.1 E325.69401
G1 X32.265 Y12.547 E325.70603
G1 X32.472 Y13.045 E325.72016
G1 X32.75 Y13.497 E325.73406
G1 X33.098 Y13.902 E325.74804
G1 X33.499 Y14.245 E325.76186
G1 X33.951 Y14.524 E325.77578
G1 X34.45 Y14.731 E325.78993
G1 X34.967 Y14.853 E325.80384
G1 X35.529 Y14.9 E325.81861
G1 X36.9 Y14.9 E325.85452
G1 X36.9 Y13.5 E325.89119
G1 X37.02 Y13.139 E325.90116
G1 X37.409 Y12.9 E325.91311
G1 X66.5 Y12.9 E326.67508
G1 X66.924 Y13.076 E326.6871
G1 X67.1 Y13.5 E326.69912
G1 X67.1 Y86.589 E328.6135
G1 X66.924 Y86.924 E328.62341
G0 F7200 X66.698 Y86.535
;TYPE:WALL-OUTER
G1 F1200 X66.642 Y86.642 E328.62657
G1 X66.535 Y86.698 E328.62974
G1 X37.5 Y86.7 E329.39023
G1 X37.34 Y86.621 E329.3949
G1 X37.3 Y86.501 E329.39822
G1 X37.3 Y84.7 E329.44539
G1 X35.512 Y84.7 E329.49222
G1 X34.904 Y84.747 E329.50819
G1 X34.327 Y84.887 E329.52375
G1 X33.767 Y85.119 E329.53962
G1 X33.263 Y85.427 E329.55509
G1 X32.814 Y85.814 E329.57062
G1 X32.427 Y86.263 E329.58614
G1 X32.119 Y86.768 E329.60164
G1 X31.887 Y87.319 E329.6173
G1 X31.747 Y87.911 E329.63323
G1 X31.717 Y88.3 E329.64345
G1 X68.3 Y88.3 E330.60164
G1 X68.3 Y11.7 E332.60798
G1 X31.717 Y11.7 E333.56617
G1 X31.747 Y12.085 E333.57629
G1 X31.883 Y12.67 E333.59202
G1 X32.115 Y13.228 E333.60785
G1 X32.426 Y13.733 E333.62338
G1 X32.814 Y14.186 E333.639
G1 X33.263 Y14.569 E333.65446
G1 X33.768 Y14.881 E333.67001
G1 X34.326 Y15.113 E333.68584
G1 X34.904 Y15.249 E333.70139
G1 X35.513 Y15.3 E333.7174
G1 X37.3 Y15.3 E333.7642
G1 X37.3 Y13.5 E333.81135
G1 X37.34 Y13.379 E333.81469
G1 X37.465 Y13.302 E333.81853
G1 X66.5 Y13.3 E334.57903
G1 X66.642 Y13.358 E334.58305
G1 X66.7 Y13.5 E334.58706
G1 X66.698 Y86.535 E336.50002
G0 F7200 X66.642 Y86.642
G0 X66.573 Y86.678
;MESH:NONMESH
G0 F600 Z2.55
G0 F7200 X66.573 Y87.41
G0 X67.338 Y12.662
G0 X34.848 Y12.41
G0 X34.848 Y12.22
;TIME_ELAPSED:582.387938
;LAYER:15
;TYPE:FILL
;MESH:Wandhalterung TP-Link Media Converter.stl
G1 F3000 X36.78 Y14.153 E336.57161
G1 X36.85 Y14.223
G0 F7200 X36.59 Y14.223
G0 X36.662 Y12.662
G0 X36.867 Y12.22
G1 F3000 X34.476 Y14.612 E336.66019
G1 X34.406 Y14.682
G0 F7200 X34.514 Y14.423
G0 X36.662 Y12.662
G0 X40.504 Y12.41
G0 X40.504 Y12.22
G1 F3000 X41.064 Y12.78 E336.68093
G0 F7200 X41.964 Y12.78
G1 F3000 X42.524 Y12.22 E336.70168
G0 F7200 X42.524 Y12.41
G0 X46.161 Y12.41
G0 X46.161 Y12.22
G1 F3000 X46.721 Y12.78 E336.72242
G0 F7200 X47.621 Y12.78
G1 F3000 X48.181 Y12.22 E336.74316
G0 F7200 X48.181 Y12.41
G0 X51.818 Y12.41
G0 X51.818 Y12.22
G1 F3000 X52.378 Y12.78 E336.76391
G0 F7200 X53.278 Y12.78
G1 F3000 X53.838 Y12.22 E336.78465
G0 F7200 X53.838 Y12.41
G0 X57.475 Y12.41
G0 X57.475 Y12.22
G1 F3000 X58.034 Y12.78 E336.80537
G0 F7200 X58.935 Y12.78
G1 F3000 X59.495 Y12.22 E336.82612
G0 F7200 X59.495 Y12.41
G0 X63.132 Y12.41
G0 X63.132 Y12.22
G1 F3000 X63.691 Y12.78 E336.84684
G0 F7200 X64.591 Y12.78
G1 F3000 X65.151 Y12.22 E336.86759
G0 F7200 X65.151 Y12.41
G0 X67.338 Y12.662
G0 X67.59 Y15.248
G0 X67.78 Y15.248
G1 F3000 X67.22 Y15.808 E336.88833
G0 F7200 X67.22 Y16.308
G1 F3000 X67.78 Y16.869 E336.90909
G0 F7200 X67.59 Y16.869
G0 X67.59 Y20.905
G0 X67.78 Y20.905
G1 F3000 X67.22 Y21.465 E336.92983
G0 F7200 X67.22 Y21.965
G1 F3000 X67.78 Y22.526 E336.9506
G0 F7200 X67.59 Y22.526
G0 X67.59 Y26.562
G0 X67.78 Y26.562
G1 F3000 X67.22 Y27.122 E336.97134
G0 F7200 X67.22 Y27.622
G1 F3000 X67.78 Y28.182 E336.99208
G0 F7200 X67.59 Y28.182
G0 X67.59 Y32.219
G0 X67.78 Y32.219
G1 F3000 X67.22 Y32.779 E337.01283
G0 F7200 X67.22 Y33.279
G1 F3000 X67.78 Y33.839 E337.03357
G0 F7200 X67.59 Y33.839
G0 X67.59 Y37.875
G0 X67.78 Y37.875
G1 F3000 X67.22 Y38.435 E337.05431
G0 F7200 X67.22 Y38.935
G1 F3000 X67.78 Y39.496 E337.07507
G0 F7200 X67.59 Y39.496
G0 X67.59 Y43.532
G0 X67.78 Y43.532
G1 F3000 X67.22 Y44.092 E337.09582
G0 F7200 X67.22 Y44.592
G1 F3000 X67.78 Y45.153 E337.11658
G0 F7200 X67.59 Y45.153
G0 X67.59 Y49.189
G0 X67.78 Y49.189
G1 F3000 X67.22 Y49.749 E337.13732
G0 F7200 X67.22 Y50.249
G1 F3000 X67.78 Y50.81 E337.15808
G0 F7200 X67.59 Y50.81
G0 X67.59 Y54.846
G0 X67.78 Y54.846
G1 F3000 X67.22 Y55.406 E337.17883
G0 F7200 X67.22 Y55.906
G1 F3000 X67.78 Y56.467 E337.19959
G0 F7200 X67.59 Y56.467
G0 X67.59 Y60.503
G0 X67.78 Y60.503
G1 F3000 X67.22 Y61.063 E337.22033
G0 F7200 X67.22 Y61.563
G1 F3000 X67.78 Y62.124 E337.2411
G0 F7200 X67.59 Y62.124
G0 X67.59 Y66.16
G0 X67.78 Y66.16
G1 F3000 X67.22 Y66.72 E337.26184
G0 F7200 X67.22 Y67.22
G1 F3000 X67.78 Y67.78 E337.28258
G0 F7200 X67.59 Y67.78
G0 X67.59 Y71.817
G0 X67.78 Y71.817
G1 F3000 X67.22 Y72.377 E337.30332
G0 F7200 X67.22 Y72.877
G1 F3000 X67.78 Y73.437 E337.32407
G0 F7200 X67.59 Y73.437
G0 X67.59 Y77.473
G0 X67.78 Y77.473
G1 F3000 X67.22 Y78.033 E337.34481
G0 F7200 X67.22 Y78.533
G1 F3000 X67.78 Y79.094 E337.36557
G0 F7200 X67.59 Y79.094
G0 X67.59 Y83.13
G0 X67.78 Y83.13
G1 F3000 X67.22 Y83.69 E337.38632
G0 F7200 X67.22 Y84.19
G1 F3000 X67.78 Y84.751 E337.40708
G0 F7200 X67.59 Y84.751
G0 X67.338 Y87.338
G0 X65.152 Y87.59
G0 X65.152 Y87.78
G1 F3000 X64.593 Y87.22 E337.4278
G0 F7200 X63.691 Y87.22
G1 F3000 X63.13 Y87.78 E337.44857
G0 F7200 X63.13 Y87.59
G0 X59.495 Y87.59
G0 X59.495 Y87.78
G1 F3000 X58.936 Y87.22 E337.46929
G0 F7200 X58.034 Y87.22
G1 F3000 X57.474 Y87.78 E337.49003
G0 F7200 X57.474 Y87.59
G0 X53.838 Y87.59
G0 X53.838 Y87.78
G1 F3000 X53.279 Y87.22 E337.51076
G0 F7200 X52.378 Y87.22
G1 F3000 X51.817 Y87.78 E337.53152
G0 F7200 X51.817 Y87.59
G0 X48.181 Y87.59
G0 X48.181 Y87.779
G1 F3000 X47.622 Y87.22 E337.55223
G0 F7200 X46.721 Y87.22
G1 F3000 X46.161 Y87.78 E337.57297
G0 F7200 X46.161 Y87.59
G0 X42.524 Y87.59
G0 X42.524 Y87.779
G1 F3000 X41.965 Y87.22 E337.59368
G0 F7200 X41.064 Y87.22
G1 F3000 X40.504 Y87.78 E337.61442
G0 F7200 X40.504 Y87.59
G0 X36.867 Y87.59
G0 X36.867 Y87.779
G1 F3000 X34.476 Y85.388 E337.70299
G1 X34.406 Y85.318
G0 F7200 X34.513 Y85.578
G0 X36.59 Y85.847
G0 X36.779 Y85.847
G1 F3000 X34.847 Y87.78 E337.77457
G1 X34.777 Y87.85
G0 F7200 X34.777 Y87.59
G0 X67.338 Y87.338
G0 X66.924 Y86.924
;TYPE:WALL-INNER
G1 F2400 X66.589 Y87.1 E337.78448
G1 X37.5 Y87.1 E338.54639
G1 X37.02 Y86.861 E338.56043
G1 X36.9 Y86.501 E338.57037
G1 X36.9 Y85.1 E338.60707
G1 X35.527 Y85.1 E338.64303
G1 X34.967 Y85.143 E338.65774
G1 X34.451 Y85.268 E338.67165
G1 X33.949 Y85.477 E338.68589
G1 X33.499 Y85.751 E338.69969
G1 X33.098 Y86.098 E338.71358
G1 X32.751 Y86.499 E338.72747
G1 X32.476 Y86.95 E338.7413
G1 X32.269 Y87.443 E338.75531
G1 X32.16 Y87.899 E338.76759
G1 X67.9 Y87.9 E339.7037
G1 X67.9 Y12.1 E341.68909
G1 X32.161 Y12.1 E342.62517
G1 X32.265 Y12.547 E342.63719
G1 X32.472 Y13.045 E342.65132
G1 X32.75 Y13.497 E342.66522
G1 X33.098 Y13.902 E342.67921
G1 X33.499 Y14.245 E342.69303
G1 X33.951 Y14.524 E342.70694
G1 X34.45 Y14.731 E342.72109
G1 X34.967 Y14.853 E342.735
G1 X35.529 Y14.9 E342.74977
G1 X36.9 Y14.9 E342.78568
G1 X36.9 Y13.5 E342.82235
G1 X37.02 Y13.139 E342.83232
G1 X37.409 Y12.9 E342.84428
G1 X66.5 Y12.9 E343.60624
G1 X66.924 Y13.076 E343.61826
G1 X67.1 Y13.5 E343.63029
G1 X67.1 Y86.589 E345.54466
G1 X66.924 Y86.924 E345.55457
G0 F7200 X66.698 Y86.535
;TYPE:WALL-OUTER
G1 F1200 X66.642 Y86.642 E345.55773
G1 X66.535 Y86.698 E345.5609
G1 X37.5 Y86.7 E346.32139
G1 X37.34 Y86.621 E346.32607
G1 X37.3 Y86.501 E346.32938
G1 X37.3 Y84.7 E346.37655
G1 X35.512 Y84.7 E346.42338
G1 X34.904 Y84.747 E346.43936
G1 X34.327 Y84.887 E346.45491
G1 X33.767 Y85.119 E346.47078
G1 X33.263 Y85.427 E346.48625
G1 X32.814 Y85.814 E346.50178
G1 X32.427 Y86.263 E346.51731
G1 X32.119 Y86.768 E346.5328
G1 X31.887 Y87.319 E346.54846
G1 X31.747 Y87.911 E346.56439
G1 X31.717 Y88.3 E346.57461
G1 X68.3 Y88.3 E347.53281
G1 X68.3 Y11.7 E349.53914
G1 X31.717 Y11.7 E350.49734
G1 X31.747 Y12.085 E350.50745
G1 X31.883 Y12.67 E350.52318
G1 X32.115 Y13.228 E350.53901
G1 X32.426 Y13.733 E350.55454
G1 X32.814 Y14.186 E350.57017
G1 X33.263 Y14.569 E350.58562
G1 X33.768 Y14.881 E350.60117
G1 X34.326 Y15.113 E350.617
G1 X34.904 Y15.249 E350.63255
G1 X35.513 Y15.3 E350.64856
G1 X37.3 Y15.3 E350.69537
G1 X37.3 Y13.5 E350.74251
G1 X37.34 Y13.379 E350.74585
G1 X37.465 Y13.302 E350.7497
G1 X66.5 Y13.3 E351.51019
G1 X66.642 Y13.358 E351.51421
G1 X66.7 Y13.5 E351.51823
G1 X66.698 Y86.535 E353.43118
G0 F7200 X66.642 Y86.642
G0 X66.573 Y86.678
;MESH:NONMESH
G0 F600 Z2.7
G0 F7200 X66.573 Y87.41
G0 X67.338 Y12.662
G0 X34.848 Y12.41
G0 X34.848 Y12.22
;TIME_ELAPSED:609.964045
;LAYER:16
;TYPE:FILL
;MESH:Wandhalterung TP-Link Media Converter.stl
G1 F3000 X36.78 Y14.153 E353.50277
G1 X36.85 Y14.223
G0 F7200 X36.59 Y14.223
G0 X36.662 Y12.662
G0 X36.867 Y12.22
G1 F3000 X34.476 Y14.612 E353.59135
G1 X34.406 Y14.682
G0 F7200 X34.514 Y14.423
G0 X36.662 Y12.662
G0 X40.504 Y12.41
G0 X40.504 Y12.22
G1 F3000 X41.064 Y12.78 E353.6121
G0 F7200 X41.964 Y12.78
G1 F3000 X42.524 Y12.22 E353.63284
G0 F7200 X42.524 Y12.41
G0 X46.161 Y12.41
G0 X46.161 Y12.22
G1 F3000 X46.721 Y12.78 E353.65358
G0 F7200 X47.621 Y12.78
G1 F3000 X48.181 Y12.22 E353.67433
G0 F7200 X48.181 Y12.41
G0 X51.818 Y12.41
G0 X51.818 Y12.22
G1 F3000 X52.378 Y12.78 E353.69507
G0 F7200 X53.278 Y12.78
G1 F3000 X53.838 Y12.22 E353.71581
G0 F7200 X53.838 Y12.41
G0 X57.475 Y12.41
G0 X57.475 Y12.22
G1 F3000 X58.034 Y12.78 E353.73654
G0 F7200 X58.935 Y12.78
G1 F3000 X59.495 Y12.22 E353.75728
G0 F7200 X59.495 Y12.41
G0 X63.132 Y12.41
G0 X63.132 Y12.22
G1 F3000 X63.691 Y12.78 E353.778
G0 F7200 X64.591 Y12.78
G1 F3000 X65.151 Y12.22 E353.79875
G0 F7200 X65.151 Y12.41
G0 X67.338 Y12.662
G0 X67.59 Y15.248
G0 X67.78 Y15.248
G1 F3000 X67.22 Y15.808 E353.81949
G0 F7200 X67.22 Y16.308
G1 F3000 X67.78 Y16.869 E353.84025
G0 F7200 X67.59 Y16.869
G0 X67.59 Y20.905
G0 X67.78 Y20.905
G1 F3000 X67.22 Y21.465 E353.861
G0 F7200 X67.22 Y21.965
G1 F3000 X67.78 Y22.526 E353.88176
G0 F7200 X67.59 Y22.526
G0 X67.59 Y26.562
G0 X67.78 Y26.562
G1 F3000 X67.22 Y27.122 E353.9025
G0 F7200 X67.22 Y27.622
G1 F3000 X67.78 Y28.182 E353.92324
G0 F7200 X67.59 Y28.182
G0 X67.59 Y32.219
G0 X67.78 Y32.219
G1 F3000 X67.22 Y32.779 E353.94399
G0 F7200 X67.22 Y33.279
G1 F3000 X67.78 Y33.839 E353.96473
G0 F7200 X67.59 Y33.839
G0 X67.59 Y37.875
G0 X67.78 Y37.875
G1 F3000 X67.22 Y38.435 E353.98547
G0 F7200 X67.22 Y38.935
G1 F3000 X67.78 Y39.496 E354.00624
G0 F7200 X67.59 Y39.496
G0 X67.59 Y43.532
G0 X67.78 Y43.532
G1 F3000 X67.22 Y44.092 E354.02698
G0 F7200 X67.22 Y44.592
G1 F3000 X67.78 Y45.153 E354.04774
G0 F7200 X67.59 Y45.153
G0 X67.59 Y49.189
G0 X67.78 Y49.189
G1 F3000 X67.22 Y49.749 E354.06849
G0 F7200 X67.22 Y50.249
G1 F3000 X67.78 Y50.81 E354.08925
G0 F7200 X67.59 Y50.81
G0 X67.59 Y54.846
G0 X67.78 Y54.846
G1 F3000 X67.22 Y55.406 E354.10999
G0 F7200 X67.22 Y55.906
G1 F3000 X67.78 Y56.467 E354.13075
G0 F7200 X67.59 Y56.467
G0 X67.59 Y60.503
G0 X67.78 Y60.503
G1 F3000 X67.22 Y61.063 E354.1515
G0 F7200 X67.22 Y61.563
G1 F3000 X67.78 Y62.124 E354.17226
G0 F7200 X67.59 Y62.124
G0 X67.59 Y66.16
G0 X67.78 Y66.16
G1 F3000 X67.22 Y66.72 E354.193
G0 F7200 X67.22 Y67.22
G1 F3000 X67.78 Y67.78 E354.21374
G0 F7200 X67.59 Y67.78
G0 X67.59 Y71.817
G0 X67.78 Y71.817
G1 F3000 X67.22 Y72.377 E354.23449
G0 F7200 X67.22 Y72.877
G1 F3000 X67.78 Y73.437 E354.25523
G0 F7200 X67.59 Y73.437
G0 X67.59 Y77.473
G0 X67.78 Y77.473
G1 F3000 X67.22 Y78.033 E354.27597
G0 F7200 X67.22 Y78.533
G1 F3000 X67.78 Y79.094 E354.29674
G0 F7200 X67.59 Y79.094
G0 X67.59 Y83.13
G0 X67.78 Y83.13
G1 F3000 X67.22 Y83.69 E354.31748
G0 F7200 X67.22 Y84.19
G1 F3000 X67.78 Y84.751 E354.33824
G0 F7200 X67.59 Y84.751
G0 X67.338 Y87.338
G0 X65.152 Y87.59
G0 X65.152 Y87.78
G1 F3000 X64.593 Y87.22 E354.35897
G0 F7200 X63.691 Y87.22
G1 F3000 X63.13 Y87.78 E354.37973
G0 F7200 X63.13 Y87.59
G0 X59.495 Y87.59
G0 X59.495 Y87.78
G1 F3000 X58.936 Y87.22 E354.40045
G0 F7200 X58.034 Y87.22
G1 F3000 X57.474 Y87.78 E354.4212
G0 F7200 X57.474 Y87.59
G0 X53.838 Y87.59
G0 X53.838 Y87.78
G1 F3000 X53.279 Y87.22 E354.44192
G0 F7200 X52.378 Y87.22
G1 F3000 X51.817 Y87.78 E354.46268
G0 F7200 X51.817 Y87.59
G0 X48.181 Y87.59
G0 X48.181 Y87.779
G1 F3000 X47.622 Y87.22 E354.48339
G0 F7200 X46.721 Y87.22
G1 F3000 X46.161 Y87.78 E354.50413
G0 F7200 X46.161 Y87.59
G0 X42.524 Y87.59
G0 X42.524 Y87.779
G1 F3000 X41.965 Y87.22 E354.52484
G0 F7200 X41.064 Y87.22
G1 F3000 X40.504 Y87.78 E354.54558
G0 F7200 X40.504 Y87.59
G0 X36.867 Y87.59
G0 X36.867 Y87.779
G1 F3000 X34.476 Y85.388 E354.63415
G1 X34.406 Y85.318
G0 F7200 X34.513 Y85.578
G0 X36.59 Y85.847
G0 X36.779 Y85.847
G1 F3000 X34.847 Y87.78 E354.70573
G1 X34.777 Y87.85
G0 F7200 X34.777 Y87.59
G0 X67.338 Y87.338
G0 X66.924 Y86.924
;TYPE:WALL-INNER
G1 F2400 X66.589 Y87.1 E354.71564
G1 X37.5 Y87.1 E355.47755
G1 X37.02 Y86.861 E355.4916
G1 X36.9 Y86.501 E355.50154
G1 X36.9 Y85.1 E355.53823
G1 X35.527 Y85.1 E355.57419
G1 X34.967 Y85.143 E355.5889
G1 X34.451 Y85.268 E355.60281
G1 X33.949 Y85.477 E355.61705
G1 X33.499 Y85.751 E355.63085
G1 X33.098 Y86.098 E355.64474
G1 X32.751 Y86.499 E355.65863
G1 X32.476 Y86.95 E355.67247
G1 X32.269 Y87.443 E355.68647
G1 X32.16 Y87.899 E355.69875
G1 X67.9 Y87.9 E356.63487
G1 X67.9 Y12.1 E358.62025
G1 X32.161 Y12.1 E359.55634
G1 X32.265 Y12.547 E359.56836
G1 X32.472 Y13.045 E359.58248
G1 X32.75 Y13.497 E359.59638
G1 X33.098 Y13.902 E359.61037
G1 X33.499 Y14.245 E359.62419
G1 X33.951 Y14.524 E359.6381
G1 X34.45 Y14.731 E359.65225
G1 X34.967 Y14.853 E359.66616
G1 X35.529 Y14.9 E359.68094
G1 X36.9 Y14.9 E359.71685
G1 X36.9 Y13.5 E359.75352
G1 X37.02 Y13.139 E359.76348
G1 X37.409 Y12.9 E359.77544
G1 X66.5 Y12.9 E360.5374
G1 X66.924 Y13.076 E360.54942
G1 X67.1 Y13.5 E360.56145
G1 X67.1 Y86.589 E362.47582
G1 X66.924 Y86.924 E362.48573
G0 F7200 X66.698 Y86.535
;TYPE:WALL-OUTER
G1 F1200 X66.642 Y86.642 E362.4889
G1 X66.535 Y86.698 E362.49206
G1 X37.5 Y86.7 E363.25255
G1 X37.34 Y86.621 E363.25723
G1 X37.3 Y86.501 E363.26054
G1 X37.3 Y84.7 E363.30771
G1 X35.512 Y84.7 E363.35455
G1 X34.904 Y84.747 E363.37052
G1 X34.327 Y84.887 E363.38607
G1 X33.767 Y85.119 E363.40195
G1 X33.263 Y85.427 E363.41742
G1 X32.814 Y85.814 E363.43294
G1 X32.427 Y86.263 E363.44847
G1 X32.119 Y86.768 E363.46396
G1 X31.887 Y87.319 E363.47962
G1 X31.747 Y87.911 E363.49555
G1 X31.717 Y88.3 E363.50577
G1 X68.3 Y88.3 E364.46397
G1 X68.3 Y11.7 E366.4703
G1 X31.717 Y11.7 E367.4285
G1 X31.747 Y12.085 E367.43861
G1 X31.883 Y12.67 E367.45434
G1 X32.115 Y13.228 E367.47017
G1 X32.426 Y13.733 E367.48571
G1 X32.814 Y14.186 E367.50133
G1 X33.263 Y14.569 E367.51679
G1 X33.768 Y14.881 E367.53233
G1 X34.326 Y15.113 E367.54816
G1 X34.904 Y15.249 E367.56372
G1 X35.513 Y15.3 E367.57972
G1 X37.3 Y15.3 E367.62653
G1 X37.3 Y13.5 E367.67367
G1 X37.34 Y13.379 E367.67701
G1 X37.465 Y13.302 E367.68086
G1 X66.5 Y13.3 E368.44135
G1 X66.642 Y13.358 E368.44537
G1 X66.7 Y13.5 E368.44939
G1 X66.698 Y86.535 E370.36235
G0 F7200 X66.642 Y86.642
G0 X66.573 Y86.678
;MESH:NONMESH
G0 F600 Z2.85
G0 F7200 X66.573 Y87.41
G0 X67.338 Y12.662
G0 X34.848 Y12.41
G0 X34.848 Y12.22
;TIME_ELAPSED:637.540152
;LAYER:17
;TYPE:FILL
;MESH:Wandhalterung TP-Link Media Converter.stl
G1 F3000 X36.78 Y14.153 E370.43393
G1 X36.85 Y14.223
G0 F7200 X36.59 Y14.223
G0 X36.662 Y12.662
G0 X36.867 Y12.22
G1 F3000 X34.476 Y14.612 E370.52251
G1 X34.406 Y14.682
G0 F7200 X34.514 Y14.423
G0 X36.662 Y12.662
G0 X40.504 Y12.41
G0 X40.504 Y12.22
G1 F3000 X41.064 Y12.78 E370.54326
G0 F7200 X41.964 Y12.78
G1 F3000 X42.524 Y12.22 E370.564
G0 F7200 X42.524 Y12.41
G0 X46.161 Y12.41
G0 X46.161 Y12.22
G1 F3000 X46.721 Y12.78 E370.58474
G0 F7200 X47.621 Y12.78
G1 F3000 X48.181 Y12.22 E370.60549
G0 F7200 X48.181 Y12.41
G0 X51.818 Y12.41
G0 X51.818 Y12.22
G1 F3000 X52.378 Y12.78 E370.62623
G0 F7200 X53.278 Y12.78
G1 F3000 X53.838 Y12.22 E370.64697
G0 F7200 X53.838 Y12.41
G0 X57.475 Y12.41
G0 X57.475 Y12.22
G1 F3000 X58.034 Y12.78 E370.6677
G0 F7200 X58.935 Y12.78
G1 F3000 X59.495 Y12.22 E370.68844
G0 F7200 X59.495 Y12.41
G0 X63.132 Y12.41
G0 X63.132 Y12.22
G1 F3000 X63.691 Y12.78 E370.70917
G0 F7200 X64.591 Y12.78
G1 F3000 X65.151 Y12.22 E370.72991
G0 F7200 X65.151 Y12.41
G0 X67.338 Y12.662
G0 X67.59 Y15.248
G0 X67.78 Y15.248
G1 F3000 X67.22 Y15.808 E370.75065
G0 F7200 X67.22 Y16.308
G1 F3000 X67.78 Y16.869 E370.77142
G0 F7200 X67.59 Y16.869
G0 X67.59 Y20.905
G0 X67.78 Y20.905
G1 F3000 X67.22 Y21.465 E370.79216
G0 F7200 X67.22 Y21.965
G1 F3000 X67.78 Y22.526 E370.81292
G0 F7200 X67.59 Y22.526
G0 X67.59 Y26.562
G0 X67.78 Y26.562
G1 F3000 X67.22 Y27.122 E370.83366
G0 F7200 X67.22 Y27.622
G1 F3000 X67.78 Y28.182 E370.85441
G0 F7200 X67.59 Y28.182
G0 X67.59 Y32.219
G0 X67.78 Y32.219
G1 F3000 X67.22 Y32.779 E370.87515
G0 F7200 X67.22 Y33.279
G1 F3000 X67.78 Y33.839 E370.89589
G0 F7200 X67.59 Y33.839
G0 X67.59 Y37.875
G0 X67.78 Y37.875
G1 F3000 X67.22 Y38.435 E370.91664
G0 F7200 X67.22 Y38.935
G1 F3000 X67.78 Y39.496 E370.9374
G0 F7200 X67.59 Y39.496
G0 X67.59 Y43.532
G0 X67.78 Y43.532
G1 F3000 X67.22 Y44.092 E370.95814
G0 F7200 X67.22 Y44.592
G1 F3000 X67.78 Y45.153 E370.9789
G0 F7200 X67.59 Y45.153
G0 X67.59 Y49.189
G0 X67.78 Y49.189
G1 F3000 X67.22 Y49.749 E370.99965
G0 F7200 X67.22 Y50.249
G1 F3000 X67.78 Y50.81 E371.02041
G0 F7200 X67.59 Y50.81
G0 X67.59 Y54.846
G0 X67.78 Y54.846
G1 F3000 X67.22 Y55.406 E371.04115
G0 F7200 X67.22 Y55.906
G1 F3000 X67.78 Y56.467 E371.06191
G0 F7200 X67.59 Y56.467
G0 X67.59 Y60.503
G0 X67.78 Y60.503
G1 F3000 X67.22 Y61.063 E371.08266
G0 F7200 X67.22 Y61.563
G1 F3000 X67.78 Y62.124 E371.10342
G0 F7200 X67.59 Y62.124
G0 X67.59 Y66.16
G0 X67.78 Y66.16
G1 F3000 X67.22 Y66.72 E371.12416
G0 F7200 X67.22 Y67.22
G1 F3000 X67.78 Y67.78 E371.14491
G0 F7200 X67.59 Y67.78
G0 X67.59 Y71.817
G0 X67.78 Y71.817
G1 F3000 X67.22 Y72.377 E371.16565
G0 F7200 X67.22 Y72.877
G1 F3000 X67.78 Y73.437 E371.18639
G0 F7200 X67.59 Y73.437
G0 X67.59 Y77.473
G0 X67.78 Y77.473
G1 F3000 X67.22 Y78.033 E371.20714
G0 F7200 X67.22 Y78.533
G1 F3000 X67.78 Y79.094 E371.2279
G0 F7200 X67.59 Y79.094
G0 X67.59 Y83.13
G0 X67.78 Y83.13
G1 F3000 X67.22 Y83.69 E371.24864
G0 F7200 X67.22 Y84.19
G1 F3000 X67.78 Y84.751 E371.2694
G0 F7200 X67.59 Y84.751
G0 X67.338 Y87.338
G0 X65.152 Y87.59
G0 X65.152 Y87.78
G1 F3000 X64.593 Y87.22 E371.29013
G0 F7200 X63.691 Y87.22
G1 F3000 X63.13 Y87.78 E371.31089
G0 F7200 X63.13 Y87.59
G0 X59.495 Y87.59
G0 X59.495 Y87.78
G1 F3000 X58.936 Y87.22 E371.33161
G0 F7200 X58.034 Y87.22
G1 F3000 X57.474 Y87.78 E371.35236
G0 F7200 X57.474 Y87.59
G0 X53.838 Y87.59
G0 X53.838 Y87.78
G1 F3000 X53.279 Y87.22 E371.37308
G0 F7200 X52.378 Y87.22
G1 F3000 X51.817 Y87.78 E371.39384
G0 F7200 X51.817 Y87.59
G0 X48.181 Y87.59
G0 X48.181 Y87.779
G1 F3000 X47.622 Y87.22 E371.41455
G0 F7200 X46.721 Y87.22
G1 F3000 X46.161 Y87.78 E371.43529
G0 F7200 X46.161 Y87.59
G0 X42.524 Y87.59
G0 X42.524 Y87.779
G1 F3000 X41.965 Y87.22 E371.456
G0 F7200 X41.064 Y87.22
G1 F3000 X40.504 Y87.78 E371.47674
G0 F7200 X40.504 Y87.59
G0 X36.867 Y87.59
G0 X36.867 Y87.779
G1 F3000 X34.476 Y85.388 E371.56531
G1 X34.406 Y85.318
G0 F7200 X34.513 Y85.578
G0 X36.59 Y85.847
G0 X36.779 Y85.847
G1 F3000 X34.847 Y87.78 E371.63689
G1 X34.777 Y87.85
G0 F7200 X34.777 Y87.59
G0 X67.338 Y87.338
G0 X66.924 Y86.924
;TYPE:WALL-INNER
G1 F2400 X66.589 Y87.1 E371.6468
G1 X37.5 Y87.1 E372.40871
G1 X37.02 Y86.861 E372.42276
G1 X36.9 Y86.501 E372.4327
G1 X36.9 Y85.1 E372.46939
G1 X35.527 Y85.1 E372.50535
G1 X34.967 Y85.143 E372.52007
G1 X34.451 Y85.268 E372.53397
G1 X33.949 Y85.477 E372.54821
G1 X33.499 Y85.751 E372.56201
G1 X33.098 Y86.098 E372.5759
G1 X32.751 Y86.499 E372.58979
G1 X32.476 Y86.95 E372.60363
G1 X32.269 Y87.443 E372.61763
G1 X32.16 Y87.899 E372.62991
G1 X67.9 Y87.9 E373.56603
G1 X67.9 Y12.1 E375.55141
G1 X32.161 Y12.1 E376.4875
G1 X32.265 Y12.547 E376.49952
G1 X32.472 Y13.045 E376.51364
G1 X32.75 Y13.497 E376.52754
G1 X33.098 Y13.902 E376.54153
G1 X33.499 Y14.245 E376.55535
G1 X33.951 Y14.524 E376.56926
G1 X34.45 Y14.731 E376.58341
G1 X34.967 Y14.853 E376.59733
G1 X35.529 Y14.9 E376.6121
G1 X36.9 Y14.9 E376.64801
G1 X36.9 Y13.5 E376.68468
G1 X37.02 Y13.139 E376.69464
G1 X37.409 Y12.9 E376.7066
G1 X66.5 Y12.9 E377.46856
G1 X66.924 Y13.076 E377.48059
G1 X67.1 Y13.5 E377.49261
G1 X67.1 Y86.589 E379.40698
G1 X66.924 Y86.924 E379.41689
G0 F7200 X66.698 Y86.535
;TYPE:WALL-OUTER
G1 F1200 X66.642 Y86.642 E379.42006
G1 X66.535 Y86.698 E379.42322
G1 X37.5 Y86.7 E380.18372
G1 X37.34 Y86.621 E380.18839
G1 X37.3 Y86.501 E380.1917
G1 X37.3 Y84.7 E380.23888
G1 X35.512 Y84.7 E380.28571
G1 X34.904 Y84.747 E380.30168
G1 X34.327 Y84.887 E380.31723
G1 X33.767 Y85.119 E380.33311
G1 X33.263 Y85.427 E380.34858
G1 X32.814 Y85.814 E380.3641
G1 X32.427 Y86.263 E380.37963
G1 X32.119 Y86.768 E380.39512
G1 X31.887 Y87.319 E380.41078
G1 X31.747 Y87.911 E380.42672
G1 X31.717 Y88.3 E380.43694
G1 X68.3 Y88.3 E381.39513
G1 X68.3 Y11.7 E383.40147
G1 X31.717 Y11.7 E384.35966
G1 X31.747 Y12.085 E384.36977
G1 X31.883 Y12.67 E384.38551
G1 X32.115 Y13.228 E384.40133
G1 X32.426 Y13.733 E384.41687
G1 X32.814 Y14.186 E384.43249
G1 X33.263 Y14.569 E384.44795
G1 X33.768 Y14.881 E384.4635
G1 X34.326 Y15.113 E384.47932
G1 X34.904 Y15.249 E384.49488
G1 X35.513 Y15.3 E384.51088
G1 X37.3 Y15.3 E384.55769
G1 X37.3 Y13.5 E384.60484
G1 X37.34 Y13.379 E384.60817
G1 X37.465 Y13.302 E384.61202
G1 X66.5 Y13.3 E385.37251
G1 X66.642 Y13.358 E385.37653
G1 X66.7 Y13.5 E385.38055
G1 X66.698 Y86.535 E387.29351
G0 F7200 X66.642 Y86.642
G0 X66.573 Y86.678
;MESH:NONMESH
G0 F600 Z3
G0 F7200 X66.573 Y87.41
G0 X67.338 Y12.662
G0 X34.848 Y12.41
G0 X34.848 Y12.22
;TIME_ELAPSED:665.116259
;LAYER:18
;TYPE:FILL
;MESH:Wandhalterung TP-Link Media Converter.stl
G1 F3000 X36.78 Y14.153 E387.36509
G1 X36.85 Y14.223
G0 F7200 X36.59 Y14.223
G0 X36.662 Y12.662
G0 X36.867 Y12.22
G1 F3000 X34.476 Y14.612 E387.45368
G1 X34.406 Y14.682
G0 F7200 X34.514 Y14.423
G0 X36.662 Y12.662
G0 X40.504 Y12.41
G0 X40.504 Y12.22
G1 F3000 X41.064 Y12.78 E387.47442
G0 F7200 X41.964 Y12.78
G1 F3000 X42.524 Y12.22 E387.49516
G0 F7200 X42.524 Y12.41
G0 X46.161 Y12.41
G0 X46.161 Y12.22
G1 F3000 X46.721 Y12.78 E387.51591
G0 F7200 X47.621 Y12.78
G1 F3000 X48.181 Y12.22 E387.53665
G0 F7200 X48.181 Y12.41
G0 X51.818 Y12.41
G0 X51.818 Y12.22
G1 F3000 X52.378 Y12.78 E387.55739
G0 F7200 X53.278 Y12.78
G1 F3000 X53.838 Y12.22 E387.57814
G0 F7200 X53.838 Y12.41
G0 X57.475 Y12.41
G0 X57.475 Y12.22
G1 F3000 X58.034 Y12.78 E387.59886
G0 F7200 X58.935 Y12.78
G1 F3000 X59.495 Y12.22 E387.6196
G0 F7200 X59.495 Y12.41
G0 X63.132 Y12.41
G0 X63.132 Y12.22
G1 F3000 X63.691 Y12.78 E387.64033
G0 F7200 X64.591 Y12.78
G1 F3000 X65.151 Y12.22 E387.66107
G0 F7200 X65.151 Y12.41
G0 X67.338 Y12.662
G0 X67.59 Y15.248
G0 X67.78 Y15.248
G1 F3000 X67.22 Y15.808 E387.68182
G0 F7200 X67.22 Y16.308
G1 F3000 X67.78 Y16.869 E387.70258
G0 F7200 X67.59 Y16.869
G0 X67.59 Y20.905
G0 X67.78 Y20.905
G1 F3000 X67.22 Y21.465 E387.72332
G0 F7200 X67.22 Y21.965
G1 F3000 X67.78 Y22.526 E387.74408
G0 F7200 X67.59 Y22.526
G0 X67.59 Y26.562
G0 X67.78 Y26.562
G1 F3000 X67.22 Y27.122 E387.76483
G0 F7200 X67.22 Y27.622
G1 F3000 X67.78 Y28.182 E387.78557
G0 F7200 X67.59 Y28.182
G0 X67.59 Y32.219
G0 X67.78 Y32.219
G1 F3000 X67.22 Y32.779 E387.80631
G0 F7200 X67.22 Y33.279
G1 F3000 X67.78 Y33.839 E387.82706
G0 F7200 X67.59 Y33.839
G0 X67.59 Y37.875
G0 X67.78 Y37.875
G1 F3000 X67.22 Y38.435 E387.8478
G0 F7200 X67.22 Y38.935
G1 F3000 X67.78 Y39.496 E387.86856
G0 F7200 X67.59 Y39.496
G0 X67.59 Y43.532
G0 X67.78 Y43.532
G1 F3000 X67.22 Y44.092 E387.8893
G0 F7200 X67.22 Y44.592
G1 F3000 X67.78 Y45.153 E387.91007
G0 F7200 X67.59 Y45.153
G0 X67.59 Y49.189
G0 X67.78 Y49.189
G1 F3000 X67.22 Y49.749 E387.93081
G0 F7200 X67.22 Y50.249
G1 F3000 X67.78 Y50.81 E387.95157
G0 F7200 X67.59 Y50.81
G0 X67.59 Y54.846
G0 X67.78 Y54.846
G1 F3000 X67.22 Y55.406 E387.97231
G0 F7200 X67.22 Y55.906
G1 F3000 X67.78 Y56.467 E387.99308
G0 F7200 X67.59 Y56.467
G0 X67.59 Y60.503
G0 X67.78 Y60.503
G1 F3000 X67.22 Y61.063 E388.01382
G0 F7200 X67.22 Y61.563
G1 F3000 X67.78 Y62.124 E388.03458
G0 F7200 X67.59 Y62.124
G0 X67.59 Y66.16
G0 X67.78 Y66.16
G1 F3000 X67.22 Y66.72 E388.05532
G0 F7200 X67.22 Y67.22
G1 F3000 X67.78 Y67.78 E388.07607
G0 F7200 X67.59 Y67.78
G0 X67.59 Y71.817
G0 X67.78 Y71.817
G1 F3000 X67.22 Y72.377 E388.09681
G0 F7200 X67.22 Y72.877
G1 F3000 X67.78 Y73.437 E388.11755
G0 F7200 X67.59 Y73.437
G0 X67.59 Y77.473
G0 X67.78 Y77.473
G1 F3000 X67.22 Y78.033 E388.1383
G0 F7200 X67.22 Y78.533
G1 F3000 X67.78 Y79.094 E388.15906
G0 F7200 X67.59 Y79.094
G0 X67.59 Y83.13
G0 X67.78 Y83.13
G1 F3000 X67.22 Y83.69 E388.1798
G0 F7200 X67.22 Y84.19
G1 F3000 X67.78 Y84.751 E388.20056
G0 F7200 X67.59 Y84.751
G0 X67.338 Y87.338
G0 X65.152 Y87.59
G0 X65.152 Y87.78
G1 F3000 X64.593 Y87.22 E388.22129
G0 F7200 X63.691 Y87.22
G1 F3000 X63.13 Y87.78 E388.24205
G0 F7200 X63.13 Y87.59
G0 X59.495 Y87.59
G0 X59.495 Y87.78
G1 F3000 X58.936 Y87.22 E388.26278
G0 F7200 X58.034 Y87.22
G1 F3000 X57.474 Y87.78 E388.28352
G0 F7200 X57.474 Y87.59
G0 X53.838 Y87.59
G0 X53.838 Y87.78
G1 F3000 X53.279 Y87.22 E388.30424
G0 F7200 X52.378 Y87.22
G1 F3000 X51.817 Y87.78 E388.32501
G0 F7200 X51.817 Y87.59
G0 X48.181 Y87.59
G0 X48.181 Y87.779
G1 F3000 X47.622 Y87.22 E388.34571
G0 F7200 X46.721 Y87.22
G1 F3000 X46.161 Y87.78 E388.36646
G0 F7200 X46.161 Y87.59
G0 X42.524 Y87.59
G0 X42.524 Y87.779
G1 F3000 X41.965 Y87.22 E388.38716
G0 F7200 X41.064 Y87.22
G1 F3000 X40.504 Y87.78 E388.4079
G0 F7200 X40.504 Y87.59
G0 X36.867 Y87.59
G0 X36.867 Y87.779
G1 F3000 X34.476 Y85.388 E388.49647
G1 X34.406 Y85.318
G0 F7200 X34.513 Y85.578
G0 X36.59 Y85.847
G0 X36.779 Y85.847
G1 F3000 X34.847 Y87.78 E388.56805
G1 X34.777 Y87.85
G0 F7200 X34.777 Y87.59
G0 X67.338 Y87.338
G0 X66.924 Y86.924
;TYPE:WALL-INNER
G1 F2400 X66.589 Y87.1 E388.57797
G1 X37.5 Y87.1 E389.33988
G1 X37.02 Y86.861 E389.35392
G1 X36.9 Y86.501 E389.36386
G1 X36.9 Y85.1 E389.40055
G1 X35.527 Y85.1 E389.43652
G1 X34.967 Y85.143 E389.45123
G1 X34.451 Y85.268 E389.46513
G1 X33.949 Y85.477 E389.47938
G1 X33.499 Y85.751 E389.49318
G1 X33.098 Y86.098 E389.50707
G1 X32.751 Y86.499 E389.52096
G1 X32.476 Y86.95 E389.53479
G1 X32.269 Y87.443 E389.5488
G1 X32.16 Y87.899 E389.56108
G1 X67.9 Y87.9 E390.49719
G1 X67.9 Y12.1 E392.48257
G1 X32.161 Y12.1 E393.41866
G1 X32.265 Y12.547 E393.43068
G1 X32.472 Y13.045 E393.44481
G1 X32.75 Y13.497 E393.45871
G1 X33.098 Y13.902 E393.47269
G1 X33.499 Y14.245 E393.48651
G1 X33.951 Y14.524 E393.50043
G1 X34.45 Y14.731 E393.51458
G1 X34.967 Y14.853 E393.52849
G1 X35.529 Y14.9 E393.54326
G1 X36.9 Y14.9 E393.57917
G1 X36.9 Y13.5 E393.61584
G1 X37.02 Y13.139 E393.6258
G1 X37.409 Y12.9 E393.63776
G1 X66.5 Y12.9 E394.39972
G1 X66.924 Y13.076 E394.41175
G1 X67.1 Y13.5 E394.42377
G1 X67.1 Y86.589 E396.33815
G1 X66.924 Y86.924 E396.34806
G0 F7200 X66.698 Y86.535
;TYPE:WALL-OUTER
G1 F1200 X66.642 Y86.642 E396.35122
G1 X66.535 Y86.698 E396.35438
G1 X37.5 Y86.7 E397.11488
G1 X37.34 Y86.621 E397.11955
G1 X37.3 Y86.501 E397.12287
G1 X37.3 Y84.7 E397.17004
G1 X35.512 Y84.7 E397.21687
G1 X34.904 Y84.747 E397.23284
G1 X34.327 Y84.887 E397.24839
G1 X33.767 Y85.119 E397.26427
G1 X33.263 Y85.427 E397.27974
G1 X32.814 Y85.814 E397.29527
G1 X32.427 Y86.263 E397.31079
G1 X32.119 Y86.768 E397.32629
G1 X31.887 Y87.319 E397.34194
G1 X31.747 Y87.911 E397.35788
G1 X31.717 Y88.3 E397.3681
G1 X68.3 Y88.3 E398.32629
G1 X68.3 Y11.7 E400.33263
G1 X31.717 Y11.7 E401.29082
G1 X31.747 Y12.085 E401.30094
G1 X31.883 Y12.67 E401.31667
G1 X32.115 Y13.228 E401.3325
G1 X32.426 Y13.733 E401.34803
G1 X32.814 Y14.186 E401.36365
G1 X33.263 Y14.569 E401.37911
G1 X33.768 Y14.881 E401.39466
G1 X34.326 Y15.113 E401.41049
G1 X34.904 Y15.249 E401.42604
G1 X35.513 Y15.3 E401.44205
G1 X37.3 Y15.3 E401.48885
G1 X37.3 Y13.5 E401.536
G1 X37.34 Y13.379 E401.53934
G1 X37.465 Y13.302 E401.54318
G1 X66.5 Y13.3 E402.30368
G1 X66.642 Y13.358 E402.30769
G1 X66.7 Y13.5 E402.31171
G1 X66.698 Y86.535 E404.22467
G0 F7200 X66.642 Y86.642
G0 X66.573 Y86.678
;MESH:NONMESH
G0 F600 Z3.15
G0 F7200 X66.573 Y87.41
G0 X67.338 Y12.662
G0 X34.848 Y12.41
G0 X34.848 Y12.22
;TIME_ELAPSED:692.692365
;LAYER:19
;TYPE:FILL
;MESH:Wandhalterung TP-Link Media Converter.stl
G1 F3000 X36.78 Y14.153 E404.29625
G1 X36.85 Y14.223
G0 F7200 X36.59 Y14.223
G0 X36.662 Y12.662
G0 X36.867 Y12.22
G1 F3000 X34.476 Y14.612 E404.38484
G1 X34.406 Y14.682
G0 F7200 X34.514 Y14.423
G0 X36.662 Y12.662
G0 X40.504 Y12.41
G0 X40.504 Y12.22
G1 F3000 X41.064 Y12.78 E404.40558
G0 F7200 X41.964 Y12.78
G1 F3000 X42.524 Y12.22 E404.42632
G0 F7200 X42.524 Y12.41
G0 X46.161 Y12.41
G0 X46.161 Y12.22
G1 F3000 X46.721 Y12.78 E404.44707
G0 F7200 X47.621 Y12.78
G1 F3000 X48.181 Y12.22 E404.46781
G0 F7200 X48.181 Y12.41
G0 X51.818 Y12.41
G0 X51.818 Y12.22
G1 F3000 X52.378 Y12.78 E404.48855
G0 F7200 X53.278 Y12.78
G1 F3000 X53.838 Y12.22 E404.5093
G0 F7200 X53.838 Y12.41
G0 X57.475 Y12.41
G0 X57.475 Y12.22
G1 F3000 X58.034 Y12.78 E404.53002
G0 F7200 X58.935 Y12.78
G1 F3000 X59.495 Y12.22 E404.55077
G0 F7200 X59.495 Y12.41
G0 X63.132 Y12.41
G0 X63.132 Y12.22
G1 F3000 X63.691 Y12.78 E404.57149
G0 F7200 X64.591 Y12.78
G1 F3000 X65.151 Y12.22 E404.59223
G0 F7200 X65.151 Y12.41
G0 X67.338 Y12.662
G0 X67.59 Y15.248
G0 X67.78 Y15.248
G1 F3000 X67.22 Y15.808 E404.61298
G0 F7200 X67.22 Y16.308
G1 F3000 X67.78 Y16.869 E404.63374
G0 F7200 X67.59 Y16.869
G0 X67.59 Y20.905
G0 X67.78 Y20.905
G1 F3000 X67.22 Y21.465 E404.65448
G0 F7200 X67.22 Y21.965
G1 F3000 X67.78 Y22.526 E404.67524
G0 F7200 X67.59 Y22.526
G0 X67.59 Y26.562
G0 X67.78 Y26.562
G1 F3000 X67.22 Y27.122 E404.69599
G0 F7200 X67.22 Y27.622
G1 F3000 X67.78 Y28.182 E404.71673
G0 F7200 X67.59 Y28.182
G0 X67.59 Y32.219
G0 X67.78 Y32.219
G1 F3000 X67.22 Y32.779 E404.73747
G0 F7200 X67.22 Y33.279
G1 F3000 X67.78 Y33.839 E404.75822
G0 F7200 X67.59 Y33.839
G0 X67.59 Y37.875
G0 X67.78 Y37.875
G1 F3000 X67.22 Y38.435 E404.77896
G0 F7200 X67.22 Y38.935
G1 F3000 X67.78 Y39.496 E404.79972
G0 F7200 X67.59 Y39.496
G0 X67.59 Y43.532
G0 X67.78 Y43.532
G1 F3000 X67.22 Y44.092 E404.82047
G0 F7200 X67.22 Y44.592
G1 F3000 X67.78 Y45.153 E404.84123
G0 F7200 X67.59 Y45.153
G0 X67.59 Y49.189
G0 X67.78 Y49.189
G1 F3000 X67.22 Y49.749 E404.86197
G0 F7200 X67.22 Y50.249
G1 F3000 X67.78 Y50.81 E404.88273
G0 F7200 X67.59 Y50.81
G0 X67.59 Y54.846
G0 X67.78 Y54.846
G1 F3000 X67.22 Y55.406 E404.90348
G0 F7200 X67.22 Y55.906
G1 F3000 X67.78 Y56.467 E404.92424
G0 F7200 X67.59 Y56.467
G0 X67.59 Y60.503
G0 X67.78 Y60.503
G1 F3000 X67.22 Y61.063 E404.94498
G0 F7200 X67.22 Y61.563
G1 F3000 X67.78 Y62.124 E404.96574
G0 F7200 X67.59 Y62.124
G0 X67.59 Y66.16
G0 X67.78 Y66.16
G1 F3000 X67.22 Y66.72 E404.98649
G0 F7200 X67.22 Y67.22
G1 F3000 X67.78 Y67.78 E405.00723
G0 F7200 X67.59 Y67.78
G0 X67.59 Y71.817
G0 X67.78 Y71.817
G1 F3000 X67.22 Y72.377 E405.02797
G0 F7200 X67.22 Y72.877
G1 F3000 X67.78 Y73.437 E405.04872
G0 F7200 X67.59 Y73.437
G0 X67.59 Y77.473
G0 X67.78 Y77.473
G1 F3000 X67.22 Y78.033 E405.06946
G0 F7200 X67.22 Y78.533
G1 F3000 X67.78 Y79.094 E405.09022
G0 F7200 X67.59 Y79.094
G0 X67.59 Y83.13
G0 X67.78 Y83.13
G1 F3000 X67.22 Y83.69 E405.11096
G0 F7200 X67.22 Y84.19
G1 F3000 X67.78 Y84.751 E405.13173
G0 F7200 X67.59 Y84.751
G0 X67.338 Y87.338
G0 X65.152 Y87.59
G0 X65.152 Y87.78
G1 F3000 X64.593 Y87.22 E405.15245
G0 F7200 X63.691 Y87.22
G1 F3000 X63.13 Y87.78 E405.17321
G0 F7200 X63.13 Y87.59
G0 X59.495 Y87.59
G0 X59.495 Y87.78
G1 F3000 X58.936 Y87.22 E405.19394
G0 F7200 X58.034 Y87.22
G1 F3000 X57.474 Y87.78 E405.21468
G0 F7200 X57.474 Y87.59
G0 X53.838 Y87.59
G0 X53.838 Y87.78
G1 F3000 X53.279 Y87.22 E405.23541
G0 F7200 X52.378 Y87.22
G1 F3000 X51.817 Y87.78 E405.25617
G0 F7200 X51.817 Y87.59
G0 X48.181 Y87.59
G0 X48.181 Y87.779
G1 F3000 X47.622 Y87.22 E405.27687
G0 F7200 X46.721 Y87.22
G1 F3000 X46.161 Y87.78 E405.29762
G0 F7200 X46.161 Y87.59
G0 X42.524 Y87.59
G0 X42.524 Y87.779
G1 F3000 X41.965 Y87.22 E405.31832
G0 F7200 X41.064 Y87.22
G1 F3000 X40.504 Y87.78 E405.33907
G0 F7200 X40.504 Y87.59
G0 X36.867 Y87.59
G0 X36.867 Y87.779
G1 F3000 X34.476 Y85.388 E405.42763
G1 X34.406 Y85.318
G0 F7200 X34.513 Y85.578
G0 X36.59 Y85.847
G0 X36.779 Y85.847
G1 F3000 X34.847 Y87.78 E405.49922
G1 X34.777 Y87.85
G0 F7200 X34.777 Y87.59
G0 X67.338 Y87.338
G0 X66.924 Y86.924
;TYPE:WALL-INNER
G1 F2400 X66.589 Y87.1 E405.50913
G1 X37.5 Y87.1 E406.27104
G1 X37.02 Y86.861 E406.28508
G1 X36.9 Y86.501 E406.29502
G1 X36.9 Y85.1 E406.33172
G1 X35.527 Y85.1 E406.36768
G1 X34.967 Y85.143 E406.38239
G1 X34.451 Y85.268 E406.3963
G1 X33.949 Y85.477 E406.41054
G1 X33.499 Y85.751 E406.42434
G1 X33.098 Y86.098 E406.43823
G1 X32.751 Y86.499 E406.45212
G1 X32.476 Y86.95 E406.46595
G1 X32.269 Y87.443 E406.47996
G1 X32.16 Y87.899 E406.49224
G1 X67.9 Y87.9 E407.42835
G1 X67.9 Y12.1 E409.41373
G1 X32.161 Y12.1 E410.34982
G1 X32.265 Y12.547 E410.36184
G1 X32.472 Y13.045 E410.37597
G1 X32.75 Y13.497 E410.38987
G1 X33.098 Y13.902 E410.40385
G1 X33.499 Y14.245 E410.41767
G1 X33.951 Y14.524 E410.43159
G1 X34.45 Y14.731 E410.44574
G1 X34.967 Y14.853 E410.45965
G1 X35.529 Y14.9 E410.47442
G1 X36.9 Y14.9 E410.51033
G1 X36.9 Y13.5 E410.547
G1 X37.02 Y13.139 E410.55697
G1 X37.409 Y12.9 E410.56892
G1 X66.5 Y12.9 E411.33089
G1 X66.924 Y13.076 E411.34291
G1 X67.1 Y13.5 E411.35493
G1 X67.1 Y86.589 E413.26931
G1 X66.924 Y86.924 E413.27922
G0 F7200 X66.698 Y86.535
;TYPE:WALL-OUTER
G1 F1200 X66.642 Y86.642 E413.28238
G1 X66.535 Y86.698 E413.28555
G1 X37.5 Y86.7 E414.04604
G1 X37.34 Y86.621 E414.05071
G1 X37.3 Y86.501 E414.05403
G1 X37.3 Y84.7 E414.1012
G1 X35.512 Y84.7 E414.14803
G1 X34.904 Y84.747 E414.164
G1 X34.327 Y84.887 E414.17956
G1 X33.767 Y85.119 E414.19543
G1 X33.263 Y85.427 E414.2109
G1 X32.814 Y85.814 E414.22643
G1 X32.427 Y86.263 E414.24195
G1 X32.119 Y86.768 E414.25745
G1 X31.887 Y87.319 E414.27311
G1 X31.747 Y87.911 E414.28904
G1 X31.717 Y88.3 E414.29926
G1 X68.3 Y88.3 E415.25745
G1 X68.3 Y11.7 E417.26379
G1 X31.717 Y11.7 E418.22198
G1 X31.747 Y12.085 E418.2321
G1 X31.883 Y12.67 E418.24783
G1 X32.115 Y13.228 E418.26366
G1 X32.426 Y13.733 E418.27919
G1 X32.814 Y14.186 E418.29481
G1 X33.263 Y14.569 E418.31027
G1 X33.768 Y14.881 E418.32582
G1 X34.326 Y15.113 E418.34165
G1 X34.904 Y15.249 E418.3572
G1 X35.513 Y15.3 E418.37321
G1 X37.3 Y15.3 E418.42001
G1 X37.3 Y13.5 E418.46716
G1 X37.34 Y13.379 E418.4705
G1 X37.465 Y13.302 E418.47434
G1 X66.5 Y13.3 E419.23484
G1 X66.642 Y13.358 E419.23886
G1 X66.7 Y13.5 E419.24287
G1 X66.698 Y86.535 E421.15583
G0 F7200 X66.642 Y86.642
G0 X66.573 Y86.678
;MESH:NONMESH
G0 F600 Z3.3
G0 F7200 X66.573 Y87.41
G0 X67.338 Y12.662
G0 X34.848 Y12.41
G0 X34.848 Y12.22
;TIME_ELAPSED:720.268472
;LAYER:20
;TYPE:FILL
;MESH:Wandhalterung TP-Link Media Converter.stl
G1 F3000 X36.78 Y14.153 E421.22742
G1 X36.85 Y14.223
G0 F7200 X36.59 Y14.223
G0 X36.662 Y12.662
G0 X36.867 Y12.22
G1 F3000 X34.476 Y14.612 E421.316
G1 X34.406 Y14.682
G0 F7200 X34.514 Y14.423
G0 X36.662 Y12.662
G0 X40.504 Y12.41
G0 X40.504 Y12.22
G1 F3000 X41.064 Y12.78 E421.33674
G0 F7200 X41.964 Y12.78
G1 F3000 X42.524 Y12.22 E421.35749
G0 F7200 X42.524 Y12.41
G0 X46.161 Y12.41
G0 X46.161 Y12.22
G1 F3000 X46.721 Y12.78 E421.37823
G0 F7200 X47.621 Y12.78
G1 F3000 X48.181 Y12.22 E421.39897
G0 F7200 X48.181 Y12.41
G0 X51.818 Y12.41
G0 X51.818 Y12.22
G1 F3000 X52.378 Y12.78 E421.41972
G0 F7200 X53.278 Y12.78
G1 F3000 X53.838 Y12.22 E421.44046
G0 F7200 X53.838 Y12.41
G0 X57.475 Y12.41
G0 X57.475 Y12.22
G1 F3000 X58.034 Y12.78 E421.46118
G0 F7200 X58.935 Y12.78
G1 F3000 X59.495 Y12.22 E421.48193
G0 F7200 X59.495 Y12.41
G0 X63.132 Y12.41
G0 X63.132 Y12.22
G1 F3000 X63.691 Y12.78 E421.50265
G0 F7200 X64.591 Y12.78
G1 F3000 X65.151 Y12.22 E421.5234
G0 F7200 X65.151 Y12.41
G0 X67.338 Y12.662
G0 X67.59 Y15.248
G0 X67.78 Y15.248
G1 F3000 X67.22 Y15.808 E421.54414
G0 F7200 X67.22 Y16.308
G1 F3000 X67.78 Y16.869 E421.5649
G0 F7200 X67.59 Y16.869
G0 X67.59 Y20.905
G0 X67.78 Y20.905
G1 F3000 X67.22 Y21.465 E421.58564
G0 F7200 X67.22 Y21.965
G1 F3000 X67.78 Y22.526 E421.60641
G0 F7200 X67.59 Y22.526
G0 X67.59 Y26.562
G0 X67.78 Y26.562
G1 F3000 X67.22 Y27.122 E421.62715
G0 F7200 X67.22 Y27.622
G1 F3000 X67.78 Y28.182 E421.64789
G0 F7200 X67.59 Y28.182
G0 X67.59 Y32.219
G0 X67.78 Y32.219
G1 F3000 X67.22 Y32.779 E421.66864
G0 F7200 X67.22 Y33.279
G1 F3000 X67.78 Y33.839 E421.68938
G0 F7200 X67.59 Y33.839
G0 X67.59 Y37.875
G0 X67.78 Y37.875
G1 F3000 X67.22 Y38.435 E421.71012
G0 F7200 X67.22 Y38.935
G1 F3000 X67.78 Y39.496 E421.73088
G0 F7200 X67.59 Y39.496
G0 X67.59 Y43.532
G0 X67.78 Y43.532
G1 F3000 X67.22 Y44.092 E421.75163
G0 F7200 X67.22 Y44.592
G1 F3000 X67.78 Y45.153 E421.77239
G0 F7200 X67.59 Y45.153
G0 X67.59 Y49.189
G0 X67.78 Y49.189
G1 F3000 X67.22 Y49.749 E421.79313
G0 F7200 X67.22 Y50.249
G1 F3000 X67.78 Y50.81 E421.81389
G0 F7200 X67.59 Y50.81
G0 X67.59 Y54.846
G0 X67.78 Y54.846
G1 F3000 X67.22 Y55.406 E421.83464
G0 F7200 X67.22 Y55.906
G1 F3000 X67.78 Y56.467 E421.8554
G0 F7200 X67.59 Y56.467
G0 X67.59 Y60.503
G0 X67.78 Y60.503
G1 F3000 X67.22 Y61.063 E421.87614
G0 F7200 X67.22 Y61.563
G1 F3000 X67.78 Y62.124 E421.89691
G0 F7200 X67.59 Y62.124
G0 X67.59 Y66.16
G0 X67.78 Y66.16
G1 F3000 X67.22 Y66.72 E421.91765
G0 F7200 X67.22 Y67.22
G1 F3000 X67.78 Y67.78 E421.93839
G0 F7200 X67.59 Y67.78
G0 X67.59 Y71.817
G0 X67.78 Y71.817
G1 F3000 X67.22 Y72.377 E421.95913
G0 F7200 X67.22 Y72.877
G1 F3000 X67.78 Y73.437 E421.97988
G0 F7200 X67.59 Y73.437
G0 X67.59 Y77.473
G0 X67.78 Y77.473
G1 F3000 X67.22 Y78.033 E422.00062
G0 F7200 X67.22 Y78.533
G1 F3000 X67.78 Y79.094 E422.02138
G0 F7200 X67.59 Y79.094
G0 X67.59 Y83.13
G0 X67.78 Y83.13
G1 F3000 X67.22 Y83.69 E422.04213
G0 F7200 X67.22 Y84.19
G1 F3000 X67.78 Y84.751 E422.06289
G0 F7200 X67.59 Y84.751
G0 X67.338 Y87.338
G0 X65.152 Y87.59
G0 X65.152 Y87.78
G1 F3000 X64.593 Y87.22 E422.08361
G0 F7200 X63.691 Y87.22
G1 F3000 X63.13 Y87.78 E422.10437
G0 F7200 X63.13 Y87.59
G0 X59.495 Y87.59
G0 X59.495 Y87.78
G1 F3000 X58.936 Y87.22 E422.1251
G0 F7200 X58.034 Y87.22
G1 F3000 X57.474 Y87.78 E422.14584
G0 F7200 X57.474 Y87.59
G0 X53.838 Y87.59
G0 X53.838 Y87.78
G1 F3000 X53.279 Y87.22 E422.16657
G0 F7200 X52.378 Y87.22
G1 F3000 X51.817 Y87.78 E422.18733
G0 F7200 X51.817 Y87.59
G0 X48.181 Y87.59
G0 X48.181 Y87.779
G1 F3000 X47.622 Y87.22 E422.20804
G0 F7200 X46.721 Y87.22
G1 F3000 X46.161 Y87.78 E422.22878
G0 F7200 X46.161 Y87.59
G0 X42.524 Y87.59
G0 X42.524 Y87.779
G1 F3000 X41.965 Y87.22 E422.24949
G0 F7200 X41.064 Y87.22
G1 F3000 X40.504 Y87.78 E422.27023
G0 F7200 X40.504 Y87.59
G0 X36.867 Y87.59
G0 X36.867 Y87.779
G1 F3000 X34.476 Y85.388 E422.3588
G1 X34.406 Y85.318
G0 F7200 X34.513 Y85.578
G0 X36.59 Y85.847
G0 X36.779 Y85.847
G1 F3000 X34.847 Y87.78 E422.43038
G1 X34.777 Y87.85
G0 F7200 X34.777 Y87.59
G0 X67.338 Y87.338
G0 X66.924 Y86.924
;TYPE:WALL-INNER
G1 F2400 X66.589 Y87.1 E422.44029
G1 X37.5 Y87.1 E423.2022
G1 X37.02 Y86.861 E423.21624
G1 X36.9 Y86.501 E423.22618
G1 X36.9 Y85.1 E423.26288
G1 X35.527 Y85.1 E423.29884
G1 X34.967 Y85.143 E423.31355
G1 X34.451 Y85.268 E423.32746
G1 X33.949 Y85.477 E423.3417
G1 X33.499 Y85.751 E423.3555
G1 X33.098 Y86.098 E423.36939
G1 X32.751 Y86.499 E423.38328
G1 X32.476 Y86.95 E423.39711
G1 X32.269 Y87.443 E423.41112
G1 X32.16 Y87.899 E423.4234
G1 X67.9 Y87.9 E424.35951
G1 X67.9 Y12.1 E426.3449
G1 X32.161 Y12.1 E427.28098
G1 X32.265 Y12.547 E427.293
G1 X32.472 Y13.045 E427.30713
G1 X32.75 Y13.497 E427.32103
G1 X33.098 Y13.902 E427.33502
G1 X33.499 Y14.245 E427.34884
G1 X33.951 Y14.524 E427.36275
G1 X34.45 Y14.731 E427.3769
G1 X34.967 Y14.853 E427.39081
G1 X35.529 Y14.9 E427.40558
G1 X36.9 Y14.9 E427.44149
G1 X36.9 Y13.5 E427.47816
G1 X37.02 Y13.139 E427.48813
G1 X37.409 Y12.9 E427.50009
G1 X66.5 Y12.9 E428.26205
G1 X66.924 Y13.076 E428.27407
G1 X67.1 Y13.5 E428.2861
G1 X67.1 Y86.589 E430.20047
G1 X66.924 Y86.924 E430.21038
G0 F7200 X66.698 Y86.535
;TYPE:WALL-OUTER
G1 F1200 X66.642 Y86.642 E430.21354
G1 X66.535 Y86.698 E430.21671
G1 X37.5 Y86.7 E430.9772
G1 X37.34 Y86.621 E430.98188
G1 X37.3 Y86.501 E430.98519
G1 X37.3 Y84.7 E431.03236
G1 X35.512 Y84.7 E431.07919
G1 X34.904 Y84.747 E431.09517
G1 X34.327 Y84.887 E431.11072
G1 X33.767 Y85.119 E431.12659
G1 X33.263 Y85.427 E431.14206
G1 X32.814 Y85.814 E431.15759
G1 X32.427 Y86.263 E431.17312
G1 X32.119 Y86.768 E431.18861
G1 X31.887 Y87.319 E431.20427
G1 X31.747 Y87.911 E431.2202
G1 X31.717 Y88.3 E431.23042
G1 X68.3 Y88.3 E432.18862
G1 X68.3 Y11.7 E434.19495
G1 X31.717 Y11.7 E435.15315
G1 X31.747 Y12.085 E435.16326
G1 X31.883 Y12.67 E435.17899
G1 X32.115 Y13.228 E435.19482
G1 X32.426 Y13.733 E435.21035
G1 X32.814 Y14.186 E435.22598
G1 X33.263 Y14.569 E435.24143
G1 X33.768 Y14.881 E435.25698
G1 X34.326 Y15.113 E435.27281
G1 X34.904 Y15.249 E435.28836
G1 X35.513 Y15.3 E435.30437
G1 X37.3 Y15.3 E435.35118
G1 X37.3 Y13.5 E435.39832
G1 X37.34 Y13.379 E435.40166
G1 X37.465 Y13.302 E435.40551
G1 X66.5 Y13.3 E436.166
G1 X66.642 Y13.358 E436.17002
G1 X66.7 Y13.5 E436.17404
G1 X66.698 Y86.535 E438.08699
G0 F7200 X66.642 Y86.642
G0 X66.573 Y86.678
;MESH:NONMESH
G0 F600 Z3.45
G0 F7200 X66.573 Y87.41
G0 X67.338 Y12.662
G0 X34.848 Y12.41
G0 X34.848 Y12.22
;TIME_ELAPSED:747.844579
;LAYER:21
;TYPE:FILL
;MESH:Wandhalterung TP-Link Media Converter.stl
G1 F3000 X36.78 Y14.153 E438.15858
G1 X36.85 Y14.223
G0 F7200 X36.59 Y14.223
G0 X36.662 Y12.662
G0 X36.867 Y12.22
G1 F3000 X34.476 Y14.612 E438.24716
G1 X34.406 Y14.682
G0 F7200 X34.514 Y14.423
G0 X36.662 Y12.662
G0 X40.504 Y12.41
G0 X40.504 Y12.22
G1 F3000 X41.064 Y12.78 E438.26791
G0 F7200 X41.964 Y12.78
G1 F3000 X42.524 Y12.22 E438.28865
G0 F7200 X42.524 Y12.41
G0 X46.161 Y12.41
G0 X46.161 Y12.22
G1 F3000 X46.721 Y12.78 E438.30939
G0 F7200 X47.621 Y12.78
G1 F3000 X48.181 Y12.22 E438.33014
G0 F7200 X48.181 Y12.41
G0 X51.818 Y12.41
G0 X51.818 Y12.22
G1 F3000 X52.378 Y12.78 E438.35088
G0 F7200 X53.278 Y12.78
G1 F3000 X53.838 Y12.22 E438.37162
G0 F7200 X53.838 Y12.41
G0 X57.475 Y12.41
G0 X57.475 Y12.22
G1 F3000 X58.034 Y12.78 E438.39235
G0 F7200 X58.935 Y12.78
G1 F3000 X59.495 Y12.22 E438.41309
G0 F7200 X59.495 Y12.41
G0 X63.132 Y12.41
G0 X63.132 Y12.22
G1 F3000 X63.691 Y12.78 E438.43381
G0 F7200 X64.591 Y12.78
G1 F3000 X65.151 Y12.22 E438.45456
G0 F7200 X65.151 Y12.41
G0 X67.338 Y12.662
G0 X67.59 Y15.248
G0 X67.78 Y15.248
G1 F3000 X67.22 Y15.808 E438.4753
G0 F7200 X67.22 Y16.308
G1 F3000 X67.78 Y16.869 E438.49606
G0 F7200 X67.59 Y16.869
G0 X67.59 Y20.905
G0 X67.78 Y20.905
G1 F3000 X67.22 Y21.465 E438.51681
G0 F7200 X67.22 Y21.965
G1 F3000 X67.78 Y22.526 E438.53757
G0 F7200 X67.59 Y22.526
G0 X67.59 Y26.562
G0 X67.78 Y26.562
G1 F3000 X67.22 Y27.122 E438.55831
G0 F7200 X67.22 Y27.622
G1 F3000 X67.78 Y28.182 E438.57905
G0 F7200 X67.59 Y28.182
G0 X67.59 Y32.219
G0 X67.78 Y32.219
G1 F3000 X67.22 Y32.779 E438.5998
G0 F7200 X67.22 Y33.279
G1 F3000 X67.78 Y33.839 E438.62054
G0 F7200 X67.59 Y33.839
G0 X67.59 Y37.875
G0 X67.78 Y37.875
G1 F3000 X67.22 Y38.435 E438.64128
G0 F7200 X67.22 Y38.935
G1 F3000 X67.78 Y39.496 E438.66205
G0 F7200 X67.59 Y39.496
G0 X67.59 Y43.532
G0 X67.78 Y43.532
G1 F3000 X67.22 Y44.092 E438.68279
G0 F7200 X67.22 Y44.592
G1 F3000 X67.78 Y45.153 E438.70355
G0 F7200 X67.59 Y45.153
G0 X67.59 Y49.189
G0 X67.78 Y49.189
G1 F3000 X67.22 Y49.749 E438.7243
G0 F7200 X67.22 Y50.249
G1 F3000 X67.78 Y50.81 E438.74506
G0 F7200 X67.59 Y50.81
G0 X67.59 Y54.846
G0 X67.78 Y54.846
G1 F3000 X67.22 Y55.406 E438.7658
G0 F7200 X67.22 Y55.906
G1 F3000 X67.78 Y56.467 E438.78656
G0 F7200 X67.59 Y56.467
G0 X67.59 Y60.503
G0 X67.78 Y60.503
G1 F3000 X67.22 Y61.063 E438.80731
G0 F7200 X67.22 Y61.563
G1 F3000 X67.78 Y62.124 E438.82807
G0 F7200 X67.59 Y62.124
G0 X67.59 Y66.16
G0 X67.78 Y66.16
G1 F3000 X67.22 Y66.72 E438.84881
G0 F7200 X67.22 Y67.22
G1 F3000 X67.78 Y67.78 E438.86955
G0 F7200 X67.59 Y67.78
G0 X67.59 Y71.817
G0 X67.78 Y71.817
G1 F3000 X67.22 Y72.377 E438.8903
G0 F7200 X67.22 Y72.877
G1 F3000 X67.78 Y73.437 E438.91104
G0 F7200 X67.59 Y73.437
G0 X67.59 Y77.473
G0 X67.78 Y77.473
G1 F3000 X67.22 Y78.033 E438.93178
G0 F7200 X67.22 Y78.533
G1 F3000 X67.78 Y79.094 E438.95255
G0 F7200 X67.59 Y79.094
G0 X67.59 Y83.13
G0 X67.78 Y83.13
G1 F3000 X67.22 Y83.69 E438.97329
G0 F7200 X67.22 Y84.19
G1 F3000 X67.78 Y84.751 E438.99405
G0 F7200 X67.59 Y84.751
G0 X67.338 Y87.338
G0 X65.152 Y87.59
G0 X65.152 Y87.78
G1 F3000 X64.593 Y87.22 E439.01478
G0 F7200 X63.691 Y87.22
G1 F3000 X63.13 Y87.78 E439.03554
G0 F7200 X63.13 Y87.59
G0 X59.495 Y87.59
G0 X59.495 Y87.78
G1 F3000 X58.936 Y87.22 E439.05626
G0 F7200 X58.034 Y87.22
G1 F3000 X57.474 Y87.78 E439.07701
G0 F7200 X57.474 Y87.59
G0 X53.838 Y87.59
G0 X53.838 Y87.78
G1 F3000 X53.279 Y87.22 E439.09773
G0 F7200 X52.378 Y87.22
G1 F3000 X51.817 Y87.78 E439.11849
G0 F7200 X51.817 Y87.59
G0 X48.181 Y87.59
G0 X48.181 Y87.779
G1 F3000 X47.622 Y87.22 E439.1392
G0 F7200 X46.721 Y87.22
G1 F3000 X46.161 Y87.78 E439.15994
G0 F7200 X46.161 Y87.59
G0 X42.524 Y87.59
G0 X42.524 Y87.779
G1 F3000 X41.965 Y87.22 E439.18065
G0 F7200 X41.064 Y87.22
G1 F3000 X40.504 Y87.78 E439.20139
G0 F7200 X40.504 Y87.59
G0 X36.867 Y87.59
G0 X36.867 Y87.779
G1 F3000 X34.476 Y85.388 E439.28996
G1 X34.406 Y85.318
G0 F7200 X34.513 Y85.578
G0 X36.59 Y85.847
G0 X36.779 Y85.847
G1 F3000 X34.847 Y87.78 E439.36154
G1 X34.777 Y87.85
G0 F7200 X34.777 Y87.59
G0 X67.338 Y87.338
G0 X66.924 Y86.924
;TYPE:WALL-INNER
G1 F2400 X66.589 Y87.1 E439.37145
G1 X37.5 Y87.1 E440.13336
G1 X37.02 Y86.861 E440.14741
G1 X36.9 Y86.501 E440.15735
G1 X36.9 Y85.1 E440.19404
G1 X35.527 Y85.1 E440.23
G1 X34.967 Y85.143 E440.24471
G1 X34.451 Y85.268 E440.25862
G1 X33.949 Y85.477 E440.27286
G1 X33.499 Y85.751 E440.28666
G1 X33.098 Y86.098 E440.30055
G1 X32.751 Y86.499 E440.31444
G1 X32.476 Y86.95 E440.32828
G1 X32.269 Y87.443 E440.34228
G1 X32.16 Y87.899 E440.35456
G1 X67.9 Y87.9 E441.29068
G1 X67.9 Y12.1 E443.27606
G1 X32.161 Y12.1 E444.21215
G1 X32.265 Y12.547 E444.22417
G1 X32.472 Y13.045 E444.23829
G1 X32.75 Y13.497 E444.25219
G1 X33.098 Y13.902 E444.26618
G1 X33.499 Y14.245 E444.28
G1 X33.951 Y14.524 E444.29391
G1 X34.45 Y14.731 E444.30806
G1 X34.967 Y14.853 E444.32197
G1 X35.529 Y14.9 E444.33675
G1 X36.9 Y14.9 E444.37266
G1 X36.9 Y13.5 E444.40933
G1 X37.02 Y13.139 E444.41929
G1 X37.409 Y12.9 E444.43125
G1 X66.5 Y12.9 E445.19321
G1 X66.924 Y13.076 E445.20523
G1 X67.1 Y13.5 E445.21726
G1 X67.1 Y86.589 E447.13163
G1 X66.924 Y86.924 E447.14154
G0 F7200 X66.698 Y86.535
;TYPE:WALL-OUTER
G1 F1200 X66.642 Y86.642 E447.14471
G1 X66.535 Y86.698 E447.14787
G1 X37.5 Y86.7 E447.90836
G1 X37.34 Y86.621 E447.91304
G1 X37.3 Y86.501 E447.91635
G1 X37.3 Y84.7 E447.96352
G1 X35.512 Y84.7 E448.01036
G1 X34.904 Y84.747 E448.02633
G1 X34.327 Y84.887 E448.04188
G1 X33.767 Y85.119 E448.05776
G1 X33.263 Y85.427 E448.07323
G1 X32.814 Y85.814 E448.08875
G1 X32.427 Y86.263 E448.10428
G1 X32.119 Y86.768 E448.11977
G1 X31.887 Y87.319 E448.13543
G1 X31.747 Y87.911 E448.15136
G1 X31.717 Y88.3 E448.16158
G1 X68.3 Y88.3 E449.11978
G1 X68.3 Y11.7 E451.12611
G1 X31.717 Y11.7 E452.08431
G1 X31.747 Y12.085 E452.09442
G1 X31.883 Y12.67 E452.11015
G1 X32.115 Y13.228 E452.12598
G1 X32.426 Y13.733 E452.14152
G1 X32.814 Y14.186 E452.15714
G1 X33.263 Y14.569 E452.1726
G1 X33.768 Y14.881 E452.18814
G1 X34.326 Y15.113 E452.20397
G1 X34.904 Y15.249 E452.21953
G1 X35.513 Y15.3 E452.23553
G1 X37.3 Y15.3 E452.28234
G1 X37.3 Y13.5 E452.32948
G1 X37.34 Y13.379 E452.33282
G1 X37.465 Y13.302 E452.33667
G1 X66.5 Y13.3 E453.09716
G1 X66.642 Y13.358 E453.10118
G1 X66.7 Y13.5 E453.1052
G1 X66.698 Y86.535 E455.01816
G0 F7200 X66.642 Y86.642
G0 X66.573 Y86.678
;MESH:NONMESH
G0 F600 Z3.6
G0 F7200 X66.573 Y87.41
G0 X67.338 Y12.662
G0 X34.848 Y12.41
G0 X34.848 Y12.22
;TIME_ELAPSED:775.420686
;LAYER:22
;TYPE:FILL
;MESH:Wandhalterung TP-Link Media Converter.stl
G1 F3000 X36.78 Y14.153 E455.08974
G1 X36.85 Y14.223
G0 F7200 X36.59 Y14.223
G0 X36.662 Y12.662
G0 X36.867 Y12.22
G1 F3000 X34.476 Y14.612 E455.17832
G1 X34.406 Y14.682
G0 F7200 X34.514 Y14.423
G0 X36.662 Y12.662
G0 X40.504 Y12.41
G0 X40.504 Y12.22
G1 F3000 X41.064 Y12.78 E455.19907
G0 F7200 X41.964 Y12.78
G1 F3000 X42.524 Y12.22 E455.21981
G0 F7200 X42.524 Y12.41
G0 X46.161 Y12.41
G0 X46.161 Y12.22
G1 F3000 X46.721 Y12.78 E455.24055
G0 F7200 X47.621 Y12.78
G1 F3000 X48.181 Y12.22 E455.2613
G0 F7200 X48.181 Y12.41
G0 X51.818 Y12.41
G0 X51.818 Y12.22
G1 F3000 X52.378 Y12.78 E455.28204
G0 F7200 X53.278 Y12.78
G1 F3000 X53.838 Y12.22 E455.30278
G0 F7200 X53.838 Y12.41
G0 X57.475 Y12.41
G0 X57.475 Y12.22
G1 F3000 X58.034 Y12.78 E455.32351
G0 F7200 X58.935 Y12.78
G1 F3000 X59.495 Y12.22 E455.34425
G0 F7200 X59.495 Y12.41
G0 X63.132 Y12.41
G0 X63.132 Y12.22
G1 F3000 X63.691 Y12.78 E455.36498
G0 F7200 X64.591 Y12.78
G1 F3000 X65.151 Y12.22 E455.38572
G0 F7200 X65.151 Y12.41
G0 X67.338 Y12.662
G0 X67.59 Y15.248
G0 X67.78 Y15.248
G1 F3000 X67.22 Y15.808 E455.40646
G0 F7200 X67.22 Y16.308
G1 F3000 X67.78 Y16.869 E455.42723
G0 F7200 X67.59 Y16.869
G0 X67.59 Y20.905
G0 X67.78 Y20.905
G1 F3000 X67.22 Y21.465 E455.44797
G0 F7200 X67.22 Y21.965
G1 F3000 X67.78 Y22.526 E455.46873
G0 F7200 X67.59 Y22.526
G0 X67.59 Y26.562
G0 X67.78 Y26.562
G1 F3000 X67.22 Y27.122 E455.48947
G0 F7200 X67.22 Y27.622
G1 F3000 X67.78 Y28.182 E455.51022
G0 F7200 X67.59 Y28.182
G0 X67.59 Y32.219
G0 X67.78 Y32.219
G1 F3000 X67.22 Y32.779 E455.53096
G0 F7200 X67.22 Y33.279
G1 F3000 X67.78 Y33.839 E455.5517
G0 F7200 X67.59 Y33.839
G0 X67.59 Y37.875
G0 X67.78 Y37.875
G1 F3000 X67.22 Y38.435 E455.57245
G0 F7200 X67.22 Y38.935
G1 F3000 X67.78 Y39.496 E455.59321
G0 F7200 X67.59 Y39.496
G0 X67.59 Y43.532
G0 X67.78 Y43.532
G1 F3000 X67.22 Y44.092 E455.61395
G0 F7200 X67.22 Y44.592
G1 F3000 X67.78 Y45.153 E455.63471
G0 F7200 X67.59 Y45.153
G0 X67.59 Y49.189
G0 X67.78 Y49.189
G1 F3000 X67.22 Y49.749 E455.65546
G0 F7200 X67.22 Y50.249
G1 F3000 X67.78 Y50.81 E455.67622
G0 F7200 X67.59 Y50.81
G0 X67.59 Y54.846
G0 X67.78 Y54.846
G1 F3000 X67.22 Y55.406 E455.69696
G0 F7200 X67.22 Y55.906
G1 F3000 X67.78 Y56.467 E455.71772
G0 F7200 X67.59 Y56.467
G0 X67.59 Y60.503
G0 X67.78 Y60.503
G1 F3000 X67.22 Y61.063 E455.73847
G0 F7200 X67.22 Y61.563
G1 F3000 X67.78 Y62.124 E455.75923
G0 F7200 X67.59 Y62.124
G0 X67.59 Y66.16
G0 X67.78 Y66.16
G1 F3000 X67.22 Y66.72 E455.77997
G0 F7200 X67.22 Y67.22
G1 F3000 X67.78 Y67.78 E455.80072
G0 F7200 X67.59 Y67.78
G0 X67.59 Y71.817
G0 X67.78 Y71.817
G1 F3000 X67.22 Y72.377 E455.82146
G0 F7200 X67.22 Y72.877
G1 F3000 X67.78 Y73.437 E455.8422
G0 F7200 X67.59 Y73.437
G0 X67.59 Y77.473
G0 X67.78 Y77.473
G1 F3000 X67.22 Y78.033 E455.86295
G0 F7200 X67.22 Y78.533
G1 F3000 X67.78 Y79.094 E455.88371
G0 F7200 X67.59 Y79.094
G0 X67.59 Y83.13
G0 X67.78 Y83.13
G1 F3000 X67.22 Y83.69 E455.90445
G0 F7200 X67.22 Y84.19
G1 F3000 X67.78 Y84.751 E455.92521
G0 F7200 X67.59 Y84.751
G0 X67.338 Y87.338
G0 X65.152 Y87.59
G0 X65.152 Y87.78
G1 F3000 X64.593 Y87.22 E455.94594
G0 F7200 X63.691 Y87.22
G1 F3000 X63.13 Y87.78 E455.9667
G0 F7200 X63.13 Y87.59
G0 X59.495 Y87.59
G0 X59.495 Y87.78
G1 F3000 X58.936 Y87.22 E455.98742
G0 F7200 X58.034 Y87.22
G1 F3000 X57.474 Y87.78 E456.00817
G0 F7200 X57.474 Y87.59
G0 X53.838 Y87.59
G0 X53.838 Y87.78
G1 F3000 X53.279 Y87.22 E456.02889
G0 F7200 X52.378 Y87.22
G1 F3000 X51.817 Y87.78 E456.04965
G0 F7200 X51.817 Y87.59
G0 X48.181 Y87.59
G0 X48.181 Y87.779
G1 F3000 X47.622 Y87.22 E456.07036
G0 F7200 X46.721 Y87.22
G1 F3000 X46.161 Y87.78 E456.0911
G0 F7200 X46.161 Y87.59
G0 X42.524 Y87.59
G0 X42.524 Y87.779
G1 F3000 X41.965 Y87.22 E456.11181
G0 F7200 X41.064 Y87.22
G1 F3000 X40.504 Y87.78 E456.13255
G0 F7200 X40.504 Y87.59
G0 X36.867 Y87.59
G0 X36.867 Y87.779
G1 F3000 X34.476 Y85.388 E456.22112
G1 X34.406 Y85.318
G0 F7200 X34.513 Y85.578
G0 X36.59 Y85.847
G0 X36.779 Y85.847
G1 F3000 X34.847 Y87.78 E456.2927
G1 X34.777 Y87.85
G0 F7200 X34.777 Y87.59
G0 X67.338 Y87.338
G0 X66.924 Y86.924
;TYPE:WALL-INNER
G1 F2400 X66.589 Y87.1 E456.30261
G1 X37.5 Y87.1 E457.06452
G1 X37.02 Y86.861 E457.07857
G1 X36.9 Y86.501 E457.08851
G1 X36.9 Y85.1 E457.1252
G1 X35.527 Y85.1 E457.16116
G1 X34.967 Y85.143 E457.17588
G1 X34.451 Y85.268 E457.18978
G1 X33.949 Y85.477 E457.20402
G1 X33.499 Y85.751 E457.21782
G1 X33.098 Y86.098 E457.23171
G1 X32.751 Y86.499 E457.2456
G1 X32.476 Y86.95 E457.25944
G1 X32.269 Y87.443 E457.27344
G1 X32.16 Y87.899 E457.28572
G1 X67.9 Y87.9 E458.22184
G1 X67.9 Y12.1 E460.20722
G1 X32.161 Y12.1 E461.14331
G1 X32.265 Y12.547 E461.15533
G1 X32.472 Y13.045 E461.16945
G1 X32.75 Y13.497 E461.18335
G1 X33.098 Y13.902 E461.19734
G1 X33.499 Y14.245 E461.21116
G1 X33.951 Y14.524 E461.22507
G1 X34.45 Y14.731 E461.23922
G1 X34.967 Y14.853 E461.25314
G1 X35.529 Y14.9 E461.26791
G1 X36.9 Y14.9 E461.30382
G1 X36.9 Y13.5 E461.34049
G1 X37.02 Y13.139 E461.35045
G1 X37.409 Y12.9 E461.36241
G1 X66.5 Y12.9 E462.12437
G1 X66.924 Y13.076 E462.1364
G1 X67.1 Y13.5 E462.14842
G1 X67.1 Y86.589 E464.06279
G1 X66.924 Y86.924 E464.0727
G0 F7200 X66.698 Y86.535
;TYPE:WALL-OUTER
G1 F1200 X66.642 Y86.642 E464.07587
G1 X66.535 Y86.698 E464.07903
G1 X37.5 Y86.7 E464.83953
G1 X37.34 Y86.621 E464.8442
G1 X37.3 Y86.501 E464.84751
G1 X37.3 Y84.7 E464.89469
G1 X35.512 Y84.7 E464.94152
G1 X34.904 Y84.747 E464.95749
G1 X34.327 Y84.887 E464.97304
G1 X33.767 Y85.119 E464.98892
G1 X33.263 Y85.427 E465.00439
G1 X32.814 Y85.814 E465.01991
G1 X32.427 Y86.263 E465.03544
G1 X32.119 Y86.768 E465.05093
G1 X31.887 Y87.319 E465.06659
G1 X31.747 Y87.911 E465.08253
G1 X31.717 Y88.3 E465.09275
G1 X68.3 Y88.3 E466.05094
G1 X68.3 Y11.7 E468.05727
G1 X31.717 Y11.7 E469.01547
G1 X31.747 Y12.085 E469.02558
G1 X31.883 Y12.67 E469.04132
G1 X32.115 Y13.228 E469.05714
G1 X32.426 Y13.733 E469.07268
G1 X32.814 Y14.186 E469.0883
G1 X33.263 Y14.569 E469.10376
G1 X33.768 Y14.881 E469.11931
G1 X34.326 Y15.113 E469.13513
G1 X34.904 Y15.249 E469.15069
G1 X35.513 Y15.3 E469.16669
G1 X37.3 Y15.3 E469.2135
G1 X37.3 Y13.5 E469.26065
G1 X37.34 Y13.379 E469.26398
G1 X37.465 Y13.302 E469.26783
G1 X66.5 Y13.3 E470.02832
G1 X66.642 Y13.358 E470.03234
G1 X66.7 Y13.5 E470.03636
G1 X66.698 Y86.535 E471.94932
G0 F7200 X66.642 Y86.642
G0 X66.573 Y86.678
;MESH:NONMESH
G0 F600 Z3.75
G0 F7200 X66.573 Y87.41
G0 X67.338 Y12.662
G0 X34.848 Y12.41
G0 X34.848 Y12.22
;TIME_ELAPSED:802.996792
;LAYER:23
;TYPE:FILL
;MESH:Wandhalterung TP-Link Media Converter.stl
G1 F3000 X36.78 Y14.153 E472.0209
G1 X36.85 Y14.223
G0 F7200 X36.59 Y14.223
G0 X36.662 Y12.662
G0 X36.867 Y12.22
G1 F3000 X34.476 Y14.612 E472.10949
G1 X34.406 Y14.682
G0 F7200 X34.514 Y14.423
G0 X36.662 Y12.662
G0 X40.504 Y12.41
G0 X40.504 Y12.22
G1 F3000 X41.064 Y12.78 E472.13023
G0 F7200 X41.964 Y12.78
G1 F3000 X42.524 Y12.22 E472.15097
G0 F7200 X42.524 Y12.41
G0 X46.161 Y12.41
G0 X46.161 Y12.22
G1 F3000 X46.721 Y12.78 E472.17172
G0 F7200 X47.621 Y12.78
G1 F3000 X48.181 Y12.22 E472.19246
G0 F7200 X48.181 Y12.41
G0 X51.818 Y12.41
G0 X51.818 Y12.22
G1 F3000 X52.378 Y12.78 E472.2132
G0 F7200 X53.278 Y12.78
G1 F3000 X53.838 Y12.22 E472.23395
G0 F7200 X53.838 Y12.41
G0 X57.475 Y12.41
G0 X57.475 Y12.22
G1 F3000 X58.034 Y12.78 E472.25467
G0 F7200 X58.935 Y12.78
G1 F3000 X59.495 Y12.22 E472.27541
G0 F7200 X59.495 Y12.41
G0 X63.132 Y12.41
G0 X63.132 Y12.22
G1 F3000 X63.691 Y12.78 E472.29614
G0 F7200 X64.591 Y12.78
G1 F3000 X65.151 Y12.22 E472.31688
G0 F7200 X65.151 Y12.41
G0 X67.338 Y12.662
G0 X67.59 Y15.248
G0 X67.78 Y15.248
G1 F3000 X67.22 Y15.808 E472.33763
G0 F7200 X67.22 Y16.308
G1 F3000 X67.78 Y16.869 E472.35839
G0 F7200 X67.59 Y16.869
G0 X67.59 Y20.905
G0 X67.78 Y20.905
G1 F3000 X67.22 Y21.465 E472.37913
G0 F7200 X67.22 Y21.965
G1 F3000 X67.78 Y22.526 E472.39989
G0 F7200 X67.59 Y22.526
G0 X67.59 Y26.562
G0 X67.78 Y26.562
G1 F3000 X67.22 Y27.122 E472.42064
G0 F7200 X67.22 Y27.622
G1 F3000 X67.78 Y28.182 E472.44138
G0 F7200 X67.59 Y28.182
G0 X67.59 Y32.219
G0 X67.78 Y32.219
G1 F3000 X67.22 Y32.779 E472.46212
G0 F7200 X67.22 Y33.279
G1 F3000 X67.78 Y33.839 E472.48287
G0 F7200 X67.59 Y33.839
G0 X67.59 Y37.875
G0 X67.78 Y37.875
G1 F3000 X67.22 Y38.435 E472.50361
G0 F7200 X67.22 Y38.935
G1 F3000 X67.78 Y39.496 E472.52437
G0 F7200 X67.59 Y39.496
G0 X67.59 Y43.532
G0 X67.78 Y43.532
G1 F3000 X67.22 Y44.092 E472.54511
G0 F7200 X67.22 Y44.592
G1 F3000 X67.78 Y45.153 E472.56588
G0 F7200 X67.59 Y45.153
G0 X67.59 Y49.189
G0 X67.78 Y49.189
G1 F3000 X67.22 Y49.749 E472.58662
G0 F7200 X67.22 Y50.249
G1 F3000 X67.78 Y50.81 E472.60738
G0 F7200 X67.59 Y50.81
G0 X67.59 Y54.846
G0 X67.78 Y54.846
G1 F3000 X67.22 Y55.406 E472.62812
G0 F7200 X67.22 Y55.906
G1 F3000 X67.78 Y56.467 E472.64889
G0 F7200 X67.59 Y56.467
G0 X67.59 Y60.503
G0 X67.78 Y60.503
G1 F3000 X67.22 Y61.063 E472.66963
G0 F7200 X67.22 Y61.563
G1 F3000 X67.78 Y62.124 E472.69039
G0 F7200 X67.59 Y62.124
G0 X67.59 Y66.16
G0 X67.78 Y66.16
G1 F3000 X67.22 Y66.72 E472.71113
G0 F7200 X67.22 Y67.22
G1 F3000 X67.78 Y67.78 E472.73188
G0 F7200 X67.59 Y67.78
G0 X67.59 Y71.817
G0 X67.78 Y71.817
G1 F3000 X67.22 Y72.377 E472.75262
G0 F7200 X67.22 Y72.877
G1 F3000 X67.78 Y73.437 E472.77336
G0 F7200 X67.59 Y73.437
G0 X67.59 Y77.473
G0 X67.78 Y77.473
G1 F3000 X67.22 Y78.033 E472.79411
G0 F7200 X67.22 Y78.533
G1 F3000 X67.78 Y79.094 E472.81487
G0 F7200 X67.59 Y79.094
G0 X67.59 Y83.13
G0 X67.78 Y83.13
G1 F3000 X67.22 Y83.69 E472.83561
G0 F7200 X67.22 Y84.19
G1 F3000 X67.78 Y84.751 E472.85637
G0 F7200 X67.59 Y84.751
G0 X67.338 Y87.338
G0 X65.152 Y87.59
G0 X65.152 Y87.78
G1 F3000 X64.593 Y87.22 E472.8771
G0 F7200 X63.691 Y87.22
G1 F3000 X63.13 Y87.78 E472.89786
G0 F7200 X63.13 Y87.59
G0 X59.495 Y87.59
G0 X59.495 Y87.78
G1 F3000 X58.936 Y87.22 E472.91859
G0 F7200 X58.034 Y87.22
G1 F3000 X57.474 Y87.78 E472.93933
G0 F7200 X57.474 Y87.59
G0 X53.838 Y87.59
G0 X53.838 Y87.78
G1 F3000 X53.279 Y87.22 E472.96005
G0 F7200 X52.378 Y87.22
G1 F3000 X51.817 Y87.78 E472.98082
G0 F7200 X51.817 Y87.59
G0 X48.181 Y87.59
G0 X48.181 Y87.779
G1 F3000 X47.622 Y87.22 E473.00152
G0 F7200 X46.721 Y87.22
G1 F3000 X46.161 Y87.78 E473.02227
G0 F7200 X46.161 Y87.59
G0 X42.524 Y87.59
G0 X42.524 Y87.779
G1 F3000 X41.965 Y87.22 E473.04297
G0 F7200 X41.064 Y87.22
G1 F3000 X40.504 Y87.78 E473.06371
G0 F7200 X40.504 Y87.59
G0 X36.867 Y87.59
G0 X36.867 Y87.779
G1 F3000 X34.476 Y85.388 E473.15228
G1 X34.406 Y85.318
G0 F7200 X34.513 Y85.578
G0 X36.59 Y85.847
G0 X36.779 Y85.847
G1 F3000 X34.847 Y87.78 E473.22386
G1 X34.777 Y87.85
G0 F7200 X34.777 Y87.59
G0 X67.338 Y87.338
G0 X66.924 Y86.924
;TYPE:WALL-INNER
G1 F2400 X66.589 Y87.1 E473.23378
G1 X37.5 Y87.1 E473.99569
G1 X37.02 Y86.861 E474.00973
G1 X36.9 Y86.501 E474.01967
G1 X36.9 Y85.1 E474.05636
G1 X35.527 Y85.1 E474.09233
G1 X34.967 Y85.143 E474.10704
G1 X34.451 Y85.268 E474.12094
G1 X33.949 Y85.477 E474.13519
G1 X33.499 Y85.751 E474.14899
G1 X33.098 Y86.098 E474.16288
G1 X32.751 Y86.499 E474.17677
G1 X32.476 Y86.95 E474.1906
G1 X32.269 Y87.443 E474.20461
G1 X32.16 Y87.899 E474.21689
G1 X67.9 Y87.9 E475.153
G1 X67.9 Y12.1 E477.13838
G1 X32.161 Y12.1 E478.07447
G1 X32.265 Y12.547 E478.08649
G1 X32.472 Y13.045 E478.10062
G1 X32.75 Y13.497 E478.11452
G1 X33.098 Y13.902 E478.1285
G1 X33.499 Y14.245 E478.14232
G1 X33.951 Y14.524 E478.15624
G1 X34.45 Y14.731 E478.17039
G1 X34.967 Y14.853 E478.1843
G1 X35.529 Y14.9 E478.19907
G1 X36.9 Y14.9 E478.23498
G1 X36.9 Y13.5 E478.27165
G1 X37.02 Y13.139 E478.28161
G1 X37.409 Y12.9 E478.29357
G1 X66.5 Y12.9 E479.05553
G1 X66.924 Y13.076 E479.06756
G1 X67.1 Y13.5 E479.07958
G1 X67.1 Y86.589 E480.99395
G1 X66.924 Y86.924 E481.00387
G0 F7200 X66.698 Y86.535
;TYPE:WALL-OUTER
G1 F1200 X66.642 Y86.642 E481.00703
G1 X66.535 Y86.698 E481.01019
G1 X37.5 Y86.7 E481.77069
G1 X37.34 Y86.621 E481.77536
G1 X37.3 Y86.501 E481.77868
G1 X37.3 Y84.7 E481.82585
G1 X35.512 Y84.7 E481.87268
G1 X34.904 Y84.747 E481.88865
G1 X34.327 Y84.887 E481.9042
G1 X33.767 Y85.119 E481.92008
G1 X33.263 Y85.427 E481.93555
G1 X32.814 Y85.814 E481.95108
G1 X32.427 Y86.263 E481.9666
G1 X32.119 Y86.768 E481.9821
G1 X31.887 Y87.319 E481.99775
G1 X31.747 Y87.911 E482.01369
G1 X31.717 Y88.3 E482.02391
G1 X68.3 Y88.3 E482.9821
G1 X68.3 Y11.7 E484.98844
G1 X31.717 Y11.7 E485.94663
G1 X31.747 Y12.085 E485.95675
G1 X31.883 Y12.67 E485.97248
G1 X32.115 Y13.228 E485.98831
G1 X32.426 Y13.733 E486.00384
G1 X32.814 Y14.186 E486.01946
G1 X33.263 Y14.569 E486.03492
G1 X33.768 Y14.881 E486.05047
G1 X34.326 Y15.113 E486.0663
G1 X34.904 Y15.249 E486.08185
G1 X35.513 Y15.3 E486.09786
G1 X37.3 Y15.3 E486.14466
G1 X37.3 Y13.5 E486.19181
G1 X37.34 Y13.379 E486.19515
G1 X37.465 Y13.302 E486.19899
G1 X66.5 Y13.3 E486.95949
G1 X66.642 Y13.358 E486.9635
G1 X66.7 Y13.5 E486.96752
G1 X66.698 Y86.535 E488.88048
G0 F7200 X66.642 Y86.642
G0 X66.573 Y86.678
;MESH:NONMESH
G0 F600 Z3.9
G0 F7200 X66.573 Y87.41
G0 X67.338 Y12.662
G0 X34.848 Y12.41
G0 X34.848 Y12.22
;TIME_ELAPSED:830.572899
;LAYER:24
;TYPE:FILL
;MESH:Wandhalterung TP-Link Media Converter.stl
G1 F3000 X36.78 Y14.153 E488.95206
G1 X36.85 Y14.223
G0 F7200 X36.59 Y14.223
G0 X36.662 Y12.662
G0 X36.867 Y12.22
G1 F3000 X34.476 Y14.612 E489.04065
G1 X34.406 Y14.682
G0 F7200 X34.514 Y14.423
G0 X36.662 Y12.662
G0 X40.504 Y12.41
G0 X40.504 Y12.22
G1 F3000 X41.064 Y12.78 E489.06139
G0 F7200 X41.964 Y12.78
G1 F3000 X42.524 Y12.22 E489.08213
G0 F7200 X42.524 Y12.41
G0 X46.161 Y12.41
G0 X46.161 Y12.22
G1 F3000 X46.721 Y12.78 E489.10288
G0 F7200 X47.621 Y12.78
G1 F3000 X48.181 Y12.22 E489.12362
G0 F7200 X48.181 Y12.41
G0 X51.818 Y12.41
G0 X51.818 Y12.22
G1 F3000 X52.378 Y12.78 E489.14436
G0 F7200 X53.278 Y12.78
G1 F3000 X53.838 Y12.22 E489.16511
G0 F7200 X53.838 Y12.41
G0 X57.475 Y12.41
G0 X57.475 Y12.22
G1 F3000 X58.034 Y12.78 E489.18583
G0 F7200 X58.935 Y12.78
G1 F3000 X59.495 Y12.22 E489.20658
G0 F7200 X59.495 Y12.41
G0 X63.132 Y12.41
G0 X63.132 Y12.22
G1 F3000 X63.691 Y12.78 E489.2273
G0 F7200 X64.591 Y12.78
G1 F3000 X65.151 Y12.22 E489.24804
G0 F7200 X65.151 Y12.41
G0 X67.338 Y12.662
G0 X67.59 Y15.248
G0 X67.78 Y15.248
G1 F3000 X67.22 Y15.808 E489.26879
G0 F7200 X67.22 Y16.308
G1 F3000 X67.78 Y16.869 E489.28955
G0 F7200 X67.59 Y16.869
G0 X67.59 Y20.905
G0 X67.78 Y20.905
G1 F3000 X67.22 Y21.465 E489.31029
G0 F7200 X67.22 Y21.965
G1 F3000 X67.78 Y22.526 E489.33105
G0 F7200 X67.59 Y22.526
G0 X67.59 Y26.562
G0 X67.78 Y26.562
G1 F3000 X67.22 Y27.122 E489.3518
G0 F7200 X67.22 Y27.622
G1 F3000 X67.78 Y28.182 E489.37254
G0 F7200 X67.59 Y28.182
G0 X67.59 Y32.219
G0 X67.78 Y32.219
G1 F3000 X67.22 Y32.779 E489.39328
G0 F7200 X67.22 Y33.279
G1 F3000 X67.78 Y33.839 E489.41403
G0 F7200 X67.59 Y33.839
G0 X67.59 Y37.875
G0 X67.78 Y37.875
G1 F3000 X67.22 Y38.435 E489.43477
G0 F7200 X67.22 Y38.935
G1 F3000 X67.78 Y39.496 E489.45553
G0 F7200 X67.59 Y39.496
G0 X67.59 Y43.532
G0 X67.78 Y43.532
G1 F3000 X67.22 Y44.092 E489.47628
G0 F7200 X67.22 Y44.592
G1 F3000 X67.78 Y45.153 E489.49704
G0 F7200 X67.59 Y45.153
G0 X67.59 Y49.189
G0 X67.78 Y49.189
G1 F3000 X67.22 Y49.749 E489.51778
G0 F7200 X67.22 Y50.249
G1 F3000 X67.78 Y50.81 E489.53854
G0 F7200 X67.59 Y50.81
G0 X67.59 Y54.846
G0 X67.78 Y54.846
G1 F3000 X67.22 Y55.406 E489.55929
G0 F7200 X67.22 Y55.906
G1 F3000 X67.78 Y56.467 E489.58005
G0 F7200 X67.59 Y56.467
G0 X67.59 Y60.503
G0 X67.78 Y60.503
G1 F3000 X67.22 Y61.063 E489.60079
G0 F7200 X67.22 Y61.563
G1 F3000 X67.78 Y62.124 E489.62155
G0 F7200 X67.59 Y62.124
G0 X67.59 Y66.16
G0 X67.78 Y66.16
G1 F3000 X67.22 Y66.72 E489.6423
G0 F7200 X67.22 Y67.22
G1 F3000 X67.78 Y67.78 E489.66304
G0 F7200 X67.59 Y67.78
G0 X67.59 Y71.817
G0 X67.78 Y71.817
G1 F3000 X67.22 Y72.377 E489.68378
G0 F7200 X67.22 Y72.877
G1 F3000 X67.78 Y73.437 E489.70453
G0 F7200 X67.59 Y73.437
G0 X67.59 Y77.473
G0 X67.78 Y77.473
G1 F3000 X67.22 Y78.033 E489.72527
G0 F7200 X67.22 Y78.533
G1 F3000 X67.78 Y79.094 E489.74603
G0 F7200 X67.59 Y79.094
G0 X67.59 Y83.13
G0 X67.78 Y83.13
G1 F3000 X67.22 Y83.69 E489.76677
G0 F7200 X67.22 Y84.19
G1 F3000 X67.78 Y84.751 E489.78754
G0 F7200 X67.59 Y84.751
G0 X67.338 Y87.338
G0 X65.152 Y87.59
G0 X65.152 Y87.78
G1 F3000 X64.593 Y87.22 E489.80826
G0 F7200 X63.691 Y87.22
G1 F3000 X63.13 Y87.78 E489.82902
G0 F7200 X63.13 Y87.59
G0 X59.495 Y87.59
G0 X59.495 Y87.78
G1 F3000 X58.936 Y87.22 E489.84975
G0 F7200 X58.034 Y87.22
G1 F3000 X57.474 Y87.78 E489.87049
G0 F7200 X57.474 Y87.59
G0 X53.838 Y87.59
G0 X53.838 Y87.78
G1 F3000 X53.279 Y87.22 E489.89122
G0 F7200 X52.378 Y87.22
G1 F3000 X51.817 Y87.78 E489.91198
G0 F7200 X51.817 Y87.59
G0 X48.181 Y87.59
G0 X48.181 Y87.779
G1 F3000 X47.622 Y87.22 E489.93268
G0 F7200 X46.721 Y87.22
G1 F3000 X46.161 Y87.78 E489.95343
G0 F7200 X46.161 Y87.59
G0 X42.524 Y87.59
G0 X42.524 Y87.779
G1 F3000 X41.965 Y87.22 E489.97413
G0 F7200 X41.064 Y87.22
G1 F3000 X40.504 Y87.78 E489.99488
G0 F7200 X40.504 Y87.59
G0 X36.867 Y87.59
G0 X36.867 Y87.779
G1 F3000 X34.476 Y85.388 E490.08344
G1 X34.406 Y85.318
G0 F7200 X34.513 Y85.578
G0 X36.59 Y85.847
G0 X36.779 Y85.847
G1 F3000 X34.847 Y87.78 E490.15503
G1 X34.777 Y87.85
G0 F7200 X34.777 Y87.59
G0 X67.338 Y87.338
G0 X66.924 Y86.924
;TYPE:WALL-INNER
G1 F2400 X66.589 Y87.1 E490.16494
G1 X37.5 Y87.1 E490.92685
G1 X37.02 Y86.861 E490.94089
G1 X36.9 Y86.501 E490.95083
G1 X36.9 Y85.1 E490.98753
G1 X35.527 Y85.1 E491.02349
G1 X34.967 Y85.143 E491.0382
G1 X34.451 Y85.268 E491.05211
G1 X33.949 Y85.477 E491.06635
G1 X33.499 Y85.751 E491.08015
G1 X33.098 Y86.098 E491.09404
G1 X32.751 Y86.499 E491.10793
G1 X32.476 Y86.95 E491.12176
G1 X32.269 Y87.443 E491.13577
G1 X32.16 Y87.899 E491.14805
G1 X67.9 Y87.9 E492.08416
G1 X67.9 Y12.1 E494.06954
G1 X32.161 Y12.1 E495.00563
G1 X32.265 Y12.547 E495.01765
G1 X32.472 Y13.045 E495.03178
G1 X32.75 Y13.497 E495.04568
G1 X33.098 Y13.902 E495.05966
G1 X33.499 Y14.245 E495.07348
G1 X33.951 Y14.524 E495.0874
G1 X34.45 Y14.731 E495.10155
G1 X34.967 Y14.853 E495.11546
G1 X35.529 Y14.9 E495.13023
G1 X36.9 Y14.9 E495.16614
G1 X36.9 Y13.5 E495.20281
G1 X37.02 Y13.139 E495.21278
G1 X37.409 Y12.9 E495.22473
G1 X66.5 Y12.9 E495.9867
G1 X66.924 Y13.076 E495.99872
G1 X67.1 Y13.5 E496.01074
G1 X67.1 Y86.589 E497.92512
G1 X66.924 Y86.924 E497.93503
G0 F7200 X66.698 Y86.535
;TYPE:WALL-OUTER
G1 F1200 X66.642 Y86.642 E497.93819
G1 X66.535 Y86.698 E497.94136
G1 X37.5 Y86.7 E498.70185
G1 X37.34 Y86.621 E498.70652
G1 X37.3 Y86.501 E498.70984
G1 X37.3 Y84.7 E498.75701
G1 X35.512 Y84.7 E498.80384
G1 X34.904 Y84.747 E498.81981
G1 X34.327 Y84.887 E498.83537
G1 X33.767 Y85.119 E498.85124
G1 X33.263 Y85.427 E498.86671
G1 X32.814 Y85.814 E498.88224
G1 X32.427 Y86.263 E498.89776
G1 X32.119 Y86.768 E498.91326
G1 X31.887 Y87.319 E498.92892
G1 X31.747 Y87.911 E498.94485
G1 X31.717 Y88.3 E498.95507
G1 X68.3 Y88.3 E499.91326
G1 X68.3 Y11.7 E501.9196
G1 X31.717 Y11.7 E502.87779
G1 X31.747 Y12.085 E502.88791
G1 X31.883 Y12.67 E502.90364
G1 X32.115 Y13.228 E502.91947
G1 X32.426 Y13.733 E502.935
G1 X32.814 Y14.186 E502.95062
G1 X33.263 Y14.569 E502.96608
G1 X33.768 Y14.881 E502.98163
G1 X34.326 Y15.113 E502.99746
G1 X34.904 Y15.249 E503.01301
G1 X35.513 Y15.3 E503.02902
G1 X37.3 Y15.3 E503.07582
G1 X37.3 Y13.5 E503.12297
G1 X37.34 Y13.379 E503.12631
G1 X37.465 Y13.302 E503.13015
G1 X66.5 Y13.3 E503.89065
G1 X66.642 Y13.358 E503.89467
G1 X66.7 Y13.5 E503.89868
G1 X66.698 Y86.535 E505.81164
G0 F7200 X66.642 Y86.642
G0 X66.573 Y86.678
;MESH:NONMESH
G0 F600 Z4.05
G0 F7200 X66.573 Y87.41
G0 X67.338 Y12.662
G0 X34.848 Y12.41
G0 X34.848 Y12.22
;TIME_ELAPSED:858.149006
;LAYER:25
;TYPE:FILL
;MESH:Wandhalterung TP-Link Media Converter.stl
G1 F3000 X36.78 Y14.153 E505.88323
G1 X36.85 Y14.223
G0 F7200 X36.59 Y14.223
G0 X36.662 Y12.662
G0 X36.867 Y12.22
G1 F3000 X34.476 Y14.612 E505.97181
G1 X34.406 Y14.682
G0 F7200 X34.514 Y14.423
G0 X36.662 Y12.662
G0 X40.504 Y12.41
G0 X40.504 Y12.22
G1 F3000 X41.064 Y12.78 E505.99255
G0 F7200 X41.964 Y12.78
G1 F3000 X42.524 Y12.22 E506.0133
G0 F7200 X42.524 Y12.41
G0 X46.161 Y12.41
G0 X46.161 Y12.22
G1 F3000 X46.721 Y12.78 E506.03404
G0 F7200 X47.621 Y12.78
G1 F3000 X48.181 Y12.22 E506.05478
G0 F7200 X48.181 Y12.41
G0 X51.818 Y12.41
G0 X51.818 Y12.22
G1 F3000 X52.378 Y12.78 E506.07553
G0 F7200 X53.278 Y12.78
G1 F3000 X53.838 Y12.22 E506.09627
G0 F7200 X53.838 Y12.41
G0 X57.475 Y12.41
G0 X57.475 Y12.22
G1 F3000 X58.034 Y12.78 E506.11699
G0 F7200 X58.935 Y12.78
G1 F3000 X59.495 Y12.22 E506.13774
G0 F7200 X59.495 Y12.41
G0 X63.132 Y12.41
G0 X63.132 Y12.22
G1 F3000 X63.691 Y12.78 E506.15846
G0 F7200 X64.591 Y12.78
G1 F3000 X65.151 Y12.22 E506.17921
G0 F7200 X65.151 Y12.41
G0 X67.338 Y12.662
G0 X67.59 Y15.248
G0 X67.78 Y15.248
G1 F3000 X67.22 Y15.808 E506.19995
G0 F7200 X67.22 Y16.308
G1 F3000 X67.78 Y16.869 E506.22071
G0 F7200 X67.59 Y16.869
G0 X67.59 Y20.905
G0 X67.78 Y20.905
G1 F3000 X67.22 Y21.465 E506.24145
G0 F7200 X67.22 Y21.965
G1 F3000 X67.78 Y22.526 E506.26222
G0 F7200 X67.59 Y22.526
G0 X67.59 Y26.562
G0 X67.78 Y26.562
G1 F3000 X67.22 Y27.122 E506.28296
G0 F7200 X67.22 Y27.622
G1 F3000 X67.78 Y28.182 E506.3037
G0 F7200 X67.59 Y28.182
G0 X67.59 Y32.219
G0 X67.78 Y32.219
G1 F3000 X67.22 Y32.779 E506.32445
G0 F7200 X67.22 Y33.279
G1 F3000 X67.78 Y33.839 E506.34519
G0 F7200 X67.59 Y33.839
G0 X67.59 Y37.875
G0 X67.78 Y37.875
G1 F3000 X67.22 Y38.435 E506.36593
G0 F7200 X67.22 Y38.935
G1 F3000 X67.78 Y39.496 E506.38669
G0 F7200 X67.59 Y39.496
G0 X67.59 Y43.532
G0 X67.78 Y43.532
G1 F3000 X67.22 Y44.092 E506.40744
G0 F7200 X67.22 Y44.592
G1 F3000 X67.78 Y45.153 E506.4282
G0 F7200 X67.59 Y45.153
G0 X67.59 Y49.189
G0 X67.78 Y49.189
G1 F3000 X67.22 Y49.749 E506.44894
G0 F7200 X67.22 Y50.249
G1 F3000 X67.78 Y50.81 E506.4697
G0 F7200 X67.59 Y50.81
G0 X67.59 Y54.846
G0 X67.78 Y54.846
G1 F3000 X67.22 Y55.406 E506.49045
G0 F7200 X67.22 Y55.906
G1 F3000 X67.78 Y56.467 E506.51121
G0 F7200 X67.59 Y56.467
G0 X67.59 Y60.503
G0 X67.78 Y60.503
G1 F3000 X67.22 Y61.063 E506.53195
G0 F7200 X67.22 Y61.563
G1 F3000 X67.78 Y62.124 E506.55271
G0 F7200 X67.59 Y62.124
G0 X67.59 Y66.16
G0 X67.78 Y66.16
G1 F3000 X67.22 Y66.72 E506.57346
G0 F7200 X67.22 Y67.22
G1 F3000 X67.78 Y67.78 E506.5942
G0 F7200 X67.59 Y67.78
G0 X67.59 Y71.817
G0 X67.78 Y71.817
G1 F3000 X67.22 Y72.377 E506.61494
G0 F7200 X67.22 Y72.877
G1 F3000 X67.78 Y73.437 E506.63569
G0 F7200 X67.59 Y73.437
G0 X67.59 Y77.473
G0 X67.78 Y77.473
G1 F3000 X67.22 Y78.033 E506.65643
G0 F7200 X67.22 Y78.533
G1 F3000 X67.78 Y79.094 E506.67719
G0 F7200 X67.59 Y79.094
G0 X67.59 Y83.13
G0 X67.78 Y83.13
G1 F3000 X67.22 Y83.69 E506.69794
G0 F7200 X67.22 Y84.19
G1 F3000 X67.78 Y84.751 E506.7187
G0 F7200 X67.59 Y84.751
G0 X67.338 Y87.338
G0 X65.152 Y87.59
G0 X65.152 Y87.78
G1 F3000 X64.593 Y87.22 E506.73942
G0 F7200 X63.691 Y87.22
G1 F3000 X63.13 Y87.78 E506.76018
G0 F7200 X63.13 Y87.59
G0 X59.495 Y87.59
G0 X59.495 Y87.78
G1 F3000 X58.936 Y87.22 E506.78091
G0 F7200 X58.034 Y87.22
G1 F3000 X57.474 Y87.78 E506.80165
G0 F7200 X57.474 Y87.59
G0 X53.838 Y87.59
G0 X53.838 Y87.78
G1 F3000 X53.279 Y87.22 E506.82238
G0 F7200 X52.378 Y87.22
G1 F3000 X51.817 Y87.78 E506.84314
G0 F7200 X51.817 Y87.59
G0 X48.181 Y87.59
G0 X48.181 Y87.779
G1 F3000 X47.622 Y87.22 E506.86385
G0 F7200 X46.721 Y87.22
G1 F3000 X46.161 Y87.78 E506.88459
G0 F7200 X46.161 Y87.59
G0 X42.524 Y87.59
G0 X42.524 Y87.779
G1 F3000 X41.965 Y87.22 E506.9053
G0 F7200 X41.064 Y87.22
G1 F3000 X40.504 Y87.78 E506.92604
G0 F7200 X40.504 Y87.59
G0 X36.867 Y87.59
G0 X36.867 Y87.779
G1 F3000 X34.476 Y85.388 E507.01461
G1 X34.406 Y85.318
G0 F7200 X34.513 Y85.578
G0 X36.59 Y85.847
G0 X36.779 Y85.847
G1 F3000 X34.847 Y87.78 E507.08619
G1 X34.777 Y87.85
G0 F7200 X34.777 Y87.59
G0 X67.338 Y87.338
G0 X66.924 Y86.924
;TYPE:WALL-INNER
G1 F2400 X66.589 Y87.1 E507.0961
G1 X37.5 Y87.1 E507.85801
G1 X37.02 Y86.861 E507.87205
G1 X36.9 Y86.501 E507.88199
G1 X36.9 Y85.1 E507.91869
G1 X35.527 Y85.1 E507.95465
G1 X34.967 Y85.143 E507.96936
G1 X34.451 Y85.268 E507.98327
G1 X33.949 Y85.477 E507.99751
G1 X33.499 Y85.751 E508.01131
G1 X33.098 Y86.098 E508.0252
G1 X32.751 Y86.499 E508.03909
G1 X32.476 Y86.95 E508.05292
G1 X32.269 Y87.443 E508.06693
G1 X32.16 Y87.899 E508.07921
G1 X67.9 Y87.9 E509.01532
G1 X67.9 Y12.1 E511.00071
G1 X32.161 Y12.1 E511.93679
G1 X32.265 Y12.547 E511.94881
G1 X32.472 Y13.045 E511.96294
G1 X32.75 Y13.497 E511.97684
G1 X33.098 Y13.902 E511.99083
G1 X33.499 Y14.245 E512.00465
G1 X33.951 Y14.524 E512.01856
G1 X34.45 Y14.731 E512.03271
G1 X34.967 Y14.853 E512.04662
G1 X35.529 Y14.9 E512.06139
G1 X36.9 Y14.9 E512.0973
G1 X36.9 Y13.5 E512.13397
G1 X37.02 Y13.139 E512.14394
G1 X37.409 Y12.9 E512.1559
G1 X66.5 Y12.9 E512.91786
G1 X66.924 Y13.076 E512.92988
G1 X67.1 Y13.5 E512.94191
G1 X67.1 Y86.589 E514.85628
G1 X66.924 Y86.924 E514.86619
G0 F7200 X66.698 Y86.535
;TYPE:WALL-OUTER
G1 F1200 X66.642 Y86.642 E514.86935
G1 X66.535 Y86.698 E514.87252
G1 X37.5 Y86.7 E515.63301
G1 X37.34 Y86.621 E515.63769
G1 X37.3 Y86.501 E515.641
G1 X37.3 Y84.7 E515.68817
G1 X35.512 Y84.7 E515.735
G1 X34.904 Y84.747 E515.75098
G1 X34.327 Y84.887 E515.76653
G1 X33.767 Y85.119 E515.7824
G1 X33.263 Y85.427 E515.79787
G1 X32.814 Y85.814 E515.8134
G1 X32.427 Y86.263 E515.82893
G1 X32.119 Y86.768 E515.84442
G1 X31.887 Y87.319 E515.86008
G1 X31.747 Y87.911 E515.87601
G1 X31.717 Y88.3 E515.88623
G1 X68.3 Y88.3 E516.84443
G1 X68.3 Y11.7 E518.85076
G1 X31.717 Y11.7 E519.80896
G1 X31.747 Y12.085 E519.81907
G1 X31.883 Y12.67 E519.8348
G1 X32.115 Y13.228 E519.85063
G1 X32.426 Y13.733 E519.86616
G1 X32.814 Y14.186 E519.88179
G1 X33.263 Y14.569 E519.89724
G1 X33.768 Y14.881 E519.91279
G1 X34.326 Y15.113 E519.92862
G1 X34.904 Y15.249 E519.94417
G1 X35.513 Y15.3 E519.96018
G1 X37.3 Y15.3 E520.00699
G1 X37.3 Y13.5 E520.05413
G1 X37.34 Y13.379 E520.05747
G1 X37.465 Y13.302 E520.06132
G1 X66.5 Y13.3 E520.82181
G1 X66.642 Y13.358 E520.82583
G1 X66.7 Y13.5 E520.82985
G1 X66.698 Y86.535 E522.7428
G0 F7200 X66.642 Y86.642
G0 X66.573 Y86.678
;MESH:NONMESH
G0 F600 Z4.2
G0 F7200 X66.573 Y87.41
G0 X67.338 Y12.662
G0 X34.848 Y12.41
G0 X34.848 Y12.22
;TIME_ELAPSED:885.725113
;LAYER:26
;TYPE:FILL
;MESH:Wandhalterung TP-Link Media Converter.stl
G1 F3000 X36.78 Y14.153 E522.81439
G1 X36.85 Y14.223
G0 F7200 X36.59 Y14.223
G0 X36.662 Y12.662
G0 X36.867 Y12.22
G1 F3000 X34.476 Y14.612 E522.90297
G1 X34.406 Y14.682
G0 F7200 X34.514 Y14.423
G0 X36.662 Y12.662
G0 X40.504 Y12.41
G0 X40.504 Y12.22
G1 F3000 X41.064 Y12.78 E522.92372
G0 F7200 X41.964 Y12.78
G1 F3000 X42.524 Y12.22 E522.94446
G0 F7200 X42.524 Y12.41
G0 X46.161 Y12.41
G0 X46.161 Y12.22
G1 F3000 X46.721 Y12.78 E522.9652
G0 F7200 X47.621 Y12.78
G1 F3000 X48.181 Y12.22 E522.98595
G0 F7200 X48.181 Y12.41
G0 X51.818 Y12.41
G0 X51.818 Y12.22
G1 F3000 X52.378 Y12.78 E523.00669
G0 F7200 X53.278 Y12.78
G1 F3000 X53.838 Y12.22 E523.02743
G0 F7200 X53.838 Y12.41
G0 X57.475 Y12.41
G0 X57.475 Y12.22
G1 F3000 X58.034 Y12.78 E523.04816
G0 F7200 X58.935 Y12.78
G1 F3000 X59.495 Y12.22 E523.0689
G0 F7200 X59.495 Y12.41
G0 X63.132 Y12.41
G0 X63.132 Y12.22
G1 F3000 X63.691 Y12.78 E523.08962
G0 F7200 X64.591 Y12.78
G1 F3000 X65.151 Y12.22 E523.11037
G0 F7200 X65.151 Y12.41
G0 X67.338 Y12.662
G0 X67.59 Y15.248
G0 X67.78 Y15.248
G1 F3000 X67.22 Y15.808 E523.13111
G0 F7200 X67.22 Y16.308
G1 F3000 X67.78 Y16.869 E523.15187
G0 F7200 X67.59 Y16.869
G0 X67.59 Y20.905
G0 X67.78 Y20.905
G1 F3000 X67.22 Y21.465 E523.17262
G0 F7200 X67.22 Y21.965
G1 F3000 X67.78 Y22.526 E523.19338
G0 F7200 X67.59 Y22.526
G0 X67.59 Y26.562
G0 X67.78 Y26.562
G1 F3000 X67.22 Y27.122 E523.21412
G0 F7200 X67.22 Y27.622
G1 F3000 X67.78 Y28.182 E523.23486
G0 F7200 X67.59 Y28.182
G0 X67.59 Y32.219
G0 X67.78 Y32.219
G1 F3000 X67.22 Y32.779 E523.25561
G0 F7200 X67.22 Y33.279
G1 F3000 X67.78 Y33.839 E523.27635
G0 F7200 X67.59 Y33.839
G0 X67.59 Y37.875
G0 X67.78 Y37.875
G1 F3000 X67.22 Y38.435 E523.29709
G0 F7200 X67.22 Y38.935
G1 F3000 X67.78 Y39.496 E523.31786
G0 F7200 X67.59 Y39.496
G0 X67.59 Y43.532
G0 X67.78 Y43.532
G1 F3000 X67.22 Y44.092 E523.3386
G0 F7200 X67.22 Y44.592
G1 F3000 X67.78 Y45.153 E523.35936
G0 F7200 X67.59 Y45.153
G0 X67.59 Y49.189
G0 X67.78 Y49.189
G1 F3000 X67.22 Y49.749 E523.3801
G0 F7200 X67.22 Y50.249
G1 F3000 X67.78 Y50.81 E523.40087
G0 F7200 X67.59 Y50.81
G0 X67.59 Y54.846
G0 X67.78 Y54.846
G1 F3000 X67.22 Y55.406 E523.42161
G0 F7200 X67.22 Y55.906
G1 F3000 X67.78 Y56.467 E523.44237
G0 F7200 X67.59 Y56.467
G0 X67.59 Y60.503
G0 X67.78 Y60.503
G1 F3000 X67.22 Y61.063 E523.46312
G0 F7200 X67.22 Y61.563
G1 F3000 X67.78 Y62.124 E523.48388
G0 F7200 X67.59 Y62.124
G0 X67.59 Y66.16
G0 X67.78 Y66.16
G1 F3000 X67.22 Y66.72 E523.50462
G0 F7200 X67.22 Y67.22
G1 F3000 X67.78 Y67.78 E523.52536
G0 F7200 X67.59 Y67.78
G0 X67.59 Y71.817
G0 X67.78 Y71.817
G1 F3000 X67.22 Y72.377 E523.54611
G0 F7200 X67.22 Y72.877
G1 F3000 X67.78 Y73.437 E523.56685
G0 F7200 X67.59 Y73.437
G0 X67.59 Y77.473
G0 X67.78 Y77.473
G1 F3000 X67.22 Y78.033 E523.58759
G0 F7200 X67.22 Y78.533
G1 F3000 X67.78 Y79.094 E523.60836
G0 F7200 X67.59 Y79.094
G0 X67.59 Y83.13
G0 X67.78 Y83.13
G1 F3000 X67.22 Y83.69 E523.6291
G0 F7200 X67.22 Y84.19
G1 F3000 X67.78 Y84.751 E523.64986
G0 F7200 X67.59 Y84.751
G0 X67.338 Y87.338
G0 X65.152 Y87.59
G0 X65.152 Y87.78
G1 F3000 X64.593 Y87.22 E523.67059
G0 F7200 X63.691 Y87.22
G1 F3000 X63.13 Y87.78 E523.69135
G0 F7200 X63.13 Y87.59
G0 X59.495 Y87.59
G0 X59.495 Y87.78
G1 F3000 X58.936 Y87.22 E523.71207
G0 F7200 X58.034 Y87.22
G1 F3000 X57.474 Y87.78 E523.73281
G0 F7200 X57.474 Y87.59
G0 X53.838 Y87.59
G0 X53.838 Y87.78
G1 F3000 X53.279 Y87.22 E523.75354
G0 F7200 X52.378 Y87.22
G1 F3000 X51.817 Y87.78 E523.7743
G0 F7200 X51.817 Y87.59
G0 X48.181 Y87.59
G0 X48.181 Y87.779
G1 F3000 X47.622 Y87.22 E523.79501
G0 F7200 X46.721 Y87.22
G1 F3000 X46.161 Y87.78 E523.81575
G0 F7200 X46.161 Y87.59
G0 X42.524 Y87.59
G0 X42.524 Y87.779
G1 F3000 X41.965 Y87.22 E523.83646
G0 F7200 X41.064 Y87.22
G1 F3000 X40.504 Y87.78 E523.8572
G0 F7200 X40.504 Y87.59
G0 X36.867 Y87.59
G0 X36.867 Y87.779
G1 F3000 X34.476 Y85.388 E523.94577
G1 X34.406 Y85.318
G0 F7200 X34.513 Y85.578
G0 X36.59 Y85.847
G0 X36.779 Y85.847
G1 F3000 X34.847 Y87.78 E524.01735
G1 X34.777 Y87.85
G0 F7200 X34.777 Y87.59
G0 X67.338 Y87.338
G0 X66.924 Y86.924
;TYPE:WALL-INNER
G1 F2400 X66.589 Y87.1 E524.02726
G1 X37.5 Y87.1 E524.78917
G1 X37.02 Y86.861 E524.80322
G1 X36.9 Y86.501 E524.81315
G1 X36.9 Y85.1 E524.84985
G1 X35.527 Y85.1 E524.88581
G1 X34.967 Y85.143 E524.90052
G1 X34.451 Y85.268 E524.91443
G1 X33.949 Y85.477 E524.92867
G1 X33.499 Y85.751 E524.94247
G1 X33.098 Y86.098 E524.95636
G1 X32.751 Y86.499 E524.97025
G1 X32.476 Y86.95 E524.98409
G1 X32.269 Y87.443 E524.99809
G1 X32.16 Y87.899 E525.01037
G1 X67.9 Y87.9 E525.94649
G1 X67.9 Y12.1 E527.93187
G1 X32.161 Y12.1 E528.86796
G1 X32.265 Y12.547 E528.87998
G1 X32.472 Y13.045 E528.8941
G1 X32.75 Y13.497 E528.908
G1 X33.098 Y13.902 E528.92199
G1 X33.499 Y14.245 E528.93581
G1 X33.951 Y14.524 E528.94972
G1 X34.45 Y14.731 E528.96387
G1 X34.967 Y14.853 E528.97778
G1 X35.529 Y14.9 E528.99256
G1 X36.9 Y14.9 E529.02847
G1 X36.9 Y13.5 E529.06513
G1 X37.02 Y13.139 E529.0751
G1 X37.409 Y12.9 E529.08706
G1 X66.5 Y12.9 E529.84902
G1 X66.924 Y13.076 E529.86104
G1 X67.1 Y13.5 E529.87307
G1 X67.1 Y86.589 E531.78744
G1 X66.924 Y86.924 E531.79735
G0 F7200 X66.698 Y86.535
;TYPE:WALL-OUTER
G1 F1200 X66.642 Y86.642 E531.80052
G1 X66.535 Y86.698 E531.80368
G1 X37.5 Y86.7 E532.56417
G1 X37.34 Y86.621 E532.56885
G1 X37.3 Y86.501 E532.57216
G1 X37.3 Y84.7 E532.61933
G1 X35.512 Y84.7 E532.66617
G1 X34.904 Y84.747 E532.68214
G1 X34.327 Y84.887 E532.69769
G1 X33.767 Y85.119 E532.71357
G1 X33.263 Y85.427 E532.72904
G1 X32.814 Y85.814 E532.74456
G1 X32.427 Y86.263 E532.76009
G1 X32.119 Y86.768 E532.77558
G1 X31.887 Y87.319 E532.79124
G1 X31.747 Y87.911 E532.80717
G1 X31.717 Y88.3 E532.81739
G1 X68.3 Y88.3 E533.77559
G1 X68.3 Y11.7 E535.78192
G1 X31.717 Y11.7 E536.74012
G1 X31.747 Y12.085 E536.75023
G1 X31.883 Y12.67 E536.76596
G1 X32.115 Y13.228 E536.78179
G1 X32.426 Y13.733 E536.79733
G1 X32.814 Y14.186 E536.81295
G1 X33.263 Y14.569 E536.82841
G1 X33.768 Y14.881 E536.84395
G1 X34.326 Y15.113 E536.85978
G1 X34.904 Y15.249 E536.87534
G1 X35.513 Y15.3 E536.89134
G1 X37.3 Y15.3 E536.93815
G1 X37.3 Y13.5 E536.98529
G1 X37.34 Y13.379 E536.98863
G1 X37.465 Y13.302 E536.99248
G1 X66.5 Y13.3 E537.75297
G1 X66.642 Y13.358 E537.75699
G1 X66.7 Y13.5 E537.76101
G1 X66.698 Y86.535 E539.67397
G0 F7200 X66.642 Y86.642
G0 X66.573 Y86.678
;MESH:NONMESH
G0 F600 Z4.35
G0 F7200 X66.573 Y87.41
G0 X67.338 Y12.662
G0 X34.848 Y12.41
G0 X34.848 Y12.22
;TIME_ELAPSED:913.301220
;LAYER:27
;TYPE:FILL
;MESH:Wandhalterung TP-Link Media Converter.stl
G1 F3000 X36.78 Y14.153 E539.74555
G1 X36.85 Y14.223
G0 F7200 X36.59 Y14.223
G0 X36.662 Y12.662
G0 X36.867 Y12.22
G1 F3000 X34.476 Y14.612 E539.83413
G1 X34.406 Y14.682
G0 F7200 X34.514 Y14.423
G0 X36.662 Y12.662
G0 X40.504 Y12.41
G0 X40.504 Y12.22
G1 F3000 X41.064 Y12.78 E539.85488
G0 F7200 X41.964 Y12.78
G1 F3000 X42.524 Y12.22 E539.87562
G0 F7200 X42.524 Y12.41
G0 X46.161 Y12.41
G0 X46.161 Y12.22
G1 F3000 X46.721 Y12.78 E539.89636
G0 F7200 X47.621 Y12.78
G1 F3000 X48.181 Y12.22 E539.91711
G0 F7200 X48.181 Y12.41
G0 X51.818 Y12.41
G0 X51.818 Y12.22
G1 F3000 X52.378 Y12.78 E539.93785
G0 F7200 X53.278 Y12.78
G1 F3000 X53.838 Y12.22 E539.95859
G0 F7200 X53.838 Y12.41
G0 X57.475 Y12.41
G0 X57.475 Y12.22
G1 F3000 X58.034 Y12.78 E539.97932
G0 F7200 X58.935 Y12.78
G1 F3000 X59.495 Y12.22 E540.00006
G0 F7200 X59.495 Y12.41
G0 X63.132 Y12.41
G0 X63.132 Y12.22
G1 F3000 X63.691 Y12.78 E540.02079
G0 F7200 X64.591 Y12.78
G1 F3000 X65.151 Y12.22 E540.04153
G0 F7200 X65.151 Y12.41
G0 X67.338 Y12.662
G0 X67.59 Y15.248
G0 X67.78 Y15.248
G1 F3000 X67.22 Y15.808 E540.06227
G0 F7200 X67.22 Y16.308
G1 F3000 X67.78 Y16.869 E540.08304
G0 F7200 X67.59 Y16.869
G0 X67.59 Y20.905
G0 X67.78 Y20.905
G1 F3000 X67.22 Y21.465 E540.10378
G0 F7200 X67.22 Y21.965
G1 F3000 X67.78 Y22.526 E540.12454
G0 F7200 X67.59 Y22.526
G0 X67.59 Y26.562
G0 X67.78 Y26.562
G1 F3000 X67.22 Y27.122 E540.14528
G0 F7200 X67.22 Y27.622
G1 F3000 X67.78 Y28.182 E540.16603
G0 F7200 X67.59 Y28.182
G0 X67.59 Y32.219
G0 X67.78 Y32.219
G1 F3000 X67.22 Y32.779 E540.18677
G0 F7200 X67.22 Y33.279
G1 F3000 X67.78 Y33.839 E540.20751
G0 F7200 X67.59 Y33.839
G0 X67.59 Y37.875
G0 X67.78 Y37.875
G1 F3000 X67.22 Y38.435 E540.22826
G0 F7200 X67.22 Y38.935
G1 F3000 X67.78 Y39.496 E540.24902
G0 F7200 X67.59 Y39.496
G0 X67.59 Y43.532
G0 X67.78 Y43.532
G1 F3000 X67.22 Y44.092 E540.26976
G0 F7200 X67.22 Y44.592
G1 F3000 X67.78 Y45.153 E540.29052
G0 F7200 X67.59 Y45.153
G0 X67.59 Y49.189
G0 X67.78 Y49.189
G1 F3000 X67.22 Y49.749 E540.31127
G0 F7200 X67.22 Y50.249
G1 F3000 X67.78 Y50.81 E540.33203
G0 F7200 X67.59 Y50.81
G0 X67.59 Y54.846
G0 X67.78 Y54.846
G1 F3000 X67.22 Y55.406 E540.35277
G0 F7200 X67.22 Y55.906
G1 F3000 X67.78 Y56.467 E540.37353
G0 F7200 X67.59 Y56.467
G0 X67.59 Y60.503
G0 X67.78 Y60.503
G1 F3000 X67.22 Y61.063 E540.39428
G0 F7200 X67.22 Y61.563
G1 F3000 X67.78 Y62.124 E540.41504
G0 F7200 X67.59 Y62.124
G0 X67.59 Y66.16
G0 X67.78 Y66.16
G1 F3000 X67.22 Y66.72 E540.43578
G0 F7200 X67.22 Y67.22
G1 F3000 X67.78 Y67.78 E540.45653
G0 F7200 X67.59 Y67.78
G0 X67.59 Y71.817
G0 X67.78 Y71.817
G1 F3000 X67.22 Y72.377 E540.47727
G0 F7200 X67.22 Y72.877
G1 F3000 X67.78 Y73.437 E540.49801
G0 F7200 X67.59 Y73.437
G0 X67.59 Y77.473
G0 X67.78 Y77.473
G1 F3000 X67.22 Y78.033 E540.51876
G0 F7200 X67.22 Y78.533
G1 F3000 X67.78 Y79.094 E540.53952
G0 F7200 X67.59 Y79.094
G0 X67.59 Y83.13
G0 X67.78 Y83.13
G1 F3000 X67.22 Y83.69 E540.56026
G0 F7200 X67.22 Y84.19
G1 F3000 X67.78 Y84.751 E540.58102
G0 F7200 X67.59 Y84.751
G0 X67.338 Y87.338
G0 X65.152 Y87.59
G0 X65.152 Y87.78
G1 F3000 X64.593 Y87.22 E540.60175
G0 F7200 X63.691 Y87.22
G1 F3000 X63.13 Y87.78 E540.62251
G0 F7200 X63.13 Y87.59
G0 X59.495 Y87.59
G0 X59.495 Y87.78
G1 F3000 X58.936 Y87.22 E540.64323
G0 F7200 X58.034 Y87.22
G1 F3000 X57.474 Y87.78 E540.66398
G0 F7200 X57.474 Y87.59
G0 X53.838 Y87.59
G0 X53.838 Y87.78
G1 F3000 X53.279 Y87.22 E540.6847
G0 F7200 X52.378 Y87.22
G1 F3000 X51.817 Y87.78 E540.70546
G0 F7200 X51.817 Y87.59
G0 X48.181 Y87.59
G0 X48.181 Y87.779
G1 F3000 X47.622 Y87.22 E540.72617
G0 F7200 X46.721 Y87.22
G1 F3000 X46.161 Y87.78 E540.74691
G0 F7200 X46.161 Y87.59
G0 X42.524 Y87.59
G0 X42.524 Y87.779
G1 F3000 X41.965 Y87.22 E540.76762
G0 F7200 X41.064 Y87.22
G1 F3000 X40.504 Y87.78 E540.78836
G0 F7200 X40.504 Y87.59
G0 X36.867 Y87.59
G0 X36.867 Y87.779
G1 F3000 X34.476 Y85.388 E540.87693
G1 X34.406 Y85.318
G0 F7200 X34.513 Y85.578
G0 X36.59 Y85.847
G0 X36.779 Y85.847
G1 F3000 X34.847 Y87.78 E540.94851
G1 X34.777 Y87.85
G0 F7200 X34.777 Y87.59
G0 X67.338 Y87.338
G0 X66.924 Y86.924
;TYPE:WALL-INNER
G1 F2400 X66.589 Y87.1 E540.95842
G1 X37.5 Y87.1 E541.72033
G1 X37.02 Y86.861 E541.73438
G1 X36.9 Y86.501 E541.74432
G1 X36.9 Y85.1 E541.78101
G1 X35.527 Y85.1 E541.81697
G1 X34.967 Y85.143 E541.83169
G1 X34.451 Y85.268 E541.84559
G1 X33.949 Y85.477 E541.85983
G1 X33.499 Y85.751 E541.87363
G1 X33.098 Y86.098 E541.88752
G1 X32.751 Y86.499 E541.90141
G1 X32.476 Y86.95 E541.91525
G1 X32.269 Y87.443 E541.92925
G1 X32.16 Y87.899 E541.94153
G1 X67.9 Y87.9 E542.87765
G1 X67.9 Y12.1 E544.86303
G1 X32.161 Y12.1 E545.79912
G1 X32.265 Y12.547 E545.81114
G1 X32.472 Y13.045 E545.82526
G1 X32.75 Y13.497 E545.83916
G1 X33.098 Y13.902 E545.85315
G1 X33.499 Y14.245 E545.86697
G1 X33.951 Y14.524 E545.88088
G1 X34.45 Y14.731 E545.89503
G1 X34.967 Y14.853 E545.90895
G1 X35.529 Y14.9 E545.92372
G1 X36.9 Y14.9 E545.95963
G1 X36.9 Y13.5 E545.9963
G1 X37.02 Y13.139 E546.00626
G1 X37.409 Y12.9 E546.01822
G1 X66.5 Y12.9 E546.78018
G1 X66.924 Y13.076 E546.79221
G1 X67.1 Y13.5 E546.80423
G1 X67.1 Y86.589 E548.7186
G1 X66.924 Y86.924 E548.72851
G0 F7200 X66.698 Y86.535
;TYPE:WALL-OUTER
G1 F1200 X66.642 Y86.642 E548.73168
G1 X66.535 Y86.698 E548.73484
G1 X37.5 Y86.7 E549.49534
G1 X37.34 Y86.621 E549.50001
G1 X37.3 Y86.501 E549.50332
G1 X37.3 Y84.7 E549.5505
G1 X35.512 Y84.7 E549.59733
G1 X34.904 Y84.747 E549.6133
G1 X34.327 Y84.887 E549.62885
G1 X33.767 Y85.119 E549.64473
G1 X33.263 Y85.427 E549.6602
G1 X32.814 Y85.814 E549.67572
G1 X32.427 Y86.263 E549.69125
G1 X32.119 Y86.768 E549.70674
G1 X31.887 Y87.319 E549.7224
G1 X31.747 Y87.911 E549.73834
G1 X31.717 Y88.3 E549.74856
G1 X68.3 Y88.3 E550.70675
G1 X68.3 Y11.7 E552.71308
G1 X31.717 Y11.7 E553.67128
G1 X31.747 Y12.085 E553.68139
G1 X31.883 Y12.67 E553.69713
G1 X32.115 Y13.228 E553.71295
G1 X32.426 Y13.733 E553.72849
G1 X32.814 Y14.186 E553.74411
G1 X33.263 Y14.569 E553.75957
G1 X33.768 Y14.881 E553.77512
G1 X34.326 Y15.113 E553.79094
G1 X34.904 Y15.249 E553.8065
G1 X35.513 Y15.3 E553.8225
G1 X37.3 Y15.3 E553.86931
G1 X37.3 Y13.5 E553.91646
G1 X37.34 Y13.379 E553.91979
G1 X37.465 Y13.302 E553.92364
G1 X66.5 Y13.3 E554.68413
G1 X66.642 Y13.358 E554.68815
G1 X66.7 Y13.5 E554.69217
G1 X66.698 Y86.535 E556.60513
G0 F7200 X66.642 Y86.642
G0 X66.573 Y86.678
;MESH:NONMESH
G0 F600 Z4.5
G0 F7200 X66.573 Y87.41
G0 X67.338 Y12.662
G0 X34.848 Y12.41
G0 X34.848 Y12.22
;TIME_ELAPSED:940.877326
;LAYER:28
;TYPE:FILL
;MESH:Wandhalterung TP-Link Media Converter.stl
G1 F3000 X36.78 Y14.153 E556.67671
G1 X36.85 Y14.223
G0 F7200 X36.59 Y14.223
G0 X36.662 Y12.662
G0 X36.867 Y12.22
G1 F3000 X34.476 Y14.612 E556.7653
G1 X34.406 Y14.682
G0 F7200 X34.514 Y14.423
G0 X36.662 Y12.662
G0 X40.504 Y12.41
G0 X40.504 Y12.22
G1 F3000 X41.064 Y12.78 E556.78604
G0 F7200 X41.964 Y12.78
G1 F3000 X42.524 Y12.22 E556.80678
G0 F7200 X42.524 Y12.41
G0 X46.161 Y12.41
G0 X46.161 Y12.22
G1 F3000 X46.721 Y12.78 E556.82753
G0 F7200 X47.621 Y12.78
G1 F3000 X48.181 Y12.22 E556.84827
G0 F7200 X48.181 Y12.41
G0 X51.818 Y12.41
G0 X51.818 Y12.22
G1 F3000 X52.378 Y12.78 E556.86901
G0 F7200 X53.278 Y12.78
G1 F3000 X53.838 Y12.22 E556.88976
G0 F7200 X53.838 Y12.41
G0 X57.475 Y12.41
G0 X57.475 Y12.22
G1 F3000 X58.034 Y12.78 E556.91048
G0 F7200 X58.935 Y12.78
G1 F3000 X59.495 Y12.22 E556.93122
G0 F7200 X59.495 Y12.41
G0 X63.132 Y12.41
G0 X63.132 Y12.22
G1 F3000 X63.691 Y12.78 E556.95195
G0 F7200 X64.591 Y12.78
G1 F3000 X65.151 Y12.22 E556.97269
G0 F7200 X65.151 Y12.41
G0 X67.338 Y12.662
G0 X67.59 Y15.248
G0 X67.78 Y15.248
G1 F3000 X67.22 Y15.808 E556.99344
G0 F7200 X67.22 Y16.308
G1 F3000 X67.78 Y16.869 E557.0142
G0 F7200 X67.59 Y16.869
G0 X67.59 Y20.905
G0 X67.78 Y20.905
G1 F3000 X67.22 Y21.465 E557.03494
G0 F7200 X67.22 Y21.965
G1 F3000 X67.78 Y22.526 E557.0557
G0 F7200 X67.59 Y22.526
G0 X67.59 Y26.562
G0 X67.78 Y26.562
G1 F3000 X67.22 Y27.122 E557.07645
G0 F7200 X67.22 Y27.622
G1 F3000 X67.78 Y28.182 E557.09719
G0 F7200 X67.59 Y28.182
G0 X67.59 Y32.219
G0 X67.78 Y32.219
G1 F3000 X67.22 Y32.779 E557.11793
G0 F7200 X67.22 Y33.279
G1 F3000 X67.78 Y33.839 E557.13868
G0 F7200 X67.59 Y33.839
G0 X67.59 Y37.875
G0 X67.78 Y37.875
G1 F3000 X67.22 Y38.435 E557.15942
G0 F7200 X67.22 Y38.935
G1 F3000 X67.78 Y39.496 E557.18018
G0 F7200 X67.59 Y39.496
G0 X67.59 Y43.532
G0 X67.78 Y43.532
G1 F3000 X67.22 Y44.092 E557.20092
G0 F7200 X67.22 Y44.592
G1 F3000 X67.78 Y45.153 E557.22169
G0 F7200 X67.59 Y45.153
G0 X67.59 Y49.189
G0 X67.78 Y49.189
G1 F3000 X67.22 Y49.749 E557.24243
G0 F7200 X67.22 Y50.249
G1 F3000 X67.78 Y50.81 E557.26319
G0 F7200 X67.59 Y50.81
G0 X67.59 Y54.846
G0 X67.78 Y54.846
G1 F3000 X67.22 Y55.406 E557.28393
G0 F7200 X67.22 Y55.906
G1 F3000 X67.78 Y56.467 E557.3047
G0 F7200 X67.59 Y56.467
G0 X67.59 Y60.503
G0 X67.78 Y60.503
G1 F3000 X67.22 Y61.063 E557.32544
G0 F7200 X67.22 Y61.563
G1 F3000 X67.78 Y62.124 E557.3462
G0 F7200 X67.59 Y62.124
G0 X67.59 Y66.16
G0 X67.78 Y66.16
G1 F3000 X67.22 Y66.72 E557.36694
G0 F7200 X67.22 Y67.22
G1 F3000 X67.78 Y67.78 E557.38769
G0 F7200 X67.59 Y67.78
G0 X67.59 Y71.817
G0 X67.78 Y71.817
G1 F3000 X67.22 Y72.377 E557.40843
G0 F7200 X67.22 Y72.877
G1 F3000 X67.78 Y73.437 E557.42917
G0 F7200 X67.59 Y73.437
G0 X67.59 Y77.473
G0 X67.78 Y77.473
G1 F3000 X67.22 Y78.033 E557.44992
G0 F7200 X67.22 Y78.533
G1 F3000 X67.78 Y79.094 E557.47068
G0 F7200 X67.59 Y79.094
G0 X67.59 Y83.13
G0 X67.78 Y83.13
G1 F3000 X67.22 Y83.69 E557.49142
G0 F7200 X67.22 Y84.19
G1 F3000 X67.78 Y84.751 E557.51218
G0 F7200 X67.59 Y84.751
G0 X67.338 Y87.338
G0 X65.152 Y87.59
G0 X65.152 Y87.78
G1 F3000 X64.593 Y87.22 E557.53291
G0 F7200 X63.691 Y87.22
G1 F3000 X63.13 Y87.78 E557.55367
G0 F7200 X63.13 Y87.59
G0 X59.495 Y87.59
G0 X59.495 Y87.78
G1 F3000 X58.936 Y87.22 E557.5744
G0 F7200 X58.034 Y87.22
G1 F3000 X57.474 Y87.78 E557.59514
G0 F7200 X57.474 Y87.59
G0 X53.838 Y87.59
G0 X53.838 Y87.78
G1 F3000 X53.279 Y87.22 E557.61586
G0 F7200 X52.378 Y87.22
G1 F3000 X51.817 Y87.78 E557.63663
G0 F7200 X51.817 Y87.59
G0 X48.181 Y87.59
G0 X48.181 Y87.779
G1 F3000 X47.622 Y87.22 E557.65733
G0 F7200 X46.721 Y87.22
G1 F3000 X46.161 Y87.78 E557.67808
G0 F7200 X46.161 Y87.59
G0 X42.524 Y87.59
G0 X42.524 Y87.779
G1 F3000 X41.965 Y87.22 E557.69878
G0 F7200 X41.064 Y87.22
G1 F3000 X40.504 Y87.78 E557.71952
G0 F7200 X40.504 Y87.59
G0 X36.867 Y87.59
G0 X36.867 Y87.779
G1 F3000 X34.476 Y85.388 E557.80809
G1 X34.406 Y85.318
G0 F7200 X34.513 Y85.578
G0 X36.59 Y85.847
G0 X36.779 Y85.847
G1 F3000 X34.847 Y87.78 E557.87967
G1 X34.777 Y87.85
G0 F7200 X34.777 Y87.59
G0 X67.338 Y87.338
G0 X66.924 Y86.924
;TYPE:WALL-INNER
G1 F2400 X66.589 Y87.1 E557.88959
G1 X37.5 Y87.1 E558.6515
G1 X37.02 Y86.861 E558.66554
G1 X36.9 Y86.501 E558.67548
G1 X36.9 Y85.1 E558.71217
G1 X35.527 Y85.1 E558.74814
G1 X34.967 Y85.143 E558.76285
G1 X34.451 Y85.268 E558.77675
G1 X33.949 Y85.477 E558.791
G1 X33.499 Y85.751 E558.8048
G1 X33.098 Y86.098 E558.81869
G1 X32.751 Y86.499 E558.83258
G1 X32.476 Y86.95 E558.84641
G1 X32.269 Y87.443 E558.86042
G1 X32.16 Y87.899 E558.8727
G1 X67.9 Y87.9 E559.80881
G1 X67.9 Y12.1 E561.79419
G1 X32.161 Y12.1 E562.73028
G1 X32.265 Y12.547 E562.7423
G1 X32.472 Y13.045 E562.75643
G1 X32.75 Y13.497 E562.77033
G1 X33.098 Y13.902 E562.78431
G1 X33.499 Y14.245 E562.79813
G1 X33.951 Y14.524 E562.81205
G1 X34.45 Y14.731 E562.8262
G1 X34.967 Y14.853 E562.84011
G1 X35.529 Y14.9 E562.85488
G1 X36.9 Y14.9 E562.89079
G1 X36.9 Y13.5 E562.92746
G1 X37.02 Y13.139 E562.93742
G1 X37.409 Y12.9 E562.94938
G1 X66.5 Y12.9 E563.71134
G1 X66.924 Y13.076 E563.72337
G1 X67.1 Y13.5 E563.73539
G1 X67.1 Y86.589 E565.64976
G1 X66.924 Y86.924 E565.65968
G0 F7200 X66.698 Y86.535
;TYPE:WALL-OUTER
G1 F1200 X66.642 Y86.642 E565.66284
G1 X66.535 Y86.698 E565.666
G1 X37.5 Y86.7 E566.4265
G1 X37.34 Y86.621 E566.43117
G1 X37.3 Y86.501 E566.43448
G1 X37.3 Y84.7 E566.48166
G1 X35.512 Y84.7 E566.52849
G1 X34.904 Y84.747 E566.54446
G1 X34.327 Y84.887 E566.56001
G1 X33.767 Y85.119 E566.57589
G1 X33.263 Y85.427 E566.59136
G1 X32.814 Y85.814 E566.60689
G1 X32.427 Y86.263 E566.62241
G1 X32.119 Y86.768 E566.63791
G1 X31.887 Y87.319 E566.65356
G1 X31.747 Y87.911 E566.6695
G1 X31.717 Y88.3 E566.67972
G1 X68.3 Y88.3 E567.63791
G1 X68.3 Y11.7 E569.64425
G1 X31.717 Y11.7 E570.60244
G1 X31.747 Y12.085 E570.61256
G1 X31.883 Y12.67 E570.62829
G1 X32.115 Y13.228 E570.64412
G1 X32.426 Y13.733 E570.65965
G1 X32.814 Y14.186 E570.67527
G1 X33.263 Y14.569 E570.69073
G1 X33.768 Y14.881 E570.70628
G1 X34.326 Y15.113 E570.72211
G1 X34.904 Y15.249 E570.73766
G1 X35.513 Y15.3 E570.75367
G1 X37.3 Y15.3 E570.80047
G1 X37.3 Y13.5 E570.84762
G1 X37.34 Y13.379 E570.85096
G1 X37.465 Y13.302 E570.8548
G1 X66.5 Y13.3 E571.6153
G1 X66.642 Y13.358 E571.61931
G1 X66.7 Y13.5 E571.62333
G1 X66.698 Y86.535 E573.53629
G0 F7200 X66.642 Y86.642
G0 X66.573 Y86.678
;MESH:NONMESH
G0 F600 Z4.65
G0 F7200 X66.573 Y87.41
G0 X67.338 Y12.662
G0 X34.848 Y12.41
G0 X34.848 Y12.22
;TIME_ELAPSED:968.453433
;LAYER:29
;TYPE:FILL
;MESH:Wandhalterung TP-Link Media Converter.stl
G1 F3000 X36.78 Y14.153 E573.60787
G1 X36.85 Y14.223
G0 F7200 X36.59 Y14.223
G0 X36.662 Y12.662
G0 X36.867 Y12.22
G1 F3000 X34.476 Y14.612 E573.69646
G1 X34.406 Y14.682
G0 F7200 X34.514 Y14.423
G0 X36.662 Y12.662
G0 X40.504 Y12.41
G0 X40.504 Y12.22
G1 F3000 X41.064 Y12.78 E573.7172
G0 F7200 X41.964 Y12.78
G1 F3000 X42.524 Y12.22 E573.73794
G0 F7200 X42.524 Y12.41
G0 X46.161 Y12.41
G0 X46.161 Y12.22
G1 F3000 X46.721 Y12.78 E573.75869
G0 F7200 X47.621 Y12.78
G1 F3000 X48.181 Y12.22 E573.77943
G0 F7200 X48.181 Y12.41
G0 X51.818 Y12.41
G0 X51.818 Y12.22
G1 F3000 X52.378 Y12.78 E573.80017
G0 F7200 X53.278 Y12.78
G1 F3000 X53.838 Y12.22 E573.82092
G0 F7200 X53.838 Y12.41
G0 X57.475 Y12.41
G0 X57.475 Y12.22
G1 F3000 X58.034 Y12.78 E573.84164
G0 F7200 X58.935 Y12.78
G1 F3000 X59.495 Y12.22 E573.86239
G0 F7200 X59.495 Y12.41
G0 X63.132 Y12.41
G0 X63.132 Y12.22
G1 F3000 X63.691 Y12.78 E573.88311
G0 F7200 X64.591 Y12.78
G1 F3000 X65.151 Y12.22 E573.90385
G0 F7200 X65.151 Y12.41
G0 X67.338 Y12.662
G0 X67.59 Y15.248
G0 X67.78 Y15.248
G1 F3000 X67.22 Y15.808 E573.9246
G0 F7200 X67.22 Y16.308
G1 F3000 X67.78 Y16.869 E573.94536
G0 F7200 X67.59 Y16.869
G0 X67.59 Y20.905
G0 X67.78 Y20.905
G1 F3000 X67.22 Y21.465 E573.9661
G0 F7200 X67.22 Y21.965
G1 F3000 X67.78 Y22.526 E573.98686
G0 F7200 X67.59 Y22.526
G0 X67.59 Y26.562
G0 X67.78 Y26.562
G1 F3000 X67.22 Y27.122 E574.00761
G0 F7200 X67.22 Y27.622
G1 F3000 X67.78 Y28.182 E574.02835
G0 F7200 X67.59 Y28.182
G0 X67.59 Y32.219
G0 X67.78 Y32.219
G1 F3000 X67.22 Y32.779 E574.04909
G0 F7200 X67.22 Y33.279
G1 F3000 X67.78 Y33.839 E574.06984
G0 F7200 X67.59 Y33.839
G0 X67.59 Y37.875
G0 X67.78 Y37.875
G1 F3000 X67.22 Y38.435 E574.09058
G0 F7200 X67.22 Y38.935
G1 F3000 X67.78 Y39.496 E574.11134
G0 F7200 X67.59 Y39.496
G0 X67.59 Y43.532
G0 X67.78 Y43.532
G1 F3000 X67.22 Y44.092 E574.13209
G0 F7200 X67.22 Y44.592
G1 F3000 X67.78 Y45.153 E574.15285
G0 F7200 X67.59 Y45.153
G0 X67.59 Y49.189
G0 X67.78 Y49.189
G1 F3000 X67.22 Y49.749 E574.17359
G0 F7200 X67.22 Y50.249
G1 F3000 X67.78 Y50.81 E574.19435
G0 F7200 X67.59 Y50.81
G0 X67.59 Y54.846
G0 X67.78 Y54.846
G1 F3000 X67.22 Y55.406 E574.2151
G0 F7200 X67.22 Y55.906
G1 F3000 X67.78 Y56.467 E574.23586
G0 F7200 X67.59 Y56.467
G0 X67.59 Y60.503
G0 X67.78 Y60.503
G1 F3000 X67.22 Y61.063 E574.2566
G0 F7200 X67.22 Y61.563
G1 F3000 X67.78 Y62.124 E574.27736
G0 F7200 X67.59 Y62.124
G0 X67.59 Y66.16
G0 X67.78 Y66.16
G1 F3000 X67.22 Y66.72 E574.29811
G0 F7200 X67.22 Y67.22
G1 F3000 X67.78 Y67.78 E574.31885
G0 F7200 X67.59 Y67.78
G0 X67.59 Y71.817
G0 X67.78 Y71.817
G1 F3000 X67.22 Y72.377 E574.33959
G0 F7200 X67.22 Y72.877
G1 F3000 X67.78 Y73.437 E574.36034
G0 F7200 X67.59 Y73.437
G0 X67.59 Y77.473
G0 X67.78 Y77.473
G1 F3000 X67.22 Y78.033 E574.38108
G0 F7200 X67.22 Y78.533
G1 F3000 X67.78 Y79.094 E574.40184
G0 F7200 X67.59 Y79.094
G0 X67.59 Y83.13
G0 X67.78 Y83.13
G1 F3000 X67.22 Y83.69 E574.42258
G0 F7200 X67.22 Y84.19
G1 F3000 X67.78 Y84.751 E574.44335
G0 F7200 X67.59 Y84.751
G0 X67.338 Y87.338
G0 X65.152 Y87.59
G0 X65.152 Y87.78
G1 F3000 X64.593 Y87.22 E574.46407
G0 F7200 X63.691 Y87.22
G1 F3000 X63.13 Y87.78 E574.48483
G0 F7200 X63.13 Y87.59
G0 X59.495 Y87.59
G0 X59.495 Y87.78
G1 F3000 X58.936 Y87.22 E574.50556
G0 F7200 X58.034 Y87.22
G1 F3000 X57.474 Y87.78 E574.5263
G0 F7200 X57.474 Y87.59
G0 X53.838 Y87.59
G0 X53.838 Y87.78
G1 F3000 X53.279 Y87.22 E574.54703
G0 F7200 X52.378 Y87.22
G1 F3000 X51.817 Y87.78 E574.56779
G0 F7200 X51.817 Y87.59
G0 X48.181 Y87.59
G0 X48.181 Y87.779
G1 F3000 X47.622 Y87.22 E574.58849
G0 F7200 X46.721 Y87.22
G1 F3000 X46.161 Y87.78 E574.60924
G0 F7200 X46.161 Y87.59
G0 X42.524 Y87.59
G0 X42.524 Y87.779
G1 F3000 X41.965 Y87.22 E574.62994
G0 F7200 X41.064 Y87.22
G1 F3000 X40.504 Y87.78 E574.65069
G0 F7200 X40.504 Y87.59
G0 X36.867 Y87.59
G0 X36.867 Y87.779
G1 F3000 X34.476 Y85.388 E574.73925
G1 X34.406 Y85.318
G0 F7200 X34.513 Y85.578
G0 X36.59 Y85.847
G0 X36.779 Y85.847
G1 F3000 X34.847 Y87.78 E574.81084
G1 X34.777 Y87.85
G0 F7200 X34.777 Y87.59
G0 X67.338 Y87.338
G0 X66.924 Y86.924
;TYPE:WALL-INNER
G1 F2400 X66.589 Y87.1 E574.82075
G1 X37.5 Y87.1 E575.58266
G1 X37.02 Y86.861 E575.5967
G1 X36.9 Y86.501 E575.60664
G1 X36.9 Y85.1 E575.64334
G1 X35.527 Y85.1 E575.6793
G1 X34.967 Y85.143 E575.69401
G1 X34.451 Y85.268 E575.70792
G1 X33.949 Y85.477 E575.72216
G1 X33.499 Y85.751 E575.73596
G1 X33.098 Y86.098 E575.74985
G1 X32.751 Y86.499 E575.76374
G1 X32.476 Y86.95 E575.77757
G1 X32.269 Y87.443 E575.79158
G1 X32.16 Y87.899 E575.80386
G1 X67.9 Y87.9 E576.73997
G1 X67.9 Y12.1 E578.72535
G1 X32.161 Y12.1 E579.66144
G1 X32.265 Y12.547 E579.67346
G1 X32.472 Y13.045 E579.68759
G1 X32.75 Y13.497 E579.70149
G1 X33.098 Y13.902 E579.71547
G1 X33.499 Y14.245 E579.72929
G1 X33.951 Y14.524 E579.74321
G1 X34.45 Y14.731 E579.75736
G1 X34.967 Y14.853 E579.77127
G1 X35.529 Y14.9 E579.78604
G1 X36.9 Y14.9 E579.82195
G1 X36.9 Y13.5 E579.85862
G1 X37.02 Y13.139 E579.86859
G1 X37.409 Y12.9 E579.88054
G1 X66.5 Y12.9 E580.64251
G1 X66.924 Y13.076 E580.65453
G1 X67.1 Y13.5 E580.66655
G1 X67.1 Y86.589 E582.58093
G1 X66.924 Y86.924 E582.59084
G0 F7200 X66.698 Y86.535
;TYPE:WALL-OUTER
G1 F1200 X66.642 Y86.642 E582.594
G1 X66.535 Y86.698 E582.59717
G1 X37.5 Y86.7 E583.35766
G1 X37.34 Y86.621 E583.36233
G1 X37.3 Y86.501 E583.36565
G1 X37.3 Y84.7 E583.41282
G1 X35.512 Y84.7 E583.45965
G1 X34.904 Y84.747 E583.47562
G1 X34.327 Y84.887 E583.49118
G1 X33.767 Y85.119 E583.50705
G1 X33.263 Y85.427 E583.52252
G1 X32.814 Y85.814 E583.53805
G1 X32.427 Y86.263 E583.55357
G1 X32.119 Y86.768 E583.56907
G1 X31.887 Y87.319 E583.58473
G1 X31.747 Y87.911 E583.60066
G1 X31.717 Y88.3 E583.61088
G1 X68.3 Y88.3 E584.56907
G1 X68.3 Y11.7 E586.57541
G1 X31.717 Y11.7 E587.5336
G1 X31.747 Y12.085 E587.54372
G1 X31.883 Y12.67 E587.55945
G1 X32.115 Y13.228 E587.57528
G1 X32.426 Y13.733 E587.59081
G1 X32.814 Y14.186 E587.60643
G1 X33.263 Y14.569 E587.62189
G1 X33.768 Y14.881 E587.63744
G1 X34.326 Y15.113 E587.65327
G1 X34.904 Y15.249 E587.66882
G1 X35.513 Y15.3 E587.68483
G1 X37.3 Y15.3 E587.73163
G1 X37.3 Y13.5 E587.77878
G1 X37.34 Y13.379 E587.78212
G1 X37.465 Y13.302 E587.78596
G1 X66.5 Y13.3 E588.54646
G1 X66.642 Y13.358 E588.55048
G1 X66.7 Y13.5 E588.55449
G1 X66.698 Y86.535 E590.46745
G0 F7200 X66.642 Y86.642
G0 X66.573 Y86.678
;MESH:NONMESH
G0 F600 Z4.8
G0 F7200 X66.573 Y87.41
G0 X67.338 Y12.662
G0 X34.848 Y12.41
G0 X34.848 Y12.22
;TIME_ELAPSED:996.029540
;LAYER:30
;TYPE:FILL
;MESH:Wandhalterung TP-Link Media Converter.stl
G1 F3000 X36.78 Y14.153 E590.53904
G1 X36.85 Y14.223
G0 F7200 X36.59 Y14.223
G0 X36.662 Y12.662
G0 X36.867 Y12.22
G1 F3000 X34.476 Y14.612 E590.62762
G1 X34.406 Y14.682
G0 F7200 X34.514 Y14.423
G0 X36.662 Y12.662
G0 X40.504 Y12.41
G0 X40.504 Y12.22
G1 F3000 X41.064 Y12.78 E590.64836
G0 F7200 X41.964 Y12.78
G1 F3000 X42.524 Y12.22 E590.66911
G0 F7200 X42.524 Y12.41
G0 X46.161 Y12.41
G0 X46.161 Y12.22
G1 F3000 X46.721 Y12.78 E590.68985
G0 F7200 X47.621 Y12.78
G1 F3000 X48.181 Y12.22 E590.71059
G0 F7200 X48.181 Y12.41
G0 X51.818 Y12.41
G0 X51.818 Y12.22
G1 F3000 X52.378 Y12.78 E590.73134
G0 F7200 X53.278 Y12.78
G1 F3000 X53.838 Y12.22 E590.75208
G0 F7200 X53.838 Y12.41
G0 X57.475 Y12.41
G0 X57.475 Y12.22
G1 F3000 X58.034 Y12.78 E590.7728
G0 F7200 X58.935 Y12.78
G1 F3000 X59.495 Y12.22 E590.79355
G0 F7200 X59.495 Y12.41
G0 X63.132 Y12.41
G0 X63.132 Y12.22
G1 F3000 X63.691 Y12.78 E590.81427
G0 F7200 X64.591 Y12.78
G1 F3000 X65.151 Y12.22 E590.83502
G0 F7200 X65.151 Y12.41
G0 X67.338 Y12.662
G0 X67.59 Y15.248
G0 X67.78 Y15.248
G1 F3000 X67.22 Y15.808 E590.85576
G0 F7200 X67.22 Y16.308
G1 F3000 X67.78 Y16.869 E590.87652
G0 F7200 X67.59 Y16.869
G0 X67.59 Y20.905
G0 X67.78 Y20.905
G1 F3000 X67.22 Y21.465 E590.89726
G0 F7200 X67.22 Y21.965
G1 F3000 X67.78 Y22.526 E590.91803
G0 F7200 X67.59 Y22.526
G0 X67.59 Y26.562
G0 X67.78 Y26.562
G1 F3000 X67.22 Y27.122 E590.93877
G0 F7200 X67.22 Y27.622
G1 F3000 X67.78 Y28.182 E590.95951
G0 F7200 X67.59 Y28.182
G0 X67.59 Y32.219
G0 X67.78 Y32.219
G1 F3000 X67.22 Y32.779 E590.98026
G0 F7200 X67.22 Y33.279
G1 F3000 X67.78 Y33.839 E591.001
G0 F7200 X67.59 Y33.839
G0 X67.59 Y37.875
G0 X67.78 Y37.875
G1 F3000 X67.22 Y38.435 E591.02174
G0 F7200 X67.22 Y38.935
G1 F3000 X67.78 Y39.496 E591.0425
G0 F7200 X67.59 Y39.496
G0 X67.59 Y43.532
G0 X67.78 Y43.532
G1 F3000 X67.22 Y44.092 E591.06325
G0 F7200 X67.22 Y44.592
G1 F3000 X67.78 Y45.153 E591.08401
G0 F7200 X67.59 Y45.153
G0 X67.59 Y49.189
G0 X67.78 Y49.189
G1 F3000 X67.22 Y49.749 E591.10475
G0 F7200 X67.22 Y50.249
G1 F3000 X67.78 Y50.81 E591.12551
G0 F7200 X67.59 Y50.81
G0 X67.59 Y54.846
G0 X67.78 Y54.846
G1 F3000 X67.22 Y55.406 E591.14626
G0 F7200 X67.22 Y55.906
G1 F3000 X67.78 Y56.467 E591.16702
G0 F7200 X67.59 Y56.467
G0 X67.59 Y60.503
G0 X67.78 Y60.503
G1 F3000 X67.22 Y61.063 E591.18776
G0 F7200 X67.22 Y61.563
G1 F3000 X67.78 Y62.124 E591.20852
G0 F7200 X67.59 Y62.124
G0 X67.59 Y66.16
G0 X67.78 Y66.16
G1 F3000 X67.22 Y66.72 E591.22927
G0 F7200 X67.22 Y67.22
G1 F3000 X67.78 Y67.78 E591.25001
G0 F7200 X67.59 Y67.78
G0 X67.59 Y71.817
G0 X67.78 Y71.817
G1 F3000 X67.22 Y72.377 E591.27075
G0 F7200 X67.22 Y72.877
G1 F3000 X67.78 Y73.437 E591.2915
G0 F7200 X67.59 Y73.437
G0 X67.59 Y77.473
G0 X67.78 Y77.473
G1 F3000 X67.22 Y78.033 E591.31224
G0 F7200 X67.22 Y78.533
G1 F3000 X67.78 Y79.094 E591.333
G0 F7200 X67.59 Y79.094
G0 X67.59 Y83.13
G0 X67.78 Y83.13
G1 F3000 X67.22 Y83.69 E591.35375
G0 F7200 X67.22 Y84.19
G1 F3000 X67.78 Y84.751 E591.37451
G0 F7200 X67.59 Y84.751
G0 X67.338 Y87.338
G0 X65.152 Y87.59
G0 X65.152 Y87.78
G1 F3000 X64.593 Y87.22 E591.39523
G0 F7200 X63.691 Y87.22
G1 F3000 X63.13 Y87.78 E591.41599
G0 F7200 X63.13 Y87.59
G0 X59.495 Y87.59
G0 X59.495 Y87.78
G1 F3000 X58.936 Y87.22 E591.43672
G0 F7200 X58.034 Y87.22
G1 F3000 X57.474 Y87.78 E591.45746
G0 F7200 X57.474 Y87.59
G0 X53.838 Y87.59
G0 X53.838 Y87.78
G1 F3000 X53.279 Y87.22 E591.47819
G0 F7200 X52.378 Y87.22
G1 F3000 X51.817 Y87.78 E591.49895
G0 F7200 X51.817 Y87.59
G0 X48.181 Y87.59
G0 X48.181 Y87.779
G1 F3000 X47.622 Y87.22 E591.51966
G0 F7200 X46.721 Y87.22
G1 F3000 X46.161 Y87.78 E591.5404
G0 F7200 X46.161 Y87.59
G0 X42.524 Y87.59
G0 X42.524 Y87.779
G1 F3000 X41.965 Y87.22 E591.56111
G0 F7200 X41.064 Y87.22
G1 F3000 X40.504 Y87.78 E591.58185
G0 F7200 X40.504 Y87.59
G0 X36.867 Y87.59
G0 X36.867 Y87.779
G1 F3000 X34.476 Y85.388 E591.67042
G1 X34.406 Y85.318
G0 F7200 X34.513 Y85.578
G0 X36.59 Y85.847
G0 X36.779 Y85.847
G1 F3000 X34.847 Y87.78 E591.742
G1 X34.777 Y87.85
G0 F7200 X34.777 Y87.59
G0 X67.338 Y87.338
G0 X66.924 Y86.924
;TYPE:WALL-INNER
G1 F2400 X66.589 Y87.1 E591.75191
G1 X37.5 Y87.1 E592.51382
G1 X37.02 Y86.861 E592.52786
G1 X36.9 Y86.501 E592.5378
G1 X36.9 Y85.1 E592.5745
G1 X35.527 Y85.1 E592.61046
G1 X34.967 Y85.143 E592.62517
G1 X34.451 Y85.268 E592.63908
G1 X33.949 Y85.477 E592.65332
G1 X33.499 Y85.751 E592.66712
G1 X33.098 Y86.098 E592.68101
G1 X32.751 Y86.499 E592.6949
G1 X32.476 Y86.95 E592.70873
G1 X32.269 Y87.443 E592.72274
G1 X32.16 Y87.899 E592.73502
G1 X67.9 Y87.9 E593.67113
G1 X67.9 Y12.1 E595.65652
G1 X32.161 Y12.1 E596.5926
G1 X32.265 Y12.547 E596.60462
G1 X32.472 Y13.045 E596.61875
G1 X32.75 Y13.497 E596.63265
G1 X33.098 Y13.902 E596.64664
G1 X33.499 Y14.245 E596.66046
G1 X33.951 Y14.524 E596.67437
G1 X34.45 Y14.731 E596.68852
G1 X34.967 Y14.853 E596.70243
G1 X35.529 Y14.9 E596.7172
G1 X36.9 Y14.9 E596.75311
G1 X36.9 Y13.5 E596.78978
G1 X37.02 Y13.139 E596.79975
G1 X37.409 Y12.9 E596.81171
G1 X66.5 Y12.9 E597.57367
G1 X66.924 Y13.076 E597.58569
G1 X67.1 Y13.5 E597.59772
G1 X67.1 Y86.589 E599.51209
G1 X66.924 Y86.924 E599.522
G0 F7200 X66.698 Y86.535
;TYPE:WALL-OUTER
G1 F1200 X66.642 Y86.642 E599.52516
G1 X66.535 Y86.698 E599.52833
G1 X37.5 Y86.7 E600.28882
G1 X37.34 Y86.621 E600.2935
G1 X37.3 Y86.501 E600.29681
G1 X37.3 Y84.7 E600.34398
G1 X35.512 Y84.7 E600.39081
G1 X34.904 Y84.747 E600.40679
G1 X34.327 Y84.887 E600.42234
G1 X33.767 Y85.119 E600.43821
G1 X33.263 Y85.427 E600.45368
G1 X32.814 Y85.814 E600.46921
G1 X32.427 Y86.263 E600.48474
G1 X32.119 Y86.768 E600.50023
G1 X31.887 Y87.319 E600.51589
G1 X31.747 Y87.911 E600.53182
G1 X31.717 Y88.3 E600.54204
G1 X68.3 Y88.3 E601.50024
G1 X68.3 Y11.7 E603.50657
G1 X31.717 Y11.7 E604.46477
G1 X31.747 Y12.085 E604.47488
G1 X31.883 Y12.67 E604.49061
G1 X32.115 Y13.228 E604.50644
G1 X32.426 Y13.733 E604.52197
G1 X32.814 Y14.186 E604.5376
G1 X33.263 Y14.569 E604.55305
G1 X33.768 Y14.881 E604.5686
G1 X34.326 Y15.113 E604.58443
G1 X34.904 Y15.249 E604.59998
G1 X35.513 Y15.3 E604.61599
G1 X37.3 Y15.3 E604.6628
G1 X37.3 Y13.5 E604.70994
G1 X37.34 Y13.379 E604.71328
G1 X37.465 Y13.302 E604.71713
G1 X66.5 Y13.3 E605.47762
G1 X66.642 Y13.358 E605.48164
G1 X66.7 Y13.5 E605.48566
G1 X66.698 Y86.535 E607.39861
G0 F7200 X66.642 Y86.642
G0 X66.573 Y86.678
;MESH:NONMESH
G0 F600 Z4.95
G0 F7200 X66.573 Y87.41
G0 X67.338 Y12.662
G0 X34.848 Y12.41
G0 X34.848 Y12.22
;TIME_ELAPSED:1023.605647
;LAYER:31
;TYPE:FILL
;MESH:Wandhalterung TP-Link Media Converter.stl
G1 F3000 X36.78 Y14.153 E607.4702
G1 X36.85 Y14.223
G0 F7200 X36.59 Y14.223
G0 X36.662 Y12.662
G0 X36.867 Y12.22
G1 F3000 X34.476 Y14.612 E607.55878
G1 X34.406 Y14.682
G0 F7200 X34.514 Y14.423
G0 X36.662 Y12.662
G0 X40.504 Y12.41
G0 X40.504 Y12.22
G1 F3000 X41.064 Y12.78 E607.57953
G0 F7200 X41.964 Y12.78
G1 F3000 X42.524 Y12.22 E607.60027
G0 F7200 X42.524 Y12.41
G0 X46.161 Y12.41
G0 X46.161 Y12.22
G1 F3000 X46.721 Y12.78 E607.62101
G0 F7200 X47.621 Y12.78
G1 F3000 X48.181 Y12.22 E607.64176
G0 F7200 X48.181 Y12.41
G0 X51.818 Y12.41
G0 X51.818 Y12.22
G1 F3000 X52.378 Y12.78 E607.6625
G0 F7200 X53.278 Y12.78
G1 F3000 X53.838 Y12.22 E607.68324
G0 F7200 X53.838 Y12.41
G0 X57.475 Y12.41
G0 X57.475 Y12.22
G1 F3000 X58.034 Y12.78 E607.70397
G0 F7200 X58.935 Y12.78
G1 F3000 X59.495 Y12.22 E607.72471
G0 F7200 X59.495 Y12.41
G0 X63.132 Y12.41
G0 X63.132 Y12.22
G1 F3000 X63.691 Y12.78 E607.74543
G0 F7200 X64.591 Y12.78
G1 F3000 X65.151 Y12.22 E607.76618
G0 F7200 X65.151 Y12.41
G0 X67.338 Y12.662
G0 X67.59 Y15.248
G0 X67.78 Y15.248
G1 F3000 X67.22 Y15.808 E607.78692
G0 F7200 X67.22 Y16.308
G1 F3000 X67.78 Y16.869 E607.80768
G0 F7200 X67.59 Y16.869
G0 X67.59 Y20.905
G0 X67.78 Y20.905
G1 F3000 X67.22 Y21.465 E607.82843
G0 F7200 X67.22 Y21.965
G1 F3000 X67.78 Y22.526 E607.84919
G0 F7200 X67.59 Y22.526
G0 X67.59 Y26.562
G0 X67.78 Y26.562
G1 F3000 X67.22 Y27.122 E607.86993
G0 F7200 X67.22 Y27.622
G1 F3000 X67.78 Y28.182 E607.89067
G0 F7200 X67.59 Y28.182
G0 X67.59 Y32.219
G0 X67.78 Y32.219
G1 F3000 X67.22 Y32.779 E607.91142
G0 F7200 X67.22 Y33.279
G1 F3000 X67.78 Y33.839 E607.93216
G0 F7200 X67.59 Y33.839
G0 X67.59 Y37.875
G0 X67.78 Y37.875
G1 F3000 X67.22 Y38.435 E607.9529
G0 F7200 X67.22 Y38.935
G1 F3000 X67.78 Y39.496 E607.97367
G0 F7200 X67.59 Y39.496
G0 X67.59 Y43.532
G0 X67.78 Y43.532
G1 F3000 X67.22 Y44.092 E607.99441
G0 F7200 X67.22 Y44.592
G1 F3000 X67.78 Y45.153 E608.01517
G0 F7200 X67.59 Y45.153
G0 X67.59 Y49.189
G0 X67.78 Y49.189
G1 F3000 X67.22 Y49.749 E608.03591
G0 F7200 X67.22 Y50.249
G1 F3000 X67.78 Y50.81 E608.05668
G0 F7200 X67.59 Y50.81
G0 X67.59 Y54.846
G0 X67.78 Y54.846
G1 F3000 X67.22 Y55.406 E608.07742
G0 F7200 X67.22 Y55.906
G1 F3000 X67.78 Y56.467 E608.09818
G0 F7200 X67.59 Y56.467
G0 X67.59 Y60.503
G0 X67.78 Y60.503
G1 F3000 X67.22 Y61.063 E608.11893
G0 F7200 X67.22 Y61.563
G1 F3000 X67.78 Y62.124 E608.13969
G0 F7200 X67.59 Y62.124
G0 X67.59 Y66.16
G0 X67.78 Y66.16
G1 F3000 X67.22 Y66.72 E608.16043
G0 F7200 X67.22 Y67.22
G1 F3000 X67.78 Y67.78 E608.18117
G0 F7200 X67.59 Y67.78
G0 X67.59 Y71.817
G0 X67.78 Y71.817
G1 F3000 X67.22 Y72.377 E608.20192
G0 F7200 X67.22 Y72.877
G1 F3000 X67.78 Y73.437 E608.22266
G0 F7200 X67.59 Y73.437
G0 X67.59 Y77.473
G0 X67.78 Y77.473
G1 F3000 X67.22 Y78.033 E608.2434
G0 F7200 X67.22 Y78.533
G1 F3000 X67.78 Y79.094 E608.26417
G0 F7200 X67.59 Y79.094
G0 X67.59 Y83.13
G0 X67.78 Y83.13
G1 F3000 X67.22 Y83.69 E608.28491
G0 F7200 X67.22 Y84.19
G1 F3000 X67.78 Y84.751 E608.30567
G0 F7200 X67.59 Y84.751
G0 X67.338 Y87.338
G0 X65.152 Y87.59
G0 X65.152 Y87.78
G1 F3000 X64.593 Y87.22 E608.3264
G0 F7200 X63.691 Y87.22
G1 F3000 X63.13 Y87.78 E608.34716
G0 F7200 X63.13 Y87.59
G0 X59.495 Y87.59
G0 X59.495 Y87.78
G1 F3000 X58.936 Y87.22 E608.36788
G0 F7200 X58.034 Y87.22
G1 F3000 X57.474 Y87.78 E608.38862
G0 F7200 X57.474 Y87.59
G0 X53.838 Y87.59
G0 X53.838 Y87.78
G1 F3000 X53.279 Y87.22 E608.40935
G0 F7200 X52.378 Y87.22
G1 F3000 X51.817 Y87.78 E608.43011
G0 F7200 X51.817 Y87.59
G0 X48.181 Y87.59
G0 X48.181 Y87.779
G1 F3000 X47.622 Y87.22 E608.45082
G0 F7200 X46.721 Y87.22
G1 F3000 X46.161 Y87.78 E608.47156
G0 F7200 X46.161 Y87.59
G0 X42.524 Y87.59
G0 X42.524 Y87.779
G1 F3000 X41.965 Y87.22 E608.49227
G0 F7200 X41.064 Y87.22
G1 F3000 X40.504 Y87.78 E608.51301
G0 F7200 X40.504 Y87.59
G0 X36.867 Y87.59
G0 X36.867 Y87.779
G1 F3000 X34.476 Y85.388 E608.60158
G1 X34.406 Y85.318
G0 F7200 X34.513 Y85.578
G0 X36.59 Y85.847
G0 X36.779 Y85.847
G1 F3000 X34.847 Y87.78 E608.67316
G1 X34.777 Y87.85
G0 F7200 X34.777 Y87.59
G0 X67.338 Y87.338
G0 X66.924 Y86.924
;TYPE:WALL-INNER
G1 F2400 X66.589 Y87.1 E608.68307
G1 X37.5 Y87.1 E609.44498
G1 X37.02 Y86.861 E609.45903
G1 X36.9 Y86.501 E609.46896
G1 X36.9 Y85.1 E609.50566
G1 X35.527 Y85.1 E609.54162
G1 X34.967 Y85.143 E609.55633
G1 X34.451 Y85.268 E609.57024
G1 X33.949 Y85.477 E609.58448
G1 X33.499 Y85.751 E609.59828
G1 X33.098 Y86.098 E609.61217
G1 X32.751 Y86.499 E609.62606
G1 X32.476 Y86.95 E609.6399
G1 X32.269 Y87.443 E609.6539
G1 X32.16 Y87.899 E609.66618
G1 X67.9 Y87.9 E610.6023
G1 X67.9 Y12.1 E612.58768
G1 X32.161 Y12.1 E613.52377
G1 X32.265 Y12.547 E613.53579
G1 X32.472 Y13.045 E613.54991
G1 X32.75 Y13.497 E613.56381
G1 X33.098 Y13.902 E613.5778
G1 X33.499 Y14.245 E613.59162
G1 X33.951 Y14.524 E613.60553
G1 X34.45 Y14.731 E613.61968
G1 X34.967 Y14.853 E613.63359
G1 X35.529 Y14.9 E613.64837
G1 X36.9 Y14.9 E613.68428
G1 X36.9 Y13.5 E613.72094
G1 X37.02 Y13.139 E613.73091
G1 X37.409 Y12.9 E613.74287
G1 X66.5 Y12.9 E614.50483
G1 X66.924 Y13.076 E614.51685
G1 X67.1 Y13.5 E614.52888
G1 X67.1 Y86.589 E616.44325
G1 X66.924 Y86.924 E616.45316
G0 F7200 X66.698 Y86.535
;TYPE:WALL-OUTER
G1 F1200 X66.642 Y86.642 E616.45633
G1 X66.535 Y86.698 E616.45949
G1 X37.5 Y86.7 E617.21998
G1 X37.34 Y86.621 E617.22466
G1 X37.3 Y86.501 E617.22797
G1 X37.3 Y84.7 E617.27514
G1 X35.512 Y84.7 E617.32198
G1 X34.904 Y84.747 E617.33795
G1 X34.327 Y84.887 E617.3535
G1 X33.767 Y85.119 E617.36938
G1 X33.263 Y85.427 E617.38485
G1 X32.814 Y85.814 E617.40037
G1 X32.427 Y86.263 E617.4159
G1 X32.119 Y86.768 E617.43139
G1 X31.887 Y87.319 E617.44705
G1 X31.747 Y87.911 E617.46298
G1 X31.717 Y88.3 E617.4732
G1 X68.3 Y88.3 E618.4314
G1 X68.3 Y11.7 E620.43773
G1 X31.717 Y11.7 E621.39593
G1 X31.747 Y12.085 E621.40604
G1 X31.883 Y12.67 E621.42177
G1 X32.115 Y13.228 E621.4376
G1 X32.426 Y13.733 E621.45314
G1 X32.814 Y14.186 E621.46876
G1 X33.263 Y14.569 E621.48422
G1 X33.768 Y14.881 E621.49976
G1 X34.326 Y15.113 E621.51559
G1 X34.904 Y15.249 E621.53115
G1 X35.513 Y15.3 E621.54715
G1 X37.3 Y15.3 E621.59396
G1 X37.3 Y13.5 E621.6411
G1 X37.34 Y13.379 E621.64444
G1 X37.465 Y13.302 E621.64829
G1 X66.5 Y13.3 E622.40878
G1 X66.642 Y13.358 E622.4128
G1 X66.7 Y13.5 E622.41682
G1 X66.698 Y86.535 E624.32978
G0 F7200 X66.642 Y86.642
G0 X66.573 Y86.678
;MESH:NONMESH
G0 F600 Z5.1
G0 F7200 X66.573 Y87.41
G0 X67.338 Y12.662
G0 X34.848 Y12.41
G0 X34.848 Y12.22
;TIME_ELAPSED:1051.181753
;LAYER:32
;TYPE:FILL
;MESH:Wandhalterung TP-Link Media Converter.stl
G1 F3000 X36.78 Y14.153 E624.40136
G1 X36.85 Y14.223
G0 F7200 X36.59 Y14.223
G0 X36.662 Y12.662
G0 X36.867 Y12.22
G1 F3000 X34.476 Y14.612 E624.48994
G1 X34.406 Y14.682
G0 F7200 X34.514 Y14.423
G0 X36.662 Y12.662
G0 X40.504 Y12.41
G0 X40.504 Y12.22
G1 F3000 X41.064 Y12.78 E624.51069
G0 F7200 X41.964 Y12.78
G1 F3000 X42.524 Y12.22 E624.53143
G0 F7200 X42.524 Y12.41
G0 X46.161 Y12.41
G0 X46.161 Y12.22
G1 F3000 X46.721 Y12.78 E624.55217
G0 F7200 X47.621 Y12.78
G1 F3000 X48.181 Y12.22 E624.57292
G0 F7200 X48.181 Y12.41
G0 X51.818 Y12.41
G0 X51.818 Y12.22
G1 F3000 X52.378 Y12.78 E624.59366
G0 F7200 X53.278 Y12.78
G1 F3000 X53.838 Y12.22 E624.6144
G0 F7200 X53.838 Y12.41
G0 X57.475 Y12.41
G0 X57.475 Y12.22
G1 F3000 X58.034 Y12.78 E624.63513
G0 F7200 X58.935 Y12.78
G1 F3000 X59.495 Y12.22 E624.65587
G0 F7200 X59.495 Y12.41
G0 X63.132 Y12.41
G0 X63.132 Y12.22
G1 F3000 X63.691 Y12.78 E624.6766
G0 F7200 X64.591 Y12.78
G1 F3000 X65.151 Y12.22 E624.69734
G0 F7200 X65.151 Y12.41
G0 X67.338 Y12.662
G0 X67.59 Y15.248
G0 X67.78 Y15.248
G1 F3000 X67.22 Y15.808 E624.71808
G0 F7200 X67.22 Y16.308
G1 F3000 X67.78 Y16.869 E624.73885
G0 F7200 X67.59 Y16.869
G0 X67.59 Y20.905
G0 X67.78 Y20.905
G1 F3000 X67.22 Y21.465 E624.75959
G0 F7200 X67.22 Y21.965
G1 F3000 X67.78 Y22.526 E624.78035
G0 F7200 X67.59 Y22.526
G0 X67.59 Y26.562
G0 X67.78 Y26.562
G1 F3000 X67.22 Y27.122 E624.80109
G0 F7200 X67.22 Y27.622
G1 F3000 X67.78 Y28.182 E624.82184
G0 F7200 X67.59 Y28.182
G0 X67.59 Y32.219
G0 X67.78 Y32.219
G1 F3000 X67.22 Y32.779 E624.84258
G0 F7200 X67.22 Y33.279
G1 F3000 X67.78 Y33.839 E624.86332
G0 F7200 X67.59 Y33.839
G0 X67.59 Y37.875
G0 X67.78 Y37.875
G1 F3000 X67.22 Y38.435 E624.88407
G0 F7200 X67.22 Y38.935
G1 F3000 X67.78 Y39.496 E624.90483
G0 F7200 X67.59 Y39.496
G0 X67.59 Y43.532
G0 X67.78 Y43.532
G1 F3000 X67.22 Y44.092 E624.92557
G0 F7200 X67.22 Y44.592
G1 F3000 X67.78 Y45.153 E624.94633
G0 F7200 X67.59 Y45.153
G0 X67.59 Y49.189
G0 X67.78 Y49.189
G1 F3000 X67.22 Y49.749 E624.96708
G0 F7200 X67.22 Y50.249
G1 F3000 X67.78 Y50.81 E624.98784
G0 F7200 X67.59 Y50.81
G0 X67.59 Y54.846
G0 X67.78 Y54.846
G1 F3000 X67.22 Y55.406 E625.00858
G0 F7200 X67.22 Y55.906
G1 F3000 X67.78 Y56.467 E625.02934
G0 F7200 X67.59 Y56.467
G0 X67.59 Y60.503
G0 X67.78 Y60.503
G1 F3000 X67.22 Y61.063 E625.05009
G0 F7200 X67.22 Y61.563
G1 F3000 X67.78 Y62.124 E625.07085
G0 F7200 X67.59 Y62.124
G0 X67.59 Y66.16
G0 X67.78 Y66.16
G1 F3000 X67.22 Y66.72 E625.09159
G0 F7200 X67.22 Y67.22
G1 F3000 X67.78 Y67.78 E625.11234
G0 F7200 X67.59 Y67.78
G0 X67.59 Y71.817
G0 X67.78 Y71.817
G1 F3000 X67.22 Y72.377 E625.13308
G0 F7200 X67.22 Y72.877
G1 F3000 X67.78 Y73.437 E625.15382
G0 F7200 X67.59 Y73.437
G0 X67.59 Y77.473
G0 X67.78 Y77.473
G1 F3000 X67.22 Y78.033 E625.17457
G0 F7200 X67.22 Y78.533
G1 F3000 X67.78 Y79.094 E625.19533
G0 F7200 X67.59 Y79.094
G0 X67.59 Y83.13
G0 X67.78 Y83.13
G1 F3000 X67.22 Y83.69 E625.21607
G0 F7200 X67.22 Y84.19
G1 F3000 X67.78 Y84.751 E625.23683
G0 F7200 X67.59 Y84.751
G0 X67.338 Y87.338
G0 X65.152 Y87.59
G0 X65.152 Y87.78
G1 F3000 X64.593 Y87.22 E625.25756
G0 F7200 X63.691 Y87.22
G1 F3000 X63.13 Y87.78 E625.27832
G0 F7200 X63.13 Y87.59
G0 X59.495 Y87.59
G0 X59.495 Y87.78
G1 F3000 X58.936 Y87.22 E625.29904
G0 F7200 X58.034 Y87.22
G1 F3000 X57.474 Y87.78 E625.31979
G0 F7200 X57.474 Y87.59
G0 X53.838 Y87.59
G0 X53.838 Y87.78
G1 F3000 X53.279 Y87.22 E625.34051
G0 F7200 X52.378 Y87.22
G1 F3000 X51.817 Y87.78 E625.36127
G0 F7200 X51.817 Y87.59
G0 X48.181 Y87.59
G0 X48.181 Y87.779
G1 F3000 X47.622 Y87.22 E625.38198
G0 F7200 X46.721 Y87.22
G1 F3000 X46.161 Y87.78 E625.40272
G0 F7200 X46.161 Y87.59
G0 X42.524 Y87.59
G0 X42.524 Y87.779
G1 F3000 X41.965 Y87.22 E625.42343
G0 F7200 X41.064 Y87.22
G1 F3000 X40.504 Y87.78 E625.44417
G0 F7200 X40.504 Y87.59
G0 X36.867 Y87.59
G0 X36.867 Y87.779
G1 F3000 X34.476 Y85.388 E625.53274
G1 X34.406 Y85.318
G0 F7200 X34.513 Y85.578
G0 X36.59 Y85.847
G0 X36.779 Y85.847
G1 F3000 X34.847 Y87.78 E625.60432
G1 X34.777 Y87.85
G0 F7200 X34.777 Y87.59
G0 X67.338 Y87.338
G0 X66.924 Y86.924
;TYPE:WALL-INNER
G1 F2400 X66.589 Y87.1 E625.61423
G1 X37.5 Y87.1 E626.37614
G1 X37.02 Y86.861 E626.39019
G1 X36.9 Y86.501 E626.40013
G1 X36.9 Y85.1 E626.43682
G1 X35.527 Y85.1 E626.47278
G1 X34.967 Y85.143 E626.4875
G1 X34.451 Y85.268 E626.5014
G1 X33.949 Y85.477 E626.51564
G1 X33.499 Y85.751 E626.52944
G1 X33.098 Y86.098 E626.54333
G1 X32.751 Y86.499 E626.55722
G1 X32.476 Y86.95 E626.57106
G1 X32.269 Y87.443 E626.58506
G1 X32.16 Y87.899 E626.59734
G1 X67.9 Y87.9 E627.53346
G1 X67.9 Y12.1 E629.51884
G1 X32.161 Y12.1 E630.45493
G1 X32.265 Y12.547 E630.46695
G1 X32.472 Y13.045 E630.48107
G1 X32.75 Y13.497 E630.49497
G1 X33.098 Y13.902 E630.50896
G1 X33.499 Y14.245 E630.52278
G1 X33.951 Y14.524 E630.53669
G1 X34.45 Y14.731 E630.55084
G1 X34.967 Y14.853 E630.56476
G1 X35.529 Y14.9 E630.57953
G1 X36.9 Y14.9 E630.61544
G1 X36.9 Y13.5 E630.65211
G1 X37.02 Y13.139 E630.66207
G1 X37.409 Y12.9 E630.67403
G1 X66.5 Y12.9 E631.43599
G1 X66.924 Y13.076 E631.44802
G1 X67.1 Y13.5 E631.46004
G1 X67.1 Y86.589 E633.37441
G1 X66.924 Y86.924 E633.38432
G0 F7200 X66.698 Y86.535
;TYPE:WALL-OUTER
G1 F1200 X66.642 Y86.642 E633.38749
G1 X66.535 Y86.698 E633.39065
G1 X37.5 Y86.7 E634.15115
G1 X37.34 Y86.621 E634.15582
G1 X37.3 Y86.501 E634.15913
G1 X37.3 Y84.7 E634.20631
G1 X35.512 Y84.7 E634.25314
G1 X34.904 Y84.747 E634.26911
G1 X34.327 Y84.887 E634.28466
G1 X33.767 Y85.119 E634.30054
G1 X33.263 Y85.427 E634.31601
G1 X32.814 Y85.814 E634.33153
G1 X32.427 Y86.263 E634.34706
G1 X32.119 Y86.768 E634.36255
G1 X31.887 Y87.319 E634.37821
G1 X31.747 Y87.911 E634.39415
G1 X31.717 Y88.3 E634.40437
G1 X68.3 Y88.3 E635.36256
G1 X68.3 Y11.7 E637.36889
G1 X31.717 Y11.7 E638.32709
G1 X31.747 Y12.085 E638.3372
G1 X31.883 Y12.67 E638.35294
G1 X32.115 Y13.228 E638.36876
G1 X32.426 Y13.733 E638.3843
G1 X32.814 Y14.186 E638.39992
G1 X33.263 Y14.569 E638.41538
G1 X33.768 Y14.881 E638.43093
G1 X34.326 Y15.113 E638.44675
G1 X34.904 Y15.249 E638.46231
G1 X35.513 Y15.3 E638.47831
G1 X37.3 Y15.3 E638.52512
G1 X37.3 Y13.5 E638.57227
G1 X37.34 Y13.379 E638.5756
G1 X37.465 Y13.302 E638.57945
G1 X66.5 Y13.3 E639.33994
G1 X66.642 Y13.358 E639.34396
G1 X66.7 Y13.5 E639.34798
G1 X66.698 Y86.535 E641.26094
G0 F7200 X66.642 Y86.642
G0 X66.573 Y86.678
;MESH:NONMESH
G0 F600 Z5.25
G0 F7200 X66.573 Y87.41
G0 X67.338 Y12.662
G0 X34.848 Y12.41
G0 X34.848 Y12.22
;TIME_ELAPSED:1078.757860
;LAYER:33
;TYPE:FILL
;MESH:Wandhalterung TP-Link Media Converter.stl
G1 F3000 X36.78 Y14.153 E641.33252
G1 X36.85 Y14.223
G0 F7200 X36.59 Y14.223
G0 X36.662 Y12.662
G0 X36.867 Y12.22
G1 F3000 X34.476 Y14.612 E641.42111
G1 X34.406 Y14.682
G0 F7200 X34.514 Y14.423
G0 X36.662 Y12.662
G0 X40.504 Y12.41
G0 X40.504 Y12.22
G1 F3000 X41.064 Y12.78 E641.44185
G0 F7200 X41.964 Y12.78
G1 F3000 X42.524 Y12.22 E641.46259
G0 F7200 X42.524 Y12.41
G0 X46.161 Y12.41
G0 X46.161 Y12.22
G1 F3000 X46.721 Y12.78 E641.48334
G0 F7200 X47.621 Y12.78
G1 F3000 X48.181 Y12.22 E641.50408
G0 F7200 X48.181 Y12.41
G0 X51.818 Y12.41
G0 X51.818 Y12.22
G1 F3000 X52.378 Y12.78 E641.52482
G0 F7200 X53.278 Y12.78
G1 F3000 X53.838 Y12.22 E641.54557
G0 F7200 X53.838 Y12.41
G0 X57.475 Y12.41
G0 X57.475 Y12.22
G1 F3000 X58.034 Y12.78 E641.56629
G0 F7200 X58.935 Y12.78
G1 F3000 X59.495 Y12.22 E641.58703
G0 F7200 X59.495 Y12.41
G0 X63.132 Y12.41
G0 X63.132 Y12.22
G1 F3000 X63.691 Y12.78 E641.60776
G0 F7200 X64.591 Y12.78
G1 F3000 X65.151 Y12.22 E641.6285
G0 F7200 X65.151 Y12.41
G0 X67.338 Y12.662
G0 X67.59 Y15.248
G0 X67.78 Y15.248
G1 F3000 X67.22 Y15.808 E641.64925
G0 F7200 X67.22 Y16.308
G1 F3000 X67.78 Y16.869 E641.67001
G0 F7200 X67.59 Y16.869
G0 X67.59 Y20.905
G0 X67.78 Y20.905
G1 F3000 X67.22 Y21.465 E641.69075
G0 F7200 X67.22 Y21.965
G1 F3000 X67.78 Y22.526 E641.71151
G0 F7200 X67.59 Y22.526
G0 X67.59 Y26.562
G0 X67.78 Y26.562
G1 F3000 X67.22 Y27.122 E641.73226
G0 F7200 X67.22 Y27.622
G1 F3000 X67.78 Y28.182 E641.753
G0 F7200 X67.59 Y28.182
G0 X67.59 Y32.219
G0 X67.78 Y32.219
G1 F3000 X67.22 Y32.779 E641.77374
G0 F7200 X67.22 Y33.279
G1 F3000 X67.78 Y33.839 E641.79449
G0 F7200 X67.59 Y33.839
G0 X67.59 Y37.875
G0 X67.78 Y37.875
G1 F3000 X67.22 Y38.435 E641.81523
G0 F7200 X67.22 Y38.935
G1 F3000 X67.78 Y39.496 E641.83599
G0 F7200 X67.59 Y39.496
G0 X67.59 Y43.532
G0 X67.78 Y43.532
G1 F3000 X67.22 Y44.092 E641.85673
G0 F7200 X67.22 Y44.592
G1 F3000 X67.78 Y45.153 E641.8775
G0 F7200 X67.59 Y45.153
G0 X67.59 Y49.189
G0 X67.78 Y49.189
G1 F3000 X67.22 Y49.749 E641.89824
G0 F7200 X67.22 Y50.249
G1 F3000 X67.78 Y50.81 E641.919
G0 F7200 X67.59 Y50.81
G0 X67.59 Y54.846
G0 X67.78 Y54.846
G1 F3000 X67.22 Y55.406 E641.93974
G0 F7200 X67.22 Y55.906
G1 F3000 X67.78 Y56.467 E641.96051
G0 F7200 X67.59 Y56.467
G0 X67.59 Y60.503
G0 X67.78 Y60.503
G1 F3000 X67.22 Y61.063 E641.98125
G0 F7200 X67.22 Y61.563
G1 F3000 X67.78 Y62.124 E642.00201
G0 F7200 X67.59 Y62.124
G0 X67.59 Y66.16
G0 X67.78 Y66.16
G1 F3000 X67.22 Y66.72 E642.02275
G0 F7200 X67.22 Y67.22
G1 F3000 X67.78 Y67.78 E642.0435
G0 F7200 X67.59 Y67.78
G0 X67.59 Y71.817
G0 X67.78 Y71.817
G1 F3000 X67.22 Y72.377 E642.06424
G0 F7200 X67.22 Y72.877
G1 F3000 X67.78 Y73.437 E642.08498
G0 F7200 X67.59 Y73.437
G0 X67.59 Y77.473
G0 X67.78 Y77.473
G1 F3000 X67.22 Y78.033 E642.10573
G0 F7200 X67.22 Y78.533
G1 F3000 X67.78 Y79.094 E642.12649
G0 F7200 X67.59 Y79.094
G0 X67.59 Y83.13
G0 X67.78 Y83.13
G1 F3000 X67.22 Y83.69 E642.14723
G0 F7200 X67.22 Y84.19
G1 F3000 X67.78 Y84.751 E642.16799
G0 F7200 X67.59 Y84.751
G0 X67.338 Y87.338
G0 X65.152 Y87.59
G0 X65.152 Y87.78
G1 F3000 X64.593 Y87.22 E642.18872
G0 F7200 X63.691 Y87.22
G1 F3000 X63.13 Y87.78 E642.20948
G0 F7200 X63.13 Y87.59
G0 X59.495 Y87.59
G0 X59.495 Y87.78
G1 F3000 X58.936 Y87.22 E642.23021
G0 F7200 X58.034 Y87.22
G1 F3000 X57.474 Y87.78 E642.25095
G0 F7200 X57.474 Y87.59
G0 X53.838 Y87.59
G0 X53.838 Y87.78
G1 F3000 X53.279 Y87.22 E642.27167
G0 F7200 X52.378 Y87.22
G1 F3000 X51.817 Y87.78 E642.29244
G0 F7200 X51.817 Y87.59
G0 X48.181 Y87.59
G0 X48.181 Y87.779
G1 F3000 X47.622 Y87.22 E642.31314
G0 F7200 X46.721 Y87.22
G1 F3000 X46.161 Y87.78 E642.33389
G0 F7200 X46.161 Y87.59
G0 X42.524 Y87.59
G0 X42.524 Y87.779
G1 F3000 X41.965 Y87.22 E642.35459
G0 F7200 X41.064 Y87.22
G1 F3000 X40.504 Y87.78 E642.37533
G0 F7200 X40.504 Y87.59
G0 X36.867 Y87.59
G0 X36.867 Y87.779
G1 F3000 X34.476 Y85.388 E642.4639
G1 X34.406 Y85.318
G0 F7200 X34.513 Y85.578
G0 X36.59 Y85.847
G0 X36.779 Y85.847
G1 F3000 X34.847 Y87.78 E642.53548
G1 X34.777 Y87.85
G0 F7200 X34.777 Y87.59
G0 X67.338 Y87.338
G0 X66.924 Y86.924
;TYPE:WALL-INNER
G1 F2400 X66.589 Y87.1 E642.5454
G1 X37.5 Y87.1 E643.30731
G1 X37.02 Y86.861 E643.32135
G1 X36.9 Y86.501 E643.33129
G1 X36.9 Y85.1 E643.36798
G1 X35.527 Y85.1 E643.40395
G1 X34.967 Y85.143 E643.41866
G1 X34.451 Y85.268 E643.43256
G1 X33.949 Y85.477 E643.44681
G1 X33.499 Y85.751 E643.46061
G1 X33.098 Y86.098 E643.4745
G1 X32.751 Y86.499 E643.48838
G1 X32.476 Y86.95 E643.50222
G1 X32.269 Y87.443 E643.51623
G1 X32.16 Y87.899 E643.52851
G1 X67.9 Y87.9 E644.46462
G1 X67.9 Y12.1 E646.45
G1 X32.161 Y12.1 E647.38609
G1 X32.265 Y12.547 E647.39811
G1 X32.472 Y13.045 E647.41224
G1 X32.75 Y13.497 E647.42614
G1 X33.098 Y13.902 E647.44012
G1 X33.499 Y14.245 E647.45394
G1 X33.951 Y14.524 E647.46786
G1 X34.45 Y14.731 E647.482
G1 X34.967 Y14.853 E647.49592
G1 X35.529 Y14.9 E647.51069
G1 X36.9 Y14.9 E647.5466
G1 X36.9 Y13.5 E647.58327
G1 X37.02 Y13.139 E647.59323
G1 X37.409 Y12.9 E647.60519
G1 X66.5 Y12.9 E648.36715
G1 X66.924 Y13.076 E648.37918
G1 X67.1 Y13.5 E648.3912
G1 X67.1 Y86.589 E650.30557
G1 X66.924 Y86.924 E650.31549
G0 F7200 X66.698 Y86.535
;TYPE:WALL-OUTER
G1 F1200 X66.642 Y86.642 E650.31865
G1 X66.535 Y86.698 E650.32181
G1 X37.5 Y86.7 E651.08231
G1 X37.34 Y86.621 E651.08698
G1 X37.3 Y86.501 E651.09029
G1 X37.3 Y84.7 E651.13747
G1 X35.512 Y84.7 E651.1843
G1 X34.904 Y84.747 E651.20027
G1 X34.327 Y84.887 E651.21582
G1 X33.767 Y85.119 E651.2317
G1 X33.263 Y85.427 E651.24717
G1 X32.814 Y85.814 E651.2627
G1 X32.427 Y86.263 E651.27822
G1 X32.119 Y86.768 E651.29372
G1 X31.887 Y87.319 E651.30937
G1 X31.747 Y87.911 E651.32531
G1 X31.717 Y88.3 E651.33553
G1 X68.3 Y88.3 E652.29372
G1 X68.3 Y11.7 E654.30006
G1 X31.717 Y11.7 E655.25825
G1 X31.747 Y12.085 E655.26837
G1 X31.883 Y12.67 E655.2841
G1 X32.115 Y13.228 E655.29993
G1 X32.426 Y13.733 E655.31546
G1 X32.814 Y14.186 E655.33108
G1 X33.263 Y14.569 E655.34654
G1 X33.768 Y14.881 E655.36209
G1 X34.326 Y15.113 E655.37792
G1 X34.904 Y15.249 E655.39347
G1 X35.513 Y15.3 E655.40948
G1 X37.3 Y15.3 E655.45628
G1 X37.3 Y13.5 E655.50343
G1 X37.34 Y13.379 E655.50677
G1 X37.465 Y13.302 E655.51061
G1 X66.5 Y13.3 E656.27111
G1 X66.642 Y13.358 E656.27512
G1 X66.7 Y13.5 E656.27914
G1 X66.698 Y86.535 E658.1921
G0 F7200 X66.642 Y86.642
G0 X66.573 Y86.678
;MESH:NONMESH
G0 F600 Z5.4
G0 F7200 X66.573 Y87.41
G0 X67.338 Y12.662
G0 X34.848 Y12.41
G0 X34.848 Y12.22
;TIME_ELAPSED:1106.333967
;LAYER:34
;TYPE:FILL
;MESH:Wandhalterung TP-Link Media Converter.stl
G1 F3000 X36.78 Y14.153 E658.26368
G1 X36.85 Y14.223
G0 F7200 X36.59 Y14.223
G0 X36.662 Y12.662
G0 X36.867 Y12.22
G1 F3000 X34.476 Y14.612 E658.35227
G1 X34.406 Y14.682
G0 F7200 X34.514 Y14.423
G0 X36.662 Y12.662
G0 X40.504 Y12.41
G0 X40.504 Y12.22
G1 F3000 X41.064 Y12.78 E658.37301
G0 F7200 X41.964 Y12.78
G1 F3000 X42.524 Y12.22 E658.39375
G0 F7200 X42.524 Y12.41
G0 X46.161 Y12.41
G0 X46.161 Y12.22
G1 F3000 X46.721 Y12.78 E658.4145
G0 F7200 X47.621 Y12.78
G1 F3000 X48.181 Y12.22 E658.43524
G0 F7200 X48.181 Y12.41
G0 X51.818 Y12.41
G0 X51.818 Y12.22
G1 F3000 X52.378 Y12.78 E658.45598
G0 F7200 X53.278 Y12.78
G1 F3000 X53.838 Y12.22 E658.47673
G0 F7200 X53.838 Y12.41
G0 X57.475 Y12.41
G0 X57.475 Y12.22
G1 F3000 X58.034 Y12.78 E658.49745
G0 F7200 X58.935 Y12.78
G1 F3000 X59.495 Y12.22 E658.5182
G0 F7200 X59.495 Y12.41
G0 X63.132 Y12.41
G0 X63.132 Y12.22
G1 F3000 X63.691 Y12.78 E658.53892
G0 F7200 X64.591 Y12.78
G1 F3000 X65.151 Y12.22 E658.55966
G0 F7200 X65.151 Y12.41
G0 X67.338 Y12.662
G0 X67.59 Y15.248
G0 X67.78 Y15.248
G1 F3000 X67.22 Y15.808 E658.58041
G0 F7200 X67.22 Y16.308
G1 F3000 X67.78 Y16.869 E658.60117
G0 F7200 X67.59 Y16.869
G0 X67.59 Y20.905
G0 X67.78 Y20.905
G1 F3000 X67.22 Y21.465 E658.62191
G0 F7200 X67.22 Y21.965
G1 F3000 X67.78 Y22.526 E658.64267
G0 F7200 X67.59 Y22.526
G0 X67.59 Y26.562
G0 X67.78 Y26.562
G1 F3000 X67.22 Y27.122 E658.66342
G0 F7200 X67.22 Y27.622
G1 F3000 X67.78 Y28.182 E658.68416
G0 F7200 X67.59 Y28.182
G0 X67.59 Y32.219
G0 X67.78 Y32.219
G1 F3000 X67.22 Y32.779 E658.7049
G0 F7200 X67.22 Y33.279
G1 F3000 X67.78 Y33.839 E658.72565
G0 F7200 X67.59 Y33.839
G0 X67.59 Y37.875
G0 X67.78 Y37.875
G1 F3000 X67.22 Y38.435 E658.74639
G0 F7200 X67.22 Y38.935
G1 F3000 X67.78 Y39.496 E658.76715
G0 F7200 X67.59 Y39.496
G0 X67.59 Y43.532
G0 X67.78 Y43.532
G1 F3000 X67.22 Y44.092 E658.7879
G0 F7200 X67.22 Y44.592
G1 F3000 X67.78 Y45.153 E658.80866
G0 F7200 X67.59 Y45.153
G0 X67.59 Y49.189
G0 X67.78 Y49.189
G1 F3000 X67.22 Y49.749 E658.8294
G0 F7200 X67.22 Y50.249
G1 F3000 X67.78 Y50.81 E658.85016
G0 F7200 X67.59 Y50.81
G0 X67.59 Y54.846
G0 X67.78 Y54.846
G1 F3000 X67.22 Y55.406 E658.87091
G0 F7200 X67.22 Y55.906
G1 F3000 X67.78 Y56.467 E658.89167
G0 F7200 X67.59 Y56.467
G0 X67.59 Y60.503
G0 X67.78 Y60.503
G1 F3000 X67.22 Y61.063 E658.91241
G0 F7200 X67.22 Y61.563
G1 F3000 X67.78 Y62.124 E658.93317
G0 F7200 X67.59 Y62.124
G0 X67.59 Y66.16
G0 X67.78 Y66.16
G1 F3000 X67.22 Y66.72 E658.95392
G0 F7200 X67.22 Y67.22
G1 F3000 X67.78 Y67.78 E658.97466
G0 F7200 X67.59 Y67.78
G0 X67.59 Y71.817
G0 X67.78 Y71.817
G1 F3000 X67.22 Y72.377 E658.9954
G0 F7200 X67.22 Y72.877
G1 F3000 X67.78 Y73.437 E659.01615
G0 F7200 X67.59 Y73.437
G0 X67.59 Y77.473
G0 X67.78 Y77.473
G1 F3000 X67.22 Y78.033 E659.03689
G0 F7200 X67.22 Y78.533
G1 F3000 X67.78 Y79.094 E659.05765
G0 F7200 X67.59 Y79.094
G0 X67.59 Y83.13
G0 X67.78 Y83.13
G1 F3000 X67.22 Y83.69 E659.07839
G0 F7200 X67.22 Y84.19
G1 F3000 X67.78 Y84.751 E659.09916
G0 F7200 X67.59 Y84.751
G0 X67.338 Y87.338
G0 X65.152 Y87.59
G0 X65.152 Y87.78
G1 F3000 X64.593 Y87.22 E659.11988
G0 F7200 X63.691 Y87.22
G1 F3000 X63.13 Y87.78 E659.14064
G0 F7200 X63.13 Y87.59
G0 X59.495 Y87.59
G0 X59.495 Y87.78
G1 F3000 X58.936 Y87.22 E659.16137
G0 F7200 X58.034 Y87.22
G1 F3000 X57.474 Y87.78 E659.18211
G0 F7200 X57.474 Y87.59
G0 X53.838 Y87.59
G0 X53.838 Y87.78
G1 F3000 X53.279 Y87.22 E659.20284
G0 F7200 X52.378 Y87.22
G1 F3000 X51.817 Y87.78 E659.2236
G0 F7200 X51.817 Y87.59
G0 X48.181 Y87.59
G0 X48.181 Y87.779
G1 F3000 X47.622 Y87.22 E659.2443
G0 F7200 X46.721 Y87.22
G1 F3000 X46.161 Y87.78 E659.26505
G0 F7200 X46.161 Y87.59
G0 X42.524 Y87.59
G0 X42.524 Y87.779
G1 F3000 X41.965 Y87.22 E659.28575
G0 F7200 X41.064 Y87.22
G1 F3000 X40.504 Y87.78 E659.3065
G0 F7200 X40.504 Y87.59
G0 X36.867 Y87.59
G0 X36.867 Y87.779
G1 F3000 X34.476 Y85.388 E659.39506
G1 X34.406 Y85.318
G0 F7200 X34.513 Y85.578
G0 X36.59 Y85.847
G0 X36.779 Y85.847
G1 F3000 X34.847 Y87.78 E659.46665
G1 X34.777 Y87.85
G0 F7200 X34.777 Y87.59
G0 X67.338 Y87.338
G0 X66.924 Y86.924
;TYPE:WALL-INNER
G1 F2400 X66.589 Y87.1 E659.47656
G1 X37.5 Y87.1 E660.23847
G1 X37.02 Y86.861 E660.25251
G1 X36.9 Y86.501 E660.26245
G1 X36.9 Y85.1 E660.29915
G1 X35.527 Y85.1 E660.33511
G1 X34.967 Y85.143 E660.34982
G1 X34.451 Y85.268 E660.36373
G1 X33.949 Y85.477 E660.37797
G1 X33.499 Y85.751 E660.39177
G1 X33.098 Y86.098 E660.40566
G1 X32.751 Y86.499 E660.41955
G1 X32.476 Y86.95 E660.43338
G1 X32.269 Y87.443 E660.44739
G1 X32.16 Y87.899 E660.45967
G1 X67.9 Y87.9 E661.39578
G1 X67.9 Y12.1 E663.38116
G1 X32.161 Y12.1 E664.31725
G1 X32.265 Y12.547 E664.32927
G1 X32.472 Y13.045 E664.3434
G1 X32.75 Y13.497 E664.3573
G1 X33.098 Y13.902 E664.37128
G1 X33.499 Y14.245 E664.3851
G1 X33.951 Y14.524 E664.39902
G1 X34.45 Y14.731 E664.41317
G1 X34.967 Y14.853 E664.42708
G1 X35.529 Y14.9 E664.44185
G1 X36.9 Y14.9 E664.47776
G1 X36.9 Y13.5 E664.51443
G1 X37.02 Y13.139 E664.5244
G1 X37.409 Y12.9 E664.53635
G1 X66.5 Y12.9 E665.29832
G1 X66.924 Y13.076 E665.31034
G1 X67.1 Y13.5 E665.32236
G1 X67.1 Y86.589 E667.23674
G1 X66.924 Y86.924 E667.24665
G0 F7200 X66.698 Y86.535
;TYPE:WALL-OUTER
G1 F1200 X66.642 Y86.642 E667.24981
G1 X66.535 Y86.698 E667.25297
G1 X37.5 Y86.7 E668.01347
G1 X37.34 Y86.621 E668.01814
G1 X37.3 Y86.501 E668.02146
G1 X37.3 Y84.7 E668.06863
G1 X35.512 Y84.7 E668.11546
G1 X34.904 Y84.747 E668.13143
G1 X34.327 Y84.887 E668.14699
G1 X33.767 Y85.119 E668.16286
G1 X33.263 Y85.427 E668.17833
G1 X32.814 Y85.814 E668.19386
G1 X32.427 Y86.263 E668.20938
G1 X32.119 Y86.768 E668.22488
G1 X31.887 Y87.319 E668.24054
G1 X31.747 Y87.911 E668.25647
G1 X31.717 Y88.3 E668.26669
G1 X68.3 Y88.3 E669.22488
G1 X68.3 Y11.7 E671.23122
G1 X31.717 Y11.7 E672.18941
G1 X31.747 Y12.085 E672.19953
G1 X31.883 Y12.67 E672.21526
G1 X32.115 Y13.228 E672.23109
G1 X32.426 Y13.733 E672.24662
G1 X32.814 Y14.186 E672.26224
G1 X33.263 Y14.569 E672.2777
G1 X33.768 Y14.881 E672.29325
G1 X34.326 Y15.113 E672.30908
G1 X34.904 Y15.249 E672.32463
G1 X35.513 Y15.3 E672.34064
G1 X37.3 Y15.3 E672.38744
G1 X37.3 Y13.5 E672.43459
G1 X37.34 Y13.379 E672.43793
G1 X37.465 Y13.302 E672.44177
G1 X66.5 Y13.3 E673.20227
G1 X66.642 Y13.358 E673.20629
G1 X66.7 Y13.5 E673.2103
G1 X66.698 Y86.535 E675.12326
G0 F7200 X66.642 Y86.642
G0 X66.573 Y86.678
;MESH:NONMESH
G0 F600 Z5.55
G0 F7200 X66.573 Y87.41
G0 X67.338 Y12.662
G0 X34.848 Y12.41
G0 X34.848 Y12.22
;TIME_ELAPSED:1133.910074
;LAYER:35
;TYPE:FILL
;MESH:Wandhalterung TP-Link Media Converter.stl
G1 F3000 X36.78 Y14.153 E675.19485
G1 X36.85 Y14.223
G0 F7200 X36.59 Y14.223
G0 X36.662 Y12.662
G0 X36.867 Y12.22
G1 F3000 X34.476 Y14.612 E675.28343
G1 X34.406 Y14.682
G0 F7200 X34.514 Y14.423
G0 X36.662 Y12.662
G0 X40.504 Y12.41
G0 X40.504 Y12.22
G1 F3000 X41.064 Y12.78 E675.30417
G0 F7200 X41.964 Y12.78
G1 F3000 X42.524 Y12.22 E675.32492
G0 F7200 X42.524 Y12.41
G0 X46.161 Y12.41
G0 X46.161 Y12.22
G1 F3000 X46.721 Y12.78 E675.34566
G0 F7200 X47.621 Y12.78
G1 F3000 X48.181 Y12.22 E675.3664
G0 F7200 X48.181 Y12.41
G0 X51.818 Y12.41
G0 X51.818 Y12.22
G1 F3000 X52.378 Y12.78 E675.38715
G0 F7200 X53.278 Y12.78
G1 F3000 X53.838 Y12.22 E675.40789
G0 F7200 X53.838 Y12.41
G0 X57.475 Y12.41
G0 X57.475 Y12.22
G1 F3000 X58.034 Y12.78 E675.42861
G0 F7200 X58.935 Y12.78
G1 F3000 X59.495 Y12.22 E675.44936
G0 F7200 X59.495 Y12.41
G0 X63.132 Y12.41
G0 X63.132 Y12.22
G1 F3000 X63.691 Y12.78 E675.47008
G0 F7200 X64.591 Y12.78
G1 F3000 X65.151 Y12.22 E675.49083
G0 F7200 X65.151 Y12.41
G0 X67.338 Y12.662
G0 X67.59 Y15.248
G0 X67.78 Y15.248
G1 F3000 X67.22 Y15.808 E675.51157
G0 F7200 X67.22 Y16.308
G1 F3000 X67.78 Y16.869 E675.53233
G0 F7200 X67.59 Y16.869
G0 X67.59 Y20.905
G0 X67.78 Y20.905
G1 F3000 X67.22 Y21.465 E675.55307
G0 F7200 X67.22 Y21.965
G1 F3000 X67.78 Y22.526 E675.57384
G0 F7200 X67.59 Y22.526
G0 X67.59 Y26.562
G0 X67.78 Y26.562
G1 F3000 X67.22 Y27.122 E675.59458
G0 F7200 X67.22 Y27.622
G1 F3000 X67.78 Y28.182 E675.61532
G0 F7200 X67.59 Y28.182
G0 X67.59 Y32.219
G0 X67.78 Y32.219
G1 F3000 X67.22 Y32.779 E675.63607
G0 F7200 X67.22 Y33.279
G1 F3000 X67.78 Y33.839 E675.65681
G0 F7200 X67.59 Y33.839
G0 X67.59 Y37.875
G0 X67.78 Y37.875
G1 F3000 X67.22 Y38.435 E675.67755
G0 F7200 X67.22 Y38.935
G1 F3000 X67.78 Y39.496 E675.69831
G0 F7200 X67.59 Y39.496
G0 X67.59 Y43.532
G0 X67.78 Y43.532
G1 F3000 X67.22 Y44.092 E675.71906
G0 F7200 X67.22 Y44.592
G1 F3000 X67.78 Y45.153 E675.73982
G0 F7200 X67.59 Y45.153
G0 X67.59 Y49.189
G0 X67.78 Y49.189
G1 F3000 X67.22 Y49.749 E675.76056
G0 F7200 X67.22 Y50.249
G1 F3000 X67.78 Y50.81 E675.78132
G0 F7200 X67.59 Y50.81
G0 X67.59 Y54.846
G0 X67.78 Y54.846
G1 F3000 X67.22 Y55.406 E675.80207
G0 F7200 X67.22 Y55.906
G1 F3000 X67.78 Y56.467 E675.82283
G0 F7200 X67.59 Y56.467
G0 X67.59 Y60.503
G0 X67.78 Y60.503
G1 F3000 X67.22 Y61.063 E675.84357
G0 F7200 X67.22 Y61.563
G1 F3000 X67.78 Y62.124 E675.86433
G0 F7200 X67.59 Y62.124
G0 X67.59 Y66.16
G0 X67.78 Y66.16
G1 F3000 X67.22 Y66.72 E675.88508
G0 F7200 X67.22 Y67.22
G1 F3000 X67.78 Y67.78 E675.90582
G0 F7200 X67.59 Y67.78
G0 X67.59 Y71.817
G0 X67.78 Y71.817
G1 F3000 X67.22 Y72.377 E675.92656
G0 F7200 X67.22 Y72.877
G1 F3000 X67.78 Y73.437 E675.94731
G0 F7200 X67.59 Y73.437
G0 X67.59 Y77.473
G0 X67.78 Y77.473
G1 F3000 X67.22 Y78.033 E675.96805
G0 F7200 X67.22 Y78.533
G1 F3000 X67.78 Y79.094 E675.98881
G0 F7200 X67.59 Y79.094
G0 X67.59 Y83.13
G0 X67.78 Y83.13
G1 F3000 X67.22 Y83.69 E676.00956
G0 F7200 X67.22 Y84.19
G1 F3000 X67.78 Y84.751 E676.03032
G0 F7200 X67.59 Y84.751
G0 X67.338 Y87.338
G0 X65.152 Y87.59
G0 X65.152 Y87.78
G1 F3000 X64.593 Y87.22 E676.05104
G0 F7200 X63.691 Y87.22
G1 F3000 X63.13 Y87.78 E676.0718
G0 F7200 X63.13 Y87.59
G0 X59.495 Y87.59
G0 X59.495 Y87.78
G1 F3000 X58.936 Y87.22 E676.09253
G0 F7200 X58.034 Y87.22
G1 F3000 X57.474 Y87.78 E676.11327
G0 F7200 X57.474 Y87.59
G0 X53.838 Y87.59
G0 X53.838 Y87.78
G1 F3000 X53.279 Y87.22 E676.134
G0 F7200 X52.378 Y87.22
G1 F3000 X51.817 Y87.78 E676.15476
G0 F7200 X51.817 Y87.59
G0 X48.181 Y87.59
G0 X48.181 Y87.779
G1 F3000 X47.622 Y87.22 E676.17547
G0 F7200 X46.721 Y87.22
G1 F3000 X46.161 Y87.78 E676.19621
G0 F7200 X46.161 Y87.59
G0 X42.524 Y87.59
G0 X42.524 Y87.779
G1 F3000 X41.965 Y87.22 E676.21692
G0 F7200 X41.064 Y87.22
G1 F3000 X40.504 Y87.78 E676.23766
G0 F7200 X40.504 Y87.59
G0 X36.867 Y87.59
G0 X36.867 Y87.779
G1 F3000 X34.476 Y85.388 E676.32622
G1 X34.406 Y85.318
G0 F7200 X34.513 Y85.578
G0 X36.59 Y85.847
G0 X36.779 Y85.847
G1 F3000 X34.847 Y87.78 E676.39781
G1 X34.777 Y87.85
G0 F7200 X34.777 Y87.59
G0 X67.338 Y87.338
G0 X66.924 Y86.924
;TYPE:WALL-INNER
G1 F2400 X66.589 Y87.1 E676.40772
G1 X37.5 Y87.1 E677.16963
G1 X37.02 Y86.861 E677.18367
G1 X36.9 Y86.501 E677.19361
G1 X36.9 Y85.1 E677.23031
G1 X35.527 Y85.1 E677.26627
G1 X34.967 Y85.143 E677.28098
G1 X34.451 Y85.268 E677.29489
G1 X33.949 Y85.477 E677.30913
G1 X33.499 Y85.751 E677.32293
G1 X33.098 Y86.098 E677.33682
G1 X32.751 Y86.499 E677.35071
G1 X32.476 Y86.95 E677.36454
G1 X32.269 Y87.443 E677.37855
G1 X32.16 Y87.899 E677.39083
G1 X67.9 Y87.9 E678.32694
G1 X67.9 Y12.1 E680.31233
G1 X32.161 Y12.1 E681.24841
G1 X32.265 Y12.547 E681.26043
G1 X32.472 Y13.045 E681.27456
G1 X32.75 Y13.497 E681.28846
G1 X33.098 Y13.902 E681.30245
G1 X33.499 Y14.245 E681.31627
G1 X33.951 Y14.524 E681.33018
G1 X34.45 Y14.731 E681.34433
G1 X34.967 Y14.853 E681.35824
G1 X35.529 Y14.9 E681.37301
G1 X36.9 Y14.9 E681.40892
G1 X36.9 Y13.5 E681.44559
G1 X37.02 Y13.139 E681.45556
G1 X37.409 Y12.9 E681.46752
G1 X66.5 Y12.9 E682.22948
G1 X66.924 Y13.076 E682.2415
G1 X67.1 Y13.5 E682.25353
G1 X67.1 Y86.589 E684.1679
G1 X66.924 Y86.924 E684.17781
G0 F7200 X66.698 Y86.535
;TYPE:WALL-OUTER
G1 F1200 X66.642 Y86.642 E684.18097
G1 X66.535 Y86.698 E684.18414
G1 X37.5 Y86.7 E684.94463
G1 X37.34 Y86.621 E684.94931
G1 X37.3 Y86.501 E684.95262
G1 X37.3 Y84.7 E684.99979
G1 X35.512 Y84.7 E685.04662
G1 X34.904 Y84.747 E685.0626
G1 X34.327 Y84.887 E685.07815
G1 X33.767 Y85.119 E685.09402
G1 X33.263 Y85.427 E685.10949
G1 X32.814 Y85.814 E685.12502
G1 X32.427 Y86.263 E685.14055
G1 X32.119 Y86.768 E685.15604
G1 X31.887 Y87.319 E685.1717
G1 X31.747 Y87.911 E685.18763
G1 X31.717 Y88.3 E685.19785
G1 X68.3 Y88.3 E686.15605
G1 X68.3 Y11.7 E688.16238
G1 X31.717 Y11.7 E689.12058
G1 X31.747 Y12.085 E689.13069
G1 X31.883 Y12.67 E689.14642
G1 X32.115 Y13.228 E689.16225
G1 X32.426 Y13.733 E689.17778
G1 X32.814 Y14.186 E689.19341
G1 X33.263 Y14.569 E689.20886
G1 X33.768 Y14.881 E689.22441
G1 X34.326 Y15.113 E689.24024
G1 X34.904 Y15.249 E689.25579
G1 X35.513 Y15.3 E689.2718
G1 X37.3 Y15.3 E689.31861
G1 X37.3 Y13.5 E689.36575
G1 X37.34 Y13.379 E689.36909
G1 X37.465 Y13.302 E689.37294
G1 X66.5 Y13.3 E690.13343
G1 X66.642 Y13.358 E690.13745
G1 X66.7 Y13.5 E690.14147
G1 X66.698 Y86.535 E692.05442
G0 F7200 X66.642 Y86.642
G0 X66.573 Y86.678
;MESH:NONMESH
G0 F600 Z5.7
G0 F7200 X66.573 Y87.41
G0 X67.338 Y12.662
G0 X34.848 Y12.41
G0 X34.848 Y12.22
;TIME_ELAPSED:1161.486180
;LAYER:36
;TYPE:FILL
;MESH:Wandhalterung TP-Link Media Converter.stl
G1 F3000 X36.78 Y14.153 E692.12601
G1 X36.85 Y14.223
G0 F7200 X36.59 Y14.223
G0 X36.662 Y12.662
G0 X36.867 Y12.22
G1 F3000 X34.476 Y14.612 E692.21459
G1 X34.406 Y14.682
G0 F7200 X34.514 Y14.423
G0 X36.662 Y12.662
G0 X40.504 Y12.41
G0 X40.504 Y12.22
G1 F3000 X41.064 Y12.78 E692.23534
G0 F7200 X41.964 Y12.78
G1 F3000 X42.524 Y12.22 E692.25608
G0 F7200 X42.524 Y12.41
G0 X46.161 Y12.41
G0 X46.161 Y12.22
G1 F3000 X46.721 Y12.78 E692.27682
G0 F7200 X47.621 Y12.78
G1 F3000 X48.181 Y12.22 E692.29757
G0 F7200 X48.181 Y12.41
G0 X51.818 Y12.41
G0 X51.818 Y12.22
G1 F3000 X52.378 Y12.78 E692.31831
G0 F7200 X53.278 Y12.78
G1 F3000 X53.838 Y12.22 E692.33905
G0 F7200 X53.838 Y12.41
G0 X57.475 Y12.41
G0 X57.475 Y12.22
G1 F3000 X58.034 Y12.78 E692.35978
G0 F7200 X58.935 Y12.78
G1 F3000 X59.495 Y12.22 E692.38052
G0 F7200 X59.495 Y12.41
G0 X63.132 Y12.41
G0 X63.132 Y12.22
G1 F3000 X63.691 Y12.78 E692.40124
G0 F7200 X64.591 Y12.78
G1 F3000 X65.151 Y12.22 E692.42199
G0 F7200 X65.151 Y12.41
G0 X67.338 Y12.662
G0 X67.59 Y15.248
G0 X67.78 Y15.248
G1 F3000 X67.22 Y15.808 E692.44273
G0 F7200 X67.22 Y16.308
G1 F3000 X67.78 Y16.869 E692.46349
G0 F7200 X67.59 Y16.869
G0 X67.59 Y20.905
G0 X67.78 Y20.905
G1 F3000 X67.22 Y21.465 E692.48424
G0 F7200 X67.22 Y21.965
G1 F3000 X67.78 Y22.526 E692.505
G0 F7200 X67.59 Y22.526
G0 X67.59 Y26.562
G0 X67.78 Y26.562
G1 F3000 X67.22 Y27.122 E692.52574
G0 F7200 X67.22 Y27.622
G1 F3000 X67.78 Y28.182 E692.54648
G0 F7200 X67.59 Y28.182
G0 X67.59 Y32.219
G0 X67.78 Y32.219
G1 F3000 X67.22 Y32.779 E692.56723
G0 F7200 X67.22 Y33.279
G1 F3000 X67.78 Y33.839 E692.58797
G0 F7200 X67.59 Y33.839
G0 X67.59 Y37.875
G0 X67.78 Y37.875
G1 F3000 X67.22 Y38.435 E692.60871
G0 F7200 X67.22 Y38.935
G1 F3000 X67.78 Y39.496 E692.62948
G0 F7200 X67.59 Y39.496
G0 X67.59 Y43.532
G0 X67.78 Y43.532
G1 F3000 X67.22 Y44.092 E692.65022
G0 F7200 X67.22 Y44.592
G1 F3000 X67.78 Y45.153 E692.67098
G0 F7200 X67.59 Y45.153
G0 X67.59 Y49.189
G0 X67.78 Y49.189
G1 F3000 X67.22 Y49.749 E692.69172
G0 F7200 X67.22 Y50.249
G1 F3000 X67.78 Y50.81 E692.71249
G0 F7200 X67.59 Y50.81
G0 X67.59 Y54.846
G0 X67.78 Y54.846
G1 F3000 X67.22 Y55.406 E692.73323
G0 F7200 X67.22 Y55.906
G1 F3000 X67.78 Y56.467 E692.75399
G0 F7200 X67.59 Y56.467
G0 X67.59 Y60.503
G0 X67.78 Y60.503
G1 F3000 X67.22 Y61.063 E692.77474
G0 F7200 X67.22 Y61.563
G1 F3000 X67.78 Y62.124 E692.7955
G0 F7200 X67.59 Y62.124
G0 X67.59 Y66.16
G0 X67.78 Y66.16
G1 F3000 X67.22 Y66.72 E692.81624
G0 F7200 X67.22 Y67.22
G1 F3000 X67.78 Y67.78 E692.83698
G0 F7200 X67.59 Y67.78
G0 X67.59 Y71.817
G0 X67.78 Y71.817
G1 F3000 X67.22 Y72.377 E692.85773
G0 F7200 X67.22 Y72.877
G1 F3000 X67.78 Y73.437 E692.87847
G0 F7200 X67.59 Y73.437
G0 X67.59 Y77.473
G0 X67.78 Y77.473
G1 F3000 X67.22 Y78.033 E692.89921
G0 F7200 X67.22 Y78.533
G1 F3000 X67.78 Y79.094 E692.91998
G0 F7200 X67.59 Y79.094
G0 X67.59 Y83.13
G0 X67.78 Y83.13
G1 F3000 X67.22 Y83.69 E692.94072
G0 F7200 X67.22 Y84.19
G1 F3000 X67.78 Y84.751 E692.96148
G0 F7200 X67.59 Y84.751
G0 X67.338 Y87.338
G0 X65.152 Y87.59
G0 X65.152 Y87.78
G1 F3000 X64.593 Y87.22 E692.98221
G0 F7200 X63.691 Y87.22
G1 F3000 X63.13 Y87.78 E693.00297
G0 F7200 X63.13 Y87.59
G0 X59.495 Y87.59
G0 X59.495 Y87.78
G1 F3000 X58.936 Y87.22 E693.02369
G0 F7200 X58.034 Y87.22
G1 F3000 X57.474 Y87.78 E693.04443
G0 F7200 X57.474 Y87.59
G0 X53.838 Y87.59
G0 X53.838 Y87.78
G1 F3000 X53.279 Y87.22 E693.06516
G0 F7200 X52.378 Y87.22
G1 F3000 X51.817 Y87.78 E693.08592
G0 F7200 X51.817 Y87.59
G0 X48.181 Y87.59
G0 X48.181 Y87.779
G1 F3000 X47.622 Y87.22 E693.10663
G0 F7200 X46.721 Y87.22
G1 F3000 X46.161 Y87.78 E693.12737
G0 F7200 X46.161 Y87.59
G0 X42.524 Y87.59
G0 X42.524 Y87.779
G1 F3000 X41.965 Y87.22 E693.14808
G0 F7200 X41.064 Y87.22
G1 F3000 X40.504 Y87.78 E693.16882
G0 F7200 X40.504 Y87.59
G0 X36.867 Y87.59
G0 X36.867 Y87.779
G1 F3000 X34.476 Y85.388 E693.25739
G1 X34.406 Y85.318
G0 F7200 X34.513 Y85.578
G0 X36.59 Y85.847
G0 X36.779 Y85.847
G1 F3000 X34.847 Y87.78 E693.32897
G1 X34.777 Y87.85
G0 F7200 X34.777 Y87.59
G0 X67.338 Y87.338
G0 X66.924 Y86.924
;TYPE:WALL-INNER
G1 F2400 X66.589 Y87.1 E693.33888
G1 X37.5 Y87.1 E694.10079
G1 X37.02 Y86.861 E694.11484
G1 X36.9 Y86.501 E694.12477
G1 X36.9 Y85.1 E694.16147
G1 X35.527 Y85.1 E694.19743
G1 X34.967 Y85.143 E694.21214
G1 X34.451 Y85.268 E694.22605
G1 X33.949 Y85.477 E694.24029
G1 X33.499 Y85.751 E694.25409
G1 X33.098 Y86.098 E694.26798
G1 X32.751 Y86.499 E694.28187
G1 X32.476 Y86.95 E694.29571
G1 X32.269 Y87.443 E694.30971
G1 X32.16 Y87.899 E694.32199
G1 X67.9 Y87.9 E695.25811
G1 X67.9 Y12.1 E697.24349
G1 X32.161 Y12.1 E698.17958
G1 X32.265 Y12.547 E698.1916
G1 X32.472 Y13.045 E698.20572
G1 X32.75 Y13.497 E698.21962
G1 X33.098 Y13.902 E698.23361
G1 X33.499 Y14.245 E698.24743
G1 X33.951 Y14.524 E698.26134
G1 X34.45 Y14.731 E698.27549
G1 X34.967 Y14.853 E698.2894
G1 X35.529 Y14.9 E698.30418
G1 X36.9 Y14.9 E698.34009
G1 X36.9 Y13.5 E698.37675
G1 X37.02 Y13.139 E698.38672
G1 X37.409 Y12.9 E698.39868
G1 X66.5 Y12.9 E699.16064
G1 X66.924 Y13.076 E699.17266
G1 X67.1 Y13.5 E699.18469
G1 X67.1 Y86.589 E701.09906
G1 X66.924 Y86.924 E701.10897
G0 F7200 X66.698 Y86.535
;TYPE:WALL-OUTER
G1 F1200 X66.642 Y86.642 E701.11214
G1 X66.535 Y86.698 E701.1153
G1 X37.5 Y86.7 E701.87579
G1 X37.34 Y86.621 E701.88047
G1 X37.3 Y86.501 E701.88378
G1 X37.3 Y84.7 E701.93095
G1 X35.512 Y84.7 E701.97779
G1 X34.904 Y84.747 E701.99376
G1 X34.327 Y84.887 E702.00931
G1 X33.767 Y85.119 E702.02519
G1 X33.263 Y85.427 E702.04066
G1 X32.814 Y85.814 E702.05618
G1 X32.427 Y86.263 E702.07171
G1 X32.119 Y86.768 E702.0872
G1 X31.887 Y87.319 E702.10286
G1 X31.747 Y87.911 E702.11879
G1 X31.717 Y88.3 E702.12901
G1 X68.3 Y88.3 E703.08721
G1 X68.3 Y11.7 E705.09354
G1 X31.717 Y11.7 E706.05174
G1 X31.747 Y12.085 E706.06185
G1 X31.883 Y12.67 E706.07758
G1 X32.115 Y13.228 E706.09341
G1 X32.426 Y13.733 E706.10895
G1 X32.814 Y14.186 E706.12457
G1 X33.263 Y14.569 E706.14003
G1 X33.768 Y14.881 E706.15557
G1 X34.326 Y15.113 E706.1714
G1 X34.904 Y15.249 E706.18695
G1 X35.513 Y15.3 E706.20296
G1 X37.3 Y15.3 E706.24977
G1 X37.3 Y13.5 E706.29691
G1 X37.34 Y13.379 E706.30025
G1 X37.465 Y13.302 E706.3041
G1 X66.5 Y13.3 E707.06459
G1 X66.642 Y13.358 E707.06861
G1 X66.7 Y13.5 E707.07263
G1 X66.698 Y86.535 E708.98559
G0 F7200 X66.642 Y86.642
G0 X66.573 Y86.678
;MESH:NONMESH
G0 F600 Z5.85
G0 F7200 X66.573 Y87.41
G0 X67.338 Y12.662
G0 X34.848 Y12.41
G0 X34.848 Y12.22
;TIME_ELAPSED:1189.062287
;LAYER:37
;TYPE:FILL
;MESH:Wandhalterung TP-Link Media Converter.stl
G1 F3000 X36.78 Y14.153 E709.05717
G1 X36.85 Y14.223
G0 F7200 X36.59 Y14.223
G0 X36.662 Y12.662
G0 X36.867 Y12.22
G1 F3000 X34.476 Y14.612 E709.14575
G1 X34.406 Y14.682
G0 F7200 X34.514 Y14.423
G0 X36.662 Y12.662
G0 X40.504 Y12.41
G0 X40.504 Y12.22
G1 F3000 X41.064 Y12.78 E709.1665
G0 F7200 X41.964 Y12.78
G1 F3000 X42.524 Y12.22 E709.18724
G0 F7200 X42.524 Y12.41
G0 X46.161 Y12.41
G0 X46.161 Y12.22
G1 F3000 X46.721 Y12.78 E709.20798
G0 F7200 X47.621 Y12.78
G1 F3000 X48.181 Y12.22 E709.22873
G0 F7200 X48.181 Y12.41
G0 X51.818 Y12.41
G0 X51.818 Y12.22
G1 F3000 X52.378 Y12.78 E709.24947
G0 F7200 X53.278 Y12.78
G1 F3000 X53.838 Y12.22 E709.27021
G0 F7200 X53.838 Y12.41
G0 X57.475 Y12.41
G0 X57.475 Y12.22
G1 F3000 X58.034 Y12.78 E709.29094
G0 F7200 X58.935 Y12.78
G1 F3000 X59.495 Y12.22 E709.31168
G0 F7200 X59.495 Y12.41
G0 X63.132 Y12.41
G0 X63.132 Y12.22
G1 F3000 X63.691 Y12.78 E709.33241
G0 F7200 X64.591 Y12.78
G1 F3000 X65.151 Y12.22 E709.35315
G0 F7200 X65.151 Y12.41
G0 X67.338 Y12.662
G0 X67.59 Y15.248
G0 X67.78 Y15.248
G1 F3000 X67.22 Y15.808 E709.37389
G0 F7200 X67.22 Y16.308
G1 F3000 X67.78 Y16.869 E709.39466
G0 F7200 X67.59 Y16.869
G0 X67.59 Y20.905
G0 X67.78 Y20.905
G1 F3000 X67.22 Y21.465 E709.4154
G0 F7200 X67.22 Y21.965
G1 F3000 X67.78 Y22.526 E709.43616
G0 F7200 X67.59 Y22.526
G0 X67.59 Y26.562
G0 X67.78 Y26.562
G1 F3000 X67.22 Y27.122 E709.4569
G0 F7200 X67.22 Y27.622
G1 F3000 X67.78 Y28.182 E709.47765
G0 F7200 X67.59 Y28.182
G0 X67.59 Y32.219
G0 X67.78 Y32.219
G1 F3000 X67.22 Y32.779 E709.49839
G0 F7200 X67.22 Y33.279
G1 F3000 X67.78 Y33.839 E709.51913
G0 F7200 X67.59 Y33.839
G0 X67.59 Y37.875
G0 X67.78 Y37.875
G1 F3000 X67.22 Y38.435 E709.53988
G0 F7200 X67.22 Y38.935
G1 F3000 X67.78 Y39.496 E709.56064
G0 F7200 X67.59 Y39.496
G0 X67.59 Y43.532
G0 X67.78 Y43.532
G1 F3000 X67.22 Y44.092 E709.58138
G0 F7200 X67.22 Y44.592
G1 F3000 X67.78 Y45.153 E709.60214
G0 F7200 X67.59 Y45.153
G0 X67.59 Y49.189
G0 X67.78 Y49.189
G1 F3000 X67.22 Y49.749 E709.62289
G0 F7200 X67.22 Y50.249
G1 F3000 X67.78 Y50.81 E709.64365
G0 F7200 X67.59 Y50.81
G0 X67.59 Y54.846
G0 X67.78 Y54.846
G1 F3000 X67.22 Y55.406 E709.66439
G0 F7200 X67.22 Y55.906
G1 F3000 X67.78 Y56.467 E709.68515
G0 F7200 X67.59 Y56.467
G0 X67.59 Y60.503
G0 X67.78 Y60.503
G1 F3000 X67.22 Y61.063 E709.7059
G0 F7200 X67.22 Y61.563
G1 F3000 X67.78 Y62.124 E709.72666
G0 F7200 X67.59 Y62.124
G0 X67.59 Y66.16
G0 X67.78 Y66.16
G1 F3000 X67.22 Y66.72 E709.7474
G0 F7200 X67.22 Y67.22
G1 F3000 X67.78 Y67.78 E709.76815
G0 F7200 X67.59 Y67.78
G0 X67.59 Y71.817
G0 X67.78 Y71.817
G1 F3000 X67.22 Y72.377 E709.78889
G0 F7200 X67.22 Y72.877
G1 F3000 X67.78 Y73.437 E709.80963
G0 F7200 X67.59 Y73.437
G0 X67.59 Y77.473
G0 X67.78 Y77.473
G1 F3000 X67.22 Y78.033 E709.83038
G0 F7200 X67.22 Y78.533
G1 F3000 X67.78 Y79.094 E709.85114
G0 F7200 X67.59 Y79.094
G0 X67.59 Y83.13
G0 X67.78 Y83.13
G1 F3000 X67.22 Y83.69 E709.87188
G0 F7200 X67.22 Y84.19
G1 F3000 X67.78 Y84.751 E709.89264
G0 F7200 X67.59 Y84.751
G0 X67.338 Y87.338
G0 X65.152 Y87.59
G0 X65.152 Y87.78
G1 F3000 X64.593 Y87.22 E709.91337
G0 F7200 X63.691 Y87.22
G1 F3000 X63.13 Y87.78 E709.93413
G0 F7200 X63.13 Y87.59
G0 X59.495 Y87.59
G0 X59.495 Y87.78
G1 F3000 X58.936 Y87.22 E709.95485
G0 F7200 X58.034 Y87.22
G1 F3000 X57.474 Y87.78 E709.9756
G0 F7200 X57.474 Y87.59
G0 X53.838 Y87.59
G0 X53.838 Y87.78
G1 F3000 X53.279 Y87.22 E709.99632
G0 F7200 X52.378 Y87.22
G1 F3000 X51.817 Y87.78 E710.01708
G0 F7200 X51.817 Y87.59
G0 X48.181 Y87.59
G0 X48.181 Y87.779
G1 F3000 X47.622 Y87.22 E710.03779
G0 F7200 X46.721 Y87.22
G1 F3000 X46.161 Y87.78 E710.05853
G0 F7200 X46.161 Y87.59
G0 X42.524 Y87.59
G0 X42.524 Y87.779
G1 F3000 X41.965 Y87.22 E710.07924
G0 F7200 X41.064 Y87.22
G1 F3000 X40.504 Y87.78 E710.09998
G0 F7200 X40.504 Y87.59
G0 X36.867 Y87.59
G0 X36.867 Y87.779
G1 F3000 X34.476 Y85.388 E710.18855
G1 X34.406 Y85.318
G0 F7200 X34.513 Y85.578
G0 X36.59 Y85.847
G0 X36.779 Y85.847
G1 F3000 X34.847 Y87.78 E710.26013
G1 X34.777 Y87.85
G0 F7200 X34.777 Y87.59
G0 X67.338 Y87.338
G0 X66.924 Y86.924
;TYPE:WALL-INNER
G1 F2400 X66.589 Y87.1 E710.27004
G1 X37.5 Y87.1 E711.03195
G1 X37.02 Y86.861 E711.046
G1 X36.9 Y86.501 E711.05594
G1 X36.9 Y85.1 E711.09263
G1 X35.527 Y85.1 E711.12859
G1 X34.967 Y85.143 E711.14331
G1 X34.451 Y85.268 E711.15721
G1 X33.949 Y85.477 E711.17145
G1 X33.499 Y85.751 E711.18525
G1 X33.098 Y86.098 E711.19914
G1 X32.751 Y86.499 E711.21303
G1 X32.476 Y86.95 E711.22687
G1 X32.269 Y87.443 E711.24087
G1 X32.16 Y87.899 E711.25315
G1 X67.9 Y87.9 E712.18927
G1 X67.9 Y12.1 E714.17465
G1 X32.161 Y12.1 E715.11074
G1 X32.265 Y12.547 E715.12276
G1 X32.472 Y13.045 E715.13688
G1 X32.75 Y13.497 E715.15078
G1 X33.098 Y13.902 E715.16477
G1 X33.499 Y14.245 E715.17859
G1 X33.951 Y14.524 E715.1925
G1 X34.45 Y14.731 E715.20665
G1 X34.967 Y14.853 E715.22057
G1 X35.529 Y14.9 E715.23534
G1 X36.9 Y14.9 E715.27125
G1 X36.9 Y13.5 E715.30792
G1 X37.02 Y13.139 E715.31788
G1 X37.409 Y12.9 E715.32984
G1 X66.5 Y12.9 E716.0918
G1 X66.924 Y13.076 E716.10383
G1 X67.1 Y13.5 E716.11585
G1 X67.1 Y86.589 E718.03022
G1 X66.924 Y86.924 E718.04013
G0 F7200 X66.698 Y86.535
;TYPE:WALL-OUTER
G1 F1200 X66.642 Y86.642 E718.0433
G1 X66.535 Y86.698 E718.04646
G1 X37.5 Y86.7 E718.80696
G1 X37.34 Y86.621 E718.81163
G1 X37.3 Y86.501 E718.81494
G1 X37.3 Y84.7 E718.86212
G1 X35.512 Y84.7 E718.90895
G1 X34.904 Y84.747 E718.92492
G1 X34.327 Y84.887 E718.94047
G1 X33.767 Y85.119 E718.95635
G1 X33.263 Y85.427 E718.97182
G1 X32.814 Y85.814 E718.98734
G1 X32.427 Y86.263 E719.00287
G1 X32.119 Y86.768 E719.01836
G1 X31.887 Y87.319 E719.03402
G1 X31.747 Y87.911 E719.04996
G1 X31.717 Y88.3 E719.06018
G1 X68.3 Y88.3 E720.01837
G1 X68.3 Y11.7 E722.0247
G1 X31.717 Y11.7 E722.9829
G1 X31.747 Y12.085 E722.99301
G1 X31.883 Y12.67 E723.00875
G1 X32.115 Y13.228 E723.02457
G1 X32.426 Y13.733 E723.04011
G1 X32.814 Y14.186 E723.05573
G1 X33.263 Y14.569 E723.07119
G1 X33.768 Y14.881 E723.08674
G1 X34.326 Y15.113 E723.10256
G1 X34.904 Y15.249 E723.11812
G1 X35.513 Y15.3 E723.13412
G1 X37.3 Y15.3 E723.18093
G1 X37.3 Y13.5 E723.22808
G1 X37.34 Y13.379 E723.23141
G1 X37.465 Y13.302 E723.23526
G1 X66.5 Y13.3 E723.99575
G1 X66.642 Y13.358 E723.99977
G1 X66.7 Y13.5 E724.00379
G1 X66.698 Y86.535 E725.91675
G0 F7200 X66.642 Y86.642
G0 X66.573 Y86.678
;MESH:NONMESH
G0 F600 Z6
G0 F7200 X66.573 Y87.41
G0 X67.338 Y12.662
G0 X34.848 Y12.41
G0 X34.848 Y12.22
;TIME_ELAPSED:1216.638394
;LAYER:38
;TYPE:FILL
;MESH:Wandhalterung TP-Link Media Converter.stl
G1 F3000 X36.78 Y14.153 E725.98833
G1 X36.85 Y14.223
G0 F7200 X36.59 Y14.223
G0 X36.662 Y12.662
G0 X36.867 Y12.22
G1 F3000 X34.476 Y14.612 E726.07692
G1 X34.406 Y14.682
G0 F7200 X34.514 Y14.423
G0 X36.662 Y12.662
G0 X40.504 Y12.41
G0 X40.504 Y12.22
G1 F3000 X41.064 Y12.78 E726.09766
G0 F7200 X41.964 Y12.78
G1 F3000 X42.524 Y12.22 E726.1184
G0 F7200 X42.524 Y12.41
G0 X46.161 Y12.41
G0 X46.161 Y12.22
G1 F3000 X46.721 Y12.78 E726.13915
G0 F7200 X47.621 Y12.78
G1 F3000 X48.181 Y12.22 E726.15989
G0 F7200 X48.181 Y12.41
G0 X51.818 Y12.41
G0 X51.818 Y12.22
G1 F3000 X52.378 Y12.78 E726.18063
G0 F7200 X53.278 Y12.78
G1 F3000 X53.838 Y12.22 E726.20138
G0 F7200 X53.838 Y12.41
G0 X57.475 Y12.41
G0 X57.475 Y12.22
G1 F3000 X58.034 Y12.78 E726.2221
G0 F7200 X58.935 Y12.78
G1 F3000 X59.495 Y12.22 E726.24284
G0 F7200 X59.495 Y12.41
G0 X63.132 Y12.41
G0 X63.132 Y12.22
G1 F3000 X63.691 Y12.78 E726.26357
G0 F7200 X64.591 Y12.78
G1 F3000 X65.151 Y12.22 E726.28431
G0 F7200 X65.151 Y12.41
G0 X67.338 Y12.662
G0 X67.59 Y15.248
G0 X67.78 Y15.248
G1 F3000 X67.22 Y15.808 E726.30506
G0 F7200 X67.22 Y16.308
G1 F3000 X67.78 Y16.869 E726.32582
G0 F7200 X67.59 Y16.869
G0 X67.59 Y20.905
G0 X67.78 Y20.905
G1 F3000 X67.22 Y21.465 E726.34656
G0 F7200 X67.22 Y21.965
G1 F3000 X67.78 Y22.526 E726.36732
G0 F7200 X67.59 Y22.526
G0 X67.59 Y26.562
G0 X67.78 Y26.562
G1 F3000 X67.22 Y27.122 E726.38807
G0 F7200 X67.22 Y27.622
G1 F3000 X67.78 Y28.182 E726.40881
G0 F7200 X67.59 Y28.182
G0 X67.59 Y32.219
G0 X67.78 Y32.219
G1 F3000 X67.22 Y32.779 E726.42955
G0 F7200 X67.22 Y33.279
G1 F3000 X67.78 Y33.839 E726.4503
G0 F7200 X67.59 Y33.839
G0 X67.59 Y37.875
G0 X67.78 Y37.875
G1 F3000 X67.22 Y38.435 E726.47104
G0 F7200 X67.22 Y38.935
G1 F3000 X67.78 Y39.496 E726.4918
G0 F7200 X67.59 Y39.496
G0 X67.59 Y43.532
G0 X67.78 Y43.532
G1 F3000 X67.22 Y44.092 E726.51254
G0 F7200 X67.22 Y44.592
G1 F3000 X67.78 Y45.153 E726.53331
G0 F7200 X67.59 Y45.153
G0 X67.59 Y49.189
G0 X67.78 Y49.189
G1 F3000 X67.22 Y49.749 E726.55405
G0 F7200 X67.22 Y50.249
G1 F3000 X67.78 Y50.81 E726.57481
G0 F7200 X67.59 Y50.81
G0 X67.59 Y54.846
G0 X67.78 Y54.846
G1 F3000 X67.22 Y55.406 E726.59555
G0 F7200 X67.22 Y55.906
G1 F3000 X67.78 Y56.467 E726.61632
G0 F7200 X67.59 Y56.467
G0 X67.59 Y60.503
G0 X67.78 Y60.503
G1 F3000 X67.22 Y61.063 E726.63706
G0 F7200 X67.22 Y61.563
G1 F3000 X67.78 Y62.124 E726.65782
G0 F7200 X67.59 Y62.124
G0 X67.59 Y66.16
G0 X67.78 Y66.16
G1 F3000 X67.22 Y66.72 E726.67856
G0 F7200 X67.22 Y67.22
G1 F3000 X67.78 Y67.78 E726.69931
G0 F7200 X67.59 Y67.78
G0 X67.59 Y71.817
G0 X67.78 Y71.817
G1 F3000 X67.22 Y72.377 E726.72005
G0 F7200 X67.22 Y72.877
G1 F3000 X67.78 Y73.437 E726.74079
G0 F7200 X67.59 Y73.437
G0 X67.59 Y77.473
G0 X67.78 Y77.473
G1 F3000 X67.22 Y78.033 E726.76154
G0 F7200 X67.22 Y78.533
G1 F3000 X67.78 Y79.094 E726.7823
G0 F7200 X67.59 Y79.094
G0 X67.59 Y83.13
G0 X67.78 Y83.13
G1 F3000 X67.22 Y83.69 E726.80304
G0 F7200 X67.22 Y84.19
G1 F3000 X67.78 Y84.751 E726.8238
G0 F7200 X67.59 Y84.751
G0 X67.338 Y87.338
G0 X65.152 Y87.59
G0 X65.152 Y87.78
G1 F3000 X64.593 Y87.22 E726.84453
G0 F7200 X63.691 Y87.22
G1 F3000 X63.13 Y87.78 E726.86529
G0 F7200 X63.13 Y87.59
G0 X59.495 Y87.59
G0 X59.495 Y87.78
G1 F3000 X58.936 Y87.22 E726.88602
G0 F7200 X58.034 Y87.22
G1 F3000 X57.474 Y87.78 E726.90676
G0 F7200 X57.474 Y87.59
G0 X53.838 Y87.59
G0 X53.838 Y87.78
G1 F3000 X53.279 Y87.22 E726.92748
G0 F7200 X52.378 Y87.22
G1 F3000 X51.817 Y87.78 E726.94825
G0 F7200 X51.817 Y87.59
G0 X48.181 Y87.59
G0 X48.181 Y87.779
G1 F3000 X47.622 Y87.22 E726.96895
G0 F7200 X46.721 Y87.22
G1 F3000 X46.161 Y87.78 E726.98969
G0 F7200 X46.161 Y87.59
G0 X42.524 Y87.59
G0 X42.524 Y87.779
G1 F3000 X41.965 Y87.22 E727.0104
G0 F7200 X41.064 Y87.22
G1 F3000 X40.504 Y87.78 E727.03114
G0 F7200 X40.504 Y87.59
G0 X36.867 Y87.59
G0 X36.867 Y87.779
G1 F3000 X34.476 Y85.388 E727.11971
G1 X34.406 Y85.318
G0 F7200 X34.513 Y85.578
G0 X36.59 Y85.847
G0 X36.779 Y85.847
G1 F3000 X34.847 Y87.78 E727.19129
G1 X34.777 Y87.85
G0 F7200 X34.777 Y87.59
G0 X67.338 Y87.338
G0 X66.924 Y86.924
;TYPE:WALL-INNER
G1 F2400 X66.589 Y87.1 E727.20121
G1 X37.5 Y87.1 E727.96311
G1 X37.02 Y86.861 E727.97716
G1 X36.9 Y86.501 E727.9871
G1 X36.9 Y85.1 E728.02379
G1 X35.527 Y85.1 E728.05976
G1 X34.967 Y85.143 E728.07447
G1 X34.451 Y85.268 E728.08837
G1 X33.949 Y85.477 E728.10262
G1 X33.499 Y85.751 E728.11642
G1 X33.098 Y86.098 E728.13031
G1 X32.751 Y86.499 E728.14419
G1 X32.476 Y86.95 E728.15803
G1 X32.269 Y87.443 E728.17204
G1 X32.16 Y87.899 E728.18432
G1 X67.9 Y87.9 E729.12043
G1 X67.9 Y12.1 E731.10581
G1 X32.161 Y12.1 E732.0419
G1 X32.265 Y12.547 E732.05392
G1 X32.472 Y13.045 E732.06805
G1 X32.75 Y13.497 E732.08194
G1 X33.098 Y13.902 E732.09593
G1 X33.499 Y14.245 E732.10975
G1 X33.951 Y14.524 E732.12367
G1 X34.45 Y14.731 E732.13781
G1 X34.967 Y14.853 E732.15173
G1 X35.529 Y14.9 E732.1665
G1 X36.9 Y14.9 E732.20241
G1 X36.9 Y13.5 E732.23908
G1 X37.02 Y13.139 E732.24904
G1 X37.409 Y12.9 E732.261
G1 X66.5 Y12.9 E733.02296
G1 X66.924 Y13.076 E733.03499
G1 X67.1 Y13.5 E733.04701
G1 X67.1 Y86.589 E734.96138
G1 X66.924 Y86.924 E734.9713
G0 F7200 X66.698 Y86.535
;TYPE:WALL-OUTER
G1 F1200 X66.642 Y86.642 E734.97446
G1 X66.535 Y86.698 E734.97762
G1 X37.5 Y86.7 E735.73812
G1 X37.34 Y86.621 E735.74279
G1 X37.3 Y86.501 E735.7461
G1 X37.3 Y84.7 E735.79328
G1 X35.512 Y84.7 E735.84011
G1 X34.904 Y84.747 E735.85608
G1 X34.327 Y84.887 E735.87163
G1 X33.767 Y85.119 E735.88751
G1 X33.263 Y85.427 E735.90298
G1 X32.814 Y85.814 E735.91851
G1 X32.427 Y86.263 E735.93403
G1 X32.119 Y86.768 E735.94953
G1 X31.887 Y87.319 E735.96518
G1 X31.747 Y87.911 E735.98112
G1 X31.717 Y88.3 E735.99134
G1 X68.3 Y88.3 E736.94953
G1 X68.3 Y11.7 E738.95587
G1 X31.717 Y11.7 E739.91406
G1 X31.747 Y12.085 E739.92418
G1 X31.883 Y12.67 E739.93991
G1 X32.115 Y13.228 E739.95574
G1 X32.426 Y13.733 E739.97127
G1 X32.814 Y14.186 E739.98689
G1 X33.263 Y14.569 E740.00235
G1 X33.768 Y14.881 E740.0179
G1 X34.326 Y15.113 E740.03373
G1 X34.904 Y15.249 E740.04928
G1 X35.513 Y15.3 E740.06529
G1 X37.3 Y15.3 E740.11209
G1 X37.3 Y13.5 E740.15924
G1 X37.34 Y13.379 E740.16258
G1 X37.465 Y13.302 E740.16642
G1 X66.5 Y13.3 E740.92692
G1 X66.642 Y13.358 E740.93093
G1 X66.7 Y13.5 E740.93495
G1 X66.698 Y86.535 E742.84791
G0 F7200 X66.642 Y86.642
G0 X66.573 Y86.678
;MESH:NONMESH
G0 F600 Z6.15
G0 F7200 X66.573 Y87.41
G0 X67.338 Y12.662
G0 X34.848 Y12.41
G0 X34.848 Y12.22
;TIME_ELAPSED:1244.214501
;LAYER:39
;TYPE:FILL
;MESH:Wandhalterung TP-Link Media Converter.stl
G1 F3000 X36.78 Y14.153 E742.91949
G1 X36.85 Y14.223
G0 F7200 X36.59 Y14.223
G0 X36.662 Y12.662
G0 X36.867 Y12.22
G1 F3000 X34.476 Y14.612 E743.00808
G1 X34.406 Y14.682
G0 F7200 X34.514 Y14.423
G0 X36.662 Y12.662
G0 X40.504 Y12.41
G0 X40.504 Y12.22
G1 F3000 X41.064 Y12.78 E743.02882
G0 F7200 X41.964 Y12.78
G1 F3000 X42.524 Y12.22 E743.04956
G0 F7200 X42.524 Y12.41
G0 X46.161 Y12.41
G0 X46.161 Y12.22
G1 F3000 X46.721 Y12.78 E743.07031
G0 F7200 X47.621 Y12.78
G1 F3000 X48.181 Y12.22 E743.09105
G0 F7200 X48.181 Y12.41
G0 X51.818 Y12.41
G0 X51.818 Y12.22
G1 F3000 X52.378 Y12.78 E743.11179
G0 F7200 X53.278 Y12.78
G1 F3000 X53.838 Y12.22 E743.13254
G0 F7200 X53.838 Y12.41
G0 X57.475 Y12.41
G0 X57.475 Y12.22
G1 F3000 X58.034 Y12.78 E743.15326
G0 F7200 X58.935 Y12.78
G1 F3000 X59.495 Y12.22 E743.17401
G0 F7200 X59.495 Y12.41
G0 X63.132 Y12.41
G0 X63.132 Y12.22
G1 F3000 X63.691 Y12.78 E743.19473
G0 F7200 X64.591 Y12.78
G1 F3000 X65.151 Y12.22 E743.21547
G0 F7200 X65.151 Y12.41
G0 X67.338 Y12.662
G0 X67.59 Y15.248
G0 X67.78 Y15.248
G1 F3000 X67.22 Y15.808 E743.23622
G0 F7200 X67.22 Y16.308
G1 F3000 X67.78 Y16.869 E743.25698
G0 F7200 X67.59 Y16.869
G0 X67.59 Y20.905
G0 X67.78 Y20.905
G1 F3000 X67.22 Y21.465 E743.27772
G0 F7200 X67.22 Y21.965
G1 F3000 X67.78 Y22.526 E743.29848
G0 F7200 X67.59 Y22.526
G0 X67.59 Y26.562
G0 X67.78 Y26.562
G1 F3000 X67.22 Y27.122 E743.31923
G0 F7200 X67.22 Y27.622
G1 F3000 X67.78 Y28.182 E743.33997
G0 F7200 X67.59 Y28.182
G0 X67.59 Y32.219
G0 X67.78 Y32.219
G1 F3000 X67.22 Y32.779 E743.36071
G0 F7200 X67.22 Y33.279
G1 F3000 X67.78 Y33.839 E743.38146
G0 F7200 X67.59 Y33.839
G0 X67.59 Y37.875
G0 X67.78 Y37.875
G1 F3000 X67.22 Y38.435 E743.4022
G0 F7200 X67.22 Y38.935
G1 F3000 X67.78 Y39.496 E743.42296
G0 F7200 X67.59 Y39.496
G0 X67.59 Y43.532
G0 X67.78 Y43.532
G1 F3000 X67.22 Y44.092 E743.44371
G0 F7200 X67.22 Y44.592
G1 F3000 X67.78 Y45.153 E743.46447
G0 F7200 X67.59 Y45.153
G0 X67.59 Y49.189
G0 X67.78 Y49.189
G1 F3000 X67.22 Y49.749 E743.48521
G0 F7200 X67.22 Y50.249
G1 F3000 X67.78 Y50.81 E743.50597
G0 F7200 X67.59 Y50.81
G0 X67.59 Y54.846
G0 X67.78 Y54.846
G1 F3000 X67.22 Y55.406 E743.52672
G0 F7200 X67.22 Y55.906
G1 F3000 X67.78 Y56.467 E743.54748
G0 F7200 X67.59 Y56.467
G0 X67.59 Y60.503
G0 X67.78 Y60.503
G1 F3000 X67.22 Y61.063 E743.56822
G0 F7200 X67.22 Y61.563
G1 F3000 X67.78 Y62.124 E743.58898
G0 F7200 X67.59 Y62.124
G0 X67.59 Y66.16
G0 X67.78 Y66.16
G1 F3000 X67.22 Y66.72 E743.60973
G0 F7200 X67.22 Y67.22
G1 F3000 X67.78 Y67.78 E743.63047
G0 F7200 X67.59 Y67.78
G0 X67.59 Y71.817
G0 X67.78 Y71.817
G1 F3000 X67.22 Y72.377 E743.65121
G0 F7200 X67.22 Y72.877
G1 F3000 X67.78 Y73.437 E743.67196
G0 F7200 X67.59 Y73.437
G0 X67.59 Y77.473
G0 X67.78 Y77.473
G1 F3000 X67.22 Y78.033 E743.6927
G0 F7200 X67.22 Y78.533
G1 F3000 X67.78 Y79.094 E743.71346
G0 F7200 X67.59 Y79.094
G0 X67.59 Y83.13
G0 X67.78 Y83.13
G1 F3000 X67.22 Y83.69 E743.7342
G0 F7200 X67.22 Y84.19
G1 F3000 X67.78 Y84.751 E743.75497
G0 F7200 X67.59 Y84.751
G0 X67.338 Y87.338
G0 X65.152 Y87.59
G0 X65.152 Y87.78
G1 F3000 X64.593 Y87.22 E743.77569
G0 F7200 X63.691 Y87.22
G1 F3000 X63.13 Y87.78 E743.79645
G0 F7200 X63.13 Y87.59
G0 X59.495 Y87.59
G0 X59.495 Y87.78
G1 F3000 X58.936 Y87.22 E743.81718
G0 F7200 X58.034 Y87.22
G1 F3000 X57.474 Y87.78 E743.83792
G0 F7200 X57.474 Y87.59
G0 X53.838 Y87.59
G0 X53.838 Y87.78
G1 F3000 X53.279 Y87.22 E743.85865
G0 F7200 X52.378 Y87.22
G1 F3000 X51.817 Y87.78 E743.87941
G0 F7200 X51.817 Y87.59
G0 X48.181 Y87.59
G0 X48.181 Y87.779
G1 F3000 X47.622 Y87.22 E743.90011
G0 F7200 X46.721 Y87.22
G1 F3000 X46.161 Y87.78 E743.92086
G0 F7200 X46.161 Y87.59
G0 X42.524 Y87.59
G0 X42.524 Y87.779
G1 F3000 X41.965 Y87.22 E743.94156
G0 F7200 X41.064 Y87.22
G1 F3000 X40.504 Y87.78 E743.96231
G0 F7200 X40.504 Y87.59
G0 X36.867 Y87.59
G0 X36.867 Y87.779
G1 F3000 X34.476 Y85.388 E744.05087
G1 X34.406 Y85.318
G0 F7200 X34.513 Y85.578
G0 X36.59 Y85.847
G0 X36.779 Y85.847
G1 F3000 X34.847 Y87.78 E744.12246
G1 X34.777 Y87.85
G0 F7200 X34.777 Y87.59
G0 X67.338 Y87.338
G0 X66.924 Y86.924
;TYPE:WALL-INNER
G1 F2400 X66.589 Y87.1 E744.13237
G1 X37.5 Y87.1 E744.89428
G1 X37.02 Y86.861 E744.90832
G1 X36.9 Y86.501 E744.91826
G1 X36.9 Y85.1 E744.95496
G1 X35.527 Y85.1 E744.99092
G1 X34.967 Y85.143 E745.00563
G1 X34.451 Y85.268 E745.01954
G1 X33.949 Y85.477 E745.03378
G1 X33.499 Y85.751 E745.04758
G1 X33.098 Y86.098 E745.06147
G1 X32.751 Y86.499 E745.07536
G1 X32.476 Y86.95 E745.08919
G1 X32.269 Y87.443 E745.1032
G1 X32.16 Y87.899 E745.11548
G1 X67.9 Y87.9 E746.05159
G1 X67.9 Y12.1 E748.03697
G1 X32.161 Y12.1 E748.97306
G1 X32.265 Y12.547 E748.98508
G1 X32.472 Y13.045 E748.99921
G1 X32.75 Y13.497 E749.01311
G1 X33.098 Y13.902 E749.02709
G1 X33.499 Y14.245 E749.04091
G1 X33.951 Y14.524 E749.05483
G1 X34.45 Y14.731 E749.06898
G1 X34.967 Y14.853 E749.08289
G1 X35.529 Y14.9 E749.09766
G1 X36.9 Y14.9 E749.13357
G1 X36.9 Y13.5 E749.17024
G1 X37.02 Y13.139 E749.1802
G1 X37.409 Y12.9 E749.19216
G1 X66.5 Y12.9 E749.95413
G1 X66.924 Y13.076 E749.96615
G1 X67.1 Y13.5 E749.97817
G1 X67.1 Y86.589 E751.89255
G1 X66.924 Y86.924 E751.90246
G0 F7200 X66.698 Y86.535
;TYPE:WALL-OUTER
G1 F1200 X66.642 Y86.642 E751.90562
G1 X66.535 Y86.698 E751.90878
G1 X37.5 Y86.7 E752.66928
G1 X37.34 Y86.621 E752.67395
G1 X37.3 Y86.501 E752.67727
G1 X37.3 Y84.7 E752.72444
G1 X35.512 Y84.7 E752.77127
G1 X34.904 Y84.747 E752.78724
G1 X34.327 Y84.887 E752.8028
G1 X33.767 Y85.119 E752.81867
G1 X33.263 Y85.427 E752.83414
G1 X32.814 Y85.814 E752.84967
G1 X32.427 Y86.263 E752.86519
G1 X32.119 Y86.768 E752.88069
G1 X31.887 Y87.319 E752.89635
G1 X31.747 Y87.911 E752.91228
G1 X31.717 Y88.3 E752.9225
G1 X68.3 Y88.3 E753.88069
G1 X68.3 Y11.7 E755.88703
G1 X31.717 Y11.7 E756.84522
G1 X31.747 Y12.085 E756.85534
G1 X31.883 Y12.67 E756.87107
G1 X32.115 Y13.228 E756.8869
G1 X32.426 Y13.733 E756.90243
G1 X32.814 Y14.186 E756.91805
G1 X33.263 Y14.569 E756.93351
G1 X33.768 Y14.881 E756.94906
G1 X34.326 Y15.113 E756.96489
G1 X34.904 Y15.249 E756.98044
G1 X35.513 Y15.3 E756.99645
G1 X37.3 Y15.3 E757.04325
G1 X37.3 Y13.5 E757.0904
G1 X37.34 Y13.379 E757.09374
G1 X37.465 Y13.302 E757.09758
G1 X66.5 Y13.3 E757.85808
G1 X66.642 Y13.358 E757.8621
G1 X66.7 Y13.5 E757.86611
G1 X66.698 Y86.535 E759.77907
G0 F7200 X66.642 Y86.642
G0 X66.573 Y86.678
;MESH:NONMESH
G0 F600 Z6.3
G0 F7200 X66.573 Y87.41
G0 X67.338 Y12.662
G0 X34.848 Y12.41
G0 X34.848 Y12.22
;TIME_ELAPSED:1271.790608
;LAYER:40
;TYPE:FILL
;MESH:Wandhalterung TP-Link Media Converter.stl
G1 F3000 X36.78 Y14.153 E759.85066
G1 X36.85 Y14.223
G0 F7200 X36.59 Y14.223
G0 X36.662 Y12.662
G0 X36.867 Y12.22
G1 F3000 X34.476 Y14.612 E759.93924
G1 X34.406 Y14.682
G0 F7200 X34.514 Y14.423
G0 X36.662 Y12.662
G0 X40.504 Y12.41
G0 X40.504 Y12.22
G1 F3000 X41.064 Y12.78 E759.95998
G0 F7200 X41.964 Y12.78
G1 F3000 X42.524 Y12.22 E759.98073
G0 F7200 X42.524 Y12.41
G0 X46.161 Y12.41
G0 X46.161 Y12.22
G1 F3000 X46.721 Y12.78 E760.00147
G0 F7200 X47.621 Y12.78
G1 F3000 X48.181 Y12.22 E760.02221
G0 F7200 X48.181 Y12.41
G0 X51.818 Y12.41
G0 X51.818 Y12.22
G1 F3000 X52.378 Y12.78 E760.04296
G0 F7200 X53.278 Y12.78
G1 F3000 X53.838 Y12.22 E760.0637
G0 F7200 X53.838 Y12.41
G0 X57.475 Y12.41
G0 X57.475 Y12.22
G1 F3000 X58.034 Y12.78 E760.08442
G0 F7200 X58.935 Y12.78
G1 F3000 X59.495 Y12.22 E760.10517
G0 F7200 X59.495 Y12.41
G0 X63.132 Y12.41
G0 X63.132 Y12.22
G1 F3000 X63.691 Y12.78 E760.12589
G0 F7200 X64.591 Y12.78
G1 F3000 X65.151 Y12.22 E760.14664
G0 F7200 X65.151 Y12.41
G0 X67.338 Y12.662
G0 X67.59 Y15.248
G0 X67.78 Y15.248
G1 F3000 X67.22 Y15.808 E760.16738
G0 F7200 X67.22 Y16.308
G1 F3000 X67.78 Y16.869 E760.18814
G0 F7200 X67.59 Y16.869
G0 X67.59 Y20.905
G0 X67.78 Y20.905
G1 F3000 X67.22 Y21.465 E760.20888
G0 F7200 X67.22 Y21.965
G1 F3000 X67.78 Y22.526 E760.22965
G0 F7200 X67.59 Y22.526
G0 X67.59 Y26.562
G0 X67.78 Y26.562
G1 F3000 X67.22 Y27.122 E760.25039
G0 F7200 X67.22 Y27.622
G1 F3000 X67.78 Y28.182 E760.27113
G0 F7200 X67.59 Y28.182
G0 X67.59 Y32.219
G0 X67.78 Y32.219
G1 F3000 X67.22 Y32.779 E760.29188
G0 F7200 X67.22 Y33.279
G1 F3000 X67.78 Y33.839 E760.31262
G0 F7200 X67.59 Y33.839
G0 X67.59 Y37.875
G0 X67.78 Y37.875
G1 F3000 X67.22 Y38.435 E760.33336
G0 F7200 X67.22 Y38.935
G1 F3000 X67.78 Y39.496 E760.35412
G0 F7200 X67.59 Y39.496
G0 X67.59 Y43.532
G0 X67.78 Y43.532
G1 F3000 X67.22 Y44.092 E760.37487
G0 F7200 X67.22 Y44.592
G1 F3000 X67.78 Y45.153 E760.39563
G0 F7200 X67.59 Y45.153
G0 X67.59 Y49.189
G0 X67.78 Y49.189
G1 F3000 X67.22 Y49.749 E760.41637
G0 F7200 X67.22 Y50.249
G1 F3000 X67.78 Y50.81 E760.43713
G0 F7200 X67.59 Y50.81
G0 X67.59 Y54.846
G0 X67.78 Y54.846
G1 F3000 X67.22 Y55.406 E760.45788
G0 F7200 X67.22 Y55.906
G1 F3000 X67.78 Y56.467 E760.47864
G0 F7200 X67.59 Y56.467
G0 X67.59 Y60.503
G0 X67.78 Y60.503
G1 F3000 X67.22 Y61.063 E760.49938
G0 F7200 X67.22 Y61.563
G1 F3000 X67.78 Y62.124 E760.52014
G0 F7200 X67.59 Y62.124
G0 X67.59 Y66.16
G0 X67.78 Y66.16
G1 F3000 X67.22 Y66.72 E760.54089
G0 F7200 X67.22 Y67.22
G1 F3000 X67.78 Y67.78 E760.56163
G0 F7200 X67.59 Y67.78
G0 X67.59 Y71.817
G0 X67.78 Y71.817
G1 F3000 X67.22 Y72.377 E760.58237
G0 F7200 X67.22 Y72.877
G1 F3000 X67.78 Y73.437 E760.60312
G0 F7200 X67.59 Y73.437
G0 X67.59 Y77.473
G0 X67.78 Y77.473
G1 F3000 X67.22 Y78.033 E760.62386
G0 F7200 X67.22 Y78.533
G1 F3000 X67.78 Y79.094 E760.64462
G0 F7200 X67.59 Y79.094
G0 X67.59 Y83.13
G0 X67.78 Y83.13
G1 F3000 X67.22 Y83.69 E760.66537
G0 F7200 X67.22 Y84.19
G1 F3000 X67.78 Y84.751 E760.68613
G0 F7200 X67.59 Y84.751
G0 X67.338 Y87.338
G0 X65.152 Y87.59
G0 X65.152 Y87.78
G1 F3000 X64.593 Y87.22 E760.70685
G0 F7200 X63.691 Y87.22
G1 F3000 X63.13 Y87.78 E760.72761
G0 F7200 X63.13 Y87.59
G0 X59.495 Y87.59
G0 X59.495 Y87.78
G1 F3000 X58.936 Y87.22 E760.74834
G0 F7200 X58.034 Y87.22
G1 F3000 X57.474 Y87.78 E760.76908
G0 F7200 X57.474 Y87.59
G0 X53.838 Y87.59
G0 X53.838 Y87.78
G1 F3000 X53.279 Y87.22 E760.78981
G0 F7200 X52.378 Y87.22
G1 F3000 X51.817 Y87.78 E760.81057
G0 F7200 X51.817 Y87.59
G0 X48.181 Y87.59
G0 X48.181 Y87.779
G1 F3000 X47.622 Y87.22 E760.83128
G0 F7200 X46.721 Y87.22
G1 F3000 X46.161 Y87.78 E760.85202
G0 F7200 X46.161 Y87.59
G0 X42.524 Y87.59
G0 X42.524 Y87.779
G1 F3000 X41.965 Y87.22 E760.87273
G0 F7200 X41.064 Y87.22
G1 F3000 X40.504 Y87.78 E760.89347
G0 F7200 X40.504 Y87.59
G0 X36.867 Y87.59
G0 X36.867 Y87.779
G1 F3000 X34.476 Y85.388 E760.98203
G1 X34.406 Y85.318
G0 F7200 X34.513 Y85.578
G0 X36.59 Y85.847
G0 X36.779 Y85.847
G1 F3000 X34.847 Y87.78 E761.05362
G1 X34.777 Y87.85
G0 F7200 X34.777 Y87.59
G0 X67.338 Y87.338
G0 X66.924 Y86.924
;TYPE:WALL-INNER
G1 F2400 X66.589 Y87.1 E761.06353
G1 X37.5 Y87.1 E761.82544
G1 X37.02 Y86.861 E761.83948
G1 X36.9 Y86.501 E761.84942
G1 X36.9 Y85.1 E761.88612
G1 X35.527 Y85.1 E761.92208
G1 X34.967 Y85.143 E761.93679
G1 X34.451 Y85.268 E761.9507
G1 X33.949 Y85.477 E761.96494
G1 X33.499 Y85.751 E761.97874
G1 X33.098 Y86.098 E761.99263
G1 X32.751 Y86.499 E762.00652
G1 X32.476 Y86.95 E762.02035
G1 X32.269 Y87.443 E762.03436
G1 X32.16 Y87.899 E762.04664
G1 X67.9 Y87.9 E762.98275
G1 X67.9 Y12.1 E764.96813
G1 X32.161 Y12.1 E765.90422
G1 X32.265 Y12.547 E765.91624
G1 X32.472 Y13.045 E765.93037
G1 X32.75 Y13.497 E765.94427
G1 X33.098 Y13.902 E765.95826
G1 X33.499 Y14.245 E765.97208
G1 X33.951 Y14.524 E765.98599
G1 X34.45 Y14.731 E766.00014
G1 X34.967 Y14.853 E766.01405
G1 X35.529 Y14.9 E766.02882
G1 X36.9 Y14.9 E766.06473
G1 X36.9 Y13.5 E766.1014
G1 X37.02 Y13.139 E766.11137
G1 X37.409 Y12.9 E766.12333
G1 X66.5 Y12.9 E766.88529
G1 X66.924 Y13.076 E766.89731
G1 X67.1 Y13.5 E766.90934
G1 X67.1 Y86.589 E768.82371
G1 X66.924 Y86.924 E768.83362
G0 F7200 X66.698 Y86.535
;TYPE:WALL-OUTER
G1 F1200 X66.642 Y86.642 E768.83678
G1 X66.535 Y86.698 E768.83995
G1 X37.5 Y86.7 E769.60044
G1 X37.34 Y86.621 E769.60512
G1 X37.3 Y86.501 E769.60843
G1 X37.3 Y84.7 E769.6556
G1 X35.512 Y84.7 E769.70243
G1 X34.904 Y84.747 E769.71841
G1 X34.327 Y84.887 E769.73396
G1 X33.767 Y85.119 E769.74983
G1 X33.263 Y85.427 E769.7653
G1 X32.814 Y85.814 E769.78083
G1 X32.427 Y86.263 E769.79636
G1 X32.119 Y86.768 E769.81185
G1 X31.887 Y87.319 E769.82751
G1 X31.747 Y87.911 E769.84344
G1 X31.717 Y88.3 E769.85366
G1 X68.3 Y88.3 E770.81186
G1 X68.3 Y11.7 E772.81819
G1 X31.717 Y11.7 E773.77639
G1 X31.747 Y12.085 E773.7865
G1 X31.883 Y12.67 E773.80223
G1 X32.115 Y13.228 E773.81806
G1 X32.426 Y13.733 E773.83359
G1 X32.814 Y14.186 E773.84922
G1 X33.263 Y14.569 E773.86467
G1 X33.768 Y14.881 E773.88022
G1 X34.326 Y15.113 E773.89605
G1 X34.904 Y15.249 E773.9116
G1 X35.513 Y15.3 E773.92761
G1 X37.3 Y15.3 E773.97442
G1 X37.3 Y13.5 E774.02156
G1 X37.34 Y13.379 E774.0249
G1 X37.465 Y13.302 E774.02875
G1 X66.5 Y13.3 E774.78924
G1 X66.642 Y13.358 E774.79326
G1 X66.7 Y13.5 E774.79728
G1 X66.698 Y86.535 E776.71023
G0 F7200 X66.642 Y86.642
G0 X66.573 Y86.678
;MESH:NONMESH
G0 F600 Z6.45
G0 F7200 X66.573 Y87.41
G0 X67.338 Y12.662
G0 X34.848 Y12.41
G0 X34.848 Y12.22
;TIME_ELAPSED:1299.366714
;LAYER:41
;TYPE:FILL
;MESH:Wandhalterung TP-Link Media Converter.stl
G1 F3000 X36.78 Y14.153 E776.78182
G1 X36.85 Y14.223
G0 F7200 X36.59 Y14.223
G0 X36.662 Y12.662
G0 X36.867 Y12.22
G1 F3000 X34.476 Y14.612 E776.8704
G1 X34.406 Y14.682
G0 F7200 X34.514 Y14.423
G0 X36.662 Y12.662
G0 X40.504 Y12.41
G0 X40.504 Y12.22
G1 F3000 X41.064 Y12.78 E776.89115
G0 F7200 X41.964 Y12.78
G1 F3000 X42.524 Y12.22 E776.91189
G0 F7200 X42.524 Y12.41
G0 X46.161 Y12.41
G0 X46.161 Y12.22
G1 F3000 X46.721 Y12.78 E776.93263
G0 F7200 X47.621 Y12.78
G1 F3000 X48.181 Y12.22 E776.95338
G0 F7200 X48.181 Y12.41
G0 X51.818 Y12.41
G0 X51.818 Y12.22
G1 F3000 X52.378 Y12.78 E776.97412
G0 F7200 X53.278 Y12.78
G1 F3000 X53.838 Y12.22 E776.99486
G0 F7200 X53.838 Y12.41
G0 X57.475 Y12.41
G0 X57.475 Y12.22
G1 F3000 X58.034 Y12.78 E777.01559
G0 F7200 X58.935 Y12.78
G1 F3000 X59.495 Y12.22 E777.03633
G0 F7200 X59.495 Y12.41
G0 X63.132 Y12.41
G0 X63.132 Y12.22
G1 F3000 X63.691 Y12.78 E777.05705
G0 F7200 X64.591 Y12.78
G1 F3000 X65.151 Y12.22 E777.0778
G0 F7200 X65.151 Y12.41
G0 X67.338 Y12.662
G0 X67.59 Y15.248
G0 X67.78 Y15.248
G1 F3000 X67.22 Y15.808 E777.09854
G0 F7200 X67.22 Y16.308
G1 F3000 X67.78 Y16.869 E777.1193
G0 F7200 X67.59 Y16.869
G0 X67.59 Y20.905
G0 X67.78 Y20.905
G1 F3000 X67.22 Y21.465 E777.14005
G0 F7200 X67.22 Y21.965
G1 F3000 X67.78 Y22.526 E777.16081
G0 F7200 X67.59 Y22.526
G0 X67.59 Y26.562
G0 X67.78 Y26.562
G1 F3000 X67.22 Y27.122 E777.18155
G0 F7200 X67.22 Y27.622
G1 F3000 X67.78 Y28.182 E777.20229
G0 F7200 X67.59 Y28.182
G0 X67.59 Y32.219
G0 X67.78 Y32.219
G1 F3000 X67.22 Y32.779 E777.22304
G0 F7200 X67.22 Y33.279
G1 F3000 X67.78 Y33.839 E777.24378
G0 F7200 X67.59 Y33.839
G0 X67.59 Y37.875
G0 X67.78 Y37.875
G1 F3000 X67.22 Y38.435 E777.26452
G0 F7200 X67.22 Y38.935
G1 F3000 X67.78 Y39.496 E777.28529
G0 F7200 X67.59 Y39.496
G0 X67.59 Y43.532
G0 X67.78 Y43.532
G1 F3000 X67.22 Y44.092 E777.30603
G0 F7200 X67.22 Y44.592
G1 F3000 X67.78 Y45.153 E777.32679
G0 F7200 X67.59 Y45.153
G0 X67.59 Y49.189
G0 X67.78 Y49.189
G1 F3000 X67.22 Y49.749 E777.34753
G0 F7200 X67.22 Y50.249
G1 F3000 X67.78 Y50.81 E777.3683
G0 F7200 X67.59 Y50.81
G0 X67.59 Y54.846
G0 X67.78 Y54.846
G1 F3000 X67.22 Y55.406 E777.38904
G0 F7200 X67.22 Y55.906
G1 F3000 X67.78 Y56.467 E777.4098
G0 F7200 X67.59 Y56.467
G0 X67.59 Y60.503
G0 X67.78 Y60.503
G1 F3000 X67.22 Y61.063 E777.43054
G0 F7200 X67.22 Y61.563
G1 F3000 X67.78 Y62.124 E777.45131
G0 F7200 X67.59 Y62.124
G0 X67.59 Y66.16
G0 X67.78 Y66.16
G1 F3000 X67.22 Y66.72 E777.47205
G0 F7200 X67.22 Y67.22
G1 F3000 X67.78 Y67.78 E777.49279
G0 F7200 X67.59 Y67.78
G0 X67.59 Y71.817
G0 X67.78 Y71.817
G1 F3000 X67.22 Y72.377 E777.51354
G0 F7200 X67.22 Y72.877
G1 F3000 X67.78 Y73.437 E777.53428
G0 F7200 X67.59 Y73.437
G0 X67.59 Y77.473
G0 X67.78 Y77.473
G1 F3000 X67.22 Y78.033 E777.55502
G0 F7200 X67.22 Y78.533
G1 F3000 X67.78 Y79.094 E777.57579
G0 F7200 X67.59 Y79.094
G0 X67.59 Y83.13
G0 X67.78 Y83.13
G1 F3000 X67.22 Y83.69 E777.59653
G0 F7200 X67.22 Y84.19
G1 F3000 X67.78 Y84.751 E777.61729
G0 F7200 X67.59 Y84.751
G0 X67.338 Y87.338
G0 X65.152 Y87.59
G0 X65.152 Y87.78
G1 F3000 X64.593 Y87.22 E777.63801
G0 F7200 X63.691 Y87.22
G1 F3000 X63.13 Y87.78 E777.65878
G0 F7200 X63.13 Y87.59
G0 X59.495 Y87.59
G0 X59.495 Y87.78
G1 F3000 X58.936 Y87.22 E777.6795
G0 F7200 X58.034 Y87.22
G1 F3000 X57.474 Y87.78 E777.70024
G0 F7200 X57.474 Y87.59
G0 X53.838 Y87.59
G0 X53.838 Y87.78
G1 F3000 X53.279 Y87.22 E777.72097
G0 F7200 X52.378 Y87.22
G1 F3000 X51.817 Y87.78 E777.74173
G0 F7200 X51.817 Y87.59
G0 X48.181 Y87.59
G0 X48.181 Y87.779
G1 F3000 X47.622 Y87.22 E777.76244
G0 F7200 X46.721 Y87.22
G1 F3000 X46.161 Y87.78 E777.78318
G0 F7200 X46.161 Y87.59
G0 X42.524 Y87.59
G0 X42.524 Y87.779
G1 F3000 X41.965 Y87.22 E777.80389
G0 F7200 X41.064 Y87.22
G1 F3000 X40.504 Y87.78 E777.82463
G0 F7200 X40.504 Y87.59
G0 X36.867 Y87.59
G0 X36.867 Y87.779
G1 F3000 X34.476 Y85.388 E777.9132
G1 X34.406 Y85.318
G0 F7200 X34.513 Y85.578
G0 X36.59 Y85.847
G0 X36.779 Y85.847
G1 F3000 X34.847 Y87.78 E777.98478
G1 X34.777 Y87.85
G0 F7200 X34.777 Y87.59
G0 X67.338 Y87.338
G0 X66.924 Y86.924
;TYPE:WALL-INNER
G1 F2400 X66.589 Y87.1 E777.99469
G1 X37.5 Y87.1 E778.7566
G1 X37.02 Y86.861 E778.77065
G1 X36.9 Y86.501 E778.78058
G1 X36.9 Y85.1 E778.81728
G1 X35.527 Y85.1 E778.85324
G1 X34.967 Y85.143 E778.86795
G1 X34.451 Y85.268 E778.88186
G1 X33.949 Y85.477 E778.8961
G1 X33.499 Y85.751 E778.9099
G1 X33.098 Y86.098 E778.92379
G1 X32.751 Y86.499 E778.93768
G1 X32.476 Y86.95 E778.95152
G1 X32.269 Y87.443 E778.96552
G1 X32.16 Y87.899 E778.9778
G1 X67.9 Y87.9 E779.91392
G1 X67.9 Y12.1 E781.8993
G1 X32.161 Y12.1 E782.83539
G1 X32.265 Y12.547 E782.84741
G1 X32.472 Y13.045 E782.86153
G1 X32.75 Y13.497 E782.87543
G1 X33.098 Y13.902 E782.88942
G1 X33.499 Y14.245 E782.90324
G1 X33.951 Y14.524 E782.91715
G1 X34.45 Y14.731 E782.9313
G1 X34.967 Y14.853 E782.94521
G1 X35.529 Y14.9 E782.95999
G1 X36.9 Y14.9 E782.9959
G1 X36.9 Y13.5 E783.03256
G1 X37.02 Y13.139 E783.04253
G1 X37.409 Y12.9 E783.05449
G1 X66.5 Y12.9 E783.81645
G1 X66.924 Y13.076 E783.82847
G1 X67.1 Y13.5 E783.8405
G1 X67.1 Y86.589 E785.75487
G1 X66.924 Y86.924 E785.76478
G0 F7200 X66.698 Y86.535
;TYPE:WALL-OUTER
G1 F1200 X66.642 Y86.642 E785.76795
G1 X66.535 Y86.698 E785.77111
G1 X37.5 Y86.7 E786.5316
G1 X37.34 Y86.621 E786.53628
G1 X37.3 Y86.501 E786.53959
G1 X37.3 Y84.7 E786.58676
G1 X35.512 Y84.7 E786.6336
G1 X34.904 Y84.747 E786.64957
G1 X34.327 Y84.887 E786.66512
G1 X33.767 Y85.119 E786.681
G1 X33.263 Y85.427 E786.69647
G1 X32.814 Y85.814 E786.71199
G1 X32.427 Y86.263 E786.72752
G1 X32.119 Y86.768 E786.74301
G1 X31.887 Y87.319 E786.75867
G1 X31.747 Y87.911 E786.7746
G1 X31.717 Y88.3 E786.78482
G1 X68.3 Y88.3 E787.74302
G1 X68.3 Y11.7 E789.74935
G1 X31.717 Y11.7 E790.70755
G1 X31.747 Y12.085 E790.71766
G1 X31.883 Y12.67 E790.73339
G1 X32.115 Y13.228 E790.74922
G1 X32.426 Y13.733 E790.76476
G1 X32.814 Y14.186 E790.78038
G1 X33.263 Y14.569 E790.79584
G1 X33.768 Y14.881 E790.81138
G1 X34.326 Y15.113 E790.82721
G1 X34.904 Y15.249 E790.84276
G1 X35.513 Y15.3 E790.85877
G1 X37.3 Y15.3 E790.90558
G1 X37.3 Y13.5 E790.95272
G1 X37.34 Y13.379 E790.95606
G1 X37.465 Y13.302 E790.95991
G1 X66.5 Y13.3 E791.7204
G1 X66.642 Y13.358 E791.72442
G1 X66.7 Y13.5 E791.72844
G1 X66.698 Y86.535 E793.6414
G0 F7200 X66.642 Y86.642
G0 X66.573 Y86.678
;MESH:NONMESH
G0 F600 Z6.6
G0 F7200 X66.573 Y87.41
G0 X67.338 Y12.662
G0 X34.848 Y12.41
G0 X34.848 Y12.22
;TIME_ELAPSED:1326.942821
;LAYER:42
;TYPE:FILL
;MESH:Wandhalterung TP-Link Media Converter.stl
G1 F3000 X36.78 Y14.153 E793.71298
G1 X36.85 Y14.223
G0 F7200 X36.59 Y14.223
G0 X36.662 Y12.662
G0 X36.867 Y12.22
G1 F3000 X34.476 Y14.612 E793.80156
G1 X34.406 Y14.682
G0 F7200 X34.514 Y14.423
G0 X36.662 Y12.662
G0 X40.504 Y12.41
G0 X40.504 Y12.22
G1 F3000 X41.064 Y12.78 E793.82231
G0 F7200 X41.964 Y12.78
G1 F3000 X42.524 Y12.22 E793.84305
G0 F7200 X42.524 Y12.41
G0 X46.161 Y12.41
G0 X46.161 Y12.22
G1 F3000 X46.721 Y12.78 E793.86379
G0 F7200 X47.621 Y12.78
G1 F3000 X48.181 Y12.22 E793.88454
G0 F7200 X48.181 Y12.41
G0 X51.818 Y12.41
G0 X51.818 Y12.22
G1 F3000 X52.378 Y12.78 E793.90528
G0 F7200 X53.278 Y12.78
G1 F3000 X53.838 Y12.22 E793.92602
G0 F7200 X53.838 Y12.41
G0 X57.475 Y12.41
G0 X57.475 Y12.22
G1 F3000 X58.034 Y12.78 E793.94675
G0 F7200 X58.935 Y12.78
G1 F3000 X59.495 Y12.22 E793.96749
G0 F7200 X59.495 Y12.41
G0 X63.132 Y12.41
G0 X63.132 Y12.22
G1 F3000 X63.691 Y12.78 E793.98822
G0 F7200 X64.591 Y12.78
G1 F3000 X65.151 Y12.22 E794.00896
G0 F7200 X65.151 Y12.41
G0 X67.338 Y12.662
G0 X67.59 Y15.248
G0 X67.78 Y15.248
G1 F3000 X67.22 Y15.808 E794.0297
G0 F7200 X67.22 Y16.308
G1 F3000 X67.78 Y16.869 E794.05047
G0 F7200 X67.59 Y16.869
G0 X67.59 Y20.905
G0 X67.78 Y20.905
G1 F3000 X67.22 Y21.465 E794.07121
G0 F7200 X67.22 Y21.965
G1 F3000 X67.78 Y22.526 E794.09197
G0 F7200 X67.59 Y22.526
G0 X67.59 Y26.562
G0 X67.78 Y26.562
G1 F3000 X67.22 Y27.122 E794.11271
G0 F7200 X67.22 Y27.622
G1 F3000 X67.78 Y28.182 E794.13346
G0 F7200 X67.59 Y28.182
G0 X67.59 Y32.219
G0 X67.78 Y32.219
G1 F3000 X67.22 Y32.779 E794.1542
G0 F7200 X67.22 Y33.279
G1 F3000 X67.78 Y33.839 E794.17494
G0 F7200 X67.59 Y33.839
G0 X67.59 Y37.875
G0 X67.78 Y37.875
G1 F3000 X67.22 Y38.435 E794.19569
G0 F7200 X67.22 Y38.935
G1 F3000 X67.78 Y39.496 E794.21645
G0 F7200 X67.59 Y39.496
G0 X67.59 Y43.532
G0 X67.78 Y43.532
G1 F3000 X67.22 Y44.092 E794.23719
G0 F7200 X67.22 Y44.592
G1 F3000 X67.78 Y45.153 E794.25795
G0 F7200 X67.59 Y45.153
G0 X67.59 Y49.189
G0 X67.78 Y49.189
G1 F3000 X67.22 Y49.749 E794.2787
G0 F7200 X67.22 Y50.249
G1 F3000 X67.78 Y50.81 E794.29946
G0 F7200 X67.59 Y50.81
G0 X67.59 Y54.846
G0 X67.78 Y54.846
G1 F3000 X67.22 Y55.406 E794.3202
G0 F7200 X67.22 Y55.906
G1 F3000 X67.78 Y56.467 E794.34096
G0 F7200 X67.59 Y56.467
G0 X67.59 Y60.503
G0 X67.78 Y60.503
G1 F3000 X67.22 Y61.063 E794.36171
G0 F7200 X67.22 Y61.563
G1 F3000 X67.78 Y62.124 E794.38247
G0 F7200 X67.59 Y62.124
G0 X67.59 Y66.16
G0 X67.78 Y66.16
G1 F3000 X67.22 Y66.72 E794.40321
G0 F7200 X67.22 Y67.22
G1 F3000 X67.78 Y67.78 E794.42396
G0 F7200 X67.59 Y67.78
G0 X67.59 Y71.817
G0 X67.78 Y71.817
G1 F3000 X67.22 Y72.377 E794.4447
G0 F7200 X67.22 Y72.877
G1 F3000 X67.78 Y73.437 E794.46544
G0 F7200 X67.59 Y73.437
G0 X67.59 Y77.473
G0 X67.78 Y77.473
G1 F3000 X67.22 Y78.033 E794.48619
G0 F7200 X67.22 Y78.533
G1 F3000 X67.78 Y79.094 E794.50695
G0 F7200 X67.59 Y79.094
G0 X67.59 Y83.13
G0 X67.78 Y83.13
G1 F3000 X67.22 Y83.69 E794.52769
G0 F7200 X67.22 Y84.19
G1 F3000 X67.78 Y84.751 E794.54845
G0 F7200 X67.59 Y84.751
G0 X67.338 Y87.338
G0 X65.152 Y87.59
G0 X65.152 Y87.78
G1 F3000 X64.593 Y87.22 E794.56918
G0 F7200 X63.691 Y87.22
G1 F3000 X63.13 Y87.78 E794.58994
G0 F7200 X63.13 Y87.59
G0 X59.495 Y87.59
G0 X59.495 Y87.78
G1 F3000 X58.936 Y87.22 E794.61066
G0 F7200 X58.034 Y87.22
G1 F3000 X57.474 Y87.78 E794.63141
G0 F7200 X57.474 Y87.59
G0 X53.838 Y87.59
G0 X53.838 Y87.78
G1 F3000 X53.279 Y87.22 E794.65213
G0 F7200 X52.378 Y87.22
G1 F3000 X51.817 Y87.78 E794.67289
G0 F7200 X51.817 Y87.59
G0 X48.181 Y87.59
G0 X48.181 Y87.779
G1 F3000 X47.622 Y87.22 E794.6936
G0 F7200 X46.721 Y87.22
G1 F3000 X46.161 Y87.78 E794.71434
G0 F7200 X46.161 Y87.59
G0 X42.524 Y87.59
G0 X42.524 Y87.779
G1 F3000 X41.965 Y87.22 E794.73505
G0 F7200 X41.064 Y87.22
G1 F3000 X40.504 Y87.78 E794.75579
G0 F7200 X40.504 Y87.59
G0 X36.867 Y87.59
G0 X36.867 Y87.779
G1 F3000 X34.476 Y85.388 E794.84436
G1 X34.406 Y85.318
G0 F7200 X34.513 Y85.578
G0 X36.59 Y85.847
G0 X36.779 Y85.847
G1 F3000 X34.847 Y87.78 E794.91594
G1 X34.777 Y87.85
G0 F7200 X34.777 Y87.59
G0 X67.338 Y87.338
G0 X66.924 Y86.924
;TYPE:WALL-INNER
G1 F2400 X66.589 Y87.1 E794.92585
G1 X37.5 Y87.1 E795.68776
G1 X37.02 Y86.861 E795.70181
G1 X36.9 Y86.501 E795.71175
G1 X36.9 Y85.1 E795.74844
G1 X35.527 Y85.1 E795.7844
G1 X34.967 Y85.143 E795.79912
G1 X34.451 Y85.268 E795.81302
G1 X33.949 Y85.477 E795.82726
G1 X33.499 Y85.751 E795.84106
G1 X33.098 Y86.098 E795.85495
G1 X32.751 Y86.499 E795.86884
G1 X32.476 Y86.95 E795.88268
G1 X32.269 Y87.443 E795.89668
G1 X32.16 Y87.899 E795.90896
G1 X67.9 Y87.9 E796.84508
G1 X67.9 Y12.1 E798.83046
G1 X32.161 Y12.1 E799.76655
G1 X32.265 Y12.547 E799.77857
G1 X32.472 Y13.045 E799.79269
G1 X32.75 Y13.497 E799.80659
G1 X33.098 Y13.902 E799.82058
G1 X33.499 Y14.245 E799.8344
G1 X33.951 Y14.524 E799.84831
G1 X34.45 Y14.731 E799.86246
G1 X34.967 Y14.853 E799.87638
G1 X35.529 Y14.9 E799.89115
G1 X36.9 Y14.9 E799.92706
G1 X36.9 Y13.5 E799.96373
G1 X37.02 Y13.139 E799.97369
G1 X37.409 Y12.9 E799.98565
G1 X66.5 Y12.9 E800.74761
G1 X66.924 Y13.076 E800.75964
G1 X67.1 Y13.5 E800.77166
G1 X67.1 Y86.589 E802.68603
G1 X66.924 Y86.924 E802.69594
G0 F7200 X66.698 Y86.535
;TYPE:WALL-OUTER
G1 F1200 X66.642 Y86.642 E802.69911
G1 X66.535 Y86.698 E802.70227
G1 X37.5 Y86.7 E803.46277
G1 X37.34 Y86.621 E803.46744
G1 X37.3 Y86.501 E803.47075
G1 X37.3 Y84.7 E803.51793
G1 X35.512 Y84.7 E803.56476
G1 X34.904 Y84.747 E803.58073
G1 X34.327 Y84.887 E803.59628
G1 X33.767 Y85.119 E803.61216
G1 X33.263 Y85.427 E803.62763
G1 X32.814 Y85.814 E803.64315
G1 X32.427 Y86.263 E803.65868
G1 X32.119 Y86.768 E803.67417
G1 X31.887 Y87.319 E803.68983
G1 X31.747 Y87.911 E803.70577
G1 X31.717 Y88.3 E803.71599
G1 X68.3 Y88.3 E804.67418
G1 X68.3 Y11.7 E806.68051
G1 X31.717 Y11.7 E807.63871
G1 X31.747 Y12.085 E807.64882
G1 X31.883 Y12.67 E807.66456
G1 X32.115 Y13.228 E807.68038
G1 X32.426 Y13.733 E807.69592
G1 X32.814 Y14.186 E807.71154
G1 X33.263 Y14.569 E807.727
G1 X33.768 Y14.881 E807.74255
G1 X34.326 Y15.113 E807.75837
G1 X34.904 Y15.249 E807.77393
G1 X35.513 Y15.3 E807.78993
G1 X37.3 Y15.3 E807.83674
G1 X37.3 Y13.5 E807.88389
G1 X37.34 Y13.379 E807.88722
G1 X37.465 Y13.302 E807.89107
G1 X66.5 Y13.3 E808.65156
G1 X66.642 Y13.358 E808.65558
G1 X66.7 Y13.5 E808.6596
G1 X66.698 Y86.535 E810.57256
G0 F7200 X66.642 Y86.642
G0 X66.573 Y86.678
;MESH:NONMESH
G0 F600 Z6.75
G0 F7200 X66.573 Y87.41
G0 X67.338 Y12.662
G0 X34.848 Y12.41
G0 X34.848 Y12.22
;TIME_ELAPSED:1354.518928
;LAYER:43
;TYPE:FILL
;MESH:Wandhalterung TP-Link Media Converter.stl
G1 F3000 X36.78 Y14.153 E810.64414
G1 X36.85 Y14.223
G0 F7200 X36.59 Y14.223
G0 X36.662 Y12.662
G0 X36.867 Y12.22
G1 F3000 X34.476 Y14.612 E810.73273
G1 X34.406 Y14.682
G0 F7200 X34.514 Y14.423
G0 X36.662 Y12.662
G0 X40.504 Y12.41
G0 X40.504 Y12.22
G1 F3000 X41.064 Y12.78 E810.75347
G0 F7200 X41.964 Y12.78
G1 F3000 X42.524 Y12.22 E810.77421
G0 F7200 X42.524 Y12.41
G0 X46.161 Y12.41
G0 X46.161 Y12.22
G1 F3000 X46.721 Y12.78 E810.79496
G0 F7200 X47.621 Y12.78
G1 F3000 X48.181 Y12.22 E810.8157
G0 F7200 X48.181 Y12.41
G0 X51.818 Y12.41
G0 X51.818 Y12.22
G1 F3000 X52.378 Y12.78 E810.83644
G0 F7200 X53.278 Y12.78
G1 F3000 X53.838 Y12.22 E810.85719
G0 F7200 X53.838 Y12.41
G0 X57.475 Y12.41
G0 X57.475 Y12.22
G1 F3000 X58.034 Y12.78 E810.87791
G0 F7200 X58.935 Y12.78
G1 F3000 X59.495 Y12.22 E810.89865
G0 F7200 X59.495 Y12.41
G0 X63.132 Y12.41
G0 X63.132 Y12.22
G1 F3000 X63.691 Y12.78 E810.91938
G0 F7200 X64.591 Y12.78
G1 F3000 X65.151 Y12.22 E810.94012
G0 F7200 X65.151 Y12.41
G0 X67.338 Y12.662
G0 X67.59 Y15.248
G0 X67.78 Y15.248
G1 F3000 X67.22 Y15.808 E810.96087
G0 F7200 X67.22 Y16.308
G1 F3000 X67.78 Y16.869 E810.98163
G0 F7200 X67.59 Y16.869
G0 X67.59 Y20.905
G0 X67.78 Y20.905
G1 F3000 X67.22 Y21.465 E811.00237
G0 F7200 X67.22 Y21.965
G1 F3000 X67.78 Y22.526 E811.02313
G0 F7200 X67.59 Y22.526
G0 X67.59 Y26.562
G0 X67.78 Y26.562
G1 F3000 X67.22 Y27.122 E811.04388
G0 F7200 X67.22 Y27.622
G1 F3000 X67.78 Y28.182 E811.06462
G0 F7200 X67.59 Y28.182
G0 X67.59 Y32.219
G0 X67.78 Y32.219
G1 F3000 X67.22 Y32.779 E811.08536
G0 F7200 X67.22 Y33.279
G1 F3000 X67.78 Y33.839 E811.10611
G0 F7200 X67.59 Y33.839
G0 X67.59 Y37.875
G0 X67.78 Y37.875
G1 F3000 X67.22 Y38.435 E811.12685
G0 F7200 X67.22 Y38.935
G1 F3000 X67.78 Y39.496 E811.14761
G0 F7200 X67.59 Y39.496
G0 X67.59 Y43.532
G0 X67.78 Y43.532
G1 F3000 X67.22 Y44.092 E811.16835
G0 F7200 X67.22 Y44.592
G1 F3000 X67.78 Y45.153 E811.18912
G0 F7200 X67.59 Y45.153
G0 X67.59 Y49.189
G0 X67.78 Y49.189
G1 F3000 X67.22 Y49.749 E811.20986
G0 F7200 X67.22 Y50.249
G1 F3000 X67.78 Y50.81 E811.23062
G0 F7200 X67.59 Y50.81
G0 X67.59 Y54.846
G0 X67.78 Y54.846
G1 F3000 X67.22 Y55.406 E811.25136
G0 F7200 X67.22 Y55.906
G1 F3000 X67.78 Y56.467 E811.27213
G0 F7200 X67.59 Y56.467
G0 X67.59 Y60.503
G0 X67.78 Y60.503
G1 F3000 X67.22 Y61.063 E811.29287
G0 F7200 X67.22 Y61.563
G1 F3000 X67.78 Y62.124 E811.31363
G0 F7200 X67.59 Y62.124
G0 X67.59 Y66.16
G0 X67.78 Y66.16
G1 F3000 X67.22 Y66.72 E811.33437
G0 F7200 X67.22 Y67.22
G1 F3000 X67.78 Y67.78 E811.35512
G0 F7200 X67.59 Y67.78
G0 X67.59 Y71.817
G0 X67.78 Y71.817
G1 F3000 X67.22 Y72.377 E811.37586
G0 F7200 X67.22 Y72.877
G1 F3000 X67.78 Y73.437 E811.3966
G0 F7200 X67.59 Y73.437
G0 X67.59 Y77.473
G0 X67.78 Y77.473
G1 F3000 X67.22 Y78.033 E811.41735
G0 F7200 X67.22 Y78.533
G1 F3000 X67.78 Y79.094 E811.43811
G0 F7200 X67.59 Y79.094
G0 X67.59 Y83.13
G0 X67.78 Y83.13
G1 F3000 X67.22 Y83.69 E811.45885
G0 F7200 X67.22 Y84.19
G1 F3000 X67.78 Y84.751 E811.47961
G0 F7200 X67.59 Y84.751
G0 X67.338 Y87.338
G0 X65.152 Y87.59
G0 X65.152 Y87.78
G1 F3000 X64.593 Y87.22 E811.50034
G0 F7200 X63.691 Y87.22
G1 F3000 X63.13 Y87.78 E811.5211
G0 F7200 X63.13 Y87.59
G0 X59.495 Y87.59
G0 X59.495 Y87.78
G1 F3000 X58.936 Y87.22 E811.54183
G0 F7200 X58.034 Y87.22
G1 F3000 X57.474 Y87.78 E811.56257
G0 F7200 X57.474 Y87.59
G0 X53.838 Y87.59
G0 X53.838 Y87.78
G1 F3000 X53.279 Y87.22 E811.58329
G0 F7200 X52.378 Y87.22
G1 F3000 X51.817 Y87.78 E811.60406
G0 F7200 X51.817 Y87.59
G0 X48.181 Y87.59
G0 X48.181 Y87.779
G1 F3000 X47.622 Y87.22 E811.62476
G0 F7200 X46.721 Y87.22
G1 F3000 X46.161 Y87.78 E811.6455
G0 F7200 X46.161 Y87.59
G0 X42.524 Y87.59
G0 X42.524 Y87.779
G1 F3000 X41.965 Y87.22 E811.66621
G0 F7200 X41.064 Y87.22
G1 F3000 X40.504 Y87.78 E811.68695
G0 F7200 X40.504 Y87.59
G0 X36.867 Y87.59
G0 X36.867 Y87.779
G1 F3000 X34.476 Y85.388 E811.77552
G1 X34.406 Y85.318
G0 F7200 X34.513 Y85.578
G0 X36.59 Y85.847
G0 X36.779 Y85.847
G1 F3000 X34.847 Y87.78 E811.8471
G1 X34.777 Y87.85
G0 F7200 X34.777 Y87.59
G0 X67.338 Y87.338
G0 X66.924 Y86.924
;TYPE:WALL-INNER
G1 F2400 X66.589 Y87.1 E811.85702
G1 X37.5 Y87.1 E812.61892
G1 X37.02 Y86.861 E812.63297
G1 X36.9 Y86.501 E812.64291
G1 X36.9 Y85.1 E812.6796
G1 X35.527 Y85.1 E812.71557
G1 X34.967 Y85.143 E812.73028
G1 X34.451 Y85.268 E812.74418
G1 X33.949 Y85.477 E812.75843
G1 X33.499 Y85.751 E812.77223
G1 X33.098 Y86.098 E812.78612
G1 X32.751 Y86.499 E812.8
G1 X32.476 Y86.95 E812.81384
G1 X32.269 Y87.443 E812.82785
G1 X32.16 Y87.899 E812.84013
G1 X67.9 Y87.9 E813.77624
G1 X67.9 Y12.1 E815.76162
G1 X32.161 Y12.1 E816.69771
G1 X32.265 Y12.547 E816.70973
G1 X32.472 Y13.045 E816.72386
G1 X32.75 Y13.497 E816.73775
G1 X33.098 Y13.902 E816.75174
G1 X33.499 Y14.245 E816.76556
G1 X33.951 Y14.524 E816.77947
G1 X34.45 Y14.731 E816.79362
G1 X34.967 Y14.853 E816.80754
G1 X35.529 Y14.9 E816.82231
G1 X36.9 Y14.9 E816.85822
G1 X36.9 Y13.5 E816.89489
G1 X37.02 Y13.139 E816.90485
G1 X37.409 Y12.9 E816.91681
G1 X66.5 Y12.9 E817.67877
G1 X66.924 Y13.076 E817.6908
G1 X67.1 Y13.5 E817.70282
G1 X67.1 Y86.589 E819.61719
G1 X66.924 Y86.924 E819.62711
G0 F7200 X66.698 Y86.535
;TYPE:WALL-OUTER
G1 F1200 X66.642 Y86.642 E819.63027
G1 X66.535 Y86.698 E819.63343
G1 X37.5 Y86.7 E820.39393
G1 X37.34 Y86.621 E820.3986
G1 X37.3 Y86.501 E820.40191
G1 X37.3 Y84.7 E820.44909
G1 X35.512 Y84.7 E820.49592
G1 X34.904 Y84.747 E820.51189
G1 X34.327 Y84.887 E820.52744
G1 X33.767 Y85.119 E820.54332
G1 X33.263 Y85.427 E820.55879
G1 X32.814 Y85.814 E820.57432
G1 X32.427 Y86.263 E820.58984
G1 X32.119 Y86.768 E820.60534
G1 X31.887 Y87.319 E820.62099
G1 X31.747 Y87.911 E820.63693
G1 X31.717 Y88.3 E820.64715
G1 X68.3 Y88.3 E821.60534
G1 X68.3 Y11.7 E823.61168
G1 X31.717 Y11.7 E824.56987
G1 X31.747 Y12.085 E824.57999
G1 X31.883 Y12.67 E824.59572
G1 X32.115 Y13.228 E824.61155
G1 X32.426 Y13.733 E824.62708
G1 X32.814 Y14.186 E824.6427
G1 X33.263 Y14.569 E824.65816
G1 X33.768 Y14.881 E824.67371
G1 X34.326 Y15.113 E824.68954
G1 X34.904 Y15.249 E824.70509
G1 X35.513 Y15.3 E824.7211
G1 X37.3 Y15.3 E824.7679
G1 X37.3 Y13.5 E824.81505
G1 X37.34 Y13.379 E824.81839
G1 X37.465 Y13.302 E824.82223
G1 X66.5 Y13.3 E825.58273
G1 X66.642 Y13.358 E825.58674
G1 X66.7 Y13.5 E825.59076
G1 X66.698 Y86.535 E827.50372
G0 F7200 X66.642 Y86.642
G0 X66.573 Y86.678
;MESH:NONMESH
G0 F600 Z6.9
G0 F7200 X66.573 Y87.41
G0 X67.338 Y12.662
G0 X34.848 Y12.41
G0 X34.848 Y12.22
;TIME_ELAPSED:1382.095035
;LAYER:44
;TYPE:FILL
;MESH:Wandhalterung TP-Link Media Converter.stl
G1 F3000 X36.78 Y14.153 E827.5753
G1 X36.85 Y14.223
G0 F7200 X36.59 Y14.223
G0 X36.662 Y12.662
G0 X36.867 Y12.22
G1 F3000 X34.476 Y14.612 E827.66389
G1 X34.406 Y14.682
G0 F7200 X34.514 Y14.423
G0 X36.662 Y12.662
G0 X40.504 Y12.41
G0 X40.504 Y12.22
G1 F3000 X41.064 Y12.78 E827.68463
G0 F7200 X41.964 Y12.78
G1 F3000 X42.524 Y12.22 E827.70537
G0 F7200 X42.524 Y12.41
G0 X46.161 Y12.41
G0 X46.161 Y12.22
G1 F3000 X46.721 Y12.78 E827.72612
G0 F7200 X47.621 Y12.78
G1 F3000 X48.181 Y12.22 E827.74686
G0 F7200 X48.181 Y12.41
G0 X51.818 Y12.41
G0 X51.818 Y12.22
G1 F3000 X52.378 Y12.78 E827.7676
G0 F7200 X53.278 Y12.78
G1 F3000 X53.838 Y12.22 E827.78835
G0 F7200 X53.838 Y12.41
G0 X57.475 Y12.41
G0 X57.475 Y12.22
G1 F3000 X58.034 Y12.78 E827.80907
G0 F7200 X58.935 Y12.78
G1 F3000 X59.495 Y12.22 E827.82982
G0 F7200 X59.495 Y12.41
G0 X63.132 Y12.41
G0 X63.132 Y12.22
G1 F3000 X63.691 Y12.78 E827.85054
G0 F7200 X64.591 Y12.78
G1 F3000 X65.151 Y12.22 E827.87128
G0 F7200 X65.151 Y12.41
G0 X67.338 Y12.662
G0 X67.59 Y15.248
G0 X67.78 Y15.248
G1 F3000 X67.22 Y15.808 E827.89203
G0 F7200 X67.22 Y16.308
G1 F3000 X67.78 Y16.869 E827.91279
G0 F7200 X67.59 Y16.869
G0 X67.59 Y20.905
G0 X67.78 Y20.905
G1 F3000 X67.22 Y21.465 E827.93353
G0 F7200 X67.22 Y21.965
G1 F3000 X67.78 Y22.526 E827.95429
G0 F7200 X67.59 Y22.526
G0 X67.59 Y26.562
G0 X67.78 Y26.562
G1 F3000 X67.22 Y27.122 E827.97504
G0 F7200 X67.22 Y27.622
G1 F3000 X67.78 Y28.182 E827.99578
G0 F7200 X67.59 Y28.182
G0 X67.59 Y32.219
G0 X67.78 Y32.219
G1 F3000 X67.22 Y32.779 E828.01652
G0 F7200 X67.22 Y33.279
G1 F3000 X67.78 Y33.839 E828.03727
G0 F7200 X67.59 Y33.839
G0 X67.59 Y37.875
G0 X67.78 Y37.875
G1 F3000 X67.22 Y38.435 E828.05801
G0 F7200 X67.22 Y38.935
G1 F3000 X67.78 Y39.496 E828.07877
G0 F7200 X67.59 Y39.496
G0 X67.59 Y43.532
G0 X67.78 Y43.532
G1 F3000 X67.22 Y44.092 E828.09952
G0 F7200 X67.22 Y44.592
G1 F3000 X67.78 Y45.153 E828.12028
G0 F7200 X67.59 Y45.153
G0 X67.59 Y49.189
G0 X67.78 Y49.189
G1 F3000 X67.22 Y49.749 E828.14102
G0 F7200 X67.22 Y50.249
G1 F3000 X67.78 Y50.81 E828.16178
G0 F7200 X67.59 Y50.81
G0 X67.59 Y54.846
G0 X67.78 Y54.846
G1 F3000 X67.22 Y55.406 E828.18253
G0 F7200 X67.22 Y55.906
G1 F3000 X67.78 Y56.467 E828.20329
G0 F7200 X67.59 Y56.467
G0 X67.59 Y60.503
G0 X67.78 Y60.503
G1 F3000 X67.22 Y61.063 E828.22403
G0 F7200 X67.22 Y61.563
G1 F3000 X67.78 Y62.124 E828.24479
G0 F7200 X67.59 Y62.124
G0 X67.59 Y66.16
G0 X67.78 Y66.16
G1 F3000 X67.22 Y66.72 E828.26554
G0 F7200 X67.22 Y67.22
G1 F3000 X67.78 Y67.78 E828.28628
G0 F7200 X67.59 Y67.78
G0 X67.59 Y71.817
G0 X67.78 Y71.817
G1 F3000 X67.22 Y72.377 E828.30702
G0 F7200 X67.22 Y72.877
G1 F3000 X67.78 Y73.437 E828.32777
G0 F7200 X67.59 Y73.437
G0 X67.59 Y77.473
G0 X67.78 Y77.473
G1 F3000 X67.22 Y78.033 E828.34851
G0 F7200 X67.22 Y78.533
G1 F3000 X67.78 Y79.094 E828.36927
G0 F7200 X67.59 Y79.094
G0 X67.59 Y83.13
G0 X67.78 Y83.13
G1 F3000 X67.22 Y83.69 E828.39001
G0 F7200 X67.22 Y84.19
G1 F3000 X67.78 Y84.751 E828.41078
G0 F7200 X67.59 Y84.751
G0 X67.338 Y87.338
G0 X65.152 Y87.59
G0 X65.152 Y87.78
G1 F3000 X64.593 Y87.22 E828.4315
G0 F7200 X63.691 Y87.22
G1 F3000 X63.13 Y87.78 E828.45226
G0 F7200 X63.13 Y87.59
G0 X59.495 Y87.59
G0 X59.495 Y87.78
G1 F3000 X58.936 Y87.22 E828.47299
G0 F7200 X58.034 Y87.22
G1 F3000 X57.474 Y87.78 E828.49373
G0 F7200 X57.474 Y87.59
G0 X53.838 Y87.59
G0 X53.838 Y87.78
G1 F3000 X53.279 Y87.22 E828.51446
G0 F7200 X52.378 Y87.22
G1 F3000 X51.817 Y87.78 E828.53522
G0 F7200 X51.817 Y87.59
G0 X48.181 Y87.59
G0 X48.181 Y87.779
G1 F3000 X47.622 Y87.22 E828.55592
G0 F7200 X46.721 Y87.22
G1 F3000 X46.161 Y87.78 E828.57667
G0 F7200 X46.161 Y87.59
G0 X42.524 Y87.59
G0 X42.524 Y87.779
G1 F3000 X41.965 Y87.22 E828.59737
G0 F7200 X41.064 Y87.22
G1 F3000 X40.504 Y87.78 E828.61812
G0 F7200 X40.504 Y87.59
G0 X36.867 Y87.59
G0 X36.867 Y87.779
G1 F3000 X34.476 Y85.388 E828.70668
G1 X34.406 Y85.318
G0 F7200 X34.513 Y85.578
G0 X36.59 Y85.847
G0 X36.779 Y85.847
G1 F3000 X34.847 Y87.78 E828.77827
G1 X34.777 Y87.85
G0 F7200 X34.777 Y87.59
G0 X67.338 Y87.338
G0 X66.924 Y86.924
;TYPE:WALL-INNER
G1 F2400 X66.589 Y87.1 E828.78818
G1 X37.5 Y87.1 E829.55009
G1 X37.02 Y86.861 E829.56413
G1 X36.9 Y86.501 E829.57407
G1 X36.9 Y85.1 E829.61077
G1 X35.527 Y85.1 E829.64673
G1 X34.967 Y85.143 E829.66144
G1 X34.451 Y85.268 E829.67535
G1 X33.949 Y85.477 E829.68959
G1 X33.499 Y85.751 E829.70339
G1 X33.098 Y86.098 E829.71728
G1 X32.751 Y86.499 E829.73117
G1 X32.476 Y86.95 E829.745
G1 X32.269 Y87.443 E829.75901
G1 X32.16 Y87.899 E829.77129
G1 X67.9 Y87.9 E830.7074
G1 X67.9 Y12.1 E832.69278
G1 X32.161 Y12.1 E833.62887
G1 X32.265 Y12.547 E833.64089
G1 X32.472 Y13.045 E833.65502
G1 X32.75 Y13.497 E833.66892
G1 X33.098 Y13.902 E833.6829
G1 X33.499 Y14.245 E833.69672
G1 X33.951 Y14.524 E833.71064
G1 X34.45 Y14.731 E833.72479
G1 X34.967 Y14.853 E833.7387
G1 X35.529 Y14.9 E833.75347
G1 X36.9 Y14.9 E833.78938
G1 X36.9 Y13.5 E833.82605
G1 X37.02 Y13.139 E833.83601
G1 X37.409 Y12.9 E833.84797
G1 X66.5 Y12.9 E834.60993
G1 X66.924 Y13.076 E834.62196
G1 X67.1 Y13.5 E834.63398
G1 X67.1 Y86.589 E836.54836
G1 X66.924 Y86.924 E836.55827
G0 F7200 X66.698 Y86.535
;TYPE:WALL-OUTER
G1 F1200 X66.642 Y86.642 E836.56143
G1 X66.535 Y86.698 E836.56459
G1 X37.5 Y86.7 E837.32509
G1 X37.34 Y86.621 E837.32976
G1 X37.3 Y86.501 E837.33308
G1 X37.3 Y84.7 E837.38025
G1 X35.512 Y84.7 E837.42708
G1 X34.904 Y84.747 E837.44305
G1 X34.327 Y84.887 E837.45861
G1 X33.767 Y85.119 E837.47448
G1 X33.263 Y85.427 E837.48995
G1 X32.814 Y85.814 E837.50548
G1 X32.427 Y86.263 E837.521
G1 X32.119 Y86.768 E837.5365
G1 X31.887 Y87.319 E837.55216
G1 X31.747 Y87.911 E837.56809
G1 X31.717 Y88.3 E837.57831
G1 X68.3 Y88.3 E838.5365
G1 X68.3 Y11.7 E840.54284
G1 X31.717 Y11.7 E841.50103
G1 X31.747 Y12.085 E841.51115
G1 X31.883 Y12.67 E841.52688
G1 X32.115 Y13.228 E841.54271
G1 X32.426 Y13.733 E841.55824
G1 X32.814 Y14.186 E841.57386
G1 X33.263 Y14.569 E841.58932
G1 X33.768 Y14.881 E841.60487
G1 X34.326 Y15.113 E841.6207
G1 X34.904 Y15.249 E841.63625
G1 X35.513 Y15.3 E841.65226
G1 X37.3 Y15.3 E841.69906
G1 X37.3 Y13.5 E841.74621
G1 X37.34 Y13.379 E841.74955
G1 X37.465 Y13.302 E841.75339
G1 X66.5 Y13.3 E842.51389
G1 X66.642 Y13.358 E842.51791
G1 X66.7 Y13.5 E842.52192
G1 X66.698 Y86.535 E844.43488
G0 F7200 X66.642 Y86.642
G0 X66.573 Y86.678
;MESH:NONMESH
G0 F600 Z7.05
G0 F7200 X66.573 Y87.41
G0 X67.338 Y12.662
G0 X34.848 Y12.41
G0 X34.848 Y12.22
;TIME_ELAPSED:1409.671141
;LAYER:45
;TYPE:FILL
;MESH:Wandhalterung TP-Link Media Converter.stl
G1 F3000 X36.78 Y14.153 E844.50647
G1 X36.85 Y14.223
G0 F7200 X36.59 Y14.223
G0 X36.662 Y12.662
G0 X36.867 Y12.22
G1 F3000 X34.476 Y14.612 E844.59505
G1 X34.406 Y14.682
G0 F7200 X34.514 Y14.423
G0 X36.662 Y12.662
G0 X40.504 Y12.41
G0 X40.504 Y12.22
G1 F3000 X41.064 Y12.78 E844.61579
G0 F7200 X41.964 Y12.78
G1 F3000 X42.524 Y12.22 E844.63654
G0 F7200 X42.524 Y12.41
G0 X46.161 Y12.41
G0 X46.161 Y12.22
G1 F3000 X46.721 Y12.78 E844.65728
G0 F7200 X47.621 Y12.78
G1 F3000 X48.181 Y12.22 E844.67802
G0 F7200 X48.181 Y12.41
G0 X51.818 Y12.41
G0 X51.818 Y12.22
G1 F3000 X52.378 Y12.78 E844.69877
G0 F7200 X53.278 Y12.78
G1 F3000 X53.838 Y12.22 E844.71951
G0 F7200 X53.838 Y12.41
G0 X57.475 Y12.41
G0 X57.475 Y12.22
G1 F3000 X58.034 Y12.78 E844.74023
G0 F7200 X58.935 Y12.78
G1 F3000 X59.495 Y12.22 E844.76098
G0 F7200 X59.495 Y12.41
G0 X63.132 Y12.41
G0 X63.132 Y12.22
G1 F3000 X63.691 Y12.78 E844.7817
G0 F7200 X64.591 Y12.78
G1 F3000 X65.151 Y12.22 E844.80245
G0 F7200 X65.151 Y12.41
G0 X67.338 Y12.662
G0 X67.59 Y15.248
G0 X67.78 Y15.248
G1 F3000 X67.22 Y15.808 E844.82319
G0 F7200 X67.22 Y16.308
G1 F3000 X67.78 Y16.869 E844.84395
G0 F7200 X67.59 Y16.869
G0 X67.59 Y20.905
G0 X67.78 Y20.905
G1 F3000 X67.22 Y21.465 E844.86469
G0 F7200 X67.22 Y21.965
G1 F3000 X67.78 Y22.526 E844.88546
G0 F7200 X67.59 Y22.526
G0 X67.59 Y26.562
G0 X67.78 Y26.562
G1 F3000 X67.22 Y27.122 E844.9062
G0 F7200 X67.22 Y27.622
G1 F3000 X67.78 Y28.182 E844.92694
G0 F7200 X67.59 Y28.182
G0 X67.59 Y32.219
G0 X67.78 Y32.219
G1 F3000 X67.22 Y32.779 E844.94769
G0 F7200 X67.22 Y33.279
G1 F3000 X67.78 Y33.839 E844.96843
G0 F7200 X67.59 Y33.839
G0 X67.59 Y37.875
G0 X67.78 Y37.875
G1 F3000 X67.22 Y38.435 E844.98917
G0 F7200 X67.22 Y38.935
G1 F3000 X67.78 Y39.496 E845.00993
G0 F7200 X67.59 Y39.496
G0 X67.59 Y43.532
G0 X67.78 Y43.532
G1 F3000 X67.22 Y44.092 E845.03068
G0 F7200 X67.22 Y44.592
G1 F3000 X67.78 Y45.153 E845.05144
G0 F7200 X67.59 Y45.153
G0 X67.59 Y49.189
G0 X67.78 Y49.189
G1 F3000 X67.22 Y49.749 E845.07218
G0 F7200 X67.22 Y50.249
G1 F3000 X67.78 Y50.81 E845.09294
G0 F7200 X67.59 Y50.81
G0 X67.59 Y54.846
G0 X67.78 Y54.846
G1 F3000 X67.22 Y55.406 E845.11369
G0 F7200 X67.22 Y55.906
G1 F3000 X67.78 Y56.467 E845.13445
G0 F7200 X67.59 Y56.467
G0 X67.59 Y60.503
G0 X67.78 Y60.503
G1 F3000 X67.22 Y61.063 E845.15519
G0 F7200 X67.22 Y61.563
G1 F3000 X67.78 Y62.124 E845.17595
G0 F7200 X67.59 Y62.124
G0 X67.59 Y66.16
G0 X67.78 Y66.16
G1 F3000 X67.22 Y66.72 E845.1967
G0 F7200 X67.22 Y67.22
G1 F3000 X67.78 Y67.78 E845.21744
G0 F7200 X67.59 Y67.78
G0 X67.59 Y71.817
G0 X67.78 Y71.817
G1 F3000 X67.22 Y72.377 E845.23818
G0 F7200 X67.22 Y72.877
G1 F3000 X67.78 Y73.437 E845.25893
G0 F7200 X67.59 Y73.437
G0 X67.59 Y77.473
G0 X67.78 Y77.473
G1 F3000 X67.22 Y78.033 E845.27967
G0 F7200 X67.22 Y78.533
G1 F3000 X67.78 Y79.094 E845.30043
G0 F7200 X67.59 Y79.094
G0 X67.59 Y83.13
G0 X67.78 Y83.13
G1 F3000 X67.22 Y83.69 E845.32118
G0 F7200 X67.22 Y84.19
G1 F3000 X67.78 Y84.751 E845.34194
G0 F7200 X67.59 Y84.751
G0 X67.338 Y87.338
G0 X65.152 Y87.59
G0 X65.152 Y87.78
G1 F3000 X64.593 Y87.22 E845.36266
G0 F7200 X63.691 Y87.22
G1 F3000 X63.13 Y87.78 E845.38342
G0 F7200 X63.13 Y87.59
G0 X59.495 Y87.59
G0 X59.495 Y87.78
G1 F3000 X58.936 Y87.22 E845.40415
G0 F7200 X58.034 Y87.22
G1 F3000 X57.474 Y87.78 E845.42489
G0 F7200 X57.474 Y87.59
G0 X53.838 Y87.59
G0 X53.838 Y87.78
G1 F3000 X53.279 Y87.22 E845.44562
G0 F7200 X52.378 Y87.22
G1 F3000 X51.817 Y87.78 E845.46638
G0 F7200 X51.817 Y87.59
G0 X48.181 Y87.59
G0 X48.181 Y87.779
G1 F3000 X47.622 Y87.22 E845.48709
G0 F7200 X46.721 Y87.22
G1 F3000 X46.161 Y87.78 E845.50783
G0 F7200 X46.161 Y87.59
G0 X42.524 Y87.59
G0 X42.524 Y87.779
G1 F3000 X41.965 Y87.22 E845.52854
G0 F7200 X41.064 Y87.22
G1 F3000 X40.504 Y87.78 E845.54928
G0 F7200 X40.504 Y87.59
G0 X36.867 Y87.59
G0 X36.867 Y87.779
G1 F3000 X34.476 Y85.388 E845.63784
G1 X34.406 Y85.318
G0 F7200 X34.513 Y85.578
G0 X36.59 Y85.847
G0 X36.779 Y85.847
G1 F3000 X34.847 Y87.78 E845.70943
G1 X34.777 Y87.85
G0 F7200 X34.777 Y87.59
G0 X67.338 Y87.338
G0 X66.924 Y86.924
;TYPE:WALL-INNER
G1 F2400 X66.589 Y87.1 E845.71934
G1 X37.5 Y87.1 E846.48125
G1 X37.02 Y86.861 E846.49529
G1 X36.9 Y86.501 E846.50523
G1 X36.9 Y85.1 E846.54193
G1 X35.527 Y85.1 E846.57789
G1 X34.967 Y85.143 E846.5926
G1 X34.451 Y85.268 E846.60651
G1 X33.949 Y85.477 E846.62075
G1 X33.499 Y85.751 E846.63455
G1 X33.098 Y86.098 E846.64844
G1 X32.751 Y86.499 E846.66233
G1 X32.476 Y86.95 E846.67616
G1 X32.269 Y87.443 E846.69017
G1 X32.16 Y87.899 E846.70245
G1 X67.9 Y87.9 E847.63856
G1 X67.9 Y12.1 E849.62394
G1 X32.161 Y12.1 E850.56003
G1 X32.265 Y12.547 E850.57205
G1 X32.472 Y13.045 E850.58618
G1 X32.75 Y13.497 E850.60008
G1 X33.098 Y13.902 E850.61406
G1 X33.499 Y14.245 E850.62789
G1 X33.951 Y14.524 E850.6418
G1 X34.45 Y14.731 E850.65595
G1 X34.967 Y14.853 E850.66986
G1 X35.529 Y14.9 E850.68463
G1 X36.9 Y14.9 E850.72054
G1 X36.9 Y13.5 E850.75721
G1 X37.02 Y13.139 E850.76718
G1 X37.409 Y12.9 E850.77914
G1 X66.5 Y12.9 E851.5411
G1 X66.924 Y13.076 E851.55312
G1 X67.1 Y13.5 E851.56515
G1 X67.1 Y86.589 E853.47952
G1 X66.924 Y86.924 E853.48943
G0 F7200 X66.698 Y86.535
;TYPE:WALL-OUTER
G1 F1200 X66.642 Y86.642 E853.49259
G1 X66.535 Y86.698 E853.49576
G1 X37.5 Y86.7 E854.25625
G1 X37.34 Y86.621 E854.26093
G1 X37.3 Y86.501 E854.26424
G1 X37.3 Y84.7 E854.31141
G1 X35.512 Y84.7 E854.35824
G1 X34.904 Y84.747 E854.37422
G1 X34.327 Y84.887 E854.38977
G1 X33.767 Y85.119 E854.40564
G1 X33.263 Y85.427 E854.42111
G1 X32.814 Y85.814 E854.43664
G1 X32.427 Y86.263 E854.45217
G1 X32.119 Y86.768 E854.46766
G1 X31.887 Y87.319 E854.48332
G1 X31.747 Y87.911 E854.49925
G1 X31.717 Y88.3 E854.50947
G1 X68.3 Y88.3 E855.46767
G1 X68.3 Y11.7 E857.474
G1 X31.717 Y11.7 E858.4322
G1 X31.747 Y12.085 E858.44231
G1 X31.883 Y12.67 E858.45804
G1 X32.115 Y13.228 E858.47387
G1 X32.426 Y13.733 E858.4894
G1 X32.814 Y14.186 E858.50503
G1 X33.263 Y14.569 E858.52048
G1 X33.768 Y14.881 E858.53603
G1 X34.326 Y15.113 E858.55186
G1 X34.904 Y15.249 E858.56741
G1 X35.513 Y15.3 E858.58342
G1 X37.3 Y15.3 E858.63023
G1 X37.3 Y13.5 E858.67737
G1 X37.34 Y13.379 E858.68071
G1 X37.465 Y13.302 E858.68456
G1 X66.5 Y13.3 E859.44505
G1 X66.642 Y13.358 E859.44907
G1 X66.7 Y13.5 E859.45309
G1 X66.698 Y86.535 E861.36604
G0 F7200 X66.642 Y86.642
G0 X66.573 Y86.678
;MESH:NONMESH
G0 F600 Z7.2
G0 F7200 X66.573 Y87.41
G0 X67.338 Y12.662
G0 X34.848 Y12.41
G0 X34.848 Y12.22
;TIME_ELAPSED:1437.247248
;LAYER:46
;TYPE:FILL
;MESH:Wandhalterung TP-Link Media Converter.stl
G1 F3000 X36.78 Y14.153 E861.43763
G1 X36.85 Y14.223
G0 F7200 X36.59 Y14.223
G0 X36.662 Y12.662
G0 X36.867 Y12.22
G1 F3000 X34.476 Y14.612 E861.52621
G1 X34.406 Y14.682
G0 F7200 X34.514 Y14.423
G0 X36.662 Y12.662
G0 X40.504 Y12.41
G0 X40.504 Y12.22
G1 F3000 X41.064 Y12.78 E861.54696
G0 F7200 X41.964 Y12.78
G1 F3000 X42.524 Y12.22 E861.5677
G0 F7200 X42.524 Y12.41
G0 X46.161 Y12.41
G0 X46.161 Y12.22
G1 F3000 X46.721 Y12.78 E861.58844
G0 F7200 X47.621 Y12.78
G1 F3000 X48.181 Y12.22 E861.60919
G0 F7200 X48.181 Y12.41
G0 X51.818 Y12.41
G0 X51.818 Y12.22
G1 F3000 X52.378 Y12.78 E861.62993
G0 F7200 X53.278 Y12.78
G1 F3000 X53.838 Y12.22 E861.65067
G0 F7200 X53.838 Y12.41
G0 X57.475 Y12.41
G0 X57.475 Y12.22
G1 F3000 X58.034 Y12.78 E861.6714
G0 F7200 X58.935 Y12.78
G1 F3000 X59.495 Y12.22 E861.69214
G0 F7200 X59.495 Y12.41
G0 X63.132 Y12.41
G0 X63.132 Y12.22
G1 F3000 X63.691 Y12.78 E861.71286
G0 F7200 X64.591 Y12.78
G1 F3000 X65.151 Y12.22 E861.73361
G0 F7200 X65.151 Y12.41
G0 X67.338 Y12.662
G0 X67.59 Y15.249
G0 X67.78 Y15.249
G1 F3000 X67.22 Y15.809 E861.75435
G0 F7200 X67.22 Y16.308
G1 F3000 X67.78 Y16.869 E861.77511
G0 F7200 X67.59 Y16.869
G0 X67.59 Y20.906
G0 X67.78 Y20.906
G1 F3000 X67.22 Y21.466 E861.79586
G0 F7200 X67.22 Y21.965
G1 F3000 X67.78 Y22.526 E861.81662
G0 F7200 X67.59 Y22.526
G0 X67.59 Y26.562
G0 X67.78 Y26.562
G1 F3000 X67.22 Y27.122 E861.83736
G0 F7200 X67.22 Y27.622
G1 F3000 X67.78 Y28.182 E861.8581
G0 F7200 X67.59 Y28.182
G0 X67.59 Y32.219
G0 X67.78 Y32.219
G1 F3000 X67.459 Y32.54 E861.87
G0 F7200 X67.59 Y37.876
G0 X67.78 Y37.876
G1 F3000 X67.22 Y38.436 E861.89074
G0 F7200 X67.22 Y38.935
G1 F3000 X67.78 Y39.495 E861.91148
G0 F7200 X67.59 Y39.495
G0 X67.59 Y43.533
G0 X67.78 Y43.533
G1 F3000 X67.22 Y44.093 E861.93222
G0 F7200 X67.22 Y44.592
G1 F3000 X67.78 Y45.152 E861.95297
G0 F7200 X67.59 Y45.152
G0 X67.59 Y49.19
G0 X67.78 Y49.19
G1 F3000 X67.22 Y49.75 E861.97371
G0 F7200 X67.22 Y50.249
G1 F3000 X67.78 Y50.809 E861.99445
G0 F7200 X67.59 Y50.809
G0 X67.59 Y54.847
G0 X67.78 Y54.847
G1 F3000 X67.22 Y55.407 E862.0152
G0 F7200 X67.22 Y55.906
G1 F3000 X67.78 Y56.466 E862.03594
G0 F7200 X67.59 Y56.466
G0 X67.59 Y60.504
G0 X67.78 Y60.504
G1 F3000 X67.22 Y61.064 E862.05668
G0 F7200 X67.22 Y61.563
G1 F3000 X67.78 Y62.123 E862.07743
G0 F7200 X67.59 Y62.123
G0 X67.482 Y67.482
G1 F3000 X67.78 Y67.78 E862.08847
G0 F7200 X67.59 Y67.78
G0 X67.59 Y71.817
G0 X67.78 Y71.817
G1 F3000 X67.22 Y72.377 E862.10921
G0 F7200 X67.22 Y72.877
G1 F3000 X67.78 Y73.437 E862.12995
G0 F7200 X67.59 Y73.437
G0 X67.59 Y77.474
G0 X67.78 Y77.474
G1 F3000 X67.22 Y78.033 E862.15068
G0 F7200 X67.22 Y78.534
G1 F3000 X67.78 Y79.094 E862.17142
G0 F7200 X67.59 Y79.094
G0 X67.59 Y83.131
G0 X67.78 Y83.131
G1 F3000 X67.22 Y83.69 E862.19215
G0 F7200 X67.22 Y84.191
G1 F3000 X67.78 Y84.751 E862.21289
G0 F7200 X67.59 Y84.751
G0 X67.338 Y87.338
G0 X65.152 Y87.59
G0 X65.152 Y87.78
G1 F3000 X64.593 Y87.22 E862.23361
G0 F7200 X63.691 Y87.22
G1 F3000 X63.13 Y87.78 E862.25438
G0 F7200 X63.13 Y87.59
G0 X59.495 Y87.59
G0 X59.495 Y87.78
G1 F3000 X58.936 Y87.22 E862.2751
G0 F7200 X58.034 Y87.22
G1 F3000 X57.474 Y87.78 E862.29584
G0 F7200 X57.474 Y87.59
G0 X53.838 Y87.59
G0 X53.838 Y87.78
G1 F3000 X53.279 Y87.22 E862.31657
G0 F7200 X52.378 Y87.22
G1 F3000 X51.817 Y87.78 E862.33733
G0 F7200 X51.817 Y87.59
G0 X48.181 Y87.59
G0 X48.181 Y87.779
G1 F3000 X47.622 Y87.22 E862.35804
G0 F7200 X46.721 Y87.22
G1 F3000 X46.161 Y87.78 E862.37878
G0 F7200 X46.161 Y87.59
G0 X42.524 Y87.59
G0 X42.524 Y87.779
G1 F3000 X41.965 Y87.22 E862.39949
G0 F7200 X41.064 Y87.22
G1 F3000 X40.504 Y87.78 E862.42023
G0 F7200 X40.504 Y87.59
G0 X36.867 Y87.59
G0 X36.867 Y87.779
G1 F3000 X34.476 Y85.388 E862.5088
G1 X34.406 Y85.318
G0 F7200 X34.513 Y85.578
G0 X36.59 Y85.847
G0 X36.779 Y85.847
G1 F3000 X34.847 Y87.78 E862.58038
G1 X34.777 Y87.85
G0 F7200 X34.777 Y87.59
G0 X67.338 Y87.338
G0 X66.924 Y86.924
;TYPE:WALL-INNER
G1 F2400 X66.589 Y87.1 E862.59029
G1 X37.5 Y87.1 E863.3522
G1 X37.02 Y86.861 E863.36624
G1 X36.9 Y86.501 E863.37618
G1 X36.9 Y85.1 E863.41288
G1 X35.527 Y85.1 E863.44884
G1 X34.967 Y85.143 E863.46355
G1 X34.451 Y85.268 E863.47746
G1 X33.949 Y85.477 E863.4917
G1 X33.499 Y85.751 E863.5055
G1 X33.098 Y86.098 E863.51939
G1 X32.751 Y86.499 E863.53328
G1 X32.476 Y86.95 E863.54712
G1 X32.269 Y87.443 E863.56112
G1 X32.16 Y87.899 E863.5734
G1 X67.9 Y87.9 E864.50952
G1 X67.9 Y12.1 E866.4949
G1 X32.161 Y12.1 E867.43098
G1 X32.265 Y12.547 E867.44301
G1 X32.472 Y13.045 E867.45713
G1 X32.75 Y13.497 E867.47103
G1 X33.098 Y13.902 E867.48502
G1 X33.499 Y14.245 E867.49884
G1 X33.951 Y14.524 E867.51275
G1 X34.45 Y14.731 E867.5269
G1 X34.967 Y14.853 E867.54081
G1 X35.529 Y14.9 E867.55558
G1 X36.9 Y14.9 E867.59149
G1 X36.9 Y13.5 E867.62816
G1 X37.02 Y13.139 E867.63813
G1 X37.409 Y12.9 E867.65009
G1 X66.5 Y12.9 E868.41205
G1 X66.924 Y13.076 E868.42407
G1 X67.1 Y13.5 E868.4361
G1 X67.1 Y86.589 E870.35047
G1 X66.924 Y86.924 E870.36038
G0 F7200 X66.698 Y86.535
;TYPE:WALL-OUTER
G1 F1200 X66.642 Y86.642 E870.36354
G1 X66.535 Y86.698 E870.36671
G1 X37.5 Y86.7 E871.1272
G1 X37.34 Y86.621 E871.13188
G1 X37.3 Y86.501 E871.13519
G1 X37.3 Y84.7 E871.18236
G1 X35.512 Y84.7 E871.22919
G1 X34.904 Y84.747 E871.24517
G1 X34.327 Y84.887 E871.26072
G1 X33.767 Y85.119 E871.27659
G1 X33.263 Y85.427 E871.29207
G1 X32.814 Y85.814 E871.30759
G1 X32.427 Y86.263 E871.32312
G1 X32.119 Y86.768 E871.33861
G1 X31.887 Y87.319 E871.35427
G1 X31.747 Y87.911 E871.3702
G1 X31.717 Y88.3 E871.38042
G1 X68.3 Y88.3 E872.33862
G1 X68.3 Y11.7 E874.34495
G1 X31.717 Y11.7 E875.30315
G1 X31.747 Y12.085 E875.31326
G1 X31.883 Y12.67 E875.32899
G1 X32.115 Y13.228 E875.34482
G1 X32.426 Y13.733 E875.36035
G1 X32.814 Y14.186 E875.37598
G1 X33.263 Y14.569 E875.39143
G1 X33.768 Y14.881 E875.40698
G1 X34.326 Y15.113 E875.42281
G1 X34.904 Y15.249 E875.43836
G1 X35.513 Y15.3 E875.45437
G1 X37.3 Y15.3 E875.50118
G1 X37.3 Y13.5 E875.54832
G1 X37.34 Y13.379 E875.55166
G1 X37.465 Y13.302 E875.55551
G1 X66.5 Y13.3 E876.316
G1 X66.642 Y13.358 E876.32002
G1 X66.7 Y13.5 E876.32404
G1 X66.698 Y86.535 E878.237
G0 F7200 X66.642 Y86.642
G0 X66.573 Y86.678
G0 X66.573 Y87.41
G0 X67.5 Y65.66
;TYPE:SKIN
G1 F692.3 X67.5 Y67.36 E878.29488
G0 F7200 X67.5 Y32.658
G1 F692.3 X67.5 Y34.36 E878.35283
;MESH:NONMESH
G0 F600 Z7.35
G0 F7200 X67.338 Y12.662
G0 X34.848 Y12.41
G0 X34.848 Y12.22
;TIME_ELAPSED:1465.111423
;LAYER:47
;TYPE:FILL
;MESH:Wandhalterung TP-Link Media Converter.stl
G1 F3000 X36.78 Y14.153 E878.42442
G1 X36.85 Y14.223
G0 F7200 X36.59 Y14.223
G0 X36.662 Y12.662
G0 X36.867 Y12.22
G1 F3000 X34.476 Y14.612 E878.513
G1 X34.406 Y14.682
G0 F7200 X34.514 Y14.423
G0 X36.662 Y12.662
G0 X40.504 Y12.41
G0 X40.504 Y12.22
G1 F3000 X41.064 Y12.78 E878.53374
G0 F7200 X41.964 Y12.78
G1 F3000 X42.524 Y12.22 E878.55449
G0 F7200 X42.524 Y12.41
G0 X46.161 Y12.41
G0 X46.161 Y12.22
G1 F3000 X46.721 Y12.78 E878.57523
G0 F7200 X47.621 Y12.78
G1 F3000 X48.181 Y12.22 E878.59597
G0 F7200 X48.181 Y12.41
G0 X51.818 Y12.41
G0 X51.818 Y12.22
G1 F3000 X52.378 Y12.78 E878.61672
G0 F7200 X53.278 Y12.78
G1 F3000 X53.838 Y12.22 E878.63746
G0 F7200 X53.838 Y12.41
G0 X57.475 Y12.41
G0 X57.475 Y12.22
G1 F3000 X58.034 Y12.78 E878.65819
G0 F7200 X58.935 Y12.78
G1 F3000 X59.495 Y12.22 E878.67893
G0 F7200 X59.495 Y12.41
G0 X63.132 Y12.41
G0 X63.132 Y12.22
G1 F3000 X63.691 Y12.78 E878.69965
G0 F7200 X64.591 Y12.78
G1 F3000 X65.151 Y12.22 E878.7204
G0 F7200 X65.151 Y12.41
G0 X67.338 Y12.662
G0 X67.59 Y15.248
G0 X67.78 Y15.248
G1 F3000 X67.22 Y15.809 E878.74116
G0 F7200 X67.22 Y16.308
G1 F3000 X67.78 Y16.869 E878.76192
G0 F7200 X67.59 Y16.869
G0 X67.59 Y20.905
G0 X67.78 Y20.905
G1 F3000 X67.22 Y21.466 E878.78268
G0 F7200 X67.22 Y21.965
G1 F3000 X67.78 Y22.526 E878.80344
G0 F7200 X67.59 Y22.526
G0 X67.59 Y26.562
G0 X67.78 Y26.562
G1 F3000 X67.22 Y27.122 E878.82419
G0 F7200 X67.22 Y27.622
G1 F3000 X67.78 Y28.182 E878.84493
G0 F7200 X67.59 Y28.182
G0 X67.59 Y37.876
G0 X67.78 Y37.876
G1 F3000 X67.22 Y38.435 E878.86566
G0 F7200 X67.22 Y38.935
G1 F3000 X67.78 Y39.495 E878.8864
G0 F7200 X67.59 Y39.495
G0 X67.59 Y43.533
G0 X67.78 Y43.533
G1 F3000 X67.22 Y44.092 E878.90712
G0 F7200 X67.22 Y44.592
G1 F3000 X67.78 Y45.152 E878.92787
G0 F7200 X67.59 Y45.152
G0 X67.59 Y49.19
G0 X67.78 Y49.19
G1 F3000 X67.22 Y49.749 E878.94859
G0 F7200 X67.22 Y50.249
G1 F3000 X67.78 Y50.809 E878.96934
G0 F7200 X67.59 Y50.809
G0 X67.59 Y54.847
G0 X67.78 Y54.847
G1 F3000 X67.22 Y55.406 E878.99006
G0 F7200 X67.22 Y55.906
G1 F3000 X67.78 Y56.466 E879.0108
G0 F7200 X67.59 Y56.466
G0 X67.59 Y60.504
G0 X67.78 Y60.504
G1 F3000 X67.22 Y61.063 E879.03153
G0 F7200 X67.22 Y61.563
G1 F3000 X67.78 Y62.123 E879.05227
G0 F7200 X67.59 Y62.123
G0 X67.59 Y71.817
G0 X67.78 Y71.817
G1 F3000 X67.22 Y72.377 E879.07301
G0 F7200 X67.22 Y72.877
G1 F3000 X67.78 Y73.437 E879.09376
G0 F7200 X67.59 Y73.437
G0 X67.59 Y77.473
G0 X67.78 Y77.473
G1 F3000 X67.22 Y78.033 E879.1145
G0 F7200 X67.22 Y78.534
G1 F3000 X67.78 Y79.094 E879.13524
G0 F7200 X67.59 Y79.094
G0 X67.59 Y83.13
G0 X67.78 Y83.13
G1 F3000 X67.22 Y83.69 E879.15599
G0 F7200 X67.22 Y84.191
G1 F3000 X67.78 Y84.751 E879.17673
G0 F7200 X67.59 Y84.751
G0 X67.338 Y87.338
G0 X65.152 Y87.59
G0 X65.152 Y87.78
G1 F3000 X64.593 Y87.22 E879.19746
G0 F7200 X63.691 Y87.22
G1 F3000 X63.13 Y87.78 E879.21822
G0 F7200 X63.13 Y87.59
G0 X59.495 Y87.59
G0 X59.495 Y87.78
G1 F3000 X58.936 Y87.22 E879.23894
G0 F7200 X58.034 Y87.22
G1 F3000 X57.474 Y87.78 E879.25969
G0 F7200 X57.474 Y87.59
G0 X53.838 Y87.59
G0 X53.838 Y87.78
G1 F3000 X53.279 Y87.22 E879.28041
G0 F7200 X52.378 Y87.22
G1 F3000 X51.817 Y87.78 E879.30117
G0 F7200 X51.817 Y87.59
G0 X48.181 Y87.59
G0 X48.181 Y87.779
G1 F3000 X47.622 Y87.22 E879.32188
G0 F7200 X46.721 Y87.22
G1 F3000 X46.161 Y87.78 E879.34262
G0 F7200 X46.161 Y87.59
G0 X42.524 Y87.59
G0 X42.524 Y87.779
G1 F3000 X41.965 Y87.22 E879.36333
G0 F7200 X41.064 Y87.22
G1 F3000 X40.504 Y87.78 E879.38407
G0 F7200 X40.504 Y87.59
G0 X36.867 Y87.59
G0 X36.867 Y87.779
G1 F3000 X34.476 Y85.388 E879.47264
G1 X34.406 Y85.318
G0 F7200 X34.513 Y85.578
G0 X36.59 Y85.847
G0 X36.779 Y85.847
G1 F3000 X34.847 Y87.78 E879.54422
G1 X34.777 Y87.85
G0 F7200 X34.777 Y87.59
G0 X67.338 Y87.338
G0 X66.924 Y86.924
;TYPE:WALL-INNER
G1 F2400 X66.589 Y87.1 E879.55413
G1 X37.5 Y87.1 E880.31604
G1 X37.02 Y86.861 E880.33009
G1 X36.9 Y86.501 E880.34003
G1 X36.9 Y85.1 E880.37672
G1 X35.527 Y85.1 E880.41268
G1 X34.967 Y85.143 E880.42739
G1 X34.451 Y85.268 E880.4413
G1 X33.949 Y85.477 E880.45554
G1 X33.499 Y85.751 E880.46934
G1 X33.098 Y86.098 E880.48323
G1 X32.751 Y86.499 E880.49712
G1 X32.476 Y86.95 E880.51096
G1 X32.269 Y87.443 E880.52496
G1 X32.16 Y87.899 E880.53724
G1 X67.9 Y87.9 E881.47336
G1 X67.9 Y12.1 E883.45874
G1 X32.161 Y12.1 E884.39483
G1 X32.265 Y12.547 E884.40685
G1 X32.472 Y13.045 E884.42097
G1 X32.75 Y13.497 E884.43487
G1 X33.098 Y13.902 E884.44886
G1 X33.499 Y14.245 E884.46268
G1 X33.951 Y14.524 E884.47659
G1 X34.45 Y14.731 E884.49074
G1 X34.967 Y14.853 E884.50466
G1 X35.529 Y14.9 E884.51943
G1 X36.9 Y14.9 E884.55534
G1 X36.9 Y13.5 E884.59201
G1 X37.02 Y13.139 E884.60197
G1 X37.409 Y12.9 E884.61393
G1 X66.5 Y12.9 E885.37589
G1 X66.924 Y13.076 E885.38791
G1 X67.1 Y13.5 E885.39994
G1 X67.1 Y86.589 E887.31431
G1 X66.924 Y86.924 E887.32422
G0 F7200 X66.698 Y86.535
;TYPE:WALL-OUTER
G1 F1200 X66.642 Y86.642 E887.32739
G1 X66.535 Y86.698 E887.33055
G1 X37.5 Y86.7 E888.09104
G1 X37.34 Y86.621 E888.09572
G1 X37.3 Y86.501 E888.09903
G1 X37.3 Y84.7 E888.1462
G1 X35.512 Y84.7 E888.19304
G1 X34.904 Y84.747 E888.20901
G1 X34.327 Y84.887 E888.22456
G1 X33.767 Y85.119 E888.24044
G1 X33.263 Y85.427 E888.25591
G1 X32.814 Y85.814 E888.27143
G1 X32.427 Y86.263 E888.28696
G1 X32.119 Y86.768 E888.30245
G1 X31.887 Y87.319 E888.31811
G1 X31.747 Y87.911 E888.33404
G1 X31.717 Y88.3 E888.34426
G1 X68.3 Y88.3 E889.30246
G1 X68.3 Y11.7 E891.30879
G1 X31.717 Y11.7 E892.26699
G1 X31.747 Y12.085 E892.2771
G1 X31.883 Y12.67 E892.29283
G1 X32.115 Y13.228 E892.30866
G1 X32.426 Y13.733 E892.3242
G1 X32.814 Y14.186 E892.33982
G1 X33.263 Y14.569 E892.35528
G1 X33.768 Y14.881 E892.37082
G1 X34.326 Y15.113 E892.38665
G1 X34.904 Y15.249 E892.40221
G1 X35.513 Y15.3 E892.41821
G1 X37.3 Y15.3 E892.46502
G1 X37.3 Y13.5 E892.51216
G1 X37.34 Y13.379 E892.5155
G1 X37.465 Y13.302 E892.51935
G1 X66.5 Y13.3 E893.27984
G1 X66.642 Y13.358 E893.28386
G1 X66.7 Y13.5 E893.28788
G1 X66.698 Y86.535 E895.20084
G0 F7200 X66.642 Y86.642
G0 X66.573 Y86.678
G0 X66.573 Y87.41
G0 X67.5 Y65.114
;TYPE:SKIN
G1 F692.3 X67.5 Y67.91 E895.29604
G0 F7200 X67.5 Y32.114
G1 F692.3 X67.5 Y34.908 E895.39118
;MESH:NONMESH
G0 F600 Z7.5
G0 F7200 X67.338 Y12.662
G0 X34.848 Y12.41
G0 X34.848 Y12.22
;TIME_ELAPSED:1493.095388
;LAYER:48
;TYPE:FILL
;MESH:Wandhalterung TP-Link Media Converter.stl
G1 F3000 X36.78 Y14.153 E895.46276
G1 X36.85 Y14.223
G0 F7200 X36.59 Y14.223
G0 X36.662 Y12.662
G0 X36.867 Y12.22
G1 F3000 X34.476 Y14.612 E895.55134
G1 X34.406 Y14.682
G0 F7200 X34.514 Y14.423
G0 X36.662 Y12.662
G0 X40.504 Y12.41
G0 X40.504 Y12.22
G1 F3000 X41.064 Y12.78 E895.57209
G0 F7200 X41.964 Y12.78
G1 F3000 X42.524 Y12.22 E895.59283
G0 F7200 X42.524 Y12.41
G0 X46.161 Y12.41
G0 X46.161 Y12.22
G1 F3000 X46.721 Y12.78 E895.61357
G0 F7200 X47.621 Y12.78
G1 F3000 X48.181 Y12.22 E895.63432
G0 F7200 X48.181 Y12.41
G0 X51.818 Y12.41
G0 X51.818 Y12.22
G1 F3000 X52.378 Y12.78 E895.65506
G0 F7200 X53.278 Y12.78
G1 F3000 X53.838 Y12.22 E895.6758
G0 F7200 X53.838 Y12.41
G0 X57.475 Y12.41
G0 X57.475 Y12.22
G1 F3000 X58.034 Y12.78 E895.69653
G0 F7200 X58.935 Y12.78
G1 F3000 X59.495 Y12.22 E895.71727
G0 F7200 X59.495 Y12.41
G0 X63.132 Y12.41
G0 X63.132 Y12.22
G1 F3000 X63.691 Y12.78 E895.738
G0 F7200 X64.591 Y12.78
G1 F3000 X65.151 Y12.22 E895.75874
G0 F7200 X65.151 Y12.41
G0 X67.338 Y12.662
G0 X67.59 Y15.249
G0 X67.78 Y15.249
G1 F3000 X67.22 Y15.808 E895.77947
G0 F7200 X67.22 Y16.308
G1 F3000 X67.78 Y16.869 E895.80023
G0 F7200 X67.59 Y16.869
G0 X67.59 Y20.906
G0 X67.78 Y20.906
G1 F3000 X67.22 Y21.465 E895.82095
G0 F7200 X67.22 Y21.965
G1 F3000 X67.78 Y22.526 E895.84171
G0 F7200 X67.59 Y22.526
G0 X67.59 Y26.562
G0 X67.78 Y26.562
G1 F3000 X67.22 Y27.122 E895.86246
G0 F7200 X67.22 Y27.622
G1 F3000 X67.78 Y28.182 E895.8832
G0 F7200 X67.59 Y28.182
G0 X67.59 Y37.876
G0 X67.78 Y37.876
G1 F3000 X67.22 Y38.435 E895.90393
G0 F7200 X67.22 Y38.935
G1 F3000 X67.78 Y39.495 E895.92467
G0 F7200 X67.59 Y39.495
G0 X67.59 Y43.533
G0 X67.78 Y43.533
G1 F3000 X67.22 Y44.092 E895.94539
G0 F7200 X67.22 Y44.592
G1 F3000 X67.78 Y45.152 E895.96614
G0 F7200 X67.59 Y45.152
G0 X67.59 Y49.19
G0 X67.78 Y49.19
G1 F3000 X67.22 Y49.749 E895.98686
G0 F7200 X67.22 Y50.249
G1 F3000 X67.78 Y50.809 E896.0076
G0 F7200 X67.59 Y50.809
G0 X67.59 Y54.847
G0 X67.78 Y54.847
G1 F3000 X67.22 Y55.406 E896.02833
G0 F7200 X67.22 Y55.906
G1 F3000 X67.78 Y56.466 E896.04907
G0 F7200 X67.59 Y56.466
G0 X67.59 Y60.504
G0 X67.78 Y60.504
G1 F3000 X67.22 Y61.063 E896.0698
G0 F7200 X67.22 Y61.563
G1 F3000 X67.78 Y62.123 E896.09054
G0 F7200 X67.59 Y62.123
G0 X67.59 Y71.817
G0 X67.78 Y71.817
G1 F3000 X67.22 Y72.377 E896.11128
G0 F7200 X67.22 Y72.877
G1 F3000 X67.78 Y73.437 E896.13203
G0 F7200 X67.59 Y73.437
G0 X67.59 Y77.473
G0 X67.78 Y77.473
G1 F3000 X67.22 Y78.033 E896.15277
G0 F7200 X67.22 Y78.533
G1 F3000 X67.78 Y79.094 E896.17353
G0 F7200 X67.59 Y79.094
G0 X67.59 Y83.13
G0 X67.78 Y83.13
G1 F3000 X67.22 Y83.69 E896.19428
G0 F7200 X67.22 Y84.19
G1 F3000 X67.78 Y84.751 E896.21504
G0 F7200 X67.59 Y84.751
G0 X67.338 Y87.338
G0 X65.152 Y87.59
G0 X65.152 Y87.78
G1 F3000 X64.593 Y87.22 E896.23576
G0 F7200 X63.691 Y87.22
G1 F3000 X63.13 Y87.78 E896.25652
G0 F7200 X63.13 Y87.59
G0 X59.495 Y87.59
G0 X59.495 Y87.78
G1 F3000 X58.936 Y87.22 E896.27725
G0 F7200 X58.034 Y87.22
G1 F3000 X57.474 Y87.78 E896.29799
G0 F7200 X57.474 Y87.59
G0 X53.838 Y87.59
G0 X53.838 Y87.78
G1 F3000 X53.279 Y87.22 E896.31872
G0 F7200 X52.378 Y87.22
G1 F3000 X51.817 Y87.78 E896.33948
G0 F7200 X51.817 Y87.59
G0 X48.181 Y87.59
G0 X48.181 Y87.779
G1 F3000 X47.622 Y87.22 E896.36018
G0 F7200 X46.721 Y87.22
G1 F3000 X46.161 Y87.78 E896.38093
G0 F7200 X46.161 Y87.59
G0 X42.524 Y87.59
G0 X42.524 Y87.779
G1 F3000 X41.965 Y87.22 E896.40163
G0 F7200 X41.064 Y87.22
G1 F3000 X40.504 Y87.78 E896.42238
G0 F7200 X40.504 Y87.59
G0 X36.867 Y87.59
G0 X36.867 Y87.779
G1 F3000 X34.476 Y85.388 E896.51094
G1 X34.406 Y85.318
G0 F7200 X34.513 Y85.578
G0 X36.59 Y85.847
G0 X36.779 Y85.847
G1 F3000 X34.847 Y87.78 E896.58253
G1 X34.777 Y87.85
G0 F7200 X34.777 Y87.59
G0 X67.338 Y87.338
G0 X66.924 Y86.924
;TYPE:WALL-INNER
G1 F2400 X66.589 Y87.1 E896.59244
G1 X37.5 Y87.1 E897.35435
G1 X37.02 Y86.861 E897.36839
G1 X36.9 Y86.501 E897.37833
G1 X36.9 Y85.1 E897.41503
G1 X35.527 Y85.1 E897.45099
G1 X34.967 Y85.143 E897.4657
G1 X34.451 Y85.268 E897.47961
G1 X33.949 Y85.477 E897.49385
G1 X33.499 Y85.751 E897.50765
G1 X33.098 Y86.098 E897.52154
G1 X32.751 Y86.499 E897.53543
G1 X32.476 Y86.95 E897.54926
G1 X32.269 Y87.443 E897.56327
G1 X32.16 Y87.899 E897.57555
G1 X67.9 Y87.9 E898.51166
G1 X67.9 Y12.1 E900.49704
G1 X32.161 Y12.1 E901.43313
G1 X32.265 Y12.547 E901.44515
G1 X32.472 Y13.045 E901.45928
G1 X32.75 Y13.497 E901.47318
G1 X33.098 Y13.902 E901.48716
G1 X33.499 Y14.245 E901.50099
G1 X33.951 Y14.524 E901.5149
G1 X34.45 Y14.731 E901.52905
G1 X34.967 Y14.853 E901.54296
G1 X35.529 Y14.9 E901.55773
G1 X36.9 Y14.9 E901.59364
G1 X36.9 Y13.5 E901.63031
G1 X37.02 Y13.139 E901.64028
G1 X37.409 Y12.9 E901.65223
G1 X66.5 Y12.9 E902.4142
G1 X66.924 Y13.076 E902.42622
G1 X67.1 Y13.5 E902.43824
G1 X67.1 Y86.589 E904.35262
G1 X66.924 Y86.924 E904.36253
G0 F7200 X66.698 Y86.535
;TYPE:WALL-OUTER
G1 F1200 X66.642 Y86.642 E904.36569
G1 X66.535 Y86.698 E904.36886
G1 X37.5 Y86.7 E905.12935
G1 X37.34 Y86.621 E905.13402
G1 X37.3 Y86.501 E905.13734
G1 X37.3 Y84.7 E905.18451
G1 X35.512 Y84.7 E905.23134
G1 X34.904 Y84.747 E905.24731
G1 X34.327 Y84.887 E905.26287
G1 X33.767 Y85.119 E905.27874
G1 X33.263 Y85.427 E905.29421
G1 X32.814 Y85.814 E905.30974
G1 X32.427 Y86.263 E905.32527
G1 X32.119 Y86.768 E905.34076
G1 X31.887 Y87.319 E905.35642
G1 X31.747 Y87.911 E905.37235
G1 X31.717 Y88.3 E905.38257
G1 X68.3 Y88.3 E906.34077
G1 X68.3 Y11.7 E908.3471
G1 X31.717 Y11.7 E909.30529
G1 X31.747 Y12.085 E909.31541
G1 X31.883 Y12.67 E909.33114
G1 X32.115 Y13.228 E909.34697
G1 X32.426 Y13.733 E909.3625
G1 X32.814 Y14.186 E909.37813
G1 X33.263 Y14.569 E909.39358
G1 X33.768 Y14.881 E909.40913
G1 X34.326 Y15.113 E909.42496
G1 X34.904 Y15.249 E909.44051
G1 X35.513 Y15.3 E909.45652
G1 X37.3 Y15.3 E909.50332
G1 X37.3 Y13.5 E909.55047
G1 X37.34 Y13.379 E909.55381
G1 X37.465 Y13.302 E909.55765
G1 X66.5 Y13.3 E910.31815
G1 X66.642 Y13.358 E910.32217
G1 X66.7 Y13.5 E910.32618
G1 X66.698 Y86.535 E912.23914
G0 F7200 X66.642 Y86.642
G0 X66.573 Y86.678
G0 X66.573 Y87.41
G0 X67.5 Y64.824
;TYPE:SKIN
G1 F692.3 X67.5 Y68.17 E912.35307
G0 F7200 X67.5 Y31.822
G1 F692.3 X67.5 Y35.17 E912.46707
;MESH:NONMESH
G0 F600 Z7.65
G0 F7200 X67.338 Y12.662
G0 X34.848 Y12.41
G0 X34.848 Y12.22
;TIME_ELAPSED:1521.184228
;LAYER:49
;TYPE:FILL
;MESH:Wandhalterung TP-Link Media Converter.stl
G1 F3000 X36.78 Y14.153 E912.53866
G1 X36.85 Y14.223
G0 F7200 X36.59 Y14.223
G0 X36.662 Y12.662
G0 X36.867 Y12.22
G1 F3000 X34.476 Y14.612 E912.62724
G1 X34.406 Y14.682
G0 F7200 X34.514 Y14.423
G0 X36.662 Y12.662
G0 X40.504 Y12.41
G0 X40.504 Y12.22
G1 F3000 X41.064 Y12.78 E912.64799
G0 F7200 X41.964 Y12.78
G1 F3000 X42.524 Y12.22 E912.66873
G0 F7200 X42.524 Y12.41
G0 X46.161 Y12.41
G0 X46.161 Y12.22
G1 F3000 X46.721 Y12.78 E912.68947
G0 F7200 X47.621 Y12.78
G1 F3000 X48.181 Y12.22 E912.71022
G0 F7200 X48.181 Y12.41
G0 X51.818 Y12.41
G0 X51.818 Y12.22
G1 F3000 X52.378 Y12.78 E912.73096
G0 F7200 X53.278 Y12.78
G1 F3000 X53.838 Y12.22 E912.7517
G0 F7200 X53.838 Y12.41
G0 X57.475 Y12.41
G0 X57.475 Y12.22
G1 F3000 X58.034 Y12.78 E912.77243
G0 F7200 X58.935 Y12.78
G1 F3000 X59.495 Y12.22 E912.79317
G0 F7200 X59.495 Y12.41
G0 X63.132 Y12.41
G0 X63.132 Y12.22
G1 F3000 X63.691 Y12.78 E912.81389
G0 F7200 X64.591 Y12.78
G1 F3000 X65.151 Y12.22 E912.83464
G0 F7200 X65.151 Y12.41
G0 X67.338 Y12.662
G0 X67.59 Y15.249
G0 X67.78 Y15.249
G1 F3000 X67.22 Y15.809 E912.85538
G0 F7200 X67.22 Y16.308
G1 F3000 X67.78 Y16.869 E912.87614
G0 F7200 X67.59 Y16.869
G0 X67.59 Y20.906
G0 X67.78 Y20.906
G1 F3000 X67.22 Y21.466 E912.89689
G0 F7200 X67.22 Y21.965
G1 F3000 X67.78 Y22.526 E912.91765
G0 F7200 X67.59 Y22.526
G0 X67.59 Y26.562
G0 X67.78 Y26.562
G1 F3000 X67.22 Y27.122 E912.93839
G0 F7200 X67.22 Y27.622
G1 F3000 X67.78 Y28.182 E912.95914
G0 F7200 X67.59 Y28.182
G0 X67.59 Y37.875
G0 X67.78 Y37.875
G1 F3000 X67.22 Y38.435 E912.97988
G0 F7200 X67.22 Y38.936
G1 F3000 X67.78 Y39.496 E913.00062
G0 F7200 X67.59 Y39.496
G0 X67.59 Y43.532
G0 X67.78 Y43.532
G1 F3000 X67.22 Y44.092 E913.02136
G0 F7200 X67.22 Y44.593
G1 F3000 X67.78 Y45.153 E913.04211
G0 F7200 X67.59 Y45.153
G0 X67.59 Y49.189
G0 X67.78 Y49.189
G1 F3000 X67.22 Y49.749 E913.06285
G0 F7200 X67.22 Y50.25
G1 F3000 X67.78 Y50.81 E913.08359
G0 F7200 X67.59 Y50.81
G0 X67.59 Y54.846
G0 X67.78 Y54.846
G1 F3000 X67.22 Y55.406 E913.10434
G0 F7200 X67.22 Y55.907
G1 F3000 X67.78 Y56.467 E913.12508
G0 F7200 X67.59 Y56.467
G0 X67.59 Y60.503
G0 X67.78 Y60.503
G1 F3000 X67.22 Y61.063 E913.14582
G0 F7200 X67.22 Y61.564
G1 F3000 X67.78 Y62.124 E913.16657
G0 F7200 X67.59 Y62.124
G0 X67.59 Y71.817
G0 X67.78 Y71.817
G1 F3000 X67.22 Y72.377 E913.18731
G0 F7200 X67.22 Y72.877
G1 F3000 X67.78 Y73.437 E913.20805
G0 F7200 X67.59 Y73.437
G0 X67.59 Y77.474
G0 X67.78 Y77.474
G1 F3000 X67.22 Y78.033 E913.22878
G0 F7200 X67.22 Y78.534
G1 F3000 X67.78 Y79.094 E913.24952
G0 F7200 X67.59 Y79.094
G0 X67.59 Y83.131
G0 X67.78 Y83.131
G1 F3000 X67.22 Y83.69 E913.27025
G0 F7200 X67.22 Y84.191
G1 F3000 X67.78 Y84.751 E913.29099
G0 F7200 X67.59 Y84.751
G0 X67.338 Y87.338
G0 X65.152 Y87.59
G0 X65.152 Y87.78
G1 F3000 X64.593 Y87.22 E913.31172
G0 F7200 X63.691 Y87.22
G1 F3000 X63.13 Y87.78 E913.33248
G0 F7200 X63.13 Y87.59
G0 X59.495 Y87.59
G0 X59.495 Y87.78
G1 F3000 X58.936 Y87.22 E913.3532
G0 F7200 X58.034 Y87.22
G1 F3000 X57.474 Y87.78 E913.37395
G0 F7200 X57.474 Y87.59
G0 X53.838 Y87.59
G0 X53.838 Y87.78
G1 F3000 X53.279 Y87.22 E913.39467
G0 F7200 X52.378 Y87.22
G1 F3000 X51.817 Y87.78 E913.41543
G0 F7200 X51.817 Y87.59
G0 X48.181 Y87.59
G0 X48.181 Y87.779
G1 F3000 X47.622 Y87.22 E913.43614
G0 F7200 X46.721 Y87.22
G1 F3000 X46.161 Y87.78 E913.45688
G0 F7200 X46.161 Y87.59
G0 X42.524 Y87.59
G0 X42.524 Y87.779
G1 F3000 X41.965 Y87.22 E913.47759
G0 F7200 X41.064 Y87.22
G1 F3000 X40.504 Y87.78 E913.49833
G0 F7200 X40.504 Y87.59
G0 X36.867 Y87.59
G0 X36.867 Y87.779
G1 F3000 X34.476 Y85.388 E913.5869
G1 X34.406 Y85.318
G0 F7200 X34.513 Y85.578
G0 X36.59 Y85.847
G0 X36.779 Y85.847
G1 F3000 X34.847 Y87.78 E913.65848
G1 X34.777 Y87.85
G0 F7200 X34.777 Y87.59
G0 X67.338 Y87.338
G0 X66.924 Y86.924
;TYPE:WALL-INNER
G1 F2400 X66.589 Y87.1 E913.66839
G1 X37.5 Y87.1 E914.4303
G1 X37.02 Y86.861 E914.44435
G1 X36.9 Y86.501 E914.45429
G1 X36.9 Y85.1 E914.49098
G1 X35.527 Y85.1 E914.52694
G1 X34.967 Y85.143 E914.54165
G1 X34.451 Y85.268 E914.55556
G1 X33.949 Y85.477 E914.5698
G1 X33.499 Y85.751 E914.5836
G1 X33.098 Y86.098 E914.59749
G1 X32.751 Y86.499 E914.61138
G1 X32.476 Y86.95 E914.62522
G1 X32.269 Y87.443 E914.63922
G1 X32.16 Y87.899 E914.6515
G1 X67.9 Y87.9 E915.58762
G1 X67.9 Y12.1 E917.573
G1 X32.161 Y12.1 E918.50909
G1 X32.265 Y12.547 E918.52111
G1 X32.472 Y13.045 E918.53523
G1 X32.75 Y13.497 E918.54913
G1 X33.098 Y13.902 E918.56312
G1 X33.499 Y14.245 E918.57694
G1 X33.951 Y14.524 E918.59085
G1 X34.45 Y14.731 E918.605
G1 X34.967 Y14.853 E918.61891
G1 X35.529 Y14.9 E918.63369
G1 X36.9 Y14.9 E918.6696
G1 X36.9 Y13.5 E918.70627
G1 X37.02 Y13.139 E918.71623
G1 X37.409 Y12.9 E918.72819
G1 X66.5 Y12.9 E919.49015
G1 X66.924 Y13.076 E919.50217
G1 X67.1 Y13.5 E919.5142
G1 X67.1 Y86.589 E921.42857
G1 X66.924 Y86.924 E921.43848
G0 F7200 X66.698 Y86.535
;TYPE:WALL-OUTER
G1 F1200 X66.642 Y86.642 E921.44165
G1 X66.535 Y86.698 E921.44481
G1 X37.5 Y86.7 E922.2053
G1 X37.34 Y86.621 E922.20998
G1 X37.3 Y86.501 E922.21329
G1 X37.3 Y84.7 E922.26046
G1 X35.512 Y84.7 E922.3073
G1 X34.904 Y84.747 E922.32327
G1 X34.327 Y84.887 E922.33882
G1 X33.767 Y85.119 E922.3547
G1 X33.263 Y85.427 E922.37017
G1 X32.814 Y85.814 E922.38569
G1 X32.427 Y86.263 E922.40122
G1 X32.119 Y86.768 E922.41671
G1 X31.887 Y87.319 E922.43237
G1 X31.747 Y87.911 E922.4483
G1 X31.717 Y88.3 E922.45852
G1 X68.3 Y88.3 E923.41672
G1 X68.3 Y11.7 E925.42305
G1 X31.717 Y11.7 E926.38125
G1 X31.747 Y12.085 E926.39136
G1 X31.883 Y12.67 E926.40709
G1 X32.115 Y13.228 E926.42292
G1 X32.426 Y13.733 E926.43846
G1 X32.814 Y14.186 E926.45408
G1 X33.263 Y14.569 E926.46954
G1 X33.768 Y14.881 E926.48508
G1 X34.326 Y15.113 E926.50091
G1 X34.904 Y15.249 E926.51647
G1 X35.513 Y15.3 E926.53247
G1 X37.3 Y15.3 E926.57928
G1 X37.3 Y13.5 E926.62642
G1 X37.34 Y13.379 E926.62976
G1 X37.465 Y13.302 E926.63361
G1 X66.5 Y13.3 E927.3941
G1 X66.642 Y13.358 E927.39812
G1 X66.7 Y13.5 E927.40214
G1 X66.698 Y86.535 E929.3151
G0 F7200 X66.642 Y86.642
G0 X66.573 Y86.678
G0 X66.573 Y87.41
G0 X67.5 Y64.62
;TYPE:SKIN
G1 F692.3 X67.5 Y68.376 E929.44299
G0 F7200 X67.5 Y31.62
G1 F692.3 X67.5 Y35.376 E929.57088
;MESH:NONMESH
G0 F600 Z7.8
G0 F7200 X67.338 Y12.662
G0 X34.848 Y12.41
G0 X34.848 Y12.22
;TIME_ELAPSED:1549.350844
;LAYER:50
;TYPE:FILL
;MESH:Wandhalterung TP-Link Media Converter.stl
G1 F3000 X36.78 Y14.153 E929.64246
G1 X36.85 Y14.223
G0 F7200 X36.59 Y14.223
G0 X36.662 Y12.662
G0 X36.867 Y12.22
G1 F3000 X34.476 Y14.612 E929.73105
G1 X34.406 Y14.682
G0 F7200 X34.514 Y14.423
G0 X36.662 Y12.662
G0 X40.504 Y12.41
G0 X40.504 Y12.22
G1 F3000 X41.064 Y12.78 E929.75179
G0 F7200 X41.964 Y12.78
G1 F3000 X42.524 Y12.22 E929.77254
G0 F7200 X42.524 Y12.41
G0 X46.161 Y12.41
G0 X46.161 Y12.22
G1 F3000 X46.721 Y12.78 E929.79328
G0 F7200 X47.621 Y12.78
G1 F3000 X48.181 Y12.22 E929.81402
G0 F7200 X48.181 Y12.41
G0 X51.818 Y12.41
G0 X51.818 Y12.22
G1 F3000 X52.378 Y12.78 E929.83477
G0 F7200 X53.278 Y12.78
G1 F3000 X53.838 Y12.22 E929.85551
G0 F7200 X53.838 Y12.41
G0 X57.475 Y12.41
G0 X57.475 Y12.22
G1 F3000 X58.034 Y12.78 E929.87623
G0 F7200 X58.935 Y12.78
G1 F3000 X59.495 Y12.22 E929.89698
G0 F7200 X59.495 Y12.41
G0 X63.132 Y12.41
G0 X63.132 Y12.22
G1 F3000 X63.691 Y12.78 E929.9177
G0 F7200 X64.591 Y12.78
G1 F3000 X65.151 Y12.22 E929.93844
G0 F7200 X65.151 Y12.41
G0 X67.338 Y12.662
G0 X67.59 Y15.249
G0 X67.78 Y15.249
G1 F3000 X67.22 Y15.809 E929.95919
G0 F7200 X67.22 Y16.308
G1 F3000 X67.78 Y16.869 E929.97995
G0 F7200 X67.59 Y16.869
G0 X67.59 Y20.906
G0 X67.78 Y20.906
G1 F3000 X67.22 Y21.466 E930.00069
G0 F7200 X67.22 Y21.965
G1 F3000 X67.78 Y22.526 E930.02145
G0 F7200 X67.59 Y22.526
G0 X67.59 Y26.562
G0 X67.78 Y26.562
G1 F3000 X67.22 Y27.122 E930.0422
G0 F7200 X67.22 Y27.622
G1 F3000 X67.78 Y28.182 E930.06294
G0 F7200 X67.59 Y28.182
G0 X67.59 Y37.876
G0 X67.78 Y37.876
G1 F3000 X67.22 Y38.435 E930.08367
G0 F7200 X67.22 Y38.936
G1 F3000 X67.78 Y39.496 E930.10441
G0 F7200 X67.59 Y39.496
G0 X67.59 Y43.533
G0 X67.78 Y43.533
G1 F3000 X67.22 Y44.092 E930.12513
G0 F7200 X67.22 Y44.593
G1 F3000 X67.78 Y45.153 E930.14588
G0 F7200 X67.59 Y45.153
G0 X67.59 Y49.19
G0 X67.78 Y49.19
G1 F3000 X67.22 Y49.749 E930.1666
G0 F7200 X67.22 Y50.25
G1 F3000 X67.78 Y50.81 E930.18735
G0 F7200 X67.59 Y50.81
G0 X67.59 Y54.847
G0 X67.78 Y54.847
G1 F3000 X67.22 Y55.406 E930.20807
G0 F7200 X67.22 Y55.907
G1 F3000 X67.78 Y56.467 E930.22881
G0 F7200 X67.59 Y56.467
G0 X67.59 Y60.504
G0 X67.78 Y60.504
G1 F3000 X67.22 Y61.063 E930.24954
G0 F7200 X67.22 Y61.564
G1 F3000 X67.78 Y62.124 E930.27028
G0 F7200 X67.59 Y62.124
G0 X67.59 Y71.817
G0 X67.78 Y71.817
G1 F3000 X67.22 Y72.377 E930.29102
G0 F7200 X67.22 Y72.877
G1 F3000 X67.78 Y73.437 E930.31177
G0 F7200 X67.59 Y73.437
G0 X67.59 Y77.473
G0 X67.78 Y77.473
G1 F3000 X67.22 Y78.033 E930.33251
G0 F7200 X67.22 Y78.533
G1 F3000 X67.78 Y79.094 E930.35327
G0 F7200 X67.59 Y79.094
G0 X67.59 Y83.13
G0 X67.78 Y83.13
G1 F3000 X67.22 Y83.69 E930.37402
G0 F7200 X67.22 Y84.19
G1 F3000 X67.78 Y84.751 E930.39478
G0 F7200 X67.59 Y84.751
G0 X67.338 Y87.338
G0 X65.152 Y87.59
G0 X65.152 Y87.78
G1 F3000 X64.593 Y87.22 E930.4155
G0 F7200 X63.691 Y87.22
G1 F3000 X63.13 Y87.78 E930.43626
G0 F7200 X63.13 Y87.59
G0 X59.495 Y87.59
G0 X59.495 Y87.78
G1 F3000 X58.936 Y87.22 E930.45699
G0 F7200 X58.034 Y87.22
G1 F3000 X57.474 Y87.78 E930.47773
G0 F7200 X57.474 Y87.59
G0 X53.838 Y87.59
G0 X53.838 Y87.78
G1 F3000 X53.279 Y87.22 E930.49846
G0 F7200 X52.378 Y87.22
G1 F3000 X51.817 Y87.78 E930.51922
G0 F7200 X51.817 Y87.59
G0 X48.181 Y87.59
G0 X48.181 Y87.779
G1 F3000 X47.622 Y87.22 E930.53993
G0 F7200 X46.721 Y87.22
G1 F3000 X46.161 Y87.78 E930.56067
G0 F7200 X46.161 Y87.59
G0 X42.524 Y87.59
G0 X42.524 Y87.779
G1 F3000 X41.965 Y87.22 E930.58138
G0 F7200 X41.064 Y87.22
G1 F3000 X40.504 Y87.78 E930.60212
G0 F7200 X40.504 Y87.59
G0 X36.867 Y87.59
G0 X36.867 Y87.779
G1 F3000 X34.476 Y85.388 E930.69069
G1 X34.406 Y85.318
G0 F7200 X34.513 Y85.578
G0 X36.59 Y85.847
G0 X36.779 Y85.847
G1 F3000 X34.847 Y87.78 E930.76227
G1 X34.777 Y87.85
G0 F7200 X34.777 Y87.59
G0 X67.338 Y87.338
G0 X66.924 Y86.924
;TYPE:WALL-INNER
G1 F2400 X66.589 Y87.1 E930.77218
G1 X37.5 Y87.1 E931.53409
G1 X37.02 Y86.861 E931.54813
G1 X36.9 Y86.501 E931.55807
G1 X36.9 Y85.1 E931.59477
G1 X35.527 Y85.1 E931.63073
G1 X34.967 Y85.143 E931.64544
G1 X34.451 Y85.268 E931.65935
G1 X33.949 Y85.477 E931.67359
G1 X33.499 Y85.751 E931.68739
G1 X33.098 Y86.098 E931.70128
G1 X32.751 Y86.499 E931.71517
G1 X32.476 Y86.95 E931.729
G1 X32.269 Y87.443 E931.74301
G1 X32.16 Y87.899 E931.75529
G1 X67.9 Y87.9 E932.6914
G1 X67.9 Y12.1 E934.67679
G1 X32.161 Y12.1 E935.61287
G1 X32.265 Y12.547 E935.62489
G1 X32.472 Y13.045 E935.63902
G1 X32.75 Y13.497 E935.65292
G1 X33.098 Y13.902 E935.66691
G1 X33.499 Y14.245 E935.68073
G1 X33.951 Y14.524 E935.69464
G1 X34.45 Y14.731 E935.70879
G1 X34.967 Y14.853 E935.7227
G1 X35.529 Y14.9 E935.73747
G1 X36.9 Y14.9 E935.77338
G1 X36.9 Y13.5 E935.81005
G1 X37.02 Y13.139 E935.82002
G1 X37.409 Y12.9 E935.83198
G1 X66.5 Y12.9 E936.59394
G1 X66.924 Y13.076 E936.60596
G1 X67.1 Y13.5 E936.61799
G1 X67.1 Y86.589 E938.53236
G1 X66.924 Y86.924 E938.54227
G0 F7200 X66.698 Y86.535
;TYPE:WALL-OUTER
G1 F1200 X66.642 Y86.642 E938.54543
G1 X66.535 Y86.698 E938.5486
G1 X37.5 Y86.7 E939.30909
G1 X37.34 Y86.621 E939.31377
G1 X37.3 Y86.501 E939.31708
G1 X37.3 Y84.7 E939.36425
G1 X35.512 Y84.7 E939.41108
G1 X34.904 Y84.747 E939.42706
G1 X34.327 Y84.887 E939.44261
G1 X33.767 Y85.119 E939.45848
G1 X33.263 Y85.427 E939.47395
G1 X32.814 Y85.814 E939.48948
G1 X32.427 Y86.263 E939.50501
G1 X32.119 Y86.768 E939.5205
G1 X31.887 Y87.319 E939.53616
G1 X31.747 Y87.911 E939.55209
G1 X31.717 Y88.3 E939.56231
G1 X68.3 Y88.3 E940.52051
G1 X68.3 Y11.7 E942.52684
G1 X31.717 Y11.7 E943.48504
G1 X31.747 Y12.085 E943.49515
G1 X31.883 Y12.67 E943.51088
G1 X32.115 Y13.228 E943.52671
G1 X32.426 Y13.733 E943.54224
G1 X32.814 Y14.186 E943.55787
G1 X33.263 Y14.569 E943.57332
G1 X33.768 Y14.881 E943.58887
G1 X34.326 Y15.113 E943.6047
G1 X34.904 Y15.249 E943.62025
G1 X35.513 Y15.3 E943.63626
G1 X37.3 Y15.3 E943.68307
G1 X37.3 Y13.5 E943.73021
G1 X37.34 Y13.379 E943.73355
G1 X37.465 Y13.302 E943.7374
G1 X66.5 Y13.3 E944.49789
G1 X66.642 Y13.358 E944.50191
G1 X66.7 Y13.5 E944.50593
G1 X66.698 Y86.535 E946.41888
G0 F7200 X66.642 Y86.642
G0 X66.573 Y86.678
G0 X66.573 Y87.41
G0 X67.5 Y64.46
;TYPE:SKIN
G1 F692.3 X67.5 Y68.536 E946.55767
G0 F7200 X67.5 Y31.46
G1 F692.3 X67.5 Y35.536 E946.69646
;MESH:NONMESH
G0 F600 Z7.95
G0 F7200 X67.338 Y12.662
G0 X34.848 Y12.41
G0 X34.848 Y12.22
;TIME_ELAPSED:1577.578234
;LAYER:51
;TYPE:FILL
;MESH:Wandhalterung TP-Link Media Converter.stl
G1 F3000 X36.78 Y14.153 E946.76804
G1 X36.85 Y14.223
G0 F7200 X36.59 Y14.223
G0 X36.662 Y12.662
G0 X36.867 Y12.22
G1 F3000 X34.476 Y14.612 E946.85663
G1 X34.406 Y14.682
G0 F7200 X34.514 Y14.423
G0 X36.662 Y12.662
G0 X40.504 Y12.41
G0 X40.504 Y12.22
G1 F3000 X41.064 Y12.78 E946.87737
G0 F7200 X41.964 Y12.78
G1 F3000 X42.524 Y12.22 E946.89811
G0 F7200 X42.524 Y12.41
G0 X46.161 Y12.41
G0 X46.161 Y12.22
G1 F3000 X46.721 Y12.78 E946.91886
G0 F7200 X47.621 Y12.78
G1 F3000 X48.181 Y12.22 E946.9396
G0 F7200 X48.181 Y12.41
G0 X51.818 Y12.41
G0 X51.818 Y12.22
G1 F3000 X52.378 Y12.78 E946.96034
G0 F7200 X53.278 Y12.78
G1 F3000 X53.838 Y12.22 E946.98109
G0 F7200 X53.838 Y12.41
G0 X57.475 Y12.41
G0 X57.475 Y12.22
G1 F3000 X58.034 Y12.78 E947.00181
G0 F7200 X58.935 Y12.78
G1 F3000 X59.495 Y12.22 E947.02256
G0 F7200 X59.495 Y12.41
G0 X63.132 Y12.41
G0 X63.132 Y12.22
G1 F3000 X63.691 Y12.78 E947.04328
G0 F7200 X64.591 Y12.78
G1 F3000 X65.151 Y12.22 E947.06402
G0 F7200 X65.151 Y12.41
G0 X67.338 Y12.662
G0 X67.59 Y15.249
G0 X67.78 Y15.249
G1 F3000 X67.22 Y15.809 E947.08477
G0 F7200 X67.22 Y16.308
G1 F3000 X67.78 Y16.869 E947.10553
G0 F7200 X67.59 Y16.869
G0 X67.59 Y20.906
G0 X67.78 Y20.906
G1 F3000 X67.22 Y21.466 E947.12627
G0 F7200 X67.22 Y21.965
G1 F3000 X67.78 Y22.526 E947.14703
G0 F7200 X67.59 Y22.526
G0 X67.59 Y26.562
G0 X67.78 Y26.562
G1 F3000 X67.22 Y27.122 E947.16778
G0 F7200 X67.22 Y27.622
G1 F3000 X67.78 Y28.182 E947.18852
G0 F7200 X67.59 Y28.182
G0 X67.59 Y37.876
G0 X67.78 Y37.876
G1 F3000 X67.22 Y38.435 E947.20925
G0 F7200 X67.22 Y38.935
G1 F3000 X67.78 Y39.496 E947.23001
G0 F7200 X67.59 Y39.496
G0 X67.59 Y43.533
G0 X67.78 Y43.533
G1 F3000 X67.22 Y44.092 E947.25073
G0 F7200 X67.22 Y44.592
G1 F3000 X67.78 Y45.153 E947.27149
G0 F7200 X67.59 Y45.153
G0 X67.59 Y49.19
G0 X67.78 Y49.19
G1 F3000 X67.22 Y49.749 E947.29222
G0 F7200 X67.22 Y50.249
G1 F3000 X67.78 Y50.81 E947.31298
G0 F7200 X67.59 Y50.81
G0 X67.59 Y54.847
G0 X67.78 Y54.847
G1 F3000 X67.22 Y55.406 E947.33371
G0 F7200 X67.22 Y55.906
G1 F3000 X67.78 Y56.467 E947.35447
G0 F7200 X67.59 Y56.467
G0 X67.59 Y60.504
G0 X67.78 Y60.504
G1 F3000 X67.22 Y61.063 E947.37519
G0 F7200 X67.22 Y61.563
G1 F3000 X67.78 Y62.124 E947.39595
G0 F7200 X67.59 Y62.124
G0 X67.59 Y71.817
G0 X67.78 Y71.817
G1 F3000 X67.22 Y72.377 E947.4167
G0 F7200 X67.22 Y72.877
G1 F3000 X67.78 Y73.437 E947.43744
G0 F7200 X67.59 Y73.437
G0 X67.59 Y77.474
G0 X67.78 Y77.474
G1 F3000 X67.22 Y78.033 E947.45817
G0 F7200 X67.22 Y78.534
G1 F3000 X67.78 Y79.094 E947.47891
G0 F7200 X67.59 Y79.094
G0 X67.59 Y83.131
G0 X67.78 Y83.131
G1 F3000 X67.22 Y83.69 E947.49963
G0 F7200 X67.22 Y84.191
G1 F3000 X67.78 Y84.751 E947.52038
G0 F7200 X67.59 Y84.751
G0 X67.338 Y87.338
G0 X65.152 Y87.59
G0 X65.152 Y87.78
G1 F3000 X64.593 Y87.22 E947.5411
G0 F7200 X63.691 Y87.22
G1 F3000 X63.13 Y87.78 E947.56186
G0 F7200 X63.13 Y87.59
G0 X59.495 Y87.59
G0 X59.495 Y87.78
G1 F3000 X58.936 Y87.22 E947.58259
G0 F7200 X58.034 Y87.22
G1 F3000 X57.474 Y87.78 E947.60333
G0 F7200 X57.474 Y87.59
G0 X53.838 Y87.59
G0 X53.838 Y87.78
G1 F3000 X53.279 Y87.22 E947.62406
G0 F7200 X52.378 Y87.22
G1 F3000 X51.817 Y87.78 E947.64482
G0 F7200 X51.817 Y87.59
G0 X48.181 Y87.59
G0 X48.181 Y87.779
G1 F3000 X47.622 Y87.22 E947.66552
G0 F7200 X46.721 Y87.22
G1 F3000 X46.161 Y87.78 E947.68627
G0 F7200 X46.161 Y87.59
G0 X42.524 Y87.59
G0 X42.524 Y87.779
G1 F3000 X41.965 Y87.22 E947.70697
G0 F7200 X41.064 Y87.22
G1 F3000 X40.504 Y87.78 E947.72772
G0 F7200 X40.504 Y87.59
G0 X36.867 Y87.59
G0 X36.867 Y87.779
G1 F3000 X34.476 Y85.388 E947.81628
G1 X34.406 Y85.318
G0 F7200 X34.513 Y85.578
G0 X36.59 Y85.847
G0 X36.779 Y85.847
G1 F3000 X34.847 Y87.78 E947.88787
G1 X34.777 Y87.85
G0 F7200 X34.777 Y87.59
G0 X67.338 Y87.338
G0 X66.924 Y86.924
;TYPE:WALL-INNER
G1 F2400 X66.589 Y87.1 E947.89778
G1 X37.5 Y87.1 E948.65969
G1 X37.02 Y86.861 E948.67373
G1 X36.9 Y86.501 E948.68367
G1 X36.9 Y85.1 E948.72037
G1 X35.527 Y85.1 E948.75633
G1 X34.967 Y85.143 E948.77104
G1 X34.451 Y85.268 E948.78495
G1 X33.949 Y85.477 E948.79919
G1 X33.499 Y85.751 E948.81299
G1 X33.098 Y86.098 E948.82688
G1 X32.751 Y86.499 E948.84077
G1 X32.476 Y86.95 E948.8546
G1 X32.269 Y87.443 E948.86861
G1 X32.16 Y87.899 E948.88089
G1 X67.9 Y87.9 E949.817
G1 X67.9 Y12.1 E951.80238
G1 X32.161 Y12.1 E952.73847
G1 X32.265 Y12.547 E952.75049
G1 X32.472 Y13.045 E952.76462
G1 X32.75 Y13.497 E952.77852
G1 X33.098 Y13.902 E952.7925
G1 X33.499 Y14.245 E952.80632
G1 X33.951 Y14.524 E952.82024
G1 X34.45 Y14.731 E952.83439
G1 X34.967 Y14.853 E952.8483
G1 X35.529 Y14.9 E952.86307
G1 X36.9 Y14.9 E952.89898
G1 X36.9 Y13.5 E952.93565
G1 X37.02 Y13.139 E952.94562
G1 X37.409 Y12.9 E952.95757
G1 X66.5 Y12.9 E953.71954
G1 X66.924 Y13.076 E953.73156
G1 X67.1 Y13.5 E953.74358
G1 X67.1 Y86.589 E955.65796
G1 X66.924 Y86.924 E955.66787
G0 F7200 X66.698 Y86.535
;TYPE:WALL-OUTER
G1 F1200 X66.642 Y86.642 E955.67103
G1 X66.535 Y86.698 E955.6742
G1 X37.5 Y86.7 E956.43469
G1 X37.34 Y86.621 E956.43936
G1 X37.3 Y86.501 E956.44268
G1 X37.3 Y84.7 E956.48985
G1 X35.512 Y84.7 E956.53668
G1 X34.904 Y84.747 E956.55265
G1 X34.327 Y84.887 E956.56821
G1 X33.767 Y85.119 E956.58408
G1 X33.263 Y85.427 E956.59955
G1 X32.814 Y85.814 E956.61508
G1 X32.427 Y86.263 E956.6306
G1 X32.119 Y86.768 E956.6461
G1 X31.887 Y87.319 E956.66176
G1 X31.747 Y87.911 E956.67769
G1 X31.717 Y88.3 E956.68791
G1 X68.3 Y88.3 E957.6461
G1 X68.3 Y11.7 E959.65244
G1 X31.717 Y11.7 E960.61063
G1 X31.747 Y12.085 E960.62075
G1 X31.883 Y12.67 E960.63648
G1 X32.115 Y13.228 E960.65231
G1 X32.426 Y13.733 E960.66784
G1 X32.814 Y14.186 E960.68346
G1 X33.263 Y14.569 E960.69892
G1 X33.768 Y14.881 E960.71447
G1 X34.326 Y15.113 E960.7303
G1 X34.904 Y15.249 E960.74585
G1 X35.513 Y15.3 E960.76186
G1 X37.3 Y15.3 E960.80866
G1 X37.3 Y13.5 E960.85581
G1 X37.34 Y13.379 E960.85915
G1 X37.465 Y13.302 E960.86299
G1 X66.5 Y13.3 E961.62349
G1 X66.642 Y13.358 E961.62751
G1 X66.7 Y13.5 E961.63152
G1 X66.698 Y86.535 E963.54448
G0 F7200 X66.642 Y86.642
G0 X66.573 Y86.678
G0 X66.573 Y87.41
G0 X67.5 Y64.332
;TYPE:SKIN
G1 F692.3 X67.5 Y68.672 E963.69226
G0 F7200 X67.5 Y31.332
G1 F692.3 X67.5 Y35.672 E963.84004
;MESH:NONMESH
G0 F600 Z8.1
G0 F7200 X67.338 Y12.662
G0 X34.848 Y12.41
G0 X34.848 Y12.22
;TIME_ELAPSED:1605.855750
;LAYER:52
;TYPE:FILL
;MESH:Wandhalterung TP-Link Media Converter.stl
G1 F3000 X36.78 Y14.153 E963.91162
G1 X36.85 Y14.223
G0 F7200 X36.59 Y14.223
G0 X36.662 Y12.662
G0 X36.867 Y12.22
G1 F3000 X34.476 Y14.612 E964.00021
G1 X34.406 Y14.682
G0 F7200 X34.514 Y14.423
G0 X36.662 Y12.662
G0 X40.504 Y12.41
G0 X40.504 Y12.22
G1 F3000 X41.064 Y12.78 E964.02095
G0 F7200 X41.964 Y12.78
G1 F3000 X42.524 Y12.22 E964.04169
G0 F7200 X42.524 Y12.41
G0 X46.161 Y12.41
G0 X46.161 Y12.22
G1 F3000 X46.721 Y12.78 E964.06243
G0 F7200 X47.621 Y12.78
G1 F3000 X48.181 Y12.22 E964.08318
G0 F7200 X48.181 Y12.41
G0 X51.818 Y12.41
G0 X51.818 Y12.22
G1 F3000 X52.378 Y12.78 E964.10392
G0 F7200 X53.278 Y12.78
G1 F3000 X53.838 Y12.22 E964.12466
G0 F7200 X53.838 Y12.41
G0 X57.475 Y12.41
G0 X57.475 Y12.22
G1 F3000 X58.034 Y12.78 E964.14539
G0 F7200 X58.935 Y12.78
G1 F3000 X59.495 Y12.22 E964.16613
G0 F7200 X59.495 Y12.41
G0 X63.132 Y12.41
G0 X63.132 Y12.22
G1 F3000 X63.691 Y12.78 E964.18686
G0 F7200 X64.591 Y12.78
G1 F3000 X65.151 Y12.22 E964.2076
G0 F7200 X65.151 Y12.41
G0 X67.338 Y12.662
G0 X67.59 Y15.248
G0 X67.78 Y15.248
G1 F3000 X67.22 Y15.808 E964.22834
G0 F7200 X67.22 Y16.308
G1 F3000 X67.78 Y16.869 E964.24911
G0 F7200 X67.59 Y16.869
G0 X67.59 Y20.905
G0 X67.78 Y20.905
G1 F3000 X67.22 Y21.465 E964.26985
G0 F7200 X67.22 Y21.965
G1 F3000 X67.78 Y22.526 E964.29061
G0 F7200 X67.59 Y22.526
G0 X67.59 Y26.562
G0 X67.78 Y26.562
G1 F3000 X67.22 Y27.122 E964.31135
G0 F7200 X67.22 Y27.622
G1 F3000 X67.78 Y28.182 E964.3321
G0 F7200 X67.59 Y28.182
G0 X67.338 Y12.662
G0 X66.924 Y13.076
;TYPE:WALL-INNER
G1 F2400 X67.1 Y13.5 E964.34412
G1 X67.1 Y32.658 E964.84592
G1 X67.9 Y32.657 E964.86687
G1 X67.9 Y12.1 E965.40531
G1 X32.161 Y12.1 E966.34139
G1 X32.265 Y12.547 E966.35341
G1 X32.472 Y13.045 E966.36754
G1 X32.75 Y13.497 E966.38144
G1 X33.098 Y13.902 E966.39543
G1 X33.499 Y14.245 E966.40925
G1 X33.951 Y14.524 E966.42316
G1 X34.45 Y14.731 E966.43731
G1 X34.967 Y14.853 E966.45122
G1 X35.529 Y14.9 E966.46599
G1 X36.9 Y14.9 E966.5019
G1 X36.9 Y13.5 E966.53857
G1 X37.02 Y13.139 E966.54854
G1 X37.409 Y12.9 E966.5605
G1 X66.5 Y12.9 E967.32246
G1 X66.924 Y13.076 E967.33448
G0 F7200 X66.7 Y13.5
;TYPE:WALL-OUTER
G1 F1200 X66.7 Y33.059 E967.84678
G1 X68.3 Y33.056 E967.88869
G1 X68.3 Y11.7 E968.44805
G1 X31.717 Y11.7 E969.40624
G1 X31.747 Y12.085 E969.41636
G1 X31.883 Y12.67 E969.43209
G1 X32.115 Y13.228 E969.44792
G1 X32.426 Y13.733 E969.46345
G1 X32.814 Y14.186 E969.47908
G1 X33.263 Y14.569 E969.49453
G1 X33.768 Y14.881 E969.51008
G1 X34.326 Y15.113 E969.52591
G1 X34.904 Y15.249 E969.54146
G1 X35.513 Y15.3 E969.55747
G1 X37.3 Y15.3 E969.60427
G1 X37.3 Y13.5 E969.65142
G1 X37.34 Y13.379 E969.65476
G1 X37.465 Y13.302 E969.6586
G1 X66.5 Y13.3 E970.4191
G1 X66.642 Y13.358 E970.42312
G1 X66.7 Y13.5 E970.42713
G0 F7200 X66.7 Y13.7
G0 X67.41 Y13.7
G0 X67.5 Y32.256
;TYPE:SKIN
G1 F692.3 X67.5 Y31.216 E970.46255
G1 F1500 E963.96255
G0 F7200 X67.586 Y32.849
G0 X67.587 Y34.172
G0 X67.59 Y37.876
G0 X67.78 Y37.876
;TYPE:FILL
G1 F1500 E970.46255
G1 F3000 X67.22 Y38.436 E970.48329
G0 F7200 X67.22 Y38.935
G1 F3000 X67.78 Y39.496 E970.50405
G0 F7200 X67.59 Y39.496
G0 X67.59 Y43.533
G0 X67.78 Y43.533
G1 F3000 X67.22 Y44.093 E970.5248
G0 F7200 X67.22 Y44.592
G1 F3000 X67.78 Y45.153 E970.54556
G0 F7200 X67.59 Y45.153
G0 X67.59 Y49.19
G0 X67.78 Y49.19
G1 F3000 X67.22 Y49.75 E970.5663
G0 F7200 X67.22 Y50.249
G1 F3000 X67.78 Y50.81 E970.58706
G0 F7200 X67.59 Y50.81
G0 X67.59 Y54.847
G0 X67.78 Y54.847
G1 F3000 X67.22 Y55.407 E970.60781
G0 F7200 X67.22 Y55.906
G1 F3000 X67.78 Y56.467 E970.62857
G0 F7200 X67.59 Y56.467
G0 X67.59 Y60.504
G0 X67.78 Y60.504
G1 F3000 X67.22 Y61.064 E970.64931
G0 F7200 X67.22 Y61.563
G1 F3000 X67.78 Y62.124 E970.67007
G0 F7200 X67.59 Y62.124
G0 X67.62 Y65.38
G0 X67.9 Y65.66
;TYPE:WALL-INNER
G1 F2400 X67.9 Y34.36 E971.48989
G1 X67.1 Y34.36 E971.51085
G1 X67.1 Y65.66 E972.33067
G1 X67.9 Y65.66 E972.35162
G0 F7200 X68.3 Y66.06
;TYPE:WALL-OUTER
G1 F1200 X68.3 Y33.96 E973.1924
G1 X66.7 Y33.96 E973.2343
G1 X66.7 Y66.06 E974.07508
G1 X68.3 Y66.06 E974.11699
G0 F7200 X68.3 Y65.86
G0 X67.62 Y65.38
G0 X67.5 Y64.216
;TYPE:SKIN
G1 F692.3 X67.5 Y65.26 E974.15253
G0 F7200 X67.5 Y34.76
G1 F692.3 X67.5 Y35.768 E974.18686
G1 F1500 E967.68686
G0 F7200 X67.59 Y65.83
G0 X67.591 Y67.172
G0 X67.59 Y71.817
G0 X67.78 Y71.817
;TYPE:FILL
G1 F1500 E974.18686
G1 F3000 X67.22 Y72.377 E974.2076
G0 F7200 X67.22 Y72.877
G1 F3000 X67.78 Y73.437 E974.22834
G0 F7200 X67.59 Y73.437
G0 X67.59 Y77.474
G0 X67.78 Y77.474
G1 F3000 X67.22 Y78.033 E974.24907
G0 F7200 X67.22 Y78.533
G1 F3000 X67.78 Y79.094 E974.26983
G0 F7200 X67.59 Y79.094
G0 X67.59 Y83.131
G0 X67.78 Y83.131
G1 F3000 X67.22 Y83.69 E974.29055
G0 F7200 X67.22 Y84.19
G1 F3000 X67.78 Y84.751 E974.31132
G0 F7200 X67.59 Y84.751
G0 X67.338 Y87.338
G0 X65.152 Y87.59
G0 X65.152 Y87.78
G1 F3000 X64.593 Y87.22 E974.33204
G0 F7200 X63.691 Y87.22
G1 F3000 X63.13 Y87.78 E974.3528
G0 F7200 X63.13 Y87.59
G0 X59.495 Y87.59
G0 X59.495 Y87.78
G1 F3000 X58.936 Y87.22 E974.37353
G0 F7200 X58.034 Y87.22
G1 F3000 X57.474 Y87.78 E974.39427
G0 F7200 X57.474 Y87.59
G0 X53.838 Y87.59
G0 X53.838 Y87.78
G1 F3000 X53.279 Y87.22 E974.415
G0 F7200 X52.378 Y87.22
G1 F3000 X51.817 Y87.78 E974.43576
G0 F7200 X51.817 Y87.59
G0 X48.181 Y87.59
G0 X48.181 Y87.779
G1 F3000 X47.622 Y87.22 E974.45646
G0 F7200 X46.721 Y87.22
G1 F3000 X46.161 Y87.78 E974.47721
G0 F7200 X46.161 Y87.59
G0 X42.524 Y87.59
G0 X42.524 Y87.779
G1 F3000 X41.965 Y87.22 E974.49791
G0 F7200 X41.064 Y87.22
G1 F3000 X40.504 Y87.78 E974.51866
G0 F7200 X40.504 Y87.59
G0 X36.867 Y87.59
G0 X36.867 Y87.779
G1 F3000 X34.476 Y85.388 E974.60722
G1 X34.406 Y85.318
G0 F7200 X34.513 Y85.578
G0 X36.59 Y85.847
G0 X36.779 Y85.847
G1 F3000 X34.847 Y87.78 E974.67881
G1 X34.777 Y87.85
G0 F7200 X34.777 Y87.59
G0 X67.338 Y87.338
G0 X66.924 Y86.924
;TYPE:WALL-INNER
G1 F2400 X66.589 Y87.1 E974.68872
G1 X37.5 Y87.1 E975.45063
G1 X37.02 Y86.861 E975.46467
G1 X36.9 Y86.501 E975.47461
G1 X36.9 Y85.1 E975.51131
G1 X35.527 Y85.1 E975.54727
G1 X34.967 Y85.143 E975.56198
G1 X34.451 Y85.268 E975.57589
G1 X33.949 Y85.477 E975.59013
G1 X33.499 Y85.751 E975.60393
G1 X33.098 Y86.098 E975.61782
G1 X32.751 Y86.499 E975.63171
G1 X32.476 Y86.95 E975.64554
G1 X32.269 Y87.443 E975.65955
G1 X32.16 Y87.899 E975.67183
G1 X67.9 Y87.9 E976.60794
G1 X67.9 Y67.36 E977.14593
G1 X67.1 Y67.36 E977.16689
G1 X67.1 Y86.589 E977.67054
G1 X66.924 Y86.924 E977.68045
G0 F7200 X66.698 Y86.535
;TYPE:WALL-OUTER
G1 F1200 X66.642 Y86.642 E977.68362
G1 X66.535 Y86.698 E977.68678
G1 X37.5 Y86.7 E978.44727
G1 X37.34 Y86.621 E978.45195
G1 X37.3 Y86.501 E978.45526
G1 X37.3 Y84.7 E978.50243
G1 X35.512 Y84.7 E978.54927
G1 X34.904 Y84.747 E978.56524
G1 X34.327 Y84.887 E978.58079
G1 X33.767 Y85.119 E978.59667
G1 X33.263 Y85.427 E978.61214
G1 X32.814 Y85.814 E978.62766
G1 X32.427 Y86.263 E978.64319
G1 X32.119 Y86.768 E978.65868
G1 X31.887 Y87.319 E978.67434
G1 X31.747 Y87.911 E978.69027
G1 X31.717 Y88.3 E978.70049
G1 X68.3 Y88.3 E979.65869
G1 X68.3 Y66.96 E980.21763
G1 X66.7 Y66.96 E980.25954
G1 X66.698 Y86.535 E980.77226
G0 F7200 X66.642 Y86.642
G0 X66.573 Y86.678
G0 X66.573 Y87.41
G0 X67.5 Y67.76
;TYPE:SKIN
G1 F692.3 X67.5 Y68.768 E980.80658
G1 F1500 E974.30658
;MESH:NONMESH
G0 F600 Z8.25
G0 F7200 X66.924 Y67.186
G0 X65.835 Y67.186
G0 X37.076 Y16.165
G0 X37.076 Y15.076
G0 X34.848 Y12.41
G0 X34.848 Y12.22
;TIME_ELAPSED:1635.909134
;LAYER:53
;TYPE:FILL
;MESH:Wandhalterung TP-Link Media Converter.stl
G1 F1500 E980.80658
G1 F3000 X36.78 Y14.153 E980.87816
G1 X36.85 Y14.223
G0 F7200 X36.59 Y14.223
G0 X36.662 Y12.662
G0 X36.867 Y12.22
G1 F3000 X34.476 Y14.612 E980.96675
G1 X34.406 Y14.682
G0 F7200 X34.514 Y14.423
G0 X36.662 Y12.662
G0 X40.504 Y12.41
G0 X40.504 Y12.22
G1 F3000 X41.064 Y12.78 E980.98749
G0 F7200 X41.964 Y12.78
G1 F3000 X42.524 Y12.22 E981.00823
G0 F7200 X42.524 Y12.41
G0 X46.161 Y12.41
G0 X46.161 Y12.22
G1 F3000 X46.721 Y12.78 E981.02898
G0 F7200 X47.621 Y12.78
G1 F3000 X48.181 Y12.22 E981.04972
G0 F7200 X48.181 Y12.41
G0 X51.818 Y12.41
G0 X51.818 Y12.22
G1 F3000 X52.378 Y12.78 E981.07046
G0 F7200 X53.278 Y12.78
G1 F3000 X53.838 Y12.22 E981.09121
G0 F7200 X53.838 Y12.41
G0 X57.475 Y12.41
G0 X57.475 Y12.22
G1 F3000 X58.034 Y12.78 E981.11193
G0 F7200 X58.935 Y12.78
G1 F3000 X59.495 Y12.22 E981.13267
G0 F7200 X59.495 Y12.41
G0 X63.132 Y12.41
G0 X63.132 Y12.22
G1 F3000 X63.691 Y12.78 E981.1534
G0 F7200 X64.591 Y12.78
G1 F3000 X65.151 Y12.22 E981.17414
G0 F7200 X65.151 Y12.41
G0 X67.338 Y12.662
G0 X67.59 Y15.248
G0 X67.78 Y15.248
G1 F3000 X67.22 Y15.808 E981.19489
G0 F7200 X67.22 Y16.308
G1 F3000 X67.78 Y16.869 E981.21565
G0 F7200 X67.59 Y16.869
G0 X67.59 Y20.905
G0 X67.78 Y20.905
G1 F3000 X67.22 Y21.465 E981.23639
G0 F7200 X67.22 Y21.965
G1 F3000 X67.78 Y22.526 E981.25715
G0 F7200 X67.59 Y22.526
G0 X67.59 Y26.562
G0 X67.78 Y26.562
G1 F3000 X67.22 Y27.122 E981.2779
G0 F7200 X67.22 Y27.622
G1 F3000 X67.78 Y28.182 E981.29864
G0 F7200 X67.59 Y28.182
G0 X67.338 Y12.662
G0 X66.924 Y13.076
;TYPE:WALL-INNER
G1 F2400 X67.1 Y13.5 E981.31066
G1 X67.1 Y32.114 E981.79821
G1 X67.9 Y32.113 E981.81916
G1 X67.9 Y12.1 E982.34335
G1 X32.161 Y12.1 E983.27944
G1 X32.265 Y12.547 E983.29146
G1 X32.472 Y13.045 E983.30558
G1 X32.75 Y13.497 E983.31948
G1 X33.098 Y13.902 E983.33347
G1 X33.499 Y14.245 E983.34729
G1 X33.951 Y14.524 E983.3612
G1 X34.45 Y14.731 E983.37535
G1 X34.967 Y14.853 E983.38927
G1 X35.529 Y14.9 E983.40404
G1 X36.9 Y14.9 E983.43995
G1 X36.9 Y13.5 E983.47662
G1 X37.02 Y13.139 E983.48658
G1 X37.409 Y12.9 E983.49854
G1 X66.5 Y12.9 E984.2605
G1 X66.924 Y13.076 E984.27253
G0 F7200 X66.7 Y13.5
;TYPE:WALL-OUTER
G1 F1200 X66.7 Y32.515 E984.77057
G1 X68.3 Y32.512 E984.81248
G1 X68.3 Y11.7 E985.3576
G1 X31.717 Y11.7 E986.31579
G1 X31.747 Y12.085 E986.32591
G1 X31.883 Y12.67 E986.34164
G1 X32.115 Y13.228 E986.35747
G1 X32.426 Y13.733 E986.373
G1 X32.814 Y14.186 E986.38862
G1 X33.263 Y14.569 E986.40408
G1 X33.768 Y14.881 E986.41963
G1 X34.326 Y15.113 E986.43546
G1 X34.904 Y15.249 E986.45101
G1 X35.513 Y15.3 E986.46702
G1 X37.3 Y15.3 E986.51382
G1 X37.3 Y13.5 E986.56097
G1 X37.34 Y13.379 E986.56431
G1 X37.465 Y13.302 E986.56815
G1 X66.5 Y13.3 E987.32865
G1 X66.642 Y13.358 E987.33266
G1 X66.7 Y13.5 E987.33668
G0 F7200 X66.7 Y13.7
G0 X67.41 Y13.7
G0 X67.5 Y31.712
;TYPE:SKIN
G1 F692.3 X67.5 Y31.14 E987.35616
G1 F1500 E980.85616
G0 F7200 X67.586 Y32.305
G0 X67.586 Y34.741
G0 X67.59 Y37.876
G0 X67.78 Y37.876
;TYPE:FILL
G1 F1500 E987.35616
G1 F3000 X67.22 Y38.436 E987.3769
G0 F7200 X67.22 Y38.935
G1 F3000 X67.78 Y39.496 E987.39766
G0 F7200 X67.59 Y39.496
G0 X67.59 Y43.533
G0 X67.78 Y43.533
G1 F3000 X67.22 Y44.093 E987.41841
G0 F7200 X67.22 Y44.592
G1 F3000 X67.78 Y45.153 E987.43917
G0 F7200 X67.59 Y45.153
G0 X67.59 Y49.19
G0 X67.78 Y49.19
G1 F3000 X67.22 Y49.75 E987.45991
G0 F7200 X67.22 Y50.249
G1 F3000 X67.78 Y50.81 E987.48067
G0 F7200 X67.59 Y50.81
G0 X67.59 Y54.847
G0 X67.78 Y54.847
G1 F3000 X67.22 Y55.407 E987.50142
G0 F7200 X67.22 Y55.906
G1 F3000 X67.78 Y56.467 E987.52218
G0 F7200 X67.59 Y56.467
G0 X67.59 Y60.504
G0 X67.78 Y60.504
G1 F3000 X67.22 Y61.064 E987.54292
G0 F7200 X67.22 Y61.563
G1 F3000 X67.78 Y62.124 E987.56368
G0 F7200 X67.59 Y62.124
G0 X67.62 Y64.835
G0 X67.9 Y65.113
;TYPE:WALL-INNER
G1 F2400 X67.9 Y34.908 E988.35482
G1 X67.1 Y34.908 E988.37578
G1 X67.1 Y65.114 E989.16694
G1 X67.9 Y65.113 E989.1879
G0 F7200 X68.3 Y65.512
;TYPE:WALL-OUTER
G1 F1200 X68.3 Y34.508 E989.99997
G1 X66.7 Y34.508 E990.04187
G1 X66.7 Y65.515 E990.85402
G1 X68.3 Y65.512 E990.89593
G0 F7200 X68.3 Y65.312
G0 X67.62 Y64.835
G0 X67.5 Y64.14
;TYPE:SKIN
G1 F692.3 X67.5 Y64.712 E990.9154
G0 F7200 X67.5 Y35.308
G1 F692.3 X67.5 Y35.868 E990.93447
G1 F1500 E984.43447
G0 F7200 X67.585 Y65.305
G0 X67.587 Y67.722
G0 X67.59 Y71.817
G0 X67.78 Y71.817
;TYPE:FILL
G1 F1500 E990.93447
G1 F3000 X67.22 Y72.377 E990.95522
G0 F7200 X67.22 Y72.877
G1 F3000 X67.78 Y73.437 E990.97596
G0 F7200 X67.59 Y73.437
G0 X67.59 Y77.474
G0 X67.78 Y77.474
G1 F3000 X67.22 Y78.033 E990.99668
G0 F7200 X67.22 Y78.533
G1 F3000 X67.78 Y79.094 E991.01745
G0 F7200 X67.59 Y79.094
G0 X67.59 Y83.131
G0 X67.78 Y83.131
G1 F3000 X67.22 Y83.69 E991.03817
G0 F7200 X67.22 Y84.19
G1 F3000 X67.78 Y84.751 E991.05893
G0 F7200 X67.59 Y84.751
G0 X67.338 Y87.338
G0 X65.152 Y87.59
G0 X65.152 Y87.78
G1 F3000 X64.593 Y87.22 E991.07966
G0 F7200 X63.691 Y87.22
G1 F3000 X63.13 Y87.78 E991.10042
G0 F7200 X63.13 Y87.59
G0 X59.495 Y87.59
G0 X59.495 Y87.78
G1 F3000 X58.936 Y87.22 E991.12114
G0 F7200 X58.034 Y87.22
G1 F3000 X57.474 Y87.78 E991.14189
G0 F7200 X57.474 Y87.59
G0 X53.838 Y87.59
G0 X53.838 Y87.78
G1 F3000 X53.279 Y87.22 E991.16261
G0 F7200 X52.378 Y87.22
G1 F3000 X51.817 Y87.78 E991.18337
G0 F7200 X51.817 Y87.59
G0 X48.181 Y87.59
G0 X48.181 Y87.779
G1 F3000 X47.622 Y87.22 E991.20408
G0 F7200 X46.721 Y87.22
G1 F3000 X46.161 Y87.78 E991.22482
G0 F7200 X46.161 Y87.59
G0 X42.524 Y87.59
G0 X42.524 Y87.779
G1 F3000 X41.965 Y87.22 E991.24553
G0 F7200 X41.064 Y87.22
G1 F3000 X40.504 Y87.78 E991.26627
G0 F7200 X40.504 Y87.59
G0 X36.867 Y87.59
G0 X36.867 Y87.779
G1 F3000 X34.476 Y85.388 E991.35484
G1 X34.406 Y85.318
G0 F7200 X34.513 Y85.578
G0 X36.59 Y85.847
G0 X36.779 Y85.847
G1 F3000 X34.847 Y87.78 E991.42642
G1 X34.777 Y87.85
G0 F7200 X34.777 Y87.59
G0 X67.338 Y87.338
G0 X66.924 Y86.924
;TYPE:WALL-INNER
G1 F2400 X66.589 Y87.1 E991.43633
G1 X37.5 Y87.1 E992.19824
G1 X37.02 Y86.861 E992.21229
G1 X36.9 Y86.501 E992.22223
G1 X36.9 Y85.1 E992.25892
G1 X35.527 Y85.1 E992.29488
G1 X34.967 Y85.143 E992.3096
G1 X34.451 Y85.268 E992.3235
G1 X33.949 Y85.477 E992.33774
G1 X33.499 Y85.751 E992.35154
G1 X33.098 Y86.098 E992.36543
G1 X32.751 Y86.499 E992.37932
G1 X32.476 Y86.95 E992.39316
G1 X32.269 Y87.443 E992.40716
G1 X32.16 Y87.899 E992.41944
G1 X67.9 Y87.9 E993.35556
G1 X67.9 Y67.91 E993.87914
G1 X67.1 Y67.911 E993.9001
G1 X67.1 Y86.589 E994.38932
G1 X66.924 Y86.924 E994.39923
G0 F7200 X66.698 Y86.535
;TYPE:WALL-OUTER
G1 F1200 X66.642 Y86.642 E994.40239
G1 X66.535 Y86.698 E994.40556
G1 X37.5 Y86.7 E995.16605
G1 X37.34 Y86.621 E995.17073
G1 X37.3 Y86.501 E995.17404
G1 X37.3 Y84.7 E995.22121
G1 X35.512 Y84.7 E995.26804
G1 X34.904 Y84.747 E995.28401
G1 X34.327 Y84.887 E995.29957
G1 X33.767 Y85.119 E995.31544
G1 X33.263 Y85.427 E995.33091
G1 X32.814 Y85.814 E995.34644
G1 X32.427 Y86.263 E995.36197
G1 X32.119 Y86.768 E995.37746
G1 X31.887 Y87.319 E995.39312
G1 X31.747 Y87.911 E995.40905
G1 X31.717 Y88.3 E995.41927
G1 X68.3 Y88.3 E996.37747
G1 X68.3 Y67.509 E996.92203
G1 X66.7 Y67.512 E996.96394
G1 X66.698 Y86.535 E997.4622
G0 F7200 X66.642 Y86.642
G0 X66.573 Y86.678
G0 X66.573 Y87.41
G0 X67.5 Y68.308
;TYPE:SKIN
G1 F692.3 X67.5 Y68.868 E997.48126
G1 F1500 E990.98126
;MESH:NONMESH
G0 F600 Z8.4
G0 F7200 X66.924 Y67.736
G0 X66.923 Y66.647
G0 X65.847 Y66.369
G0 X37.076 Y16.165
G0 X37.076 Y15.076
G0 X34.848 Y12.41
G0 X34.848 Y12.22
;TIME_ELAPSED:1665.712691
;LAYER:54
;TYPE:FILL
;MESH:Wandhalterung TP-Link Media Converter.stl
G1 F1500 E997.48126
G1 F3000 X36.78 Y14.153 E997.55285
G1 X36.85 Y14.223
G0 F7200 X36.59 Y14.223
G0 X36.662 Y12.662
G0 X36.867 Y12.22
G1 F3000 X34.476 Y14.612 E997.64143
G1 X34.406 Y14.682
G0 F7200 X34.514 Y14.423
G0 X36.662 Y12.662
G0 X40.504 Y12.41
G0 X40.504 Y12.22
G1 F3000 X41.064 Y12.78 E997.66218
G0 F7200 X41.964 Y12.78
G1 F3000 X42.524 Y12.22 E997.68292
G0 F7200 X42.524 Y12.41
G0 X46.161 Y12.41
G0 X46.161 Y12.22
G1 F3000 X46.721 Y12.78 E997.70366
G0 F7200 X47.621 Y12.78
G1 F3000 X48.181 Y12.22 E997.7244
G0 F7200 X48.181 Y12.41
G0 X51.818 Y12.41
G0 X51.818 Y12.22
G1 F3000 X52.378 Y12.78 E997.74515
G0 F7200 X53.278 Y12.78
G1 F3000 X53.838 Y12.22 E997.76589
G0 F7200 X53.838 Y12.41
G0 X57.475 Y12.41
G0 X57.475 Y12.22
G1 F3000 X58.034 Y12.78 E997.78662
G0 F7200 X58.935 Y12.78
G1 F3000 X59.495 Y12.22 E997.80736
G0 F7200 X59.495 Y12.41
G0 X63.132 Y12.41
G0 X63.132 Y12.22
G1 F3000 X63.691 Y12.78 E997.82808
G0 F7200 X64.591 Y12.78
G1 F3000 X65.151 Y12.22 E997.84883
G0 F7200 X65.151 Y12.41
G0 X67.338 Y12.662
G0 X67.59 Y15.248
G0 X67.78 Y15.248
G1 F3000 X67.22 Y15.809 E997.86959
G0 F7200 X67.22 Y16.308
G1 F3000 X67.78 Y16.869 E997.89035
G0 F7200 X67.59 Y16.869
G0 X67.59 Y20.905
G0 X67.78 Y20.905
G1 F3000 X67.22 Y21.466 E997.91111
G0 F7200 X67.22 Y21.965
G1 F3000 X67.78 Y22.526 E997.93187
G0 F7200 X67.59 Y22.526
G0 X67.59 Y26.562
G0 X67.78 Y26.562
G1 F3000 X67.22 Y27.122 E997.95262
G0 F7200 X67.22 Y27.622
G1 F3000 X67.78 Y28.182 E997.97336
G0 F7200 X67.59 Y28.182
G0 X67.338 Y12.662
G0 X66.924 Y13.076
;TYPE:WALL-INNER
G1 F2400 X67.1 Y13.5 E997.98539
G1 X67.1 Y31.822 E998.46528
G1 X67.9 Y31.821 E998.48624
G1 X67.9 Y12.1 E999.00278
G1 X32.161 Y12.1 E999.93886
G1 X32.265 Y12.547 E999.95088
G1 X32.472 Y13.045 E999.96501
G1 X32.75 Y13.497 E999.97891
G1 X33.098 Y13.902 E999.9929
G1 X33.499 Y14.245 E1000.00672
G1 X33.951 Y14.524 E1000.02063
G1 X34.45 Y14.731 E1000.03478
G1 X34.967 Y14.853 E1000.04869
G1 X35.529 Y14.9 E1000.06346
G1 X36.9 Y14.9 E1000.09937
G1 X36.9 Y13.5 E1000.13604
G1 X37.02 Y13.139 E1000.14601
G1 X37.409 Y12.9 E1000.15797
G1 X66.5 Y12.9 E1000.91993
G1 X66.924 Y13.076 E1000.93195
G0 F7200 X66.7 Y13.5
;TYPE:WALL-OUTER
G1 F1200 X66.7 Y32.223 E1001.42235
G1 X68.3 Y32.22 E1001.46426
G1 X68.3 Y11.7 E1002.00173
G1 X31.717 Y11.7 E1002.95992
G1 X31.747 Y12.085 E1002.97004
G1 X31.883 Y12.67 E1002.98577
G1 X32.115 Y13.228 E1003.0016
G1 X32.426 Y13.733 E1003.01713
G1 X32.814 Y14.186 E1003.03275
G1 X33.263 Y14.569 E1003.04821
G1 X33.768 Y14.881 E1003.06376
G1 X34.326 Y15.113 E1003.07959
G1 X34.904 Y15.249 E1003.09514
G1 X35.513 Y15.3 E1003.11115
G1 X37.3 Y15.3 E1003.15795
G1 X37.3 Y13.5 E1003.2051
G1 X37.34 Y13.379 E1003.20844
G1 X37.465 Y13.302 E1003.21228
G1 X66.5 Y13.3 E1003.97278
G1 X66.642 Y13.358 E1003.97679
G1 X66.7 Y13.5 E1003.98081
G0 F7200 X66.7 Y13.7
G1 F1500 E997.48081
G0 F7200 X67.41 Y13.7
G0 X67.586 Y32.013
G0 X67.587 Y33.088
G0 X67.587 Y33.907
G0 X67.588 Y34.982
G0 X67.59 Y37.876
G0 X67.78 Y37.876
;TYPE:FILL
G1 F1500 E1003.98081
G1 F3000 X67.22 Y38.436 E1004.00155
G0 F7200 X67.22 Y38.935
G1 F3000 X67.78 Y39.495 E1004.0223
G0 F7200 X67.59 Y39.495
G0 X67.59 Y43.533
G0 X67.78 Y43.533
G1 F3000 X67.22 Y44.093 E1004.04304
G0 F7200 X67.22 Y44.592
G1 F3000 X67.78 Y45.152 E1004.06378
G0 F7200 X67.59 Y45.152
G0 X67.59 Y49.19
G0 X67.78 Y49.19
G1 F3000 X67.22 Y49.75 E1004.08453
G0 F7200 X67.22 Y50.249
G1 F3000 X67.78 Y50.809 E1004.10527
G0 F7200 X67.59 Y50.809
G0 X67.59 Y54.847
G0 X67.78 Y54.847
G1 F3000 X67.22 Y55.407 E1004.12601
G0 F7200 X67.22 Y55.906
G1 F3000 X67.78 Y56.466 E1004.14676
G0 F7200 X67.59 Y56.466
G0 X67.59 Y60.504
G0 X67.78 Y60.504
G1 F3000 X67.22 Y61.064 E1004.1675
G0 F7200 X67.22 Y61.563
G1 F3000 X67.78 Y62.123 E1004.18824
G0 F7200 X67.59 Y62.123
G0 X67.62 Y64.544
G0 X67.9 Y64.824
;TYPE:WALL-INNER
G1 F2400 X67.9 Y35.17 E1004.96495
G1 X67.1 Y35.171 E1004.98591
G1 X67.1 Y64.824 E1005.76259
G1 X67.9 Y64.824 E1005.78354
G0 F7200 X68.3 Y65.224
;TYPE:WALL-OUTER
G1 F1200 X68.3 Y34.769 E1006.58123
G1 X66.7 Y34.772 E1006.62314
G1 X66.7 Y65.224 E1007.42075
G1 X68.3 Y65.224 E1007.46266
G0 F7200 X68.3 Y65.024
G1 F1500 E1000.96266
G0 F7200 X67.62 Y64.544
G0 X67.59 Y66.089
G0 X67.591 Y66.907
G0 X67.592 Y67.982
G0 X67.59 Y71.817
G0 X67.78 Y71.817
;TYPE:FILL
G1 F1500 E1007.46266
G1 F3000 X67.22 Y72.377 E1007.4834
G0 F7200 X67.22 Y72.877
G1 F3000 X67.78 Y73.437 E1007.50414
G0 F7200 X67.59 Y73.437
G0 X67.59 Y77.474
G0 X67.78 Y77.474
G1 F3000 X67.22 Y78.033 E1007.52487
G0 F7200 X67.22 Y78.534
G1 F3000 X67.78 Y79.094 E1007.54561
G0 F7200 X67.59 Y79.094
G0 X67.59 Y83.131
G0 X67.78 Y83.131
G1 F3000 X67.22 Y83.69 E1007.56633
G0 F7200 X67.22 Y84.191
G1 F3000 X67.78 Y84.751 E1007.58708
G0 F7200 X67.59 Y84.751
G0 X67.338 Y87.338
G0 X65.152 Y87.59
G0 X65.152 Y87.78
G1 F3000 X64.593 Y87.22 E1007.6078
G0 F7200 X63.691 Y87.22
G1 F3000 X63.13 Y87.78 E1007.62856
G0 F7200 X63.13 Y87.59
G0 X59.495 Y87.59
G0 X59.495 Y87.78
G1 F3000 X58.936 Y87.22 E1007.64929
G0 F7200 X58.034 Y87.22
G1 F3000 X57.474 Y87.78 E1007.67003
G0 F7200 X57.474 Y87.59
G0 X53.838 Y87.59
G0 X53.838 Y87.78
G1 F3000 X53.279 Y87.22 E1007.69076
G0 F7200 X52.378 Y87.22
G1 F3000 X51.817 Y87.78 E1007.71152
G0 F7200 X51.817 Y87.59
G0 X48.181 Y87.59
G0 X48.181 Y87.779
G1 F3000 X47.622 Y87.22 E1007.73223
G0 F7200 X46.721 Y87.22
G1 F3000 X46.161 Y87.78 E1007.75297
G0 F7200 X46.161 Y87.59
G0 X42.524 Y87.59
G0 X42.524 Y87.779
G1 F3000 X41.965 Y87.22 E1007.77368
G0 F7200 X41.064 Y87.22
G1 F3000 X40.504 Y87.78 E1007.79442
G0 F7200 X40.504 Y87.59
G0 X36.867 Y87.59
G0 X36.867 Y87.779
G1 F3000 X34.476 Y85.388 E1007.88298
G1 X34.406 Y85.318
G0 F7200 X34.513 Y85.578
G0 X36.59 Y85.847
G0 X36.779 Y85.847
G1 F3000 X34.847 Y87.78 E1007.95457
G1 X34.777 Y87.85
G0 F7200 X34.777 Y87.59
G0 X67.338 Y87.338
G0 X66.924 Y86.924
;TYPE:WALL-INNER
G1 F2400 X66.589 Y87.1 E1007.96448
G1 X37.5 Y87.1 E1008.72639
G1 X37.02 Y86.861 E1008.74043
G1 X36.9 Y86.501 E1008.75037
G1 X36.9 Y85.1 E1008.78707
G1 X35.527 Y85.1 E1008.82303
G1 X34.967 Y85.143 E1008.83774
G1 X34.451 Y85.268 E1008.85165
G1 X33.949 Y85.477 E1008.86589
G1 X33.499 Y85.751 E1008.87969
G1 X33.098 Y86.098 E1008.89358
G1 X32.751 Y86.499 E1008.90747
G1 X32.476 Y86.95 E1008.9213
G1 X32.269 Y87.443 E1008.93531
G1 X32.16 Y87.899 E1008.94759
G1 X67.9 Y87.9 E1009.8837
G1 X67.9 Y68.17 E1010.40048
G1 X67.1 Y68.171 E1010.42143
G1 X67.1 Y86.589 E1010.90384
G1 X66.924 Y86.924 E1010.91376
G0 F7200 X66.698 Y86.535
;TYPE:WALL-OUTER
G1 F1200 X66.642 Y86.642 E1010.91692
G1 X66.535 Y86.698 E1010.92008
G1 X37.5 Y86.7 E1011.68058
G1 X37.34 Y86.621 E1011.68525
G1 X37.3 Y86.501 E1011.68856
G1 X37.3 Y84.7 E1011.73574
G1 X35.512 Y84.7 E1011.78257
G1 X34.904 Y84.747 E1011.79854
G1 X34.327 Y84.887 E1011.81409
G1 X33.767 Y85.119 E1011.82997
G1 X33.263 Y85.427 E1011.84544
G1 X32.814 Y85.814 E1011.86097
G1 X32.427 Y86.263 E1011.87649
G1 X32.119 Y86.768 E1011.89198
G1 X31.887 Y87.319 E1011.90764
G1 X31.747 Y87.911 E1011.92358
G1 X31.717 Y88.3 E1011.9338
G1 X68.3 Y88.3 E1012.89199
G1 X68.3 Y67.769 E1013.42975
G1 X66.7 Y67.772 E1013.47165
G1 X66.698 Y86.535 E1013.9631
G0 F7200 X66.642 Y86.642
G0 X66.573 Y86.678
G1 F1500 E1007.4631
;MESH:NONMESH
G0 F600 Z8.55
G0 F7200 X66.573 Y87.41
G0 X37.076 Y86.924
G0 X38.153 Y85.847
G0 X38.153 Y84.227
G0 X35.52 Y16.165
G0 X35.52 Y15.071
G0 X34.848 Y12.41
G0 X34.848 Y12.22
;TIME_ELAPSED:1694.706112
;LAYER:55
;TYPE:FILL
;MESH:Wandhalterung TP-Link Media Converter.stl
G1 F1500 E1013.9631
G1 F3000 X36.78 Y14.153 E1014.03468
G1 X36.85 Y14.223
G0 F7200 X36.59 Y14.223
G0 X36.662 Y12.662
G0 X36.867 Y12.22
G1 F3000 X34.476 Y14.612 E1014.12327
G1 X34.406 Y14.682
G0 F7200 X34.514 Y14.423
G0 X36.662 Y12.662
G0 X40.504 Y12.41
G0 X40.504 Y12.22
G1 F3000 X41.064 Y12.78 E1014.14401
G0 F7200 X41.964 Y12.78
G1 F3000 X42.524 Y12.22 E1014.16476
G0 F7200 X42.524 Y12.41
G0 X46.161 Y12.41
G0 X46.161 Y12.22
G1 F3000 X46.721 Y12.78 E1014.1855
G0 F7200 X47.621 Y12.78
G1 F3000 X48.181 Y12.22 E1014.20624
G0 F7200 X48.181 Y12.41
G0 X51.818 Y12.41
G0 X51.818 Y12.22
G1 F3000 X52.378 Y12.78 E1014.22699
G0 F7200 X53.278 Y12.78
G1 F3000 X53.838 Y12.22 E1014.24773
G0 F7200 X53.838 Y12.41
G0 X57.475 Y12.41
G0 X57.475 Y12.22
G1 F3000 X58.034 Y12.78 E1014.26845
G0 F7200 X58.935 Y12.78
G1 F3000 X59.495 Y12.22 E1014.2892
G0 F7200 X59.495 Y12.41
G0 X63.132 Y12.41
G0 X63.132 Y12.22
G1 F3000 X63.691 Y12.78 E1014.30992
G0 F7200 X64.591 Y12.78
G1 F3000 X65.151 Y12.22 E1014.33067
G0 F7200 X65.151 Y12.41
G0 X67.338 Y12.662
G0 X67.59 Y15.248
G0 X67.78 Y15.248
G1 F3000 X67.22 Y15.808 E1014.35141
G0 F7200 X67.22 Y16.308
G1 F3000 X67.78 Y16.869 E1014.37217
G0 F7200 X67.59 Y16.869
G0 X67.59 Y20.905
G0 X67.78 Y20.905
G1 F3000 X67.22 Y21.465 E1014.39291
G0 F7200 X67.22 Y21.965
G1 F3000 X67.78 Y22.526 E1014.41368
G0 F7200 X67.59 Y22.526
G0 X67.59 Y26.562
G0 X67.78 Y26.562
G1 F3000 X67.22 Y27.122 E1014.43442
G0 F7200 X67.22 Y27.622
G1 F3000 X67.78 Y28.182 E1014.45516
G0 F7200 X67.59 Y28.182
G0 X67.338 Y12.662
G0 X66.924 Y13.076
;TYPE:WALL-INNER
G1 F2400 X67.1 Y13.5 E1014.46719
G1 X67.1 Y31.62 E1014.94179
G1 X67.9 Y31.62 E1014.96275
G1 X67.9 Y12.1 E1015.47402
G1 X32.161 Y12.1 E1016.41011
G1 X32.265 Y12.547 E1016.42213
G1 X32.472 Y13.045 E1016.43626
G1 X32.75 Y13.497 E1016.45015
G1 X33.098 Y13.902 E1016.46414
G1 X33.499 Y14.245 E1016.47796
G1 X33.951 Y14.524 E1016.49187
G1 X34.45 Y14.731 E1016.50602
G1 X34.967 Y14.853 E1016.51994
G1 X35.529 Y14.9 E1016.53471
G1 X36.9 Y14.9 E1016.57062
G1 X36.9 Y13.5 E1016.60729
G1 X37.02 Y13.139 E1016.61725
G1 X37.409 Y12.9 E1016.62921
G1 X66.5 Y12.9 E1017.39117
G1 X66.924 Y13.076 E1017.4032
G0 F7200 X66.7 Y13.5
;TYPE:WALL-OUTER
G1 F1200 X66.7 Y32.02 E1017.88828
G1 X68.3 Y32.02 E1017.93019
G1 X68.3 Y11.7 E1018.46242
G1 X31.717 Y11.7 E1019.42061
G1 X31.747 Y12.085 E1019.43073
G1 X31.883 Y12.67 E1019.44646
G1 X32.115 Y13.228 E1019.46229
G1 X32.426 Y13.733 E1019.47782
G1 X32.814 Y14.186 E1019.49344
G1 X33.263 Y14.569 E1019.5089
G1 X33.768 Y14.881 E1019.52445
G1 X34.326 Y15.113 E1019.54028
G1 X34.904 Y15.249 E1019.55583
G1 X35.513 Y15.3 E1019.57184
G1 X37.3 Y15.3 E1019.61864
G1 X37.3 Y13.5 E1019.66579
G1 X37.34 Y13.379 E1019.66913
G1 X37.465 Y13.302 E1019.67297
G1 X66.5 Y13.3 E1020.43347
G1 X66.642 Y13.358 E1020.43748
G1 X66.7 Y13.5 E1020.4415
G0 F7200 X66.7 Y13.7
G1 F1500 E1013.9415
G0 F7200 X67.41 Y13.7
G0 X67.585 Y31.811
G0 X67.586 Y32.886
G0 X67.585 Y34.113
G0 X67.585 Y35.208
G0 X67.59 Y37.876
G0 X67.78 Y37.876
;TYPE:FILL
G1 F1500 E1020.4415
G1 F3000 X67.22 Y38.436 E1020.46224
G0 F7200 X67.22 Y38.935
G1 F3000 X67.78 Y39.495 E1020.48299
G0 F7200 X67.59 Y39.495
G0 X67.59 Y43.533
G0 X67.78 Y43.533
G1 F3000 X67.22 Y44.093 E1020.50373
G0 F7200 X67.22 Y44.592
G1 F3000 X67.78 Y45.152 E1020.52447
G0 F7200 X67.59 Y45.152
G0 X67.59 Y49.19
G0 X67.78 Y49.19
G1 F3000 X67.22 Y49.75 E1020.54522
G0 F7200 X67.22 Y50.249
G1 F3000 X67.78 Y50.809 E1020.56596
G0 F7200 X67.59 Y50.809
G0 X67.59 Y54.847
G0 X67.78 Y54.847
G1 F3000 X67.22 Y55.407 E1020.5867
G0 F7200 X67.22 Y55.906
G1 F3000 X67.78 Y56.466 E1020.60745
G0 F7200 X67.59 Y56.466
G0 X67.59 Y60.504
G0 X67.78 Y60.504
G1 F3000 X67.22 Y61.064 E1020.62819
G0 F7200 X67.22 Y61.563
G1 F3000 X67.78 Y62.123 E1020.64893
G0 F7200 X67.59 Y62.123
G0 X67.62 Y64.341
G0 X67.9 Y64.62
;TYPE:WALL-INNER
G1 F2400 X67.9 Y35.376 E1021.4149
G1 X67.1 Y35.376 E1021.43586
G1 X67.1 Y64.62 E1022.20183
G1 X67.9 Y64.62 E1022.22278
G0 F7200 X68.3 Y65.02
;TYPE:WALL-OUTER
G1 F1200 X68.3 Y34.976 E1023.0097
G1 X66.7 Y34.976 E1023.05161
G1 X66.7 Y65.02 E1023.83853
G1 X68.3 Y65.02 E1023.88044
G0 F7200 X68.3 Y64.82
G1 F1500 E1017.38044
G0 F7200 X67.62 Y64.341
G0 X67.586 Y65.886
G0 X67.586 Y67.114
G0 X67.587 Y68.189
G0 X67.59 Y71.817
G0 X67.78 Y71.817
;TYPE:FILL
G1 F1500 E1023.88044
G1 F3000 X67.22 Y72.377 E1023.90119
G0 F7200 X67.22 Y72.877
G1 F3000 X67.78 Y73.437 E1023.92193
G0 F7200 X67.59 Y73.437
G0 X67.59 Y77.473
G0 X67.78 Y77.473
G1 F3000 X67.22 Y78.033 E1023.94267
G0 F7200 X67.22 Y78.534
G1 F3000 X67.78 Y79.094 E1023.96342
G0 F7200 X67.59 Y79.094
G0 X67.59 Y83.13
G0 X67.78 Y83.13
G1 F3000 X67.22 Y83.69 E1023.98416
G0 F7200 X67.22 Y84.191
G1 F3000 X67.78 Y84.751 E1024.0049
G0 F7200 X67.59 Y84.751
G0 X67.338 Y87.338
G0 X65.152 Y87.59
G0 X65.152 Y87.78
G1 F3000 X64.593 Y87.22 E1024.02563
G0 F7200 X63.691 Y87.22
G1 F3000 X63.13 Y87.78 E1024.04639
G0 F7200 X63.13 Y87.59
G0 X59.495 Y87.59
G0 X59.495 Y87.78
G1 F3000 X58.936 Y87.22 E1024.06711
G0 F7200 X58.034 Y87.22
G1 F3000 X57.474 Y87.78 E1024.08786
G0 F7200 X57.474 Y87.59
G0 X53.838 Y87.59
G0 X53.838 Y87.78
G1 F3000 X53.279 Y87.22 E1024.10858
G0 F7200 X52.378 Y87.22
G1 F3000 X51.817 Y87.78 E1024.12934
G0 F7200 X51.817 Y87.59
G0 X48.181 Y87.59
G0 X48.181 Y87.779
G1 F3000 X47.622 Y87.22 E1024.15005
G0 F7200 X46.721 Y87.22
G1 F3000 X46.161 Y87.78 E1024.17079
G0 F7200 X46.161 Y87.59
G0 X42.524 Y87.59
G0 X42.524 Y87.779
G1 F3000 X41.965 Y87.22 E1024.1915
G0 F7200 X41.064 Y87.22
G1 F3000 X40.504 Y87.78 E1024.21224
G0 F7200 X40.504 Y87.59
G0 X36.867 Y87.59
G0 X36.867 Y87.779
G1 F3000 X34.476 Y85.388 E1024.30081
G1 X34.406 Y85.318
G0 F7200 X34.513 Y85.578
G0 X36.59 Y85.847
G0 X36.779 Y85.847
G1 F3000 X34.847 Y87.78 E1024.37239
G1 X34.777 Y87.85
G0 F7200 X34.777 Y87.59
G0 X67.338 Y87.338
G0 X66.924 Y86.924
;TYPE:WALL-INNER
G1 F2400 X66.589 Y87.1 E1024.3823
G1 X37.5 Y87.1 E1025.14421
G1 X37.02 Y86.861 E1025.15826
G1 X36.9 Y86.501 E1025.1682
G1 X36.9 Y85.1 E1025.20489
G1 X35.527 Y85.1 E1025.24085
G1 X34.967 Y85.143 E1025.25556
G1 X34.451 Y85.268 E1025.26947
G1 X33.949 Y85.477 E1025.28371
G1 X33.499 Y85.751 E1025.29751
G1 X33.098 Y86.098 E1025.3114
G1 X32.751 Y86.499 E1025.32529
G1 X32.476 Y86.95 E1025.33913
G1 X32.269 Y87.443 E1025.35313
G1 X32.16 Y87.899 E1025.36541
G1 X67.9 Y87.9 E1026.30153
G1 X67.9 Y68.376 E1026.81291
G1 X67.1 Y68.376 E1026.83386
G1 X67.1 Y86.589 E1027.3109
G1 X66.924 Y86.924 E1027.32081
G0 F7200 X66.698 Y86.535
;TYPE:WALL-OUTER
G1 F1200 X66.642 Y86.642 E1027.32398
G1 X66.535 Y86.698 E1027.32714
G1 X37.5 Y86.7 E1028.08764
G1 X37.34 Y86.621 E1028.09231
G1 X37.3 Y86.501 E1028.09562
G1 X37.3 Y84.7 E1028.1428
G1 X35.512 Y84.7 E1028.18963
G1 X34.904 Y84.747 E1028.2056
G1 X34.327 Y84.887 E1028.22115
G1 X33.767 Y85.119 E1028.23703
G1 X33.263 Y85.427 E1028.2525
G1 X32.814 Y85.814 E1028.26802
G1 X32.427 Y86.263 E1028.28355
G1 X32.119 Y86.768 E1028.29904
G1 X31.887 Y87.319 E1028.3147
G1 X31.747 Y87.911 E1028.33064
G1 X31.717 Y88.3 E1028.34086
G1 X68.3 Y88.3 E1029.29905
G1 X68.3 Y67.976 E1029.83138
G1 X66.7 Y67.976 E1029.87329
G1 X66.698 Y86.535 E1030.3594
G0 F7200 X66.642 Y86.642
G0 X66.573 Y86.678
G1 F1500 E1023.8594
;MESH:NONMESH
G0 F600 Z8.7
G0 F7200 X66.573 Y87.41
G0 X37.076 Y86.924
G0 X38.153 Y85.847
G0 X38.153 Y84.227
G0 X35.52 Y16.165
G0 X35.52 Y15.071
G0 X34.848 Y12.41
G0 X34.848 Y12.22
;TIME_ELAPSED:1723.576687
;LAYER:56
;TYPE:FILL
;MESH:Wandhalterung TP-Link Media Converter.stl
G1 F1500 E1030.3594
G1 F3000 X36.78 Y14.153 E1030.43098
G1 X36.85 Y14.223
G0 F7200 X36.59 Y14.223
G0 X36.662 Y12.662
G0 X36.867 Y12.22
G1 F3000 X34.476 Y14.612 E1030.51956
G1 X34.406 Y14.682
G0 F7200 X34.514 Y14.423
G0 X36.662 Y12.662
G0 X40.504 Y12.41
G0 X40.504 Y12.22
G1 F3000 X41.064 Y12.78 E1030.54031
G0 F7200 X41.964 Y12.78
G1 F3000 X42.524 Y12.22 E1030.56105
G0 F7200 X42.524 Y12.41
G0 X46.161 Y12.41
G0 X46.161 Y12.22
G1 F3000 X46.721 Y12.78 E1030.58179
G0 F7200 X47.621 Y12.78
G1 F3000 X48.181 Y12.22 E1030.60254
G0 F7200 X48.181 Y12.41
G0 X51.818 Y12.41
G0 X51.818 Y12.22
G1 F3000 X52.378 Y12.78 E1030.62328
G0 F7200 X53.278 Y12.78
G1 F3000 X53.838 Y12.22 E1030.64402
G0 F7200 X53.838 Y12.41
G0 X57.475 Y12.41
G0 X57.475 Y12.22
G1 F3000 X58.034 Y12.78 E1030.66475
G0 F7200 X58.935 Y12.78
G1 F3000 X59.495 Y12.22 E1030.68549
G0 F7200 X59.495 Y12.41
G0 X63.132 Y12.41
G0 X63.132 Y12.22
G1 F3000 X63.691 Y12.78 E1030.70622
G0 F7200 X64.591 Y12.78
G1 F3000 X65.151 Y12.22 E1030.72696
G0 F7200 X65.151 Y12.41
G0 X67.338 Y12.662
G0 X67.59 Y15.249
G0 X67.78 Y15.249
G1 F3000 X67.22 Y15.809 E1030.7477
G0 F7200 X67.22 Y16.308
G1 F3000 X67.78 Y16.869 E1030.76846
G0 F7200 X67.59 Y16.869
G0 X67.59 Y20.906
G0 X67.78 Y20.906
G1 F3000 X67.22 Y21.466 E1030.78921
G0 F7200 X67.22 Y21.965
G1 F3000 X67.78 Y22.526 E1030.80997
G0 F7200 X67.59 Y22.526
G0 X67.59 Y26.562
G0 X67.78 Y26.562
G1 F3000 X67.22 Y27.122 E1030.83071
G0 F7200 X67.22 Y27.622
G1 F3000 X67.78 Y28.182 E1030.85146
G0 F7200 X67.59 Y28.182
G0 X67.338 Y12.662
G0 X66.924 Y13.076
;TYPE:WALL-INNER
G1 F2400 X67.1 Y13.5 E1030.86348
G1 X67.1 Y31.46 E1031.33389
G1 X67.9 Y31.46 E1031.35485
G1 X67.9 Y12.1 E1031.86193
G1 X32.161 Y12.1 E1032.79802
G1 X32.265 Y12.547 E1032.81004
G1 X32.472 Y13.045 E1032.82417
G1 X32.75 Y13.497 E1032.83807
G1 X33.098 Y13.902 E1032.85205
G1 X33.499 Y14.245 E1032.86587
G1 X33.951 Y14.524 E1032.87979
G1 X34.45 Y14.731 E1032.89394
G1 X34.967 Y14.853 E1032.90785
G1 X35.529 Y14.9 E1032.92262
G1 X36.9 Y14.9 E1032.95853
G1 X36.9 Y13.5 E1032.9952
G1 X37.02 Y13.139 E1033.00516
G1 X37.409 Y12.9 E1033.01712
G1 X66.5 Y12.9 E1033.77908
G1 X66.924 Y13.076 E1033.79111
G0 F7200 X66.7 Y13.5
;TYPE:WALL-OUTER
G1 F1200 X66.7 Y31.86 E1034.272
G1 X68.3 Y31.86 E1034.31391
G1 X68.3 Y11.7 E1034.84195
G1 X31.717 Y11.7 E1035.80014
G1 X31.747 Y12.085 E1035.81026
G1 X31.883 Y12.67 E1035.82599
G1 X32.115 Y13.228 E1035.84182
G1 X32.426 Y13.733 E1035.85735
G1 X32.814 Y14.186 E1035.87297
G1 X33.263 Y14.569 E1035.88843
G1 X33.768 Y14.881 E1035.90398
G1 X34.326 Y15.113 E1035.91981
G1 X34.904 Y15.249 E1035.93536
G1 X35.513 Y15.3 E1035.95137
G1 X37.3 Y15.3 E1035.99817
G1 X37.3 Y13.5 E1036.04532
G1 X37.34 Y13.379 E1036.04866
G1 X37.465 Y13.302 E1036.0525
G1 X66.5 Y13.3 E1036.813
G1 X66.642 Y13.358 E1036.81701
G1 X66.7 Y13.5 E1036.82103
G0 F7200 X66.7 Y13.7
G1 F1500 E1030.32103
G0 F7200 X67.41 Y13.7
G0 X67.585 Y31.65
G0 X67.586 Y32.725
G0 X67.587 Y34.273
G0 X67.588 Y35.348
G0 X67.59 Y37.876
G0 X67.78 Y37.876
;TYPE:FILL
G1 F1500 E1036.82103
G1 F3000 X67.22 Y38.436 E1036.84177
G0 F7200 X67.22 Y38.935
G1 F3000 X67.78 Y39.495 E1036.86252
G0 F7200 X67.59 Y39.495
G0 X67.59 Y43.533
G0 X67.78 Y43.533
G1 F3000 X67.22 Y44.093 E1036.88326
G0 F7200 X67.22 Y44.592
G1 F3000 X67.78 Y45.152 E1036.904
G0 F7200 X67.59 Y45.152
G0 X67.59 Y49.19
G0 X67.78 Y49.19
G1 F3000 X67.22 Y49.75 E1036.92475
G0 F7200 X67.22 Y50.249
G1 F3000 X67.78 Y50.809 E1036.94549
G0 F7200 X67.59 Y50.809
G0 X67.59 Y54.847
G0 X67.78 Y54.847
G1 F3000 X67.22 Y55.407 E1036.96623
G0 F7200 X67.22 Y55.906
G1 F3000 X67.78 Y56.466 E1036.98698
G0 F7200 X67.59 Y56.466
G0 X67.59 Y60.504
G0 X67.78 Y60.504
G1 F3000 X67.22 Y61.064 E1037.00772
G0 F7200 X67.22 Y61.563
G1 F3000 X67.78 Y62.123 E1037.02846
G0 F7200 X67.59 Y62.123
G0 X67.62 Y64.181
G0 X67.9 Y64.46
;TYPE:WALL-INNER
G1 F2400 X67.9 Y35.536 E1037.78605
G1 X67.1 Y35.536 E1037.80701
G1 X67.1 Y64.46 E1038.56459
G1 X67.9 Y64.46 E1038.58555
G0 F7200 X68.3 Y64.86
;TYPE:WALL-OUTER
G1 F1200 X68.3 Y35.136 E1039.36409
G1 X66.7 Y35.136 E1039.406
G1 X66.7 Y64.86 E1040.18454
G1 X68.3 Y64.86 E1040.22645
G0 F7200 X68.3 Y64.66
G1 F1500 E1033.72645
G0 F7200 X67.62 Y64.181
G0 X67.59 Y65.726
G0 X67.592 Y67.273
G0 X67.593 Y68.348
G0 X67.59 Y71.817
G0 X67.78 Y71.817
;TYPE:FILL
G1 F1500 E1040.22645
G1 F3000 X67.22 Y72.377 E1040.24719
G0 F7200 X67.22 Y72.877
G1 F3000 X67.78 Y73.437 E1040.26793
G0 F7200 X67.59 Y73.437
G0 X67.59 Y77.473
G0 X67.78 Y77.473
G1 F3000 X67.22 Y78.033 E1040.28868
G0 F7200 X67.22 Y78.534
G1 F3000 X67.78 Y79.094 E1040.30942
G0 F7200 X67.59 Y79.094
G0 X67.59 Y83.13
G0 X67.78 Y83.13
G1 F3000 X67.22 Y83.69 E1040.33016
G0 F7200 X67.22 Y84.191
G1 F3000 X67.78 Y84.751 E1040.35091
G0 F7200 X67.59 Y84.751
G0 X67.338 Y87.338
G0 X65.152 Y87.59
G0 X65.152 Y87.78
G1 F3000 X64.593 Y87.22 E1040.37163
G0 F7200 X63.691 Y87.22
G1 F3000 X63.13 Y87.78 E1040.39239
G0 F7200 X63.13 Y87.59
G0 X59.495 Y87.59
G0 X59.495 Y87.78
G1 F3000 X58.936 Y87.22 E1040.41312
G0 F7200 X58.034 Y87.22
G1 F3000 X57.474 Y87.78 E1040.43386
G0 F7200 X57.474 Y87.59
G0 X53.838 Y87.59
G0 X53.838 Y87.78
G1 F3000 X53.279 Y87.22 E1040.45459
G0 F7200 X52.378 Y87.22
G1 F3000 X51.817 Y87.78 E1040.47535
G0 F7200 X51.817 Y87.59
G0 X48.181 Y87.59
G0 X48.181 Y87.779
G1 F3000 X47.622 Y87.22 E1040.49605
G0 F7200 X46.721 Y87.22
G1 F3000 X46.161 Y87.78 E1040.5168
G0 F7200 X46.161 Y87.59
G0 X42.524 Y87.59
G0 X42.524 Y87.779
G1 F3000 X41.965 Y87.22 E1040.5375
G0 F7200 X41.064 Y87.22
G1 F3000 X40.504 Y87.78 E1040.55825
G0 F7200 X40.504 Y87.59
G0 X36.867 Y87.59
G0 X36.867 Y87.779
G1 F3000 X34.476 Y85.388 E1040.64681
G1 X34.406 Y85.318
G0 F7200 X34.513 Y85.578
G0 X36.59 Y85.847
G0 X36.779 Y85.847
G1 F3000 X34.847 Y87.78 E1040.7184
G1 X34.777 Y87.85
G0 F7200 X34.777 Y87.59
G0 X67.338 Y87.338
G0 X66.924 Y86.924
;TYPE:WALL-INNER
G1 F2400 X66.589 Y87.1 E1040.72831
G1 X37.5 Y87.1 E1041.49022
G1 X37.02 Y86.861 E1041.50426
G1 X36.9 Y86.501 E1041.5142
G1 X36.9 Y85.1 E1041.5509
G1 X35.527 Y85.1 E1041.58686
G1 X34.967 Y85.143 E1041.60157
G1 X34.451 Y85.268 E1041.61547
G1 X33.949 Y85.477 E1041.62972
G1 X33.499 Y85.751 E1041.64352
G1 X33.098 Y86.098 E1041.65741
G1 X32.751 Y86.499 E1041.6713
G1 X32.476 Y86.95 E1041.68513
G1 X32.269 Y87.443 E1041.69914
G1 X32.16 Y87.899 E1041.71142
G1 X67.9 Y87.9 E1042.64753
G1 X67.9 Y68.536 E1043.15472
G1 X67.1 Y68.536 E1043.17567
G1 X67.1 Y86.589 E1043.64853
G1 X66.924 Y86.924 E1043.65844
G0 F7200 X66.698 Y86.535
;TYPE:WALL-OUTER
G1 F1200 X66.642 Y86.642 E1043.6616
G1 X66.535 Y86.698 E1043.66476
G1 X37.5 Y86.7 E1044.42526
G1 X37.34 Y86.621 E1044.42993
G1 X37.3 Y86.501 E1044.43325
G1 X37.3 Y84.7 E1044.48042
G1 X35.512 Y84.7 E1044.52725
G1 X34.904 Y84.747 E1044.54322
G1 X34.327 Y84.887 E1044.55877
G1 X33.767 Y85.119 E1044.57465
G1 X33.263 Y85.427 E1044.59012
G1 X32.814 Y85.814 E1044.60565
G1 X32.427 Y86.263 E1044.62117
G1 X32.119 Y86.768 E1044.63667
G1 X31.887 Y87.319 E1044.65232
G1 X31.747 Y87.911 E1044.66826
G1 X31.717 Y88.3 E1044.67848
G1 X68.3 Y88.3 E1045.63667
G1 X68.3 Y68.136 E1046.16482
G1 X66.7 Y68.136 E1046.20672
G1 X66.698 Y86.535 E1046.68864
G0 F7200 X66.642 Y86.642
G0 X66.573 Y86.678
G1 F1500 E1040.18864
;MESH:NONMESH
G0 F600 Z8.85
G0 F7200 X66.573 Y87.41
G0 X37.076 Y86.924
G0 X38.153 Y85.847
G0 X38.153 Y84.227
G0 X35.52 Y16.165
G0 X35.52 Y15.071
G0 X34.848 Y12.41
G0 X34.848 Y12.22
;TIME_ELAPSED:1752.350888
;LAYER:57
;TYPE:FILL
;MESH:Wandhalterung TP-Link Media Converter.stl
G1 F1500 E1046.68864
G1 F3000 X36.78 Y14.153 E1046.76022
G1 X36.85 Y14.223
G0 F7200 X36.59 Y14.223
G0 X36.662 Y12.662
G0 X36.867 Y12.22
G1 F3000 X34.476 Y14.612 E1046.8488
G1 X34.406 Y14.682
G0 F7200 X34.514 Y14.423
G0 X36.662 Y12.662
G0 X40.504 Y12.41
G0 X40.504 Y12.22
G1 F3000 X41.064 Y12.78 E1046.86955
G0 F7200 X41.964 Y12.78
G1 F3000 X42.524 Y12.22 E1046.89029
G0 F7200 X42.524 Y12.41
G0 X46.161 Y12.41
G0 X46.161 Y12.22
G1 F3000 X46.721 Y12.78 E1046.91103
G0 F7200 X47.621 Y12.78
G1 F3000 X48.181 Y12.22 E1046.93178
G0 F7200 X48.181 Y12.41
G0 X51.818 Y12.41
G0 X51.818 Y12.22
G1 F3000 X52.378 Y12.78 E1046.95252
G0 F7200 X53.278 Y12.78
G1 F3000 X53.838 Y12.22 E1046.97326
G0 F7200 X53.838 Y12.41
G0 X57.475 Y12.41
G0 X57.475 Y12.22
G1 F3000 X58.034 Y12.78 E1046.99399
G0 F7200 X58.935 Y12.78
G1 F3000 X59.495 Y12.22 E1047.01473
G0 F7200 X59.495 Y12.41
G0 X63.132 Y12.41
G0 X63.132 Y12.22
G1 F3000 X63.691 Y12.78 E1047.03546
G0 F7200 X64.591 Y12.78
G1 F3000 X65.151 Y12.22 E1047.0562
G0 F7200 X65.151 Y12.41
G0 X67.338 Y12.662
G0 X67.59 Y15.249
G0 X67.78 Y15.249
G1 F3000 X67.22 Y15.808 E1047.07692
G0 F7200 X67.22 Y16.308
G1 F3000 X67.78 Y16.869 E1047.09769
G0 F7200 X67.59 Y16.869
G0 X67.59 Y20.906
G0 X67.78 Y20.906
G1 F3000 X67.22 Y21.465 E1047.11841
G0 F7200 X67.22 Y21.965
G1 F3000 X67.78 Y22.526 E1047.13917
G0 F7200 X67.59 Y22.526
G0 X67.59 Y26.562
G0 X67.78 Y26.562
G1 F3000 X67.22 Y27.122 E1047.15992
G0 F7200 X67.22 Y27.622
G1 F3000 X67.78 Y28.182 E1047.18066
G0 F7200 X67.59 Y28.182
G0 X67.338 Y12.662
G0 X66.924 Y13.076
;TYPE:WALL-INNER
G1 F2400 X67.1 Y13.5 E1047.19268
G1 X67.1 Y31.332 E1047.65975
G1 X67.9 Y31.332 E1047.6807
G1 X67.9 Y12.1 E1048.18443
G1 X32.161 Y12.1 E1049.12052
G1 X32.265 Y12.547 E1049.13254
G1 X32.472 Y13.045 E1049.14667
G1 X32.75 Y13.497 E1049.16057
G1 X33.098 Y13.902 E1049.17455
G1 X33.499 Y14.245 E1049.18837
G1 X33.951 Y14.524 E1049.20229
G1 X34.45 Y14.731 E1049.21644
G1 X34.967 Y14.853 E1049.23035
G1 X35.529 Y14.9 E1049.24512
G1 X36.9 Y14.9 E1049.28103
G1 X36.9 Y13.5 E1049.3177
G1 X37.02 Y13.139 E1049.32766
G1 X37.409 Y12.9 E1049.33962
G1 X66.5 Y12.9 E1050.10158
G1 X66.924 Y13.076 E1050.11361
G0 F7200 X66.7 Y13.5
;TYPE:WALL-OUTER
G1 F1200 X66.7 Y31.732 E1050.59115
G1 X68.3 Y31.732 E1050.63305
G1 X68.3 Y11.7 E1051.15774
G1 X31.717 Y11.7 E1052.11593
G1 X31.747 Y12.085 E1052.12605
G1 X31.883 Y12.67 E1052.14178
G1 X32.115 Y13.228 E1052.15761
G1 X32.426 Y13.733 E1052.17314
G1 X32.814 Y14.186 E1052.18877
G1 X33.263 Y14.569 E1052.20422
G1 X33.768 Y14.881 E1052.21977
G1 X34.326 Y15.113 E1052.2356
G1 X34.904 Y15.249 E1052.25115
G1 X35.513 Y15.3 E1052.26716
G1 X37.3 Y15.3 E1052.31396
G1 X37.3 Y13.5 E1052.36111
G1 X37.34 Y13.379 E1052.36445
G1 X37.465 Y13.302 E1052.36829
G1 X66.5 Y13.3 E1053.12879
G1 X66.642 Y13.358 E1053.13281
G1 X66.7 Y13.5 E1053.13682
G0 F7200 X66.7 Y13.7
G1 F1500 E1046.63682
G0 F7200 X67.41 Y13.7
G0 X67.585 Y31.524
G0 X67.586 Y32.599
G0 X67.585 Y34.407
G0 X67.585 Y35.502
G0 X67.59 Y37.876
G0 X67.78 Y37.876
;TYPE:FILL
G1 F1500 E1053.13682
G1 F3000 X67.22 Y38.436 E1053.15757
G0 F7200 X67.22 Y38.935
G1 F3000 X67.78 Y39.495 E1053.17831
G0 F7200 X67.59 Y39.495
G0 X67.59 Y43.533
G0 X67.78 Y43.533
G1 F3000 X67.22 Y44.093 E1053.19905
G0 F7200 X67.22 Y44.592
G1 F3000 X67.78 Y45.152 E1053.2198
G0 F7200 X67.59 Y45.152
G0 X67.59 Y49.19
G0 X67.78 Y49.19
G1 F3000 X67.22 Y49.75 E1053.24054
G0 F7200 X67.22 Y50.249
G1 F3000 X67.78 Y50.809 E1053.26128
G0 F7200 X67.59 Y50.809
G0 X67.59 Y54.847
G0 X67.78 Y54.847
G1 F3000 X67.22 Y55.407 E1053.28203
G0 F7200 X67.22 Y55.906
G1 F3000 X67.78 Y56.466 E1053.30277
G0 F7200 X67.59 Y56.466
G0 X67.59 Y60.504
G0 X67.78 Y60.504
G1 F3000 X67.22 Y61.064 E1053.32351
G0 F7200 X67.22 Y61.563
G1 F3000 X67.78 Y62.123 E1053.34426
G0 F7200 X67.59 Y62.123
G0 X67.62 Y64.054
G0 X67.9 Y64.332
;TYPE:WALL-INNER
G1 F2400 X67.9 Y35.672 E1054.09493
G1 X67.1 Y35.672 E1054.11588
G1 X67.1 Y64.332 E1054.86656
G1 X67.9 Y64.332 E1054.88751
G0 F7200 X68.3 Y64.732
;TYPE:WALL-OUTER
G1 F1200 X68.3 Y35.272 E1055.65914
G1 X66.7 Y35.272 E1055.70105
G1 X66.7 Y64.732 E1056.47267
G1 X68.3 Y64.732 E1056.51458
G0 F7200 X68.3 Y64.532
G1 F1500 E1050.01458
G0 F7200 X67.62 Y64.054
G0 X67.585 Y65.599
G0 X67.586 Y67.408
G0 X67.587 Y68.483
G0 X67.59 Y71.817
G0 X67.78 Y71.817
;TYPE:FILL
G1 F1500 E1056.51458
G1 F3000 X67.22 Y72.377 E1056.53532
G0 F7200 X67.22 Y72.877
G1 F3000 X67.78 Y73.437 E1056.55607
G0 F7200 X67.59 Y73.437
G0 X67.59 Y77.474
G0 X67.78 Y77.474
G1 F3000 X67.22 Y78.033 E1056.57679
G0 F7200 X67.22 Y78.533
G1 F3000 X67.78 Y79.094 E1056.59755
G0 F7200 X67.59 Y79.094
G0 X67.59 Y83.131
G0 X67.78 Y83.131
G1 F3000 X67.22 Y83.69 E1056.61828
G0 F7200 X67.22 Y84.19
G1 F3000 X67.78 Y84.751 E1056.63904
G0 F7200 X67.59 Y84.751
G0 X67.338 Y87.338
G0 X65.152 Y87.59
G0 X65.152 Y87.78
G1 F3000 X64.593 Y87.22 E1056.65976
G0 F7200 X63.691 Y87.22
G1 F3000 X63.13 Y87.78 E1056.68053
G0 F7200 X63.13 Y87.59
G0 X59.495 Y87.59
G0 X59.495 Y87.78
G1 F3000 X58.936 Y87.22 E1056.70125
G0 F7200 X58.034 Y87.22
G1 F3000 X57.474 Y87.78 E1056.72199
G0 F7200 X57.474 Y87.59
G0 X53.838 Y87.59
G0 X53.838 Y87.78
G1 F3000 X53.279 Y87.22 E1056.74272
G0 F7200 X52.378 Y87.22
G1 F3000 X51.817 Y87.78 E1056.76348
G0 F7200 X51.817 Y87.59
G0 X48.181 Y87.59
G0 X48.181 Y87.779
G1 F3000 X47.622 Y87.22 E1056.78419
G0 F7200 X46.721 Y87.22
G1 F3000 X46.161 Y87.78 E1056.80493
G0 F7200 X46.161 Y87.59
G0 X42.524 Y87.59
G0 X42.524 Y87.779
G1 F3000 X41.965 Y87.22 E1056.82564
G0 F7200 X41.064 Y87.22
G1 F3000 X40.504 Y87.78 E1056.84638
G0 F7200 X40.504 Y87.59
G0 X36.867 Y87.59
G0 X36.867 Y87.779
G1 F3000 X34.476 Y85.388 E1056.93495
G1 X34.406 Y85.318
G0 F7200 X34.513 Y85.578
G0 X36.59 Y85.847
G0 X36.779 Y85.847
G1 F3000 X34.847 Y87.78 E1057.00653
G1 X34.777 Y87.85
G0 F7200 X34.777 Y87.59
G0 X67.338 Y87.338
G0 X66.924 Y86.924
;TYPE:WALL-INNER
G1 F2400 X66.589 Y87.1 E1057.01644
G1 X37.5 Y87.1 E1057.77835
G1 X37.02 Y86.861 E1057.7924
G1 X36.9 Y86.501 E1057.80233
G1 X36.9 Y85.1 E1057.83903
G1 X35.527 Y85.1 E1057.87499
G1 X34.967 Y85.143 E1057.8897
G1 X34.451 Y85.268 E1057.90361
G1 X33.949 Y85.477 E1057.91785
G1 X33.499 Y85.751 E1057.93165
G1 X33.098 Y86.098 E1057.94554
G1 X32.751 Y86.499 E1057.95943
G1 X32.476 Y86.95 E1057.97327
G1 X32.269 Y87.443 E1057.98727
G1 X32.16 Y87.899 E1057.99955
G1 X67.9 Y87.9 E1058.93567
G1 X67.9 Y68.672 E1059.43929
G1 X67.1 Y68.672 E1059.46025
G1 X67.1 Y86.589 E1059.92954
G1 X66.924 Y86.924 E1059.93945
G0 F7200 X66.698 Y86.535
;TYPE:WALL-OUTER
G1 F1200 X66.642 Y86.642 E1059.94261
G1 X66.535 Y86.698 E1059.94577
G1 X37.5 Y86.7 E1060.70627
G1 X37.34 Y86.621 E1060.71094
G1 X37.3 Y86.501 E1060.71426
G1 X37.3 Y84.7 E1060.76143
G1 X35.512 Y84.7 E1060.80826
G1 X34.904 Y84.747 E1060.82423
G1 X34.327 Y84.887 E1060.83978
G1 X33.767 Y85.119 E1060.85566
G1 X33.263 Y85.427 E1060.87113
G1 X32.814 Y85.814 E1060.88666
G1 X32.427 Y86.263 E1060.90218
G1 X32.119 Y86.768 E1060.91768
G1 X31.887 Y87.319 E1060.93333
G1 X31.747 Y87.911 E1060.94927
G1 X31.717 Y88.3 E1060.95949
G1 X68.3 Y88.3 E1061.91768
G1 X68.3 Y68.272 E1062.44226
G1 X66.7 Y68.272 E1062.48417
G1 X66.698 Y86.535 E1062.96252
G0 F7200 X66.642 Y86.642
G0 X66.573 Y86.678
G1 F1500 E1056.46252
;MESH:NONMESH
G0 F600 Z9
G0 F7200 X66.573 Y87.41
G0 X37.076 Y86.924
G0 X38.153 Y85.847
G0 X38.153 Y84.227
G0 X35.52 Y16.165
G0 X35.52 Y15.071
G0 X34.848 Y12.41
G0 X34.848 Y12.22
;TIME_ELAPSED:1781.045532
;LAYER:58
;TYPE:FILL
;MESH:Wandhalterung TP-Link Media Converter.stl
G1 F1500 E1062.96252
G1 F3000 X36.78 Y14.153 E1063.0341
G1 X36.85 Y14.223
G0 F7200 X36.59 Y14.223
G0 X36.662 Y12.662
G0 X36.867 Y12.22
G1 F3000 X34.476 Y14.612 E1063.12269
G1 X34.406 Y14.682
G0 F7200 X34.514 Y14.423
G0 X36.662 Y12.662
G0 X40.504 Y12.41
G0 X40.504 Y12.22
G1 F3000 X41.064 Y12.78 E1063.14343
G0 F7200 X41.964 Y12.78
G1 F3000 X42.524 Y12.22 E1063.16418
G0 F7200 X42.524 Y12.41
G0 X46.161 Y12.41
G0 X46.161 Y12.22
G1 F3000 X46.721 Y12.78 E1063.18492
G0 F7200 X47.621 Y12.78
G1 F3000 X48.181 Y12.22 E1063.20566
G0 F7200 X48.181 Y12.41
G0 X51.818 Y12.41
G0 X51.818 Y12.22
G1 F3000 X52.378 Y12.78 E1063.22641
G0 F7200 X53.278 Y12.78
G1 F3000 X53.838 Y12.22 E1063.24715
G0 F7200 X53.838 Y12.41
G0 X57.475 Y12.41
G0 X57.475 Y12.22
G1 F3000 X58.034 Y12.78 E1063.26787
G0 F7200 X58.935 Y12.78
G1 F3000 X59.495 Y12.22 E1063.28862
G0 F7200 X59.495 Y12.41
G0 X63.132 Y12.41
G0 X63.132 Y12.22
G1 F3000 X63.691 Y12.78 E1063.30934
G0 F7200 X64.591 Y12.78
G1 F3000 X65.151 Y12.22 E1063.33009
G0 F7200 X65.151 Y12.41
G0 X67.338 Y12.662
G0 X67.59 Y15.248
G0 X67.78 Y15.248
G1 F3000 X67.22 Y15.808 E1063.35083
G0 F7200 X67.22 Y16.308
G1 F3000 X67.78 Y16.869 E1063.37159
G0 F7200 X67.59 Y16.869
G0 X67.59 Y20.905
G0 X67.78 Y20.905
G1 F3000 X67.22 Y21.465 E1063.39233
G0 F7200 X67.22 Y21.965
G1 F3000 X67.78 Y22.526 E1063.4131
G0 F7200 X67.59 Y22.526
G0 X67.59 Y26.562
G0 X67.78 Y26.562
G1 F3000 X67.22 Y27.122 E1063.43384
G0 F7200 X67.22 Y27.622
G1 F3000 X67.78 Y28.182 E1063.45458
G0 F7200 X67.59 Y28.182
G0 X67.338 Y12.662
G0 X66.924 Y13.076
;TYPE:WALL-INNER
G1 F2400 X67.1 Y13.5 E1063.46661
G1 X67.1 Y31.216 E1063.93063
G1 X67.9 Y31.216 E1063.95158
G1 X67.9 Y12.1 E1064.45228
G1 X32.161 Y12.1 E1065.38837
G1 X32.265 Y12.547 E1065.40039
G1 X32.472 Y13.045 E1065.41451
G1 X32.75 Y13.497 E1065.42841
G1 X33.098 Y13.902 E1065.4424
G1 X33.499 Y14.245 E1065.45622
G1 X33.951 Y14.524 E1065.47013
G1 X34.45 Y14.731 E1065.48428
G1 X34.967 Y14.853 E1065.49819
G1 X35.529 Y14.9 E1065.51297
G1 X36.9 Y14.9 E1065.54888
G1 X36.9 Y13.5 E1065.58555
G1 X37.02 Y13.139 E1065.59551
G1 X37.409 Y12.9 E1065.60747
G1 X66.5 Y12.9 E1066.36943
G1 X66.924 Y13.076 E1066.38145
G0 F7200 X66.7 Y13.5
;TYPE:WALL-OUTER
G1 F1200 X66.7 Y31.616 E1066.85595
G1 X68.3 Y31.616 E1066.89786
G1 X68.3 Y11.7 E1067.41951
G1 X31.717 Y11.7 E1068.3777
G1 X31.747 Y12.085 E1068.38782
G1 X31.883 Y12.67 E1068.40355
G1 X32.115 Y13.228 E1068.41938
G1 X32.426 Y13.733 E1068.43491
G1 X32.814 Y14.186 E1068.45053
G1 X33.263 Y14.569 E1068.46599
G1 X33.768 Y14.881 E1068.48154
G1 X34.326 Y15.113 E1068.49737
G1 X34.904 Y15.249 E1068.51292
G1 X35.513 Y15.3 E1068.52893
G1 X37.3 Y15.3 E1068.57573
G1 X37.3 Y13.5 E1068.62288
G1 X37.34 Y13.379 E1068.62622
G1 X37.465 Y13.302 E1068.63006
G1 X66.5 Y13.3 E1069.39056
G1 X66.642 Y13.358 E1069.39458
G1 X66.7 Y13.5 E1069.39859
G0 F7200 X66.7 Y13.7
G1 F1500 E1062.89859
G0 F7200 X67.41 Y13.7
G0 X67.585 Y31.406
G0 X67.586 Y32.481
G0 X67.587 Y34.506
G0 X67.588 Y35.581
G0 X67.59 Y37.876
G0 X67.78 Y37.876
;TYPE:FILL
G1 F1500 E1069.39859
G1 F3000 X67.22 Y38.436 E1069.41934
G0 F7200 X67.22 Y38.935
G1 F3000 X67.78 Y39.495 E1069.44008
G0 F7200 X67.59 Y39.495
G0 X67.59 Y43.533
G0 X67.78 Y43.533
G1 F3000 X67.22 Y44.093 E1069.46082
G0 F7200 X67.22 Y44.592
G1 F3000 X67.78 Y45.152 E1069.48157
G0 F7200 X67.59 Y45.152
G0 X67.59 Y49.19
G0 X67.78 Y49.19
G1 F3000 X67.22 Y49.75 E1069.50231
G0 F7200 X67.22 Y50.249
G1 F3000 X67.78 Y50.809 E1069.52305
G0 F7200 X67.59 Y50.809
G0 X67.59 Y54.847
G0 X67.78 Y54.847
G1 F3000 X67.22 Y55.407 E1069.5438
G0 F7200 X67.22 Y55.906
G1 F3000 X67.78 Y56.466 E1069.56454
G0 F7200 X67.59 Y56.466
G0 X67.59 Y60.504
G0 X67.78 Y60.504
G1 F3000 X67.22 Y61.064 E1069.58528
G0 F7200 X67.22 Y61.563
G1 F3000 X67.78 Y62.123 E1069.60603
G0 F7200 X67.59 Y62.123
G0 X67.62 Y63.937
G0 X67.9 Y64.216
;TYPE:WALL-INNER
G1 F2400 X67.9 Y35.768 E1070.35115
G1 X67.1 Y35.768 E1070.3721
G1 X67.1 Y64.216 E1071.11722
G1 X67.9 Y64.216 E1071.13817
G0 F7200 X68.3 Y64.616
;TYPE:WALL-OUTER
G1 F1200 X68.3 Y35.368 E1071.90425
G1 X66.7 Y35.368 E1071.94616
G1 X66.7 Y64.616 E1072.71223
G1 X68.3 Y64.616 E1072.75414
G0 F7200 X68.3 Y64.416
G1 F1500 E1066.25414
G0 F7200 X67.62 Y63.937
G0 X67.59 Y65.482
G0 X67.592 Y67.506
G0 X67.593 Y68.581
G0 X67.59 Y71.817
G0 X67.78 Y71.817
;TYPE:FILL
G1 F1500 E1072.75414
G1 F3000 X67.22 Y72.377 E1072.77488
G0 F7200 X67.22 Y72.877
G1 F3000 X67.78 Y73.437 E1072.79563
G0 F7200 X67.59 Y73.437
G0 X67.59 Y77.473
G0 X67.78 Y77.473
G1 F3000 X67.22 Y78.033 E1072.81637
G0 F7200 X67.22 Y78.534
G1 F3000 X67.78 Y79.094 E1072.83711
G0 F7200 X67.59 Y79.094
G0 X67.59 Y83.13
G0 X67.78 Y83.13
G1 F3000 X67.22 Y83.69 E1072.85785
G0 F7200 X67.22 Y84.191
G1 F3000 X67.78 Y84.751 E1072.8786
G0 F7200 X67.59 Y84.751
G0 X67.338 Y87.338
G0 X65.152 Y87.59
G0 X65.152 Y87.78
G1 F3000 X64.593 Y87.22 E1072.89932
G0 F7200 X63.691 Y87.22
G1 F3000 X63.13 Y87.78 E1072.92008
G0 F7200 X63.13 Y87.59
G0 X59.495 Y87.59
G0 X59.495 Y87.78
G1 F3000 X58.936 Y87.22 E1072.94081
G0 F7200 X58.034 Y87.22
G1 F3000 X57.474 Y87.78 E1072.96155
G0 F7200 X57.474 Y87.59
G0 X53.838 Y87.59
G0 X53.838 Y87.78
G1 F3000 X53.279 Y87.22 E1072.98228
G0 F7200 X52.378 Y87.22
G1 F3000 X51.817 Y87.78 E1073.00304
G0 F7200 X51.817 Y87.59
G0 X48.181 Y87.59
G0 X48.181 Y87.779
G1 F3000 X47.622 Y87.22 E1073.02375
G0 F7200 X46.721 Y87.22
G1 F3000 X46.161 Y87.78 E1073.04449
G0 F7200 X46.161 Y87.59
G0 X42.524 Y87.59
G0 X42.524 Y87.779
G1 F3000 X41.965 Y87.22 E1073.0652
G0 F7200 X41.064 Y87.22
G1 F3000 X40.504 Y87.78 E1073.08594
G0 F7200 X40.504 Y87.59
G0 X36.867 Y87.59
G0 X36.867 Y87.779
G1 F3000 X34.476 Y85.388 E1073.17451
G1 X34.406 Y85.318
G0 F7200 X34.513 Y85.578
G0 X36.59 Y85.847
G0 X36.779 Y85.847
G1 F3000 X34.847 Y87.78 E1073.24609
G1 X34.777 Y87.85
G0 F7200 X34.777 Y87.59
G0 X67.338 Y87.338
G0 X66.924 Y86.924
;TYPE:WALL-INNER
G1 F2400 X66.589 Y87.1 E1073.256
G1 X37.5 Y87.1 E1074.01791
G1 X37.02 Y86.861 E1074.03195
G1 X36.9 Y86.501 E1074.04189
G1 X36.9 Y85.1 E1074.07859
G1 X35.527 Y85.1 E1074.11455
G1 X34.967 Y85.143 E1074.12926
G1 X34.451 Y85.268 E1074.14317
G1 X33.949 Y85.477 E1074.15741
G1 X33.499 Y85.751 E1074.17121
G1 X33.098 Y86.098 E1074.1851
G1 X32.751 Y86.499 E1074.19899
G1 X32.476 Y86.95 E1074.21282
G1 X32.269 Y87.443 E1074.22683
G1 X32.16 Y87.899 E1074.23911
G1 X67.9 Y87.9 E1075.17522
G1 X67.9 Y68.768 E1075.67634
G1 X67.1 Y68.768 E1075.69729
G1 X67.1 Y86.589 E1076.16406
G1 X66.924 Y86.924 E1076.17398
G0 F7200 X66.698 Y86.535
;TYPE:WALL-OUTER
G1 F1200 X66.642 Y86.642 E1076.17714
G1 X66.535 Y86.698 E1076.1803
G1 X37.5 Y86.7 E1076.9408
G1 X37.34 Y86.621 E1076.94547
G1 X37.3 Y86.501 E1076.94878
G1 X37.3 Y84.7 E1076.99596
G1 X35.512 Y84.7 E1077.04279
G1 X34.904 Y84.747 E1077.05876
G1 X34.327 Y84.887 E1077.07431
G1 X33.767 Y85.119 E1077.09019
G1 X33.263 Y85.427 E1077.10566
G1 X32.814 Y85.814 E1077.12119
G1 X32.427 Y86.263 E1077.13671
G1 X32.119 Y86.768 E1077.15221
G1 X31.887 Y87.319 E1077.16786
G1 X31.747 Y87.911 E1077.1838
G1 X31.717 Y88.3 E1077.19402
G1 X68.3 Y88.3 E1078.15221
G1 X68.3 Y68.368 E1078.67428
G1 X66.7 Y68.368 E1078.71619
G1 X66.698 Y86.535 E1079.19202
G0 F7200 X66.642 Y86.642
G0 X66.573 Y86.678
G1 F1500 E1072.69202
;MESH:NONMESH
G0 F600 Z9.15
G0 F7200 X66.573 Y87.41
G0 X37.076 Y86.924
G0 X38.153 Y85.847
G0 X38.153 Y84.227
G0 X35.52 Y16.165
G0 X35.52 Y15.071
G0 X34.848 Y12.41
G0 X34.848 Y12.22
;TIME_ELAPSED:1809.676281
;LAYER:59
;TYPE:FILL
;MESH:Wandhalterung TP-Link Media Converter.stl
G1 F1500 E1079.19202
G1 F3000 X36.78 Y14.153 E1079.26361
G1 X36.85 Y14.223
G0 F7200 X36.59 Y14.223
G0 X36.662 Y12.662
G0 X36.867 Y12.22
G1 F3000 X34.476 Y14.612 E1079.35219
G1 X34.406 Y14.682
G0 F7200 X34.514 Y14.423
G0 X36.662 Y12.662
G0 X40.504 Y12.41
G0 X40.504 Y12.22
G1 F3000 X41.064 Y12.78 E1079.37293
G0 F7200 X41.964 Y12.78
G1 F3000 X42.524 Y12.22 E1079.39368
G0 F7200 X42.524 Y12.41
G0 X46.161 Y12.41
G0 X46.161 Y12.22
G1 F3000 X46.721 Y12.78 E1079.41442
G0 F7200 X47.621 Y12.78
G1 F3000 X48.181 Y12.22 E1079.43516
G0 F7200 X48.181 Y12.41
G0 X51.818 Y12.41
G0 X51.818 Y12.22
G1 F3000 X52.378 Y12.78 E1079.45591
G0 F7200 X53.278 Y12.78
G1 F3000 X53.838 Y12.22 E1079.47665
G0 F7200 X53.838 Y12.41
G0 X57.475 Y12.41
G0 X57.475 Y12.22
G1 F3000 X58.034 Y12.78 E1079.49737
G0 F7200 X58.935 Y12.78
G1 F3000 X59.495 Y12.22 E1079.51812
G0 F7200 X59.495 Y12.41
G0 X63.132 Y12.41
G0 X63.132 Y12.22
G1 F3000 X63.691 Y12.78 E1079.53884
G0 F7200 X64.591 Y12.78
G1 F3000 X65.151 Y12.22 E1079.55959
G0 F7200 X65.151 Y12.41
G0 X67.338 Y12.662
G0 X67.59 Y15.249
G0 X67.78 Y15.249
G1 F3000 X67.22 Y15.809 E1079.58033
G0 F7200 X67.22 Y16.308
G1 F3000 X67.78 Y16.869 E1079.60109
G0 F7200 X67.59 Y16.869
G0 X67.59 Y20.906
G0 X67.78 Y20.906
G1 F3000 X67.22 Y21.466 E1079.62183
G0 F7200 X67.22 Y21.965
G1 F3000 X67.78 Y22.526 E1079.6426
G0 F7200 X67.59 Y22.526
G0 X67.59 Y26.562
G0 X67.78 Y26.562
G1 F3000 X67.22 Y27.122 E1079.66334
G0 F7200 X67.22 Y27.622
G1 F3000 X67.78 Y28.182 E1079.68408
G0 F7200 X67.59 Y28.182
G0 X67.338 Y12.662
G0 X66.924 Y13.076
;TYPE:WALL-INNER
G1 F2400 X67.1 Y13.5 E1079.69611
G1 X67.1 Y31.14 E1080.15814
G1 X67.9 Y31.14 E1080.17909
G1 X67.9 Y12.1 E1080.6778
G1 X32.161 Y12.1 E1081.61389
G1 X32.265 Y12.547 E1081.62591
G1 X32.472 Y13.045 E1081.64003
G1 X32.75 Y13.497 E1081.65393
G1 X33.098 Y13.902 E1081.66792
G1 X33.499 Y14.245 E1081.68174
G1 X33.951 Y14.524 E1081.69565
G1 X34.45 Y14.731 E1081.7098
G1 X34.967 Y14.853 E1081.72371
G1 X35.529 Y14.9 E1081.73849
G1 X36.9 Y14.9 E1081.7744
G1 X36.9 Y13.5 E1081.81106
G1 X37.02 Y13.139 E1081.82103
G1 X37.409 Y12.9 E1081.83299
G1 X66.5 Y12.9 E1082.59495
G1 X66.924 Y13.076 E1082.60697
G0 F7200 X66.7 Y13.5
;TYPE:WALL-OUTER
G1 F1200 X66.7 Y31.54 E1083.07948
G1 X68.3 Y31.54 E1083.12139
G1 X68.3 Y11.7 E1083.64105
G1 X31.717 Y11.7 E1084.59924
G1 X31.747 Y12.085 E1084.60936
G1 X31.883 Y12.67 E1084.62509
G1 X32.115 Y13.228 E1084.64092
G1 X32.426 Y13.733 E1084.65645
G1 X32.814 Y14.186 E1084.67207
G1 X33.263 Y14.569 E1084.68753
G1 X33.768 Y14.881 E1084.70308
G1 X34.326 Y15.113 E1084.71891
G1 X34.904 Y15.249 E1084.73446
G1 X35.513 Y15.3 E1084.75047
G1 X37.3 Y15.3 E1084.79727
G1 X37.3 Y13.5 E1084.84442
G1 X37.34 Y13.379 E1084.84776
G1 X37.465 Y13.302 E1084.8516
G1 X66.5 Y13.3 E1085.6121
G1 X66.642 Y13.358 E1085.61611
G1 X66.7 Y13.5 E1085.62013
G0 F7200 X66.7 Y13.7
G1 F1500 E1079.12013
G0 F7200 X67.41 Y13.7
G0 X67.585 Y31.331
G0 X67.586 Y32.406
G0 X67.587 Y34.605
G0 X67.588 Y35.68
G0 X67.59 Y37.876
G0 X67.78 Y37.876
;TYPE:FILL
G1 F1500 E1085.62013
G1 F3000 X67.22 Y38.435 E1085.64086
G0 F7200 X67.22 Y38.935
G1 F3000 X67.78 Y39.496 E1085.66162
G0 F7200 X67.59 Y39.496
G0 X67.59 Y43.533
G0 X67.78 Y43.533
G1 F3000 X67.22 Y44.092 E1085.68234
G0 F7200 X67.22 Y44.592
G1 F3000 X67.78 Y45.153 E1085.70311
G0 F7200 X67.59 Y45.153
G0 X67.59 Y49.19
G0 X67.78 Y49.19
G1 F3000 X67.22 Y49.749 E1085.72383
G0 F7200 X67.22 Y50.249
G1 F3000 X67.78 Y50.81 E1085.74459
G0 F7200 X67.59 Y50.81
G0 X67.59 Y54.847
G0 X67.78 Y54.847
G1 F3000 X67.22 Y55.406 E1085.76532
G0 F7200 X67.22 Y55.906
G1 F3000 X67.78 Y56.467 E1085.78608
G0 F7200 X67.59 Y56.467
G0 X67.59 Y60.504
G0 X67.78 Y60.504
G1 F3000 X67.22 Y61.063 E1085.8068
G0 F7200 X67.22 Y61.563
G1 F3000 X67.78 Y62.124 E1085.82756
G0 F7200 X67.59 Y62.124
G0 X67.62 Y63.862
G0 X67.9 Y64.14
;TYPE:WALL-INNER
G1 F2400 X67.9 Y35.868 E1086.56808
G1 X67.1 Y35.868 E1086.58903
G1 X67.1 Y64.14 E1087.32954
G1 X67.9 Y64.14 E1087.35049
G0 F7200 X68.3 Y64.54
;TYPE:WALL-OUTER
G1 F1200 X68.3 Y35.468 E1088.11196
G1 X66.7 Y35.468 E1088.15387
G1 X66.7 Y64.54 E1088.91533
G1 X68.3 Y64.54 E1088.95724
G0 F7200 X68.3 Y64.34
G1 F1500 E1082.45724
G0 F7200 X67.62 Y63.862
G0 X67.59 Y65.407
G0 X67.592 Y67.605
G0 X67.593 Y68.68
G0 X67.59 Y71.817
G0 X67.78 Y71.817
;TYPE:FILL
G1 F1500 E1088.95724
G1 F3000 X67.22 Y72.377 E1088.97798
G0 F7200 X67.22 Y72.877
G1 F3000 X67.78 Y73.437 E1088.99872
G0 F7200 X67.59 Y73.437
G0 X67.59 Y77.473
G0 X67.78 Y77.473
G1 F3000 X67.22 Y78.033 E1089.01947
G0 F7200 X67.22 Y78.534
G1 F3000 X67.78 Y79.094 E1089.04021
G0 F7200 X67.59 Y79.094
G0 X67.59 Y83.13
G0 X67.78 Y83.13
G1 F3000 X67.22 Y83.69 E1089.06095
G0 F7200 X67.22 Y84.191
G1 F3000 X67.78 Y84.751 E1089.0817
G0 F7200 X67.59 Y84.751
G0 X67.338 Y87.338
G0 X65.152 Y87.59
G0 X65.152 Y87.78
G1 F3000 X64.593 Y87.22 E1089.10242
G0 F7200 X63.691 Y87.22
G1 F3000 X63.13 Y87.78 E1089.12318
G0 F7200 X63.13 Y87.59
G0 X59.495 Y87.59
G0 X59.495 Y87.78
G1 F3000 X58.936 Y87.22 E1089.14391
G0 F7200 X58.034 Y87.22
G1 F3000 X57.474 Y87.78 E1089.16465
G0 F7200 X57.474 Y87.59
G0 X53.838 Y87.59
G0 X53.838 Y87.78
G1 F3000 X53.279 Y87.22 E1089.18538
G0 F7200 X52.378 Y87.22
G1 F3000 X51.817 Y87.78 E1089.20614
G0 F7200 X51.817 Y87.59
G0 X48.181 Y87.59
G0 X48.181 Y87.779
G1 F3000 X47.622 Y87.22 E1089.22684
G0 F7200 X46.721 Y87.22
G1 F3000 X46.161 Y87.78 E1089.24759
G0 F7200 X46.161 Y87.59
G0 X42.524 Y87.59
G0 X42.524 Y87.779
G1 F3000 X41.965 Y87.22 E1089.26829
G0 F7200 X41.064 Y87.22
G1 F3000 X40.504 Y87.78 E1089.28904
G0 F7200 X40.504 Y87.59
G0 X36.867 Y87.59
G0 X36.867 Y87.779
G1 F3000 X34.476 Y85.388 E1089.3776
G1 X34.406 Y85.318
G0 F7200 X34.513 Y85.578
G0 X36.59 Y85.847
G0 X36.779 Y85.847
G1 F3000 X34.847 Y87.78 E1089.44919
G1 X34.777 Y87.85
G0 F7200 X34.777 Y87.59
G0 X67.338 Y87.338
G0 X66.924 Y86.924
;TYPE:WALL-INNER
G1 F2400 X66.589 Y87.1 E1089.4591
G1 X37.5 Y87.1 E1090.22101
G1 X37.02 Y86.861 E1090.23505
G1 X36.9 Y86.501 E1090.24499
G1 X36.9 Y85.1 E1090.28169
G1 X35.527 Y85.1 E1090.31765
G1 X34.967 Y85.143 E1090.33236
G1 X34.451 Y85.268 E1090.34627
G1 X33.949 Y85.477 E1090.36051
G1 X33.499 Y85.751 E1090.37431
G1 X33.098 Y86.098 E1090.3882
G1 X32.751 Y86.499 E1090.40209
G1 X32.476 Y86.95 E1090.41592
G1 X32.269 Y87.443 E1090.42993
G1 X32.16 Y87.899 E1090.44221
G1 X67.9 Y87.9 E1091.37832
G1 X67.9 Y68.868 E1091.87682
G1 X67.1 Y68.868 E1091.89777
G1 X67.1 Y86.589 E1092.36192
G1 X66.924 Y86.924 E1092.37184
G0 F7200 X66.698 Y86.535
;TYPE:WALL-OUTER
G1 F1200 X66.642 Y86.642 E1092.375
G1 X66.535 Y86.698 E1092.37816
G1 X37.5 Y86.7 E1093.13866
G1 X37.34 Y86.621 E1093.14333
G1 X37.3 Y86.501 E1093.14664
G1 X37.3 Y84.7 E1093.19382
G1 X35.512 Y84.7 E1093.24065
G1 X34.904 Y84.747 E1093.25662
G1 X34.327 Y84.887 E1093.27217
G1 X33.767 Y85.119 E1093.28805
G1 X33.263 Y85.427 E1093.30352
G1 X32.814 Y85.814 E1093.31905
G1 X32.427 Y86.263 E1093.33457
G1 X32.119 Y86.768 E1093.35007
G1 X31.887 Y87.319 E1093.36572
G1 X31.747 Y87.911 E1093.38166
G1 X31.717 Y88.3 E1093.39188
G1 X68.3 Y88.3 E1094.35007
G1 X68.3 Y68.468 E1094.86952
G1 X66.7 Y68.468 E1094.91143
G1 X66.698 Y86.535 E1095.38464
G0 F7200 X66.642 Y86.642
G0 X66.573 Y86.678
G1 F1500 E1088.88464
;MESH:NONMESH
G0 F600 Z9.3
G0 F7200 X66.573 Y87.41
G0 X37.076 Y86.924
G0 X38.153 Y85.847
G0 X38.153 Y84.227
G0 X35.52 Y16.165
G0 X35.52 Y15.071
G0 X34.848 Y12.41
G0 X34.848 Y12.22
;TIME_ELAPSED:1838.254012
;LAYER:60
;TYPE:FILL
;MESH:Wandhalterung TP-Link Media Converter.stl
G1 F1500 E1095.38464
G1 F3000 X36.78 Y14.153 E1095.45623
G1 X36.85 Y14.223
G0 F7200 X36.59 Y14.223
G0 X36.662 Y12.662
G0 X36.867 Y12.22
G1 F3000 X34.476 Y14.612 E1095.54481
G1 X34.406 Y14.682
G0 F7200 X34.514 Y14.423
G0 X36.662 Y12.662
G0 X40.504 Y12.41
G0 X40.504 Y12.22
G1 F3000 X41.064 Y12.78 E1095.56556
G0 F7200 X41.964 Y12.78
G1 F3000 X42.524 Y12.22 E1095.5863
G0 F7200 X42.524 Y12.41
G0 X46.161 Y12.41
G0 X46.161 Y12.22
G1 F3000 X46.721 Y12.78 E1095.60704
G0 F7200 X47.621 Y12.78
G1 F3000 X48.181 Y12.22 E1095.62778
G0 F7200 X48.181 Y12.41
G0 X51.818 Y12.41
G0 X51.818 Y12.22
G1 F3000 X52.378 Y12.78 E1095.64853
G0 F7200 X53.278 Y12.78
G1 F3000 X53.838 Y12.22 E1095.66927
G0 F7200 X53.838 Y12.41
G0 X57.475 Y12.41
G0 X57.475 Y12.22
G1 F3000 X58.034 Y12.78 E1095.69
G0 F7200 X58.935 Y12.78
G1 F3000 X59.495 Y12.22 E1095.71074
G0 F7200 X59.495 Y12.41
G0 X63.132 Y12.41
G0 X63.132 Y12.22
G1 F3000 X63.691 Y12.78 E1095.73146
G0 F7200 X64.591 Y12.78
G1 F3000 X65.151 Y12.22 E1095.75221
G0 F7200 X65.151 Y12.41
G0 X67.338 Y12.662
G0 X67.59 Y15.249
G0 X67.78 Y15.249
G1 F3000 X67.22 Y15.809 E1095.77295
G0 F7200 X67.22 Y16.308
G1 F3000 X67.78 Y16.869 E1095.79371
G0 F7200 X67.59 Y16.869
G0 X67.59 Y20.906
G0 X67.78 Y20.906
G1 F3000 X67.22 Y21.466 E1095.81446
G0 F7200 X67.22 Y21.965
G1 F3000 X67.78 Y22.526 E1095.83522
G0 F7200 X67.59 Y22.526
G0 X67.59 Y26.562
G0 X67.78 Y26.562
G1 F3000 X67.22 Y27.122 E1095.85596
G0 F7200 X67.22 Y27.622
G1 F3000 X67.78 Y28.182 E1095.8767
G0 F7200 X67.59 Y28.182
G0 X67.338 Y12.662
G0 X66.924 Y13.076
;TYPE:WALL-INNER
G1 F2400 X67.1 Y13.5 E1095.88873
G1 X67.1 Y31.064 E1096.34877
G1 X67.9 Y31.064 E1096.36973
G1 X67.9 Y12.1 E1096.86644
G1 X32.161 Y12.1 E1097.80253
G1 X32.265 Y12.547 E1097.81455
G1 X32.472 Y13.045 E1097.82867
G1 X32.75 Y13.497 E1097.84257
G1 X33.098 Y13.902 E1097.85656
G1 X33.499 Y14.245 E1097.87038
G1 X33.951 Y14.524 E1097.88429
G1 X34.45 Y14.731 E1097.89844
G1 X34.967 Y14.853 E1097.91235
G1 X35.529 Y14.9 E1097.92713
G1 X36.9 Y14.9 E1097.96304
G1 X36.9 Y13.5 E1097.9997
G1 X37.02 Y13.139 E1098.00967
G1 X37.409 Y12.9 E1098.02163
G1 X66.5 Y12.9 E1098.78359
G1 X66.924 Y13.076 E1098.79561
G0 F7200 X66.7 Y13.5
;TYPE:WALL-OUTER
G1 F1200 X66.7 Y31.464 E1099.26613
G1 X68.3 Y31.464 E1099.30804
G1 X68.3 Y11.7 E1099.82571
G1 X31.717 Y11.7 E1100.7839
G1 X31.747 Y12.085 E1100.79402
G1 X31.883 Y12.67 E1100.80975
G1 X32.115 Y13.228 E1100.82558
G1 X32.426 Y13.733 E1100.84111
G1 X32.814 Y14.186 E1100.85673
G1 X33.263 Y14.569 E1100.87219
G1 X33.768 Y14.881 E1100.88774
G1 X34.326 Y15.113 E1100.90357
G1 X34.904 Y15.249 E1100.91912
G1 X35.513 Y15.3 E1100.93513
G1 X37.3 Y15.3 E1100.98193
G1 X37.3 Y13.5 E1101.02908
G1 X37.34 Y13.379 E1101.03242
G1 X37.465 Y13.302 E1101.03626
G1 X66.5 Y13.3 E1101.79676
G1 X66.642 Y13.358 E1101.80077
G1 X66.7 Y13.5 E1101.80479
G0 F7200 X66.7 Y13.7
G1 F1500 E1095.30479
G0 F7200 X67.41 Y13.7
G0 X67.585 Y31.256
G0 X67.586 Y32.331
G0 X67.585 Y34.667
G0 X67.585 Y35.762
G0 X67.59 Y37.876
G0 X67.78 Y37.876
;TYPE:FILL
G1 F1500 E1101.80479
G1 F3000 X67.22 Y38.436 E1101.82553
G0 F7200 X67.22 Y38.935
G1 F3000 X67.78 Y39.495 E1101.84628
G0 F7200 X67.59 Y39.495
G0 X67.59 Y43.533
G0 X67.78 Y43.533
G1 F3000 X67.22 Y44.093 E1101.86702
G0 F7200 X67.22 Y44.592
G1 F3000 X67.78 Y45.152 E1101.88776
G0 F7200 X67.59 Y45.152
G0 X67.59 Y49.19
G0 X67.78 Y49.19
G1 F3000 X67.22 Y49.75 E1101.90851
G0 F7200 X67.22 Y50.249
G1 F3000 X67.78 Y50.809 E1101.92925
G0 F7200 X67.59 Y50.809
G0 X67.59 Y54.847
G0 X67.78 Y54.847
G1 F3000 X67.22 Y55.407 E1101.94999
G0 F7200 X67.22 Y55.906
G1 F3000 X67.78 Y56.466 E1101.97074
G0 F7200 X67.59 Y56.466
G0 X67.59 Y60.504
G0 X67.78 Y60.504
G1 F3000 X67.22 Y61.064 E1101.99148
G0 F7200 X67.22 Y61.563
G1 F3000 X67.78 Y62.123 E1102.01222
G0 F7200 X67.59 Y62.123
G0 X67.62 Y63.786
G0 X67.9 Y64.064
;TYPE:WALL-INNER
G1 F2400 X67.9 Y35.932 E1102.74907
G1 X67.1 Y35.932 E1102.77002
G1 X67.1 Y64.064 E1103.50686
G1 X67.9 Y64.064 E1103.52782
G0 F7200 X68.3 Y64.464
;TYPE:WALL-OUTER
G1 F1200 X68.3 Y35.532 E1104.28562
G1 X66.7 Y35.532 E1104.32752
G1 X66.7 Y64.464 E1105.08532
G1 X68.3 Y64.464 E1105.12723
G0 F7200 X68.3 Y64.264
G1 F1500 E1098.62723
G0 F7200 X67.62 Y63.786
G0 X67.585 Y65.331
G0 X67.586 Y67.668
G0 X67.587 Y68.743
G0 X67.59 Y71.817
G0 X67.78 Y71.817
;TYPE:FILL
G1 F1500 E1105.12723
G1 F3000 X67.22 Y72.377 E1105.14797
G0 F7200 X67.22 Y72.877
G1 F3000 X67.78 Y73.437 E1105.16872
G0 F7200 X67.59 Y73.437
G0 X67.59 Y77.473
G0 X67.78 Y77.473
G1 F3000 X67.22 Y78.033 E1105.18946
G0 F7200 X67.22 Y78.534
G1 F3000 X67.78 Y79.094 E1105.2102
G0 F7200 X67.59 Y79.094
G0 X67.59 Y83.13
G0 X67.78 Y83.13
G1 F3000 X67.22 Y83.69 E1105.23095
G0 F7200 X67.22 Y84.191
G1 F3000 X67.78 Y84.751 E1105.25169
G0 F7200 X67.59 Y84.751
G0 X67.338 Y87.338
G0 X65.152 Y87.59
G0 X65.152 Y87.78
G1 F3000 X64.593 Y87.22 E1105.27241
G0 F7200 X63.691 Y87.22
G1 F3000 X63.13 Y87.78 E1105.29317
G0 F7200 X63.13 Y87.59
G0 X59.495 Y87.59
G0 X59.495 Y87.78
G1 F3000 X58.936 Y87.22 E1105.3139
G0 F7200 X58.034 Y87.22
G1 F3000 X57.474 Y87.78 E1105.33464
G0 F7200 X57.474 Y87.59
G0 X53.838 Y87.59
G0 X53.838 Y87.78
G1 F3000 X53.279 Y87.22 E1105.35537
G0 F7200 X52.378 Y87.22
G1 F3000 X51.817 Y87.78 E1105.37613
G0 F7200 X51.817 Y87.59
G0 X48.181 Y87.59
G0 X48.181 Y87.779
G1 F3000 X47.622 Y87.22 E1105.39684
G0 F7200 X46.721 Y87.22
G1 F3000 X46.161 Y87.78 E1105.41758
G0 F7200 X46.161 Y87.59
G0 X42.524 Y87.59
G0 X42.524 Y87.779
G1 F3000 X41.965 Y87.22 E1105.43829
G0 F7200 X41.064 Y87.22
G1 F3000 X40.504 Y87.78 E1105.45903
G0 F7200 X40.504 Y87.59
G0 X36.867 Y87.59
G0 X36.867 Y87.779
G1 F3000 X34.476 Y85.388 E1105.5476
G1 X34.406 Y85.318
G0 F7200 X34.513 Y85.578
G0 X36.59 Y85.847
G0 X36.779 Y85.847
G1 F3000 X34.847 Y87.78 E1105.61918
G1 X34.777 Y87.85
G0 F7200 X34.777 Y87.59
G0 X67.338 Y87.338
G0 X66.924 Y86.924
;TYPE:WALL-INNER
G1 F2400 X66.589 Y87.1 E1105.62909
G1 X37.5 Y87.1 E1106.391
G1 X37.02 Y86.861 E1106.40504
G1 X36.9 Y86.501 E1106.41498
G1 X36.9 Y85.1 E1106.45168
G1 X35.527 Y85.1 E1106.48764
G1 X34.967 Y85.143 E1106.50235
G1 X34.451 Y85.268 E1106.51626
G1 X33.949 Y85.477 E1106.5305
G1 X33.499 Y85.751 E1106.5443
G1 X33.098 Y86.098 E1106.55819
G1 X32.751 Y86.499 E1106.57208
G1 X32.476 Y86.95 E1106.58591
G1 X32.269 Y87.443 E1106.59992
G1 X32.16 Y87.899 E1106.6122
G1 X67.9 Y87.9 E1107.54831
G1 X67.9 Y68.932 E1108.04513
G1 X67.1 Y68.932 E1108.06609
G1 X67.1 Y86.589 E1108.52856
G1 X66.924 Y86.924 E1108.53848
G0 F7200 X66.698 Y86.535
;TYPE:WALL-OUTER
G1 F1200 X66.642 Y86.642 E1108.54164
G1 X66.535 Y86.698 E1108.5448
G1 X37.5 Y86.7 E1109.3053
G1 X37.34 Y86.621 E1109.30997
G1 X37.3 Y86.501 E1109.31328
G1 X37.3 Y84.7 E1109.36046
G1 X35.512 Y84.7 E1109.40729
G1 X34.904 Y84.747 E1109.42326
G1 X34.327 Y84.887 E1109.43881
G1 X33.767 Y85.119 E1109.45469
G1 X33.263 Y85.427 E1109.47016
G1 X32.814 Y85.814 E1109.48569
G1 X32.427 Y86.263 E1109.50121
G1 X32.119 Y86.768 E1109.5167
G1 X31.887 Y87.319 E1109.53236
G1 X31.747 Y87.911 E1109.5483
G1 X31.717 Y88.3 E1109.55852
G1 X68.3 Y88.3 E1110.51671
G1 X68.3 Y68.532 E1111.03448
G1 X66.7 Y68.532 E1111.07639
G1 X66.698 Y86.535 E1111.54793
G0 F7200 X66.642 Y86.642
G0 X66.573 Y86.678
G1 F1500 E1105.04793
;MESH:NONMESH
G0 F600 Z9.45
G0 F7200 X66.573 Y87.41
G0 X37.076 Y86.924
G0 X38.153 Y85.847
G0 X38.153 Y84.227
G0 X35.52 Y16.165
G0 X35.52 Y15.071
G0 X34.848 Y12.41
G0 X34.848 Y12.22
;TIME_ELAPSED:1866.789409
;LAYER:61
;TYPE:FILL
;MESH:Wandhalterung TP-Link Media Converter.stl
G1 F1500 E1111.54793
G1 F3000 X36.78 Y14.153 E1111.61951
G1 X36.85 Y14.223
G0 F7200 X36.59 Y14.223
G0 X36.662 Y12.662
G0 X36.867 Y12.22
G1 F3000 X34.476 Y14.612 E1111.7081
G1 X34.406 Y14.682
G0 F7200 X34.514 Y14.423
G0 X36.662 Y12.662
G0 X40.504 Y12.41
G0 X40.504 Y12.22
G1 F3000 X41.064 Y12.78 E1111.72884
G0 F7200 X41.964 Y12.78
G1 F3000 X42.524 Y12.22 E1111.74958
G0 F7200 X42.524 Y12.41
G0 X46.161 Y12.41
G0 X46.161 Y12.22
G1 F3000 X46.721 Y12.78 E1111.77033
G0 F7200 X47.621 Y12.78
G1 F3000 X48.181 Y12.22 E1111.79107
G0 F7200 X48.181 Y12.41
G0 X51.818 Y12.41
G0 X51.818 Y12.22
G1 F3000 X52.378 Y12.78 E1111.81181
G0 F7200 X53.278 Y12.78
G1 F3000 X53.838 Y12.22 E1111.83256
G0 F7200 X53.838 Y12.41
G0 X57.475 Y12.41
G0 X57.475 Y12.22
G1 F3000 X58.034 Y12.78 E1111.85328
G0 F7200 X58.935 Y12.78
G1 F3000 X59.495 Y12.22 E1111.87403
G0 F7200 X59.495 Y12.41
G0 X63.132 Y12.41
G0 X63.132 Y12.22
G1 F3000 X63.691 Y12.78 E1111.89475
G0 F7200 X64.591 Y12.78
G1 F3000 X65.151 Y12.22 E1111.91549
G0 F7200 X65.151 Y12.41
G0 X67.338 Y12.662
G0 X67.59 Y15.249
G0 X67.78 Y15.249
G1 F3000 X67.22 Y15.809 E1111.93624
G0 F7200 X67.22 Y16.308
G1 F3000 X67.78 Y16.869 E1111.957
G0 F7200 X67.59 Y16.869
G0 X67.59 Y20.906
G0 X67.78 Y20.906
G1 F3000 X67.22 Y21.466 E1111.97774
G0 F7200 X67.22 Y21.965
G1 F3000 X67.78 Y22.526 E1111.9985
G0 F7200 X67.59 Y22.526
G0 X67.59 Y26.562
G0 X67.78 Y26.562
G1 F3000 X67.22 Y27.122 E1112.01925
G0 F7200 X67.22 Y27.622
G1 F3000 X67.78 Y28.182 E1112.03999
G0 F7200 X67.59 Y28.182
G0 X67.338 Y12.662
G0 X66.924 Y13.076
;TYPE:WALL-INNER
G1 F2400 X67.1 Y13.5 E1112.05201
G1 X67.1 Y31.004 E1112.51049
G1 X67.9 Y31.004 E1112.53144
G1 X67.9 Y12.1 E1113.02658
G1 X32.161 Y12.1 E1113.96267
G1 X32.265 Y12.547 E1113.97469
G1 X32.472 Y13.045 E1113.98882
G1 X32.75 Y13.497 E1114.00271
G1 X33.098 Y13.902 E1114.0167
G1 X33.499 Y14.245 E1114.03052
G1 X33.951 Y14.524 E1114.04443
G1 X34.45 Y14.731 E1114.05858
G1 X34.967 Y14.853 E1114.0725
G1 X35.529 Y14.9 E1114.08727
G1 X36.9 Y14.9 E1114.12318
G1 X36.9 Y13.5 E1114.15985
G1 X37.02 Y13.139 E1114.16981
G1 X37.409 Y12.9 E1114.18177
G1 X66.5 Y12.9 E1114.94373
G1 X66.924 Y13.076 E1114.95576
G0 F7200 X66.7 Y13.5
;TYPE:WALL-OUTER
G1 F1200 X66.7 Y31.404 E1115.4247
G1 X68.3 Y31.404 E1115.46661
G1 X68.3 Y11.7 E1115.98271
G1 X31.717 Y11.7 E1116.9409
G1 X31.747 Y12.085 E1116.95102
G1 X31.883 Y12.67 E1116.96675
G1 X32.115 Y13.228 E1116.98258
G1 X32.426 Y13.733 E1116.99811
G1 X32.814 Y14.186 E1117.01373
G1 X33.263 Y14.569 E1117.02919
G1 X33.768 Y14.881 E1117.04474
G1 X34.326 Y15.113 E1117.06057
G1 X34.904 Y15.249 E1117.07612
G1 X35.513 Y15.3 E1117.09213
G1 X37.3 Y15.3 E1117.13893
G1 X37.3 Y13.5 E1117.18608
G1 X37.34 Y13.379 E1117.18942
G1 X37.465 Y13.302 E1117.19326
G1 X66.5 Y13.3 E1117.95376
G1 X66.642 Y13.358 E1117.95777
G1 X66.7 Y13.5 E1117.96179
G0 F7200 X66.7 Y13.7
G1 F1500 E1111.46179
G0 F7200 X67.41 Y13.7
G0 X67.585 Y31.196
G0 X67.586 Y32.271
G0 X67.587 Y34.722
G0 X67.588 Y35.797
G0 X67.59 Y37.876
G0 X67.78 Y37.876
;TYPE:FILL
G1 F1500 E1117.96179
G1 F3000 X67.22 Y38.435 E1117.98252
G0 F7200 X67.22 Y38.935
G1 F3000 X67.78 Y39.496 E1118.00328
G0 F7200 X67.59 Y39.496
G0 X67.59 Y43.533
G0 X67.78 Y43.533
G1 F3000 X67.22 Y44.092 E1118.024
G0 F7200 X67.22 Y44.592
G1 F3000 X67.78 Y45.153 E1118.04476
G0 F7200 X67.59 Y45.153
G0 X67.59 Y49.19
G0 X67.78 Y49.19
G1 F3000 X67.22 Y49.749 E1118.06549
G0 F7200 X67.22 Y50.249
G1 F3000 X67.78 Y50.81 E1118.08625
G0 F7200 X67.59 Y50.81
G0 X67.59 Y54.847
G0 X67.78 Y54.847
G1 F3000 X67.22 Y55.406 E1118.10698
G0 F7200 X67.22 Y55.906
G1 F3000 X67.78 Y56.467 E1118.12774
G0 F7200 X67.59 Y56.467
G0 X67.59 Y60.504
G0 X67.78 Y60.504
G1 F3000 X67.22 Y61.063 E1118.14846
G0 F7200 X67.22 Y61.563
G1 F3000 X67.78 Y62.124 E1118.16922
G0 F7200 X67.59 Y62.124
G0 X67.62 Y63.727
G0 X67.9 Y64.004
;TYPE:WALL-INNER
G1 F2400 X67.9 Y35.984 E1118.90313
G1 X67.1 Y35.984 E1118.92409
G1 X67.1 Y64.004 E1119.658
G1 X67.9 Y64.004 E1119.67895
G0 F7200 X68.3 Y64.404
;TYPE:WALL-OUTER
G1 F1200 X68.3 Y35.584 E1120.43382
G1 X66.7 Y35.584 E1120.47572
G1 X66.7 Y64.404 E1121.23059
G1 X68.3 Y64.404 E1121.27249
G0 F7200 X68.3 Y64.204
G1 F1500 E1114.77249
G0 F7200 X67.62 Y63.727
G0 X67.59 Y65.272
G0 X67.592 Y67.722
G0 X67.593 Y68.797
G0 X67.59 Y71.817
G0 X67.78 Y71.817
;TYPE:FILL
G1 F1500 E1121.27249
G1 F3000 X67.22 Y72.377 E1121.29324
G0 F7200 X67.22 Y72.877
G1 F3000 X67.78 Y73.437 E1121.31398
G0 F7200 X67.59 Y73.437
G0 X67.59 Y77.473
G0 X67.78 Y77.473
G1 F3000 X67.22 Y78.033 E1121.33472
G0 F7200 X67.22 Y78.534
G1 F3000 X67.78 Y79.094 E1121.35547
G0 F7200 X67.59 Y79.094
G0 X67.59 Y83.13
G0 X67.78 Y83.13
G1 F3000 X67.22 Y83.69 E1121.37621
G0 F7200 X67.22 Y84.191
G1 F3000 X67.78 Y84.751 E1121.39695
G0 F7200 X67.59 Y84.751
G0 X67.338 Y87.338
G0 X65.152 Y87.59
G0 X65.152 Y87.78
G1 F3000 X64.593 Y87.22 E1121.41768
G0 F7200 X63.691 Y87.22
G1 F3000 X63.13 Y87.78 E1121.43844
G0 F7200 X63.13 Y87.59
G0 X59.495 Y87.59
G0 X59.495 Y87.78
G1 F3000 X58.936 Y87.22 E1121.45917
G0 F7200 X58.034 Y87.22
G1 F3000 X57.474 Y87.78 E1121.47991
G0 F7200 X57.474 Y87.59
G0 X53.838 Y87.59
G0 X53.838 Y87.78
G1 F3000 X53.279 Y87.22 E1121.50063
G0 F7200 X52.378 Y87.22
G1 F3000 X51.817 Y87.78 E1121.5214
G0 F7200 X51.817 Y87.59
G0 X48.181 Y87.59
G0 X48.181 Y87.779
G1 F3000 X47.622 Y87.22 E1121.5421
G0 F7200 X46.721 Y87.22
G1 F3000 X46.161 Y87.78 E1121.56285
G0 F7200 X46.161 Y87.59
G0 X42.524 Y87.59
G0 X42.524 Y87.779
G1 F3000 X41.965 Y87.22 E1121.58355
G0 F7200 X41.064 Y87.22
G1 F3000 X40.504 Y87.78 E1121.60429
G0 F7200 X40.504 Y87.59
G0 X36.867 Y87.59
G0 X36.867 Y87.779
G1 F3000 X34.476 Y85.388 E1121.69286
G1 X34.406 Y85.318
G0 F7200 X34.513 Y85.578
G0 X36.59 Y85.847
G0 X36.779 Y85.847
G1 F3000 X34.847 Y87.78 E1121.76444
G1 X34.777 Y87.85
G0 F7200 X34.777 Y87.59
G0 X67.338 Y87.338
G0 X66.924 Y86.924
;TYPE:WALL-INNER
G1 F2400 X66.589 Y87.1 E1121.77436
G1 X37.5 Y87.1 E1122.53626
G1 X37.02 Y86.861 E1122.55031
G1 X36.9 Y86.501 E1122.56025
G1 X36.9 Y85.1 E1122.59694
G1 X35.527 Y85.1 E1122.63291
G1 X34.967 Y85.143 E1122.64762
G1 X34.451 Y85.268 E1122.66152
G1 X33.949 Y85.477 E1122.67577
G1 X33.499 Y85.751 E1122.68957
G1 X33.098 Y86.098 E1122.70346
G1 X32.751 Y86.499 E1122.71734
G1 X32.476 Y86.95 E1122.73118
G1 X32.269 Y87.443 E1122.74519
G1 X32.16 Y87.899 E1122.75747
G1 X67.9 Y87.9 E1123.69358
G1 X67.9 Y68.984 E1124.18904
G1 X67.1 Y68.984 E1124.20999
G1 X67.1 Y86.589 E1124.67111
G1 X66.924 Y86.924 E1124.68102
G0 F7200 X66.698 Y86.535
;TYPE:WALL-OUTER
G1 F1200 X66.642 Y86.642 E1124.68418
G1 X66.535 Y86.698 E1124.68734
G1 X37.5 Y86.7 E1125.44784
G1 X37.34 Y86.621 E1125.45251
G1 X37.3 Y86.501 E1125.45583
G1 X37.3 Y84.7 E1125.503
G1 X35.512 Y84.7 E1125.54983
G1 X34.904 Y84.747 E1125.5658
G1 X34.327 Y84.887 E1125.58135
G1 X33.767 Y85.119 E1125.59723
G1 X33.263 Y85.427 E1125.6127
G1 X32.814 Y85.814 E1125.62823
G1 X32.427 Y86.263 E1125.64375
G1 X32.119 Y86.768 E1125.65925
G1 X31.887 Y87.319 E1125.67491
G1 X31.747 Y87.911 E1125.69084
G1 X31.717 Y88.3 E1125.70106
G1 X68.3 Y88.3 E1126.65925
G1 X68.3 Y68.584 E1127.17566
G1 X66.7 Y68.584 E1127.21757
G1 X66.698 Y86.535 E1127.68775
G0 F7200 X66.642 Y86.642
G0 X66.573 Y86.678
G1 F1500 E1121.18775
;MESH:NONMESH
G0 F600 Z9.6
G0 F7200 X66.573 Y87.41
G0 X37.076 Y86.924
G0 X38.153 Y85.847
G0 X38.153 Y84.227
G0 X35.52 Y16.165
G0 X35.52 Y15.071
G0 X34.848 Y12.41
G0 X34.848 Y12.22
;TIME_ELAPSED:1895.291046
;LAYER:62
;TYPE:FILL
;MESH:Wandhalterung TP-Link Media Converter.stl
G1 F1500 E1127.68775
G1 F3000 X36.78 Y14.153 E1127.75933
G1 X36.85 Y14.223
G0 F7200 X36.59 Y14.223
G0 X36.662 Y12.662
G0 X36.867 Y12.22
G1 F3000 X34.476 Y14.612 E1127.84792
G1 X34.406 Y14.682
G0 F7200 X34.514 Y14.423
G0 X36.662 Y12.662
G0 X40.504 Y12.41
G0 X40.504 Y12.22
G1 F3000 X41.064 Y12.78 E1127.86866
G0 F7200 X41.964 Y12.78
G1 F3000 X42.524 Y12.22 E1127.8894
G0 F7200 X42.524 Y12.41
G0 X46.161 Y12.41
G0 X46.161 Y12.22
G1 F3000 X46.721 Y12.78 E1127.91015
G0 F7200 X47.621 Y12.78
G1 F3000 X48.181 Y12.22 E1127.93089
G0 F7200 X48.181 Y12.41
G0 X51.818 Y12.41
G0 X51.818 Y12.22
G1 F3000 X52.378 Y12.78 E1127.95163
G0 F7200 X53.278 Y12.78
G1 F3000 X53.838 Y12.22 E1127.97238
G0 F7200 X53.838 Y12.41
G0 X57.475 Y12.41
G0 X57.475 Y12.22
G1 F3000 X58.034 Y12.78 E1127.9931
G0 F7200 X58.935 Y12.78
G1 F3000 X59.495 Y12.22 E1128.01384
G0 F7200 X59.495 Y12.41
G0 X63.132 Y12.41
G0 X63.132 Y12.22
G1 F3000 X63.691 Y12.78 E1128.03457
G0 F7200 X64.591 Y12.78
G1 F3000 X65.151 Y12.22 E1128.05531
G0 F7200 X65.151 Y12.41
G0 X67.338 Y12.662
G0 X67.59 Y15.249
G0 X67.78 Y15.249
G1 F3000 X67.22 Y15.809 E1128.07606
G0 F7200 X67.22 Y16.308
G1 F3000 X67.78 Y16.869 E1128.09682
G0 F7200 X67.59 Y16.869
G0 X67.59 Y20.906
G0 X67.78 Y20.906
G1 F3000 X67.22 Y21.466 E1128.11756
G0 F7200 X67.22 Y21.965
G1 F3000 X67.78 Y22.526 E1128.13832
G0 F7200 X67.59 Y22.526
G0 X67.59 Y26.562
G0 X67.78 Y26.562
G1 F3000 X67.22 Y27.122 E1128.15907
G0 F7200 X67.22 Y27.622
G1 F3000 X67.78 Y28.182 E1128.17981
G0 F7200 X67.59 Y28.182
G0 X67.338 Y12.662
G0 X66.924 Y13.076
;TYPE:WALL-INNER
G1 F2400 X67.1 Y13.5 E1128.19183
G1 X67.1 Y30.97 E1128.64941
G1 X67.9 Y30.969 E1128.67037
G1 X67.9 Y12.1 E1129.16459
G1 X32.161 Y12.1 E1130.10068
G1 X32.265 Y12.547 E1130.1127
G1 X32.472 Y13.045 E1130.12683
G1 X32.75 Y13.497 E1130.14072
G1 X33.098 Y13.902 E1130.15471
G1 X33.499 Y14.245 E1130.16853
G1 X33.951 Y14.524 E1130.18244
G1 X34.45 Y14.731 E1130.19659
G1 X34.967 Y14.853 E1130.21051
G1 X35.529 Y14.9 E1130.22528
G1 X36.9 Y14.9 E1130.26119
G1 X36.9 Y13.5 E1130.29786
G1 X37.02 Y13.139 E1130.30782
G1 X37.409 Y12.9 E1130.31978
G1 X66.5 Y12.9 E1131.08174
G1 X66.924 Y13.076 E1131.09377
G0 F7200 X66.7 Y13.5
;TYPE:WALL-OUTER
G1 F1200 X66.7 Y31.371 E1131.56185
G1 X68.3 Y31.368 E1131.60376
G1 X68.3 Y11.7 E1132.11891
G1 X31.717 Y11.7 E1133.0771
G1 X31.747 Y12.085 E1133.08722
G1 X31.883 Y12.67 E1133.10295
G1 X32.115 Y13.228 E1133.11878
G1 X32.426 Y13.733 E1133.13431
G1 X32.814 Y14.186 E1133.14994
G1 X33.263 Y14.569 E1133.16539
G1 X33.768 Y14.881 E1133.18094
G1 X34.326 Y15.113 E1133.19677
G1 X34.904 Y15.249 E1133.21232
G1 X35.513 Y15.3 E1133.22833
G1 X37.3 Y15.3 E1133.27513
G1 X37.3 Y13.5 E1133.32228
G1 X37.34 Y13.379 E1133.32562
G1 X37.465 Y13.302 E1133.32946
G1 X66.5 Y13.3 E1134.08996
G1 X66.642 Y13.358 E1134.09398
G1 X66.7 Y13.5 E1134.09799
G0 F7200 X66.7 Y13.7
G1 F1500 E1127.59799
G0 F7200 X67.41 Y13.7
G0 X67.585 Y31.161
G0 X67.586 Y32.236
G0 X67.587 Y34.777
G0 X67.588 Y35.852
G0 X67.59 Y37.875
G0 X67.78 Y37.875
;TYPE:FILL
G1 F1500 E1134.09799
G1 F3000 X67.22 Y38.435 E1134.11874
G0 F7200 X67.22 Y38.936
G1 F3000 X67.78 Y39.496 E1134.13948
G0 F7200 X67.59 Y39.496
G0 X67.59 Y43.532
G0 X67.78 Y43.532
G1 F3000 X67.22 Y44.092 E1134.16022
G0 F7200 X67.22 Y44.593
G1 F3000 X67.78 Y45.153 E1134.18097
G0 F7200 X67.59 Y45.153
G0 X67.59 Y49.189
G0 X67.78 Y49.189
G1 F3000 X67.22 Y49.749 E1134.20171
G0 F7200 X67.22 Y50.25
G1 F3000 X67.78 Y50.81 E1134.22245
G0 F7200 X67.59 Y50.81
G0 X67.59 Y54.846
G0 X67.78 Y54.846
G1 F3000 X67.22 Y55.406 E1134.2432
G0 F7200 X67.22 Y55.907
G1 F3000 X67.78 Y56.467 E1134.26394
G0 F7200 X67.59 Y56.467
G0 X67.59 Y60.503
G0 X67.78 Y60.503
G1 F3000 X67.22 Y61.063 E1134.28468
G0 F7200 X67.22 Y61.564
G1 F3000 X67.78 Y62.124 E1134.30543
G0 F7200 X67.59 Y62.124
G0 X67.62 Y63.692
G0 X67.9 Y63.972
;TYPE:WALL-INNER
G1 F2400 X67.9 Y36.04 E1135.03703
G1 X67.1 Y36.04 E1135.05799
G1 X67.1 Y63.972 E1135.78959
G1 X67.9 Y63.972 E1135.81055
G0 F7200 X68.3 Y64.372
;TYPE:WALL-OUTER
G1 F1200 X68.3 Y35.64 E1136.5631
G1 X66.7 Y35.64 E1136.60501
G1 X66.7 Y64.372 E1137.35757
G1 X68.3 Y64.372 E1137.39948
G0 F7200 X68.3 Y64.172
G1 F1500 E1130.89948
G0 F7200 X67.62 Y63.692
G0 X67.59 Y65.237
G0 X67.592 Y67.777
G0 X67.593 Y68.852
G0 X67.59 Y71.817
G0 X67.78 Y71.817
;TYPE:FILL
G1 F1500 E1137.39948
G1 F3000 X67.22 Y72.377 E1137.42022
G0 F7200 X67.22 Y72.877
G1 F3000 X67.78 Y73.437 E1137.44096
G0 F7200 X67.59 Y73.437
G0 X67.59 Y77.474
G0 X67.78 Y77.474
G1 F3000 X67.22 Y78.033 E1137.46169
G0 F7200 X67.22 Y78.533
G1 F3000 X67.78 Y79.094 E1137.48245
G0 F7200 X67.59 Y79.094
G0 X67.59 Y83.131
G0 X67.78 Y83.131
G1 F3000 X67.22 Y83.69 E1137.50318
G0 F7200 X67.22 Y84.19
G1 F3000 X67.78 Y84.751 E1137.52394
G0 F7200 X67.59 Y84.751
G0 X67.338 Y87.338
G0 X65.152 Y87.59
G0 X65.152 Y87.78
G1 F3000 X64.593 Y87.22 E1137.54466
G0 F7200 X63.691 Y87.22
G1 F3000 X63.13 Y87.78 E1137.56542
G0 F7200 X63.13 Y87.59
G0 X59.495 Y87.59
G0 X59.495 Y87.78
G1 F3000 X58.936 Y87.22 E1137.58615
G0 F7200 X58.034 Y87.22
G1 F3000 X57.474 Y87.78 E1137.60689
G0 F7200 X57.474 Y87.59
G0 X53.838 Y87.59
G0 X53.838 Y87.78
G1 F3000 X53.279 Y87.22 E1137.62762
G0 F7200 X52.378 Y87.22
G1 F3000 X51.817 Y87.78 E1137.64838
G0 F7200 X51.817 Y87.59
G0 X48.181 Y87.59
G0 X48.181 Y87.779
G1 F3000 X47.622 Y87.22 E1137.66909
G0 F7200 X46.721 Y87.22
G1 F3000 X46.161 Y87.78 E1137.68983
G0 F7200 X46.161 Y87.59
G0 X42.524 Y87.59
G0 X42.524 Y87.779
G1 F3000 X41.965 Y87.22 E1137.71053
G0 F7200 X41.064 Y87.22
G1 F3000 X40.504 Y87.78 E1137.73128
G0 F7200 X40.504 Y87.59
G0 X36.867 Y87.59
G0 X36.867 Y87.779
G1 F3000 X34.476 Y85.388 E1137.81984
G1 X34.406 Y85.318
G0 F7200 X34.513 Y85.578
G0 X36.59 Y85.847
G0 X36.779 Y85.847
G1 F3000 X34.847 Y87.78 E1137.89143
G1 X34.777 Y87.85
G0 F7200 X34.777 Y87.59
G0 X67.338 Y87.338
G0 X66.924 Y86.924
;TYPE:WALL-INNER
G1 F2400 X66.589 Y87.1 E1137.90134
G1 X37.5 Y87.1 E1138.66325
G1 X37.02 Y86.861 E1138.67729
G1 X36.9 Y86.501 E1138.68723
G1 X36.9 Y85.1 E1138.72393
G1 X35.527 Y85.1 E1138.75989
G1 X34.967 Y85.143 E1138.7746
G1 X34.451 Y85.268 E1138.78851
G1 X33.949 Y85.477 E1138.80275
G1 X33.499 Y85.751 E1138.81655
G1 X33.098 Y86.098 E1138.83044
G1 X32.751 Y86.499 E1138.84433
G1 X32.476 Y86.95 E1138.85816
G1 X32.269 Y87.443 E1138.87217
G1 X32.16 Y87.899 E1138.88445
G1 X67.9 Y87.9 E1139.82056
G1 X67.9 Y69.04 E1140.31455
G1 X67.1 Y69.04 E1140.33551
G1 X67.1 Y86.589 E1140.79516
G1 X66.924 Y86.924 E1140.80507
G0 F7200 X66.698 Y86.535
;TYPE:WALL-OUTER
G1 F1200 X66.642 Y86.642 E1140.80823
G1 X66.535 Y86.698 E1140.81139
G1 X37.5 Y86.7 E1141.57189
G1 X37.34 Y86.621 E1141.57656
G1 X37.3 Y86.501 E1141.57988
G1 X37.3 Y84.7 E1141.62705
G1 X35.512 Y84.7 E1141.67388
G1 X34.904 Y84.747 E1141.68985
G1 X34.327 Y84.887 E1141.7054
G1 X33.767 Y85.119 E1141.72128
G1 X33.263 Y85.427 E1141.73675
G1 X32.814 Y85.814 E1141.75228
G1 X32.427 Y86.263 E1141.7678
G1 X32.119 Y86.768 E1141.7833
G1 X31.887 Y87.319 E1141.79896
G1 X31.747 Y87.911 E1141.81489
G1 X31.717 Y88.3 E1141.82511
G1 X68.3 Y88.3 E1142.7833
G1 X68.3 Y68.64 E1143.29824
G1 X66.7 Y68.64 E1143.34015
G1 X66.698 Y86.535 E1143.80886
G0 F7200 X66.642 Y86.642
G0 X66.573 Y86.678
G1 F1500 E1137.30886
;MESH:NONMESH
G0 F600 Z9.75
G0 F7200 X66.573 Y87.41
G0 X37.076 Y86.924
G0 X38.153 Y85.847
G0 X38.153 Y84.227
G0 X35.52 Y16.165
G0 X35.52 Y15.071
G0 X34.848 Y12.41
G0 X34.848 Y12.22
;TIME_ELAPSED:1923.765842
;LAYER:63
;TYPE:FILL
;MESH:Wandhalterung TP-Link Media Converter.stl
G1 F1500 E1143.80886
G1 F3000 X36.78 Y14.153 E1143.88045
G1 X36.85 Y14.223
G0 F7200 X36.59 Y14.223
G0 X36.662 Y12.662
G0 X36.867 Y12.22
G1 F3000 X34.476 Y14.612 E1143.96903
G1 X34.406 Y14.682
G0 F7200 X34.514 Y14.423
G0 X36.662 Y12.662
G0 X40.504 Y12.41
G0 X40.504 Y12.22
G1 F3000 X41.064 Y12.78 E1143.98978
G0 F7200 X41.964 Y12.78
G1 F3000 X42.524 Y12.22 E1144.01052
G0 F7200 X42.524 Y12.41
G0 X46.161 Y12.41
G0 X46.161 Y12.22
G1 F3000 X46.721 Y12.78 E1144.03126
G0 F7200 X47.621 Y12.78
G1 F3000 X48.181 Y12.22 E1144.05201
G0 F7200 X48.181 Y12.41
G0 X51.818 Y12.41
G0 X51.818 Y12.22
G1 F3000 X52.378 Y12.78 E1144.07275
G0 F7200 X53.278 Y12.78
G1 F3000 X53.838 Y12.22 E1144.09349
G0 F7200 X53.838 Y12.41
G0 X57.475 Y12.41
G0 X57.475 Y12.22
G1 F3000 X58.034 Y12.78 E1144.11422
G0 F7200 X58.935 Y12.78
G1 F3000 X59.495 Y12.22 E1144.13496
G0 F7200 X59.495 Y12.41
G0 X63.132 Y12.41
G0 X63.132 Y12.22
G1 F3000 X63.691 Y12.78 E1144.15569
G0 F7200 X64.591 Y12.78
G1 F3000 X65.151 Y12.22 E1144.17643
G0 F7200 X65.151 Y12.41
G0 X67.338 Y12.662
G0 X67.59 Y15.248
G0 X67.78 Y15.248
G1 F3000 X67.22 Y15.808 E1144.19717
G0 F7200 X67.22 Y16.308
G1 F3000 X67.78 Y16.869 E1144.21793
G0 F7200 X67.59 Y16.869
G0 X67.59 Y20.905
G0 X67.78 Y20.905
G1 F3000 X67.22 Y21.465 E1144.23868
G0 F7200 X67.22 Y21.965
G1 F3000 X67.78 Y22.526 E1144.25944
G0 F7200 X67.59 Y22.526
G0 X67.59 Y26.562
G0 X67.78 Y26.562
G1 F3000 X67.22 Y27.122 E1144.28018
G0 F7200 X67.22 Y27.622
G1 F3000 X67.78 Y28.182 E1144.30093
G0 F7200 X67.59 Y28.182
G0 X67.338 Y12.662
G0 X66.924 Y13.076
;TYPE:WALL-INNER
G1 F2400 X67.1 Y13.5 E1144.31295
G1 X67.1 Y30.934 E1144.76959
G1 X67.9 Y30.933 E1144.79054
G1 X67.9 Y12.1 E1145.28382
G1 X32.161 Y12.1 E1146.21991
G1 X32.265 Y12.547 E1146.23193
G1 X32.472 Y13.045 E1146.24606
G1 X32.75 Y13.497 E1146.25996
G1 X33.098 Y13.902 E1146.27394
G1 X33.499 Y14.245 E1146.28776
G1 X33.951 Y14.524 E1146.30168
G1 X34.45 Y14.731 E1146.31583
G1 X34.967 Y14.853 E1146.32974
G1 X35.529 Y14.9 E1146.34451
G1 X36.9 Y14.9 E1146.38042
G1 X36.9 Y13.5 E1146.41709
G1 X37.02 Y13.139 E1146.42705
G1 X37.409 Y12.9 E1146.43901
G1 X66.5 Y12.9 E1147.20097
G1 X66.924 Y13.076 E1147.213
G0 F7200 X66.7 Y13.5
;TYPE:WALL-OUTER
G1 F1200 X66.7 Y31.335 E1147.68014
G1 X68.3 Y31.332 E1147.72205
G1 X68.3 Y11.7 E1148.23625
G1 X31.717 Y11.7 E1149.19445
G1 X31.747 Y12.085 E1149.20456
G1 X31.883 Y12.67 E1149.2203
G1 X32.115 Y13.228 E1149.23612
G1 X32.426 Y13.733 E1149.25166
G1 X32.814 Y14.186 E1149.26728
G1 X33.263 Y14.569 E1149.28274
G1 X33.768 Y14.881 E1149.29829
G1 X34.326 Y15.113 E1149.31411
G1 X34.904 Y15.249 E1149.32967
G1 X35.513 Y15.3 E1149.34567
G1 X37.3 Y15.3 E1149.39248
G1 X37.3 Y13.5 E1149.43963
G1 X37.34 Y13.379 E1149.44296
G1 X37.465 Y13.302 E1149.44681
G1 X66.5 Y13.3 E1150.2073
G1 X66.642 Y13.358 E1150.21132
G1 X66.7 Y13.5 E1150.21534
G0 F7200 X66.7 Y13.7
G1 F1500 E1143.71534
G0 F7200 X67.41 Y13.7
G0 X67.585 Y31.125
G0 X67.586 Y32.2
G0 X67.585 Y34.797
G0 X67.585 Y35.892
G0 X67.59 Y37.876
G0 X67.78 Y37.876
;TYPE:FILL
G1 F1500 E1150.21534
G1 F3000 X67.22 Y38.435 E1150.23606
G0 F7200 X67.22 Y38.935
G1 F3000 X67.78 Y39.496 E1150.25683
G0 F7200 X67.59 Y39.496
G0 X67.59 Y43.533
G0 X67.78 Y43.533
G1 F3000 X67.22 Y44.092 E1150.27755
G0 F7200 X67.22 Y44.592
G1 F3000 X67.78 Y45.153 E1150.29831
G0 F7200 X67.59 Y45.153
G0 X67.59 Y49.19
G0 X67.78 Y49.19
G1 F3000 X67.22 Y49.749 E1150.31904
G0 F7200 X67.22 Y50.249
G1 F3000 X67.78 Y50.81 E1150.3398
G0 F7200 X67.59 Y50.81
G0 X67.59 Y54.847
G0 X67.78 Y54.847
G1 F3000 X67.22 Y55.406 E1150.36052
G0 F7200 X67.22 Y55.906
G1 F3000 X67.78 Y56.467 E1150.38129
G0 F7200 X67.59 Y56.467
G0 X67.59 Y60.504
G0 X67.78 Y60.504
G1 F3000 X67.22 Y61.063 E1150.40201
G0 F7200 X67.22 Y61.563
G1 F3000 X67.78 Y62.124 E1150.42277
G0 F7200 X67.59 Y62.124
G0 X67.62 Y63.655
G0 X67.9 Y63.933
;TYPE:WALL-INNER
G1 F2400 X67.9 Y36.06 E1151.15283
G1 X67.1 Y36.06 E1151.17379
G1 X67.1 Y63.934 E1151.90387
G1 X67.9 Y63.933 E1151.92483
G0 F7200 X68.3 Y64.332
;TYPE:WALL-OUTER
G1 F1200 X68.3 Y35.66 E1152.67581
G1 X66.7 Y35.66 E1152.71772
G1 X66.7 Y64.335 E1153.46879
G1 X68.3 Y64.332 E1153.51069
G0 F7200 X68.3 Y64.132
G1 F1500 E1147.01069
G0 F7200 X67.62 Y63.655
G0 X67.585 Y65.2
G0 X67.587 Y67.798
G0 X67.588 Y68.873
G0 X67.59 Y71.817
G0 X67.78 Y71.817
;TYPE:FILL
G1 F1500 E1153.51069
G1 F3000 X67.22 Y72.377 E1153.53144
G0 F7200 X67.22 Y72.877
G1 F3000 X67.78 Y73.437 E1153.55218
G0 F7200 X67.59 Y73.437
G0 X67.59 Y77.474
G0 X67.78 Y77.474
G1 F3000 X67.22 Y78.033 E1153.57291
G0 F7200 X67.22 Y78.533
G1 F3000 X67.78 Y79.094 E1153.59367
G0 F7200 X67.59 Y79.094
G0 X67.59 Y83.131
G0 X67.78 Y83.131
G1 F3000 X67.22 Y83.69 E1153.61439
G0 F7200 X67.22 Y84.19
G1 F3000 X67.78 Y84.751 E1153.63515
G0 F7200 X67.59 Y84.751
G0 X67.338 Y87.338
G0 X65.152 Y87.59
G0 X65.152 Y87.78
G1 F3000 X64.593 Y87.22 E1153.65588
G0 F7200 X63.691 Y87.22
G1 F3000 X63.13 Y87.78 E1153.67664
G0 F7200 X63.13 Y87.59
G0 X59.495 Y87.59
G0 X59.495 Y87.78
G1 F3000 X58.936 Y87.22 E1153.69737
G0 F7200 X58.034 Y87.22
G1 F3000 X57.474 Y87.78 E1153.71811
G0 F7200 X57.474 Y87.59
G0 X53.838 Y87.59
G0 X53.838 Y87.78
G1 F3000 X53.279 Y87.22 E1153.73883
G0 F7200 X52.378 Y87.22
G1 F3000 X51.817 Y87.78 E1153.7596
G0 F7200 X51.817 Y87.59
G0 X48.181 Y87.59
G0 X48.181 Y87.779
G1 F3000 X47.622 Y87.22 E1153.7803
G0 F7200 X46.721 Y87.22
G1 F3000 X46.161 Y87.78 E1153.80104
G0 F7200 X46.161 Y87.59
G0 X42.524 Y87.59
G0 X42.524 Y87.779
G1 F3000 X41.965 Y87.22 E1153.82175
G0 F7200 X41.064 Y87.22
G1 F3000 X40.504 Y87.78 E1153.84249
G0 F7200 X40.504 Y87.59
G0 X36.867 Y87.59
G0 X36.867 Y87.779
G1 F3000 X34.476 Y85.388 E1153.93106
G1 X34.406 Y85.318
G0 F7200 X34.513 Y85.578
G0 X36.59 Y85.847
G0 X36.779 Y85.847
G1 F3000 X34.847 Y87.78 E1154.00264
G1 X34.777 Y87.85
G0 F7200 X34.777 Y87.59
G0 X67.338 Y87.338
G0 X66.924 Y86.924
;TYPE:WALL-INNER
G1 F2400 X66.589 Y87.1 E1154.01256
G1 X37.5 Y87.1 E1154.77446
G1 X37.02 Y86.861 E1154.78851
G1 X36.9 Y86.501 E1154.79845
G1 X36.9 Y85.1 E1154.83514
G1 X35.527 Y85.1 E1154.87111
G1 X34.967 Y85.143 E1154.88582
G1 X34.451 Y85.268 E1154.89972
G1 X33.949 Y85.477 E1154.91397
G1 X33.499 Y85.751 E1154.92777
G1 X33.098 Y86.098 E1154.94166
G1 X32.751 Y86.499 E1154.95554
G1 X32.476 Y86.95 E1154.96938
G1 X32.269 Y87.443 E1154.98339
G1 X32.16 Y87.899 E1154.99567
G1 X67.9 Y87.9 E1155.93178
G1 X67.9 Y69.06 E1156.42524
G1 X67.1 Y69.06 E1156.4462
G1 X67.1 Y86.589 E1156.90532
G1 X66.924 Y86.924 E1156.91524
G0 F7200 X66.698 Y86.535
;TYPE:WALL-OUTER
G1 F1200 X66.642 Y86.642 E1156.9184
G1 X66.535 Y86.698 E1156.92156
G1 X37.5 Y86.7 E1157.68206
G1 X37.34 Y86.621 E1157.68673
G1 X37.3 Y86.501 E1157.69004
G1 X37.3 Y84.7 E1157.73722
G1 X35.512 Y84.7 E1157.78405
G1 X34.904 Y84.747 E1157.80002
G1 X34.327 Y84.887 E1157.81557
G1 X33.767 Y85.119 E1157.83145
G1 X33.263 Y85.427 E1157.84692
G1 X32.814 Y85.814 E1157.86245
G1 X32.427 Y86.263 E1157.87797
G1 X32.119 Y86.768 E1157.89346
G1 X31.887 Y87.319 E1157.90912
G1 X31.747 Y87.911 E1157.92506
G1 X31.717 Y88.3 E1157.93528
G1 X68.3 Y88.3 E1158.89347
G1 X68.3 Y68.66 E1159.40789
G1 X66.7 Y68.66 E1159.4498
G1 X66.698 Y86.535 E1159.91799
G0 F7200 X66.642 Y86.642
G0 X66.573 Y86.678
G1 F1500 E1153.41799
;MESH:NONMESH
G0 F600 Z9.9
G0 F7200 X66.573 Y87.41
G0 X37.076 Y86.924
G0 X38.153 Y85.847
G0 X38.153 Y84.227
G0 X35.52 Y16.165
G0 X35.52 Y15.071
G0 X34.848 Y12.41
G0 X34.848 Y12.22
;TIME_ELAPSED:1952.223225
;LAYER:64
;TYPE:FILL
;MESH:Wandhalterung TP-Link Media Converter.stl
G1 F1500 E1159.91799
G1 F3000 X36.78 Y14.153 E1159.98957
G1 X36.85 Y14.223
G0 F7200 X36.59 Y14.223
G0 X36.662 Y12.662
G0 X36.867 Y12.22
G1 F3000 X34.476 Y14.612 E1160.07815
G1 X34.406 Y14.682
G0 F7200 X34.514 Y14.423
G0 X36.662 Y12.662
G0 X40.504 Y12.41
G0 X40.504 Y12.22
G1 F3000 X41.064 Y12.78 E1160.0989
G0 F7200 X41.964 Y12.78
G1 F3000 X42.524 Y12.22 E1160.11964
G0 F7200 X42.524 Y12.41
G0 X46.161 Y12.41
G0 X46.161 Y12.22
G1 F3000 X46.721 Y12.78 E1160.14038
G0 F7200 X47.621 Y12.78
G1 F3000 X48.181 Y12.22 E1160.16113
G0 F7200 X48.181 Y12.41
G0 X51.818 Y12.41
G0 X51.818 Y12.22
G1 F3000 X52.378 Y12.78 E1160.18187
G0 F7200 X53.278 Y12.78
G1 F3000 X53.838 Y12.22 E1160.20261
G0 F7200 X53.838 Y12.41
G0 X57.475 Y12.41
G0 X57.475 Y12.22
G1 F3000 X58.034 Y12.78 E1160.22334
G0 F7200 X58.935 Y12.78
G1 F3000 X59.495 Y12.22 E1160.24408
G0 F7200 X59.495 Y12.41
G0 X63.132 Y12.41
G0 X63.132 Y12.22
G1 F3000 X63.691 Y12.78 E1160.26481
G0 F7200 X64.591 Y12.78
G1 F3000 X65.151 Y12.22 E1160.28555
G0 F7200 X65.151 Y12.41
G0 X67.338 Y12.662
G0 X67.59 Y15.249
G0 X67.78 Y15.249
G1 F3000 X67.22 Y15.809 E1160.30629
G0 F7200 X67.22 Y16.308
G1 F3000 X67.78 Y16.869 E1160.32705
G0 F7200 X67.59 Y16.869
G0 X67.59 Y20.906
G0 X67.78 Y20.906
G1 F3000 X67.22 Y21.466 E1160.3478
G0 F7200 X67.22 Y21.965
G1 F3000 X67.78 Y22.526 E1160.36856
G0 F7200 X67.59 Y22.526
G0 X67.59 Y26.562
G0 X67.78 Y26.562
G1 F3000 X67.22 Y27.122 E1160.3893
G0 F7200 X67.22 Y27.622
G1 F3000 X67.78 Y28.182 E1160.41005
G0 F7200 X67.59 Y28.182
G0 X67.338 Y12.662
G0 X66.924 Y13.076
;TYPE:WALL-INNER
G1 F2400 X67.1 Y13.5 E1160.42207
G1 X67.1 Y30.912 E1160.87813
G1 X67.9 Y30.912 E1160.89909
G1 X67.9 Y12.1 E1161.39182
G1 X32.161 Y12.1 E1162.3279
G1 X32.265 Y12.547 E1162.33993
G1 X32.472 Y13.045 E1162.35405
G1 X32.75 Y13.497 E1162.36795
G1 X33.098 Y13.902 E1162.38194
G1 X33.499 Y14.245 E1162.39576
G1 X33.951 Y14.524 E1162.40967
G1 X34.45 Y14.731 E1162.42382
G1 X34.967 Y14.853 E1162.43773
G1 X35.529 Y14.9 E1162.4525
G1 X36.9 Y14.9 E1162.48841
G1 X36.9 Y13.5 E1162.52508
G1 X37.02 Y13.139 E1162.53505
G1 X37.409 Y12.9 E1162.54701
G1 X66.5 Y12.9 E1163.30897
G1 X66.924 Y13.076 E1163.32099
G0 F7200 X66.7 Y13.5
;TYPE:WALL-OUTER
G1 F1200 X66.7 Y31.312 E1163.78753
G1 X68.3 Y31.312 E1163.82944
G1 X68.3 Y11.7 E1164.34312
G1 X31.717 Y11.7 E1165.30132
G1 X31.747 Y12.085 E1165.31143
G1 X31.883 Y12.67 E1165.32716
G1 X32.115 Y13.228 E1165.34299
G1 X32.426 Y13.733 E1165.35853
G1 X32.814 Y14.186 E1165.37415
G1 X33.263 Y14.569 E1165.38961
G1 X33.768 Y14.881 E1165.40515
G1 X34.326 Y15.113 E1165.42098
G1 X34.904 Y15.249 E1165.43653
G1 X35.513 Y15.3 E1165.45254
G1 X37.3 Y15.3 E1165.49935
G1 X37.3 Y13.5 E1165.54649
G1 X37.34 Y13.379 E1165.54983
G1 X37.465 Y13.302 E1165.55368
G1 X66.5 Y13.3 E1166.31417
G1 X66.642 Y13.358 E1166.31819
G1 X66.7 Y13.5 E1166.32221
G0 F7200 X66.7 Y13.7
G1 F1500 E1159.82221
G0 F7200 X67.41 Y13.7
G0 X67.59 Y31.084
G0 X67.59 Y32.179
G0 X67.593 Y34.815
G0 X67.594 Y35.89
G0 X67.59 Y37.876
G0 X67.78 Y37.876
;TYPE:FILL
G1 F1500 E1166.32221
G1 F3000 X67.22 Y38.436 E1166.34295
G0 F7200 X67.22 Y38.935
G1 F3000 X67.78 Y39.496 E1166.36371
G0 F7200 X67.59 Y39.496
G0 X67.59 Y43.533
G0 X67.78 Y43.533
G1 F3000 X67.22 Y44.093 E1166.38446
G0 F7200 X67.22 Y44.592
G1 F3000 X67.78 Y45.153 E1166.40522
G0 F7200 X67.59 Y45.153
G0 X67.59 Y49.19
G0 X67.78 Y49.19
G1 F3000 X67.22 Y49.75 E1166.42596
G0 F7200 X67.22 Y50.249
G1 F3000 X67.78 Y50.81 E1166.44672
G0 F7200 X67.59 Y50.81
G0 X67.59 Y54.847
G0 X67.78 Y54.847
G1 F3000 X67.22 Y55.407 E1166.46747
G0 F7200 X67.22 Y55.906
G1 F3000 X67.78 Y56.467 E1166.48823
G0 F7200 X67.59 Y56.467
G0 X67.59 Y60.504
G0 X67.78 Y60.504
G1 F3000 X67.22 Y61.064 E1166.50897
G0 F7200 X67.22 Y61.563
G1 F3000 X67.78 Y62.124 E1166.52973
G0 F7200 X67.59 Y62.124
G0 X67.62 Y63.634
G0 X67.9 Y63.912
;TYPE:WALL-INNER
G1 F2400 X67.9 Y36.078 E1167.25877
G1 X67.1 Y36.079 E1167.27973
G1 X67.1 Y63.912 E1168.00874
G1 X67.9 Y63.912 E1168.02969
G0 F7200 X68.3 Y64.312
;TYPE:WALL-OUTER
G1 F1200 X68.3 Y35.677 E1168.77971
G1 X66.7 Y35.68 E1168.82162
G1 X66.7 Y64.312 E1169.57156
G1 X68.3 Y64.312 E1169.61346
G0 F7200 X68.3 Y64.112
G1 F1500 E1163.11346
G0 F7200 X67.62 Y63.634
G0 X67.59 Y65.179
G0 X67.593 Y67.815
G0 X67.594 Y68.89
G0 X67.59 Y71.817
G0 X67.78 Y71.817
;TYPE:FILL
G1 F1500 E1169.61346
G1 F3000 X67.22 Y72.377 E1169.63421
G0 F7200 X67.22 Y72.877
G1 F3000 X67.78 Y73.437 E1169.65495
G0 F7200 X67.59 Y73.437
G0 X67.59 Y77.474
G0 X67.78 Y77.474
G1 F3000 X67.22 Y78.033 E1169.67568
G0 F7200 X67.22 Y78.534
G1 F3000 X67.78 Y79.094 E1169.69642
G0 F7200 X67.59 Y79.094
G0 X67.59 Y83.131
G0 X67.78 Y83.131
G1 F3000 X67.22 Y83.69 E1169.71714
G0 F7200 X67.22 Y84.191
G1 F3000 X67.78 Y84.751 E1169.73789
G0 F7200 X67.59 Y84.751
G0 X67.338 Y87.338
G0 X65.152 Y87.59
G0 X65.152 Y87.78
G1 F3000 X64.593 Y87.22 E1169.75861
G0 F7200 X63.691 Y87.22
G1 F3000 X63.13 Y87.78 E1169.77937
G0 F7200 X63.13 Y87.59
G0 X59.495 Y87.59
G0 X59.495 Y87.78
G1 F3000 X58.936 Y87.22 E1169.8001
G0 F7200 X58.034 Y87.22
G1 F3000 X57.474 Y87.78 E1169.82084
G0 F7200 X57.474 Y87.59
G0 X53.838 Y87.59
G0 X53.838 Y87.78
G1 F3000 X53.279 Y87.22 E1169.84157
G0 F7200 X52.378 Y87.22
G1 F3000 X51.817 Y87.78 E1169.86233
G0 F7200 X51.817 Y87.59
G0 X48.181 Y87.59
G0 X48.181 Y87.779
G1 F3000 X47.622 Y87.22 E1169.88303
G0 F7200 X46.721 Y87.22
G1 F3000 X46.161 Y87.78 E1169.90378
G0 F7200 X46.161 Y87.59
G0 X42.524 Y87.59
G0 X42.524 Y87.779
G1 F3000 X41.965 Y87.22 E1169.92448
G0 F7200 X41.064 Y87.22
G1 F3000 X40.504 Y87.78 E1169.94523
G0 F7200 X40.504 Y87.59
G0 X36.867 Y87.59
G0 X36.867 Y87.779
G1 F3000 X34.476 Y85.388 E1170.03379
G1 X34.406 Y85.318
G0 F7200 X34.513 Y85.578
G0 X36.59 Y85.847
G0 X36.779 Y85.847
G1 F3000 X34.847 Y87.78 E1170.10538
G1 X34.777 Y87.85
G0 F7200 X34.777 Y87.59
G0 X67.338 Y87.338
G0 X66.924 Y86.924
;TYPE:WALL-INNER
G1 F2400 X66.589 Y87.1 E1170.11529
G1 X37.5 Y87.1 E1170.8772
G1 X37.02 Y86.861 E1170.89124
G1 X36.9 Y86.501 E1170.90118
G1 X36.9 Y85.1 E1170.93788
G1 X35.527 Y85.1 E1170.97384
G1 X34.967 Y85.143 E1170.98855
G1 X34.451 Y85.268 E1171.00246
G1 X33.949 Y85.477 E1171.0167
G1 X33.499 Y85.751 E1171.0305
G1 X33.098 Y86.098 E1171.04439
G1 X32.751 Y86.499 E1171.05828
G1 X32.476 Y86.95 E1171.07211
G1 X32.269 Y87.443 E1171.08612
G1 X32.16 Y87.899 E1171.0984
G1 X67.9 Y87.9 E1172.03451
G1 X67.9 Y69.078 E1172.52751
G1 X67.1 Y69.079 E1172.54846
G1 X67.1 Y86.589 E1173.00709
G1 X66.924 Y86.924 E1173.017
G0 F7200 X66.698 Y86.535
;TYPE:WALL-OUTER
G1 F1200 X66.642 Y86.642 E1173.02016
G1 X66.535 Y86.698 E1173.02333
G1 X37.5 Y86.7 E1173.78382
G1 X37.34 Y86.621 E1173.78849
G1 X37.3 Y86.501 E1173.79181
G1 X37.3 Y84.7 E1173.83898
G1 X35.512 Y84.7 E1173.88581
G1 X34.904 Y84.747 E1173.90178
G1 X34.327 Y84.887 E1173.91734
G1 X33.767 Y85.119 E1173.93321
G1 X33.263 Y85.427 E1173.94868
G1 X32.814 Y85.814 E1173.96421
G1 X32.427 Y86.263 E1173.97974
G1 X32.119 Y86.768 E1173.99523
G1 X31.887 Y87.319 E1174.01089
G1 X31.747 Y87.911 E1174.02682
G1 X31.717 Y88.3 E1174.03704
G1 X68.3 Y88.3 E1174.99524
G1 X68.3 Y68.677 E1175.50921
G1 X66.7 Y68.68 E1175.55112
G1 X66.698 Y86.535 E1176.01878
G0 F7200 X66.642 Y86.642
G0 X66.573 Y86.678
G1 F1500 E1169.51878
;MESH:NONMESH
G0 F600 Z10.05
G0 F7200 X66.573 Y87.41
G0 X37.076 Y86.924
G0 X38.153 Y85.847
G0 X38.153 Y84.227
G0 X35.52 Y16.165
G0 X35.52 Y15.071
G0 X34.848 Y12.41
G0 X34.848 Y12.22
;TIME_ELAPSED:1980.668510
;LAYER:65
;TYPE:FILL
;MESH:Wandhalterung TP-Link Media Converter.stl
G1 F1500 E1176.01878
G1 F3000 X36.78 Y14.153 E1176.09036
G1 X36.85 Y14.223
G0 F7200 X36.59 Y14.223
G0 X36.662 Y12.662
G0 X36.867 Y12.22
G1 F3000 X34.476 Y14.612 E1176.17895
G1 X34.406 Y14.682
G0 F7200 X34.514 Y14.423
G0 X36.662 Y12.662
G0 X40.504 Y12.41
G0 X40.504 Y12.22
G1 F3000 X41.064 Y12.78 E1176.19969
G0 F7200 X41.964 Y12.78
G1 F3000 X42.524 Y12.22 E1176.22043
G0 F7200 X42.524 Y12.41
G0 X46.161 Y12.41
G0 X46.161 Y12.22
G1 F3000 X46.721 Y12.78 E1176.24118
G0 F7200 X47.621 Y12.78
G1 F3000 X48.181 Y12.22 E1176.26192
G0 F7200 X48.181 Y12.41
G0 X51.818 Y12.41
G0 X51.818 Y12.22
G1 F3000 X52.378 Y12.78 E1176.28266
G0 F7200 X53.278 Y12.78
G1 F3000 X53.838 Y12.22 E1176.30341
G0 F7200 X53.838 Y12.41
G0 X57.475 Y12.41
G0 X57.475 Y12.22
G1 F3000 X58.034 Y12.78 E1176.32413
G0 F7200 X58.935 Y12.78
G1 F3000 X59.495 Y12.22 E1176.34488
G0 F7200 X59.495 Y12.41
G0 X63.132 Y12.41
G0 X63.132 Y12.22
G1 F3000 X63.691 Y12.78 E1176.3656
G0 F7200 X64.591 Y12.78
G1 F3000 X65.151 Y12.22 E1176.38634
G0 F7200 X65.151 Y12.41
G0 X67.338 Y12.662
G0 X67.59 Y15.249
G0 X67.78 Y15.249
G1 F3000 X67.22 Y15.809 E1176.40709
G0 F7200 X67.22 Y16.308
G1 F3000 X67.78 Y16.869 E1176.42785
G0 F7200 X67.59 Y16.869
G0 X67.59 Y20.906
G0 X67.78 Y20.906
G1 F3000 X67.22 Y21.466 E1176.44859
G0 F7200 X67.22 Y21.965
G1 F3000 X67.78 Y22.526 E1176.46935
G0 F7200 X67.59 Y22.526
G0 X67.59 Y26.562
G0 X67.78 Y26.562
G1 F3000 X67.22 Y27.122 E1176.4901
G0 F7200 X67.22 Y27.622
G1 F3000 X67.78 Y28.182 E1176.51084
G0 F7200 X67.59 Y28.182
G0 X67.338 Y12.662
G0 X66.924 Y13.076
;TYPE:WALL-INNER
G1 F2400 X67.1 Y13.5 E1176.52286
G1 X67.1 Y30.912 E1176.97893
G1 X67.9 Y30.912 E1176.99988
G1 X67.9 Y12.1 E1177.49261
G1 X32.161 Y12.1 E1178.4287
G1 X32.265 Y12.547 E1178.44072
G1 X32.472 Y13.045 E1178.45485
G1 X32.75 Y13.497 E1178.46874
G1 X33.098 Y13.902 E1178.48273
G1 X33.499 Y14.245 E1178.49655
G1 X33.951 Y14.524 E1178.51046
G1 X34.45 Y14.731 E1178.52461
G1 X34.967 Y14.853 E1178.53853
G1 X35.529 Y14.9 E1178.5533
G1 X36.9 Y14.9 E1178.58921
G1 X36.9 Y13.5 E1178.62588
G1 X37.02 Y13.139 E1178.63584
G1 X37.409 Y12.9 E1178.6478
G1 X66.5 Y12.9 E1179.40976
G1 X66.924 Y13.076 E1179.42179
G0 F7200 X66.7 Y13.5
;TYPE:WALL-OUTER
G1 F1200 X66.7 Y31.312 E1179.88833
G1 X68.3 Y31.312 E1179.93023
G1 X68.3 Y11.7 E1180.44392
G1 X31.717 Y11.7 E1181.40211
G1 X31.747 Y12.085 E1181.41223
G1 X31.883 Y12.67 E1181.42796
G1 X32.115 Y13.228 E1181.44379
G1 X32.426 Y13.733 E1181.45932
G1 X32.814 Y14.186 E1181.47494
G1 X33.263 Y14.569 E1181.4904
G1 X33.768 Y14.881 E1181.50595
G1 X34.326 Y15.113 E1181.52178
G1 X34.904 Y15.249 E1181.53733
G1 X35.513 Y15.3 E1181.55334
G1 X37.3 Y15.3 E1181.60014
G1 X37.3 Y13.5 E1181.64729
G1 X37.34 Y13.379 E1181.65063
G1 X37.465 Y13.302 E1181.65447
G1 X66.5 Y13.3 E1182.41497
G1 X66.642 Y13.358 E1182.41898
G1 X66.7 Y13.5 E1182.423
G0 F7200 X66.7 Y13.7
G1 F1500 E1175.923
G0 F7200 X67.41 Y13.7
G0 X67.59 Y31.084
G0 X67.59 Y32.179
G0 X67.593 Y34.833
G0 X67.594 Y35.908
G0 X67.59 Y37.876
G0 X67.78 Y37.876
;TYPE:FILL
G1 F1500 E1182.423
G1 F3000 X67.22 Y38.436 E1182.44375
G0 F7200 X67.22 Y38.935
G1 F3000 X67.78 Y39.495 E1182.46449
G0 F7200 X67.59 Y39.495
G0 X67.59 Y43.533
G0 X67.78 Y43.533
G1 F3000 X67.22 Y44.093 E1182.48523
G0 F7200 X67.22 Y44.592
G1 F3000 X67.78 Y45.152 E1182.50598
G0 F7200 X67.59 Y45.152
G0 X67.59 Y49.19
G0 X67.78 Y49.19
G1 F3000 X67.22 Y49.75 E1182.52672
G0 F7200 X67.22 Y50.249
G1 F3000 X67.78 Y50.809 E1182.54746
G0 F7200 X67.59 Y50.809
G0 X67.59 Y54.847
G0 X67.78 Y54.847
G1 F3000 X67.22 Y55.407 E1182.56821
G0 F7200 X67.22 Y55.906
G1 F3000 X67.78 Y56.466 E1182.58895
G0 F7200 X67.59 Y56.466
G0 X67.59 Y60.504
G0 X67.78 Y60.504
G1 F3000 X67.22 Y61.064 E1182.60969
G0 F7200 X67.22 Y61.563
G1 F3000 X67.78 Y62.123 E1182.63044
G0 F7200 X67.59 Y62.123
G0 X67.62 Y63.634
G0 X67.9 Y63.912
;TYPE:WALL-INNER
G1 F2400 X67.9 Y36.096 E1183.359
G1 X67.1 Y36.096 E1183.37996
G1 X67.1 Y63.912 E1184.10852
G1 X67.9 Y63.912 E1184.12948
G0 F7200 X68.3 Y64.312
;TYPE:WALL-OUTER
G1 F1200 X68.3 Y35.696 E1184.879
G1 X66.7 Y35.696 E1184.9209
G1 X66.7 Y64.312 E1185.67042
G1 X68.3 Y64.312 E1185.71233
G0 F7200 X68.3 Y64.112
G1 F1500 E1179.21233
G0 F7200 X67.62 Y63.634
G0 X67.59 Y65.179
G0 X67.593 Y67.833
G0 X67.594 Y68.908
G0 X67.59 Y71.817
G0 X67.78 Y71.817
;TYPE:FILL
G1 F1500 E1185.71233
G1 F3000 X67.22 Y72.377 E1185.73308
G0 F7200 X67.22 Y72.877
G1 F3000 X67.78 Y73.437 E1185.75382
G0 F7200 X67.59 Y73.437
G0 X67.59 Y77.473
G0 X67.78 Y77.473
G1 F3000 X67.22 Y78.033 E1185.77456
G0 F7200 X67.22 Y78.534
G1 F3000 X67.78 Y79.094 E1185.79531
G0 F7200 X67.59 Y79.094
G0 X67.59 Y83.13
G0 X67.78 Y83.13
G1 F3000 X67.22 Y83.69 E1185.81605
G0 F7200 X67.22 Y84.191
G1 F3000 X67.78 Y84.751 E1185.83679
G0 F7200 X67.59 Y84.751
G0 X67.338 Y87.338
G0 X65.152 Y87.59
G0 X65.152 Y87.78
G1 F3000 X64.593 Y87.22 E1185.85752
G0 F7200 X63.691 Y87.22
G1 F3000 X63.13 Y87.78 E1185.87828
G0 F7200 X63.13 Y87.59
G0 X59.495 Y87.59
G0 X59.495 Y87.78
G1 F3000 X58.936 Y87.22 E1185.899
G0 F7200 X58.034 Y87.22
G1 F3000 X57.474 Y87.78 E1185.91975
G0 F7200 X57.474 Y87.59
G0 X53.838 Y87.59
G0 X53.838 Y87.78
G1 F3000 X53.279 Y87.22 E1185.94047
G0 F7200 X52.378 Y87.22
G1 F3000 X51.817 Y87.78 E1185.96123
G0 F7200 X51.817 Y87.59
G0 X48.181 Y87.59
G0 X48.181 Y87.779
G1 F3000 X47.622 Y87.22 E1185.98194
G0 F7200 X46.721 Y87.22
G1 F3000 X46.161 Y87.78 E1186.00268
G0 F7200 X46.161 Y87.59
G0 X42.524 Y87.59
G0 X42.524 Y87.779
G1 F3000 X41.965 Y87.22 E1186.02339
G0 F7200 X41.064 Y87.22
G1 F3000 X40.504 Y87.78 E1186.04413
G0 F7200 X40.504 Y87.59
G0 X36.867 Y87.59
G0 X36.867 Y87.779
G1 F3000 X34.477 Y85.389 E1186.13266
G1 X34.407 Y85.319
G0 F7200 X34.513 Y85.577
G0 X36.59 Y85.847
G0 X36.779 Y85.847
G1 F3000 X34.847 Y87.78 E1186.20424
G1 X34.777 Y87.85
G0 F7200 X34.777 Y87.59
G0 X67.338 Y87.338
G0 X66.924 Y86.924
;TYPE:WALL-INNER
G1 F2400 X66.589 Y87.1 E1186.21416
G1 X37.5 Y87.1 E1186.97607
G1 X37.02 Y86.861 E1186.99011
G1 X36.9 Y86.501 E1187.00005
G1 X36.9 Y85.1 E1187.03675
G1 X35.527 Y85.1 E1187.07271
G1 X34.97 Y85.143 E1187.08734
G1 X34.451 Y85.268 E1187.10132
G1 X33.949 Y85.477 E1187.11557
G1 X33.499 Y85.751 E1187.12936
G1 X33.098 Y86.098 E1187.14325
G1 X32.751 Y86.499 E1187.15714
G1 X32.476 Y86.95 E1187.17098
G1 X32.269 Y87.443 E1187.18498
G1 X32.16 Y87.899 E1187.19726
G1 X67.9 Y87.9 E1188.13338
G1 X67.9 Y69.096 E1188.6259
G1 X67.1 Y69.096 E1188.64685
G1 X67.1 Y86.589 E1189.10504
G1 X66.924 Y86.924 E1189.11495
G0 F7200 X66.698 Y86.535
;TYPE:WALL-OUTER
G1 F1200 X66.642 Y86.642 E1189.11811
G1 X66.535 Y86.698 E1189.12128
G1 X37.5 Y86.7 E1189.88177
G1 X37.34 Y86.621 E1189.88644
G1 X37.3 Y86.501 E1189.88976
G1 X37.3 Y84.7 E1189.93693
G1 X35.512 Y84.7 E1189.98376
G1 X34.908 Y84.747 E1189.99963
G1 X34.327 Y84.887 E1190.01528
G1 X33.767 Y85.119 E1190.03116
G1 X33.263 Y85.427 E1190.04663
G1 X32.814 Y85.814 E1190.06216
G1 X32.427 Y86.263 E1190.07768
G1 X32.119 Y86.768 E1190.09318
G1 X31.887 Y87.319 E1190.10883
G1 X31.747 Y87.911 E1190.12477
G1 X31.717 Y88.3 E1190.13499
G1 X68.3 Y88.3 E1191.09318
G1 X68.3 Y68.696 E1191.60666
G1 X66.7 Y68.696 E1191.64856
G1 X66.698 Y86.535 E1192.11581
G0 F7200 X66.642 Y86.642
G0 X66.573 Y86.678
G1 F1500 E1185.61581
;MESH:NONMESH
G0 F600 Z10.2
G0 F7200 X66.573 Y87.41
G0 X37.076 Y86.924
G0 X38.153 Y85.847
G0 X38.153 Y84.227
G0 X35.52 Y16.165
G0 X35.52 Y15.071
G0 X34.848 Y12.41
G0 X34.848 Y12.22
;TIME_ELAPSED:2009.108445
;LAYER:66
;TYPE:FILL
;MESH:Wandhalterung TP-Link Media Converter.stl
G1 F1500 E1192.11581
G1 F3000 X36.78 Y14.153 E1192.18739
G1 X36.85 Y14.223
G0 F7200 X36.59 Y14.223
G0 X36.662 Y12.662
G0 X36.867 Y12.22
G1 F3000 X34.476 Y14.612 E1192.27598
G1 X34.406 Y14.682
G0 F7200 X34.514 Y14.423
G0 X36.662 Y12.662
G0 X40.504 Y12.41
G0 X40.504 Y12.22
G1 F3000 X41.064 Y12.78 E1192.29672
G0 F7200 X41.964 Y12.78
G1 F3000 X42.524 Y12.22 E1192.31746
G0 F7200 X42.524 Y12.41
G0 X46.161 Y12.41
G0 X46.161 Y12.22
G1 F3000 X46.721 Y12.78 E1192.33821
G0 F7200 X47.621 Y12.78
G1 F3000 X48.181 Y12.22 E1192.35895
G0 F7200 X48.181 Y12.41
G0 X51.818 Y12.41
G0 X51.818 Y12.22
G1 F3000 X52.378 Y12.78 E1192.37969
G0 F7200 X53.278 Y12.78
G1 F3000 X53.838 Y12.22 E1192.40044
G0 F7200 X53.838 Y12.41
G0 X57.475 Y12.41
G0 X57.475 Y12.22
G1 F3000 X58.034 Y12.78 E1192.42116
G0 F7200 X58.935 Y12.78
G1 F3000 X59.495 Y12.22 E1192.44191
G0 F7200 X59.495 Y12.41
G0 X63.132 Y12.41
G0 X63.132 Y12.22
G1 F3000 X63.691 Y12.78 E1192.46263
G0 F7200 X64.591 Y12.78
G1 F3000 X65.151 Y12.22 E1192.48337
G0 F7200 X65.151 Y12.41
G0 X67.338 Y12.662
G0 X67.59 Y15.249
G0 X67.78 Y15.249
G1 F3000 X67.22 Y15.809 E1192.50412
G0 F7200 X67.22 Y16.308
G1 F3000 X67.78 Y16.869 E1192.52488
G0 F7200 X67.59 Y16.869
G0 X67.59 Y20.906
G0 X67.78 Y20.906
G1 F3000 X67.22 Y21.466 E1192.54562
G0 F7200 X67.22 Y21.965
G1 F3000 X67.78 Y22.526 E1192.56638
G0 F7200 X67.59 Y22.526
G0 X67.59 Y26.562
G0 X67.78 Y26.562
G1 F3000 X67.22 Y27.122 E1192.58713
G0 F7200 X67.22 Y27.622
G1 F3000 X67.78 Y28.182 E1192.60787
G0 F7200 X67.59 Y28.182
G0 X67.338 Y12.662
G0 X66.924 Y13.076
;TYPE:WALL-INNER
G1 F2400 X67.1 Y13.5 E1192.6199
G1 X67.1 Y30.912 E1193.07596
G1 X67.9 Y30.912 E1193.09691
G1 X67.9 Y12.1 E1193.58964
G1 X32.161 Y12.1 E1194.52573
G1 X32.266 Y12.54 E1194.53758
G1 X32.473 Y13.047 E1194.55192
G1 X32.747 Y13.493 E1194.56563
G1 X33.098 Y13.902 E1194.57975
G1 X33.499 Y14.245 E1194.59357
G1 X33.951 Y14.524 E1194.60748
G1 X34.45 Y14.731 E1194.62163
G1 X34.967 Y14.853 E1194.63555
G1 X35.529 Y14.9 E1194.65032
G1 X36.9 Y14.9 E1194.68623
G1 X36.9 Y13.5 E1194.7229
G1 X37.02 Y13.139 E1194.73286
G1 X37.409 Y12.9 E1194.74482
G1 X66.5 Y12.9 E1195.50678
G1 X66.924 Y13.076 E1195.5188
G0 F7200 X66.7 Y13.5
;TYPE:WALL-OUTER
G1 F1200 X66.7 Y31.312 E1195.98534
G1 X68.3 Y31.312 E1196.02725
G1 X68.3 Y11.7 E1196.54094
G1 X31.717 Y11.7 E1197.49913
G1 X31.747 Y12.084 E1197.50922
G1 X31.884 Y12.662 E1197.52478
G1 X32.115 Y13.229 E1197.54081
G1 X32.423 Y13.729 E1197.5562
G1 X32.814 Y14.186 E1197.57195
G1 X33.263 Y14.569 E1197.58741
G1 X33.768 Y14.881 E1197.60295
G1 X34.326 Y15.113 E1197.61878
G1 X34.904 Y15.249 E1197.63433
G1 X35.513 Y15.3 E1197.65034
G1 X37.3 Y15.3 E1197.69715
G1 X37.3 Y13.5 E1197.74429
G1 X37.34 Y13.379 E1197.74763
G1 X37.465 Y13.302 E1197.75148
G1 X66.5 Y13.3 E1198.51197
G1 X66.642 Y13.358 E1198.51599
G1 X66.7 Y13.5 E1198.52001
G0 F7200 X66.7 Y13.7
G1 F1500 E1192.02001
G0 F7200 X67.41 Y13.7
G0 X67.59 Y31.084
G0 X67.59 Y32.179
G0 X67.59 Y34.821
G0 X67.59 Y35.916
G0 X67.59 Y37.876
G0 X67.78 Y37.876
;TYPE:FILL
G1 F1500 E1198.52001
G1 F3000 X67.22 Y38.435 E1198.54073
G0 F7200 X67.22 Y38.935
G1 F3000 X67.78 Y39.496 E1198.56149
G0 F7200 X67.59 Y39.496
G0 X67.59 Y43.533
G0 X67.78 Y43.533
G1 F3000 X67.22 Y44.092 E1198.58222
G0 F7200 X67.22 Y44.592
G1 F3000 X67.78 Y45.153 E1198.60298
G0 F7200 X67.59 Y45.153
G0 X67.59 Y49.19
G0 X67.78 Y49.19
G1 F3000 X67.22 Y49.749 E1198.62371
G0 F7200 X67.22 Y50.249
G1 F3000 X67.78 Y50.81 E1198.64447
G0 F7200 X67.59 Y50.81
G0 X67.59 Y54.847
G0 X67.78 Y54.847
G1 F3000 X67.22 Y55.406 E1198.66519
G0 F7200 X67.22 Y55.906
G1 F3000 X67.78 Y56.467 E1198.68595
G0 F7200 X67.59 Y56.467
G0 X67.59 Y60.504
G0 X67.78 Y60.504
G1 F3000 X67.22 Y61.063 E1198.70668
G0 F7200 X67.22 Y61.563
G1 F3000 X67.78 Y62.124 E1198.72744
G0 F7200 X67.59 Y62.124
G0 X67.62 Y63.634
G0 X67.9 Y63.912
;TYPE:WALL-INNER
G1 F2400 X67.9 Y36.084 E1199.45632
G1 X67.1 Y36.084 E1199.47728
G1 X67.1 Y63.912 E1200.20616
G1 X67.9 Y63.912 E1200.22711
G0 F7200 X68.3 Y64.312
;TYPE:WALL-OUTER
G1 F1200 X68.3 Y35.684 E1200.97694
G1 X66.7 Y35.684 E1201.01885
G1 X66.7 Y64.312 E1201.76869
G1 X68.3 Y64.312 E1201.81059
G0 F7200 X68.3 Y64.112
G1 F1500 E1195.31059
G0 F7200 X67.62 Y63.634
G0 X67.59 Y65.179
G0 X67.59 Y67.821
G0 X67.59 Y68.916
G0 X67.59 Y71.817
G0 X67.78 Y71.817
;TYPE:FILL
G1 F1500 E1201.81059
G1 F3000 X67.22 Y72.377 E1201.83134
G0 F7200 X67.22 Y72.877
G1 F3000 X67.78 Y73.437 E1201.85208
G0 F7200 X67.59 Y73.437
G0 X67.59 Y77.474
G0 X67.78 Y77.474
G1 F3000 X67.22 Y78.033 E1201.87281
G0 F7200 X67.22 Y78.533
G1 F3000 X67.78 Y79.094 E1201.89357
G0 F7200 X67.59 Y79.094
G0 X67.59 Y83.131
G0 X67.78 Y83.131
G1 F3000 X67.22 Y83.69 E1201.91429
G0 F7200 X67.22 Y84.19
G1 F3000 X67.78 Y84.751 E1201.93505
G0 F7200 X67.59 Y84.751
G0 X67.338 Y87.338
G0 X65.152 Y87.59
G0 X65.152 Y87.78
G1 F3000 X64.593 Y87.22 E1201.95578
G0 F7200 X63.691 Y87.22
G1 F3000 X63.13 Y87.78 E1201.97654
G0 F7200 X63.13 Y87.59
G0 X59.495 Y87.59
G0 X59.495 Y87.78
G1 F3000 X58.936 Y87.22 E1201.99727
G0 F7200 X58.034 Y87.22
G1 F3000 X57.474 Y87.78 E1202.01801
G0 F7200 X57.474 Y87.59
G0 X53.838 Y87.59
G0 X53.838 Y87.78
G1 F3000 X53.279 Y87.22 E1202.03873
G0 F7200 X52.378 Y87.22
G1 F3000 X51.817 Y87.78 E1202.0595
G0 F7200 X51.817 Y87.59
G0 X48.181 Y87.59
G0 X48.181 Y87.779
G1 F3000 X47.622 Y87.22 E1202.0802
G0 F7200 X46.721 Y87.22
G1 F3000 X46.161 Y87.78 E1202.10095
G0 F7200 X46.161 Y87.59
G0 X42.524 Y87.59
G0 X42.524 Y87.779
G1 F3000 X41.965 Y87.22 E1202.12165
G0 F7200 X41.064 Y87.22
G1 F3000 X40.504 Y87.78 E1202.14239
G0 F7200 X40.504 Y87.59
G0 X36.867 Y87.59
G0 X36.867 Y87.779
G1 F3000 X34.476 Y85.387 E1202.23098
G1 X34.406 Y85.317
G0 F7200 X34.513 Y85.578
G0 X36.59 Y85.847
G0 X36.779 Y85.847
G1 F3000 X34.847 Y87.78 E1202.30256
G1 X34.777 Y87.85
G0 F7200 X34.777 Y87.59
G0 X67.338 Y87.338
G0 X66.924 Y86.924
;TYPE:WALL-INNER
G1 F2400 X66.589 Y87.1 E1202.31247
G1 X37.5 Y87.1 E1203.07438
G1 X37.02 Y86.861 E1203.08843
G1 X36.9 Y86.501 E1203.09837
G1 X36.9 Y85.1 E1203.13506
G1 X35.527 Y85.1 E1203.17103
G1 X34.966 Y85.143 E1203.18576
G1 X34.459 Y85.264 E1203.19941
G1 X33.949 Y85.477 E1203.21389
G1 X33.503 Y85.747 E1203.22755
G1 X33.098 Y86.097 E1203.24157
G1 X32.751 Y86.499 E1203.25548
G1 X32.476 Y86.95 E1203.26931
G1 X32.269 Y87.443 E1203.28332
G1 X32.16 Y87.899 E1203.2956
G1 X67.9 Y87.9 E1204.23171
G1 X67.9 Y69.084 E1204.72455
G1 X67.1 Y69.084 E1204.7455
G1 X67.1 Y86.589 E1205.204
G1 X66.924 Y86.924 E1205.21391
G0 F7200 X66.698 Y86.535
;TYPE:WALL-OUTER
G1 F1200 X66.642 Y86.642 E1205.21707
G1 X66.535 Y86.698 E1205.22024
G1 X37.5 Y86.7 E1205.98073
G1 X37.34 Y86.621 E1205.98541
G1 X37.3 Y86.501 E1205.98872
G1 X37.3 Y84.7 E1206.03589
G1 X35.512 Y84.7 E1206.08272
G1 X34.904 Y84.747 E1206.0987
G1 X34.335 Y84.883 E1206.11402
G1 X33.767 Y85.119 E1206.13013
G1 X33.267 Y85.423 E1206.14546
G1 X32.814 Y85.814 E1206.16113
G1 X32.427 Y86.263 E1206.17666
G1 X32.119 Y86.768 E1206.19215
G1 X31.887 Y87.319 E1206.20781
G1 X31.747 Y87.911 E1206.22374
G1 X31.717 Y88.3 E1206.23396
G1 X68.3 Y88.3 E1207.19216
G1 X68.3 Y68.684 E1207.70594
G1 X66.7 Y68.684 E1207.74785
G1 X66.698 Y86.535 E1208.21541
G0 F7200 X66.642 Y86.642
G0 X66.573 Y86.678
G1 F1500 E1201.71541
;MESH:NONMESH
G0 F600 Z10.35
G0 F7200 X66.573 Y87.41
G0 X37.076 Y86.924
G0 X38.153 Y85.847
G0 X38.153 Y84.227
G0 X35.52 Y16.165
G0 X35.52 Y15.071
G0 X34.848 Y12.41
G0 X34.848 Y12.22
;TIME_ELAPSED:2037.552148
;LAYER:67
;TYPE:FILL
;MESH:Wandhalterung TP-Link Media Converter.stl
G1 F1500 E1208.21541
G1 F3000 X36.78 Y14.153 E1208.28699
G1 X36.85 Y14.223
G0 F7200 X36.59 Y14.223
G0 X36.662 Y12.662
G0 X36.867 Y12.22
G1 F3000 X34.476 Y14.612 E1208.37558
G1 X34.406 Y14.682
G0 F7200 X34.514 Y14.423
G0 X36.662 Y12.662
G0 X40.504 Y12.41
G0 X40.504 Y12.22
G1 F3000 X41.064 Y12.78 E1208.39632
G0 F7200 X41.964 Y12.78
G1 F3000 X42.524 Y12.22 E1208.41707
G0 F7200 X42.524 Y12.41
G0 X46.161 Y12.41
G0 X46.161 Y12.22
G1 F3000 X46.721 Y12.78 E1208.43781
G0 F7200 X47.621 Y12.78
G1 F3000 X48.181 Y12.22 E1208.45855
G0 F7200 X48.181 Y12.41
G0 X51.818 Y12.41
G0 X51.818 Y12.22
G1 F3000 X52.378 Y12.78 E1208.4793
G0 F7200 X53.278 Y12.78
G1 F3000 X53.838 Y12.22 E1208.50004
G0 F7200 X53.838 Y12.41
G0 X57.475 Y12.41
G0 X57.475 Y12.22
G1 F3000 X58.034 Y12.78 E1208.52076
G0 F7200 X58.935 Y12.78
G1 F3000 X59.495 Y12.22 E1208.54151
G0 F7200 X59.495 Y12.41
G0 X63.132 Y12.41
G0 X63.132 Y12.22
G1 F3000 X63.691 Y12.78 E1208.56223
G0 F7200 X64.591 Y12.78
G1 F3000 X65.151 Y12.22 E1208.58298
G0 F7200 X65.151 Y12.41
G0 X67.338 Y12.662
G0 X67.59 Y15.249
G0 X67.78 Y15.249
G1 F3000 X67.22 Y15.809 E1208.60372
G0 F7200 X67.22 Y16.308
G1 F3000 X67.78 Y16.869 E1208.62448
G0 F7200 X67.59 Y16.869
G0 X67.59 Y20.906
G0 X67.78 Y20.906
G1 F3000 X67.22 Y21.466 E1208.64522
G0 F7200 X67.22 Y21.965
G1 F3000 X67.78 Y22.526 E1208.66599
G0 F7200 X67.59 Y22.526
G0 X67.59 Y26.562
G0 X67.78 Y26.562
G1 F3000 X67.22 Y27.122 E1208.68673
G0 F7200 X67.22 Y27.622
G1 F3000 X67.78 Y28.182 E1208.70747
G0 F7200 X67.59 Y28.182
G0 X67.338 Y12.662
G0 X66.924 Y13.076
;TYPE:WALL-INNER
G1 F2400 X67.1 Y13.5 E1208.7195
G1 X67.1 Y30.924 E1209.17587
G1 X67.9 Y30.924 E1209.19683
G1 X67.9 Y12.1 E1209.68987
G1 X32.161 Y12.1 E1210.62596
G1 X32.265 Y12.547 E1210.63798
G1 X32.472 Y13.045 E1210.65211
G1 X32.75 Y13.497 E1210.66601
G1 X33.098 Y13.902 E1210.67999
G1 X33.499 Y14.245 E1210.69381
G1 X33.951 Y14.524 E1210.70773
G1 X34.45 Y14.731 E1210.72188
G1 X34.967 Y14.853 E1210.73579
G1 X35.529 Y14.9 E1210.75056
G1 X36.9 Y14.9 E1210.78647
G1 X36.9 Y13.5 E1210.82314
G1 X37.02 Y13.139 E1210.8331
G1 X37.409 Y12.9 E1210.84506
G1 X66.5 Y12.9 E1211.60702
G1 X66.924 Y13.076 E1211.61905
G0 F7200 X66.7 Y13.5
;TYPE:WALL-OUTER
G1 F1200 X66.7 Y31.324 E1212.0859
G1 X68.3 Y31.324 E1212.12781
G1 X68.3 Y11.7 E1212.64181
G1 X31.717 Y11.7 E1213.6
G1 X31.747 Y12.085 E1213.61012
G1 X31.883 Y12.67 E1213.62585
G1 X32.115 Y13.228 E1213.64168
G1 X32.426 Y13.733 E1213.65721
G1 X32.814 Y14.186 E1213.67283
G1 X33.263 Y14.569 E1213.68829
G1 X33.768 Y14.881 E1213.70384
G1 X34.326 Y15.113 E1213.71967
G1 X34.904 Y15.249 E1213.73522
G1 X35.513 Y15.3 E1213.75123
G1 X37.3 Y15.3 E1213.79803
G1 X37.3 Y13.5 E1213.84518
G1 X37.34 Y13.379 E1213.84852
G1 X37.465 Y13.302 E1213.85236
G1 X66.5 Y13.3 E1214.61286
G1 X66.642 Y13.358 E1214.61687
G1 X66.7 Y13.5 E1214.62089
G0 F7200 X66.7 Y13.7
G1 F1500 E1208.12089
G0 F7200 X67.41 Y13.7
G0 X67.597 Y31.095
G0 X67.597 Y32.19
G0 X67.591 Y34.802
G0 X67.591 Y35.897
G0 X67.59 Y37.876
G0 X67.78 Y37.876
;TYPE:FILL
G1 F1500 E1214.62089
G1 F3000 X67.22 Y38.436 E1214.64163
G0 F7200 X67.22 Y38.935
G1 F3000 X67.78 Y39.496 E1214.6624
G0 F7200 X67.59 Y39.496
G0 X67.59 Y43.533
G0 X67.78 Y43.533
G1 F3000 X67.22 Y44.093 E1214.68314
G0 F7200 X67.22 Y44.592
G1 F3000 X67.78 Y45.153 E1214.7039
G0 F7200 X67.59 Y45.153
G0 X67.59 Y49.19
G0 X67.78 Y49.19
G1 F3000 X67.22 Y49.75 E1214.72464
G0 F7200 X67.22 Y50.249
G1 F3000 X67.78 Y50.81 E1214.74541
G0 F7200 X67.59 Y50.81
G0 X67.59 Y54.847
G0 X67.78 Y54.847
G1 F3000 X67.22 Y55.407 E1214.76615
G0 F7200 X67.22 Y55.906
G1 F3000 X67.78 Y56.467 E1214.78691
G0 F7200 X67.59 Y56.467
G0 X67.59 Y60.504
G0 X67.78 Y60.504
G1 F3000 X67.22 Y61.064 E1214.80766
G0 F7200 X67.22 Y61.563
G1 F3000 X67.78 Y62.124 E1214.82842
G0 F7200 X67.59 Y62.124
G0 X67.62 Y63.644
G0 X67.9 Y63.924
;TYPE:WALL-INNER
G1 F2400 X67.9 Y36.067 E1215.55806
G1 X67.1 Y36.066 E1215.57901
G1 X67.1 Y63.924 E1216.30868
G1 X67.9 Y63.924 E1216.32963
G0 F7200 X68.3 Y64.324
;TYPE:WALL-OUTER
G1 F1200 X68.3 Y35.668 E1217.0802
G1 X66.7 Y35.665 E1217.12211
G1 X66.7 Y64.324 E1217.87275
G1 X68.3 Y64.324 E1217.91466
G0 F7200 X68.3 Y64.124
G1 F1500 E1211.41466
G0 F7200 X67.62 Y63.644
G0 X67.59 Y65.189
G0 X67.59 Y67.803
G0 X67.59 Y68.898
G0 X67.59 Y71.817
G0 X67.78 Y71.817
;TYPE:FILL
G1 F1500 E1217.91466
G1 F3000 X67.22 Y72.377 E1217.93541
G0 F7200 X67.22 Y72.877
G1 F3000 X67.78 Y73.437 E1217.95615
G0 F7200 X67.59 Y73.437
G0 X67.59 Y77.474
G0 X67.78 Y77.474
G1 F3000 X67.22 Y78.033 E1217.97687
G0 F7200 X67.22 Y78.533
G1 F3000 X67.78 Y79.094 E1217.99764
G0 F7200 X67.59 Y79.094
G0 X67.59 Y83.131
G0 X67.78 Y83.131
G1 F3000 X67.22 Y83.69 E1218.01836
G0 F7200 X67.22 Y84.19
G1 F3000 X67.78 Y84.751 E1218.03912
G0 F7200 X67.59 Y84.751
G0 X67.338 Y87.338
G0 X65.152 Y87.59
G0 X65.152 Y87.78
G1 F3000 X64.593 Y87.22 E1218.05985
G0 F7200 X63.691 Y87.22
G1 F3000 X63.13 Y87.78 E1218.08061
G0 F7200 X63.13 Y87.59
G0 X59.495 Y87.59
G0 X59.495 Y87.78
G1 F3000 X58.936 Y87.22 E1218.10133
G0 F7200 X58.034 Y87.22
G1 F3000 X57.474 Y87.78 E1218.12208
G0 F7200 X57.474 Y87.59
G0 X53.838 Y87.59
G0 X53.838 Y87.78
G1 F3000 X53.279 Y87.22 E1218.1428
G0 F7200 X52.378 Y87.22
G1 F3000 X51.817 Y87.78 E1218.16356
G0 F7200 X51.817 Y87.59
G0 X48.181 Y87.59
G0 X48.181 Y87.779
G1 F3000 X47.622 Y87.22 E1218.18427
G0 F7200 X46.721 Y87.22
G1 F3000 X46.161 Y87.78 E1218.20501
G0 F7200 X46.161 Y87.59
G0 X42.524 Y87.59
G0 X42.524 Y87.779
G1 F3000 X41.965 Y87.22 E1218.22572
G0 F7200 X41.064 Y87.22
G1 F3000 X40.504 Y87.78 E1218.24646
G0 F7200 X40.504 Y87.59
G0 X36.867 Y87.59
G0 X36.867 Y87.779
G1 F3000 X34.476 Y85.388 E1218.33503
G1 X34.406 Y85.318
G0 F7200 X34.513 Y85.578
G0 X36.59 Y85.847
G0 X36.779 Y85.847
G1 F3000 X34.847 Y87.78 E1218.40661
G1 X34.777 Y87.85
G0 F7200 X34.777 Y87.59
G0 X67.338 Y87.338
G0 X66.924 Y86.924
;TYPE:WALL-INNER
G1 F2400 X66.589 Y87.1 E1218.41652
G1 X37.5 Y87.1 E1219.17843
G1 X37.02 Y86.861 E1219.19248
G1 X36.9 Y86.501 E1219.20242
G1 X36.9 Y85.1 E1219.23911
G1 X35.527 Y85.1 E1219.27507
G1 X34.967 Y85.143 E1219.28979
G1 X34.451 Y85.268 E1219.30369
G1 X33.949 Y85.477 E1219.31793
G1 X33.499 Y85.751 E1219.33173
G1 X33.098 Y86.098 E1219.34562
G1 X32.751 Y86.499 E1219.35951
G1 X32.476 Y86.95 E1219.37335
G1 X32.269 Y87.443 E1219.38735
G1 X32.16 Y87.899 E1219.39963
G1 X67.9 Y87.9 E1220.33575
G1 X67.9 Y69.068 E1220.829
G1 X67.1 Y69.068 E1220.84996
G1 X67.1 Y86.589 E1221.30887
G1 X66.924 Y86.924 E1221.31878
G0 F7200 X66.698 Y86.535
;TYPE:WALL-OUTER
G1 F1200 X66.642 Y86.642 E1221.32195
G1 X66.535 Y86.698 E1221.32511
G1 X37.5 Y86.7 E1222.08561
G1 X37.34 Y86.621 E1222.09028
G1 X37.3 Y86.501 E1222.09359
G1 X37.3 Y84.7 E1222.14077
G1 X35.512 Y84.7 E1222.1876
G1 X34.904 Y84.747 E1222.20357
G1 X34.327 Y84.887 E1222.21912
G1 X33.767 Y85.119 E1222.235
G1 X33.263 Y85.427 E1222.25047
G1 X32.814 Y85.814 E1222.26599
G1 X32.427 Y86.263 E1222.28152
G1 X32.119 Y86.768 E1222.29701
G1 X31.887 Y87.319 E1222.31267
G1 X31.747 Y87.911 E1222.32861
G1 X31.717 Y88.3 E1222.33883
G1 X68.3 Y88.3 E1223.29702
G1 X68.3 Y68.668 E1223.81123
G1 X66.7 Y68.668 E1223.85314
G1 X66.698 Y86.535 E1224.32112
G0 F7200 X66.642 Y86.642
G0 X66.573 Y86.678
G1 F1500 E1217.82112
;MESH:NONMESH
G0 F600 Z10.5
G0 F7200 X66.573 Y87.41
G0 X37.076 Y86.924
G0 X38.153 Y85.847
G0 X38.153 Y84.227
G0 X35.52 Y16.165
G0 X35.52 Y15.071
G0 X34.848 Y12.41
G0 X34.848 Y12.22
;TIME_ELAPSED:2066.004447
;LAYER:68
;TYPE:FILL
;MESH:Wandhalterung TP-Link Media Converter.stl
G1 F1500 E1224.32112
G1 F3000 X36.78 Y14.153 E1224.3927
G1 X36.85 Y14.223
G0 F7200 X36.59 Y14.223
G0 X36.662 Y12.662
G0 X36.867 Y12.22
G1 F3000 X34.476 Y14.612 E1224.48128
G1 X34.406 Y14.682
G0 F7200 X34.514 Y14.423
G0 X36.662 Y12.662
G0 X40.504 Y12.41
G0 X40.504 Y12.22
G1 F3000 X41.064 Y12.78 E1224.50203
G0 F7200 X41.964 Y12.78
G1 F3000 X42.524 Y12.22 E1224.52277
G0 F7200 X42.524 Y12.41
G0 X46.161 Y12.41
G0 X46.161 Y12.22
G1 F3000 X46.721 Y12.78 E1224.54351
G0 F7200 X47.621 Y12.78
G1 F3000 X48.181 Y12.22 E1224.56426
G0 F7200 X48.181 Y12.41
G0 X51.818 Y12.41
G0 X51.818 Y12.22
G1 F3000 X52.378 Y12.78 E1224.585
G0 F7200 X53.278 Y12.78
G1 F3000 X53.838 Y12.22 E1224.60574
G0 F7200 X53.838 Y12.41
G0 X57.475 Y12.41
G0 X57.475 Y12.22
G1 F3000 X58.034 Y12.78 E1224.62647
G0 F7200 X58.935 Y12.78
G1 F3000 X59.495 Y12.22 E1224.64721
G0 F7200 X59.495 Y12.41
G0 X63.132 Y12.41
G0 X63.132 Y12.22
G1 F3000 X63.691 Y12.78 E1224.66794
G0 F7200 X64.591 Y12.78
G1 F3000 X65.151 Y12.22 E1224.68868
G0 F7200 X65.151 Y12.41
G0 X67.338 Y12.662
G0 X67.59 Y15.249
G0 X67.78 Y15.249
G1 F3000 X67.22 Y15.808 E1224.7094
G0 F7200 X67.22 Y16.308
G1 F3000 X67.78 Y16.869 E1224.73017
G0 F7200 X67.59 Y16.869
G0 X67.59 Y20.906
G0 X67.78 Y20.906
G1 F3000 X67.22 Y21.465 E1224.75089
G0 F7200 X67.22 Y21.965
G1 F3000 X67.78 Y22.526 E1224.77165
G0 F7200 X67.59 Y22.526
G0 X67.59 Y26.562
G0 X67.78 Y26.562
G1 F3000 X67.22 Y27.122 E1224.7924
G0 F7200 X67.22 Y27.622
G1 F3000 X67.78 Y28.182 E1224.81314
G0 F7200 X67.59 Y28.182
G0 X67.338 Y12.662
G0 X66.924 Y13.076
;TYPE:WALL-INNER
G1 F2400 X67.1 Y13.5 E1224.82516
G1 X67.1 Y30.957 E1225.2824
G1 X67.9 Y30.958 E1225.30336
G1 X67.9 Y12.1 E1225.79729
G1 X32.161 Y12.1 E1226.73338
G1 X32.265 Y12.547 E1226.7454
G1 X32.472 Y13.045 E1226.75953
G1 X32.75 Y13.497 E1226.77343
G1 X33.098 Y13.902 E1226.78741
G1 X33.499 Y14.245 E1226.80123
G1 X33.951 Y14.524 E1226.81515
G1 X34.45 Y14.731 E1226.8293
G1 X34.967 Y14.853 E1226.84321
G1 X35.529 Y14.9 E1226.85798
G1 X36.9 Y14.9 E1226.89389
G1 X36.9 Y13.5 E1226.93056
G1 X37.02 Y13.139 E1226.94052
G1 X37.409 Y12.9 E1226.95248
G1 X66.5 Y12.9 E1227.71444
G1 X66.924 Y13.076 E1227.72647
G0 F7200 X66.7 Y13.5
;TYPE:WALL-OUTER
G1 F1200 X66.7 Y31.356 E1228.19416
G1 X68.3 Y31.359 E1228.23607
G1 X68.3 Y11.7 E1228.75098
G1 X31.717 Y11.7 E1229.70918
G1 X31.747 Y12.085 E1229.71929
G1 X31.883 Y12.67 E1229.73502
G1 X32.115 Y13.228 E1229.75085
G1 X32.426 Y13.733 E1229.76639
G1 X32.814 Y14.186 E1229.78201
G1 X33.263 Y14.569 E1229.79747
G1 X33.768 Y14.881 E1229.81301
G1 X34.326 Y15.113 E1229.82884
G1 X34.904 Y15.249 E1229.8444
G1 X35.513 Y15.3 E1229.8604
G1 X37.3 Y15.3 E1229.90721
G1 X37.3 Y13.5 E1229.95435
G1 X37.34 Y13.379 E1229.95769
G1 X37.465 Y13.302 E1229.96154
G1 X66.5 Y13.3 E1230.72203
G1 X66.642 Y13.358 E1230.72605
G1 X66.7 Y13.5 E1230.73007
G0 F7200 X66.7 Y13.7
G1 F1500 E1224.23007
G0 F7200 X67.41 Y13.7
G0 X67.597 Y31.13
G0 X67.597 Y32.225
G0 X67.591 Y34.784
G0 X67.591 Y35.879
G0 X67.59 Y37.876
G0 X67.78 Y37.876
;TYPE:FILL
G1 F1500 E1230.73007
G1 F3000 X67.22 Y38.435 E1230.75079
G0 F7200 X67.22 Y38.935
G1 F3000 X67.78 Y39.496 E1230.77155
G0 F7200 X67.59 Y39.496
G0 X67.59 Y43.533
G0 X67.78 Y43.533
G1 F3000 X67.22 Y44.092 E1230.79228
G0 F7200 X67.22 Y44.592
G1 F3000 X67.78 Y45.153 E1230.81304
G0 F7200 X67.59 Y45.153
G0 X67.59 Y49.19
G0 X67.78 Y49.19
G1 F3000 X67.22 Y49.749 E1230.83377
G0 F7200 X67.22 Y50.249
G1 F3000 X67.78 Y50.81 E1230.85453
G0 F7200 X67.59 Y50.81
G0 X67.59 Y54.847
G0 X67.78 Y54.847
G1 F3000 X67.22 Y55.406 E1230.87525
G0 F7200 X67.22 Y55.906
G1 F3000 X67.78 Y56.467 E1230.89601
G0 F7200 X67.59 Y56.467
G0 X67.59 Y60.504
G0 X67.78 Y60.504
G1 F3000 X67.22 Y61.063 E1230.91674
G0 F7200 X67.22 Y61.563
G1 F3000 X67.78 Y62.124 E1230.9375
G0 F7200 X67.59 Y62.124
G0 X67.62 Y63.679
G0 X67.9 Y63.956
;TYPE:WALL-INNER
G1 F2400 X67.9 Y36.048 E1231.66848
G1 X67.1 Y36.048 E1231.68943
G1 X67.1 Y63.956 E1232.42041
G1 X67.9 Y63.956 E1232.44136
G0 F7200 X68.3 Y64.356
;TYPE:WALL-OUTER
G1 F1200 X68.3 Y35.648 E1233.19329
G1 X66.7 Y35.648 E1233.2352
G1 X66.7 Y64.356 E1233.98713
G1 X68.3 Y64.356 E1234.02904
G0 F7200 X68.3 Y64.156
G1 F1500 E1227.52904
G0 F7200 X67.62 Y63.679
G0 X67.59 Y65.224
G0 X67.59 Y67.785
G0 X67.59 Y68.88
G0 X67.59 Y71.817
G0 X67.78 Y71.817
;TYPE:FILL
G1 F1500 E1234.02904
G1 F3000 X67.22 Y72.377 E1234.04978
G0 F7200 X67.22 Y72.877
G1 F3000 X67.78 Y73.437 E1234.07052
G0 F7200 X67.59 Y73.437
G0 X67.59 Y77.473
G0 X67.78 Y77.473
G1 F3000 X67.22 Y78.033 E1234.09127
G0 F7200 X67.22 Y78.534
G1 F3000 X67.78 Y79.094 E1234.11201
G0 F7200 X67.59 Y79.094
G0 X67.59 Y83.13
G0 X67.78 Y83.13
G1 F3000 X67.22 Y83.69 E1234.13275
G0 F7200 X67.22 Y84.191
G1 F3000 X67.78 Y84.751 E1234.1535
G0 F7200 X67.59 Y84.751
G0 X67.338 Y87.338
G0 X65.152 Y87.59
G0 X65.152 Y87.78
G1 F3000 X64.593 Y87.22 E1234.17422
G0 F7200 X63.691 Y87.22
G1 F3000 X63.13 Y87.78 E1234.19498
G0 F7200 X63.13 Y87.59
G0 X59.495 Y87.59
G0 X59.495 Y87.78
G1 F3000 X58.936 Y87.22 E1234.21571
G0 F7200 X58.034 Y87.22
G1 F3000 X57.474 Y87.78 E1234.23645
G0 F7200 X57.474 Y87.59
G0 X53.838 Y87.59
G0 X53.838 Y87.78
G1 F3000 X53.279 Y87.22 E1234.25718
G0 F7200 X52.378 Y87.22
G1 F3000 X51.817 Y87.78 E1234.27794
G0 F7200 X51.817 Y87.59
G0 X48.181 Y87.59
G0 X48.181 Y87.779
G1 F3000 X47.622 Y87.22 E1234.29864
G0 F7200 X46.721 Y87.22
G1 F3000 X46.161 Y87.78 E1234.31939
G0 F7200 X46.161 Y87.59
G0 X42.524 Y87.59
G0 X42.524 Y87.779
G1 F3000 X41.965 Y87.22 E1234.34009
G0 F7200 X41.064 Y87.22
G1 F3000 X40.504 Y87.78 E1234.36084
G0 F7200 X40.504 Y87.59
G0 X36.867 Y87.59
G0 X36.867 Y87.779
G1 F3000 X34.476 Y85.388 E1234.4494
G1 X34.406 Y85.318
G0 F7200 X34.513 Y85.578
G0 X36.59 Y85.847
G0 X36.779 Y85.847
G1 F3000 X34.847 Y87.78 E1234.52099
G1 X34.777 Y87.85
G0 F7200 X34.777 Y87.59
G0 X67.338 Y87.338
G0 X66.924 Y86.924
;TYPE:WALL-INNER
G1 F2400 X66.589 Y87.1 E1234.5309
G1 X37.5 Y87.1 E1235.29281
G1 X37.02 Y86.861 E1235.30685
G1 X36.9 Y86.501 E1235.31679
G1 X36.9 Y85.1 E1235.35349
G1 X35.527 Y85.1 E1235.38945
G1 X34.967 Y85.143 E1235.40416
G1 X34.451 Y85.268 E1235.41807
G1 X33.949 Y85.477 E1235.43231
G1 X33.499 Y85.751 E1235.44611
G1 X33.098 Y86.098 E1235.46
G1 X32.751 Y86.499 E1235.47389
G1 X32.476 Y86.95 E1235.48772
G1 X32.269 Y87.443 E1235.50173
G1 X32.16 Y87.899 E1235.51401
G1 X67.9 Y87.9 E1236.45012
G1 X67.9 Y69.048 E1236.9439
G1 X67.1 Y69.048 E1236.96485
G1 X67.1 Y86.589 E1237.42429
G1 X66.924 Y86.924 E1237.43421
G0 F7200 X66.698 Y86.535
;TYPE:WALL-OUTER
G1 F1200 X66.642 Y86.642 E1237.43737
G1 X66.535 Y86.698 E1237.44053
G1 X37.5 Y86.7 E1238.20103
G1 X37.34 Y86.621 E1238.2057
G1 X37.3 Y86.501 E1238.20902
G1 X37.3 Y84.7 E1238.25619
G1 X35.512 Y84.7 E1238.30302
G1 X34.904 Y84.747 E1238.31899
G1 X34.327 Y84.887 E1238.33454
G1 X33.767 Y85.119 E1238.35042
G1 X33.263 Y85.427 E1238.36589
G1 X32.814 Y85.814 E1238.38142
G1 X32.427 Y86.263 E1238.39694
G1 X32.119 Y86.768 E1238.41244
G1 X31.887 Y87.319 E1238.42809
G1 X31.747 Y87.911 E1238.44403
G1 X31.717 Y88.3 E1238.45425
G1 X68.3 Y88.3 E1239.41244
G1 X68.3 Y68.648 E1239.92717
G1 X66.7 Y68.648 E1239.96908
G1 X66.698 Y86.535 E1240.43759
G0 F7200 X66.642 Y86.642
G0 X66.573 Y86.678
G1 F1500 E1233.93759
;MESH:NONMESH
G0 F600 Z10.65
G0 F7200 X66.573 Y87.41
G0 X37.076 Y86.924
G0 X38.153 Y85.847
G0 X38.153 Y84.227
G0 X35.52 Y16.165
G0 X35.52 Y15.071
G0 X34.848 Y12.41
G0 X34.848 Y12.22
;TIME_ELAPSED:2094.472541
;LAYER:69
;TYPE:FILL
;MESH:Wandhalterung TP-Link Media Converter.stl
G1 F1500 E1240.43759
G1 F3000 X36.78 Y14.153 E1240.50917
G1 X36.85 Y14.223
G0 F7200 X36.59 Y14.223
G0 X36.662 Y12.662
G0 X36.867 Y12.22
G1 F3000 X34.476 Y14.612 E1240.59775
G1 X34.406 Y14.682
G0 F7200 X34.514 Y14.423
G0 X36.662 Y12.662
G0 X40.504 Y12.41
G0 X40.504 Y12.22
G1 F3000 X41.064 Y12.78 E1240.6185
G0 F7200 X41.964 Y12.78
G1 F3000 X42.524 Y12.22 E1240.63924
G0 F7200 X42.524 Y12.41
G0 X46.161 Y12.41
G0 X46.161 Y12.22
G1 F3000 X46.721 Y12.78 E1240.65998
G0 F7200 X47.621 Y12.78
G1 F3000 X48.181 Y12.22 E1240.68073
G0 F7200 X48.181 Y12.41
G0 X51.818 Y12.41
G0 X51.818 Y12.22
G1 F3000 X52.378 Y12.78 E1240.70147
G0 F7200 X53.278 Y12.78
G1 F3000 X53.838 Y12.22 E1240.72221
G0 F7200 X53.838 Y12.41
G0 X57.475 Y12.41
G0 X57.475 Y12.22
G1 F3000 X58.034 Y12.78 E1240.74294
G0 F7200 X58.935 Y12.78
G1 F3000 X59.495 Y12.22 E1240.76368
G0 F7200 X59.495 Y12.41
G0 X63.132 Y12.41
G0 X63.132 Y12.22
G1 F3000 X63.691 Y12.78 E1240.78441
G0 F7200 X64.591 Y12.78
G1 F3000 X65.151 Y12.22 E1240.80515
G0 F7200 X65.151 Y12.41
G0 X67.338 Y12.662
G0 X67.59 Y15.249
G0 X67.78 Y15.249
G1 F3000 X67.22 Y15.809 E1240.82589
G0 F7200 X67.22 Y16.308
G1 F3000 X67.78 Y16.869 E1240.84665
G0 F7200 X67.59 Y16.869
G0 X67.59 Y20.906
G0 X67.78 Y20.906
G1 F3000 X67.22 Y21.466 E1240.8674
G0 F7200 X67.22 Y21.965
G1 F3000 X67.78 Y22.526 E1240.88816
G0 F7200 X67.59 Y22.526
G0 X67.59 Y26.562
G0 X67.78 Y26.562
G1 F3000 X67.22 Y27.122 E1240.9089
G0 F7200 X67.22 Y27.622
G1 F3000 X67.78 Y28.182 E1240.92965
G0 F7200 X67.59 Y28.182
G0 X67.338 Y12.662
G0 X66.924 Y13.076
;TYPE:WALL-INNER
G1 F2400 X67.1 Y13.5 E1240.94167
G1 X67.1 Y30.993 E1241.39985
G1 X67.9 Y30.994 E1241.42081
G1 X67.9 Y12.1 E1241.91569
G1 X32.161 Y12.1 E1242.85177
G1 X32.265 Y12.547 E1242.86379
G1 X32.472 Y13.045 E1242.87792
G1 X32.75 Y13.497 E1242.89182
G1 X33.098 Y13.902 E1242.90581
G1 X33.499 Y14.245 E1242.91963
G1 X33.951 Y14.524 E1242.93354
G1 X34.45 Y14.731 E1242.94769
G1 X34.967 Y14.853 E1242.9616
G1 X35.529 Y14.9 E1242.97637
G1 X36.9 Y14.9 E1243.01228
G1 X36.9 Y13.5 E1243.04895
G1 X37.02 Y13.139 E1243.05892
G1 X37.409 Y12.9 E1243.07088
G1 X66.5 Y12.9 E1243.83284
G1 X66.924 Y13.076 E1243.84486
G0 F7200 X66.7 Y13.5
;TYPE:WALL-OUTER
G1 F1200 X66.7 Y31.392 E1244.3135
G1 X68.3 Y31.395 E1244.3554
G1 X68.3 Y11.7 E1244.87126
G1 X31.717 Y11.7 E1245.82946
G1 X31.747 Y12.085 E1245.83957
G1 X31.883 Y12.67 E1245.8553
G1 X32.115 Y13.228 E1245.87113
G1 X32.426 Y13.733 E1245.88666
G1 X32.814 Y14.186 E1245.90229
G1 X33.263 Y14.569 E1245.91774
G1 X33.768 Y14.881 E1245.93329
G1 X34.326 Y15.113 E1245.94912
G1 X34.904 Y15.249 E1245.96467
G1 X35.513 Y15.3 E1245.98068
G1 X37.3 Y15.3 E1246.02749
G1 X37.3 Y13.5 E1246.07463
G1 X37.34 Y13.379 E1246.07797
G1 X37.465 Y13.302 E1246.08182
G1 X66.5 Y13.3 E1246.84231
G1 X66.642 Y13.358 E1246.84633
G1 X66.7 Y13.5 E1246.85035
G0 F7200 X66.7 Y13.7
G1 F1500 E1240.35035
G0 F7200 X67.41 Y13.7
G0 X67.597 Y31.166
G0 X67.597 Y32.261
G0 X67.597 Y34.74
G0 X67.597 Y35.835
G0 X67.59 Y37.876
G0 X67.78 Y37.876
;TYPE:FILL
G1 F1500 E1246.85035
G1 F3000 X67.22 Y38.435 E1246.87107
G0 F7200 X67.22 Y38.935
G1 F3000 X67.78 Y39.495 E1246.89181
G0 F7200 X67.59 Y39.495
G0 X67.59 Y43.533
G0 X67.78 Y43.533
G1 F3000 X67.22 Y44.092 E1246.91254
G0 F7200 X67.22 Y44.592
G1 F3000 X67.78 Y45.152 E1246.93328
G0 F7200 X67.59 Y45.152
G0 X67.59 Y49.19
G0 X67.78 Y49.19
G1 F3000 X67.22 Y49.749 E1246.95401
G0 F7200 X67.22 Y50.249
G1 F3000 X67.78 Y50.809 E1246.97475
G0 F7200 X67.59 Y50.809
G0 X67.59 Y54.847
G0 X67.78 Y54.847
G1 F3000 X67.22 Y55.406 E1246.99548
G0 F7200 X67.22 Y55.906
G1 F3000 X67.78 Y56.466 E1247.01622
G0 F7200 X67.59 Y56.466
G0 X67.59 Y60.504
G0 X67.78 Y60.504
G1 F3000 X67.22 Y61.063 E1247.03694
G0 F7200 X67.22 Y61.563
G1 F3000 X67.78 Y62.123 E1247.05769
G0 F7200 X67.59 Y62.123
G0 X67.62 Y63.716
G0 X67.9 Y63.994
;TYPE:WALL-INNER
G1 F2400 X67.9 Y36.004 E1247.79081
G1 X67.1 Y36.004 E1247.81176
G1 X67.1 Y63.993 E1248.54486
G1 X67.9 Y63.994 E1248.56582
G0 F7200 X68.3 Y64.395
;TYPE:WALL-OUTER
G1 F1200 X68.3 Y35.604 E1249.31992
G1 X66.7 Y35.604 E1249.36183
G1 X66.7 Y64.392 E1250.11585
G1 X68.3 Y64.395 E1250.15776
G0 F7200 X68.3 Y64.195
G1 F1500 E1243.65776
G0 F7200 X67.62 Y63.716
G0 X67.598 Y65.261
G0 X67.598 Y67.74
G0 X67.598 Y68.835
G0 X67.59 Y71.817
G0 X67.78 Y71.817
;TYPE:FILL
G1 F1500 E1250.15776
G1 F3000 X67.22 Y72.377 E1250.1785
G0 F7200 X67.22 Y72.877
G1 F3000 X67.78 Y73.437 E1250.19925
G0 F7200 X67.59 Y73.437
G0 X67.59 Y77.473
G0 X67.78 Y77.473
G1 F3000 X67.22 Y78.033 E1250.21999
G0 F7200 X67.22 Y78.534
G1 F3000 X67.78 Y79.094 E1250.24073
G0 F7200 X67.59 Y79.094
G0 X67.59 Y83.13
G0 X67.78 Y83.13
G1 F3000 X67.22 Y83.69 E1250.26148
G0 F7200 X67.22 Y84.191
G1 F3000 X67.78 Y84.751 E1250.28222
G0 F7200 X67.59 Y84.751
G0 X67.338 Y87.338
G0 X65.152 Y87.59
G0 X65.152 Y87.78
G1 F3000 X64.593 Y87.22 E1250.30295
G0 F7200 X63.691 Y87.22
G1 F3000 X63.13 Y87.78 E1250.32371
G0 F7200 X63.13 Y87.59
G0 X59.495 Y87.59
G0 X59.495 Y87.78
G1 F3000 X58.936 Y87.22 E1250.34443
G0 F7200 X58.034 Y87.22
G1 F3000 X57.474 Y87.78 E1250.36518
G0 F7200 X57.474 Y87.59
G0 X53.838 Y87.59
G0 X53.838 Y87.78
G1 F3000 X53.279 Y87.22 E1250.3859
G0 F7200 X52.378 Y87.22
G1 F3000 X51.817 Y87.78 E1250.40666
G0 F7200 X51.817 Y87.59
G0 X48.181 Y87.59
G0 X48.181 Y87.779
G1 F3000 X47.622 Y87.22 E1250.42737
G0 F7200 X46.721 Y87.22
G1 F3000 X46.161 Y87.78 E1250.44811
G0 F7200 X46.161 Y87.59
G0 X42.524 Y87.59
G0 X42.524 Y87.779
G1 F3000 X41.965 Y87.22 E1250.46882
G0 F7200 X41.064 Y87.22
G1 F3000 X40.504 Y87.78 E1250.48956
G0 F7200 X40.504 Y87.59
G0 X36.867 Y87.59
G0 X36.867 Y87.779
G1 F3000 X34.476 Y85.388 E1250.57813
G1 X34.406 Y85.318
G0 F7200 X34.513 Y85.578
G0 X36.59 Y85.847
G0 X36.779 Y85.847
G1 F3000 X34.847 Y87.78 E1250.64971
G1 X34.777 Y87.85
G0 F7200 X34.777 Y87.59
G0 X67.338 Y87.338
G0 X66.924 Y86.924
;TYPE:WALL-INNER
G1 F2400 X66.589 Y87.1 E1250.65962
G1 X37.5 Y87.1 E1251.42153
G1 X37.02 Y86.861 E1251.43558
G1 X36.9 Y86.501 E1251.44552
G1 X36.9 Y85.1 E1251.48221
G1 X35.527 Y85.1 E1251.51817
G1 X34.967 Y85.143 E1251.53288
G1 X34.451 Y85.268 E1251.54679
G1 X33.949 Y85.477 E1251.56103
G1 X33.499 Y85.751 E1251.57483
G1 X33.098 Y86.098 E1251.58872
G1 X32.751 Y86.499 E1251.60261
G1 X32.476 Y86.95 E1251.61645
G1 X32.269 Y87.443 E1251.63045
G1 X32.16 Y87.899 E1251.64273
G1 X67.9 Y87.9 E1252.57885
G1 X67.9 Y69.004 E1253.07378
G1 X67.1 Y69.004 E1253.09473
G1 X67.1 Y86.589 E1253.55532
G1 X66.924 Y86.924 E1253.56524
G0 F7200 X66.698 Y86.535
;TYPE:WALL-OUTER
G1 F1200 X66.642 Y86.642 E1253.5684
G1 X66.535 Y86.698 E1253.57156
G1 X37.5 Y86.7 E1254.33206
G1 X37.34 Y86.621 E1254.33673
G1 X37.3 Y86.501 E1254.34004
G1 X37.3 Y84.7 E1254.38722
G1 X35.512 Y84.7 E1254.43405
G1 X34.904 Y84.747 E1254.45002
G1 X34.327 Y84.887 E1254.46557
G1 X33.767 Y85.119 E1254.48145
G1 X33.263 Y85.427 E1254.49692
G1 X32.814 Y85.814 E1254.51245
G1 X32.427 Y86.263 E1254.52797
G1 X32.119 Y86.768 E1254.54347
G1 X31.887 Y87.319 E1254.55912
G1 X31.747 Y87.911 E1254.57506
G1 X31.717 Y88.3 E1254.58528
G1 X68.3 Y88.3 E1255.54347
G1 X68.3 Y68.604 E1256.05936
G1 X66.7 Y68.604 E1256.10126
G1 X66.698 Y86.535 E1256.57092
G0 F7200 X66.642 Y86.642
G0 X66.573 Y86.678
G1 F1500 E1250.07092
;MESH:NONMESH
G0 F600 Z10.8
G0 F7200 X66.573 Y87.41
G0 X37.076 Y86.924
G0 X38.153 Y85.847
G0 X38.153 Y84.227
G0 X35.52 Y16.165
G0 X35.52 Y15.071
G0 X34.848 Y12.41
G0 X34.848 Y12.22
;TIME_ELAPSED:2122.965027
;LAYER:70
;TYPE:FILL
;MESH:Wandhalterung TP-Link Media Converter.stl
G1 F1500 E1256.57092
G1 F3000 X36.78 Y14.153 E1256.6425
G1 X36.85 Y14.223
G0 F7200 X36.59 Y14.223
G0 X36.662 Y12.662
G0 X36.867 Y12.22
G1 F3000 X34.476 Y14.612 E1256.73109
G1 X34.406 Y14.682
G0 F7200 X34.514 Y14.423
G0 X36.662 Y12.662
G0 X40.504 Y12.41
G0 X40.504 Y12.22
G1 F3000 X41.064 Y12.78 E1256.75183
G0 F7200 X41.964 Y12.78
G1 F3000 X42.524 Y12.22 E1256.77257
G0 F7200 X42.524 Y12.41
G0 X46.161 Y12.41
G0 X46.161 Y12.22
G1 F3000 X46.721 Y12.78 E1256.79332
G0 F7200 X47.621 Y12.78
G1 F3000 X48.181 Y12.22 E1256.81406
G0 F7200 X48.181 Y12.41
G0 X51.818 Y12.41
G0 X51.818 Y12.22
G1 F3000 X52.378 Y12.78 E1256.8348
G0 F7200 X53.278 Y12.78
G1 F3000 X53.838 Y12.22 E1256.85555
G0 F7200 X53.838 Y12.41
G0 X57.475 Y12.41
G0 X57.475 Y12.22
G1 F3000 X58.034 Y12.78 E1256.87627
G0 F7200 X58.935 Y12.78
G1 F3000 X59.495 Y12.22 E1256.89702
G0 F7200 X59.495 Y12.41
G0 X63.132 Y12.41
G0 X63.132 Y12.22
G1 F3000 X63.691 Y12.78 E1256.91774
G0 F7200 X64.591 Y12.78
G1 F3000 X65.151 Y12.22 E1256.93848
G0 F7200 X65.151 Y12.41
G0 X67.338 Y12.662
G0 X67.59 Y15.249
G0 X67.78 Y15.249
G1 F3000 X67.22 Y15.809 E1256.95923
G0 F7200 X67.22 Y16.308
G1 F3000 X67.78 Y16.869 E1256.97999
G0 F7200 X67.59 Y16.869
G0 X67.59 Y20.906
G0 X67.78 Y20.906
G1 F3000 X67.22 Y21.466 E1257.00073
G0 F7200 X67.22 Y21.965
G1 F3000 X67.78 Y22.526 E1257.02149
G0 F7200 X67.59 Y22.526
G0 X67.59 Y26.562
G0 X67.78 Y26.562
G1 F3000 X67.22 Y27.122 E1257.04224
G0 F7200 X67.22 Y27.622
G1 F3000 X67.78 Y28.182 E1257.06298
G0 F7200 X67.59 Y28.182
G0 X67.338 Y12.662
G0 X66.924 Y13.076
;TYPE:WALL-INNER
G1 F2400 X67.1 Y13.5 E1257.075
G1 X67.1 Y31.04 E1257.53442
G1 X67.9 Y31.04 E1257.55537
G1 X67.9 Y12.1 E1258.05146
G1 X32.161 Y12.1 E1258.98754
G1 X32.265 Y12.547 E1258.99956
G1 X32.472 Y13.045 E1259.01369
G1 X32.75 Y13.497 E1259.02759
G1 X33.098 Y13.902 E1259.04158
G1 X33.499 Y14.245 E1259.0554
G1 X33.951 Y14.524 E1259.06931
G1 X34.45 Y14.731 E1259.08346
G1 X34.967 Y14.853 E1259.09737
G1 X35.529 Y14.9 E1259.11214
G1 X36.9 Y14.9 E1259.14805
G1 X36.9 Y13.5 E1259.18472
G1 X37.02 Y13.139 E1259.19469
G1 X37.409 Y12.9 E1259.20665
G1 X66.5 Y12.9 E1259.96861
G1 X66.924 Y13.076 E1259.98063
G0 F7200 X66.7 Y13.5
;TYPE:WALL-OUTER
G1 F1200 X66.7 Y31.44 E1260.45052
G1 X68.3 Y31.44 E1260.49243
G1 X68.3 Y11.7 E1261.00947
G1 X31.717 Y11.7 E1261.96766
G1 X31.747 Y12.085 E1261.97778
G1 X31.883 Y12.67 E1261.99351
G1 X32.115 Y13.228 E1262.00934
G1 X32.426 Y13.733 E1262.02487
G1 X32.814 Y14.186 E1262.04049
G1 X33.263 Y14.569 E1262.05595
G1 X33.768 Y14.881 E1262.0715
G1 X34.326 Y15.113 E1262.08733
G1 X34.904 Y15.249 E1262.10288
G1 X35.513 Y15.3 E1262.11889
G1 X37.3 Y15.3 E1262.16569
G1 X37.3 Y13.5 E1262.21284
G1 X37.34 Y13.379 E1262.21618
G1 X37.465 Y13.302 E1262.22002
G1 X66.5 Y13.3 E1262.98052
G1 X66.642 Y13.358 E1262.98453
G1 X66.7 Y13.5 E1262.98855
G0 F7200 X66.7 Y13.7
G1 F1500 E1256.48855
G0 F7200 X67.41 Y13.7
G0 X67.597 Y31.212
G0 X67.597 Y32.307
G0 X67.592 Y34.684
G0 X67.592 Y35.779
G0 X67.59 Y37.876
G0 X67.78 Y37.876
;TYPE:FILL
G1 F1500 E1262.98855
G1 F3000 X67.22 Y38.435 E1263.00928
G0 F7200 X67.22 Y38.935
G1 F3000 X67.78 Y39.496 E1263.03004
G0 F7200 X67.59 Y39.496
G0 X67.59 Y43.533
G0 X67.78 Y43.533
G1 F3000 X67.22 Y44.092 E1263.05076
G0 F7200 X67.22 Y44.592
G1 F3000 X67.78 Y45.153 E1263.07153
G0 F7200 X67.59 Y45.153
G0 X67.59 Y49.19
G0 X67.78 Y49.19
G1 F3000 X67.22 Y49.749 E1263.09225
G0 F7200 X67.22 Y50.249
G1 F3000 X67.78 Y50.81 E1263.11301
G0 F7200 X67.59 Y50.81
G0 X67.59 Y54.847
G0 X67.78 Y54.847
G1 F3000 X67.22 Y55.406 E1263.13374
G0 F7200 X67.22 Y55.906
G1 F3000 X67.78 Y56.467 E1263.1545
G0 F7200 X67.59 Y56.467
G0 X67.59 Y60.504
G0 X67.78 Y60.504
G1 F3000 X67.22 Y61.063 E1263.17522
G0 F7200 X67.22 Y61.563
G1 F3000 X67.78 Y62.124 E1263.19599
G0 F7200 X67.59 Y62.124
G0 X67.62 Y63.761
G0 X67.9 Y64.04
;TYPE:WALL-INNER
G1 F2400 X67.9 Y35.948 E1263.93178
G1 X67.1 Y35.948 E1263.95273
G1 X67.1 Y64.04 E1264.68853
G1 X67.9 Y64.04 E1264.70948
G0 F7200 X68.3 Y64.44
;TYPE:WALL-OUTER
G1 F1200 X68.3 Y35.548 E1265.46623
G1 X66.7 Y35.548 E1265.50814
G1 X66.7 Y64.44 E1266.26489
G1 X68.3 Y64.44 E1266.3068
G0 F7200 X68.3 Y64.24
G1 F1500 E1259.8068
G0 F7200 X67.62 Y63.761
G0 X67.59 Y65.306
G0 X67.59 Y67.685
G0 X67.59 Y68.78
G0 X67.59 Y71.817
G0 X67.78 Y71.817
;TYPE:FILL
G1 F1500 E1266.3068
G1 F3000 X67.22 Y72.377 E1266.32754
G0 F7200 X67.22 Y72.877
G1 F3000 X67.78 Y73.437 E1266.34829
G0 F7200 X67.59 Y73.437
G0 X67.59 Y77.474
G0 X67.78 Y77.474
G1 F3000 X67.22 Y78.033 E1266.36901
G0 F7200 X67.22 Y78.533
G1 F3000 X67.78 Y79.094 E1266.38977
G0 F7200 X67.59 Y79.094
G0 X67.59 Y83.131
G0 X67.78 Y83.131
G1 F3000 X67.22 Y83.69 E1266.4105
G0 F7200 X67.22 Y84.19
G1 F3000 X67.78 Y84.751 E1266.43126
G0 F7200 X67.59 Y84.751
G0 X67.338 Y87.338
G0 X65.152 Y87.59
G0 X65.152 Y87.78
G1 F3000 X64.593 Y87.22 E1266.45198
G0 F7200 X63.691 Y87.22
G1 F3000 X63.13 Y87.78 E1266.47275
G0 F7200 X63.13 Y87.59
G0 X59.495 Y87.59
G0 X59.495 Y87.78
G1 F3000 X58.936 Y87.22 E1266.49347
G0 F7200 X58.034 Y87.22
G1 F3000 X57.474 Y87.78 E1266.51421
G0 F7200 X57.474 Y87.59
G0 X53.838 Y87.59
G0 X53.838 Y87.78
G1 F3000 X53.279 Y87.22 E1266.53494
G0 F7200 X52.378 Y87.22
G1 F3000 X51.817 Y87.78 E1266.5557
G0 F7200 X51.817 Y87.59
G0 X48.181 Y87.59
G0 X48.181 Y87.779
G1 F3000 X47.622 Y87.22 E1266.57641
G0 F7200 X46.721 Y87.22
G1 F3000 X46.161 Y87.78 E1266.59715
G0 F7200 X46.161 Y87.59
G0 X42.524 Y87.59
G0 X42.524 Y87.779
G1 F3000 X41.965 Y87.22 E1266.61786
G0 F7200 X41.064 Y87.22
G1 F3000 X40.504 Y87.78 E1266.6386
G0 F7200 X40.504 Y87.59
G0 X36.867 Y87.59
G0 X36.867 Y87.779
G1 F3000 X34.476 Y85.388 E1266.72717
G1 X34.406 Y85.318
G0 F7200 X34.513 Y85.578
G0 X36.59 Y85.847
G0 X36.779 Y85.847
G1 F3000 X34.847 Y87.78 E1266.79875
G1 X34.777 Y87.85
G0 F7200 X34.777 Y87.59
G0 X67.338 Y87.338
G0 X66.924 Y86.924
;TYPE:WALL-INNER
G1 F2400 X66.589 Y87.1 E1266.80866
G1 X37.5 Y87.1 E1267.57057
G1 X37.02 Y86.861 E1267.58461
G1 X36.9 Y86.501 E1267.59455
G1 X36.9 Y85.1 E1267.63125
G1 X35.527 Y85.1 E1267.66721
G1 X34.967 Y85.143 E1267.68192
G1 X34.451 Y85.268 E1267.69583
G1 X33.949 Y85.477 E1267.71007
G1 X33.499 Y85.751 E1267.72387
G1 X33.098 Y86.098 E1267.73776
G1 X32.751 Y86.499 E1267.75165
G1 X32.476 Y86.95 E1267.76549
G1 X32.269 Y87.443 E1267.77949
G1 X32.16 Y87.899 E1267.79177
G1 X67.9 Y87.9 E1268.72788
G1 X67.9 Y68.948 E1269.22428
G1 X67.1 Y68.948 E1269.24524
G1 X67.1 Y86.589 E1269.7073
G1 X66.924 Y86.924 E1269.71721
G0 F7200 X66.698 Y86.535
;TYPE:WALL-OUTER
G1 F1200 X66.642 Y86.642 E1269.72037
G1 X66.535 Y86.698 E1269.72353
G1 X37.5 Y86.7 E1270.48403
G1 X37.34 Y86.621 E1270.4887
G1 X37.3 Y86.501 E1270.49202
G1 X37.3 Y84.7 E1270.53919
G1 X35.512 Y84.7 E1270.58602
G1 X34.904 Y84.747 E1270.60199
G1 X34.327 Y84.887 E1270.61754
G1 X33.767 Y85.119 E1270.63342
G1 X33.263 Y85.427 E1270.64889
G1 X32.814 Y85.814 E1270.66442
G1 X32.427 Y86.263 E1270.67994
G1 X32.119 Y86.768 E1270.69544
G1 X31.887 Y87.319 E1270.7111
G1 X31.747 Y87.911 E1270.72703
G1 X31.717 Y88.3 E1270.73725
G1 X68.3 Y88.3 E1271.69544
G1 X68.3 Y68.548 E1272.21279
G1 X66.7 Y68.548 E1272.2547
G1 X66.698 Y86.535 E1272.72582
G0 F7200 X66.642 Y86.642
G0 X66.573 Y86.678
G1 F1500 E1266.22582
;MESH:NONMESH
G0 F600 Z10.95
G0 F7200 X66.573 Y87.41
G0 X37.076 Y86.924
G0 X38.153 Y85.847
G0 X38.153 Y84.227
G0 X35.52 Y16.165
G0 X35.52 Y15.071
G0 X34.848 Y12.41
G0 X34.848 Y12.22
;TIME_ELAPSED:2151.488393
;LAYER:71
;TYPE:FILL
;MESH:Wandhalterung TP-Link Media Converter.stl
G1 F1500 E1272.72582
G1 F3000 X36.78 Y14.153 E1272.79741
G1 X36.85 Y14.223
G0 F7200 X36.59 Y14.223
G0 X36.662 Y12.662
G0 X36.867 Y12.22
G1 F3000 X34.476 Y14.612 E1272.88599
G1 X34.406 Y14.682
G0 F7200 X34.514 Y14.423
G0 X36.662 Y12.662
G0 X40.504 Y12.41
G0 X40.504 Y12.22
G1 F3000 X41.064 Y12.78 E1272.90674
G0 F7200 X41.964 Y12.78
G1 F3000 X42.524 Y12.22 E1272.92748
G0 F7200 X42.524 Y12.41
G0 X46.161 Y12.41
G0 X46.161 Y12.22
G1 F3000 X46.721 Y12.78 E1272.94822
G0 F7200 X47.621 Y12.78
G1 F3000 X48.181 Y12.22 E1272.96897
G0 F7200 X48.181 Y12.41
G0 X51.818 Y12.41
G0 X51.818 Y12.22
G1 F3000 X52.378 Y12.78 E1272.98971
G0 F7200 X53.278 Y12.78
G1 F3000 X53.838 Y12.22 E1273.01045
G0 F7200 X53.838 Y12.41
G0 X57.475 Y12.41
G0 X57.475 Y12.22
G1 F3000 X58.034 Y12.78 E1273.03118
G0 F7200 X58.935 Y12.78
G1 F3000 X59.495 Y12.22 E1273.05192
G0 F7200 X59.495 Y12.41
G0 X63.132 Y12.41
G0 X63.132 Y12.22
G1 F3000 X63.691 Y12.78 E1273.07264
G0 F7200 X64.591 Y12.78
G1 F3000 X65.151 Y12.22 E1273.09339
G0 F7200 X65.151 Y12.41
G0 X67.338 Y12.662
G0 X67.59 Y15.249
G0 X67.78 Y15.249
G1 F3000 X67.22 Y15.809 E1273.11413
G0 F7200 X67.22 Y16.308
G1 F3000 X67.78 Y16.869 E1273.13489
G0 F7200 X67.59 Y16.869
G0 X67.59 Y20.906
G0 X67.78 Y20.906
G1 F3000 X67.22 Y21.466 E1273.15564
G0 F7200 X67.22 Y21.965
G1 F3000 X67.78 Y22.526 E1273.1764
G0 F7200 X67.59 Y22.526
G0 X67.59 Y26.562
G0 X67.78 Y26.562
G1 F3000 X67.22 Y27.122 E1273.19714
G0 F7200 X67.22 Y27.622
G1 F3000 X67.78 Y28.182 E1273.21788
G0 F7200 X67.59 Y28.182
G0 X67.338 Y12.662
G0 X66.924 Y13.076
;TYPE:WALL-INNER
G1 F2400 X67.1 Y13.5 E1273.22991
G1 X67.1 Y31.116 E1273.69131
G1 X67.9 Y31.116 E1273.71227
G1 X67.9 Y12.1 E1274.21034
G1 X32.161 Y12.1 E1275.14643
G1 X32.265 Y12.547 E1275.15845
G1 X32.472 Y13.045 E1275.17258
G1 X32.75 Y13.497 E1275.18648
G1 X33.098 Y13.902 E1275.20046
G1 X33.499 Y14.245 E1275.21428
G1 X33.951 Y14.524 E1275.2282
G1 X34.45 Y14.731 E1275.24235
G1 X34.967 Y14.853 E1275.25626
G1 X35.529 Y14.9 E1275.27103
G1 X36.9 Y14.9 E1275.30694
G1 X36.9 Y13.5 E1275.34361
G1 X37.02 Y13.139 E1275.35357
G1 X37.409 Y12.9 E1275.36553
G1 X66.5 Y12.9 E1276.12749
G1 X66.924 Y13.076 E1276.13952
G0 F7200 X66.7 Y13.5
;TYPE:WALL-OUTER
G1 F1200 X66.7 Y31.516 E1276.6114
G1 X68.3 Y31.516 E1276.65331
G1 X68.3 Y11.7 E1277.17233
G1 X31.717 Y11.7 E1278.13053
G1 X31.747 Y12.085 E1278.14064
G1 X31.883 Y12.67 E1278.15638
G1 X32.115 Y13.228 E1278.1722
G1 X32.426 Y13.733 E1278.18774
G1 X32.814 Y14.186 E1278.20336
G1 X33.263 Y14.569 E1278.21882
G1 X33.768 Y14.881 E1278.23437
G1 X34.326 Y15.113 E1278.25019
G1 X34.904 Y15.249 E1278.26575
G1 X35.513 Y15.3 E1278.28175
G1 X37.3 Y15.3 E1278.32856
G1 X37.3 Y13.5 E1278.37571
G1 X37.34 Y13.379 E1278.37904
G1 X37.465 Y13.302 E1278.38289
G1 X66.5 Y13.3 E1279.14338
G1 X66.642 Y13.358 E1279.1474
G1 X66.7 Y13.5 E1279.15142
G0 F7200 X66.7 Y13.7
G1 F1500 E1272.65142
G0 F7200 X67.41 Y13.7
G0 X67.597 Y31.287
G0 X67.597 Y32.382
G0 X67.592 Y34.63
G0 X67.592 Y35.725
G0 X67.59 Y37.876
G0 X67.78 Y37.876
;TYPE:FILL
G1 F1500 E1279.15142
G1 F3000 X67.22 Y38.435 E1279.17214
G0 F7200 X67.22 Y38.935
G1 F3000 X67.78 Y39.496 E1279.19291
G0 F7200 X67.59 Y39.496
G0 X67.59 Y43.533
G0 X67.78 Y43.533
G1 F3000 X67.22 Y44.092 E1279.21363
G0 F7200 X67.22 Y44.592
G1 F3000 X67.78 Y45.153 E1279.23439
G0 F7200 X67.59 Y45.153
G0 X67.59 Y49.19
G0 X67.78 Y49.19
G1 F3000 X67.22 Y49.749 E1279.25512
G0 F7200 X67.22 Y50.249
G1 F3000 X67.78 Y50.81 E1279.27588
G0 F7200 X67.59 Y50.81
G0 X67.59 Y54.847
G0 X67.78 Y54.847
G1 F3000 X67.22 Y55.406 E1279.2966
G0 F7200 X67.22 Y55.906
G1 F3000 X67.78 Y56.467 E1279.31737
G0 F7200 X67.59 Y56.467
G0 X67.59 Y60.504
G0 X67.78 Y60.504
G1 F3000 X67.22 Y61.063 E1279.33809
G0 F7200 X67.22 Y61.563
G1 F3000 X67.78 Y62.124 E1279.35885
G0 F7200 X67.59 Y62.124
G0 X67.62 Y63.836
G0 X67.9 Y64.116
;TYPE:WALL-INNER
G1 F2400 X67.9 Y35.895 E1280.09803
G1 X67.1 Y35.894 E1280.11898
G1 X67.1 Y64.116 E1280.85818
G1 X67.9 Y64.116 E1280.87914
G0 F7200 X68.3 Y64.516
;TYPE:WALL-OUTER
G1 F1200 X68.3 Y35.496 E1281.63924
G1 X66.7 Y35.493 E1281.68115
G1 X66.7 Y64.516 E1282.44133
G1 X68.3 Y64.516 E1282.48323
G0 F7200 X68.3 Y64.316
G1 F1500 E1275.98323
G0 F7200 X67.62 Y63.836
G0 X67.59 Y65.381
G0 X67.59 Y67.631
G0 X67.59 Y68.726
G0 X67.59 Y71.817
G0 X67.78 Y71.817
;TYPE:FILL
G1 F1500 E1282.48323
G1 F3000 X67.22 Y72.377 E1282.50398
G0 F7200 X67.22 Y72.877
G1 F3000 X67.78 Y73.437 E1282.52472
G0 F7200 X67.59 Y73.437
G0 X67.59 Y77.474
G0 X67.78 Y77.474
G1 F3000 X67.22 Y78.033 E1282.54545
G0 F7200 X67.22 Y78.533
G1 F3000 X67.78 Y79.094 E1282.56621
G0 F7200 X67.59 Y79.094
G0 X67.59 Y83.131
G0 X67.78 Y83.131
G1 F3000 X67.22 Y83.69 E1282.58693
G0 F7200 X67.22 Y84.19
G1 F3000 X67.78 Y84.751 E1282.60769
G0 F7200 X67.59 Y84.751
G0 X67.338 Y87.338
G0 X65.152 Y87.59
G0 X65.152 Y87.78
G1 F3000 X64.593 Y87.22 E1282.62842
G0 F7200 X63.691 Y87.22
G1 F3000 X63.13 Y87.78 E1282.64918
G0 F7200 X63.13 Y87.59
G0 X59.495 Y87.59
G0 X59.495 Y87.78
G1 F3000 X58.936 Y87.22 E1282.66991
G0 F7200 X58.034 Y87.22
G1 F3000 X57.474 Y87.78 E1282.69065
G0 F7200 X57.474 Y87.59
G0 X53.838 Y87.59
G0 X53.838 Y87.78
G1 F3000 X53.279 Y87.22 E1282.71137
G0 F7200 X52.378 Y87.22
G1 F3000 X51.817 Y87.78 E1282.73213
G0 F7200 X51.817 Y87.59
G0 X48.181 Y87.59
G0 X48.181 Y87.779
G1 F3000 X47.622 Y87.22 E1282.75284
G0 F7200 X46.721 Y87.22
G1 F3000 X46.161 Y87.78 E1282.77358
G0 F7200 X46.161 Y87.59
G0 X42.524 Y87.59
G0 X42.524 Y87.779
G1 F3000 X41.965 Y87.22 E1282.79429
G0 F7200 X41.064 Y87.22
G1 F3000 X40.504 Y87.78 E1282.81503
G0 F7200 X40.504 Y87.59
G0 X36.867 Y87.59
G0 X36.867 Y87.779
G1 F3000 X34.476 Y85.388 E1282.9036
G1 X34.406 Y85.318
G0 F7200 X34.513 Y85.578
G0 X36.59 Y85.847
G0 X36.779 Y85.847
G1 F3000 X34.847 Y87.78 E1282.97518
G1 X34.777 Y87.85
G0 F7200 X34.777 Y87.59
G0 X67.338 Y87.338
G0 X66.924 Y86.924
;TYPE:WALL-INNER
G1 F2400 X66.589 Y87.1 E1282.9851
G1 X37.5 Y87.1 E1283.747
G1 X37.02 Y86.861 E1283.76105
G1 X36.9 Y86.501 E1283.77099
G1 X36.9 Y85.1 E1283.80768
G1 X35.527 Y85.1 E1283.84365
G1 X34.967 Y85.143 E1283.85836
G1 X34.451 Y85.268 E1283.87226
G1 X33.949 Y85.477 E1283.88651
G1 X33.499 Y85.751 E1283.90031
G1 X33.098 Y86.098 E1283.91419
G1 X32.751 Y86.499 E1283.92808
G1 X32.476 Y86.95 E1283.94192
G1 X32.269 Y87.443 E1283.95592
G1 X32.16 Y87.899 E1283.96821
G1 X67.9 Y87.9 E1284.90432
G1 X67.9 Y68.896 E1285.40208
G1 X67.1 Y68.896 E1285.42303
G1 X67.1 Y86.589 E1285.88645
G1 X66.924 Y86.924 E1285.89637
G0 F7200 X66.698 Y86.535
;TYPE:WALL-OUTER
G1 F1200 X66.642 Y86.642 E1285.89953
G1 X66.535 Y86.698 E1285.90269
G1 X37.5 Y86.7 E1286.66319
G1 X37.34 Y86.621 E1286.66786
G1 X37.3 Y86.501 E1286.67117
G1 X37.3 Y84.7 E1286.71835
G1 X35.512 Y84.7 E1286.76518
G1 X34.904 Y84.747 E1286.78115
G1 X34.327 Y84.887 E1286.7967
G1 X33.767 Y85.119 E1286.81258
G1 X33.263 Y85.427 E1286.82805
G1 X32.814 Y85.814 E1286.84358
G1 X32.427 Y86.263 E1286.8591
G1 X32.119 Y86.768 E1286.8746
G1 X31.887 Y87.319 E1286.89025
G1 X31.747 Y87.911 E1286.90619
G1 X31.717 Y88.3 E1286.91641
G1 X68.3 Y88.3 E1287.8746
G1 X68.3 Y68.496 E1288.39332
G1 X66.7 Y68.496 E1288.43522
G1 X66.698 Y86.535 E1288.90771
G0 F7200 X66.642 Y86.642
G0 X66.573 Y86.678
G1 F1500 E1282.40771
;MESH:NONMESH
G0 F600 Z11.1
G0 F7200 X66.573 Y87.41
G0 X37.076 Y86.924
G0 X38.153 Y85.847
G0 X38.153 Y84.227
G0 X35.52 Y16.165
G0 X35.52 Y15.071
G0 X34.848 Y12.41
G0 X34.848 Y12.22
;TIME_ELAPSED:2180.050663
;LAYER:72
;TYPE:FILL
;MESH:Wandhalterung TP-Link Media Converter.stl
G1 F1500 E1288.90771
G1 F3000 X36.78 Y14.153 E1288.97929
G1 X36.85 Y14.223
G0 F7200 X36.59 Y14.223
G0 X36.662 Y12.662
G0 X36.867 Y12.22
G1 F3000 X34.476 Y14.612 E1289.06788
G1 X34.406 Y14.682
G0 F7200 X34.514 Y14.423
G0 X36.662 Y12.662
G0 X40.504 Y12.41
G0 X40.504 Y12.22
G1 F3000 X41.064 Y12.78 E1289.08862
G0 F7200 X41.964 Y12.78
G1 F3000 X42.524 Y12.22 E1289.10936
G0 F7200 X42.524 Y12.41
G0 X46.161 Y12.41
G0 X46.161 Y12.22
G1 F3000 X46.721 Y12.78 E1289.1301
G0 F7200 X47.621 Y12.78
G1 F3000 X48.181 Y12.22 E1289.15085
G0 F7200 X48.181 Y12.41
G0 X51.818 Y12.41
G0 X51.818 Y12.22
G1 F3000 X52.378 Y12.78 E1289.17159
G0 F7200 X53.278 Y12.78
G1 F3000 X53.838 Y12.22 E1289.19233
G0 F7200 X53.838 Y12.41
G0 X57.475 Y12.41
G0 X57.475 Y12.22
G1 F3000 X58.034 Y12.78 E1289.21306
G0 F7200 X58.935 Y12.78
G1 F3000 X59.495 Y12.22 E1289.2338
G0 F7200 X59.495 Y12.41
G0 X63.132 Y12.41
G0 X63.132 Y12.22
G1 F3000 X63.691 Y12.78 E1289.25453
G0 F7200 X64.591 Y12.78
G1 F3000 X65.151 Y12.22 E1289.27527
G0 F7200 X65.151 Y12.41
G0 X67.338 Y12.662
G0 X67.59 Y15.249
G0 X67.78 Y15.249
G1 F3000 X67.22 Y15.809 E1289.29601
G0 F7200 X67.22 Y16.308
G1 F3000 X67.78 Y16.869 E1289.31678
G0 F7200 X67.59 Y16.869
G0 X67.59 Y20.906
G0 X67.78 Y20.906
G1 F3000 X67.22 Y21.466 E1289.33752
G0 F7200 X67.22 Y21.965
G1 F3000 X67.78 Y22.526 E1289.35828
G0 F7200 X67.59 Y22.526
G0 X67.59 Y26.562
G0 X67.78 Y26.562
G1 F3000 X67.22 Y27.122 E1289.37902
G0 F7200 X67.22 Y27.622
G1 F3000 X67.78 Y28.182 E1289.39977
G0 F7200 X67.59 Y28.182
G0 X67.338 Y12.662
G0 X66.924 Y13.076
;TYPE:WALL-INNER
G1 F2400 X67.1 Y13.5 E1289.41179
G1 X67.1 Y31.192 E1289.87519
G1 X67.9 Y31.192 E1289.89614
G1 X67.9 Y12.1 E1290.39621
G1 X32.161 Y12.1 E1291.33229
G1 X32.265 Y12.547 E1291.34431
G1 X32.472 Y13.045 E1291.35844
G1 X32.75 Y13.497 E1291.37234
G1 X33.098 Y13.902 E1291.38633
G1 X33.499 Y14.245 E1291.40015
G1 X33.951 Y14.524 E1291.41406
G1 X34.45 Y14.731 E1291.42821
G1 X34.967 Y14.853 E1291.44212
G1 X35.529 Y14.9 E1291.45689
G1 X36.9 Y14.9 E1291.4928
G1 X36.9 Y13.5 E1291.52947
G1 X37.02 Y13.139 E1291.53944
G1 X37.409 Y12.9 E1291.5514
G1 X66.5 Y12.9 E1292.31336
G1 X66.924 Y13.076 E1292.32538
G0 F7200 X66.7 Y13.5
;TYPE:WALL-OUTER
G1 F1200 X66.7 Y31.592 E1292.79925
G1 X68.3 Y31.592 E1292.84116
G1 X68.3 Y11.7 E1293.36218
G1 X31.717 Y11.7 E1294.32038
G1 X31.747 Y12.085 E1294.33049
G1 X31.883 Y12.67 E1294.34622
G1 X32.115 Y13.228 E1294.36205
G1 X32.426 Y13.733 E1294.37758
G1 X32.814 Y14.186 E1294.39321
G1 X33.263 Y14.569 E1294.40866
G1 X33.768 Y14.881 E1294.42421
G1 X34.326 Y15.113 E1294.44004
G1 X34.904 Y15.249 E1294.45559
G1 X35.513 Y15.3 E1294.4716
G1 X37.3 Y15.3 E1294.51841
G1 X37.3 Y13.5 E1294.56555
G1 X37.34 Y13.379 E1294.56889
G1 X37.465 Y13.302 E1294.57273
G1 X66.5 Y13.3 E1295.33323
G1 X66.642 Y13.358 E1295.33725
G1 X66.7 Y13.5 E1295.34126
G0 F7200 X66.7 Y13.7
G1 F1500 E1288.84126
G0 F7200 X67.41 Y13.7
G0 X67.597 Y31.363
G0 X67.597 Y32.458
G0 X67.597 Y34.539
G0 X67.597 Y35.634
G0 X67.59 Y37.876
G0 X67.78 Y37.876
;TYPE:FILL
G1 F1500 E1295.34126
G1 F3000 X67.22 Y38.435 E1295.36199
G0 F7200 X67.22 Y38.935
G1 F3000 X67.78 Y39.496 E1295.38275
G0 F7200 X67.59 Y39.496
G0 X67.59 Y43.533
G0 X67.78 Y43.533
G1 F3000 X67.22 Y44.092 E1295.40348
G0 F7200 X67.22 Y44.592
G1 F3000 X67.78 Y45.153 E1295.42424
G0 F7200 X67.59 Y45.153
G0 X67.59 Y49.19
G0 X67.78 Y49.19
G1 F3000 X67.22 Y49.749 E1295.44496
G0 F7200 X67.22 Y50.249
G1 F3000 X67.78 Y50.81 E1295.46572
G0 F7200 X67.59 Y50.81
G0 X67.59 Y54.847
G0 X67.78 Y54.847
G1 F3000 X67.22 Y55.406 E1295.48645
G0 F7200 X67.22 Y55.906
G1 F3000 X67.78 Y56.467 E1295.50721
G0 F7200 X67.59 Y56.467
G0 X67.59 Y60.504
G0 X67.78 Y60.504
G1 F3000 X67.22 Y61.063 E1295.52794
G0 F7200 X67.22 Y61.563
G1 F3000 X67.78 Y62.124 E1295.5487
G0 F7200 X67.59 Y62.124
G0 X67.62 Y63.913
G0 X67.9 Y64.192
;TYPE:WALL-INNER
G1 F2400 X67.9 Y35.804 E1296.29225
G1 X67.1 Y35.804 E1296.3132
G1 X67.1 Y64.192 E1297.05675
G1 X67.9 Y64.192 E1297.0777
G0 F7200 X68.3 Y64.592
;TYPE:WALL-OUTER
G1 F1200 X68.3 Y35.404 E1297.84221
G1 X66.7 Y35.404 E1297.88411
G1 X66.7 Y64.592 E1298.64862
G1 X68.3 Y64.592 E1298.69052
G0 F7200 X68.3 Y64.392
G1 F1500 E1292.19052
G0 F7200 X67.62 Y63.913
G0 X67.598 Y65.458
G0 X67.598 Y67.539
G0 X67.598 Y68.634
G0 X67.59 Y71.817
G0 X67.78 Y71.817
;TYPE:FILL
G1 F1500 E1298.69052
G1 F3000 X67.22 Y72.377 E1298.71127
G0 F7200 X67.22 Y72.877
G1 F3000 X67.78 Y73.437 E1298.73201
G0 F7200 X67.59 Y73.437
G0 X67.59 Y77.474
G0 X67.78 Y77.474
G1 F3000 X67.22 Y78.033 E1298.75273
G0 F7200 X67.22 Y78.533
G1 F3000 X67.78 Y79.094 E1298.7735
G0 F7200 X67.59 Y79.094
G0 X67.59 Y83.131
G0 X67.78 Y83.131
G1 F3000 X67.22 Y83.69 E1298.79422
G0 F7200 X67.22 Y84.19
G1 F3000 X67.78 Y84.751 E1298.81498
G0 F7200 X67.59 Y84.751
G0 X67.338 Y87.338
G0 X65.152 Y87.59
G0 X65.152 Y87.78
G1 F3000 X64.593 Y87.22 E1298.83571
G0 F7200 X63.691 Y87.22
G1 F3000 X63.13 Y87.78 E1298.85647
G0 F7200 X63.13 Y87.59
G0 X59.495 Y87.59
G0 X59.495 Y87.78
G1 F3000 X58.936 Y87.22 E1298.87719
G0 F7200 X58.034 Y87.22
G1 F3000 X57.474 Y87.78 E1298.89794
G0 F7200 X57.474 Y87.59
G0 X53.838 Y87.59
G0 X53.838 Y87.78
G1 F3000 X53.279 Y87.22 E1298.91866
G0 F7200 X52.378 Y87.22
G1 F3000 X51.817 Y87.78 E1298.93942
G0 F7200 X51.817 Y87.59
G0 X48.181 Y87.59
G0 X48.181 Y87.779
G1 F3000 X47.622 Y87.22 E1298.96013
G0 F7200 X46.721 Y87.22
G1 F3000 X46.161 Y87.78 E1298.98087
G0 F7200 X46.161 Y87.59
G0 X42.524 Y87.59
G0 X42.524 Y87.779
G1 F3000 X41.965 Y87.22 E1299.00158
G0 F7200 X41.064 Y87.22
G1 F3000 X40.504 Y87.78 E1299.02232
G0 F7200 X40.504 Y87.59
G0 X36.867 Y87.59
G0 X36.867 Y87.779
G1 F3000 X34.476 Y85.388 E1299.11089
G1 X34.406 Y85.318
G0 F7200 X34.513 Y85.578
G0 X36.59 Y85.847
G0 X36.779 Y85.847
G1 F3000 X34.847 Y87.78 E1299.18247
G1 X34.777 Y87.85
G0 F7200 X34.777 Y87.59
G0 X67.338 Y87.338
G0 X66.924 Y86.924
;TYPE:WALL-INNER
G1 F2400 X66.589 Y87.1 E1299.19238
G1 X37.5 Y87.1 E1299.95429
G1 X37.02 Y86.861 E1299.96834
G1 X36.9 Y86.501 E1299.97828
G1 X36.9 Y85.1 E1300.01497
G1 X35.527 Y85.1 E1300.05094
G1 X34.967 Y85.143 E1300.06565
G1 X34.451 Y85.268 E1300.07955
G1 X33.949 Y85.477 E1300.0938
G1 X33.499 Y85.751 E1300.10759
G1 X33.098 Y86.098 E1300.12148
G1 X32.751 Y86.499 E1300.13537
G1 X32.476 Y86.95 E1300.14921
G1 X32.269 Y87.443 E1300.16321
G1 X32.16 Y87.899 E1300.17549
G1 X67.9 Y87.9 E1301.11161
G1 X67.9 Y68.804 E1301.61178
G1 X67.1 Y68.804 E1301.63273
G1 X67.1 Y86.589 E1302.09856
G1 X66.924 Y86.924 E1302.10848
G0 F7200 X66.698 Y86.535
;TYPE:WALL-OUTER
G1 F1200 X66.642 Y86.642 E1302.11164
G1 X66.535 Y86.698 E1302.1148
G1 X37.5 Y86.7 E1302.8753
G1 X37.34 Y86.621 E1302.87997
G1 X37.3 Y86.501 E1302.88328
G1 X37.3 Y84.7 E1302.93046
G1 X35.512 Y84.7 E1302.97729
G1 X34.904 Y84.747 E1302.99326
G1 X34.327 Y84.887 E1303.00881
G1 X33.767 Y85.119 E1303.02469
G1 X33.263 Y85.427 E1303.04016
G1 X32.814 Y85.814 E1303.05569
G1 X32.427 Y86.263 E1303.07121
G1 X32.119 Y86.768 E1303.0867
G1 X31.887 Y87.319 E1303.10236
G1 X31.747 Y87.911 E1303.1183
G1 X31.717 Y88.3 E1303.12852
G1 X68.3 Y88.3 E1304.08671
G1 X68.3 Y68.404 E1304.60783
G1 X66.7 Y68.404 E1304.64974
G1 X66.698 Y86.535 E1305.12464
G0 F7200 X66.642 Y86.642
G0 X66.573 Y86.678
G1 F1500 E1298.62464
;MESH:NONMESH
G0 F600 Z11.25
G0 F7200 X66.573 Y87.41
G0 X37.076 Y86.924
G0 X38.153 Y85.847
G0 X38.153 Y84.227
G0 X35.52 Y16.165
G0 X35.52 Y15.071
G0 X34.848 Y12.41
G0 X34.848 Y12.22
;TIME_ELAPSED:2208.663368
;LAYER:73
;TYPE:FILL
;MESH:Wandhalterung TP-Link Media Converter.stl
G1 F1500 E1305.12464
G1 F3000 X36.78 Y14.153 E1305.19622
G1 X36.85 Y14.223
G0 F7200 X36.59 Y14.223
G0 X36.662 Y12.662
G0 X36.867 Y12.22
G1 F3000 X34.476 Y14.612 E1305.2848
G1 X34.406 Y14.682
G0 F7200 X34.514 Y14.423
G0 X36.662 Y12.662
G0 X40.504 Y12.41
G0 X40.504 Y12.22
G1 F3000 X41.064 Y12.78 E1305.30555
G0 F7200 X41.964 Y12.78
G1 F3000 X42.524 Y12.22 E1305.32629
G0 F7200 X42.524 Y12.41
G0 X46.161 Y12.41
G0 X46.161 Y12.22
G1 F3000 X46.721 Y12.78 E1305.34703
G0 F7200 X47.621 Y12.78
G1 F3000 X48.181 Y12.22 E1305.36778
G0 F7200 X48.181 Y12.41
G0 X51.818 Y12.41
G0 X51.818 Y12.22
G1 F3000 X52.378 Y12.78 E1305.38852
G0 F7200 X53.278 Y12.78
G1 F3000 X53.838 Y12.22 E1305.40926
G0 F7200 X53.838 Y12.41
G0 X57.475 Y12.41
G0 X57.475 Y12.22
G1 F3000 X58.034 Y12.78 E1305.42999
G0 F7200 X58.935 Y12.78
G1 F3000 X59.495 Y12.22 E1305.45073
G0 F7200 X59.495 Y12.41
G0 X63.132 Y12.41
G0 X63.132 Y12.22
G1 F3000 X63.691 Y12.78 E1305.47146
G0 F7200 X64.591 Y12.78
G1 F3000 X65.151 Y12.22 E1305.4922
G0 F7200 X65.151 Y12.41
G0 X67.338 Y12.662
G0 X67.59 Y15.248
G0 X67.78 Y15.248
G1 F3000 X67.22 Y15.808 E1305.51294
G0 F7200 X67.22 Y16.308
G1 F3000 X67.78 Y16.869 E1305.5337
G0 F7200 X67.59 Y16.869
G0 X67.59 Y20.905
G0 X67.78 Y20.905
G1 F3000 X67.22 Y21.465 E1305.55445
G0 F7200 X67.22 Y21.965
G1 F3000 X67.78 Y22.526 E1305.57521
G0 F7200 X67.59 Y22.526
G0 X67.59 Y26.562
G0 X67.78 Y26.562
G1 F3000 X67.22 Y27.122 E1305.59595
G0 F7200 X67.22 Y27.622
G1 F3000 X67.78 Y28.182 E1305.6167
G0 F7200 X67.59 Y28.182
G0 X67.338 Y12.662
G0 X66.924 Y13.076
;TYPE:WALL-INNER
G1 F2400 X67.1 Y13.5 E1305.62872
G1 X67.1 Y31.292 E1306.09473
G1 X67.9 Y31.292 E1306.11569
G1 X67.9 Y12.1 E1306.61837
G1 X32.161 Y12.1 E1307.55446
G1 X32.265 Y12.547 E1307.56648
G1 X32.472 Y13.045 E1307.58061
G1 X32.75 Y13.497 E1307.59451
G1 X33.098 Y13.902 E1307.60849
G1 X33.499 Y14.245 E1307.62231
G1 X33.951 Y14.524 E1307.63623
G1 X34.45 Y14.731 E1307.65038
G1 X34.967 Y14.853 E1307.66429
G1 X35.529 Y14.9 E1307.67906
G1 X36.9 Y14.9 E1307.71497
G1 X36.9 Y13.5 E1307.75164
G1 X37.02 Y13.139 E1307.7616
G1 X37.409 Y12.9 E1307.77356
G1 X66.5 Y12.9 E1308.53552
G1 X66.924 Y13.076 E1308.54755
G0 F7200 X66.7 Y13.5
;TYPE:WALL-OUTER
G1 F1200 X66.7 Y31.692 E1309.02404
G1 X68.3 Y31.692 E1309.06595
G1 X68.3 Y11.7 E1309.58959
G1 X31.717 Y11.7 E1310.54778
G1 X31.747 Y12.085 E1310.55789
G1 X31.883 Y12.67 E1310.57363
G1 X32.115 Y13.228 E1310.58945
G1 X32.426 Y13.733 E1310.60499
G1 X32.814 Y14.186 E1310.62061
G1 X33.263 Y14.569 E1310.63607
G1 X33.768 Y14.881 E1310.65162
G1 X34.326 Y15.113 E1310.66744
G1 X34.904 Y15.249 E1310.683
G1 X35.513 Y15.3 E1310.699
G1 X37.3 Y15.3 E1310.74581
G1 X37.3 Y13.5 E1310.79296
G1 X37.34 Y13.379 E1310.79629
G1 X37.465 Y13.302 E1310.80014
G1 X66.5 Y13.3 E1311.56063
G1 X66.642 Y13.358 E1311.56465
G1 X66.7 Y13.5 E1311.56867
G0 F7200 X66.7 Y13.7
G1 F1500 E1305.06867
G0 F7200 X67.41 Y13.7
G0 X67.597 Y31.464
G0 X67.597 Y32.559
G0 X67.592 Y34.439
G0 X67.592 Y35.534
G0 X67.59 Y37.876
G0 X67.78 Y37.876
;TYPE:FILL
G1 F1500 E1311.56867
G1 F3000 X67.22 Y38.436 E1311.58941
G0 F7200 X67.22 Y38.935
G1 F3000 X67.78 Y39.495 E1311.61016
G0 F7200 X67.59 Y39.495
G0 X67.59 Y43.533
G0 X67.78 Y43.533
G1 F3000 X67.22 Y44.093 E1311.6309
G0 F7200 X67.22 Y44.592
G1 F3000 X67.78 Y45.152 E1311.65164
G0 F7200 X67.59 Y45.152
G0 X67.59 Y49.19
G0 X67.78 Y49.19
G1 F3000 X67.22 Y49.75 E1311.67239
G0 F7200 X67.22 Y50.249
G1 F3000 X67.78 Y50.809 E1311.69313
G0 F7200 X67.59 Y50.809
G0 X67.59 Y54.847
G0 X67.78 Y54.847
G1 F3000 X67.22 Y55.407 E1311.71387
G0 F7200 X67.22 Y55.906
G1 F3000 X67.78 Y56.466 E1311.73462
G0 F7200 X67.59 Y56.466
G0 X67.59 Y60.504
G0 X67.78 Y60.504
G1 F3000 X67.22 Y61.064 E1311.75536
G0 F7200 X67.22 Y61.563
G1 F3000 X67.78 Y62.123 E1311.7761
G0 F7200 X67.59 Y62.123
G0 X67.62 Y64.013
G0 X67.9 Y64.292
;TYPE:WALL-INNER
G1 F2400 X67.9 Y35.704 E1312.52489
G1 X67.1 Y35.704 E1312.54584
G1 X67.1 Y64.292 E1313.29463
G1 X67.9 Y64.292 E1313.31558
G0 F7200 X68.3 Y64.692
;TYPE:WALL-OUTER
G1 F1200 X68.3 Y35.304 E1314.08533
G1 X66.7 Y35.304 E1314.12723
G1 X66.7 Y64.692 E1314.89697
G1 X68.3 Y64.692 E1314.93888
G0 F7200 X68.3 Y64.492
G1 F1500 E1308.43888
G0 F7200 X67.62 Y64.013
G0 X67.59 Y65.558
G0 X67.59 Y67.44
G0 X67.59 Y68.535
G0 X67.59 Y71.817
G0 X67.78 Y71.817
;TYPE:FILL
G1 F1500 E1314.93888
G1 F3000 X67.22 Y72.377 E1314.95963
G0 F7200 X67.22 Y72.877
G1 F3000 X67.78 Y73.437 E1314.98037
G0 F7200 X67.59 Y73.437
G0 X67.59 Y77.473
G0 X67.78 Y77.473
G1 F3000 X67.22 Y78.033 E1315.00111
G0 F7200 X67.22 Y78.534
G1 F3000 X67.78 Y79.094 E1315.02186
G0 F7200 X67.59 Y79.094
G0 X67.59 Y83.13
G0 X67.78 Y83.13
G1 F3000 X67.22 Y83.69 E1315.0426
G0 F7200 X67.22 Y84.191
G1 F3000 X67.78 Y84.751 E1315.06334
G0 F7200 X67.59 Y84.751
G0 X67.338 Y87.338
G0 X65.152 Y87.59
G0 X65.152 Y87.78
G1 F3000 X64.593 Y87.22 E1315.08407
G0 F7200 X63.691 Y87.22
G1 F3000 X63.13 Y87.78 E1315.10483
G0 F7200 X63.13 Y87.59
G0 X59.495 Y87.59
G0 X59.495 Y87.78
G1 F3000 X58.936 Y87.22 E1315.12555
G0 F7200 X58.034 Y87.22
G1 F3000 X57.474 Y87.78 E1315.1463
G0 F7200 X57.474 Y87.59
G0 X53.838 Y87.59
G0 X53.838 Y87.78
G1 F3000 X53.279 Y87.22 E1315.16702
G0 F7200 X52.378 Y87.22
G1 F3000 X51.817 Y87.78 E1315.18778
G0 F7200 X51.817 Y87.59
G0 X48.181 Y87.59
G0 X48.181 Y87.779
G1 F3000 X47.622 Y87.22 E1315.20849
G0 F7200 X46.721 Y87.22
G1 F3000 X46.161 Y87.78 E1315.22923
G0 F7200 X46.161 Y87.59
G0 X42.524 Y87.59
G0 X42.524 Y87.779
G1 F3000 X41.965 Y87.22 E1315.24994
G0 F7200 X41.064 Y87.22
G1 F3000 X40.504 Y87.78 E1315.27068
G0 F7200 X40.504 Y87.59
G0 X36.867 Y87.59
G0 X36.867 Y87.779
G1 F3000 X34.476 Y85.388 E1315.35925
G1 X34.406 Y85.318
G0 F7200 X34.513 Y85.578
G0 X36.59 Y85.847
G0 X36.779 Y85.847
G1 F3000 X34.847 Y87.78 E1315.43083
G1 X34.777 Y87.85
G0 F7200 X34.777 Y87.59
G0 X67.338 Y87.338
G0 X66.924 Y86.924
;TYPE:WALL-INNER
G1 F2400 X66.589 Y87.1 E1315.44074
G1 X37.5 Y87.1 E1316.20265
G1 X37.02 Y86.861 E1316.2167
G1 X36.9 Y86.501 E1316.22664
G1 X36.9 Y85.1 E1316.26333
G1 X35.527 Y85.1 E1316.29929
G1 X34.967 Y85.143 E1316.31401
G1 X34.451 Y85.268 E1316.32791
G1 X33.949 Y85.477 E1316.34215
G1 X33.499 Y85.751 E1316.35595
G1 X33.098 Y86.098 E1316.36984
G1 X32.751 Y86.499 E1316.38373
G1 X32.476 Y86.95 E1316.39757
G1 X32.269 Y87.443 E1316.41157
G1 X32.16 Y87.899 E1316.42385
G1 X67.9 Y87.9 E1317.35997
G1 X67.9 Y68.704 E1317.86276
G1 X67.1 Y68.704 E1317.88371
G1 X67.1 Y86.589 E1318.35216
G1 X66.924 Y86.924 E1318.36207
G0 F7200 X66.698 Y86.535
;TYPE:WALL-OUTER
G1 F1200 X66.642 Y86.642 E1318.36524
G1 X66.535 Y86.698 E1318.3684
G1 X37.5 Y86.7 E1319.12889
G1 X37.34 Y86.621 E1319.13357
G1 X37.3 Y86.501 E1319.13688
G1 X37.3 Y84.7 E1319.18405
G1 X35.512 Y84.7 E1319.23089
G1 X34.904 Y84.747 E1319.24686
G1 X34.327 Y84.887 E1319.26241
G1 X33.767 Y85.119 E1319.27829
G1 X33.263 Y85.427 E1319.29376
G1 X32.814 Y85.814 E1319.30928
G1 X32.427 Y86.263 E1319.32481
G1 X32.119 Y86.768 E1319.3403
G1 X31.887 Y87.319 E1319.35596
G1 X31.747 Y87.911 E1319.37189
G1 X31.717 Y88.3 E1319.38211
G1 X68.3 Y88.3 E1320.34031
G1 X68.3 Y68.304 E1320.86405
G1 X66.7 Y68.304 E1320.90596
G1 X66.698 Y86.535 E1321.38347
G0 F7200 X66.642 Y86.642
G0 X66.573 Y86.678
G1 F1500 E1314.88347
;MESH:NONMESH
G0 F600 Z11.4
G0 F7200 X66.573 Y87.41
G0 X37.076 Y86.924
G0 X38.153 Y85.847
G0 X38.153 Y84.227
G0 X35.52 Y16.165
G0 X35.52 Y15.071
G0 X34.848 Y12.41
G0 X34.848 Y12.22
;TIME_ELAPSED:2237.336346
;LAYER:74
;TYPE:FILL
;MESH:Wandhalterung TP-Link Media Converter.stl
G1 F1500 E1321.38347
G1 F3000 X36.78 Y14.153 E1321.45505
G1 X36.85 Y14.223
G0 F7200 X36.59 Y14.223
G0 X36.662 Y12.662
G0 X36.867 Y12.22
G1 F3000 X34.476 Y14.612 E1321.54364
G1 X34.406 Y14.682
G0 F7200 X34.514 Y14.423
G0 X36.662 Y12.662
G0 X40.504 Y12.41
G0 X40.504 Y12.22
G1 F3000 X41.064 Y12.78 E1321.56438
G0 F7200 X41.964 Y12.78
G1 F3000 X42.524 Y12.22 E1321.58513
G0 F7200 X42.524 Y12.41
G0 X46.161 Y12.41
G0 X46.161 Y12.22
G1 F3000 X46.721 Y12.78 E1321.60587
G0 F7200 X47.621 Y12.78
G1 F3000 X48.181 Y12.22 E1321.62661
G0 F7200 X48.181 Y12.41
G0 X51.818 Y12.41
G0 X51.818 Y12.22
G1 F3000 X52.378 Y12.78 E1321.64736
G0 F7200 X53.278 Y12.78
G1 F3000 X53.838 Y12.22 E1321.6681
G0 F7200 X53.838 Y12.41
G0 X57.475 Y12.41
G0 X57.475 Y12.22
G1 F3000 X58.034 Y12.78 E1321.68882
G0 F7200 X58.935 Y12.78
G1 F3000 X59.495 Y12.22 E1321.70957
G0 F7200 X59.495 Y12.41
G0 X63.132 Y12.41
G0 X63.132 Y12.22
G1 F3000 X63.691 Y12.78 E1321.73029
G0 F7200 X64.591 Y12.78
G1 F3000 X65.151 Y12.22 E1321.75104
G0 F7200 X65.151 Y12.41
G0 X67.338 Y12.662
G0 X67.59 Y15.248
G0 X67.78 Y15.248
G1 F3000 X67.22 Y15.809 E1321.7718
G0 F7200 X67.22 Y16.308
G1 F3000 X67.78 Y16.869 E1321.79256
G0 F7200 X67.59 Y16.869
G0 X67.59 Y20.905
G0 X67.78 Y20.905
G1 F3000 X67.22 Y21.466 E1321.81332
G0 F7200 X67.22 Y21.965
G1 F3000 X67.78 Y22.526 E1321.83408
G0 F7200 X67.59 Y22.526
G0 X67.59 Y26.562
G0 X67.78 Y26.562
G1 F3000 X67.22 Y27.122 E1321.85483
G0 F7200 X67.22 Y27.622
G1 F3000 X67.78 Y28.182 E1321.87557
G0 F7200 X67.59 Y28.182
G0 X67.338 Y12.662
G0 X66.924 Y13.076
;TYPE:WALL-INNER
G1 F2400 X67.1 Y13.5 E1321.88759
G1 X67.1 Y31.417 E1322.35688
G1 X67.9 Y31.418 E1322.37784
G1 X67.9 Y12.1 E1322.88382
G1 X32.161 Y12.1 E1323.81991
G1 X32.265 Y12.547 E1323.83193
G1 X32.472 Y13.045 E1323.84605
G1 X32.75 Y13.497 E1323.85995
G1 X33.098 Y13.902 E1323.87394
G1 X33.499 Y14.245 E1323.88776
G1 X33.951 Y14.524 E1323.90167
G1 X34.45 Y14.731 E1323.91582
G1 X34.967 Y14.853 E1323.92974
G1 X35.529 Y14.9 E1323.94451
G1 X36.9 Y14.9 E1323.98042
G1 X36.9 Y13.5 E1324.01709
G1 X37.02 Y13.139 E1324.02705
G1 X37.409 Y12.9 E1324.03901
G1 X66.5 Y12.9 E1324.80097
G1 X66.924 Y13.076 E1324.813
G0 F7200 X66.7 Y13.5
;TYPE:WALL-OUTER
G1 F1200 X66.7 Y31.816 E1325.29274
G1 X68.3 Y31.819 E1325.33464
G1 X68.3 Y11.7 E1325.86161
G1 X31.717 Y11.7 E1326.8198
G1 X31.747 Y12.085 E1326.82992
G1 X31.883 Y12.67 E1326.84565
G1 X32.115 Y13.228 E1326.86148
G1 X32.426 Y13.733 E1326.87701
G1 X32.814 Y14.186 E1326.89263
G1 X33.263 Y14.569 E1326.90809
G1 X33.768 Y14.881 E1326.92364
G1 X34.326 Y15.113 E1326.93947
G1 X34.904 Y15.249 E1326.95502
G1 X35.513 Y15.3 E1326.97103
G1 X37.3 Y15.3 E1327.01783
G1 X37.3 Y13.5 E1327.06498
G1 X37.34 Y13.379 E1327.06832
G1 X37.465 Y13.302 E1327.07216
G1 X66.5 Y13.3 E1327.83266
G1 X66.642 Y13.358 E1327.83667
G1 X66.7 Y13.5 E1327.84069
G0 F7200 X66.7 Y13.7
G1 F1500 E1321.34069
G0 F7200 X67.41 Y13.7
G0 X67.597 Y31.59
G0 X67.597 Y32.685
G0 X67.597 Y34.326
G0 X67.597 Y35.421
G0 X67.59 Y37.876
G0 X67.78 Y37.876
;TYPE:FILL
G1 F1500 E1327.84069
G1 F3000 X67.22 Y38.435 E1327.86142
G0 F7200 X67.22 Y38.935
G1 F3000 X67.78 Y39.495 E1327.88216
G0 F7200 X67.59 Y39.495
G0 X67.59 Y43.533
G0 X67.78 Y43.533
G1 F3000 X67.22 Y44.092 E1327.90288
G0 F7200 X67.22 Y44.592
G1 F3000 X67.78 Y45.152 E1327.92363
G0 F7200 X67.59 Y45.152
G0 X67.59 Y49.19
G0 X67.78 Y49.19
G1 F3000 X67.22 Y49.749 E1327.94435
G0 F7200 X67.22 Y50.249
G1 F3000 X67.78 Y50.809 E1327.9651
G0 F7200 X67.59 Y50.809
G0 X67.59 Y54.847
G0 X67.78 Y54.847
G1 F3000 X67.22 Y55.406 E1327.98582
G0 F7200 X67.22 Y55.906
G1 F3000 X67.78 Y56.466 E1328.00656
G0 F7200 X67.59 Y56.466
G0 X67.59 Y60.504
G0 X67.78 Y60.504
G1 F3000 X67.22 Y61.063 E1328.02729
G0 F7200 X67.22 Y61.563
G1 F3000 X67.78 Y62.123 E1328.04803
G0 F7200 X67.59 Y62.123
G0 X67.62 Y64.14
G0 X67.9 Y64.418
;TYPE:WALL-INNER
G1 F2400 X67.9 Y35.588 E1328.80316
G1 X67.1 Y35.588 E1328.82411
G1 X67.1 Y64.417 E1329.57921
G1 X67.9 Y64.418 E1329.60016
G0 F7200 X68.3 Y64.819
;TYPE:WALL-OUTER
G1 F1200 X68.3 Y35.188 E1330.37627
G1 X66.7 Y35.188 E1330.41818
G1 X66.7 Y64.816 E1331.19421
G1 X68.3 Y64.819 E1331.23611
G0 F7200 X68.3 Y64.619
G1 F1500 E1324.73611
G0 F7200 X67.62 Y64.14
G0 X67.598 Y65.685
G0 X67.598 Y67.326
G0 X67.598 Y68.421
G0 X67.59 Y71.817
G0 X67.78 Y71.817
;TYPE:FILL
G1 F1500 E1331.23611
G1 F3000 X67.22 Y72.377 E1331.25686
G0 F7200 X67.22 Y72.877
G1 F3000 X67.78 Y73.437 E1331.2776
G0 F7200 X67.59 Y73.437
G0 X67.59 Y77.473
G0 X67.78 Y77.473
G1 F3000 X67.22 Y78.033 E1331.29834
G0 F7200 X67.22 Y78.534
G1 F3000 X67.78 Y79.094 E1331.31909
G0 F7200 X67.59 Y79.094
G0 X67.59 Y83.13
G0 X67.78 Y83.13
G1 F3000 X67.22 Y83.69 E1331.33983
G0 F7200 X67.22 Y84.191
G1 F3000 X67.78 Y84.751 E1331.36057
G0 F7200 X67.59 Y84.751
G0 X67.338 Y87.338
G0 X65.152 Y87.59
G0 X65.152 Y87.78
G1 F3000 X64.593 Y87.22 E1331.3813
G0 F7200 X63.691 Y87.22
G1 F3000 X63.13 Y87.78 E1331.40206
G0 F7200 X63.13 Y87.59
G0 X59.495 Y87.59
G0 X59.495 Y87.78
G1 F3000 X58.936 Y87.22 E1331.42278
G0 F7200 X58.034 Y87.22
G1 F3000 X57.474 Y87.78 E1331.44353
G0 F7200 X57.474 Y87.59
G0 X53.838 Y87.59
G0 X53.838 Y87.78
G1 F3000 X53.279 Y87.22 E1331.46425
G0 F7200 X52.378 Y87.22
G1 F3000 X51.817 Y87.78 E1331.48501
G0 F7200 X51.817 Y87.59
G0 X48.181 Y87.59
G0 X48.181 Y87.779
G1 F3000 X47.622 Y87.22 E1331.50572
G0 F7200 X46.721 Y87.22
G1 F3000 X46.161 Y87.78 E1331.52646
G0 F7200 X46.161 Y87.59
G0 X42.524 Y87.59
G0 X42.524 Y87.779
G1 F3000 X41.965 Y87.22 E1331.54717
G0 F7200 X41.064 Y87.22
G1 F3000 X40.504 Y87.78 E1331.56791
G0 F7200 X40.504 Y87.59
G0 X36.867 Y87.59
G0 X36.867 Y87.779
G1 F3000 X34.476 Y85.388 E1331.65648
G1 X34.406 Y85.318
G0 F7200 X34.513 Y85.578
G0 X36.59 Y85.847
G0 X36.779 Y85.847
G1 F3000 X34.847 Y87.78 E1331.72806
G1 X34.777 Y87.85
G0 F7200 X34.777 Y87.59
G0 X67.338 Y87.338
G0 X66.924 Y86.924
;TYPE:WALL-INNER
G1 F2400 X66.589 Y87.1 E1331.73797
G1 X37.5 Y87.1 E1332.49988
G1 X37.02 Y86.861 E1332.51393
G1 X36.9 Y86.501 E1332.52387
G1 X36.9 Y85.1 E1332.56056
G1 X35.527 Y85.1 E1332.59653
G1 X34.967 Y85.143 E1332.61124
G1 X34.451 Y85.268 E1332.62514
G1 X33.949 Y85.477 E1332.63938
G1 X33.499 Y85.751 E1332.65318
G1 X33.098 Y86.098 E1332.66707
G1 X32.751 Y86.499 E1332.68096
G1 X32.476 Y86.95 E1332.6948
G1 X32.269 Y87.443 E1332.7088
G1 X32.16 Y87.899 E1332.72108
G1 X67.9 Y87.9 E1333.6572
G1 X67.9 Y68.588 E1334.16303
G1 X67.1 Y68.588 E1334.18398
G1 X67.1 Y86.589 E1334.65547
G1 X66.924 Y86.924 E1334.66538
G0 F7200 X66.698 Y86.535
;TYPE:WALL-OUTER
G1 F1200 X66.642 Y86.642 E1334.66854
G1 X66.535 Y86.698 E1334.67171
G1 X37.5 Y86.7 E1335.4322
G1 X37.34 Y86.621 E1335.43688
G1 X37.3 Y86.501 E1335.44019
G1 X37.3 Y84.7 E1335.48736
G1 X35.512 Y84.7 E1335.53419
G1 X34.904 Y84.747 E1335.55017
G1 X34.327 Y84.887 E1335.56572
G1 X33.767 Y85.119 E1335.58159
G1 X33.263 Y85.427 E1335.59706
G1 X32.814 Y85.814 E1335.61259
G1 X32.427 Y86.263 E1335.62812
G1 X32.119 Y86.768 E1335.64361
G1 X31.887 Y87.319 E1335.65927
G1 X31.747 Y87.911 E1335.6752
G1 X31.717 Y88.3 E1335.68542
G1 X68.3 Y88.3 E1336.64362
G1 X68.3 Y68.188 E1337.1704
G1 X66.7 Y68.188 E1337.2123
G1 X66.698 Y86.535 E1337.69286
G0 F7200 X66.642 Y86.642
G0 X66.573 Y86.678
G1 F1500 E1331.19286
;MESH:NONMESH
G0 F600 Z11.55
G0 F7200 X66.573 Y87.41
G0 X37.076 Y86.924
G0 X38.153 Y85.847
G0 X38.153 Y84.227
G0 X35.52 Y16.165
G0 X35.52 Y15.071
G0 X34.848 Y12.41
G0 X34.848 Y12.22
;TIME_ELAPSED:2266.082173
;LAYER:75
;TYPE:FILL
;MESH:Wandhalterung TP-Link Media Converter.stl
G1 F1500 E1337.69286
G1 F3000 X36.78 Y14.153 E1337.76444
G1 X36.85 Y14.223
G0 F7200 X36.59 Y14.223
G0 X36.662 Y12.662
G0 X36.867 Y12.22
G1 F3000 X34.476 Y14.612 E1337.85302
G1 X34.406 Y14.682
G0 F7200 X34.514 Y14.423
G0 X36.662 Y12.662
G0 X40.504 Y12.41
G0 X40.504 Y12.22
G1 F3000 X41.064 Y12.78 E1337.87377
G0 F7200 X41.964 Y12.78
G1 F3000 X42.524 Y12.22 E1337.89451
G0 F7200 X42.524 Y12.41
G0 X46.161 Y12.41
G0 X46.161 Y12.22
G1 F3000 X46.721 Y12.78 E1337.91525
G0 F7200 X47.621 Y12.78
G1 F3000 X48.181 Y12.22 E1337.936
G0 F7200 X48.181 Y12.41
G0 X51.818 Y12.41
G0 X51.818 Y12.22
G1 F3000 X52.378 Y12.78 E1337.95674
G0 F7200 X53.278 Y12.78
G1 F3000 X53.838 Y12.22 E1337.97748
G0 F7200 X53.838 Y12.41
G0 X57.475 Y12.41
G0 X57.475 Y12.22
G1 F3000 X58.034 Y12.78 E1337.99821
G0 F7200 X58.935 Y12.78
G1 F3000 X59.495 Y12.22 E1338.01895
G0 F7200 X59.495 Y12.41
G0 X63.132 Y12.41
G0 X63.132 Y12.22
G1 F3000 X63.691 Y12.78 E1338.03968
G0 F7200 X64.591 Y12.78
G1 F3000 X65.151 Y12.22 E1338.06042
G0 F7200 X65.151 Y12.41
G0 X67.338 Y12.662
G0 X67.59 Y15.248
G0 X67.78 Y15.248
G1 F3000 X67.22 Y15.809 E1338.08118
G0 F7200 X67.22 Y16.308
G1 F3000 X67.78 Y16.869 E1338.10194
G0 F7200 X67.59 Y16.869
G0 X67.59 Y20.905
G0 X67.78 Y20.905
G1 F3000 X67.22 Y21.466 E1338.1227
G0 F7200 X67.22 Y21.965
G1 F3000 X67.78 Y22.526 E1338.14347
G0 F7200 X67.59 Y22.526
G0 X67.59 Y26.562
G0 X67.78 Y26.562
G1 F3000 X67.22 Y27.122 E1338.16421
G0 F7200 X67.22 Y27.622
G1 F3000 X67.78 Y28.182 E1338.18495
G0 F7200 X67.59 Y28.182
G0 X67.338 Y12.662
G0 X66.924 Y13.076
;TYPE:WALL-INNER
G1 F2400 X67.1 Y13.5 E1338.19698
G1 X67.1 Y31.553 E1338.66983
G1 X67.9 Y31.554 E1338.69078
G1 X67.9 Y12.1 E1339.20033
G1 X32.161 Y12.1 E1340.13642
G1 X32.265 Y12.547 E1340.14844
G1 X32.472 Y13.045 E1340.16256
G1 X32.75 Y13.497 E1340.17646
G1 X33.098 Y13.902 E1340.19045
G1 X33.499 Y14.245 E1340.20427
G1 X33.951 Y14.524 E1340.21818
G1 X34.45 Y14.731 E1340.23233
G1 X34.967 Y14.853 E1340.24625
G1 X35.529 Y14.9 E1340.26102
G1 X36.9 Y14.9 E1340.29693
G1 X36.9 Y13.5 E1340.3336
G1 X37.02 Y13.139 E1340.34356
G1 X37.409 Y12.9 E1340.35552
G1 X66.5 Y12.9 E1341.11748
G1 X66.924 Y13.076 E1341.1295
G0 F7200 X66.7 Y13.5
;TYPE:WALL-OUTER
G1 F1200 X66.7 Y31.952 E1341.61281
G1 X68.3 Y31.955 E1341.65471
G1 X68.3 Y11.7 E1342.18524
G1 X31.717 Y11.7 E1343.14343
G1 X31.747 Y12.085 E1343.15355
G1 X31.883 Y12.67 E1343.16928
G1 X32.115 Y13.228 E1343.18511
G1 X32.426 Y13.733 E1343.20064
G1 X32.814 Y14.186 E1343.21627
G1 X33.263 Y14.569 E1343.23172
G1 X33.768 Y14.881 E1343.24727
G1 X34.326 Y15.113 E1343.2631
G1 X34.904 Y15.249 E1343.27865
G1 X35.513 Y15.3 E1343.29466
G1 X37.3 Y15.3 E1343.34146
G1 X37.3 Y13.5 E1343.38861
G1 X37.34 Y13.379 E1343.39195
G1 X37.465 Y13.302 E1343.39579
G1 X66.5 Y13.3 E1344.15629
G1 X66.642 Y13.358 E1344.16031
G1 X66.7 Y13.5 E1344.16432
G0 F7200 X66.7 Y13.7
G1 F1500 E1337.66432
G0 F7200 X67.41 Y13.7
G0 X67.597 Y31.726
G0 X67.597 Y32.821
G0 X67.593 Y34.165
G0 X67.593 Y35.26
G0 X67.59 Y37.876
G0 X67.78 Y37.876
;TYPE:FILL
G1 F1500 E1344.16432
G1 F3000 X67.22 Y38.436 E1344.18507
G0 F7200 X67.22 Y38.935
G1 F3000 X67.78 Y39.495 E1344.20581
G0 F7200 X67.59 Y39.495
G0 X67.59 Y43.533
G0 X67.78 Y43.533
G1 F3000 X67.22 Y44.093 E1344.22655
G0 F7200 X67.22 Y44.592
G1 F3000 X67.78 Y45.152 E1344.2473
G0 F7200 X67.59 Y45.152
G0 X67.59 Y49.19
G0 X67.78 Y49.19
G1 F3000 X67.22 Y49.75 E1344.26804
G0 F7200 X67.22 Y50.249
G1 F3000 X67.78 Y50.809 E1344.28878
G0 F7200 X67.59 Y50.809
G0 X67.59 Y54.847
G0 X67.78 Y54.847
G1 F3000 X67.22 Y55.407 E1344.30953
G0 F7200 X67.22 Y55.906
G1 F3000 X67.78 Y56.466 E1344.33027
G0 F7200 X67.59 Y56.466
G0 X67.59 Y60.504
G0 X67.78 Y60.504
G1 F3000 X67.22 Y61.064 E1344.35101
G0 F7200 X67.22 Y61.563
G1 F3000 X67.78 Y62.123 E1344.37176
G0 F7200 X67.59 Y62.123
G0 X67.62 Y64.275
G0 X67.9 Y64.552
;TYPE:WALL-INNER
G1 F2400 X67.9 Y35.428 E1345.13458
G1 X67.1 Y35.428 E1345.15554
G1 X67.1 Y64.552 E1345.91836
G1 X67.9 Y64.552 E1345.93932
G0 F7200 X68.3 Y64.952
;TYPE:WALL-OUTER
G1 F1200 X68.3 Y35.028 E1346.7231
G1 X66.7 Y35.028 E1346.76501
G1 X66.7 Y64.952 E1347.54879
G1 X68.3 Y64.952 E1347.59069
G0 F7200 X68.3 Y64.752
G1 F1500 E1341.09069
G0 F7200 X67.62 Y64.275
G0 X67.59 Y65.82
G0 X67.59 Y67.166
G0 X67.59 Y68.261
G0 X67.59 Y71.817
G0 X67.78 Y71.817
;TYPE:FILL
G1 F1500 E1347.59069
G1 F3000 X67.22 Y72.377 E1347.61144
G0 F7200 X67.22 Y72.877
G1 F3000 X67.78 Y73.437 E1347.63218
G0 F7200 X67.59 Y73.437
G0 X67.59 Y77.474
G0 X67.78 Y77.474
G1 F3000 X67.22 Y78.033 E1347.6529
G0 F7200 X67.22 Y78.533
G1 F3000 X67.78 Y79.094 E1347.67367
G0 F7200 X67.59 Y79.094
G0 X67.59 Y83.131
G0 X67.78 Y83.131
G1 F3000 X67.22 Y83.69 E1347.69439
G0 F7200 X67.22 Y84.19
G1 F3000 X67.78 Y84.751 E1347.71515
G0 F7200 X67.59 Y84.751
G0 X67.338 Y87.338
G0 X65.152 Y87.59
G0 X65.152 Y87.78
G1 F3000 X64.593 Y87.22 E1347.73588
G0 F7200 X63.691 Y87.22
G1 F3000 X63.13 Y87.78 E1347.75664
G0 F7200 X63.13 Y87.59
G0 X59.495 Y87.59
G0 X59.495 Y87.78
G1 F3000 X58.936 Y87.22 E1347.77736
G0 F7200 X58.034 Y87.22
G1 F3000 X57.474 Y87.78 E1347.79811
G0 F7200 X57.474 Y87.59
G0 X53.838 Y87.59
G0 X53.838 Y87.78
G1 F3000 X53.279 Y87.22 E1347.81883
G0 F7200 X52.378 Y87.22
G1 F3000 X51.817 Y87.78 E1347.83959
G0 F7200 X51.817 Y87.59
G0 X48.181 Y87.59
G0 X48.181 Y87.779
G1 F3000 X47.622 Y87.22 E1347.8603
G0 F7200 X46.721 Y87.22
G1 F3000 X46.161 Y87.78 E1347.88104
G0 F7200 X46.161 Y87.59
G0 X42.524 Y87.59
G0 X42.524 Y87.779
G1 F3000 X41.965 Y87.22 E1347.90175
G0 F7200 X41.064 Y87.22
G1 F3000 X40.504 Y87.78 E1347.92249
G0 F7200 X40.504 Y87.59
G0 X36.867 Y87.59
G0 X36.867 Y87.779
G1 F3000 X34.476 Y85.388 E1348.01106
G1 X34.406 Y85.318
G0 F7200 X34.513 Y85.578
G0 X36.59 Y85.847
G0 X36.779 Y85.847
G1 F3000 X34.847 Y87.78 E1348.08264
G1 X34.777 Y87.85
G0 F7200 X34.777 Y87.59
G0 X67.338 Y87.338
G0 X66.924 Y86.924
;TYPE:WALL-INNER
G1 F2400 X66.589 Y87.1 E1348.09255
G1 X37.5 Y87.1 E1348.85446
G1 X37.02 Y86.861 E1348.86851
G1 X36.9 Y86.501 E1348.87845
G1 X36.9 Y85.1 E1348.91514
G1 X35.527 Y85.1 E1348.95111
G1 X34.967 Y85.143 E1348.96582
G1 X34.451 Y85.268 E1348.97972
G1 X33.949 Y85.477 E1348.99396
G1 X33.499 Y85.751 E1349.00776
G1 X33.098 Y86.098 E1349.02165
G1 X32.751 Y86.499 E1349.03554
G1 X32.476 Y86.95 E1349.04938
G1 X32.269 Y87.443 E1349.06338
G1 X32.16 Y87.899 E1349.07566
G1 X67.9 Y87.9 E1350.01178
G1 X67.9 Y68.428 E1350.5218
G1 X67.1 Y68.428 E1350.54275
G1 X67.1 Y86.589 E1351.01843
G1 X66.924 Y86.924 E1351.02834
G0 F7200 X66.698 Y86.535
;TYPE:WALL-OUTER
G1 F1200 X66.642 Y86.642 E1351.0315
G1 X66.535 Y86.698 E1351.03467
G1 X37.5 Y86.7 E1351.79516
G1 X37.34 Y86.621 E1351.79984
G1 X37.3 Y86.501 E1351.80315
G1 X37.3 Y84.7 E1351.85032
G1 X35.512 Y84.7 E1351.89715
G1 X34.904 Y84.747 E1351.91313
G1 X34.327 Y84.887 E1351.92868
G1 X33.767 Y85.119 E1351.94456
G1 X33.263 Y85.427 E1351.96003
G1 X32.814 Y85.814 E1351.97555
G1 X32.427 Y86.263 E1351.99108
G1 X32.119 Y86.768 E1352.00657
G1 X31.887 Y87.319 E1352.02223
G1 X31.747 Y87.911 E1352.03816
G1 X31.717 Y88.3 E1352.04838
G1 X68.3 Y88.3 E1353.00658
G1 X68.3 Y68.028 E1353.53755
G1 X66.7 Y68.028 E1353.57946
G1 X66.698 Y86.535 E1354.0642
G0 F7200 X66.642 Y86.642
G0 X66.573 Y86.678
G1 F1500 E1347.5642
;MESH:NONMESH
G0 F600 Z11.7
G0 F7200 X66.573 Y87.41
G0 X37.076 Y86.924
G0 X38.153 Y85.847
G0 X38.153 Y84.227
G0 X35.52 Y16.165
G0 X35.52 Y15.071
G0 X34.848 Y12.41
G0 X34.848 Y12.22
;TIME_ELAPSED:2294.916779
;LAYER:76
;TYPE:FILL
;MESH:Wandhalterung TP-Link Media Converter.stl
G1 F1500 E1354.0642
G1 F3000 X36.78 Y14.153 E1354.13578
G1 X36.85 Y14.223
G0 F7200 X36.59 Y14.223
G0 X36.662 Y12.662
G0 X36.867 Y12.22
G1 F3000 X34.476 Y14.612 E1354.22437
G1 X34.406 Y14.682
G0 F7200 X34.514 Y14.423
G0 X36.662 Y12.662
G0 X40.504 Y12.41
G0 X40.504 Y12.22
G1 F3000 X41.064 Y12.78 E1354.24511
G0 F7200 X41.964 Y12.78
G1 F3000 X42.524 Y12.22 E1354.26585
G0 F7200 X42.524 Y12.41
G0 X46.161 Y12.41
G0 X46.161 Y12.22
G1 F3000 X46.721 Y12.78 E1354.2866
G0 F7200 X47.621 Y12.78
G1 F3000 X48.181 Y12.22 E1354.30734
G0 F7200 X48.181 Y12.41
G0 X51.818 Y12.41
G0 X51.818 Y12.22
G1 F3000 X52.378 Y12.78 E1354.32808
G0 F7200 X53.278 Y12.78
G1 F3000 X53.838 Y12.22 E1354.34883
G0 F7200 X53.838 Y12.41
G0 X57.475 Y12.41
G0 X57.475 Y12.22
G1 F3000 X58.034 Y12.78 E1354.36955
G0 F7200 X58.935 Y12.78
G1 F3000 X59.495 Y12.22 E1354.39029
G0 F7200 X59.495 Y12.41
G0 X63.132 Y12.41
G0 X63.132 Y12.22
G1 F3000 X63.691 Y12.78 E1354.41102
G0 F7200 X64.591 Y12.78
G1 F3000 X65.151 Y12.22 E1354.43176
G0 F7200 X65.151 Y12.41
G0 X67.338 Y12.662
G0 X67.59 Y15.248
G0 X67.78 Y15.248
G1 F3000 X67.22 Y15.808 E1354.45251
G0 F7200 X67.22 Y16.308
G1 F3000 X67.78 Y16.869 E1354.47327
G0 F7200 X67.59 Y16.869
G0 X67.59 Y20.905
G0 X67.78 Y20.905
G1 F3000 X67.22 Y21.465 E1354.49401
G0 F7200 X67.22 Y21.965
G1 F3000 X67.78 Y22.526 E1354.51477
G0 F7200 X67.59 Y22.526
G0 X67.59 Y26.562
G0 X67.78 Y26.562
G1 F3000 X67.22 Y27.122 E1354.53552
G0 F7200 X67.22 Y27.622
G1 F3000 X67.78 Y28.182 E1354.55626
G0 F7200 X67.59 Y28.182
G0 X67.338 Y12.662
G0 X66.924 Y13.076
;TYPE:WALL-INNER
G1 F2400 X67.1 Y13.5 E1354.56828
G1 X67.1 Y31.756 E1355.04645
G1 X67.9 Y31.756 E1355.0674
G1 X67.9 Y12.1 E1355.58224
G1 X32.161 Y12.1 E1356.51833
G1 X32.265 Y12.547 E1356.53035
G1 X32.472 Y13.045 E1356.54448
G1 X32.75 Y13.497 E1356.55838
G1 X33.098 Y13.902 E1356.57236
G1 X33.499 Y14.245 E1356.58618
G1 X33.951 Y14.524 E1356.6001
G1 X34.45 Y14.731 E1356.61425
G1 X34.967 Y14.853 E1356.62816
G1 X35.529 Y14.9 E1356.64293
G1 X36.9 Y14.9 E1356.67884
G1 X36.9 Y13.5 E1356.71551
G1 X37.02 Y13.139 E1356.72547
G1 X37.409 Y12.9 E1356.73743
G1 X66.5 Y12.9 E1357.49939
G1 X66.924 Y13.076 E1357.51142
G0 F7200 X66.7 Y13.5
;TYPE:WALL-OUTER
G1 F1200 X66.7 Y32.156 E1358.00006
G1 X68.3 Y32.156 E1358.04197
G1 X68.3 Y11.7 E1358.57776
G1 X31.717 Y11.7 E1359.53596
G1 X31.747 Y12.085 E1359.54607
G1 X31.883 Y12.67 E1359.5618
G1 X32.115 Y13.228 E1359.57763
G1 X32.426 Y13.733 E1359.59316
G1 X32.814 Y14.186 E1359.60879
G1 X33.263 Y14.569 E1359.62424
G1 X33.768 Y14.881 E1359.63979
G1 X34.326 Y15.113 E1359.65562
G1 X34.904 Y15.249 E1359.67117
G1 X35.513 Y15.3 E1359.68718
G1 X37.3 Y15.3 E1359.73399
G1 X37.3 Y13.5 E1359.78113
G1 X37.34 Y13.379 E1359.78447
G1 X37.465 Y13.302 E1359.78832
G1 X66.5 Y13.3 E1360.54881
G1 X66.642 Y13.358 E1360.55283
G1 X66.7 Y13.5 E1360.55685
G0 F7200 X66.7 Y13.7
G1 F1500 E1354.05685
G0 F7200 X67.41 Y13.7
G0 X67.597 Y31.927
G0 X67.597 Y33.022
G0 X67.597 Y33.993
G0 X67.597 Y35.088
G0 X67.59 Y37.876
G0 X67.78 Y37.876
;TYPE:FILL
G1 F1500 E1360.55685
G1 F3000 X67.22 Y38.436 E1360.57759
G0 F7200 X67.22 Y38.935
G1 F3000 X67.78 Y39.495 E1360.59833
G0 F7200 X67.59 Y39.495
G0 X67.59 Y43.533
G0 X67.78 Y43.533
G1 F3000 X67.22 Y44.093 E1360.61908
G0 F7200 X67.22 Y44.592
G1 F3000 X67.78 Y45.152 E1360.63982
G0 F7200 X67.59 Y45.152
G0 X67.59 Y49.19
G0 X67.78 Y49.19
G1 F3000 X67.22 Y49.75 E1360.66056
G0 F7200 X67.22 Y50.249
G1 F3000 X67.78 Y50.809 E1360.68131
G0 F7200 X67.59 Y50.809
G0 X67.59 Y54.847
G0 X67.78 Y54.847
G1 F3000 X67.22 Y55.407 E1360.70205
G0 F7200 X67.22 Y55.906
G1 F3000 X67.78 Y56.466 E1360.72279
G0 F7200 X67.59 Y56.466
G0 X67.59 Y60.504
G0 X67.78 Y60.504
G1 F3000 X67.22 Y61.064 E1360.74354
G0 F7200 X67.22 Y61.563
G1 F3000 X67.78 Y62.123 E1360.76428
G0 F7200 X67.59 Y62.123
G0 X67.62 Y64.477
G0 X67.9 Y64.756
;TYPE:WALL-INNER
G1 F2400 X67.9 Y35.256 E1361.53695
G1 X67.1 Y35.256 E1361.55791
G1 X67.1 Y64.756 E1362.33058
G1 X67.9 Y64.756 E1362.35154
G1 F1500 E1355.85154
G0 F7200 X67.59 Y64.477
G0 X68.02 Y35.138
G0 X68.3 Y34.856
;TYPE:WALL-OUTER
G1 F1500 E1362.35154
G1 F1200 X66.7 Y34.856 E1362.39344
G1 X66.7 Y65.156 E1363.18707
G1 X68.3 Y65.156 E1363.22898
G1 X68.3 Y34.856 E1364.02261
G0 F7200 X68.1 Y34.856
G1 F1500 E1357.52261
G0 F7200 X67.62 Y35.538
G0 X67.597 Y64.927
G0 X67.597 Y66.022
G0 X67.597 Y66.993
G0 X67.597 Y68.088
G0 X67.59 Y71.817
G0 X67.78 Y71.817
;TYPE:FILL
G1 F1500 E1364.02261
G1 F3000 X67.22 Y72.377 E1364.04335
G0 F7200 X67.22 Y72.877
G1 F3000 X67.78 Y73.437 E1364.06409
G0 F7200 X67.59 Y73.437
G0 X67.59 Y77.473
G0 X67.78 Y77.473
G1 F3000 X67.22 Y78.033 E1364.08484
G0 F7200 X67.22 Y78.534
G1 F3000 X67.78 Y79.094 E1364.10558
G0 F7200 X67.59 Y79.094
G0 X67.59 Y83.13
G0 X67.78 Y83.13
G1 F3000 X67.22 Y83.69 E1364.12632
G0 F7200 X67.22 Y84.191
G1 F3000 X67.78 Y84.751 E1364.14707
G0 F7200 X67.59 Y84.751
G0 X67.338 Y87.338
G0 X65.152 Y87.59
G0 X65.152 Y87.78
G1 F3000 X64.593 Y87.22 E1364.16779
G0 F7200 X63.691 Y87.22
G1 F3000 X63.13 Y87.78 E1364.18855
G0 F7200 X63.13 Y87.59
G0 X59.495 Y87.59
G0 X59.495 Y87.78
G1 F3000 X58.936 Y87.22 E1364.20928
G0 F7200 X58.034 Y87.22
G1 F3000 X57.474 Y87.78 E1364.23002
G0 F7200 X57.474 Y87.59
G0 X53.838 Y87.59
G0 X53.838 Y87.78
G1 F3000 X53.279 Y87.22 E1364.25075
G0 F7200 X52.378 Y87.22
G1 F3000 X51.817 Y87.78 E1364.27151
G0 F7200 X51.817 Y87.59
G0 X48.181 Y87.59
G0 X48.181 Y87.779
G1 F3000 X47.622 Y87.22 E1364.29222
G0 F7200 X46.721 Y87.22
G1 F3000 X46.161 Y87.78 E1364.31296
G0 F7200 X46.161 Y87.59
G0 X42.524 Y87.59
G0 X42.524 Y87.779
G1 F3000 X41.965 Y87.22 E1364.33367
G0 F7200 X41.064 Y87.22
G1 F3000 X40.504 Y87.78 E1364.35441
G0 F7200 X40.504 Y87.59
G0 X36.867 Y87.59
G0 X36.867 Y87.779
G1 F3000 X34.476 Y85.388 E1364.44297
G1 X34.406 Y85.318
G0 F7200 X34.513 Y85.578
G0 X36.59 Y85.847
G0 X36.779 Y85.847
G1 F3000 X34.847 Y87.78 E1364.51456
G1 X34.777 Y87.85
G0 F7200 X34.777 Y87.59
G0 X67.338 Y87.338
G0 X66.924 Y86.924
;TYPE:WALL-INNER
G1 F2400 X66.589 Y87.1 E1364.52447
G1 X37.5 Y87.1 E1365.28638
G1 X37.02 Y86.861 E1365.30042
G1 X36.9 Y86.501 E1365.31036
G1 X36.9 Y85.1 E1365.34706
G1 X35.527 Y85.1 E1365.38302
G1 X34.967 Y85.143 E1365.39773
G1 X34.451 Y85.268 E1365.41164
G1 X33.949 Y85.477 E1365.42588
G1 X33.499 Y85.751 E1365.43968
G1 X33.098 Y86.098 E1365.45357
G1 X32.751 Y86.499 E1365.46746
G1 X32.476 Y86.95 E1365.48129
G1 X32.269 Y87.443 E1365.4953
G1 X32.16 Y87.899 E1365.50758
G1 X67.9 Y87.9 E1366.44369
G1 X67.9 Y68.256 E1366.95822
G1 X67.1 Y68.256 E1366.97917
G1 X67.1 Y86.589 E1367.45936
G1 X66.924 Y86.924 E1367.46927
G0 F7200 X66.698 Y86.535
;TYPE:WALL-OUTER
G1 F1200 X66.642 Y86.642 E1367.47243
G1 X66.535 Y86.698 E1367.47559
G1 X37.5 Y86.7 E1368.23609
G1 X37.34 Y86.621 E1368.24076
G1 X37.3 Y86.501 E1368.24408
G1 X37.3 Y84.7 E1368.29125
G1 X35.512 Y84.7 E1368.33808
G1 X34.904 Y84.747 E1368.35405
G1 X34.327 Y84.887 E1368.3696
G1 X33.767 Y85.119 E1368.38548
G1 X33.263 Y85.427 E1368.40095
G1 X32.814 Y85.814 E1368.41648
G1 X32.427 Y86.263 E1368.432
G1 X32.119 Y86.768 E1368.4475
G1 X31.887 Y87.319 E1368.46316
G1 X31.747 Y87.911 E1368.47909
G1 X31.717 Y88.3 E1368.48931
G1 X68.3 Y88.3 E1369.4475
G1 X68.3 Y67.856 E1369.98298
G1 X66.7 Y67.856 E1370.02489
G1 X66.698 Y86.535 E1370.51413
G0 F7200 X66.642 Y86.642
G0 X66.573 Y86.678
G1 F1500 E1364.01413
;MESH:NONMESH
G0 F600 Z11.85
G0 F7200 X66.573 Y87.41
G0 X37.076 Y86.924
G0 X38.153 Y85.847
G0 X38.153 Y84.227
G0 X35.52 Y16.165
G0 X35.52 Y15.071
G0 X34.848 Y12.41
G0 X34.848 Y12.22
;TIME_ELAPSED:2324.898464
;LAYER:77
;TYPE:FILL
;MESH:Wandhalterung TP-Link Media Converter.stl
G1 F1500 E1370.51413
G1 F3000 X36.78 Y14.153 E1370.58572
G1 X36.85 Y14.223
G0 F7200 X36.59 Y14.223
G0 X36.662 Y12.662
G0 X36.867 Y12.22
G1 F3000 X34.476 Y14.612 E1370.6743
G1 X34.406 Y14.682
G0 F7200 X34.514 Y14.423
G0 X36.662 Y12.662
G0 X40.504 Y12.41
G0 X40.504 Y12.22
G1 F3000 X41.064 Y12.78 E1370.69505
G0 F7200 X41.964 Y12.78
G1 F3000 X42.524 Y12.22 E1370.71579
G0 F7200 X42.524 Y12.41
G0 X46.161 Y12.41
G0 X46.161 Y12.22
G1 F3000 X46.721 Y12.78 E1370.73653
G0 F7200 X47.621 Y12.78
G1 F3000 X48.181 Y12.22 E1370.75727
G0 F7200 X48.181 Y12.41
G0 X51.818 Y12.41
G0 X51.818 Y12.22
G1 F3000 X52.378 Y12.78 E1370.77802
G0 F7200 X53.278 Y12.78
G1 F3000 X53.838 Y12.22 E1370.79876
G0 F7200 X53.838 Y12.41
G0 X57.475 Y12.41
G0 X57.475 Y12.22
G1 F3000 X58.034 Y12.78 E1370.81949
G0 F7200 X58.935 Y12.78
G1 F3000 X59.495 Y12.22 E1370.84023
G0 F7200 X59.495 Y12.41
G0 X63.132 Y12.41
G0 X63.132 Y12.22
G1 F3000 X63.691 Y12.78 E1370.86095
G0 F7200 X64.591 Y12.78
G1 F3000 X65.151 Y12.22 E1370.8817
G0 F7200 X65.151 Y12.41
G0 X67.338 Y12.662
G0 X67.59 Y15.248
G0 X67.78 Y15.248
G1 F3000 X67.22 Y15.809 E1370.90246
G0 F7200 X67.22 Y16.308
G1 F3000 X67.78 Y16.869 E1370.92322
G0 F7200 X67.59 Y16.869
G0 X67.59 Y20.905
G0 X67.78 Y20.905
G1 F3000 X67.22 Y21.466 E1370.94398
G0 F7200 X67.22 Y21.965
G1 F3000 X67.78 Y22.526 E1370.96474
G0 F7200 X67.59 Y22.526
G0 X67.59 Y26.562
G0 X67.78 Y26.562
G1 F3000 X67.22 Y27.122 E1370.98549
G0 F7200 X67.22 Y27.622
G1 F3000 X67.78 Y28.182 E1371.00623
G0 F7200 X67.59 Y28.182
G0 X67.338 Y12.662
G0 X66.924 Y13.076
;TYPE:WALL-INNER
G1 F2400 X67.1 Y13.5 E1371.01826
G1 X67.1 Y31.997 E1371.50274
G1 X67.9 Y31.998 E1371.52369
G1 X67.9 Y12.1 E1372.04487
G1 X32.161 Y12.1 E1372.98095
G1 X32.265 Y12.547 E1372.99297
G1 X32.472 Y13.045 E1373.0071
G1 X32.75 Y13.497 E1373.021
G1 X33.098 Y13.902 E1373.03499
G1 X33.499 Y14.245 E1373.04881
G1 X33.951 Y14.524 E1373.06272
G1 X34.45 Y14.731 E1373.07687
G1 X34.967 Y14.853 E1373.09078
G1 X35.529 Y14.9 E1373.10555
G1 X36.9 Y14.9 E1373.14146
G1 X36.9 Y13.5 E1373.17813
G1 X37.02 Y13.139 E1373.1881
G1 X37.409 Y12.9 E1373.20006
G1 X66.5 Y12.9 E1373.96202
G1 X66.924 Y13.076 E1373.97404
G0 F7200 X66.7 Y13.5
;TYPE:WALL-OUTER
G1 F1200 X66.7 Y32.396 E1374.46897
G1 X68.3 Y32.399 E1374.51088
G1 X68.3 Y11.7 E1375.05304
G1 X31.717 Y11.7 E1376.01123
G1 X31.747 Y12.085 E1376.02135
G1 X31.883 Y12.67 E1376.03708
G1 X32.115 Y13.228 E1376.0529
G1 X32.426 Y13.733 E1376.06844
G1 X32.814 Y14.186 E1376.08406
G1 X33.263 Y14.569 E1376.09952
G1 X33.768 Y14.881 E1376.11507
G1 X34.326 Y15.113 E1376.1309
G1 X34.904 Y15.249 E1376.14645
G1 X35.513 Y15.3 E1376.16245
G1 X37.3 Y15.3 E1376.20926
G1 X37.3 Y13.5 E1376.25641
G1 X37.34 Y13.379 E1376.25974
G1 X37.465 Y13.302 E1376.26359
G1 X66.5 Y13.3 E1377.02409
G1 X66.642 Y13.358 E1377.0281
G1 X66.7 Y13.5 E1377.03212
G0 F7200 X66.7 Y13.7
G0 X67.41 Y13.7
G0 X67.5 Y31.596
;TYPE:SKIN
G1 F692.3 X67.5 Y31.116 E1377.04846
G1 F1500 E1370.54846
G0 F7200 X67.596 Y32.17
G0 X67.596 Y33.265
G0 X67.592 Y34.827
G0 X67.59 Y37.875
G0 X67.78 Y37.875
;TYPE:FILL
G1 F1500 E1377.04846
G1 F3000 X67.22 Y38.435 E1377.06921
G0 F7200 X67.22 Y38.935
G1 F3000 X67.78 Y39.496 E1377.08997
G0 F7200 X67.59 Y39.496
G0 X67.59 Y43.532
G0 X67.78 Y43.532
G1 F3000 X67.22 Y44.092 E1377.11071
G0 F7200 X67.22 Y44.592
G1 F3000 X67.78 Y45.153 E1377.13147
G0 F7200 X67.59 Y45.153
G0 X67.59 Y49.189
G0 X67.78 Y49.189
G1 F3000 X67.22 Y49.749 E1377.15222
G0 F7200 X67.22 Y50.249
G1 F3000 X67.78 Y50.81 E1377.17298
G0 F7200 X67.59 Y50.81
G0 X67.59 Y54.846
G0 X67.78 Y54.846
G1 F3000 X67.22 Y55.406 E1377.19372
G0 F7200 X67.22 Y55.906
G1 F3000 X67.78 Y56.467 E1377.21448
G0 F7200 X67.59 Y56.467
G0 X67.59 Y60.503
G0 X67.78 Y60.503
G1 F3000 X67.22 Y61.063 E1377.23523
G0 F7200 X67.22 Y61.563
G1 F3000 X67.78 Y62.124 E1377.25599
G0 F7200 X67.59 Y62.124
G0 X67.62 Y64.719
G0 X67.9 Y64.996
;TYPE:WALL-INNER
G1 F2400 X67.9 Y34.996 E1378.04176
G1 X67.1 Y34.996 E1378.06271
G1 X67.1 Y64.996 E1378.84849
G1 X67.9 Y64.996 E1378.86944
G0 F7200 X68.3 Y65.396
;TYPE:WALL-OUTER
G1 F1200 X68.3 Y34.596 E1379.67616
G1 X66.7 Y34.596 E1379.71807
G1 X66.7 Y65.396 E1380.5248
G1 X68.3 Y65.396 E1380.5667
G0 F7200 X68.3 Y65.196
G0 X67.62 Y64.719
G0 X67.5 Y64.116
;TYPE:SKIN
G1 F692.3 X67.5 Y64.596 E1380.58305
G0 F7200 X67.5 Y35.396
G1 F692.3 X67.5 Y35.894 E1380.6
G1 F1500 E1374.1
G0 F7200 X67.59 Y65.169
G0 X67.59 Y66.264
G0 X67.59 Y67.828
G0 X67.59 Y71.817
G0 X67.78 Y71.817
;TYPE:FILL
G1 F1500 E1380.6
G1 F3000 X67.22 Y72.377 E1380.62075
G0 F7200 X67.22 Y72.877
G1 F3000 X67.78 Y73.437 E1380.64149
G0 F7200 X67.59 Y73.437
G0 X67.59 Y77.474
G0 X67.78 Y77.474
G1 F3000 X67.22 Y78.033 E1380.66222
G0 F7200 X67.22 Y78.533
G1 F3000 X67.78 Y79.094 E1380.68298
G0 F7200 X67.59 Y79.094
G0 X67.59 Y83.131
G0 X67.78 Y83.131
G1 F3000 X67.22 Y83.69 E1380.7037
G0 F7200 X67.22 Y84.19
G1 F3000 X67.78 Y84.751 E1380.72446
G0 F7200 X67.59 Y84.751
G0 X67.338 Y87.338
G0 X65.152 Y87.59
G0 X65.152 Y87.78
G1 F3000 X64.593 Y87.22 E1380.74519
G0 F7200 X63.691 Y87.22
G1 F3000 X63.13 Y87.78 E1380.76595
G0 F7200 X63.13 Y87.59
G0 X59.495 Y87.59
G0 X59.495 Y87.78
G1 F3000 X58.936 Y87.22 E1380.78668
G0 F7200 X58.034 Y87.22
G1 F3000 X57.474 Y87.78 E1380.80742
G0 F7200 X57.474 Y87.59
G0 X53.838 Y87.59
G0 X53.838 Y87.78
G1 F3000 X53.279 Y87.22 E1380.82814
G0 F7200 X52.378 Y87.22
G1 F3000 X51.817 Y87.78 E1380.84891
G0 F7200 X51.817 Y87.59
G0 X48.181 Y87.59
G0 X48.181 Y87.779
G1 F3000 X47.622 Y87.22 E1380.86961
G0 F7200 X46.721 Y87.22
G1 F3000 X46.161 Y87.78 E1380.89036
G0 F7200 X46.161 Y87.59
G0 X42.524 Y87.59
G0 X42.524 Y87.779
G1 F3000 X41.965 Y87.22 E1380.91106
G0 F7200 X41.064 Y87.22
G1 F3000 X40.504 Y87.78 E1380.9318
G0 F7200 X40.504 Y87.59
G0 X36.867 Y87.59
G0 X36.867 Y87.779
G1 F3000 X34.476 Y85.388 E1381.02037
G1 X34.406 Y85.318
G0 F7200 X34.513 Y85.578
G0 X36.59 Y85.847
G0 X36.779 Y85.847
G1 F3000 X34.847 Y87.78 E1381.09195
G1 X34.777 Y87.85
G0 F7200 X34.777 Y87.59
G0 X67.338 Y87.338
G0 X66.924 Y86.924
;TYPE:WALL-INNER
G1 F2400 X66.589 Y87.1 E1381.10187
G1 X37.5 Y87.1 E1381.86378
G1 X37.02 Y86.861 E1381.87782
G1 X36.9 Y86.501 E1381.88776
G1 X36.9 Y85.1 E1381.92445
G1 X35.527 Y85.1 E1381.96042
G1 X34.967 Y85.143 E1381.97513
G1 X34.451 Y85.268 E1381.98903
G1 X33.949 Y85.477 E1382.00328
G1 X33.499 Y85.751 E1382.01708
G1 X33.098 Y86.098 E1382.03097
G1 X32.751 Y86.499 E1382.04486
G1 X32.476 Y86.95 E1382.05869
G1 X32.269 Y87.443 E1382.0727
G1 X32.16 Y87.899 E1382.08498
G1 X67.9 Y87.9 E1383.02109
G1 X67.9 Y67.996 E1383.54242
G1 X67.1 Y67.996 E1383.56338
G1 X67.1 Y86.589 E1384.05037
G1 X66.924 Y86.924 E1384.06028
G0 F7200 X66.698 Y86.535
;TYPE:WALL-OUTER
G1 F1200 X66.642 Y86.642 E1384.06345
G1 X66.535 Y86.698 E1384.06661
G1 X37.5 Y86.7 E1384.82711
G1 X37.34 Y86.621 E1384.83178
G1 X37.3 Y86.501 E1384.83509
G1 X37.3 Y84.7 E1384.88226
G1 X35.512 Y84.7 E1384.9291
G1 X34.904 Y84.747 E1384.94507
G1 X34.327 Y84.887 E1384.96062
G1 X33.767 Y85.119 E1384.9765
G1 X33.263 Y85.427 E1384.99197
G1 X32.814 Y85.814 E1385.00749
G1 X32.427 Y86.263 E1385.02302
G1 X32.119 Y86.768 E1385.03851
G1 X31.887 Y87.319 E1385.05417
G1 X31.747 Y87.911 E1385.07011
G1 X31.717 Y88.3 E1385.08032
G1 X68.3 Y88.3 E1386.03852
G1 X68.3 Y67.596 E1386.58081
G1 X66.7 Y67.596 E1386.62271
G1 X66.698 Y86.535 E1387.11877
G0 F7200 X66.642 Y86.642
G0 X66.573 Y86.678
G0 X66.573 Y87.41
G0 X67.5 Y68.396
;TYPE:SKIN
G1 F692.3 X67.5 Y68.896 E1387.1358
G1 F1500 E1380.6358
;MESH:NONMESH
G0 F600 Z12
G0 F7200 X66.924 Y67.822
G0 X66.924 Y66.733
G0 X65.847 Y66.252
G0 X37.076 Y16.165
G0 X37.076 Y15.076
G0 X34.848 Y12.41
G0 X34.848 Y12.22
;TIME_ELAPSED:2354.605002
;LAYER:78
;TYPE:FILL
;MESH:Wandhalterung TP-Link Media Converter.stl
G1 F1500 E1387.1358
G1 F3000 X36.78 Y14.153 E1387.20738
G1 X36.85 Y14.223
G0 F7200 X36.59 Y14.223
G0 X36.662 Y12.662
G0 X36.867 Y12.22
G1 F3000 X34.476 Y14.612 E1387.29596
G1 X34.406 Y14.682
G0 F7200 X34.514 Y14.423
G0 X36.662 Y12.662
G0 X40.504 Y12.41
G0 X40.504 Y12.22
G1 F3000 X41.064 Y12.78 E1387.31671
G0 F7200 X41.964 Y12.78
G1 F3000 X42.524 Y12.22 E1387.33745
G0 F7200 X42.524 Y12.41
G0 X46.161 Y12.41
G0 X46.161 Y12.22
G1 F3000 X46.721 Y12.78 E1387.35819
G0 F7200 X47.621 Y12.78
G1 F3000 X48.181 Y12.22 E1387.37894
G0 F7200 X48.181 Y12.41
G0 X51.818 Y12.41
G0 X51.818 Y12.22
G1 F3000 X52.378 Y12.78 E1387.39968
G0 F7200 X53.278 Y12.78
G1 F3000 X53.838 Y12.22 E1387.42042
G0 F7200 X53.838 Y12.41
G0 X57.475 Y12.41
G0 X57.475 Y12.22
G1 F3000 X58.034 Y12.78 E1387.44115
G0 F7200 X58.935 Y12.78
G1 F3000 X59.495 Y12.22 E1387.46189
G0 F7200 X59.495 Y12.41
G0 X63.132 Y12.41
G0 X63.132 Y12.22
G1 F3000 X63.691 Y12.78 E1387.48262
G0 F7200 X64.591 Y12.78
G1 F3000 X65.151 Y12.22 E1387.50336
G0 F7200 X65.151 Y12.41
G0 X67.338 Y12.662
G0 X67.59 Y15.248
G0 X67.78 Y15.248
G1 F3000 X67.22 Y15.809 E1387.52412
G0 F7200 X67.22 Y16.308
G1 F3000 X67.78 Y16.869 E1387.54488
G0 F7200 X67.59 Y16.869
G0 X67.59 Y20.905
G0 X67.78 Y20.905
G1 F3000 X67.22 Y21.466 E1387.56564
G0 F7200 X67.22 Y21.965
G1 F3000 X67.78 Y22.526 E1387.58641
G0 F7200 X67.59 Y22.526
G0 X67.59 Y26.562
G0 X67.78 Y26.562
G1 F3000 X67.22 Y27.122 E1387.60715
G0 F7200 X67.22 Y27.622
G1 F3000 X67.78 Y28.182 E1387.62789
G0 F7200 X67.59 Y28.182
G0 X67.338 Y12.662
G0 X66.924 Y13.076
;TYPE:WALL-INNER
G1 F2400 X67.1 Y13.5 E1387.63992
G1 X67.1 Y32.376 E1388.13432
G1 X67.9 Y32.376 E1388.15528
G1 X67.9 Y12.1 E1388.68635
G1 X32.161 Y12.1 E1389.62244
G1 X32.265 Y12.547 E1389.63446
G1 X32.472 Y13.045 E1389.64859
G1 X32.75 Y13.497 E1389.66249
G1 X33.098 Y13.902 E1389.67647
G1 X33.499 Y14.245 E1389.6903
G1 X33.951 Y14.524 E1389.70421
G1 X34.45 Y14.731 E1389.71836
G1 X34.967 Y14.853 E1389.73227
G1 X35.529 Y14.9 E1389.74704
G1 X36.9 Y14.9 E1389.78295
G1 X36.9 Y13.5 E1389.81962
G1 X37.02 Y13.139 E1389.82959
G1 X37.409 Y12.9 E1389.84154
G1 X66.5 Y12.9 E1390.60351
G1 X66.924 Y13.076 E1390.61553
G0 F7200 X66.7 Y13.5
;TYPE:WALL-OUTER
G1 F1200 X66.7 Y32.776 E1391.12041
G1 X68.3 Y32.776 E1391.16232
G1 X68.3 Y11.7 E1391.71435
G1 X31.717 Y11.7 E1392.67255
G1 X31.747 Y12.085 E1392.68266
G1 X31.883 Y12.67 E1392.69839
G1 X32.115 Y13.228 E1392.71422
G1 X32.426 Y13.733 E1392.72976
G1 X32.814 Y14.186 E1392.74538
G1 X33.263 Y14.569 E1392.76084
G1 X33.768 Y14.881 E1392.77638
G1 X34.326 Y15.113 E1392.79221
G1 X34.904 Y15.249 E1392.80776
G1 X35.513 Y15.3 E1392.82377
G1 X37.3 Y15.3 E1392.87058
G1 X37.3 Y13.5 E1392.91772
G1 X37.34 Y13.379 E1392.92106
G1 X37.465 Y13.302 E1392.92491
G1 X66.5 Y13.3 E1393.6854
G1 X66.642 Y13.358 E1393.68942
G1 X66.7 Y13.5 E1393.69344
G0 F7200 X66.7 Y13.7
G0 X67.41 Y13.7
G0 X67.5 Y31.976
;TYPE:SKIN
G1 F692.3 X67.5 Y31.192 E1393.72013
G1 F1500 E1387.22013
G0 F7200 X67.596 Y32.548
G0 X67.593 Y34.426
G0 X67.59 Y37.876
G0 X67.78 Y37.876
;TYPE:FILL
G1 F1500 E1393.72013
G1 F3000 X67.22 Y38.435 E1393.74086
G0 F7200 X67.22 Y38.935
G1 F3000 X67.78 Y39.496 E1393.76162
G0 F7200 X67.59 Y39.496
G0 X67.59 Y43.533
G0 X67.78 Y43.533
G1 F3000 X67.22 Y44.092 E1393.78234
G0 F7200 X67.22 Y44.592
G1 F3000 X67.78 Y45.153 E1393.80311
G0 F7200 X67.59 Y45.153
G0 X67.59 Y49.19
G0 X67.78 Y49.19
G1 F3000 X67.22 Y49.749 E1393.82383
G0 F7200 X67.22 Y50.249
G1 F3000 X67.78 Y50.81 E1393.84459
G0 F7200 X67.59 Y50.81
G0 X67.59 Y54.847
G0 X67.78 Y54.847
G1 F3000 X67.22 Y55.406 E1393.86532
G0 F7200 X67.22 Y55.906
G1 F3000 X67.78 Y56.467 E1393.88608
G0 F7200 X67.59 Y56.467
G0 X67.59 Y60.504
G0 X67.78 Y60.504
G1 F3000 X67.22 Y61.063 E1393.9068
G0 F7200 X67.22 Y61.563
G1 F3000 X67.78 Y62.124 E1393.92757
G0 F7200 X67.59 Y62.124
G0 X67.62 Y65.097
G0 X67.9 Y65.376
;TYPE:WALL-INNER
G1 F2400 X67.9 Y34.596 E1394.73377
G1 X67.1 Y34.596 E1394.75472
G1 X67.1 Y65.376 E1395.56092
G1 X67.9 Y65.376 E1395.58187
G0 F7200 X68.3 Y65.776
;TYPE:WALL-OUTER
G1 F1200 X68.3 Y34.196 E1396.40903
G1 X66.7 Y34.196 E1396.45094
G1 X66.7 Y65.776 E1397.27809
G1 X68.3 Y65.776 E1397.32
G0 F7200 X68.3 Y65.576
G0 X67.62 Y65.097
G0 X67.5 Y64.192
;TYPE:SKIN
G1 F692.3 X67.5 Y64.976 E1397.34669
G0 F7200 X67.5 Y34.996
G1 F692.3 X67.5 Y35.804 E1397.37421
G1 F1500 E1390.87421
G0 F7200 X67.59 Y65.547
G0 X67.59 Y67.427
G0 X67.59 Y71.817
G0 X67.78 Y71.817
;TYPE:FILL
G1 F1500 E1397.37421
G1 F3000 X67.22 Y72.377 E1397.39495
G0 F7200 X67.22 Y72.877
G1 F3000 X67.78 Y73.437 E1397.41569
G0 F7200 X67.59 Y73.437
G0 X67.59 Y77.474
G0 X67.78 Y77.474
G1 F3000 X67.22 Y78.033 E1397.43642
G0 F7200 X67.22 Y78.533
G1 F3000 X67.78 Y79.094 E1397.45718
G0 F7200 X67.59 Y79.094
G0 X67.59 Y83.131
G0 X67.78 Y83.131
G1 F3000 X67.22 Y83.69 E1397.47791
G0 F7200 X67.22 Y84.19
G1 F3000 X67.78 Y84.751 E1397.49867
G0 F7200 X67.59 Y84.751
G0 X67.338 Y87.338
G0 X65.152 Y87.59
G0 X65.152 Y87.78
G1 F3000 X64.593 Y87.22 E1397.51939
G0 F7200 X63.691 Y87.22
G1 F3000 X63.13 Y87.78 E1397.54015
G0 F7200 X63.13 Y87.59
G0 X59.495 Y87.59
G0 X59.495 Y87.78
G1 F3000 X58.936 Y87.22 E1397.56088
G0 F7200 X58.034 Y87.22
G1 F3000 X57.474 Y87.78 E1397.58162
G0 F7200 X57.474 Y87.59
G0 X53.838 Y87.59
G0 X53.838 Y87.78
G1 F3000 X53.279 Y87.22 E1397.60235
G0 F7200 X52.378 Y87.22
G1 F3000 X51.817 Y87.78 E1397.62311
G0 F7200 X51.817 Y87.59
G0 X48.181 Y87.59
G0 X48.181 Y87.779
G1 F3000 X47.622 Y87.22 E1397.64381
G0 F7200 X46.721 Y87.22
G1 F3000 X46.161 Y87.78 E1397.66456
G0 F7200 X46.161 Y87.59
G0 X42.524 Y87.59
G0 X42.524 Y87.779
G1 F3000 X41.965 Y87.22 E1397.68526
G0 F7200 X41.064 Y87.22
G1 F3000 X40.504 Y87.78 E1397.70601
G0 F7200 X40.504 Y87.59
G0 X36.867 Y87.59
G0 X36.867 Y87.779
G1 F3000 X34.476 Y85.388 E1397.79457
G1 X34.406 Y85.318
G0 F7200 X34.513 Y85.578
G0 X36.59 Y85.847
G0 X36.779 Y85.847
G1 F3000 X34.847 Y87.78 E1397.86616
G1 X34.777 Y87.85
G0 F7200 X34.777 Y87.59
G0 X67.338 Y87.338
G0 X66.924 Y86.924
;TYPE:WALL-INNER
G1 F2400 X66.589 Y87.1 E1397.87607
G1 X37.5 Y87.1 E1398.63798
G1 X37.02 Y86.861 E1398.65202
G1 X36.9 Y86.501 E1398.66196
G1 X36.9 Y85.1 E1398.69866
G1 X35.527 Y85.1 E1398.73462
G1 X34.967 Y85.143 E1398.74933
G1 X34.451 Y85.268 E1398.76324
G1 X33.949 Y85.477 E1398.77748
G1 X33.499 Y85.751 E1398.79128
G1 X33.098 Y86.098 E1398.80517
G1 X32.751 Y86.499 E1398.81906
G1 X32.476 Y86.95 E1398.83289
G1 X32.269 Y87.443 E1398.8469
G1 X32.16 Y87.899 E1398.85918
G1 X67.9 Y87.9 E1399.79529
G1 X67.9 Y67.596 E1400.3271
G1 X67.1 Y67.596 E1400.34806
G1 X67.1 Y86.589 E1400.84553
G1 X66.924 Y86.924 E1400.85544
G0 F7200 X66.698 Y86.535
;TYPE:WALL-OUTER
G1 F1200 X66.642 Y86.642 E1400.8586
G1 X66.535 Y86.698 E1400.86177
G1 X37.5 Y86.7 E1401.62226
G1 X37.34 Y86.621 E1401.62694
G1 X37.3 Y86.501 E1401.63025
G1 X37.3 Y84.7 E1401.67742
G1 X35.512 Y84.7 E1401.72425
G1 X34.904 Y84.747 E1401.74023
G1 X34.327 Y84.887 E1401.75578
G1 X33.767 Y85.119 E1401.77165
G1 X33.263 Y85.427 E1401.78712
G1 X32.814 Y85.814 E1401.80265
G1 X32.427 Y86.263 E1401.81818
G1 X32.119 Y86.768 E1401.83367
G1 X31.887 Y87.319 E1401.84933
G1 X31.747 Y87.911 E1401.86526
G1 X31.717 Y88.3 E1401.87548
G1 X68.3 Y88.3 E1402.83368
G1 X68.3 Y67.196 E1403.38644
G1 X66.7 Y67.196 E1403.42835
G1 X66.698 Y86.535 E1403.93488
G0 F7200 X66.642 Y86.642
G0 X66.573 Y86.678
G0 X66.573 Y87.41
G0 X67.5 Y67.996
;TYPE:SKIN
G1 F692.3 X67.5 Y68.804 E1403.96239
G1 F1500 E1397.46239
;MESH:NONMESH
G0 F600 Z12.15
G0 F7200 X66.924 Y67.421
G0 X65.835 Y67.421
G0 X37.076 Y16.165
G0 X37.076 Y15.076
G0 X34.848 Y12.41
G0 X34.848 Y12.22
;TIME_ELAPSED:2384.670711
;LAYER:79
;TYPE:FILL
;MESH:Wandhalterung TP-Link Media Converter.stl
G1 F1500 E1403.96239
G1 F3000 X36.78 Y14.153 E1404.03398
G1 X36.85 Y14.223
G0 F7200 X36.59 Y14.223
G0 X36.662 Y12.662
G0 X36.867 Y12.22
G1 F3000 X34.476 Y14.612 E1404.12256
G1 X34.406 Y14.682
G0 F7200 X34.514 Y14.423
G0 X36.662 Y12.662
G0 X40.504 Y12.41
G0 X40.504 Y12.22
G1 F3000 X41.064 Y12.78 E1404.1433
G0 F7200 X41.964 Y12.78
G1 F3000 X42.524 Y12.22 E1404.16405
G0 F7200 X42.524 Y12.41
G0 X46.161 Y12.41
G0 X46.161 Y12.22
G1 F3000 X46.721 Y12.78 E1404.18479
G0 F7200 X47.621 Y12.78
G1 F3000 X48.181 Y12.22 E1404.20553
G0 F7200 X48.181 Y12.41
G0 X51.818 Y12.41
G0 X51.818 Y12.22
G1 F3000 X52.378 Y12.78 E1404.22628
G0 F7200 X53.278 Y12.78
G1 F3000 X53.838 Y12.22 E1404.24702
G0 F7200 X53.838 Y12.41
G0 X57.475 Y12.41
G0 X57.475 Y12.22
G1 F3000 X58.034 Y12.78 E1404.26775
G0 F7200 X58.935 Y12.78
G1 F3000 X59.495 Y12.22 E1404.28849
G0 F7200 X59.495 Y12.41
G0 X63.132 Y12.41
G0 X63.132 Y12.22
G1 F3000 X63.691 Y12.78 E1404.30921
G0 F7200 X64.591 Y12.78
G1 F3000 X65.151 Y12.22 E1404.32996
G0 F7200 X65.151 Y12.41
G0 X67.338 Y12.662
G0 X67.59 Y15.249
G0 X67.78 Y15.249
G1 F3000 X67.22 Y15.809 E1404.3507
G0 F7200 X67.22 Y16.308
G1 F3000 X67.78 Y16.869 E1404.37146
G0 F7200 X67.59 Y16.869
G0 X67.59 Y20.906
G0 X67.78 Y20.906
G1 F3000 X67.22 Y21.466 E1404.39221
G0 F7200 X67.22 Y21.965
G1 F3000 X67.78 Y22.526 E1404.41297
G0 F7200 X67.59 Y22.526
G0 X67.59 Y26.562
G0 X67.78 Y26.562
G1 F3000 X67.22 Y27.122 E1404.43371
G0 F7200 X67.22 Y27.622
G1 F3000 X67.78 Y28.182 E1404.45445
G0 F7200 X67.59 Y28.182
G0 X67.59 Y37.875
G0 X67.78 Y37.875
G1 F3000 X67.22 Y38.435 E1404.4752
G0 F7200 X67.22 Y38.935
G1 F3000 X67.78 Y39.496 E1404.49596
G0 F7200 X67.59 Y39.496
G0 X67.59 Y43.532
G0 X67.78 Y43.532
G1 F3000 X67.22 Y44.092 E1404.5167
G0 F7200 X67.22 Y44.592
G1 F3000 X67.78 Y45.153 E1404.53746
G0 F7200 X67.59 Y45.153
G0 X67.59 Y49.189
G0 X67.78 Y49.189
G1 F3000 X67.22 Y49.749 E1404.55821
G0 F7200 X67.22 Y50.249
G1 F3000 X67.78 Y50.81 E1404.57897
G0 F7200 X67.59 Y50.81
G0 X67.59 Y54.846
G0 X67.78 Y54.846
G1 F3000 X67.22 Y55.406 E1404.59971
G0 F7200 X67.22 Y55.906
G1 F3000 X67.78 Y56.467 E1404.62047
G0 F7200 X67.59 Y56.467
G0 X67.59 Y60.503
G0 X67.78 Y60.503
G1 F3000 X67.22 Y61.063 E1404.64122
G0 F7200 X67.22 Y61.563
G1 F3000 X67.78 Y62.124 E1404.66198
G0 F7200 X67.59 Y62.124
G0 X67.59 Y71.817
G0 X67.78 Y71.817
G1 F3000 X67.22 Y72.377 E1404.68272
G0 F7200 X67.22 Y72.877
G1 F3000 X67.78 Y73.437 E1404.70347
G0 F7200 X67.59 Y73.437
G0 X67.59 Y77.474
G0 X67.78 Y77.474
G1 F3000 X67.22 Y78.033 E1404.72419
G0 F7200 X67.22 Y78.533
G1 F3000 X67.78 Y79.094 E1404.74495
G0 F7200 X67.59 Y79.094
G0 X67.59 Y83.131
G0 X67.78 Y83.131
G1 F3000 X67.22 Y83.69 E1404.76568
G0 F7200 X67.22 Y84.19
G1 F3000 X67.78 Y84.751 E1404.78644
G0 F7200 X67.59 Y84.751
G0 X67.338 Y87.338
G0 X65.152 Y87.59
G0 X65.152 Y87.78
G1 F3000 X64.593 Y87.22 E1404.80716
G0 F7200 X63.691 Y87.22
G1 F3000 X63.13 Y87.78 E1404.82793
G0 F7200 X63.13 Y87.59
G0 X59.495 Y87.59
G0 X59.495 Y87.78
G1 F3000 X58.936 Y87.22 E1404.84865
G0 F7200 X58.034 Y87.22
G1 F3000 X57.474 Y87.78 E1404.86939
G0 F7200 X57.474 Y87.59
G0 X53.838 Y87.59
G0 X53.838 Y87.78
G1 F3000 X53.279 Y87.22 E1404.89012
G0 F7200 X52.378 Y87.22
G1 F3000 X51.817 Y87.78 E1404.91088
G0 F7200 X51.817 Y87.59
G0 X48.181 Y87.59
G0 X48.181 Y87.779
G1 F3000 X47.622 Y87.22 E1404.93159
G0 F7200 X46.721 Y87.22
G1 F3000 X46.161 Y87.78 E1404.95233
G0 F7200 X46.161 Y87.59
G0 X42.524 Y87.59
G0 X42.524 Y87.779
G1 F3000 X41.965 Y87.22 E1404.97304
G0 F7200 X41.064 Y87.22
G1 F3000 X40.504 Y87.78 E1404.99378
G0 F7200 X40.504 Y87.59
G0 X36.867 Y87.59
G0 X36.867 Y87.779
G1 F3000 X34.476 Y85.388 E1405.08235
G1 X34.406 Y85.318
G0 F7200 X34.513 Y85.578
G0 X36.59 Y85.847
G0 X36.779 Y85.847
G1 F3000 X34.847 Y87.78 E1405.15393
G1 X34.777 Y87.85
G0 F7200 X34.777 Y87.59
G0 X67.338 Y87.338
G0 X66.924 Y86.924
;TYPE:WALL-INNER
G1 F2400 X66.589 Y87.1 E1405.16384
G1 X37.5 Y87.1 E1405.92575
G1 X37.02 Y86.861 E1405.93979
G1 X36.9 Y86.501 E1405.94973
G1 X36.9 Y85.1 E1405.98643
G1 X35.527 Y85.1 E1406.02239
G1 X34.967 Y85.143 E1406.0371
G1 X34.451 Y85.268 E1406.05101
G1 X33.949 Y85.477 E1406.06525
G1 X33.499 Y85.751 E1406.07905
G1 X33.098 Y86.098 E1406.09294
G1 X32.751 Y86.499 E1406.10683
G1 X32.476 Y86.95 E1406.12067
G1 X32.269 Y87.443 E1406.13467
G1 X32.16 Y87.899 E1406.14695
G1 X67.9 Y87.9 E1407.08307
G1 X67.9 Y12.1 E1409.06845
G1 X32.161 Y12.1 E1410.00453
G1 X32.265 Y12.547 E1410.01656
G1 X32.472 Y13.045 E1410.03068
G1 X32.75 Y13.497 E1410.04458
G1 X33.098 Y13.902 E1410.05857
G1 X33.499 Y14.245 E1410.07239
G1 X33.951 Y14.524 E1410.0863
G1 X34.45 Y14.731 E1410.10045
G1 X34.967 Y14.853 E1410.11436
G1 X35.529 Y14.9 E1410.12913
G1 X36.9 Y14.9 E1410.16504
G1 X36.9 Y13.5 E1410.20171
G1 X37.02 Y13.139 E1410.21168
G1 X37.409 Y12.9 E1410.22364
G1 X66.5 Y12.9 E1410.9856
G1 X66.924 Y13.076 E1410.99762
G1 X67.1 Y13.5 E1411.00965
G1 X67.1 Y86.589 E1412.92402
G1 X66.924 Y86.924 E1412.93393
G0 F7200 X66.698 Y86.535
;TYPE:WALL-OUTER
G1 F1200 X66.642 Y86.642 E1412.93709
G1 X66.535 Y86.698 E1412.94026
G1 X37.5 Y86.7 E1413.70075
G1 X37.34 Y86.621 E1413.70543
G1 X37.3 Y86.501 E1413.70874
G1 X37.3 Y84.7 E1413.75591
G1 X35.512 Y84.7 E1413.80274
G1 X34.904 Y84.747 E1413.81872
G1 X34.327 Y84.887 E1413.83427
G1 X33.767 Y85.119 E1413.85014
G1 X33.263 Y85.427 E1413.86562
G1 X32.814 Y85.814 E1413.88114
G1 X32.427 Y86.263 E1413.89667
G1 X32.119 Y86.768 E1413.91216
G1 X31.887 Y87.319 E1413.92782
G1 X31.747 Y87.911 E1413.94375
G1 X31.717 Y88.3 E1413.95397
G1 X68.3 Y88.3 E1414.91217
G1 X68.3 Y11.7 E1416.9185
G1 X31.717 Y11.7 E1417.8767
G1 X31.747 Y12.085 E1417.88681
G1 X31.883 Y12.67 E1417.90254
G1 X32.115 Y13.228 E1417.91837
G1 X32.426 Y13.733 E1417.9339
G1 X32.814 Y14.186 E1417.94953
G1 X33.263 Y14.569 E1417.96499
G1 X33.768 Y14.881 E1417.98053
G1 X34.326 Y15.113 E1417.99636
G1 X34.904 Y15.249 E1418.01191
G1 X35.513 Y15.3 E1418.02792
G1 X37.3 Y15.3 E1418.07473
G1 X37.3 Y13.5 E1418.12187
G1 X37.34 Y13.379 E1418.12521
G1 X37.465 Y13.302 E1418.12906
G1 X66.5 Y13.3 E1418.88955
G1 X66.642 Y13.358 E1418.89357
G1 X66.7 Y13.5 E1418.89759
G1 X66.698 Y86.535 E1420.81055
G0 F7200 X66.642 Y86.642
G0 X66.573 Y86.678
G0 X66.573 Y87.41
G0 X67.5 Y64.292
;TYPE:SKIN
G1 F692.3 X67.5 Y68.704 E1420.96077
G0 F7200 X67.5 Y31.292
G1 F692.3 X67.5 Y35.704 E1421.111
;MESH:NONMESH
G0 F600 Z12.3
G0 F7200 X67.338 Y12.662
G0 X34.848 Y12.41
G0 X34.848 Y12.22
;TIME_ELAPSED:2413.225368
;LAYER:80
;TYPE:FILL
;MESH:Wandhalterung TP-Link Media Converter.stl
G1 F3000 X36.78 Y14.153 E1421.18259
G1 X36.85 Y14.223
G0 F7200 X36.59 Y14.223
G0 X36.662 Y12.662
G0 X36.867 Y12.22
G1 F3000 X34.476 Y14.612 E1421.27117
G1 X34.406 Y14.682
G0 F7200 X34.514 Y14.423
G0 X36.662 Y12.662
G0 X40.504 Y12.41
G0 X40.504 Y12.22
G1 F3000 X41.064 Y12.78 E1421.29191
G0 F7200 X41.964 Y12.78
G1 F3000 X42.524 Y12.22 E1421.31266
G0 F7200 X42.524 Y12.41
G0 X46.161 Y12.41
G0 X46.161 Y12.22
G1 F3000 X46.721 Y12.78 E1421.3334
G0 F7200 X47.621 Y12.78
G1 F3000 X48.181 Y12.22 E1421.35414
G0 F7200 X48.181 Y12.41
G0 X51.818 Y12.41
G0 X51.818 Y12.22
G1 F3000 X52.378 Y12.78 E1421.37489
G0 F7200 X53.278 Y12.78
G1 F3000 X53.838 Y12.22 E1421.39563
G0 F7200 X53.838 Y12.41
G0 X57.475 Y12.41
G0 X57.475 Y12.22
G1 F3000 X58.034 Y12.78 E1421.41636
G0 F7200 X58.935 Y12.78
G1 F3000 X59.495 Y12.22 E1421.4371
G0 F7200 X59.495 Y12.41
G0 X63.132 Y12.41
G0 X63.132 Y12.22
G1 F3000 X63.691 Y12.78 E1421.45782
G0 F7200 X64.591 Y12.78
G1 F3000 X65.151 Y12.22 E1421.47857
G0 F7200 X65.151 Y12.41
G0 X67.338 Y12.662
G0 X67.59 Y15.249
G0 X67.78 Y15.249
G1 F3000 X67.22 Y15.809 E1421.49931
G0 F7200 X67.22 Y16.308
G1 F3000 X67.78 Y16.869 E1421.52007
G0 F7200 X67.59 Y16.869
G0 X67.59 Y20.906
G0 X67.78 Y20.906
G1 F3000 X67.22 Y21.466 E1421.54081
G0 F7200 X67.22 Y21.965
G1 F3000 X67.78 Y22.526 E1421.56158
G0 F7200 X67.59 Y22.526
G0 X67.59 Y26.562
G0 X67.78 Y26.562
G1 F3000 X67.22 Y27.122 E1421.58232
G0 F7200 X67.22 Y27.622
G1 F3000 X67.78 Y28.182 E1421.60306
G0 F7200 X67.59 Y28.182
G0 X67.59 Y37.876
G0 X67.78 Y37.876
G1 F3000 X67.22 Y38.436 E1421.62381
G0 F7200 X67.22 Y38.935
G1 F3000 X67.78 Y39.496 E1421.64457
G0 F7200 X67.59 Y39.496
G0 X67.59 Y43.533
G0 X67.78 Y43.533
G1 F3000 X67.22 Y44.093 E1421.66531
G0 F7200 X67.22 Y44.592
G1 F3000 X67.78 Y45.153 E1421.68607
G0 F7200 X67.59 Y45.153
G0 X67.59 Y49.19
G0 X67.78 Y49.19
G1 F3000 X67.22 Y49.75 E1421.70682
G0 F7200 X67.22 Y50.249
G1 F3000 X67.78 Y50.81 E1421.72758
G0 F7200 X67.59 Y50.81
G0 X67.59 Y54.847
G0 X67.78 Y54.847
G1 F3000 X67.22 Y55.407 E1421.74832
G0 F7200 X67.22 Y55.906
G1 F3000 X67.78 Y56.467 E1421.76908
G0 F7200 X67.59 Y56.467
G0 X67.59 Y60.504
G0 X67.78 Y60.504
G1 F3000 X67.22 Y61.064 E1421.78983
G0 F7200 X67.22 Y61.563
G1 F3000 X67.78 Y62.124 E1421.81059
G0 F7200 X67.59 Y62.124
G0 X67.59 Y71.817
G0 X67.78 Y71.817
G1 F3000 X67.22 Y72.377 E1421.83133
G0 F7200 X67.22 Y72.877
G1 F3000 X67.78 Y73.437 E1421.85208
G0 F7200 X67.59 Y73.437
G0 X67.59 Y77.473
G0 X67.78 Y77.473
G1 F3000 X67.22 Y78.033 E1421.87282
G0 F7200 X67.22 Y78.534
G1 F3000 X67.78 Y79.094 E1421.89356
G0 F7200 X67.59 Y79.094
G0 X67.59 Y83.13
G0 X67.78 Y83.13
G1 F3000 X67.22 Y83.69 E1421.91431
G0 F7200 X67.22 Y84.191
G1 F3000 X67.78 Y84.751 E1421.93505
G0 F7200 X67.59 Y84.751
G0 X67.338 Y87.338
G0 X65.152 Y87.59
G0 X65.152 Y87.78
G1 F3000 X64.593 Y87.22 E1421.95577
G0 F7200 X63.691 Y87.22
G1 F3000 X63.13 Y87.78 E1421.97654
G0 F7200 X63.13 Y87.59
G0 X59.495 Y87.59
G0 X59.495 Y87.78
G1 F3000 X58.936 Y87.22 E1421.99726
G0 F7200 X58.034 Y87.22
G1 F3000 X57.474 Y87.78 E1422.018
G0 F7200 X57.474 Y87.59
G0 X53.838 Y87.59
G0 X53.838 Y87.78
G1 F3000 X53.279 Y87.22 E1422.03873
G0 F7200 X52.378 Y87.22
G1 F3000 X51.817 Y87.78 E1422.05949
G0 F7200 X51.817 Y87.59
G0 X48.181 Y87.59
G0 X48.181 Y87.779
G1 F3000 X47.622 Y87.22 E1422.0802
G0 F7200 X46.721 Y87.22
G1 F3000 X46.161 Y87.78 E1422.10094
G0 F7200 X46.161 Y87.59
G0 X42.524 Y87.59
G0 X42.524 Y87.779
G1 F3000 X41.965 Y87.22 E1422.12165
G0 F7200 X41.064 Y87.22
G1 F3000 X40.504 Y87.78 E1422.14239
G0 F7200 X40.504 Y87.59
G0 X36.867 Y87.59
G0 X36.867 Y87.779
G1 F3000 X34.476 Y85.388 E1422.23096
G1 X34.406 Y85.318
G0 F7200 X34.513 Y85.578
G0 X36.59 Y85.847
G0 X36.779 Y85.847
G1 F3000 X34.847 Y87.78 E1422.30254
G1 X34.777 Y87.85
G0 F7200 X34.777 Y87.59
G0 X67.338 Y87.338
G0 X66.924 Y86.924
;TYPE:WALL-INNER
G1 F2400 X66.589 Y87.1 E1422.31245
G1 X37.5 Y87.1 E1423.07436
G1 X37.02 Y86.861 E1423.0884
G1 X36.9 Y86.501 E1423.09834
G1 X36.9 Y85.1 E1423.13504
G1 X35.527 Y85.1 E1423.171
G1 X34.967 Y85.143 E1423.18571
G1 X34.451 Y85.268 E1423.19962
G1 X33.949 Y85.477 E1423.21386
G1 X33.499 Y85.751 E1423.22766
G1 X33.098 Y86.098 E1423.24155
G1 X32.751 Y86.499 E1423.25544
G1 X32.476 Y86.95 E1423.26927
G1 X32.269 Y87.443 E1423.28328
G1 X32.16 Y87.899 E1423.29556
G1 X67.9 Y87.9 E1424.23167
G1 X67.9 Y12.1 E1426.21706
G1 X32.161 Y12.1 E1427.15314
G1 X32.265 Y12.547 E1427.16516
G1 X32.472 Y13.045 E1427.17929
G1 X32.75 Y13.497 E1427.19319
G1 X33.098 Y13.902 E1427.20718
G1 X33.499 Y14.245 E1427.221
G1 X33.951 Y14.524 E1427.23491
G1 X34.45 Y14.731 E1427.24906
G1 X34.967 Y14.853 E1427.26297
G1 X35.529 Y14.9 E1427.27774
G1 X36.9 Y14.9 E1427.31365
G1 X36.9 Y13.5 E1427.35032
G1 X37.02 Y13.139 E1427.36029
G1 X37.409 Y12.9 E1427.37225
G1 X66.5 Y12.9 E1428.13421
G1 X66.924 Y13.076 E1428.14623
G1 X67.1 Y13.5 E1428.15826
G1 X67.1 Y86.589 E1430.07263
G1 X66.924 Y86.924 E1430.08254
G0 F7200 X66.698 Y86.535
;TYPE:WALL-OUTER
G1 F1200 X66.642 Y86.642 E1430.0857
G1 X66.535 Y86.698 E1430.08887
G1 X37.5 Y86.7 E1430.84936
G1 X37.34 Y86.621 E1430.85404
G1 X37.3 Y86.501 E1430.85735
G1 X37.3 Y84.7 E1430.90452
G1 X35.512 Y84.7 E1430.95135
G1 X34.904 Y84.747 E1430.96733
G1 X34.327 Y84.887 E1430.98288
G1 X33.767 Y85.119 E1430.99875
G1 X33.263 Y85.427 E1431.01423
G1 X32.814 Y85.814 E1431.02975
G1 X32.427 Y86.263 E1431.04528
G1 X32.119 Y86.768 E1431.06077
G1 X31.887 Y87.319 E1431.07643
G1 X31.747 Y87.911 E1431.09236
G1 X31.717 Y88.3 E1431.10258
G1 X68.3 Y88.3 E1432.06078
G1 X68.3 Y11.7 E1434.06711
G1 X31.717 Y11.7 E1435.02531
G1 X31.747 Y12.085 E1435.03542
G1 X31.883 Y12.67 E1435.05115
G1 X32.115 Y13.228 E1435.06698
G1 X32.426 Y13.733 E1435.08251
G1 X32.814 Y14.186 E1435.09814
G1 X33.263 Y14.569 E1435.11359
G1 X33.768 Y14.881 E1435.12914
G1 X34.326 Y15.113 E1435.14497
G1 X34.904 Y15.249 E1435.16052
G1 X35.513 Y15.3 E1435.17653
G1 X37.3 Y15.3 E1435.22334
G1 X37.3 Y13.5 E1435.27048
G1 X37.34 Y13.379 E1435.27382
G1 X37.465 Y13.302 E1435.27767
G1 X66.5 Y13.3 E1436.03816
G1 X66.642 Y13.358 E1436.04218
G1 X66.7 Y13.5 E1436.0462
G1 X66.698 Y86.535 E1437.95915
G0 F7200 X66.642 Y86.642
G0 X66.573 Y86.678
G0 X66.573 Y87.41
G0 X67.5 Y64.418
;TYPE:SKIN
G1 F692.3 X67.5 Y68.588 E1438.10114
G0 F7200 X67.5 Y31.418
G1 F692.3 X67.5 Y35.588 E1438.24313
;MESH:NONMESH
G0 F600 Z12.45
G0 F7200 X67.338 Y12.662
G0 X34.848 Y12.41
G0 X34.848 Y12.22
;TIME_ELAPSED:2441.470543
;LAYER:81
;TYPE:FILL
;MESH:Wandhalterung TP-Link Media Converter.stl
G1 F3000 X36.78 Y14.153 E1438.31472
G1 X36.85 Y14.223
G0 F7200 X36.59 Y14.223
G0 X36.662 Y12.662
G0 X36.867 Y12.22
G1 F3000 X34.476 Y14.612 E1438.4033
G1 X34.406 Y14.682
G0 F7200 X34.514 Y14.423
G0 X36.662 Y12.662
G0 X40.504 Y12.41
G0 X40.504 Y12.22
G1 F3000 X41.064 Y12.78 E1438.42404
G0 F7200 X41.964 Y12.78
G1 F3000 X42.524 Y12.22 E1438.44479
G0 F7200 X42.524 Y12.41
G0 X46.161 Y12.41
G0 X46.161 Y12.22
G1 F3000 X46.721 Y12.78 E1438.46553
G0 F7200 X47.621 Y12.78
G1 F3000 X48.181 Y12.22 E1438.48627
G0 F7200 X48.181 Y12.41
G0 X51.818 Y12.41
G0 X51.818 Y12.22
G1 F3000 X52.378 Y12.78 E1438.50702
G0 F7200 X53.278 Y12.78
G1 F3000 X53.838 Y12.22 E1438.52776
G0 F7200 X53.838 Y12.41
G0 X57.475 Y12.41
G0 X57.475 Y12.22
G1 F3000 X58.034 Y12.78 E1438.54848
G0 F7200 X58.935 Y12.78
G1 F3000 X59.495 Y12.22 E1438.56923
G0 F7200 X59.495 Y12.41
G0 X63.132 Y12.41
G0 X63.132 Y12.22
G1 F3000 X63.691 Y12.78 E1438.58995
G0 F7200 X64.591 Y12.78
G1 F3000 X65.151 Y12.22 E1438.6107
G0 F7200 X65.151 Y12.41
G0 X67.338 Y12.662
G0 X67.59 Y15.249
G0 X67.78 Y15.249
G1 F3000 X67.22 Y15.808 E1438.63142
G0 F7200 X67.22 Y16.308
G1 F3000 X67.78 Y16.869 E1438.65218
G0 F7200 X67.59 Y16.869
G0 X67.59 Y20.906
G0 X67.78 Y20.906
G1 F3000 X67.22 Y21.465 E1438.67291
G0 F7200 X67.22 Y21.965
G1 F3000 X67.78 Y22.526 E1438.69367
G0 F7200 X67.59 Y22.526
G0 X67.59 Y26.562
G0 X67.78 Y26.562
G1 F3000 X67.22 Y27.122 E1438.71441
G0 F7200 X67.22 Y27.622
G1 F3000 X67.78 Y28.182 E1438.73516
G0 F7200 X67.59 Y28.182
G0 X67.59 Y37.876
G0 X67.78 Y37.876
G1 F3000 X67.22 Y38.436 E1438.7559
G0 F7200 X67.22 Y38.935
G1 F3000 X67.78 Y39.495 E1438.77664
G0 F7200 X67.59 Y39.495
G0 X67.59 Y43.533
G0 X67.78 Y43.533
G1 F3000 X67.22 Y44.093 E1438.79739
G0 F7200 X67.22 Y44.592
G1 F3000 X67.78 Y45.152 E1438.81813
G0 F7200 X67.59 Y45.152
G0 X67.59 Y49.19
G0 X67.78 Y49.19
G1 F3000 X67.22 Y49.75 E1438.83887
G0 F7200 X67.22 Y50.249
G1 F3000 X67.78 Y50.809 E1438.85962
G0 F7200 X67.59 Y50.809
G0 X67.59 Y54.847
G0 X67.78 Y54.847
G1 F3000 X67.22 Y55.407 E1438.88036
G0 F7200 X67.22 Y55.906
G1 F3000 X67.78 Y56.466 E1438.9011
G0 F7200 X67.59 Y56.466
G0 X67.59 Y60.504
G0 X67.78 Y60.504
G1 F3000 X67.22 Y61.064 E1438.92185
G0 F7200 X67.22 Y61.563
G1 F3000 X67.78 Y62.123 E1438.94259
G0 F7200 X67.59 Y62.123
G0 X67.59 Y71.817
G0 X67.78 Y71.817
G1 F3000 X67.22 Y72.377 E1438.96333
G0 F7200 X67.22 Y72.877
G1 F3000 X67.78 Y73.437 E1438.98408
G0 F7200 X67.59 Y73.437
G0 X67.59 Y77.473
G0 X67.78 Y77.473
G1 F3000 X67.22 Y78.033 E1439.00482
G0 F7200 X67.22 Y78.534
G1 F3000 X67.78 Y79.094 E1439.02556
G0 F7200 X67.59 Y79.094
G0 X67.59 Y83.13
G0 X67.78 Y83.13
G1 F3000 X67.22 Y83.69 E1439.0463
G0 F7200 X67.22 Y84.191
G1 F3000 X67.78 Y84.751 E1439.06705
G0 F7200 X67.59 Y84.751
G0 X67.338 Y87.338
G0 X65.152 Y87.59
G0 X65.152 Y87.78
G1 F3000 X64.593 Y87.22 E1439.08777
G0 F7200 X63.691 Y87.22
G1 F3000 X63.13 Y87.78 E1439.10853
G0 F7200 X63.13 Y87.59
G0 X59.495 Y87.59
G0 X59.495 Y87.78
G1 F3000 X58.936 Y87.22 E1439.12926
G0 F7200 X58.034 Y87.22
G1 F3000 X57.474 Y87.78 E1439.15
G0 F7200 X57.474 Y87.59
G0 X53.838 Y87.59
G0 X53.838 Y87.78
G1 F3000 X53.279 Y87.22 E1439.17073
G0 F7200 X52.378 Y87.22
G1 F3000 X51.817 Y87.78 E1439.19149
G0 F7200 X51.817 Y87.59
G0 X48.181 Y87.59
G0 X48.181 Y87.779
G1 F3000 X47.622 Y87.22 E1439.2122
G0 F7200 X46.721 Y87.22
G1 F3000 X46.161 Y87.78 E1439.23294
G0 F7200 X46.161 Y87.59
G0 X42.524 Y87.59
G0 X42.524 Y87.779
G1 F3000 X41.965 Y87.22 E1439.25365
G0 F7200 X41.064 Y87.22
G1 F3000 X40.504 Y87.78 E1439.27439
G0 F7200 X40.504 Y87.59
G0 X36.867 Y87.59
G0 X36.867 Y87.779
G1 F3000 X34.476 Y85.388 E1439.36296
G1 X34.406 Y85.318
G0 F7200 X34.513 Y85.578
G0 X36.59 Y85.847
G0 X36.779 Y85.847
G1 F3000 X34.847 Y87.78 E1439.43454
G1 X34.777 Y87.85
G0 F7200 X34.777 Y87.59
G0 X67.338 Y87.338
G0 X66.924 Y86.924
;TYPE:WALL-INNER
G1 F2400 X66.589 Y87.1 E1439.44445
G1 X37.5 Y87.1 E1440.20636
G1 X37.02 Y86.861 E1440.2204
G1 X36.9 Y86.501 E1440.23034
G1 X36.9 Y85.1 E1440.26704
G1 X35.527 Y85.1 E1440.303
G1 X34.967 Y85.143 E1440.31771
G1 X34.451 Y85.268 E1440.33162
G1 X33.949 Y85.477 E1440.34586
G1 X33.499 Y85.751 E1440.35966
G1 X33.098 Y86.098 E1440.37355
G1 X32.751 Y86.499 E1440.38744
G1 X32.476 Y86.95 E1440.40127
G1 X32.269 Y87.443 E1440.41528
G1 X32.16 Y87.899 E1440.42756
G1 X67.9 Y87.9 E1441.36367
G1 X67.9 Y12.1 E1443.34906
G1 X32.161 Y12.1 E1444.28514
G1 X32.265 Y12.547 E1444.29716
G1 X32.472 Y13.045 E1444.31129
G1 X32.75 Y13.497 E1444.32519
G1 X33.098 Y13.902 E1444.33918
G1 X33.499 Y14.245 E1444.353
G1 X33.951 Y14.524 E1444.36691
G1 X34.45 Y14.731 E1444.38106
G1 X34.967 Y14.853 E1444.39497
G1 X35.529 Y14.9 E1444.40974
G1 X36.9 Y14.9 E1444.44565
G1 X36.9 Y13.5 E1444.48232
G1 X37.02 Y13.139 E1444.49229
G1 X37.409 Y12.9 E1444.50425
G1 X66.5 Y12.9 E1445.26621
G1 X66.924 Y13.076 E1445.27823
G1 X67.1 Y13.5 E1445.29026
G1 X67.1 Y86.589 E1447.20463
G1 X66.924 Y86.924 E1447.21454
G0 F7200 X66.698 Y86.535
;TYPE:WALL-OUTER
G1 F1200 X66.642 Y86.642 E1447.2177
G1 X66.535 Y86.698 E1447.22087
G1 X37.5 Y86.7 E1447.98136
G1 X37.34 Y86.621 E1447.98604
G1 X37.3 Y86.501 E1447.98935
G1 X37.3 Y84.7 E1448.03652
G1 X35.512 Y84.7 E1448.08335
G1 X34.904 Y84.747 E1448.09933
G1 X34.327 Y84.887 E1448.11488
G1 X33.767 Y85.119 E1448.13075
G1 X33.263 Y85.427 E1448.14622
G1 X32.814 Y85.814 E1448.16175
G1 X32.427 Y86.263 E1448.17728
G1 X32.119 Y86.768 E1448.19277
G1 X31.887 Y87.319 E1448.20843
G1 X31.747 Y87.911 E1448.22436
G1 X31.717 Y88.3 E1448.23458
G1 X68.3 Y88.3 E1449.19278
G1 X68.3 Y11.7 E1451.19911
G1 X31.717 Y11.7 E1452.15731
G1 X31.747 Y12.085 E1452.16742
G1 X31.883 Y12.67 E1452.18315
G1 X32.115 Y13.228 E1452.19898
G1 X32.426 Y13.733 E1452.21451
G1 X32.814 Y14.186 E1452.23014
G1 X33.263 Y14.569 E1452.24559
G1 X33.768 Y14.881 E1452.26114
G1 X34.326 Y15.113 E1452.27697
G1 X34.904 Y15.249 E1452.29252
G1 X35.513 Y15.3 E1452.30853
G1 X37.3 Y15.3 E1452.35534
G1 X37.3 Y13.5 E1452.40248
G1 X37.34 Y13.379 E1452.40582
G1 X37.465 Y13.302 E1452.40967
G1 X66.5 Y13.3 E1453.17016
G1 X66.642 Y13.358 E1453.17418
G1 X66.7 Y13.5 E1453.1782
G1 X66.698 Y86.535 E1455.09115
G0 F7200 X66.642 Y86.642
G0 X66.573 Y86.678
G0 X66.573 Y87.41
G0 X67.5 Y64.552
;TYPE:SKIN
G1 F692.3 X67.5 Y68.428 E1455.22313
G0 F7200 X67.5 Y31.554
G1 F692.3 X67.5 Y35.428 E1455.35504
;MESH:NONMESH
G0 F600 Z12.6
G0 F7200 X67.338 Y12.662
G0 X34.848 Y12.41
G0 X34.848 Y12.22
;TIME_ELAPSED:2469.659672
;LAYER:82
;TYPE:FILL
;MESH:Wandhalterung TP-Link Media Converter.stl
G1 F3000 X36.78 Y14.153 E1455.42663
G1 X36.85 Y14.223
G0 F7200 X36.59 Y14.223
G0 X36.662 Y12.662
G0 X36.867 Y12.22
G1 F3000 X34.476 Y14.612 E1455.51521
G1 X34.406 Y14.682
G0 F7200 X34.514 Y14.423
G0 X36.662 Y12.662
G0 X40.504 Y12.41
G0 X40.504 Y12.22
G1 F3000 X41.064 Y12.78 E1455.53595
G0 F7200 X41.964 Y12.78
G1 F3000 X42.524 Y12.22 E1455.5567
G0 F7200 X42.524 Y12.41
G0 X46.161 Y12.41
G0 X46.161 Y12.22
G1 F3000 X46.721 Y12.78 E1455.57744
G0 F7200 X47.621 Y12.78
G1 F3000 X48.181 Y12.22 E1455.59818
G0 F7200 X48.181 Y12.41
G0 X51.818 Y12.41
G0 X51.818 Y12.22
G1 F3000 X52.378 Y12.78 E1455.61893
G0 F7200 X53.278 Y12.78
G1 F3000 X53.838 Y12.22 E1455.63967
G0 F7200 X53.838 Y12.41
G0 X57.475 Y12.41
G0 X57.475 Y12.22
G1 F3000 X58.034 Y12.78 E1455.66039
G0 F7200 X58.935 Y12.78
G1 F3000 X59.495 Y12.22 E1455.68114
G0 F7200 X59.495 Y12.41
G0 X63.132 Y12.41
G0 X63.132 Y12.22
G1 F3000 X63.691 Y12.78 E1455.70186
G0 F7200 X64.591 Y12.78
G1 F3000 X65.151 Y12.22 E1455.72261
G0 F7200 X65.151 Y12.41
G0 X67.338 Y12.662
G0 X67.59 Y15.249
G0 X67.78 Y15.249
G1 F3000 X67.22 Y15.808 E1455.74333
G0 F7200 X67.22 Y16.308
G1 F3000 X67.78 Y16.869 E1455.76409
G0 F7200 X67.59 Y16.869
G0 X67.59 Y20.906
G0 X67.78 Y20.906
G1 F3000 X67.22 Y21.465 E1455.78482
G0 F7200 X67.22 Y21.965
G1 F3000 X67.78 Y22.526 E1455.80558
G0 F7200 X67.59 Y22.526
G0 X67.59 Y26.562
G0 X67.78 Y26.562
G1 F3000 X67.22 Y27.122 E1455.82632
G0 F7200 X67.22 Y27.622
G1 F3000 X67.78 Y28.182 E1455.84707
G0 F7200 X67.59 Y28.182
G0 X67.59 Y37.876
G0 X67.78 Y37.876
G1 F3000 X67.22 Y38.435 E1455.86779
G0 F7200 X67.22 Y38.935
G1 F3000 X67.78 Y39.496 E1455.88855
G0 F7200 X67.59 Y39.496
G0 X67.59 Y43.533
G0 X67.78 Y43.533
G1 F3000 X67.22 Y44.092 E1455.90928
G0 F7200 X67.22 Y44.592
G1 F3000 X67.78 Y45.153 E1455.93004
G0 F7200 X67.59 Y45.153
G0 X67.59 Y49.19
G0 X67.78 Y49.19
G1 F3000 X67.22 Y49.749 E1455.95076
G0 F7200 X67.22 Y50.249
G1 F3000 X67.78 Y50.81 E1455.97153
G0 F7200 X67.59 Y50.81
G0 X67.59 Y54.847
G0 X67.78 Y54.847
G1 F3000 X67.22 Y55.406 E1455.99225
G0 F7200 X67.22 Y55.906
G1 F3000 X67.78 Y56.467 E1456.01301
G0 F7200 X67.59 Y56.467
G0 X67.59 Y60.504
G0 X67.78 Y60.504
G1 F3000 X67.22 Y61.063 E1456.03374
G0 F7200 X67.22 Y61.563
G1 F3000 X67.78 Y62.124 E1456.0545
G0 F7200 X67.59 Y62.124
G0 X67.59 Y71.817
G0 X67.78 Y71.817
G1 F3000 X67.22 Y72.377 E1456.07524
G0 F7200 X67.22 Y72.877
G1 F3000 X67.78 Y73.437 E1456.09599
G0 F7200 X67.59 Y73.437
G0 X67.59 Y77.474
G0 X67.78 Y77.474
G1 F3000 X67.22 Y78.033 E1456.11671
G0 F7200 X67.22 Y78.533
G1 F3000 X67.78 Y79.094 E1456.13747
G0 F7200 X67.59 Y79.094
G0 X67.59 Y83.131
G0 X67.78 Y83.131
G1 F3000 X67.22 Y83.69 E1456.1582
G0 F7200 X67.22 Y84.19
G1 F3000 X67.78 Y84.751 E1456.17896
G0 F7200 X67.59 Y84.751
G0 X67.338 Y87.338
G0 X65.152 Y87.59
G0 X65.152 Y87.78
G1 F3000 X64.593 Y87.22 E1456.19968
G0 F7200 X63.691 Y87.22
G1 F3000 X63.13 Y87.78 E1456.22045
G0 F7200 X63.13 Y87.59
G0 X59.495 Y87.59
G0 X59.495 Y87.78
G1 F3000 X58.936 Y87.22 E1456.24117
G0 F7200 X58.034 Y87.22
G1 F3000 X57.474 Y87.78 E1456.26191
G0 F7200 X57.474 Y87.59
G0 X53.838 Y87.59
G0 X53.838 Y87.78
G1 F3000 X53.279 Y87.22 E1456.28264
G0 F7200 X52.378 Y87.22
G1 F3000 X51.817 Y87.78 E1456.3034
G0 F7200 X51.817 Y87.59
G0 X48.181 Y87.59
G0 X48.181 Y87.779
G1 F3000 X47.622 Y87.22 E1456.32411
G0 F7200 X46.721 Y87.22
G1 F3000 X46.161 Y87.78 E1456.34485
G0 F7200 X46.161 Y87.59
G0 X42.524 Y87.59
G0 X42.524 Y87.779
G1 F3000 X41.965 Y87.22 E1456.36556
G0 F7200 X41.064 Y87.22
G1 F3000 X40.504 Y87.78 E1456.3863
G0 F7200 X40.504 Y87.59
G0 X36.867 Y87.59
G0 X36.867 Y87.779
G1 F3000 X34.476 Y85.388 E1456.47487
G1 X34.406 Y85.318
G0 F7200 X34.513 Y85.578
G0 X36.59 Y85.847
G0 X36.779 Y85.847
G1 F3000 X34.847 Y87.78 E1456.54645
G1 X34.777 Y87.85
G0 F7200 X34.777 Y87.59
G0 X67.338 Y87.338
G0 X66.924 Y86.924
;TYPE:WALL-INNER
G1 F2400 X66.589 Y87.1 E1456.55636
G1 X37.5 Y87.1 E1457.31827
G1 X37.02 Y86.861 E1457.33231
G1 X36.9 Y86.501 E1457.34225
G1 X36.9 Y85.1 E1457.37895
G1 X35.527 Y85.1 E1457.41491
G1 X34.967 Y85.143 E1457.42962
G1 X34.451 Y85.268 E1457.44353
G1 X33.949 Y85.477 E1457.45777
G1 X33.499 Y85.751 E1457.47157
G1 X33.098 Y86.098 E1457.48546
G1 X32.751 Y86.499 E1457.49935
G1 X32.476 Y86.95 E1457.51318
G1 X32.269 Y87.443 E1457.52719
G1 X32.16 Y87.899 E1457.53947
G1 X67.9 Y87.9 E1458.47558
G1 X67.9 Y12.1 E1460.46097
G1 X32.161 Y12.1 E1461.39705
G1 X32.265 Y12.547 E1461.40907
G1 X32.472 Y13.045 E1461.4232
G1 X32.75 Y13.497 E1461.4371
G1 X33.098 Y13.902 E1461.45109
G1 X33.499 Y14.245 E1461.46491
G1 X33.951 Y14.524 E1461.47882
G1 X34.45 Y14.731 E1461.49297
G1 X34.967 Y14.853 E1461.50688
G1 X35.529 Y14.9 E1461.52165
G1 X36.9 Y14.9 E1461.55756
G1 X36.9 Y13.5 E1461.59423
G1 X37.02 Y13.139 E1461.6042
G1 X37.409 Y12.9 E1461.61616
G1 X66.5 Y12.9 E1462.37812
G1 X66.924 Y13.076 E1462.39014
G1 X67.1 Y13.5 E1462.40217
G1 X67.1 Y86.589 E1464.31654
G1 X66.924 Y86.924 E1464.32645
G0 F7200 X66.698 Y86.535
;TYPE:WALL-OUTER
G1 F1200 X66.642 Y86.642 E1464.32961
G1 X66.535 Y86.698 E1464.33278
G1 X37.5 Y86.7 E1465.09327
G1 X37.34 Y86.621 E1465.09795
G1 X37.3 Y86.501 E1465.10126
G1 X37.3 Y84.7 E1465.14843
G1 X35.512 Y84.7 E1465.19526
G1 X34.904 Y84.747 E1465.21124
G1 X34.327 Y84.887 E1465.22679
G1 X33.767 Y85.119 E1465.24266
G1 X33.263 Y85.427 E1465.25813
G1 X32.814 Y85.814 E1465.27366
G1 X32.427 Y86.263 E1465.28919
G1 X32.119 Y86.768 E1465.30468
G1 X31.887 Y87.319 E1465.32034
G1 X31.747 Y87.911 E1465.33627
G1 X31.717 Y88.3 E1465.34649
G1 X68.3 Y88.3 E1466.30469
G1 X68.3 Y11.7 E1468.31102
G1 X31.717 Y11.7 E1469.26922
G1 X31.747 Y12.085 E1469.27933
G1 X31.883 Y12.67 E1469.29506
G1 X32.115 Y13.228 E1469.31089
G1 X32.426 Y13.733 E1469.32642
G1 X32.814 Y14.186 E1469.34205
G1 X33.263 Y14.569 E1469.3575
G1 X33.768 Y14.881 E1469.37305
G1 X34.326 Y15.113 E1469.38888
G1 X34.904 Y15.249 E1469.40443
G1 X35.513 Y15.3 E1469.42044
G1 X37.3 Y15.3 E1469.46725
G1 X37.3 Y13.5 E1469.51439
G1 X37.34 Y13.379 E1469.51773
G1 X37.465 Y13.302 E1469.52158
G1 X66.5 Y13.3 E1470.28207
G1 X66.642 Y13.358 E1470.28609
G1 X66.7 Y13.5 E1470.29011
G1 X66.698 Y86.535 E1472.20306
G0 F7200 X66.642 Y86.642
G0 X66.573 Y86.678
G0 X66.573 Y87.41
G0 X67.5 Y64.756
;TYPE:SKIN
G1 F692.3 X67.5 Y68.256 E1472.32224
G0 F7200 X67.5 Y31.756
G1 F692.3 X67.5 Y35.256 E1472.44141
;MESH:NONMESH
G0 F600 Z12.75
G0 F7200 X67.338 Y12.662
G0 X34.848 Y12.41
G0 X34.848 Y12.22
;TIME_ELAPSED:2497.777593
;LAYER:83
;TYPE:FILL
;MESH:Wandhalterung TP-Link Media Converter.stl
G1 F3000 X36.78 Y14.153 E1472.513
G1 X36.85 Y14.223
G0 F7200 X36.59 Y14.223
G0 X36.662 Y12.662
G0 X36.867 Y12.22
G1 F3000 X34.476 Y14.612 E1472.60158
G1 X34.406 Y14.682
G0 F7200 X34.514 Y14.423
G0 X36.662 Y12.662
G0 X40.504 Y12.41
G0 X40.504 Y12.22
G1 F3000 X41.064 Y12.78 E1472.62233
G0 F7200 X41.964 Y12.78
G1 F3000 X42.524 Y12.22 E1472.64307
G0 F7200 X42.524 Y12.41
G0 X46.161 Y12.41
G0 X46.161 Y12.22
G1 F3000 X46.721 Y12.78 E1472.66381
G0 F7200 X47.621 Y12.78
G1 F3000 X48.181 Y12.22 E1472.68456
G0 F7200 X48.181 Y12.41
G0 X51.818 Y12.41
G0 X51.818 Y12.22
G1 F3000 X52.378 Y12.78 E1472.7053
G0 F7200 X53.278 Y12.78
G1 F3000 X53.838 Y12.22 E1472.72604
G0 F7200 X53.838 Y12.41
G0 X57.475 Y12.41
G0 X57.475 Y12.22
G1 F3000 X58.034 Y12.78 E1472.74677
G0 F7200 X58.935 Y12.78
G1 F3000 X59.495 Y12.22 E1472.76751
G0 F7200 X59.495 Y12.41
G0 X63.132 Y12.41
G0 X63.132 Y12.22
G1 F3000 X63.691 Y12.78 E1472.78824
G0 F7200 X64.591 Y12.78
G1 F3000 X65.151 Y12.22 E1472.80898
G0 F7200 X65.151 Y12.41
G0 X67.338 Y12.662
G0 X67.59 Y15.249
G0 X67.78 Y15.249
G1 F3000 X67.22 Y15.808 E1472.8297
G0 F7200 X67.22 Y16.308
G1 F3000 X67.78 Y16.869 E1472.85047
G0 F7200 X67.59 Y16.869
G0 X67.59 Y20.906
G0 X67.78 Y20.906
G1 F3000 X67.22 Y21.465 E1472.87119
G0 F7200 X67.22 Y21.965
G1 F3000 X67.78 Y22.526 E1472.89195
G0 F7200 X67.59 Y22.526
G0 X67.59 Y26.562
G0 X67.78 Y26.562
G1 F3000 X67.22 Y27.122 E1472.9127
G0 F7200 X67.22 Y27.622
G1 F3000 X67.78 Y28.182 E1472.93344
G0 F7200 X67.59 Y28.182
G0 X67.59 Y37.876
G0 X67.78 Y37.876
G1 F3000 X67.22 Y38.436 E1472.95418
G0 F7200 X67.22 Y38.935
G1 F3000 X67.78 Y39.496 E1472.97494
G0 F7200 X67.59 Y39.496
G0 X67.59 Y43.533
G0 X67.78 Y43.533
G1 F3000 X67.22 Y44.093 E1472.99569
G0 F7200 X67.22 Y44.592
G1 F3000 X67.78 Y45.153 E1473.01645
G0 F7200 X67.59 Y45.153
G0 X67.59 Y49.19
G0 X67.78 Y49.19
G1 F3000 X67.22 Y49.75 E1473.03719
G0 F7200 X67.22 Y50.249
G1 F3000 X67.78 Y50.81 E1473.05795
G0 F7200 X67.59 Y50.81
G0 X67.59 Y54.847
G0 X67.78 Y54.847
G1 F3000 X67.22 Y55.407 E1473.0787
G0 F7200 X67.22 Y55.906
G1 F3000 X67.78 Y56.467 E1473.09946
G0 F7200 X67.59 Y56.467
G0 X67.59 Y60.504
G0 X67.78 Y60.504
G1 F3000 X67.22 Y61.064 E1473.1202
G0 F7200 X67.22 Y61.563
G1 F3000 X67.78 Y62.124 E1473.14096
G0 F7200 X67.59 Y62.124
G0 X67.59 Y71.817
G0 X67.78 Y71.817
G1 F3000 X67.22 Y72.377 E1473.16171
G0 F7200 X67.22 Y72.877
G1 F3000 X67.78 Y73.437 E1473.18245
G0 F7200 X67.59 Y73.437
G0 X67.59 Y77.474
G0 X67.78 Y77.474
G1 F3000 X67.22 Y78.033 E1473.20318
G0 F7200 X67.22 Y78.533
G1 F3000 X67.78 Y79.094 E1473.22394
G0 F7200 X67.59 Y79.094
G0 X67.59 Y83.131
G0 X67.78 Y83.131
G1 F3000 X67.22 Y83.69 E1473.24466
G0 F7200 X67.22 Y84.19
G1 F3000 X67.78 Y84.751 E1473.26542
G0 F7200 X67.59 Y84.751
G0 X67.338 Y87.338
G0 X65.152 Y87.59
G0 X65.152 Y87.78
G1 F3000 X64.593 Y87.22 E1473.28615
G0 F7200 X63.691 Y87.22
G1 F3000 X63.13 Y87.78 E1473.30691
G0 F7200 X63.13 Y87.59
G0 X59.495 Y87.59
G0 X59.495 Y87.78
G1 F3000 X58.936 Y87.22 E1473.32764
G0 F7200 X58.034 Y87.22
G1 F3000 X57.474 Y87.78 E1473.34838
G0 F7200 X57.474 Y87.59
G0 X53.838 Y87.59
G0 X53.838 Y87.78
G1 F3000 X53.279 Y87.22 E1473.3691
G0 F7200 X52.378 Y87.22
G1 F3000 X51.817 Y87.78 E1473.38986
G0 F7200 X51.817 Y87.59
G0 X48.181 Y87.59
G0 X48.181 Y87.779
G1 F3000 X47.622 Y87.22 E1473.41057
G0 F7200 X46.721 Y87.22
G1 F3000 X46.161 Y87.78 E1473.43131
G0 F7200 X46.161 Y87.59
G0 X42.524 Y87.59
G0 X42.524 Y87.779
G1 F3000 X41.965 Y87.22 E1473.45202
G0 F7200 X41.064 Y87.22
G1 F3000 X40.504 Y87.78 E1473.47276
G0 F7200 X40.504 Y87.59
G0 X36.867 Y87.59
G0 X36.867 Y87.779
G1 F3000 X34.476 Y85.388 E1473.56133
G1 X34.406 Y85.318
G0 F7200 X34.513 Y85.578
G0 X36.59 Y85.847
G0 X36.779 Y85.847
G1 F3000 X34.847 Y87.78 E1473.63291
G1 X34.777 Y87.85
G0 F7200 X34.777 Y87.59
G0 X67.338 Y87.338
G0 X66.924 Y86.924
;TYPE:WALL-INNER
G1 F2400 X66.589 Y87.1 E1473.64283
G1 X37.5 Y87.1 E1474.40473
G1 X37.02 Y86.861 E1474.41878
G1 X36.9 Y86.501 E1474.42872
G1 X36.9 Y85.1 E1474.46541
G1 X35.527 Y85.1 E1474.50138
G1 X34.967 Y85.143 E1474.51609
G1 X34.451 Y85.268 E1474.52999
G1 X33.949 Y85.477 E1474.54424
G1 X33.499 Y85.751 E1474.55804
G1 X33.098 Y86.098 E1474.57192
G1 X32.751 Y86.499 E1474.58581
G1 X32.476 Y86.95 E1474.59965
G1 X32.269 Y87.443 E1474.61365
G1 X32.16 Y87.899 E1474.62594
G1 X67.9 Y87.9 E1475.56205
G1 X67.9 Y12.1 E1477.54743
G1 X32.161 Y12.1 E1478.48352
G1 X32.265 Y12.547 E1478.49554
G1 X32.472 Y13.045 E1478.50967
G1 X32.75 Y13.497 E1478.52356
G1 X33.098 Y13.902 E1478.53755
G1 X33.499 Y14.245 E1478.55137
G1 X33.951 Y14.524 E1478.56528
G1 X34.45 Y14.731 E1478.57943
G1 X34.967 Y14.853 E1478.59335
G1 X35.529 Y14.9 E1478.60812
G1 X36.9 Y14.9 E1478.64403
G1 X36.9 Y13.5 E1478.6807
G1 X37.02 Y13.139 E1478.69066
G1 X37.409 Y12.9 E1478.70262
G1 X66.5 Y12.9 E1479.46458
G1 X66.924 Y13.076 E1479.47661
G1 X67.1 Y13.5 E1479.48863
G1 X67.1 Y86.589 E1481.403
G1 X66.924 Y86.924 E1481.41292
G0 F7200 X66.698 Y86.535
;TYPE:WALL-OUTER
G1 F1200 X66.642 Y86.642 E1481.41608
G1 X66.535 Y86.698 E1481.41924
G1 X37.5 Y86.7 E1482.17974
G1 X37.34 Y86.621 E1482.18441
G1 X37.3 Y86.501 E1482.18772
G1 X37.3 Y84.7 E1482.2349
G1 X35.512 Y84.7 E1482.28173
G1 X34.904 Y84.747 E1482.2977
G1 X34.327 Y84.887 E1482.31325
G1 X33.767 Y85.119 E1482.32913
G1 X33.263 Y85.427 E1482.3446
G1 X32.814 Y85.814 E1482.36013
G1 X32.427 Y86.263 E1482.37565
G1 X32.119 Y86.768 E1482.39115
G1 X31.887 Y87.319 E1482.4068
G1 X31.747 Y87.911 E1482.42274
G1 X31.717 Y88.3 E1482.43296
G1 X68.3 Y88.3 E1483.39115
G1 X68.3 Y11.7 E1485.39749
G1 X31.717 Y11.7 E1486.35568
G1 X31.747 Y12.085 E1486.3658
G1 X31.883 Y12.67 E1486.38153
G1 X32.115 Y13.228 E1486.39736
G1 X32.426 Y13.733 E1486.41289
G1 X32.814 Y14.186 E1486.42851
G1 X33.263 Y14.569 E1486.44397
G1 X33.768 Y14.881 E1486.45952
G1 X34.326 Y15.113 E1486.47535
G1 X34.904 Y15.249 E1486.4909
G1 X35.513 Y15.3 E1486.50691
G1 X37.3 Y15.3 E1486.55371
G1 X37.3 Y13.5 E1486.60086
G1 X37.34 Y13.379 E1486.6042
G1 X37.465 Y13.302 E1486.60804
G1 X66.5 Y13.3 E1487.36854
G1 X66.642 Y13.358 E1487.37255
G1 X66.7 Y13.5 E1487.37657
G1 X66.698 Y86.535 E1489.28953
G0 F7200 X66.642 Y86.642
G0 X66.573 Y86.678
G0 X66.573 Y87.41
G0 X67.5 Y64.996
;TYPE:SKIN
G1 F692.3 X67.5 Y67.996 E1489.39168
G0 F7200 X67.5 Y31.998
G1 F692.3 X67.5 Y34.996 E1489.49376
;MESH:NONMESH
G0 F600 Z12.9
G0 F7200 X67.338 Y12.662
G0 X34.848 Y12.41
G0 X34.848 Y12.22
;TIME_ELAPSED:2525.800278
;LAYER:84
;TYPE:FILL
;MESH:Wandhalterung TP-Link Media Converter.stl
G1 F3000 X36.78 Y14.153 E1489.56534
G1 X36.85 Y14.223
G0 F7200 X36.59 Y14.223
G0 X36.662 Y12.662
G0 X36.867 Y12.22
G1 F3000 X34.476 Y14.612 E1489.65393
G1 X34.406 Y14.682
G0 F7200 X34.514 Y14.423
G0 X36.662 Y12.662
G0 X40.504 Y12.41
G0 X40.504 Y12.22
G1 F3000 X41.064 Y12.78 E1489.67467
G0 F7200 X41.964 Y12.78
G1 F3000 X42.524 Y12.22 E1489.69542
G0 F7200 X42.524 Y12.41
G0 X46.161 Y12.41
G0 X46.161 Y12.22
G1 F3000 X46.721 Y12.78 E1489.71616
G0 F7200 X47.621 Y12.78
G1 F3000 X48.181 Y12.22 E1489.7369
G0 F7200 X48.181 Y12.41
G0 X51.818 Y12.41
G0 X51.818 Y12.22
G1 F3000 X52.378 Y12.78 E1489.75765
G0 F7200 X53.278 Y12.78
G1 F3000 X53.838 Y12.22 E1489.77839
G0 F7200 X53.838 Y12.41
G0 X57.475 Y12.41
G0 X57.475 Y12.22
G1 F3000 X58.034 Y12.78 E1489.79911
G0 F7200 X58.935 Y12.78
G1 F3000 X59.495 Y12.22 E1489.81986
G0 F7200 X59.495 Y12.41
G0 X63.132 Y12.41
G0 X63.132 Y12.22
G1 F3000 X63.691 Y12.78 E1489.84058
G0 F7200 X64.591 Y12.78
G1 F3000 X65.151 Y12.22 E1489.86133
G0 F7200 X65.151 Y12.41
G0 X67.338 Y12.662
G0 X67.59 Y15.248
G0 X67.78 Y15.248
G1 F3000 X67.22 Y15.808 E1489.88207
G0 F7200 X67.22 Y16.308
G1 F3000 X67.78 Y16.869 E1489.90283
G0 F7200 X67.59 Y16.869
G0 X67.59 Y20.905
G0 X67.78 Y20.905
G1 F3000 X67.22 Y21.465 E1489.92357
G0 F7200 X67.22 Y21.965
G1 F3000 X67.78 Y22.526 E1489.94434
G0 F7200 X67.59 Y22.526
G0 X67.59 Y26.562
G0 X67.78 Y26.562
G1 F3000 X67.22 Y27.122 E1489.96508
G0 F7200 X67.22 Y27.622
G1 F3000 X67.78 Y28.182 E1489.98582
G0 F7200 X67.59 Y28.182
G0 X67.59 Y37.876
G0 X67.78 Y37.876
G1 F3000 X67.22 Y38.435 E1490.00655
G0 F7200 X67.22 Y38.935
G1 F3000 X67.78 Y39.495 E1490.02729
G0 F7200 X67.59 Y39.495
G0 X67.59 Y43.533
G0 X67.78 Y43.533
G1 F3000 X67.22 Y44.092 E1490.04802
G0 F7200 X67.22 Y44.592
G1 F3000 X67.78 Y45.152 E1490.06876
G0 F7200 X67.59 Y45.152
G0 X67.59 Y49.19
G0 X67.78 Y49.19
G1 F3000 X67.22 Y49.749 E1490.08948
G0 F7200 X67.22 Y50.249
G1 F3000 X67.78 Y50.809 E1490.11023
G0 F7200 X67.59 Y50.809
G0 X67.59 Y54.847
G0 X67.78 Y54.847
G1 F3000 X67.22 Y55.406 E1490.13095
G0 F7200 X67.22 Y55.906
G1 F3000 X67.78 Y56.466 E1490.15169
G0 F7200 X67.59 Y56.466
G0 X67.59 Y60.504
G0 X67.78 Y60.504
G1 F3000 X67.22 Y61.063 E1490.17242
G0 F7200 X67.22 Y61.563
G1 F3000 X67.78 Y62.123 E1490.19316
G0 F7200 X67.59 Y62.123
G0 X67.59 Y67.717
G0 X67.717 Y67.717
G1 F3000 X67.78 Y67.78 E1490.1955
G0 F7200 X67.59 Y67.78
G0 X67.59 Y71.817
G0 X67.78 Y71.817
G1 F3000 X67.22 Y72.377 E1490.21624
G0 F7200 X67.22 Y72.877
G1 F3000 X67.78 Y73.437 E1490.23698
G0 F7200 X67.59 Y73.437
G0 X67.59 Y77.473
G0 X67.78 Y77.473
G1 F3000 X67.22 Y78.033 E1490.25773
G0 F7200 X67.22 Y78.534
G1 F3000 X67.78 Y79.094 E1490.27847
G0 F7200 X67.59 Y79.094
G0 X67.59 Y83.13
G0 X67.78 Y83.13
G1 F3000 X67.22 Y83.69 E1490.29921
G0 F7200 X67.22 Y84.191
G1 F3000 X67.78 Y84.751 E1490.31996
G0 F7200 X67.59 Y84.751
G0 X67.338 Y87.338
G0 X65.152 Y87.59
G0 X65.152 Y87.78
G1 F3000 X64.593 Y87.22 E1490.34068
G0 F7200 X63.691 Y87.22
G1 F3000 X63.13 Y87.78 E1490.36144
G0 F7200 X63.13 Y87.59
G0 X59.495 Y87.59
G0 X59.495 Y87.78
G1 F3000 X58.936 Y87.22 E1490.38217
G0 F7200 X58.034 Y87.22
G1 F3000 X57.474 Y87.78 E1490.40291
G0 F7200 X57.474 Y87.59
G0 X53.838 Y87.59
G0 X53.838 Y87.78
G1 F3000 X53.279 Y87.22 E1490.42364
G0 F7200 X52.378 Y87.22
G1 F3000 X51.817 Y87.78 E1490.4444
G0 F7200 X51.817 Y87.59
G0 X48.181 Y87.59
G0 X48.181 Y87.779
G1 F3000 X47.622 Y87.22 E1490.4651
G0 F7200 X46.721 Y87.22
G1 F3000 X46.161 Y87.78 E1490.48585
G0 F7200 X46.161 Y87.59
G0 X42.524 Y87.59
G0 X42.524 Y87.779
G1 F3000 X41.965 Y87.22 E1490.50655
G0 F7200 X41.064 Y87.22
G1 F3000 X40.504 Y87.78 E1490.5273
G0 F7200 X40.504 Y87.59
G0 X36.867 Y87.59
G0 X36.867 Y87.779
G1 F3000 X34.476 Y85.388 E1490.61586
G1 X34.406 Y85.318
G0 F7200 X34.513 Y85.578
G0 X36.59 Y85.847
G0 X36.779 Y85.847
G1 F3000 X34.847 Y87.78 E1490.68745
G1 X34.777 Y87.85
G0 F7200 X34.777 Y87.59
G0 X67.338 Y87.338
G0 X66.924 Y86.924
;TYPE:WALL-INNER
G1 F2400 X66.589 Y87.1 E1490.69736
G1 X37.5 Y87.1 E1491.45927
G1 X37.02 Y86.861 E1491.47331
G1 X36.9 Y86.501 E1491.48325
G1 X36.9 Y85.1 E1491.51995
G1 X35.527 Y85.1 E1491.55591
G1 X34.967 Y85.143 E1491.57062
G1 X34.451 Y85.268 E1491.58453
G1 X33.949 Y85.477 E1491.59877
G1 X33.499 Y85.751 E1491.61257
G1 X33.098 Y86.098 E1491.62646
G1 X32.751 Y86.499 E1491.64035
G1 X32.476 Y86.95 E1491.65418
G1 X32.269 Y87.443 E1491.66819
G1 X32.16 Y87.899 E1491.68047
G1 X67.9 Y87.9 E1492.61658
G1 X67.9 Y12.1 E1494.60196
G1 X32.161 Y12.1 E1495.53805
G1 X32.265 Y12.547 E1495.55007
G1 X32.472 Y13.045 E1495.5642
G1 X32.75 Y13.497 E1495.5781
G1 X33.098 Y13.902 E1495.59208
G1 X33.499 Y14.245 E1495.6059
G1 X33.951 Y14.524 E1495.61982
G1 X34.45 Y14.731 E1495.63397
G1 X34.967 Y14.853 E1495.64788
G1 X35.529 Y14.9 E1495.66265
G1 X36.9 Y14.9 E1495.69856
G1 X36.9 Y13.5 E1495.73523
G1 X37.02 Y13.139 E1495.74519
G1 X37.409 Y12.9 E1495.75715
G1 X66.5 Y12.9 E1496.51912
G1 X66.924 Y13.076 E1496.53114
G1 X67.1 Y13.5 E1496.54316
G1 X67.1 Y86.589 E1498.45754
G1 X66.924 Y86.924 E1498.46745
G0 F7200 X66.698 Y86.535
;TYPE:WALL-OUTER
G1 F1200 X66.642 Y86.642 E1498.47061
G1 X66.535 Y86.698 E1498.47377
G1 X37.5 Y86.7 E1499.23427
G1 X37.34 Y86.621 E1499.23894
G1 X37.3 Y86.501 E1499.24226
G1 X37.3 Y84.7 E1499.28943
G1 X35.512 Y84.7 E1499.33626
G1 X34.904 Y84.747 E1499.35223
G1 X34.327 Y84.887 E1499.36779
G1 X33.767 Y85.119 E1499.38366
G1 X33.263 Y85.427 E1499.39913
G1 X32.814 Y85.814 E1499.41466
G1 X32.427 Y86.263 E1499.43018
G1 X32.119 Y86.768 E1499.44568
G1 X31.887 Y87.319 E1499.46134
G1 X31.747 Y87.911 E1499.47727
G1 X31.717 Y88.3 E1499.48749
G1 X68.3 Y88.3 E1500.44568
G1 X68.3 Y11.7 E1502.45202
G1 X31.717 Y11.7 E1503.41021
G1 X31.747 Y12.085 E1503.42033
G1 X31.883 Y12.67 E1503.43606
G1 X32.115 Y13.228 E1503.45189
G1 X32.426 Y13.733 E1503.46742
G1 X32.814 Y14.186 E1503.48304
G1 X33.263 Y14.569 E1503.4985
G1 X33.768 Y14.881 E1503.51405
G1 X34.326 Y15.113 E1503.52988
G1 X34.904 Y15.249 E1503.54543
G1 X35.513 Y15.3 E1503.56144
G1 X37.3 Y15.3 E1503.60824
G1 X37.3 Y13.5 E1503.65539
G1 X37.34 Y13.379 E1503.65873
G1 X37.465 Y13.302 E1503.66257
G1 X66.5 Y13.3 E1504.42307
G1 X66.642 Y13.358 E1504.42709
G1 X66.7 Y13.5 E1504.4311
G1 X66.698 Y86.535 E1506.34406
G0 F7200 X66.642 Y86.642
G0 X66.573 Y86.678
G0 X66.573 Y87.41
G0 X67.5 Y65.376
;TYPE:SKIN
G1 F692.3 X67.5 Y67.596 E1506.41965
G0 F7200 X67.5 Y32.376
G1 F692.3 X67.5 Y34.596 E1506.49524
;MESH:NONMESH
G0 F600 Z13.05
G0 F7200 X67.338 Y12.662
G0 X34.848 Y12.41
G0 X34.848 Y12.22
;TIME_ELAPSED:2553.717800
;LAYER:85
;TYPE:FILL
;MESH:Wandhalterung TP-Link Media Converter.stl
G1 F3000 X36.78 Y14.153 E1506.56683
G1 X36.85 Y14.223
G0 F7200 X36.59 Y14.223
G0 X36.662 Y12.662
G0 X36.867 Y12.22
G1 F3000 X34.476 Y14.612 E1506.65541
G1 X34.406 Y14.682
G0 F7200 X34.514 Y14.423
G0 X36.662 Y12.662
G0 X40.504 Y12.41
G0 X40.504 Y12.22
G1 F3000 X41.064 Y12.78 E1506.67616
G0 F7200 X41.964 Y12.78
G1 F3000 X42.524 Y12.22 E1506.6969
G0 F7200 X42.524 Y12.41
G0 X46.161 Y12.41
G0 X46.161 Y12.22
G1 F3000 X46.721 Y12.78 E1506.71764
G0 F7200 X47.621 Y12.78
G1 F3000 X48.181 Y12.22 E1506.73839
G0 F7200 X48.181 Y12.41
G0 X51.818 Y12.41
G0 X51.818 Y12.22
G1 F3000 X52.378 Y12.78 E1506.75913
G0 F7200 X53.278 Y12.78
G1 F3000 X53.838 Y12.22 E1506.77987
G0 F7200 X53.838 Y12.41
G0 X57.475 Y12.41
G0 X57.475 Y12.22
G1 F3000 X58.034 Y12.78 E1506.8006
G0 F7200 X58.935 Y12.78
G1 F3000 X59.495 Y12.22 E1506.82134
G0 F7200 X59.495 Y12.41
G0 X63.132 Y12.41
G0 X63.132 Y12.22
G1 F3000 X63.691 Y12.78 E1506.84206
G0 F7200 X64.591 Y12.78
G1 F3000 X65.151 Y12.22 E1506.86281
G0 F7200 X65.151 Y12.41
G0 X67.338 Y12.662
G0 X67.59 Y15.248
G0 X67.78 Y15.248
G1 F3000 X67.22 Y15.808 E1506.88355
G0 F7200 X67.22 Y16.308
G1 F3000 X67.78 Y16.869 E1506.90431
G0 F7200 X67.59 Y16.869
G0 X67.59 Y20.905
G0 X67.78 Y20.905
G1 F3000 X67.22 Y21.465 E1506.92506
G0 F7200 X67.22 Y21.965
G1 F3000 X67.78 Y22.526 E1506.94582
G0 F7200 X67.59 Y22.526
G0 X67.59 Y26.562
G0 X67.78 Y26.562
G1 F3000 X67.22 Y27.122 E1506.96656
G0 F7200 X67.22 Y27.622
G1 F3000 X67.78 Y28.182 E1506.9873
G0 F7200 X67.59 Y28.182
G0 X67.59 Y32.219
G0 X67.78 Y32.219
G1 F3000 X67.22 Y32.779 E1507.00805
G0 F7200 X67.22 Y33.279
G1 F3000 X67.78 Y33.839 E1507.02879
G0 F7200 X67.59 Y33.839
G0 X67.59 Y37.875
G0 X67.78 Y37.875
G1 F3000 X67.22 Y38.435 E1507.04953
G0 F7200 X67.22 Y38.935
G1 F3000 X67.78 Y39.496 E1507.0703
G0 F7200 X67.59 Y39.496
G0 X67.59 Y43.532
G0 X67.78 Y43.532
G1 F3000 X67.22 Y44.092 E1507.09104
G0 F7200 X67.22 Y44.592
G1 F3000 X67.78 Y45.153 E1507.1118
G0 F7200 X67.59 Y45.153
G0 X67.59 Y49.189
G0 X67.78 Y49.189
G1 F3000 X67.22 Y49.749 E1507.13255
G0 F7200 X67.22 Y50.249
G1 F3000 X67.78 Y50.81 E1507.15331
G0 F7200 X67.59 Y50.81
G0 X67.59 Y54.846
G0 X67.78 Y54.846
G1 F3000 X67.22 Y55.406 E1507.17405
G0 F7200 X67.22 Y55.906
G1 F3000 X67.78 Y56.467 E1507.19481
G0 F7200 X67.59 Y56.467
G0 X67.59 Y60.503
G0 X67.78 Y60.503
G1 F3000 X67.22 Y61.063 E1507.21556
G0 F7200 X67.22 Y61.563
G1 F3000 X67.78 Y62.124 E1507.23632
G0 F7200 X67.59 Y62.124
G0 X67.59 Y66.16
G0 X67.78 Y66.16
G1 F3000 X67.22 Y66.72 E1507.25706
G0 F7200 X67.22 Y67.22
G1 F3000 X67.78 Y67.78 E1507.2778
G0 F7200 X67.59 Y67.78
G0 X67.59 Y71.817
G0 X67.78 Y71.817
G1 F3000 X67.22 Y72.377 E1507.29855
G0 F7200 X67.22 Y72.877
G1 F3000 X67.78 Y73.437 E1507.31929
G0 F7200 X67.59 Y73.437
G0 X67.59 Y77.473
G0 X67.78 Y77.473
G1 F3000 X67.22 Y78.033 E1507.34003
G0 F7200 X67.22 Y78.533
G1 F3000 X67.78 Y79.094 E1507.3608
G0 F7200 X67.59 Y79.094
G0 X67.59 Y83.13
G0 X67.78 Y83.13
G1 F3000 X67.22 Y83.69 E1507.38154
G0 F7200 X67.22 Y84.19
G1 F3000 X67.78 Y84.751 E1507.4023
G0 F7200 X67.59 Y84.751
G0 X67.338 Y87.338
G0 X65.152 Y87.59
G0 X65.152 Y87.78
G1 F3000 X64.593 Y87.22 E1507.42303
G0 F7200 X63.691 Y87.22
G1 F3000 X63.13 Y87.78 E1507.44379
G0 F7200 X63.13 Y87.59
G0 X59.495 Y87.59
G0 X59.495 Y87.78
G1 F3000 X58.936 Y87.22 E1507.46451
G0 F7200 X58.034 Y87.22
G1 F3000 X57.474 Y87.78 E1507.48526
G0 F7200 X57.474 Y87.59
G0 X53.838 Y87.59
G0 X53.838 Y87.78
G1 F3000 X53.279 Y87.22 E1507.50598
G0 F7200 X52.378 Y87.22
G1 F3000 X51.817 Y87.78 E1507.52674
G0 F7200 X51.817 Y87.59
G0 X48.181 Y87.59
G0 X48.181 Y87.779
G1 F3000 X47.622 Y87.22 E1507.54745
G0 F7200 X46.721 Y87.22
G1 F3000 X46.161 Y87.78 E1507.56819
G0 F7200 X46.161 Y87.59
G0 X42.524 Y87.59
G0 X42.524 Y87.779
G1 F3000 X41.965 Y87.22 E1507.5889
G0 F7200 X41.064 Y87.22
G1 F3000 X40.504 Y87.78 E1507.60964
G0 F7200 X40.504 Y87.59
G0 X36.867 Y87.59
G0 X36.867 Y87.779
G1 F3000 X34.476 Y85.388 E1507.69821
G1 X34.406 Y85.318
G0 F7200 X34.513 Y85.578
G0 X36.59 Y85.847
G0 X36.779 Y85.847
G1 F3000 X34.847 Y87.78 E1507.76979
G1 X34.777 Y87.85
G0 F7200 X34.777 Y87.59
G0 X67.338 Y87.338
G0 X66.924 Y86.924
;TYPE:WALL-INNER
G1 F2400 X66.589 Y87.1 E1507.7797
G1 X37.5 Y87.1 E1508.54161
G1 X37.02 Y86.861 E1508.55566
G1 X36.9 Y86.501 E1508.5656
G1 X36.9 Y85.1 E1508.60229
G1 X35.527 Y85.1 E1508.63825
G1 X34.967 Y85.143 E1508.65296
G1 X34.451 Y85.268 E1508.66687
G1 X33.949 Y85.477 E1508.68111
G1 X33.499 Y85.751 E1508.69491
G1 X33.098 Y86.098 E1508.7088
G1 X32.751 Y86.499 E1508.72269
G1 X32.476 Y86.95 E1508.73653
G1 X32.269 Y87.443 E1508.75053
G1 X32.16 Y87.899 E1508.76281
G1 X67.9 Y87.9 E1509.69893
G1 X67.9 Y12.1 E1511.68431
G1 X32.161 Y12.1 E1512.6204
G1 X32.265 Y12.547 E1512.63242
G1 X32.472 Y13.045 E1512.64654
G1 X32.75 Y13.497 E1512.66044
G1 X33.098 Y13.902 E1512.67443
G1 X33.499 Y14.245 E1512.68825
G1 X33.951 Y14.524 E1512.70216
G1 X34.45 Y14.731 E1512.71631
G1 X34.967 Y14.853 E1512.73022
G1 X35.529 Y14.9 E1512.745
G1 X36.9 Y14.9 E1512.78091
G1 X36.9 Y13.5 E1512.81758
G1 X37.02 Y13.139 E1512.82754
G1 X37.409 Y12.9 E1512.8395
G1 X66.5 Y12.9 E1513.60146
G1 X66.924 Y13.076 E1513.61348
G1 X67.1 Y13.5 E1513.62551
G1 X67.1 Y86.589 E1515.53988
G1 X66.924 Y86.924 E1515.54979
G0 F7200 X66.698 Y86.535
;TYPE:WALL-OUTER
G1 F1200 X66.642 Y86.642 E1515.55296
G1 X66.535 Y86.698 E1515.55612
G1 X37.5 Y86.7 E1516.31661
G1 X37.34 Y86.621 E1516.32129
G1 X37.3 Y86.501 E1516.3246
G1 X37.3 Y84.7 E1516.37177
G1 X35.512 Y84.7 E1516.41861
G1 X34.904 Y84.747 E1516.43458
G1 X34.327 Y84.887 E1516.45013
G1 X33.767 Y85.119 E1516.46601
G1 X33.263 Y85.427 E1516.48148
G1 X32.814 Y85.814 E1516.497
G1 X32.427 Y86.263 E1516.51253
G1 X32.119 Y86.768 E1516.52802
G1 X31.887 Y87.319 E1516.54368
G1 X31.747 Y87.911 E1516.55961
G1 X31.717 Y88.3 E1516.56983
G1 X68.3 Y88.3 E1517.52803
G1 X68.3 Y11.7 E1519.53436
G1 X31.717 Y11.7 E1520.49256
G1 X31.747 Y12.085 E1520.50267
G1 X31.883 Y12.67 E1520.5184
G1 X32.115 Y13.228 E1520.53423
G1 X32.426 Y13.733 E1520.54977
G1 X32.814 Y14.186 E1520.56539
G1 X33.263 Y14.569 E1520.58085
G1 X33.768 Y14.881 E1520.59639
G1 X34.326 Y15.113 E1520.61222
G1 X34.904 Y15.249 E1520.62778
G1 X35.513 Y15.3 E1520.64378
G1 X37.3 Y15.3 E1520.69059
G1 X37.3 Y13.5 E1520.73773
G1 X37.34 Y13.379 E1520.74107
G1 X37.465 Y13.302 E1520.74492
G1 X66.5 Y13.3 E1521.50541
G1 X66.642 Y13.358 E1521.50943
G1 X66.7 Y13.5 E1521.51345
G1 X66.698 Y86.535 E1523.42641
G0 F7200 X66.642 Y86.642
G0 X66.573 Y86.678
;MESH:NONMESH
G0 F600 Z13.2
G0 F7200 X66.573 Y87.41
G0 X67.338 Y12.662
G0 X34.848 Y12.41
G0 X34.848 Y12.22
;TIME_ELAPSED:2581.293907
;LAYER:86
;TYPE:FILL
;MESH:Wandhalterung TP-Link Media Converter.stl
G1 F3000 X36.78 Y14.153 E1523.49799
G1 X36.85 Y14.223
G0 F7200 X36.59 Y14.223
G0 X36.662 Y12.662
G0 X36.867 Y12.22
G1 F3000 X34.476 Y14.612 E1523.58657
G1 X34.406 Y14.682
G0 F7200 X34.514 Y14.423
G0 X36.662 Y12.662
G0 X40.504 Y12.41
G0 X40.504 Y12.22
G1 F3000 X41.064 Y12.78 E1523.60732
G0 F7200 X41.964 Y12.78
G1 F3000 X42.524 Y12.22 E1523.62806
G0 F7200 X42.524 Y12.41
G0 X46.161 Y12.41
G0 X46.161 Y12.22
G1 F3000 X46.721 Y12.78 E1523.6488
G0 F7200 X47.621 Y12.78
G1 F3000 X48.181 Y12.22 E1523.66955
G0 F7200 X48.181 Y12.41
G0 X51.818 Y12.41
G0 X51.818 Y12.22
G1 F3000 X52.378 Y12.78 E1523.69029
G0 F7200 X53.278 Y12.78
G1 F3000 X53.838 Y12.22 E1523.71103
G0 F7200 X53.838 Y12.41
G0 X57.475 Y12.41
G0 X57.475 Y12.22
G1 F3000 X58.034 Y12.78 E1523.73176
G0 F7200 X58.935 Y12.78
G1 F3000 X59.495 Y12.22 E1523.7525
G0 F7200 X59.495 Y12.41
G0 X63.132 Y12.41
G0 X63.132 Y12.22
G1 F3000 X63.691 Y12.78 E1523.77323
G0 F7200 X64.591 Y12.78
G1 F3000 X65.151 Y12.22 E1523.79397
G0 F7200 X65.151 Y12.41
G0 X67.338 Y12.662
G0 X67.59 Y15.248
G0 X67.78 Y15.248
G1 F3000 X67.22 Y15.808 E1523.81471
G0 F7200 X67.22 Y16.308
G1 F3000 X67.78 Y16.869 E1523.83548
G0 F7200 X67.59 Y16.869
G0 X67.59 Y20.905
G0 X67.78 Y20.905
G1 F3000 X67.22 Y21.465 E1523.85622
G0 F7200 X67.22 Y21.965
G1 F3000 X67.78 Y22.526 E1523.87698
G0 F7200 X67.59 Y22.526
G0 X67.59 Y26.562
G0 X67.78 Y26.562
G1 F3000 X67.22 Y27.122 E1523.89772
G0 F7200 X67.22 Y27.622
G1 F3000 X67.78 Y28.182 E1523.91847
G0 F7200 X67.59 Y28.182
G0 X67.59 Y32.219
G0 X67.78 Y32.219
G1 F3000 X67.22 Y32.779 E1523.93921
G0 F7200 X67.22 Y33.279
G1 F3000 X67.78 Y33.839 E1523.95995
G0 F7200 X67.59 Y33.839
G0 X67.59 Y37.875
G0 X67.78 Y37.875
G1 F3000 X67.22 Y38.435 E1523.9807
G0 F7200 X67.22 Y38.935
G1 F3000 X67.78 Y39.496 E1524.00146
G0 F7200 X67.59 Y39.496
G0 X67.59 Y43.532
G0 X67.78 Y43.532
G1 F3000 X67.22 Y44.092 E1524.0222
G0 F7200 X67.22 Y44.592
G1 F3000 X67.78 Y45.153 E1524.04296
G0 F7200 X67.59 Y45.153
G0 X67.59 Y49.189
G0 X67.78 Y49.189
G1 F3000 X67.22 Y49.749 E1524.06371
G0 F7200 X67.22 Y50.249
G1 F3000 X67.78 Y50.81 E1524.08447
G0 F7200 X67.59 Y50.81
G0 X67.59 Y54.846
G0 X67.78 Y54.846
G1 F3000 X67.22 Y55.406 E1524.10521
G0 F7200 X67.22 Y55.906
G1 F3000 X67.78 Y56.467 E1524.12597
G0 F7200 X67.59 Y56.467
G0 X67.59 Y60.503
G0 X67.78 Y60.503
G1 F3000 X67.22 Y61.063 E1524.14672
G0 F7200 X67.22 Y61.563
G1 F3000 X67.78 Y62.124 E1524.16748
G0 F7200 X67.59 Y62.124
G0 X67.59 Y66.16
G0 X67.78 Y66.16
G1 F3000 X67.22 Y66.72 E1524.18822
G0 F7200 X67.22 Y67.22
G1 F3000 X67.78 Y67.78 E1524.20897
G0 F7200 X67.59 Y67.78
G0 X67.59 Y71.817
G0 X67.78 Y71.817
G1 F3000 X67.22 Y72.377 E1524.22971
G0 F7200 X67.22 Y72.877
G1 F3000 X67.78 Y73.437 E1524.25045
G0 F7200 X67.59 Y73.437
G0 X67.59 Y77.473
G0 X67.78 Y77.473
G1 F3000 X67.22 Y78.033 E1524.2712
G0 F7200 X67.22 Y78.533
G1 F3000 X67.78 Y79.094 E1524.29196
G0 F7200 X67.59 Y79.094
G0 X67.59 Y83.13
G0 X67.78 Y83.13
G1 F3000 X67.22 Y83.69 E1524.3127
G0 F7200 X67.22 Y84.19
G1 F3000 X67.78 Y84.751 E1524.33346
G0 F7200 X67.59 Y84.751
G0 X67.338 Y87.338
G0 X65.152 Y87.59
G0 X65.152 Y87.78
G1 F3000 X64.593 Y87.22 E1524.35419
G0 F7200 X63.691 Y87.22
G1 F3000 X63.13 Y87.78 E1524.37495
G0 F7200 X63.13 Y87.59
G0 X59.495 Y87.59
G0 X59.495 Y87.78
G1 F3000 X58.936 Y87.22 E1524.39567
G0 F7200 X58.034 Y87.22
G1 F3000 X57.474 Y87.78 E1524.41642
G0 F7200 X57.474 Y87.59
G0 X53.838 Y87.59
G0 X53.838 Y87.78
G1 F3000 X53.279 Y87.22 E1524.43714
G0 F7200 X52.378 Y87.22
G1 F3000 X51.817 Y87.78 E1524.4579
G0 F7200 X51.817 Y87.59
G0 X48.181 Y87.59
G0 X48.181 Y87.779
G1 F3000 X47.622 Y87.22 E1524.47861
G0 F7200 X46.721 Y87.22
G1 F3000 X46.161 Y87.78 E1524.49935
G0 F7200 X46.161 Y87.59
G0 X42.524 Y87.59
G0 X42.524 Y87.779
G1 F3000 X41.965 Y87.22 E1524.52006
G0 F7200 X41.064 Y87.22
G1 F3000 X40.504 Y87.78 E1524.5408
G0 F7200 X40.504 Y87.59
G0 X36.867 Y87.59
G0 X36.867 Y87.779
G1 F3000 X34.476 Y85.388 E1524.62937
G1 X34.406 Y85.318
G0 F7200 X34.513 Y85.578
G0 X36.59 Y85.847
G0 X36.779 Y85.847
G1 F3000 X34.847 Y87.78 E1524.70095
G1 X34.777 Y87.85
G0 F7200 X34.777 Y87.59
G0 X67.338 Y87.338
G0 X66.924 Y86.924
;TYPE:WALL-INNER
G1 F2400 X66.589 Y87.1 E1524.71086
G1 X37.5 Y87.1 E1525.47277
G1 X37.02 Y86.861 E1525.48682
G1 X36.9 Y86.501 E1525.49676
G1 X36.9 Y85.1 E1525.53345
G1 X35.527 Y85.1 E1525.56941
G1 X34.967 Y85.143 E1525.58413
G1 X34.451 Y85.268 E1525.59803
G1 X33.949 Y85.477 E1525.61227
G1 X33.499 Y85.751 E1525.62607
G1 X33.098 Y86.098 E1525.63996
G1 X32.751 Y86.499 E1525.65385
G1 X32.476 Y86.95 E1525.66769
G1 X32.269 Y87.443 E1525.68169
G1 X32.16 Y87.899 E1525.69397
G1 X67.9 Y87.9 E1526.63009
G1 X67.9 Y12.1 E1528.61547
G1 X32.161 Y12.1 E1529.55156
G1 X32.265 Y12.547 E1529.56358
G1 X32.472 Y13.045 E1529.5777
G1 X32.75 Y13.497 E1529.5916
G1 X33.098 Y13.902 E1529.60559
G1 X33.499 Y14.245 E1529.61941
G1 X33.951 Y14.524 E1529.63332
G1 X34.45 Y14.731 E1529.64747
G1 X34.967 Y14.853 E1529.66139
G1 X35.529 Y14.9 E1529.67616
G1 X36.9 Y14.9 E1529.71207
G1 X36.9 Y13.5 E1529.74874
G1 X37.02 Y13.139 E1529.7587
G1 X37.409 Y12.9 E1529.77066
G1 X66.5 Y12.9 E1530.53262
G1 X66.924 Y13.076 E1530.54465
G1 X67.1 Y13.5 E1530.55667
G1 X67.1 Y86.589 E1532.47104
G1 X66.924 Y86.924 E1532.48095
G0 F7200 X66.698 Y86.535
;TYPE:WALL-OUTER
G1 F1200 X66.642 Y86.642 E1532.48412
G1 X66.535 Y86.698 E1532.48728
G1 X37.5 Y86.7 E1533.24778
G1 X37.34 Y86.621 E1533.25245
G1 X37.3 Y86.501 E1533.25576
G1 X37.3 Y84.7 E1533.30294
G1 X35.512 Y84.7 E1533.34977
G1 X34.904 Y84.747 E1533.36574
G1 X34.327 Y84.887 E1533.38129
G1 X33.767 Y85.119 E1533.39717
G1 X33.263 Y85.427 E1533.41264
G1 X32.814 Y85.814 E1533.42816
G1 X32.427 Y86.263 E1533.44369
G1 X32.119 Y86.768 E1533.45918
G1 X31.887 Y87.319 E1533.47484
G1 X31.747 Y87.911 E1533.49078
G1 X31.717 Y88.3 E1533.501
G1 X68.3 Y88.3 E1534.45919
G1 X68.3 Y11.7 E1536.46553
G1 X31.717 Y11.7 E1537.42372
G1 X31.747 Y12.085 E1537.43383
G1 X31.883 Y12.67 E1537.44957
G1 X32.115 Y13.228 E1537.46539
G1 X32.426 Y13.733 E1537.48093
G1 X32.814 Y14.186 E1537.49655
G1 X33.263 Y14.569 E1537.51201
G1 X33.768 Y14.881 E1537.52756
G1 X34.326 Y15.113 E1537.54338
G1 X34.904 Y15.249 E1537.55894
G1 X35.513 Y15.3 E1537.57494
G1 X37.3 Y15.3 E1537.62175
G1 X37.3 Y13.5 E1537.6689
G1 X37.34 Y13.379 E1537.67223
G1 X37.465 Y13.302 E1537.67608
G1 X66.5 Y13.3 E1538.43657
G1 X66.642 Y13.358 E1538.44059
G1 X66.7 Y13.5 E1538.44461
G1 X66.698 Y86.535 E1540.35757
G0 F7200 X66.642 Y86.642
G0 X66.573 Y86.678
;MESH:NONMESH
G0 F600 Z13.35
G0 F7200 X66.573 Y87.41
G0 X67.338 Y12.662
G0 X34.848 Y12.41
G0 X34.848 Y12.22
;TIME_ELAPSED:2608.870014
;LAYER:87
;TYPE:FILL
;MESH:Wandhalterung TP-Link Media Converter.stl
G1 F3000 X36.78 Y14.153 E1540.42915
G1 X36.85 Y14.223
G0 F7200 X36.59 Y14.223
G0 X36.662 Y12.662
G0 X36.867 Y12.22
G1 F3000 X34.476 Y14.612 E1540.51774
G1 X34.406 Y14.682
G0 F7200 X34.514 Y14.423
G0 X36.662 Y12.662
G0 X40.504 Y12.41
G0 X40.504 Y12.22
G1 F3000 X41.064 Y12.78 E1540.53848
G0 F7200 X41.964 Y12.78
G1 F3000 X42.524 Y12.22 E1540.55922
G0 F7200 X42.524 Y12.41
G0 X46.161 Y12.41
G0 X46.161 Y12.22
G1 F3000 X46.721 Y12.78 E1540.57997
G0 F7200 X47.621 Y12.78
G1 F3000 X48.181 Y12.22 E1540.60071
G0 F7200 X48.181 Y12.41
G0 X51.818 Y12.41
G0 X51.818 Y12.22
G1 F3000 X52.378 Y12.78 E1540.62145
G0 F7200 X53.278 Y12.78
G1 F3000 X53.838 Y12.22 E1540.6422
G0 F7200 X53.838 Y12.41
G0 X57.475 Y12.41
G0 X57.475 Y12.22
G1 F3000 X58.034 Y12.78 E1540.66292
G0 F7200 X58.935 Y12.78
G1 F3000 X59.495 Y12.22 E1540.68366
G0 F7200 X59.495 Y12.41
G0 X63.132 Y12.41
G0 X63.132 Y12.22
G1 F3000 X63.691 Y12.78 E1540.70439
G0 F7200 X64.591 Y12.78
G1 F3000 X65.151 Y12.22 E1540.72513
G0 F7200 X65.151 Y12.41
G0 X67.338 Y12.662
G0 X67.59 Y15.248
G0 X67.78 Y15.248
G1 F3000 X67.22 Y15.808 E1540.74588
G0 F7200 X67.22 Y16.308
G1 F3000 X67.78 Y16.869 E1540.76664
G0 F7200 X67.59 Y16.869
G0 X67.59 Y20.905
G0 X67.78 Y20.905
G1 F3000 X67.22 Y21.465 E1540.78738
G0 F7200 X67.22 Y21.965
G1 F3000 X67.78 Y22.526 E1540.80814
G0 F7200 X67.59 Y22.526
G0 X67.59 Y26.562
G0 X67.78 Y26.562
G1 F3000 X67.22 Y27.122 E1540.82889
G0 F7200 X67.22 Y27.622
G1 F3000 X67.78 Y28.182 E1540.84963
G0 F7200 X67.59 Y28.182
G0 X67.59 Y32.219
G0 X67.78 Y32.219
G1 F3000 X67.22 Y32.779 E1540.87037
G0 F7200 X67.22 Y33.279
G1 F3000 X67.78 Y33.839 E1540.89112
G0 F7200 X67.59 Y33.839
G0 X67.59 Y37.875
G0 X67.78 Y37.875
G1 F3000 X67.22 Y38.435 E1540.91186
G0 F7200 X67.22 Y38.935
G1 F3000 X67.78 Y39.496 E1540.93262
G0 F7200 X67.59 Y39.496
G0 X67.59 Y43.532
G0 X67.78 Y43.532
G1 F3000 X67.22 Y44.092 E1540.95336
G0 F7200 X67.22 Y44.592
G1 F3000 X67.78 Y45.153 E1540.97413
G0 F7200 X67.59 Y45.153
G0 X67.59 Y49.189
G0 X67.78 Y49.189
G1 F3000 X67.22 Y49.749 E1540.99487
G0 F7200 X67.22 Y50.249
G1 F3000 X67.78 Y50.81 E1541.01563
G0 F7200 X67.59 Y50.81
G0 X67.59 Y54.846
G0 X67.78 Y54.846
G1 F3000 X67.22 Y55.406 E1541.03637
G0 F7200 X67.22 Y55.906
G1 F3000 X67.78 Y56.467 E1541.05714
G0 F7200 X67.59 Y56.467
G0 X67.59 Y60.503
G0 X67.78 Y60.503
G1 F3000 X67.22 Y61.063 E1541.07788
G0 F7200 X67.22 Y61.563
G1 F3000 X67.78 Y62.124 E1541.09864
G0 F7200 X67.59 Y62.124
G0 X67.59 Y66.16
G0 X67.78 Y66.16
G1 F3000 X67.22 Y66.72 E1541.11938
G0 F7200 X67.22 Y67.22
G1 F3000 X67.78 Y67.78 E1541.14013
G0 F7200 X67.59 Y67.78
G0 X67.59 Y71.817
G0 X67.78 Y71.817
G1 F3000 X67.22 Y72.377 E1541.16087
G0 F7200 X67.22 Y72.877
G1 F3000 X67.78 Y73.437 E1541.18161
G0 F7200 X67.59 Y73.437
G0 X67.59 Y77.473
G0 X67.78 Y77.473
G1 F3000 X67.22 Y78.033 E1541.20236
G0 F7200 X67.22 Y78.533
G1 F3000 X67.78 Y79.094 E1541.22312
G0 F7200 X67.59 Y79.094
G0 X67.59 Y83.13
G0 X67.78 Y83.13
G1 F3000 X67.22 Y83.69 E1541.24386
G0 F7200 X67.22 Y84.19
G1 F3000 X67.78 Y84.751 E1541.26462
G0 F7200 X67.59 Y84.751
G0 X67.338 Y87.338
G0 X65.152 Y87.59
G0 X65.152 Y87.78
G1 F3000 X64.593 Y87.22 E1541.28535
G0 F7200 X63.691 Y87.22
G1 F3000 X63.13 Y87.78 E1541.30611
G0 F7200 X63.13 Y87.59
G0 X59.495 Y87.59
G0 X59.495 Y87.78
G1 F3000 X58.936 Y87.22 E1541.32684
G0 F7200 X58.034 Y87.22
G1 F3000 X57.474 Y87.78 E1541.34758
G0 F7200 X57.474 Y87.59
G0 X53.838 Y87.59
G0 X53.838 Y87.78
G1 F3000 X53.279 Y87.22 E1541.3683
G0 F7200 X52.378 Y87.22
G1 F3000 X51.817 Y87.78 E1541.38907
G0 F7200 X51.817 Y87.59
G0 X48.181 Y87.59
G0 X48.181 Y87.779
G1 F3000 X47.622 Y87.22 E1541.40977
G0 F7200 X46.721 Y87.22
G1 F3000 X46.161 Y87.78 E1541.43052
G0 F7200 X46.161 Y87.59
G0 X42.524 Y87.59
G0 X42.524 Y87.779
G1 F3000 X41.965 Y87.22 E1541.45122
G0 F7200 X41.064 Y87.22
G1 F3000 X40.504 Y87.78 E1541.47196
G0 F7200 X40.504 Y87.59
G0 X36.867 Y87.59
G0 X36.867 Y87.779
G1 F3000 X34.476 Y85.388 E1541.56053
G1 X34.406 Y85.318
G0 F7200 X34.513 Y85.578
G0 X36.59 Y85.847
G0 X36.779 Y85.847
G1 F3000 X34.847 Y87.78 E1541.63211
G1 X34.777 Y87.85
G0 F7200 X34.777 Y87.59
G0 X67.338 Y87.338
G0 X66.924 Y86.924
;TYPE:WALL-INNER
G1 F2400 X66.589 Y87.1 E1541.64203
G1 X37.5 Y87.1 E1542.40394
G1 X37.02 Y86.861 E1542.41798
G1 X36.9 Y86.501 E1542.42792
G1 X36.9 Y85.1 E1542.46461
G1 X35.527 Y85.1 E1542.50058
G1 X34.967 Y85.143 E1542.51529
G1 X34.451 Y85.268 E1542.52919
G1 X33.949 Y85.477 E1542.54344
G1 X33.499 Y85.751 E1542.55724
G1 X33.098 Y86.098 E1542.57113
G1 X32.751 Y86.499 E1542.58502
G1 X32.476 Y86.95 E1542.59885
G1 X32.269 Y87.443 E1542.61286
G1 X32.16 Y87.899 E1542.62514
G1 X67.9 Y87.9 E1543.56125
G1 X67.9 Y12.1 E1545.54663
G1 X32.161 Y12.1 E1546.48272
G1 X32.265 Y12.547 E1546.49474
G1 X32.472 Y13.045 E1546.50887
G1 X32.75 Y13.497 E1546.52277
G1 X33.098 Y13.902 E1546.53675
G1 X33.499 Y14.245 E1546.55057
G1 X33.951 Y14.524 E1546.56449
G1 X34.45 Y14.731 E1546.57864
G1 X34.967 Y14.853 E1546.59255
G1 X35.529 Y14.9 E1546.60732
G1 X36.9 Y14.9 E1546.64323
G1 X36.9 Y13.5 E1546.6799
G1 X37.02 Y13.139 E1546.68986
G1 X37.409 Y12.9 E1546.70182
G1 X66.5 Y12.9 E1547.46378
G1 X66.924 Y13.076 E1547.47581
G1 X67.1 Y13.5 E1547.48783
G1 X67.1 Y86.589 E1549.40221
G1 X66.924 Y86.924 E1549.41212
G0 F7200 X66.698 Y86.535
;TYPE:WALL-OUTER
G1 F1200 X66.642 Y86.642 E1549.41528
G1 X66.535 Y86.698 E1549.41844
G1 X37.5 Y86.7 E1550.17894
G1 X37.34 Y86.621 E1550.18361
G1 X37.3 Y86.501 E1550.18693
G1 X37.3 Y84.7 E1550.2341
G1 X35.512 Y84.7 E1550.28093
G1 X34.904 Y84.747 E1550.2969
G1 X34.327 Y84.887 E1550.31245
G1 X33.767 Y85.119 E1550.32833
G1 X33.263 Y85.427 E1550.3438
G1 X32.814 Y85.814 E1550.35933
G1 X32.427 Y86.263 E1550.37485
G1 X32.119 Y86.768 E1550.39035
G1 X31.887 Y87.319 E1550.406
G1 X31.747 Y87.911 E1550.42194
G1 X31.717 Y88.3 E1550.43216
G1 X68.3 Y88.3 E1551.39035
G1 X68.3 Y11.7 E1553.39669
G1 X31.717 Y11.7 E1554.35488
G1 X31.747 Y12.085 E1554.365
G1 X31.883 Y12.67 E1554.38073
G1 X32.115 Y13.228 E1554.39656
G1 X32.426 Y13.733 E1554.41209
G1 X32.814 Y14.186 E1554.42771
G1 X33.263 Y14.569 E1554.44317
G1 X33.768 Y14.881 E1554.45872
G1 X34.326 Y15.113 E1554.47455
G1 X34.904 Y15.249 E1554.4901
G1 X35.513 Y15.3 E1554.50611
G1 X37.3 Y15.3 E1554.55291
G1 X37.3 Y13.5 E1554.60006
G1 X37.34 Y13.379 E1554.6034
G1 X37.465 Y13.302 E1554.60724
G1 X66.5 Y13.3 E1555.36774
G1 X66.642 Y13.358 E1555.37175
G1 X66.7 Y13.5 E1555.37577
G1 X66.698 Y86.535 E1557.28873
G0 F7200 X66.642 Y86.642
G0 X66.573 Y86.678
;MESH:NONMESH
G0 F600 Z13.5
G0 F7200 X66.573 Y87.41
G0 X67.338 Y12.662
G0 X34.848 Y12.41
G0 X34.848 Y12.22
;TIME_ELAPSED:2636.446121
;LAYER:88
;TYPE:FILL
;MESH:Wandhalterung TP-Link Media Converter.stl
G1 F3000 X36.78 Y14.153 E1557.36031
G1 X36.85 Y14.223
G0 F7200 X36.59 Y14.223
G0 X36.662 Y12.662
G0 X36.867 Y12.22
G1 F3000 X34.476 Y14.612 E1557.4489
G1 X34.406 Y14.682
G0 F7200 X34.514 Y14.423
G0 X36.662 Y12.662
G0 X40.504 Y12.41
G0 X40.504 Y12.22
G1 F3000 X41.064 Y12.78 E1557.46964
G0 F7200 X41.964 Y12.78
G1 F3000 X42.524 Y12.22 E1557.49038
G0 F7200 X42.524 Y12.41
G0 X46.161 Y12.41
G0 X46.161 Y12.22
G1 F3000 X46.721 Y12.78 E1557.51113
G0 F7200 X47.621 Y12.78
G1 F3000 X48.181 Y12.22 E1557.53187
G0 F7200 X48.181 Y12.41
G0 X51.818 Y12.41
G0 X51.818 Y12.22
G1 F3000 X52.378 Y12.78 E1557.55261
G0 F7200 X53.278 Y12.78
G1 F3000 X53.838 Y12.22 E1557.57336
G0 F7200 X53.838 Y12.41
G0 X57.475 Y12.41
G0 X57.475 Y12.22
G1 F3000 X58.034 Y12.78 E1557.59408
G0 F7200 X58.935 Y12.78
G1 F3000 X59.495 Y12.22 E1557.61483
G0 F7200 X59.495 Y12.41
G0 X63.132 Y12.41
G0 X63.132 Y12.22
G1 F3000 X63.691 Y12.78 E1557.63555
G0 F7200 X64.591 Y12.78
G1 F3000 X65.151 Y12.22 E1557.65629
G0 F7200 X65.151 Y12.41
G0 X67.338 Y12.662
G0 X67.59 Y15.248
G0 X67.78 Y15.248
G1 F3000 X67.22 Y15.808 E1557.67704
G0 F7200 X67.22 Y16.308
G1 F3000 X67.78 Y16.869 E1557.6978
G0 F7200 X67.59 Y16.869
G0 X67.59 Y20.905
G0 X67.78 Y20.905
G1 F3000 X67.22 Y21.465 E1557.71854
G0 F7200 X67.22 Y21.965
G1 F3000 X67.78 Y22.526 E1557.7393
G0 F7200 X67.59 Y22.526
G0 X67.59 Y26.562
G0 X67.78 Y26.562
G1 F3000 X67.22 Y27.122 E1557.76005
G0 F7200 X67.22 Y27.622
G1 F3000 X67.78 Y28.182 E1557.78079
G0 F7200 X67.59 Y28.182
G0 X67.59 Y32.219
G0 X67.78 Y32.219
G1 F3000 X67.22 Y32.779 E1557.80153
G0 F7200 X67.22 Y33.279
G1 F3000 X67.78 Y33.839 E1557.82228
G0 F7200 X67.59 Y33.839
G0 X67.59 Y37.875
G0 X67.78 Y37.875
G1 F3000 X67.22 Y38.435 E1557.84302
G0 F7200 X67.22 Y38.935
G1 F3000 X67.78 Y39.496 E1557.86378
G0 F7200 X67.59 Y39.496
G0 X67.59 Y43.532
G0 X67.78 Y43.532
G1 F3000 X67.22 Y44.092 E1557.88453
G0 F7200 X67.22 Y44.592
G1 F3000 X67.78 Y45.153 E1557.90529
G0 F7200 X67.59 Y45.153
G0 X67.59 Y49.189
G0 X67.78 Y49.189
G1 F3000 X67.22 Y49.749 E1557.92603
G0 F7200 X67.22 Y50.249
G1 F3000 X67.78 Y50.81 E1557.94679
G0 F7200 X67.59 Y50.81
G0 X67.59 Y54.846
G0 X67.78 Y54.846
G1 F3000 X67.22 Y55.406 E1557.96754
G0 F7200 X67.22 Y55.906
G1 F3000 X67.78 Y56.467 E1557.9883
G0 F7200 X67.59 Y56.467
G0 X67.59 Y60.503
G0 X67.78 Y60.503
G1 F3000 X67.22 Y61.063 E1558.00904
G0 F7200 X67.22 Y61.563
G1 F3000 X67.78 Y62.124 E1558.0298
G0 F7200 X67.59 Y62.124
G0 X67.59 Y66.16
G0 X67.78 Y66.16
G1 F3000 X67.22 Y66.72 E1558.05055
G0 F7200 X67.22 Y67.22
G1 F3000 X67.78 Y67.78 E1558.07129
G0 F7200 X67.59 Y67.78
G0 X67.59 Y71.817
G0 X67.78 Y71.817
G1 F3000 X67.22 Y72.377 E1558.09203
G0 F7200 X67.22 Y72.877
G1 F3000 X67.78 Y73.437 E1558.11278
G0 F7200 X67.59 Y73.437
G0 X67.59 Y77.473
G0 X67.78 Y77.473
G1 F3000 X67.22 Y78.033 E1558.13352
G0 F7200 X67.22 Y78.533
G1 F3000 X67.78 Y79.094 E1558.15428
G0 F7200 X67.59 Y79.094
G0 X67.59 Y83.13
G0 X67.78 Y83.13
G1 F3000 X67.22 Y83.69 E1558.17502
G0 F7200 X67.22 Y84.19
G1 F3000 X67.78 Y84.751 E1558.19579
G0 F7200 X67.59 Y84.751
G0 X67.338 Y87.338
G0 X65.152 Y87.59
G0 X65.152 Y87.78
G1 F3000 X64.593 Y87.22 E1558.21651
G0 F7200 X63.691 Y87.22
G1 F3000 X63.13 Y87.78 E1558.23727
G0 F7200 X63.13 Y87.59
G0 X59.495 Y87.59
G0 X59.495 Y87.78
G1 F3000 X58.936 Y87.22 E1558.258
G0 F7200 X58.034 Y87.22
G1 F3000 X57.474 Y87.78 E1558.27874
G0 F7200 X57.474 Y87.59
G0 X53.838 Y87.59
G0 X53.838 Y87.78
G1 F3000 X53.279 Y87.22 E1558.29947
G0 F7200 X52.378 Y87.22
G1 F3000 X51.817 Y87.78 E1558.32023
G0 F7200 X51.817 Y87.59
G0 X48.181 Y87.59
G0 X48.181 Y87.779
G1 F3000 X47.622 Y87.22 E1558.34093
G0 F7200 X46.721 Y87.22
G1 F3000 X46.161 Y87.78 E1558.36168
G0 F7200 X46.161 Y87.59
G0 X42.524 Y87.59
G0 X42.524 Y87.779
G1 F3000 X41.965 Y87.22 E1558.38238
G0 F7200 X41.064 Y87.22
G1 F3000 X40.504 Y87.78 E1558.40313
G0 F7200 X40.504 Y87.59
G0 X36.867 Y87.59
G0 X36.867 Y87.779
G1 F3000 X34.476 Y85.388 E1558.49169
G1 X34.406 Y85.318
G0 F7200 X34.513 Y85.578
G0 X36.59 Y85.847
G0 X36.779 Y85.847
G1 F3000 X34.847 Y87.78 E1558.56328
G1 X34.777 Y87.85
G0 F7200 X34.777 Y87.59
G0 X67.338 Y87.338
G0 X66.924 Y86.924
;TYPE:WALL-INNER
G1 F2400 X66.589 Y87.1 E1558.57319
G1 X37.5 Y87.1 E1559.3351
G1 X37.02 Y86.861 E1559.34914
G1 X36.9 Y86.501 E1559.35908
G1 X36.9 Y85.1 E1559.39578
G1 X35.527 Y85.1 E1559.43174
G1 X34.967 Y85.143 E1559.44645
G1 X34.451 Y85.268 E1559.46036
G1 X33.949 Y85.477 E1559.4746
G1 X33.499 Y85.751 E1559.4884
G1 X33.098 Y86.098 E1559.50229
G1 X32.751 Y86.499 E1559.51618
G1 X32.476 Y86.95 E1559.53001
G1 X32.269 Y87.443 E1559.54402
G1 X32.16 Y87.899 E1559.5563
G1 X67.9 Y87.9 E1560.49241
G1 X67.9 Y12.1 E1562.47779
G1 X32.161 Y12.1 E1563.41388
G1 X32.265 Y12.547 E1563.4259
G1 X32.472 Y13.045 E1563.44003
G1 X32.75 Y13.497 E1563.45393
G1 X33.098 Y13.902 E1563.46791
G1 X33.499 Y14.245 E1563.48173
G1 X33.951 Y14.524 E1563.49565
G1 X34.45 Y14.731 E1563.5098
G1 X34.967 Y14.853 E1563.52371
G1 X35.529 Y14.9 E1563.53848
G1 X36.9 Y14.9 E1563.57439
G1 X36.9 Y13.5 E1563.61106
G1 X37.02 Y13.139 E1563.62103
G1 X37.409 Y12.9 E1563.63298
G1 X66.5 Y12.9 E1564.39495
G1 X66.924 Y13.076 E1564.40697
G1 X67.1 Y13.5 E1564.41899
G1 X67.1 Y86.589 E1566.33337
G1 X66.924 Y86.924 E1566.34328
G0 F7200 X66.698 Y86.535
;TYPE:WALL-OUTER
G1 F1200 X66.642 Y86.642 E1566.34644
G1 X66.535 Y86.698 E1566.34961
G1 X37.5 Y86.7 E1567.1101
G1 X37.34 Y86.621 E1567.11477
G1 X37.3 Y86.501 E1567.11809
G1 X37.3 Y84.7 E1567.16526
G1 X35.512 Y84.7 E1567.21209
G1 X34.904 Y84.747 E1567.22806
G1 X34.327 Y84.887 E1567.24362
G1 X33.767 Y85.119 E1567.25949
G1 X33.263 Y85.427 E1567.27496
G1 X32.814 Y85.814 E1567.29049
G1 X32.427 Y86.263 E1567.30601
G1 X32.119 Y86.768 E1567.32151
G1 X31.887 Y87.319 E1567.33717
G1 X31.747 Y87.911 E1567.3531
G1 X31.717 Y88.3 E1567.36332
G1 X68.3 Y88.3 E1568.32151
G1 X68.3 Y11.7 E1570.32785
G1 X31.717 Y11.7 E1571.28604
G1 X31.747 Y12.085 E1571.29616
G1 X31.883 Y12.67 E1571.31189
G1 X32.115 Y13.228 E1571.32772
G1 X32.426 Y13.733 E1571.34325
G1 X32.814 Y14.186 E1571.35887
G1 X33.263 Y14.569 E1571.37433
G1 X33.768 Y14.881 E1571.38988
G1 X34.326 Y15.113 E1571.40571
G1 X34.904 Y15.249 E1571.42126
G1 X35.513 Y15.3 E1571.43727
G1 X37.3 Y15.3 E1571.48407
G1 X37.3 Y13.5 E1571.53122
G1 X37.34 Y13.379 E1571.53456
G1 X37.465 Y13.302 E1571.5384
G1 X66.5 Y13.3 E1572.2989
G1 X66.642 Y13.358 E1572.30292
G1 X66.7 Y13.5 E1572.30693
G1 X66.698 Y86.535 E1574.21989
G0 F7200 X66.642 Y86.642
G0 X66.573 Y86.678
;MESH:NONMESH
G0 F600 Z13.65
G0 F7200 X66.573 Y87.41
G0 X67.338 Y12.662
G0 X34.848 Y12.41
G0 X34.848 Y12.22
;TIME_ELAPSED:2664.022227
;LAYER:89
;TYPE:FILL
;MESH:Wandhalterung TP-Link Media Converter.stl
G1 F3000 X36.78 Y14.153 E1574.29148
G1 X36.85 Y14.223
G0 F7200 X36.59 Y14.223
G0 X36.662 Y12.662
G0 X36.867 Y12.22
G1 F3000 X34.476 Y14.612 E1574.38006
G1 X34.406 Y14.682
G0 F7200 X34.514 Y14.423
G0 X36.662 Y12.662
G0 X40.504 Y12.41
G0 X40.504 Y12.22
G1 F3000 X41.064 Y12.78 E1574.4008
G0 F7200 X41.964 Y12.78
G1 F3000 X42.524 Y12.22 E1574.42155
G0 F7200 X42.524 Y12.41
G0 X46.161 Y12.41
G0 X46.161 Y12.22
G1 F3000 X46.721 Y12.78 E1574.44229
G0 F7200 X47.621 Y12.78
G1 F3000 X48.181 Y12.22 E1574.46303
G0 F7200 X48.181 Y12.41
G0 X51.818 Y12.41
G0 X51.818 Y12.22
G1 F3000 X52.378 Y12.78 E1574.48378
G0 F7200 X53.278 Y12.78
G1 F3000 X53.838 Y12.22 E1574.50452
G0 F7200 X53.838 Y12.41
G0 X57.475 Y12.41
G0 X57.475 Y12.22
G1 F3000 X58.034 Y12.78 E1574.52524
G0 F7200 X58.935 Y12.78
G1 F3000 X59.495 Y12.22 E1574.54599
G0 F7200 X59.495 Y12.41
G0 X63.132 Y12.41
G0 X63.132 Y12.22
G1 F3000 X63.691 Y12.78 E1574.56671
G0 F7200 X64.591 Y12.78
G1 F3000 X65.151 Y12.22 E1574.58746
G0 F7200 X65.151 Y12.41
G0 X67.338 Y12.662
G0 X67.59 Y15.248
G0 X67.78 Y15.248
G1 F3000 X67.22 Y15.808 E1574.6082
G0 F7200 X67.22 Y16.308
G1 F3000 X67.78 Y16.869 E1574.62896
G0 F7200 X67.59 Y16.869
G0 X67.59 Y20.905
G0 X67.78 Y20.905
G1 F3000 X67.22 Y21.465 E1574.6497
G0 F7200 X67.22 Y21.965
G1 F3000 X67.78 Y22.526 E1574.67047
G0 F7200 X67.59 Y22.526
G0 X67.59 Y26.562
G0 X67.78 Y26.562
G1 F3000 X67.22 Y27.122 E1574.69121
G0 F7200 X67.22 Y27.622
G1 F3000 X67.78 Y28.182 E1574.71195
G0 F7200 X67.59 Y28.182
G0 X67.59 Y32.219
G0 X67.78 Y32.219
G1 F3000 X67.22 Y32.779 E1574.7327
G0 F7200 X67.22 Y33.279
G1 F3000 X67.78 Y33.839 E1574.75344
G0 F7200 X67.59 Y33.839
G0 X67.59 Y37.875
G0 X67.78 Y37.875
G1 F3000 X67.22 Y38.435 E1574.77418
G0 F7200 X67.22 Y38.935
G1 F3000 X67.78 Y39.496 E1574.79494
G0 F7200 X67.59 Y39.496
G0 X67.59 Y43.532
G0 X67.78 Y43.532
G1 F3000 X67.22 Y44.092 E1574.81569
G0 F7200 X67.22 Y44.592
G1 F3000 X67.78 Y45.153 E1574.83645
G0 F7200 X67.59 Y45.153
G0 X67.59 Y49.189
G0 X67.78 Y49.189
G1 F3000 X67.22 Y49.749 E1574.85719
G0 F7200 X67.22 Y50.249
G1 F3000 X67.78 Y50.81 E1574.87795
G0 F7200 X67.59 Y50.81
G0 X67.59 Y54.846
G0 X67.78 Y54.846
G1 F3000 X67.22 Y55.406 E1574.8987
G0 F7200 X67.22 Y55.906
G1 F3000 X67.78 Y56.467 E1574.91946
G0 F7200 X67.59 Y56.467
G0 X67.59 Y60.503
G0 X67.78 Y60.503
G1 F3000 X67.22 Y61.063 E1574.9402
G0 F7200 X67.22 Y61.563
G1 F3000 X67.78 Y62.124 E1574.96097
G0 F7200 X67.59 Y62.124
G0 X67.59 Y66.16
G0 X67.78 Y66.16
G1 F3000 X67.22 Y66.72 E1574.98171
G0 F7200 X67.22 Y67.22
G1 F3000 X67.78 Y67.78 E1575.00245
G0 F7200 X67.59 Y67.78
G0 X67.59 Y71.817
G0 X67.78 Y71.817
G1 F3000 X67.22 Y72.377 E1575.02319
G0 F7200 X67.22 Y72.877
G1 F3000 X67.78 Y73.437 E1575.04394
G0 F7200 X67.59 Y73.437
G0 X67.59 Y77.473
G0 X67.78 Y77.473
G1 F3000 X67.22 Y78.033 E1575.06468
G0 F7200 X67.22 Y78.533
G1 F3000 X67.78 Y79.094 E1575.08544
G0 F7200 X67.59 Y79.094
G0 X67.59 Y83.13
G0 X67.78 Y83.13
G1 F3000 X67.22 Y83.69 E1575.10619
G0 F7200 X67.22 Y84.19
G1 F3000 X67.78 Y84.751 E1575.12695
G0 F7200 X67.59 Y84.751
G0 X67.338 Y87.338
G0 X65.152 Y87.59
G0 X65.152 Y87.78
G1 F3000 X64.593 Y87.22 E1575.14767
G0 F7200 X63.691 Y87.22
G1 F3000 X63.13 Y87.78 E1575.16844
G0 F7200 X63.13 Y87.59
G0 X59.495 Y87.59
G0 X59.495 Y87.78
G1 F3000 X58.936 Y87.22 E1575.18916
G0 F7200 X58.034 Y87.22
G1 F3000 X57.474 Y87.78 E1575.2099
G0 F7200 X57.474 Y87.59
G0 X53.838 Y87.59
G0 X53.838 Y87.78
G1 F3000 X53.279 Y87.22 E1575.23063
G0 F7200 X52.378 Y87.22
G1 F3000 X51.817 Y87.78 E1575.25139
G0 F7200 X51.817 Y87.59
G0 X48.181 Y87.59
G0 X48.181 Y87.779
G1 F3000 X47.622 Y87.22 E1575.2721
G0 F7200 X46.721 Y87.22
G1 F3000 X46.161 Y87.78 E1575.29284
G0 F7200 X46.161 Y87.59
G0 X42.524 Y87.59
G0 X42.524 Y87.779
G1 F3000 X41.965 Y87.22 E1575.31355
G0 F7200 X41.064 Y87.22
G1 F3000 X40.504 Y87.78 E1575.33429
G0 F7200 X40.504 Y87.59
G0 X36.867 Y87.59
G0 X36.867 Y87.779
G1 F3000 X34.476 Y85.388 E1575.42286
G1 X34.406 Y85.318
G0 F7200 X34.513 Y85.578
G0 X36.59 Y85.847
G0 X36.779 Y85.847
G1 F3000 X34.847 Y87.78 E1575.49444
G1 X34.777 Y87.85
G0 F7200 X34.777 Y87.59
G0 X67.338 Y87.338
G0 X66.924 Y86.924
;TYPE:WALL-INNER
G1 F2400 X66.589 Y87.1 E1575.50435
G1 X37.5 Y87.1 E1576.26626
G1 X37.02 Y86.861 E1576.2803
G1 X36.9 Y86.501 E1576.29024
G1 X36.9 Y85.1 E1576.32694
G1 X35.527 Y85.1 E1576.3629
G1 X34.967 Y85.143 E1576.37761
G1 X34.451 Y85.268 E1576.39152
G1 X33.949 Y85.477 E1576.40576
G1 X33.499 Y85.751 E1576.41956
G1 X33.098 Y86.098 E1576.43345
G1 X32.751 Y86.499 E1576.44734
G1 X32.476 Y86.95 E1576.46117
G1 X32.269 Y87.443 E1576.47518
G1 X32.16 Y87.899 E1576.48746
G1 X67.9 Y87.9 E1577.42357
G1 X67.9 Y12.1 E1579.40896
G1 X32.161 Y12.1 E1580.34504
G1 X32.265 Y12.547 E1580.35706
G1 X32.472 Y13.045 E1580.37119
G1 X32.75 Y13.497 E1580.38509
G1 X33.098 Y13.902 E1580.39908
G1 X33.499 Y14.245 E1580.4129
G1 X33.951 Y14.524 E1580.42681
G1 X34.45 Y14.731 E1580.44096
G1 X34.967 Y14.853 E1580.45487
G1 X35.529 Y14.9 E1580.46964
G1 X36.9 Y14.9 E1580.50555
G1 X36.9 Y13.5 E1580.54222
G1 X37.02 Y13.139 E1580.55219
G1 X37.409 Y12.9 E1580.56415
G1 X66.5 Y12.9 E1581.32611
G1 X66.924 Y13.076 E1581.33813
G1 X67.1 Y13.5 E1581.35016
G1 X67.1 Y86.589 E1583.26453
G1 X66.924 Y86.924 E1583.27444
G0 F7200 X66.698 Y86.535
;TYPE:WALL-OUTER
G1 F1200 X66.642 Y86.642 E1583.2776
G1 X66.535 Y86.698 E1583.28077
G1 X37.5 Y86.7 E1584.04126
G1 X37.34 Y86.621 E1584.04594
G1 X37.3 Y86.501 E1584.04925
G1 X37.3 Y84.7 E1584.09642
G1 X35.512 Y84.7 E1584.14325
G1 X34.904 Y84.747 E1584.15923
G1 X34.327 Y84.887 E1584.17478
G1 X33.767 Y85.119 E1584.19065
G1 X33.263 Y85.427 E1584.20612
G1 X32.814 Y85.814 E1584.22165
G1 X32.427 Y86.263 E1584.23718
G1 X32.119 Y86.768 E1584.25267
G1 X31.887 Y87.319 E1584.26833
G1 X31.747 Y87.911 E1584.28426
G1 X31.717 Y88.3 E1584.29448
G1 X68.3 Y88.3 E1585.25268
G1 X68.3 Y11.7 E1587.25901
G1 X31.717 Y11.7 E1588.21721
G1 X31.747 Y12.085 E1588.22732
G1 X31.883 Y12.67 E1588.24305
G1 X32.115 Y13.228 E1588.25888
G1 X32.426 Y13.733 E1588.27441
G1 X32.814 Y14.186 E1588.29004
G1 X33.263 Y14.569 E1588.30549
G1 X33.768 Y14.881 E1588.32104
G1 X34.326 Y15.113 E1588.33687
G1 X34.904 Y15.249 E1588.35242
G1 X35.513 Y15.3 E1588.36843
G1 X37.3 Y15.3 E1588.41524
G1 X37.3 Y13.5 E1588.46238
G1 X37.34 Y13.379 E1588.46572
G1 X37.465 Y13.302 E1588.46957
G1 X66.5 Y13.3 E1589.23006
G1 X66.642 Y13.358 E1589.23408
G1 X66.7 Y13.5 E1589.2381
G1 X66.698 Y86.535 E1591.15105
G0 F7200 X66.642 Y86.642
G0 X66.573 Y86.678
;MESH:NONMESH
G0 F600 Z13.8
G0 F7200 X66.573 Y87.41
G0 X67.338 Y12.662
G0 X34.848 Y12.41
G0 X34.848 Y12.22
;TIME_ELAPSED:2691.598334
;LAYER:90
;TYPE:FILL
;MESH:Wandhalterung TP-Link Media Converter.stl
G1 F3000 X36.78 Y14.153 E1591.22264
G1 X36.85 Y14.223
G0 F7200 X36.59 Y14.223
G0 X36.662 Y12.662
G0 X36.867 Y12.22
G1 F3000 X34.476 Y14.612 E1591.31122
G1 X34.406 Y14.682
G0 F7200 X34.514 Y14.423
G0 X36.662 Y12.662
G0 X40.504 Y12.41
G0 X40.504 Y12.22
G1 F3000 X41.064 Y12.78 E1591.33197
G0 F7200 X41.964 Y12.78
G1 F3000 X42.524 Y12.22 E1591.35271
G0 F7200 X42.524 Y12.41
G0 X46.161 Y12.41
G0 X46.161 Y12.22
G1 F3000 X46.721 Y12.78 E1591.37345
G0 F7200 X47.621 Y12.78
G1 F3000 X48.181 Y12.22 E1591.3942
G0 F7200 X48.181 Y12.41
G0 X51.818 Y12.41
G0 X51.818 Y12.22
G1 F3000 X52.378 Y12.78 E1591.41494
G0 F7200 X53.278 Y12.78
G1 F3000 X53.838 Y12.22 E1591.43568
G0 F7200 X53.838 Y12.41
G0 X57.475 Y12.41
G0 X57.475 Y12.22
G1 F3000 X58.034 Y12.78 E1591.45641
G0 F7200 X58.935 Y12.78
G1 F3000 X59.495 Y12.22 E1591.47715
G0 F7200 X59.495 Y12.41
G0 X63.132 Y12.41
G0 X63.132 Y12.22
G1 F3000 X63.691 Y12.78 E1591.49787
G0 F7200 X64.591 Y12.78
G1 F3000 X65.151 Y12.22 E1591.51862
G0 F7200 X65.151 Y12.41
G0 X67.338 Y12.662
G0 X67.59 Y15.248
G0 X67.78 Y15.248
G1 F3000 X67.22 Y15.808 E1591.53936
G0 F7200 X67.22 Y16.308
G1 F3000 X67.78 Y16.869 E1591.56012
G0 F7200 X67.59 Y16.869
G0 X67.59 Y20.905
G0 X67.78 Y20.905
G1 F3000 X67.22 Y21.465 E1591.58087
G0 F7200 X67.22 Y21.965
G1 F3000 X67.78 Y22.526 E1591.60163
G0 F7200 X67.59 Y22.526
G0 X67.59 Y26.562
G0 X67.78 Y26.562
G1 F3000 X67.22 Y27.122 E1591.62237
G0 F7200 X67.22 Y27.622
G1 F3000 X67.78 Y28.182 E1591.64311
G0 F7200 X67.59 Y28.182
G0 X67.59 Y32.219
G0 X67.78 Y32.219
G1 F3000 X67.22 Y32.779 E1591.66386
G0 F7200 X67.22 Y33.279
G1 F3000 X67.78 Y33.839 E1591.6846
G0 F7200 X67.59 Y33.839
G0 X67.59 Y37.875
G0 X67.78 Y37.875
G1 F3000 X67.22 Y38.435 E1591.70534
G0 F7200 X67.22 Y38.935
G1 F3000 X67.78 Y39.496 E1591.72611
G0 F7200 X67.59 Y39.496
G0 X67.59 Y43.532
G0 X67.78 Y43.532
G1 F3000 X67.22 Y44.092 E1591.74685
G0 F7200 X67.22 Y44.592
G1 F3000 X67.78 Y45.153 E1591.76761
G0 F7200 X67.59 Y45.153
G0 X67.59 Y49.189
G0 X67.78 Y49.189
G1 F3000 X67.22 Y49.749 E1591.78836
G0 F7200 X67.22 Y50.249
G1 F3000 X67.78 Y50.81 E1591.80912
G0 F7200 X67.59 Y50.81
G0 X67.59 Y54.846
G0 X67.78 Y54.846
G1 F3000 X67.22 Y55.406 E1591.82986
G0 F7200 X67.22 Y55.906
G1 F3000 X67.78 Y56.467 E1591.85062
G0 F7200 X67.59 Y56.467
G0 X67.59 Y60.503
G0 X67.78 Y60.503
G1 F3000 X67.22 Y61.063 E1591.87137
G0 F7200 X67.22 Y61.563
G1 F3000 X67.78 Y62.124 E1591.89213
G0 F7200 X67.59 Y62.124
G0 X67.59 Y66.16
G0 X67.78 Y66.16
G1 F3000 X67.22 Y66.72 E1591.91287
G0 F7200 X67.22 Y67.22
G1 F3000 X67.78 Y67.78 E1591.93361
G0 F7200 X67.59 Y67.78
G0 X67.59 Y71.817
G0 X67.78 Y71.817
G1 F3000 X67.22 Y72.377 E1591.95436
G0 F7200 X67.22 Y72.877
G1 F3000 X67.78 Y73.437 E1591.9751
G0 F7200 X67.59 Y73.437
G0 X67.59 Y77.473
G0 X67.78 Y77.473
G1 F3000 X67.22 Y78.033 E1591.99584
G0 F7200 X67.22 Y78.533
G1 F3000 X67.78 Y79.094 E1592.01661
G0 F7200 X67.59 Y79.094
G0 X67.59 Y83.13
G0 X67.78 Y83.13
G1 F3000 X67.22 Y83.69 E1592.03735
G0 F7200 X67.22 Y84.19
G1 F3000 X67.78 Y84.751 E1592.05811
G0 F7200 X67.59 Y84.751
G0 X67.338 Y87.338
G0 X65.152 Y87.59
G0 X65.152 Y87.78
G1 F3000 X64.593 Y87.22 E1592.07884
G0 F7200 X63.691 Y87.22
G1 F3000 X63.13 Y87.78 E1592.0996
G0 F7200 X63.13 Y87.59
G0 X59.495 Y87.59
G0 X59.495 Y87.78
G1 F3000 X58.936 Y87.22 E1592.12032
G0 F7200 X58.034 Y87.22
G1 F3000 X57.474 Y87.78 E1592.14107
G0 F7200 X57.474 Y87.59
G0 X53.838 Y87.59
G0 X53.838 Y87.78
G1 F3000 X53.279 Y87.22 E1592.16179
G0 F7200 X52.378 Y87.22
G1 F3000 X51.817 Y87.78 E1592.18255
G0 F7200 X51.817 Y87.59
G0 X48.181 Y87.59
G0 X48.181 Y87.779
G1 F3000 X47.622 Y87.22 E1592.20326
G0 F7200 X46.721 Y87.22
G1 F3000 X46.161 Y87.78 E1592.224
G0 F7200 X46.161 Y87.59
G0 X42.524 Y87.59
G0 X42.524 Y87.779
G1 F3000 X41.965 Y87.22 E1592.24471
G0 F7200 X41.064 Y87.22
G1 F3000 X40.504 Y87.78 E1592.26545
G0 F7200 X40.504 Y87.59
G0 X36.867 Y87.59
G0 X36.867 Y87.779
G1 F3000 X34.476 Y85.388 E1592.35402
G1 X34.406 Y85.318
G0 F7200 X34.513 Y85.578
G0 X36.59 Y85.847
G0 X36.779 Y85.847
G1 F3000 X34.847 Y87.78 E1592.4256
G1 X34.777 Y87.85
G0 F7200 X34.777 Y87.59
G0 X67.338 Y87.338
G0 X66.924 Y86.924
;TYPE:WALL-INNER
G1 F2400 X66.589 Y87.1 E1592.43551
G1 X37.5 Y87.1 E1593.19742
G1 X37.02 Y86.861 E1593.21147
G1 X36.9 Y86.501 E1593.22141
G1 X36.9 Y85.1 E1593.2581
G1 X35.527 Y85.1 E1593.29406
G1 X34.967 Y85.143 E1593.30877
G1 X34.451 Y85.268 E1593.32268
G1 X33.949 Y85.477 E1593.33692
G1 X33.499 Y85.751 E1593.35072
G1 X33.098 Y86.098 E1593.36461
G1 X32.751 Y86.499 E1593.3785
G1 X32.476 Y86.95 E1593.39234
G1 X32.269 Y87.443 E1593.40634
G1 X32.16 Y87.899 E1593.41862
G1 X67.9 Y87.9 E1594.35474
G1 X67.9 Y12.1 E1596.34012
G1 X32.161 Y12.1 E1597.27621
G1 X32.265 Y12.547 E1597.28823
G1 X32.472 Y13.045 E1597.30235
G1 X32.75 Y13.497 E1597.31625
G1 X33.098 Y13.902 E1597.33024
G1 X33.499 Y14.245 E1597.34406
G1 X33.951 Y14.524 E1597.35797
G1 X34.45 Y14.731 E1597.37212
G1 X34.967 Y14.853 E1597.38603
G1 X35.529 Y14.9 E1597.40081
G1 X36.9 Y14.9 E1597.43672
G1 X36.9 Y13.5 E1597.47339
G1 X37.02 Y13.139 E1597.48335
G1 X37.409 Y12.9 E1597.49531
G1 X66.5 Y12.9 E1598.25727
G1 X66.924 Y13.076 E1598.26929
G1 X67.1 Y13.5 E1598.28132
G1 X67.1 Y86.589 E1600.19569
G1 X66.924 Y86.924 E1600.2056
G0 F7200 X66.698 Y86.535
;TYPE:WALL-OUTER
G1 F1200 X66.642 Y86.642 E1600.20877
G1 X66.535 Y86.698 E1600.21193
G1 X37.5 Y86.7 E1600.97242
G1 X37.34 Y86.621 E1600.9771
G1 X37.3 Y86.501 E1600.98041
G1 X37.3 Y84.7 E1601.02758
G1 X35.512 Y84.7 E1601.07442
G1 X34.904 Y84.747 E1601.09039
G1 X34.327 Y84.887 E1601.10594
G1 X33.767 Y85.119 E1601.12182
G1 X33.263 Y85.427 E1601.13729
G1 X32.814 Y85.814 E1601.15281
G1 X32.427 Y86.263 E1601.16834
G1 X32.119 Y86.768 E1601.18383
G1 X31.887 Y87.319 E1601.19949
G1 X31.747 Y87.911 E1601.21542
G1 X31.717 Y88.3 E1601.22564
G1 X68.3 Y88.3 E1602.18384
G1 X68.3 Y11.7 E1604.19017
G1 X31.717 Y11.7 E1605.14837
G1 X31.747 Y12.085 E1605.15848
G1 X31.883 Y12.67 E1605.17421
G1 X32.115 Y13.228 E1605.19004
G1 X32.426 Y13.733 E1605.20558
G1 X32.814 Y14.186 E1605.2212
G1 X33.263 Y14.569 E1605.23666
G1 X33.768 Y14.881 E1605.2522
G1 X34.326 Y15.113 E1605.26803
G1 X34.904 Y15.249 E1605.28359
G1 X35.513 Y15.3 E1605.29959
G1 X37.3 Y15.3 E1605.3464
G1 X37.3 Y13.5 E1605.39354
G1 X37.34 Y13.379 E1605.39688
G1 X37.465 Y13.302 E1605.40073
G1 X66.5 Y13.3 E1606.16122
G1 X66.642 Y13.358 E1606.16524
G1 X66.7 Y13.5 E1606.16926
G1 X66.698 Y86.535 E1608.08222
G0 F7200 X66.642 Y86.642
G0 X66.573 Y86.678
;MESH:NONMESH
G0 F600 Z13.95
G0 F7200 X66.573 Y87.41
G0 X67.338 Y12.662
G0 X34.848 Y12.41
G0 X34.848 Y12.22
;TIME_ELAPSED:2719.174441
;LAYER:91
;TYPE:FILL
;MESH:Wandhalterung TP-Link Media Converter.stl
G1 F3000 X36.78 Y14.153 E1608.1538
G1 X36.85 Y14.223
G0 F7200 X36.59 Y14.223
G0 X36.662 Y12.662
G0 X36.867 Y12.22
G1 F3000 X34.476 Y14.612 E1608.24238
G1 X34.406 Y14.682
G0 F7200 X34.514 Y14.423
G0 X36.662 Y12.662
G0 X40.504 Y12.41
G0 X40.504 Y12.22
G1 F3000 X41.064 Y12.78 E1608.26313
G0 F7200 X41.964 Y12.78
G1 F3000 X42.524 Y12.22 E1608.28387
G0 F7200 X42.524 Y12.41
G0 X46.161 Y12.41
G0 X46.161 Y12.22
G1 F3000 X46.721 Y12.78 E1608.30461
G0 F7200 X47.621 Y12.78
G1 F3000 X48.181 Y12.22 E1608.32536
G0 F7200 X48.181 Y12.41
G0 X51.818 Y12.41
G0 X51.818 Y12.22
G1 F3000 X52.378 Y12.78 E1608.3461
G0 F7200 X53.278 Y12.78
G1 F3000 X53.838 Y12.22 E1608.36684
G0 F7200 X53.838 Y12.41
G0 X57.475 Y12.41
G0 X57.475 Y12.22
G1 F3000 X58.034 Y12.78 E1608.38757
G0 F7200 X58.935 Y12.78
G1 F3000 X59.495 Y12.22 E1608.40831
G0 F7200 X59.495 Y12.41
G0 X63.132 Y12.41
G0 X63.132 Y12.22
G1 F3000 X63.691 Y12.78 E1608.42904
G0 F7200 X64.591 Y12.78
G1 F3000 X65.151 Y12.22 E1608.44978
G0 F7200 X65.151 Y12.41
G0 X67.338 Y12.662
G0 X67.59 Y15.248
G0 X67.78 Y15.248
G1 F3000 X67.22 Y15.808 E1608.47052
G0 F7200 X67.22 Y16.308
G1 F3000 X67.78 Y16.869 E1608.49129
G0 F7200 X67.59 Y16.869
G0 X67.59 Y20.905
G0 X67.78 Y20.905
G1 F3000 X67.22 Y21.465 E1608.51203
G0 F7200 X67.22 Y21.965
G1 F3000 X67.78 Y22.526 E1608.53279
G0 F7200 X67.59 Y22.526
G0 X67.59 Y26.562
G0 X67.78 Y26.562
G1 F3000 X67.22 Y27.122 E1608.55353
G0 F7200 X67.22 Y27.622
G1 F3000 X67.78 Y28.182 E1608.57428
G0 F7200 X67.59 Y28.182
G0 X67.59 Y32.219
G0 X67.78 Y32.219
G1 F3000 X67.22 Y32.779 E1608.59502
G0 F7200 X67.22 Y33.279
G1 F3000 X67.78 Y33.839 E1608.61576
G0 F7200 X67.59 Y33.839
G0 X67.59 Y37.875
G0 X67.78 Y37.875
G1 F3000 X67.22 Y38.435 E1608.63651
G0 F7200 X67.22 Y38.935
G1 F3000 X67.78 Y39.496 E1608.65727
G0 F7200 X67.59 Y39.496
G0 X67.59 Y43.532
G0 X67.78 Y43.532
G1 F3000 X67.22 Y44.092 E1608.67801
G0 F7200 X67.22 Y44.592
G1 F3000 X67.78 Y45.153 E1608.69877
G0 F7200 X67.59 Y45.153
G0 X67.59 Y49.189
G0 X67.78 Y49.189
G1 F3000 X67.22 Y49.749 E1608.71952
G0 F7200 X67.22 Y50.249
G1 F3000 X67.78 Y50.81 E1608.74028
G0 F7200 X67.59 Y50.81
G0 X67.59 Y54.846
G0 X67.78 Y54.846
G1 F3000 X67.22 Y55.406 E1608.76102
G0 F7200 X67.22 Y55.906
G1 F3000 X67.78 Y56.467 E1608.78178
G0 F7200 X67.59 Y56.467
G0 X67.59 Y60.503
G0 X67.78 Y60.503
G1 F3000 X67.22 Y61.063 E1608.80253
G0 F7200 X67.22 Y61.563
G1 F3000 X67.78 Y62.124 E1608.82329
G0 F7200 X67.59 Y62.124
G0 X67.59 Y66.16
G0 X67.78 Y66.16
G1 F3000 X67.22 Y66.72 E1608.84403
G0 F7200 X67.22 Y67.22
G1 F3000 X67.78 Y67.78 E1608.86478
G0 F7200 X67.59 Y67.78
G0 X67.59 Y71.817
G0 X67.78 Y71.817
G1 F3000 X67.22 Y72.377 E1608.88552
G0 F7200 X67.22 Y72.877
G1 F3000 X67.78 Y73.437 E1608.90626
G0 F7200 X67.59 Y73.437
G0 X67.59 Y77.473
G0 X67.78 Y77.473
G1 F3000 X67.22 Y78.033 E1608.92701
G0 F7200 X67.22 Y78.533
G1 F3000 X67.78 Y79.094 E1608.94777
G0 F7200 X67.59 Y79.094
G0 X67.59 Y83.13
G0 X67.78 Y83.13
G1 F3000 X67.22 Y83.69 E1608.96851
G0 F7200 X67.22 Y84.19
G1 F3000 X67.78 Y84.751 E1608.98927
G0 F7200 X67.59 Y84.751
G0 X67.338 Y87.338
G0 X65.152 Y87.59
G0 X65.152 Y87.78
G1 F3000 X64.593 Y87.22 E1609.01
G0 F7200 X63.691 Y87.22
G1 F3000 X63.13 Y87.78 E1609.03076
G0 F7200 X63.13 Y87.59
G0 X59.495 Y87.59
G0 X59.495 Y87.78
G1 F3000 X58.936 Y87.22 E1609.05148
G0 F7200 X58.034 Y87.22
G1 F3000 X57.474 Y87.78 E1609.07223
G0 F7200 X57.474 Y87.59
G0 X53.838 Y87.59
G0 X53.838 Y87.78
G1 F3000 X53.279 Y87.22 E1609.09295
G0 F7200 X52.378 Y87.22
G1 F3000 X51.817 Y87.78 E1609.11371
G0 F7200 X51.817 Y87.59
G0 X48.181 Y87.59
G0 X48.181 Y87.779
G1 F3000 X47.622 Y87.22 E1609.13442
G0 F7200 X46.721 Y87.22
G1 F3000 X46.161 Y87.78 E1609.15516
G0 F7200 X46.161 Y87.59
G0 X42.524 Y87.59
G0 X42.524 Y87.779
G1 F3000 X41.965 Y87.22 E1609.17587
G0 F7200 X41.064 Y87.22
G1 F3000 X40.504 Y87.78 E1609.19661
G0 F7200 X40.504 Y87.59
G0 X36.867 Y87.59
G0 X36.867 Y87.779
G1 F3000 X34.476 Y85.388 E1609.28518
G1 X34.406 Y85.318
G0 F7200 X34.513 Y85.578
G0 X36.59 Y85.847
G0 X36.779 Y85.847
G1 F3000 X34.847 Y87.78 E1609.35676
G1 X34.777 Y87.85
G0 F7200 X34.777 Y87.59
G0 X67.338 Y87.338
G0 X66.924 Y86.924
;TYPE:WALL-INNER
G1 F2400 X66.589 Y87.1 E1609.36667
G1 X37.5 Y87.1 E1610.12858
G1 X37.02 Y86.861 E1610.14263
G1 X36.9 Y86.501 E1610.15257
G1 X36.9 Y85.1 E1610.18926
G1 X35.527 Y85.1 E1610.22522
G1 X34.967 Y85.143 E1610.23994
G1 X34.451 Y85.268 E1610.25384
G1 X33.949 Y85.477 E1610.26808
G1 X33.499 Y85.751 E1610.28188
G1 X33.098 Y86.098 E1610.29577
G1 X32.751 Y86.499 E1610.30966
G1 X32.476 Y86.95 E1610.3235
G1 X32.269 Y87.443 E1610.3375
G1 X32.16 Y87.899 E1610.34978
G1 X67.9 Y87.9 E1611.2859
G1 X67.9 Y12.1 E1613.27128
G1 X32.161 Y12.1 E1614.20737
G1 X32.265 Y12.547 E1614.21939
G1 X32.472 Y13.045 E1614.23351
G1 X32.75 Y13.497 E1614.24741
G1 X33.098 Y13.902 E1614.2614
G1 X33.499 Y14.245 E1614.27522
G1 X33.951 Y14.524 E1614.28913
G1 X34.45 Y14.731 E1614.30328
G1 X34.967 Y14.853 E1614.3172
G1 X35.529 Y14.9 E1614.33197
G1 X36.9 Y14.9 E1614.36788
G1 X36.9 Y13.5 E1614.40455
G1 X37.02 Y13.139 E1614.41451
G1 X37.409 Y12.9 E1614.42647
G1 X66.5 Y12.9 E1615.18843
G1 X66.924 Y13.076 E1615.20046
G1 X67.1 Y13.5 E1615.21248
G1 X67.1 Y86.589 E1617.12685
G1 X66.924 Y86.924 E1617.13676
G0 F7200 X66.698 Y86.535
;TYPE:WALL-OUTER
G1 F1200 X66.642 Y86.642 E1617.13993
G1 X66.535 Y86.698 E1617.14309
G1 X37.5 Y86.7 E1617.90359
G1 X37.34 Y86.621 E1617.90826
G1 X37.3 Y86.501 E1617.91157
G1 X37.3 Y84.7 E1617.95875
G1 X35.512 Y84.7 E1618.00558
G1 X34.904 Y84.747 E1618.02155
G1 X34.327 Y84.887 E1618.0371
G1 X33.767 Y85.119 E1618.05298
G1 X33.263 Y85.427 E1618.06845
G1 X32.814 Y85.814 E1618.08397
G1 X32.427 Y86.263 E1618.0995
G1 X32.119 Y86.768 E1618.11499
G1 X31.887 Y87.319 E1618.13065
G1 X31.747 Y87.911 E1618.14659
G1 X31.717 Y88.3 E1618.15681
G1 X68.3 Y88.3 E1619.115
G1 X68.3 Y11.7 E1621.12133
G1 X31.717 Y11.7 E1622.07953
G1 X31.747 Y12.085 E1622.08964
G1 X31.883 Y12.67 E1622.10538
G1 X32.115 Y13.228 E1622.1212
G1 X32.426 Y13.733 E1622.13674
G1 X32.814 Y14.186 E1622.15236
G1 X33.263 Y14.569 E1622.16782
G1 X33.768 Y14.881 E1622.18337
G1 X34.326 Y15.113 E1622.19919
G1 X34.904 Y15.249 E1622.21475
G1 X35.513 Y15.3 E1622.23075
G1 X37.3 Y15.3 E1622.27756
G1 X37.3 Y13.5 E1622.32471
G1 X37.34 Y13.379 E1622.32804
G1 X37.465 Y13.302 E1622.33189
G1 X66.5 Y13.3 E1623.09238
G1 X66.642 Y13.358 E1623.0964
G1 X66.7 Y13.5 E1623.10042
G1 X66.698 Y86.535 E1625.01338
G0 F7200 X66.642 Y86.642
G0 X66.573 Y86.678
;MESH:NONMESH
G0 F600 Z14.1
G0 F7200 X66.573 Y87.41
G0 X67.338 Y12.662
G0 X34.848 Y12.41
G0 X34.848 Y12.22
;TIME_ELAPSED:2746.750548
;LAYER:92
;TYPE:FILL
;MESH:Wandhalterung TP-Link Media Converter.stl
G1 F3000 X36.78 Y14.153 E1625.08496
G1 X36.85 Y14.223
G0 F7200 X36.59 Y14.223
G0 X36.662 Y12.662
G0 X36.867 Y12.22
G1 F3000 X34.476 Y14.612 E1625.17355
G1 X34.406 Y14.682
G0 F7200 X34.514 Y14.423
G0 X36.662 Y12.662
G0 X40.504 Y12.41
G0 X40.504 Y12.22
G1 F3000 X41.064 Y12.78 E1625.19429
G0 F7200 X41.964 Y12.78
G1 F3000 X42.524 Y12.22 E1625.21503
G0 F7200 X42.524 Y12.41
G0 X46.161 Y12.41
G0 X46.161 Y12.22
G1 F3000 X46.721 Y12.78 E1625.23578
G0 F7200 X47.621 Y12.78
G1 F3000 X48.181 Y12.22 E1625.25652
G0 F7200 X48.181 Y12.41
G0 X51.818 Y12.41
G0 X51.818 Y12.22
G1 F3000 X52.378 Y12.78 E1625.27726
G0 F7200 X53.278 Y12.78
G1 F3000 X53.838 Y12.22 E1625.29801
G0 F7200 X53.838 Y12.41
G0 X57.475 Y12.41
G0 X57.475 Y12.22
G1 F3000 X58.034 Y12.78 E1625.31873
G0 F7200 X58.935 Y12.78
G1 F3000 X59.495 Y12.22 E1625.33947
G0 F7200 X59.495 Y12.41
G0 X63.132 Y12.41
G0 X63.132 Y12.22
G1 F3000 X63.691 Y12.78 E1625.3602
G0 F7200 X64.591 Y12.78
G1 F3000 X65.151 Y12.22 E1625.38094
G0 F7200 X65.151 Y12.41
G0 X67.338 Y12.662
G0 X67.59 Y15.248
G0 X67.78 Y15.248
G1 F3000 X67.22 Y15.808 E1625.40169
G0 F7200 X67.22 Y16.308
G1 F3000 X67.78 Y16.869 E1625.42245
G0 F7200 X67.59 Y16.869
G0 X67.59 Y20.905
G0 X67.78 Y20.905
G1 F3000 X67.22 Y21.465 E1625.44319
G0 F7200 X67.22 Y21.965
G1 F3000 X67.78 Y22.526 E1625.46395
G0 F7200 X67.59 Y22.526
G0 X67.59 Y26.562
G0 X67.78 Y26.562
G1 F3000 X67.22 Y27.122 E1625.4847
G0 F7200 X67.22 Y27.622
G1 F3000 X67.78 Y28.182 E1625.50544
G0 F7200 X67.59 Y28.182
G0 X67.59 Y32.219
G0 X67.78 Y32.219
G1 F3000 X67.22 Y32.779 E1625.52618
G0 F7200 X67.22 Y33.279
G1 F3000 X67.78 Y33.839 E1625.54693
G0 F7200 X67.59 Y33.839
G0 X67.59 Y37.875
G0 X67.78 Y37.875
G1 F3000 X67.22 Y38.435 E1625.56767
G0 F7200 X67.22 Y38.935
G1 F3000 X67.78 Y39.496 E1625.58843
G0 F7200 X67.59 Y39.496
G0 X67.59 Y43.532
G0 X67.78 Y43.532
G1 F3000 X67.22 Y44.092 E1625.60917
G0 F7200 X67.22 Y44.592
G1 F3000 X67.78 Y45.153 E1625.62994
G0 F7200 X67.59 Y45.153
G0 X67.59 Y49.189
G0 X67.78 Y49.189
G1 F3000 X67.22 Y49.749 E1625.65068
G0 F7200 X67.22 Y50.249
G1 F3000 X67.78 Y50.81 E1625.67144
G0 F7200 X67.59 Y50.81
G0 X67.59 Y54.846
G0 X67.78 Y54.846
G1 F3000 X67.22 Y55.406 E1625.69218
G0 F7200 X67.22 Y55.906
G1 F3000 X67.78 Y56.467 E1625.71295
G0 F7200 X67.59 Y56.467
G0 X67.59 Y60.503
G0 X67.78 Y60.503
G1 F3000 X67.22 Y61.063 E1625.73369
G0 F7200 X67.22 Y61.563
G1 F3000 X67.78 Y62.124 E1625.75445
G0 F7200 X67.59 Y62.124
G0 X67.59 Y66.16
G0 X67.78 Y66.16
G1 F3000 X67.22 Y66.72 E1625.77519
G0 F7200 X67.22 Y67.22
G1 F3000 X67.78 Y67.78 E1625.79594
G0 F7200 X67.59 Y67.78
G0 X67.59 Y71.817
G0 X67.78 Y71.817
G1 F3000 X67.22 Y72.377 E1625.81668
G0 F7200 X67.22 Y72.877
G1 F3000 X67.78 Y73.437 E1625.83742
G0 F7200 X67.59 Y73.437
G0 X67.59 Y77.473
G0 X67.78 Y77.473
G1 F3000 X67.22 Y78.033 E1625.85817
G0 F7200 X67.22 Y78.533
G1 F3000 X67.78 Y79.094 E1625.87893
G0 F7200 X67.59 Y79.094
G0 X67.59 Y83.13
G0 X67.78 Y83.13
G1 F3000 X67.22 Y83.69 E1625.89967
G0 F7200 X67.22 Y84.19
G1 F3000 X67.78 Y84.751 E1625.92043
G0 F7200 X67.59 Y84.751
G0 X67.338 Y87.338
G0 X65.152 Y87.59
G0 X65.152 Y87.78
G1 F3000 X64.593 Y87.22 E1625.94116
G0 F7200 X63.691 Y87.22
G1 F3000 X63.13 Y87.78 E1625.96192
G0 F7200 X63.13 Y87.59
G0 X59.495 Y87.59
G0 X59.495 Y87.78
G1 F3000 X58.936 Y87.22 E1625.98265
G0 F7200 X58.034 Y87.22
G1 F3000 X57.474 Y87.78 E1626.00339
G0 F7200 X57.474 Y87.59
G0 X53.838 Y87.59
G0 X53.838 Y87.78
G1 F3000 X53.279 Y87.22 E1626.02411
G0 F7200 X52.378 Y87.22
G1 F3000 X51.817 Y87.78 E1626.04488
G0 F7200 X51.817 Y87.59
G0 X48.181 Y87.59
G0 X48.181 Y87.779
G1 F3000 X47.622 Y87.22 E1626.06558
G0 F7200 X46.721 Y87.22
G1 F3000 X46.161 Y87.78 E1626.08633
G0 F7200 X46.161 Y87.59
G0 X42.524 Y87.59
G0 X42.524 Y87.779
G1 F3000 X41.965 Y87.22 E1626.10703
G0 F7200 X41.064 Y87.22
G1 F3000 X40.504 Y87.78 E1626.12777
G0 F7200 X40.504 Y87.59
G0 X36.867 Y87.59
G0 X36.867 Y87.779
G1 F3000 X34.476 Y85.388 E1626.21634
G1 X34.406 Y85.318
G0 F7200 X34.513 Y85.578
G0 X36.59 Y85.847
G0 X36.779 Y85.847
G1 F3000 X34.847 Y87.78 E1626.28792
G1 X34.777 Y87.85
G0 F7200 X34.777 Y87.59
G0 X67.338 Y87.338
G0 X66.924 Y86.924
;TYPE:WALL-INNER
G1 F2400 X66.589 Y87.1 E1626.29784
G1 X37.5 Y87.1 E1627.05975
G1 X37.02 Y86.861 E1627.07379
G1 X36.9 Y86.501 E1627.08373
G1 X36.9 Y85.1 E1627.12042
G1 X35.527 Y85.1 E1627.15639
G1 X34.967 Y85.143 E1627.1711
G1 X34.451 Y85.268 E1627.185
G1 X33.949 Y85.477 E1627.19925
G1 X33.499 Y85.751 E1627.21305
G1 X33.098 Y86.098 E1627.22694
G1 X32.751 Y86.499 E1627.24083
G1 X32.476 Y86.95 E1627.25466
G1 X32.269 Y87.443 E1627.26867
G1 X32.16 Y87.899 E1627.28095
G1 X67.9 Y87.9 E1628.21706
G1 X67.9 Y12.1 E1630.20244
G1 X32.161 Y12.1 E1631.13853
G1 X32.265 Y12.547 E1631.15055
G1 X32.472 Y13.045 E1631.16468
G1 X32.75 Y13.497 E1631.17858
G1 X33.098 Y13.902 E1631.19256
G1 X33.499 Y14.245 E1631.20638
G1 X33.951 Y14.524 E1631.2203
G1 X34.45 Y14.731 E1631.23445
G1 X34.967 Y14.853 E1631.24836
G1 X35.529 Y14.9 E1631.26313
G1 X36.9 Y14.9 E1631.29904
G1 X36.9 Y13.5 E1631.33571
G1 X37.02 Y13.139 E1631.34567
G1 X37.409 Y12.9 E1631.35763
G1 X66.5 Y12.9 E1632.11959
G1 X66.924 Y13.076 E1632.13162
G1 X67.1 Y13.5 E1632.14364
G1 X67.1 Y86.589 E1634.05801
G1 X66.924 Y86.924 E1634.06793
G0 F7200 X66.698 Y86.535
;TYPE:WALL-OUTER
G1 F1200 X66.642 Y86.642 E1634.07109
G1 X66.535 Y86.698 E1634.07425
G1 X37.5 Y86.7 E1634.83475
G1 X37.34 Y86.621 E1634.83942
G1 X37.3 Y86.501 E1634.84274
G1 X37.3 Y84.7 E1634.88991
G1 X35.512 Y84.7 E1634.93674
G1 X34.904 Y84.747 E1634.95271
G1 X34.327 Y84.887 E1634.96826
G1 X33.767 Y85.119 E1634.98414
G1 X33.263 Y85.427 E1634.99961
G1 X32.814 Y85.814 E1635.01514
G1 X32.427 Y86.263 E1635.03066
G1 X32.119 Y86.768 E1635.04616
G1 X31.887 Y87.319 E1635.06181
G1 X31.747 Y87.911 E1635.07775
G1 X31.717 Y88.3 E1635.08797
G1 X68.3 Y88.3 E1636.04616
G1 X68.3 Y11.7 E1638.0525
G1 X31.717 Y11.7 E1639.01069
G1 X31.747 Y12.085 E1639.02081
G1 X31.883 Y12.67 E1639.03654
G1 X32.115 Y13.228 E1639.05237
G1 X32.426 Y13.733 E1639.0679
G1 X32.814 Y14.186 E1639.08352
G1 X33.263 Y14.569 E1639.09898
G1 X33.768 Y14.881 E1639.11453
G1 X34.326 Y15.113 E1639.13036
G1 X34.904 Y15.249 E1639.14591
G1 X35.513 Y15.3 E1639.16192
G1 X37.3 Y15.3 E1639.20872
G1 X37.3 Y13.5 E1639.25587
G1 X37.34 Y13.379 E1639.25921
G1 X37.465 Y13.302 E1639.26305
G1 X66.5 Y13.3 E1640.02355
G1 X66.642 Y13.358 E1640.02756
G1 X66.7 Y13.5 E1640.03158
G1 X66.698 Y86.535 E1641.94454
G0 F7200 X66.642 Y86.642
G0 X66.573 Y86.678
;MESH:NONMESH
G0 F600 Z14.25
G0 F7200 X66.573 Y87.41
G0 X67.338 Y12.662
G0 X34.848 Y12.41
G0 X34.848 Y12.22
;TIME_ELAPSED:2774.326654
;LAYER:93
;TYPE:FILL
;MESH:Wandhalterung TP-Link Media Converter.stl
G1 F3000 X36.78 Y14.153 E1642.01612
G1 X36.85 Y14.223
G0 F7200 X36.59 Y14.223
G0 X36.662 Y12.662
G0 X36.867 Y12.22
G1 F3000 X34.476 Y14.612 E1642.10471
G1 X34.406 Y14.682
G0 F7200 X34.514 Y14.423
G0 X36.662 Y12.662
G0 X40.504 Y12.41
G0 X40.504 Y12.22
G1 F3000 X41.064 Y12.78 E1642.12545
G0 F7200 X41.964 Y12.78
G1 F3000 X42.524 Y12.22 E1642.14619
G0 F7200 X42.524 Y12.41
G0 X46.161 Y12.41
G0 X46.161 Y12.22
G1 F3000 X46.721 Y12.78 E1642.16694
G0 F7200 X47.621 Y12.78
G1 F3000 X48.181 Y12.22 E1642.18768
G0 F7200 X48.181 Y12.41
G0 X51.818 Y12.41
G0 X51.818 Y12.22
G1 F3000 X52.378 Y12.78 E1642.20842
G0 F7200 X53.278 Y12.78
G1 F3000 X53.838 Y12.22 E1642.22917
G0 F7200 X53.838 Y12.41
G0 X57.475 Y12.41
G0 X57.475 Y12.22
G1 F3000 X58.034 Y12.78 E1642.24989
G0 F7200 X58.935 Y12.78
G1 F3000 X59.495 Y12.22 E1642.27064
G0 F7200 X59.495 Y12.41
G0 X63.132 Y12.41
G0 X63.132 Y12.22
G1 F3000 X63.691 Y12.78 E1642.29136
G0 F7200 X64.591 Y12.78
G1 F3000 X65.151 Y12.22 E1642.3121
G0 F7200 X65.151 Y12.41
G0 X67.338 Y12.662
G0 X67.59 Y15.248
G0 X67.78 Y15.248
G1 F3000 X67.22 Y15.808 E1642.33285
G0 F7200 X67.22 Y16.308
G1 F3000 X67.78 Y16.869 E1642.35361
G0 F7200 X67.59 Y16.869
G0 X67.59 Y20.905
G0 X67.78 Y20.905
G1 F3000 X67.22 Y21.465 E1642.37435
G0 F7200 X67.22 Y21.965
G1 F3000 X67.78 Y22.526 E1642.39511
G0 F7200 X67.59 Y22.526
G0 X67.59 Y26.562
G0 X67.78 Y26.562
G1 F3000 X67.22 Y27.122 E1642.41586
G0 F7200 X67.22 Y27.622
G1 F3000 X67.78 Y28.182 E1642.4366
G0 F7200 X67.59 Y28.182
G0 X67.59 Y32.219
G0 X67.78 Y32.219
G1 F3000 X67.22 Y32.779 E1642.45734
G0 F7200 X67.22 Y33.279
G1 F3000 X67.78 Y33.839 E1642.47809
G0 F7200 X67.59 Y33.839
G0 X67.59 Y37.875
G0 X67.78 Y37.875
G1 F3000 X67.22 Y38.435 E1642.49883
G0 F7200 X67.22 Y38.935
G1 F3000 X67.78 Y39.496 E1642.51959
G0 F7200 X67.59 Y39.496
G0 X67.59 Y43.532
G0 X67.78 Y43.532
G1 F3000 X67.22 Y44.092 E1642.54034
G0 F7200 X67.22 Y44.592
G1 F3000 X67.78 Y45.153 E1642.5611
G0 F7200 X67.59 Y45.153
G0 X67.59 Y49.189
G0 X67.78 Y49.189
G1 F3000 X67.22 Y49.749 E1642.58184
G0 F7200 X67.22 Y50.249
G1 F3000 X67.78 Y50.81 E1642.6026
G0 F7200 X67.59 Y50.81
G0 X67.59 Y54.846
G0 X67.78 Y54.846
G1 F3000 X67.22 Y55.406 E1642.62335
G0 F7200 X67.22 Y55.906
G1 F3000 X67.78 Y56.467 E1642.64411
G0 F7200 X67.59 Y56.467
G0 X67.59 Y60.503
G0 X67.78 Y60.503
G1 F3000 X67.22 Y61.063 E1642.66485
G0 F7200 X67.22 Y61.563
G1 F3000 X67.78 Y62.124 E1642.68561
G0 F7200 X67.59 Y62.124
G0 X67.59 Y66.16
G0 X67.78 Y66.16
G1 F3000 X67.22 Y66.72 E1642.70636
G0 F7200 X67.22 Y67.22
G1 F3000 X67.78 Y67.78 E1642.7271
G0 F7200 X67.59 Y67.78
G0 X67.59 Y71.817
G0 X67.78 Y71.817
G1 F3000 X67.22 Y72.377 E1642.74784
G0 F7200 X67.22 Y72.877
G1 F3000 X67.78 Y73.437 E1642.76859
G0 F7200 X67.59 Y73.437
G0 X67.59 Y77.473
G0 X67.78 Y77.473
G1 F3000 X67.22 Y78.033 E1642.78933
G0 F7200 X67.22 Y78.533
G1 F3000 X67.78 Y79.094 E1642.81009
G0 F7200 X67.59 Y79.094
G0 X67.59 Y83.13
G0 X67.78 Y83.13
G1 F3000 X67.22 Y83.69 E1642.83083
G0 F7200 X67.22 Y84.19
G1 F3000 X67.78 Y84.751 E1642.8516
G0 F7200 X67.59 Y84.751
G0 X67.338 Y87.338
G0 X65.152 Y87.59
G0 X65.152 Y87.78
G1 F3000 X64.593 Y87.22 E1642.87232
G0 F7200 X63.691 Y87.22
G1 F3000 X63.13 Y87.78 E1642.89308
G0 F7200 X63.13 Y87.59
G0 X59.495 Y87.59
G0 X59.495 Y87.78
G1 F3000 X58.936 Y87.22 E1642.91381
G0 F7200 X58.034 Y87.22
G1 F3000 X57.474 Y87.78 E1642.93455
G0 F7200 X57.474 Y87.59
G0 X53.838 Y87.59
G0 X53.838 Y87.78
G1 F3000 X53.279 Y87.22 E1642.95528
G0 F7200 X52.378 Y87.22
G1 F3000 X51.817 Y87.78 E1642.97604
G0 F7200 X51.817 Y87.59
G0 X48.181 Y87.59
G0 X48.181 Y87.779
G1 F3000 X47.622 Y87.22 E1642.99674
G0 F7200 X46.721 Y87.22
G1 F3000 X46.161 Y87.78 E1643.01749
G0 F7200 X46.161 Y87.59
G0 X42.524 Y87.59
G0 X42.524 Y87.779
G1 F3000 X41.965 Y87.22 E1643.03819
G0 F7200 X41.064 Y87.22
G1 F3000 X40.504 Y87.78 E1643.05894
G0 F7200 X40.504 Y87.59
G0 X36.867 Y87.59
G0 X36.867 Y87.779
G1 F3000 X34.476 Y85.388 E1643.1475
G1 X34.406 Y85.318
G0 F7200 X34.513 Y85.578
G0 X36.59 Y85.847
G0 X36.779 Y85.847
G1 F3000 X34.847 Y87.78 E1643.21909
G1 X34.777 Y87.85
G0 F7200 X34.777 Y87.59
G0 X67.338 Y87.338
G0 X66.924 Y86.924
;TYPE:WALL-INNER
G1 F2400 X66.589 Y87.1 E1643.229
G1 X37.5 Y87.1 E1643.99091
G1 X37.02 Y86.861 E1644.00495
G1 X36.9 Y86.501 E1644.01489
G1 X36.9 Y85.1 E1644.05159
G1 X35.527 Y85.1 E1644.08755
G1 X34.967 Y85.143 E1644.10226
G1 X34.451 Y85.268 E1644.11617
G1 X33.949 Y85.477 E1644.13041
G1 X33.499 Y85.751 E1644.14421
G1 X33.098 Y86.098 E1644.1581
G1 X32.751 Y86.499 E1644.17199
G1 X32.476 Y86.95 E1644.18582
G1 X32.269 Y87.443 E1644.19983
G1 X32.16 Y87.899 E1644.21211
G1 X67.9 Y87.9 E1645.14822
G1 X67.9 Y12.1 E1647.1336
G1 X32.161 Y12.1 E1648.06969
G1 X32.265 Y12.547 E1648.08171
G1 X32.472 Y13.045 E1648.09584
G1 X32.75 Y13.497 E1648.10974
G1 X33.098 Y13.902 E1648.12372
G1 X33.499 Y14.245 E1648.13754
G1 X33.951 Y14.524 E1648.15146
G1 X34.45 Y14.731 E1648.16561
G1 X34.967 Y14.853 E1648.17952
G1 X35.529 Y14.9 E1648.19429
G1 X36.9 Y14.9 E1648.2302
G1 X36.9 Y13.5 E1648.26687
G1 X37.02 Y13.139 E1648.27684
G1 X37.409 Y12.9 E1648.28879
G1 X66.5 Y12.9 E1649.05076
G1 X66.924 Y13.076 E1649.06278
G1 X67.1 Y13.5 E1649.0748
G1 X67.1 Y86.589 E1650.98918
G1 X66.924 Y86.924 E1650.99909
G0 F7200 X66.698 Y86.535
;TYPE:WALL-OUTER
G1 F1200 X66.642 Y86.642 E1651.00225
G1 X66.535 Y86.698 E1651.00542
G1 X37.5 Y86.7 E1651.76591
G1 X37.34 Y86.621 E1651.77058
G1 X37.3 Y86.501 E1651.7739
G1 X37.3 Y84.7 E1651.82107
G1 X35.512 Y84.7 E1651.8679
G1 X34.904 Y84.747 E1651.88387
G1 X34.327 Y84.887 E1651.89943
G1 X33.767 Y85.119 E1651.9153
G1 X33.263 Y85.427 E1651.93077
G1 X32.814 Y85.814 E1651.9463
G1 X32.427 Y86.263 E1651.96182
G1 X32.119 Y86.768 E1651.97732
G1 X31.887 Y87.319 E1651.99298
G1 X31.747 Y87.911 E1652.00891
G1 X31.717 Y88.3 E1652.01913
G1 X68.3 Y88.3 E1652.97732
G1 X68.3 Y11.7 E1654.98366
G1 X31.717 Y11.7 E1655.94185
G1 X31.747 Y12.085 E1655.95197
G1 X31.883 Y12.67 E1655.9677
G1 X32.115 Y13.228 E1655.98353
G1 X32.426 Y13.733 E1655.99906
G1 X32.814 Y14.186 E1656.01468
G1 X33.263 Y14.569 E1656.03014
G1 X33.768 Y14.881 E1656.04569
G1 X34.326 Y15.113 E1656.06152
G1 X34.904 Y15.249 E1656.07707
G1 X35.513 Y15.3 E1656.09308
G1 X37.3 Y15.3 E1656.13988
G1 X37.3 Y13.5 E1656.18703
G1 X37.34 Y13.379 E1656.19037
G1 X37.465 Y13.302 E1656.19421
G1 X66.5 Y13.3 E1656.95471
G1 X66.642 Y13.358 E1656.95873
G1 X66.7 Y13.5 E1656.96274
G1 X66.698 Y86.535 E1658.8757
G0 F7200 X66.642 Y86.642
G0 X66.573 Y86.678
;MESH:NONMESH
G0 F600 Z14.4
G0 F7200 X66.573 Y87.41
G0 X67.338 Y12.662
G0 X34.848 Y12.41
G0 X34.848 Y12.22
;TIME_ELAPSED:2801.902761
;LAYER:94
;TYPE:FILL
;MESH:Wandhalterung TP-Link Media Converter.stl
G1 F3000 X36.78 Y14.153 E1658.94729
G1 X36.85 Y14.223
G0 F7200 X36.59 Y14.223
G0 X36.662 Y12.662
G0 X36.867 Y12.22
G1 F3000 X34.476 Y14.612 E1659.03587
G1 X34.406 Y14.682
G0 F7200 X34.514 Y14.423
G0 X36.662 Y12.662
G0 X40.504 Y12.41
G0 X40.504 Y12.22
G1 F3000 X41.064 Y12.78 E1659.05661
G0 F7200 X41.964 Y12.78
G1 F3000 X42.524 Y12.22 E1659.07736
G0 F7200 X42.524 Y12.41
G0 X46.161 Y12.41
G0 X46.161 Y12.22
G1 F3000 X46.721 Y12.78 E1659.0981
G0 F7200 X47.621 Y12.78
G1 F3000 X48.181 Y12.22 E1659.11884
G0 F7200 X48.181 Y12.41
G0 X51.818 Y12.41
G0 X51.818 Y12.22
G1 F3000 X52.378 Y12.78 E1659.13959
G0 F7200 X53.278 Y12.78
G1 F3000 X53.838 Y12.22 E1659.16033
G0 F7200 X53.838 Y12.41
G0 X57.475 Y12.41
G0 X57.475 Y12.22
G1 F3000 X58.034 Y12.78 E1659.18105
G0 F7200 X58.935 Y12.78
G1 F3000 X59.495 Y12.22 E1659.2018
G0 F7200 X59.495 Y12.41
G0 X63.132 Y12.41
G0 X63.132 Y12.22
G1 F3000 X63.691 Y12.78 E1659.22252
G0 F7200 X64.591 Y12.78
G1 F3000 X65.151 Y12.22 E1659.24327
G0 F7200 X65.151 Y12.41
G0 X67.338 Y12.662
G0 X67.59 Y15.248
G0 X67.78 Y15.248
G1 F3000 X67.22 Y15.808 E1659.26401
G0 F7200 X67.22 Y16.308
G1 F3000 X67.78 Y16.869 E1659.28477
G0 F7200 X67.59 Y16.869
G0 X67.59 Y20.905
G0 X67.78 Y20.905
G1 F3000 X67.22 Y21.465 E1659.30551
G0 F7200 X67.22 Y21.965
G1 F3000 X67.78 Y22.526 E1659.32628
G0 F7200 X67.59 Y22.526
G0 X67.59 Y26.562
G0 X67.78 Y26.562
G1 F3000 X67.22 Y27.122 E1659.34702
G0 F7200 X67.22 Y27.622
G1 F3000 X67.78 Y28.182 E1659.36776
G0 F7200 X67.59 Y28.182
G0 X67.59 Y32.219
G0 X67.78 Y32.219
G1 F3000 X67.22 Y32.779 E1659.38851
G0 F7200 X67.22 Y33.279
G1 F3000 X67.78 Y33.839 E1659.40925
G0 F7200 X67.59 Y33.839
G0 X67.59 Y37.875
G0 X67.78 Y37.875
G1 F3000 X67.22 Y38.435 E1659.42999
G0 F7200 X67.22 Y38.935
G1 F3000 X67.78 Y39.496 E1659.45075
G0 F7200 X67.59 Y39.496
G0 X67.59 Y43.532
G0 X67.78 Y43.532
G1 F3000 X67.22 Y44.092 E1659.4715
G0 F7200 X67.22 Y44.592
G1 F3000 X67.78 Y45.153 E1659.49226
G0 F7200 X67.59 Y45.153
G0 X67.59 Y49.189
G0 X67.78 Y49.189
G1 F3000 X67.22 Y49.749 E1659.513
G0 F7200 X67.22 Y50.249
G1 F3000 X67.78 Y50.81 E1659.53376
G0 F7200 X67.59 Y50.81
G0 X67.59 Y54.846
G0 X67.78 Y54.846
G1 F3000 X67.22 Y55.406 E1659.55451
G0 F7200 X67.22 Y55.906
G1 F3000 X67.78 Y56.467 E1659.57527
G0 F7200 X67.59 Y56.467
G0 X67.59 Y60.503
G0 X67.78 Y60.503
G1 F3000 X67.22 Y61.063 E1659.59601
G0 F7200 X67.22 Y61.563
G1 F3000 X67.78 Y62.124 E1659.61678
G0 F7200 X67.59 Y62.124
G0 X67.59 Y66.16
G0 X67.78 Y66.16
G1 F3000 X67.22 Y66.72 E1659.63752
G0 F7200 X67.22 Y67.22
G1 F3000 X67.78 Y67.78 E1659.65826
G0 F7200 X67.59 Y67.78
G0 X67.59 Y71.817
G0 X67.78 Y71.817
G1 F3000 X67.22 Y72.377 E1659.679
G0 F7200 X67.22 Y72.877
G1 F3000 X67.78 Y73.437 E1659.69975
G0 F7200 X67.59 Y73.437
G0 X67.59 Y77.473
G0 X67.78 Y77.473
G1 F3000 X67.22 Y78.033 E1659.72049
G0 F7200 X67.22 Y78.533
G1 F3000 X67.78 Y79.094 E1659.74125
G0 F7200 X67.59 Y79.094
G0 X67.59 Y83.13
G0 X67.78 Y83.13
G1 F3000 X67.22 Y83.69 E1659.762
G0 F7200 X67.22 Y84.19
G1 F3000 X67.78 Y84.751 E1659.78276
G0 F7200 X67.59 Y84.751
G0 X67.338 Y87.338
G0 X65.152 Y87.59
G0 X65.152 Y87.78
G1 F3000 X64.593 Y87.22 E1659.80348
G0 F7200 X63.691 Y87.22
G1 F3000 X63.13 Y87.78 E1659.82424
G0 F7200 X63.13 Y87.59
G0 X59.495 Y87.59
G0 X59.495 Y87.78
G1 F3000 X58.936 Y87.22 E1659.84497
G0 F7200 X58.034 Y87.22
G1 F3000 X57.474 Y87.78 E1659.86571
G0 F7200 X57.474 Y87.59
G0 X53.838 Y87.59
G0 X53.838 Y87.78
G1 F3000 X53.279 Y87.22 E1659.88644
G0 F7200 X52.378 Y87.22
G1 F3000 X51.817 Y87.78 E1659.9072
G0 F7200 X51.817 Y87.59
G0 X48.181 Y87.59
G0 X48.181 Y87.779
G1 F3000 X47.622 Y87.22 E1659.92791
G0 F7200 X46.721 Y87.22
G1 F3000 X46.161 Y87.78 E1659.94865
G0 F7200 X46.161 Y87.59
G0 X42.524 Y87.59
G0 X42.524 Y87.779
G1 F3000 X41.965 Y87.22 E1659.96936
G0 F7200 X41.064 Y87.22
G1 F3000 X40.504 Y87.78 E1659.9901
G0 F7200 X40.504 Y87.59
G0 X36.867 Y87.59
G0 X36.867 Y87.779
G1 F3000 X34.476 Y85.388 E1660.07867
G1 X34.406 Y85.318
G0 F7200 X34.513 Y85.578
G0 X36.59 Y85.847
G0 X36.779 Y85.847
G1 F3000 X34.847 Y87.78 E1660.15025
G1 X34.777 Y87.85
G0 F7200 X34.777 Y87.59
G0 X67.338 Y87.338
G0 X66.924 Y86.924
;TYPE:WALL-INNER
G1 F2400 X66.589 Y87.1 E1660.16016
G1 X37.5 Y87.1 E1660.92207
G1 X37.02 Y86.861 E1660.93611
G1 X36.9 Y86.501 E1660.94605
G1 X36.9 Y85.1 E1660.98275
G1 X35.527 Y85.1 E1661.01871
G1 X34.967 Y85.143 E1661.03342
G1 X34.451 Y85.268 E1661.04733
G1 X33.949 Y85.477 E1661.06157
G1 X33.499 Y85.751 E1661.07537
G1 X33.098 Y86.098 E1661.08926
G1 X32.751 Y86.499 E1661.10315
G1 X32.476 Y86.95 E1661.11698
G1 X32.269 Y87.443 E1661.13099
G1 X32.16 Y87.899 E1661.14327
G1 X67.9 Y87.9 E1662.07938
G1 X67.9 Y12.1 E1664.06477
G1 X32.161 Y12.1 E1665.00085
G1 X32.265 Y12.547 E1665.01287
G1 X32.472 Y13.045 E1665.027
G1 X32.75 Y13.497 E1665.0409
G1 X33.098 Y13.902 E1665.05489
G1 X33.499 Y14.245 E1665.06871
G1 X33.951 Y14.524 E1665.08262
G1 X34.45 Y14.731 E1665.09677
G1 X34.967 Y14.853 E1665.11068
G1 X35.529 Y14.9 E1665.12545
G1 X36.9 Y14.9 E1665.16136
G1 X36.9 Y13.5 E1665.19803
G1 X37.02 Y13.139 E1665.208
G1 X37.409 Y12.9 E1665.21996
G1 X66.5 Y12.9 E1665.98192
G1 X66.924 Y13.076 E1665.99394
G1 X67.1 Y13.5 E1666.00597
G1 X67.1 Y86.589 E1667.92034
G1 X66.924 Y86.924 E1667.93025
G0 F7200 X66.698 Y86.535
;TYPE:WALL-OUTER
G1 F1200 X66.642 Y86.642 E1667.93341
G1 X66.535 Y86.698 E1667.93658
G1 X37.5 Y86.7 E1668.69707
G1 X37.34 Y86.621 E1668.70175
G1 X37.3 Y86.501 E1668.70506
G1 X37.3 Y84.7 E1668.75223
G1 X35.512 Y84.7 E1668.79906
G1 X34.904 Y84.747 E1668.81504
G1 X34.327 Y84.887 E1668.83059
G1 X33.767 Y85.119 E1668.84646
G1 X33.263 Y85.427 E1668.86193
G1 X32.814 Y85.814 E1668.87746
G1 X32.427 Y86.263 E1668.89299
G1 X32.119 Y86.768 E1668.90848
G1 X31.887 Y87.319 E1668.92414
G1 X31.747 Y87.911 E1668.94007
G1 X31.717 Y88.3 E1668.95029
G1 X68.3 Y88.3 E1669.90849
G1 X68.3 Y11.7 E1671.91482
G1 X31.717 Y11.7 E1672.87302
G1 X31.747 Y12.085 E1672.88313
G1 X31.883 Y12.67 E1672.89886
G1 X32.115 Y13.228 E1672.91469
G1 X32.426 Y13.733 E1672.93022
G1 X32.814 Y14.186 E1672.94585
G1 X33.263 Y14.569 E1672.9613
G1 X33.768 Y14.881 E1672.97685
G1 X34.326 Y15.113 E1672.99268
G1 X34.904 Y15.249 E1673.00823
G1 X35.513 Y15.3 E1673.02424
G1 X37.3 Y15.3 E1673.07105
G1 X37.3 Y13.5 E1673.11819
G1 X37.34 Y13.379 E1673.12153
G1 X37.465 Y13.302 E1673.12538
G1 X66.5 Y13.3 E1673.88587
G1 X66.642 Y13.358 E1673.88989
G1 X66.7 Y13.5 E1673.89391
G1 X66.698 Y86.535 E1675.80686
G0 F7200 X66.642 Y86.642
G0 X66.573 Y86.678
;MESH:NONMESH
G0 F600 Z14.55
G0 F7200 X66.573 Y87.41
G0 X67.338 Y12.662
G0 X34.848 Y12.41
G0 X34.848 Y12.22
;TIME_ELAPSED:2829.478868
;LAYER:95
;TYPE:FILL
;MESH:Wandhalterung TP-Link Media Converter.stl
G1 F3000 X36.78 Y14.153 E1675.87845
G1 X36.85 Y14.223
G0 F7200 X36.59 Y14.223
G0 X36.662 Y12.662
G0 X36.867 Y12.22
G1 F3000 X34.476 Y14.612 E1675.96703
G1 X34.406 Y14.682
G0 F7200 X34.514 Y14.423
G0 X36.662 Y12.662
G0 X40.504 Y12.41
G0 X40.504 Y12.22
G1 F3000 X41.064 Y12.78 E1675.98778
G0 F7200 X41.964 Y12.78
G1 F3000 X42.524 Y12.22 E1676.00852
G0 F7200 X42.524 Y12.41
G0 X46.161 Y12.41
G0 X46.161 Y12.22
G1 F3000 X46.721 Y12.78 E1676.02926
G0 F7200 X47.621 Y12.78
G1 F3000 X48.181 Y12.22 E1676.05001
G0 F7200 X48.181 Y12.41
G0 X51.818 Y12.41
G0 X51.818 Y12.22
G1 F3000 X52.378 Y12.78 E1676.07075
G0 F7200 X53.278 Y12.78
G1 F3000 X53.838 Y12.22 E1676.09149
G0 F7200 X53.838 Y12.41
G0 X57.475 Y12.41
G0 X57.475 Y12.22
G1 F3000 X58.034 Y12.78 E1676.11222
G0 F7200 X58.935 Y12.78
G1 F3000 X59.495 Y12.22 E1676.13296
G0 F7200 X59.495 Y12.41
G0 X63.132 Y12.41
G0 X63.132 Y12.22
G1 F3000 X63.691 Y12.78 E1676.15368
G0 F7200 X64.591 Y12.78
G1 F3000 X65.151 Y12.22 E1676.17443
G0 F7200 X65.151 Y12.41
G0 X67.338 Y12.662
G0 X67.59 Y15.248
G0 X67.78 Y15.248
G1 F3000 X67.22 Y15.808 E1676.19517
G0 F7200 X67.22 Y16.308
G1 F3000 X67.78 Y16.869 E1676.21593
G0 F7200 X67.59 Y16.869
G0 X67.59 Y20.905
G0 X67.78 Y20.905
G1 F3000 X67.22 Y21.465 E1676.23668
G0 F7200 X67.22 Y21.965
G1 F3000 X67.78 Y22.526 E1676.25744
G0 F7200 X67.59 Y22.526
G0 X67.59 Y26.562
G0 X67.78 Y26.562
G1 F3000 X67.22 Y27.122 E1676.27818
G0 F7200 X67.22 Y27.622
G1 F3000 X67.78 Y28.182 E1676.29892
G0 F7200 X67.59 Y28.182
G0 X67.59 Y32.219
G0 X67.78 Y32.219
G1 F3000 X67.22 Y32.779 E1676.31967
G0 F7200 X67.22 Y33.279
G1 F3000 X67.78 Y33.839 E1676.34041
G0 F7200 X67.59 Y33.839
G0 X67.59 Y37.875
G0 X67.78 Y37.875
G1 F3000 X67.22 Y38.435 E1676.36115
G0 F7200 X67.22 Y38.935
G1 F3000 X67.78 Y39.496 E1676.38192
G0 F7200 X67.59 Y39.496
G0 X67.59 Y43.532
G0 X67.78 Y43.532
G1 F3000 X67.22 Y44.092 E1676.40266
G0 F7200 X67.22 Y44.592
G1 F3000 X67.78 Y45.153 E1676.42342
G0 F7200 X67.59 Y45.153
G0 X67.59 Y49.189
G0 X67.78 Y49.189
G1 F3000 X67.22 Y49.749 E1676.44416
G0 F7200 X67.22 Y50.249
G1 F3000 X67.78 Y50.81 E1676.46493
G0 F7200 X67.59 Y50.81
G0 X67.59 Y54.846
G0 X67.78 Y54.846
G1 F3000 X67.22 Y55.406 E1676.48567
G0 F7200 X67.22 Y55.906
G1 F3000 X67.78 Y56.467 E1676.50643
G0 F7200 X67.59 Y56.467
G0 X67.59 Y60.503
G0 X67.78 Y60.503
G1 F3000 X67.22 Y61.063 E1676.52718
G0 F7200 X67.22 Y61.563
G1 F3000 X67.78 Y62.124 E1676.54794
G0 F7200 X67.59 Y62.124
G0 X67.59 Y66.16
G0 X67.78 Y66.16
G1 F3000 X67.22 Y66.72 E1676.56868
G0 F7200 X67.22 Y67.22
G1 F3000 X67.78 Y67.78 E1676.58942
G0 F7200 X67.59 Y67.78
G0 X67.59 Y71.817
G0 X67.78 Y71.817
G1 F3000 X67.22 Y72.377 E1676.61017
G0 F7200 X67.22 Y72.877
G1 F3000 X67.78 Y73.437 E1676.63091
G0 F7200 X67.59 Y73.437
G0 X67.59 Y77.473
G0 X67.78 Y77.473
G1 F3000 X67.22 Y78.033 E1676.65165
G0 F7200 X67.22 Y78.533
G1 F3000 X67.78 Y79.094 E1676.67242
G0 F7200 X67.59 Y79.094
G0 X67.59 Y83.13
G0 X67.78 Y83.13
G1 F3000 X67.22 Y83.69 E1676.69316
G0 F7200 X67.22 Y84.19
G1 F3000 X67.78 Y84.751 E1676.71392
G0 F7200 X67.59 Y84.751
G0 X67.338 Y87.338
G0 X65.152 Y87.59
G0 X65.152 Y87.78
G1 F3000 X64.593 Y87.22 E1676.73465
G0 F7200 X63.691 Y87.22
G1 F3000 X63.13 Y87.78 E1676.75541
G0 F7200 X63.13 Y87.59
G0 X59.495 Y87.59
G0 X59.495 Y87.78
G1 F3000 X58.936 Y87.22 E1676.77613
G0 F7200 X58.034 Y87.22
G1 F3000 X57.474 Y87.78 E1676.79688
G0 F7200 X57.474 Y87.59
G0 X53.838 Y87.59
G0 X53.838 Y87.78
G1 F3000 X53.279 Y87.22 E1676.8176
G0 F7200 X52.378 Y87.22
G1 F3000 X51.817 Y87.78 E1676.83836
G0 F7200 X51.817 Y87.59
G0 X48.181 Y87.59
G0 X48.181 Y87.779
G1 F3000 X47.622 Y87.22 E1676.85907
G0 F7200 X46.721 Y87.22
G1 F3000 X46.161 Y87.78 E1676.87981
G0 F7200 X46.161 Y87.59
G0 X42.524 Y87.59
G0 X42.524 Y87.779
G1 F3000 X41.965 Y87.22 E1676.90052
G0 F7200 X41.064 Y87.22
G1 F3000 X40.504 Y87.78 E1676.92126
G0 F7200 X40.504 Y87.59
G0 X36.867 Y87.59
G0 X36.867 Y87.779
G1 F3000 X34.476 Y85.388 E1677.00983
G1 X34.406 Y85.318
G0 F7200 X34.513 Y85.578
G0 X36.59 Y85.847
G0 X36.779 Y85.847
G1 F3000 X34.847 Y87.78 E1677.08141
G1 X34.777 Y87.85
G0 F7200 X34.777 Y87.59
G0 X67.338 Y87.338
G0 X66.924 Y86.924
;TYPE:WALL-INNER
G1 F2400 X66.589 Y87.1 E1677.09132
G1 X37.5 Y87.1 E1677.85323
G1 X37.02 Y86.861 E1677.86728
G1 X36.9 Y86.501 E1677.87722
G1 X36.9 Y85.1 E1677.91391
G1 X35.527 Y85.1 E1677.94987
G1 X34.967 Y85.143 E1677.96458
G1 X34.451 Y85.268 E1677.97849
G1 X33.949 Y85.477 E1677.99273
G1 X33.499 Y85.751 E1678.00653
G1 X33.098 Y86.098 E1678.02042
G1 X32.751 Y86.499 E1678.03431
G1 X32.476 Y86.95 E1678.04815
G1 X32.269 Y87.443 E1678.06215
G1 X32.16 Y87.899 E1678.07443
G1 X67.9 Y87.9 E1679.01055
G1 X67.9 Y12.1 E1680.99593
G1 X32.161 Y12.1 E1681.93202
G1 X32.265 Y12.547 E1681.94404
G1 X32.472 Y13.045 E1681.95816
G1 X32.75 Y13.497 E1681.97206
G1 X33.098 Y13.902 E1681.98605
G1 X33.499 Y14.245 E1681.99987
G1 X33.951 Y14.524 E1682.01378
G1 X34.45 Y14.731 E1682.02793
G1 X34.967 Y14.853 E1682.04184
G1 X35.529 Y14.9 E1682.05662
G1 X36.9 Y14.9 E1682.09253
G1 X36.9 Y13.5 E1682.12919
G1 X37.02 Y13.139 E1682.13916
G1 X37.409 Y12.9 E1682.15112
G1 X66.5 Y12.9 E1682.91308
G1 X66.924 Y13.076 E1682.9251
G1 X67.1 Y13.5 E1682.93713
G1 X67.1 Y86.589 E1684.8515
G1 X66.924 Y86.924 E1684.86141
G0 F7200 X66.698 Y86.535
;TYPE:WALL-OUTER
G1 F1200 X66.642 Y86.642 E1684.86458
G1 X66.535 Y86.698 E1684.86774
G1 X37.5 Y86.7 E1685.62823
G1 X37.34 Y86.621 E1685.63291
G1 X37.3 Y86.501 E1685.63622
G1 X37.3 Y84.7 E1685.68339
G1 X35.512 Y84.7 E1685.73023
G1 X34.904 Y84.747 E1685.7462
G1 X34.327 Y84.887 E1685.76175
G1 X33.767 Y85.119 E1685.77763
G1 X33.263 Y85.427 E1685.7931
G1 X32.814 Y85.814 E1685.80862
G1 X32.427 Y86.263 E1685.82415
G1 X32.119 Y86.768 E1685.83964
G1 X31.887 Y87.319 E1685.8553
G1 X31.747 Y87.911 E1685.87123
G1 X31.717 Y88.3 E1685.88145
G1 X68.3 Y88.3 E1686.83965
G1 X68.3 Y11.7 E1688.84598
G1 X31.717 Y11.7 E1689.80418
G1 X31.747 Y12.085 E1689.81429
G1 X31.883 Y12.67 E1689.83002
G1 X32.115 Y13.228 E1689.84585
G1 X32.426 Y13.733 E1689.86139
G1 X32.814 Y14.186 E1689.87701
G1 X33.263 Y14.569 E1689.89247
G1 X33.768 Y14.881 E1689.90801
G1 X34.326 Y15.113 E1689.92384
G1 X34.904 Y15.249 E1689.9394
G1 X35.513 Y15.3 E1689.9554
G1 X37.3 Y15.3 E1690.00221
G1 X37.3 Y13.5 E1690.04935
G1 X37.34 Y13.379 E1690.05269
G1 X37.465 Y13.302 E1690.05654
G1 X66.5 Y13.3 E1690.81703
G1 X66.642 Y13.358 E1690.82105
G1 X66.7 Y13.5 E1690.82507
G1 X66.698 Y86.535 E1692.73803
G0 F7200 X66.642 Y86.642
G0 X66.573 Y86.678
;MESH:NONMESH
G0 F600 Z14.7
G0 F7200 X66.573 Y87.41
G0 X67.338 Y12.662
G0 X34.848 Y12.41
G0 X34.848 Y12.22
;TIME_ELAPSED:2857.054975
;LAYER:96
;TYPE:FILL
;MESH:Wandhalterung TP-Link Media Converter.stl
G1 F3000 X36.78 Y14.153 E1692.80961
G1 X36.85 Y14.223
G0 F7200 X36.59 Y14.223
G0 X36.662 Y12.662
G0 X36.867 Y12.22
G1 F3000 X34.476 Y14.612 E1692.89819
G1 X34.406 Y14.682
G0 F7200 X34.514 Y14.423
G0 X36.662 Y12.662
G0 X40.504 Y12.41
G0 X40.504 Y12.22
G1 F3000 X41.064 Y12.78 E1692.91894
G0 F7200 X41.964 Y12.78
G1 F3000 X42.524 Y12.22 E1692.93968
G0 F7200 X42.524 Y12.41
G0 X46.161 Y12.41
G0 X46.161 Y12.22
G1 F3000 X46.721 Y12.78 E1692.96042
G0 F7200 X47.621 Y12.78
G1 F3000 X48.181 Y12.22 E1692.98117
G0 F7200 X48.181 Y12.41
G0 X51.818 Y12.41
G0 X51.818 Y12.22
G1 F3000 X52.378 Y12.78 E1693.00191
G0 F7200 X53.278 Y12.78
G1 F3000 X53.838 Y12.22 E1693.02265
G0 F7200 X53.838 Y12.41
G0 X57.475 Y12.41
G0 X57.475 Y12.22
G1 F3000 X58.034 Y12.78 E1693.04338
G0 F7200 X58.935 Y12.78
G1 F3000 X59.495 Y12.22 E1693.06412
G0 F7200 X59.495 Y12.41
G0 X63.132 Y12.41
G0 X63.132 Y12.22
G1 F3000 X63.691 Y12.78 E1693.08485
G0 F7200 X64.591 Y12.78
G1 F3000 X65.151 Y12.22 E1693.10559
G0 F7200 X65.151 Y12.41
G0 X67.338 Y12.662
G0 X67.59 Y15.248
G0 X67.78 Y15.248
G1 F3000 X67.22 Y15.808 E1693.12633
G0 F7200 X67.22 Y16.308
G1 F3000 X67.78 Y16.869 E1693.1471
G0 F7200 X67.59 Y16.869
G0 X67.59 Y20.905
G0 X67.78 Y20.905
G1 F3000 X67.22 Y21.465 E1693.16784
G0 F7200 X67.22 Y21.965
G1 F3000 X67.78 Y22.526 E1693.1886
G0 F7200 X67.59 Y22.526
G0 X67.59 Y26.562
G0 X67.78 Y26.562
G1 F3000 X67.22 Y27.122 E1693.20934
G0 F7200 X67.22 Y27.622
G1 F3000 X67.78 Y28.182 E1693.23009
G0 F7200 X67.59 Y28.182
G0 X67.59 Y32.219
G0 X67.78 Y32.219
G1 F3000 X67.22 Y32.779 E1693.25083
G0 F7200 X67.22 Y33.279
G1 F3000 X67.78 Y33.839 E1693.27157
G0 F7200 X67.59 Y33.839
G0 X67.59 Y37.875
G0 X67.78 Y37.875
G1 F3000 X67.22 Y38.435 E1693.29232
G0 F7200 X67.22 Y38.935
G1 F3000 X67.78 Y39.496 E1693.31308
G0 F7200 X67.59 Y39.496
G0 X67.59 Y43.532
G0 X67.78 Y43.532
G1 F3000 X67.22 Y44.092 E1693.33382
G0 F7200 X67.22 Y44.592
G1 F3000 X67.78 Y45.153 E1693.35458
G0 F7200 X67.59 Y45.153
G0 X67.59 Y49.189
G0 X67.78 Y49.189
G1 F3000 X67.22 Y49.749 E1693.37533
G0 F7200 X67.22 Y50.249
G1 F3000 X67.78 Y50.81 E1693.39609
G0 F7200 X67.59 Y50.81
G0 X67.59 Y54.846
G0 X67.78 Y54.846
G1 F3000 X67.22 Y55.406 E1693.41683
G0 F7200 X67.22 Y55.906
G1 F3000 X67.78 Y56.467 E1693.43759
G0 F7200 X67.59 Y56.467
G0 X67.59 Y60.503
G0 X67.78 Y60.503
G1 F3000 X67.22 Y61.063 E1693.45834
G0 F7200 X67.22 Y61.563
G1 F3000 X67.78 Y62.124 E1693.4791
G0 F7200 X67.59 Y62.124
G0 X67.59 Y66.16
G0 X67.78 Y66.16
G1 F3000 X67.22 Y66.72 E1693.49984
G0 F7200 X67.22 Y67.22
G1 F3000 X67.78 Y67.78 E1693.52059
G0 F7200 X67.59 Y67.78
G0 X67.59 Y71.817
G0 X67.78 Y71.817
G1 F3000 X67.22 Y72.377 E1693.54133
G0 F7200 X67.22 Y72.877
G1 F3000 X67.78 Y73.437 E1693.56207
G0 F7200 X67.59 Y73.437
G0 X67.59 Y77.473
G0 X67.78 Y77.473
G1 F3000 X67.22 Y78.033 E1693.58282
G0 F7200 X67.22 Y78.533
G1 F3000 X67.78 Y79.094 E1693.60358
G0 F7200 X67.59 Y79.094
G0 X67.59 Y83.13
G0 X67.78 Y83.13
G1 F3000 X67.22 Y83.69 E1693.62432
G0 F7200 X67.22 Y84.19
G1 F3000 X67.78 Y84.751 E1693.64508
G0 F7200 X67.59 Y84.751
G0 X67.338 Y87.338
G0 X65.152 Y87.59
G0 X65.152 Y87.78
G1 F3000 X64.593 Y87.22 E1693.66581
G0 F7200 X63.691 Y87.22
G1 F3000 X63.13 Y87.78 E1693.68657
G0 F7200 X63.13 Y87.59
G0 X59.495 Y87.59
G0 X59.495 Y87.78
G1 F3000 X58.936 Y87.22 E1693.70729
G0 F7200 X58.034 Y87.22
G1 F3000 X57.474 Y87.78 E1693.72804
G0 F7200 X57.474 Y87.59
G0 X53.838 Y87.59
G0 X53.838 Y87.78
G1 F3000 X53.279 Y87.22 E1693.74876
G0 F7200 X52.378 Y87.22
G1 F3000 X51.817 Y87.78 E1693.76952
G0 F7200 X51.817 Y87.59
G0 X48.181 Y87.59
G0 X48.181 Y87.779
G1 F3000 X47.622 Y87.22 E1693.79023
G0 F7200 X46.721 Y87.22
G1 F3000 X46.161 Y87.78 E1693.81097
G0 F7200 X46.161 Y87.59
G0 X42.524 Y87.59
G0 X42.524 Y87.779
G1 F3000 X41.965 Y87.22 E1693.83168
G0 F7200 X41.064 Y87.22
G1 F3000 X40.504 Y87.78 E1693.85242
G0 F7200 X40.504 Y87.59
G0 X36.867 Y87.59
G0 X36.867 Y87.779
G1 F3000 X34.476 Y85.388 E1693.94099
G1 X34.406 Y85.318
G0 F7200 X34.513 Y85.578
G0 X36.59 Y85.847
G0 X36.779 Y85.847
G1 F3000 X34.847 Y87.78 E1694.01257
G1 X34.777 Y87.85
G0 F7200 X34.777 Y87.59
G0 X67.338 Y87.338
G0 X66.924 Y86.924
;TYPE:WALL-INNER
G1 F2400 X66.589 Y87.1 E1694.02248
G1 X37.5 Y87.1 E1694.78439
G1 X37.02 Y86.861 E1694.79844
G1 X36.9 Y86.501 E1694.80838
G1 X36.9 Y85.1 E1694.84507
G1 X35.527 Y85.1 E1694.88103
G1 X34.967 Y85.143 E1694.89575
G1 X34.451 Y85.268 E1694.90965
G1 X33.949 Y85.477 E1694.92389
G1 X33.499 Y85.751 E1694.93769
G1 X33.098 Y86.098 E1694.95158
G1 X32.751 Y86.499 E1694.96547
G1 X32.476 Y86.95 E1694.97931
G1 X32.269 Y87.443 E1694.99331
G1 X32.16 Y87.899 E1695.00559
G1 X67.9 Y87.9 E1695.94171
G1 X67.9 Y12.1 E1697.92709
G1 X32.161 Y12.1 E1698.86318
G1 X32.265 Y12.547 E1698.8752
G1 X32.472 Y13.045 E1698.88932
G1 X32.75 Y13.497 E1698.90322
G1 X33.098 Y13.902 E1698.91721
G1 X33.499 Y14.245 E1698.93103
G1 X33.951 Y14.524 E1698.94494
G1 X34.45 Y14.731 E1698.95909
G1 X34.967 Y14.853 E1698.97301
G1 X35.529 Y14.9 E1698.98778
G1 X36.9 Y14.9 E1699.02369
G1 X36.9 Y13.5 E1699.06036
G1 X37.02 Y13.139 E1699.07032
G1 X37.409 Y12.9 E1699.08228
G1 X66.5 Y12.9 E1699.84424
G1 X66.924 Y13.076 E1699.85627
G1 X67.1 Y13.5 E1699.86829
G1 X67.1 Y86.589 E1701.78266
G1 X66.924 Y86.924 E1701.79257
G0 F7200 X66.698 Y86.535
;TYPE:WALL-OUTER
G1 F1200 X66.642 Y86.642 E1701.79574
G1 X66.535 Y86.698 E1701.7989
G1 X37.5 Y86.7 E1702.5594
G1 X37.34 Y86.621 E1702.56407
G1 X37.3 Y86.501 E1702.56738
G1 X37.3 Y84.7 E1702.61456
G1 X35.512 Y84.7 E1702.66139
G1 X34.904 Y84.747 E1702.67736
G1 X34.327 Y84.887 E1702.69291
G1 X33.767 Y85.119 E1702.70879
G1 X33.263 Y85.427 E1702.72426
G1 X32.814 Y85.814 E1702.73978
G1 X32.427 Y86.263 E1702.75531
G1 X32.119 Y86.768 E1702.7708
G1 X31.887 Y87.319 E1702.78646
G1 X31.747 Y87.911 E1702.8024
G1 X31.717 Y88.3 E1702.81262
G1 X68.3 Y88.3 E1703.77081
G1 X68.3 Y11.7 E1705.77714
G1 X31.717 Y11.7 E1706.73534
G1 X31.747 Y12.085 E1706.74545
G1 X31.883 Y12.67 E1706.76119
G1 X32.115 Y13.228 E1706.77701
G1 X32.426 Y13.733 E1706.79255
G1 X32.814 Y14.186 E1706.80817
G1 X33.263 Y14.569 E1706.82363
G1 X33.768 Y14.881 E1706.83918
G1 X34.326 Y15.113 E1706.855
G1 X34.904 Y15.249 E1706.87056
G1 X35.513 Y15.3 E1706.88656
G1 X37.3 Y15.3 E1706.93337
G1 X37.3 Y13.5 E1706.98052
G1 X37.34 Y13.379 E1706.98385
G1 X37.465 Y13.302 E1706.9877
G1 X66.5 Y13.3 E1707.74819
G1 X66.642 Y13.358 E1707.75221
G1 X66.7 Y13.5 E1707.75623
G1 X66.698 Y86.535 E1709.66919
G0 F7200 X66.642 Y86.642
G0 X66.573 Y86.678
;MESH:NONMESH
G0 F600 Z14.85
G0 F7200 X66.573 Y87.41
G0 X67.338 Y12.662
G0 X34.848 Y12.41
G0 X34.848 Y12.22
;TIME_ELAPSED:2884.631081
;LAYER:97
;TYPE:FILL
;MESH:Wandhalterung TP-Link Media Converter.stl
G1 F3000 X36.78 Y14.153 E1709.74077
G1 X36.85 Y14.223
G0 F7200 X36.59 Y14.223
G0 X36.662 Y12.662
G0 X36.867 Y12.22
G1 F3000 X34.476 Y14.612 E1709.82936
G1 X34.406 Y14.682
G0 F7200 X34.514 Y14.423
G0 X36.662 Y12.662
G0 X40.504 Y12.41
G0 X40.504 Y12.22
G1 F3000 X41.064 Y12.78 E1709.8501
G0 F7200 X41.964 Y12.78
G1 F3000 X42.524 Y12.22 E1709.87084
G0 F7200 X42.524 Y12.41
G0 X46.161 Y12.41
G0 X46.161 Y12.22
G1 F3000 X46.721 Y12.78 E1709.89159
G0 F7200 X47.621 Y12.78
G1 F3000 X48.181 Y12.22 E1709.91233
G0 F7200 X48.181 Y12.41
G0 X51.818 Y12.41
G0 X51.818 Y12.22
G1 F3000 X52.378 Y12.78 E1709.93307
G0 F7200 X53.278 Y12.78
G1 F3000 X53.838 Y12.22 E1709.95382
G0 F7200 X53.838 Y12.41
G0 X57.475 Y12.41
G0 X57.475 Y12.22
G1 F3000 X58.034 Y12.78 E1709.97454
G0 F7200 X58.935 Y12.78
G1 F3000 X59.495 Y12.22 E1709.99528
G0 F7200 X59.495 Y12.41
G0 X63.132 Y12.41
G0 X63.132 Y12.22
G1 F3000 X63.691 Y12.78 E1710.01601
G0 F7200 X64.591 Y12.78
G1 F3000 X65.151 Y12.22 E1710.03675
G0 F7200 X65.151 Y12.41
G0 X67.338 Y12.662
G0 X67.59 Y15.248
G0 X67.78 Y15.248
G1 F3000 X67.22 Y15.808 E1710.0575
G0 F7200 X67.22 Y16.308
G1 F3000 X67.78 Y16.869 E1710.07826
G0 F7200 X67.59 Y16.869
G0 X67.59 Y20.905
G0 X67.78 Y20.905
G1 F3000 X67.22 Y21.465 E1710.099
G0 F7200 X67.22 Y21.965
G1 F3000 X67.78 Y22.526 E1710.11976
G0 F7200 X67.59 Y22.526
G0 X67.59 Y26.562
G0 X67.78 Y26.562
G1 F3000 X67.22 Y27.122 E1710.14051
G0 F7200 X67.22 Y27.622
G1 F3000 X67.78 Y28.182 E1710.16125
G0 F7200 X67.59 Y28.182
G0 X67.59 Y32.219
G0 X67.78 Y32.219
G1 F3000 X67.22 Y32.779 E1710.18199
G0 F7200 X67.22 Y33.279
G1 F3000 X67.78 Y33.839 E1710.20274
G0 F7200 X67.59 Y33.839
G0 X67.59 Y37.875
G0 X67.78 Y37.875
G1 F3000 X67.22 Y38.435 E1710.22348
G0 F7200 X67.22 Y38.935
G1 F3000 X67.78 Y39.496 E1710.24424
G0 F7200 X67.59 Y39.496
G0 X67.59 Y43.532
G0 X67.78 Y43.532
G1 F3000 X67.22 Y44.092 E1710.26498
G0 F7200 X67.22 Y44.592
G1 F3000 X67.78 Y45.153 E1710.28575
G0 F7200 X67.59 Y45.153
G0 X67.59 Y49.189
G0 X67.78 Y49.189
G1 F3000 X67.22 Y49.749 E1710.30649
G0 F7200 X67.22 Y50.249
G1 F3000 X67.78 Y50.81 E1710.32725
G0 F7200 X67.59 Y50.81
G0 X67.59 Y54.846
G0 X67.78 Y54.846
G1 F3000 X67.22 Y55.406 E1710.34799
G0 F7200 X67.22 Y55.906
G1 F3000 X67.78 Y56.467 E1710.36876
G0 F7200 X67.59 Y56.467
G0 X67.59 Y60.503
G0 X67.78 Y60.503
G1 F3000 X67.22 Y61.063 E1710.3895
G0 F7200 X67.22 Y61.563
G1 F3000 X67.78 Y62.124 E1710.41026
G0 F7200 X67.59 Y62.124
G0 X67.59 Y66.16
G0 X67.78 Y66.16
G1 F3000 X67.22 Y66.72 E1710.431
G0 F7200 X67.22 Y67.22
G1 F3000 X67.78 Y67.78 E1710.45175
G0 F7200 X67.59 Y67.78
G0 X67.59 Y71.817
G0 X67.78 Y71.817
G1 F3000 X67.22 Y72.377 E1710.47249
G0 F7200 X67.22 Y72.877
G1 F3000 X67.78 Y73.437 E1710.49323
G0 F7200 X67.59 Y73.437
G0 X67.59 Y77.473
G0 X67.78 Y77.473
G1 F3000 X67.22 Y78.033 E1710.51398
G0 F7200 X67.22 Y78.533
G1 F3000 X67.78 Y79.094 E1710.53474
G0 F7200 X67.59 Y79.094
G0 X67.59 Y83.13
G0 X67.78 Y83.13
G1 F3000 X67.22 Y83.69 E1710.55548
G0 F7200 X67.22 Y84.19
G1 F3000 X67.78 Y84.751 E1710.57624
G0 F7200 X67.59 Y84.751
G0 X67.338 Y87.338
G0 X65.152 Y87.59
G0 X65.152 Y87.78
G1 F3000 X64.593 Y87.22 E1710.59697
G0 F7200 X63.691 Y87.22
G1 F3000 X63.13 Y87.78 E1710.61773
G0 F7200 X63.13 Y87.59
G0 X59.495 Y87.59
G0 X59.495 Y87.78
G1 F3000 X58.936 Y87.22 E1710.63846
G0 F7200 X58.034 Y87.22
G1 F3000 X57.474 Y87.78 E1710.6592
G0 F7200 X57.474 Y87.59
G0 X53.838 Y87.59
G0 X53.838 Y87.78
G1 F3000 X53.279 Y87.22 E1710.67992
G0 F7200 X52.378 Y87.22
G1 F3000 X51.817 Y87.78 E1710.70069
G0 F7200 X51.817 Y87.59
G0 X48.181 Y87.59
G0 X48.181 Y87.779
G1 F3000 X47.622 Y87.22 E1710.72139
G0 F7200 X46.721 Y87.22
G1 F3000 X46.161 Y87.78 E1710.74214
G0 F7200 X46.161 Y87.59
G0 X42.524 Y87.59
G0 X42.524 Y87.779
G1 F3000 X41.965 Y87.22 E1710.76284
G0 F7200 X41.064 Y87.22
G1 F3000 X40.504 Y87.78 E1710.78358
G0 F7200 X40.504 Y87.59
G0 X36.867 Y87.59
G0 X36.867 Y87.779
G1 F3000 X34.476 Y85.388 E1710.87215
G1 X34.406 Y85.318
G0 F7200 X34.513 Y85.578
G0 X36.59 Y85.847
G0 X36.779 Y85.847
G1 F3000 X34.847 Y87.78 E1710.94373
G1 X34.777 Y87.85
G0 F7200 X34.777 Y87.59
G0 X67.338 Y87.338
G0 X66.924 Y86.924
;TYPE:WALL-INNER
G1 F2400 X66.589 Y87.1 E1710.95365
G1 X37.5 Y87.1 E1711.71556
G1 X37.02 Y86.861 E1711.7296
G1 X36.9 Y86.501 E1711.73954
G1 X36.9 Y85.1 E1711.77623
G1 X35.527 Y85.1 E1711.8122
G1 X34.967 Y85.143 E1711.82691
G1 X34.451 Y85.268 E1711.84081
G1 X33.949 Y85.477 E1711.85506
G1 X33.499 Y85.751 E1711.86886
G1 X33.098 Y86.098 E1711.88275
G1 X32.751 Y86.499 E1711.89664
G1 X32.476 Y86.95 E1711.91047
G1 X32.269 Y87.443 E1711.92448
G1 X32.16 Y87.899 E1711.93676
G1 X67.9 Y87.9 E1712.87287
G1 X67.9 Y12.1 E1714.85825
G1 X32.161 Y12.1 E1715.79434
G1 X32.265 Y12.547 E1715.80636
G1 X32.472 Y13.045 E1715.82049
G1 X32.75 Y13.497 E1715.83439
G1 X33.098 Y13.902 E1715.84837
G1 X33.499 Y14.245 E1715.86219
G1 X33.951 Y14.524 E1715.87611
G1 X34.45 Y14.731 E1715.89026
G1 X34.967 Y14.853 E1715.90417
G1 X35.529 Y14.9 E1715.91894
G1 X36.9 Y14.9 E1715.95485
G1 X36.9 Y13.5 E1715.99152
G1 X37.02 Y13.139 E1716.00148
G1 X37.409 Y12.9 E1716.01344
G1 X66.5 Y12.9 E1716.7754
G1 X66.924 Y13.076 E1716.78743
G1 X67.1 Y13.5 E1716.79945
G1 X67.1 Y86.589 E1718.71382
G1 X66.924 Y86.924 E1718.72374
G0 F7200 X66.698 Y86.535
;TYPE:WALL-OUTER
G1 F1200 X66.642 Y86.642 E1718.7269
G1 X66.535 Y86.698 E1718.73006
G1 X37.5 Y86.7 E1719.49056
G1 X37.34 Y86.621 E1719.49523
G1 X37.3 Y86.501 E1719.49854
G1 X37.3 Y84.7 E1719.54572
G1 X35.512 Y84.7 E1719.59255
G1 X34.904 Y84.747 E1719.60852
G1 X34.327 Y84.887 E1719.62407
G1 X33.767 Y85.119 E1719.63995
G1 X33.263 Y85.427 E1719.65542
G1 X32.814 Y85.814 E1719.67095
G1 X32.427 Y86.263 E1719.68647
G1 X32.119 Y86.768 E1719.70197
G1 X31.887 Y87.319 E1719.71762
G1 X31.747 Y87.911 E1719.73356
G1 X31.717 Y88.3 E1719.74378
G1 X68.3 Y88.3 E1720.70197
G1 X68.3 Y11.7 E1722.70831
G1 X31.717 Y11.7 E1723.6665
G1 X31.747 Y12.085 E1723.67662
G1 X31.883 Y12.67 E1723.69235
G1 X32.115 Y13.228 E1723.70818
G1 X32.426 Y13.733 E1723.72371
G1 X32.814 Y14.186 E1723.73933
G1 X33.263 Y14.569 E1723.75479
G1 X33.768 Y14.881 E1723.77034
G1 X34.326 Y15.113 E1723.78617
G1 X34.904 Y15.249 E1723.80172
G1 X35.513 Y15.3 E1723.81773
G1 X37.3 Y15.3 E1723.86453
G1 X37.3 Y13.5 E1723.91168
G1 X37.34 Y13.379 E1723.91502
G1 X37.465 Y13.302 E1723.91886
G1 X66.5 Y13.3 E1724.67936
G1 X66.642 Y13.358 E1724.68337
G1 X66.7 Y13.5 E1724.68739
G1 X66.698 Y86.535 E1726.60035
G0 F7200 X66.642 Y86.642
G0 X66.573 Y86.678
;MESH:NONMESH
G0 F600 Z15
G0 F7200 X66.573 Y87.41
G0 X67.338 Y12.662
G0 X34.848 Y12.41
G0 X34.848 Y12.22
;TIME_ELAPSED:2912.207188
;LAYER:98
;TYPE:FILL
;MESH:Wandhalterung TP-Link Media Converter.stl
G1 F3000 X36.78 Y14.153 E1726.67193
G1 X36.85 Y14.223
G0 F7200 X36.59 Y14.223
G0 X36.662 Y12.662
G0 X36.867 Y12.22
G1 F3000 X34.476 Y14.612 E1726.76052
G1 X34.406 Y14.682
G0 F7200 X34.514 Y14.423
G0 X36.662 Y12.662
G0 X40.504 Y12.41
G0 X40.504 Y12.22
G1 F3000 X41.064 Y12.78 E1726.78126
G0 F7200 X41.964 Y12.78
G1 F3000 X42.524 Y12.22 E1726.802
G0 F7200 X42.524 Y12.41
G0 X46.161 Y12.41
G0 X46.161 Y12.22
G1 F3000 X46.721 Y12.78 E1726.82275
G0 F7200 X47.621 Y12.78
G1 F3000 X48.181 Y12.22 E1726.84349
G0 F7200 X48.181 Y12.41
G0 X51.818 Y12.41
G0 X51.818 Y12.22
G1 F3000 X52.378 Y12.78 E1726.86423
G0 F7200 X53.278 Y12.78
G1 F3000 X53.838 Y12.22 E1726.88498
G0 F7200 X53.838 Y12.41
G0 X57.475 Y12.41
G0 X57.475 Y12.22
G1 F3000 X58.034 Y12.78 E1726.9057
G0 F7200 X58.935 Y12.78
G1 F3000 X59.495 Y12.22 E1726.92645
G0 F7200 X59.495 Y12.41
G0 X63.132 Y12.41
G0 X63.132 Y12.22
G1 F3000 X63.691 Y12.78 E1726.94717
G0 F7200 X64.591 Y12.78
G1 F3000 X65.151 Y12.22 E1726.96791
G0 F7200 X65.151 Y12.41
G0 X67.338 Y12.662
G0 X67.59 Y15.248
G0 X67.78 Y15.248
G1 F3000 X67.22 Y15.808 E1726.98866
G0 F7200 X67.22 Y16.308
G1 F3000 X67.78 Y16.869 E1727.00942
G0 F7200 X67.59 Y16.869
G0 X67.59 Y20.905
G0 X67.78 Y20.905
G1 F3000 X67.22 Y21.465 E1727.03016
G0 F7200 X67.22 Y21.965
G1 F3000 X67.78 Y22.526 E1727.05092
G0 F7200 X67.59 Y22.526
G0 X67.59 Y26.562
G0 X67.78 Y26.562
G1 F3000 X67.22 Y27.122 E1727.07167
G0 F7200 X67.22 Y27.622
G1 F3000 X67.78 Y28.182 E1727.09241
G0 F7200 X67.59 Y28.182
G0 X67.59 Y32.219
G0 X67.78 Y32.219
G1 F3000 X67.22 Y32.779 E1727.11315
G0 F7200 X67.22 Y33.279
G1 F3000 X67.78 Y33.839 E1727.1339
G0 F7200 X67.59 Y33.839
G0 X67.59 Y37.875
G0 X67.78 Y37.875
G1 F3000 X67.22 Y38.435 E1727.15464
G0 F7200 X67.22 Y38.935
G1 F3000 X67.78 Y39.496 E1727.1754
G0 F7200 X67.59 Y39.496
G0 X67.59 Y43.532
G0 X67.78 Y43.532
G1 F3000 X67.22 Y44.092 E1727.19615
G0 F7200 X67.22 Y44.592
G1 F3000 X67.78 Y45.153 E1727.21691
G0 F7200 X67.59 Y45.153
G0 X67.59 Y49.189
G0 X67.78 Y49.189
G1 F3000 X67.22 Y49.749 E1727.23765
G0 F7200 X67.22 Y50.249
G1 F3000 X67.78 Y50.81 E1727.25841
G0 F7200 X67.59 Y50.81
G0 X67.59 Y54.846
G0 X67.78 Y54.846
G1 F3000 X67.22 Y55.406 E1727.27916
G0 F7200 X67.22 Y55.906
G1 F3000 X67.78 Y56.467 E1727.29992
G0 F7200 X67.59 Y56.467
G0 X67.59 Y60.503
G0 X67.78 Y60.503
G1 F3000 X67.22 Y61.063 E1727.32066
G0 F7200 X67.22 Y61.563
G1 F3000 X67.78 Y62.124 E1727.34142
G0 F7200 X67.59 Y62.124
G0 X67.59 Y66.16
G0 X67.78 Y66.16
G1 F3000 X67.22 Y66.72 E1727.36217
G0 F7200 X67.22 Y67.22
G1 F3000 X67.78 Y67.78 E1727.38291
G0 F7200 X67.59 Y67.78
G0 X67.59 Y71.817
G0 X67.78 Y71.817
G1 F3000 X67.22 Y72.377 E1727.40365
G0 F7200 X67.22 Y72.877
G1 F3000 X67.78 Y73.437 E1727.4244
G0 F7200 X67.59 Y73.437
G0 X67.59 Y77.473
G0 X67.78 Y77.473
G1 F3000 X67.22 Y78.033 E1727.44514
G0 F7200 X67.22 Y78.533
G1 F3000 X67.78 Y79.094 E1727.4659
G0 F7200 X67.59 Y79.094
G0 X67.59 Y83.13
G0 X67.78 Y83.13
G1 F3000 X67.22 Y83.69 E1727.48664
G0 F7200 X67.22 Y84.19
G1 F3000 X67.78 Y84.751 E1727.50741
G0 F7200 X67.59 Y84.751
G0 X67.338 Y87.338
G0 X65.152 Y87.59
G0 X65.152 Y87.78
G1 F3000 X64.593 Y87.22 E1727.52813
G0 F7200 X63.691 Y87.22
G1 F3000 X63.13 Y87.78 E1727.54889
G0 F7200 X63.13 Y87.59
G0 X59.495 Y87.59
G0 X59.495 Y87.78
G1 F3000 X58.936 Y87.22 E1727.56962
G0 F7200 X58.034 Y87.22
G1 F3000 X57.474 Y87.78 E1727.59036
G0 F7200 X57.474 Y87.59
G0 X53.838 Y87.59
G0 X53.838 Y87.78
G1 F3000 X53.279 Y87.22 E1727.61109
G0 F7200 X52.378 Y87.22
G1 F3000 X51.817 Y87.78 E1727.63185
G0 F7200 X51.817 Y87.59
G0 X48.181 Y87.59
G0 X48.181 Y87.779
G1 F3000 X47.622 Y87.22 E1727.65255
G0 F7200 X46.721 Y87.22
G1 F3000 X46.161 Y87.78 E1727.6733
G0 F7200 X46.161 Y87.59
G0 X42.524 Y87.59
G0 X42.524 Y87.779
G1 F3000 X41.965 Y87.22 E1727.694
G0 F7200 X41.064 Y87.22
G1 F3000 X40.504 Y87.78 E1727.71475
G0 F7200 X40.504 Y87.59
G0 X36.867 Y87.59
G0 X36.867 Y87.779
G1 F3000 X34.476 Y85.388 E1727.80331
G1 X34.406 Y85.318
G0 F7200 X34.513 Y85.578
G0 X36.59 Y85.847
G0 X36.779 Y85.847
G1 F3000 X34.847 Y87.78 E1727.8749
G1 X34.777 Y87.85
G0 F7200 X34.777 Y87.59
G0 X67.338 Y87.338
G0 X66.924 Y86.924
;TYPE:WALL-INNER
G1 F2400 X66.589 Y87.1 E1727.88481
G1 X37.5 Y87.1 E1728.64672
G1 X37.02 Y86.861 E1728.66076
G1 X36.9 Y86.501 E1728.6707
G1 X36.9 Y85.1 E1728.7074
G1 X35.527 Y85.1 E1728.74336
G1 X34.967 Y85.143 E1728.75807
G1 X34.451 Y85.268 E1728.77198
G1 X33.949 Y85.477 E1728.78622
G1 X33.499 Y85.751 E1728.80002
G1 X33.098 Y86.098 E1728.81391
G1 X32.751 Y86.499 E1728.8278
G1 X32.476 Y86.95 E1728.84163
G1 X32.269 Y87.443 E1728.85564
G1 X32.16 Y87.899 E1728.86792
G1 X67.9 Y87.9 E1729.80403
G1 X67.9 Y12.1 E1731.78941
G1 X32.161 Y12.1 E1732.7255
G1 X32.265 Y12.547 E1732.73752
G1 X32.472 Y13.045 E1732.75165
G1 X32.75 Y13.497 E1732.76555
G1 X33.098 Y13.902 E1732.77953
G1 X33.499 Y14.245 E1732.79335
G1 X33.951 Y14.524 E1732.80727
G1 X34.45 Y14.731 E1732.82142
G1 X34.967 Y14.853 E1732.83533
G1 X35.529 Y14.9 E1732.8501
G1 X36.9 Y14.9 E1732.88601
G1 X36.9 Y13.5 E1732.92268
G1 X37.02 Y13.139 E1732.93265
G1 X37.409 Y12.9 E1732.9446
G1 X66.5 Y12.9 E1733.70657
G1 X66.924 Y13.076 E1733.71859
G1 X67.1 Y13.5 E1733.73061
G1 X67.1 Y86.589 E1735.64499
G1 X66.924 Y86.924 E1735.6549
G0 F7200 X66.698 Y86.535
;TYPE:WALL-OUTER
G1 F1200 X66.642 Y86.642 E1735.65806
G1 X66.535 Y86.698 E1735.66123
G1 X37.5 Y86.7 E1736.42172
G1 X37.34 Y86.621 E1736.42639
G1 X37.3 Y86.501 E1736.42971
G1 X37.3 Y84.7 E1736.47688
G1 X35.512 Y84.7 E1736.52371
G1 X34.904 Y84.747 E1736.53968
G1 X34.327 Y84.887 E1736.55524
G1 X33.767 Y85.119 E1736.57111
G1 X33.263 Y85.427 E1736.58658
G1 X32.814 Y85.814 E1736.60211
G1 X32.427 Y86.263 E1736.61763
G1 X32.119 Y86.768 E1736.63313
G1 X31.887 Y87.319 E1736.64879
G1 X31.747 Y87.911 E1736.66472
G1 X31.717 Y88.3 E1736.67494
G1 X68.3 Y88.3 E1737.63313
G1 X68.3 Y11.7 E1739.63947
G1 X31.717 Y11.7 E1740.59766
G1 X31.747 Y12.085 E1740.60778
G1 X31.883 Y12.67 E1740.62351
G1 X32.115 Y13.228 E1740.63934
G1 X32.426 Y13.733 E1740.65487
G1 X32.814 Y14.186 E1740.67049
G1 X33.263 Y14.569 E1740.68595
G1 X33.768 Y14.881 E1740.7015
G1 X34.326 Y15.113 E1740.71733
G1 X34.904 Y15.249 E1740.73288
G1 X35.513 Y15.3 E1740.74889
G1 X37.3 Y15.3 E1740.79569
G1 X37.3 Y13.5 E1740.84284
G1 X37.34 Y13.379 E1740.84618
G1 X37.465 Y13.302 E1740.85002
G1 X66.5 Y13.3 E1741.61052
G1 X66.642 Y13.358 E1741.61454
G1 X66.7 Y13.5 E1741.61855
G1 X66.698 Y86.535 E1743.53151
G0 F7200 X66.642 Y86.642
G0 X66.573 Y86.678
;MESH:NONMESH
G0 F600 Z15.15
G0 F7200 X66.573 Y87.41
G0 X67.338 Y12.662
G0 X34.848 Y12.41
G0 X34.848 Y12.22
;TIME_ELAPSED:2939.783295
;LAYER:99
;TYPE:FILL
;MESH:Wandhalterung TP-Link Media Converter.stl
G1 F3000 X36.78 Y14.153 E1743.6031
G1 X36.85 Y14.223
G0 F7200 X36.59 Y14.223
G0 X36.662 Y12.662
G0 X36.867 Y12.22
G1 F3000 X34.476 Y14.612 E1743.69168
G1 X34.406 Y14.682
G0 F7200 X34.514 Y14.423
G0 X36.662 Y12.662
G0 X40.504 Y12.41
G0 X40.504 Y12.22
G1 F3000 X41.064 Y12.78 E1743.71242
G0 F7200 X41.964 Y12.78
G1 F3000 X42.524 Y12.22 E1743.73317
G0 F7200 X42.524 Y12.41
G0 X46.161 Y12.41
G0 X46.161 Y12.22
G1 F3000 X46.721 Y12.78 E1743.75391
G0 F7200 X47.621 Y12.78
G1 F3000 X48.181 Y12.22 E1743.77465
G0 F7200 X48.181 Y12.41
G0 X51.818 Y12.41
G0 X51.818 Y12.22
G1 F3000 X52.378 Y12.78 E1743.7954
G0 F7200 X53.278 Y12.78
G1 F3000 X53.838 Y12.22 E1743.81614
G0 F7200 X53.838 Y12.41
G0 X57.475 Y12.41
G0 X57.475 Y12.22
G1 F3000 X58.034 Y12.78 E1743.83686
G0 F7200 X58.935 Y12.78
G1 F3000 X59.495 Y12.22 E1743.85761
G0 F7200 X59.495 Y12.41
G0 X63.132 Y12.41
G0 X63.132 Y12.22
G1 F3000 X63.691 Y12.78 E1743.87833
G0 F7200 X64.591 Y12.78
G1 F3000 X65.151 Y12.22 E1743.89908
G0 F7200 X65.151 Y12.41
G0 X67.338 Y12.662
G0 X67.59 Y15.248
G0 X67.78 Y15.248
G1 F3000 X67.22 Y15.808 E1743.91982
G0 F7200 X67.22 Y16.308
G1 F3000 X67.78 Y16.869 E1743.94058
G0 F7200 X67.59 Y16.869
G0 X67.59 Y20.905
G0 X67.78 Y20.905
G1 F3000 X67.22 Y21.465 E1743.96132
G0 F7200 X67.22 Y21.965
G1 F3000 X67.78 Y22.526 E1743.98209
G0 F7200 X67.59 Y22.526
G0 X67.59 Y26.562
G0 X67.78 Y26.562
G1 F3000 X67.22 Y27.122 E1744.00283
G0 F7200 X67.22 Y27.622
G1 F3000 X67.78 Y28.182 E1744.02357
G0 F7200 X67.59 Y28.182
G0 X67.59 Y32.219
G0 X67.78 Y32.219
G1 F3000 X67.22 Y32.779 E1744.04432
G0 F7200 X67.22 Y33.279
G1 F3000 X67.78 Y33.839 E1744.06506
G0 F7200 X67.59 Y33.839
G0 X67.59 Y37.875
G0 X67.78 Y37.875
G1 F3000 X67.22 Y38.435 E1744.0858
G0 F7200 X67.22 Y38.935
G1 F3000 X67.78 Y39.496 E1744.10656
G0 F7200 X67.59 Y39.496
G0 X67.59 Y43.532
G0 X67.78 Y43.532
G1 F3000 X67.22 Y44.092 E1744.12731
G0 F7200 X67.22 Y44.592
G1 F3000 X67.78 Y45.153 E1744.14807
G0 F7200 X67.59 Y45.153
G0 X67.59 Y49.189
G0 X67.78 Y49.189
G1 F3000 X67.22 Y49.749 E1744.16881
G0 F7200 X67.22 Y50.249
G1 F3000 X67.78 Y50.81 E1744.18957
G0 F7200 X67.59 Y50.81
G0 X67.59 Y54.846
G0 X67.78 Y54.846
G1 F3000 X67.22 Y55.406 E1744.21032
G0 F7200 X67.22 Y55.906
G1 F3000 X67.78 Y56.467 E1744.23108
G0 F7200 X67.59 Y56.467
G0 X67.59 Y60.503
G0 X67.78 Y60.503
G1 F3000 X67.22 Y61.063 E1744.25182
G0 F7200 X67.22 Y61.563
G1 F3000 X67.78 Y62.124 E1744.27258
G0 F7200 X67.59 Y62.124
G0 X67.59 Y66.16
G0 X67.78 Y66.16
G1 F3000 X67.22 Y66.72 E1744.29333
G0 F7200 X67.22 Y67.22
G1 F3000 X67.78 Y67.78 E1744.31407
G0 F7200 X67.59 Y67.78
G0 X67.59 Y71.817
G0 X67.78 Y71.817
G1 F3000 X67.22 Y72.377 E1744.33481
G0 F7200 X67.22 Y72.877
G1 F3000 X67.78 Y73.437 E1744.35556
G0 F7200 X67.59 Y73.437
G0 X67.59 Y77.473
G0 X67.78 Y77.473
G1 F3000 X67.22 Y78.033 E1744.3763
G0 F7200 X67.22 Y78.533
G1 F3000 X67.78 Y79.094 E1744.39706
G0 F7200 X67.59 Y79.094
G0 X67.59 Y83.13
G0 X67.78 Y83.13
G1 F3000 X67.22 Y83.69 E1744.41781
G0 F7200 X67.22 Y84.19
G1 F3000 X67.78 Y84.751 E1744.43857
G0 F7200 X67.59 Y84.751
G0 X67.338 Y87.338
G0 X65.152 Y87.59
G0 X65.152 Y87.78
G1 F3000 X64.593 Y87.22 E1744.45929
G0 F7200 X63.691 Y87.22
G1 F3000 X63.13 Y87.78 E1744.48005
G0 F7200 X63.13 Y87.59
G0 X59.495 Y87.59
G0 X59.495 Y87.78
G1 F3000 X58.936 Y87.22 E1744.50078
G0 F7200 X58.034 Y87.22
G1 F3000 X57.474 Y87.78 E1744.52152
G0 F7200 X57.474 Y87.59
G0 X53.838 Y87.59
G0 X53.838 Y87.78
G1 F3000 X53.279 Y87.22 E1744.54225
G0 F7200 X52.378 Y87.22
G1 F3000 X51.817 Y87.78 E1744.56301
G0 F7200 X51.817 Y87.59
G0 X48.181 Y87.59
G0 X48.181 Y87.779
G1 F3000 X47.622 Y87.22 E1744.58372
G0 F7200 X46.721 Y87.22
G1 F3000 X46.161 Y87.78 E1744.60446
G0 F7200 X46.161 Y87.59
G0 X42.524 Y87.59
G0 X42.524 Y87.779
G1 F3000 X41.965 Y87.22 E1744.62517
G0 F7200 X41.064 Y87.22
G1 F3000 X40.504 Y87.78 E1744.64591
G0 F7200 X40.504 Y87.59
G0 X36.867 Y87.59
G0 X36.867 Y87.779
G1 F3000 X34.476 Y85.388 E1744.73448
G1 X34.406 Y85.318
G0 F7200 X34.513 Y85.578
G0 X36.59 Y85.847
G0 X36.779 Y85.847
G1 F3000 X34.847 Y87.78 E1744.80606
G1 X34.777 Y87.85
G0 F7200 X34.777 Y87.59
G0 X67.338 Y87.338
G0 X66.924 Y86.924
;TYPE:WALL-INNER
G1 F2400 X66.589 Y87.1 E1744.81597
G1 X37.5 Y87.1 E1745.57788
G1 X37.02 Y86.861 E1745.59192
G1 X36.9 Y86.501 E1745.60186
G1 X36.9 Y85.1 E1745.63856
G1 X35.527 Y85.1 E1745.67452
G1 X34.967 Y85.143 E1745.68923
G1 X34.451 Y85.268 E1745.70314
G1 X33.949 Y85.477 E1745.71738
G1 X33.499 Y85.751 E1745.73118
G1 X33.098 Y86.098 E1745.74507
G1 X32.751 Y86.499 E1745.75896
G1 X32.476 Y86.95 E1745.77279
G1 X32.269 Y87.443 E1745.7868
G1 X32.16 Y87.899 E1745.79908
G1 X67.9 Y87.9 E1746.73519
G1 X67.9 Y12.1 E1748.72058
G1 X32.161 Y12.1 E1749.65666
G1 X32.265 Y12.547 E1749.66868
G1 X32.472 Y13.045 E1749.68281
G1 X32.75 Y13.497 E1749.69671
G1 X33.098 Y13.902 E1749.7107
G1 X33.499 Y14.245 E1749.72452
G1 X33.951 Y14.524 E1749.73843
G1 X34.45 Y14.731 E1749.75258
G1 X34.967 Y14.853 E1749.76649
G1 X35.529 Y14.9 E1749.78126
G1 X36.9 Y14.9 E1749.81717
G1 X36.9 Y13.5 E1749.85384
G1 X37.02 Y13.139 E1749.86381
G1 X37.409 Y12.9 E1749.87577
G1 X66.5 Y12.9 E1750.63773
G1 X66.924 Y13.076 E1750.64975
G1 X67.1 Y13.5 E1750.66178
G1 X67.1 Y86.589 E1752.57615
G1 X66.924 Y86.924 E1752.58606
G0 F7200 X66.698 Y86.535
;TYPE:WALL-OUTER
G1 F1200 X66.642 Y86.642 E1752.58922
G1 X66.535 Y86.698 E1752.59239
G1 X37.5 Y86.7 E1753.35288
G1 X37.34 Y86.621 E1753.35756
G1 X37.3 Y86.501 E1753.36087
G1 X37.3 Y84.7 E1753.40804
G1 X35.512 Y84.7 E1753.45487
G1 X34.904 Y84.747 E1753.47085
G1 X34.327 Y84.887 E1753.4864
G1 X33.767 Y85.119 E1753.50227
G1 X33.263 Y85.427 E1753.51774
G1 X32.814 Y85.814 E1753.53327
G1 X32.427 Y86.263 E1753.5488
G1 X32.119 Y86.768 E1753.56429
G1 X31.887 Y87.319 E1753.57995
G1 X31.747 Y87.911 E1753.59588
G1 X31.717 Y88.3 E1753.6061
G1 X68.3 Y88.3 E1754.5643
G1 X68.3 Y11.7 E1756.57063
G1 X31.717 Y11.7 E1757.52883
G1 X31.747 Y12.085 E1757.53894
G1 X31.883 Y12.67 E1757.55467
G1 X32.115 Y13.228 E1757.5705
G1 X32.426 Y13.733 E1757.58603
G1 X32.814 Y14.186 E1757.60166
G1 X33.263 Y14.569 E1757.61711
G1 X33.768 Y14.881 E1757.63266
G1 X34.326 Y15.113 E1757.64849
G1 X34.904 Y15.249 E1757.66404
G1 X35.513 Y15.3 E1757.68005
G1 X37.3 Y15.3 E1757.72686
G1 X37.3 Y13.5 E1757.774
G1 X37.34 Y13.379 E1757.77734
G1 X37.465 Y13.302 E1757.78119
G1 X66.5 Y13.3 E1758.54168
G1 X66.642 Y13.358 E1758.5457
G1 X66.7 Y13.5 E1758.54972
G1 X66.698 Y86.535 E1760.46267
G0 F7200 X66.642 Y86.642
G0 X66.573 Y86.678
;MESH:NONMESH
G0 F600 Z15.3
G0 F7200 X66.573 Y87.41
G0 X67.338 Y12.662
G0 X34.848 Y12.41
G0 X34.848 Y12.22
;TIME_ELAPSED:2967.359402
;LAYER:100
;TYPE:FILL
;MESH:Wandhalterung TP-Link Media Converter.stl
G1 F3000 X36.78 Y14.153 E1760.53426
G1 X36.85 Y14.223
G0 F7200 X36.59 Y14.223
G0 X36.662 Y12.662
G0 X36.867 Y12.22
G1 F3000 X34.476 Y14.612 E1760.62284
G1 X34.406 Y14.682
G0 F7200 X34.514 Y14.423
G0 X36.662 Y12.662
G0 X40.504 Y12.41
G0 X40.504 Y12.22
G1 F3000 X41.064 Y12.78 E1760.64359
G0 F7200 X41.964 Y12.78
G1 F3000 X42.524 Y12.22 E1760.66433
G0 F7200 X42.524 Y12.41
G0 X46.161 Y12.41
G0 X46.161 Y12.22
G1 F3000 X46.721 Y12.78 E1760.68507
G0 F7200 X47.621 Y12.78
G1 F3000 X48.181 Y12.22 E1760.70582
G0 F7200 X48.181 Y12.41
G0 X51.818 Y12.41
G0 X51.818 Y12.22
G1 F3000 X52.378 Y12.78 E1760.72656
G0 F7200 X53.278 Y12.78
G1 F3000 X53.838 Y12.22 E1760.7473
G0 F7200 X53.838 Y12.41
G0 X57.475 Y12.41
G0 X57.475 Y12.22
G1 F3000 X58.034 Y12.78 E1760.76803
G0 F7200 X58.935 Y12.78
G1 F3000 X59.495 Y12.22 E1760.78877
G0 F7200 X59.495 Y12.41
G0 X63.132 Y12.41
G0 X63.132 Y12.22
G1 F3000 X63.691 Y12.78 E1760.80949
G0 F7200 X64.591 Y12.78
G1 F3000 X65.151 Y12.22 E1760.83024
G0 F7200 X65.151 Y12.41
G0 X67.338 Y12.662
G0 X67.59 Y15.248
G0 X67.78 Y15.248
G1 F3000 X67.22 Y15.808 E1760.85098
G0 F7200 X67.22 Y16.308
G1 F3000 X67.78 Y16.869 E1760.87174
G0 F7200 X67.59 Y16.869
G0 X67.59 Y20.905
G0 X67.78 Y20.905
G1 F3000 X67.22 Y21.465 E1760.89249
G0 F7200 X67.22 Y21.965
G1 F3000 X67.78 Y22.526 E1760.91325
G0 F7200 X67.59 Y22.526
G0 X67.59 Y26.562
G0 X67.78 Y26.562
G1 F3000 X67.22 Y27.122 E1760.93399
G0 F7200 X67.22 Y27.622
G1 F3000 X67.78 Y28.182 E1760.95473
G0 F7200 X67.59 Y28.182
G0 X67.59 Y32.219
G0 X67.78 Y32.219
G1 F3000 X67.22 Y32.779 E1760.97548
G0 F7200 X67.22 Y33.279
G1 F3000 X67.78 Y33.839 E1760.99622
G0 F7200 X67.59 Y33.839
G0 X67.59 Y37.875
G0 X67.78 Y37.875
G1 F3000 X67.22 Y38.435 E1761.01696
G0 F7200 X67.22 Y38.935
G1 F3000 X67.78 Y39.496 E1761.03773
G0 F7200 X67.59 Y39.496
G0 X67.59 Y43.532
G0 X67.78 Y43.532
G1 F3000 X67.22 Y44.092 E1761.05847
G0 F7200 X67.22 Y44.592
G1 F3000 X67.78 Y45.153 E1761.07923
G0 F7200 X67.59 Y45.153
G0 X67.59 Y49.189
G0 X67.78 Y49.189
G1 F3000 X67.22 Y49.749 E1761.09997
G0 F7200 X67.22 Y50.249
G1 F3000 X67.78 Y50.81 E1761.12074
G0 F7200 X67.59 Y50.81
G0 X67.59 Y54.846
G0 X67.78 Y54.846
G1 F3000 X67.22 Y55.406 E1761.14148
G0 F7200 X67.22 Y55.906
G1 F3000 X67.78 Y56.467 E1761.16224
G0 F7200 X67.59 Y56.467
G0 X67.59 Y60.503
G0 X67.78 Y60.503
G1 F3000 X67.22 Y61.063 E1761.18299
G0 F7200 X67.22 Y61.563
G1 F3000 X67.78 Y62.124 E1761.20375
G0 F7200 X67.59 Y62.124
G0 X67.59 Y66.16
G0 X67.78 Y66.16
G1 F3000 X67.22 Y66.72 E1761.22449
G0 F7200 X67.22 Y67.22
G1 F3000 X67.78 Y67.78 E1761.24523
G0 F7200 X67.59 Y67.78
G0 X67.59 Y71.817
G0 X67.78 Y71.817
G1 F3000 X67.22 Y72.377 E1761.26598
G0 F7200 X67.22 Y72.877
G1 F3000 X67.78 Y73.437 E1761.28672
G0 F7200 X67.59 Y73.437
G0 X67.59 Y77.473
G0 X67.78 Y77.473
G1 F3000 X67.22 Y78.033 E1761.30746
G0 F7200 X67.22 Y78.533
G1 F3000 X67.78 Y79.094 E1761.32823
G0 F7200 X67.59 Y79.094
G0 X67.59 Y83.13
G0 X67.78 Y83.13
G1 F3000 X67.22 Y83.69 E1761.34897
G0 F7200 X67.22 Y84.19
G1 F3000 X67.78 Y84.751 E1761.36973
G0 F7200 X67.59 Y84.751
G0 X67.338 Y87.338
G0 X65.152 Y87.59
G0 X65.152 Y87.78
G1 F3000 X64.593 Y87.22 E1761.39046
G0 F7200 X63.691 Y87.22
G1 F3000 X63.13 Y87.78 E1761.41122
G0 F7200 X63.13 Y87.59
G0 X59.495 Y87.59
G0 X59.495 Y87.78
G1 F3000 X58.936 Y87.22 E1761.43194
G0 F7200 X58.034 Y87.22
G1 F3000 X57.474 Y87.78 E1761.45268
G0 F7200 X57.474 Y87.59
G0 X53.838 Y87.59
G0 X53.838 Y87.78
G1 F3000 X53.279 Y87.22 E1761.47341
G0 F7200 X52.378 Y87.22
G1 F3000 X51.817 Y87.78 E1761.49417
G0 F7200 X51.817 Y87.59
G0 X48.181 Y87.59
G0 X48.181 Y87.779
G1 F3000 X47.622 Y87.22 E1761.51488
G0 F7200 X46.721 Y87.22
G1 F3000 X46.161 Y87.78 E1761.53562
G0 F7200 X46.161 Y87.59
G0 X42.524 Y87.59
G0 X42.524 Y87.779
G1 F3000 X41.965 Y87.22 E1761.55633
G0 F7200 X41.064 Y87.22
G1 F3000 X40.504 Y87.78 E1761.57707
G0 F7200 X40.504 Y87.59
G0 X36.867 Y87.59
G0 X36.867 Y87.779
G1 F3000 X34.476 Y85.388 E1761.66564
G1 X34.406 Y85.318
G0 F7200 X34.513 Y85.578
G0 X36.59 Y85.847
G0 X36.779 Y85.847
G1 F3000 X34.847 Y87.78 E1761.73722
G1 X34.777 Y87.85
G0 F7200 X34.777 Y87.59
G0 X67.338 Y87.338
G0 X66.924 Y86.924
;TYPE:WALL-INNER
G1 F2400 X66.589 Y87.1 E1761.74713
G1 X37.5 Y87.1 E1762.50904
G1 X37.02 Y86.861 E1762.52309
G1 X36.9 Y86.501 E1762.53302
G1 X36.9 Y85.1 E1762.56972
G1 X35.527 Y85.1 E1762.60568
G1 X34.967 Y85.143 E1762.62039
G1 X34.451 Y85.268 E1762.6343
G1 X33.949 Y85.477 E1762.64854
G1 X33.499 Y85.751 E1762.66234
G1 X33.098 Y86.098 E1762.67623
G1 X32.751 Y86.499 E1762.69012
G1 X32.476 Y86.95 E1762.70396
G1 X32.269 Y87.443 E1762.71796
G1 X32.16 Y87.899 E1762.73024
G1 X67.9 Y87.9 E1763.66636
G1 X67.9 Y12.1 E1765.65174
G1 X32.161 Y12.1 E1766.58783
G1 X32.265 Y12.547 E1766.59985
G1 X32.472 Y13.045 E1766.61397
G1 X32.75 Y13.497 E1766.62787
G1 X33.098 Y13.902 E1766.64186
G1 X33.499 Y14.245 E1766.65568
G1 X33.951 Y14.524 E1766.66959
G1 X34.45 Y14.731 E1766.68374
G1 X34.967 Y14.853 E1766.69765
G1 X35.529 Y14.9 E1766.71243
G1 X36.9 Y14.9 E1766.74834
G1 X36.9 Y13.5 E1766.785
G1 X37.02 Y13.139 E1766.79497
G1 X37.409 Y12.9 E1766.80693
G1 X66.5 Y12.9 E1767.56889
G1 X66.924 Y13.076 E1767.58091
G1 X67.1 Y13.5 E1767.59294
G1 X67.1 Y86.589 E1769.50731
G1 X66.924 Y86.924 E1769.51722
G0 F7200 X66.698 Y86.535
;TYPE:WALL-OUTER
G1 F1200 X66.642 Y86.642 E1769.52039
G1 X66.535 Y86.698 E1769.52355
G1 X37.5 Y86.7 E1770.28404
G1 X37.34 Y86.621 E1770.28872
G1 X37.3 Y86.501 E1770.29203
G1 X37.3 Y84.7 E1770.3392
G1 X35.512 Y84.7 E1770.38604
G1 X34.904 Y84.747 E1770.40201
G1 X34.327 Y84.887 E1770.41756
G1 X33.767 Y85.119 E1770.43344
G1 X33.263 Y85.427 E1770.44891
G1 X32.814 Y85.814 E1770.46443
G1 X32.427 Y86.263 E1770.47996
G1 X32.119 Y86.768 E1770.49545
G1 X31.887 Y87.319 E1770.51111
G1 X31.747 Y87.911 E1770.52704
G1 X31.717 Y88.3 E1770.53726
G1 X68.3 Y88.3 E1771.49546
G1 X68.3 Y11.7 E1773.50179
G1 X31.717 Y11.7 E1774.45999
G1 X31.747 Y12.085 E1774.4701
G1 X31.883 Y12.67 E1774.48583
G1 X32.115 Y13.228 E1774.50166
G1 X32.426 Y13.733 E1774.5172
G1 X32.814 Y14.186 E1774.53282
G1 X33.263 Y14.569 E1774.54828
G1 X33.768 Y14.881 E1774.56382
G1 X34.326 Y15.113 E1774.57965
G1 X34.904 Y15.249 E1774.59521
G1 X35.513 Y15.3 E1774.61121
G1 X37.3 Y15.3 E1774.65802
G1 X37.3 Y13.5 E1774.70516
G1 X37.34 Y13.379 E1774.7085
G1 X37.465 Y13.302 E1774.71235
G1 X66.5 Y13.3 E1775.47284
G1 X66.642 Y13.358 E1775.47686
G1 X66.7 Y13.5 E1775.48088
G1 X66.698 Y86.535 E1777.39384
G0 F7200 X66.642 Y86.642
G0 X66.573 Y86.678
;MESH:NONMESH
G0 F600 Z15.45
G0 F7200 X66.573 Y87.41
G0 X67.338 Y12.662
G0 X34.848 Y12.41
G0 X34.848 Y12.22
;TIME_ELAPSED:2994.935509
;LAYER:101
;TYPE:FILL
;MESH:Wandhalterung TP-Link Media Converter.stl
G1 F3000 X36.78 Y14.153 E1777.46542
G1 X36.85 Y14.223
G0 F7200 X36.59 Y14.223
G0 X36.662 Y12.662
G0 X36.867 Y12.22
G1 F3000 X34.476 Y14.612 E1777.554
G1 X34.406 Y14.682
G0 F7200 X34.514 Y14.423
G0 X36.662 Y12.662
G0 X40.504 Y12.41
G0 X40.504 Y12.22
G1 F3000 X41.064 Y12.78 E1777.57475
G0 F7200 X41.964 Y12.78
G1 F3000 X42.524 Y12.22 E1777.59549
G0 F7200 X42.524 Y12.41
G0 X46.161 Y12.41
G0 X46.161 Y12.22
G1 F3000 X46.721 Y12.78 E1777.61623
G0 F7200 X47.621 Y12.78
G1 F3000 X48.181 Y12.22 E1777.63698
G0 F7200 X48.181 Y12.41
G0 X51.818 Y12.41
G0 X51.818 Y12.22
G1 F3000 X52.378 Y12.78 E1777.65772
G0 F7200 X53.278 Y12.78
G1 F3000 X53.838 Y12.22 E1777.67846
G0 F7200 X53.838 Y12.41
G0 X57.475 Y12.41
G0 X57.475 Y12.22
G1 F3000 X58.034 Y12.78 E1777.69919
G0 F7200 X58.935 Y12.78
G1 F3000 X59.495 Y12.22 E1777.71993
G0 F7200 X59.495 Y12.41
G0 X63.132 Y12.41
G0 X63.132 Y12.22
G1 F3000 X63.691 Y12.78 E1777.74066
G0 F7200 X64.591 Y12.78
G1 F3000 X65.151 Y12.22 E1777.7614
G0 F7200 X65.151 Y12.41
G0 X67.338 Y12.662
G0 X67.59 Y15.248
G0 X67.78 Y15.248
G1 F3000 X67.22 Y15.808 E1777.78214
G0 F7200 X67.22 Y16.308
G1 F3000 X67.78 Y16.869 E1777.80291
G0 F7200 X67.59 Y16.869
G0 X67.59 Y20.905
G0 X67.78 Y20.905
G1 F3000 X67.22 Y21.465 E1777.82365
G0 F7200 X67.22 Y21.965
G1 F3000 X67.78 Y22.526 E1777.84441
G0 F7200 X67.59 Y22.526
G0 X67.59 Y26.562
G0 X67.78 Y26.562
G1 F3000 X67.22 Y27.122 E1777.86515
G0 F7200 X67.22 Y27.622
G1 F3000 X67.78 Y28.182 E1777.8859
G0 F7200 X67.59 Y28.182
G0 X67.59 Y32.219
G0 X67.78 Y32.219
G1 F3000 X67.22 Y32.779 E1777.90664
G0 F7200 X67.22 Y33.279
G1 F3000 X67.78 Y33.839 E1777.92738
G0 F7200 X67.59 Y33.839
G0 X67.59 Y37.875
G0 X67.78 Y37.875
G1 F3000 X67.22 Y38.435 E1777.94813
G0 F7200 X67.22 Y38.935
G1 F3000 X67.78 Y39.496 E1777.96889
G0 F7200 X67.59 Y39.496
G0 X67.59 Y43.532
G0 X67.78 Y43.532
G1 F3000 X67.22 Y44.092 E1777.98963
G0 F7200 X67.22 Y44.592
G1 F3000 X67.78 Y45.153 E1778.01039
G0 F7200 X67.59 Y45.153
G0 X67.59 Y49.189
G0 X67.78 Y49.189
G1 F3000 X67.22 Y49.749 E1778.03114
G0 F7200 X67.22 Y50.249
G1 F3000 X67.78 Y50.81 E1778.0519
G0 F7200 X67.59 Y50.81
G0 X67.59 Y54.846
G0 X67.78 Y54.846
G1 F3000 X67.22 Y55.406 E1778.07264
G0 F7200 X67.22 Y55.906
G1 F3000 X67.78 Y56.467 E1778.0934
G0 F7200 X67.59 Y56.467
G0 X67.59 Y60.503
G0 X67.78 Y60.503
G1 F3000 X67.22 Y61.063 E1778.11415
G0 F7200 X67.22 Y61.563
G1 F3000 X67.78 Y62.124 E1778.13491
G0 F7200 X67.59 Y62.124
G0 X67.59 Y66.16
G0 X67.78 Y66.16
G1 F3000 X67.22 Y66.72 E1778.15565
G0 F7200 X67.22 Y67.22
G1 F3000 X67.78 Y67.78 E1778.1764
G0 F7200 X67.59 Y67.78
G0 X67.59 Y71.817
G0 X67.78 Y71.817
G1 F3000 X67.22 Y72.377 E1778.19714
G0 F7200 X67.22 Y72.877
G1 F3000 X67.78 Y73.437 E1778.21788
G0 F7200 X67.59 Y73.437
G0 X67.59 Y77.473
G0 X67.78 Y77.473
G1 F3000 X67.22 Y78.033 E1778.23863
G0 F7200 X67.22 Y78.533
G1 F3000 X67.78 Y79.094 E1778.25939
G0 F7200 X67.59 Y79.094
G0 X67.59 Y83.13
G0 X67.78 Y83.13
G1 F3000 X67.22 Y83.69 E1778.28013
G0 F7200 X67.22 Y84.19
G1 F3000 X67.78 Y84.751 E1778.30089
G0 F7200 X67.59 Y84.751
G0 X67.338 Y87.338
G0 X65.152 Y87.59
G0 X65.152 Y87.78
G1 F3000 X64.593 Y87.22 E1778.32162
G0 F7200 X63.691 Y87.22
G1 F3000 X63.13 Y87.78 E1778.34238
G0 F7200 X63.13 Y87.59
G0 X59.495 Y87.59
G0 X59.495 Y87.78
G1 F3000 X58.936 Y87.22 E1778.3631
G0 F7200 X58.034 Y87.22
G1 F3000 X57.474 Y87.78 E1778.38385
G0 F7200 X57.474 Y87.59
G0 X53.838 Y87.59
G0 X53.838 Y87.78
G1 F3000 X53.279 Y87.22 E1778.40457
G0 F7200 X52.378 Y87.22
G1 F3000 X51.817 Y87.78 E1778.42533
G0 F7200 X51.817 Y87.59
G0 X48.181 Y87.59
G0 X48.181 Y87.779
G1 F3000 X47.622 Y87.22 E1778.44604
G0 F7200 X46.721 Y87.22
G1 F3000 X46.161 Y87.78 E1778.46678
G0 F7200 X46.161 Y87.59
G0 X42.524 Y87.59
G0 X42.524 Y87.779
G1 F3000 X41.965 Y87.22 E1778.48749
G0 F7200 X41.064 Y87.22
G1 F3000 X40.504 Y87.78 E1778.50823
G0 F7200 X40.504 Y87.59
G0 X36.867 Y87.59
G0 X36.867 Y87.779
G1 F3000 X34.476 Y85.388 E1778.5968
G1 X34.406 Y85.318
G0 F7200 X34.513 Y85.578
G0 X36.59 Y85.847
G0 X36.779 Y85.847
G1 F3000 X34.847 Y87.78 E1778.66838
G1 X34.777 Y87.85
G0 F7200 X34.777 Y87.59
G0 X67.338 Y87.338
G0 X66.924 Y86.924
;TYPE:WALL-INNER
G1 F2400 X66.589 Y87.1 E1778.67829
G1 X37.5 Y87.1 E1779.4402
G1 X37.02 Y86.861 E1779.45425
G1 X36.9 Y86.501 E1779.46419
G1 X36.9 Y85.1 E1779.50088
G1 X35.527 Y85.1 E1779.53684
G1 X34.967 Y85.143 E1779.55156
G1 X34.451 Y85.268 E1779.56546
G1 X33.949 Y85.477 E1779.5797
G1 X33.499 Y85.751 E1779.5935
G1 X33.098 Y86.098 E1779.60739
G1 X32.751 Y86.499 E1779.62128
G1 X32.476 Y86.95 E1779.63512
G1 X32.269 Y87.443 E1779.64912
G1 X32.16 Y87.899 E1779.6614
G1 X67.9 Y87.9 E1780.59752
G1 X67.9 Y12.1 E1782.5829
G1 X32.161 Y12.1 E1783.51899
G1 X32.265 Y12.547 E1783.53101
G1 X32.472 Y13.045 E1783.54513
G1 X32.75 Y13.497 E1783.55903
G1 X33.098 Y13.902 E1783.57302
G1 X33.499 Y14.245 E1783.58684
G1 X33.951 Y14.524 E1783.60075
G1 X34.45 Y14.731 E1783.6149
G1 X34.967 Y14.853 E1783.62882
G1 X35.529 Y14.9 E1783.64359
G1 X36.9 Y14.9 E1783.6795
G1 X36.9 Y13.5 E1783.71617
G1 X37.02 Y13.139 E1783.72613
G1 X37.409 Y12.9 E1783.73809
G1 X66.5 Y12.9 E1784.50005
G1 X66.924 Y13.076 E1784.51208
G1 X67.1 Y13.5 E1784.5241
G1 X67.1 Y86.589 E1786.43847
G1 X66.924 Y86.924 E1786.44838
G0 F7200 X66.698 Y86.535
;TYPE:WALL-OUTER
G1 F1200 X66.642 Y86.642 E1786.45155
G1 X66.535 Y86.698 E1786.45471
G1 X37.5 Y86.7 E1787.21521
G1 X37.34 Y86.621 E1787.21988
G1 X37.3 Y86.501 E1787.22319
G1 X37.3 Y84.7 E1787.27037
G1 X35.512 Y84.7 E1787.3172
G1 X34.904 Y84.747 E1787.33317
G1 X34.327 Y84.887 E1787.34872
G1 X33.767 Y85.119 E1787.3646
G1 X33.263 Y85.427 E1787.38007
G1 X32.814 Y85.814 E1787.39559
G1 X32.427 Y86.263 E1787.41112
G1 X32.119 Y86.768 E1787.42661
G1 X31.887 Y87.319 E1787.44227
G1 X31.747 Y87.911 E1787.45821
G1 X31.717 Y88.3 E1787.46843
G1 X68.3 Y88.3 E1788.42662
G1 X68.3 Y11.7 E1790.43295
G1 X31.717 Y11.7 E1791.39115
G1 X31.747 Y12.085 E1791.40126
G1 X31.883 Y12.67 E1791.417
G1 X32.115 Y13.228 E1791.43282
G1 X32.426 Y13.733 E1791.44836
G1 X32.814 Y14.186 E1791.46398
G1 X33.263 Y14.569 E1791.47944
G1 X33.768 Y14.881 E1791.49499
G1 X34.326 Y15.113 E1791.51081
G1 X34.904 Y15.249 E1791.52637
G1 X35.513 Y15.3 E1791.54237
G1 X37.3 Y15.3 E1791.58918
G1 X37.3 Y13.5 E1791.63633
G1 X37.34 Y13.379 E1791.63966
G1 X37.465 Y13.302 E1791.64351
G1 X66.5 Y13.3 E1792.404
G1 X66.642 Y13.358 E1792.40802
G1 X66.7 Y13.5 E1792.41204
G1 X66.698 Y86.535 E1794.325
G0 F7200 X66.642 Y86.642
G0 X66.573 Y86.678
;MESH:NONMESH
G0 F600 Z15.6
G0 F7200 X66.573 Y87.41
G0 X67.338 Y12.662
G0 X34.848 Y12.41
G0 X34.848 Y12.22
;TIME_ELAPSED:3022.511615
;LAYER:102
;TYPE:FILL
;MESH:Wandhalterung TP-Link Media Converter.stl
G1 F3000 X36.78 Y14.153 E1794.39658
G1 X36.85 Y14.223
G0 F7200 X36.59 Y14.223
G0 X36.662 Y12.662
G0 X36.867 Y12.22
G1 F3000 X34.476 Y14.612 E1794.48517
G1 X34.406 Y14.682
G0 F7200 X34.514 Y14.423
G0 X36.662 Y12.662
G0 X40.504 Y12.41
G0 X40.504 Y12.22
G1 F3000 X41.064 Y12.78 E1794.50591
G0 F7200 X41.964 Y12.78
G1 F3000 X42.524 Y12.22 E1794.52665
G0 F7200 X42.524 Y12.41
G0 X46.161 Y12.41
G0 X46.161 Y12.22
G1 F3000 X46.721 Y12.78 E1794.5474
G0 F7200 X47.621 Y12.78
G1 F3000 X48.181 Y12.22 E1794.56814
G0 F7200 X48.181 Y12.41
G0 X51.818 Y12.41
G0 X51.818 Y12.22
G1 F3000 X52.378 Y12.78 E1794.58888
G0 F7200 X53.278 Y12.78
G1 F3000 X53.838 Y12.22 E1794.60963
G0 F7200 X53.838 Y12.41
G0 X57.475 Y12.41
G0 X57.475 Y12.22
G1 F3000 X58.034 Y12.78 E1794.63035
G0 F7200 X58.935 Y12.78
G1 F3000 X59.495 Y12.22 E1794.65109
G0 F7200 X59.495 Y12.41
G0 X63.132 Y12.41
G0 X63.132 Y12.22
G1 F3000 X63.691 Y12.78 E1794.67182
G0 F7200 X64.591 Y12.78
G1 F3000 X65.151 Y12.22 E1794.69256
G0 F7200 X65.151 Y12.41
G0 X67.338 Y12.662
G0 X67.59 Y15.248
G0 X67.78 Y15.248
G1 F3000 X67.22 Y15.808 E1794.71331
G0 F7200 X67.22 Y16.308
G1 F3000 X67.78 Y16.869 E1794.73407
G0 F7200 X67.59 Y16.869
G0 X67.59 Y20.905
G0 X67.78 Y20.905
G1 F3000 X67.22 Y21.465 E1794.75481
G0 F7200 X67.22 Y21.965
G1 F3000 X67.78 Y22.526 E1794.77557
G0 F7200 X67.59 Y22.526
G0 X67.59 Y26.562
G0 X67.78 Y26.562
G1 F3000 X67.22 Y27.122 E1794.79632
G0 F7200 X67.22 Y27.622
G1 F3000 X67.78 Y28.182 E1794.81706
G0 F7200 X67.59 Y28.182
G0 X67.59 Y32.219
G0 X67.78 Y32.219
G1 F3000 X67.22 Y32.779 E1794.8378
G0 F7200 X67.22 Y33.279
G1 F3000 X67.78 Y33.839 E1794.85855
G0 F7200 X67.59 Y33.839
G0 X67.59 Y37.875
G0 X67.78 Y37.875
G1 F3000 X67.22 Y38.435 E1794.87929
G0 F7200 X67.22 Y38.935
G1 F3000 X67.78 Y39.496 E1794.90005
G0 F7200 X67.59 Y39.496
G0 X67.59 Y43.532
G0 X67.78 Y43.532
G1 F3000 X67.22 Y44.092 E1794.92079
G0 F7200 X67.22 Y44.592
G1 F3000 X67.78 Y45.153 E1794.94156
G0 F7200 X67.59 Y45.153
G0 X67.59 Y49.189
G0 X67.78 Y49.189
G1 F3000 X67.22 Y49.749 E1794.9623
G0 F7200 X67.22 Y50.249
G1 F3000 X67.78 Y50.81 E1794.98306
G0 F7200 X67.59 Y50.81
G0 X67.59 Y54.846
G0 X67.78 Y54.846
G1 F3000 X67.22 Y55.406 E1795.0038
G0 F7200 X67.22 Y55.906
G1 F3000 X67.78 Y56.467 E1795.02457
G0 F7200 X67.59 Y56.467
G0 X67.59 Y60.503
G0 X67.78 Y60.503
G1 F3000 X67.22 Y61.063 E1795.04531
G0 F7200 X67.22 Y61.563
G1 F3000 X67.78 Y62.124 E1795.06607
G0 F7200 X67.59 Y62.124
G0 X67.59 Y66.16
G0 X67.78 Y66.16
G1 F3000 X67.22 Y66.72 E1795.08681
G0 F7200 X67.22 Y67.22
G1 F3000 X67.78 Y67.78 E1795.10756
G0 F7200 X67.59 Y67.78
G0 X67.59 Y71.817
G0 X67.78 Y71.817
G1 F3000 X67.22 Y72.377 E1795.1283
G0 F7200 X67.22 Y72.877
G1 F3000 X67.78 Y73.437 E1795.14904
G0 F7200 X67.59 Y73.437
G0 X67.59 Y77.473
G0 X67.78 Y77.473
G1 F3000 X67.22 Y78.033 E1795.16979
G0 F7200 X67.22 Y78.533
G1 F3000 X67.78 Y79.094 E1795.19055
G0 F7200 X67.59 Y79.094
G0 X67.59 Y83.13
G0 X67.78 Y83.13
G1 F3000 X67.22 Y83.69 E1795.21129
G0 F7200 X67.22 Y84.19
G1 F3000 X67.78 Y84.751 E1795.23205
G0 F7200 X67.59 Y84.751
G0 X67.338 Y87.338
G0 X65.152 Y87.59
G0 X65.152 Y87.78
G1 F3000 X64.593 Y87.22 E1795.25278
G0 F7200 X63.691 Y87.22
G1 F3000 X63.13 Y87.78 E1795.27354
G0 F7200 X63.13 Y87.59
G0 X59.495 Y87.59
G0 X59.495 Y87.78
G1 F3000 X58.936 Y87.22 E1795.29427
G0 F7200 X58.034 Y87.22
G1 F3000 X57.474 Y87.78 E1795.31501
G0 F7200 X57.474 Y87.59
G0 X53.838 Y87.59
G0 X53.838 Y87.78
G1 F3000 X53.279 Y87.22 E1795.33573
G0 F7200 X52.378 Y87.22
G1 F3000 X51.817 Y87.78 E1795.3565
G0 F7200 X51.817 Y87.59
G0 X48.181 Y87.59
G0 X48.181 Y87.779
G1 F3000 X47.622 Y87.22 E1795.3772
G0 F7200 X46.721 Y87.22
G1 F3000 X46.161 Y87.78 E1795.39795
G0 F7200 X46.161 Y87.59
G0 X42.524 Y87.59
G0 X42.524 Y87.779
G1 F3000 X41.965 Y87.22 E1795.41865
G0 F7200 X41.064 Y87.22
G1 F3000 X40.504 Y87.78 E1795.43939
G0 F7200 X40.504 Y87.59
G0 X36.867 Y87.59
G0 X36.867 Y87.779
G1 F3000 X34.476 Y85.388 E1795.52796
G1 X34.406 Y85.318
G0 F7200 X34.513 Y85.578
G0 X36.59 Y85.847
G0 X36.779 Y85.847
G1 F3000 X34.847 Y87.78 E1795.59954
G1 X34.777 Y87.85
G0 F7200 X34.777 Y87.59
G0 X67.338 Y87.338
G0 X66.924 Y86.924
;TYPE:WALL-INNER
G1 F2400 X66.589 Y87.1 E1795.60946
G1 X37.5 Y87.1 E1796.37137
G1 X37.02 Y86.861 E1796.38541
G1 X36.9 Y86.501 E1796.39535
G1 X36.9 Y85.1 E1796.43204
G1 X35.527 Y85.1 E1796.46801
G1 X34.967 Y85.143 E1796.48272
G1 X34.451 Y85.268 E1796.49662
G1 X33.949 Y85.477 E1796.51087
G1 X33.499 Y85.751 E1796.52467
G1 X33.098 Y86.098 E1796.53856
G1 X32.751 Y86.499 E1796.55244
G1 X32.476 Y86.95 E1796.56628
G1 X32.269 Y87.443 E1796.58029
G1 X32.16 Y87.899 E1796.59257
G1 X67.9 Y87.9 E1797.52868
G1 X67.9 Y12.1 E1799.51406
G1 X32.161 Y12.1 E1800.45015
G1 X32.265 Y12.547 E1800.46217
G1 X32.472 Y13.045 E1800.4763
G1 X32.75 Y13.497 E1800.4902
G1 X33.098 Y13.902 E1800.50418
G1 X33.499 Y14.245 E1800.518
G1 X33.951 Y14.524 E1800.53192
G1 X34.45 Y14.731 E1800.54607
G1 X34.967 Y14.853 E1800.55998
G1 X35.529 Y14.9 E1800.57475
G1 X36.9 Y14.9 E1800.61066
G1 X36.9 Y13.5 E1800.64733
G1 X37.02 Y13.139 E1800.65729
G1 X37.409 Y12.9 E1800.66925
G1 X66.5 Y12.9 E1801.43121
G1 X66.924 Y13.076 E1801.44324
G1 X67.1 Y13.5 E1801.45526
G1 X67.1 Y86.589 E1803.36963
G1 X66.924 Y86.924 E1803.37955
G0 F7200 X66.698 Y86.535
;TYPE:WALL-OUTER
G1 F1200 X66.642 Y86.642 E1803.38271
G1 X66.535 Y86.698 E1803.38587
G1 X37.5 Y86.7 E1804.14637
G1 X37.34 Y86.621 E1804.15104
G1 X37.3 Y86.501 E1804.15435
G1 X37.3 Y84.7 E1804.20153
G1 X35.512 Y84.7 E1804.24836
G1 X34.904 Y84.747 E1804.26433
G1 X34.327 Y84.887 E1804.27988
G1 X33.767 Y85.119 E1804.29576
G1 X33.263 Y85.427 E1804.31123
G1 X32.814 Y85.814 E1804.32676
G1 X32.427 Y86.263 E1804.34228
G1 X32.119 Y86.768 E1804.35778
G1 X31.887 Y87.319 E1804.37343
G1 X31.747 Y87.911 E1804.38937
G1 X31.717 Y88.3 E1804.39959
G1 X68.3 Y88.3 E1805.35778
G1 X68.3 Y11.7 E1807.36412
G1 X31.717 Y11.7 E1808.32231
G1 X31.747 Y12.085 E1808.33243
G1 X31.883 Y12.67 E1808.34816
G1 X32.115 Y13.228 E1808.36399
G1 X32.426 Y13.733 E1808.37952
G1 X32.814 Y14.186 E1808.39514
G1 X33.263 Y14.569 E1808.4106
G1 X33.768 Y14.881 E1808.42615
G1 X34.326 Y15.113 E1808.44198
G1 X34.904 Y15.249 E1808.45753
G1 X35.513 Y15.3 E1808.47354
G1 X37.3 Y15.3 E1808.52034
G1 X37.3 Y13.5 E1808.56749
G1 X37.34 Y13.379 E1808.57083
G1 X37.465 Y13.302 E1808.57467
G1 X66.5 Y13.3 E1809.33517
G1 X66.642 Y13.358 E1809.33918
G1 X66.7 Y13.5 E1809.3432
G1 X66.698 Y86.535 E1811.25616
G0 F7200 X66.642 Y86.642
G0 X66.573 Y86.678
;MESH:NONMESH
G0 F600 Z15.75
G0 F7200 X66.573 Y87.41
G0 X67.338 Y12.662
G0 X34.848 Y12.41
G0 X34.848 Y12.22
;TIME_ELAPSED:3050.087722
;LAYER:103
;TYPE:FILL
;MESH:Wandhalterung TP-Link Media Converter.stl
G1 F3000 X36.78 Y14.153 E1811.32774
G1 X36.85 Y14.223
G0 F7200 X36.59 Y14.223
G0 X36.662 Y12.662
G0 X36.867 Y12.22
G1 F3000 X34.476 Y14.612 E1811.41633
G1 X34.406 Y14.682
G0 F7200 X34.514 Y14.423
G0 X36.662 Y12.662
G0 X40.504 Y12.41
G0 X40.504 Y12.22
G1 F3000 X41.064 Y12.78 E1811.43707
G0 F7200 X41.964 Y12.78
G1 F3000 X42.524 Y12.22 E1811.45781
G0 F7200 X42.524 Y12.41
G0 X46.161 Y12.41
G0 X46.161 Y12.22
G1 F3000 X46.721 Y12.78 E1811.47856
G0 F7200 X47.621 Y12.78
G1 F3000 X48.181 Y12.22 E1811.4993
G0 F7200 X48.181 Y12.41
G0 X51.818 Y12.41
G0 X51.818 Y12.22
G1 F3000 X52.378 Y12.78 E1811.52004
G0 F7200 X53.278 Y12.78
G1 F3000 X53.838 Y12.22 E1811.54079
G0 F7200 X53.838 Y12.41
G0 X57.475 Y12.41
G0 X57.475 Y12.22
G1 F3000 X58.034 Y12.78 E1811.56151
G0 F7200 X58.935 Y12.78
G1 F3000 X59.495 Y12.22 E1811.58226
G0 F7200 X59.495 Y12.41
G0 X63.132 Y12.41
G0 X63.132 Y12.22
G1 F3000 X63.691 Y12.78 E1811.60298
G0 F7200 X64.591 Y12.78
G1 F3000 X65.151 Y12.22 E1811.62372
G0 F7200 X65.151 Y12.41
G0 X67.338 Y12.662
G0 X67.59 Y15.248
G0 X67.78 Y15.248
G1 F3000 X67.22 Y15.808 E1811.64447
G0 F7200 X67.22 Y16.308
G1 F3000 X67.78 Y16.869 E1811.66523
G0 F7200 X67.59 Y16.869
G0 X67.59 Y20.905
G0 X67.78 Y20.905
G1 F3000 X67.22 Y21.465 E1811.68597
G0 F7200 X67.22 Y21.965
G1 F3000 X67.78 Y22.526 E1811.70673
G0 F7200 X67.59 Y22.526
G0 X67.59 Y26.562
G0 X67.78 Y26.562
G1 F3000 X67.22 Y27.122 E1811.72748
G0 F7200 X67.22 Y27.622
G1 F3000 X67.78 Y28.182 E1811.74822
G0 F7200 X67.59 Y28.182
G0 X67.59 Y32.219
G0 X67.78 Y32.219
G1 F3000 X67.22 Y32.779 E1811.76896
G0 F7200 X67.22 Y33.279
G1 F3000 X67.78 Y33.839 E1811.78971
G0 F7200 X67.59 Y33.839
G0 X67.59 Y37.875
G0 X67.78 Y37.875
G1 F3000 X67.22 Y38.435 E1811.81045
G0 F7200 X67.22 Y38.935
G1 F3000 X67.78 Y39.496 E1811.83121
G0 F7200 X67.59 Y39.496
G0 X67.59 Y43.532
G0 X67.78 Y43.532
G1 F3000 X67.22 Y44.092 E1811.85196
G0 F7200 X67.22 Y44.592
G1 F3000 X67.78 Y45.153 E1811.87272
G0 F7200 X67.59 Y45.153
G0 X67.59 Y49.189
G0 X67.78 Y49.189
G1 F3000 X67.22 Y49.749 E1811.89346
G0 F7200 X67.22 Y50.249
G1 F3000 X67.78 Y50.81 E1811.91422
G0 F7200 X67.59 Y50.81
G0 X67.59 Y54.846
G0 X67.78 Y54.846
G1 F3000 X67.22 Y55.406 E1811.93497
G0 F7200 X67.22 Y55.906
G1 F3000 X67.78 Y56.467 E1811.95573
G0 F7200 X67.59 Y56.467
G0 X67.59 Y60.503
G0 X67.78 Y60.503
G1 F3000 X67.22 Y61.063 E1811.97647
G0 F7200 X67.22 Y61.563
G1 F3000 X67.78 Y62.124 E1811.99723
G0 F7200 X67.59 Y62.124
G0 X67.59 Y66.16
G0 X67.78 Y66.16
G1 F3000 X67.22 Y66.72 E1812.01798
G0 F7200 X67.22 Y67.22
G1 F3000 X67.78 Y67.78 E1812.03872
G0 F7200 X67.59 Y67.78
G0 X67.59 Y71.817
G0 X67.78 Y71.817
G1 F3000 X67.22 Y72.377 E1812.05946
G0 F7200 X67.22 Y72.877
G1 F3000 X67.78 Y73.437 E1812.08021
G0 F7200 X67.59 Y73.437
G0 X67.59 Y77.473
G0 X67.78 Y77.473
G1 F3000 X67.22 Y78.033 E1812.10095
G0 F7200 X67.22 Y78.533
G1 F3000 X67.78 Y79.094 E1812.12171
G0 F7200 X67.59 Y79.094
G0 X67.59 Y83.13
G0 X67.78 Y83.13
G1 F3000 X67.22 Y83.69 E1812.14245
G0 F7200 X67.22 Y84.19
G1 F3000 X67.78 Y84.751 E1812.16322
G0 F7200 X67.59 Y84.751
G0 X67.338 Y87.338
G0 X65.152 Y87.59
G0 X65.152 Y87.78
G1 F3000 X64.593 Y87.22 E1812.18394
G0 F7200 X63.691 Y87.22
G1 F3000 X63.13 Y87.78 E1812.2047
G0 F7200 X63.13 Y87.59
G0 X59.495 Y87.59
G0 X59.495 Y87.78
G1 F3000 X58.936 Y87.22 E1812.22543
G0 F7200 X58.034 Y87.22
G1 F3000 X57.474 Y87.78 E1812.24617
G0 F7200 X57.474 Y87.59
G0 X53.838 Y87.59
G0 X53.838 Y87.78
G1 F3000 X53.279 Y87.22 E1812.2669
G0 F7200 X52.378 Y87.22
G1 F3000 X51.817 Y87.78 E1812.28766
G0 F7200 X51.817 Y87.59
G0 X48.181 Y87.59
G0 X48.181 Y87.779
G1 F3000 X47.622 Y87.22 E1812.30836
G0 F7200 X46.721 Y87.22
G1 F3000 X46.161 Y87.78 E1812.32911
G0 F7200 X46.161 Y87.59
G0 X42.524 Y87.59
G0 X42.524 Y87.779
G1 F3000 X41.965 Y87.22 E1812.34981
G0 F7200 X41.064 Y87.22
G1 F3000 X40.504 Y87.78 E1812.37056
G0 F7200 X40.504 Y87.59
G0 X36.867 Y87.59
G0 X36.867 Y87.779
G1 F3000 X34.476 Y85.388 E1812.45912
G1 X34.406 Y85.318
G0 F7200 X34.513 Y85.578
G0 X36.59 Y85.847
G0 X36.779 Y85.847
G1 F3000 X34.847 Y87.78 E1812.53071
G1 X34.777 Y87.85
G0 F7200 X34.777 Y87.59
G0 X67.338 Y87.338
G0 X66.924 Y86.924
;TYPE:WALL-INNER
G1 F2400 X66.589 Y87.1 E1812.54062
G1 X37.5 Y87.1 E1813.30253
G1 X37.02 Y86.861 E1813.31657
G1 X36.9 Y86.501 E1813.32651
G1 X36.9 Y85.1 E1813.36321
G1 X35.527 Y85.1 E1813.39917
G1 X34.967 Y85.143 E1813.41388
G1 X34.451 Y85.268 E1813.42779
G1 X33.949 Y85.477 E1813.44203
G1 X33.499 Y85.751 E1813.45583
G1 X33.098 Y86.098 E1813.46972
G1 X32.751 Y86.499 E1813.48361
G1 X32.476 Y86.95 E1813.49744
G1 X32.269 Y87.443 E1813.51145
G1 X32.16 Y87.899 E1813.52373
G1 X67.9 Y87.9 E1814.45984
G1 X67.9 Y12.1 E1816.44522
G1 X32.161 Y12.1 E1817.38131
G1 X32.265 Y12.547 E1817.39333
G1 X32.472 Y13.045 E1817.40746
G1 X32.75 Y13.497 E1817.42136
G1 X33.098 Y13.902 E1817.43534
G1 X33.499 Y14.245 E1817.44916
G1 X33.951 Y14.524 E1817.46308
G1 X34.45 Y14.731 E1817.47723
G1 X34.967 Y14.853 E1817.49114
G1 X35.529 Y14.9 E1817.50591
G1 X36.9 Y14.9 E1817.54182
G1 X36.9 Y13.5 E1817.57849
G1 X37.02 Y13.139 E1817.58846
G1 X37.409 Y12.9 E1817.60041
G1 X66.5 Y12.9 E1818.36238
G1 X66.924 Y13.076 E1818.3744
G1 X67.1 Y13.5 E1818.38642
G1 X67.1 Y86.589 E1820.3008
G1 X66.924 Y86.924 E1820.31071
G0 F7200 X66.698 Y86.535
;TYPE:WALL-OUTER
G1 F1200 X66.642 Y86.642 E1820.31387
G1 X66.535 Y86.698 E1820.31703
G1 X37.5 Y86.7 E1821.07753
G1 X37.34 Y86.621 E1821.0822
G1 X37.3 Y86.501 E1821.08552
G1 X37.3 Y84.7 E1821.13269
G1 X35.512 Y84.7 E1821.17952
G1 X34.904 Y84.747 E1821.19549
G1 X34.327 Y84.887 E1821.21105
G1 X33.767 Y85.119 E1821.22692
G1 X33.263 Y85.427 E1821.24239
G1 X32.814 Y85.814 E1821.25792
G1 X32.427 Y86.263 E1821.27344
G1 X32.119 Y86.768 E1821.28894
G1 X31.887 Y87.319 E1821.3046
G1 X31.747 Y87.911 E1821.32053
G1 X31.717 Y88.3 E1821.33075
G1 X68.3 Y88.3 E1822.28894
G1 X68.3 Y11.7 E1824.29528
G1 X31.717 Y11.7 E1825.25347
G1 X31.747 Y12.085 E1825.26359
G1 X31.883 Y12.67 E1825.27932
G1 X32.115 Y13.228 E1825.29515
G1 X32.426 Y13.733 E1825.31068
G1 X32.814 Y14.186 E1825.3263
G1 X33.263 Y14.569 E1825.34176
G1 X33.768 Y14.881 E1825.35731
G1 X34.326 Y15.113 E1825.37314
G1 X34.904 Y15.249 E1825.38869
G1 X35.513 Y15.3 E1825.4047
G1 X37.3 Y15.3 E1825.4515
G1 X37.3 Y13.5 E1825.49865
G1 X37.34 Y13.379 E1825.50199
G1 X37.465 Y13.302 E1825.50583
G1 X66.5 Y13.3 E1826.26633
G1 X66.642 Y13.358 E1826.27035
G1 X66.7 Y13.5 E1826.27436
G1 X66.698 Y86.535 E1828.18732
G0 F7200 X66.642 Y86.642
G0 X66.573 Y86.678
;MESH:NONMESH
G0 F600 Z15.9
G0 F7200 X66.573 Y87.41
G0 X67.338 Y12.662
G0 X34.848 Y12.41
G0 X34.848 Y12.22
;TIME_ELAPSED:3077.663829
;LAYER:104
;TYPE:FILL
;MESH:Wandhalterung TP-Link Media Converter.stl
G1 F3000 X36.78 Y14.153 E1828.25891
G1 X36.85 Y14.223
G0 F7200 X36.59 Y14.223
G0 X36.662 Y12.662
G0 X36.867 Y12.22
G1 F3000 X34.476 Y14.612 E1828.34749
G1 X34.406 Y14.682
G0 F7200 X34.514 Y14.423
G0 X36.662 Y12.662
G0 X40.504 Y12.41
G0 X40.504 Y12.22
G1 F3000 X41.064 Y12.78 E1828.36823
G0 F7200 X41.964 Y12.78
G1 F3000 X42.524 Y12.22 E1828.38898
G0 F7200 X42.524 Y12.41
G0 X46.161 Y12.41
G0 X46.161 Y12.22
G1 F3000 X46.721 Y12.78 E1828.40972
G0 F7200 X47.621 Y12.78
G1 F3000 X48.181 Y12.22 E1828.43046
G0 F7200 X48.181 Y12.41
G0 X51.818 Y12.41
G0 X51.818 Y12.22
G1 F3000 X52.378 Y12.78 E1828.45121
G0 F7200 X53.278 Y12.78
G1 F3000 X53.838 Y12.22 E1828.47195
G0 F7200 X53.838 Y12.41
G0 X57.475 Y12.41
G0 X57.475 Y12.22
G1 F3000 X58.034 Y12.78 E1828.49267
G0 F7200 X58.935 Y12.78
G1 F3000 X59.495 Y12.22 E1828.51342
G0 F7200 X59.495 Y12.41
G0 X63.132 Y12.41
G0 X63.132 Y12.22
G1 F3000 X63.691 Y12.78 E1828.53414
G0 F7200 X64.591 Y12.78
G1 F3000 X65.151 Y12.22 E1828.55489
G0 F7200 X65.151 Y12.41
G0 X67.338 Y12.662
G0 X67.59 Y15.248
G0 X67.78 Y15.248
G1 F3000 X67.22 Y15.808 E1828.57563
G0 F7200 X67.22 Y16.308
G1 F3000 X67.78 Y16.869 E1828.59639
G0 F7200 X67.59 Y16.869
G0 X67.59 Y20.905
G0 X67.78 Y20.905
G1 F3000 X67.22 Y21.465 E1828.61713
G0 F7200 X67.22 Y21.965
G1 F3000 X67.78 Y22.526 E1828.6379
G0 F7200 X67.59 Y22.526
G0 X67.59 Y26.562
G0 X67.78 Y26.562
G1 F3000 X67.22 Y27.122 E1828.65864
G0 F7200 X67.22 Y27.622
G1 F3000 X67.78 Y28.182 E1828.67938
G0 F7200 X67.59 Y28.182
G0 X67.59 Y32.219
G0 X67.78 Y32.219
G1 F3000 X67.22 Y32.779 E1828.70013
G0 F7200 X67.22 Y33.279
G1 F3000 X67.78 Y33.839 E1828.72087
G0 F7200 X67.59 Y33.839
G0 X67.59 Y37.875
G0 X67.78 Y37.875
G1 F3000 X67.22 Y38.435 E1828.74161
G0 F7200 X67.22 Y38.935
G1 F3000 X67.78 Y39.496 E1828.76237
G0 F7200 X67.59 Y39.496
G0 X67.59 Y43.532
G0 X67.78 Y43.532
G1 F3000 X67.22 Y44.092 E1828.78312
G0 F7200 X67.22 Y44.592
G1 F3000 X67.78 Y45.153 E1828.80388
G0 F7200 X67.59 Y45.153
G0 X67.59 Y49.189
G0 X67.78 Y49.189
G1 F3000 X67.22 Y49.749 E1828.82462
G0 F7200 X67.22 Y50.249
G1 F3000 X67.78 Y50.81 E1828.84538
G0 F7200 X67.59 Y50.81
G0 X67.59 Y54.846
G0 X67.78 Y54.846
G1 F3000 X67.22 Y55.406 E1828.86613
G0 F7200 X67.22 Y55.906
G1 F3000 X67.78 Y56.467 E1828.88689
G0 F7200 X67.59 Y56.467
G0 X67.59 Y60.503
G0 X67.78 Y60.503
G1 F3000 X67.22 Y61.063 E1828.90763
G0 F7200 X67.22 Y61.563
G1 F3000 X67.78 Y62.124 E1828.92839
G0 F7200 X67.59 Y62.124
G0 X67.59 Y66.16
G0 X67.78 Y66.16
G1 F3000 X67.22 Y66.72 E1828.94914
G0 F7200 X67.22 Y67.22
G1 F3000 X67.78 Y67.78 E1828.96988
G0 F7200 X67.59 Y67.78
G0 X67.59 Y71.817
G0 X67.78 Y71.817
G1 F3000 X67.22 Y72.377 E1828.99062
G0 F7200 X67.22 Y72.877
G1 F3000 X67.78 Y73.437 E1829.01137
G0 F7200 X67.59 Y73.437
G0 X67.59 Y77.473
G0 X67.78 Y77.473
G1 F3000 X67.22 Y78.033 E1829.03211
G0 F7200 X67.22 Y78.533
G1 F3000 X67.78 Y79.094 E1829.05287
G0 F7200 X67.59 Y79.094
G0 X67.59 Y83.13
G0 X67.78 Y83.13
G1 F3000 X67.22 Y83.69 E1829.07362
G0 F7200 X67.22 Y84.19
G1 F3000 X67.78 Y84.751 E1829.09438
G0 F7200 X67.59 Y84.751
G0 X67.338 Y87.338
G0 X65.152 Y87.59
G0 X65.152 Y87.78
G1 F3000 X64.593 Y87.22 E1829.1151
G0 F7200 X63.691 Y87.22
G1 F3000 X63.13 Y87.78 E1829.13586
G0 F7200 X63.13 Y87.59
G0 X59.495 Y87.59
G0 X59.495 Y87.78
G1 F3000 X58.936 Y87.22 E1829.15659
G0 F7200 X58.034 Y87.22
G1 F3000 X57.474 Y87.78 E1829.17733
G0 F7200 X57.474 Y87.59
G0 X53.838 Y87.59
G0 X53.838 Y87.78
G1 F3000 X53.279 Y87.22 E1829.19806
G0 F7200 X52.378 Y87.22
G1 F3000 X51.817 Y87.78 E1829.21882
G0 F7200 X51.817 Y87.59
G0 X48.181 Y87.59
G0 X48.181 Y87.779
G1 F3000 X47.622 Y87.22 E1829.23953
G0 F7200 X46.721 Y87.22
G1 F3000 X46.161 Y87.78 E1829.26027
G0 F7200 X46.161 Y87.59
G0 X42.524 Y87.59
G0 X42.524 Y87.779
G1 F3000 X41.965 Y87.22 E1829.28098
G0 F7200 X41.064 Y87.22
G1 F3000 X40.504 Y87.78 E1829.30172
G0 F7200 X40.504 Y87.59
G0 X36.867 Y87.59
G0 X36.867 Y87.779
G1 F3000 X34.476 Y85.388 E1829.39029
G1 X34.406 Y85.318
G0 F7200 X34.513 Y85.578
G0 X36.59 Y85.847
G0 X36.779 Y85.847
G1 F3000 X34.847 Y87.78 E1829.46187
G1 X34.777 Y87.85
G0 F7200 X34.777 Y87.59
G0 X67.338 Y87.338
G0 X66.924 Y86.924
;TYPE:WALL-INNER
G1 F2400 X66.589 Y87.1 E1829.47178
G1 X37.5 Y87.1 E1830.23369
G1 X37.02 Y86.861 E1830.24773
G1 X36.9 Y86.501 E1830.25767
G1 X36.9 Y85.1 E1830.29437
G1 X35.527 Y85.1 E1830.33033
G1 X34.967 Y85.143 E1830.34504
G1 X34.451 Y85.268 E1830.35895
G1 X33.949 Y85.477 E1830.37319
G1 X33.499 Y85.751 E1830.38699
G1 X33.098 Y86.098 E1830.40088
G1 X32.751 Y86.499 E1830.41477
G1 X32.476 Y86.95 E1830.4286
G1 X32.269 Y87.443 E1830.44261
G1 X32.16 Y87.899 E1830.45489
G1 X67.9 Y87.9 E1831.391
G1 X67.9 Y12.1 E1833.37639
G1 X32.161 Y12.1 E1834.31247
G1 X32.265 Y12.547 E1834.32449
G1 X32.472 Y13.045 E1834.33862
G1 X32.75 Y13.497 E1834.35252
G1 X33.098 Y13.902 E1834.36651
G1 X33.499 Y14.245 E1834.38033
G1 X33.951 Y14.524 E1834.39424
G1 X34.45 Y14.731 E1834.40839
G1 X34.967 Y14.853 E1834.4223
G1 X35.529 Y14.9 E1834.43707
G1 X36.9 Y14.9 E1834.47298
G1 X36.9 Y13.5 E1834.50965
G1 X37.02 Y13.139 E1834.51962
G1 X37.409 Y12.9 E1834.53158
G1 X66.5 Y12.9 E1835.29354
G1 X66.924 Y13.076 E1835.30556
G1 X67.1 Y13.5 E1835.31759
G1 X67.1 Y86.589 E1837.23196
G1 X66.924 Y86.924 E1837.24187
G0 F7200 X66.698 Y86.535
;TYPE:WALL-OUTER
G1 F1200 X66.642 Y86.642 E1837.24503
G1 X66.535 Y86.698 E1837.2482
G1 X37.5 Y86.7 E1838.00869
G1 X37.34 Y86.621 E1838.01337
G1 X37.3 Y86.501 E1838.01668
G1 X37.3 Y84.7 E1838.06385
G1 X35.512 Y84.7 E1838.11068
G1 X34.904 Y84.747 E1838.12666
G1 X34.327 Y84.887 E1838.14221
G1 X33.767 Y85.119 E1838.15808
G1 X33.263 Y85.427 E1838.17355
G1 X32.814 Y85.814 E1838.18908
G1 X32.427 Y86.263 E1838.20461
G1 X32.119 Y86.768 E1838.2201
G1 X31.887 Y87.319 E1838.23576
G1 X31.747 Y87.911 E1838.25169
G1 X31.717 Y88.3 E1838.26191
G1 X68.3 Y88.3 E1839.22011
G1 X68.3 Y11.7 E1841.22644
G1 X31.717 Y11.7 E1842.18464
G1 X31.747 Y12.085 E1842.19475
G1 X31.883 Y12.67 E1842.21048
G1 X32.115 Y13.228 E1842.22631
G1 X32.426 Y13.733 E1842.24184
G1 X32.814 Y14.186 E1842.25747
G1 X33.263 Y14.569 E1842.27292
G1 X33.768 Y14.881 E1842.28847
G1 X34.326 Y15.113 E1842.3043
G1 X34.904 Y15.249 E1842.31985
G1 X35.513 Y15.3 E1842.33586
G1 X37.3 Y15.3 E1842.38267
G1 X37.3 Y13.5 E1842.42981
G1 X37.34 Y13.379 E1842.43315
G1 X37.465 Y13.302 E1842.437
G1 X66.5 Y13.3 E1843.19749
G1 X66.642 Y13.358 E1843.20151
G1 X66.7 Y13.5 E1843.20553
G1 X66.698 Y86.535 E1845.11848
G0 F7200 X66.642 Y86.642
G0 X66.573 Y86.678
;MESH:NONMESH
G0 F600 Z16.05
G0 F7200 X66.573 Y87.41
G0 X67.338 Y12.662
G0 X34.848 Y12.41
G0 X34.848 Y12.22
;TIME_ELAPSED:3105.239936
;LAYER:105
;TYPE:FILL
;MESH:Wandhalterung TP-Link Media Converter.stl
G1 F3000 X36.78 Y14.153 E1845.19007
G1 X36.85 Y14.223
G0 F7200 X36.59 Y14.223
G0 X36.662 Y12.662
G0 X36.867 Y12.22
G1 F3000 X34.476 Y14.612 E1845.27865
G1 X34.406 Y14.682
G0 F7200 X34.514 Y14.423
G0 X36.662 Y12.662
G0 X40.504 Y12.41
G0 X40.504 Y12.22
G1 F3000 X41.064 Y12.78 E1845.2994
G0 F7200 X41.964 Y12.78
G1 F3000 X42.524 Y12.22 E1845.32014
G0 F7200 X42.524 Y12.41
G0 X46.161 Y12.41
G0 X46.161 Y12.22
G1 F3000 X46.721 Y12.78 E1845.34088
G0 F7200 X47.621 Y12.78
G1 F3000 X48.181 Y12.22 E1845.36163
G0 F7200 X48.181 Y12.41
G0 X51.818 Y12.41
G0 X51.818 Y12.22
G1 F3000 X52.378 Y12.78 E1845.38237
G0 F7200 X53.278 Y12.78
G1 F3000 X53.838 Y12.22 E1845.40311
G0 F7200 X53.838 Y12.41
G0 X57.475 Y12.41
G0 X57.475 Y12.22
G1 F3000 X58.034 Y12.78 E1845.42384
G0 F7200 X58.935 Y12.78
G1 F3000 X59.495 Y12.22 E1845.44458
G0 F7200 X59.495 Y12.41
G0 X63.132 Y12.41
G0 X63.132 Y12.22
G1 F3000 X63.691 Y12.78 E1845.4653
G0 F7200 X64.591 Y12.78
G1 F3000 X65.151 Y12.22 E1845.48605
G0 F7200 X65.151 Y12.41
G0 X67.338 Y12.662
G0 X67.59 Y15.248
G0 X67.78 Y15.248
G1 F3000 X67.22 Y15.808 E1845.50679
G0 F7200 X67.22 Y16.308
G1 F3000 X67.78 Y16.869 E1845.52755
G0 F7200 X67.59 Y16.869
G0 X67.59 Y20.905
G0 X67.78 Y20.905
G1 F3000 X67.22 Y21.465 E1845.5483
G0 F7200 X67.22 Y21.965
G1 F3000 X67.78 Y22.526 E1845.56906
G0 F7200 X67.59 Y22.526
G0 X67.59 Y26.562
G0 X67.78 Y26.562
G1 F3000 X67.22 Y27.122 E1845.5898
G0 F7200 X67.22 Y27.622
G1 F3000 X67.78 Y28.182 E1845.61054
G0 F7200 X67.59 Y28.182
G0 X67.59 Y32.219
G0 X67.78 Y32.219
G1 F3000 X67.22 Y32.779 E1845.63129
G0 F7200 X67.22 Y33.279
G1 F3000 X67.78 Y33.839 E1845.65203
G0 F7200 X67.59 Y33.839
G0 X67.59 Y37.875
G0 X67.78 Y37.875
G1 F3000 X67.22 Y38.435 E1845.67277
G0 F7200 X67.22 Y38.935
G1 F3000 X67.78 Y39.496 E1845.69354
G0 F7200 X67.59 Y39.496
G0 X67.59 Y43.532
G0 X67.78 Y43.532
G1 F3000 X67.22 Y44.092 E1845.71428
G0 F7200 X67.22 Y44.592
G1 F3000 X67.78 Y45.153 E1845.73504
G0 F7200 X67.59 Y45.153
G0 X67.59 Y49.189
G0 X67.78 Y49.189
G1 F3000 X67.22 Y49.749 E1845.75578
G0 F7200 X67.22 Y50.249
G1 F3000 X67.78 Y50.81 E1845.77655
G0 F7200 X67.59 Y50.81
G0 X67.59 Y54.846
G0 X67.78 Y54.846
G1 F3000 X67.22 Y55.406 E1845.79729
G0 F7200 X67.22 Y55.906
G1 F3000 X67.78 Y56.467 E1845.81805
G0 F7200 X67.59 Y56.467
G0 X67.59 Y60.503
G0 X67.78 Y60.503
G1 F3000 X67.22 Y61.063 E1845.8388
G0 F7200 X67.22 Y61.563
G1 F3000 X67.78 Y62.124 E1845.85956
G0 F7200 X67.59 Y62.124
G0 X67.59 Y66.16
G0 X67.78 Y66.16
G1 F3000 X67.22 Y66.72 E1845.8803
G0 F7200 X67.22 Y67.22
G1 F3000 X67.78 Y67.78 E1845.90104
G0 F7200 X67.59 Y67.78
G0 X67.59 Y71.817
G0 X67.78 Y71.817
G1 F3000 X67.22 Y72.377 E1845.92179
G0 F7200 X67.22 Y72.877
G1 F3000 X67.78 Y73.437 E1845.94253
G0 F7200 X67.59 Y73.437
G0 X67.59 Y77.473
G0 X67.78 Y77.473
G1 F3000 X67.22 Y78.033 E1845.96327
G0 F7200 X67.22 Y78.533
G1 F3000 X67.78 Y79.094 E1845.98404
G0 F7200 X67.59 Y79.094
G0 X67.59 Y83.13
G0 X67.78 Y83.13
G1 F3000 X67.22 Y83.69 E1846.00478
G0 F7200 X67.22 Y84.19
G1 F3000 X67.78 Y84.751 E1846.02554
G0 F7200 X67.59 Y84.751
G0 X67.338 Y87.338
G0 X65.152 Y87.59
G0 X65.152 Y87.78
G1 F3000 X64.593 Y87.22 E1846.04627
G0 F7200 X63.691 Y87.22
G1 F3000 X63.13 Y87.78 E1846.06703
G0 F7200 X63.13 Y87.59
G0 X59.495 Y87.59
G0 X59.495 Y87.78
G1 F3000 X58.936 Y87.22 E1846.08775
G0 F7200 X58.034 Y87.22
G1 F3000 X57.474 Y87.78 E1846.10849
G0 F7200 X57.474 Y87.59
G0 X53.838 Y87.59
G0 X53.838 Y87.78
G1 F3000 X53.279 Y87.22 E1846.12922
G0 F7200 X52.378 Y87.22
G1 F3000 X51.817 Y87.78 E1846.14998
G0 F7200 X51.817 Y87.59
G0 X48.181 Y87.59
G0 X48.181 Y87.779
G1 F3000 X47.622 Y87.22 E1846.17069
G0 F7200 X46.721 Y87.22
G1 F3000 X46.161 Y87.78 E1846.19143
G0 F7200 X46.161 Y87.59
G0 X42.524 Y87.59
G0 X42.524 Y87.779
G1 F3000 X41.965 Y87.22 E1846.21214
G0 F7200 X41.064 Y87.22
G1 F3000 X40.504 Y87.78 E1846.23288
G0 F7200 X40.504 Y87.59
G0 X36.867 Y87.59
G0 X36.867 Y87.779
G1 F3000 X34.476 Y85.388 E1846.32145
G1 X34.406 Y85.318
G0 F7200 X34.513 Y85.578
G0 X36.59 Y85.847
G0 X36.779 Y85.847
G1 F3000 X34.847 Y87.78 E1846.39303
G1 X34.777 Y87.85
G0 F7200 X34.777 Y87.59
G0 X67.338 Y87.338
G0 X66.924 Y86.924
;TYPE:WALL-INNER
G1 F2400 X66.589 Y87.1 E1846.40294
G1 X37.5 Y87.1 E1847.16485
G1 X37.02 Y86.861 E1847.1789
G1 X36.9 Y86.501 E1847.18883
G1 X36.9 Y85.1 E1847.22553
G1 X35.527 Y85.1 E1847.26149
G1 X34.967 Y85.143 E1847.2762
G1 X34.451 Y85.268 E1847.29011
G1 X33.949 Y85.477 E1847.30435
G1 X33.499 Y85.751 E1847.31815
G1 X33.098 Y86.098 E1847.33204
G1 X32.751 Y86.499 E1847.34593
G1 X32.476 Y86.95 E1847.35977
G1 X32.269 Y87.443 E1847.37377
G1 X32.16 Y87.899 E1847.38605
G1 X67.9 Y87.9 E1848.32217
G1 X67.9 Y12.1 E1850.30755
G1 X32.161 Y12.1 E1851.24364
G1 X32.265 Y12.547 E1851.25566
G1 X32.472 Y13.045 E1851.26978
G1 X32.75 Y13.497 E1851.28368
G1 X33.098 Y13.902 E1851.29767
G1 X33.499 Y14.245 E1851.31149
G1 X33.951 Y14.524 E1851.3254
G1 X34.45 Y14.731 E1851.33955
G1 X34.967 Y14.853 E1851.35346
G1 X35.529 Y14.9 E1851.36824
G1 X36.9 Y14.9 E1851.40415
G1 X36.9 Y13.5 E1851.44081
G1 X37.02 Y13.139 E1851.45078
G1 X37.409 Y12.9 E1851.46274
G1 X66.5 Y12.9 E1852.2247
G1 X66.924 Y13.076 E1852.23672
G1 X67.1 Y13.5 E1852.24875
G1 X67.1 Y86.589 E1854.16312
G1 X66.924 Y86.924 E1854.17303
G0 F7200 X66.698 Y86.535
;TYPE:WALL-OUTER
G1 F1200 X66.642 Y86.642 E1854.1762
G1 X66.535 Y86.698 E1854.17936
G1 X37.5 Y86.7 E1854.93985
G1 X37.34 Y86.621 E1854.94453
G1 X37.3 Y86.501 E1854.94784
G1 X37.3 Y84.7 E1854.99501
G1 X35.512 Y84.7 E1855.04185
G1 X34.904 Y84.747 E1855.05782
G1 X34.327 Y84.887 E1855.07337
G1 X33.767 Y85.119 E1855.08925
G1 X33.263 Y85.427 E1855.10472
G1 X32.814 Y85.814 E1855.12024
G1 X32.427 Y86.263 E1855.13577
G1 X32.119 Y86.768 E1855.15126
G1 X31.887 Y87.319 E1855.16692
G1 X31.747 Y87.911 E1855.18285
G1 X31.717 Y88.3 E1855.19307
G1 X68.3 Y88.3 E1856.15127
G1 X68.3 Y11.7 E1858.1576
G1 X31.717 Y11.7 E1859.1158
G1 X31.747 Y12.085 E1859.12591
G1 X31.883 Y12.67 E1859.14164
G1 X32.115 Y13.228 E1859.15747
G1 X32.426 Y13.733 E1859.17301
G1 X32.814 Y14.186 E1859.18863
G1 X33.263 Y14.569 E1859.20409
G1 X33.768 Y14.881 E1859.21963
G1 X34.326 Y15.113 E1859.23546
G1 X34.904 Y15.249 E1859.25101
G1 X35.513 Y15.3 E1859.26702
G1 X37.3 Y15.3 E1859.31383
G1 X37.3 Y13.5 E1859.36097
G1 X37.34 Y13.379 E1859.36431
G1 X37.465 Y13.302 E1859.36816
G1 X66.5 Y13.3 E1860.12865
G1 X66.642 Y13.358 E1860.13267
G1 X66.7 Y13.5 E1860.13669
G1 X66.698 Y86.535 E1862.04965
G0 F7200 X66.642 Y86.642
G0 X66.573 Y86.678
;MESH:NONMESH
G0 F600 Z16.2
G0 F7200 X66.573 Y87.41
G0 X67.338 Y12.662
G0 X34.848 Y12.41
G0 X34.848 Y12.22
;TIME_ELAPSED:3132.816042
;LAYER:106
;TYPE:FILL
;MESH:Wandhalterung TP-Link Media Converter.stl
G1 F3000 X36.78 Y14.153 E1862.12123
G1 X36.85 Y14.223
G0 F7200 X36.59 Y14.223
G0 X36.662 Y12.662
G0 X36.867 Y12.22
G1 F3000 X34.476 Y14.612 E1862.20981
G1 X34.406 Y14.682
G0 F7200 X34.514 Y14.423
G0 X36.662 Y12.662
G0 X40.504 Y12.41
G0 X40.504 Y12.22
G1 F3000 X41.064 Y12.78 E1862.23056
G0 F7200 X41.964 Y12.78
G1 F3000 X42.524 Y12.22 E1862.2513
G0 F7200 X42.524 Y12.41
G0 X46.161 Y12.41
G0 X46.161 Y12.22
G1 F3000 X46.721 Y12.78 E1862.27204
G0 F7200 X47.621 Y12.78
G1 F3000 X48.181 Y12.22 E1862.29279
G0 F7200 X48.181 Y12.41
G0 X51.818 Y12.41
G0 X51.818 Y12.22
G1 F3000 X52.378 Y12.78 E1862.31353
G0 F7200 X53.278 Y12.78
G1 F3000 X53.838 Y12.22 E1862.33427
G0 F7200 X53.838 Y12.41
G0 X57.475 Y12.41
G0 X57.475 Y12.22
G1 F3000 X58.034 Y12.78 E1862.355
G0 F7200 X58.935 Y12.78
G1 F3000 X59.495 Y12.22 E1862.37574
G0 F7200 X59.495 Y12.41
G0 X63.132 Y12.41
G0 X63.132 Y12.22
G1 F3000 X63.691 Y12.78 E1862.39647
G0 F7200 X64.591 Y12.78
G1 F3000 X65.151 Y12.22 E1862.41721
G0 F7200 X65.151 Y12.41
G0 X67.338 Y12.662
G0 X67.59 Y15.248
G0 X67.78 Y15.248
G1 F3000 X67.22 Y15.808 E1862.43795
G0 F7200 X67.22 Y16.308
G1 F3000 X67.78 Y16.869 E1862.45872
G0 F7200 X67.59 Y16.869
G0 X67.59 Y20.905
G0 X67.78 Y20.905
G1 F3000 X67.22 Y21.465 E1862.47946
G0 F7200 X67.22 Y21.965
G1 F3000 X67.78 Y22.526 E1862.50022
G0 F7200 X67.59 Y22.526
G0 X67.59 Y26.562
G0 X67.78 Y26.562
G1 F3000 X67.22 Y27.122 E1862.52096
G0 F7200 X67.22 Y27.622
G1 F3000 X67.78 Y28.182 E1862.54171
G0 F7200 X67.59 Y28.182
G0 X67.59 Y32.219
G0 X67.78 Y32.219
G1 F3000 X67.22 Y32.779 E1862.56245
G0 F7200 X67.22 Y33.279
G1 F3000 X67.78 Y33.839 E1862.58319
G0 F7200 X67.59 Y33.839
G0 X67.59 Y37.875
G0 X67.78 Y37.875
G1 F3000 X67.22 Y38.435 E1862.60394
G0 F7200 X67.22 Y38.935
G1 F3000 X67.78 Y39.496 E1862.6247
G0 F7200 X67.59 Y39.496
G0 X67.59 Y43.532
G0 X67.78 Y43.532
G1 F3000 X67.22 Y44.092 E1862.64544
G0 F7200 X67.22 Y44.592
G1 F3000 X67.78 Y45.153 E1862.6662
G0 F7200 X67.59 Y45.153
G0 X67.59 Y49.189
G0 X67.78 Y49.189
G1 F3000 X67.22 Y49.749 E1862.68695
G0 F7200 X67.22 Y50.249
G1 F3000 X67.78 Y50.81 E1862.70771
G0 F7200 X67.59 Y50.81
G0 X67.59 Y54.846
G0 X67.78 Y54.846
G1 F3000 X67.22 Y55.406 E1862.72845
G0 F7200 X67.22 Y55.906
G1 F3000 X67.78 Y56.467 E1862.74921
G0 F7200 X67.59 Y56.467
G0 X67.59 Y60.503
G0 X67.78 Y60.503
G1 F3000 X67.22 Y61.063 E1862.76996
G0 F7200 X67.22 Y61.563
G1 F3000 X67.78 Y62.124 E1862.79072
G0 F7200 X67.59 Y62.124
G0 X67.59 Y66.16
G0 X67.78 Y66.16
G1 F3000 X67.22 Y66.72 E1862.81146
G0 F7200 X67.22 Y67.22
G1 F3000 X67.78 Y67.78 E1862.83221
G0 F7200 X67.59 Y67.78
G0 X67.59 Y71.817
G0 X67.78 Y71.817
G1 F3000 X67.22 Y72.377 E1862.85295
G0 F7200 X67.22 Y72.877
G1 F3000 X67.78 Y73.437 E1862.87369
G0 F7200 X67.59 Y73.437
G0 X67.59 Y77.473
G0 X67.78 Y77.473
G1 F3000 X67.22 Y78.033 E1862.89444
G0 F7200 X67.22 Y78.533
G1 F3000 X67.78 Y79.094 E1862.9152
G0 F7200 X67.59 Y79.094
G0 X67.59 Y83.13
G0 X67.78 Y83.13
G1 F3000 X67.22 Y83.69 E1862.93594
G0 F7200 X67.22 Y84.19
G1 F3000 X67.78 Y84.751 E1862.9567
G0 F7200 X67.59 Y84.751
G0 X67.338 Y87.338
G0 X65.152 Y87.59
G0 X65.152 Y87.78
G1 F3000 X64.593 Y87.22 E1862.97743
G0 F7200 X63.691 Y87.22
G1 F3000 X63.13 Y87.78 E1862.99819
G0 F7200 X63.13 Y87.59
G0 X59.495 Y87.59
G0 X59.495 Y87.78
G1 F3000 X58.936 Y87.22 E1863.01891
G0 F7200 X58.034 Y87.22
G1 F3000 X57.474 Y87.78 E1863.03966
G0 F7200 X57.474 Y87.59
G0 X53.838 Y87.59
G0 X53.838 Y87.78
G1 F3000 X53.279 Y87.22 E1863.06038
G0 F7200 X52.378 Y87.22
G1 F3000 X51.817 Y87.78 E1863.08114
G0 F7200 X51.817 Y87.59
G0 X48.181 Y87.59
G0 X48.181 Y87.779
G1 F3000 X47.622 Y87.22 E1863.10185
G0 F7200 X46.721 Y87.22
G1 F3000 X46.161 Y87.78 E1863.12259
G0 F7200 X46.161 Y87.59
G0 X42.524 Y87.59
G0 X42.524 Y87.779
G1 F3000 X41.965 Y87.22 E1863.1433
G0 F7200 X41.064 Y87.22
G1 F3000 X40.504 Y87.78 E1863.16404
G0 F7200 X40.504 Y87.59
G0 X36.867 Y87.59
G0 X36.867 Y87.779
G1 F3000 X34.476 Y85.388 E1863.25261
G1 X34.406 Y85.318
G0 F7200 X34.513 Y85.578
G0 X36.59 Y85.847
G0 X36.779 Y85.847
G1 F3000 X34.847 Y87.78 E1863.32419
G1 X34.777 Y87.85
G0 F7200 X34.777 Y87.59
G0 X67.338 Y87.338
G0 X66.924 Y86.924
;TYPE:WALL-INNER
G1 F2400 X66.589 Y87.1 E1863.3341
G1 X37.5 Y87.1 E1864.09601
G1 X37.02 Y86.861 E1864.11006
G1 X36.9 Y86.501 E1864.12
G1 X36.9 Y85.1 E1864.15669
G1 X35.527 Y85.1 E1864.19265
G1 X34.967 Y85.143 E1864.20737
G1 X34.451 Y85.268 E1864.22127
G1 X33.949 Y85.477 E1864.23551
G1 X33.499 Y85.751 E1864.24931
G1 X33.098 Y86.098 E1864.2632
G1 X32.751 Y86.499 E1864.27709
G1 X32.476 Y86.95 E1864.29093
G1 X32.269 Y87.443 E1864.30493
G1 X32.16 Y87.899 E1864.31721
G1 X67.9 Y87.9 E1865.25333
G1 X67.9 Y12.1 E1867.23871
G1 X32.161 Y12.1 E1868.1748
G1 X32.265 Y12.547 E1868.18682
G1 X32.472 Y13.045 E1868.20094
G1 X32.75 Y13.497 E1868.21484
G1 X33.098 Y13.902 E1868.22883
G1 X33.499 Y14.245 E1868.24265
G1 X33.951 Y14.524 E1868.25656
G1 X34.45 Y14.731 E1868.27071
G1 X34.967 Y14.853 E1868.28463
G1 X35.529 Y14.9 E1868.2994
G1 X36.9 Y14.9 E1868.33531
G1 X36.9 Y13.5 E1868.37198
G1 X37.02 Y13.139 E1868.38194
G1 X37.409 Y12.9 E1868.3939
G1 X66.5 Y12.9 E1869.15586
G1 X66.924 Y13.076 E1869.16789
G1 X67.1 Y13.5 E1869.17991
G1 X67.1 Y86.589 E1871.09428
G1 X66.924 Y86.924 E1871.10419
G0 F7200 X66.698 Y86.535
;TYPE:WALL-OUTER
G1 F1200 X66.642 Y86.642 E1871.10736
G1 X66.535 Y86.698 E1871.11052
G1 X37.5 Y86.7 E1871.87102
G1 X37.34 Y86.621 E1871.87569
G1 X37.3 Y86.501 E1871.879
G1 X37.3 Y84.7 E1871.92618
G1 X35.512 Y84.7 E1871.97301
G1 X34.904 Y84.747 E1871.98898
G1 X34.327 Y84.887 E1872.00453
G1 X33.767 Y85.119 E1872.02041
G1 X33.263 Y85.427 E1872.03588
G1 X32.814 Y85.814 E1872.0514
G1 X32.427 Y86.263 E1872.06693
G1 X32.119 Y86.768 E1872.08242
G1 X31.887 Y87.319 E1872.09808
G1 X31.747 Y87.911 E1872.11402
G1 X31.717 Y88.3 E1872.12424
G1 X68.3 Y88.3 E1873.08243
G1 X68.3 Y11.7 E1875.08876
G1 X31.717 Y11.7 E1876.04696
G1 X31.747 Y12.085 E1876.05707
G1 X31.883 Y12.67 E1876.07281
G1 X32.115 Y13.228 E1876.08863
G1 X32.426 Y13.733 E1876.10417
G1 X32.814 Y14.186 E1876.11979
G1 X33.263 Y14.569 E1876.13525
G1 X33.768 Y14.881 E1876.1508
G1 X34.326 Y15.113 E1876.16662
G1 X34.904 Y15.249 E1876.18218
G1 X35.513 Y15.3 E1876.19818
G1 X37.3 Y15.3 E1876.24499
G1 X37.3 Y13.5 E1876.29214
G1 X37.34 Y13.379 E1876.29547
G1 X37.465 Y13.302 E1876.29932
G1 X66.5 Y13.3 E1877.05981
G1 X66.642 Y13.358 E1877.06383
G1 X66.7 Y13.5 E1877.06785
G1 X66.698 Y86.535 E1878.98081
G0 F7200 X66.642 Y86.642
G0 X66.573 Y86.678
;MESH:NONMESH
G0 F600 Z16.35
G0 F7200 X66.573 Y87.41
G0 X67.338 Y12.662
G0 X34.848 Y12.41
G0 X34.848 Y12.22
;TIME_ELAPSED:3160.392149
;LAYER:107
;TYPE:FILL
;MESH:Wandhalterung TP-Link Media Converter.stl
G1 F3000 X36.78 Y14.153 E1879.05239
G1 X36.85 Y14.223
G0 F7200 X36.59 Y14.223
G0 X36.662 Y12.662
G0 X36.867 Y12.22
G1 F3000 X34.476 Y14.612 E1879.14098
G1 X34.406 Y14.682
G0 F7200 X34.514 Y14.423
G0 X36.662 Y12.662
G0 X40.504 Y12.41
G0 X40.504 Y12.22
G1 F3000 X41.064 Y12.78 E1879.16172
G0 F7200 X41.964 Y12.78
G1 F3000 X42.524 Y12.22 E1879.18246
G0 F7200 X42.524 Y12.41
G0 X46.161 Y12.41
G0 X46.161 Y12.22
G1 F3000 X46.721 Y12.78 E1879.20321
G0 F7200 X47.621 Y12.78
G1 F3000 X48.181 Y12.22 E1879.22395
G0 F7200 X48.181 Y12.41
G0 X51.818 Y12.41
G0 X51.818 Y12.22
G1 F3000 X52.378 Y12.78 E1879.24469
G0 F7200 X53.278 Y12.78
G1 F3000 X53.838 Y12.22 E1879.26544
G0 F7200 X53.838 Y12.41
G0 X57.475 Y12.41
G0 X57.475 Y12.22
G1 F3000 X58.034 Y12.78 E1879.28616
G0 F7200 X58.935 Y12.78
G1 F3000 X59.495 Y12.22 E1879.3069
G0 F7200 X59.495 Y12.41
G0 X63.132 Y12.41
G0 X63.132 Y12.22
G1 F3000 X63.691 Y12.78 E1879.32763
G0 F7200 X64.591 Y12.78
G1 F3000 X65.151 Y12.22 E1879.34837
G0 F7200 X65.151 Y12.41
G0 X67.338 Y12.662
G0 X67.59 Y15.248
G0 X67.78 Y15.248
G1 F3000 X67.22 Y15.808 E1879.36912
G0 F7200 X67.22 Y16.308
G1 F3000 X67.78 Y16.869 E1879.38988
G0 F7200 X67.59 Y16.869
G0 X67.59 Y20.905
G0 X67.78 Y20.905
G1 F3000 X67.22 Y21.465 E1879.41062
G0 F7200 X67.22 Y21.965
G1 F3000 X67.78 Y22.526 E1879.43138
G0 F7200 X67.59 Y22.526
G0 X67.59 Y26.562
G0 X67.78 Y26.562
G1 F3000 X67.22 Y27.122 E1879.45213
G0 F7200 X67.22 Y27.622
G1 F3000 X67.78 Y28.182 E1879.47287
G0 F7200 X67.59 Y28.182
G0 X67.59 Y32.219
G0 X67.78 Y32.219
G1 F3000 X67.22 Y32.779 E1879.49361
G0 F7200 X67.22 Y33.279
G1 F3000 X67.78 Y33.839 E1879.51436
G0 F7200 X67.59 Y33.839
G0 X67.59 Y37.875
G0 X67.78 Y37.875
G1 F3000 X67.22 Y38.435 E1879.5351
G0 F7200 X67.22 Y38.935
G1 F3000 X67.78 Y39.496 E1879.55586
G0 F7200 X67.59 Y39.496
G0 X67.59 Y43.532
G0 X67.78 Y43.532
G1 F3000 X67.22 Y44.092 E1879.5766
G0 F7200 X67.22 Y44.592
G1 F3000 X67.78 Y45.153 E1879.59737
G0 F7200 X67.59 Y45.153
G0 X67.59 Y49.189
G0 X67.78 Y49.189
G1 F3000 X67.22 Y49.749 E1879.61811
G0 F7200 X67.22 Y50.249
G1 F3000 X67.78 Y50.81 E1879.63887
G0 F7200 X67.59 Y50.81
G0 X67.59 Y54.846
G0 X67.78 Y54.846
G1 F3000 X67.22 Y55.406 E1879.65961
G0 F7200 X67.22 Y55.906
G1 F3000 X67.78 Y56.467 E1879.68038
G0 F7200 X67.59 Y56.467
G0 X67.59 Y60.503
G0 X67.78 Y60.503
G1 F3000 X67.22 Y61.063 E1879.70112
G0 F7200 X67.22 Y61.563
G1 F3000 X67.78 Y62.124 E1879.72188
G0 F7200 X67.59 Y62.124
G0 X67.59 Y66.16
G0 X67.78 Y66.16
G1 F3000 X67.22 Y66.72 E1879.74262
G0 F7200 X67.22 Y67.22
G1 F3000 X67.78 Y67.78 E1879.76337
G0 F7200 X67.59 Y67.78
G0 X67.59 Y71.817
G0 X67.78 Y71.817
G1 F3000 X67.22 Y72.377 E1879.78411
G0 F7200 X67.22 Y72.877
G1 F3000 X67.78 Y73.437 E1879.80485
G0 F7200 X67.59 Y73.437
G0 X67.59 Y77.473
G0 X67.78 Y77.473
G1 F3000 X67.22 Y78.033 E1879.8256
G0 F7200 X67.22 Y78.533
G1 F3000 X67.78 Y79.094 E1879.84636
G0 F7200 X67.59 Y79.094
G0 X67.59 Y83.13
G0 X67.78 Y83.13
G1 F3000 X67.22 Y83.69 E1879.8671
G0 F7200 X67.22 Y84.19
G1 F3000 X67.78 Y84.751 E1879.88786
G0 F7200 X67.59 Y84.751
G0 X67.338 Y87.338
G0 X65.152 Y87.59
G0 X65.152 Y87.78
G1 F3000 X64.593 Y87.22 E1879.90859
G0 F7200 X63.691 Y87.22
G1 F3000 X63.13 Y87.78 E1879.92935
G0 F7200 X63.13 Y87.59
G0 X59.495 Y87.59
G0 X59.495 Y87.78
G1 F3000 X58.936 Y87.22 E1879.95008
G0 F7200 X58.034 Y87.22
G1 F3000 X57.474 Y87.78 E1879.97082
G0 F7200 X57.474 Y87.59
G0 X53.838 Y87.59
G0 X53.838 Y87.78
G1 F3000 X53.279 Y87.22 E1879.99154
G0 F7200 X52.378 Y87.22
G1 F3000 X51.817 Y87.78 E1880.01231
G0 F7200 X51.817 Y87.59
G0 X48.181 Y87.59
G0 X48.181 Y87.779
G1 F3000 X47.622 Y87.22 E1880.03301
G0 F7200 X46.721 Y87.22
G1 F3000 X46.161 Y87.78 E1880.05376
G0 F7200 X46.161 Y87.59
G0 X42.524 Y87.59
G0 X42.524 Y87.779
G1 F3000 X41.965 Y87.22 E1880.07446
G0 F7200 X41.064 Y87.22
G1 F3000 X40.504 Y87.78 E1880.0952
G0 F7200 X40.504 Y87.59
G0 X36.867 Y87.59
G0 X36.867 Y87.779
G1 F3000 X34.476 Y85.388 E1880.18377
G1 X34.406 Y85.318
G0 F7200 X34.513 Y85.578
G0 X36.59 Y85.847
G0 X36.779 Y85.847
G1 F3000 X34.847 Y87.78 E1880.25535
G1 X34.777 Y87.85
G0 F7200 X34.777 Y87.59
G0 X67.338 Y87.338
G0 X66.924 Y86.924
;TYPE:WALL-INNER
G1 F2400 X66.589 Y87.1 E1880.26527
G1 X37.5 Y87.1 E1881.02717
G1 X37.02 Y86.861 E1881.04122
G1 X36.9 Y86.501 E1881.05116
G1 X36.9 Y85.1 E1881.08785
G1 X35.527 Y85.1 E1881.12382
G1 X34.967 Y85.143 E1881.13853
G1 X34.451 Y85.268 E1881.15243
G1 X33.949 Y85.477 E1881.16668
G1 X33.499 Y85.751 E1881.18048
G1 X33.098 Y86.098 E1881.19437
G1 X32.751 Y86.499 E1881.20825
G1 X32.476 Y86.95 E1881.22209
G1 X32.269 Y87.443 E1881.2361
G1 X32.16 Y87.899 E1881.24838
G1 X67.9 Y87.9 E1882.18449
G1 X67.9 Y12.1 E1884.16987
G1 X32.161 Y12.1 E1885.10596
G1 X32.265 Y12.547 E1885.11798
G1 X32.472 Y13.045 E1885.13211
G1 X32.75 Y13.497 E1885.14601
G1 X33.098 Y13.902 E1885.15999
G1 X33.499 Y14.245 E1885.17381
G1 X33.951 Y14.524 E1885.18773
G1 X34.45 Y14.731 E1885.20187
G1 X34.967 Y14.853 E1885.21579
G1 X35.529 Y14.9 E1885.23056
G1 X36.9 Y14.9 E1885.26647
G1 X36.9 Y13.5 E1885.30314
G1 X37.02 Y13.139 E1885.3131
G1 X37.409 Y12.9 E1885.32506
G1 X66.5 Y12.9 E1886.08702
G1 X66.924 Y13.076 E1886.09905
G1 X67.1 Y13.5 E1886.11107
G1 X67.1 Y86.589 E1888.02544
G1 X66.924 Y86.924 E1888.03536
G0 F7200 X66.698 Y86.535
;TYPE:WALL-OUTER
G1 F1200 X66.642 Y86.642 E1888.03852
G1 X66.535 Y86.698 E1888.04168
G1 X37.5 Y86.7 E1888.80218
G1 X37.34 Y86.621 E1888.80685
G1 X37.3 Y86.501 E1888.81016
G1 X37.3 Y84.7 E1888.85734
G1 X35.512 Y84.7 E1888.90417
G1 X34.904 Y84.747 E1888.92014
G1 X34.327 Y84.887 E1888.93569
G1 X33.767 Y85.119 E1888.95157
G1 X33.263 Y85.427 E1888.96704
G1 X32.814 Y85.814 E1888.98257
G1 X32.427 Y86.263 E1888.99809
G1 X32.119 Y86.768 E1889.01359
G1 X31.887 Y87.319 E1889.02924
G1 X31.747 Y87.911 E1889.04518
G1 X31.717 Y88.3 E1889.0554
G1 X68.3 Y88.3 E1890.01359
G1 X68.3 Y11.7 E1892.01993
G1 X31.717 Y11.7 E1892.97812
G1 X31.747 Y12.085 E1892.98824
G1 X31.883 Y12.67 E1893.00397
G1 X32.115 Y13.228 E1893.0198
G1 X32.426 Y13.733 E1893.03533
G1 X32.814 Y14.186 E1893.05095
G1 X33.263 Y14.569 E1893.06641
G1 X33.768 Y14.881 E1893.08196
G1 X34.326 Y15.113 E1893.09779
G1 X34.904 Y15.249 E1893.11334
G1 X35.513 Y15.3 E1893.12935
G1 X37.3 Y15.3 E1893.17615
G1 X37.3 Y13.5 E1893.2233
G1 X37.34 Y13.379 E1893.22664
G1 X37.465 Y13.302 E1893.23048
G1 X66.5 Y13.3 E1893.99098
G1 X66.642 Y13.358 E1893.99499
G1 X66.7 Y13.5 E1893.99901
G1 X66.698 Y86.535 E1895.91197
G0 F7200 X66.642 Y86.642
G0 X66.573 Y86.678
;MESH:NONMESH
G0 F600 Z16.5
G0 F7200 X66.573 Y87.41
G0 X67.338 Y12.662
G0 X34.848 Y12.41
G0 X34.848 Y12.22
;TIME_ELAPSED:3187.968256
;LAYER:108
;TYPE:FILL
;MESH:Wandhalterung TP-Link Media Converter.stl
G1 F3000 X36.78 Y14.153 E1895.98355
G1 X36.85 Y14.223
G0 F7200 X36.59 Y14.223
G0 X36.662 Y12.662
G0 X36.867 Y12.22
G1 F3000 X34.476 Y14.612 E1896.07214
G1 X34.406 Y14.682
G0 F7200 X34.514 Y14.423
G0 X36.662 Y12.662
G0 X40.504 Y12.41
G0 X40.504 Y12.22
G1 F3000 X41.064 Y12.78 E1896.09288
G0 F7200 X41.964 Y12.78
G1 F3000 X42.524 Y12.22 E1896.11362
G0 F7200 X42.524 Y12.41
G0 X46.161 Y12.41
G0 X46.161 Y12.22
G1 F3000 X46.721 Y12.78 E1896.13437
G0 F7200 X47.621 Y12.78
G1 F3000 X48.181 Y12.22 E1896.15511
G0 F7200 X48.181 Y12.41
G0 X51.818 Y12.41
G0 X51.818 Y12.22
G1 F3000 X52.378 Y12.78 E1896.17585
G0 F7200 X53.278 Y12.78
G1 F3000 X53.838 Y12.22 E1896.1966
G0 F7200 X53.838 Y12.41
G0 X57.475 Y12.41
G0 X57.475 Y12.22
G1 F3000 X58.034 Y12.78 E1896.21732
G0 F7200 X58.935 Y12.78
G1 F3000 X59.495 Y12.22 E1896.23807
G0 F7200 X59.495 Y12.41
G0 X63.132 Y12.41
G0 X63.132 Y12.22
G1 F3000 X63.691 Y12.78 E1896.25879
G0 F7200 X64.591 Y12.78
G1 F3000 X65.151 Y12.22 E1896.27953
G0 F7200 X65.151 Y12.41
G0 X67.338 Y12.662
G0 X67.59 Y15.248
G0 X67.78 Y15.248
G1 F3000 X67.22 Y15.808 E1896.30028
G0 F7200 X67.22 Y16.308
G1 F3000 X67.78 Y16.869 E1896.32104
G0 F7200 X67.59 Y16.869
G0 X67.59 Y20.905
G0 X67.78 Y20.905
G1 F3000 X67.22 Y21.465 E1896.34178
G0 F7200 X67.22 Y21.965
G1 F3000 X67.78 Y22.526 E1896.36254
G0 F7200 X67.59 Y22.526
G0 X67.59 Y26.562
G0 X67.78 Y26.562
G1 F3000 X67.22 Y27.122 E1896.38329
G0 F7200 X67.22 Y27.622
G1 F3000 X67.78 Y28.182 E1896.40403
G0 F7200 X67.59 Y28.182
G0 X67.59 Y32.219
G0 X67.78 Y32.219
G1 F3000 X67.22 Y32.779 E1896.42477
G0 F7200 X67.22 Y33.279
G1 F3000 X67.78 Y33.839 E1896.44552
G0 F7200 X67.59 Y33.839
G0 X67.59 Y37.875
G0 X67.78 Y37.875
G1 F3000 X67.22 Y38.435 E1896.46626
G0 F7200 X67.22 Y38.935
G1 F3000 X67.78 Y39.496 E1896.48702
G0 F7200 X67.59 Y39.496
G0 X67.59 Y43.532
G0 X67.78 Y43.532
G1 F3000 X67.22 Y44.092 E1896.50777
G0 F7200 X67.22 Y44.592
G1 F3000 X67.78 Y45.153 E1896.52853
G0 F7200 X67.59 Y45.153
G0 X67.59 Y49.189
G0 X67.78 Y49.189
G1 F3000 X67.22 Y49.749 E1896.54927
G0 F7200 X67.22 Y50.249
G1 F3000 X67.78 Y50.81 E1896.57003
G0 F7200 X67.59 Y50.81
G0 X67.59 Y54.846
G0 X67.78 Y54.846
G1 F3000 X67.22 Y55.406 E1896.59078
G0 F7200 X67.22 Y55.906
G1 F3000 X67.78 Y56.467 E1896.61154
G0 F7200 X67.59 Y56.467
G0 X67.59 Y60.503
G0 X67.78 Y60.503
G1 F3000 X67.22 Y61.063 E1896.63228
G0 F7200 X67.22 Y61.563
G1 F3000 X67.78 Y62.124 E1896.65304
G0 F7200 X67.59 Y62.124
G0 X67.59 Y66.16
G0 X67.78 Y66.16
G1 F3000 X67.22 Y66.72 E1896.67379
G0 F7200 X67.22 Y67.22
G1 F3000 X67.78 Y67.78 E1896.69453
G0 F7200 X67.59 Y67.78
G0 X67.59 Y71.817
G0 X67.78 Y71.817
G1 F3000 X67.22 Y72.377 E1896.71527
G0 F7200 X67.22 Y72.877
G1 F3000 X67.78 Y73.437 E1896.73602
G0 F7200 X67.59 Y73.437
G0 X67.59 Y77.473
G0 X67.78 Y77.473
G1 F3000 X67.22 Y78.033 E1896.75676
G0 F7200 X67.22 Y78.533
G1 F3000 X67.78 Y79.094 E1896.77752
G0 F7200 X67.59 Y79.094
G0 X67.59 Y83.13
G0 X67.78 Y83.13
G1 F3000 X67.22 Y83.69 E1896.79826
G0 F7200 X67.22 Y84.19
G1 F3000 X67.78 Y84.751 E1896.81903
G0 F7200 X67.59 Y84.751
G0 X67.338 Y87.338
G0 X65.152 Y87.59
G0 X65.152 Y87.78
G1 F3000 X64.593 Y87.22 E1896.83975
G0 F7200 X63.691 Y87.22
G1 F3000 X63.13 Y87.78 E1896.86051
G0 F7200 X63.13 Y87.59
G0 X59.495 Y87.59
G0 X59.495 Y87.78
G1 F3000 X58.936 Y87.22 E1896.88124
G0 F7200 X58.034 Y87.22
G1 F3000 X57.474 Y87.78 E1896.90198
G0 F7200 X57.474 Y87.59
G0 X53.838 Y87.59
G0 X53.838 Y87.78
G1 F3000 X53.279 Y87.22 E1896.92271
G0 F7200 X52.378 Y87.22
G1 F3000 X51.817 Y87.78 E1896.94347
G0 F7200 X51.817 Y87.59
G0 X48.181 Y87.59
G0 X48.181 Y87.779
G1 F3000 X47.622 Y87.22 E1896.96417
G0 F7200 X46.721 Y87.22
G1 F3000 X46.161 Y87.78 E1896.98492
G0 F7200 X46.161 Y87.59
G0 X42.524 Y87.59
G0 X42.524 Y87.779
G1 F3000 X41.965 Y87.22 E1897.00562
G0 F7200 X41.064 Y87.22
G1 F3000 X40.504 Y87.78 E1897.02637
G0 F7200 X40.504 Y87.59
G0 X36.867 Y87.59
G0 X36.867 Y87.779
G1 F3000 X34.476 Y85.388 E1897.11493
G1 X34.406 Y85.318
G0 F7200 X34.513 Y85.578
G0 X36.59 Y85.847
G0 X36.779 Y85.847
G1 F3000 X34.847 Y87.78 E1897.18652
G1 X34.777 Y87.85
G0 F7200 X34.777 Y87.59
G0 X67.338 Y87.338
G0 X66.924 Y86.924
;TYPE:WALL-INNER
G1 F2400 X66.589 Y87.1 E1897.19643
G1 X37.5 Y87.1 E1897.95834
G1 X37.02 Y86.861 E1897.97238
G1 X36.9 Y86.501 E1897.98232
G1 X36.9 Y85.1 E1898.01902
G1 X35.527 Y85.1 E1898.05498
G1 X34.967 Y85.143 E1898.06969
G1 X34.451 Y85.268 E1898.0836
G1 X33.949 Y85.477 E1898.09784
G1 X33.499 Y85.751 E1898.11164
G1 X33.098 Y86.098 E1898.12553
G1 X32.751 Y86.499 E1898.13942
G1 X32.476 Y86.95 E1898.15325
G1 X32.269 Y87.443 E1898.16726
G1 X32.16 Y87.899 E1898.17954
G1 X67.9 Y87.9 E1899.11565
G1 X67.9 Y12.1 E1901.10103
G1 X32.161 Y12.1 E1902.03712
G1 X32.265 Y12.547 E1902.04914
G1 X32.472 Y13.045 E1902.06327
G1 X32.75 Y13.497 E1902.07717
G1 X33.098 Y13.902 E1902.09115
G1 X33.499 Y14.245 E1902.10497
G1 X33.951 Y14.524 E1902.11889
G1 X34.45 Y14.731 E1902.13304
G1 X34.967 Y14.853 E1902.14695
G1 X35.529 Y14.9 E1902.16172
G1 X36.9 Y14.9 E1902.19763
G1 X36.9 Y13.5 E1902.2343
G1 X37.02 Y13.139 E1902.24426
G1 X37.409 Y12.9 E1902.25622
G1 X66.5 Y12.9 E1903.01819
G1 X66.924 Y13.076 E1903.03021
G1 X67.1 Y13.5 E1903.04223
G1 X67.1 Y86.589 E1904.95661
G1 X66.924 Y86.924 E1904.96652
G0 F7200 X66.698 Y86.535
;TYPE:WALL-OUTER
G1 F1200 X66.642 Y86.642 E1904.96968
G1 X66.535 Y86.698 E1904.97284
G1 X37.5 Y86.7 E1905.73334
G1 X37.34 Y86.621 E1905.73801
G1 X37.3 Y86.501 E1905.74133
G1 X37.3 Y84.7 E1905.7885
G1 X35.512 Y84.7 E1905.83533
G1 X34.904 Y84.747 E1905.8513
G1 X34.327 Y84.887 E1905.86686
G1 X33.767 Y85.119 E1905.88273
G1 X33.263 Y85.427 E1905.8982
G1 X32.814 Y85.814 E1905.91373
G1 X32.427 Y86.263 E1905.92925
G1 X32.119 Y86.768 E1905.94475
G1 X31.887 Y87.319 E1905.96041
G1 X31.747 Y87.911 E1905.97634
G1 X31.717 Y88.3 E1905.98656
G1 X68.3 Y88.3 E1906.94475
G1 X68.3 Y11.7 E1908.95109
G1 X31.717 Y11.7 E1909.90928
G1 X31.747 Y12.085 E1909.9194
G1 X31.883 Y12.67 E1909.93513
G1 X32.115 Y13.228 E1909.95096
G1 X32.426 Y13.733 E1909.96649
G1 X32.814 Y14.186 E1909.98211
G1 X33.263 Y14.569 E1909.99757
G1 X33.768 Y14.881 E1910.01312
G1 X34.326 Y15.113 E1910.02895
G1 X34.904 Y15.249 E1910.0445
G1 X35.513 Y15.3 E1910.06051
G1 X37.3 Y15.3 E1910.10731
G1 X37.3 Y13.5 E1910.15446
G1 X37.34 Y13.379 E1910.1578
G1 X37.465 Y13.302 E1910.16164
G1 X66.5 Y13.3 E1910.92214
G1 X66.642 Y13.358 E1910.92616
G1 X66.7 Y13.5 E1910.93017
G1 X66.698 Y86.535 E1912.84313
G0 F7200 X66.642 Y86.642
G0 X66.573 Y86.678
;MESH:NONMESH
G0 F600 Z16.65
G0 F7200 X66.573 Y87.41
G0 X67.338 Y12.662
G0 X34.848 Y12.41
G0 X34.848 Y12.22
;TIME_ELAPSED:3215.544363
;LAYER:109
;TYPE:FILL
;MESH:Wandhalterung TP-Link Media Converter.stl
G1 F3000 X36.78 Y14.153 E1912.91472
G1 X36.85 Y14.223
G0 F7200 X36.59 Y14.223
G0 X36.662 Y12.662
G0 X36.867 Y12.22
G1 F3000 X34.476 Y14.612 E1913.0033
G1 X34.406 Y14.682
G0 F7200 X34.514 Y14.423
G0 X36.662 Y12.662
G0 X40.504 Y12.41
G0 X40.504 Y12.22
G1 F3000 X41.064 Y12.78 E1913.02404
G0 F7200 X41.964 Y12.78
G1 F3000 X42.524 Y12.22 E1913.04479
G0 F7200 X42.524 Y12.41
G0 X46.161 Y12.41
G0 X46.161 Y12.22
G1 F3000 X46.721 Y12.78 E1913.06553
G0 F7200 X47.621 Y12.78
G1 F3000 X48.181 Y12.22 E1913.08627
G0 F7200 X48.181 Y12.41
G0 X51.818 Y12.41
G0 X51.818 Y12.22
G1 F3000 X52.378 Y12.78 E1913.10702
G0 F7200 X53.278 Y12.78
G1 F3000 X53.838 Y12.22 E1913.12776
G0 F7200 X53.838 Y12.41
G0 X57.475 Y12.41
G0 X57.475 Y12.22
G1 F3000 X58.034 Y12.78 E1913.14848
G0 F7200 X58.935 Y12.78
G1 F3000 X59.495 Y12.22 E1913.16923
G0 F7200 X59.495 Y12.41
G0 X63.132 Y12.41
G0 X63.132 Y12.22
G1 F3000 X63.691 Y12.78 E1913.18995
G0 F7200 X64.591 Y12.78
G1 F3000 X65.151 Y12.22 E1913.2107
G0 F7200 X65.151 Y12.41
G0 X67.338 Y12.662
G0 X67.59 Y15.248
G0 X67.78 Y15.248
G1 F3000 X67.22 Y15.808 E1913.23144
G0 F7200 X67.22 Y16.308
G1 F3000 X67.78 Y16.869 E1913.2522
G0 F7200 X67.59 Y16.869
G0 X67.59 Y20.905
G0 X67.78 Y20.905
G1 F3000 X67.22 Y21.465 E1913.27294
G0 F7200 X67.22 Y21.965
G1 F3000 X67.78 Y22.526 E1913.29371
G0 F7200 X67.59 Y22.526
G0 X67.59 Y26.562
G0 X67.78 Y26.562
G1 F3000 X67.22 Y27.122 E1913.31445
G0 F7200 X67.22 Y27.622
G1 F3000 X67.78 Y28.182 E1913.33519
G0 F7200 X67.59 Y28.182
G0 X67.59 Y32.219
G0 X67.78 Y32.219
G1 F3000 X67.22 Y32.779 E1913.35594
G0 F7200 X67.22 Y33.279
G1 F3000 X67.78 Y33.839 E1913.37668
G0 F7200 X67.59 Y33.839
G0 X67.59 Y37.875
G0 X67.78 Y37.875
G1 F3000 X67.22 Y38.435 E1913.39742
G0 F7200 X67.22 Y38.935
G1 F3000 X67.78 Y39.496 E1913.41818
G0 F7200 X67.59 Y39.496
G0 X67.59 Y43.532
G0 X67.78 Y43.532
G1 F3000 X67.22 Y44.092 E1913.43893
G0 F7200 X67.22 Y44.592
G1 F3000 X67.78 Y45.153 E1913.45969
G0 F7200 X67.59 Y45.153
G0 X67.59 Y49.189
G0 X67.78 Y49.189
G1 F3000 X67.22 Y49.749 E1913.48043
G0 F7200 X67.22 Y50.249
G1 F3000 X67.78 Y50.81 E1913.50119
G0 F7200 X67.59 Y50.81
G0 X67.59 Y54.846
G0 X67.78 Y54.846
G1 F3000 X67.22 Y55.406 E1913.52194
G0 F7200 X67.22 Y55.906
G1 F3000 X67.78 Y56.467 E1913.5427
G0 F7200 X67.59 Y56.467
G0 X67.59 Y60.503
G0 X67.78 Y60.503
G1 F3000 X67.22 Y61.063 E1913.56344
G0 F7200 X67.22 Y61.563
G1 F3000 X67.78 Y62.124 E1913.5842
G0 F7200 X67.59 Y62.124
G0 X67.59 Y66.16
G0 X67.78 Y66.16
G1 F3000 X67.22 Y66.72 E1913.60495
G0 F7200 X67.22 Y67.22
G1 F3000 X67.78 Y67.78 E1913.62569
G0 F7200 X67.59 Y67.78
G0 X67.59 Y71.817
G0 X67.78 Y71.817
G1 F3000 X67.22 Y72.377 E1913.64643
G0 F7200 X67.22 Y72.877
G1 F3000 X67.78 Y73.437 E1913.66718
G0 F7200 X67.59 Y73.437
G0 X67.59 Y77.473
G0 X67.78 Y77.473
G1 F3000 X67.22 Y78.033 E1913.68792
G0 F7200 X67.22 Y78.533
G1 F3000 X67.78 Y79.094 E1913.70868
G0 F7200 X67.59 Y79.094
G0 X67.59 Y83.13
G0 X67.78 Y83.13
G1 F3000 X67.22 Y83.69 E1913.72943
G0 F7200 X67.22 Y84.19
G1 F3000 X67.78 Y84.751 E1913.75019
G0 F7200 X67.59 Y84.751
G0 X67.338 Y87.338
G0 X65.152 Y87.59
G0 X65.152 Y87.78
G1 F3000 X64.593 Y87.22 E1913.77091
G0 F7200 X63.691 Y87.22
G1 F3000 X63.13 Y87.78 E1913.79167
G0 F7200 X63.13 Y87.59
G0 X59.495 Y87.59
G0 X59.495 Y87.78
G1 F3000 X58.936 Y87.22 E1913.8124
G0 F7200 X58.034 Y87.22
G1 F3000 X57.474 Y87.78 E1913.83314
G0 F7200 X57.474 Y87.59
G0 X53.838 Y87.59
G0 X53.838 Y87.78
G1 F3000 X53.279 Y87.22 E1913.85387
G0 F7200 X52.378 Y87.22
G1 F3000 X51.817 Y87.78 E1913.87463
G0 F7200 X51.817 Y87.59
G0 X48.181 Y87.59
G0 X48.181 Y87.779
G1 F3000 X47.622 Y87.22 E1913.89534
G0 F7200 X46.721 Y87.22
G1 F3000 X46.161 Y87.78 E1913.91608
G0 F7200 X46.161 Y87.59
G0 X42.524 Y87.59
G0 X42.524 Y87.779
G1 F3000 X41.965 Y87.22 E1913.93679
G0 F7200 X41.064 Y87.22
G1 F3000 X40.504 Y87.78 E1913.95753
G0 F7200 X40.504 Y87.59
G0 X36.867 Y87.59
G0 X36.867 Y87.779
G1 F3000 X34.476 Y85.388 E1914.04609
G1 X34.406 Y85.318
G0 F7200 X34.513 Y85.578
G0 X36.59 Y85.847
G0 X36.779 Y85.847
G1 F3000 X34.847 Y87.78 E1914.11768
G1 X34.777 Y87.85
G0 F7200 X34.777 Y87.59
G0 X67.338 Y87.338
G0 X66.924 Y86.924
;TYPE:WALL-INNER
G1 F2400 X66.589 Y87.1 E1914.12759
G1 X37.5 Y87.1 E1914.8895
G1 X37.02 Y86.861 E1914.90354
G1 X36.9 Y86.501 E1914.91348
G1 X36.9 Y85.1 E1914.95018
G1 X35.527 Y85.1 E1914.98614
G1 X34.967 Y85.143 E1915.00085
G1 X34.451 Y85.268 E1915.01476
G1 X33.949 Y85.477 E1915.029
G1 X33.499 Y85.751 E1915.0428
G1 X33.098 Y86.098 E1915.05669
G1 X32.751 Y86.499 E1915.07058
G1 X32.476 Y86.95 E1915.08441
G1 X32.269 Y87.443 E1915.09842
G1 X32.16 Y87.899 E1915.1107
G1 X67.9 Y87.9 E1916.04681
G1 X67.9 Y12.1 E1918.03219
G1 X32.161 Y12.1 E1918.96828
G1 X32.265 Y12.547 E1918.9803
G1 X32.472 Y13.045 E1918.99443
G1 X32.75 Y13.497 E1919.00833
G1 X33.098 Y13.902 E1919.02232
G1 X33.499 Y14.245 E1919.03614
G1 X33.951 Y14.524 E1919.05005
G1 X34.45 Y14.731 E1919.0642
G1 X34.967 Y14.853 E1919.07811
G1 X35.529 Y14.9 E1919.09288
G1 X36.9 Y14.9 E1919.12879
G1 X36.9 Y13.5 E1919.16546
G1 X37.02 Y13.139 E1919.17543
G1 X37.409 Y12.9 E1919.18739
G1 X66.5 Y12.9 E1919.94935
G1 X66.924 Y13.076 E1919.96137
G1 X67.1 Y13.5 E1919.9734
G1 X67.1 Y86.589 E1921.88777
G1 X66.924 Y86.924 E1921.89768
G0 F7200 X66.698 Y86.535
;TYPE:WALL-OUTER
G1 F1200 X66.642 Y86.642 E1921.90084
G1 X66.535 Y86.698 E1921.90401
G1 X37.5 Y86.7 E1922.6645
G1 X37.34 Y86.621 E1922.66918
G1 X37.3 Y86.501 E1922.67249
G1 X37.3 Y84.7 E1922.71966
G1 X35.512 Y84.7 E1922.76649
G1 X34.904 Y84.747 E1922.78247
G1 X34.327 Y84.887 E1922.79802
G1 X33.767 Y85.119 E1922.81389
G1 X33.263 Y85.427 E1922.82936
G1 X32.814 Y85.814 E1922.84489
G1 X32.427 Y86.263 E1922.86042
G1 X32.119 Y86.768 E1922.87591
G1 X31.887 Y87.319 E1922.89157
G1 X31.747 Y87.911 E1922.9075
G1 X31.717 Y88.3 E1922.91772
G1 X68.3 Y88.3 E1923.87592
G1 X68.3 Y11.7 E1925.88225
G1 X31.717 Y11.7 E1926.84045
G1 X31.747 Y12.085 E1926.85056
G1 X31.883 Y12.67 E1926.86629
G1 X32.115 Y13.228 E1926.88212
G1 X32.426 Y13.733 E1926.89765
G1 X32.814 Y14.186 E1926.91328
G1 X33.263 Y14.569 E1926.92873
G1 X33.768 Y14.881 E1926.94428
G1 X34.326 Y15.113 E1926.96011
G1 X34.904 Y15.249 E1926.97566
G1 X35.513 Y15.3 E1926.99167
G1 X37.3 Y15.3 E1927.03848
G1 X37.3 Y13.5 E1927.08562
G1 X37.34 Y13.379 E1927.08896
G1 X37.465 Y13.302 E1927.09281
G1 X66.5 Y13.3 E1927.8533
G1 X66.642 Y13.358 E1927.85732
G1 X66.7 Y13.5 E1927.86134
G1 X66.698 Y86.535 E1929.77429
G0 F7200 X66.642 Y86.642
G0 X66.573 Y86.678
;MESH:NONMESH
G0 F600 Z16.8
G0 F7200 X66.573 Y87.41
G0 X67.338 Y12.662
G0 X34.848 Y12.41
G0 X34.848 Y12.22
;TIME_ELAPSED:3243.120469
;LAYER:110
;TYPE:FILL
;MESH:Wandhalterung TP-Link Media Converter.stl
G1 F3000 X36.78 Y14.153 E1929.84588
G1 X36.85 Y14.223
G0 F7200 X36.59 Y14.223
G0 X36.662 Y12.662
G0 X36.867 Y12.22
G1 F3000 X34.476 Y14.612 E1929.93446
G1 X34.406 Y14.682
G0 F7200 X34.514 Y14.423
G0 X36.662 Y12.662
G0 X40.504 Y12.41
G0 X40.504 Y12.22
G1 F3000 X41.064 Y12.78 E1929.95521
G0 F7200 X41.964 Y12.78
G1 F3000 X42.524 Y12.22 E1929.97595
G0 F7200 X42.524 Y12.41
G0 X46.161 Y12.41
G0 X46.161 Y12.22
G1 F3000 X46.721 Y12.78 E1929.99669
G0 F7200 X47.621 Y12.78
G1 F3000 X48.181 Y12.22 E1930.01744
G0 F7200 X48.181 Y12.41
G0 X51.818 Y12.41
G0 X51.818 Y12.22
G1 F3000 X52.378 Y12.78 E1930.03818
G0 F7200 X53.278 Y12.78
G1 F3000 X53.838 Y12.22 E1930.05892
G0 F7200 X53.838 Y12.41
G0 X57.475 Y12.41
G0 X57.475 Y12.22
G1 F3000 X58.034 Y12.78 E1930.07965
G0 F7200 X58.935 Y12.78
G1 F3000 X59.495 Y12.22 E1930.10039
G0 F7200 X59.495 Y12.41
G0 X63.132 Y12.41
G0 X63.132 Y12.22
G1 F3000 X63.691 Y12.78 E1930.12111
G0 F7200 X64.591 Y12.78
G1 F3000 X65.151 Y12.22 E1930.14186
G0 F7200 X65.151 Y12.41
G0 X67.338 Y12.662
G0 X67.59 Y15.248
G0 X67.78 Y15.248
G1 F3000 X67.22 Y15.808 E1930.1626
G0 F7200 X67.22 Y16.308
G1 F3000 X67.78 Y16.869 E1930.18336
G0 F7200 X67.59 Y16.869
G0 X67.59 Y20.905
G0 X67.78 Y20.905
G1 F3000 X67.22 Y21.465 E1930.20411
G0 F7200 X67.22 Y21.965
G1 F3000 X67.78 Y22.526 E1930.22487
G0 F7200 X67.59 Y22.526
G0 X67.59 Y26.562
G0 X67.78 Y26.562
G1 F3000 X67.22 Y27.122 E1930.24561
G0 F7200 X67.22 Y27.622
G1 F3000 X67.78 Y28.182 E1930.26635
G0 F7200 X67.59 Y28.182
G0 X67.59 Y32.219
G0 X67.78 Y32.219
G1 F3000 X67.22 Y32.779 E1930.2871
G0 F7200 X67.22 Y33.279
G1 F3000 X67.78 Y33.839 E1930.30784
G0 F7200 X67.59 Y33.839
G0 X67.59 Y37.875
G0 X67.78 Y37.875
G1 F3000 X67.22 Y38.435 E1930.32858
G0 F7200 X67.22 Y38.935
G1 F3000 X67.78 Y39.496 E1930.34935
G0 F7200 X67.59 Y39.496
G0 X67.59 Y43.532
G0 X67.78 Y43.532
G1 F3000 X67.22 Y44.092 E1930.37009
G0 F7200 X67.22 Y44.592
G1 F3000 X67.78 Y45.153 E1930.39085
G0 F7200 X67.59 Y45.153
G0 X67.59 Y49.189
G0 X67.78 Y49.189
G1 F3000 X67.22 Y49.749 E1930.41159
G0 F7200 X67.22 Y50.249
G1 F3000 X67.78 Y50.81 E1930.43236
G0 F7200 X67.59 Y50.81
G0 X67.59 Y54.846
G0 X67.78 Y54.846
G1 F3000 X67.22 Y55.406 E1930.4531
G0 F7200 X67.22 Y55.906
G1 F3000 X67.78 Y56.467 E1930.47386
G0 F7200 X67.59 Y56.467
G0 X67.59 Y60.503
G0 X67.78 Y60.503
G1 F3000 X67.22 Y61.063 E1930.49461
G0 F7200 X67.22 Y61.563
G1 F3000 X67.78 Y62.124 E1930.51537
G0 F7200 X67.59 Y62.124
G0 X67.59 Y66.16
G0 X67.78 Y66.16
G1 F3000 X67.22 Y66.72 E1930.53611
G0 F7200 X67.22 Y67.22
G1 F3000 X67.78 Y67.78 E1930.55685
G0 F7200 X67.59 Y67.78
G0 X67.59 Y71.817
G0 X67.78 Y71.817
G1 F3000 X67.22 Y72.377 E1930.5776
G0 F7200 X67.22 Y72.877
G1 F3000 X67.78 Y73.437 E1930.59834
G0 F7200 X67.59 Y73.437
G0 X67.59 Y77.473
G0 X67.78 Y77.473
G1 F3000 X67.22 Y78.033 E1930.61908
G0 F7200 X67.22 Y78.533
G1 F3000 X67.78 Y79.094 E1930.63985
G0 F7200 X67.59 Y79.094
G0 X67.59 Y83.13
G0 X67.78 Y83.13
G1 F3000 X67.22 Y83.69 E1930.66059
G0 F7200 X67.22 Y84.19
G1 F3000 X67.78 Y84.751 E1930.68135
G0 F7200 X67.59 Y84.751
G0 X67.338 Y87.338
G0 X65.152 Y87.59
G0 X65.152 Y87.78
G1 F3000 X64.593 Y87.22 E1930.70207
G0 F7200 X63.691 Y87.22
G1 F3000 X63.13 Y87.78 E1930.72284
G0 F7200 X63.13 Y87.59
G0 X59.495 Y87.59
G0 X59.495 Y87.78
G1 F3000 X58.936 Y87.22 E1930.74356
G0 F7200 X58.034 Y87.22
G1 F3000 X57.474 Y87.78 E1930.7643
G0 F7200 X57.474 Y87.59
G0 X53.838 Y87.59
G0 X53.838 Y87.78
G1 F3000 X53.279 Y87.22 E1930.78503
G0 F7200 X52.378 Y87.22
G1 F3000 X51.817 Y87.78 E1930.80579
G0 F7200 X51.817 Y87.59
G0 X48.181 Y87.59
G0 X48.181 Y87.779
G1 F3000 X47.622 Y87.22 E1930.8265
G0 F7200 X46.721 Y87.22
G1 F3000 X46.161 Y87.78 E1930.84724
G0 F7200 X46.161 Y87.59
G0 X42.524 Y87.59
G0 X42.524 Y87.779
G1 F3000 X41.965 Y87.22 E1930.86795
G0 F7200 X41.064 Y87.22
G1 F3000 X40.504 Y87.78 E1930.88869
G0 F7200 X40.504 Y87.59
G0 X36.867 Y87.59
G0 X36.867 Y87.779
G1 F3000 X34.476 Y85.388 E1930.97726
G1 X34.406 Y85.318
G0 F7200 X34.513 Y85.578
G0 X36.59 Y85.847
G0 X36.779 Y85.847
G1 F3000 X34.847 Y87.78 E1931.04884
G1 X34.777 Y87.85
G0 F7200 X34.777 Y87.59
G0 X67.338 Y87.338
G0 X66.924 Y86.924
;TYPE:WALL-INNER
G1 F2400 X66.589 Y87.1 E1931.05875
G1 X37.5 Y87.1 E1931.82066
G1 X37.02 Y86.861 E1931.83471
G1 X36.9 Y86.501 E1931.84464
G1 X36.9 Y85.1 E1931.88134
G1 X35.527 Y85.1 E1931.9173
G1 X34.967 Y85.143 E1931.93201
G1 X34.451 Y85.268 E1931.94592
G1 X33.949 Y85.477 E1931.96016
G1 X33.499 Y85.751 E1931.97396
G1 X33.098 Y86.098 E1931.98785
G1 X32.751 Y86.499 E1932.00174
G1 X32.476 Y86.95 E1932.01558
G1 X32.269 Y87.443 E1932.02958
G1 X32.16 Y87.899 E1932.04186
G1 X67.9 Y87.9 E1932.97798
G1 X67.9 Y12.1 E1934.96336
G1 X32.161 Y12.1 E1935.89945
G1 X32.265 Y12.547 E1935.91147
G1 X32.472 Y13.045 E1935.92559
G1 X32.75 Y13.497 E1935.93949
G1 X33.098 Y13.902 E1935.95348
G1 X33.499 Y14.245 E1935.9673
G1 X33.951 Y14.524 E1935.98121
G1 X34.45 Y14.731 E1935.99536
G1 X34.967 Y14.853 E1936.00927
G1 X35.529 Y14.9 E1936.02405
G1 X36.9 Y14.9 E1936.05996
G1 X36.9 Y13.5 E1936.09662
G1 X37.02 Y13.139 E1936.10659
G1 X37.409 Y12.9 E1936.11855
G1 X66.5 Y12.9 E1936.88051
G1 X66.924 Y13.076 E1936.89253
G1 X67.1 Y13.5 E1936.90456
G1 X67.1 Y86.589 E1938.81893
G1 X66.924 Y86.924 E1938.82884
G0 F7200 X66.698 Y86.535
;TYPE:WALL-OUTER
G1 F1200 X66.642 Y86.642 E1938.83201
G1 X66.535 Y86.698 E1938.83517
G1 X37.5 Y86.7 E1939.59566
G1 X37.34 Y86.621 E1939.60034
G1 X37.3 Y86.501 E1939.60365
G1 X37.3 Y84.7 E1939.65082
G1 X35.512 Y84.7 E1939.69766
G1 X34.904 Y84.747 E1939.71363
G1 X34.327 Y84.887 E1939.72918
G1 X33.767 Y85.119 E1939.74506
G1 X33.263 Y85.427 E1939.76053
G1 X32.814 Y85.814 E1939.77605
G1 X32.427 Y86.263 E1939.79158
G1 X32.119 Y86.768 E1939.80707
G1 X31.887 Y87.319 E1939.82273
G1 X31.747 Y87.911 E1939.83866
G1 X31.717 Y88.3 E1939.84888
G1 X68.3 Y88.3 E1940.80708
G1 X68.3 Y11.7 E1942.81341
G1 X31.717 Y11.7 E1943.77161
G1 X31.747 Y12.085 E1943.78172
G1 X31.883 Y12.67 E1943.79745
G1 X32.115 Y13.228 E1943.81328
G1 X32.426 Y13.733 E1943.82882
G1 X32.814 Y14.186 E1943.84444
G1 X33.263 Y14.569 E1943.8599
G1 X33.768 Y14.881 E1943.87544
G1 X34.326 Y15.113 E1943.89127
G1 X34.904 Y15.249 E1943.90682
G1 X35.513 Y15.3 E1943.92283
G1 X37.3 Y15.3 E1943.96964
G1 X37.3 Y13.5 E1944.01678
G1 X37.34 Y13.379 E1944.02012
G1 X37.465 Y13.302 E1944.02397
G1 X66.5 Y13.3 E1944.78446
G1 X66.642 Y13.358 E1944.78848
G1 X66.7 Y13.5 E1944.7925
G1 X66.698 Y86.535 E1946.70546
G0 F7200 X66.642 Y86.642
G0 X66.573 Y86.678
;MESH:NONMESH
G0 F600 Z16.95
G0 F7200 X66.573 Y87.41
G0 X67.338 Y12.662
G0 X34.848 Y12.41
G0 X34.848 Y12.22
;TIME_ELAPSED:3270.696576
;LAYER:111
;TYPE:FILL
;MESH:Wandhalterung TP-Link Media Converter.stl
G1 F3000 X36.78 Y14.153 E1946.77704
G1 X36.85 Y14.223
G0 F7200 X36.59 Y14.223
G0 X36.662 Y12.662
G0 X36.867 Y12.22
G1 F3000 X34.476 Y14.612 E1946.86562
G1 X34.406 Y14.682
G0 F7200 X34.514 Y14.423
G0 X36.662 Y12.662
G0 X40.504 Y12.41
G0 X40.504 Y12.22
G1 F3000 X41.064 Y12.78 E1946.88637
G0 F7200 X41.964 Y12.78
G1 F3000 X42.524 Y12.22 E1946.90711
G0 F7200 X42.524 Y12.41
G0 X46.161 Y12.41
G0 X46.161 Y12.22
G1 F3000 X46.721 Y12.78 E1946.92785
G0 F7200 X47.621 Y12.78
G1 F3000 X48.181 Y12.22 E1946.9486
G0 F7200 X48.181 Y12.41
G0 X51.818 Y12.41
G0 X51.818 Y12.22
G1 F3000 X52.378 Y12.78 E1946.96934
G0 F7200 X53.278 Y12.78
G1 F3000 X53.838 Y12.22 E1946.99008
G0 F7200 X53.838 Y12.41
G0 X57.475 Y12.41
G0 X57.475 Y12.22
G1 F3000 X58.034 Y12.78 E1947.01081
G0 F7200 X58.935 Y12.78
G1 F3000 X59.495 Y12.22 E1947.03155
G0 F7200 X59.495 Y12.41
G0 X63.132 Y12.41
G0 X63.132 Y12.22
G1 F3000 X63.691 Y12.78 E1947.05228
G0 F7200 X64.591 Y12.78
G1 F3000 X65.151 Y12.22 E1947.07302
G0 F7200 X65.151 Y12.41
G0 X67.338 Y12.662
G0 X67.59 Y15.248
G0 X67.78 Y15.248
G1 F3000 X67.22 Y15.808 E1947.09376
G0 F7200 X67.22 Y16.308
G1 F3000 X67.78 Y16.869 E1947.11453
G0 F7200 X67.59 Y16.869
G0 X67.59 Y20.905
G0 X67.78 Y20.905
G1 F3000 X67.22 Y21.465 E1947.13527
G0 F7200 X67.22 Y21.965
G1 F3000 X67.78 Y22.526 E1947.15603
G0 F7200 X67.59 Y22.526
G0 X67.59 Y26.562
G0 X67.78 Y26.562
G1 F3000 X67.22 Y27.122 E1947.17677
G0 F7200 X67.22 Y27.622
G1 F3000 X67.78 Y28.182 E1947.19752
G0 F7200 X67.59 Y28.182
G0 X67.59 Y32.219
G0 X67.78 Y32.219
G1 F3000 X67.22 Y32.779 E1947.21826
G0 F7200 X67.22 Y33.279
G1 F3000 X67.78 Y33.839 E1947.239
G0 F7200 X67.59 Y33.839
G0 X67.59 Y37.875
G0 X67.78 Y37.875
G1 F3000 X67.22 Y38.435 E1947.25975
G0 F7200 X67.22 Y38.935
G1 F3000 X67.78 Y39.496 E1947.28051
G0 F7200 X67.59 Y39.496
G0 X67.59 Y43.532
G0 X67.78 Y43.532
G1 F3000 X67.22 Y44.092 E1947.30125
G0 F7200 X67.22 Y44.592
G1 F3000 X67.78 Y45.153 E1947.32201
G0 F7200 X67.59 Y45.153
G0 X67.59 Y49.189
G0 X67.78 Y49.189
G1 F3000 X67.22 Y49.749 E1947.34276
G0 F7200 X67.22 Y50.249
G1 F3000 X67.78 Y50.81 E1947.36352
G0 F7200 X67.59 Y50.81
G0 X67.59 Y54.846
G0 X67.78 Y54.846
G1 F3000 X67.22 Y55.406 E1947.38426
G0 F7200 X67.22 Y55.906
G1 F3000 X67.78 Y56.467 E1947.40502
G0 F7200 X67.59 Y56.467
G0 X67.59 Y60.503
G0 X67.78 Y60.503
G1 F3000 X67.22 Y61.063 E1947.42577
G0 F7200 X67.22 Y61.563
G1 F3000 X67.78 Y62.124 E1947.44653
G0 F7200 X67.59 Y62.124
G0 X67.59 Y66.16
G0 X67.78 Y66.16
G1 F3000 X67.22 Y66.72 E1947.46727
G0 F7200 X67.22 Y67.22
G1 F3000 X67.78 Y67.78 E1947.48802
G0 F7200 X67.59 Y67.78
G0 X67.59 Y71.817
G0 X67.78 Y71.817
G1 F3000 X67.22 Y72.377 E1947.50876
G0 F7200 X67.22 Y72.877
G1 F3000 X67.78 Y73.437 E1947.5295
G0 F7200 X67.59 Y73.437
G0 X67.59 Y77.473
G0 X67.78 Y77.473
G1 F3000 X67.22 Y78.033 E1947.55025
G0 F7200 X67.22 Y78.533
G1 F3000 X67.78 Y79.094 E1947.57101
G0 F7200 X67.59 Y79.094
G0 X67.59 Y83.13
G0 X67.78 Y83.13
G1 F3000 X67.22 Y83.69 E1947.59175
G0 F7200 X67.22 Y84.19
G1 F3000 X67.78 Y84.751 E1947.61251
G0 F7200 X67.59 Y84.751
G0 X67.338 Y87.338
G0 X65.152 Y87.59
G0 X65.152 Y87.78
G1 F3000 X64.593 Y87.22 E1947.63324
G0 F7200 X63.691 Y87.22
G1 F3000 X63.13 Y87.78 E1947.654
G0 F7200 X63.13 Y87.59
G0 X59.495 Y87.59
G0 X59.495 Y87.78
G1 F3000 X58.936 Y87.22 E1947.67472
G0 F7200 X58.034 Y87.22
G1 F3000 X57.474 Y87.78 E1947.69547
G0 F7200 X57.474 Y87.59
G0 X53.838 Y87.59
G0 X53.838 Y87.78
G1 F3000 X53.279 Y87.22 E1947.71619
G0 F7200 X52.378 Y87.22
G1 F3000 X51.817 Y87.78 E1947.73695
G0 F7200 X51.817 Y87.59
G0 X48.181 Y87.59
G0 X48.181 Y87.779
G1 F3000 X47.622 Y87.22 E1947.75766
G0 F7200 X46.721 Y87.22
G1 F3000 X46.161 Y87.78 E1947.7784
G0 F7200 X46.161 Y87.59
G0 X42.524 Y87.59
G0 X42.524 Y87.779
G1 F3000 X41.965 Y87.22 E1947.79911
G0 F7200 X41.064 Y87.22
G1 F3000 X40.504 Y87.78 E1947.81985
G0 F7200 X40.504 Y87.59
G0 X36.867 Y87.59
G0 X36.867 Y87.779
G1 F3000 X34.476 Y85.388 E1947.90842
G1 X34.406 Y85.318
G0 F7200 X34.513 Y85.578
G0 X36.59 Y85.847
G0 X36.779 Y85.847
G1 F3000 X34.847 Y87.78 E1947.98
G1 X34.777 Y87.85
G0 F7200 X34.777 Y87.59
G0 X67.338 Y87.338
G0 X66.924 Y86.924
;TYPE:WALL-INNER
G1 F2400 X66.589 Y87.1 E1947.98991
G1 X37.5 Y87.1 E1948.75182
G1 X37.02 Y86.861 E1948.76587
G1 X36.9 Y86.501 E1948.77581
G1 X36.9 Y85.1 E1948.8125
G1 X35.527 Y85.1 E1948.84846
G1 X34.967 Y85.143 E1948.86318
G1 X34.451 Y85.268 E1948.87708
G1 X33.949 Y85.477 E1948.89132
G1 X33.499 Y85.751 E1948.90512
G1 X33.098 Y86.098 E1948.91901
G1 X32.751 Y86.499 E1948.9329
G1 X32.476 Y86.95 E1948.94674
G1 X32.269 Y87.443 E1948.96074
G1 X32.16 Y87.899 E1948.97302
G1 X67.9 Y87.9 E1949.90914
G1 X67.9 Y12.1 E1951.89452
G1 X32.161 Y12.1 E1952.83061
G1 X32.265 Y12.547 E1952.84263
G1 X32.472 Y13.045 E1952.85675
G1 X32.75 Y13.497 E1952.87065
G1 X33.098 Y13.902 E1952.88464
G1 X33.499 Y14.245 E1952.89846
G1 X33.951 Y14.524 E1952.91237
G1 X34.45 Y14.731 E1952.92652
G1 X34.967 Y14.853 E1952.94044
G1 X35.529 Y14.9 E1952.95521
G1 X36.9 Y14.9 E1952.99112
G1 X36.9 Y13.5 E1953.02779
G1 X37.02 Y13.139 E1953.03775
G1 X37.409 Y12.9 E1953.04971
G1 X66.5 Y12.9 E1953.81167
G1 X66.924 Y13.076 E1953.8237
G1 X67.1 Y13.5 E1953.83572
G1 X67.1 Y86.589 E1955.75009
G1 X66.924 Y86.924 E1955.76
G0 F7200 X66.698 Y86.535
;TYPE:WALL-OUTER
G1 F1200 X66.642 Y86.642 E1955.76317
G1 X66.535 Y86.698 E1955.76633
G1 X37.5 Y86.7 E1956.52683
G1 X37.34 Y86.621 E1956.5315
G1 X37.3 Y86.501 E1956.53481
G1 X37.3 Y84.7 E1956.58199
G1 X35.512 Y84.7 E1956.62882
G1 X34.904 Y84.747 E1956.64479
G1 X34.327 Y84.887 E1956.66034
G1 X33.767 Y85.119 E1956.67622
G1 X33.263 Y85.427 E1956.69169
G1 X32.814 Y85.814 E1956.70721
G1 X32.427 Y86.263 E1956.72274
G1 X32.119 Y86.768 E1956.73823
G1 X31.887 Y87.319 E1956.75389
G1 X31.747 Y87.911 E1956.76983
G1 X31.717 Y88.3 E1956.78005
G1 X68.3 Y88.3 E1957.73824
G1 X68.3 Y11.7 E1959.74457
G1 X31.717 Y11.7 E1960.70277
G1 X31.747 Y12.085 E1960.71288
G1 X31.883 Y12.67 E1960.72862
G1 X32.115 Y13.228 E1960.74444
G1 X32.426 Y13.733 E1960.75998
G1 X32.814 Y14.186 E1960.7756
G1 X33.263 Y14.569 E1960.79106
G1 X33.768 Y14.881 E1960.80661
G1 X34.326 Y15.113 E1960.82243
G1 X34.904 Y15.249 E1960.83799
G1 X35.513 Y15.3 E1960.85399
G1 X37.3 Y15.3 E1960.9008
G1 X37.3 Y13.5 E1960.94795
G1 X37.34 Y13.379 E1960.95128
G1 X37.465 Y13.302 E1960.95513
G1 X66.5 Y13.3 E1961.71562
G1 X66.642 Y13.358 E1961.71964
G1 X66.7 Y13.5 E1961.72366
G1 X66.698 Y86.535 E1963.63662
G0 F7200 X66.642 Y86.642
G0 X66.573 Y86.678
;MESH:NONMESH
G0 F600 Z17.1
G0 F7200 X66.573 Y87.41
G0 X67.338 Y12.662
G0 X34.848 Y12.41
G0 X34.848 Y12.22
;TIME_ELAPSED:3298.272683
;LAYER:112
;TYPE:FILL
;MESH:Wandhalterung TP-Link Media Converter.stl
G1 F3000 X36.78 Y14.153 E1963.7082
G1 X36.85 Y14.223
G0 F7200 X36.59 Y14.223
G0 X36.662 Y12.662
G0 X36.867 Y12.22
G1 F3000 X34.476 Y14.612 E1963.79679
G1 X34.406 Y14.682
G0 F7200 X34.514 Y14.423
G0 X36.662 Y12.662
G0 X40.504 Y12.41
G0 X40.504 Y12.22
G1 F3000 X41.064 Y12.78 E1963.81753
G0 F7200 X41.964 Y12.78
G1 F3000 X42.524 Y12.22 E1963.83827
G0 F7200 X42.524 Y12.41
G0 X46.161 Y12.41
G0 X46.161 Y12.22
G1 F3000 X46.721 Y12.78 E1963.85902
G0 F7200 X47.621 Y12.78
G1 F3000 X48.181 Y12.22 E1963.87976
G0 F7200 X48.181 Y12.41
G0 X51.818 Y12.41
G0 X51.818 Y12.22
G1 F3000 X52.378 Y12.78 E1963.9005
G0 F7200 X53.278 Y12.78
G1 F3000 X53.838 Y12.22 E1963.92125
G0 F7200 X53.838 Y12.41
G0 X57.475 Y12.41
G0 X57.475 Y12.22
G1 F3000 X58.034 Y12.78 E1963.94197
G0 F7200 X58.935 Y12.78
G1 F3000 X59.495 Y12.22 E1963.96271
G0 F7200 X59.495 Y12.41
G0 X63.132 Y12.41
G0 X63.132 Y12.22
G1 F3000 X63.691 Y12.78 E1963.98344
G0 F7200 X64.591 Y12.78
G1 F3000 X65.151 Y12.22 E1964.00418
G0 F7200 X65.151 Y12.41
G0 X67.338 Y12.662
G0 X67.59 Y15.248
G0 X67.78 Y15.248
G1 F3000 X67.22 Y15.808 E1964.02493
G0 F7200 X67.22 Y16.308
G1 F3000 X67.78 Y16.869 E1964.04569
G0 F7200 X67.59 Y16.869
G0 X67.59 Y20.905
G0 X67.78 Y20.905
G1 F3000 X67.22 Y21.465 E1964.06643
G0 F7200 X67.22 Y21.965
G1 F3000 X67.78 Y22.526 E1964.08719
G0 F7200 X67.59 Y22.526
G0 X67.59 Y26.562
G0 X67.78 Y26.562
G1 F3000 X67.22 Y27.122 E1964.10794
G0 F7200 X67.22 Y27.622
G1 F3000 X67.78 Y28.182 E1964.12868
G0 F7200 X67.59 Y28.182
G0 X67.59 Y32.219
G0 X67.78 Y32.219
G1 F3000 X67.22 Y32.779 E1964.14942
G0 F7200 X67.22 Y33.279
G1 F3000 X67.78 Y33.839 E1964.17017
G0 F7200 X67.59 Y33.839
G0 X67.59 Y37.875
G0 X67.78 Y37.875
G1 F3000 X67.22 Y38.435 E1964.19091
G0 F7200 X67.22 Y38.935
G1 F3000 X67.78 Y39.496 E1964.21167
G0 F7200 X67.59 Y39.496
G0 X67.59 Y43.532
G0 X67.78 Y43.532
G1 F3000 X67.22 Y44.092 E1964.23241
G0 F7200 X67.22 Y44.592
G1 F3000 X67.78 Y45.153 E1964.25318
G0 F7200 X67.59 Y45.153
G0 X67.59 Y49.189
G0 X67.78 Y49.189
G1 F3000 X67.22 Y49.749 E1964.27392
G0 F7200 X67.22 Y50.249
G1 F3000 X67.78 Y50.81 E1964.29468
G0 F7200 X67.59 Y50.81
G0 X67.59 Y54.846
G0 X67.78 Y54.846
G1 F3000 X67.22 Y55.406 E1964.31542
G0 F7200 X67.22 Y55.906
G1 F3000 X67.78 Y56.467 E1964.33619
G0 F7200 X67.59 Y56.467
G0 X67.59 Y60.503
G0 X67.78 Y60.503
G1 F3000 X67.22 Y61.063 E1964.35693
G0 F7200 X67.22 Y61.563
G1 F3000 X67.78 Y62.124 E1964.37769
G0 F7200 X67.59 Y62.124
G0 X67.59 Y66.16
G0 X67.78 Y66.16
G1 F3000 X67.22 Y66.72 E1964.39843
G0 F7200 X67.22 Y67.22
G1 F3000 X67.78 Y67.78 E1964.41918
G0 F7200 X67.59 Y67.78
G0 X67.59 Y71.817
G0 X67.78 Y71.817
G1 F3000 X67.22 Y72.377 E1964.43992
G0 F7200 X67.22 Y72.877
G1 F3000 X67.78 Y73.437 E1964.46066
G0 F7200 X67.59 Y73.437
G0 X67.59 Y77.473
G0 X67.78 Y77.473
G1 F3000 X67.22 Y78.033 E1964.48141
G0 F7200 X67.22 Y78.533
G1 F3000 X67.78 Y79.094 E1964.50217
G0 F7200 X67.59 Y79.094
G0 X67.59 Y83.13
G0 X67.78 Y83.13
G1 F3000 X67.22 Y83.69 E1964.52291
G0 F7200 X67.22 Y84.19
G1 F3000 X67.78 Y84.751 E1964.54367
G0 F7200 X67.59 Y84.751
G0 X67.338 Y87.338
G0 X65.152 Y87.59
G0 X65.152 Y87.78
G1 F3000 X64.593 Y87.22 E1964.5644
G0 F7200 X63.691 Y87.22
G1 F3000 X63.13 Y87.78 E1964.58516
G0 F7200 X63.13 Y87.59
G0 X59.495 Y87.59
G0 X59.495 Y87.78
G1 F3000 X58.936 Y87.22 E1964.60589
G0 F7200 X58.034 Y87.22
G1 F3000 X57.474 Y87.78 E1964.62663
G0 F7200 X57.474 Y87.59
G0 X53.838 Y87.59
G0 X53.838 Y87.78
G1 F3000 X53.279 Y87.22 E1964.64735
G0 F7200 X52.378 Y87.22
G1 F3000 X51.817 Y87.78 E1964.66812
G0 F7200 X51.817 Y87.59
G0 X48.181 Y87.59
G0 X48.181 Y87.779
G1 F3000 X47.622 Y87.22 E1964.68882
G0 F7200 X46.721 Y87.22
G1 F3000 X46.161 Y87.78 E1964.70956
G0 F7200 X46.161 Y87.59
G0 X42.524 Y87.59
G0 X42.524 Y87.779
G1 F3000 X41.965 Y87.22 E1964.73027
G0 F7200 X41.064 Y87.22
G1 F3000 X40.504 Y87.78 E1964.75101
G0 F7200 X40.504 Y87.59
G0 X36.867 Y87.59
G0 X36.867 Y87.779
G1 F3000 X34.476 Y85.388 E1964.83958
G1 X34.406 Y85.318
G0 F7200 X34.513 Y85.578
G0 X36.59 Y85.847
G0 X36.779 Y85.847
G1 F3000 X34.847 Y87.78 E1964.91116
G1 X34.777 Y87.85
G0 F7200 X34.777 Y87.59
G0 X67.338 Y87.338
G0 X66.924 Y86.924
;TYPE:WALL-INNER
G1 F2400 X66.589 Y87.1 E1964.92108
G1 X37.5 Y87.1 E1965.68298
G1 X37.02 Y86.861 E1965.69703
G1 X36.9 Y86.501 E1965.70697
G1 X36.9 Y85.1 E1965.74366
G1 X35.527 Y85.1 E1965.77963
G1 X34.967 Y85.143 E1965.79434
G1 X34.451 Y85.268 E1965.80824
G1 X33.949 Y85.477 E1965.82249
G1 X33.499 Y85.751 E1965.83629
G1 X33.098 Y86.098 E1965.85018
G1 X32.751 Y86.499 E1965.86406
G1 X32.476 Y86.95 E1965.8779
G1 X32.269 Y87.443 E1965.89191
G1 X32.16 Y87.899 E1965.90419
G1 X67.9 Y87.9 E1966.8403
G1 X67.9 Y12.1 E1968.82568
G1 X32.161 Y12.1 E1969.76177
G1 X32.265 Y12.547 E1969.77379
G1 X32.472 Y13.045 E1969.78792
G1 X32.75 Y13.497 E1969.80181
G1 X33.098 Y13.902 E1969.8158
G1 X33.499 Y14.245 E1969.82962
G1 X33.951 Y14.524 E1969.84353
G1 X34.45 Y14.731 E1969.85768
G1 X34.967 Y14.853 E1969.8716
G1 X35.529 Y14.9 E1969.88637
G1 X36.9 Y14.9 E1969.92228
G1 X36.9 Y13.5 E1969.95895
G1 X37.02 Y13.139 E1969.96891
G1 X37.409 Y12.9 E1969.98087
G1 X66.5 Y12.9 E1970.74283
G1 X66.924 Y13.076 E1970.75486
G1 X67.1 Y13.5 E1970.76688
G1 X67.1 Y86.589 E1972.68125
G1 X66.924 Y86.924 E1972.69117
G0 F7200 X66.698 Y86.535
;TYPE:WALL-OUTER
G1 F1200 X66.642 Y86.642 E1972.69433
G1 X66.535 Y86.698 E1972.69749
G1 X37.5 Y86.7 E1973.45799
G1 X37.34 Y86.621 E1973.46266
G1 X37.3 Y86.501 E1973.46597
G1 X37.3 Y84.7 E1973.51315
G1 X35.512 Y84.7 E1973.55998
G1 X34.904 Y84.747 E1973.57595
G1 X34.327 Y84.887 E1973.5915
G1 X33.767 Y85.119 E1973.60738
G1 X33.263 Y85.427 E1973.62285
G1 X32.814 Y85.814 E1973.63838
G1 X32.427 Y86.263 E1973.6539
G1 X32.119 Y86.768 E1973.6694
G1 X31.887 Y87.319 E1973.68505
G1 X31.747 Y87.911 E1973.70099
G1 X31.717 Y88.3 E1973.71121
G1 X68.3 Y88.3 E1974.6694
G1 X68.3 Y11.7 E1976.67574
G1 X31.717 Y11.7 E1977.63393
G1 X31.747 Y12.085 E1977.64405
G1 X31.883 Y12.67 E1977.65978
G1 X32.115 Y13.228 E1977.67561
G1 X32.426 Y13.733 E1977.69114
G1 X32.814 Y14.186 E1977.70676
G1 X33.263 Y14.569 E1977.72222
G1 X33.768 Y14.881 E1977.73777
G1 X34.326 Y15.113 E1977.7536
G1 X34.904 Y15.249 E1977.76915
G1 X35.513 Y15.3 E1977.78516
G1 X37.3 Y15.3 E1977.83196
G1 X37.3 Y13.5 E1977.87911
G1 X37.34 Y13.379 E1977.88245
G1 X37.465 Y13.302 E1977.88629
G1 X66.5 Y13.3 E1978.64679
G1 X66.642 Y13.358 E1978.6508
G1 X66.7 Y13.5 E1978.65482
G1 X66.698 Y86.535 E1980.56778
G0 F7200 X66.642 Y86.642
G0 X66.573 Y86.678
;MESH:NONMESH
G0 F600 Z17.25
G0 F7200 X66.573 Y87.41
G0 X67.338 Y12.662
G0 X34.848 Y12.41
G0 X34.848 Y12.22
;TIME_ELAPSED:3325.848790
;LAYER:113
;TYPE:FILL
;MESH:Wandhalterung TP-Link Media Converter.stl
G1 F3000 X36.78 Y14.153 E1980.63936
G1 X36.85 Y14.223
G0 F7200 X36.59 Y14.223
G0 X36.662 Y12.662
G0 X36.867 Y12.22
G1 F3000 X34.476 Y14.612 E1980.72795
G1 X34.406 Y14.682
G0 F7200 X34.514 Y14.423
G0 X36.662 Y12.662
G0 X40.504 Y12.41
G0 X40.504 Y12.22
G1 F3000 X41.064 Y12.78 E1980.74869
G0 F7200 X41.964 Y12.78
G1 F3000 X42.524 Y12.22 E1980.76943
G0 F7200 X42.524 Y12.41
G0 X46.161 Y12.41
G0 X46.161 Y12.22
G1 F3000 X46.721 Y12.78 E1980.79018
G0 F7200 X47.621 Y12.78
G1 F3000 X48.181 Y12.22 E1980.81092
G0 F7200 X48.181 Y12.41
G0 X51.818 Y12.41
G0 X51.818 Y12.22
G1 F3000 X52.378 Y12.78 E1980.83166
G0 F7200 X53.278 Y12.78
G1 F3000 X53.838 Y12.22 E1980.85241
G0 F7200 X53.838 Y12.41
G0 X57.475 Y12.41
G0 X57.475 Y12.22
G1 F3000 X58.034 Y12.78 E1980.87313
G0 F7200 X58.935 Y12.78
G1 F3000 X59.495 Y12.22 E1980.89388
G0 F7200 X59.495 Y12.41
G0 X63.132 Y12.41
G0 X63.132 Y12.22
G1 F3000 X63.691 Y12.78 E1980.9146
G0 F7200 X64.591 Y12.78
G1 F3000 X65.151 Y12.22 E1980.93534
G0 F7200 X65.151 Y12.41
G0 X67.338 Y12.662
G0 X67.59 Y15.248
G0 X67.78 Y15.248
G1 F3000 X67.22 Y15.808 E1980.95609
G0 F7200 X67.22 Y16.308
G1 F3000 X67.78 Y16.869 E1980.97685
G0 F7200 X67.59 Y16.869
G0 X67.59 Y20.905
G0 X67.78 Y20.905
G1 F3000 X67.22 Y21.465 E1980.99759
G0 F7200 X67.22 Y21.965
G1 F3000 X67.78 Y22.526 E1981.01835
G0 F7200 X67.59 Y22.526
G0 X67.59 Y26.562
G0 X67.78 Y26.562
G1 F3000 X67.22 Y27.122 E1981.0391
G0 F7200 X67.22 Y27.622
G1 F3000 X67.78 Y28.182 E1981.05984
G0 F7200 X67.59 Y28.182
G0 X67.59 Y32.219
G0 X67.78 Y32.219
G1 F3000 X67.22 Y32.779 E1981.08058
G0 F7200 X67.22 Y33.279
G1 F3000 X67.78 Y33.839 E1981.10133
G0 F7200 X67.59 Y33.839
G0 X67.59 Y37.875
G0 X67.78 Y37.875
G1 F3000 X67.22 Y38.435 E1981.12207
G0 F7200 X67.22 Y38.935
G1 F3000 X67.78 Y39.496 E1981.14283
G0 F7200 X67.59 Y39.496
G0 X67.59 Y43.532
G0 X67.78 Y43.532
G1 F3000 X67.22 Y44.092 E1981.16358
G0 F7200 X67.22 Y44.592
G1 F3000 X67.78 Y45.153 E1981.18434
G0 F7200 X67.59 Y45.153
G0 X67.59 Y49.189
G0 X67.78 Y49.189
G1 F3000 X67.22 Y49.749 E1981.20508
G0 F7200 X67.22 Y50.249
G1 F3000 X67.78 Y50.81 E1981.22584
G0 F7200 X67.59 Y50.81
G0 X67.59 Y54.846
G0 X67.78 Y54.846
G1 F3000 X67.22 Y55.406 E1981.24659
G0 F7200 X67.22 Y55.906
G1 F3000 X67.78 Y56.467 E1981.26735
G0 F7200 X67.59 Y56.467
G0 X67.59 Y60.503
G0 X67.78 Y60.503
G1 F3000 X67.22 Y61.063 E1981.28809
G0 F7200 X67.22 Y61.563
G1 F3000 X67.78 Y62.124 E1981.30885
G0 F7200 X67.59 Y62.124
G0 X67.59 Y66.16
G0 X67.78 Y66.16
G1 F3000 X67.22 Y66.72 E1981.3296
G0 F7200 X67.22 Y67.22
G1 F3000 X67.78 Y67.78 E1981.35034
G0 F7200 X67.59 Y67.78
G0 X67.59 Y71.817
G0 X67.78 Y71.817
G1 F3000 X67.22 Y72.377 E1981.37108
G0 F7200 X67.22 Y72.877
G1 F3000 X67.78 Y73.437 E1981.39183
G0 F7200 X67.59 Y73.437
G0 X67.59 Y77.473
G0 X67.78 Y77.473
G1 F3000 X67.22 Y78.033 E1981.41257
G0 F7200 X67.22 Y78.533
G1 F3000 X67.78 Y79.094 E1981.43333
G0 F7200 X67.59 Y79.094
G0 X67.59 Y83.13
G0 X67.78 Y83.13
G1 F3000 X67.22 Y83.69 E1981.45407
G0 F7200 X67.22 Y84.19
G1 F3000 X67.78 Y84.751 E1981.47484
G0 F7200 X67.59 Y84.751
G0 X67.338 Y87.338
G0 X65.152 Y87.59
G0 X65.152 Y87.78
G1 F3000 X64.593 Y87.22 E1981.49556
G0 F7200 X63.691 Y87.22
G1 F3000 X63.13 Y87.78 E1981.51632
G0 F7200 X63.13 Y87.59
G0 X59.495 Y87.59
G0 X59.495 Y87.78
G1 F3000 X58.936 Y87.22 E1981.53705
G0 F7200 X58.034 Y87.22
G1 F3000 X57.474 Y87.78 E1981.55779
G0 F7200 X57.474 Y87.59
G0 X53.838 Y87.59
G0 X53.838 Y87.78
G1 F3000 X53.279 Y87.22 E1981.57852
G0 F7200 X52.378 Y87.22
G1 F3000 X51.817 Y87.78 E1981.59928
G0 F7200 X51.817 Y87.59
G0 X48.181 Y87.59
G0 X48.181 Y87.779
G1 F3000 X47.622 Y87.22 E1981.61998
G0 F7200 X46.721 Y87.22
G1 F3000 X46.161 Y87.78 E1981.64073
G0 F7200 X46.161 Y87.59
G0 X42.524 Y87.59
G0 X42.524 Y87.779
G1 F3000 X41.965 Y87.22 E1981.66143
G0 F7200 X41.064 Y87.22
G1 F3000 X40.504 Y87.78 E1981.68218
G0 F7200 X40.504 Y87.59
G0 X36.867 Y87.59
G0 X36.867 Y87.779
G1 F3000 X34.476 Y85.388 E1981.77074
G1 X34.406 Y85.318
G0 F7200 X34.513 Y85.578
G0 X36.59 Y85.847
G0 X36.779 Y85.847
G1 F3000 X34.847 Y87.78 E1981.84233
G1 X34.777 Y87.85
G0 F7200 X34.777 Y87.59
G0 X67.338 Y87.338
G0 X66.924 Y86.924
;TYPE:WALL-INNER
G1 F2400 X66.589 Y87.1 E1981.85224
G1 X37.5 Y87.1 E1982.61415
G1 X37.02 Y86.861 E1982.62819
G1 X36.9 Y86.501 E1982.63813
G1 X36.9 Y85.1 E1982.67483
G1 X35.527 Y85.1 E1982.71079
G1 X34.967 Y85.143 E1982.7255
G1 X34.451 Y85.268 E1982.73941
G1 X33.949 Y85.477 E1982.75365
G1 X33.499 Y85.751 E1982.76745
G1 X33.098 Y86.098 E1982.78134
G1 X32.751 Y86.499 E1982.79523
G1 X32.476 Y86.95 E1982.80906
G1 X32.269 Y87.443 E1982.82307
G1 X32.16 Y87.899 E1982.83535
G1 X67.9 Y87.9 E1983.77146
G1 X67.9 Y12.1 E1985.75684
G1 X32.161 Y12.1 E1986.69293
G1 X32.265 Y12.547 E1986.70495
G1 X32.472 Y13.045 E1986.71908
G1 X32.75 Y13.497 E1986.73298
G1 X33.098 Y13.902 E1986.74696
G1 X33.499 Y14.245 E1986.76078
G1 X33.951 Y14.524 E1986.7747
G1 X34.45 Y14.731 E1986.78885
G1 X34.967 Y14.853 E1986.80276
G1 X35.529 Y14.9 E1986.81753
G1 X36.9 Y14.9 E1986.85344
G1 X36.9 Y13.5 E1986.89011
G1 X37.02 Y13.139 E1986.90007
G1 X37.409 Y12.9 E1986.91203
G1 X66.5 Y12.9 E1987.67399
G1 X66.924 Y13.076 E1987.68602
G1 X67.1 Y13.5 E1987.69804
G1 X67.1 Y86.589 E1989.61242
G1 X66.924 Y86.924 E1989.62233
G0 F7200 X66.698 Y86.535
;TYPE:WALL-OUTER
G1 F1200 X66.642 Y86.642 E1989.62549
G1 X66.535 Y86.698 E1989.62865
G1 X37.5 Y86.7 E1990.38915
G1 X37.34 Y86.621 E1990.39382
G1 X37.3 Y86.501 E1990.39714
G1 X37.3 Y84.7 E1990.44431
G1 X35.512 Y84.7 E1990.49114
G1 X34.904 Y84.747 E1990.50711
G1 X34.327 Y84.887 E1990.52267
G1 X33.767 Y85.119 E1990.53854
G1 X33.263 Y85.427 E1990.55401
G1 X32.814 Y85.814 E1990.56954
G1 X32.427 Y86.263 E1990.58506
G1 X32.119 Y86.768 E1990.60056
G1 X31.887 Y87.319 E1990.61622
G1 X31.747 Y87.911 E1990.63215
G1 X31.717 Y88.3 E1990.64237
G1 X68.3 Y88.3 E1991.60056
G1 X68.3 Y11.7 E1993.6069
G1 X31.717 Y11.7 E1994.56509
G1 X31.747 Y12.085 E1994.57521
G1 X31.883 Y12.67 E1994.59094
G1 X32.115 Y13.228 E1994.60677
G1 X32.426 Y13.733 E1994.6223
G1 X32.814 Y14.186 E1994.63792
G1 X33.263 Y14.569 E1994.65338
G1 X33.768 Y14.881 E1994.66893
G1 X34.326 Y15.113 E1994.68476
G1 X34.904 Y15.249 E1994.70031
G1 X35.513 Y15.3 E1994.71632
G1 X37.3 Y15.3 E1994.76312
G1 X37.3 Y13.5 E1994.81027
G1 X37.34 Y13.379 E1994.81361
G1 X37.465 Y13.302 E1994.81745
G1 X66.5 Y13.3 E1995.57795
G1 X66.642 Y13.358 E1995.58197
G1 X66.7 Y13.5 E1995.58598
G1 X66.698 Y86.535 E1997.49894
G0 F7200 X66.642 Y86.642
G0 X66.573 Y86.678
;MESH:NONMESH
G0 F600 Z17.4
G0 F7200 X66.573 Y87.41
G0 X67.338 Y12.662
G0 X34.848 Y12.41
G0 X34.848 Y12.22
;TIME_ELAPSED:3353.424897
;LAYER:114
;TYPE:FILL
;MESH:Wandhalterung TP-Link Media Converter.stl
G1 F3000 X36.78 Y14.153 E1997.57053
G1 X36.85 Y14.223
G0 F7200 X36.59 Y14.223
G0 X36.662 Y12.662
G0 X36.867 Y12.22
G1 F3000 X34.476 Y14.612 E1997.65911
G1 X34.406 Y14.682
G0 F7200 X34.514 Y14.423
G0 X36.662 Y12.662
G0 X40.504 Y12.41
G0 X40.504 Y12.22
G1 F3000 X41.064 Y12.78 E1997.67985
G0 F7200 X41.964 Y12.78
G1 F3000 X42.524 Y12.22 E1997.7006
G0 F7200 X42.524 Y12.41
G0 X46.161 Y12.41
G0 X46.161 Y12.22
G1 F3000 X46.721 Y12.78 E1997.72134
G0 F7200 X47.621 Y12.78
G1 F3000 X48.181 Y12.22 E1997.74208
G0 F7200 X48.181 Y12.41
G0 X51.818 Y12.41
G0 X51.818 Y12.22
G1 F3000 X52.378 Y12.78 E1997.76283
G0 F7200 X53.278 Y12.78
G1 F3000 X53.838 Y12.22 E1997.78357
G0 F7200 X53.838 Y12.41
G0 X57.475 Y12.41
G0 X57.475 Y12.22
G1 F3000 X58.034 Y12.78 E1997.80429
G0 F7200 X58.935 Y12.78
G1 F3000 X59.495 Y12.22 E1997.82504
G0 F7200 X59.495 Y12.41
G0 X63.132 Y12.41
G0 X63.132 Y12.22
G1 F3000 X63.691 Y12.78 E1997.84576
G0 F7200 X64.591 Y12.78
G1 F3000 X65.151 Y12.22 E1997.86651
G0 F7200 X65.151 Y12.41
G0 X67.338 Y12.662
G0 X67.59 Y15.248
G0 X67.78 Y15.248
G1 F3000 X67.22 Y15.808 E1997.88725
G0 F7200 X67.22 Y16.308
G1 F3000 X67.78 Y16.869 E1997.90801
G0 F7200 X67.59 Y16.869
G0 X67.59 Y20.905
G0 X67.78 Y20.905
G1 F3000 X67.22 Y21.465 E1997.92875
G0 F7200 X67.22 Y21.965
G1 F3000 X67.78 Y22.526 E1997.94952
G0 F7200 X67.59 Y22.526
G0 X67.59 Y26.562
G0 X67.78 Y26.562
G1 F3000 X67.22 Y27.122 E1997.97026
G0 F7200 X67.22 Y27.622
G1 F3000 X67.78 Y28.182 E1997.991
G0 F7200 X67.59 Y28.182
G0 X67.59 Y32.219
G0 X67.78 Y32.219
G1 F3000 X67.22 Y32.779 E1998.01175
G0 F7200 X67.22 Y33.279
G1 F3000 X67.78 Y33.839 E1998.03249
G0 F7200 X67.59 Y33.839
G0 X67.59 Y37.875
G0 X67.78 Y37.875
G1 F3000 X67.22 Y38.435 E1998.05323
G0 F7200 X67.22 Y38.935
G1 F3000 X67.78 Y39.496 E1998.07399
G0 F7200 X67.59 Y39.496
G0 X67.59 Y43.532
G0 X67.78 Y43.532
G1 F3000 X67.22 Y44.092 E1998.09474
G0 F7200 X67.22 Y44.592
G1 F3000 X67.78 Y45.153 E1998.1155
G0 F7200 X67.59 Y45.153
G0 X67.59 Y49.189
G0 X67.78 Y49.189
G1 F3000 X67.22 Y49.749 E1998.13624
G0 F7200 X67.22 Y50.249
G1 F3000 X67.78 Y50.81 E1998.157
G0 F7200 X67.59 Y50.81
G0 X67.59 Y54.846
G0 X67.78 Y54.846
G1 F3000 X67.22 Y55.406 E1998.17775
G0 F7200 X67.22 Y55.906
G1 F3000 X67.78 Y56.467 E1998.19851
G0 F7200 X67.59 Y56.467
G0 X67.59 Y60.503
G0 X67.78 Y60.503
G1 F3000 X67.22 Y61.063 E1998.21925
G0 F7200 X67.22 Y61.563
G1 F3000 X67.78 Y62.124 E1998.24001
G0 F7200 X67.59 Y62.124
G0 X67.59 Y66.16
G0 X67.78 Y66.16
G1 F3000 X67.22 Y66.72 E1998.26076
G0 F7200 X67.22 Y67.22
G1 F3000 X67.78 Y67.78 E1998.2815
G0 F7200 X67.59 Y67.78
G0 X67.59 Y71.817
G0 X67.78 Y71.817
G1 F3000 X67.22 Y72.377 E1998.30224
G0 F7200 X67.22 Y72.877
G1 F3000 X67.78 Y73.437 E1998.32299
G0 F7200 X67.59 Y73.437
G0 X67.59 Y77.473
G0 X67.78 Y77.473
G1 F3000 X67.22 Y78.033 E1998.34373
G0 F7200 X67.22 Y78.533
G1 F3000 X67.78 Y79.094 E1998.36449
G0 F7200 X67.59 Y79.094
G0 X67.59 Y83.13
G0 X67.78 Y83.13
G1 F3000 X67.22 Y83.69 E1998.38524
G0 F7200 X67.22 Y84.19
G1 F3000 X67.78 Y84.751 E1998.406
G0 F7200 X67.59 Y84.751
G0 X67.338 Y87.338
G0 X65.152 Y87.59
G0 X65.152 Y87.78
G1 F3000 X64.593 Y87.22 E1998.42672
G0 F7200 X63.691 Y87.22
G1 F3000 X63.13 Y87.78 E1998.44748
G0 F7200 X63.13 Y87.59
G0 X59.495 Y87.59
G0 X59.495 Y87.78
G1 F3000 X58.936 Y87.22 E1998.46821
G0 F7200 X58.034 Y87.22
G1 F3000 X57.474 Y87.78 E1998.48895
G0 F7200 X57.474 Y87.59
G0 X53.838 Y87.59
G0 X53.838 Y87.78
G1 F3000 X53.279 Y87.22 E1998.50968
G0 F7200 X52.378 Y87.22
G1 F3000 X51.817 Y87.78 E1998.53044
G0 F7200 X51.817 Y87.59
G0 X48.181 Y87.59
G0 X48.181 Y87.779
G1 F3000 X47.622 Y87.22 E1998.55115
G0 F7200 X46.721 Y87.22
G1 F3000 X46.161 Y87.78 E1998.57189
G0 F7200 X46.161 Y87.59
G0 X42.524 Y87.59
G0 X42.524 Y87.779
G1 F3000 X41.965 Y87.22 E1998.5926
G0 F7200 X41.064 Y87.22
G1 F3000 X40.504 Y87.78 E1998.61334
G0 F7200 X40.504 Y87.59
G0 X36.867 Y87.59
G0 X36.867 Y87.779
G1 F3000 X34.476 Y85.388 E1998.7019
G1 X34.406 Y85.318
G0 F7200 X34.513 Y85.578
G0 X36.59 Y85.847
G0 X36.779 Y85.847
G1 F3000 X34.847 Y87.78 E1998.77349
G1 X34.777 Y87.85
G0 F7200 X34.777 Y87.59
G0 X67.338 Y87.338
G0 X66.924 Y86.924
;TYPE:WALL-INNER
G1 F2400 X66.589 Y87.1 E1998.7834
G1 X37.5 Y87.1 E1999.54531
G1 X37.02 Y86.861 E1999.55935
G1 X36.9 Y86.501 E1999.56929
G1 X36.9 Y85.1 E1999.60599
G1 X35.527 Y85.1 E1999.64195
G1 X34.967 Y85.143 E1999.65666
G1 X34.451 Y85.268 E1999.67057
G1 X33.949 Y85.477 E1999.68481
G1 X33.499 Y85.751 E1999.69861
G1 X33.098 Y86.098 E1999.7125
G1 X32.751 Y86.499 E1999.72639
G1 X32.476 Y86.95 E1999.74022
G1 X32.269 Y87.443 E1999.75423
G1 X32.16 Y87.899 E1999.76651
G1 X67.9 Y87.9 E2000.70262
G1 X67.9 Y12.1 E2002.688
G1 X32.161 Y12.1 E2003.62409
G1 X32.265 Y12.547 E2003.63611
G1 X32.472 Y13.045 E2003.65024
G1 X32.75 Y13.497 E2003.66414
G1 X33.098 Y13.902 E2003.67812
G1 X33.499 Y14.245 E2003.69195
G1 X33.951 Y14.524 E2003.70586
G1 X34.45 Y14.731 E2003.72001
G1 X34.967 Y14.853 E2003.73392
G1 X35.529 Y14.9 E2003.74869
G1 X36.9 Y14.9 E2003.7846
G1 X36.9 Y13.5 E2003.82127
G1 X37.02 Y13.139 E2003.83124
G1 X37.409 Y12.9 E2003.8432
G1 X66.5 Y12.9 E2004.60516
G1 X66.924 Y13.076 E2004.61718
G1 X67.1 Y13.5 E2004.62921
G1 X67.1 Y86.589 E2006.54358
G1 X66.924 Y86.924 E2006.55349
G0 F7200 X66.698 Y86.535
;TYPE:WALL-OUTER
G1 F1200 X66.642 Y86.642 E2006.55665
G1 X66.535 Y86.698 E2006.55982
G1 X37.5 Y86.7 E2007.32031
G1 X37.34 Y86.621 E2007.32499
G1 X37.3 Y86.501 E2007.3283
G1 X37.3 Y84.7 E2007.37547
G1 X35.512 Y84.7 E2007.4223
G1 X34.904 Y84.747 E2007.43828
G1 X34.327 Y84.887 E2007.45383
G1 X33.767 Y85.119 E2007.4697
G1 X33.263 Y85.427 E2007.48517
G1 X32.814 Y85.814 E2007.5007
G1 X32.427 Y86.263 E2007.51623
G1 X32.119 Y86.768 E2007.53172
G1 X31.887 Y87.319 E2007.54738
G1 X31.747 Y87.911 E2007.56331
G1 X31.717 Y88.3 E2007.57353
G1 X68.3 Y88.3 E2008.53173
G1 X68.3 Y11.7 E2010.53806
G1 X31.717 Y11.7 E2011.49626
G1 X31.747 Y12.085 E2011.50637
G1 X31.883 Y12.67 E2011.5221
G1 X32.115 Y13.228 E2011.53793
G1 X32.426 Y13.733 E2011.55346
G1 X32.814 Y14.186 E2011.56909
G1 X33.263 Y14.569 E2011.58454
G1 X33.768 Y14.881 E2011.60009
G1 X34.326 Y15.113 E2011.61592
G1 X34.904 Y15.249 E2011.63147
G1 X35.513 Y15.3 E2011.64748
G1 X37.3 Y15.3 E2011.69429
G1 X37.3 Y13.5 E2011.74143
G1 X37.34 Y13.379 E2011.74477
G1 X37.465 Y13.302 E2011.74862
G1 X66.5 Y13.3 E2012.50911
G1 X66.642 Y13.358 E2012.51313
G1 X66.7 Y13.5 E2012.51715
G1 X66.698 Y86.535 E2014.4301
G0 F7200 X66.642 Y86.642
G0 X66.573 Y86.678
;MESH:NONMESH
G0 F600 Z17.55
G0 F7200 X66.573 Y87.41
G0 X67.338 Y12.662
G0 X34.848 Y12.41
G0 X34.848 Y12.22
;TIME_ELAPSED:3381.001003
;LAYER:115
;TYPE:FILL
;MESH:Wandhalterung TP-Link Media Converter.stl
G1 F3000 X36.78 Y14.153 E2014.50169
G1 X36.85 Y14.223
G0 F7200 X36.59 Y14.223
G0 X36.662 Y12.662
G0 X36.867 Y12.22
G1 F3000 X34.476 Y14.612 E2014.59027
G1 X34.406 Y14.682
G0 F7200 X34.514 Y14.423
G0 X36.662 Y12.662
G0 X40.504 Y12.41
G0 X40.504 Y12.22
G1 F3000 X41.064 Y12.78 E2014.61102
G0 F7200 X41.964 Y12.78
G1 F3000 X42.524 Y12.22 E2014.63176
G0 F7200 X42.524 Y12.41
G0 X46.161 Y12.41
G0 X46.161 Y12.22
G1 F3000 X46.721 Y12.78 E2014.6525
G0 F7200 X47.621 Y12.78
G1 F3000 X48.181 Y12.22 E2014.67325
G0 F7200 X48.181 Y12.41
G0 X51.818 Y12.41
G0 X51.818 Y12.22
G1 F3000 X52.378 Y12.78 E2014.69399
G0 F7200 X53.278 Y12.78
G1 F3000 X53.838 Y12.22 E2014.71473
G0 F7200 X53.838 Y12.41
G0 X57.475 Y12.41
G0 X57.475 Y12.22
G1 F3000 X58.034 Y12.78 E2014.73546
G0 F7200 X58.935 Y12.78
G1 F3000 X59.495 Y12.22 E2014.7562
G0 F7200 X59.495 Y12.41
G0 X63.132 Y12.41
G0 X63.132 Y12.22
G1 F3000 X63.691 Y12.78 E2014.77692
G0 F7200 X64.591 Y12.78
G1 F3000 X65.151 Y12.22 E2014.79767
G0 F7200 X65.151 Y12.41
G0 X67.338 Y12.662
G0 X67.59 Y15.248
G0 X67.78 Y15.248
G1 F3000 X67.22 Y15.808 E2014.81841
G0 F7200 X67.22 Y16.308
G1 F3000 X67.78 Y16.869 E2014.83917
G0 F7200 X67.59 Y16.869
G0 X67.59 Y20.905
G0 X67.78 Y20.905
G1 F3000 X67.22 Y21.465 E2014.85992
G0 F7200 X67.22 Y21.965
G1 F3000 X67.78 Y22.526 E2014.88068
G0 F7200 X67.59 Y22.526
G0 X67.59 Y26.562
G0 X67.78 Y26.562
G1 F3000 X67.22 Y27.122 E2014.90142
G0 F7200 X67.22 Y27.622
G1 F3000 X67.78 Y28.182 E2014.92216
G0 F7200 X67.59 Y28.182
G0 X67.59 Y32.219
G0 X67.78 Y32.219
G1 F3000 X67.22 Y32.779 E2014.94291
G0 F7200 X67.22 Y33.279
G1 F3000 X67.78 Y33.839 E2014.96365
G0 F7200 X67.59 Y33.839
G0 X67.59 Y37.875
G0 X67.78 Y37.875
G1 F3000 X67.22 Y38.435 E2014.98439
G0 F7200 X67.22 Y38.935
G1 F3000 X67.78 Y39.496 E2015.00516
G0 F7200 X67.59 Y39.496
G0 X67.59 Y43.532
G0 X67.78 Y43.532
G1 F3000 X67.22 Y44.092 E2015.0259
G0 F7200 X67.22 Y44.592
G1 F3000 X67.78 Y45.153 E2015.04666
G0 F7200 X67.59 Y45.153
G0 X67.59 Y49.189
G0 X67.78 Y49.189
G1 F3000 X67.22 Y49.749 E2015.0674
G0 F7200 X67.22 Y50.249
G1 F3000 X67.78 Y50.81 E2015.08817
G0 F7200 X67.59 Y50.81
G0 X67.59 Y54.846
G0 X67.78 Y54.846
G1 F3000 X67.22 Y55.406 E2015.10891
G0 F7200 X67.22 Y55.906
G1 F3000 X67.78 Y56.467 E2015.12967
G0 F7200 X67.59 Y56.467
G0 X67.59 Y60.503
G0 X67.78 Y60.503
G1 F3000 X67.22 Y61.063 E2015.15041
G0 F7200 X67.22 Y61.563
G1 F3000 X67.78 Y62.124 E2015.17118
G0 F7200 X67.59 Y62.124
G0 X67.59 Y66.16
G0 X67.78 Y66.16
G1 F3000 X67.22 Y66.72 E2015.19192
G0 F7200 X67.22 Y67.22
G1 F3000 X67.78 Y67.78 E2015.21266
G0 F7200 X67.59 Y67.78
G0 X67.59 Y71.817
G0 X67.78 Y71.817
G1 F3000 X67.22 Y72.377 E2015.23341
G0 F7200 X67.22 Y72.877
G1 F3000 X67.78 Y73.437 E2015.25415
G0 F7200 X67.59 Y73.437
G0 X67.59 Y77.473
G0 X67.78 Y77.473
G1 F3000 X67.22 Y78.033 E2015.27489
G0 F7200 X67.22 Y78.533
G1 F3000 X67.78 Y79.094 E2015.29566
G0 F7200 X67.59 Y79.094
G0 X67.59 Y83.13
G0 X67.78 Y83.13
G1 F3000 X67.22 Y83.69 E2015.3164
G0 F7200 X67.22 Y84.19
G1 F3000 X67.78 Y84.751 E2015.33716
G0 F7200 X67.59 Y84.751
G0 X67.338 Y87.338
G0 X65.152 Y87.59
G0 X65.152 Y87.78
G1 F3000 X64.593 Y87.22 E2015.35788
G0 F7200 X63.691 Y87.22
G1 F3000 X63.13 Y87.78 E2015.37865
G0 F7200 X63.13 Y87.59
G0 X59.495 Y87.59
G0 X59.495 Y87.78
G1 F3000 X58.936 Y87.22 E2015.39937
G0 F7200 X58.034 Y87.22
G1 F3000 X57.474 Y87.78 E2015.42011
G0 F7200 X57.474 Y87.59
G0 X53.838 Y87.59
G0 X53.838 Y87.78
G1 F3000 X53.279 Y87.22 E2015.44084
G0 F7200 X52.378 Y87.22
G1 F3000 X51.817 Y87.78 E2015.4616
G0 F7200 X51.817 Y87.59
G0 X48.181 Y87.59
G0 X48.181 Y87.779
G1 F3000 X47.622 Y87.22 E2015.48231
G0 F7200 X46.721 Y87.22
G1 F3000 X46.161 Y87.78 E2015.50305
G0 F7200 X46.161 Y87.59
G0 X42.524 Y87.59
G0 X42.524 Y87.779
G1 F3000 X41.965 Y87.22 E2015.52376
G0 F7200 X41.064 Y87.22
G1 F3000 X40.504 Y87.78 E2015.5445
G0 F7200 X40.504 Y87.59
G0 X36.867 Y87.59
G0 X36.867 Y87.779
G1 F3000 X34.476 Y85.388 E2015.63307
G1 X34.406 Y85.318
G0 F7200 X34.513 Y85.578
G0 X36.59 Y85.847
G0 X36.779 Y85.847
G1 F3000 X34.847 Y87.78 E2015.70465
G1 X34.777 Y87.85
G0 F7200 X34.777 Y87.59
G0 X67.338 Y87.338
G0 X66.924 Y86.924
;TYPE:WALL-INNER
G1 F2400 X66.589 Y87.1 E2015.71456
G1 X37.5 Y87.1 E2016.47647
G1 X37.02 Y86.861 E2016.49052
G1 X36.9 Y86.501 E2016.50045
G1 X36.9 Y85.1 E2016.53715
G1 X35.527 Y85.1 E2016.57311
G1 X34.967 Y85.143 E2016.58782
G1 X34.451 Y85.268 E2016.60173
G1 X33.949 Y85.477 E2016.61597
G1 X33.499 Y85.751 E2016.62977
G1 X33.098 Y86.098 E2016.64366
G1 X32.751 Y86.499 E2016.65755
G1 X32.476 Y86.95 E2016.67139
G1 X32.269 Y87.443 E2016.68539
G1 X32.16 Y87.899 E2016.69767
G1 X67.9 Y87.9 E2017.63379
G1 X67.9 Y12.1 E2019.61917
G1 X32.161 Y12.1 E2020.55526
G1 X32.265 Y12.547 E2020.56728
G1 X32.472 Y13.045 E2020.5814
G1 X32.75 Y13.497 E2020.5953
G1 X33.098 Y13.902 E2020.60929
G1 X33.499 Y14.245 E2020.62311
G1 X33.951 Y14.524 E2020.63702
G1 X34.45 Y14.731 E2020.65117
G1 X34.967 Y14.853 E2020.66508
G1 X35.529 Y14.9 E2020.67986
G1 X36.9 Y14.9 E2020.71577
G1 X36.9 Y13.5 E2020.75243
G1 X37.02 Y13.139 E2020.7624
G1 X37.409 Y12.9 E2020.77436
G1 X66.5 Y12.9 E2021.53632
G1 X66.924 Y13.076 E2021.54834
G1 X67.1 Y13.5 E2021.56037
G1 X67.1 Y86.589 E2023.47474
G1 X66.924 Y86.924 E2023.48465
G0 F7200 X66.698 Y86.535
;TYPE:WALL-OUTER
G1 F1200 X66.642 Y86.642 E2023.48782
G1 X66.535 Y86.698 E2023.49098
G1 X37.5 Y86.7 E2024.25147
G1 X37.34 Y86.621 E2024.25615
G1 X37.3 Y86.501 E2024.25946
G1 X37.3 Y84.7 E2024.30663
G1 X35.512 Y84.7 E2024.35347
G1 X34.904 Y84.747 E2024.36944
G1 X34.327 Y84.887 E2024.38499
G1 X33.767 Y85.119 E2024.40087
G1 X33.263 Y85.427 E2024.41634
G1 X32.814 Y85.814 E2024.43186
G1 X32.427 Y86.263 E2024.44739
G1 X32.119 Y86.768 E2024.46288
G1 X31.887 Y87.319 E2024.47854
G1 X31.747 Y87.911 E2024.49447
G1 X31.717 Y88.3 E2024.50469
G1 X68.3 Y88.3 E2025.46289
G1 X68.3 Y11.7 E2027.46922
G1 X31.717 Y11.7 E2028.42742
G1 X31.747 Y12.085 E2028.43753
G1 X31.883 Y12.67 E2028.45326
G1 X32.115 Y13.228 E2028.46909
G1 X32.426 Y13.733 E2028.48463
G1 X32.814 Y14.186 E2028.50025
G1 X33.263 Y14.569 E2028.51571
G1 X33.768 Y14.881 E2028.53125
G1 X34.326 Y15.113 E2028.54708
G1 X34.904 Y15.249 E2028.56263
G1 X35.513 Y15.3 E2028.57864
G1 X37.3 Y15.3 E2028.62545
G1 X37.3 Y13.5 E2028.67259
G1 X37.34 Y13.379 E2028.67593
G1 X37.465 Y13.302 E2028.67978
G1 X66.5 Y13.3 E2029.44027
G1 X66.642 Y13.358 E2029.44429
G1 X66.7 Y13.5 E2029.44831
G1 X66.698 Y86.535 E2031.36127
G0 F7200 X66.642 Y86.642
G0 X66.573 Y86.678
;MESH:NONMESH
G0 F600 Z17.7
G0 F7200 X66.573 Y87.41
G0 X67.338 Y12.662
G0 X34.848 Y12.41
G0 X34.848 Y12.22
;TIME_ELAPSED:3408.577110
;LAYER:116
;TYPE:FILL
;MESH:Wandhalterung TP-Link Media Converter.stl
G1 F3000 X36.78 Y14.153 E2031.43285
G1 X36.85 Y14.223
G0 F7200 X36.59 Y14.223
G0 X36.662 Y12.662
G0 X36.867 Y12.22
G1 F3000 X34.476 Y14.612 E2031.52143
G1 X34.406 Y14.682
G0 F7200 X34.514 Y14.423
G0 X36.662 Y12.662
G0 X40.504 Y12.41
G0 X40.504 Y12.22
G1 F3000 X41.064 Y12.78 E2031.54218
G0 F7200 X41.964 Y12.78
G1 F3000 X42.524 Y12.22 E2031.56292
G0 F7200 X42.524 Y12.41
G0 X46.161 Y12.41
G0 X46.161 Y12.22
G1 F3000 X46.721 Y12.78 E2031.58366
G0 F7200 X47.621 Y12.78
G1 F3000 X48.181 Y12.22 E2031.60441
G0 F7200 X48.181 Y12.41
G0 X51.818 Y12.41
G0 X51.818 Y12.22
G1 F3000 X52.378 Y12.78 E2031.62515
G0 F7200 X53.278 Y12.78
G1 F3000 X53.838 Y12.22 E2031.64589
G0 F7200 X53.838 Y12.41
G0 X57.475 Y12.41
G0 X57.475 Y12.22
G1 F3000 X58.034 Y12.78 E2031.66662
G0 F7200 X58.935 Y12.78
G1 F3000 X59.495 Y12.22 E2031.68736
G0 F7200 X59.495 Y12.41
G0 X63.132 Y12.41
G0 X63.132 Y12.22
G1 F3000 X63.691 Y12.78 E2031.70809
G0 F7200 X64.591 Y12.78
G1 F3000 X65.151 Y12.22 E2031.72883
G0 F7200 X65.151 Y12.41
G0 X67.338 Y12.662
G0 X67.59 Y15.248
G0 X67.78 Y15.248
G1 F3000 X67.22 Y15.808 E2031.74957
G0 F7200 X67.22 Y16.308
G1 F3000 X67.78 Y16.869 E2031.77033
G0 F7200 X67.59 Y16.869
G0 X67.59 Y20.905
G0 X67.78 Y20.905
G1 F3000 X67.22 Y21.465 E2031.79108
G0 F7200 X67.22 Y21.965
G1 F3000 X67.78 Y22.526 E2031.81184
G0 F7200 X67.59 Y22.526
G0 X67.59 Y26.562
G0 X67.78 Y26.562
G1 F3000 X67.22 Y27.122 E2031.83258
G0 F7200 X67.22 Y27.622
G1 F3000 X67.78 Y28.182 E2031.85333
G0 F7200 X67.59 Y28.182
G0 X67.59 Y32.219
G0 X67.78 Y32.219
G1 F3000 X67.22 Y32.779 E2031.87407
G0 F7200 X67.22 Y33.279
G1 F3000 X67.78 Y33.839 E2031.89481
G0 F7200 X67.59 Y33.839
G0 X67.59 Y37.875
G0 X67.78 Y37.875
G1 F3000 X67.22 Y38.435 E2031.91556
G0 F7200 X67.22 Y38.935
G1 F3000 X67.78 Y39.496 E2031.93632
G0 F7200 X67.59 Y39.496
G0 X67.59 Y43.532
G0 X67.78 Y43.532
G1 F3000 X67.22 Y44.092 E2031.95706
G0 F7200 X67.22 Y44.592
G1 F3000 X67.78 Y45.153 E2031.97782
G0 F7200 X67.59 Y45.153
G0 X67.59 Y49.189
G0 X67.78 Y49.189
G1 F3000 X67.22 Y49.749 E2031.99857
G0 F7200 X67.22 Y50.249
G1 F3000 X67.78 Y50.81 E2032.01933
G0 F7200 X67.59 Y50.81
G0 X67.59 Y54.846
G0 X67.78 Y54.846
G1 F3000 X67.22 Y55.406 E2032.04007
G0 F7200 X67.22 Y55.906
G1 F3000 X67.78 Y56.467 E2032.06083
G0 F7200 X67.59 Y56.467
G0 X67.59 Y60.503
G0 X67.78 Y60.503
G1 F3000 X67.22 Y61.063 E2032.08158
G0 F7200 X67.22 Y61.563
G1 F3000 X67.78 Y62.124 E2032.10234
G0 F7200 X67.59 Y62.124
G0 X67.59 Y66.16
G0 X67.78 Y66.16
G1 F3000 X67.22 Y66.72 E2032.12308
G0 F7200 X67.22 Y67.22
G1 F3000 X67.78 Y67.78 E2032.14383
G0 F7200 X67.59 Y67.78
G0 X67.59 Y71.817
G0 X67.78 Y71.817
G1 F3000 X67.22 Y72.377 E2032.16457
G0 F7200 X67.22 Y72.877
G1 F3000 X67.78 Y73.437 E2032.18531
G0 F7200 X67.59 Y73.437
G0 X67.59 Y77.473
G0 X67.78 Y77.473
G1 F3000 X67.22 Y78.033 E2032.20606
G0 F7200 X67.22 Y78.533
G1 F3000 X67.78 Y79.094 E2032.22682
G0 F7200 X67.59 Y79.094
G0 X67.59 Y83.13
G0 X67.78 Y83.13
G1 F3000 X67.22 Y83.69 E2032.24756
G0 F7200 X67.22 Y84.19
G1 F3000 X67.78 Y84.751 E2032.26832
G0 F7200 X67.59 Y84.751
G0 X67.338 Y87.338
G0 X65.152 Y87.59
G0 X65.152 Y87.78
G1 F3000 X64.593 Y87.22 E2032.28905
G0 F7200 X63.691 Y87.22
G1 F3000 X63.13 Y87.78 E2032.30981
G0 F7200 X63.13 Y87.59
G0 X59.495 Y87.59
G0 X59.495 Y87.78
G1 F3000 X58.936 Y87.22 E2032.33053
G0 F7200 X58.034 Y87.22
G1 F3000 X57.474 Y87.78 E2032.35128
G0 F7200 X57.474 Y87.59
G0 X53.838 Y87.59
G0 X53.838 Y87.78
G1 F3000 X53.279 Y87.22 E2032.372
G0 F7200 X52.378 Y87.22
G1 F3000 X51.817 Y87.78 E2032.39276
G0 F7200 X51.817 Y87.59
G0 X48.181 Y87.59
G0 X48.181 Y87.779
G1 F3000 X47.622 Y87.22 E2032.41347
G0 F7200 X46.721 Y87.22
G1 F3000 X46.161 Y87.78 E2032.43421
G0 F7200 X46.161 Y87.59
G0 X42.524 Y87.59
G0 X42.524 Y87.779
G1 F3000 X41.965 Y87.22 E2032.45492
G0 F7200 X41.064 Y87.22
G1 F3000 X40.504 Y87.78 E2032.47566
G0 F7200 X40.504 Y87.59
G0 X36.867 Y87.59
G0 X36.867 Y87.779
G1 F3000 X34.476 Y85.388 E2032.56423
G1 X34.406 Y85.318
G0 F7200 X34.513 Y85.578
G0 X36.59 Y85.847
G0 X36.779 Y85.847
G1 F3000 X34.847 Y87.78 E2032.63581
G1 X34.777 Y87.85
G0 F7200 X34.777 Y87.59
G0 X67.338 Y87.338
G0 X66.924 Y86.924
;TYPE:WALL-INNER
G1 F2400 X66.589 Y87.1 E2032.64572
G1 X37.5 Y87.1 E2033.40763
G1 X37.02 Y86.861 E2033.42168
G1 X36.9 Y86.501 E2033.43162
G1 X36.9 Y85.1 E2033.46831
G1 X35.527 Y85.1 E2033.50427
G1 X34.967 Y85.143 E2033.51899
G1 X34.451 Y85.268 E2033.53289
G1 X33.949 Y85.477 E2033.54713
G1 X33.499 Y85.751 E2033.56093
G1 X33.098 Y86.098 E2033.57482
G1 X32.751 Y86.499 E2033.58871
G1 X32.476 Y86.95 E2033.60255
G1 X32.269 Y87.443 E2033.61655
G1 X32.16 Y87.899 E2033.62883
G1 X67.9 Y87.9 E2034.56495
G1 X67.9 Y12.1 E2036.55033
G1 X32.161 Y12.1 E2037.48642
G1 X32.265 Y12.547 E2037.49844
G1 X32.472 Y13.045 E2037.51256
G1 X32.75 Y13.497 E2037.52646
G1 X33.098 Y13.902 E2037.54045
G1 X33.499 Y14.245 E2037.55427
G1 X33.951 Y14.524 E2037.56818
G1 X34.45 Y14.731 E2037.58233
G1 X34.967 Y14.853 E2037.59625
G1 X35.529 Y14.9 E2037.61102
G1 X36.9 Y14.9 E2037.64693
G1 X36.9 Y13.5 E2037.6836
G1 X37.02 Y13.139 E2037.69356
G1 X37.409 Y12.9 E2037.70552
G1 X66.5 Y12.9 E2038.46748
G1 X66.924 Y13.076 E2038.47951
G1 X67.1 Y13.5 E2038.49153
G1 X67.1 Y86.589 E2040.4059
G1 X66.924 Y86.924 E2040.41581
G0 F7200 X66.698 Y86.535
;TYPE:WALL-OUTER
G1 F1200 X66.642 Y86.642 E2040.41898
G1 X66.535 Y86.698 E2040.42214
G1 X37.5 Y86.7 E2041.18264
G1 X37.34 Y86.621 E2041.18731
G1 X37.3 Y86.501 E2041.19062
G1 X37.3 Y84.7 E2041.2378
G1 X35.512 Y84.7 E2041.28463
G1 X34.904 Y84.747 E2041.3006
G1 X34.327 Y84.887 E2041.31615
G1 X33.767 Y85.119 E2041.33203
G1 X33.263 Y85.427 E2041.3475
G1 X32.814 Y85.814 E2041.36302
G1 X32.427 Y86.263 E2041.37855
G1 X32.119 Y86.768 E2041.39404
G1 X31.887 Y87.319 E2041.4097
G1 X31.747 Y87.911 E2041.42564
G1 X31.717 Y88.3 E2041.43586
G1 X68.3 Y88.3 E2042.39405
G1 X68.3 Y11.7 E2044.40038
G1 X31.717 Y11.7 E2045.35858
G1 X31.747 Y12.085 E2045.36869
G1 X31.883 Y12.67 E2045.38443
G1 X32.115 Y13.228 E2045.40025
G1 X32.426 Y13.733 E2045.41579
G1 X32.814 Y14.186 E2045.43141
G1 X33.263 Y14.569 E2045.44687
G1 X33.768 Y14.881 E2045.46242
G1 X34.326 Y15.113 E2045.47824
G1 X34.904 Y15.249 E2045.4938
G1 X35.513 Y15.3 E2045.5098
G1 X37.3 Y15.3 E2045.55661
G1 X37.3 Y13.5 E2045.60376
G1 X37.34 Y13.379 E2045.60709
G1 X37.465 Y13.302 E2045.61094
G1 X66.5 Y13.3 E2046.37143
G1 X66.642 Y13.358 E2046.37545
G1 X66.7 Y13.5 E2046.37947
G1 X66.698 Y86.535 E2048.29243
G0 F7200 X66.642 Y86.642
G0 X66.573 Y86.678
;MESH:NONMESH
G0 F600 Z17.85
G0 F7200 X66.573 Y87.41
G0 X67.338 Y12.662
G0 X34.848 Y12.41
G0 X34.848 Y12.22
;TIME_ELAPSED:3436.153217
;LAYER:117
;TYPE:FILL
;MESH:Wandhalterung TP-Link Media Converter.stl
G1 F3000 X36.78 Y14.153 E2048.36401
G1 X36.85 Y14.223
G0 F7200 X36.59 Y14.223
G0 X36.662 Y12.662
G0 X36.867 Y12.22
G1 F3000 X34.476 Y14.612 E2048.4526
G1 X34.406 Y14.682
G0 F7200 X34.514 Y14.423
G0 X36.662 Y12.662
G0 X40.504 Y12.41
G0 X40.504 Y12.22
G1 F3000 X41.064 Y12.78 E2048.47334
G0 F7200 X41.964 Y12.78
G1 F3000 X42.524 Y12.22 E2048.49408
G0 F7200 X42.524 Y12.41
G0 X46.161 Y12.41
G0 X46.161 Y12.22
G1 F3000 X46.721 Y12.78 E2048.51483
G0 F7200 X47.621 Y12.78
G1 F3000 X48.181 Y12.22 E2048.53557
G0 F7200 X48.181 Y12.41
G0 X51.818 Y12.41
G0 X51.818 Y12.22
G1 F3000 X52.378 Y12.78 E2048.55631
G0 F7200 X53.278 Y12.78
G1 F3000 X53.838 Y12.22 E2048.57706
G0 F7200 X53.838 Y12.41
G0 X57.475 Y12.41
G0 X57.475 Y12.22
G1 F3000 X58.034 Y12.78 E2048.59778
G0 F7200 X58.935 Y12.78
G1 F3000 X59.495 Y12.22 E2048.61852
G0 F7200 X59.495 Y12.41
G0 X63.132 Y12.41
G0 X63.132 Y12.22
G1 F3000 X63.691 Y12.78 E2048.63925
G0 F7200 X64.591 Y12.78
G1 F3000 X65.151 Y12.22 E2048.65999
G0 F7200 X65.151 Y12.41
G0 X67.338 Y12.662
G0 X67.59 Y15.248
G0 X67.78 Y15.248
G1 F3000 X67.22 Y15.808 E2048.68074
G0 F7200 X67.22 Y16.308
G1 F3000 X67.78 Y16.869 E2048.7015
G0 F7200 X67.59 Y16.869
G0 X67.59 Y20.905
G0 X67.78 Y20.905
G1 F3000 X67.22 Y21.465 E2048.72224
G0 F7200 X67.22 Y21.965
G1 F3000 X67.78 Y22.526 E2048.743
G0 F7200 X67.59 Y22.526
G0 X67.59 Y26.562
G0 X67.78 Y26.562
G1 F3000 X67.22 Y27.122 E2048.76375
G0 F7200 X67.22 Y27.622
G1 F3000 X67.78 Y28.182 E2048.78449
G0 F7200 X67.59 Y28.182
G0 X67.59 Y32.219
G0 X67.78 Y32.219
G1 F3000 X67.22 Y32.779 E2048.80523
G0 F7200 X67.22 Y33.279
G1 F3000 X67.78 Y33.839 E2048.82598
G0 F7200 X67.59 Y33.839
G0 X67.59 Y37.875
G0 X67.78 Y37.875
G1 F3000 X67.22 Y38.435 E2048.84672
G0 F7200 X67.22 Y38.935
G1 F3000 X67.78 Y39.496 E2048.86748
G0 F7200 X67.59 Y39.496
G0 X67.59 Y43.532
G0 X67.78 Y43.532
G1 F3000 X67.22 Y44.092 E2048.88822
G0 F7200 X67.22 Y44.592
G1 F3000 X67.78 Y45.153 E2048.90899
G0 F7200 X67.59 Y45.153
G0 X67.59 Y49.189
G0 X67.78 Y49.189
G1 F3000 X67.22 Y49.749 E2048.92973
G0 F7200 X67.22 Y50.249
G1 F3000 X67.78 Y50.81 E2048.95049
G0 F7200 X67.59 Y50.81
G0 X67.59 Y54.846
G0 X67.78 Y54.846
G1 F3000 X67.22 Y55.406 E2048.97123
G0 F7200 X67.22 Y55.906
G1 F3000 X67.78 Y56.467 E2048.992
G0 F7200 X67.59 Y56.467
G0 X67.59 Y60.503
G0 X67.78 Y60.503
G1 F3000 X67.22 Y61.063 E2049.01274
G0 F7200 X67.22 Y61.563
G1 F3000 X67.78 Y62.124 E2049.0335
G0 F7200 X67.59 Y62.124
G0 X67.59 Y66.16
G0 X67.78 Y66.16
G1 F3000 X67.22 Y66.72 E2049.05424
G0 F7200 X67.22 Y67.22
G1 F3000 X67.78 Y67.78 E2049.07499
G0 F7200 X67.59 Y67.78
G0 X67.59 Y71.817
G0 X67.78 Y71.817
G1 F3000 X67.22 Y72.377 E2049.09573
G0 F7200 X67.22 Y72.877
G1 F3000 X67.78 Y73.437 E2049.11647
G0 F7200 X67.59 Y73.437
G0 X67.59 Y77.473
G0 X67.78 Y77.473
G1 F3000 X67.22 Y78.033 E2049.13722
G0 F7200 X67.22 Y78.533
G1 F3000 X67.78 Y79.094 E2049.15798
G0 F7200 X67.59 Y79.094
G0 X67.59 Y83.13
G0 X67.78 Y83.13
G1 F3000 X67.22 Y83.69 E2049.17872
G0 F7200 X67.22 Y84.19
G1 F3000 X67.78 Y84.751 E2049.19948
G0 F7200 X67.59 Y84.751
G0 X67.338 Y87.338
G0 X65.152 Y87.59
G0 X65.152 Y87.78
G1 F3000 X64.593 Y87.22 E2049.22021
G0 F7200 X63.691 Y87.22
G1 F3000 X63.13 Y87.78 E2049.24097
G0 F7200 X63.13 Y87.59
G0 X59.495 Y87.59
G0 X59.495 Y87.78
G1 F3000 X58.936 Y87.22 E2049.2617
G0 F7200 X58.034 Y87.22
G1 F3000 X57.474 Y87.78 E2049.28244
G0 F7200 X57.474 Y87.59
G0 X53.838 Y87.59
G0 X53.838 Y87.78
G1 F3000 X53.279 Y87.22 E2049.30316
G0 F7200 X52.378 Y87.22
G1 F3000 X51.817 Y87.78 E2049.32393
G0 F7200 X51.817 Y87.59
G0 X48.181 Y87.59
G0 X48.181 Y87.779
G1 F3000 X47.622 Y87.22 E2049.34463
G0 F7200 X46.721 Y87.22
G1 F3000 X46.161 Y87.78 E2049.36537
G0 F7200 X46.161 Y87.59
G0 X42.524 Y87.59
G0 X42.524 Y87.779
G1 F3000 X41.965 Y87.22 E2049.38608
G0 F7200 X41.064 Y87.22
G1 F3000 X40.504 Y87.78 E2049.40682
G0 F7200 X40.504 Y87.59
G0 X36.867 Y87.59
G0 X36.867 Y87.779
G1 F3000 X34.476 Y85.388 E2049.49539
G1 X34.406 Y85.318
G0 F7200 X34.513 Y85.578
G0 X36.59 Y85.847
G0 X36.779 Y85.847
G1 F3000 X34.847 Y87.78 E2049.56697
G1 X34.777 Y87.85
G0 F7200 X34.777 Y87.59
G0 X67.338 Y87.338
G0 X66.924 Y86.924
;TYPE:WALL-INNER
G1 F2400 X66.589 Y87.1 E2049.57689
G1 X37.5 Y87.1 E2050.33879
G1 X37.02 Y86.861 E2050.35284
G1 X36.9 Y86.501 E2050.36278
G1 X36.9 Y85.1 E2050.39947
G1 X35.527 Y85.1 E2050.43544
G1 X34.967 Y85.143 E2050.45015
G1 X34.451 Y85.268 E2050.46405
G1 X33.949 Y85.477 E2050.4783
G1 X33.499 Y85.751 E2050.4921
G1 X33.098 Y86.098 E2050.50599
G1 X32.751 Y86.499 E2050.51987
G1 X32.476 Y86.95 E2050.53371
G1 X32.269 Y87.443 E2050.54772
G1 X32.16 Y87.899 E2050.56
G1 X67.9 Y87.9 E2051.49611
G1 X67.9 Y12.1 E2053.48149
G1 X32.161 Y12.1 E2054.41758
G1 X32.265 Y12.547 E2054.4296
G1 X32.472 Y13.045 E2054.44373
G1 X32.75 Y13.497 E2054.45762
G1 X33.098 Y13.902 E2054.47161
G1 X33.499 Y14.245 E2054.48543
G1 X33.951 Y14.524 E2054.49934
G1 X34.45 Y14.731 E2054.51349
G1 X34.967 Y14.853 E2054.52741
G1 X35.529 Y14.9 E2054.54218
G1 X36.9 Y14.9 E2054.57809
G1 X36.9 Y13.5 E2054.61476
G1 X37.02 Y13.139 E2054.62472
G1 X37.409 Y12.9 E2054.63668
G1 X66.5 Y12.9 E2055.39864
G1 X66.924 Y13.076 E2055.41067
G1 X67.1 Y13.5 E2055.42269
G1 X67.1 Y86.589 E2057.33706
G1 X66.924 Y86.924 E2057.34698
G0 F7200 X66.698 Y86.535
;TYPE:WALL-OUTER
G1 F1200 X66.642 Y86.642 E2057.35014
G1 X66.535 Y86.698 E2057.3533
G1 X37.5 Y86.7 E2058.1138
G1 X37.34 Y86.621 E2058.11847
G1 X37.3 Y86.501 E2058.12178
G1 X37.3 Y84.7 E2058.16896
G1 X35.512 Y84.7 E2058.21579
G1 X34.904 Y84.747 E2058.23176
G1 X34.327 Y84.887 E2058.24731
G1 X33.767 Y85.119 E2058.26319
G1 X33.263 Y85.427 E2058.27866
G1 X32.814 Y85.814 E2058.29419
G1 X32.427 Y86.263 E2058.30971
G1 X32.119 Y86.768 E2058.32521
G1 X31.887 Y87.319 E2058.34086
G1 X31.747 Y87.911 E2058.3568
G1 X31.717 Y88.3 E2058.36702
G1 X68.3 Y88.3 E2059.32521
G1 X68.3 Y11.7 E2061.33155
G1 X31.717 Y11.7 E2062.28974
G1 X31.747 Y12.085 E2062.29986
G1 X31.883 Y12.67 E2062.31559
G1 X32.115 Y13.228 E2062.33142
G1 X32.426 Y13.733 E2062.34695
G1 X32.814 Y14.186 E2062.36257
G1 X33.263 Y14.569 E2062.37803
G1 X33.768 Y14.881 E2062.39358
G1 X34.326 Y15.113 E2062.40941
G1 X34.904 Y15.249 E2062.42496
G1 X35.513 Y15.3 E2062.44097
G1 X37.3 Y15.3 E2062.48777
G1 X37.3 Y13.5 E2062.53492
G1 X37.34 Y13.379 E2062.53826
G1 X37.465 Y13.302 E2062.5421
G1 X66.5 Y13.3 E2063.3026
G1 X66.642 Y13.358 E2063.30661
G1 X66.7 Y13.5 E2063.31063
G1 X66.698 Y86.535 E2065.22359
G0 F7200 X66.642 Y86.642
G0 X66.573 Y86.678
;MESH:NONMESH
G0 F600 Z18
G0 F7200 X66.573 Y87.41
G0 X67.338 Y12.662
G0 X34.848 Y12.41
G0 X34.848 Y12.22
;TIME_ELAPSED:3463.729324
;LAYER:118
;TYPE:FILL
;MESH:Wandhalterung TP-Link Media Converter.stl
G1 F3000 X36.78 Y14.153 E2065.29517
G1 X36.85 Y14.223
G0 F7200 X36.59 Y14.223
G0 X36.662 Y12.662
G0 X36.867 Y12.22
G1 F3000 X34.476 Y14.612 E2065.38376
G1 X34.406 Y14.682
G0 F7200 X34.514 Y14.423
G0 X36.662 Y12.662
G0 X40.504 Y12.41
G0 X40.504 Y12.22
G1 F3000 X41.064 Y12.78 E2065.4045
G0 F7200 X41.964 Y12.78
G1 F3000 X42.524 Y12.22 E2065.42524
G0 F7200 X42.524 Y12.41
G0 X46.161 Y12.41
G0 X46.161 Y12.22
G1 F3000 X46.721 Y12.78 E2065.44599
G0 F7200 X47.621 Y12.78
G1 F3000 X48.181 Y12.22 E2065.46673
G0 F7200 X48.181 Y12.41
G0 X51.818 Y12.41
G0 X51.818 Y12.22
G1 F3000 X52.378 Y12.78 E2065.48747
G0 F7200 X53.278 Y12.78
G1 F3000 X53.838 Y12.22 E2065.50822
G0 F7200 X53.838 Y12.41
G0 X57.475 Y12.41
G0 X57.475 Y12.22
G1 F3000 X58.034 Y12.78 E2065.52894
G0 F7200 X58.935 Y12.78
G1 F3000 X59.495 Y12.22 E2065.54969
G0 F7200 X59.495 Y12.41
G0 X63.132 Y12.41
G0 X63.132 Y12.22
G1 F3000 X63.691 Y12.78 E2065.57041
G0 F7200 X64.591 Y12.78
G1 F3000 X65.151 Y12.22 E2065.59115
G0 F7200 X65.151 Y12.41
G0 X67.338 Y12.662
G0 X67.59 Y15.248
G0 X67.78 Y15.248
G1 F3000 X67.22 Y15.808 E2065.6119
G0 F7200 X67.22 Y16.308
G1 F3000 X67.78 Y16.869 E2065.63266
G0 F7200 X67.59 Y16.869
G0 X67.59 Y20.905
G0 X67.78 Y20.905
G1 F3000 X67.22 Y21.465 E2065.6534
G0 F7200 X67.22 Y21.965
G1 F3000 X67.78 Y22.526 E2065.67416
G0 F7200 X67.59 Y22.526
G0 X67.59 Y26.562
G0 X67.78 Y26.562
G1 F3000 X67.22 Y27.122 E2065.69491
G0 F7200 X67.22 Y27.622
G1 F3000 X67.78 Y28.182 E2065.71565
G0 F7200 X67.59 Y28.182
G0 X67.59 Y32.219
G0 X67.78 Y32.219
G1 F3000 X67.22 Y32.779 E2065.73639
G0 F7200 X67.22 Y33.279
G1 F3000 X67.78 Y33.839 E2065.75714
G0 F7200 X67.59 Y33.839
G0 X67.59 Y37.875
G0 X67.78 Y37.875
G1 F3000 X67.22 Y38.435 E2065.77788
G0 F7200 X67.22 Y38.935
G1 F3000 X67.78 Y39.496 E2065.79864
G0 F7200 X67.59 Y39.496
G0 X67.59 Y43.532
G0 X67.78 Y43.532
G1 F3000 X67.22 Y44.092 E2065.81939
G0 F7200 X67.22 Y44.592
G1 F3000 X67.78 Y45.153 E2065.84015
G0 F7200 X67.59 Y45.153
G0 X67.59 Y49.189
G0 X67.78 Y49.189
G1 F3000 X67.22 Y49.749 E2065.86089
G0 F7200 X67.22 Y50.249
G1 F3000 X67.78 Y50.81 E2065.88165
G0 F7200 X67.59 Y50.81
G0 X67.59 Y54.846
G0 X67.78 Y54.846
G1 F3000 X67.22 Y55.406 E2065.9024
G0 F7200 X67.22 Y55.906
G1 F3000 X67.78 Y56.467 E2065.92316
G0 F7200 X67.59 Y56.467
G0 X67.59 Y60.503
G0 X67.78 Y60.503
G1 F3000 X67.22 Y61.063 E2065.9439
G0 F7200 X67.22 Y61.563
G1 F3000 X67.78 Y62.124 E2065.96466
G0 F7200 X67.59 Y62.124
G0 X67.59 Y66.16
G0 X67.78 Y66.16
G1 F3000 X67.22 Y66.72 E2065.98541
G0 F7200 X67.22 Y67.22
G1 F3000 X67.78 Y67.78 E2066.00615
G0 F7200 X67.59 Y67.78
G0 X67.59 Y71.817
G0 X67.78 Y71.817
G1 F3000 X67.22 Y72.377 E2066.02689
G0 F7200 X67.22 Y72.877
G1 F3000 X67.78 Y73.437 E2066.04764
G0 F7200 X67.59 Y73.437
G0 X67.59 Y77.473
G0 X67.78 Y77.473
G1 F3000 X67.22 Y78.033 E2066.06838
G0 F7200 X67.22 Y78.533
G1 F3000 X67.78 Y79.094 E2066.08914
G0 F7200 X67.59 Y79.094
G0 X67.59 Y83.13
G0 X67.78 Y83.13
G1 F3000 X67.22 Y83.69 E2066.10988
G0 F7200 X67.22 Y84.19
G1 F3000 X67.78 Y84.751 E2066.13065
G0 F7200 X67.59 Y84.751
G0 X67.338 Y87.338
G0 X65.152 Y87.59
G0 X65.152 Y87.78
G1 F3000 X64.593 Y87.22 E2066.15137
G0 F7200 X63.691 Y87.22
G1 F3000 X63.13 Y87.78 E2066.17213
G0 F7200 X63.13 Y87.59
G0 X59.495 Y87.59
G0 X59.495 Y87.78
G1 F3000 X58.936 Y87.22 E2066.19286
G0 F7200 X58.034 Y87.22
G1 F3000 X57.474 Y87.78 E2066.2136
G0 F7200 X57.474 Y87.59
G0 X53.838 Y87.59
G0 X53.838 Y87.78
G1 F3000 X53.279 Y87.22 E2066.23433
G0 F7200 X52.378 Y87.22
G1 F3000 X51.817 Y87.78 E2066.25509
G0 F7200 X51.817 Y87.59
G0 X48.181 Y87.59
G0 X48.181 Y87.779
G1 F3000 X47.622 Y87.22 E2066.27579
G0 F7200 X46.721 Y87.22
G1 F3000 X46.161 Y87.78 E2066.29654
G0 F7200 X46.161 Y87.59
G0 X42.524 Y87.59
G0 X42.524 Y87.779
G1 F3000 X41.965 Y87.22 E2066.31724
G0 F7200 X41.064 Y87.22
G1 F3000 X40.504 Y87.78 E2066.33799
G0 F7200 X40.504 Y87.59
G0 X36.867 Y87.59
G0 X36.867 Y87.779
G1 F3000 X34.476 Y85.388 E2066.42655
G1 X34.406 Y85.318
G0 F7200 X34.513 Y85.578
G0 X36.59 Y85.847
G0 X36.779 Y85.847
G1 F3000 X34.847 Y87.78 E2066.49814
G1 X34.777 Y87.85
G0 F7200 X34.777 Y87.59
G0 X67.338 Y87.338
G0 X66.924 Y86.924
;TYPE:WALL-INNER
G1 F2400 X66.589 Y87.1 E2066.50805
G1 X37.5 Y87.1 E2067.26996
G1 X37.02 Y86.861 E2067.284
G1 X36.9 Y86.501 E2067.29394
G1 X36.9 Y85.1 E2067.33064
G1 X35.527 Y85.1 E2067.3666
G1 X34.967 Y85.143 E2067.38131
G1 X34.451 Y85.268 E2067.39522
G1 X33.949 Y85.477 E2067.40946
G1 X33.499 Y85.751 E2067.42326
G1 X33.098 Y86.098 E2067.43715
G1 X32.751 Y86.499 E2067.45104
G1 X32.476 Y86.95 E2067.46487
G1 X32.269 Y87.443 E2067.47888
G1 X32.16 Y87.899 E2067.49116
G1 X67.9 Y87.9 E2068.42727
G1 X67.9 Y12.1 E2070.41265
G1 X32.161 Y12.1 E2071.34874
G1 X32.265 Y12.547 E2071.36076
G1 X32.472 Y13.045 E2071.37489
G1 X32.75 Y13.497 E2071.38879
G1 X33.098 Y13.902 E2071.40277
G1 X33.499 Y14.245 E2071.41659
G1 X33.951 Y14.524 E2071.43051
G1 X34.45 Y14.731 E2071.44466
G1 X34.967 Y14.853 E2071.45857
G1 X35.529 Y14.9 E2071.47334
G1 X36.9 Y14.9 E2071.50925
G1 X36.9 Y13.5 E2071.54592
G1 X37.02 Y13.139 E2071.55588
G1 X37.409 Y12.9 E2071.56784
G1 X66.5 Y12.9 E2072.3298
G1 X66.924 Y13.076 E2072.34183
G1 X67.1 Y13.5 E2072.35385
G1 X67.1 Y86.589 E2074.26823
G1 X66.924 Y86.924 E2074.27814
G0 F7200 X66.698 Y86.535
;TYPE:WALL-OUTER
G1 F1200 X66.642 Y86.642 E2074.2813
G1 X66.535 Y86.698 E2074.28446
G1 X37.5 Y86.7 E2075.04496
G1 X37.34 Y86.621 E2075.04963
G1 X37.3 Y86.501 E2075.05295
G1 X37.3 Y84.7 E2075.10012
G1 X35.512 Y84.7 E2075.14695
G1 X34.904 Y84.747 E2075.16292
G1 X34.327 Y84.887 E2075.17848
G1 X33.767 Y85.119 E2075.19435
G1 X33.263 Y85.427 E2075.20982
G1 X32.814 Y85.814 E2075.22535
G1 X32.427 Y86.263 E2075.24087
G1 X32.119 Y86.768 E2075.25637
G1 X31.887 Y87.319 E2075.27203
G1 X31.747 Y87.911 E2075.28796
G1 X31.717 Y88.3 E2075.29818
G1 X68.3 Y88.3 E2076.25637
G1 X68.3 Y11.7 E2078.26271
G1 X31.717 Y11.7 E2079.2209
G1 X31.747 Y12.085 E2079.23102
G1 X31.883 Y12.67 E2079.24675
G1 X32.115 Y13.228 E2079.26258
G1 X32.426 Y13.733 E2079.27811
G1 X32.814 Y14.186 E2079.29373
G1 X33.263 Y14.569 E2079.30919
G1 X33.768 Y14.881 E2079.32474
G1 X34.326 Y15.113 E2079.34057
G1 X34.904 Y15.249 E2079.35612
G1 X35.513 Y15.3 E2079.37213
G1 X37.3 Y15.3 E2079.41893
G1 X37.3 Y13.5 E2079.46608
G1 X37.34 Y13.379 E2079.46942
G1 X37.465 Y13.302 E2079.47326
G1 X66.5 Y13.3 E2080.23376
G1 X66.642 Y13.358 E2080.23778
G1 X66.7 Y13.5 E2080.24179
G1 X66.698 Y86.535 E2082.15475
G0 F7200 X66.642 Y86.642
G0 X66.573 Y86.678
;MESH:NONMESH
G0 F600 Z18.15
G0 F7200 X66.573 Y87.41
G0 X67.338 Y12.662
G0 X34.848 Y12.41
G0 X34.848 Y12.22
;TIME_ELAPSED:3491.305430
;LAYER:119
;TYPE:FILL
;MESH:Wandhalterung TP-Link Media Converter.stl
G1 F3000 X36.78 Y14.153 E2082.22634
G1 X36.85 Y14.223
G0 F7200 X36.59 Y14.223
G0 X36.662 Y12.662
G0 X36.867 Y12.22
G1 F3000 X34.476 Y14.612 E2082.31492
G1 X34.406 Y14.682
G0 F7200 X34.514 Y14.423
G0 X36.662 Y12.662
G0 X40.504 Y12.41
G0 X40.504 Y12.22
G1 F3000 X41.064 Y12.78 E2082.33566
G0 F7200 X41.964 Y12.78
G1 F3000 X42.524 Y12.22 E2082.35641
G0 F7200 X42.524 Y12.41
G0 X46.161 Y12.41
G0 X46.161 Y12.22
G1 F3000 X46.721 Y12.78 E2082.37715
G0 F7200 X47.621 Y12.78
G1 F3000 X48.181 Y12.22 E2082.39789
G0 F7200 X48.181 Y12.41
G0 X51.818 Y12.41
G0 X51.818 Y12.22
G1 F3000 X52.378 Y12.78 E2082.41864
G0 F7200 X53.278 Y12.78
G1 F3000 X53.838 Y12.22 E2082.43938
G0 F7200 X53.838 Y12.41
G0 X57.475 Y12.41
G0 X57.475 Y12.22
G1 F3000 X58.034 Y12.78 E2082.4601
G0 F7200 X58.935 Y12.78
G1 F3000 X59.495 Y12.22 E2082.48085
G0 F7200 X59.495 Y12.41
G0 X63.132 Y12.41
G0 X63.132 Y12.22
G1 F3000 X63.691 Y12.78 E2082.50157
G0 F7200 X64.591 Y12.78
G1 F3000 X65.151 Y12.22 E2082.52232
G0 F7200 X65.151 Y12.41
G0 X67.338 Y12.662
G0 X67.59 Y15.248
G0 X67.78 Y15.248
G1 F3000 X67.22 Y15.808 E2082.54306
G0 F7200 X67.22 Y16.308
G1 F3000 X67.78 Y16.869 E2082.56382
G0 F7200 X67.59 Y16.869
G0 X67.59 Y20.905
G0 X67.78 Y20.905
G1 F3000 X67.22 Y21.465 E2082.58456
G0 F7200 X67.22 Y21.965
G1 F3000 X67.78 Y22.526 E2082.60533
G0 F7200 X67.59 Y22.526
G0 X67.59 Y26.562
G0 X67.78 Y26.562
G1 F3000 X67.22 Y27.122 E2082.62607
G0 F7200 X67.22 Y27.622
G1 F3000 X67.78 Y28.182 E2082.64681
G0 F7200 X67.59 Y28.182
G0 X67.59 Y32.219
G0 X67.78 Y32.219
G1 F3000 X67.22 Y32.779 E2082.66756
G0 F7200 X67.22 Y33.279
G1 F3000 X67.78 Y33.839 E2082.6883
G0 F7200 X67.59 Y33.839
G0 X67.59 Y37.875
G0 X67.78 Y37.875
G1 F3000 X67.22 Y38.435 E2082.70904
G0 F7200 X67.22 Y38.935
G1 F3000 X67.78 Y39.496 E2082.7298
G0 F7200 X67.59 Y39.496
G0 X67.59 Y43.532
G0 X67.78 Y43.532
G1 F3000 X67.22 Y44.092 E2082.75055
G0 F7200 X67.22 Y44.592
G1 F3000 X67.78 Y45.153 E2082.77131
G0 F7200 X67.59 Y45.153
G0 X67.59 Y49.189
G0 X67.78 Y49.189
G1 F3000 X67.22 Y49.749 E2082.79205
G0 F7200 X67.22 Y50.249
G1 F3000 X67.78 Y50.81 E2082.81281
G0 F7200 X67.59 Y50.81
G0 X67.59 Y54.846
G0 X67.78 Y54.846
G1 F3000 X67.22 Y55.406 E2082.83356
G0 F7200 X67.22 Y55.906
G1 F3000 X67.78 Y56.467 E2082.85432
G0 F7200 X67.59 Y56.467
G0 X67.59 Y60.503
G0 X67.78 Y60.503
G1 F3000 X67.22 Y61.063 E2082.87506
G0 F7200 X67.22 Y61.563
G1 F3000 X67.78 Y62.124 E2082.89582
G0 F7200 X67.59 Y62.124
G0 X67.59 Y66.16
G0 X67.78 Y66.16
G1 F3000 X67.22 Y66.72 E2082.91657
G0 F7200 X67.22 Y67.22
G1 F3000 X67.78 Y67.78 E2082.93731
G0 F7200 X67.59 Y67.78
G0 X67.59 Y71.817
G0 X67.78 Y71.817
G1 F3000 X67.22 Y72.377 E2082.95805
G0 F7200 X67.22 Y72.877
G1 F3000 X67.78 Y73.437 E2082.9788
G0 F7200 X67.59 Y73.437
G0 X67.59 Y77.473
G0 X67.78 Y77.473
G1 F3000 X67.22 Y78.033 E2082.99954
G0 F7200 X67.22 Y78.533
G1 F3000 X67.78 Y79.094 E2083.0203
G0 F7200 X67.59 Y79.094
G0 X67.59 Y83.13
G0 X67.78 Y83.13
G1 F3000 X67.22 Y83.69 E2083.04105
G0 F7200 X67.22 Y84.19
G1 F3000 X67.78 Y84.751 E2083.06181
G0 F7200 X67.59 Y84.751
G0 X67.338 Y87.338
G0 X65.152 Y87.59
G0 X65.152 Y87.78
G1 F3000 X64.593 Y87.22 E2083.08253
G0 F7200 X63.691 Y87.22
G1 F3000 X63.13 Y87.78 E2083.10329
G0 F7200 X63.13 Y87.59
G0 X59.495 Y87.59
G0 X59.495 Y87.78
G1 F3000 X58.936 Y87.22 E2083.12402
G0 F7200 X58.034 Y87.22
G1 F3000 X57.474 Y87.78 E2083.14476
G0 F7200 X57.474 Y87.59
G0 X53.838 Y87.59
G0 X53.838 Y87.78
G1 F3000 X53.279 Y87.22 E2083.16549
G0 F7200 X52.378 Y87.22
G1 F3000 X51.817 Y87.78 E2083.18625
G0 F7200 X51.817 Y87.59
G0 X48.181 Y87.59
G0 X48.181 Y87.779
G1 F3000 X47.622 Y87.22 E2083.20696
G0 F7200 X46.721 Y87.22
G1 F3000 X46.161 Y87.78 E2083.2277
G0 F7200 X46.161 Y87.59
G0 X42.524 Y87.59
G0 X42.524 Y87.779
G1 F3000 X41.965 Y87.22 E2083.24841
G0 F7200 X41.064 Y87.22
G1 F3000 X40.504 Y87.78 E2083.26915
G0 F7200 X40.504 Y87.59
G0 X36.867 Y87.59
G0 X36.867 Y87.779
G1 F3000 X34.476 Y85.388 E2083.35771
G1 X34.406 Y85.318
G0 F7200 X34.513 Y85.578
G0 X36.59 Y85.847
G0 X36.779 Y85.847
G1 F3000 X34.847 Y87.78 E2083.4293
G1 X34.777 Y87.85
G0 F7200 X34.777 Y87.59
G0 X67.338 Y87.338
G0 X66.924 Y86.924
;TYPE:WALL-INNER
G1 F2400 X66.589 Y87.1 E2083.43921
G1 X37.5 Y87.1 E2084.20112
G1 X37.02 Y86.861 E2084.21516
G1 X36.9 Y86.501 E2084.2251
G1 X36.9 Y85.1 E2084.2618
G1 X35.527 Y85.1 E2084.29776
G1 X34.967 Y85.143 E2084.31247
G1 X34.451 Y85.268 E2084.32638
G1 X33.949 Y85.477 E2084.34062
G1 X33.499 Y85.751 E2084.35442
G1 X33.098 Y86.098 E2084.36831
G1 X32.751 Y86.499 E2084.3822
G1 X32.476 Y86.95 E2084.39603
G1 X32.269 Y87.443 E2084.41004
G1 X32.16 Y87.899 E2084.42232
G1 X67.9 Y87.9 E2085.35843
G1 X67.9 Y12.1 E2087.34381
G1 X32.161 Y12.1 E2088.2799
G1 X32.265 Y12.547 E2088.29192
G1 X32.472 Y13.045 E2088.30605
G1 X32.75 Y13.497 E2088.31995
G1 X33.098 Y13.902 E2088.33393
G1 X33.499 Y14.245 E2088.34776
G1 X33.951 Y14.524 E2088.36167
G1 X34.45 Y14.731 E2088.37582
G1 X34.967 Y14.853 E2088.38973
G1 X35.529 Y14.9 E2088.4045
G1 X36.9 Y14.9 E2088.44041
G1 X36.9 Y13.5 E2088.47708
G1 X37.02 Y13.139 E2088.48705
G1 X37.409 Y12.9 E2088.49901
G1 X66.5 Y12.9 E2089.26097
G1 X66.924 Y13.076 E2089.27299
G1 X67.1 Y13.5 E2089.28502
G1 X67.1 Y86.589 E2091.19939
G1 X66.924 Y86.924 E2091.2093
G0 F7200 X66.698 Y86.535
;TYPE:WALL-OUTER
G1 F1200 X66.642 Y86.642 E2091.21246
G1 X66.535 Y86.698 E2091.21563
G1 X37.5 Y86.7 E2091.97612
G1 X37.34 Y86.621 E2091.9808
G1 X37.3 Y86.501 E2091.98411
G1 X37.3 Y84.7 E2092.03128
G1 X35.512 Y84.7 E2092.07811
G1 X34.904 Y84.747 E2092.09409
G1 X34.327 Y84.887 E2092.10964
G1 X33.767 Y85.119 E2092.12551
G1 X33.263 Y85.427 E2092.14098
G1 X32.814 Y85.814 E2092.15651
G1 X32.427 Y86.263 E2092.17204
G1 X32.119 Y86.768 E2092.18753
G1 X31.887 Y87.319 E2092.20319
G1 X31.747 Y87.911 E2092.21912
G1 X31.717 Y88.3 E2092.22934
G1 X68.3 Y88.3 E2093.18754
G1 X68.3 Y11.7 E2095.19387
G1 X31.717 Y11.7 E2096.15207
G1 X31.747 Y12.085 E2096.16218
G1 X31.883 Y12.67 E2096.17791
G1 X32.115 Y13.228 E2096.19374
G1 X32.426 Y13.733 E2096.20927
G1 X32.814 Y14.186 E2096.2249
G1 X33.263 Y14.569 E2096.24035
G1 X33.768 Y14.881 E2096.2559
G1 X34.326 Y15.113 E2096.27173
G1 X34.904 Y15.249 E2096.28728
G1 X35.513 Y15.3 E2096.30329
G1 X37.3 Y15.3 E2096.3501
G1 X37.3 Y13.5 E2096.39724
G1 X37.34 Y13.379 E2096.40058
G1 X37.465 Y13.302 E2096.40443
G1 X66.5 Y13.3 E2097.16492
G1 X66.642 Y13.358 E2097.16894
G1 X66.7 Y13.5 E2097.17296
G1 X66.698 Y86.535 E2099.08591
G0 F7200 X66.642 Y86.642
G0 X66.573 Y86.678
;MESH:NONMESH
G0 F600 Z18.3
G0 F7200 X66.573 Y87.41
G0 X67.338 Y12.662
G0 X34.848 Y12.41
G0 X34.848 Y12.22
;TIME_ELAPSED:3518.881537
;LAYER:120
;TYPE:FILL
;MESH:Wandhalterung TP-Link Media Converter.stl
G1 F3000 X36.78 Y14.153 E2099.1575
G1 X36.85 Y14.223
G0 F7200 X36.59 Y14.223
G0 X36.662 Y12.662
G0 X36.867 Y12.22
G1 F3000 X34.476 Y14.612 E2099.24608
G1 X34.406 Y14.682
G0 F7200 X34.514 Y14.423
G0 X36.662 Y12.662
G0 X40.504 Y12.41
G0 X40.504 Y12.22
G1 F3000 X41.064 Y12.78 E2099.26683
G0 F7200 X41.964 Y12.78
G1 F3000 X42.524 Y12.22 E2099.28757
G0 F7200 X42.524 Y12.41
G0 X46.161 Y12.41
G0 X46.161 Y12.22
G1 F3000 X46.721 Y12.78 E2099.30831
G0 F7200 X47.621 Y12.78
G1 F3000 X48.181 Y12.22 E2099.32906
G0 F7200 X48.181 Y12.41
G0 X51.818 Y12.41
G0 X51.818 Y12.22
G1 F3000 X52.378 Y12.78 E2099.3498
G0 F7200 X53.278 Y12.78
G1 F3000 X53.838 Y12.22 E2099.37054
G0 F7200 X53.838 Y12.41
G0 X57.475 Y12.41
G0 X57.475 Y12.22
G1 F3000 X58.034 Y12.78 E2099.39127
G0 F7200 X58.935 Y12.78
G1 F3000 X59.495 Y12.22 E2099.41201
G0 F7200 X59.495 Y12.41
G0 X63.132 Y12.41
G0 X63.132 Y12.22
G1 F3000 X63.691 Y12.78 E2099.43273
G0 F7200 X64.591 Y12.78
G1 F3000 X65.151 Y12.22 E2099.45348
G0 F7200 X65.151 Y12.41
G0 X67.338 Y12.662
G0 X67.59 Y15.248
G0 X67.78 Y15.248
G1 F3000 X67.22 Y15.808 E2099.47422
G0 F7200 X67.22 Y16.308
G1 F3000 X67.78 Y16.869 E2099.49498
G0 F7200 X67.59 Y16.869
G0 X67.59 Y20.905
G0 X67.78 Y20.905
G1 F3000 X67.22 Y21.465 E2099.51573
G0 F7200 X67.22 Y21.965
G1 F3000 X67.78 Y22.526 E2099.53649
G0 F7200 X67.59 Y22.526
G0 X67.59 Y26.562
G0 X67.78 Y26.562
G1 F3000 X67.22 Y27.122 E2099.55723
G0 F7200 X67.22 Y27.622
G1 F3000 X67.78 Y28.182 E2099.57797
G0 F7200 X67.59 Y28.182
G0 X67.59 Y32.219
G0 X67.78 Y32.219
G1 F3000 X67.22 Y32.779 E2099.59872
G0 F7200 X67.22 Y33.279
G1 F3000 X67.78 Y33.839 E2099.61946
G0 F7200 X67.59 Y33.839
G0 X67.59 Y37.875
G0 X67.78 Y37.875
G1 F3000 X67.22 Y38.435 E2099.6402
G0 F7200 X67.22 Y38.935
G1 F3000 X67.78 Y39.496 E2099.66097
G0 F7200 X67.59 Y39.496
G0 X67.59 Y43.532
G0 X67.78 Y43.532
G1 F3000 X67.22 Y44.092 E2099.68171
G0 F7200 X67.22 Y44.592
G1 F3000 X67.78 Y45.153 E2099.70247
G0 F7200 X67.59 Y45.153
G0 X67.59 Y49.189
G0 X67.78 Y49.189
G1 F3000 X67.22 Y49.749 E2099.72321
G0 F7200 X67.22 Y50.249
G1 F3000 X67.78 Y50.81 E2099.74398
G0 F7200 X67.59 Y50.81
G0 X67.59 Y54.846
G0 X67.78 Y54.846
G1 F3000 X67.22 Y55.406 E2099.76472
G0 F7200 X67.22 Y55.906
G1 F3000 X67.78 Y56.467 E2099.78548
G0 F7200 X67.59 Y56.467
G0 X67.59 Y60.503
G0 X67.78 Y60.503
G1 F3000 X67.22 Y61.063 E2099.80622
G0 F7200 X67.22 Y61.563
G1 F3000 X67.78 Y62.124 E2099.82699
G0 F7200 X67.59 Y62.124
G0 X67.59 Y66.16
G0 X67.78 Y66.16
G1 F3000 X67.22 Y66.72 E2099.84773
G0 F7200 X67.22 Y67.22
G1 F3000 X67.78 Y67.78 E2099.86847
G0 F7200 X67.59 Y67.78
G0 X67.59 Y71.817
G0 X67.78 Y71.817
G1 F3000 X67.22 Y72.377 E2099.88922
G0 F7200 X67.22 Y72.877
G1 F3000 X67.78 Y73.437 E2099.90996
G0 F7200 X67.59 Y73.437
G0 X67.59 Y77.473
G0 X67.78 Y77.473
G1 F3000 X67.22 Y78.033 E2099.9307
G0 F7200 X67.22 Y78.533
G1 F3000 X67.78 Y79.094 E2099.95146
G0 F7200 X67.59 Y79.094
G0 X67.59 Y83.13
G0 X67.78 Y83.13
G1 F3000 X67.22 Y83.69 E2099.97221
G0 F7200 X67.22 Y84.19
G1 F3000 X67.78 Y84.751 E2099.99297
G0 F7200 X67.59 Y84.751
G0 X67.338 Y87.338
G0 X65.152 Y87.59
G0 X65.152 Y87.78
G1 F3000 X64.593 Y87.22 E2100.01369
G0 F7200 X63.691 Y87.22
G1 F3000 X63.13 Y87.78 E2100.03446
G0 F7200 X63.13 Y87.59
G0 X59.495 Y87.59
G0 X59.495 Y87.78
G1 F3000 X58.936 Y87.22 E2100.05518
G0 F7200 X58.034 Y87.22
G1 F3000 X57.474 Y87.78 E2100.07592
G0 F7200 X57.474 Y87.59
G0 X53.838 Y87.59
G0 X53.838 Y87.78
G1 F3000 X53.279 Y87.22 E2100.09665
G0 F7200 X52.378 Y87.22
G1 F3000 X51.817 Y87.78 E2100.11741
G0 F7200 X51.817 Y87.59
G0 X48.181 Y87.59
G0 X48.181 Y87.779
G1 F3000 X47.622 Y87.22 E2100.13812
G0 F7200 X46.721 Y87.22
G1 F3000 X46.161 Y87.78 E2100.15886
G0 F7200 X46.161 Y87.59
G0 X42.524 Y87.59
G0 X42.524 Y87.779
G1 F3000 X41.965 Y87.22 E2100.17957
G0 F7200 X41.064 Y87.22
G1 F3000 X40.504 Y87.78 E2100.20031
G0 F7200 X40.504 Y87.59
G0 X36.867 Y87.59
G0 X36.867 Y87.779
G1 F3000 X34.476 Y85.388 E2100.28888
G1 X34.406 Y85.318
G0 F7200 X34.513 Y85.578
G0 X36.59 Y85.847
G0 X36.779 Y85.847
G1 F3000 X34.847 Y87.78 E2100.36046
G1 X34.777 Y87.85
G0 F7200 X34.777 Y87.59
G0 X67.338 Y87.338
G0 X66.924 Y86.924
;TYPE:WALL-INNER
G1 F2400 X66.589 Y87.1 E2100.37037
G1 X37.5 Y87.1 E2101.13228
G1 X37.02 Y86.861 E2101.14633
G1 X36.9 Y86.501 E2101.15626
G1 X36.9 Y85.1 E2101.19296
G1 X35.527 Y85.1 E2101.22892
G1 X34.967 Y85.143 E2101.24363
G1 X34.451 Y85.268 E2101.25754
G1 X33.949 Y85.477 E2101.27178
G1 X33.499 Y85.751 E2101.28558
G1 X33.098 Y86.098 E2101.29947
G1 X32.751 Y86.499 E2101.31336
G1 X32.476 Y86.95 E2101.3272
G1 X32.269 Y87.443 E2101.3412
G1 X32.16 Y87.899 E2101.35348
G1 X67.9 Y87.9 E2102.2896
G1 X67.9 Y12.1 E2104.27498
G1 X32.161 Y12.1 E2105.21107
G1 X32.265 Y12.547 E2105.22309
G1 X32.472 Y13.045 E2105.23721
G1 X32.75 Y13.497 E2105.25111
G1 X33.098 Y13.902 E2105.2651
G1 X33.499 Y14.245 E2105.27892
G1 X33.951 Y14.524 E2105.29283
G1 X34.45 Y14.731 E2105.30698
G1 X34.967 Y14.853 E2105.32089
G1 X35.529 Y14.9 E2105.33567
G1 X36.9 Y14.9 E2105.37158
G1 X36.9 Y13.5 E2105.40824
G1 X37.02 Y13.139 E2105.41821
G1 X37.409 Y12.9 E2105.43017
G1 X66.5 Y12.9 E2106.19213
G1 X66.924 Y13.076 E2106.20415
G1 X67.1 Y13.5 E2106.21618
G1 X67.1 Y86.589 E2108.13055
G1 X66.924 Y86.924 E2108.14046
G0 F7200 X66.698 Y86.535
;TYPE:WALL-OUTER
G1 F1200 X66.642 Y86.642 E2108.14363
G1 X66.535 Y86.698 E2108.14679
G1 X37.5 Y86.7 E2108.90728
G1 X37.34 Y86.621 E2108.91196
G1 X37.3 Y86.501 E2108.91527
G1 X37.3 Y84.7 E2108.96244
G1 X35.512 Y84.7 E2109.00928
G1 X34.904 Y84.747 E2109.02525
G1 X34.327 Y84.887 E2109.0408
G1 X33.767 Y85.119 E2109.05668
G1 X33.263 Y85.427 E2109.07215
G1 X32.814 Y85.814 E2109.08767
G1 X32.427 Y86.263 E2109.1032
G1 X32.119 Y86.768 E2109.11869
G1 X31.887 Y87.319 E2109.13435
G1 X31.747 Y87.911 E2109.15028
G1 X31.717 Y88.3 E2109.1605
G1 X68.3 Y88.3 E2110.1187
G1 X68.3 Y11.7 E2112.12503
G1 X31.717 Y11.7 E2113.08323
G1 X31.747 Y12.085 E2113.09334
G1 X31.883 Y12.67 E2113.10907
G1 X32.115 Y13.228 E2113.1249
G1 X32.426 Y13.733 E2113.14044
G1 X32.814 Y14.186 E2113.15606
G1 X33.263 Y14.569 E2113.17152
G1 X33.768 Y14.881 E2113.18706
G1 X34.326 Y15.113 E2113.20289
G1 X34.904 Y15.249 E2113.21844
G1 X35.513 Y15.3 E2113.23445
G1 X37.3 Y15.3 E2113.28126
G1 X37.3 Y13.5 E2113.3284
G1 X37.34 Y13.379 E2113.33174
G1 X37.465 Y13.302 E2113.33559
G1 X66.5 Y13.3 E2114.09608
G1 X66.642 Y13.358 E2114.1001
G1 X66.7 Y13.5 E2114.10412
G1 X66.698 Y86.535 E2116.01708
G0 F7200 X66.642 Y86.642
G0 X66.573 Y86.678
;MESH:NONMESH
G0 F600 Z18.45
G0 F7200 X66.573 Y87.41
G0 X67.338 Y12.662
G0 X34.848 Y12.41
G0 X34.848 Y12.22
;TIME_ELAPSED:3546.457644
;LAYER:121
;TYPE:FILL
;MESH:Wandhalterung TP-Link Media Converter.stl
G1 F3000 X36.78 Y14.153 E2116.08866
G1 X36.85 Y14.223
G0 F7200 X36.59 Y14.223
G0 X36.662 Y12.662
G0 X36.867 Y12.22
G1 F3000 X34.476 Y14.612 E2116.17724
G1 X34.406 Y14.682
G0 F7200 X34.514 Y14.423
G0 X36.662 Y12.662
G0 X40.504 Y12.41
G0 X40.504 Y12.22
G1 F3000 X41.064 Y12.78 E2116.19799
G0 F7200 X41.964 Y12.78
G1 F3000 X42.524 Y12.22 E2116.21873
G0 F7200 X42.524 Y12.41
G0 X46.161 Y12.41
G0 X46.161 Y12.22
G1 F3000 X46.721 Y12.78 E2116.23947
G0 F7200 X47.621 Y12.78
G1 F3000 X48.181 Y12.22 E2116.26022
G0 F7200 X48.181 Y12.41
G0 X51.818 Y12.41
G0 X51.818 Y12.22
G1 F3000 X52.378 Y12.78 E2116.28096
G0 F7200 X53.278 Y12.78
G1 F3000 X53.838 Y12.22 E2116.3017
G0 F7200 X53.838 Y12.41
G0 X57.475 Y12.41
G0 X57.475 Y12.22
G1 F3000 X58.034 Y12.78 E2116.32243
G0 F7200 X58.935 Y12.78
G1 F3000 X59.495 Y12.22 E2116.34317
G0 F7200 X59.495 Y12.41
G0 X63.132 Y12.41
G0 X63.132 Y12.22
G1 F3000 X63.691 Y12.78 E2116.3639
G0 F7200 X64.591 Y12.78
G1 F3000 X65.151 Y12.22 E2116.38464
G0 F7200 X65.151 Y12.41
G0 X67.338 Y12.662
G0 X67.59 Y15.248
G0 X67.78 Y15.248
G1 F3000 X67.22 Y15.808 E2116.40538
G0 F7200 X67.22 Y16.308
G1 F3000 X67.78 Y16.869 E2116.42614
G0 F7200 X67.59 Y16.869
G0 X67.59 Y20.905
G0 X67.78 Y20.905
G1 F3000 X67.22 Y21.465 E2116.44689
G0 F7200 X67.22 Y21.965
G1 F3000 X67.78 Y22.526 E2116.46765
G0 F7200 X67.59 Y22.526
G0 X67.59 Y26.562
G0 X67.78 Y26.562
G1 F3000 X67.22 Y27.122 E2116.48839
G0 F7200 X67.22 Y27.622
G1 F3000 X67.78 Y28.182 E2116.50914
G0 F7200 X67.59 Y28.182
G0 X67.59 Y32.219
G0 X67.78 Y32.219
G1 F3000 X67.22 Y32.779 E2116.52988
G0 F7200 X67.22 Y33.279
G1 F3000 X67.78 Y33.839 E2116.55062
G0 F7200 X67.59 Y33.839
G0 X67.59 Y37.875
G0 X67.78 Y37.875
G1 F3000 X67.22 Y38.435 E2116.57137
G0 F7200 X67.22 Y38.935
G1 F3000 X67.78 Y39.496 E2116.59213
G0 F7200 X67.59 Y39.496
G0 X67.59 Y43.532
G0 X67.78 Y43.532
G1 F3000 X67.22 Y44.092 E2116.61287
G0 F7200 X67.22 Y44.592
G1 F3000 X67.78 Y45.153 E2116.63363
G0 F7200 X67.59 Y45.153
G0 X67.59 Y49.189
G0 X67.78 Y49.189
G1 F3000 X67.22 Y49.749 E2116.65438
G0 F7200 X67.22 Y50.249
G1 F3000 X67.78 Y50.81 E2116.67514
G0 F7200 X67.59 Y50.81
G0 X67.59 Y54.846
G0 X67.78 Y54.846
G1 F3000 X67.22 Y55.406 E2116.69588
G0 F7200 X67.22 Y55.906
G1 F3000 X67.78 Y56.467 E2116.71664
G0 F7200 X67.59 Y56.467
G0 X67.59 Y60.503
G0 X67.78 Y60.503
G1 F3000 X67.22 Y61.063 E2116.73739
G0 F7200 X67.22 Y61.563
G1 F3000 X67.78 Y62.124 E2116.75815
G0 F7200 X67.59 Y62.124
G0 X67.59 Y66.16
G0 X67.78 Y66.16
G1 F3000 X67.22 Y66.72 E2116.77889
G0 F7200 X67.22 Y67.22
G1 F3000 X67.78 Y67.78 E2116.79964
G0 F7200 X67.59 Y67.78
G0 X67.59 Y71.817
G0 X67.78 Y71.817
G1 F3000 X67.22 Y72.377 E2116.82038
G0 F7200 X67.22 Y72.877
G1 F3000 X67.78 Y73.437 E2116.84112
G0 F7200 X67.59 Y73.437
G0 X67.59 Y77.473
G0 X67.78 Y77.473
G1 F3000 X67.22 Y78.033 E2116.86187
G0 F7200 X67.22 Y78.533
G1 F3000 X67.78 Y79.094 E2116.88263
G0 F7200 X67.59 Y79.094
G0 X67.59 Y83.13
G0 X67.78 Y83.13
G1 F3000 X67.22 Y83.69 E2116.90337
G0 F7200 X67.22 Y84.19
G1 F3000 X67.78 Y84.751 E2116.92413
G0 F7200 X67.59 Y84.751
G0 X67.338 Y87.338
G0 X65.152 Y87.59
G0 X65.152 Y87.78
G1 F3000 X64.593 Y87.22 E2116.94486
G0 F7200 X63.691 Y87.22
G1 F3000 X63.13 Y87.78 E2116.96562
G0 F7200 X63.13 Y87.59
G0 X59.495 Y87.59
G0 X59.495 Y87.78
G1 F3000 X58.936 Y87.22 E2116.98634
G0 F7200 X58.034 Y87.22
G1 F3000 X57.474 Y87.78 E2117.00709
G0 F7200 X57.474 Y87.59
G0 X53.838 Y87.59
G0 X53.838 Y87.78
G1 F3000 X53.279 Y87.22 E2117.02781
G0 F7200 X52.378 Y87.22
G1 F3000 X51.817 Y87.78 E2117.04857
G0 F7200 X51.817 Y87.59
G0 X48.181 Y87.59
G0 X48.181 Y87.779
G1 F3000 X47.622 Y87.22 E2117.06928
G0 F7200 X46.721 Y87.22
G1 F3000 X46.161 Y87.78 E2117.09002
G0 F7200 X46.161 Y87.59
G0 X42.524 Y87.59
G0 X42.524 Y87.779
G1 F3000 X41.965 Y87.22 E2117.11073
G0 F7200 X41.064 Y87.22
G1 F3000 X40.504 Y87.78 E2117.13147
G0 F7200 X40.504 Y87.59
G0 X36.867 Y87.59
G0 X36.867 Y87.779
G1 F3000 X34.476 Y85.388 E2117.22004
G1 X34.406 Y85.318
G0 F7200 X34.513 Y85.578
G0 X36.59 Y85.847
G0 X36.779 Y85.847
G1 F3000 X34.847 Y87.78 E2117.29162
G1 X34.777 Y87.85
G0 F7200 X34.777 Y87.59
G0 X67.338 Y87.338
G0 X66.924 Y86.924
;TYPE:WALL-INNER
G1 F2400 X66.589 Y87.1 E2117.30153
G1 X37.5 Y87.1 E2118.06344
G1 X37.02 Y86.861 E2118.07749
G1 X36.9 Y86.501 E2118.08743
G1 X36.9 Y85.1 E2118.12412
G1 X35.527 Y85.1 E2118.16008
G1 X34.967 Y85.143 E2118.1748
G1 X34.451 Y85.268 E2118.1887
G1 X33.949 Y85.477 E2118.20294
G1 X33.499 Y85.751 E2118.21674
G1 X33.098 Y86.098 E2118.23063
G1 X32.751 Y86.499 E2118.24452
G1 X32.476 Y86.95 E2118.25836
G1 X32.269 Y87.443 E2118.27236
G1 X32.16 Y87.899 E2118.28464
G1 X67.9 Y87.9 E2119.22076
G1 X67.9 Y12.1 E2121.20614
G1 X32.161 Y12.1 E2122.14223
G1 X32.265 Y12.547 E2122.15425
G1 X32.472 Y13.045 E2122.16837
G1 X32.75 Y13.497 E2122.18227
G1 X33.098 Y13.902 E2122.19626
G1 X33.499 Y14.245 E2122.21008
G1 X33.951 Y14.524 E2122.22399
G1 X34.45 Y14.731 E2122.23814
G1 X34.967 Y14.853 E2122.25206
G1 X35.529 Y14.9 E2122.26683
G1 X36.9 Y14.9 E2122.30274
G1 X36.9 Y13.5 E2122.33941
G1 X37.02 Y13.139 E2122.34937
G1 X37.409 Y12.9 E2122.36133
G1 X66.5 Y12.9 E2123.12329
G1 X66.924 Y13.076 E2123.13532
G1 X67.1 Y13.5 E2123.14734
G1 X67.1 Y86.589 E2125.06171
G1 X66.924 Y86.924 E2125.07162
G0 F7200 X66.698 Y86.535
;TYPE:WALL-OUTER
G1 F1200 X66.642 Y86.642 E2125.07479
G1 X66.535 Y86.698 E2125.07795
G1 X37.5 Y86.7 E2125.83845
G1 X37.34 Y86.621 E2125.84312
G1 X37.3 Y86.501 E2125.84643
G1 X37.3 Y84.7 E2125.89361
G1 X35.512 Y84.7 E2125.94044
G1 X34.904 Y84.747 E2125.95641
G1 X34.327 Y84.887 E2125.97196
G1 X33.767 Y85.119 E2125.98784
G1 X33.263 Y85.427 E2126.00331
G1 X32.814 Y85.814 E2126.01883
G1 X32.427 Y86.263 E2126.03436
G1 X32.119 Y86.768 E2126.04985
G1 X31.887 Y87.319 E2126.06551
G1 X31.747 Y87.911 E2126.08145
G1 X31.717 Y88.3 E2126.09167
G1 X68.3 Y88.3 E2127.04986
G1 X68.3 Y11.7 E2129.05619
G1 X31.717 Y11.7 E2130.01439
G1 X31.747 Y12.085 E2130.0245
G1 X31.883 Y12.67 E2130.04024
G1 X32.115 Y13.228 E2130.05606
G1 X32.426 Y13.733 E2130.0716
G1 X32.814 Y14.186 E2130.08722
G1 X33.263 Y14.569 E2130.10268
G1 X33.768 Y14.881 E2130.11823
G1 X34.326 Y15.113 E2130.13405
G1 X34.904 Y15.249 E2130.14961
G1 X35.513 Y15.3 E2130.16561
G1 X37.3 Y15.3 E2130.21242
G1 X37.3 Y13.5 E2130.25957
G1 X37.34 Y13.379 E2130.2629
G1 X37.465 Y13.302 E2130.26675
G1 X66.5 Y13.3 E2131.02724
G1 X66.642 Y13.358 E2131.03126
G1 X66.7 Y13.5 E2131.03528
G1 X66.698 Y86.535 E2132.94824
G0 F7200 X66.642 Y86.642
G0 X66.573 Y86.678
;MESH:NONMESH
G0 F600 Z18.6
G0 F7200 X66.573 Y87.41
G0 X67.338 Y12.662
G0 X34.848 Y12.41
G0 X34.848 Y12.22
;TIME_ELAPSED:3574.033751
;LAYER:122
;TYPE:FILL
;MESH:Wandhalterung TP-Link Media Converter.stl
G1 F3000 X36.78 Y14.153 E2133.01982
G1 X36.85 Y14.223
G0 F7200 X36.59 Y14.223
G0 X36.662 Y12.662
G0 X36.867 Y12.22
G1 F3000 X34.476 Y14.612 E2133.10841
G1 X34.406 Y14.682
G0 F7200 X34.514 Y14.423
G0 X36.662 Y12.662
G0 X40.504 Y12.41
G0 X40.504 Y12.22
G1 F3000 X41.064 Y12.78 E2133.12915
G0 F7200 X41.964 Y12.78
G1 F3000 X42.524 Y12.22 E2133.14989
G0 F7200 X42.524 Y12.41
G0 X46.161 Y12.41
G0 X46.161 Y12.22
G1 F3000 X46.721 Y12.78 E2133.17064
G0 F7200 X47.621 Y12.78
G1 F3000 X48.181 Y12.22 E2133.19138
G0 F7200 X48.181 Y12.41
G0 X51.818 Y12.41
G0 X51.818 Y12.22
G1 F3000 X52.378 Y12.78 E2133.21212
G0 F7200 X53.278 Y12.78
G1 F3000 X53.838 Y12.22 E2133.23287
G0 F7200 X53.838 Y12.41
G0 X57.475 Y12.41
G0 X57.475 Y12.22
G1 F3000 X58.034 Y12.78 E2133.25359
G0 F7200 X58.935 Y12.78
G1 F3000 X59.495 Y12.22 E2133.27433
G0 F7200 X59.495 Y12.41
G0 X63.132 Y12.41
G0 X63.132 Y12.22
G1 F3000 X63.691 Y12.78 E2133.29506
G0 F7200 X64.591 Y12.78
G1 F3000 X65.151 Y12.22 E2133.3158
G0 F7200 X65.151 Y12.41
G0 X67.338 Y12.662
G0 X67.59 Y15.248
G0 X67.78 Y15.248
G1 F3000 X67.22 Y15.808 E2133.33655
G0 F7200 X67.22 Y16.308
G1 F3000 X67.78 Y16.869 E2133.35731
G0 F7200 X67.59 Y16.869
G0 X67.59 Y20.905
G0 X67.78 Y20.905
G1 F3000 X67.22 Y21.465 E2133.37805
G0 F7200 X67.22 Y21.965
G1 F3000 X67.78 Y22.526 E2133.39881
G0 F7200 X67.59 Y22.526
G0 X67.59 Y26.562
G0 X67.78 Y26.562
G1 F3000 X67.22 Y27.122 E2133.41956
G0 F7200 X67.22 Y27.622
G1 F3000 X67.78 Y28.182 E2133.4403
G0 F7200 X67.59 Y28.182
G0 X67.59 Y32.219
G0 X67.78 Y32.219
G1 F3000 X67.22 Y32.779 E2133.46104
G0 F7200 X67.22 Y33.279
G1 F3000 X67.78 Y33.839 E2133.48179
G0 F7200 X67.59 Y33.839
G0 X67.59 Y37.875
G0 X67.78 Y37.875
G1 F3000 X67.22 Y38.435 E2133.50253
G0 F7200 X67.22 Y38.935
G1 F3000 X67.78 Y39.496 E2133.52329
G0 F7200 X67.59 Y39.496
G0 X67.59 Y43.532
G0 X67.78 Y43.532
G1 F3000 X67.22 Y44.092 E2133.54403
G0 F7200 X67.22 Y44.592
G1 F3000 X67.78 Y45.153 E2133.5648
G0 F7200 X67.59 Y45.153
G0 X67.59 Y49.189
G0 X67.78 Y49.189
G1 F3000 X67.22 Y49.749 E2133.58554
G0 F7200 X67.22 Y50.249
G1 F3000 X67.78 Y50.81 E2133.6063
G0 F7200 X67.59 Y50.81
G0 X67.59 Y54.846
G0 X67.78 Y54.846
G1 F3000 X67.22 Y55.406 E2133.62704
G0 F7200 X67.22 Y55.906
G1 F3000 X67.78 Y56.467 E2133.64781
G0 F7200 X67.59 Y56.467
G0 X67.59 Y60.503
G0 X67.78 Y60.503
G1 F3000 X67.22 Y61.063 E2133.66855
G0 F7200 X67.22 Y61.563
G1 F3000 X67.78 Y62.124 E2133.68931
G0 F7200 X67.59 Y62.124
G0 X67.59 Y66.16
G0 X67.78 Y66.16
G1 F3000 X67.22 Y66.72 E2133.71005
G0 F7200 X67.22 Y67.22
G1 F3000 X67.78 Y67.78 E2133.7308
G0 F7200 X67.59 Y67.78
G0 X67.59 Y71.817
G0 X67.78 Y71.817
G1 F3000 X67.22 Y72.377 E2133.75154
G0 F7200 X67.22 Y72.877
G1 F3000 X67.78 Y73.437 E2133.77228
G0 F7200 X67.59 Y73.437
G0 X67.59 Y77.473
G0 X67.78 Y77.473
G1 F3000 X67.22 Y78.033 E2133.79303
G0 F7200 X67.22 Y78.533
G1 F3000 X67.78 Y79.094 E2133.81379
G0 F7200 X67.59 Y79.094
G0 X67.59 Y83.13
G0 X67.78 Y83.13
G1 F3000 X67.22 Y83.69 E2133.83453
G0 F7200 X67.22 Y84.19
G1 F3000 X67.78 Y84.751 E2133.85529
G0 F7200 X67.59 Y84.751
G0 X67.338 Y87.338
G0 X65.152 Y87.59
G0 X65.152 Y87.78
G1 F3000 X64.593 Y87.22 E2133.87602
G0 F7200 X63.691 Y87.22
G1 F3000 X63.13 Y87.78 E2133.89678
G0 F7200 X63.13 Y87.59
G0 X59.495 Y87.59
G0 X59.495 Y87.78
G1 F3000 X58.936 Y87.22 E2133.91751
G0 F7200 X58.034 Y87.22
G1 F3000 X57.474 Y87.78 E2133.93825
G0 F7200 X57.474 Y87.59
G0 X53.838 Y87.59
G0 X53.838 Y87.78
G1 F3000 X53.279 Y87.22 E2133.95897
G0 F7200 X52.378 Y87.22
G1 F3000 X51.817 Y87.78 E2133.97974
G0 F7200 X51.817 Y87.59
G0 X48.181 Y87.59
G0 X48.181 Y87.779
G1 F3000 X47.622 Y87.22 E2134.00044
G0 F7200 X46.721 Y87.22
G1 F3000 X46.161 Y87.78 E2134.02118
G0 F7200 X46.161 Y87.59
G0 X42.524 Y87.59
G0 X42.524 Y87.779
G1 F3000 X41.965 Y87.22 E2134.04189
G0 F7200 X41.064 Y87.22
G1 F3000 X40.504 Y87.78 E2134.06263
G0 F7200 X40.504 Y87.59
G0 X36.867 Y87.59
G0 X36.867 Y87.779
G1 F3000 X34.476 Y85.388 E2134.1512
G1 X34.406 Y85.318
G0 F7200 X34.513 Y85.578
G0 X36.59 Y85.847
G0 X36.779 Y85.847
G1 F3000 X34.847 Y87.78 E2134.22278
G1 X34.777 Y87.85
G0 F7200 X34.777 Y87.59
G0 X67.338 Y87.338
G0 X66.924 Y86.924
;TYPE:WALL-INNER
G1 F2400 X66.589 Y87.1 E2134.2327
G1 X37.5 Y87.1 E2134.9946
G1 X37.02 Y86.861 E2135.00865
G1 X36.9 Y86.501 E2135.01859
G1 X36.9 Y85.1 E2135.05528
G1 X35.527 Y85.1 E2135.09125
G1 X34.967 Y85.143 E2135.10596
G1 X34.451 Y85.268 E2135.11986
G1 X33.949 Y85.477 E2135.13411
G1 X33.499 Y85.751 E2135.14791
G1 X33.098 Y86.098 E2135.1618
G1 X32.751 Y86.499 E2135.17568
G1 X32.476 Y86.95 E2135.18952
G1 X32.269 Y87.443 E2135.20353
G1 X32.16 Y87.899 E2135.21581
G1 X67.9 Y87.9 E2136.15192
G1 X67.9 Y12.1 E2138.1373
G1 X32.161 Y12.1 E2139.07339
G1 X32.265 Y12.547 E2139.08541
G1 X32.472 Y13.045 E2139.09954
G1 X32.75 Y13.497 E2139.11343
G1 X33.098 Y13.902 E2139.12742
G1 X33.499 Y14.245 E2139.14124
G1 X33.951 Y14.524 E2139.15515
G1 X34.45 Y14.731 E2139.1693
G1 X34.967 Y14.853 E2139.18322
G1 X35.529 Y14.9 E2139.19799
G1 X36.9 Y14.9 E2139.2339
G1 X36.9 Y13.5 E2139.27057
G1 X37.02 Y13.139 E2139.28053
G1 X37.409 Y12.9 E2139.29249
G1 X66.5 Y12.9 E2140.05445
G1 X66.924 Y13.076 E2140.06648
G1 X67.1 Y13.5 E2140.0785
G1 X67.1 Y86.589 E2141.99287
G1 X66.924 Y86.924 E2142.00279
G0 F7200 X66.698 Y86.535
;TYPE:WALL-OUTER
G1 F1200 X66.642 Y86.642 E2142.00595
G1 X66.535 Y86.698 E2142.00911
G1 X37.5 Y86.7 E2142.76961
G1 X37.34 Y86.621 E2142.77428
G1 X37.3 Y86.501 E2142.77759
G1 X37.3 Y84.7 E2142.82477
G1 X35.512 Y84.7 E2142.8716
G1 X34.904 Y84.747 E2142.88757
G1 X34.327 Y84.887 E2142.90312
G1 X33.767 Y85.119 E2142.919
G1 X33.263 Y85.427 E2142.93447
G1 X32.814 Y85.814 E2142.95
G1 X32.427 Y86.263 E2142.96552
G1 X32.119 Y86.768 E2142.98102
G1 X31.887 Y87.319 E2142.99667
G1 X31.747 Y87.911 E2143.01261
G1 X31.717 Y88.3 E2143.02283
G1 X68.3 Y88.3 E2143.98102
G1 X68.3 Y11.7 E2145.98736
G1 X31.717 Y11.7 E2146.94555
G1 X31.747 Y12.085 E2146.95567
G1 X31.883 Y12.67 E2146.9714
G1 X32.115 Y13.228 E2146.98723
G1 X32.426 Y13.733 E2147.00276
G1 X32.814 Y14.186 E2147.01838
G1 X33.263 Y14.569 E2147.03384
G1 X33.768 Y14.881 E2147.04939
G1 X34.326 Y15.113 E2147.06522
G1 X34.904 Y15.249 E2147.08077
G1 X35.513 Y15.3 E2147.09678
G1 X37.3 Y15.3 E2147.14358
G1 X37.3 Y13.5 E2147.19073
G1 X37.34 Y13.379 E2147.19407
G1 X37.465 Y13.302 E2147.19791
G1 X66.5 Y13.3 E2147.95841
G1 X66.642 Y13.358 E2147.96242
G1 X66.7 Y13.5 E2147.96644
G1 X66.698 Y86.535 E2149.8794
G0 F7200 X66.642 Y86.642
G0 X66.573 Y86.678
;MESH:NONMESH
G0 F600 Z18.75
G0 F7200 X66.573 Y87.41
G0 X67.338 Y12.662
G0 X34.848 Y12.41
G0 X34.848 Y12.22
;TIME_ELAPSED:3601.609857
;LAYER:123
;TYPE:FILL
;MESH:Wandhalterung TP-Link Media Converter.stl
G1 F3000 X36.78 Y14.153 E2149.95098
G1 X36.85 Y14.223
G0 F7200 X36.59 Y14.223
G0 X36.662 Y12.662
G0 X36.867 Y12.22
G1 F3000 X34.476 Y14.612 E2150.03957
G1 X34.406 Y14.682
G0 F7200 X34.514 Y14.423
G0 X36.662 Y12.662
G0 X40.504 Y12.41
G0 X40.504 Y12.22
G1 F3000 X41.064 Y12.78 E2150.06031
G0 F7200 X41.964 Y12.78
G1 F3000 X42.524 Y12.22 E2150.08105
G0 F7200 X42.524 Y12.41
G0 X46.161 Y12.41
G0 X46.161 Y12.22
G1 F3000 X46.721 Y12.78 E2150.1018
G0 F7200 X47.621 Y12.78
G1 F3000 X48.181 Y12.22 E2150.12254
G0 F7200 X48.181 Y12.41
G0 X51.818 Y12.41
G0 X51.818 Y12.22
G1 F3000 X52.378 Y12.78 E2150.14328
G0 F7200 X53.278 Y12.78
G1 F3000 X53.838 Y12.22 E2150.16403
G0 F7200 X53.838 Y12.41
G0 X57.475 Y12.41
G0 X57.475 Y12.22
G1 F3000 X58.034 Y12.78 E2150.18475
G0 F7200 X58.935 Y12.78
G1 F3000 X59.495 Y12.22 E2150.2055
G0 F7200 X59.495 Y12.41
G0 X63.132 Y12.41
G0 X63.132 Y12.22
G1 F3000 X63.691 Y12.78 E2150.22622
G0 F7200 X64.591 Y12.78
G1 F3000 X65.151 Y12.22 E2150.24696
G0 F7200 X65.151 Y12.41
G0 X67.338 Y12.662
G0 X67.59 Y15.248
G0 X67.78 Y15.248
G1 F3000 X67.22 Y15.808 E2150.26771
G0 F7200 X67.22 Y16.308
G1 F3000 X67.78 Y16.869 E2150.28847
G0 F7200 X67.59 Y16.869
G0 X67.59 Y20.905
G0 X67.78 Y20.905
G1 F3000 X67.22 Y21.465 E2150.30921
G0 F7200 X67.22 Y21.965
G1 F3000 X67.78 Y22.526 E2150.32997
G0 F7200 X67.59 Y22.526
G0 X67.59 Y26.562
G0 X67.78 Y26.562
G1 F3000 X67.22 Y27.122 E2150.35072
G0 F7200 X67.22 Y27.622
G1 F3000 X67.78 Y28.182 E2150.37146
G0 F7200 X67.59 Y28.182
G0 X67.59 Y32.219
G0 X67.78 Y32.219
G1 F3000 X67.22 Y32.779 E2150.3922
G0 F7200 X67.22 Y33.279
G1 F3000 X67.78 Y33.839 E2150.41295
G0 F7200 X67.59 Y33.839
G0 X67.59 Y37.875
G0 X67.78 Y37.875
G1 F3000 X67.22 Y38.435 E2150.43369
G0 F7200 X67.22 Y38.935
G1 F3000 X67.78 Y39.496 E2150.45445
G0 F7200 X67.59 Y39.496
G0 X67.59 Y43.532
G0 X67.78 Y43.532
G1 F3000 X67.22 Y44.092 E2150.4752
G0 F7200 X67.22 Y44.592
G1 F3000 X67.78 Y45.153 E2150.49596
G0 F7200 X67.59 Y45.153
G0 X67.59 Y49.189
G0 X67.78 Y49.189
G1 F3000 X67.22 Y49.749 E2150.5167
G0 F7200 X67.22 Y50.249
G1 F3000 X67.78 Y50.81 E2150.53746
G0 F7200 X67.59 Y50.81
G0 X67.59 Y54.846
G0 X67.78 Y54.846
G1 F3000 X67.22 Y55.406 E2150.55821
G0 F7200 X67.22 Y55.906
G1 F3000 X67.78 Y56.467 E2150.57897
G0 F7200 X67.59 Y56.467
G0 X67.59 Y60.503
G0 X67.78 Y60.503
G1 F3000 X67.22 Y61.063 E2150.59971
G0 F7200 X67.22 Y61.563
G1 F3000 X67.78 Y62.124 E2150.62047
G0 F7200 X67.59 Y62.124
G0 X67.59 Y66.16
G0 X67.78 Y66.16
G1 F3000 X67.22 Y66.72 E2150.64122
G0 F7200 X67.22 Y67.22
G1 F3000 X67.78 Y67.78 E2150.66196
G0 F7200 X67.59 Y67.78
G0 X67.59 Y71.817
G0 X67.78 Y71.817
G1 F3000 X67.22 Y72.377 E2150.6827
G0 F7200 X67.22 Y72.877
G1 F3000 X67.78 Y73.437 E2150.70345
G0 F7200 X67.59 Y73.437
G0 X67.59 Y77.473
G0 X67.78 Y77.473
G1 F3000 X67.22 Y78.033 E2150.72419
G0 F7200 X67.22 Y78.533
G1 F3000 X67.78 Y79.094 E2150.74495
G0 F7200 X67.59 Y79.094
G0 X67.59 Y83.13
G0 X67.78 Y83.13
G1 F3000 X67.22 Y83.69 E2150.76569
G0 F7200 X67.22 Y84.19
G1 F3000 X67.78 Y84.751 E2150.78646
G0 F7200 X67.59 Y84.751
G0 X67.338 Y87.338
G0 X65.152 Y87.59
G0 X65.152 Y87.78
G1 F3000 X64.593 Y87.22 E2150.80718
G0 F7200 X63.691 Y87.22
G1 F3000 X63.13 Y87.78 E2150.82794
G0 F7200 X63.13 Y87.59
G0 X59.495 Y87.59
G0 X59.495 Y87.78
G1 F3000 X58.936 Y87.22 E2150.84867
G0 F7200 X58.034 Y87.22
G1 F3000 X57.474 Y87.78 E2150.86941
G0 F7200 X57.474 Y87.59
G0 X53.838 Y87.59
G0 X53.838 Y87.78
G1 F3000 X53.279 Y87.22 E2150.89014
G0 F7200 X52.378 Y87.22
G1 F3000 X51.817 Y87.78 E2150.9109
G0 F7200 X51.817 Y87.59
G0 X48.181 Y87.59
G0 X48.181 Y87.779
G1 F3000 X47.622 Y87.22 E2150.9316
G0 F7200 X46.721 Y87.22
G1 F3000 X46.161 Y87.78 E2150.95235
G0 F7200 X46.161 Y87.59
G0 X42.524 Y87.59
G0 X42.524 Y87.779
G1 F3000 X41.965 Y87.22 E2150.97305
G0 F7200 X41.064 Y87.22
G1 F3000 X40.504 Y87.78 E2150.9938
G0 F7200 X40.504 Y87.59
G0 X36.867 Y87.59
G0 X36.867 Y87.779
G1 F3000 X34.476 Y85.388 E2151.08236
G1 X34.406 Y85.318
G0 F7200 X34.513 Y85.578
G0 X36.59 Y85.847
G0 X36.779 Y85.847
G1 F3000 X34.847 Y87.78 E2151.15395
G1 X34.777 Y87.85
G0 F7200 X34.777 Y87.59
G0 X67.338 Y87.338
G0 X66.924 Y86.924
;TYPE:WALL-INNER
G1 F2400 X66.589 Y87.1 E2151.16386
G1 X37.5 Y87.1 E2151.92577
G1 X37.02 Y86.861 E2151.93981
G1 X36.9 Y86.501 E2151.94975
G1 X36.9 Y85.1 E2151.98645
G1 X35.527 Y85.1 E2152.02241
G1 X34.967 Y85.143 E2152.03712
G1 X34.451 Y85.268 E2152.05103
G1 X33.949 Y85.477 E2152.06527
G1 X33.499 Y85.751 E2152.07907
G1 X33.098 Y86.098 E2152.09296
G1 X32.751 Y86.499 E2152.10685
G1 X32.476 Y86.95 E2152.12068
G1 X32.269 Y87.443 E2152.13469
G1 X32.16 Y87.899 E2152.14697
G1 X67.9 Y87.9 E2153.08308
G1 X67.9 Y12.1 E2155.06846
G1 X32.161 Y12.1 E2156.00455
G1 X32.265 Y12.547 E2156.01657
G1 X32.472 Y13.045 E2156.0307
G1 X32.75 Y13.497 E2156.0446
G1 X33.098 Y13.902 E2156.05858
G1 X33.499 Y14.245 E2156.0724
G1 X33.951 Y14.524 E2156.08632
G1 X34.45 Y14.731 E2156.10047
G1 X34.967 Y14.853 E2156.11438
G1 X35.529 Y14.9 E2156.12915
G1 X36.9 Y14.9 E2156.16506
G1 X36.9 Y13.5 E2156.20173
G1 X37.02 Y13.139 E2156.21169
G1 X37.409 Y12.9 E2156.22365
G1 X66.5 Y12.9 E2156.98561
G1 X66.924 Y13.076 E2156.99764
G1 X67.1 Y13.5 E2157.00966
G1 X67.1 Y86.589 E2158.92404
G1 X66.924 Y86.924 E2158.93395
G0 F7200 X66.698 Y86.535
;TYPE:WALL-OUTER
G1 F1200 X66.642 Y86.642 E2158.93711
G1 X66.535 Y86.698 E2158.94027
G1 X37.5 Y86.7 E2159.70077
G1 X37.34 Y86.621 E2159.70544
G1 X37.3 Y86.501 E2159.70876
G1 X37.3 Y84.7 E2159.75593
G1 X35.512 Y84.7 E2159.80276
G1 X34.904 Y84.747 E2159.81873
G1 X34.327 Y84.887 E2159.83429
G1 X33.767 Y85.119 E2159.85016
G1 X33.263 Y85.427 E2159.86563
G1 X32.814 Y85.814 E2159.88116
G1 X32.427 Y86.263 E2159.89668
G1 X32.119 Y86.768 E2159.91218
G1 X31.887 Y87.319 E2159.92784
G1 X31.747 Y87.911 E2159.94377
G1 X31.717 Y88.3 E2159.95399
G1 X68.3 Y88.3 E2160.91218
G1 X68.3 Y11.7 E2162.91852
G1 X31.717 Y11.7 E2163.87671
G1 X31.747 Y12.085 E2163.88683
G1 X31.883 Y12.67 E2163.90256
G1 X32.115 Y13.228 E2163.91839
G1 X32.426 Y13.733 E2163.93392
G1 X32.814 Y14.186 E2163.94954
G1 X33.263 Y14.569 E2163.965
G1 X33.768 Y14.881 E2163.98055
G1 X34.326 Y15.113 E2163.99638
G1 X34.904 Y15.249 E2164.01193
G1 X35.513 Y15.3 E2164.02794
G1 X37.3 Y15.3 E2164.07474
G1 X37.3 Y13.5 E2164.12189
G1 X37.34 Y13.379 E2164.12523
G1 X37.465 Y13.302 E2164.12907
G1 X66.5 Y13.3 E2164.88957
G1 X66.642 Y13.358 E2164.89359
G1 X66.7 Y13.5 E2164.8976
G1 X66.698 Y86.535 E2166.81056
G0 F7200 X66.642 Y86.642
G0 X66.573 Y86.678
;MESH:NONMESH
G0 F600 Z18.9
G0 F7200 X66.573 Y87.41
G0 X67.338 Y12.662
G0 X34.848 Y12.41
G0 X34.848 Y12.22
;TIME_ELAPSED:3629.185964
;LAYER:124
;TYPE:FILL
;MESH:Wandhalterung TP-Link Media Converter.stl
G1 F3000 X36.78 Y14.153 E2166.88214
G1 X36.85 Y14.223
G0 F7200 X36.59 Y14.223
G0 X36.662 Y12.662
G0 X36.867 Y12.22
G1 F3000 X34.476 Y14.612 E2166.97073
G1 X34.406 Y14.682
G0 F7200 X34.514 Y14.423
G0 X36.662 Y12.662
G0 X40.504 Y12.41
G0 X40.504 Y12.22
G1 F3000 X41.064 Y12.78 E2166.99147
G0 F7200 X41.964 Y12.78
G1 F3000 X42.524 Y12.22 E2167.01222
G0 F7200 X42.524 Y12.41
G0 X46.161 Y12.41
G0 X46.161 Y12.22
G1 F3000 X46.721 Y12.78 E2167.03296
G0 F7200 X47.621 Y12.78
G1 F3000 X48.181 Y12.22 E2167.0537
G0 F7200 X48.181 Y12.41
G0 X51.818 Y12.41
G0 X51.818 Y12.22
G1 F3000 X52.378 Y12.78 E2167.07445
G0 F7200 X53.278 Y12.78
G1 F3000 X53.838 Y12.22 E2167.09519
G0 F7200 X53.838 Y12.41
G0 X57.475 Y12.41
G0 X57.475 Y12.22
G1 F3000 X58.034 Y12.78 E2167.11591
G0 F7200 X58.935 Y12.78
G1 F3000 X59.495 Y12.22 E2167.13666
G0 F7200 X59.495 Y12.41
G0 X63.132 Y12.41
G0 X63.132 Y12.22
G1 F3000 X63.691 Y12.78 E2167.15738
G0 F7200 X64.591 Y12.78
G1 F3000 X65.151 Y12.22 E2167.17813
G0 F7200 X65.151 Y12.41
G0 X67.338 Y12.662
G0 X67.59 Y15.248
G0 X67.78 Y15.248
G1 F3000 X67.22 Y15.808 E2167.19887
G0 F7200 X67.22 Y16.308
G1 F3000 X67.78 Y16.869 E2167.21963
G0 F7200 X67.59 Y16.869
G0 X67.59 Y20.905
G0 X67.78 Y20.905
G1 F3000 X67.22 Y21.465 E2167.24037
G0 F7200 X67.22 Y21.965
G1 F3000 X67.78 Y22.526 E2167.26114
G0 F7200 X67.59 Y22.526
G0 X67.59 Y26.562
G0 X67.78 Y26.562
G1 F3000 X67.22 Y27.122 E2167.28188
G0 F7200 X67.22 Y27.622
G1 F3000 X67.78 Y28.182 E2167.30262
G0 F7200 X67.59 Y28.182
G0 X67.59 Y32.219
G0 X67.78 Y32.219
G1 F3000 X67.22 Y32.779 E2167.32337
G0 F7200 X67.22 Y33.279
G1 F3000 X67.78 Y33.839 E2167.34411
G0 F7200 X67.59 Y33.839
G0 X67.59 Y37.875
G0 X67.78 Y37.875
G1 F3000 X67.22 Y38.435 E2167.36485
G0 F7200 X67.22 Y38.935
G1 F3000 X67.78 Y39.496 E2167.38561
G0 F7200 X67.59 Y39.496
G0 X67.59 Y43.532
G0 X67.78 Y43.532
G1 F3000 X67.22 Y44.092 E2167.40636
G0 F7200 X67.22 Y44.592
G1 F3000 X67.78 Y45.153 E2167.42712
G0 F7200 X67.59 Y45.153
G0 X67.59 Y49.189
G0 X67.78 Y49.189
G1 F3000 X67.22 Y49.749 E2167.44786
G0 F7200 X67.22 Y50.249
G1 F3000 X67.78 Y50.81 E2167.46862
G0 F7200 X67.59 Y50.81
G0 X67.59 Y54.846
G0 X67.78 Y54.846
G1 F3000 X67.22 Y55.406 E2167.48937
G0 F7200 X67.22 Y55.906
G1 F3000 X67.78 Y56.467 E2167.51013
G0 F7200 X67.59 Y56.467
G0 X67.59 Y60.503
G0 X67.78 Y60.503
G1 F3000 X67.22 Y61.063 E2167.53087
G0 F7200 X67.22 Y61.563
G1 F3000 X67.78 Y62.124 E2167.55163
G0 F7200 X67.59 Y62.124
G0 X67.59 Y66.16
G0 X67.78 Y66.16
G1 F3000 X67.22 Y66.72 E2167.57238
G0 F7200 X67.22 Y67.22
G1 F3000 X67.78 Y67.78 E2167.59312
G0 F7200 X67.59 Y67.78
G0 X67.59 Y71.817
G0 X67.78 Y71.817
G1 F3000 X67.22 Y72.377 E2167.61386
G0 F7200 X67.22 Y72.877
G1 F3000 X67.78 Y73.437 E2167.63461
G0 F7200 X67.59 Y73.437
G0 X67.59 Y77.473
G0 X67.78 Y77.473
G1 F3000 X67.22 Y78.033 E2167.65535
G0 F7200 X67.22 Y78.533
G1 F3000 X67.78 Y79.094 E2167.67611
G0 F7200 X67.59 Y79.094
G0 X67.59 Y83.13
G0 X67.78 Y83.13
G1 F3000 X67.22 Y83.69 E2167.69686
G0 F7200 X67.22 Y84.19
G1 F3000 X67.78 Y84.751 E2167.71762
G0 F7200 X67.59 Y84.751
G0 X67.338 Y87.338
G0 X65.152 Y87.59
G0 X65.152 Y87.78
G1 F3000 X64.593 Y87.22 E2167.73834
G0 F7200 X63.691 Y87.22
G1 F3000 X63.13 Y87.78 E2167.7591
G0 F7200 X63.13 Y87.59
G0 X59.495 Y87.59
G0 X59.495 Y87.78
G1 F3000 X58.936 Y87.22 E2167.77983
G0 F7200 X58.034 Y87.22
G1 F3000 X57.474 Y87.78 E2167.80057
G0 F7200 X57.474 Y87.59
G0 X53.838 Y87.59
G0 X53.838 Y87.78
G1 F3000 X53.279 Y87.22 E2167.8213
G0 F7200 X52.378 Y87.22
G1 F3000 X51.817 Y87.78 E2167.84206
G0 F7200 X51.817 Y87.59
G0 X48.181 Y87.59
G0 X48.181 Y87.779
G1 F3000 X47.622 Y87.22 E2167.86277
G0 F7200 X46.721 Y87.22
G1 F3000 X46.161 Y87.78 E2167.88351
G0 F7200 X46.161 Y87.59
G0 X42.524 Y87.59
G0 X42.524 Y87.779
G1 F3000 X41.965 Y87.22 E2167.90422
G0 F7200 X41.064 Y87.22
G1 F3000 X40.504 Y87.78 E2167.92496
G0 F7200 X40.504 Y87.59
G0 X36.867 Y87.59
G0 X36.867 Y87.779
G1 F3000 X34.476 Y85.388 E2168.01352
G1 X34.406 Y85.318
G0 F7200 X34.513 Y85.578
G0 X36.59 Y85.847
G0 X36.779 Y85.847
G1 F3000 X34.847 Y87.78 E2168.08511
G1 X34.777 Y87.85
G0 F7200 X34.777 Y87.59
G0 X67.338 Y87.338
G0 X66.924 Y86.924
;TYPE:WALL-INNER
G1 F2400 X66.589 Y87.1 E2168.09502
G1 X37.5 Y87.1 E2168.85693
G1 X37.02 Y86.861 E2168.87097
G1 X36.9 Y86.501 E2168.88091
G1 X36.9 Y85.1 E2168.91761
G1 X35.527 Y85.1 E2168.95357
G1 X34.967 Y85.143 E2168.96828
G1 X34.451 Y85.268 E2168.98219
G1 X33.949 Y85.477 E2168.99643
G1 X33.499 Y85.751 E2169.01023
G1 X33.098 Y86.098 E2169.02412
G1 X32.751 Y86.499 E2169.03801
G1 X32.476 Y86.95 E2169.05184
G1 X32.269 Y87.443 E2169.06585
G1 X32.16 Y87.899 E2169.07813
G1 X67.9 Y87.9 E2170.01424
G1 X67.9 Y12.1 E2171.99962
G1 X32.161 Y12.1 E2172.93571
G1 X32.265 Y12.547 E2172.94773
G1 X32.472 Y13.045 E2172.96186
G1 X32.75 Y13.497 E2172.97576
G1 X33.098 Y13.902 E2172.98974
G1 X33.499 Y14.245 E2173.00357
G1 X33.951 Y14.524 E2173.01748
G1 X34.45 Y14.731 E2173.03163
G1 X34.967 Y14.853 E2173.04554
G1 X35.529 Y14.9 E2173.06031
G1 X36.9 Y14.9 E2173.09622
G1 X36.9 Y13.5 E2173.13289
G1 X37.02 Y13.139 E2173.14286
G1 X37.409 Y12.9 E2173.15482
G1 X66.5 Y12.9 E2173.91678
G1 X66.924 Y13.076 E2173.9288
G1 X67.1 Y13.5 E2173.94083
G1 X67.1 Y86.589 E2175.8552
G1 X66.924 Y86.924 E2175.86511
G0 F7200 X66.698 Y86.535
;TYPE:WALL-OUTER
G1 F1200 X66.642 Y86.642 E2175.86827
G1 X66.535 Y86.698 E2175.87144
G1 X37.5 Y86.7 E2176.63193
G1 X37.34 Y86.621 E2176.63661
G1 X37.3 Y86.501 E2176.63992
G1 X37.3 Y84.7 E2176.68709
G1 X35.512 Y84.7 E2176.73392
G1 X34.904 Y84.747 E2176.7499
G1 X34.327 Y84.887 E2176.76545
G1 X33.767 Y85.119 E2176.78132
G1 X33.263 Y85.427 E2176.79679
G1 X32.814 Y85.814 E2176.81232
G1 X32.427 Y86.263 E2176.82785
G1 X32.119 Y86.768 E2176.84334
G1 X31.887 Y87.319 E2176.859
G1 X31.747 Y87.911 E2176.87493
G1 X31.717 Y88.3 E2176.88515
G1 X68.3 Y88.3 E2177.84335
G1 X68.3 Y11.7 E2179.84968
G1 X31.717 Y11.7 E2180.80788
G1 X31.747 Y12.085 E2180.81799
G1 X31.883 Y12.67 E2180.83372
G1 X32.115 Y13.228 E2180.84955
G1 X32.426 Y13.733 E2180.86508
G1 X32.814 Y14.186 E2180.88071
G1 X33.263 Y14.569 E2180.89616
G1 X33.768 Y14.881 E2180.91171
G1 X34.326 Y15.113 E2180.92754
G1 X34.904 Y15.249 E2180.94309
G1 X35.513 Y15.3 E2180.9591
G1 X37.3 Y15.3 E2181.00591
G1 X37.3 Y13.5 E2181.05305
G1 X37.34 Y13.379 E2181.05639
G1 X37.465 Y13.302 E2181.06024
G1 X66.5 Y13.3 E2181.82073
G1 X66.642 Y13.358 E2181.82475
G1 X66.7 Y13.5 E2181.82877
G1 X66.698 Y86.535 E2183.74172
G0 F7200 X66.642 Y86.642
G0 X66.573 Y86.678
;MESH:NONMESH
G0 F600 Z19.05
G0 F7200 X66.573 Y87.41
G0 X67.338 Y12.662
G0 X40.504 Y12.41
G0 X40.504 Y12.22
;TIME_ELAPSED:3656.714930
;LAYER:125
;TYPE:FILL
;MESH:Wandhalterung TP-Link Media Converter.stl
G1 F3000 X41.064 Y12.78 E2183.76247
G0 F7200 X41.964 Y12.78
G1 F3000 X42.525 Y12.22 E2183.78323
G0 F7200 X42.525 Y12.41
G0 X46.161 Y12.41
G0 X46.161 Y12.22
G1 F3000 X46.721 Y12.78 E2183.80397
G0 F7200 X47.621 Y12.78
G1 F3000 X48.182 Y12.22 E2183.82473
G0 F7200 X48.182 Y12.41
G0 X51.818 Y12.41
G0 X51.818 Y12.22
G1 F3000 X52.378 Y12.78 E2183.84548
G0 F7200 X53.278 Y12.78
G1 F3000 X53.838 Y12.22 E2183.86622
G0 F7200 X53.838 Y12.41
G0 X57.475 Y12.41
G0 X57.475 Y12.22
G1 F3000 X58.034 Y12.78 E2183.88695
G0 F7200 X58.935 Y12.78
G1 F3000 X59.495 Y12.22 E2183.90769
G0 F7200 X59.495 Y12.41
G0 X63.132 Y12.41
G0 X63.132 Y12.22
G1 F3000 X63.691 Y12.78 E2183.92841
G0 F7200 X64.591 Y12.78
G1 F3000 X65.152 Y12.22 E2183.94918
G0 F7200 X65.152 Y12.41
G0 X67.338 Y12.662
G0 X67.59 Y15.248
G0 X67.78 Y15.248
G1 F3000 X67.22 Y15.808 E2183.96992
G0 F7200 X67.22 Y16.308
G1 F3000 X67.78 Y16.869 E2183.99068
G0 F7200 X67.59 Y16.869
G0 X67.59 Y20.905
G0 X67.78 Y20.905
G1 F3000 X67.22 Y21.465 E2184.01142
G0 F7200 X67.22 Y21.965
G1 F3000 X67.78 Y22.526 E2184.03219
G0 F7200 X67.59 Y22.526
G0 X67.59 Y26.562
G0 X67.78 Y26.562
G1 F3000 X67.22 Y27.122 E2184.05293
G0 F7200 X67.22 Y27.622
G1 F3000 X67.78 Y28.182 E2184.07367
G0 F7200 X67.59 Y28.182
G0 X67.59 Y32.219
G0 X67.78 Y32.219
G1 F3000 X67.22 Y32.779 E2184.09442
G0 F7200 X67.22 Y33.279
G1 F3000 X67.78 Y33.839 E2184.11516
G0 F7200 X67.59 Y33.839
G0 X67.59 Y37.875
G0 X67.78 Y37.875
G1 F3000 X67.22 Y38.435 E2184.1359
G0 F7200 X67.22 Y38.935
G1 F3000 X67.78 Y39.496 E2184.15666
G0 F7200 X67.59 Y39.496
G0 X67.59 Y43.532
G0 X67.78 Y43.532
G1 F3000 X67.22 Y44.092 E2184.17741
G0 F7200 X67.22 Y44.592
G1 F3000 X67.78 Y45.153 E2184.19817
G0 F7200 X67.59 Y45.153
G0 X67.59 Y49.189
G0 X67.78 Y49.189
G1 F3000 X67.22 Y49.749 E2184.21891
G0 F7200 X67.22 Y50.249
G1 F3000 X67.78 Y50.81 E2184.23967
G0 F7200 X67.59 Y50.81
G0 X67.59 Y54.846
G0 X67.78 Y54.846
G1 F3000 X67.22 Y55.406 E2184.26042
G0 F7200 X67.22 Y55.906
G1 F3000 X67.78 Y56.467 E2184.28118
G0 F7200 X67.59 Y56.467
G0 X67.59 Y60.503
G0 X67.78 Y60.503
G1 F3000 X67.22 Y61.063 E2184.30192
G0 F7200 X67.22 Y61.563
G1 F3000 X67.78 Y62.124 E2184.32268
G0 F7200 X67.59 Y62.124
G0 X67.59 Y66.16
G0 X67.78 Y66.16
G1 F3000 X67.22 Y66.72 E2184.34343
G0 F7200 X67.22 Y67.22
G1 F3000 X67.78 Y67.78 E2184.36417
G0 F7200 X67.59 Y67.78
G0 X67.59 Y71.817
G0 X67.78 Y71.817
G1 F3000 X67.22 Y72.377 E2184.38491
G0 F7200 X67.22 Y72.877
G1 F3000 X67.78 Y73.437 E2184.40566
G0 F7200 X67.59 Y73.437
G0 X67.59 Y77.473
G0 X67.78 Y77.473
G1 F3000 X67.22 Y78.033 E2184.4264
G0 F7200 X67.22 Y78.533
G1 F3000 X67.78 Y79.094 E2184.44716
G0 F7200 X67.59 Y79.094
G0 X67.59 Y83.13
G0 X67.78 Y83.13
G1 F3000 X67.22 Y83.69 E2184.46791
G0 F7200 X67.22 Y84.19
G1 F3000 X67.78 Y84.751 E2184.48867
G0 F7200 X67.59 Y84.751
G0 X67.338 Y87.338
G0 X65.152 Y87.59
G0 X65.152 Y87.78
G1 F3000 X64.593 Y87.22 E2184.50939
G0 F7200 X63.691 Y87.22
G1 F3000 X63.13 Y87.78 E2184.53015
G0 F7200 X63.13 Y87.59
G0 X59.495 Y87.59
G0 X59.495 Y87.78
G1 F3000 X58.936 Y87.22 E2184.55088
G0 F7200 X58.034 Y87.22
G1 F3000 X57.474 Y87.78 E2184.57162
G0 F7200 X57.474 Y87.59
G0 X53.838 Y87.59
G0 X53.838 Y87.78
G1 F3000 X53.279 Y87.22 E2184.59235
G0 F7200 X52.378 Y87.22
G1 F3000 X51.817 Y87.78 E2184.61311
G0 F7200 X51.817 Y87.59
G0 X48.182 Y87.59
G0 X48.182 Y87.78
G1 F3000 X47.622 Y87.22 E2184.63385
G0 F7200 X46.721 Y87.22
G1 F3000 X46.16 Y87.78 E2184.65461
G0 F7200 X46.16 Y87.59
G0 X42.525 Y87.59
G0 X42.525 Y87.78
G1 F3000 X41.965 Y87.22 E2184.67536
G0 F7200 X41.064 Y87.22
G1 F3000 X40.503 Y87.78 E2184.69612
G0 F7200 X40.503 Y87.59
G0 X36.868 Y87.59
G0 X36.868 Y87.78
G1 F3000 X36.707 Y87.619 E2184.70208
G0 F7200 X36.707 Y87.59
G0 X35.007 Y87.59
G0 X35.007 Y87.619
G1 F3000 X34.846 Y87.78 E2184.70805
G0 F7200 X34.97 Y87.579
G1 F600 X33.535 Y86.144 E2184.73842
G0 F7200 X33.243 Y86.418
G1 F600 X34.404 Y87.579 E2184.763
G0 F7200 X33.839 Y87.579
G1 F600 X32.987 Y86.727 E2184.78103
G0 F7200 X32.772 Y87.078
G1 F600 X33.273 Y87.579 E2184.79163
G0 F7200 X32.707 Y87.579
G1 F600 X32.603 Y87.474 E2184.79385
G0 F7200 X33.863 Y85.906
G1 F600 X35.536 Y87.579 E2184.82926
G0 F7200 X36.101 Y87.579
G1 F600 X34.23 Y85.707 E2184.86887
G0 F7200 X34.64 Y85.552
G1 F600 X36.667 Y87.579 E2184.91178
G0 F7200 X37.233 Y87.579
G1 F600 X35.108 Y85.454 E2184.95675
G0 F7200 X35.64 Y85.42
G1 F600 X36.58 Y86.36 E2184.97665
G0 F7200 X36.58 Y85.795
G1 F600 X36.205 Y85.42 E2184.98459
G0 F7200 X36.662 Y87.338
G0 X67.338 Y87.338
G0 X67.338 Y12.662
G0 X36.662 Y12.662
G0 X36.076 Y14.58
G1 F600 X33.916 Y12.42 E2185.03031
G0 F7200 X34.481 Y12.42
G1 F600 X36.58 Y14.518 E2185.07473
G0 F7200 X36.58 Y13.953
G1 F600 X35.047 Y12.42 E2185.10718
G0 F7200 X35.613 Y12.42
G1 F600 X36.603 Y13.41 E2185.12813
G0 F7200 X36.745 Y12.986
G1 F600 X36.178 Y12.42 E2185.14012
G0 F7200 X36.744 Y12.42
G1 F600 X37.071 Y12.747 E2185.14704
G0 F7200 X37.071 Y12.59
G0 X35.507 Y14.576
G1 F600 X33.35 Y12.42 E2185.19269
G0 F7200 X32.784 Y12.42
G1 F600 X34.865 Y14.5 E2185.23673
G0 F7200 X33.941 Y14.142
G1 F600 X32.853 Y13.054 E2185.25975
G0 F7200 X36.662 Y12.662
G0 X67.338 Y12.662
G0 X67.41 Y86.924
G0 X66.924 Y86.924
;TYPE:WALL-INNER
G1 F2400 X66.589 Y87.1 E2185.26967
G1 X37.5 Y87.1 E2186.03158
G1 X37.02 Y86.861 E2186.04562
G1 X36.9 Y86.501 E2186.05556
G1 X36.9 Y85.1 E2186.09226
G1 X35.527 Y85.1 E2186.12822
G1 X34.967 Y85.143 E2186.14293
G1 X34.451 Y85.268 E2186.15683
G1 X33.949 Y85.477 E2186.17108
G1 X33.499 Y85.751 E2186.18488
G1 X33.098 Y86.098 E2186.19877
G1 X32.751 Y86.499 E2186.21266
G1 X32.476 Y86.95 E2186.22649
G1 X32.269 Y87.443 E2186.2405
G1 X32.16 Y87.899 E2186.25278
G1 X67.9 Y87.9 E2187.18889
G1 X67.9 Y12.1 E2189.17427
G1 X32.161 Y12.1 E2190.11036
G1 X32.265 Y12.547 E2190.12238
G1 X32.472 Y13.045 E2190.13651
G1 X32.75 Y13.497 E2190.15041
G1 X33.098 Y13.902 E2190.16439
G1 X33.499 Y14.245 E2190.17821
G1 X33.951 Y14.524 E2190.19213
G1 X34.45 Y14.731 E2190.20628
G1 X34.967 Y14.853 E2190.22019
G1 X35.529 Y14.9 E2190.23496
G1 X36.9 Y14.9 E2190.27087
G1 X36.9 Y13.5 E2190.30754
G1 X37.02 Y13.139 E2190.3175
G1 X37.409 Y12.9 E2190.32946
G1 X66.5 Y12.9 E2191.09142
G1 X66.924 Y13.076 E2191.10345
G1 X67.1 Y13.5 E2191.11547
G1 X67.1 Y86.589 E2193.02985
G1 X66.924 Y86.924 E2193.03976
G0 F7200 X66.698 Y86.535
;TYPE:WALL-OUTER
G1 F1200 X66.642 Y86.642 E2193.04292
G1 X66.535 Y86.698 E2193.04608
G1 X37.5 Y86.7 E2193.80658
G1 X37.34 Y86.621 E2193.81125
G1 X37.3 Y86.501 E2193.81457
G1 X37.3 Y84.7 E2193.86174
G1 X35.512 Y84.7 E2193.90857
G1 X34.904 Y84.747 E2193.92454
G1 X34.327 Y84.887 E2193.94009
G1 X33.767 Y85.119 E2193.95597
G1 X33.263 Y85.427 E2193.97144
G1 X32.814 Y85.814 E2193.98697
G1 X32.427 Y86.263 E2194.00249
G1 X32.119 Y86.768 E2194.01799
G1 X31.887 Y87.319 E2194.03365
G1 X31.747 Y87.911 E2194.04958
G1 X31.717 Y88.3 E2194.0598
G1 X68.3 Y88.3 E2195.01799
G1 X68.3 Y11.7 E2197.02433
G1 X31.717 Y11.7 E2197.98252
G1 X31.747 Y12.085 E2197.99264
G1 X31.883 Y12.67 E2198.00837
G1 X32.115 Y13.228 E2198.0242
G1 X32.426 Y13.733 E2198.03973
G1 X32.814 Y14.186 E2198.05535
G1 X33.263 Y14.569 E2198.07081
G1 X33.768 Y14.881 E2198.08636
G1 X34.326 Y15.113 E2198.10219
G1 X34.904 Y15.249 E2198.11774
G1 X35.513 Y15.3 E2198.13375
G1 X37.3 Y15.3 E2198.18055
G1 X37.3 Y13.5 E2198.2277
G1 X37.34 Y13.379 E2198.23104
G1 X37.465 Y13.302 E2198.23488
G1 X66.5 Y13.3 E2198.99538
G1 X66.642 Y13.358 E2198.99939
G1 X66.7 Y13.5 E2199.00341
G1 X66.698 Y86.535 E2200.91637
G0 F7200 X66.642 Y86.642
G0 X66.573 Y86.678
;MESH:NONMESH
G0 F600 Z19.2
G0 F7200 X66.924 Y86.924
;TIME_ELAPSED:3688.969246
;LAYER:126
;TYPE:WALL-INNER
;MESH:Wandhalterung TP-Link Media Converter.stl
G1 F2400 X66.589 Y87.1 E2200.92628
G1 X37.5 Y87.1 E2201.68819
G1 X37.02 Y86.861 E2201.70224
G1 X36.9 Y86.501 E2201.71218
G1 X36.9 Y85.1 E2201.74887
G1 X35.527 Y85.1 E2201.78483
G1 X34.967 Y85.143 E2201.79954
G1 X34.451 Y85.268 E2201.81345
G1 X33.949 Y85.477 E2201.82769
G1 X33.499 Y85.751 E2201.84149
G1 X33.098 Y86.098 E2201.85538
G1 X32.751 Y86.499 E2201.86927
G1 X32.476 Y86.95 E2201.88311
G1 X32.269 Y87.443 E2201.89711
G1 X32.16 Y87.899 E2201.90939
G1 X67.9 Y87.9 E2202.84551
G1 X67.9 Y12.1 E2204.83089
G1 X32.161 Y12.1 E2205.76698
G1 X32.265 Y12.547 E2205.779
G1 X32.472 Y13.045 E2205.79312
G1 X32.75 Y13.497 E2205.80702
G1 X33.098 Y13.902 E2205.82101
G1 X33.499 Y14.245 E2205.83483
G1 X33.951 Y14.524 E2205.84874
G1 X34.45 Y14.731 E2205.86289
G1 X34.967 Y14.853 E2205.87681
G1 X35.529 Y14.9 E2205.89158
G1 X36.9 Y14.9 E2205.92749
G1 X36.9 Y13.5 E2205.96416
G1 X37.02 Y13.139 E2205.97412
G1 X37.409 Y12.9 E2205.98608
G1 X66.5 Y12.9 E2206.74804
G1 X66.924 Y13.076 E2206.76006
G1 X67.1 Y13.5 E2206.77209
G1 X67.1 Y86.589 E2208.68646
G1 X66.924 Y86.924 E2208.69637
G0 F7200 X66.698 Y86.535
;TYPE:WALL-OUTER
G1 F1200 X66.642 Y86.642 E2208.69954
G1 X66.535 Y86.698 E2208.7027
G1 X37.5 Y86.7 E2209.4632
G1 X37.34 Y86.621 E2209.46787
G1 X37.3 Y86.501 E2209.47118
G1 X37.3 Y84.7 E2209.51835
G1 X35.512 Y84.7 E2209.56519
G1 X34.904 Y84.747 E2209.58116
G1 X34.327 Y84.887 E2209.59671
G1 X33.767 Y85.119 E2209.61259
G1 X33.263 Y85.427 E2209.62806
G1 X32.814 Y85.814 E2209.64358
G1 X32.427 Y86.263 E2209.65911
G1 X32.119 Y86.768 E2209.6746
G1 X31.887 Y87.319 E2209.69026
G1 X31.747 Y87.911 E2209.7062
G1 X31.717 Y88.3 E2209.71641
G1 X68.3 Y88.3 E2210.67461
G1 X68.3 Y11.7 E2212.68094
G1 X31.717 Y11.7 E2213.63914
G1 X31.747 Y12.085 E2213.64925
G1 X31.883 Y12.67 E2213.66498
G1 X32.115 Y13.228 E2213.68081
G1 X32.426 Y13.733 E2213.69635
G1 X32.814 Y14.186 E2213.71197
G1 X33.263 Y14.569 E2213.72743
G1 X33.768 Y14.881 E2213.74298
G1 X34.326 Y15.113 E2213.7588
G1 X34.904 Y15.249 E2213.77436
G1 X35.513 Y15.3 E2213.79036
G1 X37.3 Y15.3 E2213.83717
G1 X37.3 Y13.5 E2213.88432
G1 X37.34 Y13.379 E2213.88765
G1 X37.465 Y13.302 E2213.8915
G1 X66.5 Y13.3 E2214.65199
G1 X66.642 Y13.358 E2214.65601
G1 X66.7 Y13.5 E2214.66003
G1 X66.698 Y86.535 E2216.57299
G0 F7200 X66.642 Y86.642
G0 X66.573 Y86.678
G0 X66.645 Y87.499
;TYPE:SKIN
G1 F687 X52.078 Y87.498 E2217.07281
G1 F695 X37.511 Y87.498 E2217.56691
G0 F7200 X36.817 Y87.115
G1 F869.6 X37.497 Y87.51 E2217.58823
G1 X36.713 Y87.556 E2217.60952
G1 F900 X32.59 Y87.556 E2217.71751
G1 X32.779 Y87.104 E2217.73034
G1 X33.023 Y86.703 E2217.74264
G1 X33.338 Y86.338 E2217.75526
G1 X33.703 Y86.023 E2217.76789
G1 X34.096 Y85.783 E2217.77995
G1 X34.555 Y85.591 E2217.79299
G1 X35.023 Y85.479 E2217.80559
G1 X35.544 Y85.44 E2217.81927
G1 X36.56 Y85.44 E2217.84589
G1 X36.56 Y86.492 E2217.87344
G1 X36.718 Y87 E2217.88737
G1 X36.817 Y87.115 E2217.89135
G0 F7200 X36.59 Y87.115
G0 X67.338 Y87.338
G0 X67.338 Y12.662
G0 X36.662 Y12.662
G0 X36.56 Y13.472
G1 F900 X36.56 Y14.56 E2217.91985
G1 X35.545 Y14.56 E2217.94643
G1 X35.02 Y14.513 E2217.96024
G1 X34.554 Y14.404 E2217.97277
G1 X34.104 Y14.217 E2217.98554
G1 X33.695 Y13.965 E2217.99812
G1 X33.338 Y13.658 E2218.01045
G1 X33.026 Y13.297 E2218.02295
G1 X32.775 Y12.892 E2218.03543
G1 X32.589 Y12.44 E2218.04823
G1 X36.678 Y12.44 E2218.15533
G1 F833.3 X37.332 Y12.5 E2218.17391
G1 X36.803 Y12.885 E2218.19242
G1 F900 X36.717 Y12.993 E2218.19603
G1 X36.56 Y13.472 E2218.20924
G0 F7200 X36.662 Y12.662
G0 X37.347 Y12.501
G1 F688.3 X66.488 Y12.5 E2219.20721
G0 F7200 X67.179 Y12.816
G1 F739.2 X66.516 Y12.498 E2219.23066
G1 F775.9 X67.164 Y12.457 E2219.25039
G1 F798.2 X67.566 Y12.457 E2219.26226
G1 F743.8 X67.502 Y13.479 E2219.29472
G1 F734.7 X67.179 Y12.816 E2219.31838
G0 F7200 X67.5 Y13.508
G1 F691 X67.499 Y86.645 E2221.81349
G0 F7200 X67.174 Y87.173
G1 F791.2 X67.5 Y86.657 E2221.83167
G1 X67.544 Y87.202 E2221.84796
G1 F831.4 X67.544 Y87.543 E2221.85763
G1 X67.202 Y87.544 E2221.86733
G1 F789.5 X66.661 Y87.5 E2221.88353
G1 X67.174 Y87.173 E2221.9017
G0 F7200 X67.41 Y87.173
G0 X36.662 Y87.338
G0 X32.946 Y87.252
G1 F900 X33.049 Y87.355 E2221.90552
G0 F7200 X33.148 Y86.888
G1 F900 X33.615 Y87.355 E2221.92281
G0 F7200 X34.181 Y87.355
G1 F900 X33.399 Y86.573 E2221.95178
G0 F7200 X33.69 Y86.299
G1 F900 X34.747 Y87.355 E2221.99091
G0 F7200 X35.312 Y87.355
G1 F900 X34.02 Y86.063 E2222.03877
G0 F7200 X34.397 Y85.875
G1 F900 X35.878 Y87.355 E2222.09361
G0 F7200 X36.444 Y87.355
G1 F900 X34.821 Y85.733 E2222.15371
G0 F7200 X35.312 Y85.658
G1 F900 X36.45 Y86.796 E2222.19587
G0 F7200 X36.36 Y86.14
G1 F900 X35.86 Y85.64 E2222.21439
G0 F7200 X36.662 Y87.338
G0 X67.338 Y87.338
G0 X67.338 Y12.662
G0 X36.662 Y12.662
G0 X35.856 Y14.36
G1 F900 X34.136 Y12.64 E2222.2781
G0 F7200 X33.571 Y12.64
G1 F900 X35.265 Y14.334 E2222.34085
G0 F7200 X34.55 Y14.185
G1 F900 X33.005 Y12.64 E2222.39808
G1 X32.935 Y12.57
G0 F7200 X34.702 Y12.64
G1 F900 X36.36 Y14.298 E2222.45949
G0 F7200 X36.36 Y13.733
G1 F900 X35.268 Y12.64 E2222.49996
G0 F7200 X35.833 Y12.64
G1 F900 X36.437 Y13.243 E2222.52231
G0 F7200 X36.599 Y12.84
G1 F900 X36.399 Y12.64 E2222.52972
G0 F7200 X36.408 Y12.71
;MESH:NONMESH
G0 F600 Z19.35
G0 F7200 X67.338 Y12.662
G0 X67.41 Y86.924
G0 X66.924 Y86.924
;TIME_ELAPSED:3730.988376
;LAYER:127
;TYPE:WALL-INNER
;MESH:Wandhalterung TP-Link Media Converter.stl
G1 F2400 X66.589 Y87.1 E2222.53963
G1 X37.5 Y87.1 E2223.30154
G1 X37.02 Y86.861 E2223.31559
G1 X36.9 Y86.501 E2223.32553
G1 X36.9 Y85.1 E2223.36222
G1 X35.527 Y85.1 E2223.39818
G1 X34.967 Y85.143 E2223.4129
G1 X34.451 Y85.268 E2223.4268
G1 X33.949 Y85.477 E2223.44104
G1 X33.499 Y85.751 E2223.45484
G1 X33.098 Y86.098 E2223.46873
G1 X32.751 Y86.499 E2223.48262
G1 X32.476 Y86.95 E2223.49646
G1 X32.269 Y87.443 E2223.51046
G1 X32.16 Y87.899 E2223.52274
G1 X67.9 Y87.9 E2224.45886
G1 X67.9 Y12.1 E2226.44424
G1 X32.161 Y12.1 E2227.38033
G1 X32.265 Y12.547 E2227.39235
G1 X32.472 Y13.045 E2227.40647
G1 X32.75 Y13.497 E2227.42037
G1 X33.098 Y13.902 E2227.43436
G1 X33.499 Y14.245 E2227.44818
G1 X33.951 Y14.524 E2227.46209
G1 X34.45 Y14.731 E2227.47624
G1 X34.967 Y14.853 E2227.49016
G1 X35.529 Y14.9 E2227.50493
G1 X36.9 Y14.9 E2227.54084
G1 X36.9 Y13.5 E2227.57751
G1 X37.02 Y13.139 E2227.58747
G1 X37.409 Y12.9 E2227.59943
G1 X66.5 Y12.9 E2228.36139
G1 X66.924 Y13.076 E2228.37342
G1 X67.1 Y13.5 E2228.38544
G1 X67.1 Y86.589 E2230.29981
G1 X66.924 Y86.924 E2230.30972
G0 F7200 X66.698 Y86.535
;TYPE:WALL-OUTER
G1 F1200 X66.642 Y86.642 E2230.31289
G1 X66.535 Y86.698 E2230.31605
G1 X37.5 Y86.7 E2231.07655
G1 X37.34 Y86.621 E2231.08122
G1 X37.3 Y86.501 E2231.08453
G1 X37.3 Y84.7 E2231.1317
G1 X35.512 Y84.7 E2231.17854
G1 X34.904 Y84.747 E2231.19451
G1 X34.327 Y84.887 E2231.21006
G1 X33.767 Y85.119 E2231.22594
G1 X33.263 Y85.427 E2231.24141
G1 X32.814 Y85.814 E2231.25693
G1 X32.427 Y86.263 E2231.27246
G1 X32.119 Y86.768 E2231.28795
G1 X31.887 Y87.319 E2231.30361
G1 X31.747 Y87.911 E2231.31955
G1 X31.717 Y88.3 E2231.32977
G1 X68.3 Y88.3 E2232.28796
G1 X68.3 Y11.7 E2234.29429
G1 X31.717 Y11.7 E2235.25249
G1 X31.747 Y12.085 E2235.2626
G1 X31.883 Y12.67 E2235.27834
G1 X32.115 Y13.228 E2235.29416
G1 X32.426 Y13.733 E2235.3097
G1 X32.814 Y14.186 E2235.32532
G1 X33.263 Y14.569 E2235.34078
G1 X33.768 Y14.881 E2235.35633
G1 X34.326 Y15.113 E2235.37215
G1 X34.904 Y15.249 E2235.38771
G1 X35.513 Y15.3 E2235.40371
G1 X37.3 Y15.3 E2235.45052
G1 X37.3 Y13.5 E2235.49767
G1 X37.34 Y13.379 E2235.501
G1 X37.465 Y13.302 E2235.50485
G1 X66.5 Y13.3 E2236.26534
G1 X66.642 Y13.358 E2236.26936
G1 X66.7 Y13.5 E2236.27338
G1 X66.698 Y86.535 E2238.18634
G0 F7200 X66.642 Y86.642
G0 X66.573 Y86.678
G0 X66.645 Y87.499
;TYPE:SKIN
G1 F687 X52.078 Y87.498 E2238.68616
G1 F695 X37.511 Y87.498 E2239.18026
G0 F7200 X36.817 Y87.115
G1 F869.6 X37.497 Y87.51 E2239.20158
G1 X36.713 Y87.556 E2239.22287
G1 F900 X32.59 Y87.556 E2239.33086
G1 X32.779 Y87.104 E2239.34369
G1 X33.023 Y86.703 E2239.35599
G1 X33.338 Y86.338 E2239.36862
G1 X33.703 Y86.023 E2239.38124
G1 X34.096 Y85.783 E2239.3933
G1 X34.555 Y85.591 E2239.40634
G1 X35.023 Y85.479 E2239.41894
G1 X35.544 Y85.44 E2239.43262
G1 X36.56 Y85.44 E2239.45924
G1 X36.56 Y86.492 E2239.48679
G1 X36.718 Y87 E2239.50072
G1 X36.817 Y87.115 E2239.5047
G0 F7200 X36.59 Y87.115
G0 X67.338 Y87.338
G0 X67.338 Y12.662
G0 X36.662 Y12.662
G0 X36.56 Y13.472
G1 F900 X36.56 Y14.56 E2239.5332
G1 X35.545 Y14.56 E2239.55978
G1 X35.02 Y14.513 E2239.57359
G1 X34.554 Y14.404 E2239.58612
G1 X34.104 Y14.217 E2239.59889
G1 X33.695 Y13.965 E2239.61147
G1 X33.338 Y13.658 E2239.6238
G1 X33.026 Y13.297 E2239.6363
G1 X32.775 Y12.892 E2239.64878
G1 X32.589 Y12.44 E2239.66158
G1 X36.678 Y12.44 E2239.76868
G1 F833.3 X37.332 Y12.5 E2239.78726
G1 X36.803 Y12.885 E2239.80577
G1 F900 X36.717 Y12.993 E2239.80938
G1 X36.56 Y13.472 E2239.82259
G0 F7200 X36.662 Y12.662
G0 X37.347 Y12.501
G1 F688.3 X66.488 Y12.5 E2240.82056
G0 F7200 X67.179 Y12.816
G1 F739.2 X66.516 Y12.498 E2240.84401
G1 F775.9 X67.164 Y12.457 E2240.86374
G1 F798.2 X67.566 Y12.457 E2240.87561
G1 F743.8 X67.502 Y13.479 E2240.90807
G1 F734.7 X67.179 Y12.816 E2240.93173
G0 F7200 X67.5 Y13.508
G1 F691 X67.499 Y86.645 E2243.42684
G0 F7200 X67.174 Y87.173
G1 F791.2 X67.5 Y86.657 E2243.44502
G1 X67.544 Y87.202 E2243.46131
G1 F831.4 X67.544 Y87.543 E2243.47098
G1 X67.202 Y87.544 E2243.48068
G1 F789.5 X66.661 Y87.5 E2243.49689
G1 X67.174 Y87.173 E2243.51505
G0 F7200 X67.41 Y87.173
G0 X36.662 Y87.338
G0 X36.663 Y87.222
G1 F900 X36.596 Y87.289 E2243.51753
G1 X36.596 Y87.29
G1 X36.529 Y87.356 E2243.52
G0 F7200 X36.466 Y86.853
G1 F900 X35.963 Y87.356 E2243.53863
G0 F7200 X35.398 Y87.356
G1 F900 X36.359 Y86.394 E2243.57424
G0 F7200 X36.359 Y85.829
G1 F900 X34.832 Y87.356 E2243.63081
G0 F7200 X34.267 Y87.355
G1 F900 X35.983 Y85.64 E2243.69435
G0 F7200 X35.406 Y85.65
G1 F900 X33.701 Y87.355 E2243.75751
G0 F7200 X33.135 Y87.356
G1 F900 X34.738 Y85.753 E2243.81688
G1 X34.808 Y85.683
G0 F7200 X36.662 Y87.338
G0 X67.338 Y87.338
G0 X67.338 Y12.662
G0 X36.662 Y12.662
G0 X35.985 Y14.361
G1 F900 X36.359 Y13.987 E2243.83074
G0 F7200 X36.394 Y13.386
G1 F900 X35.43 Y14.35 E2243.86645
G0 F7200 X34.928 Y14.286
G1 F900 X36.574 Y12.64 E2243.92742
G0 F7200 X36.009 Y12.64
G1 F900 X34.488 Y14.161 E2243.98376
G0 F7200 X34.102 Y13.982
G1 F900 X35.443 Y12.64 E2244.03345
G0 F7200 X34.877 Y12.64
G1 F900 X33.76 Y13.757 E2244.07482
G0 F7200 X33.46 Y13.492
G1 F900 X34.312 Y12.64 E2244.10638
G0 F7200 X33.746 Y12.64
G1 F900 X33.197 Y13.189 E2244.12672
G0 F7200 X32.993 Y12.828
G1 F900 X33.18 Y12.64 E2244.13366
G0 F7200 X33.18 Y12.71
;MESH:NONMESH
G0 F600 Z19.5
G0 F7200 X36.662 Y12.662
G0 X67.338 Y12.662
G0 X67.41 Y86.924
G0 X66.924 Y86.924
;TIME_ELAPSED:3772.966081
;LAYER:128
;TYPE:WALL-INNER
;MESH:Wandhalterung TP-Link Media Converter.stl
G1 F2400 X66.589 Y87.1 E2244.14358
G1 X37.5 Y87.1 E2244.90548
G1 X37.02 Y86.861 E2244.91953
G1 X36.9 Y86.501 E2244.92947
G1 X36.9 Y85.1 E2244.96616
G1 X35.527 Y85.1 E2245.00213
G1 X34.967 Y85.143 E2245.01684
G1 X34.451 Y85.268 E2245.03074
G1 X33.949 Y85.477 E2245.04499
G1 X33.499 Y85.751 E2245.05879
G1 X33.098 Y86.098 E2245.07267
G1 X32.751 Y86.499 E2245.08656
G1 X32.476 Y86.95 E2245.1004
G1 X32.269 Y87.443 E2245.11441
G1 X32.16 Y87.899 E2245.12669
G1 X67.9 Y87.9 E2246.0628
G1 X67.9 Y12.1 E2248.04818
G1 X32.161 Y12.1 E2248.98427
G1 X32.265 Y12.547 E2248.99629
G1 X32.472 Y13.045 E2249.01042
G1 X32.75 Y13.497 E2249.02431
G1 X33.098 Y13.902 E2249.0383
G1 X33.499 Y14.245 E2249.05212
G1 X33.951 Y14.524 E2249.06603
G1 X34.45 Y14.731 E2249.08018
G1 X34.967 Y14.853 E2249.0941
G1 X35.529 Y14.9 E2249.10887
G1 X36.9 Y14.9 E2249.14478
G1 X36.9 Y13.5 E2249.18145
G1 X37.02 Y13.139 E2249.19141
G1 X37.409 Y12.9 E2249.20337
G1 X66.5 Y12.9 E2249.96533
G1 X66.924 Y13.076 E2249.97736
G1 X67.1 Y13.5 E2249.98938
G1 X67.1 Y86.589 E2251.90375
G1 X66.924 Y86.924 E2251.91367
G0 F7200 X66.698 Y86.535
;TYPE:WALL-OUTER
G1 F1200 X66.642 Y86.642 E2251.91683
G1 X66.535 Y86.698 E2251.91999
G1 X37.5 Y86.7 E2252.68049
G1 X37.34 Y86.621 E2252.68516
G1 X37.3 Y86.501 E2252.68847
G1 X37.3 Y84.7 E2252.73565
G1 X35.512 Y84.7 E2252.78248
G1 X34.904 Y84.747 E2252.79845
G1 X34.327 Y84.887 E2252.814
G1 X33.767 Y85.119 E2252.82988
G1 X33.263 Y85.427 E2252.84535
G1 X32.814 Y85.814 E2252.86088
G1 X32.427 Y86.263 E2252.8764
G1 X32.119 Y86.768 E2252.8919
G1 X31.887 Y87.319 E2252.90755
G1 X31.747 Y87.911 E2252.92349
G1 X31.717 Y88.3 E2252.93371
G1 X68.3 Y88.3 E2253.8919
G1 X68.3 Y11.7 E2255.89824
G1 X31.717 Y11.7 E2256.85643
G1 X31.747 Y12.085 E2256.86655
G1 X31.883 Y12.67 E2256.88228
G1 X32.115 Y13.228 E2256.89811
G1 X32.426 Y13.733 E2256.91364
G1 X32.814 Y14.186 E2256.92926
G1 X33.263 Y14.569 E2256.94472
G1 X33.768 Y14.881 E2256.96027
G1 X34.326 Y15.113 E2256.9761
G1 X34.904 Y15.249 E2256.99165
G1 X35.513 Y15.3 E2257.00766
G1 X37.3 Y15.3 E2257.05446
G1 X37.3 Y13.5 E2257.10161
G1 X37.34 Y13.379 E2257.10495
G1 X37.465 Y13.302 E2257.10879
G1 X66.5 Y13.3 E2257.86929
G1 X66.642 Y13.358 E2257.8733
G1 X66.7 Y13.5 E2257.87732
G1 X66.698 Y86.535 E2259.79028
G0 F7200 X66.642 Y86.642
G0 X66.573 Y86.678
G0 X66.645 Y87.499
;TYPE:SKIN
G1 F687 X52.078 Y87.498 E2260.2901
G1 F695 X37.511 Y87.498 E2260.7842
G0 F7200 X36.817 Y87.115
G1 F869.6 X37.497 Y87.51 E2260.80552
G1 X36.713 Y87.556 E2260.82681
G1 F900 X32.59 Y87.556 E2260.9348
G1 X32.779 Y87.104 E2260.94763
G1 X33.023 Y86.703 E2260.95993
G1 X33.338 Y86.338 E2260.97256
G1 X33.703 Y86.023 E2260.98519
G1 X34.096 Y85.783 E2260.99725
G1 X34.555 Y85.591 E2261.01028
G1 X35.023 Y85.479 E2261.02288
G1 X35.544 Y85.44 E2261.03657
G1 X36.56 Y85.44 E2261.06318
G1 X36.56 Y86.492 E2261.09073
G1 X36.718 Y87 E2261.10467
G1 X36.817 Y87.115 E2261.10864
G0 F7200 X36.59 Y87.115
G0 X67.338 Y87.338
G0 X67.338 Y12.662
G0 X36.662 Y12.662
G0 X36.56 Y13.472
G1 F900 X36.56 Y14.56 E2261.13714
G1 X35.545 Y14.56 E2261.16372
G1 X35.02 Y14.513 E2261.17753
G1 X34.554 Y14.404 E2261.19007
G1 X34.104 Y14.217 E2261.20283
G1 X33.695 Y13.965 E2261.21541
G1 X33.338 Y13.658 E2261.22774
G1 X33.026 Y13.297 E2261.24024
G1 X32.775 Y12.892 E2261.25272
G1 X32.589 Y12.44 E2261.26552
G1 X36.678 Y12.44 E2261.37262
G1 F833.3 X37.332 Y12.5 E2261.3912
G1 X36.803 Y12.885 E2261.40971
G1 F900 X36.717 Y12.993 E2261.41333
G1 X36.56 Y13.472 E2261.42653
G0 F7200 X36.662 Y12.662
G0 X37.347 Y12.501
G1 F688.3 X66.488 Y12.5 E2262.42451
G0 F7200 X67.179 Y12.816
G1 F739.2 X66.516 Y12.498 E2262.44796
G1 F775.9 X67.164 Y12.457 E2262.46768
G1 F798.2 X67.566 Y12.457 E2262.47955
G1 F743.8 X67.502 Y13.479 E2262.51201
G1 F734.7 X67.179 Y12.816 E2262.53567
G0 F7200 X67.5 Y13.508
G1 F691 X67.499 Y86.645 E2265.03078
G0 F7200 X67.174 Y87.173
G1 F791.2 X67.5 Y86.657 E2265.04896
G1 X67.544 Y87.202 E2265.06525
G1 F831.4 X67.544 Y87.543 E2265.07492
G1 X67.202 Y87.544 E2265.08462
G1 F789.5 X66.661 Y87.5 E2265.10083
G1 X67.174 Y87.173 E2265.11899
G0 F7200 X67.41 Y87.173
G0 X36.662 Y87.338
G0 X32.946 Y87.252
G1 F900 X33.049 Y87.355 E2265.12281
G0 F7200 X33.148 Y86.888
G1 F900 X33.615 Y87.355 E2265.14011
G0 F7200 X34.181 Y87.355
G1 F900 X33.399 Y86.573 E2265.16907
G0 F7200 X33.69 Y86.299
G1 F900 X34.747 Y87.355 E2265.20821
G0 F7200 X35.312 Y87.355
G1 F900 X34.02 Y86.063 E2265.25606
G0 F7200 X34.397 Y85.875
G1 F900 X35.878 Y87.355 E2265.3109
G0 F7200 X36.444 Y87.355
G1 F900 X34.821 Y85.733 E2265.371
G0 F7200 X35.312 Y85.658
G1 F900 X36.45 Y86.796 E2265.41316
G0 F7200 X36.36 Y86.14
G1 F900 X35.86 Y85.64 E2265.43168
G0 F7200 X36.662 Y87.338
G0 X67.338 Y87.338
G0 X67.338 Y12.662
G0 X36.662 Y12.662
G0 X35.856 Y14.36
G1 F900 X34.136 Y12.64 E2265.49539
G0 F7200 X33.571 Y12.64
G1 F900 X35.265 Y14.334 E2265.55814
G0 F7200 X34.55 Y14.185
G1 F900 X33.005 Y12.64 E2265.61537
G1 X32.935 Y12.57
G0 F7200 X34.702 Y12.64
G1 F900 X36.36 Y14.298 E2265.67678
G0 F7200 X36.36 Y13.733
G1 F900 X35.268 Y12.64 E2265.71725
G0 F7200 X35.833 Y12.64
G1 F900 X36.437 Y13.243 E2265.73961
G0 F7200 X36.599 Y12.84
G1 F900 X36.399 Y12.64 E2265.74701
G0 F7200 X36.408 Y12.71
;MESH:NONMESH
G0 F600 Z19.65
G0 F7200 X67.338 Y12.662
G0 X67.41 Y86.924
G0 X66.924 Y86.924
;TIME_ELAPSED:3814.985211
;LAYER:129
;TYPE:WALL-INNER
;MESH:Wandhalterung TP-Link Media Converter.stl
G1 F2400 X66.589 Y87.1 E2265.75693
G1 X37.5 Y87.1 E2266.51884
G1 X37.02 Y86.861 E2266.53288
G1 X36.9 Y86.501 E2266.54282
G1 X36.9 Y85.1 E2266.57951
G1 X35.527 Y85.1 E2266.61548
G1 X34.967 Y85.143 E2266.63019
G1 X34.451 Y85.268 E2266.64409
G1 X33.949 Y85.477 E2266.65834
G1 X33.499 Y85.751 E2266.67214
G1 X33.098 Y86.098 E2266.68603
G1 X32.751 Y86.499 E2266.69991
G1 X32.476 Y86.95 E2266.71375
G1 X32.269 Y87.443 E2266.72776
G1 X32.16 Y87.899 E2266.74004
G1 X67.9 Y87.9 E2267.67615
G1 X67.9 Y12.1 E2269.66153
G1 X32.161 Y12.1 E2270.59762
G1 X32.265 Y12.547 E2270.60964
G1 X32.472 Y13.045 E2270.62377
G1 X32.75 Y13.497 E2270.63767
G1 X33.098 Y13.902 E2270.65165
G1 X33.499 Y14.245 E2270.66547
G1 X33.951 Y14.524 E2270.67939
G1 X34.45 Y14.731 E2270.69353
G1 X34.966 Y14.853 E2270.70742
G1 X35.501 Y14.896 E2270.72148
G1 X36.9 Y14.898 E2270.75812
G1 X36.9 Y13.498 E2270.79479
G1 X37.02 Y13.139 E2270.80471
G1 X37.409 Y12.9 E2270.81667
G1 X66.5 Y12.9 E2271.57863
G1 X66.924 Y13.076 E2271.59065
G1 X67.1 Y13.5 E2271.60268
G1 X67.1 Y86.589 E2273.51705
G1 X66.924 Y86.924 E2273.52696
G0 F7200 X66.698 Y86.535
;TYPE:WALL-OUTER
G1 F1200 X66.642 Y86.642 E2273.53012
G1 X66.535 Y86.698 E2273.53329
G1 X37.5 Y86.7 E2274.29378
G1 X37.34 Y86.621 E2274.29846
G1 X37.3 Y86.501 E2274.30177
G1 X37.3 Y84.7 E2274.34894
G1 X35.512 Y84.7 E2274.39577
G1 X34.904 Y84.747 E2274.41175
G1 X34.327 Y84.887 E2274.4273
G1 X33.767 Y85.119 E2274.44317
G1 X33.263 Y85.427 E2274.45865
G1 X32.814 Y85.814 E2274.47417
G1 X32.427 Y86.263 E2274.4897
G1 X32.119 Y86.768 E2274.50519
G1 X31.887 Y87.319 E2274.52085
G1 X31.747 Y87.911 E2274.53678
G1 X31.717 Y88.3 E2274.547
G1 X68.3 Y88.3 E2275.5052
G1 X68.3 Y11.7 E2277.51153
G1 X31.717 Y11.7 E2278.46973
G1 X31.747 Y12.085 E2278.47984
G1 X31.883 Y12.67 E2278.49557
G1 X32.115 Y13.228 E2278.5114
G1 X32.426 Y13.733 E2278.52693
G1 X32.814 Y14.186 E2278.54256
G1 X33.263 Y14.569 E2278.55802
G1 X33.768 Y14.881 E2278.57356
G1 X34.326 Y15.113 E2278.58939
G1 X34.904 Y15.249 E2278.60494
G1 X35.485 Y15.296 E2278.62021
G1 X37.3 Y15.299 E2278.66775
G1 X37.3 Y13.499 E2278.7149
G1 X37.34 Y13.379 E2278.71821
G1 X37.465 Y13.302 E2278.72206
G1 X66.5 Y13.3 E2279.48255
G1 X66.642 Y13.358 E2279.48657
G1 X66.7 Y13.5 E2279.49059
G1 X66.698 Y86.535 E2281.40354
G0 F7200 X66.642 Y86.642
G0 X66.573 Y86.678
G0 X66.645 Y87.499
;TYPE:SKIN
G1 F687 X52.078 Y87.498 E2281.90337
G1 F695 X37.511 Y87.498 E2282.39747
G0 F7200 X36.817 Y87.115
G1 F869.6 X37.497 Y87.51 E2282.41879
G1 X36.713 Y87.556 E2282.44008
G1 F900 X32.59 Y87.556 E2282.54807
G1 X32.779 Y87.104 E2282.5609
G1 X33.023 Y86.703 E2282.57319
G1 X33.338 Y86.338 E2282.58582
G1 X33.703 Y86.023 E2282.59845
G1 X34.096 Y85.783 E2282.61051
G1 X34.555 Y85.591 E2282.62354
G1 X35.023 Y85.479 E2282.63615
G1 X35.544 Y85.44 E2282.64983
G1 X36.56 Y85.44 E2282.67644
G1 X36.56 Y86.492 E2282.704
G1 X36.718 Y87 E2282.71793
G1 X36.817 Y87.115 E2282.72191
G0 F7200 X36.59 Y87.115
G0 X67.338 Y87.338
G0 X67.338 Y12.662
G0 X36.662 Y12.662
G0 X36.56 Y13.502
G1 F900 X36.56 Y14.556 E2282.74951
G1 X35.517 Y14.556 E2282.77683
G1 X35.02 Y14.513 E2282.7899
G1 X34.554 Y14.404 E2282.80243
G1 X34.104 Y14.217 E2282.8152
G1 X33.695 Y13.965 E2282.82778
G1 X33.338 Y13.658 E2282.84011
G1 X33.026 Y13.297 E2282.85261
G1 X32.775 Y12.892 E2282.86509
G1 X32.589 Y12.44 E2282.87789
G1 X36.678 Y12.44 E2282.98499
G1 F833.3 X37.332 Y12.5 E2283.00357
G1 X36.803 Y12.885 E2283.02208
G1 F900 X36.717 Y12.993 E2283.02569
G1 X36.56 Y13.502 E2283.03965
G0 F7200 X36.662 Y12.662
G0 X37.347 Y12.501
G1 F688.3 X66.488 Y12.5 E2284.03762
G0 F7200 X67.179 Y12.816
G1 F739.2 X66.516 Y12.498 E2284.06107
G1 F775.9 X67.164 Y12.457 E2284.0808
G1 F798.2 X67.566 Y12.457 E2284.09267
G1 F743.8 X67.502 Y13.479 E2284.12512
G1 F734.7 X67.179 Y12.816 E2284.14879
G0 F7200 X67.5 Y13.508
G1 F691 X67.499 Y86.645 E2286.6439
G0 F7200 X67.174 Y87.173
G1 F791.2 X67.5 Y86.657 E2286.66208
G1 X67.544 Y87.202 E2286.67837
G1 F831.4 X67.544 Y87.543 E2286.68804
G1 X67.202 Y87.544 E2286.69774
G1 F789.5 X66.661 Y87.5 E2286.71394
G1 X67.174 Y87.173 E2286.73211
G0 F7200 X67.41 Y87.173
G0 X36.662 Y87.338
G0 X36.663 Y87.222
G1 F900 X36.596 Y87.289 E2286.73459
G1 X36.596 Y87.29
G1 X36.529 Y87.356 E2286.73705
G0 F7200 X36.466 Y86.853
G1 F900 X35.963 Y87.356 E2286.75569
G0 F7200 X35.398 Y87.356
G1 F900 X36.359 Y86.394 E2286.7913
G0 F7200 X36.359 Y85.829
G1 F900 X34.832 Y87.356 E2286.84786
G0 F7200 X34.267 Y87.355
G1 F900 X35.983 Y85.64 E2286.91141
G0 F7200 X35.406 Y85.65
G1 F900 X33.701 Y87.355 E2286.97456
G0 F7200 X33.135 Y87.356
G1 F900 X34.738 Y85.753 E2287.03394
G1 X34.808 Y85.683
G0 F7200 X36.662 Y87.338
G0 X67.338 Y87.338
G0 X67.338 Y12.662
G0 X36.662 Y12.662
G0 X35.99 Y14.356
G1 F900 X36.36 Y13.986 E2287.04765
G0 F7200 X36.393 Y13.387
G1 F900 X35.432 Y14.348 E2287.08324
G0 F7200 X34.928 Y14.286
G1 F900 X36.574 Y12.64 E2287.14421
G0 F7200 X36.009 Y12.64
G1 F900 X34.488 Y14.161 E2287.20056
G0 F7200 X34.102 Y13.982
G1 F900 X35.443 Y12.64 E2287.25025
G0 F7200 X34.877 Y12.64
G1 F900 X33.76 Y13.757 E2287.29162
G0 F7200 X33.46 Y13.492
G1 F900 X34.312 Y12.64 E2287.32318
G0 F7200 X33.746 Y12.64
G1 F900 X33.197 Y13.189 E2287.34352
G0 F7200 X32.993 Y12.828
G1 F900 X33.18 Y12.64 E2287.35046
G0 F7200 X33.18 Y12.71
;MESH:NONMESH
G0 F600 Z19.8
G0 F7200 X36.662 Y12.662
G0 X67.338 Y12.662
G0 X67.41 Y86.924
G0 X66.924 Y86.924
;TIME_ELAPSED:3856.962731
;LAYER:130
;TYPE:WALL-INNER
;MESH:Wandhalterung TP-Link Media Converter.stl
G1 F2400 X66.589 Y87.1 E2287.36037
G1 X37.5 Y87.1 E2288.12228
G1 X37.02 Y86.861 E2288.13633
G1 X36.9 Y86.501 E2288.14627
G1 X36.9 Y85.1 E2288.18296
G1 X35.527 Y85.1 E2288.21893
G1 X34.967 Y85.143 E2288.23364
G1 X34.451 Y85.268 E2288.24754
G1 X33.949 Y85.477 E2288.26178
G1 X33.499 Y85.751 E2288.27558
G1 X33.098 Y86.098 E2288.28947
G1 X32.751 Y86.499 E2288.30336
G1 X32.476 Y86.95 E2288.3172
G1 X32.269 Y87.443 E2288.3312
G1 X32.16 Y87.899 E2288.34348
G1 X67.9 Y87.9 E2289.2796
G1 X67.9 Y12.1 E2291.26498
G1 X32.161 Y12.1 E2292.20107
G1 X32.265 Y12.547 E2292.21309
G1 X32.472 Y13.045 E2292.22721
G1 X32.75 Y13.497 E2292.24111
G1 X33.098 Y13.902 E2292.2551
G1 X33.499 Y14.245 E2292.26892
G1 X33.951 Y14.524 E2292.28283
G1 X34.45 Y14.731 E2292.29698
G1 X34.965 Y14.853 E2292.31085
G1 X35.512 Y14.896 E2292.32522
G1 X36.9 Y14.898 E2292.36157
G1 X36.9 Y13.498 E2292.39824
G1 X37.02 Y13.139 E2292.40816
G1 X37.409 Y12.9 E2292.42011
G1 X66.5 Y12.9 E2293.18208
G1 X66.924 Y13.076 E2293.1941
G1 X67.1 Y13.5 E2293.20612
G1 X67.1 Y86.589 E2295.1205
G1 X66.924 Y86.924 E2295.13041
G0 F7200 X66.698 Y86.535
;TYPE:WALL-OUTER
G1 F1200 X66.642 Y86.642 E2295.13357
G1 X66.535 Y86.698 E2295.13674
G1 X37.5 Y86.7 E2295.89723
G1 X37.34 Y86.621 E2295.9019
G1 X37.3 Y86.501 E2295.90522
G1 X37.3 Y84.7 E2295.95239
G1 X35.512 Y84.7 E2295.99922
G1 X34.904 Y84.747 E2296.01519
G1 X34.327 Y84.887 E2296.03075
G1 X33.767 Y85.119 E2296.04662
G1 X33.263 Y85.427 E2296.06209
G1 X32.814 Y85.814 E2296.07762
G1 X32.427 Y86.263 E2296.09315
G1 X32.119 Y86.768 E2296.10864
G1 X31.887 Y87.319 E2296.1243
G1 X31.747 Y87.911 E2296.14023
G1 X31.717 Y88.3 E2296.15045
G1 X68.3 Y88.3 E2297.10865
G1 X68.3 Y11.7 E2299.11498
G1 X31.717 Y11.7 E2300.07317
G1 X31.747 Y12.085 E2300.08329
G1 X31.883 Y12.67 E2300.09902
G1 X32.115 Y13.228 E2300.11485
G1 X32.426 Y13.733 E2300.13038
G1 X32.814 Y14.186 E2300.14601
G1 X33.263 Y14.569 E2300.16146
G1 X33.768 Y14.881 E2300.17701
G1 X34.326 Y15.113 E2300.19284
G1 X34.903 Y15.249 E2300.20837
G1 X35.496 Y15.296 E2300.22395
G1 X37.3 Y15.299 E2300.2712
G1 X37.3 Y13.499 E2300.31834
G1 X37.34 Y13.379 E2300.32166
G1 X37.465 Y13.302 E2300.3255
G1 X66.5 Y13.3 E2301.086
G1 X66.642 Y13.358 E2301.09002
G1 X66.7 Y13.5 E2301.09403
G1 X66.698 Y86.535 E2303.00699
G0 F7200 X66.642 Y86.642
G0 X66.573 Y86.678
G0 X66.645 Y87.499
;TYPE:SKIN
G1 F687 X52.078 Y87.498 E2303.50681
G1 F695 X37.511 Y87.498 E2304.00091
G0 F7200 X36.817 Y87.115
G1 F869.6 X37.497 Y87.51 E2304.02223
G1 X36.713 Y87.556 E2304.04352
G1 F900 X32.59 Y87.556 E2304.15151
G1 X32.779 Y87.104 E2304.16435
G1 X33.023 Y86.703 E2304.17664
G1 X33.338 Y86.338 E2304.18927
G1 X33.703 Y86.023 E2304.2019
G1 X34.096 Y85.783 E2304.21396
G1 X34.555 Y85.591 E2304.22699
G1 X35.023 Y85.479 E2304.23959
G1 X35.544 Y85.44 E2304.25328
G1 X36.56 Y85.44 E2304.27989
G1 X36.56 Y86.492 E2304.30744
G1 X36.718 Y87 E2304.32138
G1 X36.817 Y87.115 E2304.32535
G0 F7200 X36.59 Y87.115
G0 X67.338 Y87.338
G0 X67.338 Y12.662
G0 X36.662 Y12.662
G0 X36.56 Y13.502
G1 F900 X36.56 Y14.556 E2304.35296
G1 X35.529 Y14.556 E2304.37996
G1 X35.016 Y14.513 E2304.39345
G1 X34.558 Y14.404 E2304.40578
G1 X34.104 Y14.217 E2304.41864
G1 X33.695 Y13.965 E2304.43122
G1 X33.338 Y13.658 E2304.44356
G1 X33.026 Y13.297 E2304.45605
G1 X32.775 Y12.892 E2304.46853
G1 X32.589 Y12.44 E2304.48134
G1 X36.678 Y12.44 E2304.58844
G1 F833.3 X37.332 Y12.5 E2304.60701
G1 X36.803 Y12.885 E2304.62552
G1 F900 X36.717 Y12.993 E2304.62914
G1 X36.56 Y13.502 E2304.64309
G0 F7200 X36.662 Y12.662
G0 X37.347 Y12.501
G1 F688.3 X66.488 Y12.5 E2305.64107
G0 F7200 X67.179 Y12.816
G1 F739.2 X66.516 Y12.498 E2305.66452
G1 F775.9 X67.164 Y12.457 E2305.68424
G1 F798.2 X67.566 Y12.457 E2305.69611
G1 F743.8 X67.502 Y13.479 E2305.72857
G1 F734.7 X67.179 Y12.816 E2305.75223
G0 F7200 X67.5 Y13.508
G1 F691 X67.499 Y86.645 E2308.24734
G0 F7200 X67.174 Y87.173
G1 F791.2 X67.5 Y86.657 E2308.26552
G1 X67.544 Y87.202 E2308.28182
G1 F831.4 X67.544 Y87.543 E2308.29148
G1 X67.202 Y87.544 E2308.30118
G1 F789.5 X66.661 Y87.5 E2308.31739
G1 X67.174 Y87.173 E2308.33555
G0 F7200 X67.41 Y87.173
G0 X36.662 Y87.338
G0 X32.946 Y87.252
G1 F900 X33.049 Y87.355 E2308.33937
G0 F7200 X33.148 Y86.888
G1 F900 X33.615 Y87.355 E2308.35667
G0 F7200 X34.181 Y87.355
G1 F900 X33.399 Y86.573 E2308.38563
G0 F7200 X33.69 Y86.299
G1 F900 X34.747 Y87.355 E2308.42477
G0 F7200 X35.312 Y87.355
G1 F900 X34.02 Y86.063 E2308.47263
G0 F7200 X34.397 Y85.875
G1 F900 X35.878 Y87.355 E2308.52747
G0 F7200 X36.444 Y87.355
G1 F900 X34.821 Y85.733 E2308.58757
G0 F7200 X35.312 Y85.658
G1 F900 X36.45 Y86.796 E2308.62972
G0 F7200 X36.36 Y86.14
G1 F900 X35.86 Y85.64 E2308.64824
G0 F7200 X36.662 Y87.338
G0 X67.338 Y87.338
G0 X67.338 Y12.662
G0 X36.662 Y12.662
G0 X35.852 Y14.356
G1 F900 X34.136 Y12.64 E2308.7118
G0 F7200 X33.571 Y12.64
G1 F900 X35.263 Y14.333 E2308.7745
G0 F7200 X34.548 Y14.183
G1 F900 X33.005 Y12.64 E2308.83165
G1 X32.935 Y12.57
G0 F7200 X34.702 Y12.64
G1 F900 X36.36 Y14.298 E2308.89307
G0 F7200 X36.36 Y13.733
G1 F900 X35.268 Y12.64 E2308.93353
G0 F7200 X35.833 Y12.64
G1 F900 X36.436 Y13.243 E2308.95587
G0 F7200 X36.599 Y12.84
G1 F900 X36.399 Y12.64 E2308.96328
G0 F7200 X36.408 Y12.71
;MESH:NONMESH
G0 F600 Z19.95
G0 F7200 X67.338 Y12.662
G0 X67.41 Y86.924
G0 X66.924 Y86.924
;TIME_ELAPSED:3898.981616
;LAYER:131
;TYPE:WALL-INNER
;MESH:Wandhalterung TP-Link Media Converter.stl
G1 F2400 X66.589 Y87.1 E2308.97319
G1 X37.5 Y87.1 E2309.7351
G1 X37.02 Y86.861 E2309.74914
G1 X36.9 Y86.501 E2309.75908
G1 X36.9 Y85.1 E2309.79578
G1 X35.535 Y85.1 E2309.83153
G1 X34.97 Y85.143 E2309.84637
G1 X34.451 Y85.268 E2309.86035
G1 X33.949 Y85.477 E2309.8746
G1 X33.499 Y85.751 E2309.8884
G1 X33.098 Y86.098 E2309.90229
G1 X32.751 Y86.499 E2309.91618
G1 X32.476 Y86.95 E2309.93001
G1 X32.269 Y87.443 E2309.94402
G1 X32.16 Y87.899 E2309.9563
G1 X67.9 Y87.9 E2310.89241
G1 X67.9 Y12.1 E2312.87779
G1 X32.161 Y12.1 E2313.81388
G1 X32.265 Y12.547 E2313.8259
G1 X32.472 Y13.045 E2313.84003
G1 X32.75 Y13.497 E2313.85393
G1 X33.098 Y13.902 E2313.86791
G1 X33.499 Y14.245 E2313.88173
G1 X33.951 Y14.524 E2313.89565
G1 X34.45 Y14.731 E2313.9098
G1 X34.967 Y14.853 E2313.92371
G1 X35.521 Y14.9 E2313.93827
G1 X36.9 Y14.9 E2313.97439
G1 X36.9 Y13.5 E2314.01106
G1 X37.02 Y13.139 E2314.02103
G1 X37.409 Y12.9 E2314.03298
G1 X66.5 Y12.9 E2314.79495
G1 X66.924 Y13.076 E2314.80697
G1 X67.1 Y13.5 E2314.81899
G1 X67.1 Y86.589 E2316.73337
G1 X66.924 Y86.924 E2316.74328
G0 F7200 X66.698 Y86.535
;TYPE:WALL-OUTER
G1 F1200 X66.642 Y86.642 E2316.74644
G1 X66.535 Y86.698 E2316.74961
G1 X37.5 Y86.7 E2317.5101
G1 X37.34 Y86.621 E2317.51477
G1 X37.3 Y86.501 E2317.51809
G1 X37.3 Y84.7 E2317.56526
G1 X35.52 Y84.7 E2317.61188
G1 X34.908 Y84.747 E2317.62796
G1 X34.327 Y84.887 E2317.64361
G1 X33.767 Y85.119 E2317.65949
G1 X33.263 Y85.427 E2317.67496
G1 X32.814 Y85.814 E2317.69049
G1 X32.427 Y86.263 E2317.70601
G1 X32.119 Y86.768 E2317.7215
G1 X31.887 Y87.319 E2317.73716
G1 X31.747 Y87.911 E2317.7531
G1 X31.717 Y88.3 E2317.76332
G1 X68.3 Y88.3 E2318.72151
G1 X68.3 Y11.7 E2320.72785
G1 X31.717 Y11.7 E2321.68604
G1 X31.747 Y12.085 E2321.69616
G1 X31.883 Y12.67 E2321.71189
G1 X32.115 Y13.228 E2321.72771
G1 X32.426 Y13.733 E2321.74325
G1 X32.814 Y14.186 E2321.75887
G1 X33.263 Y14.569 E2321.77433
G1 X33.768 Y14.881 E2321.78988
G1 X34.326 Y15.113 E2321.80571
G1 X34.904 Y15.249 E2321.82126
G1 X35.505 Y15.3 E2321.83706
G1 X37.3 Y15.3 E2321.88407
G1 X37.3 Y13.5 E2321.93122
G1 X37.34 Y13.379 E2321.93456
G1 X37.465 Y13.302 E2321.9384
G1 X66.5 Y13.3 E2322.6989
G1 X66.642 Y13.358 E2322.70291
G1 X66.7 Y13.5 E2322.70693
G1 X66.698 Y86.535 E2324.61989
G0 F7200 X66.642 Y86.642
G0 X66.573 Y86.678
G0 X66.645 Y87.499
;TYPE:SKIN
G1 F687 X52.078 Y87.498 E2325.11971
G1 F695 X37.511 Y87.498 E2325.61381
G0 F7200 X36.817 Y87.115
G1 F869.6 X37.497 Y87.51 E2325.63513
G1 X36.713 Y87.556 E2325.65642
G1 F900 X32.59 Y87.556 E2325.76441
G1 X32.779 Y87.104 E2325.77724
G1 X33.023 Y86.703 E2325.78954
G1 X33.338 Y86.338 E2325.80217
G1 X33.703 Y86.023 E2325.8148
G1 X34.096 Y85.783 E2325.82686
G1 X34.555 Y85.591 E2325.83989
G1 X35.023 Y85.479 E2325.85249
G1 X35.552 Y85.44 E2325.86639
G1 X36.56 Y85.44 E2325.89279
G1 X36.56 Y86.492 E2325.92034
G1 X36.718 Y87 E2325.93428
G1 X36.817 Y87.115 E2325.93825
G0 F7200 X36.59 Y87.115
G0 X67.338 Y87.338
G0 X67.338 Y12.662
G0 X36.662 Y12.662
G0 X36.56 Y13.472
G1 F900 X36.56 Y14.56 E2325.96675
G1 X35.537 Y14.56 E2325.99354
G1 X35.02 Y14.513 E2326.00714
G1 X34.554 Y14.404 E2326.01968
G1 X34.104 Y14.217 E2326.03244
G1 X33.695 Y13.965 E2326.04502
G1 X33.338 Y13.658 E2326.05735
G1 X33.026 Y13.297 E2326.06985
G1 X32.775 Y12.892 E2326.08233
G1 X32.589 Y12.44 E2326.09513
G1 X36.678 Y12.44 E2326.20223
G1 F833.3 X37.332 Y12.5 E2326.22081
G1 X36.803 Y12.885 E2326.23932
G1 F900 X36.717 Y12.993 E2326.24294
G1 X36.56 Y13.472 E2326.25614
G0 F7200 X36.662 Y12.662
G0 X37.347 Y12.501
G1 F688.3 X66.488 Y12.5 E2327.25412
G0 F7200 X67.179 Y12.816
G1 F739.2 X66.516 Y12.498 E2327.27757
G1 F775.9 X67.164 Y12.457 E2327.29729
G1 F798.2 X67.566 Y12.457 E2327.30916
G1 F743.8 X67.502 Y13.479 E2327.34162
G1 F734.7 X67.179 Y12.816 E2327.36528
G0 F7200 X67.5 Y13.508
G1 F691 X67.499 Y86.645 E2329.86039
G0 F7200 X67.174 Y87.173
G1 F791.2 X67.5 Y86.657 E2329.87857
G1 X67.544 Y87.202 E2329.89487
G1 F831.4 X67.544 Y87.543 E2329.90453
G1 X67.202 Y87.544 E2329.91423
G1 F789.5 X66.661 Y87.5 E2329.93044
G1 X67.174 Y87.173 E2329.9486
G0 F7200 X67.41 Y87.173
G0 X36.662 Y87.338
G0 X36.663 Y87.222
G1 F900 X36.529 Y87.356 E2329.95357
G0 F7200 X36.465 Y86.854
G1 F900 X35.963 Y87.356 E2329.97216
G0 F7200 X35.398 Y87.356
G1 F900 X36.359 Y86.394 E2330.00778
G0 F7200 X36.359 Y85.829
G1 F900 X34.832 Y87.356 E2330.06434
G0 F7200 X34.266 Y87.356
G1 F900 X35.983 Y85.64 E2330.12792
G0 F7200 X35.406 Y85.651
G1 F900 X33.701 Y87.356 E2330.19108
G0 F7200 X33.135 Y87.356
G1 F900 X34.738 Y85.753 E2330.25045
G1 X34.808 Y85.683
G0 F7200 X36.662 Y87.338
G0 X67.338 Y87.338
G0 X67.338 Y12.662
G0 X36.662 Y12.662
G0 X35.986 Y14.36
G1 F900 X36.359 Y13.987 E2330.26427
G0 F7200 X36.394 Y13.386
G1 F900 X35.43 Y14.35 E2330.29998
G0 F7200 X34.928 Y14.286
G1 F900 X36.574 Y12.64 E2330.36095
G0 F7200 X36.009 Y12.64
G1 F900 X34.488 Y14.161 E2330.41729
G0 F7200 X34.102 Y13.982
G1 F900 X35.443 Y12.64 E2330.46698
G0 F7200 X34.877 Y12.64
G1 F900 X33.76 Y13.757 E2330.50836
G0 F7200 X33.46 Y13.492
G1 F900 X34.312 Y12.64 E2330.53992
G0 F7200 X33.746 Y12.64
G1 F900 X33.197 Y13.189 E2330.56025
G0 F7200 X32.993 Y12.828
G1 F900 X33.18 Y12.64 E2330.5672
G0 F7200 X33.18 Y12.71
;TIME_ELAPSED:3939.936723
G1 F1500 E2324.0672
M107
M104 S0
M140 S0
;Retract the filament
G92 E1
G1 E-1 F300
G28 X0 Y0
M84
M82 ;absolute extrusion mode
M104 S0
;End of Gcode
;SETTING_3 {"global_quality": "[general]\\nversion = 4\\nname = Normal #2\\ndefi
;SETTING_3 nition = custom\\n\\n[metadata]\\ntype = quality_changes\\nquality_ty
;SETTING_3 pe = fast\\nsetting_version = 27\\n\\n[values]\\nadhesion_type = skir
;SETTING_3 t\\nraft_smoothing = 3\\nsupport_structure = normal\\n\\n", "extruder
;SETTING_3 _quality": ["[general]\\nversion = 4\\nname = Normal #2\\ndefinition 
;SETTING_3 = custom\\n\\n[metadata]\\ntype = quality_changes\\nquality_type = fa
;SETTING_3 st\\nintent_category = default\\nposition = 0\\nsetting_version = 27\
;SETTING_3 \n\\n[values]\\ncool_fan_full_layer = 3\\ninfill_overlap = 20\\ninfil
;SETTING_3 l_sparse_density = 20\\nmaterial_final_print_temperature = 230.0\\nma
;SETTING_3 terial_flow = 105.0\\nmaterial_initial_print_temperature = 230.0\\nma
;SETTING_3 terial_print_temperature = 230.0\\nraft_airgap = 0.22\\nraft_base_lin
;SETTING_3 e_spacing = 3.0\\nraft_base_line_width = 1.0\\nraft_base_thickness = 
;SETTING_3 0.3\\nraft_margin = 3\\nskin_overlap = 15.0\\nskirt_height = 2\\nskir
;SETTING_3 t_line_count = 2\\nspeed_layer_0 = 15\\nspeed_print = 30\\nsupport_ty
;SETTING_3 pe = everywhere\\n\\n"]}
