;FLAVOR:Marlin
;TIME:827
;Filament used: 0.608097m
;Layer height: 0.15
;MINX:33.732
;MINY:36.231
;MINZ:0.3
;MAXX:66.312
;MAXY:63.769
;MAXZ:18.3
;TARGET_MACHINE.NAME:Unknown
;Generated with Cura_SteamEngine 5.13.0
M104 S215
M105
M109 S215
G28 ;Home
G1 Z15.0 F6000 ;Move the platform down 15mm
;Prime the extruder
G92 E0
G1 F200 E3
G92 E0
M82 ;absolute extrusion mode
G92 E0
G92 E0
G1 F1500 E-6.5
;LAYER_COUNT:121
;LAYER:0
M107
G0 F3600 X36.948 Y37.69 Z0.3
;TYPE:SKIRT
G1 F1500 E0
G1 F1800 X38.632 Y36.745 E0.09634
G1 X39.425 Y36.452 E0.13852
G1 X41.294 Y36.231 E0.23241
G1 X59.348 Y36.301 E1.13314
G1 X61.027 Y36.57 E1.21797
G1 X63.357 Y37.893 E1.35165
G1 X64.822 Y39.587 E1.46338
G1 X65.363 Y40.445 E1.51398
G1 X65.985 Y41.803 E1.5885
G1 X66.312 Y43.778 E1.68838
G1 X66.115 Y45.535 E1.77659
G1 X63.482 Y58.158 E2.4199
G1 X62.949 Y59.613 E2.49721
G1 X61.696 Y61.39 E2.60569
G1 X59.658 Y62.974 E2.73446
G1 X57.032 Y63.769 E2.87135
G1 X43.275 Y63.769 E3.55769
G1 X41.295 Y63.332 E3.65885
G1 X39.149 Y62.177 E3.78043
G1 X37.603 Y60.493 E3.89449
G1 X36.542 Y58.479 E4.00805
G1 X33.779 Y44.571 E4.71549
G1 X33.732 Y42.986 E4.7946
G1 X34.498 Y40.592 E4.92
G1 X35.577 Y39 E5.01595
G1 X36.948 Y37.69 E5.11055
G0 F3600 X37.186 Y38.016
G1 F1800 X38.828 Y37.094 E5.2045
G1 X39.519 Y36.844 E5.24116
G1 X41.293 Y36.631 E5.33031
G1 X59.285 Y36.696 E6.22794
G1 X60.893 Y36.954 E6.30919
G1 X63.1 Y38.207 E6.4358
G1 X64.484 Y39.802 E6.54116
G1 X64.999 Y40.612 E6.58904
G1 X65.599 Y41.922 E6.66093
G1 X65.908 Y43.788 E6.75529
G1 X65.723 Y45.453 E6.83887
G1 X63.106 Y58.02 E7.47929
G1 X62.591 Y59.426 E7.55399
G1 X61.402 Y61.112 E7.65692
G1 X59.472 Y62.612 E7.77887
G1 X56.972 Y63.369 E7.90919
G1 X43.32 Y63.369 E8.59029
G1 X41.433 Y62.952 E8.6867
G1 X39.399 Y61.858 E8.80193
G1 X37.934 Y60.262 E8.91001
G1 X36.922 Y58.342 E9.01829
G1 X34.179 Y44.559 E9.71941
G1 X34.134 Y43.042 E9.79513
G1 X34.862 Y40.767 E9.9143
G1 X35.884 Y39.259 E10.00519
G1 X37.186 Y38.016 E10.09499
G0 F3600 X37.425 Y38.341
G1 F1800 X38.964 Y37.47 E10.18322
G1 X39.612 Y37.236 E10.21759
G1 X41.292 Y37.031 E10.30203
G1 X59.222 Y37.091 E11.19656
G1 X60.757 Y37.337 E11.27412
G1 X62.842 Y38.521 E11.39374
G1 X64.146 Y40.017 E11.49275
G1 X64.661 Y40.827 E11.54064
G1 X65.213 Y42.039 E11.60708
G1 X65.504 Y43.798 E11.69603
G1 X65.331 Y45.371 E11.77498
G1 X62.714 Y57.938 E12.4154
G1 X62.235 Y59.236 E12.48443
G1 X61.108 Y60.834 E12.58199
G1 X59.286 Y62.25 E12.69711
G1 X56.912 Y62.969 E12.82086
G1 X43.365 Y62.969 E13.49673
G1 X41.572 Y62.573 E13.58833
G1 X39.65 Y61.539 E13.69722
G1 X38.262 Y60.027 E13.79962
G1 X37.303 Y58.206 E13.9023
G1 X34.579 Y44.547 E14.59717
G1 X34.536 Y43.098 E14.66949
G1 X35.226 Y40.942 E14.78243
G1 X36.191 Y39.518 E14.86825
G1 X37.425 Y38.341 E14.95332
G0 F3600 X37.667 Y38.664
G1 F1800 X39.161 Y37.818 E15.03898
G1 X39.703 Y37.628 E15.06763
G1 X41.291 Y37.431 E15.14747
G1 X59.159 Y37.486 E16.03891
G1 X60.623 Y37.721 E16.11288
G1 X62.586 Y38.835 E16.22549
G1 X63.808 Y40.232 E16.31809
G1 X64.323 Y41.042 E16.36598
G1 X64.826 Y42.154 E16.42687
G1 X65.1 Y43.809 E16.51056
G1 X64.939 Y45.289 E16.58483
G1 X62.322 Y57.856 E17.22525
G1 X61.879 Y59.047 E17.28865
G1 X60.814 Y60.556 E17.38079
G1 X59.1 Y61.888 E17.48909
G1 X56.852 Y62.569 E17.60628
G1 X43.41 Y62.569 E18.2769
G1 X41.711 Y62.194 E18.3637
G1 X39.901 Y61.22 E18.46625
G1 X38.59 Y59.792 E18.56296
G1 X37.683 Y58.07 E18.66006
G1 X34.979 Y44.535 E19.34867
G1 X34.938 Y43.154 E19.4176
G1 X35.59 Y41.117 E19.52431
G1 X36.496 Y39.78 E19.60488
G1 X37.667 Y38.664 E19.68558
G0 F3600 X37.906 Y38.988
G1 F1800 X39.358 Y38.166 E19.76883
G1 X39.793 Y38.02 E19.79172
G1 X41.29 Y37.831 E19.867
G1 X59.096 Y37.881 E20.75535
G1 X60.487 Y38.104 E20.82563
G1 X62.331 Y39.151 E20.93142
G1 X63.47 Y40.447 E21.0175
G1 X63.985 Y41.257 E21.06539
G1 X64.44 Y42.271 E21.12084
G1 X64.696 Y43.82 E21.19917
G1 X64.547 Y45.208 E21.26881
G1 X61.947 Y57.717 E21.90623
G1 X61.523 Y58.857 E21.96691
G1 X60.52 Y60.278 E22.05368
G1 X58.914 Y61.526 E22.15515
G1 X56.792 Y62.169 E22.26577
G1 X43.455 Y62.169 E22.93116
G1 X41.85 Y61.815 E23.01316
G1 X40.152 Y60.901 E23.10936
G1 X38.92 Y59.559 E23.20025
G1 X38.063 Y57.933 E23.29195
G1 X35.379 Y44.523 E23.97425
G1 X35.34 Y43.21 E24.03978
G1 X35.954 Y41.292 E24.14026
G1 X36.803 Y40.04 E24.21573
G1 X37.906 Y38.988 E24.29177
G0 F3600 X38.145 Y39.312
G1 F1800 X39.555 Y38.514 E24.3726
G1 X39.844 Y38.417 E24.38781
G1 X41.289 Y38.231 E24.4605
G1 X59.033 Y38.276 E25.34575
G1 X60.353 Y38.488 E25.41245
G1 X62.074 Y39.465 E25.51118
G1 X63.132 Y40.662 E25.59088
G1 X63.647 Y41.472 E25.63877
G1 X64.053 Y42.385 E25.68862
G1 X64.292 Y43.832 E25.76179
G1 X64.155 Y45.127 E25.82676
G1 X61.572 Y57.578 E26.46117
G1 X61.167 Y58.667 E26.51913
G1 X60.226 Y60 E26.60054
G1 X58.728 Y61.164 E26.69518
G1 X56.732 Y61.769 E26.79924
G1 X43.5 Y61.769 E27.45939
G1 X41.988 Y61.435 E27.53664
G1 X40.404 Y60.583 E27.62637
G1 X39.248 Y59.324 E27.71164
G1 X38.444 Y57.798 E27.7977
G1 X35.779 Y44.511 E28.47379
G1 X35.742 Y43.266 E28.53593
G1 X36.318 Y41.468 E28.63012
G1 X37.11 Y40.299 E28.70057
G1 X38.145 Y39.312 E28.77192
G0 F3600 X38.384 Y39.636
G1 F1800 X39.752 Y38.862 E28.85034
G1 X39.896 Y38.814 E28.85791
G1 X41.288 Y38.631 E28.92796
G1 X58.969 Y38.671 E29.81007
G1 X60.219 Y38.872 E29.87323
G1 X61.818 Y39.779 E29.96495
G1 X62.794 Y40.877 E30.03824
G1 X63.309 Y41.687 E30.08612
G1 X63.666 Y42.499 E30.13038
G1 X63.888 Y43.845 E30.19844
G1 X63.763 Y45.046 E30.25868
G1 X61.197 Y57.438 E30.89003
G1 X60.81 Y58.478 E30.9454
G1 X59.932 Y59.722 E31.02136
G1 X58.542 Y60.802 E31.10918
G1 X56.672 Y61.369 E31.20667
G1 X43.545 Y61.369 E31.86158
G1 X42.127 Y61.056 E31.93402
G1 X40.653 Y60.263 E32.01753
G1 X39.579 Y59.093 E32.09677
G1 X38.824 Y57.661 E32.17753
G1 X36.179 Y44.499 E32.84731
G1 X36.144 Y43.322 E32.90606
G1 X36.681 Y41.645 E32.99391
G1 X37.419 Y40.557 E33.0595
G1 X38.384 Y39.636 E33.12605
G0 F3600 X38.626 Y39.959
G1 F1800 X39.949 Y39.21 E33.2019
G1 X41.287 Y39.031 E33.26925
G1 X58.905 Y39.066 E34.14821
G1 X60.085 Y39.256 E34.20784
G1 X61.563 Y40.094 E34.29261
G1 X62.456 Y41.092 E34.35942
G1 X62.971 Y41.902 E34.40731
G1 X63.279 Y42.612 E34.44592
G1 X63.484 Y43.858 E34.50892
G1 X63.371 Y44.965 E34.56444
G1 X60.822 Y57.298 E35.19274
G1 X60.453 Y58.289 E35.24549
G1 X59.638 Y59.444 E35.31602
G1 X58.356 Y60.44 E35.39701
G1 X56.612 Y60.969 E35.48793
G1 X43.59 Y60.969 E36.1376
G1 X42.266 Y60.677 E36.20525
G1 X40.904 Y59.944 E36.28241
G1 X39.907 Y58.858 E36.35596
G1 X39.205 Y57.526 E36.43108
G1 X36.579 Y44.487 E37.09466
G1 X36.546 Y43.378 E37.15001
G1 X37.045 Y41.821 E37.23158
G1 X37.724 Y40.819 E37.29197
G1 X38.626 Y39.959 E37.35415
G0 F3600 X38.865 Y40.283
G1 F1800 X40.079 Y39.596 E37.42374
G1 X41.286 Y39.431 E37.48452
G1 X58.841 Y39.461 E38.36034
G1 X59.951 Y39.64 E38.41643
G1 X61.308 Y40.409 E38.49425
G1 X62.118 Y41.307 E38.55458
G1 X62.633 Y42.117 E38.60247
G1 X62.892 Y42.725 E38.63544
G1 X63.081 Y43.872 E38.69344
G1 X62.979 Y44.884 E38.74418
G1 X60.447 Y57.158 E39.36943
G1 X60.096 Y58.1 E39.41958
G1 X59.345 Y59.164 E39.48456
G1 X58.168 Y60.079 E39.55893
G1 X56.552 Y60.569 E39.64318
G1 X43.635 Y60.569 E40.28761
G1 X42.405 Y60.298 E40.35045
G1 X41.155 Y59.625 E40.42128
G1 X40.235 Y58.623 E40.48914
G1 X39.586 Y57.391 E40.55861
G1 X36.979 Y44.475 E41.21599
G1 X36.948 Y43.434 E41.26795
G1 X37.408 Y41.998 E41.34318
G1 X38.033 Y41.077 E41.39871
G1 X38.865 Y40.283 E41.45609
G0 F3600 X39.104 Y40.607
G1 F1800 X40.209 Y39.982 E41.51942
G1 X41.285 Y39.831 E41.57363
G1 X58.777 Y39.856 E42.44631
G1 X59.817 Y40.024 E42.49887
G1 X61.054 Y40.725 E42.5698
G1 X61.782 Y41.524 E42.62373
G1 X62.265 Y42.274 E42.66824
G1 X62.505 Y42.837 E42.69877
G1 X62.678 Y43.886 E42.75181
G1 X62.587 Y44.803 E42.79779
G1 X60.072 Y57.018 E43.41998
G1 X59.739 Y57.911 E43.46753
G1 X59.051 Y58.886 E43.52706
G1 X57.982 Y59.717 E43.59461
G1 X56.492 Y60.169 E43.67229
G1 X43.68 Y60.169 E44.31149
G1 X42.543 Y59.918 E44.36958
G1 X41.407 Y59.307 E44.43393
G1 X40.565 Y58.39 E44.49604
G1 X39.966 Y57.254 E44.56011
G1 X37.379 Y44.463 E45.21118
G1 X37.35 Y43.49 E45.25974
G1 X37.772 Y42.174 E45.32869
G1 X38.34 Y41.336 E45.3792
G1 X39.104 Y40.607 E45.43188
G0 F3600 X39.346 Y40.93
G1 F1800 X40.339 Y40.368 E45.48881
G1 X41.285 Y40.231 E45.5365
G1 X58.713 Y40.251 E46.40598
G1 X59.683 Y40.408 E46.45501
G1 X60.802 Y41.042 E46.51917
G1 X61.447 Y41.743 E46.5667
G1 X61.897 Y42.431 E46.60771
G1 X62.118 Y42.949 E46.63581
G1 X62.275 Y43.901 E46.68394
G1 X62.195 Y44.722 E46.7251
G1 X59.697 Y56.878 E47.34424
G1 X59.382 Y57.722 E47.38918
G1 X58.757 Y58.608 E47.44327
G1 X57.796 Y59.355 E47.504
G1 X56.432 Y59.769 E47.57512
G1 X43.725 Y59.769 E48.20907
G1 X42.682 Y59.539 E48.26236
G1 X41.656 Y58.987 E48.32048
G1 X40.895 Y58.158 E48.37662
G1 X40.347 Y57.118 E48.43527
G1 X37.779 Y44.451 E49.08009
G1 X37.752 Y43.546 E49.12526
G1 X38.136 Y42.35 E49.18793
G1 X38.645 Y41.598 E49.23323
G1 X39.346 Y40.93 E49.28154
G0 F3600 X39.588 Y41.253
G1 F1800 X40.469 Y40.754 E49.33205
G1 X41.285 Y40.631 E49.37322
G1 X58.649 Y40.646 E50.23952
G1 X59.549 Y40.792 E50.28501
G1 X60.549 Y41.358 E50.34233
G1 X61.112 Y41.962 E50.38353
G1 X61.562 Y42.65 E50.42454
G1 X61.731 Y43.06 E50.44667
G1 X61.872 Y43.916 E50.48995
G1 X61.803 Y44.641 E50.52628
G1 X59.305 Y56.797 E51.14542
G1 X59.026 Y57.532 E51.18464
G1 X58.464 Y58.328 E51.23326
G1 X57.608 Y58.994 E51.28736
G1 X56.372 Y59.369 E51.3518
G1 X43.77 Y59.369 E51.98052
G1 X42.821 Y59.16 E52.029
G1 X41.907 Y58.668 E52.08079
G1 X41.223 Y57.923 E52.13125
G1 X40.728 Y56.983 E52.18425
G1 X38.179 Y44.439 E52.82286
G1 X38.154 Y43.602 E52.86464
G1 X38.499 Y42.527 E52.92096
G1 X38.952 Y41.859 E52.96123
G1 X39.588 Y41.253 E53.00506
G0 F3600 X39.83 Y41.576
G1 F1800 X40.602 Y41.138 E53.04934
G1 X41.285 Y41.031 E53.08383
G1 X58.585 Y41.041 E53.94693
G1 X59.415 Y41.176 E53.98888
G1 X60.297 Y41.675 E54.03944
G1 X60.819 Y42.235 E54.07764
G1 X61.226 Y42.867 E54.11514
G1 X61.336 Y43.125 E54.12913
G1 X61.469 Y43.932 E54.16994
G1 X61.411 Y44.56 E54.2014
G1 X58.913 Y56.716 E54.82054
G1 X58.669 Y57.344 E54.85415
G1 X58.172 Y58.049 E54.89719
G1 X57.422 Y58.632 E54.94458
G1 X56.312 Y58.969 E55.00245
G1 X43.815 Y58.969 E55.62593
G1 X42.96 Y58.781 E55.66961
G1 X42.158 Y58.349 E55.71505
G1 X41.551 Y57.688 E55.75983
G1 X41.109 Y56.848 E55.80718
G1 X38.579 Y44.427 E56.43959
G1 X38.556 Y43.658 E56.47797
G1 X38.862 Y42.705 E56.52791
G1 X39.259 Y42.12 E56.56318
G1 X39.83 Y41.576 E56.60253
G0 F3600 X40.069 Y41.9
G1 F1800 X40.735 Y41.522 E56.64073
G1 X41.285 Y41.431 E56.66855
G1 X58.521 Y41.436 E57.52845
G1 X59.281 Y41.56 E57.56687
G1 X60.047 Y41.993 E57.61077
G1 X60.483 Y42.452 E57.64236
G1 X60.89 Y43.084 E57.67986
G1 X60.949 Y43.236 E57.68799
G1 X61.066 Y43.949 E57.72404
G1 X61.019 Y44.48 E57.75064
G1 X58.54 Y56.571 E58.36641
G1 X58.314 Y57.153 E58.39755
G1 X57.878 Y57.771 E58.43529
G1 X57.236 Y58.27 E58.47585
G1 X56.252 Y58.569 E58.52716
G1 X43.86 Y58.569 E59.1454
G1 X43.099 Y58.402 E59.18427
G1 X42.407 Y58.029 E59.22349
G1 X41.881 Y57.456 E59.2623
G1 X41.49 Y56.713 E59.30419
G1 X38.979 Y44.415 E59.93039
G1 X38.958 Y43.715 E59.96533
G1 X39.226 Y42.882 E60.00899
G1 X39.568 Y42.378 E60.03938
G1 X40.069 Y41.9 E60.07392
G0 F3600 X40.308 Y42.224
G1 F1800 X40.87 Y41.905 E60.10616
G1 X41.285 Y41.831 E60.12719
G1 X58.456 Y41.831 E60.98386
G1 X59.147 Y41.944 E61.01879
G1 X59.799 Y42.312 E61.05614
G1 X60.147 Y42.669 E61.08102
G1 X60.554 Y43.301 E61.11852
G1 X60.663 Y43.964 E61.15204
G1 X60.627 Y44.4 E61.17387
G1 X58.148 Y56.491 E61.78964
G1 X57.96 Y56.96 E61.81484
G1 X57.584 Y57.493 E61.84739
G1 X57.05 Y57.908 E61.88113
G1 X56.192 Y58.169 E61.92587
G1 X43.905 Y58.169 E62.53887
G1 X43.237 Y58.022 E62.573
G1 X42.657 Y57.71 E62.60585
G1 X42.211 Y57.224 E62.63876
G1 X41.871 Y56.578 E62.67518
G1 X39.379 Y44.403 E63.29519
G1 X39.36 Y43.772 E63.32668
G1 X39.589 Y43.06 E63.364
G1 X39.877 Y42.636 E63.38957
G1 X40.308 Y42.224 E63.41932
G0 F3600 X40.55 Y42.546
G1 F1800 X41.008 Y42.286 E63.44559
G1 X41.285 Y42.231 E63.45968
G1 X58.456 Y42.231 E64.31634
G1 X59.012 Y42.327 E64.34449
G1 X59.602 Y42.66 E64.37829
G1 X59.811 Y42.885 E64.39361
G1 X60.172 Y43.446 E64.4269
G1 X60.26 Y43.981 E64.45395
G1 X60.235 Y44.32 E64.47091
G1 X57.756 Y56.411 E65.08668
G1 X57.633 Y56.729 E65.10369
G1 X57.291 Y57.213 E65.13325
G1 X56.863 Y57.546 E65.16031
G1 X56.131 Y57.769 E65.19849
G1 X43.95 Y57.769 E65.8062
G1 X43.376 Y57.643 E65.83552
G1 X42.906 Y57.39 E65.86215
G1 X42.542 Y56.993 E65.88902
G1 X42.251 Y56.441 E65.92015
G1 X39.779 Y44.391 E66.53385
G1 X39.762 Y43.829 E66.5619
G1 X39.97 Y43.183 E66.59576
G1 X40.154 Y42.925 E66.61157
G1 X40.55 Y42.546 E66.63891
G0 F3600 X40.827 Y42.835
G1 F1800 X41.102 Y42.675 E66.65479
G1 X41.285 Y42.631 E66.66418
G1 X58.456 Y42.631 E67.52084
G1 X58.875 Y42.709 E67.5421
G1 X59.351 Y42.978 E67.56938
G1 X59.475 Y43.101 E67.5781
G1 X59.79 Y43.591 E67.60716
G1 X59.861 Y43.956 E67.62571
G1 X59.843 Y44.24 E67.63991
G1 X57.364 Y56.331 E68.25568
G1 X57.263 Y56.577 E68.26894
G1 X56.969 Y56.976 E68.29367
G1 X56.746 Y57.163 E68.30819
G1 X56.07 Y57.369 E68.34345
G1 X43.95 Y57.369 E68.94812
G1 X43.469 Y57.254 E68.97279
G1 X43.107 Y57.044 E68.99367
G1 X42.896 Y56.807 E69.0095
G1 X42.632 Y56.306 E69.03775
G1 X40.171 Y44.311 E69.64865
G1 X40.164 Y43.887 E69.66981
G1 X40.333 Y43.363 E69.69728
G1 X40.431 Y43.214 E69.70617
G1 X40.827 Y42.835 E69.73352
G0 F3600 X41.104 Y43.124
G1 F1800 X41.285 Y43.031 E69.74367
G1 X58.456 Y43.031 E70.60034
G1 X58.794 Y43.101 E70.61756
G1 X59.139 Y43.317 E70.63786
G1 X59.413 Y43.743 E70.66313
G1 X59.461 Y43.938 E70.67315
G1 X59.451 Y44.16 E70.68424
G1 X56.972 Y56.251 E71.30001
G1 X56.899 Y56.412 E71.30883
G1 X56.652 Y56.732 E71.329
G1 X56.554 Y56.803 E71.33504
G1 X56.009 Y56.969 E71.36346
G1 X43.992 Y56.969 E71.96299
G1 X43.654 Y56.899 E71.98021
G1 X43.391 Y56.762 E71.995
G1 X43.25 Y56.62 E72.00499
G1 X43.012 Y56.169 E72.03043
G1 X40.563 Y44.231 E72.63842
G1 X40.564 Y43.888 E72.65553
G1 X40.708 Y43.503 E72.67604
G1 X41.104 Y43.124 E72.70339
G0 F3600 X41.471 Y43.831
G1 F1800 X58.456 Y43.831 E73.55077
G1 X58.575 Y43.87 E73.55702
G1 X58.667 Y44 E73.56497
G1 X56.205 Y56.009 E74.17656
G1 X56.143 Y56.118 E74.18282
G1 X56.009 Y56.169 E74.18997
G1 X43.992 Y56.169 E74.7895
G1 X43.873 Y56.13 E74.79575
G1 X43.796 Y56.009 E74.8029
G1 X41.347 Y44.071 E75.41089
G1 X41.361 Y43.947 E75.41712
G1 X41.471 Y43.831 E75.4251
G0 F3600 X41.36 Y43.431
G1 F1800 X58.456 Y43.431 E76.27802
G1 X58.7 Y43.49 E76.29054
G1 X58.902 Y43.639 E76.30307
G1 X59.061 Y43.933 E76.31974
G1 X59.059 Y44.08 E76.32708
G1 X56.58 Y56.171 E76.94285
G1 X56.371 Y56.447 E76.96012
G1 X56.009 Y56.569 E76.97918
G1 X43.992 Y56.569 E77.57871
G1 X43.748 Y56.51 E77.59123
G1 X43.596 Y56.419 E77.60007
G1 X43.404 Y56.089 E77.61912
G1 X40.955 Y44.151 E78.22711
G1 X40.964 Y43.902 E78.23954
G1 X41.071 Y43.672 E78.2522
G1 X41.36 Y43.431 E78.27097
G1 F1500 E71.77097
;MESH:blankkey.stl
G0 F3600 X42.06 Y44.453
G0 X55.285 Y55.059
G0 X55.518 Y55.368
;TYPE:WALL-INNER
G1 F1500 E78.27097
G1 F1800 X57.72 Y44.628 E78.81794
G1 X42.276 Y44.628 E79.58844
G1 X44.482 Y55.368 E80.13545
G1 X55.518 Y55.368 E80.68604
G0 F3600 X55.844 Y55.768
;TYPE:WALL-OUTER
G1 F1800 X58.21 Y44.228 E81.27375
G1 X41.786 Y44.228 E82.09314
G1 X44.156 Y55.768 E82.68089
G1 X55.844 Y55.768 E83.26401
G0 F3600 X55.884 Y55.573
G0 X55.204 Y54.987
;TYPE:SKIN
G1 F1800 X44.792 Y54.988 E83.78346
G1 X42.742 Y45.008 E84.29176
G1 X57.254 Y45.009 E85.01577
G1 X55.204 Y54.987 E85.52397
G0 F3600 X56.926 Y45.613
G1 F1800 X56.523 Y45.209 E85.55244
G0 F3600 X55.957 Y45.209
G1 F1800 X56.83 Y46.082 E85.61404
G0 F3600 X56.734 Y46.552
G1 F1800 X55.391 Y45.209 E85.70879
G0 F3600 X54.826 Y45.209
G1 F1800 X56.637 Y47.02 E85.83657
G0 F3600 X56.541 Y47.49
G1 F1800 X54.26 Y45.209 E85.99751
G0 F3600 X53.694 Y45.209
G1 F1800 X56.444 Y47.959 E86.19153
G0 F3600 X56.348 Y48.428
G1 F1800 X53.128 Y45.209 E86.41869
G0 F3600 X52.563 Y45.209
G1 F1800 X56.252 Y48.898 E86.67897
G0 F3600 X56.155 Y49.367
G1 F1800 X51.997 Y45.209 E86.97233
G0 F3600 X51.431 Y45.209
G1 F1800 X56.059 Y49.836 E87.29883
G0 F3600 X55.963 Y50.306
G1 F1800 X50.866 Y45.209 E87.65845
G0 F3600 X50.3 Y45.209
G1 F1800 X55.866 Y50.775 E88.05116
G0 F3600 X55.77 Y51.244
G1 F1800 X49.734 Y45.208 E88.47703
G0 F3600 X49.168 Y45.208
G1 F1800 X55.673 Y51.714 E88.93603
G0 F3600 X55.576 Y52.182
G1 F1800 X48.602 Y45.208 E89.42809
G0 F3600 X48.037 Y45.208
G1 F1800 X55.48 Y52.652 E89.95327
G0 F3600 X55.384 Y53.121
G1 F1800 X47.471 Y45.208 E90.51157
G0 F3600 X46.905 Y45.208
G1 F1800 X55.287 Y53.59 E91.10297
G0 F3600 X55.191 Y54.06
G1 F1800 X46.34 Y45.208 E91.72749
G0 F3600 X45.774 Y45.208
G1 F1800 X55.094 Y54.529 E92.3851
G0 F3600 X54.787 Y54.787
G1 F1800 X45.208 Y45.208 E93.06095
G0 F3600 X44.642 Y45.208
G1 F1800 X54.221 Y54.787 E93.7368
G0 F3600 X53.655 Y54.787
G1 F1800 X44.077 Y45.208 E94.41261
G0 F3600 X43.511 Y45.208
G1 F1800 X53.09 Y54.787 E95.08846
G0 F3600 X52.524 Y54.787
G1 F1800 X42.998 Y45.26 E95.76061
G0 F3600 X43.144 Y45.973
G1 F1800 X51.958 Y54.787 E96.38249
G0 F3600 X51.393 Y54.787
G1 F1800 X43.29 Y46.685 E96.95416
G0 F3600 X43.436 Y47.396
G1 F1800 X50.827 Y54.787 E97.47564
G0 F3600 X50.261 Y54.787
G1 F1800 X43.583 Y48.108 E97.94684
G0 F3600 X43.729 Y48.82
G1 F1800 X49.696 Y54.787 E98.36784
G0 F3600 X49.13 Y54.787
G1 F1800 X43.875 Y49.532 E98.73861
G0 F3600 X44.022 Y50.244
G1 F1800 X48.565 Y54.787 E99.05915
G0 F3600 X47.999 Y54.787
G1 F1800 X44.167 Y50.956 E99.32948
G0 F3600 X44.314 Y51.668
G1 F1800 X47.433 Y54.787 E99.54954
G0 F3600 X46.868 Y54.787
G1 F1800 X44.46 Y52.38 E99.7194
G0 F3600 X44.606 Y53.092
G1 F1800 X46.302 Y54.787 E99.83903
G0 F3600 X45.736 Y54.787
G1 F1800 X44.753 Y53.804 E99.90839
G0 F3600 X44.898 Y54.515
G1 F1800 X45.171 Y54.787 E99.92761
G0 F3600 X45.171 Y54.759
;MESH:NONMESH
G0 F600 Z0.45
G0 F3600 X55.285 Y55.082
G0 X55.826 Y55.368
;TIME_ELAPSED:72.012793
;LAYER:1
M106 S255
;TYPE:WALL-INNER
;MESH:blankkey.stl
G1 F3300 X58.028 Y44.628 E100.2011
G1 X41.968 Y44.628 E100.60171
G1 X44.17 Y55.368 E100.8752
G1 X55.826 Y55.368 E101.16596
G0 F5400 X56.152 Y55.768
;TYPE:WALL-OUTER
G1 F2100 X58.518 Y44.228 E101.45981
G1 X41.478 Y44.228 E101.88488
G1 X43.844 Y55.768 E102.17873
G1 X56.152 Y55.768 E102.48575
G0 F5400 X56.192 Y55.573
G0 X55.512 Y54.987
;TYPE:SKIN
G1 F1800 X44.48 Y54.988 E102.76095
G1 X42.434 Y45.008 E103.01508
G1 X57.562 Y45.009 E103.39245
G1 X55.512 Y54.987 E103.64655
G0 F5400 X54.955 Y54.788
G1 F1800 X55.45 Y54.293 E103.66401
G0 F5400 X55.596 Y53.581
G1 F1800 X54.389 Y54.788 E103.70659
G0 F5400 X53.824 Y54.788
G1 F1800 X55.743 Y52.869 E103.77429
G0 F5400 X55.889 Y52.157
G1 F1800 X53.258 Y54.788 E103.86711
G0 F5400 X52.692 Y54.788
G1 F1800 X56.035 Y51.445 E103.98504
G0 F5400 X56.182 Y50.733
G1 F1800 X52.126 Y54.788 E104.12811
G0 F5400 X51.561 Y54.788
G1 F1800 X56.328 Y50.021 E104.29628
G0 F5400 X56.474 Y49.309
G1 F1800 X50.995 Y54.788 E104.48956
G0 F5400 X50.429 Y54.788
G1 F1800 X56.621 Y48.597 E104.70799
G0 F5400 X56.767 Y47.885
G1 F1800 X49.864 Y54.788 E104.95151
G0 F5400 X49.298 Y54.788
G1 F1800 X56.914 Y47.173 E105.22016
G0 F5400 X57.06 Y46.46
G1 F1800 X48.732 Y54.788 E105.51396
G0 F5400 X48.167 Y54.788
G1 F1800 X57.206 Y45.748 E105.83285
G0 F5400 X57.181 Y45.208
G1 F1800 X47.601 Y54.788 E106.17081
G0 F5400 X47.035 Y54.788
G1 F1800 X56.615 Y45.208 E106.50877
G0 F5400 X56.05 Y45.208
G1 F1800 X46.47 Y54.788 E106.84673
G0 F5400 X45.904 Y54.788
G1 F1800 X55.484 Y45.208 E107.18469
G0 F5400 X54.918 Y45.208
G1 F1800 X45.338 Y54.788 E107.52265
G0 F5400 X44.773 Y54.788
G1 F1800 X54.352 Y45.208 E107.86059
G0 F5400 X53.787 Y45.208
G1 F1800 X44.569 Y54.426 E108.18578
G0 F5400 X44.473 Y53.956
G1 F1800 X53.221 Y45.208 E108.49439
G0 F5400 X52.655 Y45.208
G1 F1800 X44.377 Y53.487 E108.78644
G0 F5400 X44.28 Y53.018
G1 F1800 X52.09 Y45.208 E109.06196
G0 F5400 X51.524 Y45.208
G1 F1800 X44.184 Y52.549 E109.32092
G0 F5400 X44.087 Y52.079
G1 F1800 X50.958 Y45.208 E109.56331
G0 F5400 X50.393 Y45.208
G1 F1800 X43.991 Y51.61 E109.78916
G0 F5400 X43.895 Y51.14
G1 F1800 X49.828 Y45.207 E109.99846
G0 F5400 X49.262 Y45.207
G1 F1800 X43.799 Y50.671 E110.1912
G0 F5400 X43.703 Y50.201
G1 F1800 X48.696 Y45.207 E110.36736
G0 F5400 X48.131 Y45.207
G1 F1800 X43.607 Y49.732 E110.52697
G0 F5400 X43.51 Y49.262
G1 F1800 X47.565 Y45.207 E110.67002
G0 F5400 X46.999 Y45.207
G1 F1800 X43.414 Y48.792 E110.79649
G0 F5400 X43.318 Y48.323
G1 F1800 X46.434 Y45.207 E110.90642
G0 F5400 X45.868 Y45.207
G1 F1800 X43.222 Y47.853 E110.99976
G0 F5400 X43.126 Y47.384
G1 F1800 X45.302 Y45.207 E111.07655
G0 F5400 X44.737 Y45.207
G1 F1800 X43.029 Y46.915 E111.1368
G0 F5400 X42.933 Y46.446
G1 F1800 X44.171 Y45.207 E111.18049
G0 F5400 X43.605 Y45.207
G1 F1800 X42.837 Y45.976 E111.2076
G0 F5400 X42.74 Y45.507
G1 F1800 X43.039 Y45.207 E111.21817
G0 F5400 X43.039 Y45.241
;MESH:NONMESH
G0 F600 Z0.6
G0 F5400 X55.595 Y55.082
G0 X55.954 Y55.368
;TIME_ELAPSED:87.275414
;LAYER:2
;TYPE:WALL-INNER
;MESH:blankkey.stl
G1 F4800 X58.16 Y44.628 E111.49167
G1 X41.836 Y44.628 E111.89887
G1 X44.042 Y55.368 E112.17238
G1 X55.954 Y55.368 E112.46952
G0 F7200 X56.28 Y55.768
;TYPE:WALL-OUTER
G1 F2400 X58.65 Y44.228 E112.7634
G1 X41.346 Y44.228 E113.19505
G1 X43.716 Y55.768 E113.48892
G1 X56.28 Y55.768 E113.80233
G0 F7200 X56.32 Y55.573
G0 X55.64 Y54.987
;TYPE:SKIN
G1 F1800 X44.352 Y54.988 E114.08391
G1 X42.302 Y45.008 E114.33806
G1 X57.69 Y45.009 E114.72192
G1 X55.64 Y54.987 E114.97602
G0 F7200 X57.385 Y45.505
G1 F1800 X57.088 Y45.209 E114.98648
G0 F7200 X56.523 Y45.209
G1 F1800 X57.288 Y45.974 E115.01347
G0 F7200 X57.192 Y46.443
G1 F1800 X55.957 Y45.209 E115.05702
G0 F7200 X55.391 Y45.209
G1 F1800 X57.095 Y46.913 E115.11713
G0 F7200 X56.998 Y47.382
G1 F1800 X54.826 Y45.209 E115.19377
G0 F7200 X54.26 Y45.209
G1 F1800 X56.902 Y47.851 E115.28698
G0 F7200 X56.805 Y48.32
G1 F1800 X53.694 Y45.209 E115.39672
G0 F7200 X53.128 Y45.209
G1 F1800 X56.709 Y48.79 E115.52305
G0 F7200 X56.613 Y49.259
G1 F1800 X52.563 Y45.209 E115.66593
G0 F7200 X51.997 Y45.209
G1 F1800 X56.516 Y49.728 E115.82535
G0 F7200 X56.42 Y50.198
G1 F1800 X51.431 Y45.209 E116.00135
G0 F7200 X50.866 Y45.209
G1 F1800 X56.324 Y50.667 E116.19389
G0 F7200 X56.227 Y51.136
G1 F1800 X50.3 Y45.209 E116.40299
G0 F7200 X49.734 Y45.209
G1 F1800 X56.131 Y51.605 E116.62864
G0 F7200 X56.035 Y52.075
G1 F1800 X49.169 Y45.209 E116.87086
G0 F7200 X48.603 Y45.209
G1 F1800 X55.938 Y52.544 E117.12962
G0 F7200 X55.842 Y53.013
G1 F1800 X48.037 Y45.209 E117.40494
G0 F7200 X47.472 Y45.209
G1 F1800 X55.745 Y53.483 E117.69681
G0 F7200 X55.649 Y53.952
G1 F1800 X46.906 Y45.209 E118.00525
G0 F7200 X46.34 Y45.209
G1 F1800 X55.552 Y54.421 E118.33022
G0 F7200 X55.352 Y54.787
G1 F1800 X45.775 Y45.209 E118.6681
G0 F7200 X45.209 Y45.209
G1 F1800 X54.787 Y54.787 E119.00599
G0 F7200 X54.221 Y54.787
G1 F1800 X44.643 Y45.209 E119.34388
G0 F7200 X44.078 Y45.209
G1 F1800 X53.655 Y54.787 E119.68175
G0 F7200 X53.09 Y54.787
G1 F1800 X43.512 Y45.209 E120.01964
G0 F7200 X42.946 Y45.209
G1 F1800 X52.524 Y54.787 E120.35753
G0 F7200 X51.958 Y54.787
G1 F1800 X42.59 Y45.418 E120.68803
G0 F7200 X42.735 Y46.13
G1 F1800 X51.393 Y54.787 E120.99344
G0 F7200 X50.827 Y54.787
G1 F1800 X42.882 Y46.842 E121.27372
G0 F7200 X43.028 Y47.554
G1 F1800 X50.261 Y54.787 E121.52889
G0 F7200 X49.696 Y54.787
G1 F1800 X43.175 Y48.266 E121.75893
G0 F7200 X43.321 Y48.978
G1 F1800 X49.13 Y54.787 E121.96386
G0 F7200 X48.565 Y54.787
G1 F1800 X43.467 Y49.69 E122.14369
G0 F7200 X43.614 Y50.402
G1 F1800 X47.999 Y54.787 E122.29838
G0 F7200 X47.433 Y54.787
G1 F1800 X43.76 Y51.114 E122.42796
G0 F7200 X43.906 Y51.826
G1 F1800 X46.868 Y54.787 E122.53243
G0 F7200 X46.302 Y54.787
G1 F1800 X44.053 Y52.538 E122.61177
G0 F7200 X44.199 Y53.25
G1 F1800 X45.736 Y54.787 E122.66599
G0 F7200 X45.171 Y54.787
G1 F1800 X44.345 Y53.961 E122.69513
G0 F7200 X44.491 Y54.673
G1 F1800 X44.605 Y54.787 E122.69916
G0 F7200 X44.605 Y54.759
;MESH:NONMESH
G0 F600 Z0.75
G0 F7200 X55.724 Y55.082
G0 X56.05 Y55.368
;TIME_ELAPSED:102.395371
;LAYER:3
;TYPE:WALL-INNER
;MESH:blankkey.stl
G1 F4800 X58.256 Y44.628 E122.97266
G1 X41.74 Y44.628 E123.38465
G1 X43.946 Y55.368 E123.65816
G1 X56.05 Y55.368 E123.96009
G0 F7200 X56.376 Y55.768
;TYPE:WALL-OUTER
G1 F2400 X58.746 Y44.228 E124.25397
G1 X41.25 Y44.228 E124.69041
G1 X43.62 Y55.768 E124.98428
G1 X56.376 Y55.768 E125.30248
G0 F7200 X56.416 Y55.573
G0 X55.736 Y54.987
;TYPE:SKIN
G1 F1800 X44.256 Y54.988 E125.58885
G1 X42.206 Y45.008 E125.843
G1 X57.786 Y45.009 E126.23164
G1 X55.736 Y54.987 E126.48575
G0 F7200 X55.521 Y54.787
G1 F1800 X55.586 Y54.723 E126.48802
G0 F7200 X54.956 Y54.787
G1 F1800 X55.732 Y54.011 E126.5154
G0 F7200 X55.878 Y53.299
G1 F1800 X54.39 Y54.787 E126.56789
G0 F7200 X53.824 Y54.787
G1 F1800 X56.025 Y52.587 E126.64552
G0 F7200 X56.171 Y51.875
G1 F1800 X53.259 Y54.787 E126.74825
G0 F7200 X52.693 Y54.787
G1 F1800 X56.317 Y51.163 E126.87609
G0 F7200 X56.463 Y50.451
G1 F1800 X52.127 Y54.787 E127.02906
G0 F7200 X51.562 Y54.787
G1 F1800 X56.61 Y49.739 E127.20714
G0 F7200 X56.756 Y49.027
G1 F1800 X50.996 Y54.787 E127.41034
G0 F7200 X50.43 Y54.787
G1 F1800 X56.902 Y48.315 E127.63866
G0 F7200 X57.049 Y47.603
G1 F1800 X49.864 Y54.788 E127.89213
G0 F7200 X49.298 Y54.788
G1 F1800 X57.195 Y46.891 E128.17071
G0 F7200 X57.341 Y46.179
G1 F1800 X48.732 Y54.788 E128.47442
G0 F7200 X48.167 Y54.788
G1 F1800 X57.488 Y45.467 E128.80324
G0 F7200 X57.181 Y45.208
G1 F1800 X47.601 Y54.788 E129.1412
G0 F7200 X47.035 Y54.788
G1 F1800 X56.615 Y45.208 E129.47916
G0 F7200 X56.05 Y45.208
G1 F1800 X46.47 Y54.788 E129.81712
G0 F7200 X45.904 Y54.788
G1 F1800 X55.484 Y45.208 E130.15508
G0 F7200 X54.918 Y45.208
G1 F1800 X45.338 Y54.788 E130.49305
G0 F7200 X44.773 Y54.788
G1 F1800 X54.352 Y45.208 E130.83099
G0 F7200 X53.787 Y45.208
G1 F1800 X44.383 Y54.612 E131.16274
G0 F7200 X44.287 Y54.142
G1 F1800 X53.221 Y45.208 E131.47791
G0 F7200 X52.655 Y45.208
G1 F1800 X44.191 Y53.673 E131.77652
G0 F7200 X44.094 Y53.204
G1 F1800 X52.09 Y45.208 E132.0586
G0 F7200 X51.524 Y45.208
G1 F1800 X43.998 Y52.735 E132.32412
G0 F7200 X43.901 Y52.265
G1 F1800 X50.958 Y45.208 E132.57307
G0 F7200 X50.393 Y45.208
G1 F1800 X43.805 Y51.796 E132.80548
G0 F7200 X43.708 Y51.327
G1 F1800 X49.827 Y45.208 E133.02134
G0 F7200 X49.261 Y45.208
G1 F1800 X43.612 Y50.857 E133.22063
G0 F7200 X43.515 Y50.388
G1 F1800 X48.696 Y45.208 E133.40338
G0 F7200 X48.13 Y45.208
G1 F1800 X43.419 Y49.919 E133.56958
G0 F7200 X43.323 Y49.449
G1 F1800 X47.564 Y45.208 E133.71919
G0 F7200 X46.999 Y45.208
G1 F1800 X43.227 Y48.98 E133.85226
G0 F7200 X43.13 Y48.511
G1 F1800 X46.433 Y45.208 E133.96878
G0 F7200 X45.867 Y45.208
G1 F1800 X43.034 Y48.042 E134.06874
G0 F7200 X42.938 Y47.572
G1 F1800 X45.302 Y45.208 E134.15214
G0 F7200 X44.736 Y45.208
G1 F1800 X42.841 Y47.103 E134.21899
G0 F7200 X42.745 Y46.634
G1 F1800 X44.17 Y45.208 E134.26928
G0 F7200 X43.604 Y45.208
G1 F1800 X42.648 Y46.164 E134.303
G0 F7200 X42.552 Y45.695
G1 F1800 X43.039 Y45.208 E134.32018
G0 F7200 X43.039 Y45.241
;MESH:NONMESH
G0 F600 Z0.9
G0 F7200 X55.82 Y55.082
G0 X56.122 Y55.368
;TIME_ELAPSED:117.634005
;LAYER:4
;TYPE:WALL-INNER
;MESH:blankkey.stl
G1 F4800 X58.324 Y44.628 E134.59367
G1 X41.672 Y44.628 E135.00905
G1 X43.874 Y55.368 E135.28253
G1 X56.122 Y55.368 E135.58806
G0 F7200 X56.448 Y55.768
;TYPE:WALL-OUTER
G1 F2400 X58.814 Y44.228 E135.88192
G1 X41.182 Y44.228 E136.32175
G1 X43.548 Y55.768 E136.6156
G1 X56.448 Y55.768 E136.93739
G0 F7200 X56.488 Y55.573
G0 X55.808 Y54.987
;TYPE:SKIN
G1 F1800 X44.184 Y54.988 E137.22736
G1 X42.138 Y45.008 E137.48149
G1 X57.858 Y45.009 E137.87362
G1 X55.808 Y54.987 E138.12772
G0 F7200 X57.524 Y45.644
G1 F1800 X57.088 Y45.209 E138.14309
G0 F7200 X56.523 Y45.209
G1 F1800 X57.428 Y46.114 E138.17501
G0 F7200 X57.331 Y46.583
G1 F1800 X55.957 Y45.209 E138.22349
G0 F7200 X55.391 Y45.209
G1 F1800 X57.235 Y47.052 E138.28852
G0 F7200 X57.138 Y47.522
G1 F1800 X54.826 Y45.209 E138.3701
G0 F7200 X54.26 Y45.209
G1 F1800 X57.042 Y47.991 E138.46824
G0 F7200 X56.945 Y48.46
G1 F1800 X53.694 Y45.209 E138.58293
G0 F7200 X53.128 Y45.209
G1 F1800 X56.849 Y48.93 E138.7142
G0 F7200 X56.752 Y49.398
G1 F1800 X52.563 Y45.209 E138.86198
G0 F7200 X51.997 Y45.209
G1 F1800 X56.656 Y49.868 E139.02634
G0 F7200 X56.559 Y50.337
G1 F1800 X51.431 Y45.209 E139.20724
G0 F7200 X50.866 Y45.209
G1 F1800 X56.463 Y50.806 E139.40469
G0 F7200 X56.367 Y51.276
G1 F1800 X50.3 Y45.209 E139.61872
G0 F7200 X49.734 Y45.209
G1 F1800 X56.27 Y51.745 E139.84929
G0 F7200 X56.174 Y52.214
G1 F1800 X49.169 Y45.209 E140.09641
G0 F7200 X48.603 Y45.209
G1 F1800 X56.078 Y52.684 E140.36012
G0 F7200 X55.981 Y53.153
G1 F1800 X48.037 Y45.209 E140.64036
G0 F7200 X47.472 Y45.209
G1 F1800 X55.885 Y53.622 E140.93715
G0 F7200 X55.789 Y54.092
G1 F1800 X46.906 Y45.209 E141.25052
G0 F7200 X46.34 Y45.209
G1 F1800 X55.692 Y54.56 E141.58042
G0 F7200 X55.352 Y54.787
G1 F1800 X45.775 Y45.209 E141.9183
G0 F7200 X45.209 Y45.209
G1 F1800 X54.787 Y54.787 E142.25619
G0 F7200 X54.221 Y54.787
G1 F1800 X44.643 Y45.209 E142.59408
G0 F7200 X44.078 Y45.209
G1 F1800 X53.655 Y54.787 E142.93195
G0 F7200 X53.09 Y54.787
G1 F1800 X43.512 Y45.209 E143.26984
G0 F7200 X42.946 Y45.209
G1 F1800 X52.524 Y54.787 E143.60773
G0 F7200 X51.958 Y54.787
G1 F1800 X42.383 Y45.212 E143.94551
G0 F7200 X42.529 Y45.923
G1 F1800 X51.393 Y54.787 E144.25821
G0 F7200 X50.827 Y54.787
G1 F1800 X42.675 Y46.634 E144.54581
G0 F7200 X42.821 Y47.346
G1 F1800 X50.261 Y54.787 E144.8083
G0 F7200 X49.696 Y54.787
G1 F1800 X42.967 Y48.058 E145.04568
G0 F7200 X43.112 Y48.769
G1 F1800 X49.13 Y54.787 E145.25798
G0 F7200 X48.565 Y54.787
G1 F1800 X43.259 Y49.481 E145.44517
G0 F7200 X43.404 Y50.193
G1 F1800 X47.999 Y54.787 E145.60725
G0 F7200 X47.433 Y54.787
G1 F1800 X43.55 Y50.904 E145.74423
G0 F7200 X43.696 Y51.616
G1 F1800 X46.868 Y54.787 E145.85612
G0 F7200 X46.302 Y54.787
G1 F1800 X43.842 Y52.327 E145.9429
G0 F7200 X43.988 Y53.039
G1 F1800 X45.736 Y54.787 E146.00456
G0 F7200 X45.171 Y54.787
G1 F1800 X44.134 Y53.751 E146.04113
G0 F7200 X44.28 Y54.462
G1 F1800 X44.605 Y54.787 E146.0526
G0 F7200 X44.605 Y54.759
;MESH:NONMESH
G0 F600 Z1.05
G0 F7200 X55.889 Y55.082
G0 X56.166 Y55.368
;TIME_ELAPSED:133.070958
;LAYER:5
;TYPE:WALL-INNER
;MESH:blankkey.stl
G1 F4800 X58.372 Y44.628 E146.3261
G1 X41.628 Y44.628 E146.74378
G1 X43.83 Y55.368 E147.01726
G1 X56.166 Y55.368 E147.32499
G0 F7200 X56.492 Y55.768
;TYPE:WALL-OUTER
G1 F2400 X58.862 Y44.228 E147.61886
G1 X41.138 Y44.228 E148.06099
G1 X43.504 Y55.768 E148.35484
G1 X56.492 Y55.768 E148.67883
G0 F7200 X56.532 Y55.573
G0 X55.852 Y54.987
;TYPE:SKIN
G1 F1800 X44.14 Y54.988 E148.97099
G1 X42.094 Y45.008 E149.22512
G1 X57.902 Y45.009 E149.61945
G1 X55.852 Y54.987 E149.87355
G0 F7200 X55.521 Y54.787
G1 F1800 X55.732 Y54.577 E149.88098
G0 F7200 X55.878 Y53.865
G1 F1800 X54.956 Y54.787 E149.9135
G0 F7200 X54.39 Y54.787
G1 F1800 X56.024 Y53.153 E149.97114
G0 F7200 X56.17 Y52.441
G1 F1800 X53.824 Y54.787 E150.05391
G0 F7200 X53.259 Y54.787
G1 F1800 X56.317 Y51.729 E150.16179
G0 F7200 X56.463 Y51.017
G1 F1800 X52.693 Y54.787 E150.29478
G0 F7200 X52.127 Y54.787
G1 F1800 X56.61 Y50.305 E150.45291
G0 F7200 X56.756 Y49.593
G1 F1800 X51.562 Y54.787 E150.63615
G0 F7200 X50.996 Y54.787
G1 F1800 X56.902 Y48.881 E150.8445
G0 F7200 X57.048 Y48.17
G1 F1800 X50.43 Y54.787 E151.07795
G0 F7200 X49.864 Y54.788
G1 F1800 X57.194 Y47.457 E151.33655
G0 F7200 X57.341 Y46.745
G1 F1800 X49.298 Y54.788 E151.62029
G0 F7200 X48.732 Y54.788
G1 F1800 X57.487 Y46.033 E151.92915
G0 F7200 X57.633 Y45.321
G1 F1800 X48.167 Y54.788 E152.2631
G0 F7200 X47.601 Y54.788
G1 F1800 X57.181 Y45.208 E152.60106
G0 F7200 X56.615 Y45.208
G1 F1800 X47.035 Y54.788 E152.93902
G0 F7200 X46.47 Y54.788
G1 F1800 X56.05 Y45.208 E153.27698
G0 F7200 X55.484 Y45.208
G1 F1800 X45.904 Y54.788 E153.61494
G0 F7200 X45.338 Y54.788
G1 F1800 X54.918 Y45.208 E153.9529
G0 F7200 X54.352 Y45.208
G1 F1800 X44.773 Y54.788 E154.29085
G0 F7200 X44.287 Y54.708
G1 F1800 X53.787 Y45.208 E154.62598
G0 F7200 X53.221 Y45.208
G1 F1800 X44.191 Y54.239 E154.94456
G0 F7200 X44.094 Y53.769
G1 F1800 X52.655 Y45.208 E155.24657
G0 F7200 X52.09 Y45.208
G1 F1800 X43.998 Y53.3 E155.53204
G0 F7200 X43.902 Y52.83
G1 F1800 X51.524 Y45.208 E155.80093
G0 F7200 X50.958 Y45.208
G1 F1800 X43.806 Y52.361 E156.05325
G0 F7200 X43.71 Y51.891
G1 F1800 X50.393 Y45.208 E156.28901
G0 F7200 X49.827 Y45.208
G1 F1800 X43.613 Y51.422 E156.50823
G0 F7200 X43.517 Y50.953
G1 F1800 X49.261 Y45.208 E156.71088
G0 F7200 X48.696 Y45.208
G1 F1800 X43.421 Y50.483 E156.89697
G0 F7200 X43.324 Y50.014
G1 F1800 X48.13 Y45.208 E157.06651
G0 F7200 X47.564 Y45.208
G1 F1800 X43.228 Y49.544 E157.21948
G0 F7200 X43.132 Y49.075
G1 F1800 X46.999 Y45.208 E157.3559
G0 F7200 X46.433 Y45.208
G1 F1800 X43.036 Y48.605 E157.47573
G0 F7200 X42.94 Y48.136
G1 F1800 X45.867 Y45.208 E157.57901
G0 F7200 X45.302 Y45.208
G1 F1800 X42.843 Y47.667 E157.66576
G0 F7200 X42.747 Y47.197
G1 F1800 X44.736 Y45.208 E157.73593
G0 F7200 X44.17 Y45.208
G1 F1800 X42.651 Y46.728 E157.78953
G0 F7200 X42.554 Y46.258
G1 F1800 X43.604 Y45.208 E157.82657
G0 F7200 X43.039 Y45.208
G1 F1800 X42.458 Y45.789 E157.84707
G0 F7200 X42.362 Y45.319
G1 F1800 X42.473 Y45.208 E157.85098
G0 F7200 X42.473 Y45.241
;MESH:NONMESH
G0 F600 Z1.2
G0 F7200 X55.936 Y55.082
G0 X56.194 Y55.368
;TIME_ELAPSED:148.563668
;LAYER:6
;TYPE:WALL-INNER
;MESH:blankkey.stl
G1 F4800 X58.396 Y44.628 E158.12447
G1 X41.6 Y44.628 E158.54345
G1 X43.802 Y55.368 E158.81693
G1 X56.194 Y55.368 E159.12605
G0 F7200 X56.52 Y55.768
;TYPE:WALL-OUTER
G1 F2400 X58.886 Y44.228 E159.4199
G1 X41.11 Y44.228 E159.86333
G1 X43.476 Y55.768 E160.15718
G1 X56.52 Y55.768 E160.48257
G0 F7200 X56.56 Y55.573
G0 X55.88 Y54.987
;TYPE:SKIN
G1 F1800 X44.112 Y54.988 E160.77612
G1 X42.066 Y45.008 E161.03025
G1 X57.93 Y45.009 E161.42598
G1 X55.88 Y54.987 E161.68008
G0 F7200 X57.584 Y45.705
G1 F1800 X57.088 Y45.209 E161.69758
G0 F7200 X56.523 Y45.209
G1 F1800 X57.487 Y46.173 E161.73158
G0 F7200 X57.391 Y46.643
G1 F1800 X55.957 Y45.209 E161.78217
G0 F7200 X55.391 Y45.209
G1 F1800 X57.295 Y47.112 E161.84932
G0 F7200 X57.198 Y47.581
G1 F1800 X54.826 Y45.209 E161.933
G0 F7200 X54.26 Y45.209
G1 F1800 X57.102 Y48.051 E162.03326
G0 F7200 X57.006 Y48.52
G1 F1800 X53.694 Y45.209 E162.15008
G0 F7200 X53.128 Y45.209
G1 F1800 X56.909 Y48.989 E162.28345
G0 F7200 X56.812 Y49.459
G1 F1800 X52.563 Y45.209 E162.43336
G0 F7200 X51.997 Y45.209
G1 F1800 X56.716 Y49.927 E162.59982
G0 F7200 X56.619 Y50.397
G1 F1800 X51.431 Y45.209 E162.78284
G0 F7200 X50.866 Y45.209
G1 F1800 X56.523 Y50.866 E162.98241
G0 F7200 X56.426 Y51.335
G1 F1800 X50.3 Y45.209 E163.19852
G0 F7200 X49.734 Y45.208
G1 F1800 X56.33 Y51.805 E163.43123
G0 F7200 X56.234 Y52.274
G1 F1800 X49.168 Y45.208 E163.6805
G0 F7200 X48.602 Y45.208
G1 F1800 X56.137 Y52.743 E163.94632
G0 F7200 X56.041 Y53.213
G1 F1800 X48.037 Y45.208 E164.2287
G0 F7200 X47.471 Y45.208
G1 F1800 X55.945 Y53.682 E164.52764
G0 F7200 X55.848 Y54.151
G1 F1800 X46.905 Y45.208 E164.84313
G0 F7200 X46.34 Y45.208
G1 F1800 X55.752 Y54.62 E165.17516
G0 F7200 X55.352 Y54.787
G1 F1800 X45.774 Y45.208 E165.51307
G0 F7200 X45.208 Y45.208
G1 F1800 X54.787 Y54.787 E165.851
G0 F7200 X54.221 Y54.787
G1 F1800 X44.642 Y45.208 E166.18892
G0 F7200 X44.077 Y45.208
G1 F1800 X53.655 Y54.787 E166.52683
G0 F7200 X53.09 Y54.787
G1 F1800 X43.511 Y45.208 E166.86475
G0 F7200 X42.945 Y45.208
G1 F1800 X52.524 Y54.787 E167.20268
G0 F7200 X51.958 Y54.787
G1 F1800 X42.38 Y45.208 E167.54059
G0 F7200 X42.439 Y45.833
G1 F1800 X51.393 Y54.787 E167.85646
G0 F7200 X50.827 Y54.787
G1 F1800 X42.585 Y46.545 E168.14722
G0 F7200 X42.73 Y47.256
G1 F1800 X50.261 Y54.787 E168.4129
G0 F7200 X49.696 Y54.787
G1 F1800 X42.877 Y47.968 E168.65346
G0 F7200 X43.022 Y48.679
G1 F1800 X49.13 Y54.787 E168.86893
G0 F7200 X48.565 Y54.787
G1 F1800 X43.168 Y49.391 E169.05931
G0 F7200 X43.314 Y50.102
G1 F1800 X47.999 Y54.787 E169.22459
G0 F7200 X47.433 Y54.787
G1 F1800 X43.46 Y50.814 E169.36474
G0 F7200 X43.606 Y51.525
G1 F1800 X46.868 Y54.787 E169.47982
G0 F7200 X46.302 Y54.787
G1 F1800 X43.752 Y52.237 E169.56978
G0 F7200 X43.897 Y52.948
G1 F1800 X45.736 Y54.787 E169.63465
G0 F7200 X45.171 Y54.787
G1 F1800 X44.044 Y53.66 E169.67441
G0 F7200 X44.189 Y54.372
G1 F1800 X44.605 Y54.787 E169.68907
G0 F7200 X44.605 Y54.759
;MESH:NONMESH
G0 F600 Z1.35
G0 F7200 X41.935 Y44.904
G0 X41.632 Y44.661
;TIME_ELAPSED:164.120911
;LAYER:7
;TYPE:WALL-INNER
;MESH:blankkey.stl
G1 F4042.1 X43.744 Y54.931 E169.99966
G1 F3440.9 X43.888 Y55.252 E170.0119
G1 F3472 X44.34 Y55.332 E170.02773
G1 F4016.7 X49.474 Y55.328 E170.18077
G0 F7200 X49.998 Y55.371
G1 F4434.2 X50.632 Y55.332 E170.19792
G1 X50.155 Y55.056 E170.21281
G1 X49.998 Y54.751 E170.22207
G1 X49.841 Y55.056 E170.23133
G1 F4373.6 X49.474 Y55.328 E170.24384
G1 X49.998 Y55.371 E170.25823
G0 F7200 X49.998 Y54.751
G1 F4085.1 X49.998 Y51.014 E170.36776
G1 F1500 E163.86776
G0 F7200 X50.197 Y55.137
G0 X50.632 Y55.332
G1 F1500 E170.36776
G1 F4016.7 X55.77 Y55.328 E170.52093
G1 F3447 X56.109 Y55.253 E170.53299
G1 F3484.6 X56.255 Y54.93 E170.54517
G1 F4076.4 X58.366 Y44.663 E170.85305
G1 F1500 E164.35305
G0 F7200 X56.151 Y54.833
G0 X55.848 Y54.77
;TYPE:WALL-OUTER
G1 F1500 E170.85305
G1 F2400 X55.695 Y54.893 E170.85794
G1 X50.632 Y54.896 E170.98424
G1 X50.472 Y54.817 E170.98869
G1 X50.432 Y54.714 E170.99145
G1 X50.432 Y50.58 E171.09457
G1 X49.564 Y50.58 E171.11622
G1 X49.564 Y54.714 E171.21935
G1 X49.524 Y54.817 E171.2221
G1 X49.399 Y54.893 E171.22575
G1 X44.34 Y54.896 E171.35195
G1 X44.213 Y54.852 E171.3553
G1 X44.154 Y54.77 E171.35782
G1 X41.985 Y44.228 E171.6263
G1 X41.101 Y44.228 E171.64835
G1 X43.467 Y55.768 E171.94221
G1 X56.528 Y55.768 E172.26801
G1 X58.898 Y44.228 E172.56189
G1 X58.012 Y44.228 E172.58399
G1 X55.848 Y54.77 E172.85245
G0 F7200 X55.695 Y54.893
G0 X55.691 Y54.893
G1 F1500 E166.35245
;MESH:NONMESH
G0 F600 Z1.5
G0 F7200 X55.691 Y55.209
G0 X43.981 Y55.139
G0 X41.632 Y44.661
;TIME_ELAPSED:168.683103
;LAYER:8
;TYPE:WALL-INNER
;MESH:blankkey.stl
G1 F1500 E172.85245
G1 F4042.1 X43.744 Y54.931 E173.16303
G1 F3440.9 X43.888 Y55.252 E173.17528
G1 F3472 X44.34 Y55.332 E173.19111
G1 F4016.7 X49.474 Y55.328 E173.34415
G0 F7200 X49.998 Y55.371
G1 F4434.2 X50.632 Y55.332 E173.3613
G1 X50.155 Y55.056 E173.37618
G1 X49.998 Y54.751 E173.38544
G1 X49.841 Y55.056 E173.39471
G1 F4373.6 X49.474 Y55.328 E173.40721
G1 X49.998 Y55.371 E173.42161
G0 F7200 X49.998 Y54.751
G1 F4085.1 X49.998 Y51.014 E173.53114
G1 F1500 E167.03114
G0 F7200 X50.197 Y55.137
G0 X50.632 Y55.332
G1 F1500 E173.53114
G1 F4016.7 X55.77 Y55.328 E173.6843
G1 F3447 X56.109 Y55.253 E173.69636
G1 F3484.6 X56.255 Y54.93 E173.70854
G1 F4076.4 X58.366 Y44.663 E174.01642
G1 F1500 E167.51642
G0 F7200 X56.151 Y54.833
G0 X55.848 Y54.77
;TYPE:WALL-OUTER
G1 F1500 E174.01642
G1 F2400 X55.695 Y54.893 E174.02132
G1 X50.632 Y54.896 E174.14761
G1 X50.472 Y54.817 E174.15207
G1 X50.432 Y54.714 E174.15482
G1 X50.432 Y50.58 E174.25795
G1 X49.564 Y50.58 E174.2796
G1 X49.564 Y54.714 E174.38272
G1 X49.524 Y54.817 E174.38548
G1 X49.399 Y54.893 E174.38913
G1 X44.34 Y54.896 E174.51532
G1 X44.213 Y54.852 E174.51868
G1 X44.154 Y54.77 E174.5212
G1 X41.985 Y44.228 E174.78968
G1 X41.101 Y44.228 E174.81173
G1 X43.467 Y55.768 E175.10558
G1 X56.528 Y55.768 E175.43139
G1 X58.898 Y44.228 E175.72526
G1 X58.012 Y44.228 E175.74737
G1 X55.848 Y54.77 E176.01582
G0 F7200 X55.695 Y54.893
G0 X55.691 Y54.893
G1 F1500 E169.51582
;MESH:NONMESH
G0 F600 Z1.65
G0 F7200 X55.691 Y55.209
G0 X43.981 Y55.139
G0 X41.632 Y44.661
;TIME_ELAPSED:173.507414
;LAYER:9
;TYPE:WALL-INNER
;MESH:blankkey.stl
G1 F1500 E176.01582
G1 F4042.1 X43.744 Y54.931 E176.32641
G1 F3440.9 X43.888 Y55.252 E176.33865
G1 F3472 X44.34 Y55.332 E176.35448
G1 F4016.7 X49.474 Y55.328 E176.50752
G0 F7200 X49.998 Y55.371
G1 F4434.2 X50.632 Y55.332 E176.52467
G1 X50.155 Y55.056 E176.53956
G1 X49.998 Y54.751 E176.54882
G1 X49.841 Y55.056 E176.55808
G1 F4373.6 X49.474 Y55.328 E176.57059
G1 X49.998 Y55.371 E176.58498
G0 F7200 X49.998 Y54.751
G1 F4085.1 X49.998 Y51.014 E176.69452
G1 F1500 E170.19452
G0 F7200 X50.197 Y55.137
G0 X50.632 Y55.332
G1 F1500 E176.69452
G1 F4016.7 X55.77 Y55.328 E176.84768
G1 F3447 X56.109 Y55.253 E176.85974
G1 F3484.6 X56.255 Y54.93 E176.87192
G1 F4076.4 X58.366 Y44.663 E177.1798
G1 F1500 E170.6798
G0 F7200 X56.151 Y54.833
G0 X55.848 Y54.77
;TYPE:WALL-OUTER
G1 F1500 E177.1798
G1 F2400 X55.695 Y54.893 E177.18469
G1 X50.632 Y54.896 E177.31099
G1 X50.472 Y54.817 E177.31544
G1 X50.432 Y54.714 E177.3182
G1 X50.432 Y50.58 E177.42132
G1 X49.564 Y50.58 E177.44297
G1 X49.564 Y54.714 E177.5461
G1 X49.524 Y54.817 E177.54885
G1 X49.399 Y54.893 E177.5525
G1 X44.34 Y54.896 E177.6787
G1 X44.213 Y54.852 E177.68205
G1 X44.154 Y54.77 E177.68457
G1 X41.985 Y44.228 E177.95305
G1 X41.101 Y44.228 E177.9751
G1 X43.467 Y55.768 E178.26896
G1 X56.528 Y55.768 E178.59477
G1 X58.898 Y44.228 E178.88864
G1 X58.012 Y44.228 E178.91074
G1 X55.848 Y54.77 E179.1792
G0 F7200 X55.695 Y54.893
G0 X55.691 Y54.893
G1 F1500 E172.6792
;MESH:NONMESH
G0 F600 Z1.8
G0 F7200 X55.691 Y55.209
G0 X43.981 Y55.139
G0 X41.632 Y44.661
;TIME_ELAPSED:178.331725
;LAYER:10
;TYPE:WALL-INNER
;MESH:blankkey.stl
G1 F1500 E179.1792
G1 F4042.1 X43.744 Y54.931 E179.48978
G1 F3440.9 X43.888 Y55.252 E179.50203
G1 F3472 X44.34 Y55.332 E179.51786
G1 F4016.7 X49.474 Y55.328 E179.6709
G0 F7200 X49.998 Y55.371
G1 F4434.2 X50.632 Y55.332 E179.68805
G1 X50.155 Y55.056 E179.70293
G1 X49.998 Y54.751 E179.71219
G1 X49.841 Y55.056 E179.72146
G1 F4373.6 X49.474 Y55.328 E179.73396
G1 X49.998 Y55.371 E179.74836
G0 F7200 X49.998 Y54.751
G1 F4085.1 X49.998 Y51.014 E179.85789
G1 F1500 E173.35789
G0 F7200 X50.197 Y55.137
G0 X50.632 Y55.332
G1 F1500 E179.85789
G1 F4016.7 X55.77 Y55.328 E180.01105
G1 F3447 X56.109 Y55.253 E180.02311
G1 F3484.6 X56.255 Y54.93 E180.03529
G1 F4076.4 X58.366 Y44.663 E180.34317
G1 F1500 E173.84317
G0 F7200 X56.151 Y54.833
G0 X55.848 Y54.77
;TYPE:WALL-OUTER
G1 F1500 E180.34317
G1 F2400 X55.695 Y54.893 E180.34807
G1 X50.632 Y54.896 E180.47437
G1 X50.472 Y54.817 E180.47882
G1 X50.432 Y54.714 E180.48157
G1 X50.432 Y50.58 E180.5847
G1 X49.564 Y50.58 E180.60635
G1 X49.564 Y54.714 E180.70947
G1 X49.524 Y54.817 E180.71223
G1 X49.399 Y54.893 E180.71588
G1 X44.34 Y54.896 E180.84207
G1 X44.213 Y54.852 E180.84543
G1 X44.154 Y54.77 E180.84795
G1 X41.985 Y44.228 E181.11643
G1 X41.101 Y44.228 E181.13848
G1 X43.467 Y55.768 E181.43233
G1 X56.528 Y55.768 E181.75814
G1 X58.898 Y44.228 E182.05201
G1 X58.012 Y44.228 E182.07412
G1 X55.848 Y54.77 E182.34257
G0 F7200 X55.695 Y54.893
G0 X55.691 Y54.893
G1 F1500 E175.84257
;MESH:NONMESH
G0 F600 Z1.95
G0 F7200 X55.691 Y55.209
G0 X43.981 Y55.139
G0 X41.632 Y44.661
;TIME_ELAPSED:183.156036
;LAYER:11
;TYPE:WALL-INNER
;MESH:blankkey.stl
G1 F1500 E182.34257
G1 F4042.1 X43.744 Y54.931 E182.65316
G1 F3440.9 X43.888 Y55.252 E182.6654
G1 F3472 X44.34 Y55.332 E182.68123
G1 F4016.7 X49.474 Y55.328 E182.83427
G0 F7200 X49.998 Y55.371
G1 F4434.2 X50.632 Y55.332 E182.85142
G1 X50.155 Y55.056 E182.86631
G1 X49.998 Y54.751 E182.87557
G1 X49.841 Y55.056 E182.88483
G1 F4373.6 X49.474 Y55.328 E182.89734
G1 X49.998 Y55.371 E182.91173
G0 F7200 X49.998 Y54.751
G1 F4085.1 X49.998 Y51.014 E183.02127
G1 F1500 E176.52127
G0 F7200 X50.197 Y55.137
G0 X50.632 Y55.332
G1 F1500 E183.02127
G1 F4016.7 X55.77 Y55.328 E183.17443
G1 F3447 X56.109 Y55.253 E183.18649
G1 F3484.6 X56.255 Y54.93 E183.19867
G1 F4076.4 X58.366 Y44.663 E183.50655
G1 F1500 E177.00655
G0 F7200 X56.151 Y54.833
G0 X55.848 Y54.77
;TYPE:WALL-OUTER
G1 F1500 E183.50655
G1 F2400 X55.695 Y54.893 E183.51144
G1 X50.632 Y54.896 E183.63774
G1 X50.472 Y54.817 E183.64219
G1 X50.432 Y54.714 E183.64495
G1 X50.432 Y50.58 E183.74807
G1 X49.564 Y50.58 E183.76972
G1 X49.564 Y54.714 E183.87285
G1 X49.524 Y54.817 E183.8756
G1 X49.399 Y54.893 E183.87925
G1 X44.34 Y54.896 E184.00545
G1 X44.213 Y54.852 E184.0088
G1 X44.154 Y54.77 E184.01132
G1 X41.985 Y44.228 E184.2798
G1 X41.101 Y44.228 E184.30185
G1 X43.467 Y55.768 E184.59571
G1 X56.528 Y55.768 E184.92152
G1 X58.898 Y44.228 E185.21539
G1 X58.012 Y44.228 E185.23749
G1 X55.848 Y54.77 E185.50595
G0 F7200 X55.695 Y54.893
G0 X55.691 Y54.893
G1 F1500 E179.00595
;MESH:NONMESH
G0 F600 Z2.1
G0 F7200 X55.691 Y55.209
G0 X43.981 Y55.139
G0 X41.632 Y44.661
;TIME_ELAPSED:187.980346
;LAYER:12
;TYPE:WALL-INNER
;MESH:blankkey.stl
G1 F1500 E185.50595
G1 F4042.1 X43.744 Y54.931 E185.81653
G1 F3440.9 X43.888 Y55.252 E185.82878
G1 F3472 X44.34 Y55.332 E185.84461
G1 F4016.7 X49.474 Y55.328 E185.99765
G0 F7200 X49.998 Y55.371
G1 F4434.2 X50.632 Y55.332 E186.0148
G1 X50.155 Y55.056 E186.02968
G1 X49.998 Y54.751 E186.03894
G1 X49.841 Y55.056 E186.04821
G1 F4373.6 X49.474 Y55.328 E186.06071
G1 X49.998 Y55.371 E186.07511
G0 F7200 X49.998 Y54.751
G1 F4085.1 X49.998 Y51.014 E186.18464
G1 F1500 E179.68464
G0 F7200 X50.197 Y55.137
G0 X50.632 Y55.332
G1 F1500 E186.18464
G1 F4016.7 X55.77 Y55.328 E186.3378
G1 F3447 X56.109 Y55.253 E186.34986
G1 F3484.6 X56.255 Y54.93 E186.36204
G1 F4076.4 X58.366 Y44.663 E186.66992
G1 F1500 E180.16992
G0 F7200 X56.151 Y54.833
G0 X55.848 Y54.77
;TYPE:WALL-OUTER
G1 F1500 E186.66992
G1 F2400 X55.695 Y54.893 E186.67482
G1 X50.632 Y54.896 E186.80112
G1 X50.472 Y54.817 E186.80557
G1 X50.432 Y54.714 E186.80832
G1 X50.432 Y50.58 E186.91145
G1 X49.564 Y50.58 E186.9331
G1 X49.564 Y54.714 E187.03622
G1 X49.524 Y54.817 E187.03898
G1 X49.399 Y54.893 E187.04263
G1 X44.34 Y54.896 E187.16882
G1 X44.213 Y54.852 E187.17218
G1 X44.154 Y54.77 E187.1747
G1 X41.985 Y44.228 E187.44318
G1 X41.101 Y44.228 E187.46523
G1 X43.467 Y55.768 E187.75908
G1 X56.528 Y55.768 E188.08489
G1 X58.898 Y44.228 E188.37877
G1 X58.012 Y44.228 E188.40087
G1 X55.848 Y54.77 E188.66932
G0 F7200 X55.695 Y54.893
G0 X55.691 Y54.893
G1 F1500 E182.16932
;MESH:NONMESH
G0 F600 Z2.25
G0 F7200 X55.691 Y55.209
G0 X43.981 Y55.139
G0 X41.632 Y44.661
;TIME_ELAPSED:192.804657
;LAYER:13
;TYPE:WALL-INNER
;MESH:blankkey.stl
G1 F1500 E188.66932
G1 F4042.1 X43.744 Y54.931 E188.97991
G1 F3440.9 X43.888 Y55.252 E188.99215
G1 F3472 X44.34 Y55.332 E189.00798
G1 F4016.7 X49.474 Y55.328 E189.16102
G0 F7200 X49.998 Y55.371
G1 F4434.2 X50.632 Y55.332 E189.17818
G1 X50.155 Y55.056 E189.19306
G1 X49.998 Y54.751 E189.20232
G1 X49.841 Y55.056 E189.21158
G1 F4373.6 X49.474 Y55.328 E189.22409
G1 X49.998 Y55.371 E189.23848
G0 F7200 X49.998 Y54.751
G1 F4085.1 X49.998 Y51.014 E189.34802
G1 F1500 E182.84802
G0 F7200 X50.197 Y55.137
G0 X50.632 Y55.332
G1 F1500 E189.34802
G1 F4016.7 X55.77 Y55.328 E189.50118
G1 F3447 X56.109 Y55.253 E189.51324
G1 F3484.6 X56.255 Y54.93 E189.52542
G1 F4076.4 X58.366 Y44.663 E189.8333
G1 F1500 E183.3333
G0 F7200 X56.151 Y54.833
G0 X55.848 Y54.77
;TYPE:WALL-OUTER
G1 F1500 E189.8333
G1 F2400 X55.695 Y54.893 E189.83819
G1 X50.632 Y54.896 E189.96449
G1 X50.472 Y54.817 E189.96894
G1 X50.432 Y54.714 E189.9717
G1 X50.432 Y50.58 E190.07482
G1 X49.564 Y50.58 E190.09647
G1 X49.564 Y54.714 E190.1996
G1 X49.524 Y54.817 E190.20235
G1 X49.399 Y54.893 E190.206
G1 X44.34 Y54.896 E190.3322
G1 X44.213 Y54.852 E190.33555
G1 X44.154 Y54.77 E190.33807
G1 X41.985 Y44.228 E190.60655
G1 X41.101 Y44.228 E190.6286
G1 X43.467 Y55.768 E190.92246
G1 X56.528 Y55.768 E191.24827
G1 X58.898 Y44.228 E191.54214
G1 X58.012 Y44.228 E191.56424
G1 X55.848 Y54.77 E191.8327
G0 F7200 X55.695 Y54.893
G0 X55.691 Y54.893
G1 F1500 E185.3327
;MESH:NONMESH
G0 F600 Z2.4
G0 F7200 X55.691 Y55.209
G0 X43.981 Y55.139
G0 X41.632 Y44.661
;TIME_ELAPSED:197.628968
;LAYER:14
;TYPE:WALL-INNER
;MESH:blankkey.stl
G1 F1500 E191.8327
G1 F4042.1 X43.744 Y54.931 E192.14328
G1 F3440.9 X43.888 Y55.252 E192.15553
G1 F3472 X44.34 Y55.332 E192.17136
G1 F4016.7 X49.474 Y55.328 E192.3244
G0 F7200 X49.998 Y55.371
G1 F4434.2 X50.632 Y55.332 E192.34155
G1 X50.155 Y55.056 E192.35643
G1 X49.998 Y54.751 E192.36569
G1 X49.841 Y55.056 E192.37496
G1 F4373.6 X49.474 Y55.328 E192.38746
G1 X49.998 Y55.371 E192.40186
G0 F7200 X49.998 Y54.751
G1 F4085.1 X49.998 Y51.014 E192.51139
G1 F1500 E186.01139
G0 F7200 X50.197 Y55.137
G0 X50.632 Y55.332
G1 F1500 E192.51139
G1 F4016.7 X55.77 Y55.328 E192.66455
G1 F3447 X56.109 Y55.253 E192.67661
G1 F3484.6 X56.255 Y54.93 E192.68879
G1 F4076.4 X58.366 Y44.663 E192.99667
G1 F1500 E186.49667
G0 F7200 X56.151 Y54.833
G0 X55.848 Y54.77
;TYPE:WALL-OUTER
G1 F1500 E192.99667
G1 F2400 X55.695 Y54.893 E193.00157
G1 X50.632 Y54.896 E193.12787
G1 X50.472 Y54.817 E193.13232
G1 X50.432 Y54.714 E193.13507
G1 X50.432 Y50.58 E193.2382
G1 X49.564 Y50.58 E193.25985
G1 X49.564 Y54.714 E193.36297
G1 X49.524 Y54.817 E193.36573
G1 X49.399 Y54.893 E193.36938
G1 X44.34 Y54.896 E193.49557
G1 X44.213 Y54.852 E193.49893
G1 X44.154 Y54.77 E193.50145
G1 X41.985 Y44.228 E193.76993
G1 X41.101 Y44.228 E193.79198
G1 X43.467 Y55.768 E194.08583
G1 X56.528 Y55.768 E194.41164
G1 X58.898 Y44.228 E194.70552
G1 X58.012 Y44.228 E194.72762
G1 X55.848 Y54.77 E194.99607
G0 F7200 X55.695 Y54.893
G0 X55.691 Y54.893
G1 F1500 E188.49607
;MESH:NONMESH
G0 F600 Z2.55
G0 F7200 X55.691 Y55.209
G0 X43.981 Y55.139
G0 X41.632 Y44.661
;TIME_ELAPSED:202.453279
;LAYER:15
;TYPE:WALL-INNER
;MESH:blankkey.stl
G1 F1500 E194.99607
G1 F4042.1 X43.744 Y54.931 E195.30666
G1 F3440.9 X43.888 Y55.252 E195.3189
G1 F3472 X44.34 Y55.332 E195.33473
G1 F4016.7 X49.474 Y55.328 E195.48777
G0 F7200 X49.998 Y55.371
G1 F4434.2 X50.632 Y55.332 E195.50493
G1 X50.155 Y55.056 E195.51981
G1 X49.998 Y54.751 E195.52907
G1 X49.841 Y55.056 E195.53833
G1 F4373.6 X49.474 Y55.328 E195.55084
G1 X49.998 Y55.371 E195.56523
G0 F7200 X49.998 Y54.751
G1 F4085.1 X49.998 Y51.014 E195.67477
G1 F1500 E189.17477
G0 F7200 X50.197 Y55.137
G0 X50.632 Y55.332
G1 F1500 E195.67477
G1 F4016.7 X55.77 Y55.328 E195.82793
G1 F3447 X56.109 Y55.253 E195.83999
G1 F3484.6 X56.255 Y54.93 E195.85217
G1 F4076.4 X58.366 Y44.663 E196.16005
G1 F1500 E189.66005
G0 F7200 X56.151 Y54.833
G0 X55.848 Y54.77
;TYPE:WALL-OUTER
G1 F1500 E196.16005
G1 F2400 X55.695 Y54.893 E196.16494
G1 X50.632 Y54.896 E196.29124
G1 X50.472 Y54.817 E196.29569
G1 X50.432 Y54.714 E196.29845
G1 X50.432 Y50.58 E196.40157
G1 X49.564 Y50.58 E196.42322
G1 X49.564 Y54.714 E196.52635
G1 X49.524 Y54.817 E196.5291
G1 X49.399 Y54.893 E196.53275
G1 X44.34 Y54.896 E196.65895
G1 X44.213 Y54.852 E196.6623
G1 X44.154 Y54.77 E196.66482
G1 X41.985 Y44.228 E196.9333
G1 X41.101 Y44.228 E196.95535
G1 X43.467 Y55.768 E197.24921
G1 X56.528 Y55.768 E197.57502
G1 X58.898 Y44.228 E197.86889
G1 X58.012 Y44.228 E197.89099
G1 X55.848 Y54.77 E198.15945
G0 F7200 X55.695 Y54.893
G0 X55.691 Y54.893
G1 F1500 E191.65945
;MESH:NONMESH
G0 F600 Z2.7
G0 F7200 X55.691 Y55.209
G0 X43.981 Y55.139
G0 X41.632 Y44.661
;TIME_ELAPSED:207.277590
;LAYER:16
;TYPE:WALL-INNER
;MESH:blankkey.stl
G1 F1500 E198.15945
G1 F4042.1 X43.744 Y54.931 E198.47003
G1 F3440.9 X43.888 Y55.252 E198.48228
G1 F3472 X44.34 Y55.332 E198.49811
G1 F4016.7 X49.474 Y55.328 E198.65115
G0 F7200 X49.998 Y55.371
G1 F4434.2 X50.632 Y55.332 E198.6683
G1 X50.155 Y55.056 E198.68318
G1 X49.998 Y54.751 E198.69245
G1 X49.841 Y55.056 E198.70171
G1 F4373.6 X49.474 Y55.328 E198.71421
G1 X49.998 Y55.371 E198.72861
G0 F7200 X49.998 Y54.751
G1 F4085.1 X49.998 Y51.014 E198.83814
G1 F1500 E192.33814
G0 F7200 X50.197 Y55.137
G0 X50.632 Y55.332
G1 F1500 E198.83814
G1 F4016.7 X55.77 Y55.328 E198.9913
G1 F3447 X56.109 Y55.253 E199.00336
G1 F3484.6 X56.255 Y54.93 E199.01554
G1 F4076.4 X58.366 Y44.663 E199.32342
G1 F1500 E192.82342
G0 F7200 X56.151 Y54.833
G0 X55.848 Y54.77
;TYPE:WALL-OUTER
G1 F1500 E199.32342
G1 F2400 X55.695 Y54.893 E199.32832
G1 X50.632 Y54.896 E199.45462
G1 X50.472 Y54.817 E199.45907
G1 X50.432 Y54.714 E199.46182
G1 X50.432 Y50.58 E199.56495
G1 X49.564 Y50.58 E199.5866
G1 X49.564 Y54.714 E199.68972
G1 X49.524 Y54.817 E199.69248
G1 X49.399 Y54.893 E199.69613
G1 X44.34 Y54.896 E199.82233
G1 X44.213 Y54.852 E199.82568
G1 X44.154 Y54.77 E199.8282
G1 X41.985 Y44.228 E200.09668
G1 X41.101 Y44.228 E200.11873
G1 X43.467 Y55.768 E200.41258
G1 X56.528 Y55.768 E200.73839
G1 X58.898 Y44.228 E201.03227
G1 X58.012 Y44.228 E201.05437
G1 X55.848 Y54.77 E201.32282
G0 F7200 X55.695 Y54.893
G0 X55.691 Y54.893
G1 F1500 E194.82282
;MESH:NONMESH
G0 F600 Z2.85
G0 F7200 X55.691 Y55.209
G0 X43.981 Y55.139
G0 X41.632 Y44.661
;TIME_ELAPSED:212.101901
;LAYER:17
;TYPE:WALL-INNER
;MESH:blankkey.stl
G1 F1500 E201.32282
G1 F4042.1 X43.744 Y54.931 E201.63341
G1 F3440.9 X43.888 Y55.252 E201.64565
G1 F3472 X44.34 Y55.332 E201.66148
G1 F4016.7 X49.474 Y55.328 E201.81452
G0 F7200 X49.998 Y55.371
G1 F4434.2 X50.632 Y55.332 E201.83168
G1 X50.155 Y55.056 E201.84656
G1 X49.998 Y54.751 E201.85582
G1 X49.841 Y55.056 E201.86508
G1 F4373.6 X49.474 Y55.328 E201.87759
G1 X49.998 Y55.371 E201.89198
G0 F7200 X49.998 Y54.751
G1 F4085.1 X49.998 Y51.014 E202.00152
G1 F1500 E195.50152
G0 F7200 X50.197 Y55.137
G0 X50.632 Y55.332
G1 F1500 E202.00152
G1 F4016.7 X55.77 Y55.328 E202.15468
G1 F3447 X56.109 Y55.253 E202.16674
G1 F3484.6 X56.255 Y54.93 E202.17892
G1 F4076.4 X58.366 Y44.663 E202.4868
G1 F1500 E195.9868
G0 F7200 X56.151 Y54.833
G0 X55.848 Y54.77
;TYPE:WALL-OUTER
G1 F1500 E202.4868
G1 F2400 X55.695 Y54.893 E202.49169
G1 X50.632 Y54.896 E202.61799
G1 X50.472 Y54.817 E202.62244
G1 X50.432 Y54.714 E202.6252
G1 X50.432 Y50.58 E202.72832
G1 X49.564 Y50.58 E202.74997
G1 X49.564 Y54.714 E202.8531
G1 X49.524 Y54.817 E202.85585
G1 X49.399 Y54.893 E202.8595
G1 X44.34 Y54.896 E202.9857
G1 X44.213 Y54.852 E202.98905
G1 X44.154 Y54.77 E202.99157
G1 X41.985 Y44.228 E203.26005
G1 X41.101 Y44.228 E203.2821
G1 X43.467 Y55.768 E203.57596
G1 X56.528 Y55.768 E203.90177
G1 X58.898 Y44.228 E204.19564
G1 X58.012 Y44.228 E204.21774
G1 X55.848 Y54.77 E204.4862
G0 F7200 X55.695 Y54.893
G0 X55.691 Y54.893
G1 F1500 E197.9862
;MESH:NONMESH
G0 F600 Z3
G0 F7200 X55.691 Y55.209
G0 X43.981 Y55.139
G0 X41.632 Y44.661
;TIME_ELAPSED:216.926211
;LAYER:18
;TYPE:WALL-INNER
;MESH:blankkey.stl
G1 F1500 E204.4862
G1 F4042.1 X43.744 Y54.931 E204.79678
G1 F3440.9 X43.888 Y55.252 E204.80903
G1 F3472 X44.34 Y55.332 E204.82486
G1 F4016.7 X49.474 Y55.328 E204.9779
G0 F7200 X49.998 Y55.371
G1 F4434.2 X50.632 Y55.332 E204.99505
G1 X50.155 Y55.056 E205.00993
G1 X49.998 Y54.751 E205.0192
G1 X49.841 Y55.056 E205.02846
G1 F4373.6 X49.474 Y55.328 E205.04096
G1 X49.998 Y55.371 E205.05536
G0 F7200 X49.998 Y54.751
G1 F4085.1 X49.998 Y51.014 E205.16489
G1 F1500 E198.66489
G0 F7200 X50.197 Y55.137
G0 X50.632 Y55.332
G1 F1500 E205.16489
G1 F4016.7 X55.77 Y55.328 E205.31805
G1 F3447 X56.109 Y55.253 E205.33011
G1 F3484.6 X56.255 Y54.93 E205.34229
G1 F4076.4 X58.366 Y44.663 E205.65017
G1 F1500 E199.15017
G0 F7200 X56.151 Y54.833
G0 X55.848 Y54.77
;TYPE:WALL-OUTER
G1 F1500 E205.65017
G1 F2400 X55.695 Y54.893 E205.65507
G1 X50.632 Y54.896 E205.78137
G1 X50.472 Y54.817 E205.78582
G1 X50.432 Y54.714 E205.78857
G1 X50.432 Y50.58 E205.8917
G1 X49.564 Y50.58 E205.91335
G1 X49.564 Y54.714 E206.01647
G1 X49.524 Y54.817 E206.01923
G1 X49.399 Y54.893 E206.02288
G1 X44.34 Y54.896 E206.14908
G1 X44.213 Y54.852 E206.15243
G1 X44.154 Y54.77 E206.15495
G1 X41.985 Y44.228 E206.42343
G1 X41.101 Y44.228 E206.44548
G1 X43.467 Y55.768 E206.73933
G1 X56.528 Y55.768 E207.06514
G1 X58.898 Y44.228 E207.35902
G1 X58.012 Y44.228 E207.38112
G1 X55.848 Y54.77 E207.64957
G0 F7200 X55.695 Y54.893
G0 X55.691 Y54.893
G1 F1500 E201.14957
;MESH:NONMESH
G0 F600 Z3.15
G0 F7200 X55.691 Y55.209
G0 X43.981 Y55.139
G0 X41.632 Y44.661
;TIME_ELAPSED:221.750522
;LAYER:19
;TYPE:WALL-INNER
;MESH:blankkey.stl
G1 F1500 E207.64957
G1 F4042.1 X43.744 Y54.931 E207.96016
G1 F3440.9 X43.888 Y55.252 E207.9724
G1 F3472 X44.34 Y55.332 E207.98823
G1 F4016.7 X49.474 Y55.328 E208.14127
G0 F7200 X49.998 Y55.371
G1 F4434.2 X50.632 Y55.332 E208.15843
G1 X50.155 Y55.056 E208.17331
G1 X49.998 Y54.751 E208.18257
G1 X49.841 Y55.056 E208.19183
G1 F4373.6 X49.474 Y55.328 E208.20434
G1 X49.998 Y55.371 E208.21873
G0 F7200 X49.998 Y54.751
G1 F4085.1 X49.998 Y51.014 E208.32827
G1 F1500 E201.82827
G0 F7200 X50.197 Y55.137
G0 X50.632 Y55.332
G1 F1500 E208.32827
G1 F4016.7 X55.77 Y55.328 E208.48143
G1 F3447 X56.109 Y55.253 E208.49349
G1 F3484.6 X56.255 Y54.93 E208.50567
G1 F4076.4 X58.366 Y44.663 E208.81355
G1 F1500 E202.31355
G0 F7200 X56.151 Y54.833
G0 X55.848 Y54.77
;TYPE:WALL-OUTER
G1 F1500 E208.81355
G1 F2400 X55.695 Y54.893 E208.81845
G1 X50.632 Y54.896 E208.94474
G1 X50.472 Y54.817 E208.94919
G1 X50.432 Y54.714 E208.95195
G1 X50.432 Y50.58 E209.05507
G1 X49.564 Y50.58 E209.07673
G1 X49.564 Y54.714 E209.17985
G1 X49.524 Y54.817 E209.1826
G1 X49.399 Y54.893 E209.18625
G1 X44.34 Y54.896 E209.31245
G1 X44.213 Y54.852 E209.3158
G1 X44.154 Y54.77 E209.31832
G1 X41.985 Y44.228 E209.5868
G1 X41.101 Y44.228 E209.60885
G1 X43.467 Y55.768 E209.90271
G1 X56.528 Y55.768 E210.22852
G1 X58.898 Y44.228 E210.52239
G1 X58.012 Y44.228 E210.54449
G1 X55.848 Y54.77 E210.81295
G0 F7200 X55.695 Y54.893
G0 X55.691 Y54.893
G1 F1500 E204.31295
;MESH:NONMESH
G0 F600 Z3.3
G0 F7200 X55.691 Y55.209
G0 X43.981 Y55.139
G0 X41.632 Y44.661
;TIME_ELAPSED:226.574833
;LAYER:20
;TYPE:WALL-INNER
;MESH:blankkey.stl
G1 F1500 E210.81295
G1 F4042.1 X43.744 Y54.931 E211.12354
G1 F3440.9 X43.888 Y55.252 E211.13578
G1 F3472 X44.34 Y55.332 E211.15161
G1 F4016.7 X49.474 Y55.328 E211.30465
G0 F7200 X49.998 Y55.371
G1 F4434.2 X50.632 Y55.332 E211.3218
G1 X50.155 Y55.056 E211.33668
G1 X49.998 Y54.751 E211.34595
G1 X49.841 Y55.056 E211.35521
G1 F4373.6 X49.474 Y55.328 E211.36772
G1 X49.998 Y55.371 E211.38211
G0 F7200 X49.998 Y54.751
G1 F4085.1 X49.998 Y51.014 E211.49164
G1 F1500 E204.99164
G0 F7200 X50.197 Y55.137
G0 X50.632 Y55.332
G1 F1500 E211.49164
G1 F4016.7 X55.77 Y55.328 E211.6448
G1 F3447 X56.109 Y55.253 E211.65686
G1 F3484.6 X56.255 Y54.93 E211.66904
G1 F4076.4 X58.366 Y44.663 E211.97692
G1 F1500 E205.47692
G0 F7200 X56.151 Y54.833
G0 X55.848 Y54.77
;TYPE:WALL-OUTER
G1 F1500 E211.97692
G1 F2400 X55.695 Y54.893 E211.98182
G1 X50.632 Y54.896 E212.10812
G1 X50.472 Y54.817 E212.11257
G1 X50.432 Y54.714 E212.11532
G1 X50.432 Y50.58 E212.21845
G1 X49.564 Y50.58 E212.2401
G1 X49.564 Y54.714 E212.34322
G1 X49.524 Y54.817 E212.34598
G1 X49.399 Y54.893 E212.34963
G1 X44.34 Y54.896 E212.47583
G1 X44.213 Y54.852 E212.47918
G1 X44.154 Y54.77 E212.4817
G1 X41.985 Y44.228 E212.75018
G1 X41.101 Y44.228 E212.77223
G1 X43.467 Y55.768 E213.06608
G1 X56.528 Y55.768 E213.39189
G1 X58.898 Y44.228 E213.68577
G1 X58.012 Y44.228 E213.70787
G1 X55.848 Y54.77 E213.97632
G0 F7200 X55.695 Y54.893
G0 X55.691 Y54.893
G1 F1500 E207.47632
;MESH:NONMESH
G0 F600 Z3.45
G0 F7200 X55.691 Y55.209
G0 X43.981 Y55.139
G0 X41.632 Y44.661
;TIME_ELAPSED:231.399144
;LAYER:21
;TYPE:WALL-INNER
;MESH:blankkey.stl
G1 F1500 E213.97632
G1 F4042.1 X43.744 Y54.931 E214.28691
G1 F3440.9 X43.888 Y55.252 E214.29915
G1 F3472 X44.34 Y55.332 E214.31498
G1 F4016.7 X49.474 Y55.328 E214.46802
G0 F7200 X49.998 Y55.371
G1 F4434.2 X50.632 Y55.332 E214.48518
G1 X50.155 Y55.056 E214.50006
G1 X49.998 Y54.751 E214.50932
G1 X49.841 Y55.056 E214.51858
G1 F4373.6 X49.474 Y55.328 E214.53109
G1 X49.998 Y55.371 E214.54548
G0 F7200 X49.998 Y54.751
G1 F4085.1 X49.998 Y51.014 E214.65502
G1 F1500 E208.15502
G0 F7200 X50.197 Y55.137
G0 X50.632 Y55.332
G1 F1500 E214.65502
G1 F4016.7 X55.77 Y55.328 E214.80818
G1 F3447 X56.109 Y55.253 E214.82024
G1 F3484.6 X56.255 Y54.93 E214.83242
G1 F4076.4 X58.366 Y44.663 E215.1403
G1 F1500 E208.6403
G0 F7200 X56.151 Y54.833
G0 X55.848 Y54.77
;TYPE:WALL-OUTER
G1 F1500 E215.1403
G1 F2400 X55.695 Y54.893 E215.1452
G1 X50.632 Y54.896 E215.27149
G1 X50.472 Y54.817 E215.27594
G1 X50.432 Y54.714 E215.2787
G1 X50.432 Y50.58 E215.38182
G1 X49.564 Y50.58 E215.40348
G1 X49.564 Y54.714 E215.5066
G1 X49.524 Y54.817 E215.50935
G1 X49.399 Y54.893 E215.513
G1 X44.34 Y54.896 E215.6392
G1 X44.213 Y54.852 E215.64255
G1 X44.154 Y54.77 E215.64507
G1 X41.985 Y44.228 E215.91355
G1 X41.101 Y44.228 E215.93561
G1 X43.467 Y55.768 E216.22946
G1 X56.528 Y55.768 E216.55527
G1 X58.898 Y44.228 E216.84914
G1 X58.012 Y44.228 E216.87124
G1 X55.848 Y54.77 E217.1397
G0 F7200 X55.695 Y54.893
G0 X55.691 Y54.893
G1 F1500 E210.6397
;MESH:NONMESH
G0 F600 Z3.6
G0 F7200 X55.691 Y55.209
G0 X43.981 Y55.139
G0 X41.632 Y44.661
;TIME_ELAPSED:236.223455
;LAYER:22
;TYPE:WALL-INNER
;MESH:blankkey.stl
G1 F1500 E217.1397
G1 F4042.1 X43.744 Y54.931 E217.45029
G1 F3440.9 X43.888 Y55.252 E217.46253
G1 F3472 X44.34 Y55.332 E217.47836
G1 F4016.7 X49.474 Y55.328 E217.6314
G0 F7200 X49.998 Y55.371
G1 F4434.2 X50.632 Y55.332 E217.64855
G1 X50.155 Y55.056 E217.66343
G1 X49.998 Y54.751 E217.6727
G1 X49.841 Y55.056 E217.68196
G1 F4373.6 X49.474 Y55.328 E217.69447
G1 X49.998 Y55.371 E217.70886
G0 F7200 X49.998 Y54.751
G1 F4085.1 X49.998 Y51.014 E217.81839
G1 F1500 E211.31839
G0 F7200 X50.197 Y55.137
G0 X50.632 Y55.332
G1 F1500 E217.81839
G1 F4016.7 X55.77 Y55.328 E217.97155
G1 F3447 X56.109 Y55.253 E217.98361
G1 F3484.6 X56.255 Y54.93 E217.99579
G1 F4076.4 X58.366 Y44.663 E218.30367
G1 F1500 E211.80367
G0 F7200 X56.151 Y54.833
G0 X55.848 Y54.77
;TYPE:WALL-OUTER
G1 F1500 E218.30367
G1 F2400 X55.695 Y54.893 E218.30857
G1 X50.632 Y54.896 E218.43487
G1 X50.472 Y54.817 E218.43932
G1 X50.432 Y54.714 E218.44208
G1 X50.432 Y50.58 E218.5452
G1 X49.564 Y50.58 E218.56685
G1 X49.564 Y54.714 E218.66997
G1 X49.524 Y54.817 E218.67273
G1 X49.399 Y54.893 E218.67638
G1 X44.34 Y54.896 E218.80258
G1 X44.213 Y54.852 E218.80593
G1 X44.154 Y54.77 E218.80845
G1 X41.985 Y44.228 E219.07693
G1 X41.101 Y44.228 E219.09898
G1 X43.467 Y55.768 E219.39284
G1 X56.528 Y55.768 E219.71864
G1 X58.898 Y44.228 E220.01252
G1 X58.012 Y44.228 E220.03462
G1 X55.848 Y54.77 E220.30307
G0 F7200 X55.695 Y54.893
G0 X55.691 Y54.893
G1 F1500 E213.80307
;MESH:NONMESH
G0 F600 Z3.75
G0 F7200 X55.691 Y55.209
G0 X43.981 Y55.139
G0 X41.632 Y44.661
;TIME_ELAPSED:241.047766
;LAYER:23
;TYPE:WALL-INNER
;MESH:blankkey.stl
G1 F1500 E220.30307
G1 F4042.1 X43.744 Y54.931 E220.61366
G1 F3440.9 X43.888 Y55.252 E220.6259
G1 F3472 X44.34 Y55.332 E220.64173
G1 F4016.7 X49.474 Y55.328 E220.79478
G0 F7200 X49.998 Y55.371
G1 F4434.2 X50.632 Y55.332 E220.81193
G1 X50.155 Y55.056 E220.82681
G1 X49.998 Y54.751 E220.83607
G1 X49.841 Y55.056 E220.84534
G1 F4373.6 X49.474 Y55.328 E220.85784
G1 X49.998 Y55.371 E220.87224
G0 F7200 X49.998 Y54.751
G1 F4085.1 X49.998 Y51.014 E220.98177
G1 F1500 E214.48177
G0 F7200 X50.197 Y55.137
G0 X50.632 Y55.332
G1 F1500 E220.98177
G1 F4016.7 X55.77 Y55.328 E221.13493
G1 F3447 X56.109 Y55.253 E221.14699
G1 F3484.6 X56.255 Y54.93 E221.15917
G1 F4076.4 X58.366 Y44.663 E221.46705
G1 F1500 E214.96705
G0 F7200 X56.151 Y54.833
G0 X55.848 Y54.77
;TYPE:WALL-OUTER
G1 F1500 E221.46705
G1 F2400 X55.695 Y54.893 E221.47195
G1 X50.632 Y54.896 E221.59824
G1 X50.472 Y54.817 E221.60269
G1 X50.432 Y54.714 E221.60545
G1 X50.432 Y50.58 E221.70857
G1 X49.564 Y50.58 E221.73023
G1 X49.564 Y54.714 E221.83335
G1 X49.524 Y54.817 E221.83611
G1 X49.399 Y54.893 E221.83975
G1 X44.34 Y54.896 E221.96595
G1 X44.213 Y54.852 E221.9693
G1 X44.154 Y54.77 E221.97182
G1 X41.985 Y44.228 E222.2403
G1 X41.101 Y44.228 E222.26236
G1 X43.467 Y55.768 E222.55621
G1 X56.528 Y55.768 E222.88202
G1 X58.898 Y44.228 E223.17589
G1 X58.012 Y44.228 E223.19799
G1 X55.848 Y54.77 E223.46645
G0 F7200 X55.695 Y54.893
G0 X55.691 Y54.893
G1 F1500 E216.96645
;MESH:NONMESH
G0 F600 Z3.9
G0 F7200 X55.691 Y55.209
G0 X43.981 Y55.139
G0 X41.632 Y44.661
;TIME_ELAPSED:245.872077
;LAYER:24
;TYPE:WALL-INNER
;MESH:blankkey.stl
G1 F1500 E223.46645
G1 F4042.1 X43.744 Y54.931 E223.77704
G1 F3440.9 X43.888 Y55.252 E223.78928
G1 F3472 X44.34 Y55.332 E223.80511
G1 F4016.7 X49.474 Y55.328 E223.95815
G0 F7200 X49.998 Y55.371
G1 F4434.2 X50.632 Y55.332 E223.9753
G1 X50.155 Y55.056 E223.99018
G1 X49.998 Y54.751 E223.99945
G1 X49.841 Y55.056 E224.00871
G1 F4373.6 X49.474 Y55.328 E224.02122
G1 X49.998 Y55.371 E224.03561
G0 F7200 X49.998 Y54.751
G1 F4085.1 X49.998 Y51.014 E224.14514
G1 F1500 E217.64514
G0 F7200 X50.197 Y55.137
G0 X50.632 Y55.332
G1 F1500 E224.14514
G1 F4016.7 X55.77 Y55.328 E224.2983
G1 F3447 X56.109 Y55.253 E224.31036
G1 F3484.6 X56.255 Y54.93 E224.32254
G1 F4076.4 X58.366 Y44.663 E224.63042
G1 F1500 E218.13042
G0 F7200 X56.151 Y54.833
G0 X55.848 Y54.77
;TYPE:WALL-OUTER
G1 F1500 E224.63042
G1 F2400 X55.695 Y54.893 E224.63532
G1 X50.632 Y54.896 E224.76162
G1 X50.472 Y54.817 E224.76607
G1 X50.432 Y54.714 E224.76883
G1 X50.432 Y50.58 E224.87195
G1 X49.564 Y50.58 E224.8936
G1 X49.564 Y54.714 E224.99672
G1 X49.524 Y54.817 E224.99948
G1 X49.399 Y54.893 E225.00313
G1 X44.34 Y54.896 E225.12933
G1 X44.213 Y54.852 E225.13268
G1 X44.154 Y54.77 E225.1352
G1 X41.985 Y44.228 E225.40368
G1 X41.101 Y44.228 E225.42573
G1 X43.467 Y55.768 E225.71959
G1 X56.528 Y55.768 E226.04539
G1 X58.898 Y44.228 E226.33927
G1 X58.012 Y44.228 E226.36137
G1 X55.848 Y54.77 E226.62982
G0 F7200 X55.695 Y54.893
G0 X55.691 Y54.893
G1 F1500 E220.12982
;MESH:NONMESH
G0 F600 Z4.05
G0 F7200 X55.691 Y55.209
G0 X43.981 Y55.139
G0 X41.632 Y44.661
;TIME_ELAPSED:250.696387
;LAYER:25
;TYPE:WALL-INNER
;MESH:blankkey.stl
G1 F1500 E226.62982
G1 F4042.1 X43.744 Y54.931 E226.94041
G1 F3440.9 X43.888 Y55.252 E226.95265
G1 F3472 X44.34 Y55.332 E226.96848
G1 F4016.7 X49.474 Y55.328 E227.12153
G0 F7200 X49.998 Y55.371
G1 F4434.2 X50.632 Y55.332 E227.13868
G1 X50.155 Y55.056 E227.15356
G1 X49.998 Y54.751 E227.16282
G1 X49.841 Y55.056 E227.17209
G1 F4373.6 X49.474 Y55.328 E227.18459
G1 X49.998 Y55.371 E227.19899
G0 F7200 X49.998 Y54.751
G1 F4085.1 X49.998 Y51.014 E227.30852
G1 F1500 E220.80852
G0 F7200 X50.197 Y55.137
G0 X50.632 Y55.332
G1 F1500 E227.30852
G1 F4016.7 X55.77 Y55.328 E227.46168
G1 F3447 X56.109 Y55.253 E227.47374
G1 F3484.6 X56.255 Y54.93 E227.48592
G1 F4076.4 X58.366 Y44.663 E227.7938
G1 F1500 E221.2938
G0 F7200 X56.151 Y54.833
G0 X55.848 Y54.77
;TYPE:WALL-OUTER
G1 F1500 E227.7938
G1 F2400 X55.695 Y54.893 E227.7987
G1 X50.632 Y54.896 E227.92499
G1 X50.472 Y54.817 E227.92944
G1 X50.432 Y54.714 E227.9322
G1 X50.432 Y50.58 E228.03532
G1 X49.564 Y50.58 E228.05698
G1 X49.564 Y54.714 E228.1601
G1 X49.524 Y54.817 E228.16286
G1 X49.399 Y54.893 E228.16651
G1 X44.34 Y54.896 E228.2927
G1 X44.213 Y54.852 E228.29606
G1 X44.154 Y54.77 E228.29858
G1 X41.985 Y44.228 E228.56705
G1 X41.101 Y44.228 E228.58911
G1 X43.467 Y55.768 E228.88296
G1 X56.528 Y55.768 E229.20877
G1 X58.898 Y44.228 E229.50264
G1 X58.012 Y44.228 E229.52474
G1 X55.848 Y54.77 E229.7932
G0 F7200 X55.695 Y54.893
G0 X55.691 Y54.893
G1 F1500 E223.2932
;MESH:NONMESH
G0 F600 Z4.2
G0 F7200 X55.691 Y55.209
G0 X43.981 Y55.139
G0 X41.632 Y44.661
;TIME_ELAPSED:255.520698
;LAYER:26
;TYPE:WALL-INNER
;MESH:blankkey.stl
G1 F1500 E229.7932
G1 F4042.1 X43.744 Y54.931 E230.10379
G1 F3440.9 X43.888 Y55.252 E230.11603
G1 F3472 X44.34 Y55.332 E230.13186
G1 F4016.7 X49.474 Y55.328 E230.2849
G0 F7200 X49.998 Y55.371
G1 F4434.2 X50.632 Y55.332 E230.30205
G1 X50.155 Y55.056 E230.31693
G1 X49.998 Y54.751 E230.3262
G1 X49.841 Y55.056 E230.33546
G1 F4373.6 X49.474 Y55.328 E230.34797
G1 X49.998 Y55.371 E230.36236
G0 F7200 X49.998 Y54.751
G1 F4085.1 X49.998 Y51.014 E230.47189
G1 F1500 E223.97189
G0 F7200 X50.197 Y55.137
G0 X50.632 Y55.332
G1 F1500 E230.47189
G1 F4016.7 X55.77 Y55.328 E230.62505
G1 F3447 X56.109 Y55.253 E230.63712
G1 F3484.6 X56.255 Y54.93 E230.6493
G1 F4076.4 X58.366 Y44.663 E230.95717
G1 F1500 E224.45717
G0 F7200 X56.151 Y54.833
G0 X55.848 Y54.77
;TYPE:WALL-OUTER
G1 F1500 E230.95717
G1 F2400 X55.695 Y54.893 E230.96207
G1 X50.632 Y54.896 E231.08837
G1 X50.472 Y54.817 E231.09282
G1 X50.432 Y54.714 E231.09558
G1 X50.432 Y50.58 E231.1987
G1 X49.564 Y50.58 E231.22035
G1 X49.564 Y54.714 E231.32347
G1 X49.524 Y54.817 E231.32623
G1 X49.399 Y54.893 E231.32988
G1 X44.34 Y54.896 E231.45608
G1 X44.213 Y54.852 E231.45943
G1 X44.154 Y54.77 E231.46195
G1 X41.985 Y44.228 E231.73043
G1 X41.101 Y44.228 E231.75248
G1 X43.467 Y55.768 E232.04634
G1 X56.528 Y55.768 E232.37214
G1 X58.898 Y44.228 E232.66602
G1 X58.012 Y44.228 E232.68812
G1 X55.848 Y54.77 E232.95657
G0 F7200 X55.695 Y54.893
G0 X55.691 Y54.893
G1 F1500 E226.45657
;MESH:NONMESH
G0 F600 Z4.35
G0 F7200 X55.691 Y55.209
G0 X43.981 Y55.139
G0 X41.632 Y44.661
;TIME_ELAPSED:260.345009
;LAYER:27
;TYPE:WALL-INNER
;MESH:blankkey.stl
G1 F1500 E232.95657
G1 F4042.1 X43.744 Y54.931 E233.26716
G1 F3440.9 X43.888 Y55.252 E233.2794
G1 F3472 X44.34 Y55.332 E233.29523
G1 F4016.7 X49.474 Y55.328 E233.44828
G0 F7200 X49.998 Y55.371
G1 F4434.2 X50.632 Y55.332 E233.46543
G1 X50.155 Y55.056 E233.48031
G1 X49.998 Y54.751 E233.48957
G1 X49.841 Y55.056 E233.49884
G1 F4373.6 X49.474 Y55.328 E233.51134
G1 X49.998 Y55.371 E233.52574
G0 F7200 X49.998 Y54.751
G1 F4085.1 X49.998 Y51.014 E233.63527
G1 F1500 E227.13527
G0 F7200 X50.197 Y55.137
G0 X50.632 Y55.332
G1 F1500 E233.63527
G1 F4016.7 X55.77 Y55.328 E233.78843
G1 F3447 X56.109 Y55.253 E233.80049
G1 F3484.6 X56.255 Y54.93 E233.81267
G1 F4076.4 X58.366 Y44.663 E234.12055
G1 F1500 E227.62055
G0 F7200 X56.151 Y54.833
G0 X55.848 Y54.77
;TYPE:WALL-OUTER
G1 F1500 E234.12055
G1 F2400 X55.695 Y54.893 E234.12545
G1 X50.632 Y54.896 E234.25174
G1 X50.472 Y54.817 E234.2562
G1 X50.432 Y54.714 E234.25895
G1 X50.432 Y50.58 E234.36207
G1 X49.564 Y50.58 E234.38373
G1 X49.564 Y54.714 E234.48685
G1 X49.524 Y54.817 E234.48961
G1 X49.399 Y54.893 E234.49326
G1 X44.34 Y54.896 E234.61945
G1 X44.213 Y54.852 E234.62281
G1 X44.154 Y54.77 E234.62533
G1 X41.985 Y44.228 E234.89381
G1 X41.101 Y44.228 E234.91586
G1 X43.467 Y55.768 E235.20971
G1 X56.528 Y55.768 E235.53552
G1 X58.898 Y44.228 E235.82939
G1 X58.012 Y44.228 E235.8515
G1 X55.848 Y54.77 E236.11995
G0 F7200 X55.695 Y54.893
G0 X55.691 Y54.893
G1 F1500 E229.61995
;MESH:NONMESH
G0 F600 Z4.5
G0 F7200 X55.691 Y55.209
G0 X43.981 Y55.139
G0 X41.632 Y44.661
;TIME_ELAPSED:265.169320
;LAYER:28
;TYPE:WALL-INNER
;MESH:blankkey.stl
G1 F1500 E236.11995
G1 F4042.1 X43.744 Y54.931 E236.43054
G1 F3440.9 X43.888 Y55.252 E236.44278
G1 F3472 X44.34 Y55.332 E236.45861
G1 F4016.7 X49.474 Y55.328 E236.61165
G0 F7200 X49.998 Y55.371
G1 F4434.2 X50.632 Y55.332 E236.6288
G1 X50.155 Y55.056 E236.64369
G1 X49.998 Y54.751 E236.65295
G1 X49.841 Y55.056 E236.66221
G1 F4373.6 X49.474 Y55.328 E236.67472
G1 X49.998 Y55.371 E236.68911
G0 F7200 X49.998 Y54.751
G1 F4085.1 X49.998 Y51.014 E236.79864
G1 F1500 E230.29864
G0 F7200 X50.197 Y55.137
G0 X50.632 Y55.332
G1 F1500 E236.79864
G1 F4016.7 X55.77 Y55.328 E236.95181
G1 F3447 X56.109 Y55.253 E236.96387
G1 F3484.6 X56.255 Y54.93 E236.97605
G1 F4076.4 X58.366 Y44.663 E237.28393
G1 F1500 E230.78393
G0 F7200 X56.151 Y54.833
G0 X55.848 Y54.77
;TYPE:WALL-OUTER
G1 F1500 E237.28393
G1 F2400 X55.695 Y54.893 E237.28882
G1 X50.632 Y54.896 E237.41512
G1 X50.472 Y54.817 E237.41957
G1 X50.432 Y54.714 E237.42233
G1 X50.432 Y50.58 E237.52545
G1 X49.564 Y50.58 E237.5471
G1 X49.564 Y54.714 E237.65023
G1 X49.524 Y54.817 E237.65298
G1 X49.399 Y54.893 E237.65663
G1 X44.34 Y54.896 E237.78283
G1 X44.213 Y54.852 E237.78618
G1 X44.154 Y54.77 E237.7887
G1 X41.985 Y44.228 E238.05718
G1 X41.101 Y44.228 E238.07923
G1 X43.467 Y55.768 E238.37309
G1 X56.528 Y55.768 E238.69889
G1 X58.898 Y44.228 E238.99277
G1 X58.012 Y44.228 E239.01487
G1 X55.848 Y54.77 E239.28332
G0 F7200 X55.695 Y54.893
G0 X55.691 Y54.893
G1 F1500 E232.78332
;MESH:NONMESH
G0 F600 Z4.65
G0 F7200 X55.691 Y55.209
G0 X43.981 Y55.139
G0 X41.632 Y44.661
;TIME_ELAPSED:269.993631
;LAYER:29
;TYPE:WALL-INNER
;MESH:blankkey.stl
G1 F1500 E239.28332
G1 F4042.1 X43.744 Y54.931 E239.59391
G1 F3440.9 X43.888 Y55.252 E239.60616
G1 F3472 X44.34 Y55.332 E239.62199
G1 F4016.7 X49.474 Y55.328 E239.77503
G0 F7200 X49.998 Y55.371
G1 F4434.2 X50.632 Y55.332 E239.79218
G1 X50.155 Y55.056 E239.80706
G1 X49.998 Y54.751 E239.81632
G1 X49.841 Y55.056 E239.82559
G1 F4373.6 X49.474 Y55.328 E239.83809
G1 X49.998 Y55.371 E239.85249
G0 F7200 X49.998 Y54.751
G1 F4085.1 X49.998 Y51.014 E239.96202
G1 F1500 E233.46202
G0 F7200 X50.197 Y55.137
G0 X50.632 Y55.332
G1 F1500 E239.96202
G1 F4016.7 X55.77 Y55.328 E240.11518
G1 F3447 X56.109 Y55.253 E240.12724
G1 F3484.6 X56.255 Y54.93 E240.13942
G1 F4076.4 X58.366 Y44.663 E240.4473
G1 F1500 E233.9473
G0 F7200 X56.151 Y54.833
G0 X55.848 Y54.77
;TYPE:WALL-OUTER
G1 F1500 E240.4473
G1 F2400 X55.695 Y54.893 E240.4522
G1 X50.632 Y54.896 E240.57849
G1 X50.472 Y54.817 E240.58295
G1 X50.432 Y54.714 E240.5857
G1 X50.432 Y50.58 E240.68883
G1 X49.564 Y50.58 E240.71048
G1 X49.564 Y54.714 E240.8136
G1 X49.524 Y54.817 E240.81636
G1 X49.399 Y54.893 E240.82001
G1 X44.34 Y54.896 E240.9462
G1 X44.213 Y54.852 E240.94956
G1 X44.154 Y54.77 E240.95208
G1 X41.985 Y44.228 E241.22056
G1 X41.101 Y44.228 E241.24261
G1 X43.467 Y55.768 E241.53646
G1 X56.528 Y55.768 E241.86227
G1 X58.898 Y44.228 E242.15614
G1 X58.012 Y44.228 E242.17825
G1 X55.848 Y54.77 E242.4467
G0 F7200 X55.695 Y54.893
G0 X55.691 Y54.893
G1 F1500 E235.9467
;MESH:NONMESH
G0 F600 Z4.8
G0 F7200 X55.691 Y55.209
G0 X43.981 Y55.139
G0 X41.632 Y44.661
;TIME_ELAPSED:274.817942
;LAYER:30
;TYPE:WALL-INNER
;MESH:blankkey.stl
G1 F1500 E242.4467
G1 F4042.1 X43.744 Y54.931 E242.75729
G1 F3440.9 X43.888 Y55.252 E242.76953
G1 F3472 X44.34 Y55.332 E242.78536
G1 F4016.7 X49.474 Y55.328 E242.9384
G0 F7200 X49.998 Y55.371
G1 F4434.2 X50.632 Y55.332 E242.95555
G1 X50.155 Y55.056 E242.97044
G1 X49.998 Y54.751 E242.9797
G1 X49.841 Y55.056 E242.98896
G1 F4373.6 X49.474 Y55.328 E243.00147
G1 X49.998 Y55.371 E243.01586
G0 F7200 X49.998 Y54.751
G1 F4085.1 X49.998 Y51.014 E243.12539
G1 F1500 E236.62539
G0 F7200 X50.197 Y55.137
G0 X50.632 Y55.332
G1 F1500 E243.12539
G1 F4016.7 X55.77 Y55.328 E243.27856
G1 F3447 X56.109 Y55.253 E243.29062
G1 F3484.6 X56.255 Y54.93 E243.3028
G1 F4076.4 X58.366 Y44.663 E243.61068
G1 F1500 E237.11068
G0 F7200 X56.151 Y54.833
G0 X55.848 Y54.77
;TYPE:WALL-OUTER
G1 F1500 E243.61068
G1 F2400 X55.695 Y54.893 E243.61557
G1 X50.632 Y54.896 E243.74187
G1 X50.472 Y54.817 E243.74632
G1 X50.432 Y54.714 E243.74908
G1 X50.432 Y50.58 E243.8522
G1 X49.564 Y50.58 E243.87385
G1 X49.564 Y54.714 E243.97698
G1 X49.524 Y54.817 E243.97973
G1 X49.399 Y54.893 E243.98338
G1 X44.34 Y54.896 E244.10958
G1 X44.213 Y54.852 E244.11293
G1 X44.154 Y54.77 E244.11545
G1 X41.985 Y44.228 E244.38393
G1 X41.101 Y44.228 E244.40598
G1 X43.467 Y55.768 E244.69984
G1 X56.528 Y55.768 E245.02564
G1 X58.898 Y44.228 E245.31952
G1 X58.012 Y44.228 E245.34162
G1 X55.848 Y54.77 E245.61008
G0 F7200 X55.695 Y54.893
G0 X55.691 Y54.893
G1 F1500 E239.11008
;MESH:NONMESH
G0 F600 Z4.95
G0 F7200 X55.691 Y55.209
G0 X43.981 Y55.139
G0 X41.632 Y44.661
;TIME_ELAPSED:279.642253
;LAYER:31
;TYPE:WALL-INNER
;MESH:blankkey.stl
G1 F1500 E245.61008
G1 F4042.1 X43.744 Y54.931 E245.92066
G1 F3440.9 X43.888 Y55.252 E245.93291
G1 F3472 X44.34 Y55.332 E245.94874
G1 F4016.7 X49.474 Y55.328 E246.10178
G0 F7200 X49.998 Y55.371
G1 F4434.2 X50.632 Y55.332 E246.11893
G1 X50.155 Y55.056 E246.13381
G1 X49.998 Y54.751 E246.14307
G1 X49.841 Y55.056 E246.15234
G1 F4373.6 X49.474 Y55.328 E246.16484
G1 X49.998 Y55.371 E246.17924
G0 F7200 X49.998 Y54.751
G1 F4085.1 X49.998 Y51.014 E246.28877
G1 F1500 E239.78877
G0 F7200 X50.197 Y55.137
G0 X50.632 Y55.332
G1 F1500 E246.28877
G1 F4016.7 X55.77 Y55.328 E246.44193
G1 F3447 X56.109 Y55.253 E246.45399
G1 F3484.6 X56.255 Y54.93 E246.46617
G1 F4076.4 X58.366 Y44.663 E246.77405
G1 F1500 E240.27405
G0 F7200 X56.151 Y54.833
G0 X55.848 Y54.77
;TYPE:WALL-OUTER
G1 F1500 E246.77405
G1 F2400 X55.695 Y54.893 E246.77895
G1 X50.632 Y54.896 E246.90525
G1 X50.472 Y54.817 E246.9097
G1 X50.432 Y54.714 E246.91245
G1 X50.432 Y50.58 E247.01558
G1 X49.564 Y50.58 E247.03723
G1 X49.564 Y54.714 E247.14035
G1 X49.524 Y54.817 E247.14311
G1 X49.399 Y54.893 E247.14676
G1 X44.34 Y54.896 E247.27295
G1 X44.213 Y54.852 E247.27631
G1 X44.154 Y54.77 E247.27883
G1 X41.985 Y44.228 E247.54731
G1 X41.101 Y44.228 E247.56936
G1 X43.467 Y55.768 E247.86321
G1 X56.528 Y55.768 E248.18902
G1 X58.898 Y44.228 E248.48289
G1 X58.012 Y44.228 E248.505
G1 X55.848 Y54.77 E248.77345
G0 F7200 X55.695 Y54.893
G0 X55.691 Y54.893
G1 F1500 E242.27345
;MESH:NONMESH
G0 F600 Z5.1
G0 F7200 X55.691 Y55.209
G0 X43.981 Y55.139
G0 X41.632 Y44.661
;TIME_ELAPSED:284.466563
;LAYER:32
;TYPE:WALL-INNER
;MESH:blankkey.stl
G1 F1500 E248.77345
G1 F4042.1 X43.744 Y54.931 E249.08404
G1 F3440.9 X43.888 Y55.252 E249.09628
G1 F3472 X44.34 Y55.332 E249.11211
G1 F4016.7 X49.474 Y55.328 E249.26515
G0 F7200 X49.998 Y55.371
G1 F4434.2 X50.632 Y55.332 E249.2823
G1 X50.155 Y55.056 E249.29719
G1 X49.998 Y54.751 E249.30645
G1 X49.841 Y55.056 E249.31571
G1 F4373.6 X49.474 Y55.328 E249.32822
G1 X49.998 Y55.371 E249.34261
G0 F7200 X49.998 Y54.751
G1 F4085.1 X49.998 Y51.014 E249.45215
G1 F1500 E242.95215
G0 F7200 X50.197 Y55.137
G0 X50.632 Y55.332
G1 F1500 E249.45215
G1 F4016.7 X55.77 Y55.328 E249.60531
G1 F3447 X56.109 Y55.253 E249.61737
G1 F3484.6 X56.255 Y54.93 E249.62955
G1 F4076.4 X58.366 Y44.663 E249.93743
G1 F1500 E243.43743
G0 F7200 X56.151 Y54.833
G0 X55.848 Y54.77
;TYPE:WALL-OUTER
G1 F1500 E249.93743
G1 F2400 X55.695 Y54.893 E249.94232
G1 X50.632 Y54.896 E250.06862
G1 X50.472 Y54.817 E250.07307
G1 X50.432 Y54.714 E250.07583
G1 X50.432 Y50.58 E250.17895
G1 X49.564 Y50.58 E250.2006
G1 X49.564 Y54.714 E250.30373
G1 X49.524 Y54.817 E250.30648
G1 X49.399 Y54.893 E250.31013
G1 X44.34 Y54.896 E250.43633
G1 X44.213 Y54.852 E250.43968
G1 X44.154 Y54.77 E250.4422
G1 X41.985 Y44.228 E250.71068
G1 X41.101 Y44.228 E250.73273
G1 X43.467 Y55.768 E251.02659
G1 X56.528 Y55.768 E251.3524
G1 X58.898 Y44.228 E251.64627
G1 X58.012 Y44.228 E251.66837
G1 X55.848 Y54.77 E251.93683
G0 F7200 X55.695 Y54.893
G0 X55.691 Y54.893
G1 F1500 E245.43683
;MESH:NONMESH
G0 F600 Z5.25
G0 F7200 X55.691 Y55.209
G0 X43.981 Y55.139
G0 X41.632 Y44.661
;TIME_ELAPSED:289.290874
;LAYER:33
;TYPE:WALL-INNER
;MESH:blankkey.stl
G1 F1500 E251.93683
G1 F4042.1 X43.744 Y54.931 E252.24741
G1 F3440.9 X43.888 Y55.252 E252.25966
G1 F3472 X44.34 Y55.332 E252.27549
G1 F4016.7 X49.474 Y55.328 E252.42853
G0 F7200 X49.998 Y55.371
G1 F4434.2 X50.632 Y55.332 E252.44568
G1 X50.155 Y55.056 E252.46056
G1 X49.998 Y54.751 E252.46982
G1 X49.841 Y55.056 E252.47909
G1 F4373.6 X49.474 Y55.328 E252.49159
G1 X49.998 Y55.371 E252.50599
G0 F7200 X49.998 Y54.751
G1 F4085.1 X49.998 Y51.014 E252.61552
G1 F1500 E246.11552
G0 F7200 X50.197 Y55.137
G0 X50.632 Y55.332
G1 F1500 E252.61552
G1 F4016.7 X55.77 Y55.328 E252.76868
G1 F3447 X56.109 Y55.253 E252.78074
G1 F3484.6 X56.255 Y54.93 E252.79292
G1 F4076.4 X58.366 Y44.663 E253.1008
G1 F1500 E246.6008
G0 F7200 X56.151 Y54.833
G0 X55.848 Y54.77
;TYPE:WALL-OUTER
G1 F1500 E253.1008
G1 F2400 X55.695 Y54.893 E253.1057
G1 X50.632 Y54.896 E253.232
G1 X50.472 Y54.817 E253.23645
G1 X50.432 Y54.714 E253.2392
G1 X50.432 Y50.58 E253.34233
G1 X49.564 Y50.58 E253.36398
G1 X49.564 Y54.714 E253.4671
G1 X49.524 Y54.817 E253.46986
G1 X49.399 Y54.893 E253.47351
G1 X44.34 Y54.896 E253.5997
G1 X44.213 Y54.852 E253.60306
G1 X44.154 Y54.77 E253.60558
G1 X41.985 Y44.228 E253.87406
G1 X41.101 Y44.228 E253.89611
G1 X43.467 Y55.768 E254.18996
G1 X56.528 Y55.768 E254.51577
G1 X58.898 Y44.228 E254.80965
G1 X58.012 Y44.228 E254.83175
G1 X55.848 Y54.77 E255.1002
G0 F7200 X55.695 Y54.893
G0 X55.691 Y54.893
G1 F1500 E248.6002
;MESH:NONMESH
G0 F600 Z5.4
G0 F7200 X55.691 Y55.209
G0 X43.981 Y55.139
G0 X41.632 Y44.661
;TIME_ELAPSED:294.115185
;LAYER:34
;TYPE:WALL-INNER
;MESH:blankkey.stl
G1 F1500 E255.1002
G1 F4042.1 X43.744 Y54.931 E255.41079
G1 F3440.9 X43.888 Y55.252 E255.42303
G1 F3472 X44.34 Y55.332 E255.43886
G1 F4016.7 X49.474 Y55.328 E255.5919
G0 F7200 X49.998 Y55.371
G1 F4434.2 X50.632 Y55.332 E255.60906
G1 X50.155 Y55.056 E255.62394
G1 X49.998 Y54.751 E255.6332
G1 X49.841 Y55.056 E255.64246
G1 F4373.6 X49.474 Y55.328 E255.65497
G1 X49.998 Y55.371 E255.66936
G0 F7200 X49.998 Y54.751
G1 F4085.1 X49.998 Y51.014 E255.7789
G1 F1500 E249.2789
G0 F7200 X50.197 Y55.137
G0 X50.632 Y55.332
G1 F1500 E255.7789
G1 F4016.7 X55.77 Y55.328 E255.93206
G1 F3447 X56.109 Y55.253 E255.94412
G1 F3484.6 X56.255 Y54.93 E255.9563
G1 F4076.4 X58.366 Y44.663 E256.26418
G1 F1500 E249.76418
G0 F7200 X56.151 Y54.833
G0 X55.848 Y54.77
;TYPE:WALL-OUTER
G1 F1500 E256.26418
G1 F2400 X55.695 Y54.893 E256.26907
G1 X50.632 Y54.896 E256.39537
G1 X50.472 Y54.817 E256.39982
G1 X50.432 Y54.714 E256.40258
G1 X50.432 Y50.58 E256.5057
G1 X49.564 Y50.58 E256.52735
G1 X49.564 Y54.714 E256.63048
G1 X49.524 Y54.817 E256.63323
G1 X49.399 Y54.893 E256.63688
G1 X44.34 Y54.896 E256.76308
G1 X44.213 Y54.852 E256.76643
G1 X44.154 Y54.77 E256.76895
G1 X41.985 Y44.228 E257.03743
G1 X41.101 Y44.228 E257.05948
G1 X43.467 Y55.768 E257.35334
G1 X56.528 Y55.768 E257.67915
G1 X58.898 Y44.228 E257.97302
G1 X58.012 Y44.228 E257.99512
G1 X55.848 Y54.77 E258.26358
G0 F7200 X55.695 Y54.893
G0 X55.691 Y54.893
G1 F1500 E251.76358
;MESH:NONMESH
G0 F600 Z5.55
G0 F7200 X55.691 Y55.209
G0 X43.981 Y55.139
G0 X41.632 Y44.661
;TIME_ELAPSED:298.939496
;LAYER:35
;TYPE:WALL-INNER
;MESH:blankkey.stl
G1 F1500 E258.26358
G1 F4042.1 X43.744 Y54.931 E258.57416
G1 F3440.9 X43.888 Y55.252 E258.58641
G1 F3472 X44.34 Y55.332 E258.60224
G1 F4016.7 X49.474 Y55.328 E258.75528
G0 F7200 X49.998 Y55.371
G1 F4434.2 X50.632 Y55.332 E258.77243
G1 X50.155 Y55.056 E258.78731
G1 X49.998 Y54.751 E258.79657
G1 X49.841 Y55.056 E258.80584
G1 F4373.6 X49.474 Y55.328 E258.81834
G1 X49.998 Y55.371 E258.83274
G0 F7200 X49.998 Y54.751
G1 F4085.1 X49.998 Y51.014 E258.94227
G1 F1500 E252.44227
G0 F7200 X50.197 Y55.137
G0 X50.632 Y55.332
G1 F1500 E258.94227
G1 F4016.7 X55.77 Y55.328 E259.09543
G1 F3447 X56.109 Y55.253 E259.10749
G1 F3484.6 X56.255 Y54.93 E259.11967
G1 F4076.4 X58.366 Y44.663 E259.42755
G1 F1500 E252.92755
G0 F7200 X56.151 Y54.833
G0 X55.848 Y54.77
;TYPE:WALL-OUTER
G1 F1500 E259.42755
G1 F2400 X55.695 Y54.893 E259.43245
G1 X50.632 Y54.896 E259.55875
G1 X50.472 Y54.817 E259.5632
G1 X50.432 Y54.714 E259.56595
G1 X50.432 Y50.58 E259.66908
G1 X49.564 Y50.58 E259.69073
G1 X49.564 Y54.714 E259.79385
G1 X49.524 Y54.817 E259.79661
G1 X49.399 Y54.893 E259.80026
G1 X44.34 Y54.896 E259.92645
G1 X44.213 Y54.852 E259.92981
G1 X44.154 Y54.77 E259.93233
G1 X41.985 Y44.228 E260.20081
G1 X41.101 Y44.228 E260.22286
G1 X43.467 Y55.768 E260.51671
G1 X56.528 Y55.768 E260.84252
G1 X58.898 Y44.228 E261.1364
G1 X58.012 Y44.228 E261.1585
G1 X55.848 Y54.77 E261.42695
G0 F7200 X55.695 Y54.893
G0 X55.691 Y54.893
G1 F1500 E254.92695
;MESH:NONMESH
G0 F600 Z5.7
G0 F7200 X55.691 Y55.209
G0 X43.981 Y55.139
G0 X41.632 Y44.661
;TIME_ELAPSED:303.763807
;LAYER:36
;TYPE:WALL-INNER
;MESH:blankkey.stl
G1 F1500 E261.42695
G1 F4042.1 X43.744 Y54.931 E261.73754
G1 F3440.9 X43.888 Y55.252 E261.74978
G1 F3472 X44.34 Y55.332 E261.76561
G1 F4016.7 X49.474 Y55.328 E261.91865
G0 F7200 X49.998 Y55.371
G1 F4434.2 X50.632 Y55.332 E261.93581
G1 X50.155 Y55.056 E261.95069
G1 X49.998 Y54.751 E261.95995
G1 X49.841 Y55.056 E261.96921
G1 F4373.6 X49.474 Y55.328 E261.98172
G1 X49.998 Y55.371 E261.99611
G0 F7200 X49.998 Y54.751
G1 F4085.1 X49.998 Y51.014 E262.10565
G1 F1500 E255.60565
G0 F7200 X50.197 Y55.137
G0 X50.632 Y55.332
G1 F1500 E262.10565
G1 F4016.7 X55.77 Y55.328 E262.25881
G1 F3447 X56.109 Y55.253 E262.27087
G1 F3484.6 X56.255 Y54.93 E262.28305
G1 F4076.4 X58.366 Y44.663 E262.59093
G1 F1500 E256.09093
G0 F7200 X56.151 Y54.833
G0 X55.848 Y54.77
;TYPE:WALL-OUTER
G1 F1500 E262.59093
G1 F2400 X55.695 Y54.893 E262.59582
G1 X50.632 Y54.896 E262.72212
G1 X50.472 Y54.817 E262.72657
G1 X50.432 Y54.714 E262.72933
G1 X50.432 Y50.58 E262.83245
G1 X49.564 Y50.58 E262.8541
G1 X49.564 Y54.714 E262.95723
G1 X49.524 Y54.817 E262.95998
G1 X49.399 Y54.893 E262.96363
G1 X44.34 Y54.896 E263.08983
G1 X44.213 Y54.852 E263.09318
G1 X44.154 Y54.77 E263.0957
G1 X41.985 Y44.228 E263.36418
G1 X41.101 Y44.228 E263.38623
G1 X43.467 Y55.768 E263.68009
G1 X56.528 Y55.768 E264.0059
G1 X58.898 Y44.228 E264.29977
G1 X58.012 Y44.228 E264.32187
G1 X55.848 Y54.77 E264.59033
G0 F7200 X55.695 Y54.893
G0 X55.691 Y54.893
G1 F1500 E258.09033
;MESH:NONMESH
G0 F600 Z5.85
G0 F7200 X55.691 Y55.209
G0 X43.981 Y55.139
G0 X41.632 Y44.661
;TIME_ELAPSED:308.588118
;LAYER:37
;TYPE:WALL-INNER
;MESH:blankkey.stl
G1 F1500 E264.59033
G1 F4042.1 X43.744 Y54.931 E264.90091
G1 F3440.9 X43.888 Y55.252 E264.91316
G1 F3472 X44.34 Y55.332 E264.92899
G1 F4016.7 X49.474 Y55.328 E265.08203
G0 F7200 X49.998 Y55.371
G1 F4434.2 X50.632 Y55.332 E265.09918
G1 X50.155 Y55.056 E265.11406
G1 X49.998 Y54.751 E265.12333
G1 X49.841 Y55.056 E265.13259
G1 F4373.6 X49.474 Y55.328 E265.14509
G1 X49.998 Y55.371 E265.15949
G0 F7200 X49.998 Y54.751
G1 F4085.1 X49.998 Y51.014 E265.26902
G1 F1500 E258.76902
G0 F7200 X50.197 Y55.137
G0 X50.632 Y55.332
G1 F1500 E265.26902
G1 F4016.7 X55.77 Y55.328 E265.42218
G1 F3447 X56.109 Y55.253 E265.43424
G1 F3484.6 X56.255 Y54.93 E265.44642
G1 F4076.4 X58.366 Y44.663 E265.7543
G1 F1500 E259.2543
G0 F7200 X56.151 Y54.833
G0 X55.848 Y54.77
;TYPE:WALL-OUTER
G1 F1500 E265.7543
G1 F2400 X55.695 Y54.893 E265.7592
G1 X50.632 Y54.896 E265.8855
G1 X50.472 Y54.817 E265.88995
G1 X50.432 Y54.714 E265.8927
G1 X50.432 Y50.58 E265.99583
G1 X49.564 Y50.58 E266.01748
G1 X49.564 Y54.714 E266.1206
G1 X49.524 Y54.817 E266.12336
G1 X49.399 Y54.893 E266.12701
G1 X44.34 Y54.896 E266.25321
G1 X44.213 Y54.852 E266.25656
G1 X44.154 Y54.77 E266.25908
G1 X41.985 Y44.228 E266.52756
G1 X41.101 Y44.228 E266.54961
G1 X43.467 Y55.768 E266.84346
G1 X56.528 Y55.768 E267.16927
G1 X58.898 Y44.228 E267.46315
G1 X58.012 Y44.228 E267.48525
G1 X55.848 Y54.77 E267.7537
G0 F7200 X55.695 Y54.893
G0 X55.691 Y54.893
G1 F1500 E261.2537
;MESH:NONMESH
G0 F600 Z6
G0 F7200 X55.691 Y55.209
G0 X43.981 Y55.139
G0 X41.632 Y44.661
;TIME_ELAPSED:313.412429
;LAYER:38
;TYPE:WALL-INNER
;MESH:blankkey.stl
G1 F1500 E267.7537
G1 F4042.1 X43.744 Y54.931 E268.06429
G1 F3440.9 X43.888 Y55.252 E268.07653
G1 F3472 X44.34 Y55.332 E268.09236
G1 F4016.7 X49.474 Y55.328 E268.2454
G0 F7200 X49.998 Y55.371
G1 F4434.2 X50.632 Y55.332 E268.26256
G1 X50.155 Y55.056 E268.27744
G1 X49.998 Y54.751 E268.2867
G1 X49.841 Y55.056 E268.29596
G1 F4373.6 X49.474 Y55.328 E268.30847
G1 X49.998 Y55.371 E268.32286
G0 F7200 X49.998 Y54.751
G1 F4085.1 X49.998 Y51.014 E268.4324
G1 F1500 E261.9324
G0 F7200 X50.197 Y55.137
G0 X50.632 Y55.332
G1 F1500 E268.4324
G1 F4016.7 X55.77 Y55.328 E268.58556
G1 F3447 X56.109 Y55.253 E268.59762
G1 F3484.6 X56.255 Y54.93 E268.6098
G1 F4076.4 X58.366 Y44.663 E268.91768
G1 F1500 E262.41768
G0 F7200 X56.151 Y54.833
G0 X55.848 Y54.77
;TYPE:WALL-OUTER
G1 F1500 E268.91768
G1 F2400 X55.695 Y54.893 E268.92257
G1 X50.632 Y54.896 E269.04887
G1 X50.472 Y54.817 E269.05332
G1 X50.432 Y54.714 E269.05608
G1 X50.432 Y50.58 E269.1592
G1 X49.564 Y50.58 E269.18085
G1 X49.564 Y54.714 E269.28398
G1 X49.524 Y54.817 E269.28673
G1 X49.399 Y54.893 E269.29038
G1 X44.34 Y54.896 E269.41658
G1 X44.213 Y54.852 E269.41993
G1 X44.154 Y54.77 E269.42245
G1 X41.985 Y44.228 E269.69093
G1 X41.101 Y44.228 E269.71298
G1 X43.467 Y55.768 E270.00684
G1 X56.528 Y55.768 E270.33265
G1 X58.898 Y44.228 E270.62652
G1 X58.012 Y44.228 E270.64862
G1 X55.848 Y54.77 E270.91708
G0 F7200 X55.695 Y54.893
G0 X55.691 Y54.893
G1 F1500 E264.41708
;MESH:NONMESH
G0 F600 Z6.15
G0 F7200 X55.691 Y55.209
G0 X43.981 Y55.139
G0 X41.632 Y44.661
;TIME_ELAPSED:318.236739
;LAYER:39
;TYPE:WALL-INNER
;MESH:blankkey.stl
G1 F1500 E270.91708
G1 F4042.1 X43.744 Y54.931 E271.22766
G1 F3440.9 X43.888 Y55.252 E271.23991
G1 F3472 X44.34 Y55.332 E271.25574
G1 F4016.7 X49.474 Y55.328 E271.40878
G0 F7200 X49.998 Y55.371
G1 F4434.2 X50.632 Y55.332 E271.42593
G1 X50.155 Y55.056 E271.44081
G1 X49.998 Y54.751 E271.45008
G1 X49.841 Y55.056 E271.45934
G1 F4373.6 X49.474 Y55.328 E271.47184
G1 X49.998 Y55.371 E271.48624
G0 F7200 X49.998 Y54.751
G1 F4085.1 X49.998 Y51.014 E271.59577
G1 F1500 E265.09577
G0 F7200 X50.197 Y55.137
G0 X50.632 Y55.332
G1 F1500 E271.59577
G1 F4016.7 X55.77 Y55.328 E271.74893
G1 F3447 X56.109 Y55.253 E271.76099
G1 F3484.6 X56.255 Y54.93 E271.77317
G1 F4076.4 X58.366 Y44.663 E272.08105
G1 F1500 E265.58105
G0 F7200 X56.151 Y54.833
G0 X55.848 Y54.77
;TYPE:WALL-OUTER
G1 F1500 E272.08105
G1 F2400 X55.695 Y54.893 E272.08595
G1 X50.632 Y54.896 E272.21225
G1 X50.472 Y54.817 E272.2167
G1 X50.432 Y54.714 E272.21945
G1 X50.432 Y50.58 E272.32258
G1 X49.564 Y50.58 E272.34423
G1 X49.564 Y54.714 E272.44735
G1 X49.524 Y54.817 E272.45011
G1 X49.399 Y54.893 E272.45376
G1 X44.34 Y54.896 E272.57996
G1 X44.213 Y54.852 E272.58331
G1 X44.154 Y54.77 E272.58583
G1 X41.985 Y44.228 E272.85431
G1 X41.101 Y44.228 E272.87636
G1 X43.467 Y55.768 E273.17021
G1 X56.528 Y55.768 E273.49602
G1 X58.898 Y44.228 E273.7899
G1 X58.012 Y44.228 E273.812
G1 X55.848 Y54.77 E274.08045
G0 F7200 X55.695 Y54.893
G0 X55.691 Y54.893
G1 F1500 E267.58045
;MESH:NONMESH
G0 F600 Z6.3
G0 F7200 X55.691 Y55.209
G0 X43.981 Y55.139
G0 X41.632 Y44.661
;TIME_ELAPSED:323.061050
;LAYER:40
;TYPE:WALL-INNER
;MESH:blankkey.stl
G1 F1500 E274.08045
G1 F4042.1 X43.744 Y54.931 E274.39104
G1 F3440.9 X43.888 Y55.252 E274.40328
G1 F3472 X44.34 Y55.332 E274.41911
G1 F4016.7 X49.474 Y55.328 E274.57215
G0 F7200 X49.998 Y55.371
G1 F4434.2 X50.632 Y55.332 E274.58931
G1 X50.155 Y55.056 E274.60419
G1 X49.998 Y54.751 E274.61345
G1 X49.841 Y55.056 E274.62271
G1 F4373.6 X49.474 Y55.328 E274.63522
G1 X49.998 Y55.371 E274.64961
G0 F7200 X49.998 Y54.751
G1 F4085.1 X49.998 Y51.014 E274.75915
G1 F1500 E268.25915
G0 F7200 X50.197 Y55.137
G0 X50.632 Y55.332
G1 F1500 E274.75915
G1 F4016.7 X55.77 Y55.328 E274.91231
G1 F3447 X56.109 Y55.253 E274.92437
G1 F3484.6 X56.255 Y54.93 E274.93655
G1 F4076.4 X58.366 Y44.663 E275.24443
G1 F1500 E268.74443
G0 F7200 X56.151 Y54.833
G0 X55.848 Y54.77
;TYPE:WALL-OUTER
G1 F1500 E275.24443
G1 F2400 X55.695 Y54.893 E275.24933
G1 X50.632 Y54.896 E275.37562
G1 X50.472 Y54.817 E275.38007
G1 X50.432 Y54.714 E275.38283
G1 X50.432 Y50.58 E275.48595
G1 X49.564 Y50.58 E275.5076
G1 X49.564 Y54.714 E275.61073
G1 X49.524 Y54.817 E275.61348
G1 X49.399 Y54.893 E275.61713
G1 X44.34 Y54.896 E275.74333
G1 X44.213 Y54.852 E275.74668
G1 X44.154 Y54.77 E275.7492
G1 X41.985 Y44.228 E276.01768
G1 X41.101 Y44.228 E276.03973
G1 X43.467 Y55.768 E276.33359
G1 X56.528 Y55.768 E276.6594
G1 X58.898 Y44.228 E276.95327
G1 X58.012 Y44.228 E276.97537
G1 X55.848 Y54.77 E277.24383
G0 F7200 X55.695 Y54.893
G0 X55.691 Y54.893
G1 F1500 E270.74383
;MESH:NONMESH
G0 F600 Z6.45
G0 F7200 X55.691 Y55.209
G0 X43.981 Y55.139
G0 X41.632 Y44.661
;TIME_ELAPSED:327.885361
;LAYER:41
;TYPE:WALL-INNER
;MESH:blankkey.stl
G1 F1500 E277.24383
G1 F4042.1 X43.744 Y54.931 E277.55442
G1 F3440.9 X43.888 Y55.252 E277.56666
G1 F3472 X44.34 Y55.332 E277.58249
G1 F4016.7 X49.406 Y55.328 E277.7335
G1 F2852.9 X50 Y55.137 E277.75969
G1 F2878.6 X50.704 Y55.332 E277.79008
G1 F4016.7 X55.77 Y55.328 E277.94109
G1 F3447 X56.109 Y55.253 E277.95315
G1 F3484.6 X56.255 Y54.93 E277.96533
G1 F4076.4 X58.366 Y44.663 E278.27321
G1 F1500 E271.77321
G0 F7200 X56.019 Y55.139
G0 X50.266 Y55.137
G0 X49.998 Y45.998
G1 F1500 E278.27321
G1 F3157.9 X49.999 Y48.228 E278.35776
G1 F3062.2 X49.999 Y50.458 E278.44496
G1 F2967.5 X50 Y52.688 E278.53494
G1 F2882.9 X50 Y54.918 E278.62756
G1 F2496.7 X50 Y55.137 E278.63806
G1 F1500 E272.13806
G0 F7200 X56.019 Y55.139
G0 X55.848 Y54.77
;TYPE:WALL-OUTER
G1 F1500 E278.63806
G1 F2400 X55.695 Y54.893 E278.64296
G1 X50.704 Y54.896 E278.76746
G1 X50.534 Y54.803 E278.77229
G1 X50.504 Y54.714 E278.77464
G1 X50.496 Y45.5 E279.00448
G1 X49.5 Y45.5 E279.02932
G1 X49.496 Y54.714 E279.25917
G1 X49.466 Y54.803 E279.26151
G1 X49.331 Y54.893 E279.26556
G1 X44.34 Y54.896 E279.39006
G1 X44.213 Y54.852 E279.39341
G1 X44.154 Y54.77 E279.39593
G1 X41.985 Y44.228 E279.66441
G1 X41.101 Y44.228 E279.68646
G1 X43.467 Y55.768 E279.98032
G1 X56.528 Y55.768 E280.30613
G1 X58.898 Y44.228 E280.6
G1 X58.012 Y44.228 E280.6221
G1 X55.848 Y54.77 E280.89056
G0 F7200 X55.695 Y54.893
G0 X55.691 Y54.893
G1 F1500 E274.39056
;MESH:NONMESH
G0 F600 Z6.6
G0 F7200 X55.691 Y55.209
G0 X43.981 Y55.139
G0 X41.632 Y44.661
;TIME_ELAPSED:333.179084
;LAYER:42
;TYPE:WALL-INNER
;MESH:blankkey.stl
G1 F1500 E280.89056
G1 F4042.1 X43.744 Y54.931 E281.20114
G1 F3440.9 X43.888 Y55.252 E281.21339
G1 F3472 X44.34 Y55.332 E281.22922
G1 F4016.7 X48.97 Y55.328 E281.36724
G0 F7200 X49.742 Y55.089
G0 X50.539 Y54.763
G1 F4800 X50.536 Y45.9 E281.58832
G1 X49.46 Y45.9 E281.61516
G1 X49.457 Y54.763 E281.83625
G1 F4343.9 X48.97 Y55.328 E281.85681
G1 X49.998 Y55.368 E281.88517
G1 F4403.7 X51.136 Y55.332 E281.91613
G1 X50.539 Y54.763 E281.93855
G0 F7200 X51.136 Y55.332
G1 F4016.7 X55.77 Y55.328 E282.07669
G1 F3447 X56.109 Y55.253 E282.08875
G1 F3484.6 X56.255 Y54.93 E282.10093
G1 F4076.4 X58.366 Y44.663 E282.40881
G1 F1500 E275.90881
G0 F7200 X56.151 Y54.833
G0 X55.848 Y54.77
;TYPE:WALL-OUTER
G1 F1500 E282.40881
G1 F2400 X55.695 Y54.893 E282.41371
G1 X51.136 Y54.896 E282.52743
G1 X50.937 Y54.719 E282.53408
G1 X50.936 Y45.5 E282.76404
G1 X49.06 Y45.5 E282.81084
G1 X49.059 Y54.719 E283.04081
G1 X48.895 Y54.893 E283.04677
G1 X44.34 Y54.896 E283.1604
G1 X44.213 Y54.852 E283.16375
G1 X44.154 Y54.77 E283.16627
G1 X41.985 Y44.228 E283.43475
G1 X41.101 Y44.228 E283.4568
G1 X43.467 Y55.768 E283.75066
G1 X56.528 Y55.768 E284.07647
G1 X58.898 Y44.228 E284.37034
G1 X58.012 Y44.228 E284.39244
G1 X55.848 Y54.77 E284.6609
G0 F7200 X55.695 Y54.893
G0 X55.691 Y54.893
G1 F1500 E278.1609
G0 F7200 X55.691 Y55.209
G0 X50.7 Y55.137
G0 X50.179 Y54.8
;TYPE:SKIN
G1 F1500 E284.6609
G1 F1972.6 X50.345 Y55.006 E284.66692
G1 X49.669 Y55.005 E284.68231
G1 X49.817 Y54.8 E284.68806
G1 F1989 X49.819 Y46.259 E284.88088
G1 F2005.6 X50.177 Y46.259 E284.88889
G1 F1989 X50.179 Y54.8 E285.08171
G0 F7200 X50.072 Y54.799
G1 F1500 E278.58171
;MESH:NONMESH
G0 F600 Z6.75
G0 F7200 X49.3 Y55.137
G0 X43.981 Y55.139
G0 X41.632 Y44.661
;TIME_ELAPSED:339.029131
;LAYER:43
;TYPE:WALL-INNER
;MESH:blankkey.stl
G1 F1500 E285.08171
G1 F4042.1 X43.744 Y54.931 E285.3923
G1 F3440.9 X43.888 Y55.252 E285.40454
G1 F3472 X44.34 Y55.332 E285.42037
G1 F4016.7 X48.67 Y55.328 E285.54944
G0 F7200 X49.441 Y55.089
G0 X50.528 Y54.696
G0 X50.836 Y54.696
G1 F4800 X50.836 Y45.9 E285.76886
G1 X49.16 Y45.9 E285.81067
G1 X49.16 Y54.696 E286.03009
G1 X49.04 Y55.056 E286.03955
G1 F4343.9 X48.67 Y55.328 E286.05221
G1 X49.196 Y55.368 E286.06675
G1 F4800 X50.8 Y55.368 E286.10676
G1 F4403.7 X51.436 Y55.332 E286.12408
G1 X50.956 Y55.056 E286.13914
G1 F4800 X50.836 Y54.696 E286.1486
G0 F7200 X51.436 Y55.332
G1 F4016.7 X55.77 Y55.328 E286.2778
G1 F3447 X56.109 Y55.253 E286.28986
G1 F3484.6 X56.255 Y54.93 E286.30204
G1 F4076.4 X58.366 Y44.663 E286.60992
G1 F1500 E280.10992
G0 F7200 X56.151 Y54.833
G0 X55.848 Y54.77
;TYPE:WALL-OUTER
G1 F1500 E286.60992
G1 F2400 X55.695 Y54.893 E286.61481
G1 X51.436 Y54.896 E286.72106
G1 X51.276 Y54.816 E286.72552
G1 X51.236 Y54.696 E286.72867
G1 X51.236 Y45.5 E286.95807
G1 X48.76 Y45.5 E287.01983
G1 X48.76 Y54.696 E287.24923
G1 X48.72 Y54.816 E287.25238
G1 X48.595 Y54.893 E287.25605
G1 X44.34 Y54.896 E287.36219
G1 X44.213 Y54.852 E287.36554
G1 X44.154 Y54.77 E287.36806
G1 X41.985 Y44.228 E287.63654
G1 X41.101 Y44.228 E287.65859
G1 X43.467 Y55.768 E287.95245
G1 X56.528 Y55.768 E288.27825
G1 X58.898 Y44.228 E288.57213
G1 X58.012 Y44.228 E288.59423
G1 X55.848 Y54.77 E288.86268
G0 F7200 X55.695 Y54.893
G0 X55.691 Y54.893
G1 F1500 E282.36268
G0 F7200 X55.691 Y55.209
G0 X51.001 Y55.137
G0 X49.998 Y46.738
;TYPE:SKIN
G1 F1500 E288.86268
G1 F1395.3 X49.998 Y54.53 E289.11342
G0 F7200 X50.456 Y54.692
G1 F1800 X50.543 Y54.988 E289.12112
G1 X49.453 Y54.988 E289.14831
G1 X49.54 Y54.692 E289.15601
G1 X49.54 Y46.28 E289.36584
G1 X50.456 Y46.28 E289.38869
G1 X50.456 Y54.692 E289.59853
G0 F7200 X50.228 Y54.691
G1 F1500 E283.09853
;MESH:NONMESH
G0 F600 Z6.9
G0 F7200 X48.999 Y55.137
G0 X43.981 Y55.139
G0 X41.632 Y44.661
;TIME_ELAPSED:345.414606
;LAYER:44
;TYPE:WALL-INNER
;MESH:blankkey.stl
G1 F1500 E289.59853
G1 F4042.1 X43.744 Y54.931 E289.90912
G1 F3440.9 X43.888 Y55.252 E289.92136
G1 F3472 X44.34 Y55.332 E289.93719
G1 F4016.7 X48.442 Y55.328 E290.05947
G0 F7200 X49.212 Y55.089
G0 X50.757 Y54.697
G0 X51.068 Y54.697
G1 F4800 X51.064 Y45.9 E290.27891
G1 X48.932 Y45.9 E290.3321
G1 X48.932 Y54.696 E290.55151
G1 X48.812 Y55.056 E290.56098
G1 F4343.9 X48.442 Y55.328 E290.57364
G1 X48.968 Y55.368 E290.58818
G1 F4800 X51.032 Y55.368 E290.63966
G1 F4403.7 X51.668 Y55.332 E290.65699
G1 X51.188 Y55.056 E290.67204
G1 F4800 X51.068 Y54.697 E290.68148
G0 F7200 X51.668 Y55.332
G1 F4016.7 X55.77 Y55.328 E290.80376
G1 F3447 X56.109 Y55.253 E290.81582
G1 F3484.6 X56.255 Y54.93 E290.828
G1 F4076.4 X58.366 Y44.663 E291.13588
G1 F1500 E284.63588
G0 F7200 X56.151 Y54.833
G0 X55.848 Y54.77
;TYPE:WALL-OUTER
G1 F1500 E291.13588
G1 F2400 X55.695 Y54.893 E291.14078
G1 X51.668 Y54.896 E291.24123
G1 X51.508 Y54.816 E291.24569
G1 X51.468 Y54.697 E291.24883
G1 X51.464 Y45.5 E291.47825
G1 X48.532 Y45.5 E291.55138
G1 X48.532 Y54.696 E291.78078
G1 X48.492 Y54.816 E291.78394
G1 X48.367 Y54.893 E291.7876
G1 X44.34 Y54.896 E291.88805
G1 X44.213 Y54.852 E291.8914
G1 X44.154 Y54.77 E291.89392
G1 X41.985 Y44.228 E292.1624
G1 X41.101 Y44.228 E292.18446
G1 X43.467 Y55.768 E292.47831
G1 X56.528 Y55.768 E292.80412
G1 X58.898 Y44.228 E293.09799
G1 X58.012 Y44.228 E293.12009
G1 X55.848 Y54.77 E293.38855
G0 F7200 X55.695 Y54.893
G0 X55.691 Y54.893
G1 F1500 E286.88855
G0 F7200 X55.691 Y55.209
G0 X51.23 Y55.137
G0 X50.688 Y54.692
;TYPE:SKIN
G1 F1500 E293.38855
G1 F1800 X50.775 Y54.988 E293.39624
G1 X49.225 Y54.988 E293.43491
G1 X49.312 Y54.692 E293.44261
G1 X49.312 Y46.28 E293.65244
G1 X50.684 Y46.28 E293.68667
G1 X50.688 Y54.692 E293.89651
G0 F7200 X49.512 Y54.603
G1 F1800 X49.697 Y54.788 E293.90303
G0 F7200 X50.263 Y54.788
G1 F1800 X49.512 Y54.037 E293.92953
G0 F7200 X49.512 Y53.471
G1 F1800 X50.487 Y54.447 E293.96394
G0 F7200 X50.487 Y53.882
G1 F1800 X49.512 Y52.906 E293.99835
G0 F7200 X49.512 Y52.34
G1 F1800 X50.487 Y53.316 E294.03277
G0 F7200 X50.487 Y52.749
G1 F1800 X49.512 Y51.774 E294.06716
G0 F7200 X49.512 Y51.209
G1 F1800 X50.487 Y52.184 E294.10156
G0 F7200 X50.487 Y51.618
G1 F1800 X49.512 Y50.643 E294.13595
G0 F7200 X49.512 Y50.077
G1 F1800 X50.486 Y51.052 E294.17033
G0 F7200 X50.486 Y50.486
G1 F1800 X49.512 Y49.512 E294.20469
G0 F7200 X49.512 Y48.946
G1 F1800 X50.486 Y49.92 E294.23905
G0 F7200 X50.485 Y49.354
G1 F1800 X49.512 Y48.38 E294.2734
G0 F7200 X49.512 Y47.815
G1 F1800 X50.485 Y48.788 E294.30772
G0 F7200 X50.485 Y48.223
G1 F1800 X49.512 Y47.249 E294.34206
G0 F7200 X49.512 Y46.683
G1 F1800 X50.485 Y47.656 E294.37639
G0 F7200 X50.485 Y47.09
G1 F1800 X49.874 Y46.48 E294.39793
G1 X49.804 Y46.41
G0 F7200 X49.804 Y46.511
G1 F1500 E287.89793
;MESH:NONMESH
G0 F600 Z7.05
G0 F7200 X48.77 Y55.137
G0 X43.981 Y55.139
G0 X41.632 Y44.661
;TIME_ELAPSED:352.507715
;LAYER:45
;TYPE:WALL-INNER
;MESH:blankkey.stl
G1 F1500 E294.39793
G1 F4042.1 X43.744 Y54.931 E294.70851
G1 F3440.9 X43.888 Y55.252 E294.72076
G1 F3472 X44.34 Y55.332 E294.73659
G1 F4016.7 X48.25 Y55.328 E294.85314
G0 F7200 X48.752 Y55.377
G1 F4486 X49.364 Y55.332 E294.86952
G1 X48.902 Y55.066 E294.88375
G1 F4873.1 X48.804 Y54.92 E294.88807
G1 F4604.3 X48.752 Y54.749 E294.89272
G1 X48.7 Y54.92 E294.89737
G1 F4873.1 X48.602 Y55.066 E294.90169
G1 F4424 X48.25 Y55.328 E294.91356
G1 X48.752 Y55.377 E294.92721
G0 F7200 X49.364 Y55.332
G1 F4016.7 X50.742 Y55.328 E294.96829
G0 F7200 X51.246 Y55.376
G1 F4486 X51.86 Y55.332 E294.98472
G1 X51.396 Y55.065 E294.99901
G1 F4705.9 X51.246 Y54.749 E295.00791
G1 X51.096 Y55.065 E295.01681
G1 F4424 X50.742 Y55.328 E295.02875
G1 X51.246 Y55.376 E295.04245
G0 F7200 X51.86 Y55.332
G1 F4016.7 X55.77 Y55.328 E295.15901
G1 F3447 X56.109 Y55.253 E295.17107
G1 F3484.6 X56.255 Y54.93 E295.18325
G1 F4076.4 X58.366 Y44.663 E295.49113
G1 F1500 E288.99113
G0 F7200 X56.019 Y55.139
G0 X51.422 Y55.137
G0 X51.244 Y45.912
G1 F1500 E295.49113
G1 F4475.5 X51.246 Y54.749 E295.72755
G1 F1500 E289.22755
G0 F7200 X48.927 Y55.137
G0 X48.752 Y54.749
G1 F1500 E295.72755
G1 F4507 X48.752 Y45.912 E295.96232
G1 F1500 E289.46232
G0 F7200 X48.927 Y55.137
G0 X56.019 Y55.139
G0 X55.848 Y54.77
;TYPE:WALL-OUTER
G1 F1500 E295.96232
G1 F2400 X55.695 Y54.893 E295.96721
G1 X51.86 Y54.896 E296.06288
G1 X51.703 Y54.821 E296.06722
G1 X51.66 Y54.714 E296.07009
G1 X51.656 Y45.5 E296.29994
G1 X50.832 Y45.5 E296.32049
G1 X50.832 Y54.714 E296.55034
G1 X50.789 Y54.821 E296.55321
G1 X50.667 Y54.893 E296.55675
G1 X49.364 Y54.896 E296.58925
G1 X49.207 Y54.821 E296.59359
G1 X49.164 Y54.714 E296.59647
G1 X49.164 Y45.5 E296.82631
G1 X48.34 Y45.5 E296.84687
G1 X48.34 Y54.714 E297.07671
G1 X48.297 Y54.821 E297.07959
G1 X48.175 Y54.893 E297.08312
G1 X44.34 Y54.896 E297.17879
G1 X44.213 Y54.852 E297.18214
G1 X44.154 Y54.77 E297.18466
G1 X41.985 Y44.228 E297.45314
G1 X41.101 Y44.228 E297.47519
G1 X43.467 Y55.768 E297.76904
G1 X56.528 Y55.768 E298.09485
G1 X58.898 Y44.228 E298.38873
G1 X58.012 Y44.228 E298.41083
G1 X55.848 Y54.77 E298.67928
G0 F7200 X55.695 Y54.893
G0 X55.691 Y54.893
G1 F1500 E292.17928
;MESH:NONMESH
G0 F600 Z7.2
G0 F7200 X55.691 Y55.209
G0 X43.981 Y55.139
G0 X41.632 Y44.661
;TIME_ELAPSED:359.200998
;LAYER:46
;TYPE:WALL-INNER
;MESH:blankkey.stl
G1 F1500 E298.67928
G1 F4042.1 X43.744 Y54.931 E298.98987
G1 F3440.9 X43.888 Y55.252 E299.00211
G1 F3472 X44.34 Y55.332 E299.01794
G1 F4016.7 X48.086 Y55.328 E299.12961
G1 F2878.6 X48.67 Y55.143 E299.15509
G1 F2904.7 X49.364 Y55.332 E299.18474
G1 F4016.7 X50.742 Y55.328 E299.22582
G1 F2870 X51.328 Y55.142 E299.25147
G1 F2895.9 X52.024 Y55.332 E299.2813
G1 F4016.7 X55.77 Y55.328 E299.39296
G1 F3447 X56.109 Y55.253 E299.40502
G1 F3484.6 X56.255 Y54.93 E299.4172
G1 F4076.4 X58.366 Y44.663 E299.72508
G1 F1500 E293.22508
G0 F7200 X56.019 Y55.139
G0 X51.586 Y55.137
G0 X51.326 Y45.994
G1 F1500 E299.72508
G1 F3205.3 X51.326 Y48.225 E299.80842
G1 F3111.8 X51.327 Y50.456 E299.89427
G1 F3023.6 X51.327 Y52.687 E299.98262
G1 F2940.3 X51.328 Y54.918 E300.07347
G1 F2533 X51.328 Y55.142 E300.08406
G1 F1500 E293.58406
G0 F7200 X48.67 Y55.143
G1 F1500 E300.08406
G1 F2546.4 X48.67 Y54.919 E300.09459
G1 F2958.4 X48.67 Y52.688 E300.18489
G1 F3038 X48.67 Y50.457 E300.27282
G1 F3127 X48.67 Y48.226 E300.35824
G1 F3216.1 X48.67 Y45.995 E300.44131
G1 F1500 E293.94131
G0 F7200 X48.927 Y55.137
G0 X56.019 Y55.139
G0 X55.848 Y54.77
;TYPE:WALL-OUTER
G1 F1500 E300.44131
G1 F2400 X55.695 Y54.893 E300.4462
G1 X52.024 Y54.896 E300.53778
G1 X51.855 Y54.804 E300.54258
G1 X51.824 Y54.714 E300.54495
G1 X51.82 Y45.5 E300.7748
G1 X50.832 Y45.5 E300.79944
G1 X50.832 Y54.714 E301.02929
G1 X50.801 Y54.804 E301.03166
G1 X50.667 Y54.893 E301.03567
G1 X49.364 Y54.896 E301.06818
G1 X49.195 Y54.805 E301.07296
G1 X49.164 Y54.714 E301.07536
G1 X49.164 Y45.5 E301.30521
G1 X48.176 Y45.5 E301.32985
G1 X48.176 Y54.714 E301.5597
G1 X48.145 Y54.805 E301.56209
G1 X48.011 Y54.893 E301.56609
G1 X44.34 Y54.896 E301.65767
G1 X44.213 Y54.852 E301.66102
G1 X44.154 Y54.77 E301.66354
G1 X41.985 Y44.228 E301.93202
G1 X41.101 Y44.228 E301.95407
G1 X43.467 Y55.768 E302.24793
G1 X56.528 Y55.768 E302.57373
G1 X58.898 Y44.228 E302.86761
G1 X58.012 Y44.228 E302.88971
G1 X55.848 Y54.77 E303.15816
G0 F7200 X55.695 Y54.893
G0 X55.691 Y54.893
G1 F1500 E296.65816
;MESH:NONMESH
G0 F600 Z7.35
G0 F7200 X55.691 Y55.209
G0 X43.981 Y55.139
G0 X41.632 Y44.661
;TIME_ELAPSED:365.835785
;LAYER:47
;TYPE:WALL-INNER
;MESH:blankkey.stl
G1 F1500 E303.15816
G1 F4042.1 X43.744 Y54.931 E303.46875
G1 F3440.9 X43.888 Y55.252 E303.48099
G1 F3472 X44.34 Y55.332 E303.49682
G1 F4016.7 X47.946 Y55.328 E303.60432
G0 F7200 X48.783 Y54.981
G1 F4729.1 X48.783 Y51.948 E303.68111
G1 F4923.1 X48.782 Y48.915 E303.75488
G1 F5161.3 X48.782 Y45.882 E303.82524
G1 F5274.7 X48.418 Y45.882 E303.8335
G1 F5161.3 X48.418 Y48.914 E303.90384
G1 F4923.1 X48.417 Y51.946 E303.97758
G1 F4729.1 X48.417 Y54.978 E304.05435
G1 F4266.7 X47.946 Y55.328 E304.07082
G1 F4016.7 X49.364 Y55.332 E304.11309
G1 F4324.3 X48.783 Y54.981 E304.13189
G0 F7200 X49.364 Y55.332
G1 F4016.7 X50.742 Y55.328 E304.17296
G0 F7200 X51.579 Y54.981
G1 F4729.1 X51.579 Y51.948 E304.24976
G1 F4923.1 X51.578 Y48.915 E304.32352
G1 F5161.3 X51.578 Y45.882 E304.39389
G1 F5274.7 X51.214 Y45.882 E304.40215
G1 F5161.3 X51.214 Y48.914 E304.47249
G1 F4923.1 X51.213 Y51.946 E304.54623
G1 F4729.1 X51.213 Y54.978 E304.623
G1 F4266.7 X50.742 Y55.328 E304.63947
G1 F4016.7 X52.16 Y55.332 E304.68174
G1 F4324.3 X51.579 Y54.981 E304.70053
G0 F7200 X52.16 Y55.332
G1 F4016.7 X55.77 Y55.328 E304.80814
G1 F3447 X56.109 Y55.253 E304.8202
G1 F3484.6 X56.255 Y54.93 E304.83238
G1 F4076.4 X58.366 Y44.663 E305.14026
G1 F1500 E298.64026
G0 F7200 X56.151 Y54.833
G0 X55.848 Y54.77
;TYPE:WALL-OUTER
G1 F1500 E305.14026
G1 F2400 X55.695 Y54.893 E305.14516
G1 X52.16 Y54.896 E305.23334
G1 X51.96 Y54.776 E305.23916
G1 X51.96 Y45.5 E305.47055
G1 X50.832 Y45.5 E305.49869
G1 X50.832 Y54.773 E305.73
G1 X50.667 Y54.893 E305.73509
G1 X49.364 Y54.896 E305.7676
G1 X49.164 Y54.776 E305.77341
G1 X49.164 Y45.5 E306.00481
G1 X48.036 Y45.5 E306.03294
G1 X48.036 Y54.773 E306.26426
G1 X47.871 Y54.893 E306.26935
G1 X44.34 Y54.896 E306.35743
G1 X44.213 Y54.852 E306.36078
G1 X44.154 Y54.77 E306.3633
G1 X41.985 Y44.228 E306.63178
G1 X41.101 Y44.228 E306.65383
G1 X43.467 Y55.768 E306.94769
G1 X56.528 Y55.768 E307.2735
G1 X58.898 Y44.228 E307.56737
G1 X58.012 Y44.228 E307.58947
G1 X55.848 Y54.77 E307.85793
G0 F7200 X55.695 Y54.893
G0 X55.691 Y54.893
G1 F1500 E301.35793
;MESH:NONMESH
G0 F600 Z7.5
G0 F7200 X55.691 Y55.209
G0 X43.981 Y55.139
G0 X41.632 Y44.661
;TIME_ELAPSED:371.348883
;LAYER:48
;TYPE:WALL-INNER
;MESH:blankkey.stl
G1 F1500 E307.85793
G1 F4042.1 X43.744 Y54.931 E308.16851
G1 F3440.9 X43.888 Y55.252 E308.18076
G1 F3472 X44.34 Y55.332 E308.19659
G1 F4016.7 X47.83 Y55.328 E308.30062
G0 F7200 X48.754 Y54.953
G1 F4257.2 X48.754 Y50.432 E308.42778
G1 F4444.4 X48.753 Y45.911 E308.54958
G1 F4549.8 X48.331 Y45.911 E308.56068
G1 F4444.4 X48.33 Y50.431 E308.68245
G1 F4257.2 X48.33 Y54.951 E308.80958
G1 F4067.8 X47.83 Y55.328 E308.82801
G1 F3902.4 X48.542 Y55.317 E308.84986
G1 F3950.6 X49.364 Y55.332 E308.87478
G1 F4120.2 X48.754 Y54.953 E308.89565
G0 F7200 X49.364 Y55.332
G1 F4016.7 X50.742 Y55.328 E308.93673
G0 F7200 X51.669 Y54.953
G1 F4238.4 X51.667 Y50.432 E309.06445
G1 F4434.2 X51.665 Y45.911 E309.18653
G1 F4539 X51.243 Y45.911 E309.19766
G1 F4434.2 X51.243 Y50.431 E309.31972
G1 F4238.4 X51.243 Y54.951 E309.44741
G1 F4050.6 X50.742 Y55.328 E309.46594
G1 F3886.6 X51.456 Y55.317 E309.48794
G1 F3934.4 X52.28 Y55.332 E309.51302
G1 F4102.6 X51.669 Y54.953 E309.53401
G0 F7200 X52.28 Y55.332
G1 F4016.7 X55.77 Y55.328 E309.63804
G1 F3447 X56.109 Y55.253 E309.6501
G1 F3484.6 X56.255 Y54.93 E309.66228
G1 F4076.4 X58.366 Y44.663 E309.97016
G1 F1500 E303.47016
G0 F7200 X56.151 Y54.833
G0 X55.848 Y54.77
;TYPE:WALL-OUTER
G1 F1500 E309.97016
G1 F2400 X55.695 Y54.893 E309.97506
G1 X52.28 Y54.896 E310.06024
G1 X52.08 Y54.767 E310.06618
G1 X52.076 Y45.5 E310.29735
G1 X50.832 Y45.5 E310.32838
G1 X50.832 Y54.765 E310.5595
G1 X50.667 Y54.893 E310.56471
G1 X49.364 Y54.896 E310.59721
G1 X49.164 Y54.768 E310.60313
G1 X49.164 Y45.5 E310.83432
G1 X47.92 Y45.5 E310.86535
G1 X47.92 Y54.766 E311.0965
G1 X47.755 Y54.893 E311.10169
G1 X44.34 Y54.896 E311.18688
G1 X44.213 Y54.852 E311.19023
G1 X44.154 Y54.77 E311.19275
G1 X41.985 Y44.228 E311.46123
G1 X41.101 Y44.228 E311.48328
G1 X43.467 Y55.768 E311.77714
G1 X56.528 Y55.768 E312.10294
G1 X58.898 Y44.228 E312.39682
G1 X58.012 Y44.228 E312.41892
G1 X55.848 Y54.77 E312.68737
G0 F7200 X55.695 Y54.893
G0 X55.691 Y54.893
G1 F1500 E306.18737
;MESH:NONMESH
G0 F600 Z7.65
G0 F7200 X55.691 Y55.209
G0 X43.981 Y55.139
G0 X41.632 Y44.661
;TIME_ELAPSED:376.919405
;LAYER:49
;TYPE:WALL-INNER
;MESH:blankkey.stl
G1 F1500 E312.68737
G1 F4042.1 X43.744 Y54.931 E312.99796
G1 F3440.9 X43.888 Y55.252 E313.0102
G1 F3472 X44.34 Y55.332 E313.02604
G1 F4016.7 X47.722 Y55.328 E313.12685
G0 F7200 X48.494 Y55.089
G0 X48.727 Y54.927
G1 F3847.7 X48.726 Y50.432 E313.26673
G1 F3966.9 X48.726 Y45.937 E313.40241
G1 F4033.6 X48.25 Y45.938 E313.41654
G1 F3966.9 X48.25 Y50.432 E313.55218
G1 F3847.7 X48.249 Y54.926 E313.69203
G1 F3871 X47.722 Y55.328 E313.71253
G1 F3757.3 X48.488 Y55.299 E313.73696
G1 F3802 X49.364 Y55.332 E313.76457
G1 F3918.4 X48.727 Y54.927 E313.78763
G0 F7200 X49.364 Y55.332
G1 F4016.7 X50.742 Y55.328 E313.82871
G0 F7200 X51.515 Y55.089
G0 X51.747 Y54.927
G1 F3847.7 X51.746 Y50.432 E313.96859
G1 F3966.9 X51.746 Y45.937 E314.10427
G1 F4033.6 X51.27 Y45.938 E314.1184
G1 F3966.9 X51.27 Y50.432 E314.25404
G1 F3847.7 X51.269 Y54.926 E314.39389
G1 F3871 X50.742 Y55.328 E314.41439
G1 F3757.3 X51.508 Y55.299 E314.43882
G1 F3802 X52.384 Y55.332 E314.46643
G1 F3918.4 X51.747 Y54.927 E314.48949
G0 F7200 X52.384 Y55.332
G1 F4016.7 X55.77 Y55.328 E314.59043
G1 F3447 X56.109 Y55.253 E314.60249
G1 F3484.6 X56.255 Y54.93 E314.61467
G1 F4076.4 X58.366 Y44.663 E314.92255
G1 F1500 E308.42255
G0 F7200 X56.151 Y54.833
G0 X55.848 Y54.77
;TYPE:WALL-OUTER
G1 F1500 E314.92255
G1 F2400 X55.695 Y54.893 E314.92745
G1 X52.384 Y54.896 E315.01004
G1 X52.184 Y54.759 E315.01609
G1 X52.184 Y45.5 E315.24705
G1 X50.832 Y45.5 E315.28078
G1 X50.832 Y54.757 E315.5117
G1 X50.667 Y54.893 E315.51703
G1 X49.364 Y54.896 E315.54953
G1 X49.164 Y54.759 E315.55558
G1 X49.164 Y45.5 E315.78655
G1 X47.812 Y45.5 E315.82027
G1 X47.812 Y54.757 E316.05119
G1 X47.647 Y54.893 E316.05652
G1 X44.34 Y54.896 E316.13902
G1 X44.213 Y54.852 E316.14237
G1 X44.154 Y54.77 E316.14489
G1 X41.985 Y44.228 E316.41337
G1 X41.101 Y44.228 E316.43542
G1 X43.467 Y55.768 E316.72928
G1 X56.528 Y55.768 E317.05508
G1 X58.898 Y44.228 E317.34896
G1 X58.012 Y44.228 E317.37106
G1 X55.848 Y54.77 E317.63951
G0 F7200 X55.695 Y54.893
G0 X55.691 Y54.893
G1 F1500 E311.13951
;MESH:NONMESH
G0 F600 Z7.8
G0 F7200 X55.691 Y55.209
G0 X43.981 Y55.139
G0 X41.632 Y44.661
;TIME_ELAPSED:382.543010
;LAYER:50
;TYPE:WALL-INNER
;MESH:blankkey.stl
G1 F1500 E317.63951
G1 F4042.1 X43.744 Y54.931 E317.9501
G1 F3440.9 X43.888 Y55.252 E317.96234
G1 F3472 X44.34 Y55.332 E317.97817
G1 F4016.7 X47.63 Y55.328 E318.07625
G0 F7200 X48.4 Y55.089
G0 X48.704 Y54.905
G1 F3549 X48.703 Y50.433 E318.22712
G1 F3622.6 X48.702 Y45.961 E318.37493
G1 F3664.1 X48.178 Y45.962 E318.39206
G1 F3622.6 X48.179 Y50.433 E318.53983
G1 F3549 X48.18 Y54.904 E318.69068
G1 F3720.9 X47.63 Y55.328 E318.71303
G1 F3643.3 X48.442 Y55.283 E318.73975
G1 F3685.2 X49.364 Y55.332 E318.76975
G1 F3764.7 X48.704 Y54.905 E318.79475
G0 F7200 X49.364 Y55.332
G1 F4016.7 X50.742 Y55.328 E318.83583
G0 F7200 X51.515 Y55.089
G0 X51.819 Y54.902
G1 F3549 X51.818 Y50.432 E318.98664
G1 F3622.6 X51.818 Y45.962 E319.13438
G1 F3664.1 X51.294 Y45.962 E319.15151
G1 F3622.6 X51.293 Y50.432 E319.29925
G1 F3549 X51.293 Y54.902 E319.45006
G1 F3720.9 X50.742 Y55.328 E319.47247
G1 F3636.4 X51.556 Y55.282 E319.49932
G1 F3678.2 X52.48 Y55.332 E319.52944
G1 F3764.7 X51.819 Y54.902 E319.55452
G0 F7200 X52.48 Y55.332
G1 F4016.7 X55.77 Y55.328 E319.6526
G1 F3447 X56.109 Y55.253 E319.66466
G1 F3484.6 X56.255 Y54.93 E319.67684
G1 F4076.4 X58.366 Y44.663 E319.98472
G1 F1500 E313.48472
G0 F7200 X56.151 Y54.833
G0 X55.848 Y54.77
;TYPE:WALL-OUTER
G1 F1500 E319.98472
G1 F2400 X55.695 Y54.893 E319.98961
G1 X52.48 Y54.896 E320.06981
G1 X52.28 Y54.751 E320.07597
G1 X52.28 Y45.5 E320.30674
G1 X50.832 Y45.5 E320.34286
G1 X50.832 Y54.75 E320.5736
G1 X50.667 Y54.893 E320.57905
G1 X49.364 Y54.896 E320.61155
G1 X49.164 Y54.753 E320.61769
G1 X49.164 Y45.5 E320.8485
G1 X47.716 Y45.5 E320.88462
G1 X47.72 Y54.751 E321.11539
G1 X47.555 Y54.893 E321.12082
G1 X44.34 Y54.896 E321.20102
G1 X44.213 Y54.852 E321.20437
G1 X44.154 Y54.77 E321.20689
G1 X41.985 Y44.228 E321.47537
G1 X41.101 Y44.228 E321.49742
G1 X43.467 Y55.768 E321.79128
G1 X56.528 Y55.768 E322.11709
G1 X58.898 Y44.228 E322.41096
G1 X58.012 Y44.228 E322.43306
G1 X55.848 Y54.77 E322.70152
G0 F7200 X55.695 Y54.893
G0 X55.691 Y54.893
G1 F1500 E316.20152
;MESH:NONMESH
G0 F600 Z7.95
G0 F7200 X55.691 Y55.209
G0 X43.981 Y55.139
G0 X41.632 Y44.661
;TIME_ELAPSED:388.217048
;LAYER:51
;TYPE:WALL-INNER
;MESH:blankkey.stl
G1 F1500 E322.70152
G1 F4042.1 X43.744 Y54.931 E323.0121
G1 F3440.9 X43.888 Y55.252 E323.02435
G1 F3472 X44.34 Y55.332 E323.04018
G1 F4016.7 X47.55 Y55.328 E323.13587
G0 F7200 X48.322 Y55.089
G0 X48.683 Y54.882
G1 F3356.6 X48.683 Y45.981 E323.45338
G1 F3416.4 X48.121 Y45.981 E323.47307
G1 F3356.6 X48.121 Y54.882 E323.79059
G1 F3609 X47.55 Y55.328 E323.81462
G1 F3542.4 X48.402 Y55.268 E323.84349
G1 F3582.1 X49.364 Y55.332 E323.87572
G1 F3650.2 X48.683 Y54.882 E323.9025
G0 F7200 X49.364 Y55.332
G1 F4016.7 X50.742 Y55.328 E323.94357
G0 F7200 X51.515 Y55.089
G0 X51.875 Y54.882
G1 F3356.6 X51.875 Y45.981 E324.26109
G1 F3416.4 X51.313 Y45.981 E324.28078
G1 F3356.6 X51.313 Y54.882 E324.59829
G1 F3609 X50.742 Y55.328 E324.62233
G1 F3542.4 X51.594 Y55.268 E324.6512
G1 F3582.1 X52.556 Y55.332 E324.68343
G1 F3650.2 X51.875 Y54.882 E324.7102
G0 F7200 X52.556 Y55.332
G1 F4016.7 X55.77 Y55.328 E324.80601
G1 F3447 X56.109 Y55.253 E324.81807
G1 F3484.6 X56.255 Y54.93 E324.83025
G1 F4076.4 X58.366 Y44.663 E325.13813
G1 F1500 E318.63813
G0 F7200 X56.151 Y54.833
G0 X55.848 Y54.77
;TYPE:WALL-OUTER
G1 F1500 E325.13813
G1 F2400 X55.695 Y54.893 E325.14303
G1 X52.556 Y54.896 E325.22133
G1 X52.356 Y54.746 E325.22757
G1 X52.356 Y45.5 E325.45821
G1 X50.832 Y45.5 E325.49623
G1 X50.832 Y54.745 E325.72684
G1 X50.667 Y54.893 E325.73237
G1 X49.364 Y54.896 E325.76488
G1 X49.164 Y54.746 E325.77111
G1 X49.164 Y45.5 E326.00176
G1 X47.64 Y45.5 E326.03977
G1 X47.64 Y54.745 E326.27039
G1 X47.475 Y54.893 E326.27592
G1 X44.34 Y54.896 E326.35412
G1 X44.213 Y54.852 E326.35747
G1 X44.154 Y54.77 E326.35999
G1 X41.985 Y44.228 E326.62847
G1 X41.101 Y44.228 E326.65053
G1 X43.467 Y55.768 E326.94438
G1 X56.528 Y55.768 E327.27019
G1 X58.898 Y44.228 E327.56406
G1 X58.012 Y44.228 E327.58616
G1 X55.848 Y54.77 E327.85462
G0 F7200 X55.695 Y54.893
G0 X55.691 Y54.893
G1 F1500 E321.35462
;MESH:NONMESH
G0 F600 Z8.1
G0 F7200 X55.691 Y55.209
G0 X43.981 Y55.139
G0 X41.632 Y44.661
;TIME_ELAPSED:393.932880
;LAYER:52
;TYPE:WALL-INNER
;MESH:blankkey.stl
G1 F1500 E327.85462
G1 F4042.1 X43.744 Y54.931 E328.16521
G1 F3440.9 X43.888 Y55.252 E328.17745
G1 F3472 X44.34 Y55.332 E328.19328
G1 F4016.7 X47.482 Y55.328 E328.28694
G0 F7200 X48.254 Y55.089
G0 X48.766 Y54.827
G1 F4800 X48.764 Y45.9 E328.50962
G1 X47.972 Y45.9 E328.52938
G1 X47.97 Y54.825 E328.75202
G1 F4343.9 X47.482 Y55.328 E328.77133
G1 X48.368 Y55.368 E328.79578
G1 F4403.7 X49.364 Y55.332 E328.82288
G1 X48.766 Y54.827 E328.84416
G0 F7200 X49.364 Y55.332
G1 F4016.7 X50.742 Y55.328 E328.88524
G0 F7200 X51.515 Y55.089
G0 X52.026 Y54.827
G1 F4800 X52.024 Y45.9 E329.10792
G1 X51.232 Y45.9 E329.12768
G1 X51.23 Y54.825 E329.35032
G1 F4343.9 X50.742 Y55.328 E329.36963
G1 X51.628 Y55.368 E329.39408
G1 F4403.7 X52.624 Y55.332 E329.42118
G1 X52.026 Y54.827 E329.44246
G0 F7200 X52.624 Y55.332
G1 F4016.7 X55.77 Y55.328 E329.53624
G1 F3447 X56.109 Y55.253 E329.5483
G1 F3484.6 X56.255 Y54.93 E329.56048
G1 F4076.4 X58.366 Y44.663 E329.86836
G1 F1500 E323.36836
G0 F7200 X56.151 Y54.833
G0 X55.848 Y54.77
;TYPE:WALL-OUTER
G1 F1500 E329.86836
G1 F2400 X55.695 Y54.893 E329.87326
G1 X52.624 Y54.896 E329.94987
G1 X52.429 Y54.744 E329.95603
G1 X52.424 Y45.5 E330.18663
G1 X50.832 Y45.5 E330.22634
G1 X50.827 Y54.744 E330.45693
G1 X50.667 Y54.893 E330.46238
G1 X49.364 Y54.896 E330.49489
G1 X49.169 Y54.744 E330.50106
G1 X49.164 Y45.5 E330.73165
G1 X47.572 Y45.5 E330.77136
G1 X47.567 Y54.744 E331.00195
G1 X47.407 Y54.893 E331.00741
G1 X44.34 Y54.896 E331.08391
G1 X44.213 Y54.852 E331.08727
G1 X44.154 Y54.77 E331.08979
G1 X41.985 Y44.228 E331.35827
G1 X41.101 Y44.228 E331.38032
G1 X43.467 Y55.768 E331.67417
G1 X56.528 Y55.768 E331.99998
G1 X58.898 Y44.228 E332.29385
G1 X58.012 Y44.228 E332.31596
G1 X55.848 Y54.77 E332.58441
G0 F7200 X55.695 Y54.893
G0 X55.691 Y54.893
G1 F1500 E326.08441
G0 F7200 X55.691 Y55.209
G0 X52.189 Y55.137
G0 X51.628 Y46.296
;TYPE:SKIN
G1 F1500 E332.58441
G1 F1629 X51.627 Y50.624 E332.70371
G1 F1551.7 X51.626 Y54.952 E332.82895
G1 F1500 E326.32895
G0 F7200 X48.927 Y55.137
G0 X48.368 Y46.296
G1 F1500 E332.82895
G1 F1629 X48.367 Y50.624 E332.94824
G1 F1551.7 X48.366 Y54.952 E333.07348
G1 F1500 E326.57348
;MESH:NONMESH
G0 F600 Z8.25
G0 F7200 X43.981 Y55.139
G0 X41.632 Y44.661
;TIME_ELAPSED:401.430865
;LAYER:53
;TYPE:WALL-INNER
;MESH:blankkey.stl
G1 F1500 E333.07348
G1 F4042.1 X43.744 Y54.931 E333.38407
G1 F3440.9 X43.888 Y55.252 E333.39631
G1 F3472 X44.34 Y55.332 E333.41214
G1 F4016.7 X47.422 Y55.328 E333.50401
G0 F7200 X48.193 Y55.089
G0 X48.766 Y54.813
G1 F4800 X48.764 Y45.9 E333.72635
G1 X47.912 Y45.9 E333.7476
G1 X47.91 Y54.811 E333.96989
G1 F4343.9 X47.422 Y55.328 E333.98948
G1 X48.338 Y55.368 E334.01476
G1 F4403.7 X49.364 Y55.332 E334.04267
G1 X48.766 Y54.813 E334.0642
G0 F7200 X49.364 Y55.332
G1 F4016.7 X50.742 Y55.328 E334.10528
G0 F7200 X51.515 Y55.089
G0 X52.09 Y54.814
G1 F4800 X52.084 Y45.9 E334.32764
G1 X51.232 Y45.9 E334.34889
G1 X51.23 Y54.811 E334.57118
G1 F4343.9 X50.742 Y55.328 E334.59077
G1 X51.66 Y55.368 E334.6161
G1 F4403.7 X52.688 Y55.332 E334.64407
G1 X52.09 Y54.814 E334.66558
G0 F7200 X52.688 Y55.332
G1 F4016.7 X55.77 Y55.328 E334.75746
G1 F3447 X56.109 Y55.253 E334.76952
G1 F3484.6 X56.255 Y54.93 E334.7817
G1 F4076.4 X58.366 Y44.663 E335.08958
G1 F1500 E328.58958
G0 F7200 X56.151 Y54.833
G0 X55.848 Y54.77
;TYPE:WALL-OUTER
G1 F1500 E335.08958
G1 F2400 X55.695 Y54.893 E335.09447
G1 X52.688 Y54.896 E335.16948
G1 X52.492 Y54.739 E335.17575
G1 X52.484 Y45.5 E335.40622
G1 X50.832 Y45.5 E335.44742
G1 X50.828 Y54.739 E335.67789
G1 X50.667 Y54.893 E335.68345
G1 X49.364 Y54.896 E335.71595
G1 X49.168 Y54.739 E335.72222
G1 X49.164 Y45.5 E335.95269
G1 X47.512 Y45.5 E335.99389
G1 X47.508 Y54.739 E336.22436
G1 X47.347 Y54.893 E336.22992
G1 X44.34 Y54.896 E336.30493
G1 X44.213 Y54.852 E336.30828
G1 X44.154 Y54.77 E336.3108
G1 X41.985 Y44.228 E336.57928
G1 X41.101 Y44.228 E336.60133
G1 X43.467 Y55.768 E336.89519
G1 X56.528 Y55.768 E337.221
G1 X58.898 Y44.228 E337.51487
G1 X58.012 Y44.228 E337.53697
G1 X55.848 Y54.77 E337.80543
G0 F7200 X55.695 Y54.893
G0 X55.691 Y54.893
G1 F1500 E331.30543
G0 F7200 X55.691 Y55.209
G0 X52.25 Y55.137
G0 X51.658 Y46.326
;TYPE:SKIN
G1 F1500 E337.80543
G1 F1434.3 X51.658 Y50.626 E337.94004
G1 F1390 X51.658 Y54.926 E338.07895
G1 F1500 E331.57895
G0 F7200 X48.927 Y55.137
G0 X48.338 Y46.326
G1 F1500 E338.07895
G1 F1440 X48.337 Y50.627 E338.21306
G1 F1395.3 X48.336 Y54.928 E338.35146
G0 F7200 X48.155 Y54.929
G1 F1500 E331.85146
;MESH:NONMESH
G0 F600 Z8.4
G0 F7200 X48.223 Y54.93
G0 X43.981 Y55.139
G0 X41.632 Y44.661
;TIME_ELAPSED:409.017647
;LAYER:54
;TYPE:WALL-INNER
;MESH:blankkey.stl
G1 F1500 E338.35146
G1 F4042.1 X43.744 Y54.931 E338.66205
G1 F3440.9 X43.888 Y55.252 E338.67429
G1 F3472 X44.34 Y55.332 E338.69012
G1 F4016.7 X47.374 Y55.328 E338.78057
G0 F7200 X48.145 Y55.089
G0 X48.766 Y54.803
G1 F4800 X48.764 Y45.9 E339.00265
G1 X47.864 Y45.9 E339.0251
G1 X47.862 Y54.801 E339.24714
G1 F4343.9 X47.374 Y55.328 E339.26694
G1 X48.314 Y55.368 E339.29287
G1 F4403.7 X49.364 Y55.332 E339.32144
G1 X48.766 Y54.803 E339.34315
G0 F7200 X49.364 Y55.332
G1 F4016.7 X50.742 Y55.328 E339.38422
G0 F7200 X51.515 Y55.089
G0 X52.138 Y54.802
G1 F4800 X52.132 Y45.9 E339.60628
G1 X51.232 Y45.9 E339.62874
G1 X51.23 Y54.8 E339.85075
G1 F4343.9 X50.742 Y55.328 E339.87057
G1 X51.684 Y55.368 E339.89655
G1 F4403.7 X52.736 Y55.332 E339.92517
G1 X52.138 Y54.802 E339.9469
G0 F7200 X52.736 Y55.332
G1 F4016.7 X55.77 Y55.328 E340.03734
G1 F3447 X56.109 Y55.253 E340.0494
G1 F3484.6 X56.255 Y54.93 E340.06158
G1 F4076.4 X58.366 Y44.663 E340.36946
G1 F1500 E333.86946
G0 F7200 X56.151 Y54.833
G0 X55.848 Y54.77
;TYPE:WALL-OUTER
G1 F1500 E340.36946
G1 F2400 X55.695 Y54.893 E340.37436
G1 X52.736 Y54.896 E340.44817
G1 X52.539 Y54.734 E340.45454
G1 X52.532 Y45.5 E340.68488
G1 X50.832 Y45.5 E340.72729
G1 X50.829 Y54.734 E340.95763
G1 X50.667 Y54.893 E340.96329
G1 X49.364 Y54.896 E340.99579
G1 X49.167 Y54.734 E341.00216
G1 X49.164 Y45.5 E341.2325
G1 X47.464 Y45.5 E341.27491
G1 X47.461 Y54.734 E341.50525
G1 X47.299 Y54.893 E341.51091
G1 X44.34 Y54.896 E341.58472
G1 X44.213 Y54.852 E341.58808
G1 X44.154 Y54.77 E341.5906
G1 X41.985 Y44.228 E341.85908
G1 X41.101 Y44.228 E341.88113
G1 X43.467 Y55.768 E342.17498
G1 X56.528 Y55.768 E342.50079
G1 X58.898 Y44.228 E342.79467
G1 X58.012 Y44.228 E342.81677
G1 X55.848 Y54.77 E343.08522
G0 F7200 X55.695 Y54.893
G0 X55.691 Y54.893
G1 F1500 E336.58522
G0 F7200 X55.691 Y55.209
G0 X52.298 Y55.137
G0 X51.682 Y46.35
;TYPE:SKIN
G1 F1500 E343.08522
G1 F1313.9 X51.682 Y50.627 E343.23139
G1 F1281.1 X51.682 Y54.904 E343.38129
G1 F1500 E336.88129
G0 F7200 X48.927 Y55.137
G0 X48.314 Y46.35
G1 F1500 E343.38129
G1 F1318.7 X48.313 Y50.628 E343.52695
G1 F1285.7 X48.312 Y54.906 E343.67635
G0 F7200 X48.155 Y54.907
G1 F1500 E337.17635
;MESH:NONMESH
G0 F600 Z8.55
G0 F7200 X48.175 Y54.908
G0 X43.981 Y55.139
G0 X41.632 Y44.661
;TIME_ELAPSED:416.662140
;LAYER:55
;TYPE:WALL-INNER
;MESH:blankkey.stl
G1 F1500 E343.67635
G1 F4042.1 X43.744 Y54.931 E343.98694
G1 F3440.9 X43.888 Y55.252 E343.99918
G1 F3472 X44.34 Y55.332 E344.01501
G1 F4016.7 X47.33 Y55.328 E344.10414
G0 F7200 X48.102 Y55.089
G0 X48.772 Y54.798
G1 F4800 X48.764 Y45.9 E344.32611
G1 X47.824 Y45.9 E344.34955
G1 X47.812 Y54.798 E344.57152
G1 F4343.9 X47.33 Y55.328 E344.59126
G1 X48.292 Y55.368 E344.6178
G1 F4403.7 X49.364 Y55.332 E344.64697
G1 X48.772 Y54.798 E344.66864
G0 F7200 X49.364 Y55.332
G1 F4016.7 X50.742 Y55.328 E344.70972
G0 F7200 X51.515 Y55.089
G0 X52.184 Y54.798
G1 F4800 X52.172 Y45.9 E344.93168
G1 X51.232 Y45.9 E344.95513
G1 X51.224 Y54.798 E345.17709
G1 F4343.9 X50.742 Y55.328 E345.19684
G1 X51.704 Y55.368 E345.22338
G1 F4403.7 X52.776 Y55.332 E345.25254
G1 X52.184 Y54.798 E345.27422
G0 F7200 X52.776 Y55.332
G1 F4016.7 X55.77 Y55.328 E345.36347
G1 F3447 X56.109 Y55.253 E345.37553
G1 F3484.6 X56.255 Y54.93 E345.38771
G1 F4076.4 X58.366 Y44.663 E345.69559
G1 F1500 E339.19559
G0 F7200 X56.151 Y54.833
G0 X55.848 Y54.77
;TYPE:WALL-OUTER
G1 F1500 E345.69559
G1 F2400 X55.695 Y54.893 E345.70049
G1 X52.776 Y54.896 E345.7733
G1 X52.578 Y54.73 E345.77975
G1 X52.572 Y45.5 E346.00999
G1 X50.832 Y45.5 E346.0534
G1 X50.83 Y54.73 E346.28364
G1 X50.667 Y54.893 E346.28939
G1 X49.364 Y54.896 E346.32189
G1 X49.166 Y54.73 E346.32834
G1 X49.164 Y45.5 E346.55858
G1 X47.424 Y45.5 E346.60199
G1 X47.418 Y54.73 E346.83223
G1 X47.255 Y54.893 E346.83798
G1 X44.34 Y54.896 E346.9107
G1 X44.213 Y54.852 E346.91405
G1 X44.154 Y54.77 E346.91657
G1 X41.985 Y44.228 E347.18505
G1 X41.101 Y44.228 E347.2071
G1 X43.467 Y55.768 E347.50095
G1 X56.528 Y55.768 E347.82676
G1 X58.898 Y44.228 E348.12064
G1 X58.012 Y44.228 E348.14274
G1 X55.848 Y54.77 E348.41119
G0 F7200 X55.695 Y54.893
G0 X55.691 Y54.893
G1 F1500 E341.91119
G0 F7200 X55.691 Y55.209
G0 X52.34 Y55.137
G0 X51.702 Y46.37
;TYPE:SKIN
G1 F1500 E348.41119
G1 F1224.5 X51.702 Y50.628 E348.56733
G1 F1200 X51.702 Y54.886 E348.72665
G1 F1500 E342.22665
G0 F7200 X48.927 Y55.137
G0 X48.294 Y46.37
G1 F1500 E348.72665
G1 F1228.7 X48.292 Y50.628 E348.88226
G1 F1200 X48.29 Y54.886 E349.04159
G0 F7200 X48.155 Y54.886
G1 F1500 E342.54159
;MESH:NONMESH
G0 F600 Z8.7
G0 F7200 X43.981 Y55.139
G0 X41.632 Y44.661
;TIME_ELAPSED:424.358197
;LAYER:56
;TYPE:WALL-INNER
;MESH:blankkey.stl
G1 F1500 E349.04159
G1 F4059.2 X42.857 Y50.615 E349.22089
G0 F7200 X43.229 Y51.254
G0 X46.804 Y55.056
G0 X47.232 Y55.056
G1 F4800 X47.112 Y54.696 E349.23036
G1 X47.112 Y50.98 E349.32306
G1 X43.452 Y50.98 E349.41435
G1 F4363.6 X42.857 Y50.615 E349.43351
G1 X43.007 Y51.526 E349.45884
G1 F4800 X43.794 Y55.368 E349.55667
G1 X47.076 Y55.368 E349.63854
G1 F4403.7 X47.712 Y55.332 E349.65586
G1 X47.232 Y55.056 E349.67092
G0 F7200 X47.712 Y55.332
G1 F4016.7 X52.394 Y55.328 E349.81048
G0 F7200 X53.166 Y55.089
G0 X56.691 Y51.466
G0 X56.99 Y51.529
G1 F4383.6 X57.14 Y50.614 E349.83581
G1 X56.544 Y50.981 E349.85493
G1 F4800 X52.884 Y50.98 E349.94623
G1 X52.884 Y54.696 E350.03892
G1 X52.764 Y55.056 E350.04839
G1 F4343.9 X52.394 Y55.328 E350.06105
G1 X52.92 Y55.368 E350.07559
G1 F4800 X56.202 Y55.368 E350.15746
G1 X56.99 Y51.529 E350.25522
G0 F7200 X57.14 Y50.614
G1 F4059.2 X58.366 Y44.663 E350.43445
G1 F1500 E343.93445
G0 F7200 X57.734 Y46.626
G0 X56.68 Y46.41
G0 X53.475 Y45.562
G0 X52.546 Y45.562
;TYPE:WALL-OUTER
G1 F1500 E350.43445
G1 F1821.6 X52.547 Y50.425 E350.59427
G1 F1500 E344.09427
G0 F7200 X52.766 Y50.861
G0 X53.196 Y54.696
G0 X52.484 Y54.696
G1 F1500 E350.59427
G1 F2400 X52.444 Y54.816 E350.59743
G1 X52.319 Y54.893 E350.60109
G1 X47.712 Y54.896 E350.71601
G1 X47.552 Y54.816 E350.72047
G1 X47.512 Y54.696 E350.72363
G1 X47.512 Y50.904 E350.81822
G1 F2073.4 X47.449 Y50.425 E350.83217
G1 X47.188 Y50.58 E350.84093
G1 F2400 X43.452 Y50.58 E350.93413
G1 X43.266 Y50.454 E350.93973
G1 X41.984 Y44.228 E351.0983
G1 X41.102 Y44.228 E351.1203
G1 X43.468 Y55.768 E351.41416
G1 X56.528 Y55.768 E351.73994
G1 X58.898 Y44.228 E352.03381
G1 X58.012 Y44.228 E352.05591
G1 X56.731 Y50.454 E352.21448
G1 X56.544 Y50.581 E352.22011
G1 X52.808 Y50.58 E352.31331
G1 F2064.5 X52.547 Y50.425 E352.32211
G1 X52.484 Y50.904 E352.33612
G1 F2400 X52.484 Y54.696 E352.43071
G0 F7200 X52.444 Y54.816
G0 X52.382 Y54.854
G1 F1500 E345.93071
G0 F7200 X53.196 Y54.854
G0 X47.276 Y55.137
G0 X47.234 Y50.861
G0 X47.449 Y50.425
G1 F1500 E352.43071
G1 F1828.6 X47.45 Y45.562 E352.58993
G1 F1500 E346.08993
G0 F7200 X46.525 Y45.562
G0 X46.537 Y49.728
G0 X47.29 Y50.805
G0 X44.104 Y54.988
;TYPE:SKIN
G1 F1500 E352.58993
G1 F1800 X43.351 Y51.327 E352.68317
G1 X43.456 Y51.36 E352.68591
G1 X46.732 Y51.36 E352.76763
G1 X46.732 Y54.692 E352.85075
G1 X46.819 Y54.988 E352.85845
G1 X44.104 Y54.988 E352.92617
G0 F7200 X44.605 Y54.787
G1 F1800 X44.179 Y54.362 E352.94118
G0 F7200 X44.033 Y53.65
G1 F1800 X45.171 Y54.787 E352.98131
G0 F7200 X45.736 Y54.787
G1 F1800 X43.887 Y52.938 E353.04654
G0 F7200 X43.74 Y52.225
G1 F1800 X46.302 Y54.787 E353.13692
G0 F7200 X46.533 Y54.452
G1 F1800 X43.641 Y51.56 E353.23894
G0 F7200 X44.206 Y51.56
G1 F1800 X46.533 Y53.886 E353.32102
G0 F7200 X46.533 Y53.321
G1 F1800 X44.772 Y51.56 E353.38314
G0 F7200 X45.338 Y51.56
G1 F1800 X46.533 Y52.755 E353.4253
G0 F7200 X46.533 Y52.189
G1 F1800 X45.903 Y51.56 E353.44751
G0 F7200 X46.469 Y51.56
G1 F1800 X46.533 Y51.624 E353.44976
G1 F1500 E346.94976
G0 F7200 X47.276 Y55.137
G0 X52.179 Y55.137
G0 X55.888 Y54.988
G1 F1500 E353.44976
G1 F1800 X53.177 Y54.988 E353.51739
G1 X53.264 Y54.692 E353.52509
G1 X53.265 Y51.361 E353.60818
G1 X56.536 Y51.36 E353.68977
G1 X56.64 Y51.328 E353.69249
G1 X55.888 Y54.988 E353.78569
G0 F7200 X53.464 Y54.596
G1 F1800 X53.656 Y54.787 E353.79245
G0 F7200 X54.222 Y54.787
G1 F1800 X53.464 Y54.03 E353.81917
G0 F7200 X53.464 Y53.464
G1 F1800 X54.787 Y54.787 E353.86584
G0 F7200 X55.353 Y54.787
G1 F1800 X53.464 Y52.899 E353.93247
G0 F7200 X53.464 Y52.333
G1 F1800 X55.758 Y54.627 E354.01339
G0 F7200 X55.854 Y54.157
G1 F1800 X53.464 Y51.767 E354.09771
G0 F7200 X53.824 Y51.562
G1 F1800 X55.951 Y53.688 E354.17273
G0 F7200 X56.047 Y53.219
G1 F1800 X54.39 Y51.562 E354.23118
G0 F7200 X54.956 Y51.562
G1 F1800 X56.144 Y52.749 E354.27307
G0 F7200 X56.24 Y52.281
G1 F1800 X55.521 Y51.562 E354.29844
G0 F7200 X56.087 Y51.562
G1 F1800 X56.337 Y51.811 E354.30724
G0 F7200 X56.315 Y51.806
G1 F1500 E347.80724
;MESH:NONMESH
G0 F600 Z8.85
G0 F7200 X52.724 Y55.137
G0 X47.276 Y55.137
G0 X43.095 Y50.821
G0 X41.632 Y44.661
;TIME_ELAPSED:434.585332
;LAYER:57
;TYPE:WALL-INNER
;MESH:blankkey.stl
G1 F1500 E354.30724
G1 F4059.2 X42.857 Y50.615 E354.48655
G0 F7200 X43.229 Y51.254
G0 X46.804 Y54.696
G0 X47.112 Y54.696
G1 F4800 X47.112 Y50.98 E354.57924
G1 X43.452 Y50.98 E354.67054
G1 F4363.6 X42.857 Y50.615 E354.6897
G1 X43.007 Y51.526 E354.71503
G1 F4800 X43.794 Y55.368 E354.81286
G1 X47.076 Y55.368 E354.89473
G1 F4403.7 X47.712 Y55.332 E354.91205
G1 X47.232 Y55.056 E354.9271
G1 F4800 X47.112 Y54.696 E354.93657
G0 F7200 X47.712 Y55.332
G1 F4016.7 X52.394 Y55.328 E355.07614
G0 F7200 X52.884 Y54.696
G1 F4800 X52.764 Y55.056 E355.0856
G1 F4343.9 X52.394 Y55.328 E355.09826
G1 X52.92 Y55.368 E355.1128
G1 F4800 X56.202 Y55.368 E355.19467
G1 X56.99 Y51.529 E355.29243
G1 F4383.6 X57.14 Y50.614 E355.31776
G1 X56.544 Y50.981 E355.33688
G1 F4800 X52.884 Y50.98 E355.42818
G1 X52.884 Y54.696 E355.52087
G0 F7200 X53.196 Y54.696
G0 X56.771 Y51.254
G0 X57.14 Y50.614
G1 F4059.2 X58.366 Y44.663 E355.7001
G1 F1500 E349.2001
G0 F7200 X57.751 Y46.64
G0 X56.678 Y46.421
G0 X53.497 Y45.574
G0 X52.558 Y45.574
;TYPE:WALL-OUTER
G1 F1500 E355.7001
G1 F1745.5 X52.56 Y50.427 E355.86656
G1 F1500 E349.36656
G0 F7200 X52.766 Y50.861
G0 X53.196 Y54.696
G0 X52.484 Y54.696
G1 F1500 E355.86656
G1 F2400 X52.444 Y54.816 E355.86971
G1 X52.319 Y54.893 E355.87337
G1 X47.712 Y54.896 E355.9883
G1 X47.552 Y54.816 E355.99276
G1 X47.512 Y54.696 E355.99591
G1 X47.512 Y50.924 E356.09001
G1 F2025.3 X47.438 Y50.427 E356.10486
G1 X47.168 Y50.58 E356.11403
G1 F2400 X43.452 Y50.58 E356.20673
G1 X43.266 Y50.454 E356.21233
G1 X41.984 Y44.228 E356.3709
G1 X41.102 Y44.228 E356.3929
G1 X43.468 Y55.768 E356.68676
G1 X56.528 Y55.768 E357.01254
G1 X58.898 Y44.228 E357.30641
G1 X58.012 Y44.228 E357.32851
G1 X56.731 Y50.454 E357.48708
G1 X56.544 Y50.581 E357.49271
G1 X52.832 Y50.58 E357.58531
G1 F2016.8 X52.56 Y50.427 E357.59457
G1 X52.484 Y50.928 E357.60962
G1 F2400 X52.484 Y54.696 E357.70361
G0 F7200 X52.444 Y54.816
G0 X52.382 Y54.854
G1 F1500 E351.20361
G0 F7200 X53.196 Y54.854
G0 X47.276 Y55.137
G0 X47.234 Y50.861
G0 X47.438 Y50.427
G1 F1500 E357.70361
G1 F1758.2 X47.44 Y45.572 E357.86892
G1 F1500 E351.36892
G0 F7200 X46.503 Y45.572
G0 X46.515 Y49.728
G0 X47.29 Y50.805
G0 X44.104 Y54.988
;TYPE:SKIN
G1 F1500 E357.86892
G1 F1800 X43.351 Y51.327 E357.96216
G1 X43.456 Y51.36 E357.9649
G1 X46.732 Y51.36 E358.04662
G1 X46.732 Y54.692 E358.12974
G1 X46.819 Y54.988 E358.13744
G1 X44.104 Y54.988 E358.20516
G0 F7200 X46.532 Y54.726
G1 F1800 X46.47 Y54.788 E358.20735
G0 F7200 X45.904 Y54.788
G1 F1800 X46.532 Y54.16 E358.22951
G0 F7200 X46.532 Y53.594
G1 F1800 X45.338 Y54.788 E358.27163
G0 F7200 X44.773 Y54.788
G1 F1800 X46.532 Y53.029 E358.33368
G0 F7200 X46.532 Y52.463
G1 F1800 X44.257 Y54.738 E358.41394
G0 F7200 X44.161 Y54.268
G1 F1800 X46.532 Y51.897 E358.49758
G0 F7200 X46.303 Y51.56
G1 F1800 X44.064 Y53.8 E358.57658
G0 F7200 X43.968 Y53.33
G1 F1800 X45.738 Y51.56 E358.63903
G0 F7200 X45.172 Y51.56
G1 F1800 X43.872 Y52.86 E358.68489
G0 F7200 X43.775 Y52.392
G1 F1800 X44.606 Y51.56 E358.71422
G0 F7200 X44.041 Y51.56
G1 F1800 X43.679 Y51.922 E358.72699
G1 F1500 E352.22699
G0 F7200 X47.276 Y55.137
G0 X52.179 Y55.137
G0 X55.888 Y54.988
G1 F1500 E358.72699
G1 F1800 X53.177 Y54.988 E358.79462
G1 X53.264 Y54.692 E358.80231
G1 X53.265 Y51.361 E358.88541
G1 X56.536 Y51.36 E358.967
G1 X56.64 Y51.328 E358.96972
G1 X55.888 Y54.988 E359.06292
G0 F7200 X55.521 Y54.788
G1 F1800 X55.777 Y54.531 E359.07197
G0 F7200 X55.924 Y53.819
G1 F1800 X54.955 Y54.788 E359.10615
G0 F7200 X54.389 Y54.788
G1 F1800 X56.069 Y53.108 E359.16542
G0 F7200 X56.216 Y52.396
G1 F1800 X53.824 Y54.788 E359.24981
G0 F7200 X53.465 Y54.581
G1 F1800 X56.362 Y51.684 E359.352
G0 F7200 X55.919 Y51.561
G1 F1800 X53.465 Y54.015 E359.43858
G0 F7200 X53.465 Y53.449
G1 F1800 X55.354 Y51.561 E359.5052
G0 F7200 X54.788 Y51.561
G1 F1800 X53.465 Y52.884 E359.55187
G0 F7200 X53.465 Y52.318
G1 F1800 X54.222 Y51.561 E359.57858
G0 F7200 X53.657 Y51.561
G1 F1800 X53.465 Y51.752 E359.58533
G0 F7200 X53.496 Y51.752
G1 F1500 E353.08533
;MESH:NONMESH
G0 F600 Z9
G0 F7200 X52.724 Y55.137
G0 X47.276 Y55.137
G0 X43.095 Y50.821
G0 X41.632 Y44.661
;TIME_ELAPSED:444.828026
;LAYER:58
;TYPE:WALL-INNER
;MESH:blankkey.stl
G1 F1500 E359.58533
G1 F4059.2 X42.857 Y50.615 E359.76464
G0 F7200 X43.229 Y51.254
G0 X46.804 Y54.696
G0 X47.112 Y54.696
G1 F4800 X47.112 Y50.98 E359.85733
G1 X43.452 Y50.98 E359.94863
G1 F4363.6 X42.857 Y50.615 E359.96779
G1 X43.007 Y51.526 E359.99312
G1 F4800 X43.794 Y55.368 E360.09095
G1 X47.076 Y55.368 E360.17282
G1 F4403.7 X47.712 Y55.332 E360.19014
G1 X47.232 Y55.056 E360.2052
G1 F4800 X47.112 Y54.696 E360.21466
G0 F7200 X47.712 Y55.332
G1 F4016.7 X52.394 Y55.328 E360.35423
G0 F7200 X52.884 Y54.696
G1 F4800 X52.764 Y55.056 E360.3637
G1 F4343.9 X52.394 Y55.328 E360.37635
G1 X52.92 Y55.368 E360.39089
G1 F4800 X56.202 Y55.368 E360.47276
G1 X56.99 Y51.529 E360.57053
G1 F4383.6 X57.14 Y50.614 E360.59585
G1 X56.544 Y50.981 E360.61497
G1 F4800 X52.884 Y50.98 E360.70627
G1 X52.884 Y54.696 E360.79897
G0 F7200 X53.196 Y54.696
G0 X56.771 Y51.254
G0 X57.14 Y50.614
G1 F4059.2 X58.366 Y44.663 E360.97819
G1 F1500 E354.47819
G0 F7200 X57.749 Y46.647
G0 X56.677 Y46.428
G0 X53.514 Y45.582
G0 X52.566 Y45.582
;TYPE:WALL-OUTER
G1 F1500 E360.97819
G1 F1696.1 X52.568 Y50.429 E361.14928
G1 F1500 E354.64928
G0 F7200 X52.766 Y50.861
G0 X53.196 Y54.696
G0 X52.484 Y54.696
G1 F1500 E361.14928
G1 F2400 X52.444 Y54.816 E361.15243
G1 X52.319 Y54.893 E361.1561
G1 X47.712 Y54.896 E361.27102
G1 X47.552 Y54.816 E361.27548
G1 X47.512 Y54.696 E361.27864
G1 X47.512 Y50.94 E361.37233
G1 F1991.7 X47.43 Y50.428 E361.38792
G1 X47.152 Y50.58 E361.39744
G1 F2400 X43.452 Y50.58 E361.48974
G1 X43.266 Y50.454 E361.49534
G1 X41.984 Y44.228 E361.65391
G1 X41.102 Y44.228 E361.67591
G1 X43.468 Y55.768 E361.96976
G1 X56.528 Y55.768 E362.29555
G1 X58.898 Y44.228 E362.58942
G1 X58.012 Y44.228 E362.61152
G1 X56.731 Y50.454 E362.77008
G1 X56.544 Y50.581 E362.77572
G1 X52.848 Y50.58 E362.86792
G1 F1983.5 X52.568 Y50.429 E362.87752
G1 X52.484 Y50.944 E362.89327
G1 F2400 X52.484 Y54.696 E362.98687
G0 F7200 X52.444 Y54.816
G0 X52.382 Y54.854
G1 F1500 E356.48687
G0 F7200 X53.196 Y54.854
G0 X47.276 Y55.137
G0 X47.234 Y50.861
G0 X47.43 Y50.428
G1 F1500 E362.98687
G1 F1702.1 X47.43 Y45.582 E363.15731
G1 F1500 E356.65731
G0 F7200 X46.487 Y45.583
G0 X46.499 Y49.728
G0 X47.29 Y50.805
G0 X44.104 Y54.988
;TYPE:SKIN
G1 F1500 E363.15731
G1 F1800 X43.351 Y51.327 E363.25055
G1 X43.456 Y51.36 E363.25329
G1 X46.732 Y51.36 E363.33501
G1 X46.732 Y54.692 E363.41813
G1 X46.819 Y54.988 E363.42583
G1 X44.104 Y54.988 E363.49355
G0 F7200 X44.605 Y54.787
G1 F1800 X44.179 Y54.362 E363.50856
G0 F7200 X44.033 Y53.65
G1 F1800 X45.171 Y54.787 E363.54869
G0 F7200 X45.736 Y54.787
G1 F1800 X43.887 Y52.938 E363.61392
G0 F7200 X43.74 Y52.225
G1 F1800 X46.302 Y54.787 E363.7043
G0 F7200 X46.533 Y54.452
G1 F1800 X43.641 Y51.56 E363.80632
G0 F7200 X44.206 Y51.56
G1 F1800 X46.533 Y53.886 E363.8884
G0 F7200 X46.533 Y53.321
G1 F1800 X44.772 Y51.56 E363.95052
G0 F7200 X45.338 Y51.56
G1 F1800 X46.533 Y52.755 E363.99268
G0 F7200 X46.533 Y52.189
G1 F1800 X45.903 Y51.56 E364.01489
G0 F7200 X46.469 Y51.56
G1 F1800 X46.533 Y51.624 E364.01714
G1 F1500 E357.51714
G0 F7200 X47.276 Y55.137
G0 X52.179 Y55.137
G0 X55.888 Y54.988
G1 F1500 E364.01714
G1 F1800 X53.177 Y54.988 E364.08477
G1 X53.264 Y54.692 E364.09247
G1 X53.265 Y51.361 E364.17556
G1 X56.536 Y51.36 E364.25715
G1 X56.64 Y51.328 E364.25987
G1 X55.888 Y54.988 E364.35307
G0 F7200 X53.464 Y54.596
G1 F1800 X53.656 Y54.787 E364.35983
G0 F7200 X54.222 Y54.787
G1 F1800 X53.464 Y54.03 E364.38655
G0 F7200 X53.464 Y53.464
G1 F1800 X54.787 Y54.787 E364.43323
G0 F7200 X55.353 Y54.787
G1 F1800 X53.464 Y52.899 E364.49985
G0 F7200 X53.464 Y52.333
G1 F1800 X55.758 Y54.627 E364.58077
G0 F7200 X55.854 Y54.157
G1 F1800 X53.464 Y51.767 E364.66509
G0 F7200 X53.824 Y51.562
G1 F1800 X55.951 Y53.688 E364.74011
G0 F7200 X56.047 Y53.219
G1 F1800 X54.39 Y51.562 E364.79856
G0 F7200 X54.956 Y51.562
G1 F1800 X56.144 Y52.749 E364.84045
G0 F7200 X56.24 Y52.281
G1 F1800 X55.521 Y51.562 E364.86582
G0 F7200 X56.087 Y51.562
G1 F1800 X56.337 Y51.811 E364.87462
G0 F7200 X56.315 Y51.806
G1 F1500 E358.37462
;MESH:NONMESH
G0 F600 Z9.15
G0 F7200 X52.724 Y55.137
G0 X47.276 Y55.137
G0 X43.095 Y50.821
G0 X41.632 Y44.661
;TIME_ELAPSED:455.087343
;LAYER:59
;TYPE:WALL-INNER
;MESH:blankkey.stl
G1 F1500 E364.87462
G1 F4059.2 X42.857 Y50.615 E365.05393
G0 F7200 X43.229 Y51.254
G0 X46.804 Y54.696
G0 X47.112 Y54.696
G1 F4800 X47.112 Y50.98 E365.14662
G1 X43.452 Y50.98 E365.23792
G1 F4363.6 X42.857 Y50.615 E365.25708
G1 X43.007 Y51.526 E365.28241
G1 F4800 X43.794 Y55.368 E365.38024
G1 X47.076 Y55.368 E365.46211
G1 F4403.7 X47.712 Y55.332 E365.47943
G1 X47.232 Y55.056 E365.49449
G1 F4800 X47.112 Y54.696 E365.50395
G0 F7200 X47.712 Y55.332
G1 F4016.7 X52.394 Y55.328 E365.64352
G0 F7200 X52.884 Y54.696
G1 F4800 X52.764 Y55.056 E365.65298
G1 F4343.9 X52.394 Y55.328 E365.66564
G1 X52.92 Y55.368 E365.68018
G1 F4800 X56.202 Y55.368 E365.76205
G1 X56.99 Y51.529 E365.85981
G1 F4383.6 X57.14 Y50.614 E365.88514
G1 X56.544 Y50.981 E365.90426
G1 F4800 X52.884 Y50.98 E365.99556
G1 X52.884 Y54.696 E366.08825
G0 F7200 X53.196 Y54.696
G0 X56.771 Y51.254
G0 X57.14 Y50.614
G1 F4059.2 X58.366 Y44.663 E366.26748
G1 F1500 E359.76748
G0 F7200 X57.749 Y46.65
G0 X56.676 Y46.43
G0 X53.521 Y45.586
G0 X52.57 Y45.586
;TYPE:WALL-OUTER
G1 F1500 E366.26748
G1 F1672.5 X52.572 Y50.429 E366.44084
G1 F1500 E359.94084
G0 F7200 X52.766 Y50.861
G0 X53.196 Y54.696
G0 X52.484 Y54.696
G1 F1500 E366.44084
G1 F2400 X52.444 Y54.816 E366.444
G1 X52.319 Y54.893 E366.44766
G1 X47.712 Y54.896 E366.56258
G1 X47.552 Y54.816 E366.56704
G1 X47.512 Y54.696 E366.5702
G1 X47.512 Y50.948 E366.66369
G1 F1975.3 X47.426 Y50.429 E366.67964
G1 X47.144 Y50.58 E366.68933
G1 F2400 X43.452 Y50.58 E366.78143
G1 X43.266 Y50.454 E366.78704
G1 X41.984 Y44.228 E366.9456
G1 X41.102 Y44.228 E366.9676
G1 X43.468 Y55.768 E367.26146
G1 X56.528 Y55.768 E367.58724
G1 X58.898 Y44.228 E367.88112
G1 X58.012 Y44.228 E367.90322
G1 X56.731 Y50.454 E368.06178
G1 X56.544 Y50.581 E368.06742
G1 X52.856 Y50.58 E368.15941
G1 F1967.2 X52.572 Y50.429 E368.1692
G1 X52.484 Y50.952 E368.18534
G1 F2400 X52.484 Y54.696 E368.27874
G0 F7200 X52.444 Y54.816
G0 X52.382 Y54.854
G1 F1500 E361.77874
G0 F7200 X53.196 Y54.854
G0 X47.276 Y55.137
G0 X47.234 Y50.861
G0 X47.426 Y50.429
G1 F1500 E368.27874
G1 F1684.2 X47.428 Y45.584 E368.45096
G1 F1500 E361.95096
G0 F7200 X46.48 Y45.585
G0 X46.492 Y49.728
G0 X47.29 Y50.805
G0 X44.104 Y54.988
;TYPE:SKIN
G1 F1500 E368.45096
G1 F1800 X43.351 Y51.327 E368.5442
G1 X43.456 Y51.36 E368.54694
G1 X46.732 Y51.36 E368.62866
G1 X46.732 Y54.692 E368.71178
G1 X46.819 Y54.988 E368.71948
G1 X44.104 Y54.988 E368.7872
G0 F7200 X46.532 Y54.726
G1 F1800 X46.47 Y54.788 E368.78939
G0 F7200 X45.904 Y54.788
G1 F1800 X46.532 Y54.16 E368.81154
G0 F7200 X46.532 Y53.594
G1 F1800 X45.338 Y54.788 E368.85367
G0 F7200 X44.773 Y54.788
G1 F1800 X46.532 Y53.029 E368.91572
G0 F7200 X46.532 Y52.463
G1 F1800 X44.257 Y54.738 E368.99598
G0 F7200 X44.161 Y54.268
G1 F1800 X46.532 Y51.897 E369.07962
G0 F7200 X46.303 Y51.56
G1 F1800 X44.064 Y53.8 E369.15862
G0 F7200 X43.968 Y53.33
G1 F1800 X45.738 Y51.56 E369.22107
G0 F7200 X45.172 Y51.56
G1 F1800 X43.872 Y52.86 E369.26693
G0 F7200 X43.775 Y52.392
G1 F1800 X44.606 Y51.56 E369.29626
G0 F7200 X44.041 Y51.56
G1 F1800 X43.679 Y51.922 E369.30903
G1 F1500 E362.80903
G0 F7200 X47.276 Y55.137
G0 X52.179 Y55.137
G0 X55.888 Y54.988
G1 F1500 E369.30903
G1 F1800 X53.177 Y54.988 E369.37666
G1 X53.264 Y54.692 E369.38435
G1 X53.265 Y51.361 E369.46744
G1 X56.536 Y51.36 E369.54904
G1 X56.64 Y51.328 E369.55175
G1 X55.888 Y54.988 E369.64496
G0 F7200 X55.521 Y54.788
G1 F1800 X55.777 Y54.531 E369.65401
G0 F7200 X55.924 Y53.819
G1 F1800 X54.955 Y54.788 E369.68819
G0 F7200 X54.389 Y54.788
G1 F1800 X56.069 Y53.108 E369.74746
G0 F7200 X56.216 Y52.396
G1 F1800 X53.824 Y54.788 E369.83184
G0 F7200 X53.465 Y54.581
G1 F1800 X56.362 Y51.684 E369.93404
G0 F7200 X55.919 Y51.561
G1 F1800 X53.465 Y54.015 E370.02062
G0 F7200 X53.465 Y53.449
G1 F1800 X55.354 Y51.561 E370.08724
G0 F7200 X54.788 Y51.561
G1 F1800 X53.465 Y52.884 E370.13391
G0 F7200 X53.465 Y52.318
G1 F1800 X54.222 Y51.561 E370.16061
G0 F7200 X53.657 Y51.561
G1 F1800 X53.465 Y51.752 E370.16737
G0 F7200 X53.496 Y51.752
G1 F1500 E363.66737
;MESH:NONMESH
G0 F600 Z9.3
G0 F7200 X52.724 Y55.137
G0 X47.276 Y55.137
G0 X43.095 Y50.821
G0 X41.632 Y44.661
;TIME_ELAPSED:465.343456
;LAYER:60
;TYPE:WALL-INNER
;MESH:blankkey.stl
G1 F1500 E370.16737
G1 F4059.2 X42.857 Y50.615 E370.34668
G0 F7200 X43.229 Y51.254
G0 X46.804 Y54.696
G0 X47.112 Y54.696
G1 F4800 X47.112 Y50.98 E370.43937
G1 X43.452 Y50.98 E370.53067
G1 F4363.6 X42.857 Y50.615 E370.54983
G1 X43.007 Y51.526 E370.57516
G1 F4800 X43.794 Y55.368 E370.67299
G1 X47.076 Y55.368 E370.75486
G1 F4403.7 X47.712 Y55.332 E370.77218
G1 X47.232 Y55.056 E370.78724
G1 F4800 X47.112 Y54.696 E370.7967
G0 F7200 X47.712 Y55.332
G1 F4016.7 X52.394 Y55.328 E370.93627
G0 F7200 X52.884 Y54.696
G1 F4800 X52.764 Y55.056 E370.94573
G1 F4343.9 X52.394 Y55.328 E370.95839
G1 X52.92 Y55.368 E370.97293
G1 F4800 X56.202 Y55.368 E371.0548
G1 X56.99 Y51.529 E371.15256
G1 F4383.6 X57.14 Y50.614 E371.17789
G1 X56.544 Y50.981 E371.19701
G1 F4800 X52.884 Y50.98 E371.28831
G1 X52.884 Y54.696 E371.381
G0 F7200 X53.196 Y54.696
G0 X56.771 Y51.254
G0 X57.14 Y50.614
G1 F4059.2 X58.366 Y44.663 E371.56023
G1 F1500 E365.06023
G0 F7200 X57.749 Y46.648
G0 X56.677 Y46.429
G0 X53.52 Y45.584
G0 X52.568 Y45.584
;TYPE:WALL-OUTER
G1 F1500 E371.56023
G1 F1684.2 X52.57 Y50.429 E371.73246
G1 F1500 E365.23246
G0 F7200 X52.766 Y50.861
G0 X53.196 Y54.696
G0 X52.484 Y54.696
G1 F1500 E371.73246
G1 F2400 X52.444 Y54.816 E371.73561
G1 X52.319 Y54.893 E371.73927
G1 X47.712 Y54.896 E371.8542
G1 X47.552 Y54.816 E371.85866
G1 X47.512 Y54.696 E371.86181
G1 X47.512 Y50.948 E371.95531
G1 F1975.3 X47.426 Y50.429 E371.97125
G1 X47.144 Y50.58 E371.98095
G1 F2400 X43.452 Y50.58 E372.07304
G1 X43.266 Y50.454 E372.07865
G1 X41.984 Y44.228 E372.23721
G1 X41.102 Y44.228 E372.25922
G1 X43.468 Y55.768 E372.55307
G1 X56.528 Y55.768 E372.87885
G1 X58.898 Y44.228 E373.17273
G1 X58.012 Y44.228 E373.19483
G1 X56.731 Y50.454 E373.35339
G1 X56.544 Y50.581 E373.35903
G1 X52.852 Y50.58 E373.45113
G1 F1975.3 X52.57 Y50.429 E373.46082
G1 X52.484 Y50.948 E373.47677
G1 F2400 X52.484 Y54.696 E373.57026
G0 F7200 X52.444 Y54.816
G0 X52.382 Y54.854
G1 F1500 E367.07026
G0 F7200 X53.196 Y54.854
G0 X47.276 Y55.137
G0 X47.234 Y50.861
G0 X47.426 Y50.429
G1 F1500 E373.57026
G1 F1684.2 X47.428 Y45.584 E373.74249
G1 F1500 E367.24249
G0 F7200 X46.48 Y45.584
G0 X46.492 Y49.728
G0 X47.29 Y50.805
G0 X44.104 Y54.988
;TYPE:SKIN
G1 F1500 E373.74249
G1 F1800 X43.351 Y51.327 E373.83572
G1 X43.456 Y51.36 E373.83847
G1 X46.732 Y51.36 E373.92019
G1 X46.732 Y54.692 E374.0033
G1 X46.819 Y54.988 E374.011
G1 X44.104 Y54.988 E374.07873
G0 F7200 X44.605 Y54.787
G1 F1800 X44.179 Y54.362 E374.09374
G0 F7200 X44.033 Y53.65
G1 F1800 X45.171 Y54.787 E374.13386
G0 F7200 X45.736 Y54.787
G1 F1800 X43.887 Y52.938 E374.19909
G0 F7200 X43.74 Y52.225
G1 F1800 X46.302 Y54.787 E374.28947
G0 F7200 X46.533 Y54.452
G1 F1800 X43.641 Y51.56 E374.3915
G0 F7200 X44.206 Y51.56
G1 F1800 X46.533 Y53.886 E374.47357
G0 F7200 X46.533 Y53.321
G1 F1800 X44.772 Y51.56 E374.5357
G0 F7200 X45.338 Y51.56
G1 F1800 X46.533 Y52.755 E374.57785
G0 F7200 X46.533 Y52.189
G1 F1800 X45.903 Y51.56 E374.60006
G0 F7200 X46.469 Y51.56
G1 F1800 X46.533 Y51.624 E374.60232
G1 F1500 E368.10232
G0 F7200 X47.276 Y55.137
G0 X52.179 Y55.137
G0 X55.888 Y54.988
G1 F1500 E374.60232
G1 F1800 X53.177 Y54.988 E374.66994
G1 X53.264 Y54.692 E374.67764
G1 X53.265 Y51.361 E374.76073
G1 X56.536 Y51.36 E374.84233
G1 X56.64 Y51.328 E374.84504
G1 X55.888 Y54.988 E374.93825
G0 F7200 X53.464 Y54.596
G1 F1800 X53.656 Y54.787 E374.945
G0 F7200 X54.222 Y54.787
G1 F1800 X53.464 Y54.03 E374.97173
G0 F7200 X53.464 Y53.464
G1 F1800 X54.787 Y54.787 E375.0184
G0 F7200 X55.353 Y54.787
G1 F1800 X53.464 Y52.899 E375.08502
G0 F7200 X53.464 Y52.333
G1 F1800 X55.758 Y54.627 E375.16595
G0 F7200 X55.854 Y54.157
G1 F1800 X53.464 Y51.767 E375.25026
G0 F7200 X53.824 Y51.562
G1 F1800 X55.951 Y53.688 E375.32528
G0 F7200 X56.047 Y53.219
G1 F1800 X54.39 Y51.562 E375.38373
G0 F7200 X54.956 Y51.562
G1 F1800 X56.144 Y52.749 E375.42563
G0 F7200 X56.24 Y52.281
G1 F1800 X55.521 Y51.562 E375.45099
G0 F7200 X56.087 Y51.562
G1 F1800 X56.337 Y51.811 E375.45979
G0 F7200 X56.315 Y51.806
G1 F1500 E368.95979
;MESH:NONMESH
G0 F600 Z9.45
G0 F7200 X52.724 Y55.137
G0 X47.276 Y55.137
G0 X43.095 Y50.821
G0 X41.632 Y44.661
;TIME_ELAPSED:475.605694
;LAYER:61
;TYPE:WALL-INNER
;MESH:blankkey.stl
G1 F1500 E375.45979
G1 F4059.2 X42.857 Y50.615 E375.6391
G0 F7200 X43.229 Y51.254
G0 X46.804 Y54.696
G0 X47.112 Y54.696
G1 F4800 X47.112 Y50.98 E375.7318
G1 X43.452 Y50.98 E375.8231
G1 F4363.6 X42.857 Y50.615 E375.84225
G1 X43.007 Y51.526 E375.86758
G1 F4800 X43.794 Y55.368 E375.96541
G1 X47.076 Y55.368 E376.04728
G1 F4403.7 X47.712 Y55.332 E376.0646
G1 X47.232 Y55.056 E376.07966
G1 F4800 X47.112 Y54.696 E376.08912
G0 F7200 X47.712 Y55.332
G1 F4016.7 X52.394 Y55.328 E376.22869
G0 F7200 X52.884 Y54.696
G1 F4800 X52.764 Y55.056 E376.23816
G1 F4343.9 X52.394 Y55.328 E376.25082
G1 X52.92 Y55.368 E376.26536
G1 F4800 X56.202 Y55.368 E376.34723
G1 X56.99 Y51.529 E376.44499
G1 F4383.6 X57.14 Y50.614 E376.47031
G1 X56.544 Y50.981 E376.48943
G1 F4800 X52.884 Y50.98 E376.58073
G1 X52.884 Y54.696 E376.67343
G0 F7200 X53.196 Y54.696
G0 X56.771 Y51.254
G0 X57.14 Y50.614
G1 F4059.2 X58.366 Y44.663 E376.85265
G1 F1500 E370.35265
G0 F7200 X57.749 Y46.647
G0 X56.677 Y46.428
G0 X53.513 Y45.582
G0 X52.566 Y45.582
;TYPE:WALL-OUTER
G1 F1500 E376.85265
G1 F1705.2 X52.566 Y50.428 E377.0228
G1 F1500 E370.5228
G0 F7200 X52.766 Y50.861
G0 X53.196 Y54.696
G0 X52.484 Y54.696
G1 F1500 E377.0228
G1 F2400 X52.444 Y54.816 E377.02595
G1 X52.319 Y54.893 E377.02962
G1 X47.712 Y54.896 E377.14454
G1 X47.552 Y54.816 E377.149
G1 X47.512 Y54.696 E377.15216
G1 X47.512 Y50.94 E377.24585
G1 F1991.7 X47.43 Y50.428 E377.26144
G1 X47.152 Y50.58 E377.27096
G1 F2400 X43.452 Y50.58 E377.36326
G1 X43.266 Y50.454 E377.36886
G1 X41.984 Y44.228 E377.52743
G1 X41.102 Y44.228 E377.54943
G1 X43.468 Y55.768 E377.84328
G1 X56.528 Y55.768 E378.16907
G1 X58.898 Y44.228 E378.46294
G1 X58.012 Y44.228 E378.48504
G1 X56.731 Y50.454 E378.6436
G1 X56.544 Y50.581 E378.64924
G1 X52.844 Y50.58 E378.74154
G1 F1991.7 X52.566 Y50.428 E378.75106
G1 X52.484 Y50.94 E378.76665
G1 F2400 X52.484 Y54.696 E378.86034
G0 F7200 X52.444 Y54.816
G0 X52.382 Y54.854
G1 F1500 E372.36034
G0 F7200 X53.196 Y54.854
G0 X47.276 Y55.137
G0 X47.234 Y50.861
G0 X47.43 Y50.428
G1 F1500 E378.86034
G1 F1708.2 X47.432 Y45.58 E379.03026
G1 F1500 E372.53026
G0 F7200 X46.487 Y45.58
G0 X46.499 Y49.728
G0 X47.29 Y50.805
G0 X44.104 Y54.988
;TYPE:SKIN
G1 F1500 E379.03026
G1 F1800 X43.351 Y51.327 E379.12349
G1 X43.456 Y51.36 E379.12624
G1 X46.732 Y51.36 E379.20796
G1 X46.732 Y54.692 E379.29107
G1 X46.819 Y54.988 E379.29877
G1 X44.104 Y54.988 E379.3665
G0 F7200 X46.532 Y54.726
G1 F1800 X46.47 Y54.788 E379.36868
G0 F7200 X45.904 Y54.788
G1 F1800 X46.532 Y54.16 E379.39084
G0 F7200 X46.532 Y53.594
G1 F1800 X45.338 Y54.788 E379.43296
G0 F7200 X44.773 Y54.788
G1 F1800 X46.532 Y53.029 E379.49501
G0 F7200 X46.532 Y52.463
G1 F1800 X44.257 Y54.738 E379.57527
G0 F7200 X44.161 Y54.268
G1 F1800 X46.532 Y51.897 E379.65891
G0 F7200 X46.303 Y51.56
G1 F1800 X44.064 Y53.8 E379.73792
G0 F7200 X43.968 Y53.33
G1 F1800 X45.738 Y51.56 E379.80036
G0 F7200 X45.172 Y51.56
G1 F1800 X43.872 Y52.86 E379.84622
G0 F7200 X43.775 Y52.392
G1 F1800 X44.606 Y51.56 E379.87555
G0 F7200 X44.041 Y51.56
G1 F1800 X43.679 Y51.922 E379.88832
G1 F1500 E373.38832
G0 F7200 X47.276 Y55.137
G0 X52.179 Y55.137
G0 X55.888 Y54.988
G1 F1500 E379.88832
G1 F1800 X53.177 Y54.988 E379.95595
G1 X53.264 Y54.692 E379.96365
G1 X53.265 Y51.361 E380.04674
G1 X56.536 Y51.36 E380.12833
G1 X56.64 Y51.328 E380.13105
G1 X55.888 Y54.988 E380.22425
G0 F7200 X55.521 Y54.788
G1 F1800 X55.777 Y54.531 E380.2333
G0 F7200 X55.924 Y53.819
G1 F1800 X54.955 Y54.788 E380.26749
G0 F7200 X54.389 Y54.788
G1 F1800 X56.069 Y53.108 E380.32675
G0 F7200 X56.216 Y52.396
G1 F1800 X53.824 Y54.788 E380.41114
G0 F7200 X53.465 Y54.581
G1 F1800 X56.362 Y51.684 E380.51334
G0 F7200 X55.919 Y51.561
G1 F1800 X53.465 Y54.015 E380.59991
G0 F7200 X53.465 Y53.449
G1 F1800 X55.354 Y51.561 E380.66653
G0 F7200 X54.788 Y51.561
G1 F1800 X53.465 Y52.884 E380.7132
G0 F7200 X53.465 Y52.318
G1 F1800 X54.222 Y51.561 E380.73991
G0 F7200 X53.657 Y51.561
G1 F1800 X53.465 Y51.752 E380.74666
G0 F7200 X53.496 Y51.752
G1 F1500 E374.24666
;MESH:NONMESH
G0 F600 Z9.6
G0 F7200 X52.724 Y55.137
G0 X47.276 Y55.137
G0 X43.095 Y50.821
G0 X41.632 Y44.661
;TIME_ELAPSED:485.856527
;LAYER:62
;TYPE:WALL-INNER
;MESH:blankkey.stl
G1 F1500 E380.74666
G1 F4059.2 X42.857 Y50.615 E380.92597
G0 F7200 X43.229 Y51.254
G0 X46.804 Y54.696
G0 X47.112 Y54.696
G1 F4800 X47.112 Y50.98 E381.01867
G1 X43.452 Y50.98 E381.10997
G1 F4363.6 X42.857 Y50.615 E381.12912
G1 X43.007 Y51.526 E381.15445
G1 F4800 X43.794 Y55.368 E381.25228
G1 X47.076 Y55.368 E381.33415
G1 F4403.7 X47.712 Y55.332 E381.35147
G1 X47.232 Y55.056 E381.36653
G1 F4800 X47.112 Y54.696 E381.37599
G0 F7200 X47.712 Y55.332
G1 F4016.7 X52.394 Y55.328 E381.51556
G0 F7200 X52.884 Y54.696
G1 F4800 X52.764 Y55.056 E381.52503
G1 F4343.9 X52.394 Y55.328 E381.53769
G1 X52.92 Y55.368 E381.55223
G1 F4800 X56.202 Y55.368 E381.6341
G1 X56.99 Y51.529 E381.73186
G1 F4383.6 X57.14 Y50.614 E381.75718
G1 X56.544 Y50.981 E381.7763
G1 F4800 X52.884 Y50.98 E381.8676
G1 X52.884 Y54.696 E381.9603
G0 F7200 X53.196 Y54.696
G0 X56.771 Y51.254
G0 X57.14 Y50.614
G1 F4059.2 X58.366 Y44.663 E382.13952
G1 F1500 E375.63952
G0 F7200 X57.751 Y46.639
G0 X56.679 Y46.42
G0 X53.495 Y45.572
G0 X52.556 Y45.572
;TYPE:WALL-OUTER
G1 F1500 E382.13952
G1 F1758.2 X52.558 Y50.427 E382.30484
G1 F1500 E375.80484
G0 F7200 X52.766 Y50.861
G0 X53.196 Y54.696
G0 X52.484 Y54.696
G1 F1500 E382.30484
G1 F2400 X52.444 Y54.816 E382.30799
G1 X52.319 Y54.893 E382.31166
G1 X47.712 Y54.896 E382.42658
G1 X47.552 Y54.816 E382.43104
G1 X47.512 Y54.696 E382.4342
G1 X47.512 Y50.924 E382.52829
G1 F2025.3 X47.438 Y50.427 E382.54314
G1 X47.168 Y50.58 E382.55231
G1 F2400 X43.452 Y50.58 E382.64501
G1 X43.266 Y50.454 E382.65062
G1 X41.984 Y44.228 E382.80918
G1 X41.102 Y44.228 E382.83118
G1 X43.468 Y55.768 E383.12504
G1 X56.528 Y55.768 E383.45082
G1 X58.898 Y44.228 E383.7447
G1 X58.012 Y44.228 E383.7668
G1 X56.731 Y50.454 E383.92536
G1 X56.544 Y50.581 E383.931
G1 X52.828 Y50.58 E384.02369
G1 F2025.3 X52.558 Y50.427 E384.03287
G1 X52.484 Y50.924 E384.04772
G1 F2400 X52.484 Y54.696 E384.14181
G0 F7200 X52.444 Y54.816
G0 X52.382 Y54.854
G1 F1500 E377.64181
G0 F7200 X53.196 Y54.854
G0 X47.276 Y55.137
G0 X47.234 Y50.861
G0 X47.438 Y50.427
G1 F1500 E384.14181
G1 F1758.2 X47.44 Y45.572 E384.30713
G1 F1500 E377.80713
G0 F7200 X46.505 Y45.572
G0 X46.517 Y49.728
G0 X47.29 Y50.805
G0 X44.104 Y54.988
;TYPE:SKIN
G1 F1500 E384.30713
G1 F1800 X43.351 Y51.327 E384.40036
G1 X43.456 Y51.36 E384.40311
G1 X46.732 Y51.36 E384.48483
G1 X46.732 Y54.692 E384.56794
G1 X46.819 Y54.988 E384.57564
G1 X44.104 Y54.988 E384.64337
G0 F7200 X44.605 Y54.787
G1 F1800 X44.179 Y54.362 E384.65838
G0 F7200 X44.033 Y53.65
G1 F1800 X45.171 Y54.787 E384.69851
G0 F7200 X45.736 Y54.787
G1 F1800 X43.887 Y52.938 E384.76373
G0 F7200 X43.74 Y52.225
G1 F1800 X46.302 Y54.787 E384.85412
G0 F7200 X46.533 Y54.452
G1 F1800 X43.641 Y51.56 E384.95614
G0 F7200 X44.206 Y51.56
G1 F1800 X46.533 Y53.886 E385.03821
G0 F7200 X46.533 Y53.321
G1 F1800 X44.772 Y51.56 E385.10034
G0 F7200 X45.338 Y51.56
G1 F1800 X46.533 Y52.755 E385.14249
G0 F7200 X46.533 Y52.189
G1 F1800 X45.903 Y51.56 E385.1647
G0 F7200 X46.469 Y51.56
G1 F1800 X46.533 Y51.624 E385.16696
G1 F1500 E378.66696
G0 F7200 X47.276 Y55.137
G0 X52.179 Y55.137
G0 X55.888 Y54.988
G1 F1500 E385.16696
G1 F1800 X53.177 Y54.988 E385.23458
G1 X53.264 Y54.692 E385.24228
G1 X53.265 Y51.361 E385.32537
G1 X56.536 Y51.36 E385.40697
G1 X56.64 Y51.328 E385.40968
G1 X55.888 Y54.988 E385.50289
G0 F7200 X53.464 Y54.596
G1 F1800 X53.656 Y54.787 E385.50964
G0 F7200 X54.222 Y54.787
G1 F1800 X53.464 Y54.03 E385.53637
G0 F7200 X53.464 Y53.464
G1 F1800 X54.787 Y54.787 E385.58304
G0 F7200 X55.353 Y54.787
G1 F1800 X53.464 Y52.899 E385.64966
G0 F7200 X53.464 Y52.333
G1 F1800 X55.758 Y54.627 E385.73059
G0 F7200 X55.854 Y54.157
G1 F1800 X53.464 Y51.767 E385.8149
G0 F7200 X53.824 Y51.562
G1 F1800 X55.951 Y53.688 E385.88992
G0 F7200 X56.047 Y53.219
G1 F1800 X54.39 Y51.562 E385.94838
G0 F7200 X54.956 Y51.562
G1 F1800 X56.144 Y52.749 E385.99027
G0 F7200 X56.24 Y52.281
G1 F1800 X55.521 Y51.562 E386.01563
G0 F7200 X56.087 Y51.562
G1 F1800 X56.337 Y51.811 E386.02443
G0 F7200 X56.315 Y51.806
G1 F1500 E379.52443
;MESH:NONMESH
G0 F600 Z9.75
G0 F7200 X52.724 Y55.137
G0 X47.276 Y55.137
G0 X43.095 Y50.821
G0 X41.632 Y44.661
;TIME_ELAPSED:496.105282
;LAYER:63
;TYPE:WALL-INNER
;MESH:blankkey.stl
G1 F1500 E386.02443
G1 F4059.2 X42.857 Y50.615 E386.20374
G0 F7200 X43.229 Y51.254
G0 X46.804 Y54.696
G0 X47.112 Y54.696
G1 F4800 X47.112 Y50.98 E386.29644
G1 X43.452 Y50.98 E386.38774
G1 F4363.6 X42.857 Y50.615 E386.40689
G1 X43.007 Y51.526 E386.43222
G1 F4800 X43.794 Y55.368 E386.53005
G1 X47.076 Y55.368 E386.61192
G1 F4403.7 X47.712 Y55.332 E386.62924
G1 X47.232 Y55.056 E386.6443
G1 F4800 X47.112 Y54.696 E386.65376
G0 F7200 X47.712 Y55.332
G1 F4016.7 X52.394 Y55.328 E386.79333
G0 F7200 X52.884 Y54.696
G1 F4800 X52.764 Y55.056 E386.8028
G1 F4343.9 X52.394 Y55.328 E386.81546
G1 X52.92 Y55.368 E386.83
G1 F4800 X56.202 Y55.368 E386.91187
G1 X56.99 Y51.529 E387.00963
G1 F4383.6 X57.14 Y50.614 E387.03495
G1 X56.544 Y50.981 E387.05407
G1 F4800 X52.884 Y50.98 E387.14537
G1 X52.884 Y54.696 E387.23807
G0 F7200 X53.196 Y54.696
G0 X56.771 Y51.254
G0 X57.14 Y50.614
G1 F4059.2 X58.366 Y44.663 E387.41729
G1 F1500 E380.91729
G0 F7200 X57.753 Y46.63
G0 X56.68 Y46.411
G0 X53.472 Y45.56
G0 X52.544 Y45.56
;TYPE:WALL-OUTER
G1 F1500 E387.41729
G1 F1835.6 X52.545 Y50.425 E387.57597
G1 F1500 E381.07597
G0 F7200 X52.766 Y50.861
G0 X53.196 Y54.696
G0 X52.484 Y54.696
G1 F1500 E387.57597
G1 F2400 X52.444 Y54.816 E387.57913
G1 X52.319 Y54.893 E387.58279
G1 X47.712 Y54.896 E387.69771
G1 X47.552 Y54.816 E387.70217
G1 X47.512 Y54.696 E387.70533
G1 X47.512 Y50.9 E387.80002
G1 F2082.4 X47.451 Y50.425 E387.81379
G1 X47.192 Y50.58 E387.82246
G1 F2400 X43.452 Y50.58 E387.91576
G1 X43.266 Y50.454 E387.92136
G1 X41.984 Y44.228 E388.07993
G1 X41.102 Y44.228 E388.10193
G1 X43.468 Y55.768 E388.39579
G1 X56.528 Y55.768 E388.72157
G1 X58.898 Y44.228 E389.01544
G1 X58.012 Y44.228 E389.03755
G1 X56.731 Y50.454 E389.19611
G1 X56.544 Y50.581 E389.20175
G1 X52.804 Y50.58 E389.29504
G1 F2073.4 X52.545 Y50.425 E389.30376
G1 X52.484 Y50.9 E389.31758
G1 F2400 X52.484 Y54.696 E389.41227
G0 F7200 X52.444 Y54.816
G0 X52.382 Y54.854
G1 F1500 E382.91227
G0 F7200 X53.196 Y54.854
G0 X47.276 Y55.137
G0 X47.234 Y50.861
G0 X47.451 Y50.425
G1 F1500 E389.41227
G1 F1842.6 X47.452 Y45.56 E389.57034
G1 F1500 E383.07034
G0 F7200 X46.528 Y45.56
G0 X46.54 Y49.728
G0 X47.29 Y50.805
G0 X44.104 Y54.988
;TYPE:SKIN
G1 F1500 E389.57034
G1 F1800 X43.351 Y51.327 E389.66358
G1 X43.456 Y51.36 E389.66632
G1 X46.732 Y51.36 E389.74804
G1 X46.732 Y54.692 E389.83116
G1 X46.819 Y54.988 E389.83886
G1 X44.104 Y54.988 E389.90658
G0 F7200 X46.532 Y54.726
G1 F1800 X46.47 Y54.788 E389.90877
G0 F7200 X45.904 Y54.788
G1 F1800 X46.532 Y54.16 E389.93093
G0 F7200 X46.532 Y53.594
G1 F1800 X45.338 Y54.788 E389.97305
G0 F7200 X44.773 Y54.788
G1 F1800 X46.532 Y53.029 E390.0351
G0 F7200 X46.532 Y52.463
G1 F1800 X44.257 Y54.738 E390.11536
G0 F7200 X44.161 Y54.268
G1 F1800 X46.532 Y51.897 E390.199
G0 F7200 X46.303 Y51.56
G1 F1800 X44.064 Y53.8 E390.27801
G0 F7200 X43.968 Y53.33
G1 F1800 X45.738 Y51.56 E390.34045
G0 F7200 X45.172 Y51.56
G1 F1800 X43.872 Y52.86 E390.38631
G0 F7200 X43.775 Y52.392
G1 F1800 X44.606 Y51.56 E390.41564
G0 F7200 X44.041 Y51.56
G1 F1800 X43.679 Y51.922 E390.42841
G1 F1500 E383.92841
G0 F7200 X47.276 Y55.137
G0 X52.179 Y55.137
G0 X55.888 Y54.988
G1 F1500 E390.42841
G1 F1800 X53.177 Y54.988 E390.49604
G1 X53.264 Y54.692 E390.50373
G1 X53.265 Y51.361 E390.58683
G1 X56.536 Y51.36 E390.66842
G1 X56.64 Y51.328 E390.67114
G1 X55.888 Y54.988 E390.76434
G0 F7200 X55.521 Y54.788
G1 F1800 X55.777 Y54.531 E390.77339
G0 F7200 X55.924 Y53.819
G1 F1800 X54.955 Y54.788 E390.80757
G0 F7200 X54.389 Y54.788
G1 F1800 X56.069 Y53.108 E390.86684
G0 F7200 X56.216 Y52.396
G1 F1800 X53.824 Y54.788 E390.95123
G0 F7200 X53.465 Y54.581
G1 F1800 X56.362 Y51.684 E391.05343
G0 F7200 X55.919 Y51.561
G1 F1800 X53.465 Y54.015 E391.14
G0 F7200 X53.465 Y53.449
G1 F1800 X55.354 Y51.561 E391.20662
G0 F7200 X54.788 Y51.561
G1 F1800 X53.465 Y52.884 E391.25329
G0 F7200 X53.465 Y52.318
G1 F1800 X54.222 Y51.561 E391.28
G0 F7200 X53.657 Y51.561
G1 F1800 X53.465 Y51.752 E391.28675
G0 F7200 X53.496 Y51.752
G1 F1500 E384.78675
;MESH:NONMESH
G0 F600 Z9.9
G0 F7200 X52.724 Y55.137
G0 X47.276 Y55.137
G0 X43.095 Y50.821
G0 X41.632 Y44.661
;TIME_ELAPSED:506.333722
;LAYER:64
;TYPE:WALL-INNER
;MESH:blankkey.stl
G1 F1500 E391.28675
G1 F4042.1 X43.744 Y54.931 E391.59734
G1 F3440.9 X43.888 Y55.252 E391.60958
G1 F3472 X44.34 Y55.332 E391.62541
G1 F4016.7 X47.334 Y55.328 E391.71466
G0 F7200 X48.106 Y55.089
G0 X48.772 Y54.799
G1 F4800 X48.764 Y45.9 E391.93665
G1 X47.828 Y45.9 E391.96
G1 X47.816 Y54.799 E392.18198
G1 F4343.9 X47.334 Y55.328 E392.20171
G1 X48.294 Y55.368 E392.22819
G1 F4403.7 X49.364 Y55.332 E392.2573
G1 X48.772 Y54.799 E392.27896
G0 F7200 X49.364 Y55.332
G1 F4016.7 X50.742 Y55.328 E392.32004
G0 F7200 X51.515 Y55.089
G0 X52.18 Y54.799
G1 F4800 X52.172 Y45.9 E392.54203
G1 X51.232 Y45.9 E392.56548
G1 X51.224 Y54.799 E392.78746
G1 F4343.9 X50.742 Y55.328 E392.80719
G1 X51.702 Y55.368 E392.83367
G1 F4403.7 X52.772 Y55.332 E392.86278
G1 X52.18 Y54.799 E392.88444
G0 F7200 X52.772 Y55.332
G1 F4016.7 X55.77 Y55.328 E392.97381
G1 F3447 X56.109 Y55.253 E392.98587
G1 F3484.6 X56.255 Y54.93 E392.99805
G1 F4076.4 X58.366 Y44.663 E393.30593
G1 F1500 E386.80593
G0 F7200 X56.151 Y54.833
G0 X55.848 Y54.77
;TYPE:WALL-OUTER
G1 F1500 E393.30593
G1 F2400 X55.695 Y54.893 E393.31083
G1 X52.772 Y54.896 E393.38374
G1 X52.574 Y54.731 E393.39017
G1 X52.572 Y45.5 E393.62044
G1 X50.832 Y45.5 E393.66385
G1 X50.83 Y54.731 E393.89411
G1 X50.667 Y54.893 E393.89985
G1 X49.364 Y54.896 E393.93235
G1 X49.166 Y54.731 E393.93878
G1 X49.164 Y45.5 E394.16905
G1 X47.428 Y45.5 E394.21235
G1 X47.422 Y54.731 E394.44262
G1 X47.259 Y54.893 E394.44835
G1 X44.34 Y54.896 E394.52117
G1 X44.213 Y54.852 E394.52452
G1 X44.154 Y54.77 E394.52704
G1 X41.985 Y44.228 E394.79552
G1 X41.101 Y44.228 E394.81757
G1 X43.467 Y55.768 E395.11143
G1 X56.528 Y55.768 E395.43723
G1 X58.898 Y44.228 E395.73111
G1 X58.012 Y44.228 E395.75321
G1 X55.848 Y54.77 E396.02167
G0 F7200 X55.695 Y54.893
G0 X55.691 Y54.893
G1 F1500 E389.52167
G0 F7200 X55.691 Y55.209
G0 X52.336 Y55.137
G0 X51.702 Y46.37
;TYPE:SKIN
G1 F1500 E396.02167
G1 F1218.3 X51.7 Y54.887 E396.33557
G1 F1500 E389.83557
G0 F7200 X48.927 Y55.137
G0 X48.296 Y46.368
G1 F1500 E396.33557
G1 F1237.1 X48.294 Y50.628 E396.49019
G1 F1208.1 X48.292 Y54.888 E396.64852
G0 F7200 X48.155 Y54.888
G1 F1500 E390.14852
;MESH:NONMESH
G0 F600 Z10.05
G0 F7200 X43.981 Y55.139
G0 X41.632 Y44.661
;TIME_ELAPSED:514.025160
;LAYER:65
;TYPE:WALL-INNER
;MESH:blankkey.stl
G1 F1500 E396.64852
G1 F4042.1 X43.744 Y54.931 E396.95911
G1 F3440.9 X43.888 Y55.252 E396.97136
G1 F3472 X44.34 Y55.332 E396.98719
G1 F4016.7 X47.378 Y55.328 E397.07775
G0 F7200 X48.149 Y55.089
G0 X48.766 Y54.803
G1 F4800 X48.764 Y45.9 E397.29983
G1 X47.868 Y45.9 E397.32218
G1 X47.866 Y54.801 E397.54422
G1 F4343.9 X47.378 Y55.328 E397.56402
G1 X48.316 Y55.368 E397.5899
G1 F4403.7 X49.364 Y55.332 E397.61841
G1 X48.766 Y54.803 E397.64012
G0 F7200 X49.364 Y55.332
G1 F4016.7 X50.742 Y55.328 E397.68119
G0 F7200 X51.515 Y55.089
G0 X52.13 Y54.803
G1 F4800 X52.128 Y45.9 E397.90328
G1 X51.232 Y45.9 E397.92563
G1 X51.23 Y54.801 E398.14767
G1 F4343.9 X50.742 Y55.328 E398.16747
G1 X51.68 Y55.368 E398.19334
G1 F4403.7 X52.728 Y55.332 E398.22186
G1 X52.13 Y54.803 E398.24357
G0 F7200 X52.728 Y55.332
G1 F4016.7 X55.77 Y55.328 E398.33425
G1 F3447 X56.109 Y55.253 E398.34631
G1 F3484.6 X56.255 Y54.93 E398.35849
G1 F4076.4 X58.366 Y44.663 E398.66637
G1 F1500 E392.16637
G0 F7200 X56.151 Y54.833
G0 X55.848 Y54.77
;TYPE:WALL-OUTER
G1 F1500 E398.66637
G1 F2400 X55.695 Y54.893 E398.67126
G1 X52.728 Y54.896 E398.74528
G1 X52.531 Y54.735 E398.75162
G1 X52.528 Y45.5 E398.98199
G1 X50.832 Y45.5 E399.0243
G1 X50.829 Y54.735 E399.25466
G1 X50.667 Y54.893 E399.26031
G1 X49.364 Y54.896 E399.29281
G1 X49.167 Y54.735 E399.29916
G1 X49.164 Y45.5 E399.52953
G1 X47.468 Y45.5 E399.57183
G1 X47.465 Y54.735 E399.8022
G1 X47.303 Y54.893 E399.80785
G1 X44.34 Y54.896 E399.88176
G1 X44.213 Y54.852 E399.88511
G1 X44.154 Y54.77 E399.88763
G1 X41.985 Y44.228 E400.15611
G1 X41.101 Y44.228 E400.17816
G1 X43.467 Y55.768 E400.47202
G1 X56.528 Y55.768 E400.79783
G1 X58.898 Y44.228 E401.0917
G1 X58.012 Y44.228 E401.1138
G1 X55.848 Y54.77 E401.38226
G0 F7200 X55.695 Y54.893
G0 X55.691 Y54.893
G1 F1500 E394.88226
G0 F7200 X55.691 Y55.209
G0 X52.292 Y55.137
G0 X51.68 Y46.348
;TYPE:SKIN
G1 F1500 E401.38226
G1 F1328.4 X51.679 Y50.628 E401.52692
G1 F1295 X51.678 Y54.908 E401.67533
G1 F1500 E395.17533
G0 F7200 X48.927 Y55.137
G0 X48.316 Y46.348
G1 F1500 E401.67533
G1 F1328.4 X48.315 Y50.628 E401.81999
G1 F1295 X48.314 Y54.908 E401.9684
G0 F7200 X48.155 Y54.908
G1 F1500 E395.4684
;MESH:NONMESH
G0 F600 Z10.2
G0 F7200 X48.179 Y54.908
G0 X43.981 Y55.139
G0 X41.632 Y44.661
;TIME_ELAPSED:521.663353
;LAYER:66
;TYPE:WALL-INNER
;MESH:blankkey.stl
G1 F1500 E401.9684
G1 F4042.1 X43.744 Y54.931 E402.27898
G1 F3440.9 X43.888 Y55.252 E402.29123
G1 F3472 X44.34 Y55.332 E402.30706
G1 F4016.7 X47.426 Y55.328 E402.39905
G0 F7200 X48.196 Y55.089
G0 X48.766 Y54.816
G1 F4800 X48.764 Y45.9 E402.62146
G1 X47.916 Y45.9 E402.64261
G1 X47.914 Y54.813 E402.86495
G1 F4343.9 X47.426 Y55.328 E402.88451
G1 X48.34 Y55.368 E402.90972
G1 F4403.7 X49.364 Y55.332 E402.93758
G1 X48.766 Y54.816 E402.95906
G0 F7200 X49.364 Y55.332
G1 F4016.7 X50.742 Y55.328 E403.00014
G0 F7200 X51.515 Y55.089
G0 X52.082 Y54.816
G1 F4800 X52.08 Y45.9 E403.22255
G1 X51.232 Y45.9 E403.2437
G1 X51.23 Y54.813 E403.46604
G1 F4343.9 X50.742 Y55.328 E403.48559
G1 X51.656 Y55.368 E403.51081
G1 F4403.7 X52.68 Y55.332 E403.53867
G1 X52.082 Y54.816 E403.56015
G0 F7200 X52.68 Y55.332
G1 F4016.7 X55.77 Y55.328 E403.65226
G1 F3447 X56.109 Y55.253 E403.66432
G1 F3484.6 X56.255 Y54.93 E403.6765
G1 F4076.4 X58.366 Y44.663 E403.98438
G1 F1500 E397.48438
G0 F7200 X56.151 Y54.833
G0 X55.848 Y54.77
;TYPE:WALL-OUTER
G1 F1500 E403.98438
G1 F2400 X55.695 Y54.893 E403.98927
G1 X52.68 Y54.896 E404.06448
G1 X52.484 Y54.739 E404.07075
G1 X52.48 Y45.5 E404.30122
G1 X50.832 Y45.5 E404.34233
G1 X50.828 Y54.739 E404.57279
G1 X50.667 Y54.893 E404.57835
G1 X49.364 Y54.896 E404.61085
G1 X49.168 Y54.739 E404.61712
G1 X49.164 Y45.5 E404.84759
G1 X47.516 Y45.5 E404.8887
G1 X47.512 Y54.739 E405.11916
G1 X47.351 Y54.893 E405.12472
G1 X44.34 Y54.896 E405.19983
G1 X44.213 Y54.852 E405.20318
G1 X44.154 Y54.77 E405.2057
G1 X41.985 Y44.228 E405.47418
G1 X41.101 Y44.228 E405.49624
G1 X43.467 Y55.768 E405.79009
G1 X56.528 Y55.768 E406.1159
G1 X58.898 Y44.228 E406.40977
G1 X58.012 Y44.228 E406.43187
G1 X55.848 Y54.77 E406.70033
G0 F7200 X55.695 Y54.893
G0 X55.691 Y54.893
G1 F1500 E400.20033
G0 F7200 X55.691 Y55.209
G0 X52.245 Y55.137
G0 X51.656 Y46.324
;TYPE:SKIN
G1 F1500 E406.70033
G1 F1451.6 X51.655 Y50.626 E406.8334
G1 F1406.2 X51.654 Y54.928 E406.97076
G1 F1500 E400.47076
G0 F7200 X48.927 Y55.137
G0 X48.34 Y46.324
G1 F1500 E406.97076
G1 F1451.6 X48.339 Y50.626 E407.10383
G1 F1406.2 X48.338 Y54.928 E407.24119
G0 F7200 X48.155 Y54.928
G1 F1500 E400.74119
;MESH:NONMESH
G0 F600 Z10.35
G0 F7200 X48.226 Y54.928
G0 X43.981 Y55.139
G0 X41.632 Y44.661
;TIME_ELAPSED:529.243367
;LAYER:67
;TYPE:WALL-INNER
;MESH:blankkey.stl
G1 F1500 E407.24119
G1 F4042.1 X43.744 Y54.931 E407.55178
G1 F3440.9 X43.888 Y55.252 E407.56402
G1 F3472 X44.34 Y55.332 E407.57985
G1 F4016.7 X47.486 Y55.328 E407.67363
G0 F7200 X48.258 Y55.089
G0 X48.672 Y54.869
G1 F3116.9 X48.67 Y50.433 E407.84404
G1 F3189.4 X48.667 Y45.997 E408.01058
G1 F3232.3 X48.073 Y45.997 E408.03258
G1 F3189.4 X48.07 Y50.433 E408.19912
G1 F3116.9 X48.068 Y54.869 E408.36953
G1 F3465.7 X47.486 Y55.328 E408.39514
G1 X48.37 Y55.256 E408.42578
G1 F3503.6 X49.364 Y55.332 E408.45985
G1 X48.672 Y54.869 E408.48831
G0 F7200 X49.364 Y55.332
G1 F4016.7 X50.742 Y55.328 E408.52938
G0 F7200 X51.515 Y55.089
G0 X51.928 Y54.869
G1 F3116.9 X51.926 Y50.433 E408.6998
G1 F3189.4 X51.923 Y45.997 E408.86633
G1 F3232.3 X51.329 Y45.997 E408.88834
G1 F3189.4 X51.326 Y50.433 E409.05488
G1 F3116.9 X51.324 Y54.869 E409.22529
G1 F3465.7 X50.742 Y55.328 E409.25089
G1 X51.626 Y55.256 E409.28154
G1 F3503.6 X52.62 Y55.332 E409.31561
G1 X51.928 Y54.869 E409.34406
G0 F7200 X52.62 Y55.332
G1 F4016.7 X55.77 Y55.328 E409.43796
G1 F3447 X56.109 Y55.253 E409.45002
G1 F3484.6 X56.255 Y54.93 E409.4622
G1 F4076.4 X58.366 Y44.663 E409.77008
G1 F1500 E403.27008
G0 F7200 X56.151 Y54.833
G0 X55.848 Y54.77
;TYPE:WALL-OUTER
G1 F1500 E409.77008
G1 F2400 X55.695 Y54.893 E409.77498
G1 X52.62 Y54.896 E409.85168
G1 X52.425 Y54.745 E409.85784
G1 X52.42 Y45.5 E410.08845
G1 X50.832 Y45.5 E410.12807
G1 X50.827 Y54.745 E410.35868
G1 X50.667 Y54.893 E410.36412
G1 X49.364 Y54.896 E410.39662
G1 X49.169 Y54.745 E410.40278
G1 X49.164 Y45.5 E410.63339
G1 X47.576 Y45.5 E410.67301
G1 X47.571 Y54.745 E410.90362
G1 X47.411 Y54.893 E410.90906
G1 X44.34 Y54.896 E410.98567
G1 X44.213 Y54.852 E410.98902
G1 X44.154 Y54.77 E410.99154
G1 X41.985 Y44.228 E411.26002
G1 X41.101 Y44.228 E411.28207
G1 X43.467 Y55.768 E411.57592
G1 X56.528 Y55.768 E411.90173
G1 X58.898 Y44.228 E412.19561
G1 X58.012 Y44.228 E412.21771
G1 X55.848 Y54.77 E412.48616
G0 F7200 X55.695 Y54.893
G0 X55.691 Y54.893
G1 F1500 E405.98616
;MESH:NONMESH
G0 F600 Z10.5
G0 F7200 X55.691 Y55.209
G0 X43.981 Y55.139
G0 X41.632 Y44.661
;TIME_ELAPSED:535.000594
;LAYER:68
;TYPE:WALL-INNER
;MESH:blankkey.stl
G1 F1500 E412.48616
G1 F4042.1 X43.744 Y54.931 E412.79675
G1 F3440.9 X43.888 Y55.252 E412.80899
G1 F3472 X44.34 Y55.332 E412.82482
G1 F4016.7 X47.558 Y55.328 E412.92075
G0 F7200 X48.328 Y55.089
G0 X48.685 Y54.884
G1 F3380.3 X48.685 Y45.979 E413.23618
G1 F3440.9 X48.127 Y45.979 E413.2556
G1 F3380.3 X48.127 Y54.883 E413.571
G1 F3622.6 X47.558 Y55.328 E413.59487
G1 F3555.6 X48.406 Y55.27 E413.6235
G1 F3595.5 X49.364 Y55.332 E413.65547
G1 F3664.1 X48.685 Y54.884 E413.68205
G0 F7200 X49.364 Y55.332
G1 F4016.7 X50.742 Y55.328 E413.72313
G0 F7200 X51.515 Y55.089
G0 X51.869 Y54.884
G1 F3380.3 X51.869 Y45.979 E414.03856
G1 F3440.9 X51.311 Y45.979 E414.05798
G1 F3380.3 X51.311 Y54.883 E414.37338
G1 F3622.6 X50.742 Y55.328 E414.39725
G1 F3555.6 X51.59 Y55.27 E414.42588
G1 F3595.5 X52.548 Y55.332 E414.45785
G1 F3664.1 X51.869 Y54.884 E414.48443
G0 F7200 X52.548 Y55.332
G1 F4016.7 X55.77 Y55.328 E414.58047
G1 F3447 X56.109 Y55.253 E414.59254
G1 F3484.6 X56.255 Y54.93 E414.60472
G1 F4076.4 X58.366 Y44.663 E414.91259
G1 F1500 E408.41259
G0 F7200 X56.151 Y54.833
G0 X55.848 Y54.77
;TYPE:WALL-OUTER
G1 F1500 E414.91259
G1 F2400 X55.695 Y54.893 E414.91749
G1 X52.548 Y54.896 E414.99599
G1 X52.348 Y54.747 E415.00222
G1 X52.348 Y45.5 E415.23288
G1 X50.832 Y45.5 E415.2707
G1 X50.832 Y54.746 E415.50134
G1 X50.667 Y54.893 E415.50685
G1 X49.364 Y54.896 E415.53936
G1 X49.164 Y54.747 E415.54558
G1 X49.164 Y45.5 E415.77625
G1 X47.648 Y45.5 E415.81406
G1 X47.648 Y54.746 E416.04471
G1 X47.483 Y54.893 E416.05022
G1 X44.34 Y54.896 E416.12862
G1 X44.213 Y54.852 E416.13197
G1 X44.154 Y54.77 E416.13449
G1 X41.985 Y44.228 E416.40297
G1 X41.101 Y44.228 E416.42502
G1 X43.467 Y55.768 E416.71888
G1 X56.528 Y55.768 E417.04469
G1 X58.898 Y44.228 E417.33856
G1 X58.012 Y44.228 E417.36066
G1 X55.848 Y54.77 E417.62912
G0 F7200 X55.695 Y54.893
G0 X55.691 Y54.893
G1 F1500 E411.12912
;MESH:NONMESH
G0 F600 Z10.65
G0 F7200 X55.691 Y55.209
G0 X43.981 Y55.139
G0 X41.632 Y44.661
;TIME_ELAPSED:540.711811
;LAYER:69
;TYPE:WALL-INNER
;MESH:blankkey.stl
G1 F1500 E417.62912
G1 F4042.1 X43.744 Y54.931 E417.93971
G1 F3440.9 X43.888 Y55.252 E417.95195
G1 F3472 X44.34 Y55.332 E417.96778
G1 F4016.7 X47.634 Y55.328 E418.06597
G0 F7200 X48.406 Y55.089
G0 X48.705 Y54.904
G1 F3568.8 X48.704 Y50.432 E418.21601
G1 F3650.2 X48.704 Y45.96 E418.36271
G1 F3692.3 X48.184 Y45.96 E418.37957
G1 F3650.2 X48.183 Y50.432 E418.52626
G1 F3568.8 X48.183 Y54.904 E418.6763
G1 F3735.4 X47.634 Y55.328 E418.69854
G1 F3650.2 X48.444 Y55.284 E418.72515
G1 F3692.3 X49.364 Y55.332 E418.75502
G1 F3779.5 X48.705 Y54.904 E418.77992
G0 F7200 X49.364 Y55.332
G1 F4016.7 X50.742 Y55.328 E418.82099
G0 F7200 X51.515 Y55.089
G0 X51.813 Y54.904
G1 F3568.8 X51.812 Y50.432 E418.97103
G1 F3650.2 X51.812 Y45.96 E419.11773
G1 F3692.3 X51.292 Y45.96 E419.13459
G1 F3650.2 X51.291 Y50.432 E419.28129
G1 F3568.8 X51.291 Y54.904 E419.43133
G1 F3735.4 X50.742 Y55.328 E419.45356
G1 F3650.2 X51.552 Y55.284 E419.48017
G1 F3692.3 X52.472 Y55.332 E419.51005
G1 F3779.5 X51.813 Y54.904 E419.53494
G0 F7200 X52.472 Y55.332
G1 F4016.7 X55.77 Y55.328 E419.63325
G1 F3447 X56.109 Y55.253 E419.64531
G1 F3484.6 X56.255 Y54.93 E419.65749
G1 F4076.4 X58.366 Y44.663 E419.96537
G1 F1500 E413.46537
G0 F7200 X56.151 Y54.833
G0 X55.848 Y54.77
;TYPE:WALL-OUTER
G1 F1500 E419.96537
G1 F2400 X55.695 Y54.893 E419.97027
G1 X52.472 Y54.896 E420.05067
G1 X52.272 Y54.752 E420.05681
G1 X52.272 Y45.5 E420.28761
G1 X50.832 Y45.5 E420.32353
G1 X50.832 Y54.75 E420.55427
G1 X50.667 Y54.893 E420.55972
G1 X49.364 Y54.896 E420.59222
G1 X49.164 Y54.752 E420.59837
G1 X49.164 Y45.5 E420.82916
G1 X47.724 Y45.5 E420.86508
G1 X47.724 Y54.75 E421.09582
G1 X47.559 Y54.893 E421.10127
G1 X44.34 Y54.896 E421.18157
G1 X44.213 Y54.852 E421.18492
G1 X44.154 Y54.77 E421.18744
G1 X41.985 Y44.228 E421.45592
G1 X41.101 Y44.228 E421.47797
G1 X43.467 Y55.768 E421.77183
G1 X56.528 Y55.768 E422.09763
G1 X58.898 Y44.228 E422.39151
G1 X58.012 Y44.228 E422.41361
G1 X55.848 Y54.77 E422.68206
G0 F7200 X55.695 Y54.893
G0 X55.691 Y54.893
G1 F1500 E416.18206
;MESH:NONMESH
G0 F600 Z10.8
G0 F7200 X55.691 Y55.209
G0 X43.981 Y55.139
G0 X41.632 Y44.661
;TIME_ELAPSED:546.381738
;LAYER:70
;TYPE:WALL-INNER
;MESH:blankkey.stl
G1 F1500 E422.68206
G1 F4042.1 X43.744 Y54.931 E422.99265
G1 F3440.9 X43.888 Y55.252 E423.00489
G1 F3472 X44.34 Y55.332 E423.02073
G1 F4016.7 X47.73 Y55.328 E423.12178
G0 F7200 X48.502 Y55.089
G0 X48.729 Y54.929
G1 F3878.8 X48.728 Y50.432 E423.2606
G1 F4000 X48.728 Y45.935 E423.39521
G1 F4067.8 X48.256 Y45.936 E423.40911
G1 F4000 X48.256 Y50.432 E423.54369
G1 F3878.8 X48.255 Y54.928 E423.68248
G1 F3886.6 X47.73 Y55.328 E423.70281
G1 F3764.7 X48.492 Y55.301 E423.72706
G1 F3809.5 X49.364 Y55.332 E423.75449
G1 F3934.4 X48.729 Y54.929 E423.77738
G0 F7200 X49.364 Y55.332
G1 F4016.7 X50.742 Y55.328 E423.81845
G0 F7200 X51.515 Y55.089
G0 X51.741 Y54.929
G1 F3878.8 X51.74 Y50.432 E423.95728
G1 F4000 X51.74 Y45.935 E424.09189
G1 F4067.8 X51.268 Y45.936 E424.10578
G1 F4000 X51.268 Y50.432 E424.24037
G1 F3878.8 X51.267 Y54.928 E424.37916
G1 F3886.6 X50.742 Y55.328 E424.39949
G1 F3764.7 X51.504 Y55.301 E424.42374
G1 F3809.5 X52.376 Y55.332 E424.45116
G1 F3934.4 X51.741 Y54.929 E424.47405
G0 F7200 X52.376 Y55.332
G1 F4016.7 X55.77 Y55.328 E424.57523
G1 F3447 X56.109 Y55.253 E424.58729
G1 F3484.6 X56.255 Y54.93 E424.59947
G1 F4076.4 X58.366 Y44.663 E424.90735
G1 F1500 E418.40735
G0 F7200 X56.151 Y54.833
G0 X55.848 Y54.77
;TYPE:WALL-OUTER
G1 F1500 E424.90735
G1 F2400 X55.695 Y54.893 E424.91224
G1 X52.376 Y54.896 E424.99504
G1 X52.176 Y54.76 E425.00107
G1 X52.176 Y45.5 E425.23206
G1 X50.832 Y45.5 E425.26559
G1 X50.832 Y54.758 E425.49653
G1 X50.667 Y54.893 E425.50185
G1 X49.364 Y54.896 E425.53435
G1 X49.164 Y54.76 E425.54038
G1 X49.164 Y45.5 E425.77138
G1 X47.82 Y45.5 E425.8049
G1 X47.82 Y54.758 E426.03584
G1 X47.655 Y54.893 E426.04116
G1 X44.34 Y54.896 E426.12385
G1 X44.213 Y54.852 E426.12721
G1 X44.154 Y54.77 E426.12973
G1 X41.985 Y44.228 E426.39821
G1 X41.101 Y44.228 E426.42026
G1 X43.467 Y55.768 E426.71411
G1 X56.528 Y55.768 E427.03992
G1 X58.898 Y44.228 E427.3338
G1 X58.012 Y44.228 E427.3559
G1 X55.848 Y54.77 E427.62435
G0 F7200 X55.695 Y54.893
G0 X55.691 Y54.893
G1 F1500 E421.12435
;MESH:NONMESH
G0 F600 Z10.95
G0 F7200 X55.691 Y55.209
G0 X43.981 Y55.139
G0 X41.632 Y44.661
;TIME_ELAPSED:552.000839
;LAYER:71
;TYPE:WALL-INNER
;MESH:blankkey.stl
G1 F1500 E427.62435
G1 F4042.1 X43.744 Y54.931 E427.93494
G1 F3440.9 X43.888 Y55.252 E427.94718
G1 F3472 X44.34 Y55.332 E427.96301
G1 F4016.7 X47.838 Y55.328 E428.06728
G0 F7200 X48.756 Y54.955
G1 F4285.7 X48.756 Y50.432 E428.19365
G1 F4486 X48.755 Y45.909 E428.31438
G1 F4593.3 X48.337 Y45.909 E428.32527
G1 F4486 X48.336 Y50.431 E428.44597
G1 F4285.7 X48.336 Y54.953 E428.57231
G1 F4076.4 X47.838 Y55.328 E428.59062
G1 F3902.4 X48.546 Y55.319 E428.61234
G1 F3950.6 X49.364 Y55.332 E428.63714
G1 F4129 X48.756 Y54.955 E428.65788
G0 F7200 X49.364 Y55.332
G1 F4016.7 X50.742 Y55.328 E428.69896
G0 F7200 X51.66 Y54.955
G1 F4285.7 X51.66 Y50.432 E428.82533
G1 F4486 X51.659 Y45.909 E428.94605
G1 F4593.3 X51.241 Y45.909 E428.95695
G1 F4486 X51.24 Y50.431 E429.07765
G1 F4285.7 X51.24 Y54.953 E429.20398
G1 F4076.4 X50.742 Y55.328 E429.2223
G1 F3902.4 X51.45 Y55.319 E429.24402
G1 F3950.6 X52.268 Y55.332 E429.26882
G1 F4129 X51.66 Y54.955 E429.28956
G0 F7200 X52.268 Y55.332
G1 F4016.7 X55.77 Y55.328 E429.39395
G1 F3447 X56.109 Y55.253 E429.40601
G1 F3484.6 X56.255 Y54.93 E429.41819
G1 F4076.4 X58.366 Y44.663 E429.72607
G1 F1500 E423.22607
G0 F7200 X56.151 Y54.833
G0 X55.848 Y54.77
;TYPE:WALL-OUTER
G1 F1500 E429.72607
G1 F2400 X55.695 Y54.893 E429.73097
G1 X52.268 Y54.896 E429.81646
G1 X52.068 Y54.767 E429.82239
G1 X52.068 Y45.5 E430.05356
G1 X50.832 Y45.5 E430.08439
G1 X50.832 Y54.765 E430.31551
G1 X50.667 Y54.893 E430.32072
G1 X49.364 Y54.896 E430.35322
G1 X49.164 Y54.767 E430.35916
G1 X49.164 Y45.5 E430.59033
G1 X47.928 Y45.5 E430.62116
G1 X47.928 Y54.765 E430.85227
G1 X47.763 Y54.893 E430.85748
G1 X44.34 Y54.896 E430.94287
G1 X44.213 Y54.852 E430.94622
G1 X44.154 Y54.77 E430.94874
G1 X41.985 Y44.228 E431.21722
G1 X41.101 Y44.228 E431.23927
G1 X43.467 Y55.768 E431.53313
G1 X56.528 Y55.768 E431.85894
G1 X58.898 Y44.228 E432.15281
G1 X58.012 Y44.228 E432.17491
G1 X55.848 Y54.77 E432.44337
G0 F7200 X55.695 Y54.893
G0 X55.691 Y54.893
G1 F1500 E425.94337
;MESH:NONMESH
G0 F600 Z11.1
G0 F7200 X55.691 Y55.209
G0 X43.981 Y55.139
G0 X41.632 Y44.661
;TIME_ELAPSED:557.566703
;LAYER:72
;TYPE:WALL-INNER
;MESH:blankkey.stl
G1 F1500 E432.44337
G1 F4042.1 X43.744 Y54.931 E432.75395
G1 F3440.9 X43.888 Y55.252 E432.7662
G1 F3472 X44.34 Y55.332 E432.78203
G1 F4016.7 X47.958 Y55.328 E432.88988
G0 F7200 X48.785 Y54.982
G1 F4800 X48.785 Y51.947 E432.96559
G1 F5026.2 X48.786 Y48.912 E433.03789
G1 F5260.3 X48.786 Y45.877 E433.10697
G1 F5393.3 X48.43 Y45.878 E433.11488
G1 F5260.3 X48.429 Y48.912 E433.18394
G1 F5026.2 X48.427 Y51.946 E433.25621
G1 F4800 X48.426 Y54.98 E433.3319
G1 F4304.9 X47.958 Y55.328 E433.34812
G1 F4059.2 X48.606 Y55.337 E433.36723
G1 F4111.3 X49.364 Y55.332 E433.38931
G1 F4363.6 X48.785 Y54.982 E433.40788
G0 F7200 X49.364 Y55.332
G1 F4016.7 X50.742 Y55.328 E433.44895
G0 F7200 X51.57 Y54.983
G1 F4788 X51.57 Y51.948 E433.52485
G1 F5000 X51.569 Y48.913 E433.59753
G1 F5231.6 X51.569 Y45.878 E433.66699
G1 F5363.1 X51.211 Y45.879 E433.67499
G1 F5231.6 X51.211 Y48.913 E433.74443
G1 F5000 X51.21 Y51.947 E433.81708
G1 F4788 X51.21 Y54.981 E433.89295
G1 F4295.3 X50.742 Y55.328 E433.9092
G1 F4059.2 X51.39 Y55.337 E433.92831
G1 F4111.3 X52.148 Y55.332 E433.95039
G1 F4353.7 X51.57 Y54.983 E433.96896
G0 F7200 X52.148 Y55.332
G1 F4016.7 X55.77 Y55.328 E434.07693
G1 F3447 X56.109 Y55.253 E434.08899
G1 F3484.6 X56.255 Y54.93 E434.10117
G1 F4076.4 X58.366 Y44.663 E434.40905
G1 F1500 E427.90905
G0 F7200 X56.151 Y54.833
G0 X55.848 Y54.77
;TYPE:WALL-OUTER
G1 F1500 E434.40905
G1 F2400 X55.695 Y54.893 E434.41394
G1 X52.148 Y54.896 E434.50242
G1 X51.948 Y54.778 E434.50822
G1 X51.948 Y45.5 E434.73966
G1 X50.832 Y45.5 E434.7675
G1 X50.832 Y54.775 E434.99886
G1 X50.667 Y54.893 E435.00392
G1 X49.364 Y54.896 E435.03642
G1 X49.164 Y54.778 E435.04222
G1 X49.164 Y45.5 E435.27366
G1 X48.052 Y45.5 E435.3014
G1 X48.048 Y54.775 E435.53276
G1 X47.883 Y54.893 E435.53782
G1 X44.34 Y54.896 E435.6262
G1 X44.213 Y54.852 E435.62956
G1 X44.154 Y54.77 E435.63208
G1 X41.985 Y44.228 E435.90056
G1 X41.101 Y44.228 E435.92261
G1 X43.467 Y55.768 E436.21646
G1 X56.528 Y55.768 E436.54227
G1 X58.898 Y44.228 E436.83614
G1 X58.012 Y44.228 E436.85825
G1 X55.848 Y54.77 E437.1267
G0 F7200 X55.695 Y54.893
G0 X55.691 Y54.893
G1 F1500 E430.6267
;MESH:NONMESH
G0 F600 Z11.25
G0 F7200 X55.691 Y55.209
G0 X43.981 Y55.139
G0 X41.632 Y44.661
;TIME_ELAPSED:563.073156
;LAYER:73
;TYPE:WALL-INNER
;MESH:blankkey.stl
G1 F1500 E437.1267
G1 F4042.1 X43.744 Y54.931 E437.43729
G1 F3440.9 X43.888 Y55.252 E437.44953
G1 F3472 X44.34 Y55.332 E437.46536
G1 F4016.7 X48.098 Y55.328 E437.57738
G1 F2891.6 X48.676 Y55.146 E437.60248
G1 F2917.9 X49.364 Y55.332 E437.63172
G1 F4016.7 X50.742 Y55.328 E437.6728
G1 F2891.6 X51.32 Y55.146 E437.69789
G1 F2917.9 X52.008 Y55.332 E437.72714
G1 F4016.7 X55.77 Y55.328 E437.83928
G1 F3447 X56.109 Y55.253 E437.85134
G1 F3484.6 X56.255 Y54.93 E437.86352
G1 F4076.4 X58.366 Y44.663 E438.1714
G1 F1500 E431.6714
G0 F7200 X56.019 Y55.139
G0 X51.571 Y55.137
G0 X51.32 Y45.988
G1 F1500 E438.1714
G1 F3282.1 X51.32 Y48.221 E438.25287
G1 F3184.1 X51.32 Y50.454 E438.33684
G1 F3091.8 X51.32 Y52.687 E438.42332
G1 F3004.7 X51.32 Y54.92 E438.5123
G1 F2573.7 X51.32 Y55.146 E438.52281
G1 F1500 E432.02281
G0 F7200 X48.676 Y55.146
G1 F1500 E438.52281
G1 F2573.7 X48.676 Y54.921 E438.53328
G1 F3004.7 X48.676 Y52.688 E438.62227
G1 F3091.8 X48.676 Y50.455 E438.70874
G1 F3184.1 X48.676 Y48.222 E438.79272
G1 F3282.1 X48.676 Y45.989 E438.87418
G1 F1500 E432.37418
G0 F7200 X48.927 Y55.137
G0 X56.019 Y55.139
G0 X55.848 Y54.77
;TYPE:WALL-OUTER
G1 F1500 E438.87418
G1 F2400 X55.695 Y54.893 E438.87908
G1 X52.008 Y54.896 E438.97105
G1 X51.84 Y54.806 E438.9758
G1 X51.808 Y54.714 E438.97823
G1 X51.808 Y45.5 E439.20808
G1 X50.832 Y45.5 E439.23243
G1 X50.832 Y54.714 E439.46227
G1 X50.8 Y54.806 E439.4647
G1 X50.667 Y54.893 E439.46866
G1 X49.364 Y54.896 E439.50117
G1 X49.196 Y54.806 E439.50592
G1 X49.164 Y54.714 E439.50835
G1 X49.164 Y45.5 E439.7382
G1 X48.188 Y45.5 E439.76254
G1 X48.188 Y54.714 E439.99239
G1 X48.156 Y54.806 E439.99482
G1 X48.023 Y54.893 E439.99878
G1 X44.34 Y54.896 E440.09065
G1 X44.213 Y54.852 E440.09401
G1 X44.154 Y54.77 E440.09653
G1 X41.985 Y44.228 E440.36501
G1 X41.101 Y44.228 E440.38706
G1 X43.467 Y55.768 E440.68091
G1 X56.528 Y55.768 E441.00672
G1 X58.898 Y44.228 E441.30059
G1 X58.012 Y44.228 E441.3227
G1 X55.848 Y54.77 E441.59115
G0 F7200 X55.695 Y54.893
G0 X55.691 Y54.893
G1 F1500 E435.09115
;MESH:NONMESH
G0 F600 Z11.4
G0 F7200 X55.691 Y55.209
G0 X43.981 Y55.139
G0 X41.632 Y44.661
;TIME_ELAPSED:569.700940
;LAYER:74
;TYPE:WALL-INNER
;MESH:blankkey.stl
G1 F1500 E441.59115
G1 F4042.1 X43.744 Y54.931 E441.90174
G1 F3440.9 X43.888 Y55.252 E441.91398
G1 F3472 X44.34 Y55.332 E441.92981
G1 F4016.7 X48.262 Y55.328 E442.04672
G0 F7200 X48.758 Y55.378
G1 F4507 X49.364 Y55.332 E442.06287
G1 X48.906 Y55.068 E442.07691
G1 F4923.1 X48.808 Y54.922 E442.08119
G1 F4705.9 X48.758 Y54.749 E442.08577
G1 X48.708 Y54.922 E442.09035
G1 F4923.1 X48.61 Y55.068 E442.09463
G1 F4444.4 X48.262 Y55.328 E442.10633
G1 X48.758 Y55.378 E442.11976
G0 F7200 X49.364 Y55.332
G1 F4016.7 X50.742 Y55.328 E442.16084
G0 F7200 X51.238 Y55.378
G1 F4507 X51.844 Y55.332 E442.17699
G1 X51.386 Y55.068 E442.19103
G1 F4923.1 X51.288 Y54.922 E442.19531
G1 F4705.9 X51.238 Y54.749 E442.19989
G1 X51.188 Y54.922 E442.20447
G1 F4923.1 X51.09 Y55.068 E442.20875
G1 F4444.4 X50.742 Y55.328 E442.22045
G1 X51.238 Y55.378 E442.23388
G0 F7200 X51.844 Y55.332
G1 F4016.7 X55.77 Y55.328 E442.35091
G1 F3447 X56.109 Y55.253 E442.36297
G1 F3484.6 X56.255 Y54.93 E442.37515
G1 F4076.4 X58.366 Y44.663 E442.68303
G1 F1500 E436.18303
G0 F7200 X56.019 Y55.139
G0 X51.407 Y55.137
G0 X51.238 Y45.906
G1 F1500 E442.68303
G1 F4637.7 X51.238 Y54.749 E442.91134
G1 F1500 E436.41134
G0 F7200 X48.927 Y55.137
G0 X48.758 Y54.749
G1 F1500 E442.91134
G1 F4637.7 X48.758 Y45.906 E443.13965
G1 F1500 E436.63965
G0 F7200 X48.927 Y55.137
G0 X56.019 Y55.139
G0 X55.848 Y54.77
;TYPE:WALL-OUTER
G1 F1500 E443.13965
G1 F2400 X55.695 Y54.893 E443.14455
G1 X51.844 Y54.896 E443.24061
G1 X51.688 Y54.822 E443.24492
G1 X51.644 Y54.714 E443.24783
G1 X51.644 Y45.5 E443.47767
G1 X50.832 Y45.5 E443.49793
G1 X50.832 Y54.714 E443.72777
G1 X50.788 Y54.822 E443.73068
G1 X50.667 Y54.893 E443.73418
G1 X49.364 Y54.896 E443.76669
G1 X49.208 Y54.822 E443.77099
G1 X49.164 Y54.714 E443.7739
G1 X49.164 Y45.5 E444.00375
G1 X48.352 Y45.5 E444.024
G1 X48.352 Y54.714 E444.25385
G1 X48.308 Y54.822 E444.25676
G1 X48.187 Y54.893 E444.26025
G1 X44.34 Y54.896 E444.35622
G1 X44.213 Y54.852 E444.35957
G1 X44.154 Y54.77 E444.36209
G1 X41.985 Y44.228 E444.63057
G1 X41.101 Y44.228 E444.65262
G1 X43.467 Y55.768 E444.94648
G1 X56.528 Y55.768 E445.27228
G1 X58.898 Y44.228 E445.56616
G1 X58.012 Y44.228 E445.58826
G1 X55.848 Y54.77 E445.85672
G0 F7200 X55.695 Y54.893
G0 X55.691 Y54.893
G1 F1500 E439.35672
;MESH:NONMESH
G0 F600 Z11.55
G0 F7200 X55.691 Y55.209
G0 X43.981 Y55.139
G0 X41.632 Y44.661
;TIME_ELAPSED:576.385603
;LAYER:75
;TYPE:WALL-INNER
;MESH:blankkey.stl
G1 F1500 E445.85672
G1 F4042.1 X43.744 Y54.931 E446.1673
G1 F3440.9 X43.888 Y55.252 E446.17955
G1 F3472 X44.34 Y55.332 E446.19538
G1 F4016.7 X48.458 Y55.328 E446.31813
G0 F7200 X49.228 Y55.089
G0 X50.741 Y54.696
G0 X51.048 Y54.696
G1 F4800 X51.048 Y45.9 E446.53755
G1 X48.948 Y45.9 E446.58993
G1 X48.948 Y54.696 E446.80935
G1 X48.828 Y55.056 E446.81882
G1 F4343.9 X48.458 Y55.328 E446.83147
G1 X48.984 Y55.368 E446.84601
G1 F4800 X51.012 Y55.368 E446.8966
G1 F4403.7 X51.648 Y55.332 E446.91392
G1 X51.168 Y55.056 E446.92898
G1 F4800 X51.048 Y54.696 E446.93844
G0 F7200 X51.648 Y55.332
G1 F4016.7 X55.77 Y55.328 E447.06132
G1 F3447 X56.109 Y55.253 E447.07338
G1 F3484.6 X56.255 Y54.93 E447.08556
G1 F4076.4 X58.366 Y44.663 E447.39344
G1 F1500 E440.89344
G0 F7200 X56.151 Y54.833
G0 X55.848 Y54.77
;TYPE:WALL-OUTER
G1 F1500 E447.39344
G1 F2400 X55.695 Y54.893 E447.39834
G1 X51.648 Y54.896 E447.49929
G1 X51.488 Y54.816 E447.50375
G1 X51.448 Y54.696 E447.50691
G1 X51.448 Y45.5 E447.7363
G1 X48.548 Y45.5 E447.80864
G1 X48.548 Y54.696 E448.03804
G1 X48.508 Y54.816 E448.04119
G1 X48.383 Y54.893 E448.04486
G1 X44.34 Y54.896 E448.14571
G1 X44.213 Y54.852 E448.14906
G1 X44.154 Y54.77 E448.15158
G1 X41.985 Y44.228 E448.42006
G1 X41.101 Y44.228 E448.44211
G1 X43.467 Y55.768 E448.73597
G1 X56.528 Y55.768 E449.06177
G1 X58.898 Y44.228 E449.35565
G1 X58.012 Y44.228 E449.37775
G1 X55.848 Y54.77 E449.64621
G0 F7200 X55.695 Y54.893
G0 X55.691 Y54.893
G1 F1500 E443.14621
G0 F7200 X55.691 Y55.209
G0 X51.213 Y55.137
G0 X50.668 Y54.692
;TYPE:SKIN
G1 F1500 E449.64621
G1 F1800 X50.755 Y54.988 E449.6539
G1 X49.241 Y54.988 E449.69167
G1 X49.328 Y54.692 E449.69936
G1 X49.328 Y46.28 E449.9092
G1 X50.668 Y46.28 E449.94263
G1 X50.668 Y54.692 E450.15247
G0 F7200 X50.468 Y54.184
G1 F1800 X49.864 Y54.788 E450.17378
G0 F7200 X49.529 Y54.558
G1 F1800 X50.468 Y53.618 E450.20692
G0 F7200 X50.468 Y53.053
G1 F1800 X49.529 Y53.992 E450.24004
G0 F7200 X49.529 Y53.426
G1 F1800 X50.468 Y52.487 E450.27317
G0 F7200 X50.468 Y51.921
G1 F1800 X49.529 Y52.86 E450.3063
G0 F7200 X49.529 Y52.295
G1 F1800 X50.468 Y51.356 E450.33942
G0 F7200 X50.468 Y50.79
G1 F1800 X49.529 Y51.729 E450.37255
G0 F7200 X49.529 Y51.163
G1 F1800 X50.468 Y50.224 E450.40567
G0 F7200 X50.468 Y49.659
G1 F1800 X49.529 Y50.598 E450.4388
G0 F7200 X49.529 Y50.032
G1 F1800 X50.468 Y49.093 E450.47192
G0 F7200 X50.468 Y48.527
G1 F1800 X49.529 Y49.466 E450.50505
G0 F7200 X49.529 Y48.901
G1 F1800 X50.468 Y47.962 E450.53818
G0 F7200 X50.468 Y47.396
G1 F1800 X49.529 Y48.335 E450.5713
G0 F7200 X49.529 Y47.769
G1 F1800 X50.468 Y46.83 E450.60443
G0 F7200 X50.252 Y46.48
G1 F1800 X49.529 Y47.204 E450.62995
G0 F7200 X49.529 Y46.638
G1 F1800 X49.686 Y46.48 E450.63551
G0 F7200 X49.686 Y46.511
G1 F1500 E444.13551
;MESH:NONMESH
G0 F600 Z11.7
G0 F7200 X48.786 Y55.137
G0 X43.981 Y55.139
G0 X41.632 Y44.661
;TIME_ELAPSED:583.429040
;LAYER:76
;TYPE:WALL-INNER
;MESH:blankkey.stl
G1 F1500 E450.63551
G1 F4042.1 X43.744 Y54.931 E450.94609
G1 F3440.9 X43.888 Y55.252 E450.95834
G1 F3472 X44.34 Y55.332 E450.97417
G1 F4016.7 X48.69 Y55.328 E451.10384
G0 F7200 X49.462 Y55.089
G0 X50.507 Y54.696
G0 X50.816 Y54.696
G1 F4800 X50.816 Y45.9 E451.32326
G1 X49.18 Y45.9 E451.36407
G1 X49.18 Y54.696 E451.58348
G1 X49.06 Y55.056 E451.59295
G1 F4343.9 X48.69 Y55.328 E451.60561
G1 X49.216 Y55.368 E451.62015
G1 F4800 X50.78 Y55.368 E451.65916
G1 F4403.7 X51.416 Y55.332 E451.67648
G1 X50.936 Y55.056 E451.69154
G1 F4800 X50.816 Y54.696 E451.701
G0 F7200 X51.416 Y55.332
G1 F4016.7 X55.77 Y55.328 E451.83079
G1 F3447 X56.109 Y55.253 E451.84285
G1 F3484.6 X56.255 Y54.93 E451.85503
G1 F4076.4 X58.366 Y44.663 E452.16291
G1 F1500 E445.66291
G0 F7200 X56.151 Y54.833
G0 X55.848 Y54.77
;TYPE:WALL-OUTER
G1 F1500 E452.16291
G1 F2400 X55.695 Y54.893 E452.16781
G1 X51.416 Y54.896 E452.27455
G1 X51.256 Y54.816 E452.27901
G1 X51.216 Y54.696 E452.28217
G1 X51.216 Y45.5 E452.51156
G1 X48.78 Y45.5 E452.57233
G1 X48.78 Y54.696 E452.80173
G1 X48.74 Y54.816 E452.80488
G1 X48.615 Y54.893 E452.80854
G1 X44.34 Y54.896 E452.91518
G1 X44.213 Y54.852 E452.91854
G1 X44.154 Y54.77 E452.92106
G1 X41.985 Y44.228 E453.18954
G1 X41.101 Y44.228 E453.21159
G1 X43.467 Y55.768 E453.50544
G1 X56.528 Y55.768 E453.83125
G1 X58.898 Y44.228 E454.12512
G1 X58.012 Y44.228 E454.14723
G1 X55.848 Y54.77 E454.41568
G0 F7200 X55.695 Y54.893
G0 X55.691 Y54.893
G1 F1500 E447.91568
G0 F7200 X55.691 Y55.209
G0 X50.979 Y55.137
G0 X49.998 Y46.718
;TYPE:SKIN
G1 F1500 E454.41568
G1 F1512.6 X49.998 Y54.55 E454.64817
G0 F7200 X50.436 Y54.692
G1 F1800 X50.523 Y54.988 E454.65587
G1 X49.473 Y54.988 E454.68206
G1 X49.56 Y54.692 E454.68975
G1 X49.56 Y46.28 E454.89959
G1 X50.436 Y46.28 E454.92144
G1 X50.436 Y54.692 E455.13128
G0 F7200 X50.207 Y54.692
G1 F1500 E448.63128
;MESH:NONMESH
G0 F600 Z11.85
G0 F7200 X49.02 Y55.137
G0 X43.981 Y55.139
G0 X41.632 Y44.661
;TIME_ELAPSED:589.786703
;LAYER:77
;TYPE:WALL-INNER
;MESH:blankkey.stl
G1 F1500 E455.13128
G1 F4042.1 X43.744 Y54.931 E455.44187
G1 F3440.9 X43.888 Y55.252 E455.45411
G1 F3472 X44.34 Y55.332 E455.46994
G1 F4016.7 X48.998 Y55.328 E455.6088
G0 F7200 X49.771 Y55.089
G0 X50.513 Y54.778
G1 F4800 X50.508 Y45.9 E455.83026
G1 X49.492 Y45.9 E455.8556
G1 X49.483 Y54.778 E456.07707
G1 F4343.9 X48.998 Y55.328 E456.09728
G1 X49.998 Y55.368 E456.12486
G1 F4403.7 X51.108 Y55.332 E456.15506
G1 X50.513 Y54.778 E456.17717
G0 F7200 X51.108 Y55.332
G1 F4016.7 X55.77 Y55.328 E456.31614
G1 F3447 X56.109 Y55.253 E456.3282
G1 F3484.6 X56.255 Y54.93 E456.34038
G1 F4076.4 X58.366 Y44.663 E456.64826
G1 F1500 E450.14826
G0 F7200 X56.151 Y54.833
G0 X55.848 Y54.77
;TYPE:WALL-OUTER
G1 F1500 E456.64826
G1 F2400 X55.695 Y54.893 E456.65315
G1 X51.108 Y54.896 E456.76758
G1 X50.909 Y54.724 E456.77414
G1 X50.908 Y45.5 E457.00423
G1 X49.092 Y45.5 E457.04953
G1 X49.087 Y54.724 E457.27963
G1 X48.923 Y54.893 E457.2855
G1 X44.34 Y54.896 E457.39982
G1 X44.213 Y54.852 E457.40318
G1 X44.154 Y54.77 E457.4057
G1 X41.985 Y44.228 E457.67418
G1 X41.101 Y44.228 E457.69623
G1 X43.467 Y55.768 E457.99008
G1 X56.528 Y55.768 E458.31589
G1 X58.898 Y44.228 E458.60977
G1 X58.012 Y44.228 E458.63187
G1 X55.848 Y54.77 E458.90032
G0 F7200 X55.695 Y54.893
G0 X55.691 Y54.893
G1 F1500 E452.40032
G0 F7200 X55.691 Y55.209
G0 X50.67 Y55.137
G0 X50 Y46.408
;TYPE:SKIN
G1 F1500 E458.90032
G1 F1084.3 X49.998 Y50.628 E459.07507
G1 F1065.1 X49.996 Y54.848 E459.25297
G0 F7200 X49.898 Y54.848
G1 F1500 E452.75297
;MESH:NONMESH
G0 F600 Z12
G0 F7200 X43.981 Y55.139
G0 X41.632 Y44.661
;TIME_ELAPSED:595.608050
;LAYER:78
;TYPE:WALL-INNER
;MESH:blankkey.stl
G1 F1500 E459.25297
G1 F4042.1 X43.744 Y54.931 E459.56356
G1 F3440.9 X43.888 Y55.252 E459.5758
G1 F3472 X44.34 Y55.332 E459.59163
G1 F4016.7 X49.454 Y55.328 E459.74408
G0 F7200 X49.998 Y55.366
G1 F4383.6 X50.652 Y55.332 E459.76196
G1 X50.162 Y55.047 E459.77745
G1 F4192.1 X49.998 Y54.753 E459.78706
G1 X49.834 Y55.047 E459.79668
G1 F4324.3 X49.454 Y55.328 E459.80976
G1 X49.998 Y55.366 E459.82486
G0 F7200 X49.998 Y54.753
G1 F3817.1 X49.998 Y45.947 E460.1011
G1 F1500 E453.6011
G0 F7200 X50.217 Y55.137
G0 X56.019 Y55.139
G0 X58.366 Y44.663
G1 F1500 E460.1011
G1 F4076.4 X56.255 Y54.93 E460.40897
G1 F3484.6 X56.109 Y55.253 E460.42115
G1 F3447 X55.77 Y55.328 E460.43322
G1 F4016.7 X50.652 Y55.332 E460.58578
G1 F1500 E454.08578
G0 F7200 X56.019 Y55.139
G0 X55.848 Y54.77
;TYPE:WALL-OUTER
G1 F1500 E460.58578
G1 F2400 X55.695 Y54.893 E460.59068
G1 X50.652 Y54.896 E460.71647
G1 X50.489 Y54.813 E460.72104
G1 X50.452 Y54.714 E460.72367
G1 X50.444 Y45.5 E460.95352
G1 X49.552 Y45.5 E460.97577
G1 X49.544 Y54.714 E461.20561
G1 X49.507 Y54.813 E461.20825
G1 X49.379 Y54.893 E461.21202
G1 X44.34 Y54.896 E461.33771
G1 X44.213 Y54.852 E461.34107
G1 X44.154 Y54.77 E461.34359
G1 X41.985 Y44.228 E461.61207
G1 X41.101 Y44.228 E461.63412
G1 X43.467 Y55.768 E461.92797
G1 X56.528 Y55.768 E462.25378
G1 X58.898 Y44.228 E462.54765
G1 X58.012 Y44.228 E462.56976
G1 X55.848 Y54.77 E462.83821
G0 F7200 X55.695 Y54.893
G0 X55.691 Y54.893
G1 F1500 E456.33821
;MESH:NONMESH
G0 F600 Z12.15
G0 F7200 X55.691 Y55.209
G0 X43.981 Y55.139
G0 X41.632 Y44.661
;TIME_ELAPSED:600.943283
;LAYER:79
;TYPE:WALL-INNER
;MESH:blankkey.stl
G1 F1500 E462.83821
G1 F4042.1 X43.744 Y54.931 E463.1488
G1 F3440.9 X43.888 Y55.252 E463.16104
G1 F3472 X44.34 Y55.332 E463.17687
G1 F4016.7 X49.474 Y55.328 E463.32991
G0 F7200 X49.998 Y55.371
G1 F4434.2 X50.632 Y55.332 E463.34706
G1 X50.155 Y55.056 E463.36195
G1 X49.998 Y54.751 E463.37121
G1 X49.841 Y55.056 E463.38047
G1 F4373.6 X49.474 Y55.328 E463.39298
G1 X49.998 Y55.371 E463.40737
G0 F7200 X49.998 Y54.751
G1 F4085.1 X49.998 Y51.014 E463.51691
G1 F1500 E457.01691
G0 F7200 X50.197 Y55.137
G0 X50.632 Y55.332
G1 F1500 E463.51691
G1 F4016.7 X55.77 Y55.328 E463.67007
G1 F3447 X56.109 Y55.253 E463.68213
G1 F3484.6 X56.255 Y54.93 E463.69431
G1 F4076.4 X58.366 Y44.663 E464.00219
G1 F1500 E457.50219
G0 F7200 X56.151 Y54.833
G0 X55.848 Y54.77
;TYPE:WALL-OUTER
G1 F1500 E464.00219
G1 F2400 X55.695 Y54.893 E464.00708
G1 X50.632 Y54.896 E464.13338
G1 X50.472 Y54.817 E464.13783
G1 X50.432 Y54.714 E464.14059
G1 X50.432 Y50.58 E464.24371
G1 X49.564 Y50.58 E464.26536
G1 X49.564 Y54.714 E464.36849
G1 X49.524 Y54.817 E464.37124
G1 X49.399 Y54.893 E464.37489
G1 X44.34 Y54.896 E464.50109
G1 X44.213 Y54.852 E464.50444
G1 X44.154 Y54.77 E464.50696
G1 X41.985 Y44.228 E464.77544
G1 X41.101 Y44.228 E464.79749
G1 X43.467 Y55.768 E465.09135
G1 X56.528 Y55.768 E465.41716
G1 X58.898 Y44.228 E465.71103
G1 X58.012 Y44.228 E465.73313
G1 X55.848 Y54.77 E466.00159
G0 F7200 X55.695 Y54.893
G0 X55.691 Y54.893
G1 F1500 E459.50159
;MESH:NONMESH
G0 F600 Z12.3
G0 F7200 X55.691 Y55.209
G0 X43.981 Y55.139
G0 X41.632 Y44.661
;TIME_ELAPSED:605.767594
;LAYER:80
;TYPE:WALL-INNER
;MESH:blankkey.stl
G1 F1500 E466.00159
G1 F4042.1 X43.744 Y54.931 E466.31217
G1 F3440.9 X43.888 Y55.252 E466.32442
G1 F3472 X44.34 Y55.332 E466.34025
G1 F4016.7 X49.474 Y55.328 E466.49329
G0 F7200 X49.998 Y55.371
G1 F4434.2 X50.632 Y55.332 E466.51044
G1 X50.155 Y55.056 E466.52532
G1 X49.998 Y54.751 E466.53458
G1 X49.841 Y55.056 E466.54385
G1 F4373.6 X49.474 Y55.328 E466.55635
G1 X49.998 Y55.371 E466.57075
G0 F7200 X49.998 Y54.751
G1 F4085.1 X49.998 Y51.014 E466.68028
G1 F1500 E460.18028
G0 F7200 X50.197 Y55.137
G0 X50.632 Y55.332
G1 F1500 E466.68028
G1 F4016.7 X55.77 Y55.328 E466.83344
G1 F3447 X56.109 Y55.253 E466.8455
G1 F3484.6 X56.255 Y54.93 E466.85768
G1 F4076.4 X58.366 Y44.663 E467.16556
G1 F1500 E460.66556
G0 F7200 X56.151 Y54.833
G0 X55.848 Y54.77
;TYPE:WALL-OUTER
G1 F1500 E467.16556
G1 F2400 X55.695 Y54.893 E467.17046
G1 X50.632 Y54.896 E467.29676
G1 X50.472 Y54.817 E467.30121
G1 X50.432 Y54.714 E467.30396
G1 X50.432 Y50.58 E467.40709
G1 X49.564 Y50.58 E467.42874
G1 X49.564 Y54.714 E467.53186
G1 X49.524 Y54.817 E467.53462
G1 X49.399 Y54.893 E467.53827
G1 X44.34 Y54.896 E467.66446
G1 X44.213 Y54.852 E467.66782
G1 X44.154 Y54.77 E467.67034
G1 X41.985 Y44.228 E467.93882
G1 X41.101 Y44.228 E467.96087
G1 X43.467 Y55.768 E468.25472
G1 X56.528 Y55.768 E468.58053
G1 X58.898 Y44.228 E468.87441
G1 X58.012 Y44.228 E468.89651
G1 X55.848 Y54.77 E469.16496
G0 F7200 X55.695 Y54.893
G0 X55.691 Y54.893
G1 F1500 E462.66496
;MESH:NONMESH
G0 F600 Z12.45
G0 F7200 X55.691 Y55.209
G0 X43.981 Y55.139
G0 X41.632 Y44.661
;TIME_ELAPSED:610.591905
;LAYER:81
;TYPE:WALL-INNER
;MESH:blankkey.stl
G1 F1500 E469.16496
G1 F4042.1 X43.744 Y54.931 E469.47555
G1 F3440.9 X43.888 Y55.252 E469.48779
G1 F3472 X44.34 Y55.332 E469.50362
G1 F4016.7 X49.474 Y55.328 E469.65666
G0 F7200 X49.998 Y55.371
G1 F4434.2 X50.632 Y55.332 E469.67382
G1 X50.155 Y55.056 E469.6887
G1 X49.998 Y54.751 E469.69796
G1 X49.841 Y55.056 E469.70722
G1 F4373.6 X49.474 Y55.328 E469.71973
G1 X49.998 Y55.371 E469.73412
G0 F7200 X49.998 Y54.751
G1 F4085.1 X49.998 Y51.014 E469.84366
G1 F1500 E463.34366
G0 F7200 X50.197 Y55.137
G0 X50.632 Y55.332
G1 F1500 E469.84366
G1 F4016.7 X55.77 Y55.328 E469.99682
G1 F3447 X56.109 Y55.253 E470.00888
G1 F3484.6 X56.255 Y54.93 E470.02106
G1 F4076.4 X58.366 Y44.663 E470.32894
G1 F1500 E463.82894
G0 F7200 X56.151 Y54.833
G0 X55.848 Y54.77
;TYPE:WALL-OUTER
G1 F1500 E470.32894
G1 F2400 X55.695 Y54.893 E470.33383
G1 X50.632 Y54.896 E470.46013
G1 X50.472 Y54.817 E470.46458
G1 X50.432 Y54.714 E470.46734
G1 X50.432 Y50.58 E470.57046
G1 X49.564 Y50.58 E470.59211
G1 X49.564 Y54.714 E470.69524
G1 X49.524 Y54.817 E470.69799
G1 X49.399 Y54.893 E470.70164
G1 X44.34 Y54.896 E470.82784
G1 X44.213 Y54.852 E470.83119
G1 X44.154 Y54.77 E470.83371
G1 X41.985 Y44.228 E471.10219
G1 X41.101 Y44.228 E471.12424
G1 X43.467 Y55.768 E471.4181
G1 X56.528 Y55.768 E471.74391
G1 X58.898 Y44.228 E472.03778
G1 X58.012 Y44.228 E472.05988
G1 X55.848 Y54.77 E472.32834
G0 F7200 X55.695 Y54.893
G0 X55.691 Y54.893
G1 F1500 E465.82834
;MESH:NONMESH
G0 F600 Z12.6
G0 F7200 X55.691 Y55.209
G0 X43.981 Y55.139
G0 X41.632 Y44.661
;TIME_ELAPSED:615.416216
;LAYER:82
;TYPE:WALL-INNER
;MESH:blankkey.stl
G1 F1500 E472.32834
G1 F4042.1 X43.744 Y54.931 E472.63892
G1 F3440.9 X43.888 Y55.252 E472.65117
G1 F3472 X44.34 Y55.332 E472.667
G1 F4016.7 X49.474 Y55.328 E472.82004
G0 F7200 X49.998 Y55.371
G1 F4434.2 X50.632 Y55.332 E472.83719
G1 X50.155 Y55.056 E472.85207
G1 X49.998 Y54.751 E472.86133
G1 X49.841 Y55.056 E472.8706
G1 F4373.6 X49.474 Y55.328 E472.8831
G1 X49.998 Y55.371 E472.8975
G0 F7200 X49.998 Y54.751
G1 F4085.1 X49.998 Y51.014 E473.00703
G1 F1500 E466.50703
G0 F7200 X50.197 Y55.137
G0 X50.632 Y55.332
G1 F1500 E473.00703
G1 F4016.7 X55.77 Y55.328 E473.16019
G1 F3447 X56.109 Y55.253 E473.17225
G1 F3484.6 X56.255 Y54.93 E473.18443
G1 F4076.4 X58.366 Y44.663 E473.49231
G1 F1500 E466.99231
G0 F7200 X56.151 Y54.833
G0 X55.848 Y54.77
;TYPE:WALL-OUTER
G1 F1500 E473.49231
G1 F2400 X55.695 Y54.893 E473.49721
G1 X50.632 Y54.896 E473.62351
G1 X50.472 Y54.817 E473.62796
G1 X50.432 Y54.714 E473.63071
G1 X50.432 Y50.58 E473.73384
G1 X49.564 Y50.58 E473.75549
G1 X49.564 Y54.714 E473.85861
G1 X49.524 Y54.817 E473.86137
G1 X49.399 Y54.893 E473.86502
G1 X44.34 Y54.896 E473.99121
G1 X44.213 Y54.852 E473.99457
G1 X44.154 Y54.77 E473.99709
G1 X41.985 Y44.228 E474.26557
G1 X41.101 Y44.228 E474.28762
G1 X43.467 Y55.768 E474.58147
G1 X56.528 Y55.768 E474.90728
G1 X58.898 Y44.228 E475.20116
G1 X58.012 Y44.228 E475.22326
G1 X55.848 Y54.77 E475.49171
G0 F7200 X55.695 Y54.893
G0 X55.691 Y54.893
G1 F1500 E468.99171
;MESH:NONMESH
G0 F600 Z12.75
G0 F7200 X55.691 Y55.209
G0 X43.981 Y55.139
G0 X41.632 Y44.661
;TIME_ELAPSED:620.240527
;LAYER:83
;TYPE:WALL-INNER
;MESH:blankkey.stl
G1 F1500 E475.49171
G1 F4033.6 X43.743 Y54.932 E475.80298
G1 F3447 X43.893 Y55.254 E475.81531
G1 F3484.6 X44.34 Y55.332 E475.83091
G1 F4016.7 X49.474 Y55.328 E475.98395
G0 F7200 X49.998 Y55.371
G1 F4434.2 X50.632 Y55.332 E476.0011
G1 X50.155 Y55.056 E476.01598
G1 X49.998 Y54.751 E476.02524
G1 X49.841 Y55.056 E476.03451
G1 F4373.6 X49.474 Y55.328 E476.04701
G1 X49.998 Y55.371 E476.06141
G0 F7200 X49.998 Y54.751
G1 F4085.1 X49.998 Y51.014 E476.17094
G1 F1500 E469.67094
G0 F7200 X50.197 Y55.137
G0 X50.632 Y55.332
G1 F1500 E476.17094
G1 F4016.7 X55.77 Y55.328 E476.3241
G1 F3447 X56.109 Y55.253 E476.33616
G1 F3478.3 X56.255 Y54.929 E476.3484
G1 F4067.8 X58.366 Y44.663 E476.6569
G1 F1500 E470.1569
G0 F7200 X56.151 Y54.833
G0 X55.847 Y54.77
;TYPE:WALL-OUTER
G1 F1500 E476.6569
G1 F2400 X55.695 Y54.893 E476.66178
G1 X50.632 Y54.896 E476.78807
G1 X50.472 Y54.817 E476.79253
G1 X50.432 Y54.714 E476.79528
G1 X50.432 Y50.58 E476.89841
G1 X49.564 Y50.58 E476.92006
G1 X49.564 Y54.714 E477.02318
G1 X49.524 Y54.817 E477.02594
G1 X49.399 Y54.893 E477.02959
G1 X44.34 Y54.896 E477.15578
G1 X44.214 Y54.853 E477.1591
G1 X44.153 Y54.781 E477.16146
G1 X41.985 Y44.228 E477.4302
G1 X41.101 Y44.228 E477.45225
G1 X43.333 Y55.119 E477.72958
G1 X43.487 Y55.768 E477.74622
G1 X56.503 Y55.768 E478.0709
G1 X56.613 Y55.357 E478.08151
G1 X58.898 Y44.228 E478.36492
G1 X58.012 Y44.228 E478.38702
G1 X55.847 Y54.77 E478.65548
G0 F7200 X55.695 Y54.893
G0 X55.691 Y54.893
G1 F1500 E472.15548
;MESH:NONMESH
G0 F600 Z12.9
G0 F7200 X55.691 Y55.209
G0 X43.981 Y55.139
G0 X41.632 Y44.661
;TIME_ELAPSED:625.064007
;LAYER:84
;TYPE:WALL-INNER
;MESH:blankkey.stl
G1 F1500 E478.65548
G1 F4085.1 X43.703 Y54.734 E478.9569
G1 F1500 E472.4569
G0 F7200 X49.462 Y55.062
G1 F1500 E478.9569
G1 F5697.3 X44.296 Y55.067 E479.06547
G1 F5423.7 X44.039 Y55.027 E479.07121
G1 F4776.1 X43.797 Y54.862 E479.07856
G1 F4238.4 X43.703 Y54.734 E479.08304
G1 F4626.5 X43.818 Y55.401 E479.10056
G1 F5517.2 X49.491 Y55.398 E479.22368
G1 F4729.1 X49.998 Y55.333 E479.23662
G1 F3368.4 X50.632 Y55.234 E479.25943
G1 X50.169 Y54.936 E479.279
G1 F4076.4 X50.057 Y54.77 E479.28488
G1 F4067.8 X49.998 Y54.555 E479.29144
G1 X49.939 Y54.77 E479.29801
G1 F4076.4 X49.827 Y54.936 E479.30389
G1 F4729.1 X49.462 Y55.062 E479.31367
G0 F7200 X49.998 Y54.555
G1 F4085.1 X49.998 Y51.014 E479.41745
G1 F1500 E472.91745
G0 F7200 X50.197 Y54.94
G0 X50.632 Y55.234
G1 F1500 E479.41745
G1 F2848.7 X55.827 Y55.229 E479.63581
G1 F2696.6 X56.039 Y55.195 E479.64535
G0 F7200 X56.289 Y54.752
G1 F4093.8 X56.318 Y54.646 E479.64856
G1 F4102.6 X58.366 Y44.663 E479.94599
G1 F1500 E473.44599
G0 F7200 X56.19 Y54.643
G0 X55.886 Y54.58
;TYPE:WALL-OUTER
G1 F1500 E479.94599
G1 F2400 X55.735 Y54.698 E479.95077
G1 X50.632 Y54.7 E480.07807
G1 X50.486 Y54.638 E480.08202
G1 X50.432 Y54.518 E480.08531
G1 X50.432 Y50.58 E480.18354
G1 X49.564 Y50.58 E480.20519
G1 X49.564 Y54.518 E480.30343
G1 X49.51 Y54.638 E480.30671
G1 X49.399 Y54.698 E480.30986
G1 X44.227 Y54.7 E480.43887
G1 X44.109 Y54.574 E480.44318
G1 X41.984 Y44.228 E480.70665
G1 X41.102 Y44.228 E480.72865
G1 X43.314 Y55.006 E481.00311
G1 X43.518 Y55.768 E481.02279
G1 X56.46 Y55.767 E481.34563
G1 X56.614 Y55.271 E481.35858
G1 X56.749 Y54.703 E481.37315
G1 X58.898 Y44.228 E481.63989
G1 X58.012 Y44.228 E481.66199
G1 X55.886 Y54.58 E481.92561
G0 F7200 X55.735 Y54.698
G0 X55.727 Y54.698
G1 F1500 E475.42561
;MESH:NONMESH
G0 F600 Z13.05
G0 F7200 X55.726 Y55.012
G0 X43.94 Y54.942
G0 X41.632 Y44.661
;TIME_ELAPSED:630.554716
;LAYER:85
;TYPE:WALL-INNER
;MESH:blankkey.stl
G1 F1500 E481.92561
G1 F4102.6 X43.604 Y54.272 E482.21196
G1 F4033.6 X43.63 Y54.367 E482.21488
G0 F7200 X44.034 Y54.987
G0 X49.997 Y55.028
G0 X49.998 Y54.171
G1 F4085.1 X49.998 Y51.014 E482.30742
G1 F1500 E475.80742
G0 F7200 X50.197 Y54.556
G0 X50.632 Y54.779
G1 F1500 E482.30742
G1 F4146.9 X50.264 Y54.591 E482.31935
G1 F4752.5 X50.124 Y54.443 E482.32448
G1 F4363.6 X49.998 Y54.171 E482.33271
G1 X49.872 Y54.443 E482.34093
G1 F4076.4 X49.479 Y54.774 E482.35602
G1 F3609 X44.141 Y54.776 E482.53312
G1 F3622.6 X43.867 Y54.68 E482.54272
G1 F3794.5 X43.63 Y54.367 E482.55511
G1 X43.917 Y55.303 E482.586
G1 F3609 X49.525 Y55.302 E482.77206
G1 F4111.3 X49.998 Y55.367 E482.78596
G1 F4146.9 X50.632 Y55.305 E482.80436
G1 F3636.4 X56.079 Y55.304 E482.98371
G1 F3678.2 X56.291 Y54.643 E483.00631
G1 F3878.8 X56.371 Y54.35 E483.01569
G1 X56.219 Y54.603 E483.0248
G1 F3678.2 X55.855 Y54.776 E483.03792
G1 F3636.4 X50.632 Y54.779 E483.2099
G0 F7200 X50.631 Y55.028
G0 X55.967 Y54.988
G0 X56.371 Y54.35
G1 F4067.8 X58.366 Y44.663 E483.50102
G1 F1500 E477.00102
G0 F7200 X56.138 Y54.559
G0 X55.963 Y54.19
;TYPE:WALL-OUTER
G1 F1500 E483.50102
G1 F2400 X55.911 Y54.265 E483.5033
G1 X55.8 Y54.315 E483.50633
G1 X50.632 Y54.316 E483.63525
G1 X50.509 Y54.275 E483.63848
G1 X50.432 Y54.134 E483.64249
G1 X50.432 Y50.58 E483.73115
G1 X49.564 Y50.58 E483.7528
G1 X49.564 Y54.134 E483.84145
G1 X49.487 Y54.275 E483.84546
G1 X49.399 Y54.314 E483.84786
G1 X44.196 Y54.315 E483.97765
G1 X44.113 Y54.286 E483.97984
G1 X44.035 Y54.195 E483.98283
G1 X41.984 Y44.228 E484.23667
G1 X41.102 Y44.228 E484.25867
G1 X43.18 Y54.369 E484.5169
G1 X43.307 Y54.904 E484.53061
G1 X43.574 Y55.768 E484.55317
G1 X56.426 Y55.768 E484.87377
G1 X56.733 Y54.758 E484.9001
G1 X58.898 Y44.228 E485.16827
G1 X58.012 Y44.228 E485.19037
G1 X55.963 Y54.19 E485.44407
G0 F7200 X55.911 Y54.265
G0 X55.812 Y54.309
G1 F1500 E478.94407
;MESH:NONMESH
G0 F600 Z13.2
G0 F7200 X55.811 Y55.028
G0 X43.861 Y54.558
G0 X41.632 Y44.661
;TIME_ELAPSED:635.718030
;LAYER:86
;TYPE:WALL-INNER
;MESH:blankkey.stl
G1 F1500 E485.44407
G1 F4050.6 X43.552 Y53.986 E485.7255
G0 F7200 X43.955 Y54.604
G0 X49.997 Y54.645
G0 X49.998 Y53.789
G1 F4076.4 X49.998 Y51.014 E485.80701
G1 F1500 E479.30701
G0 F7200 X50.197 Y54.173
G0 X50.631 Y54.332
G1 F1500 E485.80701
G1 F4800 X50.318 Y54.244 E485.81512
G1 X50.167 Y54.111 E485.82014
G1 F4393.6 X49.998 Y53.789 E485.83005
G1 X49.831 Y54.113 E485.83999
G1 F4800 X49.681 Y54.246 E485.84499
G1 X49.444 Y54.336 E485.85131
G1 X44.139 Y54.332 E485.98364
G1 X43.825 Y54.243 E485.99179
G1 F4353.7 X43.552 Y53.986 E486.0021
G1 X43.613 Y54.404 E486.01371
G1 F4800 X43.771 Y54.93 E486.02741
G1 X43.936 Y55.367 E486.03907
G1 X56.06 Y55.368 E486.3415
G1 X56.235 Y54.902 E486.35392
G1 X56.396 Y54.365 E486.3679
G1 F4383.6 X56.447 Y53.985 E486.37838
G1 X56.198 Y54.23 E486.38792
G1 F4800 X55.855 Y54.336 E486.39687
G1 X50.631 Y54.332 E486.52719
G0 F7200 X50.63 Y54.645
G0 X56.045 Y54.605
G0 X56.447 Y53.985
G1 F4076.4 X56.475 Y53.879 E486.53041
G1 F4093.8 X58.366 Y44.663 E486.80557
G1 F1500 E480.30557
G0 F7200 X56.216 Y54.176
G0 X56.042 Y53.815
;TYPE:WALL-OUTER
G1 F1500 E486.80557
G1 F2400 X55.97 Y53.901 E486.80837
G1 X55.855 Y53.936 E486.81137
G1 X50.631 Y53.932 E486.94168
G1 X50.477 Y53.859 E486.94593
G1 X50.432 Y53.75 E486.94888
G1 X50.432 Y50.58 E487.02795
G1 X49.564 Y50.58 E487.0496
G1 X49.564 Y53.753 E487.12875
G1 X49.52 Y53.862 E487.13169
G1 X49.399 Y53.933 E487.13519
G1 X44.139 Y53.932 E487.2664
G1 X44.035 Y53.903 E487.26909
G1 X43.956 Y53.812 E487.2721
G1 X41.984 Y44.228 E487.51618
G1 X41.102 Y44.228 E487.53818
G1 X43.179 Y54.351 E487.79596
G1 X43.386 Y55.044 E487.814
G1 X43.659 Y55.767 E487.83328
G1 X56.337 Y55.768 E488.14953
G1 X56.61 Y55.043 E488.16886
G1 X56.782 Y54.472 E488.18374
G1 X56.905 Y53.941 E488.19733
G1 X58.898 Y44.228 E488.44467
G1 X58.012 Y44.228 E488.46677
G1 X56.042 Y53.815 E488.71092
G0 F7200 X55.97 Y53.901
G0 X55.886 Y53.926
G0 X55.885 Y54.645
G0 X44.302 Y54.848
;TYPE:SKIN
G1 F1069.8 X49.522 Y54.849 E488.93
G0 F7200 X50.109 Y54.578
G1 F1800 X50.359 Y54.63 E488.93637
G1 F1376.7 X50.706 Y54.849 E488.94976
G1 X50.308 Y54.998 E488.96362
G1 F1800 X49.923 Y54.972 E488.97324
G1 F1306.7 X49.522 Y54.849 E488.98765
G1 X49.998 Y54.476 E489.00843
G1 F1690.1 X50.109 Y54.578 E489.01244
G0 F7200 X50.706 Y54.849
G1 F1073 X55.691 Y54.852 E489.22104
G0 F7200 X55.691 Y54.759
G1 F1500 E482.72104
;MESH:NONMESH
G0 F600 Z13.35
G0 F7200 X43.783 Y54.175
G0 X41.632 Y44.661
;TIME_ELAPSED:641.599073
;LAYER:87
;TYPE:WALL-INNER
;MESH:blankkey.stl
G1 F1500 E489.22104
G1 F4085.1 X43.467 Y53.586 E489.48811
G0 F7200 X43.874 Y54.222
G0 X49.997 Y54.262
G0 X49.998 Y53.407
G1 F4085.1 X49.998 Y51.014 E489.55825
G1 F1500 E483.05825
G0 F7200 X50.197 Y53.79
G0 X50.632 Y53.952
G1 F1500 E489.55825
G1 F4800 X50.357 Y53.886 E489.5653
G1 X50.201 Y53.77 E489.57015
G1 F4403.7 X49.998 Y53.407 E489.58146
G1 X49.795 Y53.77 E489.59277
G1 F4800 X49.639 Y53.886 E489.59762
G1 X49.441 Y53.952 E489.60282
G1 X43.95 Y53.952 E489.7398
G1 F4549.8 X43.556 Y53.716 E489.75188
G1 F4192.1 X43.467 Y53.586 E489.75638
G1 X43.486 Y53.749 E489.76107
G1 F4549.8 X43.605 Y54.269 E489.77511
G1 F4800 X43.775 Y54.776 E489.78845
G1 X44.038 Y55.368 E489.80461
G1 X55.973 Y55.367 E490.10233
G1 X56.274 Y54.645 E490.12184
G1 X56.465 Y54.015 E490.13826
G1 F4403.7 X56.525 Y53.604 E490.14956
G1 X56.253 Y53.862 E490.15975
G1 F4800 X55.936 Y53.952 E490.16797
G1 X50.632 Y53.952 E490.30028
G0 F7200 X50.631 Y54.262
G0 X56.124 Y54.222
G0 X56.525 Y53.604
G1 F4093.8 X56.554 Y53.498 E490.30349
G1 F4102.6 X58.366 Y44.663 E490.56672
G1 F1500 E484.06672
G0 F7200 X56.295 Y53.793
G0 X56.122 Y53.432
;TYPE:WALL-OUTER
G1 F1500 E490.56672
G1 F2400 X56.042 Y53.522 E490.56972
G1 X55.936 Y53.552 E490.57247
G1 X50.632 Y53.552 E490.70478
G1 X50.488 Y53.492 E490.70867
G1 X50.432 Y53.37 E490.71202
G1 X50.432 Y50.58 E490.78161
G1 X49.564 Y50.58 E490.80327
G1 X49.564 Y53.37 E490.87286
G1 X49.508 Y53.492 E490.87621
G1 X49.399 Y53.549 E490.87928
G1 X44.015 Y53.547 E491.01358
G1 X43.88 Y53.459 E491.0176
G1 X41.984 Y44.228 E491.25268
G1 X41.102 Y44.228 E491.27468
G1 X43.075 Y53.845 E491.51957
G1 X43.224 Y54.393 E491.53374
G1 X43.485 Y55.17 E491.55419
G1 X43.797 Y55.768 E491.57101
G1 X56.202 Y55.767 E491.88046
G1 X56.398 Y55.391 E491.89103
G1 X56.651 Y54.78 E491.90753
G1 X56.854 Y54.108 E491.92504
G1 X56.985 Y53.555 E491.93922
G1 X58.898 Y44.228 E492.17672
G1 X58.012 Y44.228 E492.19883
G1 X56.122 Y53.432 E492.43321
G0 F7200 X56.042 Y53.522
G0 X55.965 Y53.543
G0 X55.964 Y54.262
G0 X50.054 Y54.574
;TYPE:SKIN
G1 F1809 X49.981 Y54.616 E492.4353
G1 X49.98 Y54.532 E492.43739
G1 X50.054 Y54.574 E492.4395
G0 F7200 X50.51 Y54.918
G1 F1531.9 X50.136 Y54.983 E492.45063
G1 X49.551 Y54.921 E492.46787
G1 F1358.5 X44.319 Y54.924 E492.6408
G1 F1363.6 X44.116 Y54.396 E492.65942
G1 F1358.5 X49.506 Y54.394 E492.83758
G1 F1545.1 X49.996 Y54.089 E492.85435
G1 F1800 X50.18 Y54.222 E492.86001
G1 F1541.8 X50.573 Y54.392 E492.87248
G1 F1358.5 X55.883 Y54.396 E493.04799
G1 F1368.8 X55.676 Y54.921 E493.0665
G1 F1358.5 X50.51 Y54.918 E493.23725
G0 F7200 X50.51 Y54.759
G1 F1500 E486.73725
;MESH:NONMESH
G0 F600 Z13.5
G0 F7200 X43.704 Y53.792
G0 X41.632 Y44.661
;TIME_ELAPSED:647.712105
;LAYER:88
;TYPE:WALL-INNER
;MESH:blankkey.stl
G1 F1500 E493.23725
G1 F4067.8 X43.389 Y53.202 E493.49392
G0 F7200 X43.795 Y53.839
G0 X49.997 Y53.879
G0 X49.998 Y53.023
G1 F4085.1 X49.998 Y51.014 E493.5528
G1 F1500 E487.0528
G0 F7200 X50.197 Y53.407
G0 X50.632 Y53.568
G1 F1500 E493.5528
G1 F4800 X50.389 Y53.517 E493.559
G1 X50.234 Y53.418 E493.56359
G1 F4403.7 X49.998 Y53.023 E493.5761
G1 X49.762 Y53.418 E493.58861
G1 F4800 X49.438 Y53.568 E493.59752
G1 X43.873 Y53.568 E493.73633
G1 F4539 X43.476 Y53.331 E493.74853
G1 F4155.8 X43.389 Y53.202 E493.75301
G1 X43.408 Y53.363 E493.75769
G1 F4539 X43.532 Y53.902 E493.77228
G1 F4800 X43.699 Y54.393 E493.78521
G1 X43.979 Y55.077 E493.80365
G1 X44.177 Y55.368 E493.81243
G1 X55.818 Y55.368 E494.10281
G1 X56.013 Y55.08 E494.11149
G1 X56.302 Y54.392 E494.13011
G1 X56.519 Y53.736 E494.14734
G1 F4393.6 X56.602 Y53.218 E494.16164
G1 X56.256 Y53.518 E494.17412
G1 F4800 X56.012 Y53.568 E494.18033
G1 X50.632 Y53.568 E494.31454
G0 F7200 X50.631 Y53.879
G0 X56.207 Y53.838
G0 X56.602 Y53.218
G1 F4076.4 X56.63 Y53.112 E494.31776
G1 F4093.8 X58.366 Y44.663 E494.57004
G1 F1500 E488.07004
G0 F7200 X56.374 Y53.41
G0 X56.198 Y53.047
;TYPE:WALL-OUTER
G1 F1500 E494.57004
G1 F2400 X56.078 Y53.168 E494.57429
G1 X50.632 Y53.168 E494.71014
G1 X50.499 Y53.118 E494.71368
G1 X50.432 Y52.986 E494.71738
G1 X50.432 Y50.58 E494.77739
G1 X49.564 Y50.58 E494.79905
G1 X49.564 Y52.986 E494.85906
G1 X49.497 Y53.118 E494.86276
G1 X49.399 Y53.165 E494.86547
G1 X43.938 Y53.163 E495.00169
G1 X43.803 Y53.073 E495.00574
G1 X41.984 Y44.228 E495.231
G1 X41.102 Y44.228 E495.253
G1 X42.995 Y53.461 E495.48811
G1 X43.153 Y54.03 E495.50284
G1 X43.324 Y54.533 E495.51609
G1 X43.625 Y55.268 E495.5359
G1 X43.966 Y55.768 E495.551
G1 X56.03 Y55.768 E495.85194
G1 X56.367 Y55.272 E495.8669
G1 X56.676 Y54.533 E495.88688
G1 X56.903 Y53.853 E495.90476
G1 X57.061 Y53.172 E495.9222
G1 X58.898 Y44.228 E496.14997
G1 X58.012 Y44.228 E496.17207
G1 X56.198 Y53.047 E496.39666
G0 F7200 X56.078 Y53.168
G0 X56.048 Y53.168
G0 X56.047 Y53.879
G0 X44.702 Y54.468
;TYPE:SKIN
G1 F1114.6 X49.584 Y54.461 E496.59334
G0 F7200 X50.59 Y53.944
G1 F1800 X56.069 Y53.949 E496.73002
G1 X55.638 Y54.987 E496.75805
G1 X44.354 Y54.988 E497.03953
G1 X43.927 Y53.948 E497.06758
G1 X49.495 Y53.945 E497.20647
G1 X49.783 Y53.85 E497.21404
G1 X49.998 Y53.71 E497.22044
G1 X50.202 Y53.848 E497.22658
G1 X50.59 Y53.944 E497.23655
G0 F7200 X50.514 Y54.463
G1 F1384.6 X49.972 Y54.591 E497.25461
G1 F1379.3 X49.584 Y54.461 E497.26793
G1 F1384.6 X49.989 Y54.176 E497.28399
G1 F1390 X50.514 Y54.463 E497.30332
G1 F1121.5 X55.29 Y54.466 E497.49454
G1 F1500 E490.99454
;MESH:NONMESH
G0 F600 Z13.65
G0 F7200 X43.625 Y53.409
G0 X41.632 Y44.661
;TIME_ELAPSED:654.276848
;LAYER:89
;TYPE:WALL-INNER
;MESH:blankkey.stl
G1 F1500 E497.49454
G1 F4102.6 X43.28 Y52.699 E497.73401
G1 F4042.1 X43.316 Y52.837 E497.73824
G0 F7200 X43.719 Y53.455
G0 X49.998 Y53.496
G0 X49.998 Y52.639
G1 F4085.1 X49.998 Y51.014 E497.78587
G1 F1500 E491.28587
G0 F7200 X50.197 Y53.023
G0 X50.632 Y53.184
G1 F1500 E497.78587
G1 F4800 X50.414 Y53.144 E497.79139
G1 X50.263 Y53.058 E497.79573
G1 F4403.7 X49.998 Y52.639 E497.80921
G1 X49.733 Y53.058 E497.82269
G1 F4800 X49.435 Y53.184 E497.83076
G1 X43.904 Y53.184 E497.96873
G1 X43.587 Y53.095 E497.97694
G1 F4363.6 X43.316 Y52.837 E497.98721
G1 X43.377 Y53.255 E497.9988
G1 F4800 X43.57 Y53.893 E498.01543
G1 X43.8 Y54.445 E498.03035
G1 X44.204 Y55.146 E498.05053
G1 X44.41 Y55.368 E498.05808
G1 X55.587 Y55.368 E498.3369
G1 X55.8 Y55.137 E498.34473
G1 X56.049 Y54.756 E498.35609
G1 X56.341 Y54.123 E498.37348
G1 X56.56 Y53.46 E498.39089
G1 F4496.5 X56.677 Y52.912 E498.40582
G1 F4146.9 X56.687 Y52.818 E498.40855
G1 X56.636 Y52.897 E498.41126
G1 F4496.5 X56.228 Y53.185 E498.42456
G1 F4800 X50.632 Y53.184 E498.56415
G0 F7200 X50.631 Y53.495
G0 X56.284 Y53.455
G0 X56.687 Y52.818
G1 F4076.4 X58.366 Y44.663 E498.80871
G1 F1500 E492.30871
G0 F7200 X56.452 Y53.027
G0 X56.276 Y52.676
;TYPE:WALL-OUTER
G1 F1500 E498.80871
G1 F2400 X56.139 Y52.785 E498.81308
G1 X50.632 Y52.784 E498.95045
G1 X50.509 Y52.742 E498.95369
G1 X50.432 Y52.602 E498.95768
G1 X50.432 Y50.58 E499.00812
G1 X49.564 Y50.58 E499.02977
G1 X49.564 Y52.602 E499.08021
G1 X49.487 Y52.742 E499.0842
G1 X49.399 Y52.781 E499.0866
G1 X43.904 Y52.784 E499.22367
G1 X43.798 Y52.755 E499.22641
G1 X43.72 Y52.664 E499.2294
G1 X41.984 Y44.228 E499.44425
G1 X41.102 Y44.228 E499.46625
G1 X42.864 Y52.83 E499.68528
G1 X42.985 Y53.339 E499.69833
G1 X43.193 Y54.028 E499.71629
G1 X43.44 Y54.623 E499.73236
G1 X43.876 Y55.379 E499.75413
G1 X44.27 Y55.768 E499.76794
G1 X55.726 Y55.768 E500.05371
G1 X56.12 Y55.379 E500.06752
G1 X56.4 Y54.95 E500.0803
G1 X56.713 Y54.27 E500.09897
G1 X56.944 Y53.574 E500.11727
G1 X57.095 Y52.999 E500.1321
G1 X58.898 Y44.228 E500.35546
G1 X58.012 Y44.228 E500.37757
G1 X56.276 Y52.676 E500.59271
G0 F7200 X56.139 Y52.785
G0 X56.114 Y52.785
G0 X56.113 Y53.496
G0 X50.593 Y53.561
;TYPE:SKIN
G1 F1800 X56.118 Y53.561 E500.73053
G1 X55.985 Y53.975 E500.74137
G1 X55.714 Y54.567 E500.75762
G1 X55.413 Y54.988 E500.77053
G1 X44.549 Y54.988 E501.04153
G1 X44.144 Y54.283 E501.06181
G1 X43.841 Y53.559 E501.08139
G1 X49.491 Y53.561 E501.22233
G1 X49.718 Y53.499 E501.2282
G1 X49.996 Y53.312 E501.23656
G1 X50.247 Y53.482 E501.24412
G1 X50.593 Y53.561 E501.25297
G0 F7200 X54.955 Y54.788
G1 F1800 X55.761 Y53.982 E501.28141
G0 F7200 X55.413 Y53.764
G1 F1800 X54.389 Y54.788 E501.31753
G0 F7200 X53.824 Y54.788
G1 F1800 X54.847 Y53.764 E501.35364
G0 F7200 X54.282 Y53.764
G1 F1800 X53.258 Y54.788 E501.38976
G0 F7200 X52.692 Y54.788
G1 F1800 X53.716 Y53.764 E501.42589
G0 F7200 X53.151 Y53.763
G1 F1800 X52.126 Y54.788 E501.46205
G0 F7200 X51.561 Y54.788
G1 F1800 X52.585 Y53.763 E501.49819
G0 F7200 X52.02 Y53.763
G1 F1800 X50.995 Y54.788 E501.53435
G0 F7200 X50.429 Y54.788
G1 F1800 X51.454 Y53.763 E501.57051
G0 F7200 X50.888 Y53.763
G1 F1800 X49.864 Y54.788 E501.60665
G0 F7200 X49.298 Y54.788
G1 F1800 X50.369 Y53.717 E501.64443
G0 F7200 X49.891 Y53.629
G1 F1800 X48.732 Y54.788 E501.68532
G0 F7200 X48.167 Y54.788
G1 F1800 X49.197 Y53.758 E501.72165
G0 F7200 X48.631 Y53.759
G1 F1800 X47.601 Y54.788 E501.75797
G0 F7200 X47.035 Y54.788
G1 F1800 X48.064 Y53.759 E501.79427
G0 F7200 X47.498 Y53.76
G1 F1800 X46.47 Y54.788 E501.83054
G0 F7200 X45.904 Y54.788
G1 F1800 X46.931 Y53.761 E501.86677
G0 F7200 X46.365 Y53.761
G1 F1800 X45.338 Y54.788 E501.903
G0 F7200 X44.773 Y54.788
G1 F1800 X45.799 Y53.762 E501.93919
G0 F7200 X45.232 Y53.763
G1 F1800 X44.498 Y54.497 E501.96509
G0 F7200 X44.298 Y54.131
G1 F1800 X44.666 Y53.763 E501.97807
G0 F7200 X44.666 Y53.796
G1 F1500 E495.47807
;MESH:NONMESH
G0 F600 Z13.8
G0 F7200 X43.547 Y53.026
G0 X41.632 Y44.661
;TIME_ELAPSED:661.453096
;LAYER:90
;TYPE:WALL-INNER
;MESH:blankkey.stl
G1 F1500 E501.97807
G1 F4085.1 X43.231 Y52.434 E502.21067
G0 F7200 X43.638 Y53.072
G0 X49.997 Y53.112
G0 X49.998 Y52.255
G1 F4085.1 X49.998 Y51.014 E502.24705
G1 F1500 E495.74705
G0 F7200 X50.197 Y52.64
G0 X50.632 Y52.8
G1 F1500 E502.24705
G1 F4800 X50.42 Y52.762 E502.25242
G1 X50.27 Y52.68 E502.25668
G1 F4403.7 X49.998 Y52.255 E502.2704
G1 X49.726 Y52.68 E502.28412
G1 F4800 X49.434 Y52.8 E502.292
G1 X43.715 Y52.8 E502.43466
G1 F4549.8 X43.32 Y52.564 E502.44677
G1 F4192.1 X43.231 Y52.434 E502.45127
G1 X43.25 Y52.597 E502.45595
G1 F4549.8 X43.37 Y53.129 E502.47031
G1 F4800 X43.63 Y53.892 E502.49041
G1 X43.917 Y54.449 E502.50604
G1 X44.16 Y54.807 E502.51684
G1 X44.349 Y55.002 E502.52361
G1 X44.509 Y55.084 E502.5281
G1 X55.527 Y55.079 E502.80294
G1 X55.834 Y54.811 E502.81311
G1 X56.173 Y54.313 E502.82814
G1 X56.457 Y53.624 E502.84673
G1 X56.627 Y53.121 E502.85997
G1 F4571.4 X56.749 Y52.595 E502.87411
G1 F4210.5 X56.766 Y52.434 E502.87872
G1 X56.674 Y52.563 E502.88322
G1 F4571.4 X56.282 Y52.8 E502.89522
G1 F4800 X50.632 Y52.8 E503.03616
G0 F7200 X50.631 Y53.112
G0 X56.363 Y53.073
G0 X56.766 Y52.434
G1 F4085.1 X58.366 Y44.663 E503.26871
G1 F1500 E496.76871
G0 F7200 X56.531 Y52.643
G0 X56.36 Y52.274
;TYPE:WALL-OUTER
G1 F1500 E503.26871
G1 F2400 X56.217 Y52.396 E503.2734
G1 X50.632 Y52.4 E503.41272
G1 X50.511 Y52.36 E503.4159
G1 X50.432 Y52.218 E503.41995
G1 X50.432 Y50.58 E503.46081
G1 X49.564 Y50.58 E503.48246
G1 X49.564 Y52.218 E503.52332
G1 X49.485 Y52.36 E503.52738
G1 X49.364 Y52.4 E503.53056
G1 X43.779 Y52.395 E503.66987
G1 X43.644 Y52.307 E503.67389
G1 X41.984 Y44.228 E503.87964
G1 X41.102 Y44.228 E503.90164
G1 X42.842 Y52.706 E504.11753
G1 X42.994 Y53.265 E504.13198
G1 X43.261 Y54.049 E504.15264
G1 X43.573 Y54.653 E504.1696
G1 X43.848 Y55.061 E504.18187
G1 X44.109 Y55.328 E504.19119
G1 X44.413 Y55.484 E504.19971
G1 X55.574 Y55.48 E504.47812
G1 X55.69 Y55.45 E504.48111
G1 X55.934 Y55.289 E504.4884
G1 X56.147 Y55.062 E504.49617
G1 X56.527 Y54.504 E504.51301
G1 X56.832 Y53.765 E504.53295
G1 X57.008 Y53.245 E504.54665
G1 X57.16 Y52.68 E504.56124
G1 X58.898 Y44.228 E504.77649
G1 X58.012 Y44.228 E504.79859
G1 X56.36 Y52.274 E505.00348
G0 F7200 X56.217 Y52.396
G0 X56.205 Y52.396
G0 X56.204 Y53.112
G0 X50.599 Y53.177
;TYPE:SKIN
G1 F1800 X56.224 Y53.18 E505.1438
G1 X55.834 Y54.136 E505.16956
G1 X55.54 Y54.567 E505.18257
G1 X55.394 Y54.7 E505.1875
G1 X44.622 Y54.704 E505.45621
G1 X44.447 Y54.553 E505.46197
G1 X44.245 Y54.257 E505.47091
G1 X43.985 Y53.745 E505.48524
G1 X43.791 Y53.181 E505.50011
G1 X49.491 Y53.177 E505.6423
G1 X49.931 Y52.995 E505.65418
G1 X49.998 Y52.926 E505.65658
G1 X50.257 Y53.103 E505.6644
G1 X50.599 Y53.177 E505.67313
G0 F7200 X55.844 Y53.581
G1 F1800 X55.642 Y53.379 E505.68026
G0 F7200 X55.076 Y53.379
G1 F1800 X55.68 Y53.983 E505.70157
G0 F7200 X55.451 Y54.319
G1 F1800 X54.509 Y53.378 E505.73478
G0 F7200 X53.944 Y53.378
G1 F1800 X55.065 Y54.5 E505.77434
G0 F7200 X54.5 Y54.5
G1 F1800 X53.377 Y53.377 E505.81396
G0 F7200 X52.811 Y53.377
G1 F1800 X53.934 Y54.5 E505.85358
G0 F7200 X53.369 Y54.5
G1 F1800 X52.245 Y53.376 E505.89323
G0 F7200 X51.678 Y53.375
G1 F1800 X52.803 Y54.5 E505.93292
G0 F7200 X52.238 Y54.501
G1 F1800 X51.112 Y53.375 E505.97264
G0 F7200 X50.541 Y53.37
G1 F1800 X51.673 Y54.501 E506.01256
G0 F7200 X51.107 Y54.501
G1 F1800 X49.85 Y53.244 E506.0569
G0 F7200 X49.415 Y53.375
G1 F1800 X50.542 Y54.502 E506.09666
G0 F7200 X49.976 Y54.502
G1 F1800 X48.85 Y53.376 E506.13638
G0 F7200 X48.285 Y53.377
G1 F1800 X49.411 Y54.502 E506.17609
G0 F7200 X48.846 Y54.502
G1 F1800 X47.72 Y53.377 E506.21579
G0 F7200 X47.155 Y53.377
G1 F1800 X48.28 Y54.502 E506.25548
G0 F7200 X47.715 Y54.503
G1 F1800 X46.59 Y53.378 E506.29517
G0 F7200 X46.025 Y53.379
G1 F1800 X47.149 Y54.503 E506.33482
G0 F7200 X46.583 Y54.503
G1 F1800 X45.46 Y53.379 E506.37445
G0 F7200 X44.895 Y53.38
G1 F1800 X46.019 Y54.504 E506.4141
G0 F7200 X45.453 Y54.504
G1 F1800 X44.33 Y53.381 E506.45372
G0 F7200 X44.294 Y53.911
G1 F1800 X44.887 Y54.504 E506.47464
G1 X44.957 Y54.574
G0 F7200 X44.958 Y54.475
G1 F1500 E499.97464
;MESH:NONMESH
G0 F600 Z13.95
G0 F7200 X43.468 Y52.642
G0 X41.632 Y44.661
;TIME_ELAPSED:668.710831
;LAYER:91
;TYPE:WALL-INNER
;MESH:blankkey.stl
G1 F1500 E506.47464
G1 F4059.2 X43.154 Y52.051 E506.6972
G0 F7200 X43.563 Y52.687
G0 X49.997 Y52.729
G0 X49.998 Y51.873
G1 F4076.4 X49.998 Y51.014 E506.72243
G1 F1500 E500.22243
G0 F7200 X50.197 Y52.257
G0 X50.631 Y52.417
G1 F1500 E506.72243
G1 F4800 X50.422 Y52.378 E506.72774
G1 X50.272 Y52.297 E506.73199
G1 F4393.6 X49.998 Y51.873 E506.74575
G1 X49.727 Y52.299 E506.75951
G1 F4800 X49.439 Y52.42 E506.7673
G1 X43.747 Y52.416 E506.90929
G1 F4752.5 X43.371 Y52.288 E506.91929
G1 F4334.1 X43.154 Y52.051 E506.92817
G1 X43.192 Y52.404 E506.93798
G1 F4752.5 X43.464 Y53.243 E506.9602
G1 F4800 X43.738 Y53.904 E506.97805
G1 X44.02 Y54.342 E506.99105
G1 X44.279 Y54.62 E507.00052
G1 X44.435 Y54.7 E507.0049
G1 X55.596 Y54.7 E507.28331
G1 X55.86 Y54.516 E507.29134
G1 X56.252 Y53.92 E507.30913
G1 X56.56 Y53.186 E507.32899
G1 X56.758 Y52.574 E507.34503
G1 F4393.6 X56.838 Y52.069 E507.35897
G1 X56.501 Y52.365 E507.37119
G1 F4800 X56.247 Y52.42 E507.37767
G1 X50.631 Y52.417 E507.51777
G0 F7200 X50.63 Y52.729
G0 X56.443 Y52.688
G0 X56.838 Y52.069
G1 F4076.4 X56.866 Y51.963 E507.52099
G1 F4093.8 X58.366 Y44.663 E507.73896
G1 F1500 E501.23896
G0 F7200 X56.61 Y52.26
G0 X56.434 Y51.899
;TYPE:WALL-OUTER
G1 F1500 E507.73896
G1 F2400 X56.315 Y52.02 E507.74319
G1 X50.631 Y52.017 E507.88498
G1 X50.512 Y51.977 E507.88811
G1 X50.432 Y51.834 E507.8922
G1 X50.432 Y50.58 E507.92348
G1 X49.564 Y50.58 E507.94513
G1 X49.564 Y51.837 E507.97649
G1 X49.485 Y51.98 E507.98056
G1 X49.399 Y52.018 E507.98291
G1 X43.747 Y52.016 E508.1239
G1 X43.623 Y51.973 E508.12717
G1 X43.562 Y51.89 E508.12974
G1 X41.985 Y44.228 E508.32488
G1 X41.101 Y44.228 E508.34693
G1 X42.802 Y52.508 E508.55779
G1 X43.088 Y53.382 E508.58073
G1 X43.382 Y54.09 E508.59985
G1 X43.703 Y54.588 E508.61463
G1 X44.035 Y54.945 E508.62679
G1 X44.34 Y55.1 E508.63533
G1 X55.65 Y55.1 E508.91746
G1 X55.763 Y55.071 E508.92037
G1 X56.068 Y54.858 E508.92965
G1 X56.271 Y54.619 E508.93747
G1 X56.606 Y54.109 E508.95269
G1 X56.936 Y53.326 E508.97388
G1 X57.142 Y52.69 E508.99056
G1 X57.297 Y52.024 E509.00762
G1 X58.898 Y44.228 E509.20615
G1 X58.012 Y44.228 E509.22825
G1 X56.434 Y51.899 E509.42361
G0 F7200 X56.315 Y52.02
G0 X56.285 Y52.02
G0 X56.284 Y52.729
G0 X50.599 Y52.793
;TYPE:SKIN
G1 F1800 X56.313 Y52.795 E509.56615
G1 X55.918 Y53.729 E509.59144
G1 X55.581 Y54.242 E509.60676
G1 X55.472 Y54.32 E509.6101
G1 X44.555 Y54.32 E509.88242
G1 X44.315 Y54.098 E509.89058
G1 X44.078 Y53.726 E509.90158
G1 X43.824 Y53.122 E509.91793
G1 X43.716 Y52.791 E509.92661
G1 X49.491 Y52.797 E510.07067
G1 X49.928 Y52.616 E510.08247
G1 X49.998 Y52.546 E510.08494
G1 X50.281 Y52.73 E510.09336
G1 X50.599 Y52.793 E510.10145
G0 F7200 X55.057 Y54.12
G1 F1800 X55.885 Y53.292 E510.13066
G0 F7200 X55.613 Y52.998
G1 F1800 X54.492 Y54.12 E510.17022
G0 F7200 X53.926 Y54.12
G1 F1800 X55.048 Y52.998 E510.2098
G0 F7200 X54.483 Y52.997
G1 F1800 X53.36 Y54.12 E510.24942
G0 F7200 X52.795 Y54.12
G1 F1800 X53.919 Y52.996 E510.28907
G0 F7200 X53.354 Y52.995
G1 F1800 X52.229 Y54.12 E510.32876
G0 F7200 X51.663 Y54.12
G1 F1800 X52.79 Y52.993 E510.36852
G0 F7200 X52.225 Y52.993
G1 F1800 X51.098 Y54.12 E510.40827
G0 F7200 X50.532 Y54.12
G1 F1800 X51.661 Y52.991 E510.4481
G0 F7200 X51.096 Y52.991
G1 F1800 X49.966 Y54.12 E510.48795
G0 F7200 X49.401 Y54.12
G1 F1800 X50.537 Y52.984 E510.52802
G0 F7200 X50.097 Y52.858
G1 F1800 X48.835 Y54.12 E510.57254
G0 F7200 X48.269 Y54.12
G1 F1800 X49.395 Y52.994 E510.61227
G0 F7200 X48.829 Y52.994
G1 F1800 X47.704 Y54.12 E510.65197
G0 F7200 X47.138 Y54.12
G1 F1800 X48.264 Y52.994 E510.6917
G0 F7200 X47.697 Y52.995
G1 F1800 X46.572 Y54.12 E510.73138
G0 F7200 X46.006 Y54.12
G1 F1800 X47.131 Y52.995 E510.77107
G0 F7200 X46.565 Y52.996
G1 F1800 X45.441 Y54.12 E510.81072
G0 F7200 X44.875 Y54.12
G1 F1800 X45.999 Y52.996 E510.85037
G0 F7200 X45.434 Y52.996
G1 F1800 X44.466 Y53.963 E510.88451
G0 F7200 X44.249 Y53.615
G1 F1800 X44.867 Y52.996 E510.90632
G0 F7200 X44.302 Y52.996
G1 F1800 X44.084 Y53.214 E510.91402
G0 F7200 X44.106 Y53.207
G1 F1500 E504.41402
;MESH:NONMESH
G0 F600 Z14.1
G0 F7200 X43.389 Y52.259
G0 X41.632 Y44.661
;TIME_ELAPSED:675.885257
;LAYER:92
;TYPE:WALL-INNER
;MESH:blankkey.stl
G1 F1500 E510.91402
G1 F4085.1 X43.075 Y51.67 E511.12376
G0 F7200 X43.482 Y52.306
G0 X49.997 Y52.346
G0 X49.998 Y51.491
G1 F4085.1 X49.998 Y51.014 E511.13774
G1 F1500 E504.63774
G0 F7200 X50.197 Y51.874
G0 X50.632 Y52.036
G1 F1500 E511.13774
G1 F4800 X50.42 Y51.998 E511.14311
G1 X50.27 Y51.916 E511.14738
G1 F4403.7 X49.998 Y51.491 E511.1611
G1 X49.726 Y51.916 E511.17482
G1 F4800 X49.434 Y52.036 E511.18269
G1 X43.668 Y52.036 E511.32653
G1 F4549.8 X43.164 Y51.8 E511.34117
G1 F4192.1 X43.075 Y51.67 E511.34567
G1 X43.094 Y51.833 E511.35036
G1 F4549.8 X43.293 Y52.649 E511.37246
G1 F4800 X43.66 Y53.527 E511.3962
G1 X44.006 Y54.046 E511.41176
G1 X44.186 Y54.234 E511.41825
G1 X44.355 Y54.32 E511.42299
G1 X55.636 Y54.316 E511.70439
G1 X55.766 Y54.262 E511.7079
G1 X55.937 Y54.102 E511.71374
G1 X56.286 Y53.592 E511.72916
G1 X56.526 Y53.087 E511.74311
G1 X56.724 Y52.547 E511.75745
G1 F4560.6 X56.904 Y51.827 E511.77694
G1 F4210.5 X56.922 Y51.67 E511.78143
G1 X56.835 Y51.798 E511.78583
G1 F4560.6 X56.343 Y52.036 E511.80018
G1 F4800 X50.632 Y52.036 E511.94265
G0 F7200 X50.631 Y52.346
G0 X56.513 Y52.307
G0 X56.922 Y51.67
G1 F4085.1 X58.366 Y44.663 E512.15234
G1 F1500 E505.65234
G0 F7200 X56.688 Y51.877
G0 X56.509 Y51.544
;TYPE:WALL-OUTER
G1 F1500 E512.15234
G1 F2400 X56.333 Y51.636 E512.15729
G1 X50.632 Y51.636 E512.29951
G1 X50.511 Y51.596 E512.30268
G1 X50.432 Y51.454 E512.30674
G1 X50.432 Y50.58 E512.32854
G1 X49.564 Y50.58 E512.35019
G1 X49.564 Y51.454 E512.37199
G1 X49.485 Y51.596 E512.37605
G1 X49.364 Y51.636 E512.37923
G1 X43.668 Y51.636 E512.52131
G1 X43.488 Y51.546 E512.52633
G1 X41.984 Y44.228 E512.7127
G1 X41.102 Y44.228 E512.7347
G1 X42.683 Y51.929 E512.93081
G1 X42.914 Y52.779 E512.95278
G1 X43.306 Y53.717 E512.97814
G1 X43.693 Y54.298 E512.99555
G1 X43.945 Y54.56 E513.00462
G1 X44.26 Y54.72 E513.01344
G1 X55.716 Y54.716 E513.29921
G1 X55.986 Y54.604 E513.3065
G1 X56.243 Y54.364 E513.31527
G1 X56.634 Y53.792 E513.33255
G1 X56.895 Y53.242 E513.34774
G1 X57.105 Y52.67 E513.36294
G1 X57.313 Y51.928 E513.38216
G1 X58.898 Y44.228 E513.57827
G1 X58.012 Y44.228 E513.60037
G1 X56.509 Y51.544 E513.78668
G0 F7200 X56.333 Y51.636
G0 X56.332 Y51.636
G0 X56.331 Y52.346
G0 X50.599 Y52.413
;TYPE:SKIN
G1 F1800 X56.363 Y52.418 E513.93046
G1 X56.175 Y52.934 E513.94416
G1 X55.949 Y53.408 E513.95726
G1 X55.652 Y53.845 E513.97044
G1 X55.535 Y53.936 E513.97414
G1 X44.469 Y53.94 E514.25018
G1 X44.295 Y53.792 E514.25588
G1 X43.997 Y53.352 E514.26914
G1 X43.606 Y52.416 E514.29444
G1 X49.491 Y52.413 E514.44124
G1 X49.931 Y52.231 E514.45312
G1 X49.998 Y52.162 E514.45552
G1 X50.257 Y52.339 E514.46334
G1 X50.599 Y52.413 E514.47207
G0 F7200 X56.074 Y52.68
G1 F1800 X56.011 Y52.617 E514.47429
G0 F7200 X55.892 Y53.063
G1 F1800 X55.444 Y52.616 E514.49008
G0 F7200 X54.879 Y52.616
G1 F1800 X55.69 Y53.427 E514.51869
G0 F7200 X55.433 Y53.736
G1 F1800 X54.312 Y52.615 E514.55824
G0 F7200 X53.746 Y52.614
G1 F1800 X54.867 Y53.736 E514.5978
G0 F7200 X54.302 Y53.736
G1 F1800 X53.179 Y52.614 E514.6374
G0 F7200 X52.613 Y52.613
G1 F1800 X53.736 Y53.736 E514.67702
G0 F7200 X53.171 Y53.737
G1 F1800 X52.047 Y52.612 E514.71669
G0 F7200 X51.48 Y52.612
G1 F1800 X52.605 Y53.737 E514.75638
G0 F7200 X52.04 Y53.737
G1 F1800 X50.914 Y52.611 E514.7961
G0 F7200 X50.29 Y52.553
G1 F1800 X51.475 Y53.737 E514.83788
G0 F7200 X50.909 Y53.737
G1 F1800 X49.708 Y52.537 E514.88024
G0 F7200 X49.216 Y52.61
G1 F1800 X50.343 Y53.737 E514.91999
G0 F7200 X49.778 Y53.738
G1 F1800 X48.651 Y52.611 E514.95975
G0 F7200 X48.086 Y52.612
G1 F1800 X49.213 Y53.738 E514.99949
G0 F7200 X48.647 Y53.738
G1 F1800 X47.521 Y52.612 E515.03921
G0 F7200 X46.956 Y52.613
G1 F1800 X48.082 Y53.739 E515.07894
G0 F7200 X47.516 Y53.739
G1 F1800 X46.391 Y52.614 E515.11862
G0 F7200 X45.825 Y52.614
G1 F1800 X46.95 Y53.739 E515.15831
G0 F7200 X46.385 Y53.739
G1 F1800 X45.26 Y52.614 E515.198
G0 F7200 X44.696 Y52.615
G1 F1800 X45.82 Y53.739 E515.23765
G0 F7200 X45.254 Y53.739
G1 F1800 X44.131 Y52.616 E515.27727
G0 F7200 X44.15 Y53.201
G1 F1800 X44.688 Y53.739 E515.29625
G0 F7200 X44.689 Y53.709
G1 F1500 E508.79625
;MESH:NONMESH
G0 F600 Z14.25
G0 F7200 X43.311 Y51.876
G0 X41.632 Y44.661
;TIME_ELAPSED:683.053013
;LAYER:93
;TYPE:WALL-INNER
;MESH:blankkey.stl
G1 F1500 E515.29625
G1 F4085.1 X42.995 Y51.286 E515.4945
G0 F7200 X43.406 Y51.921
G0 X50.631 Y51.962
G0 X50.632 Y51.652
G1 F4800 X50.42 Y51.614 E515.49987
G1 X50.27 Y51.532 E515.50413
G1 F4403.7 X49.998 Y51.107 E515.51785
G1 X49.726 Y51.532 E515.53157
G1 F4800 X49.439 Y51.652 E515.53933
G1 X43.588 Y51.652 E515.68529
G1 F4764.3 X43.216 Y51.528 E515.69514
G1 F4363.6 X42.995 Y51.286 E515.70413
G1 X43.036 Y51.646 E515.71408
G1 F4764.3 X43.303 Y52.478 E515.73604
G1 F4800 X43.489 Y52.917 E515.74793
G1 X43.818 Y53.512 E515.76489
G1 X44.227 Y53.93 E515.77948
G1 X55.726 Y53.932 E516.06632
G1 X55.885 Y53.852 E516.07076
G1 X56.131 Y53.6 E516.07955
G1 X56.458 Y53.042 E516.09568
G1 X56.682 Y52.511 E516.11006
G1 X56.859 Y51.982 E516.12397
G1 F4393.6 X56.992 Y51.314 E516.14253
G1 X56.518 Y51.653 E516.15841
G1 F4800 X50.632 Y51.652 E516.30524
G0 F7200 X50.631 Y51.962
G0 X56.598 Y51.925
G0 X56.992 Y51.314
G1 F4076.4 X57.029 Y51.179 E516.30935
G1 F4093.8 X58.366 Y44.663 E516.5039
G1 F1500 E510.0039
G0 F7200 X56.767 Y51.494
G0 X56.592 Y51.135
;TYPE:WALL-OUTER
G1 F1500 E516.5039
G1 F2400 X56.452 Y51.248 E516.50839
G1 X50.632 Y51.252 E516.65357
G1 X50.511 Y51.212 E516.65675
G1 X50.432 Y51.07 E516.66081
G1 X50.432 Y50.58 E516.67303
G1 X49.564 Y50.58 E516.69468
G1 X49.564 Y51.07 E516.7069
G1 X49.485 Y51.212 E516.71096
G1 X49.399 Y51.25 E516.7133
G1 X43.588 Y51.252 E516.85826
G1 X43.464 Y51.21 E516.86152
G1 X43.401 Y51.126 E516.86414
G1 X41.984 Y44.228 E517.03981
G1 X41.102 Y44.228 E517.06181
G1 X42.646 Y51.748 E517.25331
G1 X42.928 Y52.618 E517.27612
G1 X43.129 Y53.092 E517.28897
G1 X43.489 Y53.744 E517.30755
G1 X43.879 Y54.185 E517.32223
G1 X44.175 Y54.332 E517.33048
G1 X55.82 Y54.332 E517.62096
G1 X56.124 Y54.18 E517.62944
G1 X56.451 Y53.845 E517.64112
G1 X56.816 Y53.222 E517.65913
G1 X57.056 Y52.653 E517.67453
G1 X57.243 Y52.095 E517.68921
G1 X57.458 Y51.25 E517.71096
G1 X58.898 Y44.228 E517.88977
G1 X58.012 Y44.228 E517.91188
G1 X56.592 Y51.135 E518.08777
G0 F7200 X56.452 Y51.248
G0 X56.432 Y51.248
G0 X56.431 Y51.963
G0 X50.599 Y52.029
;TYPE:SKIN
G1 F1800 X56.436 Y52.033 E518.23338
G1 X56.351 Y52.32 E518.24085
G1 X56.12 Y52.865 E518.25561
G1 X55.828 Y53.362 E518.26999
G1 X55.609 Y53.552 E518.27722
G1 X44.362 Y53.552 E518.55778
G1 X44.129 Y53.291 E518.56651
G1 X43.737 Y52.58 E518.58676
G1 X43.558 Y52.027 E518.60126
G1 X49.491 Y52.029 E518.74926
G1 X49.931 Y51.847 E518.76114
G1 X49.998 Y51.778 E518.76354
G1 X50.257 Y51.955 E518.77136
G1 X50.599 Y52.029 E518.78009
G0 F7200 X55.26 Y53.352
G1 F1800 X56.016 Y52.596 E518.80676
G0 F7200 X55.813 Y52.233
G1 F1800 X54.694 Y53.352 E518.84624
G0 F7200 X54.128 Y53.352
G1 F1800 X55.248 Y52.232 E518.88575
G0 F7200 X54.683 Y52.231
G1 F1800 X53.563 Y53.352 E518.92528
G0 F7200 X52.997 Y53.352
G1 F1800 X54.118 Y52.23 E518.96484
G0 F7200 X53.553 Y52.23
G1 F1800 X52.431 Y53.352 E519.00442
G0 F7200 X51.866 Y53.352
G1 F1800 X52.988 Y52.229 E519.04402
G0 F7200 X52.423 Y52.228
G1 F1800 X51.3 Y53.352 E519.08366
G0 F7200 X50.734 Y53.352
G1 F1800 X51.859 Y52.228 E519.12333
G0 F7200 X51.294 Y52.227
G1 F1800 X50.169 Y53.352 E519.16301
G0 F7200 X49.603 Y53.352
G1 F1800 X50.729 Y52.226 E519.20274
G0 F7200 X50.233 Y52.156
G1 F1800 X49.037 Y53.352 E519.24493
G0 F7200 X48.471 Y53.352
G1 F1800 X49.645 Y52.178 E519.28634
G0 F7200 X49.031 Y52.226
G1 F1800 X47.906 Y53.352 E519.32605
G0 F7200 X47.34 Y53.352
G1 F1800 X48.465 Y52.227 E519.36574
G0 F7200 X47.899 Y52.228
G1 F1800 X46.774 Y53.352 E519.40541
G0 F7200 X46.209 Y53.352
G1 F1800 X47.332 Y52.228 E519.44504
G0 F7200 X46.766 Y52.229
G1 F1800 X45.643 Y53.352 E519.48466
G0 F7200 X45.077 Y53.352
G1 F1800 X46.2 Y52.23 E519.52426
G0 F7200 X45.633 Y52.23
G1 F1800 X44.512 Y53.352 E519.56382
G0 F7200 X44.233 Y53.065
G1 F1800 X45.067 Y52.231 E519.59324
G0 F7200 X44.501 Y52.231
G1 F1800 X44.032 Y52.7 E519.60979
G0 F7200 X43.86 Y52.307
G1 F1800 X43.935 Y52.232 E519.61243
G0 F7200 X43.935 Y52.263
G1 F1500 E513.11243
;MESH:NONMESH
G0 F600 Z14.4
G0 F7200 X43.232 Y51.493
G0 X41.632 Y44.661
;TIME_ELAPSED:689.579389
;LAYER:94
;TYPE:WALL-INNER
;MESH:blankkey.stl
G1 F1500 E519.61243
G1 F4093.8 X42.888 Y50.786 E519.79531
G1 F4033.6 X42.924 Y50.922 E519.79948
G0 F7200 X43.326 Y51.539
G0 X56.484 Y51.58
G0 X56.484 Y51.268
G1 F4800 X43.512 Y51.268 E520.12307
G1 X43.195 Y51.179 E520.13128
G1 F4353.7 X42.924 Y50.922 E520.14155
G1 X42.985 Y51.339 E520.15314
G1 F4800 X43.136 Y51.843 E520.16627
G1 X43.41 Y52.534 E520.18481
G1 X43.803 Y53.218 E520.20449
G1 X44.151 Y53.552 E520.21652
G1 X55.793 Y53.548 E520.50693
G1 X55.927 Y53.494 E520.51054
G1 X56.101 Y53.334 E520.51643
G1 X56.397 Y52.942 E520.52869
G1 F4694.4 X56.785 Y52.095 E520.55245
G1 F4496.5 X57.06 Y51.108 E520.57973
G1 F4210.5 X57.082 Y50.902 E520.58562
G1 X56.962 Y51.061 E520.59129
G1 F4593.3 X56.484 Y51.268 E520.60487
G0 F7200 X57.082 Y50.902
G1 F4059.2 X58.366 Y44.663 E520.79276
G1 F1500 E514.29276
G0 F7200 X56.846 Y51.11
G0 X56.663 Y50.785
;TYPE:WALL-OUTER
G1 F1500 E520.79276
G1 F2400 X56.484 Y50.868 E520.79768
G1 X43.512 Y50.868 E521.12127
G1 X43.406 Y50.839 E521.12401
G1 X43.328 Y50.748 E521.127
G1 X41.985 Y44.228 E521.29306
G1 X41.101 Y44.228 E521.31511
G1 X42.472 Y50.916 E521.48541
G1 X42.601 Y51.453 E521.49919
G1 X42.758 Y51.974 E521.51276
G1 X43.049 Y52.708 E521.53246
G1 X43.479 Y53.456 E521.55398
G1 X43.798 Y53.801 E521.5657
G1 X43.978 Y53.916 E521.57103
G1 X44.146 Y53.952 E521.57532
G1 X55.869 Y53.948 E521.86775
G1 X56.143 Y53.839 E521.8751
G1 X56.399 Y53.604 E521.88377
G1 X56.743 Y53.148 E521.89802
G1 X57.132 Y52.3 E521.92129
G1 X57.465 Y51.214 E521.94963
G1 X58.898 Y44.228 E522.12752
G1 X58.012 Y44.228 E522.14962
G1 X56.663 Y50.785 E522.31662
G0 F7200 X56.484 Y50.868
G0 X56.481 Y50.868
G0 X56.481 Y51.58
G0 X56.067 Y52.744
;TYPE:SKIN
G1 F1800 X55.82 Y53.069 E522.3268
G1 X55.692 Y53.168 E522.33083
G1 X44.285 Y53.172 E522.61538
G1 X44.11 Y52.99 E522.62168
G1 X43.757 Y52.372 E522.63944
G1 X43.465 Y51.643 E522.65903
G1 X56.513 Y51.648 E522.98451
G1 X56.4 Y52.012 E522.99402
G1 X56.067 Y52.744 E523.01408
G0 F7200 X56.115 Y52.155
G1 F1800 X55.809 Y51.849 E523.02487
G0 F7200 X55.243 Y51.849
G1 F1800 X55.939 Y52.544 E523.04941
G0 F7200 X55.702 Y52.874
G1 F1800 X54.678 Y51.849 E523.08555
G0 F7200 X54.112 Y51.849
G1 F1800 X55.231 Y52.968 E523.12503
G0 F7200 X54.665 Y52.968
G1 F1800 X53.546 Y51.849 E523.1645
G0 F7200 X52.981 Y51.849
G1 F1800 X54.099 Y52.968 E523.20396
G0 F7200 X53.534 Y52.969
G1 F1800 X52.415 Y51.849 E523.24345
G0 F7200 X51.849 Y51.849
G1 F1800 X52.969 Y52.969 E523.28296
G0 F7200 X52.403 Y52.969
G1 F1800 X51.284 Y51.849 E523.32246
G0 F7200 X50.718 Y51.849
G1 F1800 X51.838 Y52.969 E523.36197
G0 F7200 X51.272 Y52.969
G1 F1800 X50.152 Y51.849 E523.40148
G0 F7200 X49.586 Y51.849
G1 F1800 X50.707 Y52.969 E523.44101
G0 F7200 X50.141 Y52.969
G1 F1800 X49.02 Y51.849 E523.48054
G0 F7200 X48.454 Y51.849
G1 F1800 X49.576 Y52.97 E523.5201
G0 F7200 X49.01 Y52.97
G1 F1800 X47.889 Y51.849 E523.55965
G0 F7200 X47.323 Y51.849
G1 F1800 X48.445 Y52.97 E523.59921
G0 F7200 X47.88 Y52.971
G1 F1800 X46.757 Y51.849 E523.63881
G0 F7200 X46.192 Y51.849
G1 F1800 X47.314 Y52.971 E523.67839
G0 F7200 X46.748 Y52.971
G1 F1800 X45.626 Y51.849 E523.71797
G0 F7200 X45.06 Y51.849
G1 F1800 X46.183 Y52.971 E523.75757
G0 F7200 X45.618 Y52.971
G1 F1800 X44.495 Y51.849 E523.79717
G0 F7200 X43.929 Y51.849
G1 F1800 X45.052 Y52.971 E523.83677
G0 F7200 X44.486 Y52.971
G1 F1800 X44.119 Y52.605 E523.8497
G0 F7200 X44.146 Y52.592
G1 F1500 E517.3497
;MESH:NONMESH
G0 F600 Z14.55
G0 F7200 X43.154 Y51.11
G0 X41.632 Y44.661
;TIME_ELAPSED:695.881271
;LAYER:95
;TYPE:WALL-INNER
;MESH:blankkey.stl
G1 F1500 E523.8497
G1 F4085.1 X42.839 Y50.518 E524.02498
G0 F7200 X43.252 Y51.156
G0 X56.673 Y51.196
G0 X56.673 Y50.884
G1 F4800 X43.432 Y50.884 E524.35528
G1 F4549.8 X42.924 Y50.645 E524.37005
G1 F4183 X42.839 Y50.518 E524.37443
G1 X42.858 Y50.677 E524.37901
G1 F4549.8 X43.052 Y51.447 E524.39991
G1 F4800 X43.347 Y52.218 E524.4205
G1 X43.668 Y52.756 E524.43613
G1 X43.887 Y53.02 E524.44468
G1 X44.088 Y53.168 E524.45091
G1 X55.922 Y53.164 E524.74611
G1 X56.232 Y52.891 E524.75641
G1 X56.546 Y52.427 E524.77039
G1 X56.85 Y51.714 E524.78973
G1 X57.018 Y51.207 E524.80305
G1 F4571.4 X57.14 Y50.679 E524.81724
G1 F4210.5 X57.158 Y50.518 E524.82185
G1 X57.067 Y50.647 E524.82634
G1 F4571.4 X56.673 Y50.884 E524.83838
G0 F7200 X57.158 Y50.518
G1 F4093.8 X58.365 Y44.662 E525.01326
G1 F1500 E518.51326
G0 F7200 X56.925 Y50.726
G0 X56.745 Y50.39
;TYPE:WALL-OUTER
G1 F1500 E525.01326
G1 F2400 X56.608 Y50.48 E525.01735
G1 X43.432 Y50.484 E525.34603
G1 X43.252 Y50.393 E525.35106
G1 X41.984 Y44.228 E525.50806
G1 X41.102 Y44.228 E525.53006
G1 X42.451 Y50.792 E525.69723
G1 X42.678 Y51.592 E525.71797
G1 X42.985 Y52.392 E525.73934
G1 X43.34 Y52.988 E525.75665
G1 X43.611 Y53.313 E525.76721
G1 X43.906 Y53.53 E525.77634
G1 X44.067 Y53.568 E525.78047
G1 X55.958 Y53.568 E526.07709
G1 X56.278 Y53.417 E526.08592
G1 X56.544 Y53.145 E526.09541
G1 X56.899 Y52.619 E526.11124
G1 X57.224 Y51.856 E526.13192
G1 X57.4 Y51.33 E526.14576
G1 X57.549 Y50.777 E526.16005
G1 X58.898 Y44.228 E526.32684
G1 X58.012 Y44.228 E526.34894
G1 X56.745 Y50.39 E526.50587
G0 F7200 X56.608 Y50.48
G0 X56.572 Y50.48
G0 X56.572 Y51.196
G0 X56.207 Y52.243
;TYPE:SKIN
G1 F1800 X55.937 Y52.642 E526.51789
G1 X55.787 Y52.787 E526.52309
G1 X44.23 Y52.788 E526.81138
G1 X43.976 Y52.525 E526.8205
G1 X43.763 Y52.173 E526.83077
G1 X43.387 Y51.264 E526.8553
G1 X56.597 Y51.265 E527.18483
G1 X56.495 Y51.571 E527.19288
G1 X56.207 Y52.243 E527.21111
G0 F7200 X55.458 Y52.588
G1 F1800 X56.127 Y51.919 E527.23471
G0 F7200 X56.016 Y51.465
G1 F1800 X54.892 Y52.588 E527.27435
G0 F7200 X54.326 Y52.588
G1 F1800 X55.45 Y51.465 E527.31398
G0 F7200 X54.884 Y51.465
G1 F1800 X53.761 Y52.588 E527.3536
G0 F7200 X53.195 Y52.588
G1 F1800 X54.319 Y51.465 E527.39323
G0 F7200 X53.753 Y51.465
G1 F1800 X52.629 Y52.588 E527.43287
G0 F7200 X52.064 Y52.588
G1 F1800 X53.187 Y51.465 E527.47249
G0 F7200 X52.621 Y51.465
G1 F1800 X51.498 Y52.588 E527.5121
G0 F7200 X50.932 Y52.588
G1 F1800 X52.056 Y51.465 E527.55174
G0 F7200 X51.49 Y51.465
G1 F1800 X50.367 Y52.588 E527.59135
G0 F7200 X49.801 Y52.588
G1 F1800 X50.924 Y51.465 E527.63097
G0 F7200 X50.359 Y51.465
G1 F1800 X49.235 Y52.588 E527.67061
G0 F7200 X48.669 Y52.588
G1 F1800 X49.794 Y51.464 E527.71028
G0 F7200 X49.228 Y51.464
G1 F1800 X48.104 Y52.588 E527.74993
G0 F7200 X47.538 Y52.588
G1 F1800 X48.662 Y51.464 E527.78958
G0 F7200 X48.097 Y51.464
G1 F1800 X46.972 Y52.588 E527.82925
G0 F7200 X46.407 Y52.588
G1 F1800 X47.531 Y51.464 E527.8689
G0 F7200 X46.965 Y51.464
G1 F1800 X45.841 Y52.588 E527.90855
G0 F7200 X45.275 Y52.588
G1 F1800 X46.4 Y51.464 E527.94822
G0 F7200 X45.834 Y51.464
G1 F1800 X44.71 Y52.588 E527.98788
G0 F7200 X44.232 Y52.501
G1 F1800 X45.268 Y51.464 E528.02444
G0 F7200 X44.703 Y51.464
G1 F1800 X43.995 Y52.171 E528.0494
G0 F7200 X43.818 Y51.783
G1 F1800 X44.137 Y51.464 E528.06065
G0 F7200 X44.137 Y51.496
G1 F1500 E521.56065
;MESH:NONMESH
G0 F600 Z14.7
G0 F7200 X43.075 Y50.726
G0 X41.632 Y44.661
;TIME_ELAPSED:702.173761
;LAYER:96
;TYPE:WALL-INNER
;MESH:blankkey.stl
G1 F1500 E528.06065
G1 F4093.8 X42.76 Y50.133 E528.22406
G0 F7200 X43.169 Y50.772
G0 X56.644 Y50.813
G0 X56.644 Y50.501
G1 F4800 X43.352 Y50.5 E528.55563
G1 F4705.9 X42.94 Y50.348 E528.56681
G1 F4324.3 X42.76 Y50.133 E528.57457
G1 X42.795 Y50.438 E528.58307
G1 F4660.2 X43.064 Y51.366 E528.6079
G1 F4752.5 X43.45 Y52.156 E528.63005
G1 F4800 X43.688 Y52.514 E528.64077
G1 X44 Y52.784 E528.65107
G1 X56 Y52.778 E528.95041
G1 X56.255 Y52.565 E528.9587
G1 X56.598 Y52.06 E528.97392
G1 X56.839 Y51.553 E528.98793
G1 X57.014 Y51.084 E529.00041
G1 F4705.9 X57.203 Y50.431 E529.01771
G1 F4343.9 X57.237 Y50.133 E529.02598
G1 X57.056 Y50.348 E529.03373
G1 F4705.9 X56.644 Y50.501 E529.04491
G0 F7200 X57.237 Y50.133
G1 F4102.6 X58.365 Y44.662 E529.20794
G1 F1500 E522.70794
G0 F7200 X57.14 Y49.775
G0 X56.832 Y50.813
G0 X56.832 Y49.974
;TYPE:WALL-OUTER
G1 F1500 E529.20794
G1 F2400 X56.78 Y50.048 E529.2102
G1 X56.644 Y50.101 E529.21384
G1 X43.352 Y50.1 E529.54541
G1 X43.216 Y50.048 E529.54904
G1 X43.165 Y49.974 E529.55128
G1 X41.984 Y44.228 E529.69761
G1 X41.102 Y44.228 E529.71962
G1 X42.398 Y50.534 E529.88021
G1 X42.602 Y51.212 E529.89787
G1 X42.788 Y51.713 E529.9112
G1 X43.102 Y52.356 E529.92905
G1 X43.374 Y52.763 E529.94126
G1 X43.581 Y52.985 E529.94883
G1 X43.926 Y53.184 E529.95877
G1 X56.035 Y53.184 E530.26083
G1 X56.192 Y53.139 E530.2649
G1 X56.554 Y52.836 E530.27668
G1 X56.946 Y52.26 E530.29406
G1 X57.207 Y51.709 E530.30927
G1 X57.394 Y51.212 E530.32251
G1 X57.598 Y50.534 E530.34018
G1 X58.898 Y44.228 E530.50079
G1 X58.012 Y44.228 E530.52289
G1 X56.832 Y49.974 E530.66921
G0 F7200 X56.78 Y50.048
G0 X56.678 Y50.087
G0 X56.678 Y50.813
G0 X56.262 Y51.875
;TYPE:SKIN
G1 F1800 X55.969 Y52.305 E530.68219
G1 X55.854 Y52.403 E530.68596
G1 X44.121 Y52.404 E530.97864
G1 X43.983 Y52.27 E530.98344
G1 X43.778 Y51.964 E530.99263
G1 X43.51 Y51.411 E531.00796
G1 X43.326 Y50.875 E531.0221
G1 X56.667 Y50.875 E531.35489
G1 X56.49 Y51.4 E531.36871
G1 X56.262 Y51.875 E531.38185
G0 F7200 X56.332 Y51.241
G1 F1800 X56.173 Y51.081 E531.38748
G0 F7200 X56.157 Y51.632
G1 F1800 X55.607 Y51.081 E531.4069
G0 F7200 X55.041 Y51.081
G1 F1800 X55.941 Y51.981 E531.43865
G0 F7200 X55.598 Y52.204
G1 F1800 X54.476 Y51.081 E531.47825
G0 F7200 X53.91 Y51.081
G1 F1800 X55.032 Y52.204 E531.51785
G0 F7200 X54.466 Y52.204
G1 F1800 X53.344 Y51.081 E531.55745
G0 F7200 X52.778 Y51.081
G1 F1800 X53.901 Y52.204 E531.59706
G0 F7200 X53.335 Y52.204
G1 F1800 X52.213 Y51.081 E531.63666
G0 F7200 X51.647 Y51.081
G1 F1800 X52.769 Y52.204 E531.67626
G0 F7200 X52.204 Y52.204
G1 F1800 X51.081 Y51.081 E531.71588
G0 F7200 X50.516 Y51.081
G1 F1800 X51.638 Y52.204 E531.75548
G0 F7200 X51.072 Y52.204
G1 F1800 X49.95 Y51.081 E531.79508
G0 F7200 X49.384 Y51.081
G1 F1800 X50.507 Y52.204 E531.83469
G0 F7200 X49.941 Y52.204
G1 F1800 X48.819 Y51.081 E531.87429
G0 F7200 X48.253 Y51.081
G1 F1800 X49.375 Y52.204 E531.91389
G0 F7200 X48.809 Y52.204
G1 F1800 X47.687 Y51.081 E531.95349
G0 F7200 X47.122 Y51.081
G1 F1800 X48.244 Y52.204 E531.99309
G0 F7200 X47.678 Y52.204
G1 F1800 X46.556 Y51.081 E532.03269
G0 F7200 X45.99 Y51.081
G1 F1800 X47.112 Y52.204 E532.07229
G0 F7200 X46.547 Y52.204
G1 F1800 X45.425 Y51.081 E532.11189
G0 F7200 X44.859 Y51.081
G1 F1800 X45.981 Y52.204 E532.15149
G0 F7200 X45.415 Y52.204
G1 F1800 X44.293 Y51.081 E532.19109
G0 F7200 X43.727 Y51.081
G1 F1800 X44.85 Y52.204 E532.2307
G0 F7200 X44.284 Y52.204
G1 F1800 X43.971 Y51.891 E532.24175
G0 F7200 X43.996 Y51.876
G1 F1500 E525.74175
;MESH:NONMESH
G0 F600 Z14.85
G0 F7200 X42.996 Y50.343
G0 X41.632 Y44.661
;TIME_ELAPSED:708.480258
;LAYER:97
;TYPE:WALL-INNER
;MESH:blankkey.stl
G1 F1500 E532.24175
G1 F4067.8 X42.683 Y49.755 E532.39485
G0 F7200 X43.09 Y50.389
G0 X56.72 Y50.43
G0 X56.72 Y50.12
G1 F4800 X43.276 Y50.12 E532.73021
G1 F4705.9 X42.871 Y49.974 E532.74116
G1 F4304.9 X42.683 Y49.755 E532.74919
G1 X42.718 Y50.067 E532.75792
G1 F4705.9 X42.901 Y50.699 E532.77466
G1 F4800 X43.078 Y51.171 E532.78724
G1 X43.367 Y51.792 E532.80433
G1 X43.653 Y52.179 E532.81633
G1 X43.906 Y52.396 E532.82464
G1 X56.091 Y52.394 E533.1286
G1 X56.248 Y52.277 E533.13348
G1 X56.633 Y51.751 E533.14974
G1 X56.92 Y51.173 E533.16584
G1 X57.111 Y50.647 E533.1798
G1 F4717.4 X57.279 Y50.066 E533.19515
G1 F4343.9 X57.314 Y49.755 E533.20378
G1 X57.124 Y49.973 E533.21175
G1 F4717.4 X56.72 Y50.12 E533.22266
G0 F7200 X57.314 Y49.755
G1 F4093.8 X58.365 Y44.662 E533.37476
G1 F1500 E526.87476
G0 F7200 X57.21 Y49.43
G0 X56.908 Y50.43
G0 X56.908 Y49.595
;TYPE:WALL-OUTER
G1 F1500 E533.37476
G1 F2400 X56.854 Y49.67 E533.37707
G1 X56.72 Y49.72 E533.38063
G1 X43.276 Y49.72 E533.716
G1 X43.142 Y49.67 E533.71956
G1 X43.09 Y49.594 E533.72186
G1 X41.985 Y44.228 E533.85853
G1 X41.101 Y44.228 E533.88058
G1 X42.323 Y50.166 E534.03181
G1 X42.522 Y50.827 E534.04902
G1 X42.709 Y51.326 E534.06232
G1 X43.021 Y51.997 E534.08078
G1 X43.349 Y52.441 E534.09455
G1 X43.551 Y52.643 E534.10167
G1 X43.851 Y52.796 E534.11007
G1 X56.16 Y52.796 E534.41712
G1 X56.283 Y52.75 E534.4204
G1 X56.536 Y52.561 E534.42828
G1 X56.976 Y51.959 E534.44688
G1 X57.288 Y51.332 E534.46435
G1 X57.474 Y50.828 E534.47775
G1 X57.673 Y50.166 E534.49499
G1 X58.898 Y44.228 E534.64623
G1 X58.012 Y44.228 E534.66834
G1 X56.908 Y49.595 E534.80502
G0 F7200 X56.854 Y49.67
G0 X56.753 Y49.707
G0 X56.753 Y50.43
G0 X56.304 Y51.551
;TYPE:SKIN
G1 F1800 X55.969 Y52.015 E534.8193
G1 X44.036 Y52.016 E535.11697
G1 X43.693 Y51.596 E535.13049
G1 X43.442 Y51.049 E535.14551
G1 X43.238 Y50.5 E535.16012
G1 X56.744 Y50.496 E535.49702
G1 X56.566 Y51.031 E535.51109
G1 X56.304 Y51.551 E535.52561
G0 F7200 X55.664 Y51.816
G1 F1800 X56.231 Y51.249 E535.54562
G0 F7200 X56.214 Y50.7
G1 F1800 X55.098 Y51.816 E535.58499
G0 F7200 X54.533 Y51.816
G1 F1800 X55.649 Y50.7 E535.62436
G0 F7200 X55.083 Y50.7
G1 F1800 X53.967 Y51.816 E535.66373
G0 F7200 X53.401 Y51.816
G1 F1800 X54.517 Y50.7 E535.7031
G0 F7200 X53.952 Y50.7
G1 F1800 X52.836 Y51.816 E535.74247
G0 F7200 X52.27 Y51.816
G1 F1800 X53.386 Y50.7 E535.78184
G0 F7200 X52.82 Y50.7
G1 F1800 X51.704 Y51.816 E535.82121
G0 F7200 X51.139 Y51.816
G1 F1800 X52.254 Y50.7 E535.86056
G0 F7200 X51.689 Y50.7
G1 F1800 X50.573 Y51.816 E535.89993
G0 F7200 X50.007 Y51.816
G1 F1800 X51.123 Y50.7 E535.9393
G0 F7200 X50.557 Y50.7
G1 F1800 X49.442 Y51.816 E535.97865
G0 F7200 X48.876 Y51.816
G1 F1800 X49.992 Y50.7 E536.01802
G0 F7200 X49.426 Y50.7
G1 F1800 X48.31 Y51.816 E536.05739
G0 F7200 X47.745 Y51.816
G1 F1800 X48.86 Y50.7 E536.09674
G0 F7200 X48.295 Y50.7
G1 F1800 X47.179 Y51.816 E536.13611
G0 F7200 X46.613 Y51.816
G1 F1800 X47.729 Y50.7 E536.17548
G0 F7200 X47.163 Y50.7
G1 F1800 X46.048 Y51.816 E536.21483
G0 F7200 X45.482 Y51.816
G1 F1800 X46.598 Y50.7 E536.2542
G0 F7200 X46.032 Y50.7
G1 F1800 X44.916 Y51.816 E536.29357
G0 F7200 X44.35 Y51.816
G1 F1800 X45.466 Y50.7 E536.33294
G0 F7200 X44.901 Y50.7
G1 F1800 X43.972 Y51.629 E536.36572
G0 F7200 X43.764 Y51.271
G1 F1800 X44.335 Y50.7 E536.38586
G0 F7200 X43.769 Y50.7
G1 F1800 X43.586 Y50.883 E536.39232
G0 F7200 X43.618 Y50.872
G1 F1500 E529.89232
;MESH:NONMESH
G0 F600 Z15
G0 F7200 X42.918 Y49.96
G0 X41.632 Y44.661
;TIME_ELAPSED:714.757611
;LAYER:98
;TYPE:WALL-INNER
;MESH:blankkey.stl
G1 F1500 E536.39232
G1 F4085.1 X42.603 Y49.37 E536.53324
G0 F7200 X43.009 Y50.007
G0 X56.69 Y50.715
G0 X56.99 Y50.841
G1 F4800 X57.255 Y50.057 E536.55389
G1 F4571.4 X57.376 Y49.531 E536.56802
G1 F4210.5 X57.394 Y49.37 E536.57263
G1 X57.303 Y49.499 E536.57712
G1 F4571.4 X56.91 Y49.736 E536.58914
G1 F4800 X43.088 Y49.736 E536.93393
G1 F4549.8 X42.692 Y49.5 E536.94606
G1 F4192.1 X42.603 Y49.37 E536.95056
G1 X42.622 Y49.533 E536.95525
G1 F4549.8 X42.742 Y50.066 E536.96963
G1 F4800 X43.014 Y50.856 E536.99047
G1 X43.398 Y51.555 E537.01037
G1 X43.723 Y51.945 E537.02303
G1 X43.889 Y52.02 E537.02757
G1 X56.133 Y52.012 E537.333
G1 X56.269 Y51.945 E537.33678
G1 X56.6 Y51.556 E537.34952
G1 X56.99 Y50.841 E537.36984
G0 F7200 X56.69 Y50.715
G0 X57.394 Y49.37
G1 F4093.8 X58.365 Y44.662 E537.51044
G1 F1500 E531.01044
G0 F7200 X57.281 Y49.086
G0 X56.981 Y50.047
G0 X56.981 Y49.242
;TYPE:WALL-OUTER
G1 F1500 E537.51044
G1 F2400 X56.845 Y49.332 E537.51451
G1 X43.151 Y49.331 E537.85611
G1 X43.016 Y49.243 E537.86012
G1 X41.984 Y44.228 E537.98785
G1 X41.102 Y44.228 E538.00985
G1 X42.214 Y49.642 E538.14772
G1 X42.433 Y50.446 E538.16851
G1 X42.729 Y51.169 E538.18799
G1 X43.061 Y51.771 E538.20514
G1 X43.471 Y52.259 E538.22104
G1 X43.658 Y52.376 E538.22655
G1 X43.843 Y52.42 E538.23129
G1 X56.225 Y52.412 E538.54016
G1 X56.5 Y52.277 E538.5478
G1 X56.721 Y52.067 E538.55541
G1 X56.938 Y51.772 E538.56454
G1 X57.267 Y51.169 E538.58168
G1 X57.46 Y50.701 E538.5943
G1 X57.636 Y50.181 E538.608
G1 X57.785 Y49.629 E538.62226
G1 X58.898 Y44.228 E538.75982
G1 X58.012 Y44.228 E538.78192
G1 X56.981 Y49.242 E538.90961
G0 F7200 X56.845 Y49.332
G0 X56.808 Y49.332
G0 X56.808 Y50.047
G0 X56.021 Y51.632
;TYPE:SKIN
G1 F1800 X43.992 Y51.64 E539.20968
G1 X43.712 Y51.338 E539.21995
G1 X43.364 Y50.702 E539.23804
G1 X43.16 Y50.116 E539.25351
G1 X56.831 Y50.116 E539.59454
G1 X56.639 Y50.679 E539.60938
G1 X56.274 Y51.351 E539.62845
G1 X56.021 Y51.632 E539.63789
G0 F7200 X56.385 Y50.729
G1 F1800 X55.973 Y50.316 E539.65244
G0 F7200 X55.407 Y50.316
G1 F1800 X56.186 Y51.095 E539.67992
G0 F7200 X55.954 Y51.429
G1 F1800 X54.842 Y50.316 E539.71917
G0 F7200 X54.276 Y50.316
G1 F1800 X55.392 Y51.432 E539.75854
G0 F7200 X54.827 Y51.433
G1 F1800 X53.71 Y50.316 E539.79794
G0 F7200 X53.145 Y50.316
G1 F1800 X54.261 Y51.433 E539.83733
G0 F7200 X53.696 Y51.434
G1 F1800 X52.579 Y50.316 E539.87675
G0 F7200 X52.013 Y50.316
G1 F1800 X53.131 Y51.434 E539.91619
G0 F7200 X52.566 Y51.434
G1 F1800 X51.448 Y50.316 E539.95563
G0 F7200 X50.882 Y50.316
G1 F1800 X52 Y51.434 E539.99507
G0 F7200 X51.435 Y51.435
G1 F1800 X50.316 Y50.316 E540.03455
G0 F7200 X49.751 Y50.316
G1 F1800 X50.869 Y51.435 E540.07401
G0 F7200 X50.304 Y51.436
G1 F1800 X49.185 Y50.316 E540.1135
G0 F7200 X48.619 Y50.316
G1 F1800 X49.739 Y51.436 E540.15301
G0 F7200 X49.174 Y51.436
G1 F1800 X48.054 Y50.316 E540.19252
G0 F7200 X47.488 Y50.316
G1 F1800 X48.608 Y51.436 E540.23203
G0 F7200 X48.043 Y51.437
G1 F1800 X46.922 Y50.316 E540.27158
G0 F7200 X46.357 Y50.316
G1 F1800 X47.477 Y51.437 E540.31111
G0 F7200 X46.912 Y51.438
G1 F1800 X45.791 Y50.316 E540.35067
G0 F7200 X45.225 Y50.316
G1 F1800 X46.347 Y51.438 E540.39025
G0 F7200 X45.782 Y51.438
G1 F1800 X44.659 Y50.316 E540.42985
G0 F7200 X44.094 Y50.316
G1 F1800 X45.216 Y51.438 E540.46943
G0 F7200 X44.651 Y51.439
G1 F1800 X43.528 Y50.316 E540.50905
G1 X43.458 Y50.246
G0 F7200 X43.986 Y51.339
G1 F1800 X44.085 Y51.439 E540.51256
G0 F7200 X44.086 Y51.41
G1 F1500 E534.01256
;MESH:NONMESH
G0 F600 Z15.15
G0 F7200 X42.839 Y49.577
G0 X41.632 Y44.661
;TIME_ELAPSED:721.063282
;LAYER:99
;TYPE:WALL-INNER
;MESH:blankkey.stl
G1 F1500 E540.51256
G1 F4085.1 X42.523 Y48.986 E540.64199
G0 F7200 X42.933 Y49.623
G0 X56.791 Y50.286
G0 X57.074 Y50.402
G1 F4800 X57.388 Y49.556 E540.6645
G1 F4403.7 X57.469 Y49.004 E540.67967
G1 X57.198 Y49.263 E540.68986
G1 F4800 X56.88 Y49.352 E540.6981
G1 X43.116 Y49.352 E541.04145
G1 F4660.2 X42.684 Y49.184 E541.05335
G1 F4285.7 X42.523 Y48.986 E541.06048
G1 X42.555 Y49.261 E541.06822
G1 F4660.2 X42.814 Y50.176 E541.09265
G1 F4800 X43.164 Y50.914 E541.11303
G1 X43.513 Y51.434 E541.12865
G1 X43.762 Y51.636 E541.13665
G1 X56.208 Y51.628 E541.44711
G1 X56.331 Y51.568 E541.45053
G1 X56.596 Y51.288 E541.46015
G1 X56.833 Y50.918 E541.47111
G1 X57.074 Y50.402 E541.48531
G0 F7200 X56.791 Y50.286
G0 X57.469 Y49.004
G1 F4093.8 X57.498 Y48.898 E541.48853
G1 F4111.3 X58.366 Y44.663 E541.61443
G1 F1500 E535.11443
G0 F7200 X57.353 Y48.741
G0 X57.066 Y49.664
G0 X57.066 Y48.832
;TYPE:WALL-OUTER
G1 F1500 E541.61443
G1 F2400 X56.986 Y48.923 E541.61745
G1 X56.88 Y48.952 E541.62019
G1 X43.116 Y48.952 E541.96354
G1 X42.974 Y48.894 E541.96736
G1 X42.929 Y48.826 E541.9694
G1 X41.984 Y44.228 E542.08649
G1 X41.102 Y44.228 E542.10849
G1 X42.16 Y49.378 E542.23964
G1 X42.366 Y50.063 E542.25749
G1 X42.553 Y50.557 E542.27066
G1 X42.815 Y51.112 E542.28597
G1 X43.201 Y51.686 E542.30323
G1 X43.35 Y51.841 E542.30859
G1 X43.697 Y52.036 E542.31852
G1 X56.301 Y52.028 E542.63293
G1 X56.571 Y51.896 E542.64043
G1 X56.913 Y51.536 E542.65281
G1 X57.184 Y51.111 E542.66539
G1 X57.443 Y50.558 E542.68062
G1 X57.63 Y50.063 E542.69382
G1 X57.798 Y49.507 E542.70831
G1 X57.929 Y48.955 E542.72246
G1 X58.898 Y44.229 E542.8428
G1 X58.012 Y44.229 E542.8649
G1 X57.066 Y48.832 E542.98212
G0 F7200 X56.986 Y48.923
G0 X56.91 Y48.943
G0 X56.91 Y49.664
G0 X56.496 Y50.735
;TYPE:SKIN
G1 F1800 X56.3 Y51.044 E542.99125
G1 X56.087 Y51.248 E542.99861
G1 X43.889 Y51.256 E543.30289
G1 X43.798 Y51.18 E543.30585
G1 X43.499 Y50.732 E543.31928
G1 X43.27 Y50.252 E543.33255
G1 X43.092 Y49.727 E543.34638
G1 X56.902 Y49.729 E543.69087
G1 X56.722 Y50.256 E543.70476
G1 X56.496 Y50.735 E543.71797
G0 F7200 X55.866 Y51.048
G1 F1800 X56.359 Y50.555 E543.73537
G0 F7200 X56.417 Y49.932
G1 F1800 X55.301 Y51.048 E543.77474
G0 F7200 X54.734 Y51.049
G1 F1800 X55.852 Y49.932 E543.81416
G0 F7200 X55.286 Y49.932
G1 F1800 X54.169 Y51.049 E543.85356
G0 F7200 X53.602 Y51.05
G1 F1800 X54.72 Y49.932 E543.893
G0 F7200 X54.154 Y49.932
G1 F1800 X53.037 Y51.05 E543.93243
G0 F7200 X52.47 Y51.05
G1 F1800 X53.589 Y49.932 E543.97189
G0 F7200 X53.023 Y49.932
G1 F1800 X51.904 Y51.051 E544.01136
G0 F7200 X51.338 Y51.051
G1 F1800 X52.457 Y49.932 E544.05084
G0 F7200 X51.892 Y49.932
G1 F1800 X50.772 Y51.052 E544.09035
G0 F7200 X50.206 Y51.052
G1 F1800 X51.326 Y49.932 E544.12986
G0 F7200 X50.76 Y49.932
G1 F1800 X49.64 Y51.052 E544.16937
G0 F7200 X49.074 Y51.052
G1 F1800 X50.195 Y49.932 E544.2089
G0 F7200 X49.629 Y49.932
G1 F1800 X48.508 Y51.053 E544.24844
G0 F7200 X47.941 Y51.054
G1 F1800 X49.063 Y49.932 E544.28803
G0 F7200 X48.498 Y49.932
G1 F1800 X47.375 Y51.054 E544.32763
G0 F7200 X46.809 Y51.055
G1 F1800 X47.932 Y49.932 E544.36724
G0 F7200 X47.366 Y49.932
G1 F1800 X46.243 Y51.055 E544.40686
G0 F7200 X45.677 Y51.055
G1 F1800 X46.801 Y49.932 E544.44649
G0 F7200 X46.235 Y49.932
G1 F1800 X45.111 Y51.055 E544.48613
G0 F7200 X44.545 Y51.056
G1 F1800 X45.669 Y49.932 E544.52578
G0 F7200 X45.104 Y49.932
G1 F1800 X43.979 Y51.056 E544.56545
G0 F7200 X43.74 Y50.73
G1 F1800 X44.538 Y49.932 E544.5936
G0 F7200 X43.972 Y49.932
G1 F1800 X43.553 Y50.351 E544.60838
G0 F7200 X43.567 Y50.346
G1 F1500 E538.10838
;MESH:NONMESH
G0 F600 Z15.3
G0 F7200 X42.76 Y49.194
G0 X41.632 Y44.661
;TIME_ELAPSED:727.312921
;LAYER:100
;TYPE:WALL-INNER
;MESH:blankkey.stl
G1 F1500 E544.60838
G1 F4059.2 X42.446 Y48.603 E544.72712
G0 F7200 X42.856 Y49.241
G0 X57.07 Y49.281
G0 X57.07 Y48.969
G1 F4800 X43.04 Y48.968 E545.0771
G1 F4549.8 X42.536 Y48.734 E545.09172
G1 F4155.8 X42.446 Y48.603 E545.0963
G1 X42.466 Y48.767 E545.10106
G1 F4549.8 X42.677 Y49.611 E545.12395
G1 F4800 X43.036 Y50.474 E545.14727
G1 X43.372 Y50.976 E545.16234
G1 X43.681 Y51.248 E545.17261
G1 X56.287 Y51.244 E545.48707
G1 X56.439 Y51.169 E545.49129
G1 X56.647 Y50.962 E545.49861
G1 X57.067 Y50.258 E545.51906
G1 X57.417 Y49.281 E545.54495
G1 F4549.8 X57.535 Y48.766 E545.55886
G1 F4173.9 X57.552 Y48.602 E545.56359
G1 X57.46 Y48.734 E545.5682
G1 F4549.8 X57.07 Y48.969 E545.58018
G0 F7200 X57.552 Y48.602
G1 F4067.8 X58.366 Y44.663 E545.69858
G1 F1500 E539.19858
G0 F7200 X57.423 Y48.396
G0 X57.136 Y49.281
G0 X57.136 Y48.474
;TYPE:WALL-OUTER
G1 F1500 E545.69858
G1 F2400 X57.004 Y48.563 E545.70255
G1 X43.04 Y48.568 E546.05088
G1 X42.861 Y48.478 E546.05588
G1 X41.985 Y44.228 E546.16413
G1 X41.101 Y44.228 E546.18618
G1 X42.059 Y48.879 E546.30463
G1 X42.298 Y49.742 E546.32697
G1 X42.682 Y50.664 E546.35189
G1 X43.06 Y51.229 E546.36884
G1 X43.327 Y51.503 E546.37839
G1 X43.63 Y51.648 E546.38677
G1 X56.381 Y51.644 E546.70484
G1 X56.674 Y51.499 E546.713
G1 X56.965 Y51.211 E546.72321
G1 X57.318 Y50.618 E546.74042
G1 X57.522 Y50.176 E546.75257
G1 X57.796 Y49.411 E546.77284
G1 X57.948 Y48.852 E546.78729
G1 X58.898 Y44.229 E546.90502
G1 X58.012 Y44.229 E546.92712
G1 X57.136 Y48.474 E547.03524
G0 F7200 X57.004 Y48.563
G0 X56.963 Y48.563
G0 X56.963 Y49.281
G0 X43.374 Y50.3
;TYPE:SKIN
G1 F1800 X42.978 Y49.348 E547.06096
G1 X56.988 Y49.348 E547.41044
G1 X56.722 Y50.085 E547.42999
G1 X56.345 Y50.716 E547.44833
G1 X56.17 Y50.863 E547.45403
G1 X43.802 Y50.868 E547.76255
G1 X43.659 Y50.727 E547.76756
G1 X43.374 Y50.3 E547.78036
G0 F7200 X44.445 Y50.668
G1 F1800 X43.326 Y49.548 E547.81986
G0 F7200 X43.892 Y49.548
G1 F1800 X45.011 Y50.668 E547.85935
G0 F7200 X45.577 Y50.668
G1 F1800 X44.457 Y49.548 E547.89886
G0 F7200 X45.023 Y49.548
G1 F1800 X46.142 Y50.667 E547.93834
G0 F7200 X46.707 Y50.667
G1 F1800 X45.589 Y49.548 E547.9778
G0 F7200 X46.154 Y49.548
G1 F1800 X47.273 Y50.667 E548.01727
G0 F7200 X47.838 Y50.666
G1 F1800 X46.72 Y49.548 E548.05671
G0 F7200 X47.286 Y49.548
G1 F1800 X48.404 Y50.666 E548.09615
G0 F7200 X48.969 Y50.666
G1 F1800 X47.851 Y49.548 E548.13559
G0 F7200 X48.417 Y49.548
G1 F1800 X49.534 Y50.666 E548.17502
G0 F7200 X50.1 Y50.666
G1 F1800 X48.983 Y49.548 E548.21444
G0 F7200 X49.548 Y49.548
G1 F1800 X50.666 Y50.666 E548.25388
G0 F7200 X51.231 Y50.665
G1 F1800 X50.114 Y49.548 E548.29328
G0 F7200 X50.68 Y49.548
G1 F1800 X51.796 Y50.665 E548.33267
G0 F7200 X52.362 Y50.665
G1 F1800 X51.245 Y49.548 E548.37208
G0 F7200 X51.811 Y49.548
G1 F1800 X52.927 Y50.664 E548.41145
G0 F7200 X53.493 Y50.664
G1 F1800 X52.377 Y49.548 E548.45082
G0 F7200 X52.942 Y49.548
G1 F1800 X54.058 Y50.664 E548.49019
G0 F7200 X54.623 Y50.663
G1 F1800 X53.508 Y49.548 E548.52952
G0 F7200 X54.074 Y49.548
G1 F1800 X55.189 Y50.663 E548.56886
G0 F7200 X55.755 Y50.663
G1 F1800 X54.64 Y49.548 E548.60819
G0 F7200 X55.205 Y49.548
G1 F1800 X56.209 Y50.552 E548.64361
G0 F7200 X56.421 Y50.199
G1 F1800 X55.771 Y49.548 E548.66656
G0 F7200 X56.337 Y49.548
G1 F1800 X56.606 Y49.818 E548.67606
G0 F7200 X56.584 Y49.808
G1 F1500 E542.17606
;MESH:NONMESH
G0 F600 Z15.45
G0 F7200 X42.682 Y48.811
G0 X41.632 Y44.661
;TIME_ELAPSED:733.777977
;LAYER:101
;TYPE:WALL-INNER
;MESH:blankkey.stl
G1 F1500 E548.67606
G1 F4076.4 X42.366 Y48.218 E548.78274
G0 F7200 X42.776 Y48.856
G0 X57.081 Y48.897
G0 X57.081 Y48.583
G1 F4800 X42.96 Y48.584 E549.13499
G1 F4694.4 X42.546 Y48.431 E549.14625
G1 F4295.3 X42.366 Y48.218 E549.15403
G1 X42.401 Y48.521 E549.16253
G1 F4694.4 X42.622 Y49.286 E549.18284
G1 F4800 X42.931 Y50.034 E549.20303
G1 X43.314 Y50.637 E549.22085
G1 X43.613 Y50.868 E549.23027
G1 X56.362 Y50.864 E549.5483
G1 X56.488 Y50.803 E549.55179
G1 X56.755 Y50.521 E549.56148
G1 X56.997 Y50.152 E549.57248
G1 X57.233 Y49.641 E549.58653
G1 X57.452 Y49.052 E549.6022
G1 F4571.4 X57.613 Y48.382 E549.62025
G1 F4210.5 X57.63 Y48.218 E549.62494
G1 X57.537 Y48.349 E549.62951
G1 F4571.4 X57.081 Y48.583 E549.64293
G0 F7200 X57.63 Y48.218
G1 F4085.1 X58.365 Y44.662 E549.74936
G1 F1500 E543.24936
G0 F7200 X57.494 Y48.05
G0 X57.216 Y48.897
G0 X57.216 Y48.092
;TYPE:WALL-OUTER
G1 F1500 E549.74936
G1 F2400 X57.051 Y48.184 E549.75407
G1 X42.96 Y48.184 E550.10558
G1 X42.824 Y48.131 E550.10922
G1 X42.773 Y48.058 E550.11144
G1 X41.984 Y44.228 E550.20898
G1 X41.102 Y44.228 E550.23099
G1 X42.008 Y48.639 E550.34332
G1 X42.245 Y49.42 E550.36368
G1 X42.575 Y50.219 E550.38524
G1 X43.014 Y50.911 E550.40568
G1 X43.432 Y51.234 E550.41886
G1 X43.552 Y51.268 E550.42197
G1 X56.454 Y51.264 E550.74381
G1 X56.728 Y51.131 E550.75141
G1 X57.07 Y50.771 E550.7638
G1 X57.348 Y50.346 E550.77646
G1 X57.603 Y49.795 E550.79161
G1 X57.833 Y49.174 E550.80813
G1 X58.024 Y48.468 E550.82637
G1 X58.898 Y44.228 E550.93436
G1 X58.012 Y44.228 E550.95647
G1 X57.216 Y48.092 E551.05488
G0 F7200 X57.051 Y48.184
G0 X57.04 Y48.184
G0 X57.04 Y48.897
G0 X56.664 Y49.958
;TYPE:SKIN
G1 F1800 X56.452 Y50.279 E551.06447
G1 X56.242 Y50.484 E551.07179
G1 X43.742 Y50.488 E551.38361
G1 X43.599 Y50.375 E551.38815
G1 X43.271 Y49.859 E551.40341
G1 X42.898 Y48.964 E551.42759
G1 X57.079 Y48.96 E551.78134
G1 X56.887 Y49.471 E551.79496
G1 X56.664 Y49.958 E551.80832
G0 F7200 X56.064 Y50.284
G1 F1800 X56.49 Y49.859 E551.82333
G0 F7200 X56.623 Y49.16
G1 F1800 X55.499 Y50.284 E551.86298
G0 F7200 X54.933 Y50.284
G1 F1800 X56.057 Y49.16 E551.90263
G0 F7200 X55.492 Y49.16
G1 F1800 X54.367 Y50.284 E551.9423
G0 F7200 X53.801 Y50.285
G1 F1800 X54.926 Y49.16 E551.98199
G0 F7200 X54.36 Y49.161
G1 F1800 X53.235 Y50.285 E552.02166
G0 F7200 X52.67 Y50.285
G1 F1800 X53.794 Y49.161 E552.06131
G0 F7200 X53.228 Y49.161
G1 F1800 X52.104 Y50.285 E552.10097
G0 F7200 X51.537 Y50.286
G1 F1800 X52.662 Y49.161 E552.14065
G0 F7200 X52.096 Y49.162
G1 F1800 X50.972 Y50.286 E552.1803
G0 F7200 X50.406 Y50.286
G1 F1800 X51.53 Y49.162 E552.21996
G0 F7200 X50.965 Y49.162
G1 F1800 X49.84 Y50.287 E552.25964
G0 F7200 X49.274 Y50.287
G1 F1800 X50.399 Y49.162 E552.29933
G0 F7200 X49.833 Y49.162
G1 F1800 X48.708 Y50.287 E552.33902
G0 F7200 X48.143 Y50.287
G1 F1800 X49.267 Y49.162 E552.37869
G0 F7200 X48.701 Y49.162
G1 F1800 X47.576 Y50.287 E552.41838
G0 F7200 X47.011 Y50.287
G1 F1800 X48.136 Y49.162 E552.45806
G0 F7200 X47.569 Y49.163
G1 F1800 X46.445 Y50.287 E552.49772
G0 F7200 X45.879 Y50.287
G1 F1800 X47.004 Y49.163 E552.53739
G0 F7200 X46.438 Y49.163
G1 F1800 X45.313 Y50.288 E552.57707
G0 F7200 X44.747 Y50.288
G1 F1800 X45.872 Y49.163 E552.61676
G0 F7200 X45.306 Y49.164
G1 F1800 X44.181 Y50.288 E552.65643
G0 F7200 X43.717 Y50.187
G1 F1800 X44.74 Y49.164 E552.69252
G0 F7200 X44.174 Y49.164
G1 F1800 X43.497 Y49.841 E552.7164
G0 F7200 X43.319 Y49.454
G1 F1800 X43.608 Y49.164 E552.72662
G0 F7200 X43.608 Y49.197
G1 F1500 E546.22662
;MESH:NONMESH
G0 F600 Z15.6
G0 F7200 X42.603 Y48.427
G0 X41.632 Y44.661
;TIME_ELAPSED:740.015061
;LAYER:102
;TYPE:WALL-INNER
;MESH:blankkey.stl
G1 F1500 E552.72662
G1 F4059.2 X42.29 Y47.84 E552.82238
G0 F7200 X42.702 Y48.474
G0 X57.23 Y48.514
G0 X57.23 Y48.204
G1 F4800 X42.884 Y48.204 E553.18024
G1 F4539 X42.377 Y47.968 E553.19499
G1 F4155.8 X42.29 Y47.84 E553.19945
G1 X42.311 Y48 E553.2041
G1 F4539 X42.511 Y48.788 E553.22554
G1 F4800 X42.878 Y49.672 E553.24942
G1 X43.179 Y50.161 E553.26374
G1 X43.338 Y50.347 E553.26985
G1 X43.534 Y50.484 E553.27581
G1 X56.482 Y50.479 E553.5988
G1 X56.837 Y50.136 E553.61112
G1 X57.02 Y49.852 E553.61954
G1 X57.313 Y49.255 E553.63613
G1 X57.571 Y48.525 E553.65545
G1 F4549.8 X57.695 Y47.986 E553.67
G1 F4192.1 X57.711 Y47.838 E553.67426
G1 X57.627 Y47.958 E553.67844
G1 F4549.8 X57.23 Y48.204 E553.69073
G0 F7200 X57.711 Y47.838
G1 F4085.1 X58.366 Y44.662 E553.78578
G1 F1500 E547.28578
G0 F7200 X57.644 Y47.402
G0 X57.298 Y48.514
G0 X57.298 Y47.706
;TYPE:WALL-OUTER
G1 F1500 E553.78578
G1 F2400 X57.163 Y47.799 E553.78987
G1 X42.884 Y47.804 E554.14606
G1 X42.702 Y47.711 E554.15116
G1 X41.985 Y44.228 E554.23986
G1 X41.101 Y44.228 E554.26192
G1 X41.903 Y48.116 E554.36094
G1 X42.131 Y48.913 E554.38162
G1 X42.425 Y49.699 E554.40256
G1 X42.855 Y50.397 E554.42301
G1 X43.065 Y50.643 E554.43107
G1 X43.345 Y50.845 E554.43969
G1 X43.477 Y50.884 E554.44312
G1 X56.503 Y50.884 E554.76806
G1 X56.799 Y50.76 E554.77606
G1 X57.153 Y50.384 E554.78894
G1 X57.369 Y50.049 E554.79889
G1 X57.683 Y49.41 E554.81665
G1 X57.953 Y48.644 E554.83691
G1 X58.108 Y48.072 E554.85169
G1 X58.898 Y44.228 E554.94958
G1 X58.012 Y44.228 E554.97168
G1 X57.298 Y47.706 E555.06025
G0 F7200 X57.163 Y47.799
G0 X57.127 Y47.799
G0 X57.127 Y48.514
G0 X43.215 Y49.496
;TYPE:SKIN
G1 F1800 X42.838 Y48.584 E555.08487
G1 X57.146 Y48.585 E555.44178
G1 X56.963 Y49.102 E555.45547
G1 X56.617 Y49.812 E555.47517
G1 X56.341 Y50.104 E555.48519
G1 X43.661 Y50.104 E555.80149
G1 X43.482 Y49.929 E555.80774
G1 X43.215 Y49.496 E555.82043
G0 F7200 X44.247 Y49.904
G1 F1800 X43.146 Y48.803 E555.85927
G0 F7200 X43.694 Y48.785
G1 F1800 X44.813 Y49.904 E555.89874
G0 F7200 X45.379 Y49.904
G1 F1800 X44.259 Y48.785 E555.93824
G0 F7200 X44.825 Y48.785
G1 F1800 X45.944 Y49.904 E555.97771
G0 F7200 X46.51 Y49.904
G1 F1800 X45.391 Y48.785 E556.01719
G0 F7200 X45.956 Y48.785
G1 F1800 X47.076 Y49.904 E556.05668
G0 F7200 X47.641 Y49.904
G1 F1800 X46.522 Y48.785 E556.09616
G0 F7200 X47.088 Y48.785
G1 F1800 X48.207 Y49.904 E556.13563
G0 F7200 X48.773 Y49.904
G1 F1800 X47.653 Y48.785 E556.17513
G0 F7200 X48.219 Y48.785
G1 F1800 X49.338 Y49.904 E556.2146
G0 F7200 X49.904 Y49.904
G1 F1800 X48.785 Y48.785 E556.25408
G0 F7200 X49.35 Y48.785
G1 F1800 X50.47 Y49.904 E556.29357
G0 F7200 X51.035 Y49.904
G1 F1800 X49.916 Y48.785 E556.33305
G0 F7200 X50.482 Y48.785
G1 F1800 X51.601 Y49.904 E556.37252
G0 F7200 X52.167 Y49.904
G1 F1800 X51.047 Y48.785 E556.41202
G0 F7200 X51.613 Y48.785
G1 F1800 X52.732 Y49.904 E556.45149
G0 F7200 X53.298 Y49.904
G1 F1800 X52.179 Y48.785 E556.49097
G0 F7200 X52.745 Y48.785
G1 F1800 X53.864 Y49.904 E556.53044
G0 F7200 X54.43 Y49.904
G1 F1800 X53.31 Y48.785 E556.56994
G0 F7200 X53.876 Y48.785
G1 F1800 X54.995 Y49.904 E556.60941
G0 F7200 X55.561 Y49.904
G1 F1800 X54.442 Y48.785 E556.64889
G0 F7200 X55.007 Y48.785
G1 F1800 X56.127 Y49.904 E556.68838
G0 F7200 X56.462 Y49.674
G1 F1800 X55.573 Y48.785 E556.71975
G0 F7200 X56.139 Y48.785
G1 F1800 X56.648 Y49.294 E556.7377
G0 F7200 X56.822 Y48.902
G1 F1800 X56.704 Y48.785 E556.74185
G0 F7200 X56.704 Y48.814
G1 F1500 E550.24185
;MESH:NONMESH
G0 F600 Z15.75
G0 F7200 X42.525 Y48.044
G0 X41.632 Y44.661
;TIME_ELAPSED:746.472821
;LAYER:103
;TYPE:WALL-INNER
;MESH:blankkey.stl
G1 F1500 E556.74185
G1 F4076.4 X42.211 Y47.454 E556.82563
G0 F7200 X42.617 Y48.089
G0 X42.519 Y48.647
G1 F4800 X42.748 Y49.201 E556.84058
G1 X42.995 Y49.627 E556.85287
G1 X43.216 Y49.912 E556.86186
G1 X43.458 Y50.1 E556.86951
G1 X56.536 Y50.104 E557.19574
G1 X56.77 Y49.923 E557.20312
G1 X57.188 Y49.338 E557.22105
G1 X57.559 Y48.45 E557.24506
G1 F4549.8 X57.771 Y47.612 E557.26781
G1 F4183 X57.788 Y47.455 E557.27233
G1 X57.7 Y47.581 E557.27673
G1 F4549.8 X57.192 Y47.82 E557.2915
G1 F4800 X42.804 Y47.82 E557.65041
G1 X42.459 Y47.711 E557.65944
G1 F4393.6 X42.211 Y47.454 E557.66917
G1 X42.255 Y47.845 E557.6799
G1 F4800 X42.519 Y48.647 E557.70096
G0 F7200 X42.809 Y48.54
G0 X57.382 Y48.091
G0 X57.788 Y47.455
G1 F4076.4 X58.365 Y44.663 E557.7847
G1 F1500 E551.2847
G0 F7200 X57.708 Y47.091
G0 X57.373 Y48.131
G0 X57.373 Y47.328
;TYPE:WALL-OUTER
G1 F1500 E557.7847
G1 F2400 X57.192 Y47.42 E557.78976
G1 X42.804 Y47.42 E558.14867
G1 X42.689 Y47.384 E558.15168
G1 X42.617 Y47.294 E558.15456
G1 X41.985 Y44.228 E558.23264
G1 X41.101 Y44.228 E558.2547
G1 X41.87 Y47.956 E558.34965
G1 X42.144 Y48.786 E558.37145
G1 X42.388 Y49.379 E558.38745
G1 X42.663 Y49.851 E558.40108
G1 X42.931 Y50.197 E558.41199
G1 X43.277 Y50.466 E558.42293
G1 X43.396 Y50.5 E558.42601
G1 X56.576 Y50.504 E558.75479
G1 X56.728 Y50.461 E558.75873
G1 X57.062 Y50.203 E558.76926
G1 X57.54 Y49.534 E558.78977
G1 X57.938 Y48.582 E558.81551
G1 X58.184 Y47.698 E558.8384
G1 X58.898 Y44.229 E558.92675
G1 X58.012 Y44.229 E558.94885
G1 X57.373 Y47.328 E559.02778
G0 F7200 X57.195 Y47.418
G0 X57.195 Y48.131
G0 X56.852 Y49.15
;TYPE:SKIN
G1 F1800 X56.443 Y49.72 E559.04528
G1 X43.586 Y49.72 E559.366
G1 X43.494 Y49.647 E559.36893
G1 X43.086 Y49.022 E559.38755
G1 X42.748 Y48.195 E559.40983
G1 X57.248 Y48.2 E559.77154
G1 X56.852 Y49.15 E559.79721
G0 F7200 X56.263 Y49.52
G1 F1800 X56.532 Y49.251 E559.8067
G0 F7200 X55.697 Y49.52
G1 F1800 X56.817 Y48.4 E559.84621
G0 F7200 X56.252 Y48.4
G1 F1800 X55.132 Y49.52 E559.88572
G0 F7200 X54.566 Y49.52
G1 F1800 X55.686 Y48.4 E559.92523
G0 F7200 X55.12 Y48.4
G1 F1800 X54 Y49.52 E559.96474
G0 F7200 X53.435 Y49.52
G1 F1800 X54.555 Y48.4 E560.00425
G0 F7200 X53.989 Y48.4
G1 F1800 X52.869 Y49.52 E560.04377
G0 F7200 X52.303 Y49.52
G1 F1800 X53.423 Y48.4 E560.08328
G0 F7200 X52.858 Y48.4
G1 F1800 X51.738 Y49.52 E560.12279
G0 F7200 X51.172 Y49.52
G1 F1800 X52.292 Y48.4 E560.1623
G0 F7200 X51.726 Y48.4
G1 F1800 X50.606 Y49.52 E560.20181
G0 F7200 X50.041 Y49.52
G1 F1800 X51.161 Y48.4 E560.24132
G0 F7200 X50.595 Y48.4
G1 F1800 X49.475 Y49.52 E560.28083
G0 F7200 X48.909 Y49.52
G1 F1800 X50.029 Y48.4 E560.32034
G0 F7200 X49.464 Y48.4
G1 F1800 X48.343 Y49.52 E560.35987
G0 F7200 X47.778 Y49.52
G1 F1800 X48.898 Y48.4 E560.39938
G0 F7200 X48.332 Y48.4
G1 F1800 X47.212 Y49.52 E560.43889
G0 F7200 X46.646 Y49.52
G1 F1800 X47.766 Y48.4 E560.4784
G0 F7200 X47.201 Y48.4
G1 F1800 X46.081 Y49.52 E560.51792
G0 F7200 X45.515 Y49.52
G1 F1800 X46.635 Y48.4 E560.55743
G0 F7200 X46.069 Y48.4
G1 F1800 X44.949 Y49.52 E560.59694
G0 F7200 X44.384 Y49.52
G1 F1800 X45.504 Y48.4 E560.63645
G0 F7200 X44.938 Y48.4
G1 F1800 X43.818 Y49.52 E560.67596
G0 F7200 X43.495 Y49.278
G1 F1800 X44.372 Y48.4 E560.70692
G0 F7200 X43.807 Y48.4
G1 F1800 X43.269 Y48.937 E560.72588
G0 F7200 X43.105 Y48.536
G1 F1800 X43.241 Y48.4 E560.73068
G0 F7200 X43.241 Y48.431
G1 F1500 E554.23068
;MESH:NONMESH
G0 F600 Z15.9
G0 F7200 X42.446 Y47.661
G0 X41.632 Y44.661
;TIME_ELAPSED:752.687302
;LAYER:104
;TYPE:WALL-INNER
;MESH:blankkey.stl
G1 F1500 E560.73068
G1 F4076.4 X42.131 Y47.071 E560.80297
G0 F7200 X42.535 Y47.709
G0 X57.188 Y48.363
G0 X57.471 Y48.484
G1 F4800 X57.729 Y47.752 E560.82233
G1 F4507 X57.856 Y47.193 E560.83756
G1 F4155.8 X57.868 Y47.07 E560.84112
G1 X57.8 Y47.171 E560.84462
G1 F4507 X57.387 Y47.436 E560.85766
G1 F4800 X42.649 Y47.432 E561.2253
G1 F4465.1 X42.175 Y47.144 E561.24017
G1 F4102.6 X42.131 Y47.071 E561.24266
G1 X42.141 Y47.157 E561.24519
G1 F4465.1 X42.293 Y47.858 E561.26442
G1 F4800 X42.53 Y48.488 E561.28121
G1 X42.818 Y49.114 E561.2984
G1 X43.204 Y49.624 E561.31436
G1 X43.37 Y49.716 E561.31909
G1 X56.608 Y49.72 E561.64932
G1 X56.786 Y49.601 E561.65466
G1 X57.13 Y49.161 E561.66859
G1 X57.471 Y48.484 E561.6875
G0 F7200 X57.188 Y48.363
G0 X57.868 Y47.07
G1 F4076.4 X58.366 Y44.663 E561.7597
G1 F1500 E555.2597
G0 F7200 X57.95 Y46.146
G0 X57.455 Y47.748
G0 X57.455 Y46.934
;TYPE:WALL-OUTER
G1 F1500 E561.7597
G1 F2400 X57.318 Y47.031 E561.76388
G1 X42.699 Y47.035 E562.12856
G1 X42.538 Y46.927 E562.13339
G1 X41.984 Y44.228 E562.20212
G1 X41.102 Y44.228 E562.22412
G1 X41.726 Y47.265 E562.30147
G1 X41.911 Y47.979 E562.31986
G1 X42.161 Y48.642 E562.33754
G1 X42.473 Y49.32 E562.35616
G1 X42.835 Y49.799 E562.37113
G1 X43.182 Y50.079 E562.38226
G1 X43.316 Y50.116 E562.38572
G1 X56.728 Y50.12 E562.72029
G1 X57.062 Y49.899 E562.73028
G1 X57.47 Y49.376 E562.74683
G1 X57.839 Y48.641 E562.76734
G1 X58.115 Y47.858 E562.78805
G1 X58.272 Y47.279 E562.80302
G1 X58.898 Y44.229 E562.88068
G1 X58.012 Y44.229 E562.90279
G1 X57.455 Y46.934 E562.97168
G0 F7200 X57.318 Y47.031
G0 X57.286 Y47.031
G0 X57.286 Y47.748
G0 X56.491 Y49.34
;TYPE:SKIN
G1 F1800 X43.497 Y49.336 E563.29581
G1 X43.143 Y48.916 E563.30952
G1 X42.881 Y48.338 E563.32535
G1 X42.681 Y47.809 E563.33945
G1 X57.302 Y47.817 E563.70418
G1 X57.119 Y48.328 E563.71772
G1 X56.806 Y48.952 E563.73513
G1 X56.491 Y49.34 E563.7476
G0 F7200 X56.868 Y48.382
G1 F1800 X56.502 Y48.017 E563.76049
G0 F7200 X55.936 Y48.017
G1 F1800 X56.679 Y48.759 E563.78668
G0 F7200 X56.446 Y49.092
G1 F1800 X55.37 Y48.016 E563.82464
G0 F7200 X54.804 Y48.016
G1 F1800 X55.928 Y49.14 E563.8643
G0 F7200 X55.362 Y49.14
G1 F1800 X54.238 Y48.015 E563.90397
G0 F7200 X53.672 Y48.015
G1 F1800 X54.797 Y49.14 E563.94365
G0 F7200 X54.23 Y49.139
G1 F1800 X53.106 Y48.015 E563.98331
G0 F7200 X52.54 Y48.015
G1 F1800 X53.664 Y49.139 E564.02296
G0 F7200 X53.099 Y49.139
G1 F1800 X51.974 Y48.015 E564.06263
G0 F7200 X51.408 Y48.014
G1 F1800 X52.533 Y49.139 E564.10231
G0 F7200 X51.967 Y49.138
G1 F1800 X50.842 Y48.014 E564.14198
G0 F7200 X50.276 Y48.013
G1 F1800 X51.401 Y49.138 E564.18167
G0 F7200 X50.835 Y49.138
G1 F1800 X49.71 Y48.013 E564.22136
G0 F7200 X49.144 Y48.013
G1 F1800 X50.27 Y49.138 E564.26106
G0 F7200 X49.703 Y49.138
G1 F1800 X48.578 Y48.013 E564.30075
G0 F7200 X48.012 Y48.012
G1 F1800 X49.138 Y49.138 E564.34047
G0 F7200 X48.572 Y49.138
G1 F1800 X47.446 Y48.012 E564.3802
G0 F7200 X46.88 Y48.012
G1 F1800 X48.006 Y49.138 E564.41992
G0 F7200 X47.44 Y49.137
G1 F1800 X46.314 Y48.011 E564.45964
G0 F7200 X45.748 Y48.011
G1 F1800 X46.874 Y49.137 E564.49937
G0 F7200 X46.308 Y49.137
G1 F1800 X45.182 Y48.01 E564.53911
G0 F7200 X44.616 Y48.01
G1 F1800 X45.743 Y49.137 E564.57886
G0 F7200 X45.176 Y49.136
G1 F1800 X44.05 Y48.01 E564.61859
G0 F7200 X43.484 Y48.01
G1 F1800 X44.611 Y49.136 E564.65833
G0 F7200 X44.045 Y49.136
G1 F1800 X42.977 Y48.068 E564.696
G1 X42.907 Y47.998
G0 F7200 X42.985 Y48.048
G1 F1500 E558.196
;MESH:NONMESH
G0 F600 Z16.05
G0 F7200 X42.367 Y47.278
G0 X41.632 Y44.661
;TIME_ELAPSED:758.896345
;LAYER:105
;TYPE:WALL-INNER
;MESH:blankkey.stl
G1 F1500 E564.696
G1 F4059.2 X42.054 Y46.687 E564.75705
G0 F7200 X42.462 Y47.324
G0 X57.447 Y47.365
G0 X57.447 Y47.052
G1 F4800 X42.648 Y47.052 E565.12621
G1 F4694.4 X42.236 Y46.901 E565.1374
G1 F4285.7 X42.054 Y46.687 E565.14525
G1 X42.088 Y46.994 E565.15388
G1 F4694.4 X42.278 Y47.648 E565.17125
G1 F4800 X42.523 Y48.296 E565.18853
G1 X42.781 Y48.767 E565.20193
G1 X43.116 Y49.206 E565.2157
G1 X43.285 Y49.33 E565.22093
G1 X56.696 Y49.332 E565.55547
G1 X56.875 Y49.215 E565.56081
G1 X57.161 Y48.854 E565.57229
G1 X57.408 Y48.422 E565.58471
G1 X57.743 Y47.617 E565.60646
G1 F4637.7 X57.918 Y46.916 E565.62511
G1 F4276.2 X57.945 Y46.686 E565.6316
G1 X57.811 Y46.862 E565.63779
G1 F4637.7 X57.447 Y47.052 E565.64839
G0 F7200 X57.945 Y46.686
G1 F4093.8 X58.365 Y44.662 E565.70885
G1 F1500 E559.20885
G0 F7200 X57.539 Y47.365
G0 X57.539 Y46.526
;TYPE:WALL-OUTER
G1 F1500 E565.70885
G1 F2400 X57.39 Y46.649 E565.71367
G1 X42.648 Y46.652 E566.08141
G1 X42.512 Y46.6 E566.08504
G1 X42.462 Y46.526 E566.08727
G1 X41.985 Y44.228 E566.14582
G1 X41.101 Y44.228 E566.16787
G1 X41.69 Y47.09 E566.24076
G1 X41.894 Y47.763 E566.2583
G1 X42.159 Y48.464 E566.27699
G1 X42.445 Y48.986 E566.29184
G1 X42.834 Y49.495 E566.30782
G1 X43.109 Y49.696 E566.31632
G1 X43.239 Y49.732 E566.31968
G1 X56.773 Y49.732 E566.65729
G1 X56.969 Y49.653 E566.66256
G1 X57.161 Y49.498 E566.66872
G1 X57.493 Y49.079 E566.68205
G1 X57.768 Y48.599 E566.69585
G1 X58.008 Y48.024 E566.7114
G1 X58.176 Y47.532 E566.72436
G1 X58.321 Y47.016 E566.73773
G1 X58.898 Y44.228 E566.80876
G1 X58.012 Y44.228 E566.83086
G1 X57.539 Y46.526 E566.88938
G0 F7200 X57.39 Y46.649
G0 X57.383 Y46.649
G0 X57.383 Y47.365
G0 X56.844 Y48.635
;TYPE:SKIN
G1 F1800 X56.579 Y48.948 E566.89961
G1 X43.411 Y48.952 E567.22809
G1 X43.105 Y48.562 E567.24046
G1 X42.866 Y48.128 E567.25281
G1 X42.609 Y47.432 E567.27132
G1 X57.401 Y47.433 E567.64031
G1 X57.064 Y48.259 E567.66256
G1 X56.844 Y48.635 E567.67343
G0 F7200 X56.469 Y48.749
G1 F1800 X56.579 Y48.638 E567.67733
G0 F7200 X55.903 Y48.749
G1 F1800 X57.02 Y47.632 E567.71673
G0 F7200 X56.454 Y47.632
G1 F1800 X55.337 Y48.749 E567.75614
G0 F7200 X54.772 Y48.749
G1 F1800 X55.888 Y47.632 E567.79553
G0 F7200 X55.323 Y47.632
G1 F1800 X54.205 Y48.749 E567.83495
G0 F7200 X53.64 Y48.749
G1 F1800 X54.757 Y47.632 E567.87436
G0 F7200 X54.191 Y47.632
G1 F1800 X53.074 Y48.749 E567.91376
G0 F7200 X52.508 Y48.749
G1 F1800 X53.626 Y47.632 E567.95318
G0 F7200 X53.06 Y47.632
G1 F1800 X51.942 Y48.75 E567.99262
G0 F7200 X51.376 Y48.75
G1 F1800 X52.494 Y47.632 E568.03206
G0 F7200 X51.929 Y47.632
G1 F1800 X50.811 Y48.75 E568.0715
G0 F7200 X50.245 Y48.75
G1 F1800 X51.363 Y47.632 E568.11095
G0 F7200 X50.797 Y47.632
G1 F1800 X49.678 Y48.751 E568.15042
G0 F7200 X49.113 Y48.751
G1 F1800 X50.231 Y47.632 E568.18988
G0 F7200 X49.666 Y47.632
G1 F1800 X48.547 Y48.751 E568.22935
G0 F7200 X47.981 Y48.751
G1 F1800 X49.1 Y47.632 E568.26883
G0 F7200 X48.534 Y47.632
G1 F1800 X47.415 Y48.751 E568.30831
G0 F7200 X46.849 Y48.751
G1 F1800 X47.969 Y47.632 E568.3478
G0 F7200 X47.403 Y47.632
G1 F1800 X46.284 Y48.751 E568.38728
G0 F7200 X45.718 Y48.751
G1 F1800 X46.837 Y47.632 E568.42675
G0 F7200 X46.272 Y47.632
G1 F1800 X45.152 Y48.752 E568.46626
G0 F7200 X44.586 Y48.752
G1 F1800 X45.706 Y47.632 E568.50577
G0 F7200 X45.14 Y47.632
G1 F1800 X44.02 Y48.752 E568.54528
G0 F7200 X43.481 Y48.726
G1 F1800 X44.575 Y47.632 E568.58388
G0 F7200 X44.009 Y47.632
G1 F1800 X43.243 Y48.398 E568.6109
G0 F7200 X43.044 Y48.032
G1 F1800 X43.443 Y47.632 E568.62499
G0 F7200 X43.443 Y47.665
G1 F1500 E562.12499
;MESH:NONMESH
G0 F600 Z16.2
G0 F7200 X42.289 Y46.895
G0 X41.632 Y44.661
;TIME_ELAPSED:765.068572
;LAYER:106
;TYPE:WALL-INNER
;MESH:blankkey.stl
G1 F1500 E568.62499
G1 F4059.2 X41.974 Y46.303 E568.67447
G0 F7200 X42.382 Y46.94
G0 X57.428 Y46.981
G0 X57.428 Y46.669
G1 F4800 X42.568 Y46.668 E569.04515
G1 F4694.4 X42.156 Y46.517 E569.05634
G1 F4285.7 X41.974 Y46.303 E569.06419
G1 X42.008 Y46.61 E569.07282
G1 F4694.4 X42.259 Y47.467 E569.0956
G1 F4800 X42.562 Y48.13 E569.11378
G1 X42.912 Y48.687 E569.13019
G1 X43.071 Y48.862 E569.13609
G1 X43.22 Y48.956 E569.14049
G1 X56.786 Y48.948 E569.47889
G1 X56.912 Y48.87 E569.48259
G1 X57.248 Y48.462 E569.49577
G1 X57.626 Y47.723 E569.51648
G1 X57.803 Y47.251 E569.52905
G1 F4705.9 X57.991 Y46.602 E569.54625
G1 F4304.9 X58.023 Y46.302 E569.55464
G1 X57.839 Y46.517 E569.56251
G1 F4705.9 X57.428 Y46.669 E569.57366
G0 F7200 X58.023 Y46.302
G1 F4076.4 X58.365 Y44.662 E569.62287
G1 F1500 E563.12287
G0 F7200 X57.615 Y46.981
G0 X57.615 Y46.142
;TYPE:WALL-OUTER
G1 F1500 E569.62287
G1 F2400 X57.564 Y46.216 E569.62511
G1 X57.428 Y46.269 E569.62875
G1 X42.568 Y46.268 E569.99943
G1 X42.432 Y46.216 E570.00307
G1 X42.382 Y46.142 E570.00529
G1 X41.985 Y44.228 E570.05405
G1 X41.101 Y44.228 E570.07611
G1 X41.61 Y46.706 E570.13921
G1 X41.884 Y47.609 E570.16275
G1 X42.209 Y48.32 E570.18225
G1 X42.592 Y48.93 E570.20022
G1 X42.808 Y49.167 E570.20822
G1 X43.154 Y49.356 E570.21805
G1 X56.851 Y49.348 E570.55972
G1 X56.997 Y49.299 E570.56357
G1 X57.186 Y49.167 E570.56932
G1 X57.578 Y48.69 E570.58472
G1 X57.995 Y47.878 E570.60749
G1 X58.182 Y47.379 E570.62078
G1 X58.386 Y46.706 E570.63832
G1 X58.898 Y44.228 E570.70144
G1 X58.012 Y44.228 E570.72354
G1 X57.615 Y46.142 E570.77231
G0 F7200 X57.564 Y46.216
G0 X57.462 Y46.255
G0 X57.462 Y46.981
G0 X56.932 Y48.243
;TYPE:SKIN
G1 F1800 X56.655 Y48.568 E570.78296
G1 X43.341 Y48.576 E571.11508
G1 X43.209 Y48.448 E571.11966
G1 X42.897 Y47.953 E571.13426
G1 X42.612 Y47.325 E571.15146
G1 X42.528 Y47.048 E571.15868
G1 X57.453 Y47.043 E571.53099
G1 X57.271 Y47.581 E571.54516
G1 X56.932 Y48.243 E571.56371
G0 F7200 X57.095 Y47.479
G1 F1800 X56.866 Y47.249 E571.57181
G0 F7200 X56.3 Y47.249
G1 F1800 X56.907 Y47.856 E571.59322
G0 F7200 X56.697 Y48.212
G1 F1800 X55.734 Y47.249 E571.62719
G0 F7200 X55.168 Y47.249
G1 F1800 X56.287 Y48.368 E571.66667
G0 F7200 X55.721 Y48.368
G1 F1800 X54.603 Y47.249 E571.70613
G0 F7200 X54.037 Y47.249
G1 F1800 X55.156 Y48.368 E571.7456
G0 F7200 X54.591 Y48.368
G1 F1800 X53.471 Y47.249 E571.7851
G0 F7200 X52.906 Y47.249
G1 F1800 X54.026 Y48.369 E571.82461
G0 F7200 X53.46 Y48.369
G1 F1800 X52.34 Y47.249 E571.86412
G0 F7200 X51.774 Y47.249
G1 F1800 X52.895 Y48.37 E571.90366
G0 F7200 X52.329 Y48.37
G1 F1800 X51.209 Y47.249 E571.94319
G0 F7200 X50.643 Y47.249
G1 F1800 X51.764 Y48.37 E571.98274
G0 F7200 X51.199 Y48.37
G1 F1800 X50.077 Y47.249 E572.0223
G0 F7200 X49.512 Y47.249
G1 F1800 X50.634 Y48.371 E572.06188
G0 F7200 X50.068 Y48.371
G1 F1800 X48.946 Y47.249 E572.10147
G0 F7200 X48.38 Y47.249
G1 F1800 X49.503 Y48.372 E572.14108
G0 F7200 X48.937 Y48.372
G1 F1800 X47.815 Y47.249 E572.18068
G0 F7200 X47.249 Y47.249
G1 F1800 X48.372 Y48.372 E572.2203
G0 F7200 X47.807 Y48.372
G1 F1800 X46.683 Y47.249 E572.25993
G0 F7200 X46.118 Y47.249
G1 F1800 X47.242 Y48.373 E572.29959
G0 F7200 X46.677 Y48.374
G1 F1800 X45.552 Y47.249 E572.33927
G0 F7200 X44.986 Y47.249
G1 F1800 X46.111 Y48.374 E572.37896
G0 F7200 X45.546 Y48.375
G1 F1800 X44.42 Y47.249 E572.41868
G0 F7200 X43.855 Y47.249
G1 F1800 X44.98 Y48.375 E572.45839
G0 F7200 X44.415 Y48.375
G1 F1800 X43.289 Y47.249 E572.49811
G0 F7200 X42.859 Y47.385
G1 F1800 X43.85 Y48.375 E572.53305
G1 X43.92 Y48.445
G0 F7200 X43.921 Y48.345
G1 F1500 E566.03305
;MESH:NONMESH
G0 F600 Z16.35
G0 F7200 X42.21 Y46.511
G0 X41.632 Y44.661
;TIME_ELAPSED:771.243266
;LAYER:107
;TYPE:WALL-INNER
;MESH:blankkey.stl
G1 F1500 E572.53305
G1 F4067.8 X41.894 Y45.923 E572.57099
G0 F7200 X42.301 Y46.558
G0 X57.331 Y47.426
G0 X57.608 Y47.552
G1 F4800 X57.952 Y46.64 E572.59531
G1 F4615.4 X58.076 Y46.132 E572.60887
G1 F4257.2 X58.101 Y45.923 E572.61479
G1 X57.98 Y46.085 E572.62048
G1 F4615.4 X57.599 Y46.289 E572.63169
G1 F4800 X42.378 Y46.288 E573.01138
G1 F4486 X41.951 Y46.015 E573.02491
G1 F4111.3 X41.894 Y45.923 E573.02806
G1 X41.908 Y46.033 E573.03129
G1 F4486 X42.035 Y46.618 E573.04727
G1 F4800 X42.202 Y47.111 E573.06025
G1 X42.462 Y47.733 E573.07707
G1 X42.78 Y48.236 E573.09191
G1 X43.011 Y48.493 E573.10053
G1 X43.139 Y48.572 E573.10429
G1 X56.87 Y48.563 E573.44681
G1 X57.135 Y48.341 E573.45543
G1 X57.366 Y48.017 E573.46536
G1 X57.608 Y47.552 E573.47843
G0 F7200 X57.331 Y47.426
G0 X57.7 Y46.559
G0 X58.101 Y45.923
G1 F4102.6 X58.365 Y44.662 E573.51603
G1 F1500 E567.01603
G0 F7200 X57.695 Y46.598
G0 X57.695 Y45.763
;TYPE:WALL-OUTER
G1 F1500 E573.51603
G1 F2400 X57.546 Y45.885 E573.52084
G1 X42.444 Y45.884 E573.89756
G1 X42.303 Y45.782 E573.9019
G1 X41.984 Y44.228 E573.94147
G1 X41.102 Y44.228 E573.96347
G1 X41.494 Y46.142 E574.01221
G1 X41.652 Y46.734 E574.0275
G1 X41.84 Y47.284 E574.04199
G1 X42.106 Y47.919 E574.05917
G1 X42.46 Y48.478 E574.07567
G1 X42.748 Y48.799 E574.08643
G1 X43.073 Y48.972 E574.09562
G1 X56.932 Y48.964 E574.44133
G1 X57.072 Y48.917 E574.44501
G1 X57.431 Y48.615 E574.45672
G1 X57.708 Y48.227 E574.46861
G1 X57.97 Y47.722 E574.4828
G1 X58.168 Y47.253 E574.4955
G1 X58.337 Y46.748 E574.50878
G1 X58.481 Y46.232 E574.52215
G1 X58.897 Y44.229 E574.57318
G1 X58.012 Y44.229 E574.59525
G1 X57.695 Y45.763 E574.63433
G0 F7200 X57.546 Y45.885
G0 X57.539 Y45.885
G0 X57.539 Y46.598
G0 X57.04 Y47.812
;TYPE:SKIN
G1 F1800 X56.851 Y48.083 E574.64257
G1 X56.731 Y48.184 E574.64648
G1 X43.262 Y48.192 E574.98247
G1 X43.083 Y48.004 E574.98894
G1 X42.803 Y47.559 E575.00206
G1 X42.555 Y46.966 E575.01809
G1 X42.459 Y46.668 E575.0259
G1 X57.533 Y46.669 E575.40193
G1 X57.37 Y47.174 E575.41516
G1 X57.04 Y47.812 E575.43308
G0 F7200 X56.101 Y47.985
G1 F1800 X57.218 Y46.868 E575.47249
G0 F7200 X56.652 Y46.868
G1 F1800 X55.535 Y47.985 E575.51189
G0 F7200 X54.969 Y47.986
G1 F1800 X56.086 Y46.868 E575.55131
G0 F7200 X55.521 Y46.868
G1 F1800 X54.403 Y47.986 E575.59075
G0 F7200 X53.837 Y47.986
G1 F1800 X54.955 Y46.868 E575.63019
G0 F7200 X54.389 Y46.868
G1 F1800 X53.271 Y47.986 E575.66964
G0 F7200 X52.705 Y47.987
G1 F1800 X53.824 Y46.868 E575.70911
G0 F7200 X53.258 Y46.868
G1 F1800 X52.139 Y47.987 E575.74859
G0 F7200 X51.573 Y47.988
G1 F1800 X52.692 Y46.868 E575.78808
G0 F7200 X52.126 Y46.868
G1 F1800 X51.007 Y47.988 E575.82757
G0 F7200 X50.441 Y47.989
G1 F1800 X51.561 Y46.868 E575.8671
G0 F7200 X50.995 Y46.868
G1 F1800 X49.875 Y47.989 E575.90663
G0 F7200 X49.309 Y47.989
G1 F1800 X50.429 Y46.868 E575.94616
G0 F7200 X49.864 Y46.868
G1 F1800 X48.743 Y47.989 E575.98571
G0 F7200 X48.177 Y47.99
G1 F1800 X49.299 Y46.868 E576.02529
G0 F7200 X48.733 Y46.868
G1 F1800 X47.611 Y47.99 E576.06487
G0 F7200 X47.045 Y47.99
G1 F1800 X48.167 Y46.868 E576.10445
G0 F7200 X47.602 Y46.868
G1 F1800 X46.479 Y47.991 E576.14407
G0 F7200 X45.913 Y47.991
G1 F1800 X47.036 Y46.868 E576.18368
G0 F7200 X46.47 Y46.868
G1 F1800 X45.347 Y47.991 E576.2233
G0 F7200 X44.781 Y47.991
G1 F1800 X45.905 Y46.868 E576.26294
G0 F7200 X45.339 Y46.868
G1 F1800 X44.215 Y47.992 E576.30259
G0 F7200 X43.649 Y47.992
G1 F1800 X44.773 Y46.868 E576.34224
G0 F7200 X44.208 Y46.868
G1 F1800 X43.239 Y47.836 E576.37641
G0 F7200 X43.007 Y47.503
G1 F1800 X43.642 Y46.868 E576.39881
G0 F7200 X43.076 Y46.868
G1 F1800 X42.833 Y47.111 E576.40738
G0 F7200 X42.859 Y47.102
G1 F1500 E569.90738
;MESH:NONMESH
G0 F600 Z16.5
G0 F7200 X42.131 Y46.128
G0 X41.633 Y44.661
;TIME_ELAPSED:777.391687
;LAYER:108
;TYPE:WALL-INNER
;MESH:blankkey.stl
G1 F1500 E576.40738
G1 F4067.8 X41.818 Y45.539 E576.43379
G0 F7200 X42.225 Y46.174
G0 X57.588 Y46.215
G0 X57.588 Y45.904
G1 F4800 X42.412 Y45.904 E576.81236
G1 F4648.9 X41.971 Y45.731 E576.82456
G1 F4247.8 X41.818 Y45.539 E576.83148
G1 X41.849 Y45.801 E576.83892
G1 F4648.9 X42.067 Y46.588 E576.85995
G1 F4800 X42.306 Y47.168 E576.8756
G1 X42.6 Y47.702 E576.8908
G1 X42.928 Y48.103 E576.90373
G1 X43.061 Y48.188 E576.90766
G1 X56.905 Y48.188 E577.253
G1 X57.075 Y48.098 E577.2578
G1 X57.35 Y47.776 E577.26837
G1 X57.616 Y47.348 E577.28094
G1 X57.948 Y46.547 E577.30257
G1 F4615.4 X58.156 Y45.739 E577.32421
G1 F4276.2 X58.181 Y45.539 E577.32985
G1 X58.065 Y45.696 E577.33532
G1 F4615.4 X57.588 Y45.904 E577.34882
G0 F7200 X58.181 Y45.539
G1 F4120.2 X58.365 Y44.661 E577.37489
G0 F7200 X57.767 Y45.421
;TYPE:WALL-OUTER
G1 F2400 X57.588 Y45.504 E577.37981
G1 X42.412 Y45.504 E577.75838
G1 X42.237 Y45.431 E577.76311
G1 X41.985 Y44.228 E577.79377
G1 X41.102 Y44.228 E577.8158
G1 X41.447 Y45.899 E577.85836
G1 X41.689 Y46.721 E577.87973
G1 X41.945 Y47.341 E577.89647
G1 X42.267 Y47.927 E577.91315
G1 X42.654 Y48.399 E577.92837
G1 X42.991 Y48.588 E577.93801
G1 X56.96 Y48.588 E578.28647
G1 X57.156 Y48.532 E578.29155
G1 X57.347 Y48.395 E578.29742
G1 X57.674 Y48.013 E578.30996
G1 X57.973 Y47.532 E578.32409
G1 X58.326 Y46.678 E578.34714
G1 X58.561 Y45.84 E578.36885
G1 X58.897 Y44.228 E578.40992
G1 X58.012 Y44.228 E578.432
G1 X57.767 Y45.421 E578.46238
G0 F7200 X57.588 Y45.504
G0 X57.585 Y45.504
G0 X57.585 Y46.215
G0 X42.914 Y47.485
;TYPE:SKIN
G1 F1800 X42.653 Y47.009 E578.47592
G1 X42.354 Y46.284 E578.49549
G1 X57.64 Y46.284 E578.8768
G1 X57.273 Y47.176 E578.90086
G1 X57.044 Y47.541 E578.91161
G1 X56.796 Y47.808 E578.9207
G1 X43.192 Y47.808 E579.26005
G1 X42.914 Y47.485 E579.27068
G0 F7200 X43.648 Y47.608
G1 F1800 X42.742 Y46.702 E579.30264
G0 F7200 X43.091 Y46.485
G1 F1800 X44.214 Y47.608 E579.34226
G0 F7200 X44.78 Y47.608
G1 F1800 X43.657 Y46.485 E579.38188
G0 F7200 X44.222 Y46.485
G1 F1800 X45.345 Y47.608 E579.42149
G0 F7200 X45.911 Y47.608
G1 F1800 X44.788 Y46.485 E579.46111
G0 F7200 X45.354 Y46.485
G1 F1800 X46.477 Y47.608 E579.50073
G0 F7200 X47.042 Y47.608
G1 F1800 X45.92 Y46.485 E579.54033
G0 F7200 X46.485 Y46.485
G1 F1800 X47.608 Y47.608 E579.57994
G0 F7200 X48.174 Y47.608
G1 F1800 X47.051 Y46.485 E579.61956
G0 F7200 X47.617 Y46.485
G1 F1800 X48.739 Y47.608 E579.65916
G0 F7200 X49.305 Y47.608
G1 F1800 X48.182 Y46.485 E579.69878
G0 F7200 X48.748 Y46.485
G1 F1800 X49.871 Y47.608 E579.73839
G0 F7200 X50.437 Y47.608
G1 F1800 X49.314 Y46.485 E579.77801
G0 F7200 X49.879 Y46.485
G1 F1800 X51.002 Y47.608 E579.81763
G0 F7200 X51.568 Y47.608
G1 F1800 X50.445 Y46.485 E579.85724
G0 F7200 X51.011 Y46.485
G1 F1800 X52.134 Y47.608 E579.89686
G0 F7200 X52.699 Y47.608
G1 F1800 X51.576 Y46.485 E579.93648
G0 F7200 X52.142 Y46.485
G1 F1800 X53.265 Y47.608 E579.97609
G0 F7200 X53.831 Y47.608
G1 F1800 X52.708 Y46.485 E580.01571
G0 F7200 X53.273 Y46.485
G1 F1800 X54.396 Y47.608 E580.05533
G0 F7200 X54.962 Y47.608
G1 F1800 X53.839 Y46.485 E580.09494
G0 F7200 X54.405 Y46.485
G1 F1800 X55.528 Y47.608 E580.13456
G0 F7200 X56.093 Y47.608
G1 F1800 X54.97 Y46.485 E580.17418
G0 F7200 X55.536 Y46.485
G1 F1800 X56.659 Y47.608 E580.21379
G0 F7200 X56.943 Y47.327
G1 F1800 X56.102 Y46.485 E580.24348
G0 F7200 X56.668 Y46.485
G1 F1800 X57.145 Y46.962 E580.26031
G0 F7200 X57.31 Y46.562
G1 F1800 X57.233 Y46.485 E580.26302
G0 F7200 X57.233 Y46.515
G1 F1500 E573.76302
;MESH:NONMESH
G0 F600 Z16.65
G0 F7200 X42.053 Y45.745
G0 X41.632 Y44.662
;TIME_ELAPSED:783.221016
;LAYER:109
;TYPE:WALL-INNER
;MESH:blankkey.stl
G1 F1500 E580.26302
G1 F4059.2 X41.739 Y45.157 E580.27796
G0 F7200 X42.143 Y45.793
G0 X57.576 Y46.455
G0 X57.863 Y46.568
G1 F4800 X58.11 Y45.876 E580.29629
G1 F4593.3 X58.238 Y45.348 E580.31045
G1 F4229.1 X58.26 Y45.155 E580.31595
G1 X58.148 Y45.306 E580.32128
G1 F4593.3 X57.755 Y45.521 E580.33295
G1 F4800 X42.257 Y45.516 E580.71955
G1 F4507 X41.807 Y45.261 E580.73329
G1 F4120.2 X41.739 Y45.157 E580.73691
G1 X41.754 Y45.284 E580.74062
G1 F4507 X41.901 Y45.942 E580.75853
G1 F4800 X42.135 Y46.573 E580.77532
G1 X42.425 Y47.199 E580.79253
G1 X42.749 Y47.621 E580.8058
G1 X42.976 Y47.797 E580.81297
G1 X57.036 Y47.794 E581.1637
G1 X57.244 Y47.628 E581.17033
G1 X57.526 Y47.245 E581.1822
G1 X57.863 Y46.568 E581.20106
G0 F7200 X57.576 Y46.455
G0 X58.26 Y45.155
G1 F4085.1 X58.365 Y44.662 E581.21584
G0 F7200 X57.844 Y45.031
;TYPE:WALL-OUTER
G1 F2400 X57.701 Y45.117 E581.22
G1 X42.307 Y45.119 E581.604
G1 X42.151 Y45.021 E581.6086
G1 X41.985 Y44.228 E581.62881
G1 X41.099 Y44.228 E581.65091
G1 X41.342 Y45.393 E581.6806
G1 X41.519 Y46.063 E581.69789
G1 X41.765 Y46.727 E581.71555
G1 X42.081 Y47.407 E581.73425
G1 X42.463 Y47.905 E581.74991
G1 X42.79 Y48.159 E581.76024
G1 X42.926 Y48.2 E581.76378
G1 X57.083 Y48.2 E582.11693
G1 X57.23 Y48.15 E582.1208
G1 X57.534 Y47.908 E582.1305
G1 X57.868 Y47.455 E582.14454
G1 X58.231 Y46.725 E582.16487
G1 X58.489 Y46.007 E582.1839
G1 X58.648 Y45.434 E582.19874
G1 X58.898 Y44.228 E582.22946
G1 X58.012 Y44.228 E582.25156
G1 X57.844 Y45.031 E582.27203
G0 F7200 X57.701 Y45.117
G0 X57.668 Y45.117
G0 X57.668 Y45.832
G0 X43.111 Y47.42
;TYPE:SKIN
G1 F1800 X42.752 Y46.999 E582.28583
G1 X42.485 Y46.422 E582.30169
G1 X42.288 Y45.893 E582.31577
G1 X57.697 Y45.9 E582.70015
G1 X57.511 Y46.413 E582.71376
G1 X57.196 Y47.044 E582.73135
G1 X56.894 Y47.42 E582.74338
G1 X43.111 Y47.42 E583.0872
G0 F7200 X42.605 Y46.207
G1 F1800 X42.72 Y46.093 E583.09124
G0 F7200 X42.785 Y46.593
G1 F1800 X43.286 Y46.093 E583.1089
G0 F7200 X43.851 Y46.093
G1 F1800 X42.979 Y46.965 E583.13966
G0 F7200 X43.29 Y47.22
G1 F1800 X44.416 Y46.093 E583.1794
G0 F7200 X44.982 Y46.093
G1 F1800 X43.855 Y47.22 E583.21916
G0 F7200 X44.421 Y47.22
G1 F1800 X45.547 Y46.094 E583.25888
G0 F7200 X46.113 Y46.094
G1 F1800 X44.987 Y47.22 E583.2986
G0 F7200 X45.553 Y47.22
G1 F1800 X46.678 Y46.094 E583.33831
G0 F7200 X47.243 Y46.095
G1 F1800 X46.118 Y47.22 E583.378
G0 F7200 X46.684 Y47.22
G1 F1800 X47.809 Y46.095 E583.41768
G0 F7200 X48.375 Y46.095
G1 F1800 X47.25 Y47.22 E583.45737
G0 F7200 X47.815 Y47.22
G1 F1800 X48.94 Y46.096 E583.49704
G0 F7200 X49.505 Y46.096
G1 F1800 X48.381 Y47.22 E583.53669
G0 F7200 X48.947 Y47.22
G1 F1800 X50.07 Y46.096 E583.57633
G0 F7200 X50.636 Y46.096
G1 F1800 X49.512 Y47.22 E583.61598
G0 F7200 X50.078 Y47.22
G1 F1800 X51.202 Y46.096 E583.65563
G0 F7200 X51.767 Y46.097
G1 F1800 X50.644 Y47.22 E583.69525
G0 F7200 X51.209 Y47.22
G1 F1800 X52.332 Y46.097 E583.73487
G0 F7200 X52.898 Y46.097
G1 F1800 X51.775 Y47.22 E583.77448
G0 F7200 X52.341 Y47.22
G1 F1800 X53.463 Y46.098 E583.81406
G0 F7200 X54.029 Y46.098
G1 F1800 X52.906 Y47.22 E583.85366
G0 F7200 X53.472 Y47.22
G1 F1800 X54.594 Y46.098 E583.89324
G0 F7200 X55.159 Y46.098
G1 F1800 X54.038 Y47.22 E583.93281
G0 F7200 X54.603 Y47.22
G1 F1800 X55.725 Y46.098 E583.97239
G0 F7200 X56.29 Y46.099
G1 F1800 X55.169 Y47.22 E584.01194
G0 F7200 X55.735 Y47.22
G1 F1800 X56.856 Y46.099 E584.05148
G0 F7200 X57.407 Y46.113
G1 F1800 X56.301 Y47.22 E584.09052
G1 X56.231 Y47.29
G0 F7200 X56.232 Y47.191
;MESH:NONMESH
G0 F600 Z16.8
G0 F7200 X42.441 Y46.497
G0 X42.239 Y46.589
;TIME_ELAPSED:788.764211
;LAYER:110
;TYPE:WALL-INNER
;MESH:blankkey.stl
G1 F4800 X42.644 Y47.208 E584.10897
G1 X42.809 Y47.364 E584.11463
G1 X42.941 Y47.42 E584.11821
G1 X57.083 Y47.416 E584.47098
G1 X57.259 Y47.304 E584.47619
G1 X57.656 Y46.774 E584.49271
G1 X57.93 Y46.236 E584.50777
G1 X58.178 Y45.523 E584.5266
G1 F4582.3 X58.317 Y44.954 E584.5419
G1 F4219.8 X58.339 Y44.772 E584.54711
G1 X58.234 Y44.916 E584.55216
G1 F4582.3 X57.82 Y45.137 E584.56443
G1 F4800 X42.125 Y45.136 E584.95594
G1 F4517.6 X41.732 Y44.884 E584.96831
G1 F4146.9 X41.66 Y44.774 E584.97211
G1 X41.677 Y44.908 E584.97601
G1 F4517.6 X41.786 Y45.429 E584.99012
G1 F4800 X42.038 Y46.148 E585.00912
G1 X42.239 Y46.589 E585.02121
G0 F7200 X42.519 Y46.451
G0 X57.903 Y45.449
G0 X57.903 Y44.659
;TYPE:WALL-OUTER
G1 F2400 X57.774 Y44.734 E585.02493
G1 X42.208 Y44.736 E585.41323
G1 X42.085 Y44.648 E585.417
G1 X41.984 Y44.229 E585.42775
G1 X41.099 Y44.229 E585.44983
G1 X41.265 Y45.015 E585.46987
G1 X41.404 Y45.545 E585.48354
G1 X41.666 Y46.297 E585.5034
G1 X41.888 Y46.783 E585.51673
G1 X42.335 Y47.466 E585.53709
G1 X42.587 Y47.705 E585.54576
G1 X42.861 Y47.82 E585.55317
G1 X57.158 Y47.816 E585.90981
G1 X57.362 Y47.736 E585.91527
G1 X57.55 Y47.584 E585.9213
G1 X57.997 Y46.986 E585.93993
G1 X58.299 Y46.393 E585.95653
G1 X58.557 Y45.651 E585.97613
G1 X58.725 Y45.056 E585.99155
G1 X58.897 Y44.229 E586.01262
G1 X58.012 Y44.229 E586.0347
G1 X57.903 Y44.659 E586.04576
G0 F7200 X57.774 Y44.734
G0 X57.723 Y44.734
G0 X57.723 Y45.449
G0 X57.337 Y46.566
;TYPE:SKIN
G1 F1800 X56.984 Y47.036 E586.06042
G1 X43.043 Y47.04 E586.40818
G1 X42.934 Y46.951 E586.41169
G1 X42.568 Y46.398 E586.42824
G1 X42.386 Y46.001 E586.43913
G1 X42.214 Y45.513 E586.45204
G1 X57.772 Y45.516 E586.84013
G1 X57.575 Y46.09 E586.85527
G1 X57.337 Y46.566 E586.86855
G0 F7200 X57.368 Y46.055
G1 F1800 X57.03 Y45.716 E586.88049
G0 F7200 X56.464 Y45.716
G1 F1800 X57.18 Y46.432 E586.90575
G0 F7200 X56.942 Y46.76
G1 F1800 X55.898 Y45.716 E586.94258
G0 F7200 X55.333 Y45.716
G1 F1800 X56.453 Y46.836 E586.98209
G0 F7200 X55.887 Y46.836
G1 F1800 X54.767 Y45.716 E587.0216
G0 F7200 X54.201 Y45.716
G1 F1800 X55.321 Y46.836 E587.06111
G0 F7200 X54.756 Y46.836
G1 F1800 X53.635 Y45.716 E587.10064
G0 F7200 X53.07 Y45.716
G1 F1800 X54.191 Y46.837 E587.14019
G0 F7200 X53.625 Y46.837
G1 F1800 X52.504 Y45.716 E587.17973
G0 F7200 X51.938 Y45.716
G1 F1800 X53.059 Y46.837 E587.21928
G0 F7200 X52.493 Y46.837
G1 F1800 X51.373 Y45.716 E587.25881
G0 F7200 X50.807 Y45.716
G1 F1800 X51.929 Y46.837 E587.29837
G0 F7200 X51.363 Y46.837
G1 F1800 X50.241 Y45.716 E587.33793
G0 F7200 X49.676 Y45.716
G1 F1800 X50.797 Y46.837 E587.37748
G0 F7200 X50.231 Y46.837
G1 F1800 X49.11 Y45.716 E587.41703
G0 F7200 X48.544 Y45.716
G1 F1800 X49.666 Y46.838 E587.45661
G0 F7200 X49.101 Y46.838
G1 F1800 X47.979 Y45.716 E587.49619
G0 F7200 X47.413 Y45.716
G1 F1800 X48.535 Y46.838 E587.53577
G0 F7200 X47.969 Y46.838
G1 F1800 X46.847 Y45.716 E587.57535
G0 F7200 X46.282 Y45.716
G1 F1800 X47.404 Y46.839 E587.61495
G0 F7200 X46.839 Y46.839
G1 F1800 X45.716 Y45.716 E587.65457
G0 F7200 X45.15 Y45.716
G1 F1800 X46.273 Y46.839 E587.69419
G0 F7200 X45.707 Y46.839
G1 F1800 X44.584 Y45.716 E587.7338
G0 F7200 X44.019 Y45.716
G1 F1800 X45.142 Y46.839 E587.77342
G0 F7200 X44.577 Y46.839
G1 F1800 X43.453 Y45.716 E587.81305
G0 F7200 X42.887 Y45.716
G1 F1800 X44.011 Y46.839 E587.85269
G0 F7200 X43.445 Y46.839
G1 F1800 X42.625 Y46.019 E587.88162
G1 X42.555 Y45.949
G0 F7200 X42.61 Y45.925
;MESH:NONMESH
G0 F600 Z16.95
G0 F7200 X42.168 Y46.216
;TIME_ELAPSED:793.686291
;LAYER:111
;TYPE:WALL-INNER
;MESH:blankkey.stl
G1 F4800 X42.417 Y46.635 E587.89378
G1 X42.698 Y46.959 E587.90447
G1 X42.831 Y47.036 E587.90831
G1 X57.159 Y47.036 E588.26572
G1 X57.299 Y46.956 E588.26974
G1 X57.685 Y46.471 E588.28521
G1 X57.949 Y45.984 E588.29902
G1 X58.232 Y45.241 E588.31886
G1 X58.4 Y44.629 E588.33469
G1 X58.171 Y44.629 E588.3404
G1 X57.855 Y44.751 E588.34885
G1 X42.058 Y44.752 E588.74291
G1 X41.827 Y44.628 E588.74945
G1 X41.574 Y44.628 E588.75576
G1 X41.923 Y45.687 E588.78357
G1 X42.168 Y46.216 E588.79812
G0 F7200 X41.551 Y45.834
;TYPE:WALL-OUTER
G1 F2400 X41.814 Y46.402 E588.81373
G1 X42.091 Y46.87 E588.8273
G1 X42.43 Y47.261 E588.8402
G1 X42.62 Y47.389 E588.84592
G1 X42.771 Y47.436 E588.84986
G1 X57.221 Y47.436 E589.21032
G1 X57.389 Y47.382 E589.21472
G1 X57.577 Y47.249 E589.22047
G1 X58.02 Y46.693 E589.2382
G1 X58.313 Y46.152 E589.25355
G1 X58.613 Y45.365 E589.27456
G1 X58.807 Y44.655 E589.29292
G1 X58.897 Y44.229 E589.30378
G1 X57.994 Y44.229 E589.32631
G1 X57.932 Y44.319 E589.32903
G1 X57.832 Y44.352 E589.33166
G1 X42.125 Y44.346 E589.72347
G1 X42.005 Y44.228 E589.72767
G1 X41.098 Y44.228 E589.75029
G1 X41.185 Y44.642 E589.76085
G1 X41.336 Y45.183 E589.77486
G1 X41.551 Y45.834 E589.79196
G0 F7200 X41.635 Y46.015
G0 X42.279 Y45.72
G0 X57.364 Y46.261
;TYPE:SKIN
G1 F1800 X57.051 Y46.656 E589.80453
G1 X42.949 Y46.656 E590.15631
G1 X42.726 Y46.412 E590.16455
G1 X42.502 Y46.035 E590.17549
G1 X42.275 Y45.539 E590.1891
G1 X42.143 Y45.129 E590.19984
G1 X57.864 Y45.13 E590.59201
G1 X57.601 Y45.82 E590.61043
G1 X57.364 Y46.261 E590.62292
G0 F7200 X56.499 Y46.456
G1 F1800 X57.543 Y45.412 E590.65975
G0 F7200 X57.06 Y45.329
G1 F1800 X55.933 Y46.456 E590.6995
G0 F7200 X55.367 Y46.456
G1 F1800 X56.494 Y45.329 E590.73926
G0 F7200 X55.929 Y45.329
G1 F1800 X54.801 Y46.456 E590.77904
G0 F7200 X54.236 Y46.456
G1 F1800 X55.363 Y45.329 E590.81879
G0 F7200 X54.797 Y45.329
G1 F1800 X53.67 Y46.456 E590.85855
G0 F7200 X53.104 Y46.456
G1 F1800 X54.232 Y45.329 E590.89833
G0 F7200 X53.665 Y45.33
G1 F1800 X52.539 Y46.456 E590.93805
G0 F7200 X51.973 Y46.456
G1 F1800 X53.099 Y45.33 E590.97777
G0 F7200 X52.534 Y45.33
G1 F1800 X51.407 Y46.456 E591.01751
G0 F7200 X50.842 Y46.456
G1 F1800 X51.968 Y45.33 E591.05724
G0 F7200 X51.402 Y45.33
G1 F1800 X50.276 Y46.456 E591.09696
G0 F7200 X49.71 Y46.456
G1 F1800 X50.837 Y45.33 E591.1367
G0 F7200 X50.271 Y45.33
G1 F1800 X49.145 Y46.456 E591.17642
G0 F7200 X48.579 Y46.456
G1 F1800 X49.705 Y45.33 E591.21614
G0 F7200 X49.139 Y45.33
G1 F1800 X48.013 Y46.456 E591.25587
G0 F7200 X47.448 Y46.456
G1 F1800 X48.573 Y45.33 E591.29557
G0 F7200 X48.008 Y45.33
G1 F1800 X46.882 Y46.456 E591.3353
G0 F7200 X46.316 Y46.456
G1 F1800 X47.442 Y45.33 E591.37502
G0 F7200 X46.876 Y45.33
G1 F1800 X45.751 Y46.456 E591.41472
G0 F7200 X45.185 Y46.456
G1 F1800 X46.311 Y45.33 E591.45445
G0 F7200 X45.744 Y45.331
G1 F1800 X44.619 Y46.456 E591.49413
G0 F7200 X44.053 Y46.456
G1 F1800 X45.178 Y45.331 E591.53382
G0 F7200 X44.613 Y45.331
G1 F1800 X43.488 Y46.456 E591.57351
G0 F7200 X42.982 Y46.396
G1 F1800 X44.047 Y45.331 E591.61108
G0 F7200 X43.481 Y45.331
G1 F1800 X42.751 Y46.062 E591.63685
G0 F7200 X42.562 Y45.685
G1 F1800 X42.916 Y45.331 E591.64934
G0 F7200 X42.916 Y45.365
;MESH:NONMESH
G0 F600 Z17.1
G0 F7200 X57.75 Y45.652
G0 X57.96 Y45.732
;TIME_ELAPSED:798.695608
;LAYER:112
;TYPE:WALL-INNER
;MESH:blankkey.stl
G1 F4800 X58.264 Y45.014 E591.66879
G1 X58.371 Y44.628 E591.67878
G1 X41.603 Y44.629 E592.09706
G1 X41.962 Y45.606 E592.12302
G1 X42.382 Y46.344 E592.14421
G1 X42.651 Y46.596 E592.1534
G1 X42.785 Y46.652 E592.15702
G1 X57.239 Y46.652 E592.51758
G1 X57.4 Y46.56 E592.5222
G1 X57.559 Y46.388 E592.52805
G1 X57.96 Y45.732 E592.54723
G0 F7200 X57.687 Y45.588
G0 X42.552 Y46.014
G0 X41.953 Y46.398
;TYPE:WALL-OUTER
G1 F2400 X42.171 Y46.694 E592.5564
G1 X42.431 Y46.937 E592.56527
G1 X42.705 Y47.052 E592.57269
G1 X57.301 Y47.052 E592.93679
G1 X57.47 Y46.998 E592.94121
G1 X57.664 Y46.864 E592.94709
G1 X57.879 Y46.63 E592.95502
G1 X58.317 Y45.916 E592.97592
G1 X58.642 Y45.146 E592.99676
G1 X58.897 Y44.228 E593.02053
G1 X41.087 Y44.229 E593.4648
G1 X41.34 Y45.074 E593.48681
G1 X41.598 Y45.775 E593.50544
G1 X41.953 Y46.398 E593.52333
G0 F7200 X42.071 Y46.558
G0 X42.644 Y46.14
G0 X57.258 Y46.149
;TYPE:SKIN
G1 F1800 X57.131 Y46.272 E593.52774
G1 X42.886 Y46.272 E593.88308
G1 X42.691 Y46.118 E593.88928
G1 X42.303 Y45.439 E593.90879
G1 X42.146 Y45.008 E593.92023
G1 X57.853 Y45.008 E594.31204
G1 X57.617 Y45.56 E594.32702
G1 X57.258 Y46.149 E594.34422
G0 F7200 X57.404 Y45.525
G1 F1800 X57.088 Y45.208 E594.35539
G0 F7200 X56.522 Y45.208
G1 F1800 X57.19 Y45.876 E594.37895
G0 F7200 X56.82 Y46.072
G1 F1800 X55.956 Y45.208 E594.40943
G0 F7200 X55.391 Y45.208
G1 F1800 X56.255 Y46.072 E594.43991
G0 F7200 X55.689 Y46.072
G1 F1800 X54.825 Y45.208 E594.47039
G0 F7200 X54.259 Y45.208
G1 F1800 X55.123 Y46.072 E594.50087
G0 F7200 X54.558 Y46.072
G1 F1800 X53.693 Y45.208 E594.53137
G0 F7200 X53.128 Y45.208
G1 F1800 X53.992 Y46.072 E594.56185
G0 F7200 X53.426 Y46.072
G1 F1800 X52.562 Y45.208 E594.59233
G0 F7200 X51.996 Y45.208
G1 F1800 X52.86 Y46.072 E594.62281
G0 F7200 X52.295 Y46.072
G1 F1800 X51.431 Y45.208 E594.65329
G0 F7200 X50.865 Y45.208
G1 F1800 X51.729 Y46.072 E594.68377
G0 F7200 X51.163 Y46.072
G1 F1800 X50.299 Y45.208 E594.71425
G0 F7200 X49.734 Y45.208
G1 F1800 X50.598 Y46.072 E594.74473
G0 F7200 X50.032 Y46.072
G1 F1800 X49.168 Y45.208 E594.77521
G0 F7200 X48.602 Y45.208
G1 F1800 X49.466 Y46.072 E594.80569
G0 F7200 X48.901 Y46.072
G1 F1800 X48.037 Y45.208 E594.83617
G0 F7200 X47.471 Y45.208
G1 F1800 X48.335 Y46.072 E594.86665
G0 F7200 X47.769 Y46.072
G1 F1800 X46.905 Y45.208 E594.89713
G0 F7200 X46.34 Y45.208
G1 F1800 X47.204 Y46.072 E594.92761
G0 F7200 X46.638 Y46.072
G1 F1800 X45.774 Y45.208 E594.95809
G0 F7200 X45.208 Y45.208
G1 F1800 X46.072 Y46.072 E594.98857
G0 F7200 X45.507 Y46.072
G1 F1800 X44.642 Y45.208 E595.01907
G0 F7200 X44.077 Y45.208
G1 F1800 X44.941 Y46.072 E595.04955
G0 F7200 X44.375 Y46.072
G1 F1800 X43.511 Y45.208 E595.08003
G0 F7200 X42.945 Y45.208
G1 F1800 X43.81 Y46.072 E595.11052
G0 F7200 X43.244 Y46.072
G1 F1800 X42.461 Y45.289 E595.13815
G1 X42.391 Y45.219
G0 F7200 X42.463 Y45.241
;MESH:NONMESH
G0 F600 Z17.25
G0 F7200 X57.735 Y45.477
G0 X57.942 Y45.566
;TIME_ELAPSED:803.493712
;LAYER:113
;TYPE:WALL-INNER
;MESH:blankkey.stl
G1 F4800 X58.345 Y44.629 E595.16359
G1 X41.666 Y44.628 E595.57965
G1 X41.884 Y45.206 E595.59506
G1 X42.163 Y45.721 E595.60967
G1 X42.455 Y46.13 E595.62221
G1 X42.672 Y46.272 E595.62868
G1 X57.325 Y46.268 E595.9942
G1 X57.539 Y46.13 E596.00055
G1 X57.942 Y45.566 E596.01784
G0 F7200 X58.292 Y45.764
;TYPE:WALL-OUTER
G1 F2400 X58.718 Y44.781 E596.04456
G1 X58.872 Y44.229 E596.05886
G1 X41.122 Y44.228 E596.50164
G1 X41.262 Y44.689 E596.51365
G1 X41.519 Y45.372 E596.53186
G1 X41.823 Y45.933 E596.54777
G1 X42.173 Y46.424 E596.56282
G1 X42.499 Y46.636 E596.57252
G1 X42.662 Y46.672 E596.57668
G1 X57.391 Y46.668 E596.9441
G1 X57.544 Y46.615 E596.94814
G1 X57.825 Y46.419 E596.95668
G1 X58.292 Y45.764 E596.97675
G0 F7200 X58.371 Y45.581
G0 X57.723 Y45.303
G0 X42.985 Y45.45
;TYPE:SKIN
G1 F1509.4 X57.02 Y45.444 E597.39425
G0 F7200 X57.242 Y45.883
G1 F1800 X42.785 Y45.892 E597.75488
G1 X42.482 Y45.514 E597.76696
G1 X42.214 Y45.008 E597.78125
G1 X57.768 Y45.009 E598.16924
G1 X57.612 Y45.372 E598.1791
G1 X57.242 Y45.883 E598.19484
G0 F7200 X57.111 Y45.66
;MESH:NONMESH
G0 F600 Z17.4
G0 F7200 X57.682 Y45.662
;TIME_ELAPSED:806.887453
;LAYER:114
;note -- min layer time used
;TYPE:WALL-INNER
;MESH:blankkey.stl
G1 F2883.8 X57.943 Y45.309 E598.20579
G1 X58.264 Y44.628 E598.22457
G1 X41.73 Y44.628 E598.63701
G1 X42.084 Y45.337 E598.65678
G1 X42.314 Y45.659 E598.66665
G1 X42.583 Y45.888 E598.67546
G1 X57.378 Y45.884 E599.04453
G1 X57.5 Y45.832 E599.04783
G1 X57.682 Y45.662 E599.05405
G0 F7200 X58.287 Y45.516
;TYPE:WALL-OUTER
G1 F2016.8 X58.615 Y44.829 E599.07304
G1 X58.842 Y44.228 E599.08906
G1 X41.156 Y44.228 E599.53024
G1 X41.368 Y44.8 E599.54546
G1 X41.74 Y45.544 E599.56621
G1 X42.017 Y45.931 E599.57808
G1 X42.374 Y46.236 E599.58979
G1 X42.546 Y46.288 E599.59427
G1 X57.459 Y46.284 E599.96628
G1 X57.721 Y46.173 E599.97338
G1 X57.982 Y45.93 E599.98227
G1 X58.287 Y45.516 E599.9951
G0 F7200 X58.373 Y45.336
G0 X57.737 Y45.033
G0 X57.264 Y45.48
;TYPE:SKIN
G1 F1603.6 X42.732 Y45.483 E600.40201
G1 F1600 X42.616 Y45.383 E600.40631
G1 X42.385 Y45.033 E600.41808
G1 F1603.6 X57.626 Y45.033 E600.84484
G1 F1607.1 X57.381 Y45.383 E600.85677
G1 X57.264 Y45.48 E600.86102
G0 F7200 X57.231 Y45.252
;MESH:NONMESH
G0 F600 Z17.55
G0 F7200 X57.476 Y45.503
;TIME_ELAPSED:810.067081
;LAYER:115
;note -- min layer time used
;TYPE:WALL-INNER
;MESH:blankkey.stl
G1 F2011.7 X57.761 Y45.278 E600.87008
G1 X58.092 Y44.782 E600.88495
G1 X58.164 Y44.63 E600.88915
G1 X41.833 Y44.628 E601.29653
G1 X41.911 Y44.788 E601.30097
G1 X42.24 Y45.279 E601.31571
G1 X42.506 Y45.504 E601.3244
G1 X57.476 Y45.503 E601.69783
G0 F7200 X57.381 Y45.195
G0 X42.619 Y45.203
G0 X42.466 Y45.904
;TYPE:WALL-OUTER
G1 F1842.3 X57.542 Y45.903 E602.0739
G1 X57.7 Y45.85 E602.07806
G1 X58.061 Y45.548 E602.0898
G1 X58.441 Y44.98 E602.10685
G1 X58.797 Y44.229 E602.12758
G1 X41.197 Y44.228 E602.56661
G1 X41.559 Y44.98 E602.58743
G1 X41.939 Y45.549 E602.6045
G1 X42.298 Y45.852 E602.61622
G1 X42.466 Y45.904 E602.62061
G0 F7200 X42.666 Y45.904
G0 X42.666 Y45.195
G0 X57.332 Y45.064
;TYPE:SKIN
G1 F1398.1 X42.665 Y45.066 E603.09166
G0 F7200 X42.666 Y44.895
;MESH:NONMESH
G0 F600 Z17.7
G0 F7200 X42.666 Y44.941
G0 X57.531 Y45.068
G0 X57.554 Y45.097
;TIME_ELAPSED:813.493441
;LAYER:116
;note -- min layer time used
;TYPE:WALL-INNER
;MESH:blankkey.stl
G1 F1282.5 X57.759 Y44.968 E603.0984
G1 X57.985 Y44.651 E603.10923
G1 F1279.6 X42.016 Y44.653 E603.55438
G1 F1276.8 X42.317 Y45.021 E603.56767
G1 X42.437 Y45.1 E603.57168
G1 F1279.6 X57.554 Y45.097 E603.99308
G0 F7200 X57.785 Y45.466
;TYPE:WALL-OUTER
G1 F1430 X58.061 Y45.272 E604.0015
G1 X58.415 Y44.777 E604.01668
G1 X58.68 Y44.228 E604.03189
G1 X41.302 Y44.228 E604.46538
G1 X41.638 Y44.861 E604.48326
G1 X42.026 Y45.335 E604.49854
G1 X42.363 Y45.524 E604.50818
G1 X57.62 Y45.52 E604.88876
G1 X57.785 Y45.466 E604.8931
G0 F7200 X57.948 Y45.351
;MESH:NONMESH
G0 F600 Z17.85
G0 F7200 X57.541 Y44.891
G0 X42.499 Y44.891
G0 X42.402 Y44.684
;TIME_ELAPSED:816.785721
;LAYER:117
;note -- min layer time used
;TYPE:WALL-INNER
;MESH:blankkey.stl
G1 F827.5 X57.623 Y44.682 E605.3772
G0 F7200 X58.056 Y44.946
;TYPE:WALL-OUTER
G1 F1055 X58.379 Y44.568 E605.3896
G1 X58.572 Y44.228 E605.39935
G1 X41.419 Y44.228 E605.82724
G1 X41.778 Y44.778 E605.84362
G1 X42.047 Y45.032 E605.85285
G1 X42.351 Y45.14 E605.8609
G1 X57.693 Y45.136 E606.24361
G1 X57.862 Y45.082 E606.24803
G1 X58.056 Y44.946 E606.25394
G0 F7200 X58.185 Y44.794
;MESH:NONMESH
G0 F600 Z18
G0 F7200 X57.788 Y44.724
;TIME_ELAPSED:819.990818
;LAYER:118
;note -- min layer time used
;TYPE:WALL-OUTER
;MESH:blankkey.stl
G1 F584.5 X42.239 Y44.721 E606.7029
G1 F585.8 X41.976 Y44.61 E606.71113
G1 X41.642 Y44.259 E606.72509
G1 F584.5 X58.352 Y44.26 E607.20757
G1 F583.3 X58.27 Y44.379 E607.21175
G1 X57.914 Y44.679 E607.22522
G1 X57.788 Y44.724 E607.2291
G0 F7200 X57.588 Y44.724
;MESH:NONMESH
G0 F600 Z18.15
G0 F7200 X57.803 Y44.3
;TIME_ELAPSED:823.541326
;LAYER:119
;note -- min layer time used
;TYPE:WALL-OUTER
;MESH:blankkey.stl
G1 F440.4 X42.171 Y44.3 E607.76039
G1 F1500 E601.26039
;MESH:NONMESH
G0 F600 Z18.3
G0 F7200 X42.171 Y43.366
G0 X57.947 Y43.366
G0 X57.947 Y44.108
;TIME_ELAPSED:826.192707
;LAYER:120
;note -- min layer time used
;TYPE:WALL-OUTER
;MESH:blankkey.stl
G1 F1500 E607.76039
G1 F705.9 X42.049 Y44.108 E608.09748
;TIME_ELAPSED:827.811522
G1 F1500 E601.59748
M107
M104 S0
M140 S0
;Retract the filament
G92 E1
G1 E-1 F300
G28 X0 Y0
M84
M82 ;absolute extrusion mode
M104 S0
;End of Gcode
;SETTING_3 {"global_quality": "[general]\\nversion = 4\\nname = Normal #2\\ndefi
;SETTING_3 nition = fdmprinter\\n\\n[metadata]\\ntype = quality_changes\\nqualit
;SETTING_3 y_type = fast\\nsetting_version = 27\\n\\n[values]\\n\\n", "extruder_
;SETTING_3 quality": ["[general]\\nversion = 4\\nname = Normal #2\\ndefinition =
;SETTING_3  custom\\n\\n[metadata]\\ntype = quality_changes\\nquality_type = fas
;SETTING_3 t\\nsetting_version = 27\\nposition = 0\\n\\n[values]\\ninfill_sparse
;SETTING_3 _density = 10\\n\\n"]}
