;FLAVOR:Marlin
;TIME:6213
;Filament used: 2.81735m
;Layer height: 0.15
;MINX:34.696
;MINY:9.2
;MINZ:0.3
;MAXX:65.299
;MAXY:90.799
;MAXZ:8.885
;TARGET_MACHINE.NAME:Unknown
;Generated with Cura_SteamEngine 5.13.0
M104 S230
M105
M109 S230
G28 ;Home
G1 Z15.0 F6000 ;Move the platform down 15mm
;Prime the extruder
G92 E0
G1 F200 E3
G92 E0
M82 ;absolute extrusion mode
G92 E0
G92 E0
G1 F1500 E-6.5
;LAYER_COUNT:52
;LAYER:-5
M107
G0 F7200 X34.765 Y11.145 Z0.3
;TYPE:SUPPORT-INTERFACE
G1 F1500 E0
G1 F675 X35.016 Y10.476 E0.08912
G1 X35.271 Y10.1 E0.14579
G1 X35.573 Y9.785 E0.20021
G1 X35.82 Y9.601 E0.23863
G1 X36.156 Y9.423 E0.28605
G1 X36.686 Y9.251 E0.35555
G1 X37.084 Y9.2 E0.4056
G1 X42.028 Y9.2 E1.02224
G1 X42.629 Y9.347 E1.09941
G1 X42.84 Y9.445 E1.12843
G1 X43.262 Y9.753 E1.19359
G1 X43.492 Y10.011 E1.2367
G1 X43.698 Y10.352 E1.28639
G1 X43.798 Y10.605 E1.32032
G1 X43.9 Y11.248 E1.40152
G1 X43.901 Y30.038 E3.74512
G1 X43.943 Y30.515 E3.80484
G1 X44.101 Y31.073 E3.87717
G1 X44.355 Y31.583 E3.94823
G1 X44.623 Y31.951 E4.00502
G1 X45.039 Y32.349 E4.07682
G1 X45.481 Y32.64 E4.14283
G1 X45.968 Y32.852 E4.20907
G1 X46.629 Y32.999 E4.29353
G1 X53.146 Y32.995 E5.10637
G1 X53.664 Y32.943 E5.1713
G1 X54.13 Y32.814 E5.23161
G1 X54.649 Y32.566 E5.30335
G1 X55.088 Y32.243 E5.37133
G1 X55.429 Y31.883 E5.43318
G1 X55.72 Y31.449 E5.49835
G1 X55.953 Y30.932 E5.56908
G1 X56.101 Y30.284 E5.65198
G1 X56.104 Y11.165 E8.03661
G1 X56.155 Y10.771 E8.08616
G1 X56.257 Y10.446 E8.12865
G1 X56.558 Y9.94 E8.20208
G1 X56.755 Y9.731 E8.2379
G1 X57.212 Y9.417 E8.30706
G1 X57.763 Y9.237 E8.37936
G1 X58.152 Y9.201 E8.42808
G1 X62.953 Y9.204 E9.02689
G1 X63.341 Y9.252 E9.07565
G1 X63.724 Y9.366 E9.12549
G1 X64.164 Y9.593 E9.18725
G1 X64.476 Y9.83 E9.23611
G1 X64.74 Y10.11 E9.28411
G1 X64.951 Y10.408 E9.32965
G1 X65.221 Y11.073 E9.41917
G1 X65.299 Y11.692 E9.49699
G1 X65.296 Y88.469 E19.07304
G1 X65.234 Y88.913 E19.12895
G1 X64.99 Y89.52 E19.21055
G1 X64.734 Y89.898 E19.26749
G1 X64.291 Y90.332 E19.34484
G1 X63.734 Y90.617 E19.42288
G1 X63.013 Y90.799 E19.51563
G1 X37.009 Y90.792 E22.75899
G1 X36.633 Y90.748 E22.80621
G1 X36.287 Y90.639 E22.85145
G1 X35.873 Y90.427 E22.90947
G1 X35.352 Y89.998 E22.99364
G1 X35.074 Y89.606 E23.05358
G1 X34.793 Y89.013 E23.13543
G1 X34.696 Y88.479 E23.20312
G1 X34.696 Y11.684 E32.78142
G1 X34.765 Y11.145 E32.84919
G0 F7200 X35.764 Y10.308
G1 F675 X43.402 Y17.946 E34.19645
G0 F7200 X43.402 Y22.189
G1 F675 X35.196 Y13.983 E35.64389
G0 F7200 X35.196 Y18.226
G1 F675 X43.403 Y26.432 E37.09142
G0 F7200 X43.493 Y30.765
G1 F675 X35.196 Y22.468 E38.55492
G0 F7200 X35.196 Y26.711
G1 F675 X64.798 Y56.313 E43.77637
G0 F7200 X64.797 Y60.555
G1 F675 X35.196 Y30.954 E48.99765
G0 F7200 X35.196 Y35.196
G1 F675 X64.797 Y64.797 E54.21892
G0 F7200 X64.797 Y69.04
G1 F675 X35.196 Y39.439 E59.4402
G0 F7200 X35.196 Y43.682
G1 F675 X64.796 Y73.282 E64.6613
G0 F7200 X64.796 Y77.524
G1 F675 X35.196 Y47.924 E69.8824
G0 F7200 X35.196 Y52.167
G1 F675 X64.796 Y81.767 E75.1035
G0 F7200 X64.796 Y86.01
G1 F675 X35.196 Y56.409 E80.32469
G0 F7200 X35.196 Y60.652
G1 F675 X64.229 Y89.684 E85.44569
G0 F7200 X60.6 Y90.298
G1 F675 X35.196 Y64.895 E89.92657
G0 F7200 X35.196 Y69.137
G1 F675 X56.356 Y90.297 E93.65895
G0 F7200 X52.112 Y90.295
G1 F675 X35.196 Y73.38 E96.64265
G0 F7200 X35.196 Y77.623
G1 F675 X47.868 Y90.295 E98.87785
G0 F7200 X43.624 Y90.293
G1 F675 X35.196 Y81.865 E100.36445
G0 F7200 X35.196 Y86.108
G1 F675 X39.38 Y90.292 E101.10246
G0 F7200 X64.798 Y52.07
G1 F675 X46.127 Y33.399 E104.39581
G0 F7200 X50.466 Y33.496
G1 F675 X64.798 Y47.827 E106.92372
G0 F7200 X64.798 Y43.585
G1 F675 X54.434 Y33.221 E108.75181
G0 F7200 X56.45 Y30.995
G1 F675 X64.799 Y39.343 E110.22439
G0 F7200 X64.799 Y35.1
G1 F675 X56.601 Y26.903 E111.67033
G0 F7200 X56.602 Y22.661
G1 F675 X64.799 Y30.857 E113.1161
G0 F7200 X64.799 Y26.615
G1 F675 X56.603 Y18.419 E114.56178
G0 F7200 X56.604 Y14.177
G1 F675 X64.799 Y22.373 E116.00737
G0 F7200 X64.799 Y18.13
G1 F675 X56.941 Y10.272 E117.39344
G0 F7200 X60.615 Y9.703
G1 F675 X64.799 Y13.888 E118.13153
G0 F7200 X54.991 Y31.539
G0 X54.359 Y32.087
G0 X53.548 Y32.397
G0 X46.548 Y32.413
G0 X45.749 Y32.148
G0 X44.811 Y31.257
G0 X43.401 Y13.702
G1 F675 X39.399 Y9.7 E118.83744
G0 F600 Z0.525
G0 F7200 X35.017 Y11.652
;TIME_ELAPSED:90.030120
;LAYER:-4
;TYPE:SUPPORT
G1 F675 X35.06 Y11.204 E118.87112
G1 X35.256 Y10.665 E118.91404
G1 X35.483 Y10.316 E118.9452
G1 X35.77 Y10.01 E118.97659
G1 X35.954 Y9.873 E118.99376
G1 X36.517 Y9.606 E119.04039
G1 X36.975 Y9.499 E119.07559
G1 X37.17 Y9.499 E119.09018
G1 X35.017 Y11.652 E119.31804
G1 X35.055 Y12.319 E119.36803
G1 X34.999 Y12.319 E119.37223
G1 X34.999 Y13.084 E119.42947
G1 X38.583 Y9.501 E119.80873
G1 X39.995 Y9.502 E119.9144
G1 X34.999 Y14.499 E120.44319
G1 X34.999 Y15.913 E120.54901
G1 X41.408 Y9.504 E121.22729
G1 X41.895 Y9.504 E121.26374
G1 X42.427 Y9.595 E121.30413
G1 X42.64 Y9.686 E121.32146
G1 X34.999 Y17.327 E122.13013
G1 X34.999 Y18.741 E122.23595
G1 X43.367 Y10.373 E123.12156
G1 X43.427 Y10.474 E123.13035
G1 X43.6 Y11.102 E123.1791
G1 X43.6 Y11.554 E123.21292
G1 X34.999 Y20.155 E124.12319
G1 X34.999 Y21.57 E124.22909
G1 X43.6 Y12.968 E125.13941
G1 X43.6 Y14.383 E125.2453
G1 X34.999 Y22.984 E126.15557
G1 X34.999 Y24.398 E126.26139
G1 X43.6 Y15.797 E127.17166
G1 X43.6 Y17.211 E127.27748
G1 X34.999 Y25.812 E128.18775
G1 X34.999 Y27.226 E128.29356
G1 X43.6 Y18.625 E129.20384
G1 X43.6 Y20.039 E129.30965
G1 X34.999 Y28.641 E130.21998
G1 X34.999 Y30.055 E130.32579
G1 X43.6 Y21.454 E131.23606
G1 X43.6 Y22.868 E131.34188
G1 X34.999 Y31.469 E132.25215
G1 X34.999 Y32.883 E132.35797
G1 X43.6 Y24.282 E133.26824
G1 X43.6 Y25.696 E133.37406
G1 X34.999 Y34.298 E134.28438
G1 X34.999 Y35.712 E134.3902
G1 X43.6 Y27.11 E135.30052
G1 X43.6 Y28.525 E135.40641
G1 X34.999 Y37.126 E136.31668
G1 X34.999 Y38.54 E136.4225
G1 X43.592 Y29.947 E137.33192
G1 X43.645 Y30.55 E137.37722
G1 X43.802 Y31.151 E137.42371
G1 X34.999 Y39.954 E138.35536
G1 X34.999 Y41.369 E138.46125
G1 X44.307 Y32.06 E139.4464
G1 X44.807 Y32.551 E139.49884
G1 X45.059 Y32.723 E139.52167
G1 X34.999 Y42.783 E140.58635
G1 X34.999 Y44.197 E140.69217
G1 X46.025 Y33.171 E141.85909
G1 X46.404 Y33.263 E141.88827
G1 X47.311 Y33.299 E141.9562
G1 X34.999 Y45.611 E143.25922
G1 X34.999 Y47.025 E143.36503
G1 X48.725 Y33.299 E144.8177
G1 X50.14 Y33.299 E144.92359
G1 X34.999 Y48.44 E146.52601
G1 X34.999 Y49.854 E146.63183
G1 X51.554 Y33.299 E148.3839
G1 X52.968 Y33.299 E148.48971
G1 X34.999 Y51.268 E150.39143
G1 X34.999 Y52.682 E150.49724
G1 X54.981 Y32.7 E152.612
G0 F7200 X55.463 Y30.565
G0 X58.163 Y9.5
G1 F675 X57.782 Y9.539 E152.64066
G1 X57.238 Y9.747 E152.68425
G1 X56.976 Y9.938 E152.70851
G1 X56.617 Y10.389 E152.75165
G1 X56.454 Y10.824 E152.78641
G1 X56.4 Y11.483 E152.83589
G1 X58.382 Y9.5 E153.04571
G1 X59.796 Y9.5 E153.15153
G1 X56.4 Y12.897 E153.51099
G1 X56.4 Y14.311 E153.61681
G1 X61.211 Y9.5 E154.12597
G1 X62.625 Y9.5 E154.23179
G1 X56.4 Y15.725 E154.8906
G1 X56.4 Y17.14 E154.99649
G1 X63.812 Y9.727 E155.78098
G1 X64.289 Y10.07 E155.82494
G1 X64.557 Y10.397 E155.85658
G1 X56.4 Y18.554 E156.71986
G1 X56.4 Y19.968 E156.82568
G1 X64.974 Y11.394 E157.73309
G1 X65 Y11.674 E157.75414
G1 X65 Y12.782 E157.83706
G1 X56.4 Y21.382 E158.74722
G1 X56.4 Y22.796 E158.85304
G1 X65 Y14.196 E159.7632
G1 X65 Y15.61 E159.86902
G1 X56.4 Y24.211 E160.77924
G1 X56.4 Y25.625 E160.88505
G1 X65 Y17.024 E161.79527
G1 X65 Y18.439 E161.90116
G1 X56.4 Y27.039 E162.81133
G1 X56.4 Y28.453 E162.91715
G1 X65 Y19.853 E163.82731
G1 X65 Y21.267 E163.93313
G1 X56.4 Y29.867 E164.84329
G1 X56.363 Y30.496 E164.89044
G1 X56.228 Y31.058 E164.9337
G1 X56.001 Y31.58 E164.9763
G1 X55.787 Y31.894 E165.00473
G1 X65 Y22.681 E165.97977
G1 X65 Y24.095 E166.08559
G1 X34.999 Y54.096 E169.26069
G1 X34.999 Y55.511 E169.36658
G1 X65 Y25.51 E172.54168
G1 X65 Y26.924 E172.6475
G1 X34.999 Y56.925 E175.8226
G1 X34.999 Y58.339 E175.92841
G1 X65 Y28.338 E179.10351
G1 X65 Y29.752 E179.20933
G1 X34.999 Y59.753 E182.38443
G1 X34.999 Y61.168 E182.49032
G1 X65 Y31.166 E185.66547
G1 X65 Y32.581 E185.77136
G1 X34.999 Y62.582 E188.94646
G1 X34.999 Y63.996 E189.05228
G1 X65 Y33.995 E192.22738
G1 X65 Y35.409 E192.3332
G1 X34.999 Y65.41 E195.50829
G1 X34.999 Y66.824 E195.61411
G1 X65 Y36.823 E198.78921
G1 X65 Y38.238 E198.8951
G1 X34.999 Y68.239 E202.0702
G1 X34.999 Y69.653 E202.17602
G1 X65 Y39.652 E205.35112
G1 X65 Y41.066 E205.45693
G1 X34.999 Y71.067 E208.63203
G1 X34.999 Y72.481 E208.73785
G1 X65 Y42.48 E211.91295
G1 X65 Y43.894 E212.01877
G1 X34.999 Y73.895 E215.19387
G1 X34.999 Y75.31 E215.29976
G1 X65 Y45.309 E218.47486
G1 X65 Y46.723 E218.58067
G1 X34.999 Y76.724 E221.75577
G1 X34.999 Y78.138 E221.86159
G1 X65 Y48.137 E225.03669
G1 X65 Y49.551 E225.14251
G1 X34.999 Y79.552 E228.3176
G1 X34.999 Y80.967 E228.4235
G1 X65 Y50.965 E231.59865
G1 X65 Y52.38 E231.70454
G1 X34.999 Y82.381 E234.87964
G1 X34.999 Y83.795 E234.98546
G1 X65 Y53.794 E238.16055
G1 X65 Y55.208 E238.26637
G1 X34.999 Y85.209 E241.44147
G1 X34.999 Y86.623 E241.54729
G1 X65 Y56.622 E244.72239
G1 X65 Y58.036 E244.8282
G1 X34.999 Y88.038 E248.00336
G1 X34.999 Y88.482 E248.03658
G1 X35.061 Y88.824 E248.06259
G1 X35.228 Y89.223 E248.09496
G1 X65 Y59.451 E251.24583
G1 X65 Y60.865 E251.35164
G1 X35.835 Y90.03 E254.43827
G1 X36.394 Y90.36 E254.48684
G1 X36.816 Y90.464 E254.51937
G1 X65 Y62.279 E257.50222
G1 X65 Y63.693 E257.60804
G1 X38.192 Y90.501 E260.44521
G1 X39.606 Y90.501 E260.55103
G1 X65 Y65.108 E263.2385
G1 X65 Y66.522 E263.34432
G1 X41.021 Y90.501 E265.88209
G1 X42.435 Y90.501 E265.98791
G1 X65 Y67.936 E268.37603
G1 X65 Y69.35 E268.48185
G1 X43.849 Y90.501 E270.72033
G1 X45.263 Y90.501 E270.82614
G1 X65 Y70.764 E272.91497
G1 X65 Y72.179 E273.02086
G1 X46.678 Y90.501 E274.95994
G1 X48.092 Y90.501 E275.06575
G1 X65 Y73.593 E276.85518
G1 X65 Y75.007 E276.961
G1 X49.506 Y90.501 E278.60078
G1 X50.92 Y90.501 E278.70659
G1 X65 Y76.421 E280.19672
G1 X65 Y77.835 E280.30254
G1 X52.334 Y90.501 E281.64302
G1 X53.749 Y90.501 E281.74891
G1 X65 Y79.25 E282.93964
G1 X65 Y80.664 E283.04546
G1 X55.163 Y90.501 E284.08654
G1 X56.577 Y90.501 E284.19236
G1 X65 Y82.078 E285.08379
G1 X65 Y83.492 E285.18961
G1 X57.991 Y90.501 E285.93139
G1 X59.405 Y90.501 E286.03721
G1 X65 Y84.907 E286.62929
G1 X65 Y86.321 E286.73511
G1 X60.82 Y90.501 E287.17749
G1 X62.234 Y90.501 E287.28331
G1 X65 Y87.735 E287.57604
G1 X65.001 Y88.344 E287.62162
G1 X64.946 Y88.84 E287.65896
G1 X64.864 Y89.097 E287.67915
G1 X64.595 Y89.554 E287.71883
G1 X64.036 Y90.114 E287.77805
G0 F600 Z0.675
G0 F7200 X35.121 Y89.483
;TIME_ELAPSED:291.242425
;LAYER:-3
;TYPE:SUPPORT-INTERFACE
G1 F900 X35.42 Y89.926 E287.79138
G1 X35.672 Y90.166 E287.80006
G1 X36.132 Y90.438 E287.81339
G1 X35.08 Y89.385 E287.85052
G1 X34.869 Y88.879 E287.8642
G1 X34.808 Y88.548 E287.87259
G1 X36.937 Y90.677 E287.9477
G1 X37.527 Y90.701 E287.96243
G1 X34.799 Y87.973 E288.05867
G1 X34.799 Y87.408 E288.07276
G1 X38.093 Y90.701 E288.18895
G1 X38.658 Y90.701 E288.20304
G1 X34.799 Y86.842 E288.33918
G1 X34.799 Y86.276 E288.3533
G1 X39.224 Y90.701 E288.5094
G1 X39.79 Y90.701 E288.52352
G1 X34.799 Y85.711 E288.69957
G1 X34.799 Y85.145 E288.71369
G1 X40.355 Y90.701 E288.9097
G1 X40.921 Y90.701 E288.92381
G1 X34.799 Y84.579 E289.13978
G1 X34.799 Y84.013 E289.1539
G1 X41.487 Y90.701 E289.38984
G1 X42.052 Y90.701 E289.40393
G1 X34.799 Y83.448 E289.6598
G1 X34.799 Y82.882 E289.67392
G1 X42.618 Y90.701 E289.94976
G1 X43.184 Y90.701 E289.96388
G1 X34.799 Y82.316 E290.25968
G1 X34.799 Y81.751 E290.27378
G1 X43.749 Y90.701 E290.58951
G1 X44.315 Y90.701 E290.60363
G1 X34.799 Y81.185 E290.93933
G1 X34.799 Y80.619 E290.95345
G1 X44.881 Y90.701 E291.30912
G1 X45.446 Y90.701 E291.32322
G1 X34.799 Y80.054 E291.69882
G1 X34.799 Y79.488 E291.71294
G1 X46.012 Y90.701 E292.1085
G1 X46.578 Y90.701 E292.12262
G1 X34.799 Y78.922 E292.53816
G1 X34.799 Y78.357 E292.55225
G1 X47.144 Y90.701 E292.98774
G1 X47.709 Y90.701 E293.00183
G1 X34.799 Y77.791 E293.45727
G1 X34.799 Y77.225 E293.47139
G1 X48.275 Y90.701 E293.94679
G1 X48.841 Y90.701 E293.96091
G1 X34.799 Y76.66 E294.45626
G1 X34.799 Y76.094 E294.47038
G1 X49.406 Y90.701 E294.98568
G1 X49.972 Y90.701 E294.9998
G1 X34.799 Y75.528 E295.53507
G1 X34.799 Y74.963 E295.54916
G1 X50.538 Y90.701 E296.10438
G1 X51.103 Y90.701 E296.11847
G1 X34.799 Y74.397 E296.69364
G1 X34.799 Y73.831 E296.70776
G1 X51.669 Y90.701 E297.3029
G1 X52.235 Y90.701 E297.31701
G1 X34.799 Y73.265 E297.93212
G1 X34.799 Y72.7 E297.94621
G1 X52.8 Y90.701 E298.58124
G1 X53.366 Y90.701 E298.59536
G1 X34.799 Y72.134 E299.25036
G1 X34.799 Y71.568 E299.26448
G1 X53.932 Y90.701 E299.93945
G1 X54.497 Y90.701 E299.95355
G1 X34.799 Y71.003 E300.64845
G1 X34.799 Y70.437 E300.66256
G1 X55.063 Y90.701 E301.37743
G1 X55.629 Y90.701 E301.39155
G1 X34.799 Y69.871 E302.12639
G1 X34.799 Y69.306 E302.14048
G1 X56.194 Y90.701 E302.89525
G1 X56.76 Y90.701 E302.90936
G1 X34.799 Y68.74 E303.6841
G1 X34.799 Y68.174 E303.69822
G1 X57.326 Y90.701 E304.49292
G1 X57.892 Y90.701 E304.50704
G1 X34.799 Y67.609 E305.32169
G1 X34.799 Y67.043 E305.33581
G1 X58.457 Y90.701 E306.17041
G1 X59.023 Y90.701 E306.18452
G1 X34.799 Y66.477 E307.03909
G1 X34.799 Y65.912 E307.05319
G1 X59.589 Y90.701 E307.9277
G1 X60.154 Y90.701 E307.9418
G1 X34.799 Y65.346 E308.83626
G1 X34.799 Y64.78 E308.85038
G1 X60.72 Y90.701 E309.76481
G1 X61.286 Y90.701 E309.77893
G1 X34.799 Y64.214 E310.71333
G1 X34.799 Y63.649 E310.72743
G1 X61.851 Y90.701 E311.68176
G1 X62.417 Y90.701 E311.69588
G1 X34.799 Y63.083 E312.67018
G1 X34.799 Y62.517 E312.6843
G1 X62.958 Y90.677 E313.6777
G1 X63.449 Y90.602 E313.69009
G1 X34.799 Y61.952 E314.7008
G1 X34.799 Y61.386 E314.71492
G1 X63.865 Y90.452 E315.7403
G1 X64.217 Y90.238 E315.75057
G1 X34.799 Y60.82 E316.78837
G1 X34.799 Y60.255 E316.80247
G1 X64.517 Y89.973 E317.85085
G1 X64.667 Y89.826 E317.85609
G1 X64.767 Y89.657 E317.86099
G1 X34.799 Y59.689 E318.91819
G1 X34.799 Y59.123 E318.93231
G1 X64.977 Y89.301 E319.99692
G1 X65.138 Y88.897 E320.00777
G1 X34.799 Y58.558 E321.07806
G1 X34.799 Y57.992 E321.09218
G1 X65.197 Y88.39 E322.16455
G1 X65.201 Y87.828 E322.17857
G1 X34.799 Y57.426 E323.25108
G1 X34.799 Y56.861 E323.26517
G1 X65.201 Y87.263 E324.33769
G1 X65.201 Y86.697 E324.35181
G1 X34.799 Y56.295 E325.42432
G1 X34.799 Y55.729 E325.43844
G1 X65.201 Y86.131 E326.51095
G1 X65.201 Y85.566 E326.52504
G1 X34.799 Y55.164 E327.59756
G1 X34.799 Y54.598 E327.61167
G1 X65.201 Y85 E328.68419
G1 X65.201 Y84.434 E328.69831
G1 X34.799 Y54.032 E329.77082
G1 X34.799 Y53.466 E329.78494
G1 X65.201 Y83.869 E330.85747
G1 X65.201 Y83.303 E330.87159
G1 X34.799 Y52.901 E331.9441
G1 X34.799 Y52.335 E331.95822
G1 X65.201 Y82.737 E333.03073
G1 X65.201 Y82.171 E333.04485
G1 X34.799 Y51.769 E334.11736
G1 X34.799 Y51.204 E334.13146
G1 X65.201 Y81.606 E335.20397
G1 X65.201 Y81.04 E335.21809
G1 X34.799 Y50.638 E336.2906
G1 X34.799 Y50.072 E336.30472
G1 X65.201 Y80.474 E337.37723
G1 X65.201 Y79.909 E337.39133
G1 X34.799 Y49.507 E338.46384
G1 X34.799 Y48.941 E338.47796
G1 X65.201 Y79.343 E339.55047
G1 X65.201 Y78.777 E339.56459
G1 X34.799 Y48.375 E340.6371
G1 X34.799 Y47.81 E340.6512
G1 X65.201 Y78.212 E341.72371
G1 X65.201 Y77.646 E341.73783
G1 X34.799 Y47.244 E342.81034
G1 X34.799 Y46.678 E342.82446
G1 X65.201 Y77.08 E343.89697
G1 X65.201 Y76.515 E343.91107
G1 X34.799 Y46.113 E344.98358
G1 X34.799 Y45.547 E344.9977
G1 X65.201 Y75.949 E346.07021
G1 X65.201 Y75.383 E346.08433
G1 X34.799 Y44.981 E347.15684
G1 X34.799 Y44.415 E347.17096
G1 X65.201 Y74.818 E348.24349
G1 X65.201 Y74.252 E348.25761
G1 X34.799 Y43.85 E349.33012
G1 X34.799 Y43.284 E349.34424
G1 X65.201 Y73.686 E350.41675
G1 X65.201 Y73.12 E350.43087
G1 X34.799 Y42.718 E351.50339
G1 X34.799 Y42.153 E351.51748
G1 X65.201 Y72.555 E352.58999
G1 X65.201 Y71.989 E352.60411
G1 X34.799 Y41.587 E353.67662
G1 X34.799 Y41.021 E353.69074
G1 X65.201 Y71.423 E354.76326
G1 X65.201 Y70.858 E354.77735
G1 X34.799 Y40.456 E355.84986
G1 X34.799 Y39.89 E355.86398
G1 X65.201 Y70.292 E356.93649
G1 X65.201 Y69.726 E356.95061
G1 X34.799 Y39.324 E358.02313
G1 X34.799 Y38.759 E358.03722
G1 X65.201 Y69.161 E359.10973
G1 X65.201 Y68.595 E359.12385
G1 X34.799 Y38.193 E360.19636
G1 X34.799 Y37.627 E360.21048
G1 X65.201 Y68.029 E361.283
G1 X65.201 Y67.464 E361.29709
G1 X34.799 Y37.062 E362.3696
G1 X34.799 Y36.496 E362.38372
G1 X65.201 Y66.898 E363.45623
G1 X65.201 Y66.332 E363.47035
G1 X34.799 Y35.93 E364.54287
G1 X34.799 Y35.365 E364.55696
G1 X65.201 Y65.767 E365.62947
G1 X65.201 Y65.201 E365.64359
G1 X34.799 Y34.799 E366.7161
G1 X34.799 Y34.233 E366.73022
G1 X65.201 Y64.635 E367.80274
G1 X65.201 Y64.07 E367.81683
G1 X34.799 Y33.667 E368.88936
G1 X34.799 Y33.102 E368.90345
G1 X65.201 Y63.504 E369.97597
G1 X65.201 Y62.938 E369.99009
G1 X34.799 Y32.536 E371.0626
G1 X34.799 Y31.97 E371.07672
G1 X65.201 Y62.372 E372.14923
G1 X65.201 Y61.807 E372.16332
G1 X34.799 Y31.405 E373.23584
G1 X34.799 Y30.839 E373.24995
G1 X65.201 Y61.241 E374.32247
G1 X65.201 Y60.675 E374.33659
G1 X34.799 Y30.273 E375.4091
G1 X34.799 Y29.708 E375.42319
G1 X65.201 Y60.11 E376.49571
G1 X65.201 Y59.544 E376.50982
G1 X34.799 Y29.142 E377.58234
G1 X34.799 Y28.576 E377.59646
G1 X65.201 Y58.978 E378.66897
G1 X65.201 Y58.413 E378.68306
G1 X34.799 Y28.011 E379.75558
G1 X34.799 Y27.445 E379.76969
G1 X65.201 Y57.847 E380.84221
G1 X65.201 Y57.281 E380.85633
G1 X34.799 Y26.879 E381.92884
G1 X34.799 Y26.314 E381.94293
G1 X65.201 Y56.716 E383.01545
G1 X65.201 Y56.15 E383.02956
G1 X34.799 Y25.748 E384.10208
G1 X34.799 Y25.182 E384.1162
G1 X65.201 Y55.584 E385.18871
G1 X65.201 Y55.019 E385.2028
G1 X34.799 Y24.617 E386.27532
G1 X34.799 Y24.051 E386.28943
G1 X65.201 Y54.453 E387.36195
G1 X65.201 Y53.887 E387.37607
G1 X34.799 Y23.485 E388.44858
G1 X34.799 Y22.919 E388.4627
G1 X65.201 Y53.322 E389.53523
G1 X65.201 Y52.756 E389.54935
G1 X34.799 Y22.354 E390.62186
G1 X34.799 Y21.788 E390.63598
G1 X43.957 Y30.946 E390.95905
G1 X43.843 Y30.515 E390.97017
G1 X43.819 Y30.243 E390.97698
G1 X34.799 Y21.222 E391.29521
G1 X34.799 Y20.657 E391.3093
G1 X43.8 Y29.658 E391.62683
G1 X43.8 Y29.092 E391.64095
G1 X34.799 Y20.091 E391.95849
G1 X34.799 Y19.525 E391.97261
G1 X43.8 Y28.527 E392.29016
G1 X43.8 Y27.961 E392.30428
G1 X34.799 Y18.96 E392.62181
G1 X34.799 Y18.394 E392.63593
G1 X43.8 Y27.395 E392.95347
G1 X43.8 Y26.83 E392.96756
G1 X34.799 Y17.828 E393.28511
G1 X34.799 Y17.263 E393.29921
G1 X43.8 Y26.264 E393.61674
G1 X43.8 Y25.698 E393.63086
G1 X34.799 Y16.697 E393.94839
G1 X34.799 Y16.131 E393.96251
G1 X43.8 Y25.133 E394.28007
G1 X43.8 Y24.567 E394.29418
G1 X34.799 Y15.566 E394.61172
G1 X34.799 Y15 E394.62584
G1 X43.8 Y24.001 E394.94337
G1 X43.8 Y23.436 E394.95747
G1 X34.799 Y14.434 E395.27502
G1 X34.799 Y13.868 E395.28914
G1 X43.8 Y22.87 E395.60669
G1 X43.8 Y22.304 E395.62081
G1 X34.799 Y13.303 E395.93834
G1 X34.799 Y12.737 E395.95246
G1 X43.8 Y21.739 E396.27001
G1 X43.8 Y21.173 E396.28413
G1 X34.799 Y12.171 E396.60169
G1 X34.799 Y12.119 E396.60298
G1 X34.843 Y12.119 E396.60408
G1 X34.814 Y11.621 E396.61652
G1 X43.8 Y20.607 E396.93353
G1 X43.8 Y20.042 E396.94762
G1 X34.877 Y11.119 E397.26241
G1 X35.029 Y10.704 E397.27343
G1 X43.8 Y19.476 E397.58287
G1 X43.8 Y18.91 E397.59699
G1 X35.229 Y10.339 E397.89935
G1 X35.48 Y10.025 E397.90938
G1 X43.8 Y18.344 E398.20287
G1 X43.8 Y17.779 E398.21697
G1 X35.778 Y9.757 E398.49997
G1 X36.148 Y9.561 E398.51041
G1 X43.8 Y17.213 E398.78036
G1 X43.8 Y16.647 E398.79447
G1 X36.548 Y9.395 E399.05031
G1 X37.018 Y9.3 E399.06227
G1 X43.8 Y16.082 E399.30152
G1 X43.8 Y15.516 E399.31564
G1 X37.584 Y9.3 E399.53493
G1 X38.151 Y9.301 E399.54907
G1 X43.8 Y14.95 E399.74836
G1 X43.8 Y14.385 E399.76245
G1 X38.717 Y9.301 E399.94178
G1 X39.283 Y9.301 E399.9559
G1 X43.8 Y13.819 E400.11527
G1 X43.8 Y13.253 E400.12939
G1 X39.849 Y9.302 E400.26877
G1 X40.415 Y9.303 E400.28289
G1 X43.8 Y12.688 E400.40231
G1 X43.8 Y12.122 E400.41642
G1 X40.981 Y9.303 E400.51587
G1 X41.547 Y9.303 E400.52999
G1 X43.8 Y11.556 E400.60947
G1 X43.776 Y10.967 E400.62418
G1 X42.156 Y9.346 E400.68134
G1 X42.484 Y9.402 E400.68964
G1 X42.802 Y9.54 E400.69829
G1 X43.218 Y9.845 E400.71116
G1 X43.429 Y10.088 E400.71919
G1 X43.609 Y10.39 E400.72796
G1 X43.725 Y10.708 E400.7364
G0 F7200 X43.957 Y30.946
G1 F900 X43.994 Y31.088 E400.74006
G1 X44.254 Y31.615 E400.75472
G1 X44.536 Y32.005 E400.76673
G1 X44.935 Y32.396 E400.78066
G1 X45.417 Y32.725 E400.79522
G1 X45.905 Y32.937 E400.80849
G1 X45.962 Y32.951 E400.80995
G1 X65.201 Y52.19 E401.48866
G1 X65.201 Y51.624 E401.50278
G1 X46.66 Y33.083 E402.15687
G1 X47.242 Y33.1 E402.17139
G1 X65.201 Y51.059 E402.80494
G1 X65.201 Y50.493 E402.81906
G1 X47.807 Y33.1 E403.43266
G1 X48.373 Y33.1 E403.44678
G1 X65.201 Y49.927 E404.04042
G1 X65.201 Y49.362 E404.05451
G1 X48.939 Y33.1 E404.6282
G1 X49.505 Y33.1 E404.64232
G1 X65.201 Y48.796 E405.19604
G1 X65.201 Y48.23 E405.21015
G1 X50.07 Y33.1 E405.74392
G1 X50.636 Y33.1 E405.75804
G1 X65.201 Y47.665 E406.27186
G1 X65.201 Y47.099 E406.28598
G1 X51.202 Y33.1 E406.77983
G1 X51.767 Y33.1 E406.79393
G1 X65.201 Y46.533 E407.26783
G1 X65.201 Y45.968 E407.28192
G1 X52.333 Y33.1 E407.73588
G1 X52.899 Y33.1 E407.75
G1 X65.201 Y45.402 E408.18398
G1 X65.201 Y44.836 E408.1981
G1 X53.437 Y33.073 E408.61309
G1 X53.91 Y32.979 E408.62512
G1 X65.201 Y44.271 E409.02346
G1 X65.201 Y43.705 E409.03758
G1 X54.332 Y32.836 E409.42101
G1 X54.711 Y32.649 E409.43155
G1 X65.201 Y43.139 E409.80162
G1 X65.201 Y42.573 E409.81574
G1 X55.04 Y32.412 E410.17419
G1 X55.329 Y32.136 E410.18416
G1 X65.201 Y42.008 E410.53242
G1 X65.201 Y41.442 E410.54654
G1 X55.588 Y31.83 E410.88565
G1 X55.818 Y31.493 E410.89583
G1 X65.201 Y40.876 E411.22684
G1 X65.201 Y40.311 E411.24093
G1 X55.99 Y31.1 E411.56587
G1 X56.117 Y30.662 E411.57725
G1 X65.201 Y39.745 E411.8977
G1 X65.201 Y39.179 E411.91181
G1 X56.188 Y30.167 E412.22975
G1 X56.2 Y29.613 E412.24358
G1 X65.201 Y38.614 E412.56111
G1 X65.201 Y38.048 E412.57523
G1 X56.2 Y29.047 E412.89277
G1 X56.2 Y28.482 E412.90686
G1 X65.201 Y37.482 E413.22438
G1 X65.201 Y36.917 E413.23847
G1 X56.2 Y27.916 E413.556
G1 X56.2 Y27.35 E413.57012
G1 X65.201 Y36.351 E413.88766
G1 X65.201 Y35.785 E413.90178
G1 X56.2 Y26.784 E414.21931
G1 X56.2 Y26.219 E414.23341
G1 X65.201 Y35.22 E414.55094
G1 X65.201 Y34.654 E414.56506
G1 X56.2 Y25.653 E414.88259
G1 X56.2 Y25.087 E414.89671
G1 X65.201 Y34.088 E415.21425
G1 X65.201 Y33.523 E415.22834
G1 X56.2 Y24.522 E415.54588
G1 X56.2 Y23.956 E415.55999
G1 X65.201 Y32.957 E415.87753
G1 X65.201 Y32.391 E415.89165
G1 X56.2 Y23.39 E416.20918
G1 X56.2 Y22.825 E416.22328
G1 X65.201 Y31.825 E416.54079
G1 X65.201 Y31.26 E416.55489
G1 X56.2 Y22.259 E416.87242
G1 X56.2 Y21.693 E416.88654
G1 X65.201 Y30.694 E417.20408
G1 X65.201 Y30.128 E417.21819
G1 X56.2 Y21.128 E417.53571
G1 X56.2 Y20.562 E417.54983
G1 X65.201 Y29.563 E417.86737
G1 X65.201 Y28.997 E417.88148
G1 X56.2 Y19.996 E418.19902
G1 X56.2 Y19.431 E418.21311
G1 X65.201 Y28.431 E418.53063
G1 X65.201 Y27.866 E418.54472
G1 X56.2 Y18.865 E418.86226
G1 X56.2 Y18.299 E418.87638
G1 X65.201 Y27.3 E419.19391
G1 X65.201 Y26.734 E419.20803
G1 X56.2 Y17.734 E419.52555
G1 X56.2 Y17.168 E419.53967
G1 X65.201 Y26.169 E419.8572
G1 X65.201 Y25.603 E419.87132
G1 X56.2 Y16.602 E420.18885
G1 X56.2 Y16.036 E420.20297
G1 X65.201 Y25.037 E420.52051
G1 X65.201 Y24.472 E420.5346
G1 X56.2 Y15.471 E420.85214
G1 X56.2 Y14.905 E420.86626
G1 X65.201 Y23.906 E421.18379
G1 X65.201 Y23.34 E421.19791
G1 X56.2 Y14.339 E421.51544
G1 X56.2 Y13.774 E421.52954
G1 X65.201 Y22.774 E421.84705
G1 X65.201 Y22.209 E421.86115
G1 X56.2 Y13.208 E422.17868
G1 X56.2 Y12.642 E422.1928
G1 X65.201 Y21.643 E422.51034
G1 X65.201 Y21.077 E422.52446
G1 X56.2 Y12.077 E422.84197
G1 X56.2 Y11.511 E422.85609
G1 X65.201 Y20.512 E423.17363
G1 X65.201 Y19.946 E423.18775
G1 X56.235 Y10.98 E423.50404
G1 X56.257 Y10.778 E423.50911
G1 X56.351 Y10.53 E423.51573
G1 X65.201 Y19.38 E423.82794
G1 X65.201 Y18.815 E423.84203
G1 X56.537 Y10.151 E424.14768
G1 X56.792 Y9.84 E424.15771
G1 X65.201 Y18.249 E424.45436
G1 X65.201 Y17.683 E424.46848
G1 X57.11 Y9.593 E424.75389
G1 X57.497 Y9.414 E424.76453
G1 X65.201 Y17.118 E425.03631
G1 X65.201 Y16.552 E425.05043
G1 X57.968 Y9.319 E425.30559
G1 X58.515 Y9.3 E425.31924
G1 X65.201 Y15.986 E425.55511
G1 X65.201 Y15.421 E425.5692
G1 X59.08 Y9.3 E425.78514
G1 X59.646 Y9.3 E425.79926
G1 X65.201 Y14.855 E425.99523
G1 X65.201 Y14.289 E426.00935
G1 X60.212 Y9.3 E426.18535
G1 X60.777 Y9.3 E426.19944
G1 X65.201 Y13.724 E426.35551
G1 X65.201 Y13.158 E426.36963
G1 X61.343 Y9.3 E426.50573
G1 X61.909 Y9.3 E426.51985
G1 X65.201 Y12.592 E426.63598
G1 X65.201 Y12.026 E426.6501
G1 X62.474 Y9.3 E426.74629
G1 X63.04 Y9.3 E426.7604
G1 X65.18 Y11.44 E426.8359
G1 X65.167 Y11.298 E426.83946
G1 X64.998 Y10.692 E426.85515
G1 X63.838 Y9.533 E426.89605
G1 X63.961 Y9.589 E426.89942
G1 X64.428 Y9.924 E426.91376
G1 X64.663 Y10.17 E426.92225
G1 X64.877 Y10.475 E426.93154
G0 F600 Z0.825
G0 F7200 X56.43 Y10.321
;TIME_ELAPSED:663.547759
;LAYER:-2
;TYPE:SUPPORT-INTERFACE
G1 F900 X57.217 Y9.534 E426.95931
G1 X57.745 Y9.341 E426.97333
G1 X58.002 Y9.315 E426.97977
G1 X56.223 Y11.094 E427.04253
G1 X56.2 Y11.682 E427.05721
G1 X58.582 Y9.3 E427.14124
G1 X59.148 Y9.3 E427.15536
G1 X56.2 Y12.248 E427.25936
G1 X56.2 Y12.813 E427.27345
G1 X59.714 Y9.3 E427.3974
G1 X60.279 Y9.3 E427.4115
G1 X56.2 Y13.379 E427.55539
G1 X56.2 Y13.945 E427.56951
G1 X60.845 Y9.3 E427.73338
G1 X61.411 Y9.3 E427.7475
G1 X56.2 Y14.511 E427.93133
G1 X56.2 Y15.076 E427.94542
G1 X61.976 Y9.3 E428.14919
G1 X62.542 Y9.3 E428.16331
G1 X56.2 Y15.642 E428.38704
G1 X56.2 Y16.208 E428.40116
G1 X63.099 Y9.308 E428.64455
G1 X63.552 Y9.421 E428.6562
G1 X56.2 Y16.773 E428.91556
G1 X56.2 Y17.339 E428.92968
G1 X63.954 Y9.585 E429.20322
G1 X64.284 Y9.82 E429.21333
G1 X56.2 Y17.905 E429.49853
G1 X56.2 Y18.47 E429.51263
G1 X64.583 Y10.088 E429.80834
G1 X64.829 Y10.407 E429.81839
G1 X56.2 Y19.036 E430.1228
G1 X56.2 Y19.602 E430.13692
G1 X65.02 Y10.782 E430.44807
G1 X65.146 Y11.222 E430.45949
G1 X56.2 Y20.167 E430.77506
G1 X56.2 Y20.733 E430.78918
G1 X65.2 Y11.733 E431.10668
G1 X65.2 Y12.299 E431.1208
G1 X56.2 Y21.299 E431.4383
G1 X56.2 Y21.864 E431.45239
G1 X65.2 Y12.864 E431.76989
G1 X65.2 Y13.43 E431.78401
G1 X56.2 Y22.43 E432.10151
G1 X56.2 Y22.996 E432.11563
G1 X65.2 Y13.996 E432.43313
G1 X65.2 Y14.561 E432.44722
G1 X56.2 Y23.562 E432.76474
G1 X56.2 Y24.127 E432.77884
G1 X65.2 Y15.127 E433.09633
G1 X65.2 Y15.693 E433.11045
G1 X56.2 Y24.693 E433.42795
G1 X56.2 Y25.259 E433.44207
G1 X65.2 Y16.259 E433.75957
G1 X65.2 Y16.824 E433.77366
G1 X56.2 Y25.824 E434.09116
G1 X56.2 Y26.39 E434.10528
G1 X65.2 Y17.39 E434.42278
G1 X65.2 Y17.956 E434.4369
G1 X56.2 Y26.956 E434.7544
G1 X56.2 Y27.521 E434.76849
G1 X65.2 Y18.521 E435.08599
G1 X65.2 Y19.087 E435.10011
G1 X56.2 Y28.087 E435.41761
G1 X56.2 Y28.653 E435.43173
G1 X65.2 Y19.653 E435.74923
G1 X65.2 Y20.218 E435.76332
G1 X56.2 Y29.218 E436.08082
G1 X56.2 Y29.784 E436.09494
G1 X65.2 Y20.784 E436.41244
G1 X65.2 Y21.35 E436.42656
G1 X56.173 Y30.377 E436.74501
G1 X56.165 Y30.465 E436.74722
G1 X56.037 Y30.994 E436.76079
G1 X55.972 Y31.143 E436.76485
G0 F7200 X53.935 Y32.29
G0 X53.087 Y32.439
G0 X46.548 Y32.413
G0 X45.749 Y32.148
G0 X44.866 Y31.32
G0 X34.979 Y10.841
G1 F900 X35.075 Y10.578 E436.77183
G1 X35.327 Y10.189 E436.78339
G1 X35.633 Y9.863 E436.79455
G1 X35.854 Y9.699 E436.80141
G0 F7200 X36.362 Y9.458
G1 F900 X34.979 Y10.841 E436.8502
G1 X34.866 Y11.15 E436.85841
G1 X34.812 Y11.575 E436.8691
G1 X37.087 Y9.299 E436.94937
G1 X37.653 Y9.299 E436.96349
G1 X34.799 Y12.153 E437.06417
G1 X34.799 Y12.719 E437.07829
G1 X38.218 Y9.3 E437.19891
G1 X38.783 Y9.301 E437.213
G1 X34.799 Y13.284 E437.35353
G1 X34.799 Y13.85 E437.36765
G1 X39.348 Y9.301 E437.52813
G1 X39.913 Y9.301 E437.54222
G1 X34.799 Y14.416 E437.72265
G1 X34.799 Y14.981 E437.73674
G1 X40.478 Y9.302 E437.93708
G1 X41.044 Y9.302 E437.9512
G1 X34.799 Y15.547 E438.17151
G1 X34.799 Y16.113 E438.18563
G1 X41.609 Y9.303 E438.42587
G1 X42.136 Y9.342 E438.43905
G1 X34.799 Y16.679 E438.69789
G1 X34.799 Y17.244 E438.71198
G1 X42.594 Y9.449 E438.98697
G1 X42.956 Y9.653 E438.99733
G1 X34.799 Y17.81 E439.2851
G1 X34.799 Y18.376 E439.29921
G1 X43.269 Y9.905 E439.59803
G1 X43.512 Y10.228 E439.60812
G1 X34.799 Y18.941 E439.91549
G1 X34.799 Y19.507 E439.92961
G1 X43.691 Y10.615 E440.2433
G1 X43.797 Y11.075 E440.25507
G1 X34.799 Y20.073 E440.5725
G1 X34.799 Y20.638 E440.5866
G1 X43.8 Y11.638 E440.90411
G1 X43.8 Y12.203 E440.91821
G1 X34.799 Y21.204 E441.23574
G1 X34.799 Y21.77 E441.24986
G1 X43.8 Y12.769 E441.5674
G1 X43.8 Y13.335 E441.58152
G1 X34.799 Y22.335 E441.89903
G1 X34.799 Y22.901 E441.91315
G1 X43.8 Y13.9 E442.23069
G1 X43.8 Y14.466 E442.2448
G1 X34.799 Y23.467 E442.56234
G1 X34.799 Y24.032 E442.57643
G1 X43.8 Y15.032 E442.89395
G1 X43.8 Y15.597 E442.90804
G1 X34.799 Y24.598 E443.22558
G1 X34.799 Y25.164 E443.2397
G1 X43.8 Y16.163 E443.55723
G1 X43.8 Y16.729 E443.57135
G1 X34.799 Y25.729 E443.88887
G1 X34.799 Y26.295 E443.90299
G1 X43.8 Y17.294 E444.22052
G1 X43.8 Y17.86 E444.23464
G1 X34.799 Y26.861 E444.55218
G1 X34.799 Y27.427 E444.56629
G1 X43.8 Y18.426 E444.88383
G1 X43.8 Y18.991 E444.89792
G1 X34.799 Y27.992 E445.21546
G1 X34.799 Y28.558 E445.22958
G1 X43.8 Y19.557 E445.54711
G1 X43.8 Y20.123 E445.56123
G1 X34.799 Y29.124 E445.87876
G1 X34.799 Y29.689 E445.89286
G1 X43.8 Y20.689 E446.21038
G1 X43.8 Y21.254 E446.22447
G1 X34.799 Y30.255 E446.542
G1 X34.799 Y30.821 E446.55612
G1 X43.8 Y21.82 E446.87366
G1 X43.8 Y22.386 E446.88778
G1 X34.799 Y31.386 E447.20529
G1 X34.799 Y31.952 E447.21941
G1 X43.8 Y22.951 E447.53695
G1 X43.8 Y23.517 E447.55107
G1 X34.799 Y32.518 E447.8686
G1 X34.799 Y33.083 E447.88269
G1 X43.8 Y24.083 E448.20021
G1 X43.8 Y24.648 E448.21431
G1 X34.799 Y33.649 E448.53184
G1 X34.799 Y34.215 E448.54596
G1 X43.8 Y25.214 E448.86349
G1 X43.8 Y25.78 E448.87761
G1 X34.799 Y34.78 E449.19513
G1 X34.799 Y35.346 E449.20925
G1 X43.8 Y26.345 E449.52678
G1 X43.8 Y26.911 E449.5409
G1 X34.799 Y35.912 E449.85844
G1 X34.799 Y36.478 E449.87256
G1 X43.8 Y27.477 E450.19009
G1 X43.8 Y28.042 E450.20418
G1 X34.799 Y37.043 E450.52172
G1 X34.799 Y37.609 E450.53584
G1 X43.8 Y28.608 E450.85337
G1 X43.8 Y29.174 E450.86749
G1 X34.799 Y38.175 E451.18503
G1 X34.799 Y38.74 E451.19912
G1 X43.8 Y29.739 E451.51665
G1 X43.822 Y30.283 E451.53024
G1 X34.799 Y39.306 E451.84855
G1 X34.799 Y39.872 E451.86266
G1 X43.908 Y30.763 E452.18401
G1 X44.044 Y31.192 E452.19524
G1 X34.799 Y40.437 E452.52138
G1 X34.799 Y41.003 E452.5355
G1 X44.231 Y31.571 E452.86824
G1 X44.463 Y31.905 E452.87838
G1 X34.799 Y41.569 E453.2193
G1 X34.799 Y42.134 E453.2334
G1 X44.734 Y32.199 E453.58388
G1 X45.035 Y32.464 E453.59389
G1 X34.799 Y42.7 E453.95499
G1 X34.799 Y43.266 E453.96911
G1 X45.372 Y32.693 E454.3421
G1 X45.758 Y32.873 E454.35272
G1 X34.799 Y43.831 E454.73931
G1 X34.799 Y44.397 E454.75343
G1 X46.19 Y33.006 E455.15528
G1 X46.678 Y33.084 E455.16761
G1 X34.799 Y44.963 E455.58667
G1 X34.799 Y45.528 E455.60077
G1 X47.228 Y33.099 E456.03923
G1 X47.794 Y33.099 E456.05335
G1 X34.799 Y46.094 E456.51179
G1 X34.799 Y46.66 E456.5259
G1 X48.36 Y33.099 E457.00431
G1 X48.925 Y33.099 E457.0184
G1 X34.799 Y47.226 E457.51675
G1 X34.799 Y47.791 E457.53084
G1 X49.491 Y33.099 E458.04914
G1 X50.057 Y33.099 E458.06326
G1 X34.799 Y48.357 E458.60153
G1 X34.799 Y48.923 E458.61565
G1 X50.622 Y33.099 E459.17387
G1 X51.188 Y33.099 E459.18798
G1 X34.799 Y49.488 E459.76615
G1 X34.799 Y50.054 E459.78027
G1 X51.754 Y33.099 E460.3784
G1 X52.32 Y33.099 E460.39252
G1 X34.799 Y50.62 E461.01062
G1 X34.799 Y51.185 E461.02472
G1 X52.885 Y33.099 E461.66275
G1 X53.481 Y33.069 E461.67763
G1 X34.799 Y51.751 E462.33669
G1 X34.799 Y52.317 E462.35081
G1 X54.231 Y32.885 E463.03633
G1 X54.715 Y32.646 E463.04979
G1 X55.105 Y32.364 E463.0618
G1 X55.496 Y31.966 E463.07572
G1 X55.825 Y31.483 E463.09029
G1 X55.972 Y31.143 E463.09953
G1 X65.2 Y21.915 E463.42508
G1 X65.2 Y22.481 E463.4392
G1 X34.799 Y52.882 E464.51167
G1 X34.799 Y53.448 E464.52579
G1 X65.2 Y23.047 E465.59827
G1 X65.2 Y23.612 E465.61236
G1 X34.799 Y54.014 E466.68486
G1 X34.799 Y54.579 E466.69895
G1 X65.2 Y24.178 E467.77143
G1 X65.2 Y24.744 E467.78555
G1 X34.799 Y55.145 E468.85803
G1 X34.799 Y55.711 E468.87215
G1 X65.2 Y25.309 E469.94464
G1 X65.2 Y25.875 E469.95876
G1 X34.799 Y56.277 E471.03125
G1 X34.799 Y56.842 E471.04535
G1 X65.2 Y26.441 E472.11783
G1 X65.2 Y27.007 E472.13194
G1 X34.799 Y57.408 E473.20442
G1 X34.799 Y57.974 E473.21854
G1 X65.2 Y27.572 E474.29104
G1 X65.2 Y28.138 E474.30515
G1 X34.799 Y58.539 E475.37763
G1 X34.799 Y59.105 E475.39175
G1 X65.2 Y28.704 E476.46423
G1 X65.2 Y29.269 E476.47832
G1 X34.799 Y59.671 E477.55082
G1 X34.799 Y60.236 E477.56491
G1 X65.2 Y29.835 E478.63739
G1 X65.2 Y30.401 E478.65151
G1 X34.799 Y60.802 E479.72399
G1 X34.799 Y61.368 E479.7381
G1 X65.2 Y30.966 E480.8106
G1 X65.2 Y31.532 E480.82472
G1 X34.799 Y61.933 E481.8972
G1 X34.799 Y62.499 E481.91131
G1 X65.2 Y32.098 E482.98379
G1 X65.2 Y32.663 E482.99789
G1 X34.799 Y63.065 E484.07038
G1 X34.799 Y63.63 E484.08447
G1 X65.2 Y33.229 E485.15695
G1 X65.2 Y33.795 E485.17107
G1 X34.799 Y64.196 E486.24355
G1 X34.799 Y64.762 E486.25767
G1 X65.2 Y34.36 E487.33016
G1 X65.2 Y34.926 E487.34428
G1 X34.799 Y65.327 E488.41676
G1 X34.799 Y65.893 E488.43088
G1 X65.2 Y35.492 E489.50335
G1 X65.2 Y36.057 E489.51745
G1 X34.799 Y66.459 E490.58994
G1 X34.799 Y67.025 E490.60406
G1 X65.2 Y36.623 E491.67656
G1 X65.2 Y37.189 E491.69068
G1 X34.799 Y67.59 E492.76315
G1 X34.799 Y68.156 E492.77727
G1 X65.2 Y37.755 E493.84975
G1 X65.2 Y38.32 E493.86384
G1 X34.799 Y68.722 E494.93634
G1 X34.799 Y69.287 E494.95043
G1 X65.2 Y38.886 E496.02291
G1 X65.2 Y39.452 E496.03703
G1 X34.799 Y69.853 E497.10951
G1 X34.799 Y70.419 E497.12363
G1 X65.2 Y40.017 E498.19612
G1 X65.2 Y40.583 E498.21024
G1 X34.799 Y70.984 E499.28272
G1 X34.799 Y71.55 E499.29684
G1 X65.2 Y41.149 E500.36931
G1 X65.2 Y41.714 E500.38341
G1 X34.799 Y72.116 E501.4559
G1 X34.799 Y72.681 E501.47
G1 X65.2 Y42.28 E502.54247
G1 X65.2 Y42.846 E502.55659
G1 X34.799 Y73.247 E503.62907
G1 X34.799 Y73.813 E503.64319
G1 X65.2 Y43.411 E504.71568
G1 X65.2 Y43.977 E504.7298
G1 X34.799 Y74.378 E505.80228
G1 X34.799 Y74.944 E505.8164
G1 X65.2 Y44.543 E506.88888
G1 X65.2 Y45.108 E506.90297
G1 X34.799 Y75.51 E507.97547
G1 X34.799 Y76.075 E507.98956
G1 X65.2 Y45.674 E509.06204
G1 X65.2 Y46.24 E509.07616
G1 X34.799 Y76.641 E510.14863
G1 X34.799 Y77.207 E510.16275
G1 X65.2 Y46.806 E511.23523
G1 X65.2 Y47.371 E511.24932
G1 X34.799 Y77.773 E512.32182
G1 X34.799 Y78.338 E512.33591
G1 X65.2 Y47.937 E513.40839
G1 X65.2 Y48.503 E513.42251
G1 X34.799 Y78.904 E514.49499
G1 X34.799 Y79.47 E514.50911
G1 X65.2 Y49.068 E515.5816
G1 X65.2 Y49.634 E515.59572
G1 X34.799 Y80.035 E516.6682
G1 X34.799 Y80.601 E516.68232
G1 X65.2 Y50.2 E517.75479
G1 X65.2 Y50.765 E517.76889
G1 X34.799 Y81.167 E518.84138
G1 X34.799 Y81.732 E518.85548
G1 X65.2 Y51.331 E519.92795
G1 X65.2 Y51.897 E519.94207
G1 X34.799 Y82.298 E521.01455
G1 X34.799 Y82.864 E521.02867
G1 X65.2 Y52.462 E522.10116
G1 X65.2 Y53.028 E522.11528
G1 X34.799 Y83.429 E523.18776
G1 X34.799 Y83.995 E523.20188
G1 X65.2 Y53.594 E524.27436
G1 X65.2 Y54.159 E524.28845
G1 X34.799 Y84.561 E525.36095
G1 X34.799 Y85.126 E525.37504
G1 X65.2 Y54.725 E526.44752
G1 X65.2 Y55.291 E526.46164
G1 X34.799 Y85.692 E527.53411
G1 X34.799 Y86.258 E527.54823
G1 X65.2 Y55.856 E528.62073
G1 X65.2 Y56.422 E528.63485
G1 X34.799 Y86.824 E529.70734
G1 X34.799 Y87.389 E529.72143
G1 X65.2 Y56.988 E530.79391
G1 X65.2 Y57.554 E530.80803
G1 X34.799 Y87.955 E531.88051
G1 X34.803 Y88.516 E531.8945
G1 X65.2 Y58.119 E532.96684
G1 X65.2 Y58.685 E532.98096
G1 X34.91 Y88.975 E534.04952
G1 X35.076 Y89.375 E534.06032
G1 X65.2 Y59.251 E535.12303
G1 X65.2 Y59.816 E535.13712
G1 X35.287 Y89.729 E536.19238
G1 X35.541 Y90.042 E536.20244
G1 X65.2 Y60.382 E537.24876
G1 X65.2 Y60.948 E537.26288
G1 X35.867 Y90.281 E538.29768
G1 X36.222 Y90.491 E538.30797
G1 X65.2 Y61.513 E539.33024
G1 X65.2 Y62.079 E539.34436
G1 X36.637 Y90.643 E540.35202
G1 X37.144 Y90.701 E540.36475
G1 X65.2 Y62.645 E541.3545
G1 X65.2 Y63.21 E541.36859
G1 X37.709 Y90.701 E542.33841
G1 X38.275 Y90.701 E542.35253
G1 X65.2 Y63.776 E543.30238
G1 X65.2 Y64.342 E543.3165
G1 X38.841 Y90.701 E544.24639
G1 X39.406 Y90.701 E544.26048
G1 X65.2 Y64.907 E545.17043
G1 X65.2 Y65.473 E545.18455
G1 X39.972 Y90.701 E546.07454
G1 X40.538 Y90.701 E546.08866
G1 X65.2 Y66.039 E546.95868
G1 X65.2 Y66.605 E546.97279
G1 X41.103 Y90.701 E547.82286
G1 X41.669 Y90.701 E547.83698
G1 X65.2 Y67.17 E548.6671
G1 X65.2 Y67.736 E548.68122
G1 X42.235 Y90.701 E549.49137
G1 X42.8 Y90.701 E549.50547
G1 X65.2 Y68.302 E550.29567
G1 X65.2 Y68.867 E550.30976
G1 X43.366 Y90.701 E551.08002
G1 X43.932 Y90.701 E551.09414
G1 X65.2 Y69.433 E551.84442
G1 X65.2 Y69.999 E551.85854
G1 X44.498 Y90.701 E552.58886
G1 X45.063 Y90.701 E552.60295
G1 X65.2 Y70.564 E553.31334
G1 X65.2 Y71.13 E553.32746
G1 X45.629 Y90.701 E554.01788
G1 X46.195 Y90.701 E554.032
G1 X65.2 Y71.696 E554.70245
G1 X65.2 Y72.261 E554.71655
G1 X46.76 Y90.701 E555.36707
G1 X47.326 Y90.701 E555.38119
G1 X65.2 Y72.827 E556.01174
G1 X65.2 Y73.393 E556.02586
G1 X47.892 Y90.701 E556.63645
G1 X48.457 Y90.701 E556.65054
G1 X65.2 Y73.958 E557.24119
G1 X65.2 Y74.524 E557.25531
G1 X49.023 Y90.701 E557.826
G1 X49.589 Y90.701 E557.84012
G1 X65.2 Y75.09 E558.39084
G1 X65.2 Y75.655 E558.40493
G1 X50.154 Y90.701 E558.93572
G1 X50.72 Y90.701 E558.94984
G1 X65.2 Y76.221 E559.46066
G1 X65.2 Y76.787 E559.47478
G1 X51.286 Y90.701 E559.96563
G1 X51.851 Y90.701 E559.97973
G1 X65.2 Y77.353 E560.45063
G1 X65.2 Y77.918 E560.46473
G1 X52.417 Y90.701 E560.91568
G1 X52.983 Y90.701 E560.9298
G1 X65.2 Y78.484 E561.36079
G1 X65.2 Y79.05 E561.37491
G1 X53.548 Y90.701 E561.78594
G1 X54.114 Y90.701 E561.80006
G1 X65.2 Y79.615 E562.19115
G1 X65.2 Y80.181 E562.20527
G1 X54.68 Y90.701 E562.57639
G1 X55.246 Y90.701 E562.59051
G1 X65.2 Y80.747 E562.94167
G1 X65.2 Y81.312 E562.95576
G1 X55.811 Y90.701 E563.28698
G1 X56.377 Y90.701 E563.3011
G1 X65.2 Y81.878 E563.61236
G1 X65.2 Y82.444 E563.62648
G1 X56.943 Y90.701 E563.91776
G1 X57.508 Y90.701 E563.93186
G1 X65.2 Y83.009 E564.20321
G1 X65.2 Y83.575 E564.21733
G1 X58.074 Y90.701 E564.46872
G1 X58.64 Y90.701 E564.48284
G1 X65.2 Y84.141 E564.71426
G1 X65.2 Y84.706 E564.72836
G1 X59.205 Y90.701 E564.93985
G1 X59.771 Y90.701 E564.95396
G1 X65.2 Y85.272 E565.14549
G1 X65.2 Y85.838 E565.15961
G1 X60.337 Y90.701 E565.33116
G1 X60.902 Y90.701 E565.34526
G1 X65.2 Y86.403 E565.49688
G1 X65.2 Y86.969 E565.511
G1 X61.468 Y90.701 E565.64265
G1 X62.034 Y90.701 E565.65677
G1 X65.2 Y87.535 E565.76846
G1 X65.2 Y88.101 E565.78258
G1 X62.599 Y90.701 E565.87432
G1 X63.221 Y90.645 E565.8899
G1 X65.163 Y88.704 E565.95839
G1 X65.046 Y89.182 E565.97067
G1 X64.754 Y89.678 E565.98502
G1 X64.157 Y90.276 E566.0061
G0 F600 Z1.345
G0 F7200 X58.7 Y35.117
;TIME_ELAPSED:1036.257735
;LAYER:0
;TYPE:WALL-INNER
;MESH:luckfox_top.stl
G1 F900 X58.61 Y35.317 E566.01704
G1 X58.405 Y35.517 E566.03133
G1 X58.163 Y35.6 E566.0441
G1 X41.837 Y35.6 E566.8586
G1 X41.595 Y35.517 E566.87137
G1 X41.39 Y35.317 E566.88566
G1 X41.3 Y35.117 E566.8966
G1 X41.3 Y11.8 E568.05989
G1 X37.297 Y11.798 E568.2596
G1 X37.296 Y88.2 E572.07131
G1 X62.7 Y88.2 E573.33872
G1 X62.7 Y11.8 E577.15033
G1 X58.7 Y11.8 E577.34989
G1 X58.7 Y35.117 E578.51318
G0 F3600 X59.01 Y35.117
G0 X56.81 Y62.629
G0 X56.5 Y62.629
G1 F900 X56.5 Y73.987 E579.07984
G1 X56.856 Y74.381 E579.10633
G1 X57.127 Y74.851 E579.1334
G1 X57.266 Y75.224 E579.15325
G1 X57.366 Y75.668 E579.17596
G1 X57.4 Y76.1 E579.19758
G1 X57.316 Y76.796 E579.23256
G1 X57.138 Y77.321 E579.26021
G1 X56.823 Y77.879 E579.29218
G1 X56.18 Y78.517 E579.33737
G1 X55.657 Y78.821 E579.36755
G1 X55.257 Y78.97 E579.38885
G1 X54.606 Y79.094 E579.42191
G1 X53.965 Y79.066 E579.45392
G1 X53.441 Y78.942 E579.48078
G1 X53.066 Y78.781 E579.50114
G1 X52.485 Y78.416 E579.53538
G1 X51.979 Y77.873 E579.57241
G1 X51.689 Y77.389 E579.60056
G1 X51.537 Y77.001 E579.62135
G1 X51.416 Y76.432 E579.65037
G1 X51.401 Y76.057 E579.66909
G1 X51.483 Y75.369 E579.70366
G1 X51.669 Y74.851 E579.73112
G1 X51.939 Y74.381 E579.75816
G1 X52.296 Y73.987 E579.78469
G1 X52.299 Y62.602 E580.35269
G1 X52.44 Y62.334 E580.36779
G1 X52.551 Y62.231 E580.37535
G1 X52.852 Y62.121 E580.39134
G1 X53.591 Y62.126 E580.42821
G1 X53.813 Y62.207 E580.44
G1 X53.964 Y62.339 E580.45
G1 F800 X54.15 Y62.72 E580.4738
G1 F717.1 X54.149 Y74.597 E581.21744
G1 F796.5 X53.999 Y74.875 E581.23525
G1 F900 X53.576 Y75.229 E581.26277
G1 X53.319 Y75.589 E581.28484
G1 X53.226 Y75.873 E581.29975
G1 X53.215 Y76.257 E581.31891
G1 X53.284 Y76.53 E581.33296
G1 X53.485 Y76.865 E581.35245
G1 X53.698 Y77.067 E581.3671
G1 X53.955 Y77.21 E581.38177
G1 X54.236 Y77.282 E581.39624
G1 X54.643 Y77.27 E581.41656
G1 X55.012 Y77.123 E581.43637
G1 X55.326 Y76.849 E581.45716
G1 X55.476 Y76.611 E581.4712
G1 X55.57 Y76.323 E581.48631
G1 X55.581 Y75.942 E581.50533
G1 X55.507 Y75.643 E581.5207
G1 X55.211 Y75.222 E581.54637
G1 X54.801 Y74.875 E581.57317
G1 F796.5 X54.651 Y74.597 E581.59098
G1 F717.1 X54.65 Y62.72 E582.33462
G1 F800 X54.836 Y62.339 E582.35842
G1 F900 X54.987 Y62.207 E582.36843
G1 X55.209 Y62.126 E582.38022
G1 X55.971 Y62.124 E582.41823
G1 X56.131 Y62.166 E582.42649
G1 X56.303 Y62.274 E582.43662
G1 X56.444 Y62.465 E582.44846
G1 X56.5 Y62.629 E582.45711
G0 F3600 X56.81 Y62.629
G0 X52.062 Y61.882
G0 X48.01 Y62.426
G0 X47.624 Y62.426
G1 F900 X47.701 Y62.72 E582.47227
G1 X47.7 Y73.987 E583.03438
G1 X48.057 Y74.381 E583.06091
G1 X48.327 Y74.851 E583.08795
G1 X48.458 Y75.192 E583.10618
G1 X48.579 Y75.76 E583.13515
G1 X48.6 Y76.131 E583.15369
G1 X48.511 Y76.832 E583.18894
G1 X48.33 Y77.342 E583.21594
G1 X48.022 Y77.88 E583.24687
G1 X47.384 Y78.512 E583.29167
G1 X46.941 Y78.779 E583.31748
G1 X46.519 Y78.958 E583.34035
G1 X45.806 Y79.094 E583.37656
G1 X45.165 Y79.066 E583.40857
G1 X44.641 Y78.942 E583.43543
G1 X44.327 Y78.815 E583.45233
G1 X43.689 Y78.421 E583.48974
G1 X43.171 Y77.869 E583.52751
G1 X42.869 Y77.345 E583.55768
G1 X42.73 Y76.974 E583.57745
G1 X42.624 Y76.504 E583.60149
G1 X42.597 Y76.081 E583.62263
G1 X42.685 Y75.358 E583.65897
G1 X42.912 Y74.765 E583.69065
G1 X43.222 Y74.273 E583.71966
G1 X43.496 Y73.987 E583.73942
G1 X43.5 Y62.629 E584.30607
G1 X43.62 Y62.359 E584.32081
G1 X43.782 Y62.21 E584.33179
G1 X44.029 Y62.124 E584.34484
G1 X44.791 Y62.126 E584.38286
G1 X45.013 Y62.207 E584.39465
G1 X45.164 Y62.339 E584.40466
G1 F800 X45.35 Y62.72 E584.42845
G1 F717.1 X45.349 Y74.597 E585.1721
G1 F796.5 X45.199 Y74.875 E585.18991
G1 F900 X44.776 Y75.229 E585.21742
G1 X44.519 Y75.589 E585.23949
G1 X44.426 Y75.873 E585.2544
G1 X44.415 Y76.254 E585.27342
G1 X44.49 Y76.54 E585.28817
G1 X44.636 Y76.806 E585.30331
G1 X44.956 Y77.107 E585.32522
G1 X45.145 Y77.204 E585.33582
G1 X45.438 Y77.281 E585.35094
G1 X45.843 Y77.27 E585.37115
G1 X46.212 Y77.123 E585.39097
G1 X46.526 Y76.849 E585.41176
G1 X46.676 Y76.611 E585.42579
G1 X46.77 Y76.323 E585.44091
G1 X46.781 Y75.942 E585.45992
G1 X46.707 Y75.643 E585.47529
G1 X46.411 Y75.222 E585.50097
G1 X46.001 Y74.875 E585.52776
G1 F796.5 X45.851 Y74.597 E585.54557
G1 F717.1 X45.85 Y62.72 E586.28922
G1 F800 X46.036 Y62.339 E586.31301
G1 F900 X46.187 Y62.207 E586.32302
G1 X46.409 Y62.126 E586.33481
G1 X47.23 Y62.12 E586.37577
G1 X47.5 Y62.272 E586.39123
G1 X47.624 Y62.426 E586.40109
G0 F3600 X47.301 Y62.72
;TYPE:WALL-OUTER
G1 F900 X47.3 Y74.147 E586.97119
G1 X47.713 Y74.585 E587.00122
G1 X47.955 Y74.998 E587.0251
G1 X48.076 Y75.312 E587.04189
G1 X48.176 Y75.756 E587.0646
G1 X48.199 Y76.126 E587.08309
G1 X48.113 Y76.759 E587.11496
G1 X47.952 Y77.209 E587.13881
G1 X47.687 Y77.649 E587.16443
G1 X47.137 Y78.193 E587.20303
G1 X46.707 Y78.45 E587.22802
G1 X46.382 Y78.577 E587.24543
G1 X45.795 Y78.689 E587.27524
G1 X45.252 Y78.676 E587.30234
G1 X44.789 Y78.57 E587.32604
G1 X44.498 Y78.453 E587.34169
G1 X43.965 Y78.122 E587.37299
G1 X43.484 Y77.611 E587.408
G1 X43.241 Y77.198 E587.43191
G1 X43.12 Y76.885 E587.44865
G1 X43.018 Y76.435 E587.47167
G1 X43.001 Y76.071 E587.48985
G1 X43.083 Y75.436 E587.52179
G1 X43.239 Y75.004 E587.54471
G1 X43.511 Y74.549 E587.57115
G1 X43.896 Y74.147 E587.59892
G1 X43.904 Y62.676 E588.17121
G1 X43.965 Y62.571 E588.17727
G1 X44.076 Y62.521 E588.18334
G1 X44.735 Y62.522 E588.21622
G1 X44.855 Y62.593 E588.22318
G1 X44.9 Y62.72 E588.2299
G1 X44.9 Y74.558 E588.8205
G1 X44.867 Y74.652 E588.82547
G1 X44.507 Y74.93 E588.84816
G1 X44.155 Y75.415 E588.87806
G1 X44.028 Y75.803 E588.89843
G1 X44.013 Y76.3 E588.92324
G1 X44.116 Y76.689 E588.94331
G1 X44.306 Y77.036 E588.96305
G1 X44.506 Y77.265 E588.97822
G1 X44.74 Y77.446 E588.99298
G1 X45.001 Y77.58 E589.00761
G1 X45.392 Y77.683 E589.02779
G1 X45.905 Y77.668 E589.05339
G1 X46.182 Y77.589 E589.06776
G1 X46.438 Y77.457 E589.08213
G1 X46.834 Y77.112 E589.10833
G1 X47.041 Y76.782 E589.12777
G1 X47.168 Y76.393 E589.14818
G1 X47.183 Y75.898 E589.17289
G1 X47.083 Y75.5 E589.19337
G1 X46.956 Y75.255 E589.20713
G1 X46.689 Y74.93 E589.22812
G1 X46.333 Y74.652 E589.25065
G1 X46.3 Y74.558 E589.25562
G1 X46.3 Y62.72 E589.84622
G1 X46.345 Y62.593 E589.85294
G1 X46.452 Y62.525 E589.85927
G1 X47.116 Y62.52 E589.8924
G1 X47.217 Y62.557 E589.89776
G1 X47.301 Y62.72 E589.90691
G0 F3600 X47.301 Y62.92
G0 X48.01 Y62.92
G0 X52.062 Y61.882
G0 X56.738 Y61.882
G0 X56.096 Y62.676
G1 F900 X56.1 Y74.147 E590.4792
G1 X56.485 Y74.549 E590.50697
G1 X56.755 Y74.998 E590.53311
G1 X56.876 Y75.312 E590.5499
G1 X56.976 Y75.756 E590.57261
G1 X56.999 Y76.126 E590.5911
G1 X56.922 Y76.727 E590.62133
G1 X56.745 Y77.222 E590.64756
G1 X56.513 Y77.614 E590.67028
G1 X55.915 Y78.208 E590.71233
G1 X55.517 Y78.446 E590.73547
G1 X55.182 Y78.577 E590.75342
G1 X54.595 Y78.689 E590.78323
G1 X54.052 Y78.676 E590.81033
G1 X53.589 Y78.57 E590.83402
G1 X53.309 Y78.458 E590.84907
G1 X52.735 Y78.098 E590.88287
G1 X52.297 Y77.63 E590.91485
G1 X52.048 Y77.213 E590.93908
G1 X51.92 Y76.885 E590.95665
G1 X51.816 Y76.411 E590.98086
G1 X51.801 Y76.071 E590.99784
G1 X51.883 Y75.436 E591.02978
G1 X52.041 Y74.998 E591.05301
G1 X52.283 Y74.585 E591.07689
G1 X52.696 Y74.147 E591.10693
G1 X52.699 Y62.647 E591.68067
G1 X52.831 Y62.52 E591.6898
G1 X53.535 Y62.522 E591.72493
G1 X53.655 Y62.593 E591.73188
G1 X53.7 Y62.72 E591.7386
G1 X53.7 Y74.558 E592.32921
G1 X53.667 Y74.652 E592.33418
G1 X53.307 Y74.93 E592.35687
G1 X52.955 Y75.415 E592.38677
G1 X52.828 Y75.803 E592.40713
G1 X52.813 Y76.301 E592.43199
G1 X52.911 Y76.686 E592.45181
G1 X53.17 Y77.117 E592.4769
G1 X53.46 Y77.393 E592.49687
G1 X53.807 Y77.584 E592.51663
G1 X54.191 Y77.683 E592.53642
G1 X54.705 Y77.668 E592.56207
G1 X54.982 Y77.589 E592.57644
G1 X55.238 Y77.457 E592.59081
G1 X55.634 Y77.112 E592.61701
G1 X55.841 Y76.782 E592.63645
G1 X55.968 Y76.393 E592.65686
G1 X55.983 Y75.898 E592.68157
G1 X55.883 Y75.5 E592.70204
G1 X55.756 Y75.255 E592.71581
G1 X55.489 Y74.93 E592.7368
G1 X55.133 Y74.652 E592.75933
G1 X55.1 Y74.558 E592.7643
G1 X55.1 Y62.72 E593.3549
G1 X55.145 Y62.593 E593.36162
G1 X55.252 Y62.525 E593.36795
G1 X55.924 Y62.521 E593.40147
G1 X56.035 Y62.571 E593.40755
G1 X56.096 Y62.676 E593.41361
G0 F3600 X56.096 Y62.876
G0 X56.81 Y62.876
G0 X59.01 Y35.035
G0 X58.298 Y35.035
G1 F900 X58.185 Y35.198 E593.4235
G1 X41.815 Y35.198 E594.2402
G1 X41.702 Y35.035 E594.2501
G1 X41.7 Y11.4 E595.42925
G1 X37.133 Y11.397 E595.6571
G1 X36.97 Y11.48 E595.66623
G1 X36.897 Y11.631 E595.6746
G1 X36.896 Y88.35 E599.50212
G1 X36.992 Y88.533 E599.51243
G1 X37.103 Y88.6 E599.5189
G1 X62.899 Y88.6 E600.80587
G1 X63.031 Y88.514 E600.81373
G1 X63.1 Y88.397 E600.82051
G1 X63.1 Y11.628 E604.65053
G1 X63.048 Y11.503 E604.65728
G1 X62.881 Y11.4 E604.66707
G1 X58.3 Y11.4 E604.89562
G1 X58.298 Y35.035 E606.07477
G0 F3600 X58.185 Y35.198
G0 X58.183 Y35.198
G0 X58.183 Y35.91
G0 X48.078 Y62.686
;TYPE:SKIN
G1 F900 X48.038 Y62.444 E606.08701
G1 X47.849 Y62.087 E606.10716
G1 X47.611 Y61.881 E606.12287
G1 X47.177 Y61.74 E606.14563
G1 X46.352 Y61.746 E606.18679
G1 X45.996 Y61.878 E606.20574
G1 X45.766 Y62.067 E606.22059
G1 X45.598 Y62.346 E606.23684
G1 X45.432 Y62.069 E606.25295
G1 X45.201 Y61.874 E606.26803
G1 X44.812 Y61.744 E606.28849
G1 X43.98 Y61.745 E606.33
G1 X43.721 Y61.811 E606.34333
G1 X43.44 Y61.992 E606.36001
G1 X43.231 Y62.268 E606.37728
G1 X43.12 Y62.561 E606.39291
G1 X43.116 Y73.836 E606.95543
G1 X42.83 Y74.159 E606.97695
G1 X42.584 Y74.565 E607.00063
G1 X42.309 Y75.291 E607.03936
G1 X42.216 Y76.085 E607.07925
G1 X42.244 Y76.545 E607.10224
G1 X42.361 Y77.062 E607.12869
G1 X42.526 Y77.508 E607.15241
G1 X42.85 Y78.072 E607.18486
G1 X43.453 Y78.722 E607.22909
G1 X44.162 Y79.157 E607.27059
G1 X44.644 Y79.34 E607.29632
G1 X45.081 Y79.436 E607.31864
G1 X45.855 Y79.47 E607.35729
G1 X46.526 Y79.341 E607.39138
G1 X47.144 Y79.104 E607.4244
G1 X47.623 Y78.812 E607.45239
G1 X48.332 Y78.1 E607.50252
G1 X48.65 Y77.549 E607.53426
G1 X48.887 Y76.889 E607.56924
G1 X48.975 Y76.161 E607.60583
G1 X48.951 Y75.631 E607.6323
G1 X48.799 Y75.019 E607.66376
G1 X48.642 Y74.631 E607.68464
G1 X48.382 Y74.181 E607.71057
G1 X48.08 Y73.835 E607.73348
G1 X48.078 Y62.686 E608.28971
G0 F3600 X52.062 Y61.882
G0 X56.738 Y61.882
G0 X56.88 Y62.56
G1 F900 X56.765 Y62.268 E608.30536
G1 X56.556 Y61.992 E608.32264
G1 X56.275 Y61.811 E608.33931
G1 X56.017 Y61.745 E608.3526
G1 X55.168 Y61.736 E608.39496
G1 X54.799 Y61.874 E608.41461
G1 X54.565 Y62.068 E608.42978
G1 X54.398 Y62.346 E608.44596
G1 X54.232 Y62.069 E608.46207
G1 X54.001 Y61.874 E608.47715
G1 X53.627 Y61.746 E608.49687
G1 X52.82 Y61.74 E608.53713
G1 X52.415 Y61.866 E608.55829
G1 X52.171 Y62.062 E608.57391
G1 X51.958 Y62.444 E608.59573
G1 X51.919 Y62.681 E608.60771
G1 X51.916 Y73.835 E609.16419
G1 X51.622 Y74.169 E609.18639
G1 X51.317 Y74.701 E609.21698
G1 X51.115 Y75.264 E609.24682
G1 X51.02 Y76.047 E609.28617
G1 X51.04 Y76.521 E609.30984
G1 X51.189 Y77.167 E609.34292
G1 X51.381 Y77.626 E609.36774
G1 X51.677 Y78.103 E609.39575
G1 X52.252 Y78.717 E609.43771
G1 X52.929 Y79.146 E609.4777
G1 X53.444 Y79.34 E609.50516
G1 X53.881 Y79.436 E609.52748
G1 X54.655 Y79.47 E609.56613
G1 X55.321 Y79.345 E609.59994
G1 X55.811 Y79.165 E609.62598
G1 X56.411 Y78.821 E609.66049
G1 X57.126 Y78.109 E609.71083
G1 X57.483 Y77.474 E609.74717
G1 X57.69 Y76.859 E609.77954
G1 X57.779 Y76.162 E609.8146
G1 X57.753 Y75.707 E609.83734
G1 X57.628 Y75.11 E609.86777
G1 X57.47 Y74.688 E609.89025
G1 X57.186 Y74.192 E609.91876
G1 X56.88 Y73.836 E609.94218
G1 X56.88 Y62.56 E610.50475
G0 F3600 X59.046 Y35.251
G1 F900 X59.078 Y35.025 E610.51613
G1 X59.08 Y12.18 E611.65587
G1 X62.32 Y12.18 E611.81752
G1 X62.32 Y87.82 E615.59121
G1 X37.676 Y87.82 E616.82071
G1 X37.676 Y12.177 E620.59455
G1 X40.92 Y12.18 E620.7564
G1 X40.921 Y35.026 E621.89619
G1 X40.949 Y35.242 E621.90705
G1 X41.048 Y35.489 E621.92033
G1 X41.359 Y35.815 E621.94281
G1 X41.785 Y35.978 E621.96556
G1 X58.215 Y35.978 E622.78526
G1 X58.637 Y35.815 E622.80783
G1 X58.948 Y35.489 E622.83031
G1 X59.046 Y35.251 E622.84315
G0 F3600 X61.595 Y12.38
G1 F900 X62.12 Y12.905 E622.88019
G0 F3600 X62.12 Y13.471
G1 F900 X61.029 Y12.38 E622.95717
G0 F3600 X60.463 Y12.38
G1 F900 X62.12 Y14.037 E623.07408
G0 F3600 X62.12 Y14.602
G1 F900 X59.898 Y12.38 E623.23085
G0 F3600 X59.332 Y12.38
G1 F900 X62.12 Y15.168 E623.42756
G0 F3600 X62.12 Y15.734
G1 F900 X59.279 Y12.893 E623.62801
G0 F3600 X59.279 Y13.458
G1 F900 X62.12 Y16.3 E623.82849
G0 F3600 X62.12 Y16.865
G1 F900 X59.279 Y14.024 E624.02894
G0 F3600 X59.279 Y14.59
G1 F900 X62.12 Y17.431 E624.22939
G0 F3600 X62.12 Y17.997
G1 F900 X59.279 Y15.155 E624.42987
G0 F3600 X59.279 Y15.721
G1 F900 X62.12 Y18.562 E624.63032
G0 F3600 X62.12 Y19.128
G1 F900 X59.279 Y16.287 E624.83077
G0 F3600 X59.279 Y16.852
G1 F900 X62.12 Y19.694 E625.03125
G0 F3600 X62.12 Y20.259
G1 F900 X59.278 Y17.417 E625.23177
G0 F3600 X59.278 Y17.983
G1 F900 X62.12 Y20.825 E625.43229
G0 F3600 X62.12 Y21.391
G1 F900 X59.278 Y18.549 E625.6328
G0 F3600 X59.278 Y19.115
G1 F900 X62.12 Y21.956 E625.83329
G0 F3600 X62.12 Y22.522
G1 F900 X59.278 Y19.68 E626.03381
G0 F3600 X59.278 Y20.246
G1 F900 X62.12 Y23.088 E626.23432
G0 F3600 X62.12 Y23.653
G1 F900 X59.278 Y20.812 E626.43481
G0 F3600 X59.278 Y21.377
G1 F900 X62.12 Y24.219 E626.63533
G0 F3600 X62.12 Y24.785
G1 F900 X59.277 Y21.942 E626.83591
G0 F3600 X59.277 Y22.508
G1 F900 X62.12 Y25.35 E627.03647
G0 F3600 X62.12 Y25.916
G1 F900 X59.277 Y23.074 E627.23702
G0 F3600 X59.277 Y23.639
G1 F900 X62.12 Y26.482 E627.43761
G0 F3600 X62.12 Y27.048
G1 F900 X59.277 Y24.205 E627.6382
G0 F3600 X59.277 Y24.771
G1 F900 X62.12 Y27.613 E627.83875
G0 F3600 X62.12 Y28.179
G1 F900 X59.277 Y25.336 E628.03934
G0 F3600 X59.277 Y25.902
G1 F900 X62.12 Y28.745 E628.23993
G0 F3600 X62.12 Y29.31
G1 F900 X59.277 Y26.467 E628.44052
G0 F3600 X59.277 Y27.033
G1 F900 X62.12 Y29.876 E628.64111
G0 F3600 X62.12 Y30.442
G1 F900 X59.277 Y27.598 E628.84173
G0 F3600 X59.277 Y28.164
G1 F900 X62.12 Y31.007 E629.04232
G0 F3600 X62.12 Y31.573
G1 F900 X59.277 Y28.73 E629.24291
G0 F3600 X59.277 Y29.295
G1 F900 X62.12 Y32.139 E629.44354
G0 F3600 X62.12 Y32.704
G1 F900 X59.277 Y29.861 E629.64413
G0 F3600 X59.277 Y30.427
G1 F900 X62.12 Y33.27 E629.84471
G0 F3600 X62.12 Y33.836
G1 F900 X59.276 Y30.992 E630.04537
G0 F3600 X59.276 Y31.557
G1 F900 X62.12 Y34.401 E630.24603
G0 F3600 X62.12 Y34.967
G1 F900 X59.276 Y32.123 E630.44669
G0 F3600 X59.276 Y32.689
G1 F900 X62.12 Y35.533 E630.64735
G0 F3600 X62.12 Y36.099
G1 F900 X59.276 Y33.255 E630.84801
G0 F3600 X59.276 Y33.82
G1 F900 X62.12 Y36.664 E631.04867
G0 F3600 X62.12 Y37.23
G1 F900 X59.276 Y34.386 E631.24933
G0 F3600 X59.276 Y34.952
G1 F900 X62.12 Y37.796 E631.44999
G0 F3600 X62.12 Y38.361
G1 F900 X59.186 Y35.427 E631.657
G0 F3600 X58.954 Y35.761
G1 F900 X62.12 Y38.927 E631.88038
G0 F3600 X62.12 Y39.493
G1 F900 X58.659 Y36.031 E632.12461
G0 F3600 X58.238 Y36.176
G1 F900 X62.12 Y40.058 E632.3985
G0 F3600 X62.12 Y40.624
G1 F900 X57.672 Y36.176 E632.71233
G0 F3600 X57.107 Y36.176
G1 F900 X62.12 Y41.19 E633.06606
G0 F3600 X62.12 Y41.755
G1 F900 X56.541 Y36.176 E633.45969
G0 F3600 X55.975 Y36.176
G1 F900 X62.12 Y42.321 E633.89325
G0 F3600 X62.12 Y42.887
G1 F900 X55.41 Y36.176 E634.36672
G0 F3600 X54.844 Y36.176
G1 F900 X62.12 Y43.452 E634.88008
G0 F3600 X62.12 Y44.018
G1 F900 X54.278 Y36.176 E635.43337
G0 F3600 X53.713 Y36.176
G1 F900 X62.12 Y44.584 E636.02657
G0 F3600 X62.12 Y45.149
G1 F900 X53.147 Y36.176 E636.65966
G0 F3600 X52.581 Y36.176
G1 F900 X62.12 Y45.715 E637.33269
G0 F3600 X62.12 Y46.281
G1 F900 X52.015 Y36.176 E638.04565
G0 F3600 X51.45 Y36.176
G1 F900 X62.12 Y46.847 E638.79851
G0 F3600 X62.12 Y47.412
G1 F900 X50.884 Y36.176 E639.59127
G0 F3600 X50.318 Y36.176
G1 F900 X62.12 Y47.978 E640.42397
G0 F3600 X62.12 Y48.544
G1 F900 X49.753 Y36.176 E641.29656
G0 F3600 X49.187 Y36.176
G1 F900 X62.12 Y49.109 E642.20905
G0 F3600 X62.12 Y49.675
G1 F900 X48.621 Y36.176 E643.16148
G0 F3600 X48.056 Y36.176
G1 F900 X62.12 Y50.241 E644.15381
G0 F3600 X62.12 Y50.806
G1 F900 X47.49 Y36.176 E645.18603
G0 F3600 X46.924 Y36.176
G1 F900 X62.12 Y51.372 E646.25819
G0 F3600 X62.12 Y51.938
G1 F900 X46.359 Y36.176 E647.37025
G0 F3600 X45.793 Y36.176
G1 F900 X62.12 Y52.503 E648.52221
G0 F3600 X62.12 Y53.069
G1 F900 X45.227 Y36.176 E649.7141
G0 F3600 X44.662 Y36.176
G1 F900 X62.12 Y53.635 E650.94589
G0 F3600 X62.12 Y54.2
G1 F900 X44.096 Y36.176 E652.21759
G0 F3600 X43.53 Y36.176
G1 F900 X62.12 Y54.766 E653.52921
G0 F3600 X62.12 Y55.332
G1 F900 X42.965 Y36.176 E654.88073
G0 F3600 X42.399 Y36.176
G1 F900 X62.12 Y55.897 E656.27216
G0 F3600 X62.12 Y56.463
G1 F900 X41.833 Y36.176 E657.70351
G1 X41.763 Y36.106
G0 F3600 X40.726 Y35.069
G1 F900 X37.876 Y32.219 E657.9046
G0 F3600 X37.876 Y31.654
G1 F900 X40.723 Y34.5 E658.10543
G0 F3600 X40.723 Y33.935
G1 F900 X37.876 Y31.088 E658.3063
G0 F3600 X37.876 Y30.522
G1 F900 X40.723 Y33.369 E658.50718
G0 F3600 X40.723 Y32.803
G1 F900 X37.876 Y29.957 E658.70801
G0 F3600 X37.876 Y29.391
G1 F900 X40.723 Y32.238 E658.90888
G0 F3600 X40.723 Y31.672
G1 F900 X37.876 Y28.825 E659.10975
G0 F3600 X37.876 Y28.26
G1 F900 X40.723 Y31.106 E659.31059
G0 F3600 X40.723 Y30.541
G1 F900 X37.876 Y27.694 E659.51146
G0 F3600 X37.876 Y27.128
G1 F900 X40.722 Y29.974 E659.71226
G0 F3600 X40.722 Y29.409
G1 F900 X37.876 Y26.562 E659.9131
G0 F3600 X37.876 Y25.997
G1 F900 X40.722 Y28.843 E660.1139
G0 F3600 X40.722 Y28.277
G1 F900 X37.876 Y25.431 E660.3147
G0 F3600 X37.876 Y24.865
G1 F900 X40.722 Y27.712 E660.51554
G0 F3600 X40.722 Y27.146
G1 F900 X37.876 Y24.3 E660.71634
G0 F3600 X37.876 Y23.734
G1 F900 X40.722 Y26.58 E660.91714
G0 F3600 X40.722 Y26.014
G1 F900 X37.876 Y23.168 E661.11794
G0 F3600 X37.876 Y22.603
G1 F900 X40.722 Y25.448 E661.3187
G0 F3600 X40.722 Y24.882
G1 F900 X37.876 Y22.037 E661.51947
G0 F3600 X37.876 Y21.471
G1 F900 X40.722 Y24.317 E661.72027
G0 F3600 X40.722 Y23.751
G1 F900 X37.876 Y20.906 E661.92103
G0 F3600 X37.876 Y20.34
G1 F900 X40.722 Y23.185 E662.1218
G0 F3600 X40.722 Y22.62
G1 F900 X37.876 Y19.774 E662.3226
G0 F3600 X37.876 Y19.209
G1 F900 X40.722 Y22.054 E662.52337
G0 F3600 X40.722 Y21.488
G1 F900 X37.876 Y18.643 E662.72413
G0 F3600 X37.876 Y18.077
G1 F900 X40.721 Y20.922 E662.92486
G0 F3600 X40.721 Y20.356
G1 F900 X37.876 Y17.511 E663.12559
G0 F3600 X37.876 Y16.946
G1 F900 X40.721 Y19.791 E663.32632
G0 F3600 X40.721 Y19.225
G1 F900 X37.876 Y16.38 E663.52705
G0 F3600 X37.876 Y15.814
G1 F900 X40.721 Y18.659 E663.72778
G0 F3600 X40.721 Y18.093
G1 F900 X37.876 Y15.249 E663.92848
G0 F3600 X37.876 Y14.683
G1 F900 X40.721 Y17.528 E664.12921
G0 F3600 X40.721 Y16.962
G1 F900 X37.876 Y14.117 E664.32994
G0 F3600 X37.876 Y13.552
G1 F900 X40.72 Y16.396 E664.5306
G0 F3600 X40.72 Y15.83
G1 F900 X37.876 Y12.986 E664.73126
G0 F3600 X37.876 Y12.42
G1 F900 X40.72 Y15.264 E664.93192
G0 F3600 X40.72 Y14.699
G1 F900 X38.399 Y12.377 E665.09571
G0 F3600 X38.965 Y12.378
G1 F900 X40.72 Y14.133 E665.21953
G0 F3600 X40.72 Y13.567
G1 F900 X39.532 Y12.379 E665.30335
G0 F3600 X40.098 Y12.379
G1 F900 X40.72 Y13.002 E665.34728
G1 X40.79 Y13.072
G0 F3600 X37.876 Y32.785
G1 F900 X62.12 Y57.029 E667.05782
G0 F3600 X62.12 Y57.595
G1 F900 X37.876 Y33.351 E668.76837
G0 F3600 X37.876 Y33.916
G1 F900 X62.12 Y58.16 E670.47891
G0 F3600 X62.12 Y58.726
G1 F900 X37.876 Y34.482 E672.18946
G0 F3600 X37.876 Y35.048
G1 F900 X62.12 Y59.292 E673.9
G0 F3600 X62.12 Y59.857
G1 F900 X37.876 Y35.613 E675.61055
G0 F3600 X37.876 Y36.179
G1 F900 X62.12 Y60.423 E677.32109
G0 F3600 X62.12 Y60.989
G1 F900 X37.876 Y36.745 E679.03164
G0 F3600 X37.876 Y37.31
G1 F900 X62.12 Y61.554 E680.74218
G0 F3600 X62.12 Y62.12
G1 F900 X37.876 Y37.876 E682.45273
G0 F3600 X37.876 Y38.442
G1 F900 X62.12 Y62.686 E684.16327
G0 F3600 X62.12 Y63.251
G1 F900 X37.876 Y39.008 E685.87378
G0 F3600 X37.876 Y39.573
G1 F900 X62.12 Y63.817 E687.58433
G0 F3600 X62.12 Y64.383
G1 F900 X37.876 Y40.139 E689.29487
G0 F3600 X37.876 Y40.705
G1 F900 X62.12 Y64.948 E691.00538
G0 F3600 X62.12 Y65.514
G1 F900 X37.876 Y41.27 E692.71593
G0 F3600 X37.876 Y41.836
G1 F900 X62.12 Y66.08 E694.42647
G0 F3600 X62.12 Y66.646
G1 F900 X37.876 Y42.402 E696.13702
G0 F3600 X37.876 Y42.967
G1 F900 X62.12 Y67.211 E697.84756
G0 F3600 X62.12 Y67.777
G1 F900 X57.08 Y62.737 E698.20316
G0 F3600 X57.08 Y63.303
G1 F900 X62.12 Y68.343 E698.55876
G0 F3600 X62.12 Y68.908
G1 F900 X57.08 Y63.869 E698.91432
G0 F3600 X57.08 Y64.434
G1 F900 X62.12 Y69.474 E699.26992
G0 F3600 X62.12 Y70.04
G1 F900 X57.08 Y65 E699.62552
G0 F3600 X57.08 Y65.566
G1 F900 X62.12 Y70.605 E699.98109
G0 F3600 X62.12 Y71.171
G1 F900 X57.08 Y66.131 E700.33669
G0 F3600 X57.08 Y66.697
G1 F900 X62.12 Y71.737 E700.69229
G0 F3600 X62.12 Y72.302
G1 F900 X57.08 Y67.263 E701.04785
G0 F3600 X57.08 Y67.829
G1 F900 X62.12 Y72.868 E701.40341
G0 F3600 X62.12 Y73.434
G1 F900 X57.08 Y68.394 E701.75901
G0 F3600 X57.08 Y68.96
G1 F900 X62.12 Y73.999 E702.11458
G0 F3600 X62.12 Y74.565
G1 F900 X57.08 Y69.526 E702.47014
G0 F3600 X57.08 Y70.091
G1 F900 X62.12 Y75.131 E702.82574
G0 F3600 X62.12 Y75.696
G1 F900 X57.08 Y70.657 E703.1813
G0 F3600 X57.08 Y71.223
G1 F900 X62.12 Y76.262 E703.53687
G0 F3600 X62.12 Y76.828
G1 F900 X57.08 Y71.788 E703.89247
G0 F3600 X57.08 Y72.354
G1 F900 X62.12 Y77.394 E704.24807
G0 F3600 X62.12 Y77.959
G1 F900 X57.08 Y72.92 E704.60363
G0 F3600 X57.08 Y73.485
G1 F900 X62.12 Y78.525 E704.95923
G0 F3600 X62.12 Y79.091
G1 F900 X57.66 Y74.63 E705.27394
G1 X57.59 Y74.56
G0 F3600 X57.899 Y75.436
G1 F900 X62.12 Y79.656 E705.57172
G0 F3600 X62.12 Y80.222
G1 F900 X57.977 Y76.079 E705.86403
G0 F3600 X57.923 Y76.59
G1 F900 X62.12 Y80.788 E706.16019
G0 F3600 X62.12 Y81.353
G1 F900 X57.831 Y77.065 E706.46276
G0 F3600 X57.691 Y77.49
G1 F900 X62.12 Y81.919 E706.77525
G0 F3600 X62.12 Y82.485
G1 F900 X57.495 Y77.86 E707.10157
G0 F3600 X57.291 Y78.222
G1 F900 X62.12 Y83.05 E707.44225
G0 F3600 X62.12 Y83.616
G1 F900 X57.01 Y78.507 E707.80275
G0 F3600 X56.727 Y78.789
G1 F900 X62.12 Y84.182 E708.18326
G0 F3600 X62.12 Y84.747
G1 F900 X56.419 Y79.047 E708.58546
G0 F3600 X56.059 Y79.253
G1 F900 X62.12 Y85.313 E709.01306
G0 F3600 X62.12 Y85.879
G1 F900 X55.67 Y79.429 E709.46814
G0 F3600 X55.241 Y79.565
G1 F900 X62.12 Y86.445 E709.95353
G0 F3600 X62.12 Y87.01
G1 F900 X54.764 Y79.654 E710.47253
G0 F3600 X54.194 Y79.65
G1 F900 X62.12 Y87.576 E711.03176
G0 F3600 X61.598 Y87.62
G1 F900 X53.542 Y79.564 E711.60015
G1 X53.472 Y79.494
G0 F3600 X52.559 Y79.146
G1 F900 X61.033 Y87.62 E712.19804
G0 F3600 X60.467 Y87.62
G1 F900 X49.154 Y76.307 E712.99623
G0 F3600 X49.097 Y76.815
G1 F900 X59.901 Y87.62 E713.75855
G0 F3600 X59.335 Y87.62
G1 F900 X48.971 Y77.255 E714.48982
G0 F3600 X48.814 Y77.664
G1 F900 X58.77 Y87.62 E715.19227
G0 F3600 X58.204 Y87.62
G1 F900 X48.607 Y78.022 E715.86942
G0 F3600 X48.37 Y78.352
G1 F900 X57.638 Y87.62 E716.52333
G0 F3600 X57.073 Y87.62
G1 F900 X48.085 Y78.632 E717.15748
G0 F3600 X47.8 Y78.912
G1 F900 X56.507 Y87.62 E717.77184
G0 F3600 X55.941 Y87.62
G1 F900 X47.463 Y79.142 E718.37001
G0 F3600 X47.095 Y79.34
G1 F900 X55.376 Y87.62 E718.95425
G0 F3600 X54.81 Y87.62
G1 F900 X46.683 Y79.493 E719.52765
G0 F3600 X46.227 Y79.603
G1 F900 X54.244 Y87.62 E720.09329
G0 F3600 X53.679 Y87.62
G1 F900 X45.727 Y79.668 E720.65435
G0 F3600 X45.135 Y79.641
G1 F900 X53.113 Y87.62 E721.21728
G0 F3600 X52.547 Y87.62
G1 F900 X44.379 Y79.452 E721.79357
G1 X44.309 Y79.382
G0 F3600 X42.24 Y77.313
G1 F900 X37.876 Y72.949 E722.10148
G0 F3600 X37.876 Y73.514
G1 F900 X51.982 Y87.62 E723.09673
G0 F3600 X51.416 Y87.62
G1 F900 X37.876 Y74.08 E724.05205
G0 F3600 X37.876 Y74.646
G1 F900 X50.85 Y87.62 E724.96744
G0 F3600 X50.284 Y87.62
G1 F900 X37.876 Y75.211 E725.84292
G0 F3600 X37.876 Y75.777
G1 F900 X49.719 Y87.62 E726.67851
G0 F3600 X49.153 Y87.62
G1 F900 X37.876 Y76.343 E727.47416
G0 F3600 X37.876 Y76.908
G1 F900 X48.587 Y87.62 E728.22992
G0 F3600 X48.022 Y87.62
G1 F900 X37.876 Y77.474 E728.94577
G0 F3600 X37.876 Y78.04
G1 F900 X47.456 Y87.62 E729.62169
G0 F3600 X46.89 Y87.62
G1 F900 X37.876 Y78.606 E730.25768
G0 F3600 X37.876 Y79.171
G1 F900 X46.325 Y87.62 E730.8538
G0 F3600 X45.759 Y87.62
G1 F900 X37.876 Y79.737 E731.40999
G0 F3600 X37.876 Y80.303
G1 F900 X45.193 Y87.62 E731.92624
G0 F3600 X44.628 Y87.62
G1 F900 X37.876 Y80.868 E732.40263
G0 F3600 X37.876 Y81.434
G1 F900 X44.062 Y87.62 E732.83909
G0 F3600 X43.496 Y87.62
G1 F900 X37.876 Y82 E733.23561
G0 F3600 X37.876 Y82.565
G1 F900 X42.931 Y87.62 E733.59227
G0 F3600 X42.365 Y87.62
G1 F900 X37.876 Y83.131 E733.90899
G0 F3600 X37.876 Y83.697
G1 F900 X41.799 Y87.62 E734.18578
G0 F3600 X41.234 Y87.62
G1 F900 X37.876 Y84.262 E734.42271
G0 F3600 X37.876 Y84.828
G1 F900 X40.668 Y87.62 E734.6197
G0 F3600 X40.102 Y87.62
G1 F900 X37.876 Y85.394 E734.77675
G0 F3600 X37.876 Y85.959
G1 F900 X39.536 Y87.62 E734.89391
G0 F3600 X38.971 Y87.62
G1 F900 X37.876 Y86.525 E734.97117
G0 F3600 X37.876 Y87.091
G1 F900 X38.405 Y87.62 E735.00849
G0 F3600 X42.047 Y76.554
G1 F900 X37.876 Y72.383 E735.30278
G0 F3600 X37.876 Y71.817
G1 F900 X42.026 Y75.967 E735.59558
G0 F3600 X42.087 Y75.462
G1 F900 X37.876 Y71.252 E735.89266
G0 F3600 X37.876 Y70.686
G1 F900 X42.198 Y75.008 E736.1976
G0 F3600 X42.354 Y74.598
G1 F900 X37.876 Y70.12 E736.51354
G0 F3600 X37.876 Y69.555
G1 F900 X42.553 Y74.231 E736.8435
G0 F3600 X42.79 Y73.903
G1 F900 X37.876 Y68.989 E737.19021
G0 F3600 X37.876 Y68.423
G1 F900 X42.916 Y73.463 E737.54581
G0 F3600 X42.916 Y72.898
G1 F900 X37.876 Y67.858 E737.9014
G0 F3600 X37.876 Y67.292
G1 F900 X42.916 Y72.332 E738.257
G0 F3600 X42.917 Y71.767
G1 F900 X37.876 Y66.726 E738.61267
G0 F3600 X37.876 Y66.16
G1 F900 X42.917 Y71.201 E738.96834
G0 F3600 X42.917 Y70.636
G1 F900 X37.876 Y65.595 E739.32401
G0 F3600 X37.876 Y65.029
G1 F900 X42.917 Y70.07 E739.67968
G0 F3600 X42.918 Y69.505
G1 F900 X37.876 Y64.463 E740.03542
G0 F3600 X37.876 Y63.898
G1 F900 X42.918 Y68.939 E740.39113
G0 F3600 X42.918 Y68.374
G1 F900 X37.876 Y63.332 E740.74687
G0 F3600 X37.876 Y62.766
G1 F900 X42.919 Y67.809 E741.10268
G0 F3600 X42.919 Y67.243
G1 F900 X37.876 Y62.201 E741.45846
G0 F3600 X37.876 Y61.635
G1 F900 X42.919 Y66.677 E741.81423
G0 F3600 X42.919 Y66.112
G1 F900 X37.876 Y61.069 E742.17004
G0 F3600 X37.876 Y60.504
G1 F900 X42.919 Y65.547 E742.52585
G0 F3600 X42.919 Y64.981
G1 F900 X37.876 Y59.938 E742.88166
G0 F3600 X37.876 Y59.372
G1 F900 X42.919 Y64.415 E743.23747
G0 F3600 X42.92 Y63.85
G1 F900 X37.876 Y58.807 E743.59332
G0 F3600 X37.876 Y58.241
G1 F900 X42.92 Y63.285 E743.9492
G0 F3600 X42.92 Y62.719
G1 F900 X37.876 Y57.675 E744.30508
G0 F3600 X37.876 Y57.109
G1 F900 X43.026 Y62.259 E744.66844
G0 F3600 X43.249 Y61.917
G1 F900 X37.876 Y56.544 E745.04754
G0 F3600 X37.876 Y55.978
G1 F900 X43.571 Y61.673 E745.44935
G0 F3600 X44.01 Y61.546
G1 F900 X37.876 Y55.412 E745.88214
G0 F3600 X37.876 Y54.847
G1 F900 X44.577 Y61.547 E746.35489
G0 F3600 X45.291 Y61.696
G1 F900 X37.876 Y54.281 E746.87806
G0 F3600 X37.876 Y53.715
G1 F900 X45.881 Y61.72 E747.44286
G0 F3600 X46.292 Y61.566
G1 F900 X37.876 Y53.15 E748.03665
G0 F3600 X37.876 Y52.584
G1 F900 X46.833 Y61.541 E748.66862
G0 F3600 X47.491 Y61.633
G1 F900 X37.876 Y52.018 E749.34701
G0 F3600 X37.876 Y51.453
G1 F900 X51.72 Y65.296 E750.32374
G0 F3600 X51.72 Y64.731
G1 F900 X37.876 Y50.887 E751.30051
G0 F3600 X37.876 Y50.321
G1 F900 X51.721 Y64.166 E752.27735
G0 F3600 X51.721 Y63.6
G1 F900 X37.876 Y49.756 E753.25415
G0 F3600 X37.876 Y49.19
G1 F900 X51.721 Y63.034 E754.23096
G0 F3600 X51.748 Y62.496
G1 F900 X37.876 Y48.624 E755.2097
G0 F3600 X37.876 Y48.059
G1 F900 X51.918 Y62.1 E756.20041
G0 F3600 X52.183 Y61.8
G1 F900 X37.876 Y47.493 E757.20984
G0 F3600 X37.876 Y46.927
G1 F900 X52.561 Y61.612 E758.24595
G0 F3600 X53.058 Y61.543
G1 F900 X37.876 Y46.361 E759.31712
G0 F3600 X37.876 Y45.796
G1 F900 X53.629 Y61.549 E760.42858
G1 X53.699 Y61.619
G0 F3600 X54.51 Y61.864
G1 F900 X37.876 Y45.23 E761.6022
G0 F3600 X37.876 Y44.664
G1 F900 X54.855 Y61.643 E762.80016
G0 F3600 X55.318 Y61.54
G1 F900 X37.876 Y44.099 E764.03075
G0 F3600 X37.876 Y43.533
G1 F900 X55.888 Y61.545 E765.30159
G1 X55.958 Y61.615
G0 F3600 X52.062 Y61.882
G0 X51.719 Y65.861
G1 F900 X48.216 Y62.358 E765.54875
G0 F3600 X48.276 Y62.984
G1 F900 X51.719 Y66.427 E765.79167
G0 F3600 X51.719 Y66.993
G1 F900 X48.276 Y63.55 E766.0346
G0 F3600 X48.276 Y64.115
G1 F900 X51.718 Y67.558 E766.27748
G0 F3600 X51.718 Y68.123
G1 F900 X48.277 Y64.682 E766.52026
G0 F3600 X48.277 Y65.248
G1 F900 X51.718 Y68.689 E766.76304
G0 F3600 X51.718 Y69.254
G1 F900 X48.277 Y65.813 E767.00583
G0 F3600 X48.278 Y66.38
G1 F900 X51.718 Y69.82 E767.24854
G0 F3600 X51.718 Y70.385
G1 F900 X48.278 Y66.945 E767.49125
G0 F3600 X48.278 Y67.511
G1 F900 X51.717 Y70.95 E767.73389
G0 F3600 X51.717 Y71.516
G1 F900 X48.278 Y68.077 E767.97653
G0 F3600 X48.278 Y68.643
G1 F900 X51.717 Y72.082 E768.21917
G0 F3600 X51.716 Y72.647
G1 F900 X48.278 Y69.209 E768.46174
G0 F3600 X48.278 Y69.774
G1 F900 X51.716 Y73.212 E768.70431
G0 F3600 X51.707 Y73.769
G1 F900 X48.279 Y70.341 E768.94617
G0 F3600 X48.279 Y70.907
G1 F900 X51.447 Y74.074 E769.16965
G0 F3600 X51.241 Y74.434
G1 F900 X48.279 Y71.472 E769.37864
G0 F3600 X48.28 Y72.039
G1 F900 X51.062 Y74.821 E769.57492
G0 F3600 X50.913 Y75.238
G1 F900 X48.28 Y72.604 E769.76073
G0 F3600 X48.28 Y73.17
G1 F900 X50.855 Y75.745 E769.94241
G0 F3600 X50.832 Y76.288
G1 F900 X48.28 Y73.736 E770.12247
G1 X48.21 Y73.666
G0 F3600 X49.007 Y75.029
G1 F900 X50.932 Y76.954 E770.25829
G1 X51.002 Y77.024
G0 F3600 X51.325 Y77.913
G1 F900 X49.154 Y75.741 E770.4115
G1 X49.084 Y75.671
G0 F3600 X52.062 Y61.882
G0 X54.338 Y61.882
G0 X54.345 Y74.97
G0 X55.199 Y75.985
G1 F900 X55.189 Y76.252 E770.42483
G1 X55.034 Y76.596 E770.44365
G1 X54.802 Y76.798 E770.459
G1 X54.57 Y76.889 E770.47143
G1 X54.279 Y76.899 E770.48596
G1 X53.925 Y76.757 E770.50499
G1 X53.786 Y76.622 E770.51466
G1 X53.639 Y76.382 E770.5287
G1 X53.597 Y76.21 E770.53753
G1 X53.604 Y75.939 E770.55106
G1 X53.665 Y75.755 E770.56073
G1 X53.846 Y75.496 E770.57649
G1 X54.278 Y75.124 E770.60493
G1 X54.4 Y74.95 E770.61553
G1 X54.522 Y75.124 E770.62614
G1 X54.938 Y75.487 E770.65368
G1 X55.15 Y75.789 E770.67209
G1 X55.199 Y75.985 E770.68217
G0 F3600 X54.374 Y75.304
G1 F900 X54.967 Y75.897 E770.72401
G0 F3600 X54.908 Y76.404
G1 F900 X54.071 Y75.567 E770.78306
G0 F3600 X53.842 Y75.904
G1 F900 X54.6 Y76.662 E770.83655
G1 X54.67 Y76.732
G0 F3600 X54.345 Y74.97
G0 X54.338 Y61.882
G0 X45.662 Y61.882
G0 X45.655 Y74.967
G0 X46.399 Y75.985
G1 F900 X46.389 Y76.252 E770.84988
G1 X46.234 Y76.596 E770.8687
G1 X46.002 Y76.798 E770.88405
G1 X45.77 Y76.889 E770.89648
G1 X45.483 Y76.899 E770.91081
G1 X45.285 Y76.846 E770.92103
G1 X45.043 Y76.693 E770.93532
G1 X44.841 Y76.392 E770.9534
G1 X44.793 Y76.209 E770.96284
G1 X44.804 Y75.941 E770.97622
G1 X44.865 Y75.755 E770.98599
G1 X45.046 Y75.496 E771.00175
G1 X45.478 Y75.124 E771.03019
G1 X45.6 Y74.95 E771.0408
G1 X45.722 Y75.124 E771.0514
G1 X46.138 Y75.487 E771.07894
G1 X46.35 Y75.789 E771.09735
G1 X46.399 Y75.985 E771.10743
G0 F3600 X45.439 Y75.421
G1 F900 X46.187 Y76.168 E771.16017
G0 F3600 X45.992 Y76.539
G1 F900 X45.15 Y75.697 E771.21958
G0 F3600 X45.005 Y76.117
G1 F900 X45.564 Y76.677 E771.25906
G0 F3600 X45.565 Y76.668
;MESH:NONMESH
G0 F600 Z1.385
G0 F3600 X45.662 Y61.882
G0 X58.938 Y35.838
G0 X58.7 Y35.117
;TIME_ELAPSED:1322.265004
;LAYER:1
M106 S127.5
;TYPE:WALL-INNER
;MESH:luckfox_top.stl
G1 F1650 X58.61 Y35.317 E771.26453
G1 X58.405 Y35.517 E771.27167
G1 X58.163 Y35.6 E771.27805
G1 X41.837 Y35.6 E771.68531
G1 X41.595 Y35.517 E771.69169
G1 X41.39 Y35.317 E771.69883
G1 X41.3 Y35.117 E771.7043
G1 X41.3 Y11.601 E772.29091
G1 X37.146 Y11.605 E772.39453
G1 X37.1 Y11.665 E772.39642
G1 X37.104 Y88.335 E774.30896
G1 X37.204 Y88.396 E774.31188
G1 X62.817 Y88.392 E774.9508
G1 X62.892 Y88.362 E774.95282
G1 X62.892 Y11.651 E776.86638
G1 X62.857 Y11.6 E776.86792
G1 X58.7 Y11.6 E776.97162
G1 X58.7 Y35.117 E777.55825
G0 F5400 X59.01 Y35.117
G0 X56.81 Y62.629
G0 X56.5 Y62.629
G1 F1650 X56.5 Y73.987 E777.84158
G1 X56.856 Y74.381 E777.85483
G1 X57.128 Y74.854 E777.86844
G1 X57.266 Y75.226 E777.87833
G1 X57.384 Y75.821 E777.89347
G1 X57.38 Y76.405 E777.90803
G1 X57.319 Y76.795 E777.91788
G1 X57.137 Y77.324 E777.93184
G1 X56.83 Y77.866 E777.94738
G1 X56.428 Y78.307 E777.96226
G1 X56.111 Y78.563 E777.97242
G1 X55.683 Y78.81 E777.98475
G1 X55.214 Y78.984 E777.99723
G1 X54.762 Y79.08 E778.00876
G1 X54.062 Y79.08 E778.02622
G1 X53.696 Y79.016 E778.03549
G1 X53.173 Y78.837 E778.04928
G1 X52.641 Y78.533 E778.06456
G1 X52.22 Y78.158 E778.07862
G1 X51.968 Y77.859 E778.08838
G1 X51.689 Y77.389 E778.10201
G1 X51.529 Y76.968 E778.11325
G1 X51.418 Y76.436 E778.1268
G1 X51.416 Y75.796 E778.14277
G1 X51.497 Y75.333 E778.15449
G1 X51.668 Y74.854 E778.16718
G1 X51.947 Y74.368 E778.18116
G1 X52.3 Y73.985 E778.19415
G1 X52.3 Y62.597 E778.47823
G1 X52.443 Y62.33 E778.48578
G1 X52.63 Y62.183 E778.49172
G1 X52.853 Y62.121 E778.49749
G1 X53.589 Y62.126 E778.51585
G1 X53.808 Y62.204 E778.52165
G1 X53.96 Y62.334 E778.52664
G1 F1466.7 X54.15 Y62.72 E778.53871
G1 F1314.7 X54.149 Y74.597 E778.91054
G1 F1460.2 X53.999 Y74.875 E778.91944
G1 F1650 X53.429 Y75.401 E778.93879
G1 X53.291 Y75.656 E778.94602
G1 X53.212 Y75.954 E778.95371
G1 X53.212 Y76.242 E778.9609
G1 X53.291 Y76.542 E778.96863
G1 X53.514 Y76.905 E778.97926
G1 X53.754 Y77.102 E778.98701
G1 X54.23 Y77.284 E778.99972
G1 X54.544 Y77.284 E779.00755
G1 X54.905 Y77.182 E779.01691
G1 X55.147 Y77.029 E779.02405
G1 X55.367 Y76.794 E779.03208
G1 X55.509 Y76.54 E779.03934
G1 X55.584 Y76.245 E779.04693
G1 X55.584 Y75.95 E779.05429
G1 X55.507 Y75.643 E779.06219
G1 X55.211 Y75.222 E779.07502
G1 X54.801 Y74.875 E779.08842
G1 F1460.2 X54.651 Y74.597 E779.09733
G1 F1314.7 X54.65 Y62.72 E779.46915
G1 F1466.7 X54.84 Y62.334 E779.48122
G1 F1650 X54.992 Y62.204 E779.48621
G1 X55.24 Y62.122 E779.49273
G1 X55.971 Y62.124 E779.51096
G1 X56.131 Y62.166 E779.51509
G1 X56.303 Y62.274 E779.52016
G1 X56.444 Y62.465 E779.52608
G1 X56.5 Y62.629 E779.5304
G0 F5400 X56.81 Y62.629
G0 X52.062 Y61.882
G0 X48.01 Y62.423
G0 X47.622 Y62.423
G1 F1650 X47.7 Y62.72 E779.53806
G1 X47.7 Y73.987 E779.81912
G1 X48.057 Y74.381 E779.83238
G1 X48.328 Y74.854 E779.84598
G1 X48.466 Y75.226 E779.85588
G1 X48.585 Y75.751 E779.86931
G1 X48.578 Y76.45 E779.88674
G1 X48.493 Y76.892 E779.89797
G1 X48.33 Y77.342 E779.90991
G1 X48.029 Y77.867 E779.92501
G1 X47.66 Y78.277 E779.93877
G1 X47.352 Y78.537 E779.94882
G1 X46.927 Y78.787 E779.96112
G1 X46.414 Y78.984 E779.97483
G1 X45.962 Y79.08 E779.98635
G1 X45.262 Y79.08 E780.00382
G1 X44.797 Y78.989 E780.01564
G1 X44.316 Y78.814 E780.0284
G1 X43.823 Y78.525 E780.04266
G1 X43.393 Y78.128 E780.05726
G1 X43.14 Y77.815 E780.0673
G1 X42.869 Y77.345 E780.08083
G1 X42.729 Y76.968 E780.09086
G1 X42.616 Y76.442 E780.10428
G1 X42.616 Y75.727 E780.12212
G1 X42.707 Y75.305 E780.13289
G1 X42.912 Y74.765 E780.1473
G1 X43.14 Y74.381 E780.15844
G1 X43.5 Y73.985 E780.17179
G1 X43.5 Y62.629 E780.45506
G1 X43.619 Y62.359 E780.46242
G1 X43.783 Y62.21 E780.46795
G1 X44.029 Y62.124 E780.47445
G1 X44.789 Y62.126 E780.49341
G1 X45.008 Y62.204 E780.49921
G1 X45.16 Y62.334 E780.5042
G1 F1466.7 X45.35 Y62.72 E780.51627
G1 F1314.7 X45.349 Y74.597 E780.88809
G1 F1460.2 X45.199 Y74.875 E780.897
G1 F1650 X44.629 Y75.401 E780.91635
G1 X44.491 Y75.656 E780.92358
G1 X44.412 Y75.953 E780.93124
G1 X44.412 Y76.239 E780.93838
G1 X44.521 Y76.614 E780.94812
G1 X44.683 Y76.87 E780.95568
G1 X45.094 Y77.183 E780.96856
G1 X45.275 Y77.25 E780.97338
G1 X45.725 Y77.289 E780.98465
G1 X46.105 Y77.182 E780.99449
G1 X46.347 Y77.029 E781.00164
G1 X46.567 Y76.794 E781.00967
G1 X46.709 Y76.54 E781.01693
G1 X46.784 Y76.245 E781.02452
G1 X46.784 Y75.95 E781.03188
G1 X46.707 Y75.643 E781.03977
G1 X46.411 Y75.222 E781.05261
G1 X46.001 Y74.875 E781.06601
G1 F1460.2 X45.851 Y74.597 E781.07491
G1 F1314.7 X45.85 Y62.72 E781.44674
G1 F1466.7 X46.04 Y62.334 E781.45881
G1 F1650 X46.192 Y62.204 E781.4638
G1 X46.44 Y62.122 E781.47031
G1 X47.147 Y62.121 E781.48795
G1 X47.37 Y62.183 E781.49372
G1 X47.622 Y62.423 E781.50241
G0 F5400 X47.3 Y62.681
;TYPE:WALL-OUTER
G1 F1050 X47.3 Y74.147 E781.78843
G1 X47.713 Y74.585 E781.80344
G1 X47.941 Y74.969 E781.81458
G1 X48.076 Y75.315 E781.82385
G1 X48.18 Y75.775 E781.83561
G1 X48.18 Y76.417 E781.85163
G1 X48.117 Y76.756 E781.86023
G1 X47.952 Y77.209 E781.87225
G1 X47.703 Y77.629 E781.88443
G1 X47.39 Y77.982 E781.8962
G1 X47.123 Y78.209 E781.90495
G1 X46.693 Y78.456 E781.91732
G1 X46.247 Y78.617 E781.92914
G1 X45.935 Y78.677 E781.93707
G1 X45.285 Y78.678 E781.95328
G1 X44.932 Y78.613 E781.96224
G1 X44.474 Y78.445 E781.97441
G1 X44.049 Y78.189 E781.98678
G1 X43.699 Y77.87 E781.9986
G1 X43.484 Y77.611 E782.00699
G1 X43.241 Y77.198 E782.01895
G1 X43.12 Y76.883 E782.02736
G1 X43.019 Y76.415 E782.03931
G1 X43.019 Y75.757 E782.05572
G1 X43.083 Y75.44 E782.06379
G1 X43.239 Y75.004 E782.07534
G1 X43.484 Y74.585 E782.08745
G1 X43.9 Y74.147 E782.10251
G1 X43.904 Y62.676 E782.38866
G1 X44.041 Y62.521 E782.39382
G1 X44.72 Y62.52 E782.41076
G1 X44.854 Y62.591 E782.41454
G1 X44.9 Y62.72 E782.41796
G1 X44.9 Y74.558 E782.71326
G1 X44.867 Y74.652 E782.71574
G1 X44.599 Y74.853 E782.7241
G1 X44.303 Y75.163 E782.73479
G1 X44.116 Y75.507 E782.74456
G1 X44.012 Y75.902 E782.75475
G1 X44.012 Y76.295 E782.76455
G1 X44.153 Y76.78 E782.77715
G1 X44.369 Y77.122 E782.78724
G1 X44.571 Y77.323 E782.79435
G1 X44.914 Y77.543 E782.80451
G1 X45.177 Y77.64 E782.81151
G1 X45.596 Y77.699 E782.82206
G1 X45.793 Y77.685 E782.82699
G1 X46.269 Y77.551 E782.83932
G1 X46.603 Y77.34 E782.84918
G1 X46.893 Y77.032 E782.85973
G1 X47.084 Y76.689 E782.86952
G1 X47.184 Y76.295 E782.87966
G1 X47.184 Y75.901 E782.88949
G1 X47.083 Y75.5 E782.89981
G1 X46.956 Y75.255 E782.90669
G1 X46.689 Y74.93 E782.91718
G1 X46.333 Y74.652 E782.92845
G1 X46.3 Y74.558 E782.93094
G1 X46.3 Y62.72 E783.22624
G1 X46.346 Y62.591 E783.22965
G1 X46.48 Y62.52 E783.23344
G1 X47.116 Y62.52 E783.2493
G1 X47.233 Y62.569 E783.25247
G1 X47.3 Y62.681 E783.25572
G0 F5400 X47.3 Y62.881
G0 X48.01 Y62.881
G0 X52.062 Y61.882
G0 X56.738 Y61.882
G0 X56.096 Y62.676
G1 F1050 X56.1 Y74.147 E783.54187
G1 X56.485 Y74.549 E783.55575
G1 X56.755 Y74.999 E783.56884
G1 X56.876 Y75.315 E783.57728
G1 X56.984 Y75.818 E783.59012
G1 X56.977 Y76.436 E783.60553
G1 X56.917 Y76.756 E783.61365
G1 X56.745 Y77.222 E783.62605
G1 X56.49 Y77.646 E783.63839
G1 X55.938 Y78.197 E783.65784
G1 X55.511 Y78.449 E783.67021
G1 X55.047 Y78.617 E783.68252
G1 X54.735 Y78.677 E783.69045
G1 X54.085 Y78.678 E783.70666
G1 X53.732 Y78.613 E783.71562
G1 X53.274 Y78.445 E783.72778
G1 X52.869 Y78.205 E783.73953
G1 X52.508 Y77.88 E783.75164
G1 X52.293 Y77.625 E783.75996
G1 X52.048 Y77.213 E783.77192
G1 X51.92 Y76.883 E783.78075
G1 X51.816 Y76.399 E783.7931
G1 X51.819 Y75.757 E783.80912
G1 X51.883 Y75.44 E783.81718
G1 X52.055 Y74.969 E783.82969
G1 X52.283 Y74.585 E783.84083
G1 X52.7 Y74.147 E783.85592
G1 X52.7 Y62.681 E784.14194
G1 X52.767 Y62.569 E784.14519
G1 X52.847 Y62.526 E784.14746
G1 X53.54 Y62.523 E784.16475
G1 X53.654 Y62.591 E784.16806
G1 X53.7 Y62.72 E784.17147
G1 X53.7 Y74.558 E784.46677
G1 X53.667 Y74.652 E784.46926
G1 X53.399 Y74.853 E784.47761
G1 X53.103 Y75.163 E784.48831
G1 X52.916 Y75.507 E784.49807
G1 X52.812 Y75.902 E784.50826
G1 X52.812 Y76.294 E784.51804
G1 X52.916 Y76.69 E784.52825
G1 X53.23 Y77.189 E784.54296
G1 X53.537 Y77.442 E784.55289
G1 X53.903 Y77.618 E784.56302
G1 X54.184 Y77.684 E784.57022
G1 X54.6 Y77.684 E784.58059
G1 X55.069 Y77.551 E784.59275
G1 X55.403 Y77.34 E784.60261
G1 X55.693 Y77.032 E784.61316
G1 X55.884 Y76.689 E784.62296
G1 X55.984 Y76.295 E784.6331
G1 X55.984 Y75.901 E784.64292
G1 X55.883 Y75.5 E784.65324
G1 X55.756 Y75.255 E784.66012
G1 X55.489 Y74.93 E784.67061
G1 X55.133 Y74.652 E784.68188
G1 X55.1 Y74.558 E784.68437
G1 X55.1 Y62.72 E784.97967
G1 X55.146 Y62.591 E784.98308
G1 X55.28 Y62.52 E784.98687
G1 X55.924 Y62.521 E785.00293
G1 X56.035 Y62.571 E785.00597
G1 X56.096 Y62.676 E785.009
G0 F5400 X56.096 Y62.876
G0 X56.81 Y62.876
G0 X59.01 Y35.035
G0 X58.298 Y35.035
G1 F1050 X58.185 Y35.198 E785.01395
G1 X41.817 Y35.198 E785.42225
G1 X41.7 Y35.041 E785.42713
G1 X41.7 Y11.201 E786.02182
G1 X37.094 Y11.204 E786.13672
G1 X36.956 Y11.246 E786.14032
G1 X36.759 Y11.428 E786.14701
G1 X36.7 Y11.598 E786.1515
G1 X36.704 Y88.402 E788.06738
G1 X36.743 Y88.531 E788.07074
G1 X36.914 Y88.722 E788.07714
G1 X37.14 Y88.796 E788.08307
G1 X62.891 Y88.792 E788.72543
G1 X63.117 Y88.705 E788.73147
G1 X63.224 Y88.59 E788.73539
G1 X63.292 Y88.398 E788.74047
G1 X63.292 Y11.594 E790.65635
G1 X63.146 Y11.314 E790.66423
G1 X62.898 Y11.2 E790.67104
G1 X58.3 Y11.2 E790.78574
G1 X58.298 Y35.035 E791.3803
G0 F5400 X58.185 Y35.198
G0 X58.183 Y35.198
G0 X58.183 Y35.91
G0 X48.079 Y62.69
;TYPE:SKIN
G1 F900 X48.041 Y62.448 E791.38641
G1 X47.948 Y62.232 E791.39228
G1 X47.663 Y61.914 E791.40293
G1 X47.177 Y61.74 E791.41581
G1 X46.4 Y61.741 E791.43519
G1 X46.011 Y61.868 E791.4454
G1 X45.771 Y62.062 E791.4531
G1 X45.598 Y62.347 E791.46141
G1 X45.427 Y62.064 E791.46966
G1 X45.189 Y61.868 E791.47735
G1 X44.82 Y61.744 E791.48706
G1 X43.98 Y61.745 E791.50802
G1 X43.721 Y61.811 E791.51469
G1 X43.44 Y61.992 E791.52302
G1 X43.231 Y62.268 E791.53166
G1 X43.12 Y62.561 E791.53948
G1 X43.12 Y73.832 E791.82063
G1 X42.805 Y74.193 E791.83258
G1 X42.517 Y74.705 E791.84724
G1 X42.347 Y75.177 E791.85975
G1 X42.24 Y75.665 E791.87221
G1 X42.239 Y76.491 E791.89282
G1 X42.372 Y77.122 E791.9089
G1 X42.585 Y77.626 E791.92255
G1 X42.974 Y78.255 E791.941
G1 X43.614 Y78.841 E791.96265
G1 X44.145 Y79.153 E791.97801
G1 X44.696 Y79.353 E791.99263
G1 X45.208 Y79.457 E792.00567
G1 X46.007 Y79.457 E792.0256
G1 X46.39 Y79.385 E792.03532
G1 X46.955 Y79.189 E792.05024
G1 X47.511 Y78.881 E792.06609
G1 X47.93 Y78.542 E792.07954
G1 X48.348 Y78.068 E792.0953
G1 X48.655 Y77.546 E792.11041
G1 X48.874 Y76.947 E792.12632
G1 X48.956 Y76.473 E792.13832
G1 X48.96 Y75.689 E792.15787
G1 X48.83 Y75.124 E792.17234
G1 X48.671 Y74.689 E792.18389
G1 X48.378 Y74.176 E792.19863
G1 X48.08 Y73.835 E792.20992
G1 X48.079 Y62.69 E792.48794
G0 F5400 X52.062 Y61.882
G0 X56.738 Y61.882
G0 X56.88 Y62.56
G1 F900 X56.765 Y62.268 E792.49577
G1 X56.556 Y61.992 E792.5044
G1 X56.275 Y61.811 E792.51274
G1 X56.017 Y61.745 E792.51938
G1 X55.2 Y61.74 E792.53976
G1 X54.807 Y61.868 E792.55007
G1 X54.572 Y62.065 E792.55772
G1 X54.4 Y62.349 E792.566
G1 X54.228 Y62.065 E792.57429
G1 X53.989 Y61.868 E792.58201
G1 X53.634 Y61.746 E792.59138
G1 X52.704 Y61.744 E792.61458
G1 X52.346 Y61.909 E792.62441
G1 X52.17 Y62.062 E792.63023
G1 X51.955 Y62.448 E792.64125
G1 X51.921 Y62.694 E792.64744
G1 X51.92 Y73.833 E792.92531
G1 X51.619 Y74.164 E792.93647
G1 X51.315 Y74.713 E792.95212
G1 X51.127 Y75.244 E792.96617
G1 X51.039 Y75.676 E792.97717
G1 X51.036 Y76.466 E792.99688
G1 X51.168 Y77.09 E793.01279
G1 X51.379 Y77.623 E793.02709
G1 X51.653 Y78.074 E793.04025
G1 X51.946 Y78.422 E793.0516
G1 X52.423 Y78.846 E793.06752
G1 X52.869 Y79.112 E793.08047
G1 X53.492 Y79.353 E793.09714
G1 X54.008 Y79.457 E793.11027
G1 X54.811 Y79.457 E793.1303
G1 X55.324 Y79.344 E793.1434
G1 X55.847 Y79.153 E793.15729
G1 X56.325 Y78.873 E793.17111
G1 X56.665 Y78.601 E793.18197
G1 X57.068 Y78.163 E793.19682
G1 X57.427 Y77.589 E793.21371
G1 X57.647 Y77.025 E793.22881
G1 X57.754 Y76.519 E793.24171
G1 X57.761 Y75.785 E793.26002
G1 X57.637 Y75.153 E793.27609
G1 X57.481 Y74.712 E793.28775
G1 X57.186 Y74.192 E793.30267
G1 X56.88 Y73.836 E793.31438
G1 X56.88 Y62.56 E793.59566
G0 F5400 X59.046 Y35.251
G1 F900 X59.078 Y35.025 E793.60135
G1 X59.08 Y11.98 E794.17621
G1 X62.512 Y11.98 E794.26182
G1 X62.512 Y88.012 E796.15845
G1 X37.484 Y88.012 E796.78278
G1 X37.48 Y11.98 E798.6794
G1 X40.92 Y11.98 E798.76521
G1 X40.921 Y35.026 E799.3401
G1 X40.95 Y35.251 E799.34576
G1 X41.048 Y35.489 E799.35218
G1 X41.397 Y35.844 E799.3646
G1 X41.785 Y35.978 E799.37484
G1 X58.215 Y35.978 E799.78468
G1 X58.6 Y35.844 E799.79485
G1 X58.905 Y35.551 E799.8054
G1 X59.046 Y35.251 E799.81367
G0 F5400 X41.062 Y35.838
G0 X37.68 Y12.666
G1 F900 X38.166 Y12.18 E799.83082
G0 F5400 X38.732 Y12.18
G1 F900 X37.68 Y13.231 E799.86791
G0 F5400 X37.68 Y13.797
G1 F900 X39.297 Y12.18 E799.92495
G0 F5400 X39.863 Y12.18
G1 F900 X37.68 Y14.363 E800.00197
G0 F5400 X37.68 Y14.928
G1 F900 X40.429 Y12.18 E800.09893
G0 F5400 X40.72 Y12.454
G1 F900 X37.68 Y15.494 E800.20617
G0 F5400 X37.68 Y16.06
G1 F900 X40.72 Y13.02 E800.31342
G0 F5400 X40.72 Y13.586
G1 F900 X37.68 Y16.625 E800.42064
G0 F5400 X37.68 Y17.191
G1 F900 X40.72 Y14.151 E800.52789
G0 F5400 X40.72 Y14.717
G1 F900 X37.68 Y17.757 E800.63513
G0 F5400 X37.68 Y18.323
G1 F900 X40.72 Y15.283 E800.74237
G0 F5400 X40.72 Y15.848
G1 F900 X37.68 Y18.888 E800.84962
G0 F5400 X37.68 Y19.454
G1 F900 X40.72 Y16.414 E800.95686
G0 F5400 X40.72 Y16.98
G1 F900 X37.68 Y20.02 E801.06411
G0 F5400 X37.68 Y20.585
G1 F900 X40.72 Y17.545 E801.17135
G0 F5400 X40.721 Y18.11
G1 F900 X37.68 Y21.151 E801.27863
G0 F5400 X37.68 Y21.717
G1 F900 X40.721 Y18.676 E801.38591
G0 F5400 X40.721 Y19.242
G1 F900 X37.68 Y22.282 E801.49317
G0 F5400 X37.68 Y22.848
G1 F900 X40.721 Y19.807 E801.60045
G0 F5400 X40.721 Y20.373
G1 F900 X37.68 Y23.414 E801.70773
G0 F5400 X37.68 Y23.979
G1 F900 X40.721 Y20.939 E801.81499
G0 F5400 X40.721 Y21.505
G1 F900 X37.68 Y24.545 E801.92225
G0 F5400 X37.681 Y25.11
G1 F900 X40.721 Y22.07 E802.0295
G0 F5400 X40.721 Y22.636
G1 F900 X37.681 Y25.676 E802.13674
G0 F5400 X37.681 Y26.241
G1 F900 X40.721 Y23.202 E802.24397
G0 F5400 X40.722 Y23.767
G1 F900 X37.681 Y26.807 E802.35123
G0 F5400 X37.681 Y27.373
G1 F900 X40.722 Y24.332 E802.45851
G0 F5400 X40.722 Y24.898
G1 F900 X37.681 Y27.938 E802.56577
G0 F5400 X37.681 Y28.504
G1 F900 X40.722 Y25.464 E802.67303
G0 F5400 X40.722 Y26.029
G1 F900 X37.681 Y29.07 E802.78031
G0 F5400 X37.681 Y29.636
G1 F900 X40.722 Y26.595 E802.88759
G0 F5400 X40.722 Y27.161
G1 F900 X37.681 Y30.201 E802.99486
G0 F5400 X37.681 Y30.767
G1 F900 X40.722 Y27.726 E803.10213
G0 F5400 X40.722 Y28.292
G1 F900 X37.681 Y31.333 E803.20941
G0 F5400 X37.681 Y31.898
G1 F900 X40.722 Y28.858 E803.31668
G0 F5400 X40.722 Y29.423
G1 F900 X37.681 Y32.464 E803.42396
G0 F5400 X37.681 Y33.03
G1 F900 X40.722 Y29.988 E803.53125
G0 F5400 X40.722 Y30.554
G1 F900 X37.681 Y33.595 E803.63853
G0 F5400 X37.681 Y34.161
G1 F900 X40.722 Y31.12 E803.74581
G0 F5400 X40.722 Y31.685
G1 F900 X37.681 Y34.727 E803.85311
G0 F5400 X37.681 Y35.292
G1 F900 X40.722 Y32.251 E803.96039
G0 F5400 X40.722 Y32.817
G1 F900 X37.681 Y35.858 E804.06767
G0 F5400 X37.681 Y36.424
G1 F900 X40.722 Y33.383 E804.17495
G0 F5400 X40.722 Y33.948
G1 F900 X37.681 Y36.989 E804.28223
G0 F5400 X37.682 Y37.554
G1 F900 X40.722 Y34.514 E804.38947
G0 F5400 X40.726 Y35.076
G1 F900 X37.682 Y38.12 E804.49686
G0 F5400 X37.682 Y38.686
G1 F900 X40.86 Y35.507 E804.60899
G0 F5400 X41.1 Y35.833
G1 F900 X37.682 Y39.251 E804.72957
G0 F5400 X37.682 Y39.817
G1 F900 X41.434 Y36.065 E804.86193
G0 F5400 X41.889 Y36.176
G1 F900 X37.682 Y40.383 E805.01034
G0 F5400 X37.682 Y40.949
G1 F900 X42.455 Y36.176 E805.17872
G0 F5400 X43.02 Y36.176
G1 F900 X37.682 Y41.514 E805.36703
G0 F5400 X37.682 Y42.08
G1 F900 X43.586 Y36.176 E805.57531
G0 F5400 X44.152 Y36.176
G1 F900 X37.682 Y42.646 E805.80356
G0 F5400 X37.682 Y43.211
G1 F900 X44.717 Y36.176 E806.05174
G0 F5400 X45.283 Y36.176
G1 F900 X37.682 Y43.777 E806.31988
G0 F5400 X37.682 Y44.343
G1 F900 X45.849 Y36.176 E806.608
G0 F5400 X46.414 Y36.176
G1 F900 X37.682 Y44.908 E806.91604
G0 F5400 X37.682 Y45.474
G1 F900 X46.98 Y36.176 E807.24405
G0 F5400 X47.546 Y36.176
G1 F900 X37.682 Y46.04 E807.59203
G0 F5400 X37.682 Y46.605
G1 F900 X48.112 Y36.176 E807.95996
G0 F5400 X48.677 Y36.176
G1 F900 X37.682 Y47.171 E808.34784
G0 F5400 X37.682 Y47.737
G1 F900 X49.243 Y36.176 E808.75569
G0 F5400 X49.809 Y36.176
G1 F900 X37.682 Y48.302 E809.18348
G0 F5400 X37.682 Y48.868
G1 F900 X50.374 Y36.176 E809.63123
G0 F5400 X50.94 Y36.176
G1 F900 X37.682 Y49.434 E810.09894
G0 F5400 X37.682 Y49.999
G1 F900 X51.506 Y36.176 E810.5866
G0 F5400 X52.071 Y36.176
G1 F900 X37.682 Y50.564 E811.09419
G0 F5400 X37.682 Y51.13
G1 F900 X52.637 Y36.176 E811.62175
G0 F5400 X53.203 Y36.176
G1 F900 X37.682 Y51.696 E812.16928
G0 F5400 X37.682 Y52.262
G1 F900 X53.768 Y36.176 E812.73676
G0 F5400 X54.334 Y36.176
G1 F900 X37.682 Y52.827 E813.32418
G0 F5400 X37.682 Y53.393
G1 F900 X54.9 Y36.176 E813.93158
G0 F5400 X55.465 Y36.176
G1 F900 X37.682 Y53.959 E814.55892
G0 F5400 X37.682 Y54.524
G1 F900 X56.031 Y36.176 E815.20621
G0 F5400 X56.597 Y36.176
G1 F900 X37.682 Y55.09 E815.87347
G0 F5400 X37.682 Y55.656
G1 F900 X57.163 Y36.176 E816.5607
G0 F5400 X57.728 Y36.176
G1 F900 X37.682 Y56.221 E817.26786
G0 F5400 X37.682 Y56.787
G1 F900 X58.32 Y36.149 E817.99592
G1 X58.39 Y36.079
G0 F5400 X59.253 Y35.217
G1 F900 X62.312 Y32.157 E818.10385
G0 F5400 X62.312 Y32.723
G1 F900 X37.682 Y57.353 E818.97274
G0 F5400 X37.682 Y57.918
G1 F900 X62.312 Y33.288 E819.84163
G0 F5400 X62.312 Y33.854
G1 F900 X37.682 Y58.484 E820.71052
G0 F5400 X37.682 Y59.05
G1 F900 X62.312 Y34.42 E821.57941
G0 F5400 X62.312 Y34.986
G1 F900 X37.682 Y59.615 E822.44828
G0 F5400 X37.682 Y60.181
G1 F900 X62.312 Y35.551 E823.31717
G0 F5400 X62.312 Y36.117
G1 F900 X37.682 Y60.747 E824.18606
G0 F5400 X37.682 Y61.313
G1 F900 X62.312 Y36.683 E825.05495
G0 F5400 X62.312 Y37.248
G1 F900 X37.682 Y61.878 E825.92384
G0 F5400 X37.682 Y62.444
G1 F900 X62.312 Y37.814 E826.79273
G0 F5400 X62.312 Y38.38
G1 F900 X37.683 Y63.009 E827.66159
G0 F5400 X37.683 Y63.575
G1 F900 X62.312 Y38.945 E828.53046
G0 F5400 X62.312 Y39.511
G1 F900 X37.683 Y64.14 E829.39931
G0 F5400 X37.683 Y64.706
G1 F900 X62.312 Y40.077 E830.26817
G0 F5400 X62.312 Y40.642
G1 F900 X37.683 Y65.272 E831.13704
G0 F5400 X37.683 Y65.837
G1 F900 X62.312 Y41.208 E832.0059
G0 F5400 X62.312 Y41.774
G1 F900 X37.683 Y66.403 E832.87475
G0 F5400 X37.683 Y66.969
G1 F900 X62.312 Y42.339 E833.74362
G0 F5400 X62.312 Y42.905
G1 F900 X43.495 Y61.723 E834.40746
G0 F5400 X43.073 Y62.144
G1 F900 X37.683 Y67.534 E834.59761
G0 F5400 X37.683 Y68.1
G1 F900 X42.92 Y62.863 E834.78236
G0 F5400 X42.92 Y63.429
G1 F900 X37.683 Y68.666 E834.96711
G0 F5400 X37.683 Y69.231
G1 F900 X42.92 Y63.995 E835.15184
G0 F5400 X42.92 Y64.56
G1 F900 X37.683 Y69.797 E835.33659
G0 F5400 X37.683 Y70.363
G1 F900 X42.92 Y65.126 E835.52134
G0 F5400 X42.92 Y65.692
G1 F900 X37.683 Y70.928 E835.70607
G0 F5400 X37.683 Y71.494
G1 F900 X42.92 Y66.257 E835.89082
G0 F5400 X42.92 Y66.823
G1 F900 X37.683 Y72.06 E836.07557
G0 F5400 X37.683 Y72.626
G1 F900 X42.92 Y67.389 E836.26032
G0 F5400 X42.92 Y67.954
G1 F900 X37.683 Y73.191 E836.44507
G0 F5400 X37.683 Y73.757
G1 F900 X42.92 Y68.52 E836.62981
G0 F5400 X42.92 Y69.086
G1 F900 X37.683 Y74.323 E836.81456
G0 F5400 X37.683 Y74.888
G1 F900 X42.92 Y69.651 E836.99931
G0 F5400 X42.92 Y70.217
G1 F900 X37.684 Y75.453 E837.18403
G0 F5400 X37.684 Y76.019
G1 F900 X42.92 Y70.783 E837.36874
G0 F5400 X42.92 Y71.348
G1 F900 X37.684 Y76.585 E837.55347
G0 F5400 X37.684 Y77.15
G1 F900 X42.92 Y71.914 E837.73819
G0 F5400 X42.92 Y72.48
G1 F900 X37.684 Y77.716 E837.9229
G0 F5400 X37.684 Y78.282
G1 F900 X42.92 Y73.046 E838.10762
G0 F5400 X42.92 Y73.611
G1 F900 X37.684 Y78.847 E838.29233
G0 F5400 X37.684 Y79.413
G1 F900 X42.258 Y74.839 E838.45369
G1 X42.328 Y74.769
G0 F5400 X42.045 Y75.617
G1 F900 X37.684 Y79.979 E838.60755
G0 F5400 X37.684 Y80.544
G1 F900 X42.039 Y76.189 E838.76119
G0 F5400 X42.081 Y76.713
G1 F900 X37.684 Y81.11 E838.9163
G0 F5400 X37.684 Y81.676
G1 F900 X42.18 Y77.18 E839.07491
G0 F5400 X42.348 Y77.577
G1 F900 X37.684 Y82.241 E839.23945
G0 F5400 X37.684 Y82.807
G1 F900 X42.547 Y77.944 E839.411
G0 F5400 X42.763 Y78.294
G1 F900 X37.684 Y83.373 E839.59018
G0 F5400 X37.684 Y83.939
G1 F900 X43.037 Y78.585 E839.77904
G0 F5400 X43.331 Y78.857
G1 F900 X37.684 Y84.504 E839.97825
G0 F5400 X37.684 Y85.07
G1 F900 X43.656 Y79.098 E840.18893
G0 F5400 X44.014 Y79.306
G1 F900 X37.684 Y85.636 E840.41224
G0 F5400 X37.684 Y86.201
G1 F900 X44.422 Y79.463 E840.64994
G0 F5400 X44.861 Y79.59
G1 F900 X37.684 Y86.767 E840.90313
G0 F5400 X37.684 Y87.333
G1 F900 X45.358 Y79.658 E841.17386
G0 F5400 X45.928 Y79.654
G1 F900 X37.77 Y87.812 E841.46166
G0 F5400 X38.336 Y87.812
G1 F900 X46.637 Y79.511 E841.7545
G1 X46.707 Y79.441
G0 F5400 X47.867 Y78.847
G1 F900 X38.901 Y87.812 E842.07078
G0 F5400 X39.467 Y87.812
G1 F900 X50.837 Y76.442 E842.47189
G0 F5400 X50.927 Y76.918
G1 F900 X40.033 Y87.812 E842.85621
G0 F5400 X40.599 Y87.812
G1 F900 X51.057 Y77.353 E843.22516
G0 F5400 X51.224 Y77.753
G1 F900 X41.164 Y87.812 E843.58003
G0 F5400 X41.73 Y87.812
G1 F900 X51.438 Y78.104 E843.92251
G0 F5400 X51.685 Y78.422
G1 F900 X42.296 Y87.812 E844.25375
G0 F5400 X42.861 Y87.812
G1 F900 X51.967 Y78.707 E844.57497
G0 F5400 X52.267 Y78.972
G1 F900 X43.427 Y87.812 E844.88682
G0 F5400 X43.993 Y87.812
G1 F900 X52.616 Y79.189 E845.19102
G0 F5400 X52.994 Y79.376
G1 F900 X44.558 Y87.812 E845.48863
G0 F5400 X45.124 Y87.812
G1 F900 X53.406 Y79.53 E845.7808
G0 F5400 X53.869 Y79.633
G1 F900 X45.69 Y87.812 E846.06933
G0 F5400 X46.255 Y87.812
G1 F900 X54.41 Y79.657 E846.35702
G0 F5400 X55.017 Y79.616
G1 F900 X46.821 Y87.812 E846.64616
G0 F5400 X47.387 Y87.812
G1 F900 X55.827 Y79.371 E846.94392
G1 X55.897 Y79.301
G0 F5400 X57.662 Y77.536
G1 F900 X62.312 Y72.886 E847.10796
G0 F5400 X62.312 Y72.321
G1 F900 X57.916 Y76.718 E847.26306
G0 F5400 X57.959 Y76.108
G1 F900 X62.312 Y71.755 E847.41662
G0 F5400 X62.312 Y71.189
G1 F900 X57.923 Y75.578 E847.57146
G0 F5400 X57.828 Y75.108
G1 F900 X62.312 Y70.624 E847.72964
G0 F5400 X62.312 Y70.058
G1 F900 X57.682 Y74.689 E847.893
G0 F5400 X57.488 Y74.316
G1 F900 X62.312 Y69.492 E848.06318
G0 F5400 X62.312 Y68.927
G1 F900 X57.262 Y73.977 E848.24133
G0 F5400 X57.08 Y73.593
G1 F900 X62.312 Y68.361 E848.4259
G0 F5400 X62.312 Y67.795
G1 F900 X57.08 Y73.027 E848.61047
G0 F5400 X57.08 Y72.461
G1 F900 X62.312 Y67.23 E848.79503
G0 F5400 X62.312 Y66.664
G1 F900 X57.08 Y71.896 E848.9796
G0 F5400 X57.08 Y71.33
G1 F900 X62.312 Y66.098 E849.16418
G0 F5400 X62.312 Y65.533
G1 F900 X57.08 Y70.764 E849.34873
G0 F5400 X57.08 Y70.199
G1 F900 X62.312 Y64.967 E849.5333
G0 F5400 X62.312 Y64.401
G1 F900 X57.08 Y69.633 E849.71788
G0 F5400 X57.08 Y69.067
G1 F900 X62.312 Y63.835 E849.90245
G0 F5400 X62.312 Y63.27
G1 F900 X57.08 Y68.502 E850.08702
G0 F5400 X57.08 Y67.936
G1 F900 X62.312 Y62.704 E850.2716
G0 F5400 X62.312 Y62.138
G1 F900 X57.08 Y67.37 E850.45617
G0 F5400 X57.08 Y66.805
G1 F900 X62.312 Y61.573 E850.64074
G0 F5400 X62.312 Y61.007
G1 F900 X57.08 Y66.239 E850.82531
G0 F5400 X57.08 Y65.673
G1 F900 X62.312 Y60.441 E851.00989
G0 F5400 X62.312 Y59.876
G1 F900 X57.08 Y65.108 E851.19446
G0 F5400 X57.08 Y64.542
G1 F900 X62.312 Y59.31 E851.37903
G0 F5400 X62.312 Y58.744
G1 F900 X57.08 Y63.976 E851.56361
G0 F5400 X57.08 Y63.411
G1 F900 X62.312 Y58.179 E851.74818
G0 F5400 X62.312 Y57.613
G1 F900 X57.08 Y62.845 E851.93275
G0 F5400 X56.999 Y62.36
G1 F900 X62.312 Y57.047 E852.12018
G0 F5400 X62.312 Y56.482
G1 F900 X56.804 Y61.99 E852.31449
G0 F5400 X56.503 Y61.725
G1 F900 X62.312 Y55.916 E852.51942
G0 F5400 X62.312 Y55.35
G1 F900 X56.1 Y61.562 E852.73857
G0 F5400 X55.553 Y61.544
G1 F900 X62.312 Y54.785 E852.97701
G0 F5400 X62.312 Y54.219
G1 F900 X54.9 Y61.631 E853.23849
G0 F5400 X54.184 Y61.781
G1 F900 X62.312 Y53.653 E853.52522
G0 F5400 X62.312 Y53.087
G1 F900 X53.804 Y61.596 E853.82538
G0 F5400 X53.288 Y61.547
G1 F900 X62.312 Y52.522 E854.14375
G0 F5400 X62.312 Y51.956
G1 F900 X52.726 Y61.542 E854.48192
G1 X52.656 Y61.612
G0 F5400 X51.744 Y62.525
G1 F900 X48.278 Y65.99 E854.60417
G0 F5400 X48.278 Y66.556
G1 F900 X51.723 Y63.111 E854.72571
G0 F5400 X51.723 Y63.677
G1 F900 X48.279 Y67.121 E854.8472
G0 F5400 X48.279 Y67.686
G1 F900 X51.723 Y64.243 E854.96868
G0 F5400 X51.723 Y64.808
G1 F900 X48.279 Y68.252 E855.09018
G0 F5400 X48.279 Y68.818
G1 F900 X51.723 Y65.374 E855.21167
G0 F5400 X51.722 Y65.941
G1 F900 X48.28 Y69.383 E855.3331
G0 F5400 X48.28 Y69.948
G1 F900 X51.722 Y66.506 E855.45452
G0 F5400 X51.722 Y67.072
G1 F900 X48.28 Y70.514 E855.57595
G0 F5400 X48.28 Y71.08
G1 F900 X51.722 Y67.638 E855.69738
G0 F5400 X51.722 Y68.203
G1 F900 X48.281 Y71.645 E855.81878
G0 F5400 X48.281 Y72.21
G1 F900 X51.721 Y68.77 E855.94014
G0 F5400 X51.721 Y69.335
G1 F900 X48.281 Y72.776 E856.06151
G0 F5400 X48.281 Y73.342
G1 F900 X51.721 Y69.901 E856.18289
G0 F5400 X51.721 Y70.467
G1 F900 X48.35 Y73.838 E856.30181
G0 F5400 X48.597 Y74.156
G1 F900 X51.721 Y71.033 E856.412
G0 F5400 X51.721 Y71.599
G1 F900 X48.804 Y74.516 E856.5149
G0 F5400 X48.967 Y74.918
G1 F900 X51.721 Y72.164 E856.61206
G0 F5400 X51.721 Y72.73
G1 F900 X49.09 Y75.361 E856.70487
G0 F5400 X49.164 Y75.853
G1 F900 X51.721 Y73.296 E856.79508
G1 X51.791 Y73.226
G0 F5400 X51.353 Y74.229
G1 F900 X49.157 Y76.426 E856.87256
G0 F5400 X49.019 Y77.129
G1 F900 X50.927 Y75.221 E856.93987
G0 F5400 X50.836 Y75.878
G1 F900 X48.404 Y78.31 E857.02567
G1 X48.334 Y78.38
G0 F5400 X48.518 Y87.812
G1 F900 X62.312 Y74.018 E857.51229
G0 F5400 X62.312 Y74.584
G1 F900 X49.084 Y87.812 E857.97894
G0 F5400 X49.65 Y87.812
G1 F900 X62.312 Y75.149 E858.42565
G0 F5400 X62.312 Y75.715
G1 F900 X50.215 Y87.812 E858.8524
G0 F5400 X50.781 Y87.812
G1 F900 X62.312 Y76.281 E859.25919
G0 F5400 X62.312 Y76.846
G1 F900 X51.347 Y87.812 E859.64603
G0 F5400 X51.912 Y87.812
G1 F900 X62.312 Y77.412 E860.01292
G0 F5400 X62.312 Y77.978
G1 F900 X52.478 Y87.812 E860.35984
G0 F5400 X53.044 Y87.812
G1 F900 X62.312 Y78.543 E860.68681
G0 F5400 X62.312 Y79.109
G1 F900 X53.609 Y87.812 E860.99383
G0 F5400 X54.175 Y87.812
G1 F900 X62.312 Y79.675 E861.28088
G0 F5400 X62.312 Y80.24
G1 F900 X54.741 Y87.812 E861.54799
G0 F5400 X55.306 Y87.812
G1 F900 X62.312 Y80.806 E861.79514
G0 F5400 X62.312 Y81.372
G1 F900 X55.872 Y87.812 E862.02233
G0 F5400 X56.438 Y87.812
G1 F900 X62.312 Y81.937 E862.22957
G0 F5400 X62.312 Y82.503
G1 F900 X57.003 Y87.812 E862.41686
G0 F5400 X57.569 Y87.812
G1 F900 X62.312 Y83.069 E862.58418
G0 F5400 X62.312 Y83.634
G1 F900 X58.135 Y87.812 E862.73156
G0 F5400 X58.7 Y87.812
G1 F900 X62.312 Y84.2 E862.85898
G0 F5400 X62.312 Y84.766
G1 F900 X59.266 Y87.812 E862.96643
G0 F5400 X59.832 Y87.812
G1 F900 X62.312 Y85.332 E863.05392
G0 F5400 X62.312 Y85.897
G1 F900 X60.398 Y87.812 E863.12146
G0 F5400 X60.963 Y87.812
G1 F900 X62.312 Y86.463 E863.16905
G0 F5400 X62.312 Y87.029
G1 F900 X61.529 Y87.812 E863.19667
G0 F5400 X62.095 Y87.812
G1 F900 X62.312 Y87.594 E863.20435
G0 F5400 X62.312 Y73.452
G1 F900 X47.952 Y87.812 E863.71094
G1 X47.882 Y87.882
G0 F5400 X49.115 Y75.852
G0 X48.278 Y65.424
G1 F900 X62.312 Y51.39 E864.20602
G0 F5400 X62.312 Y50.825
G1 F900 X48.278 Y64.859 E864.70111
G0 F5400 X48.278 Y64.294
G1 F900 X62.312 Y50.259 E865.19621
G0 F5400 X62.312 Y49.693
G1 F900 X48.278 Y63.728 E865.69132
G0 F5400 X48.278 Y63.162
G1 F900 X62.312 Y49.128 E866.18641
G0 F5400 X62.312 Y48.562
G1 F900 X48.268 Y62.607 E866.68186
G0 F5400 X48.133 Y62.175
G1 F900 X62.312 Y47.996 E867.18207
G0 F5400 X62.312 Y47.431
G1 F900 X47.875 Y61.868 E867.69137
G0 F5400 X47.526 Y61.651
G1 F900 X62.312 Y46.865 E868.21299
G0 F5400 X62.312 Y46.299
G1 F900 X47.068 Y61.544 E868.75078
G0 F5400 X46.504 Y61.542
G1 F900 X62.312 Y45.734 E869.30845
G0 F5400 X62.312 Y45.168
G1 F900 X45.554 Y61.926 E869.89963
G0 F5400 X45.239 Y61.675
G1 F900 X62.312 Y44.602 E870.50193
G0 F5400 X62.312 Y44.036
G1 F900 X44.799 Y61.549 E871.11975
G0 F5400 X44.236 Y61.547
G1 F900 X62.312 Y43.471 E871.75743
G1 X62.382 Y43.401
G0 F5400 X59.277 Y34.627
G1 F900 X62.312 Y31.591 E871.86451
G0 F5400 X62.312 Y31.026
G1 F900 X59.277 Y34.061 E871.97158
G0 F5400 X59.277 Y33.496
G1 F900 X62.312 Y30.46 E872.07866
G0 F5400 X62.312 Y29.894
G1 F900 X59.277 Y32.93 E872.18575
G0 F5400 X59.277 Y32.364
G1 F900 X62.312 Y29.329 E872.29282
G0 F5400 X62.312 Y28.763
G1 F900 X59.277 Y31.799 E872.3999
G0 F5400 X59.277 Y31.232
G1 F900 X62.312 Y28.197 E872.50697
G0 F5400 X62.312 Y27.632
G1 F900 X59.277 Y30.667 E872.61404
G0 F5400 X59.277 Y30.101
G1 F900 X62.312 Y27.066 E872.72111
G0 F5400 X62.312 Y26.5
G1 F900 X59.277 Y29.535 E872.82817
G0 F5400 X59.277 Y28.969
G1 F900 X62.312 Y25.935 E872.93523
G0 F5400 X62.312 Y25.369
G1 F900 X59.277 Y28.404 E873.04229
G0 F5400 X59.277 Y27.838
G1 F900 X62.312 Y24.803 E873.14936
G0 F5400 X62.312 Y24.237
G1 F900 X59.278 Y27.272 E873.25641
G0 F5400 X59.278 Y26.706
G1 F900 X62.312 Y23.672 E873.36344
G0 F5400 X62.312 Y23.106
G1 F900 X59.278 Y26.14 E873.47048
G0 F5400 X59.278 Y25.575
G1 F900 X62.312 Y22.54 E873.57753
G0 F5400 X62.312 Y21.975
G1 F900 X59.278 Y25.009 E873.68456
G0 F5400 X59.278 Y24.443
G1 F900 X62.312 Y21.409 E873.79159
G0 F5400 X62.312 Y20.843
G1 F900 X59.278 Y23.878 E873.89864
G0 F5400 X59.279 Y23.311
G1 F900 X62.312 Y20.278 E874.00564
G0 F5400 X62.312 Y19.712
G1 F900 X59.279 Y22.746 E874.11265
G0 F5400 X59.279 Y22.18
G1 F900 X62.312 Y19.146 E874.21967
G0 F5400 X62.312 Y18.581
G1 F900 X59.279 Y21.614 E874.32667
G0 F5400 X59.279 Y21.048
G1 F900 X62.312 Y18.015 E874.43366
G0 F5400 X62.312 Y17.449
G1 F900 X59.279 Y20.483 E874.54068
G0 F5400 X59.279 Y19.917
G1 F900 X62.312 Y16.884 E874.64768
G0 F5400 X62.312 Y16.318
G1 F900 X59.28 Y19.351 E874.75465
G0 F5400 X59.28 Y18.785
G1 F900 X62.312 Y15.752 E874.86163
G0 F5400 X62.312 Y15.187
G1 F900 X59.28 Y18.219 E874.9686
G0 F5400 X59.28 Y17.654
G1 F900 X62.312 Y14.621 E875.07558
G0 F5400 X62.312 Y14.055
G1 F900 X59.28 Y17.088 E875.18256
G0 F5400 X59.28 Y16.522
G1 F900 X62.312 Y13.489 E875.28954
G0 F5400 X62.312 Y12.924
G1 F900 X59.28 Y15.956 E875.3965
G0 F5400 X59.28 Y15.39
G1 F900 X62.312 Y12.358 E875.50346
G0 F5400 X61.925 Y12.18
G1 F900 X59.28 Y14.824 E875.59675
G0 F5400 X59.28 Y14.259
G1 F900 X61.359 Y12.18 E875.67009
G0 F5400 X60.794 Y12.18
G1 F900 X59.28 Y13.693 E875.72349
G0 F5400 X59.28 Y13.127
G1 F900 X60.228 Y12.18 E875.75691
G0 F5400 X59.662 Y12.18
G1 F900 X59.28 Y12.562 E875.77039
G0 F5400 X58.938 Y35.838
G0 X54.462 Y61.882
G0 X54.455 Y74.967
G0 X55.151 Y75.789
G1 F900 X55.204 Y76.193 E875.78055
G1 X55.057 Y76.564 E875.79051
G1 X54.899 Y76.733 E875.79628
G1 X54.744 Y76.831 E875.80085
G1 X54.492 Y76.904 E875.8074
G1 X54.287 Y76.904 E875.81251
G1 X53.955 Y76.773 E875.82141
G1 X53.79 Y76.639 E875.82672
G1 X53.647 Y76.398 E875.83371
G1 X53.592 Y76.001 E875.8437
G1 X53.736 Y75.629 E875.85366
G1 X54.285 Y75.119 E875.87235
G1 X54.4 Y74.95 E875.87745
G1 X54.515 Y75.119 E875.88255
G1 X54.938 Y75.487 E875.89653
G1 X55.151 Y75.789 E875.90575
G0 F5400 X54.577 Y76.662
G1 F900 X54.958 Y76.281 E875.91919
G0 F5400 X54.897 Y75.776
G1 F900 X54.07 Y76.604 E875.94838
G0 F5400 X53.828 Y76.28
G1 F900 X54.627 Y75.481 E875.97657
G1 X54.697 Y75.411
G0 F5400 X54.338 Y61.882
G0 X45.662 Y61.882
G0 X45.655 Y74.967
G0 X46.351 Y75.789
G1 F900 X46.404 Y76.193 E875.98673
G1 X46.257 Y76.564 E875.99669
G1 X45.945 Y76.83 E876.00692
G1 X45.674 Y76.905 E876.01393
G1 X45.376 Y76.876 E876.0214
G1 X45.069 Y76.712 E876.03008
G1 X44.867 Y76.445 E876.03843
G1 X44.792 Y76.184 E876.04521
G1 X44.792 Y76.002 E876.04975
G1 X44.936 Y75.629 E876.05972
G1 X45.485 Y75.119 E876.07841
G1 X45.6 Y74.95 E876.08351
G1 X45.715 Y75.119 E876.08861
G1 X46.138 Y75.487 E876.1026
G1 X46.351 Y75.789 E876.11182
G0 F5400 X45.5 Y76.688
G1 F900 X46.183 Y76.005 E876.13591
G0 F5400 X45.993 Y75.629
G1 F900 X45.144 Y76.479 E876.16588
G0 F5400 X44.998 Y76.059
G1 F900 X45.693 Y75.363 E876.19042
G1 X45.763 Y75.293
G0 F5400 X45.662 Y75.427
;MESH:NONMESH
G0 F600 Z1.535
G0 F5400 X45.662 Y61.882
G0 X58.938 Y35.838
G0 X58.7 Y35.117
;TIME_ELAPSED:1597.616190
;LAYER:2
M106 S255
;TYPE:WALL-INNER
;MESH:luckfox_top.stl
G1 F2400 X58.61 Y35.318 E876.19591
G1 X58.405 Y35.518 E876.20305
G1 X58.192 Y35.594 E876.2087
G1 X41.837 Y35.6 E876.61667
G1 X41.595 Y35.517 E876.62305
G1 X41.39 Y35.317 E876.6302
G1 X41.3 Y35 E876.63842
G1 X41.3 Y11.532 E877.22383
G1 X37.107 Y11.532 E877.32842
G1 X37.032 Y11.684 E877.33265
G1 X37.032 Y88.312 E879.24415
G1 X37.092 Y88.434 E879.24754
G1 X37.163 Y88.464 E879.24946
G1 X62.814 Y88.464 E879.88933
G1 X62.936 Y88.403 E879.89273
G1 X62.964 Y88.334 E879.89459
G1 X62.964 Y11.608 E881.80853
G1 X62.814 Y11.532 E881.81272
G1 X58.7 Y11.532 E881.91534
G1 X58.7 Y35.117 E882.50367
G0 F7200 X59.01 Y35.117
G0 X56.81 Y62.636
G0 X56.5 Y62.636
G1 F2400 X56.5 Y73.987 E882.78683
G1 X56.858 Y74.384 E882.80016
G1 X57.133 Y74.871 E882.81411
G1 X57.327 Y75.443 E882.82918
G1 X57.394 Y76.033 E882.84399
G1 X57.32 Y76.792 E882.86301
G1 X57.137 Y77.324 E882.87705
G1 X56.83 Y77.866 E882.89259
G1 X56.428 Y78.307 E882.90747
G1 X56.111 Y78.563 E882.91764
G1 X55.685 Y78.809 E882.92991
G1 X55.361 Y78.939 E882.93862
G1 X54.804 Y79.071 E882.9529
G1 X54.396 Y79.1 E882.9631
G1 X53.661 Y79.012 E882.98156
G1 X53.069 Y78.787 E882.99736
G1 X52.646 Y78.538 E883.00961
G1 X52.339 Y78.281 E883.01959
G1 X51.974 Y77.87 E883.03331
G1 X51.682 Y77.379 E883.04756
G1 X51.482 Y76.813 E883.06253
G1 X51.395 Y76.225 E883.07736
G1 X51.488 Y75.366 E883.09891
G1 X51.685 Y74.815 E883.11351
G1 X51.947 Y74.368 E883.12643
G1 X52.3 Y73.985 E883.13943
G1 X52.3 Y62.72 E883.42043
G1 X52.365 Y62.448 E883.42741
G1 X52.478 Y62.292 E883.43221
G1 X52.634 Y62.181 E883.43699
G1 X52.853 Y62.121 E883.44265
G1 X53.572 Y62.12 E883.46059
G1 X53.806 Y62.203 E883.46678
G1 X53.959 Y62.332 E883.47177
G1 F2133.3 X54.15 Y62.72 E883.48391
G1 F1912.4 X54.149 Y74.597 E883.85573
G1 F2123.9 X53.999 Y74.875 E883.86464
G1 F2400 X53.43 Y75.4 E883.88395
G1 X53.291 Y75.655 E883.8912
G1 X53.209 Y75.97 E883.89931
G1 X53.259 Y76.456 E883.9115
G1 X53.388 Y76.735 E883.91917
G1 X53.587 Y76.971 E883.92687
G1 X53.94 Y77.205 E883.93743
G1 X54.251 Y77.284 E883.94544
G1 X54.558 Y77.284 E883.9531
G1 X54.758 Y77.24 E883.95821
G1 X55.063 Y77.097 E883.96661
G1 X55.367 Y76.796 E883.97728
G1 X55.509 Y76.541 E883.98456
G1 X55.587 Y76.229 E883.99258
G1 X55.54 Y75.738 E884.00489
G1 X55.409 Y75.461 E884.01253
G1 X55.212 Y75.223 E884.02024
G1 X54.801 Y74.875 E884.03367
G1 F2123.9 X54.651 Y74.597 E884.04258
G1 F1912.4 X54.65 Y62.72 E884.4144
G1 F2133.3 X54.841 Y62.332 E884.42653
G1 F2400 X54.994 Y62.203 E884.43153
G1 X55.241 Y62.122 E884.43801
G1 X55.963 Y62.123 E884.45602
G1 X56.183 Y62.19 E884.46176
G1 X56.335 Y62.306 E884.46653
G1 X56.5 Y62.636 E884.47573
G0 F7200 X56.81 Y62.636
G0 X52.062 Y61.882
G0 X48.01 Y62.609
G0 X47.7 Y62.609
G1 F2400 X47.7 Y73.987 E884.75956
G1 X48.057 Y74.381 E884.77282
G1 X48.31 Y74.818 E884.78542
G1 X48.514 Y75.38 E884.80033
G1 X48.601 Y75.959 E884.81494
G1 X48.517 Y76.828 E884.83671
G1 X48.314 Y77.379 E884.85136
G1 X48.028 Y77.867 E884.86547
G1 X47.657 Y78.281 E884.87934
G1 X47.35 Y78.538 E884.88933
G1 X46.927 Y78.787 E884.90157
G1 X46.561 Y78.939 E884.91146
G1 X46.004 Y79.071 E884.92574
G1 X45.596 Y79.1 E884.93594
G1 X44.864 Y79.012 E884.95433
G1 X44.311 Y78.809 E884.96902
G1 X43.8 Y78.503 E884.98388
G1 X43.508 Y78.248 E884.99355
G1 X43.139 Y77.818 E885.00769
G1 X42.856 Y77.316 E885.02206
G1 X42.674 Y76.759 E885.03668
G1 X42.6 Y76.22 E885.05025
G1 X42.681 Y75.373 E885.07148
G1 X42.912 Y74.765 E885.0877
G1 X43.14 Y74.381 E885.09884
G1 X43.5 Y73.985 E885.11219
G1 X43.5 Y62.636 E885.39529
G1 X43.599 Y62.389 E885.40193
G1 X43.739 Y62.24 E885.40703
G1 X44.037 Y62.123 E885.41502
G1 X44.771 Y62.12 E885.43333
G1 X45.006 Y62.203 E885.43954
G1 X45.159 Y62.332 E885.44454
G1 F2133.3 X45.35 Y62.72 E885.45667
G1 F1912.4 X45.349 Y74.597 E885.82849
G1 F2123.9 X45.199 Y74.875 E885.8374
G1 F2400 X44.63 Y75.4 E885.85671
G1 X44.491 Y75.655 E885.86396
G1 X44.409 Y75.97 E885.87208
G1 X44.411 Y76.243 E885.87889
G1 X44.49 Y76.54 E885.88655
G1 X44.635 Y76.806 E885.89411
G1 X44.773 Y76.963 E885.89932
G1 X45.082 Y77.173 E885.90864
G1 X45.572 Y77.295 E885.92124
G1 X45.975 Y77.232 E885.93141
G1 X46.338 Y77.042 E885.94164
G1 X46.567 Y76.796 E885.95002
G1 X46.709 Y76.541 E885.9573
G1 X46.787 Y76.228 E885.96535
G1 X46.784 Y75.953 E885.97221
G1 X46.707 Y75.643 E885.98017
G1 X46.411 Y75.222 E885.99301
G1 X46.001 Y74.875 E886.00641
G1 F2123.9 X45.851 Y74.597 E886.01532
G1 F1912.4 X45.85 Y62.72 E886.38714
G1 F2133.3 X46.041 Y62.332 E886.39927
G1 F2400 X46.194 Y62.203 E886.40427
G1 X46.441 Y62.122 E886.41075
G1 X47.236 Y62.121 E886.43058
G1 X47.472 Y62.248 E886.43727
G1 X47.578 Y62.356 E886.44104
G1 X47.7 Y62.609 E886.44805
G0 F7200 X47.3 Y62.647
;TYPE:WALL-OUTER
G1 F1200 X47.3 Y74.147 E886.73492
G1 X47.713 Y74.586 E886.74995
G1 X47.959 Y75.012 E886.76222
G1 X48.126 Y75.478 E886.77457
G1 X48.196 Y75.996 E886.78761
G1 X48.117 Y76.756 E886.80667
G1 X47.945 Y77.222 E886.81906
G1 X47.69 Y77.646 E886.8314
G1 X47.138 Y78.197 E886.85086
G1 X46.698 Y78.455 E886.86358
G1 X46.385 Y78.576 E886.87196
G1 X45.914 Y78.68 E886.88399
G1 X45.57 Y78.699 E886.89258
G1 X44.936 Y78.613 E886.90854
G1 X44.485 Y78.449 E886.92051
G1 X44.058 Y78.197 E886.93288
G1 X43.806 Y77.982 E886.94114
G1 X43.483 Y77.614 E886.95336
G1 X43.234 Y77.186 E886.96571
G1 X43.078 Y76.734 E886.97764
G1 X43.002 Y76.251 E886.98983
G1 X43.072 Y75.487 E887.00897
G1 X43.239 Y75.004 E887.02172
G1 X43.484 Y74.585 E887.03383
G1 X43.9 Y74.147 E887.0489
G1 X43.903 Y62.68 E887.33494
G1 X43.979 Y62.56 E887.33849
G1 X44.056 Y62.524 E887.34061
G1 X44.739 Y62.523 E887.35764
G1 X44.853 Y62.59 E887.36094
G1 X44.9 Y62.72 E887.36439
G1 X44.9 Y74.558 E887.65969
G1 X44.867 Y74.652 E887.66218
G1 X44.584 Y74.865 E887.67101
G1 X44.304 Y75.163 E887.68121
G1 X44.116 Y75.507 E887.69099
G1 X44.009 Y75.921 E887.70166
G1 X44.012 Y76.297 E887.71104
G1 X44.116 Y76.689 E887.72115
G1 X44.305 Y77.036 E887.73101
G1 X44.506 Y77.265 E887.73861
G1 X44.902 Y77.535 E887.75057
G1 X45.284 Y77.663 E887.76062
G1 X45.58 Y77.698 E887.76805
G1 X46.093 Y77.618 E887.781
G1 X46.469 Y77.443 E887.79135
G1 X46.893 Y77.033 E887.80606
G1 X47.084 Y76.689 E887.81588
G1 X47.187 Y76.276 E887.82649
G1 X47.184 Y75.902 E887.83582
G1 X47.083 Y75.5 E887.84616
G1 X46.956 Y75.255 E887.85305
G1 X46.689 Y74.93 E887.86354
G1 X46.333 Y74.652 E887.87481
G1 X46.3 Y74.558 E887.87729
G1 X46.3 Y62.72 E888.17259
G1 X46.347 Y62.59 E888.17604
G1 X46.48 Y62.52 E888.17979
G1 X47.154 Y62.52 E888.1966
G1 X47.3 Y62.647 E888.20143
G0 F7200 X47.3 Y62.847
G0 X48.01 Y62.847
G0 X52.062 Y61.882
G0 X56.738 Y61.882
G0 X56.81 Y62.68
G0 X56.097 Y62.68
G1 F1200 X56.1 Y74.147 E888.48748
G1 X56.513 Y74.586 E888.50251
G1 X56.757 Y75.007 E888.51465
G1 X56.931 Y75.499 E888.52767
G1 X56.996 Y75.995 E888.54015
G1 X56.926 Y76.723 E888.55839
G1 X56.745 Y77.222 E888.57163
G1 X56.49 Y77.646 E888.58397
G1 X55.938 Y78.197 E888.60343
G1 X55.511 Y78.449 E888.6158
G1 X55.185 Y78.576 E888.62452
G1 X54.714 Y78.68 E888.63656
G1 X54.37 Y78.699 E888.64515
G1 X53.736 Y78.613 E888.66111
G1 X53.304 Y78.457 E888.67257
G1 X52.874 Y78.209 E888.68495
G1 X52.617 Y77.993 E888.69332
G1 X52.283 Y77.614 E888.70593
G1 X52.043 Y77.207 E888.71771
G1 X51.878 Y76.734 E888.73021
G1 X51.8 Y76.236 E888.74278
G1 X51.877 Y75.46 E888.76224
G1 X52.039 Y75.004 E888.77431
G1 X52.283 Y74.585 E888.7864
G1 X52.7 Y74.147 E888.80149
G1 X52.706 Y62.67 E889.08778
G1 X52.82 Y62.52 E889.09248
G1 X53.539 Y62.523 E889.11042
G1 X53.653 Y62.59 E889.11372
G1 X53.7 Y62.72 E889.11716
G1 X53.7 Y74.558 E889.41246
G1 X53.667 Y74.652 E889.41495
G1 X53.384 Y74.865 E889.42379
G1 X53.104 Y75.163 E889.43399
G1 X52.916 Y75.507 E889.44376
G1 X52.809 Y75.921 E889.45443
G1 X52.812 Y76.3 E889.46389
G1 X52.879 Y76.586 E889.47121
G1 X53.047 Y76.951 E889.48124
G1 X53.311 Y77.265 E889.49147
G1 X53.802 Y77.583 E889.50606
G1 X54.201 Y77.684 E889.51633
G1 X54.602 Y77.684 E889.52633
G1 X54.887 Y77.621 E889.53361
G1 X55.269 Y77.443 E889.54413
G1 X55.693 Y77.033 E889.55884
G1 X55.884 Y76.689 E889.56865
G1 X55.987 Y76.276 E889.57927
G1 X55.984 Y75.899 E889.58868
G1 X55.921 Y75.609 E889.59608
G1 X55.749 Y75.245 E889.60612
G1 X55.489 Y74.931 E889.61629
G1 X55.133 Y74.652 E889.62757
G1 X55.1 Y74.558 E889.63006
G1 X55.1 Y62.72 E889.92536
G1 X55.147 Y62.59 E889.92881
G1 X55.28 Y62.52 E889.93256
G1 X55.944 Y62.524 E889.94912
G1 X56.045 Y62.582 E889.95203
G1 X56.097 Y62.68 E889.95479
G0 F7200 X56.097 Y62.88
G0 X56.81 Y62.88
G0 X59.01 Y35.035
G0 X58.298 Y35.035
G1 F1200 X58.185 Y35.198 E889.95974
G1 X41.815 Y35.198 E890.36809
G1 X41.702 Y35.035 E890.37304
G1 X41.7 Y11.132 E890.9693
G1 X37.133 Y11.132 E891.08323
G1 X36.829 Y11.246 E891.09133
G1 X36.69 Y11.425 E891.09698
G1 X36.632 Y11.628 E891.10225
G1 X36.632 Y88.362 E893.01638
G1 X36.684 Y88.562 E893.02154
G1 X36.828 Y88.747 E893.02739
G1 X37.121 Y88.864 E893.03526
G1 X62.866 Y88.864 E893.67747
G1 X63.061 Y88.813 E893.6825
G1 X63.248 Y88.667 E893.68841
G1 X63.364 Y88.375 E893.69625
G1 X63.364 Y11.633 E895.61059
G1 X63.25 Y11.33 E895.61866
G1 X63.061 Y11.184 E895.62462
G1 X62.866 Y11.132 E895.62966
G1 X58.3 Y11.132 E895.74356
G1 X58.298 Y35.035 E896.33982
G0 F7200 X58.185 Y35.198
G0 X58.183 Y35.198
G0 X58.183 Y35.91
G0 X48.01 Y62.267
G0 X47.972 Y62.267
;TYPE:SKIN
G1 F900 X47.776 Y62.009 E896.3479
G1 X47.563 Y61.851 E896.35452
G1 X47.177 Y61.74 E896.36453
G1 X46.4 Y61.74 E896.38392
G1 X46.015 Y61.868 E896.39404
G1 X45.775 Y62.063 E896.40175
G1 X45.598 Y62.35 E896.41016
G1 X45.423 Y62.064 E896.41853
G1 X45.185 Y61.868 E896.42622
G1 X44.819 Y61.744 E896.43586
G1 X43.993 Y61.745 E896.45646
G1 X43.762 Y61.8 E896.46239
G1 X43.507 Y61.936 E896.46959
G1 X43.279 Y62.18 E896.47793
G1 X43.12 Y62.57 E896.48843
G1 X43.12 Y73.832 E896.76936
G1 X42.805 Y74.193 E896.78131
G1 X42.517 Y74.705 E896.79597
G1 X42.296 Y75.408 E896.81435
G1 X42.22 Y76.196 E896.8341
G1 X42.305 Y76.863 E896.85087
G1 X42.517 Y77.511 E896.86788
G1 X42.902 Y78.135 E896.88617
G1 X43.304 Y78.579 E896.90111
G1 X43.69 Y78.889 E896.91346
G1 X44.087 Y79.122 E896.92494
G1 X44.786 Y79.383 E896.94355
G1 X45.534 Y79.479 E896.96237
G1 X46.071 Y79.446 E896.97579
G1 X46.566 Y79.331 E896.98846
G1 X46.978 Y79.18 E896.99941
G1 X47.491 Y78.895 E897.01405
G1 X47.909 Y78.565 E897.02733
G1 X48.329 Y78.096 E897.04304
G1 X48.644 Y77.567 E897.0584
G1 X48.891 Y76.895 E897.07626
G1 X48.98 Y75.959 E897.09971
G1 X48.886 Y75.305 E897.11619
G1 X48.642 Y74.636 E897.13396
G1 X48.378 Y74.176 E897.14719
G1 X48.08 Y73.835 E897.15848
G1 X48.08 Y62.706 E897.4361
G1 X47.972 Y62.267 E897.44737
G0 F7200 X48.01 Y62.267
G0 X52.062 Y61.882
G0 X56.738 Y61.882
G0 X56.88 Y62.6
G1 F900 X56.716 Y62.178 E897.45867
G1 X56.489 Y61.936 E897.46695
G1 X56.234 Y61.8 E897.47415
G1 X56.003 Y61.745 E897.48008
G1 X55.176 Y61.744 E897.50071
G1 X54.811 Y61.868 E897.51032
G1 X54.529 Y62.118 E897.51972
G1 X54.4 Y62.349 E897.52632
G1 X54.227 Y62.063 E897.53466
G1 X53.985 Y61.868 E897.54241
G1 X53.635 Y61.746 E897.55166
G1 X52.82 Y61.74 E897.57199
G1 X52.547 Y61.802 E897.57897
G1 X52.285 Y61.948 E897.58646
G1 X52.106 Y62.144 E897.59308
G1 X51.922 Y62.543 E897.60404
G1 X51.92 Y73.835 E897.88572
G1 X51.626 Y74.166 E897.89676
G1 X51.348 Y74.633 E897.91032
G1 X51.115 Y75.263 E897.92708
G1 X51.012 Y76.244 E897.95168
G1 X51.106 Y76.882 E897.96777
G1 X51.347 Y77.562 E897.98576
G1 X51.667 Y78.096 E898.00129
G1 X52.073 Y78.552 E898.01652
G1 X52.432 Y78.855 E898.02824
G1 X52.87 Y79.113 E898.04092
G1 X53.54 Y79.371 E898.05883
G1 X54.334 Y79.479 E898.07882
G1 X54.871 Y79.446 E898.09224
G1 X55.366 Y79.331 E898.10492
G1 X55.797 Y79.172 E898.11638
G1 X56.322 Y78.877 E898.1314
G1 X56.666 Y78.601 E898.1424
G1 X57.123 Y78.108 E898.15917
G1 X57.479 Y77.477 E898.17724
G1 X57.696 Y76.848 E898.19384
G1 X57.772 Y76.064 E898.21349
G1 X57.703 Y75.394 E898.23029
G1 X57.49 Y74.748 E898.24726
G1 X57.163 Y74.16 E898.26404
G1 X56.88 Y73.836 E898.27477
G1 X56.88 Y62.6 E898.55506
G0 F7200 X59.046 Y35.251
G1 F900 X59.078 Y35.025 E898.56075
G1 X59.08 Y11.912 E899.13731
G1 X62.584 Y11.912 E899.22471
G1 X62.584 Y88.083 E901.12481
G1 X37.412 Y88.08 E901.75273
G1 X37.412 Y11.912 E903.65274
G1 X40.92 Y11.912 E903.74025
G1 X40.921 Y35.026 E904.31683
G1 X40.949 Y35.246 E904.32237
G1 X41.049 Y35.49 E904.32894
G1 X41.397 Y35.844 E904.34133
G1 X41.785 Y35.978 E904.35157
G1 X58.215 Y35.978 E904.76141
G1 X58.6 Y35.844 E904.77158
G1 X58.905 Y35.551 E904.78213
G1 X59.046 Y35.251 E904.7904
G0 F7200 X61.892 Y12.112
G1 F900 X62.384 Y12.604 E904.80776
G0 F7200 X62.384 Y13.17
G1 F900 X61.327 Y12.112 E904.84506
G0 F7200 X60.761 Y12.112
G1 F900 X62.384 Y13.736 E904.90234
G0 F7200 X62.384 Y14.301
G1 F900 X60.195 Y12.112 E904.97956
G0 F7200 X59.63 Y12.112
G1 F900 X62.384 Y14.867 E905.07673
G0 F7200 X62.384 Y15.433
G1 F900 X59.28 Y12.328 E905.18625
G0 F7200 X59.28 Y12.893
G1 F900 X62.384 Y15.998 E905.29577
G0 F7200 X62.384 Y16.564
G1 F900 X59.28 Y13.459 E905.40529
G0 F7200 X59.28 Y14.025
G1 F900 X62.384 Y17.13 E905.51481
G0 F7200 X62.384 Y17.695
G1 F900 X59.28 Y14.59 E905.62433
G0 F7200 X59.28 Y15.156
G1 F900 X62.384 Y18.261 E905.73385
G0 F7200 X62.384 Y18.827
G1 F900 X59.28 Y15.722 E905.84337
G0 F7200 X59.279 Y16.287
G1 F900 X62.384 Y19.392 E905.95291
G0 F7200 X62.384 Y19.958
G1 F900 X59.279 Y16.852 E906.06246
G0 F7200 X59.279 Y17.418
G1 F900 X62.384 Y20.524 E906.17202
G0 F7200 X62.384 Y21.089
G1 F900 X59.279 Y17.984 E906.28156
G0 F7200 X59.279 Y18.55
G1 F900 X62.384 Y21.655 E906.39109
G0 F7200 X62.384 Y22.221
G1 F900 X59.279 Y19.115 E906.50065
G0 F7200 X59.279 Y19.681
G1 F900 X62.384 Y22.787 E906.6102
G0 F7200 X62.384 Y23.352
G1 F900 X59.278 Y20.246 E906.71977
G0 F7200 X59.278 Y20.812
G1 F900 X62.384 Y23.918 E906.82935
G0 F7200 X62.384 Y24.484
G1 F900 X59.278 Y21.377 E906.93894
G0 F7200 X59.278 Y21.943
G1 F900 X62.384 Y25.049 E907.04851
G0 F7200 X62.384 Y25.615
G1 F900 X59.278 Y22.509 E907.15808
G0 F7200 X59.278 Y23.074
G1 F900 X62.384 Y26.181 E907.26767
G0 F7200 X62.384 Y26.746
G1 F900 X59.277 Y23.639 E907.37728
G0 F7200 X59.277 Y24.205
G1 F900 X62.384 Y27.312 E907.48689
G0 F7200 X62.384 Y27.878
G1 F900 X59.277 Y24.771 E907.5965
G0 F7200 X59.277 Y25.336
G1 F900 X62.384 Y28.443 E907.7061
G0 F7200 X62.384 Y29.009
G1 F900 X59.277 Y25.902 E907.81571
G0 F7200 X59.277 Y26.468
G1 F900 X62.384 Y29.575 E907.92532
G0 F7200 X62.384 Y30.14
G1 F900 X59.277 Y27.033 E908.03493
G0 F7200 X59.277 Y27.598
G1 F900 X62.384 Y30.706 E908.14455
G0 F7200 X62.384 Y31.272
G1 F900 X59.277 Y28.164 E908.25418
G0 F7200 X59.277 Y28.73
G1 F900 X62.384 Y31.837 E908.36379
G0 F7200 X62.384 Y32.403
G1 F900 X59.277 Y29.295 E908.47341
G0 F7200 X59.277 Y29.861
G1 F900 X62.384 Y32.969 E908.58304
G0 F7200 X62.384 Y33.535
G1 F900 X59.277 Y30.427 E908.69266
G0 F7200 X59.277 Y30.992
G1 F900 X62.384 Y34.1 E908.80229
G0 F7200 X62.384 Y34.666
G1 F900 X59.276 Y31.557 E908.91195
G0 F7200 X59.276 Y32.123
G1 F900 X62.384 Y35.232 E909.02161
G0 F7200 X62.384 Y35.797
G1 F900 X59.276 Y32.689 E909.13125
G0 F7200 X59.276 Y33.255
G1 F900 X62.384 Y36.363 E909.2409
G0 F7200 X62.384 Y36.929
G1 F900 X59.276 Y33.82 E909.35056
G0 F7200 X59.276 Y34.386
G1 F900 X62.384 Y37.494 E909.4602
G0 F7200 X62.384 Y38.06
G1 F900 X59.276 Y34.952 E909.56984
G0 F7200 X59.178 Y35.419
G1 F900 X62.384 Y38.626 E909.68296
G0 F7200 X62.384 Y39.191
G1 F900 X58.964 Y35.771 E909.80361
G0 F7200 X58.659 Y36.031
G1 F900 X62.384 Y39.757 E909.93504
G0 F7200 X62.384 Y40.323
G1 F900 X58.238 Y36.176 E910.08132
G0 F7200 X57.672 Y36.176
G1 F900 X62.384 Y40.888 E910.24754
G0 F7200 X62.384 Y41.454
G1 F900 X57.107 Y36.176 E910.43372
G0 F7200 X56.541 Y36.176
G1 F900 X62.384 Y42.02 E910.63987
G0 F7200 X62.384 Y42.586
G1 F900 X55.975 Y36.176 E910.86598
G0 F7200 X55.41 Y36.176
G1 F900 X62.384 Y43.151 E911.11202
G0 F7200 X62.384 Y43.717
G1 F900 X54.844 Y36.176 E911.37804
G0 F7200 X54.278 Y36.176
G1 F900 X62.384 Y44.283 E911.66402
G0 F7200 X62.384 Y44.848
G1 F900 X53.713 Y36.176 E911.96993
G0 F7200 X53.147 Y36.176
G1 F900 X62.384 Y45.414 E912.2958
G0 F7200 X62.384 Y45.98
G1 F900 X52.581 Y36.176 E912.64165
G0 F7200 X52.015 Y36.176
G1 F900 X62.384 Y46.545 E913.00744
G0 F7200 X62.384 Y47.111
G1 F900 X51.45 Y36.176 E913.39319
G0 F7200 X50.884 Y36.176
G1 F900 X62.384 Y47.677 E913.7989
G0 F7200 X62.384 Y48.242
G1 F900 X50.318 Y36.176 E914.22456
G0 F7200 X49.753 Y36.176
G1 F900 X62.384 Y48.808 E914.67017
G0 F7200 X62.384 Y49.374
G1 F900 X49.187 Y36.176 E915.13575
G0 F7200 X48.621 Y36.176
G1 F900 X62.384 Y49.939 E915.62127
G0 F7200 X62.384 Y50.505
G1 F900 X48.056 Y36.176 E916.12675
G0 F7200 X47.49 Y36.176
G1 F900 X62.384 Y51.071 E916.65219
G0 F7200 X62.384 Y51.636
G1 F900 X46.924 Y36.176 E917.19759
G0 F7200 X46.359 Y36.176
G1 F900 X62.384 Y52.202 E917.76293
G0 F7200 X62.384 Y52.768
G1 F900 X45.793 Y36.176 E918.34824
G0 F7200 X45.227 Y36.176
G1 F900 X62.384 Y53.334 E918.95352
G0 F7200 X62.384 Y53.899
G1 F900 X44.662 Y36.176 E919.57873
G0 F7200 X44.096 Y36.176
G1 F900 X62.384 Y54.465 E920.2239
G0 F7200 X62.384 Y55.031
G1 F900 X43.53 Y36.176 E920.88905
G0 F7200 X42.965 Y36.176
G1 F900 X62.384 Y55.596 E921.57412
G0 F7200 X62.384 Y56.162
G1 F900 X42.399 Y36.176 E922.27916
G0 F7200 X41.833 Y36.176
G1 F900 X62.384 Y56.728 E923.00417
G0 F7200 X62.384 Y57.293
G1 F900 X37.612 Y32.521 E923.87807
G0 F7200 X37.612 Y33.086
G1 F900 X62.384 Y57.859 E924.75199
G0 F7200 X62.384 Y58.425
G1 F900 X37.612 Y33.652 E925.62591
G0 F7200 X37.612 Y34.218
G1 F900 X62.384 Y58.99 E926.49981
G0 F7200 X62.384 Y59.556
G1 F900 X37.612 Y34.783 E927.37372
G0 F7200 X37.612 Y35.349
G1 F900 X62.384 Y60.122 E928.24764
G0 F7200 X62.384 Y60.687
G1 F900 X37.612 Y35.915 E929.12154
G0 F7200 X37.612 Y36.48
G1 F900 X62.384 Y61.253 E929.99545
G0 F7200 X62.384 Y61.819
G1 F900 X37.612 Y37.046 E930.86937
G0 F7200 X37.612 Y37.612
G1 F900 X62.384 Y62.384 E931.74327
G0 F7200 X62.384 Y62.95
G1 F900 X37.612 Y38.177 E932.61719
G0 F7200 X37.612 Y38.743
G1 F900 X62.384 Y63.516 E933.4911
G0 F7200 X62.384 Y64.082
G1 F900 X37.612 Y39.309 E934.36502
G0 F7200 X37.612 Y39.874
G1 F900 X62.384 Y64.647 E935.23894
G0 F7200 X62.384 Y65.213
G1 F900 X37.612 Y40.44 E936.11285
G0 F7200 X37.612 Y41.006
G1 F900 X62.384 Y65.779 E936.98677
G0 F7200 X62.384 Y66.344
G1 F900 X37.612 Y41.572 E937.86067
G0 F7200 X37.612 Y42.137
G1 F900 X62.384 Y66.91 E938.73459
G0 F7200 X62.384 Y67.476
G1 F900 X37.612 Y42.703 E939.6085
G0 F7200 X37.612 Y43.269
G1 F900 X55.888 Y61.545 E940.25324
G0 F7200 X55.323 Y61.545
G1 F900 X37.612 Y43.834 E940.87804
G0 F7200 X37.612 Y44.4
G1 F900 X54.856 Y61.644 E941.48637
G0 F7200 X54.513 Y61.867
G1 F900 X37.612 Y44.966 E942.0826
G0 F7200 X37.612 Y45.531
G1 F900 X53.628 Y61.548 E942.64763
G0 F7200 X53.06 Y61.545
G1 F900 X37.612 Y46.097 E943.1926
G0 F7200 X37.612 Y46.663
G1 F900 X52.551 Y61.602 E943.71961
G0 F7200 X52.17 Y61.786
G1 F900 X37.612 Y47.228 E944.23318
G0 F7200 X37.612 Y47.794
G1 F900 X51.911 Y62.093 E944.73762
G0 F7200 X51.737 Y62.485
G1 F900 X37.612 Y48.36 E945.23592
G0 F7200 X37.612 Y48.925
G1 F900 X51.725 Y63.039 E945.73381
G0 F7200 X51.725 Y63.604
G1 F900 X37.612 Y49.491 E946.23168
G0 F7200 X37.612 Y50.057
G1 F900 X51.724 Y64.169 E946.72952
G0 F7200 X51.724 Y64.735
G1 F900 X37.612 Y50.622 E947.22738
G0 F7200 X37.612 Y51.188
G1 F900 X51.724 Y65.301 E947.72523
G0 F7200 X51.723 Y65.866
G1 F900 X48.188 Y62.33 E947.84996
G0 F7200 X48.28 Y62.988
G1 F900 X51.723 Y66.431 E947.97142
G0 F7200 X51.723 Y66.997
G1 F900 X48.28 Y63.553 E948.0929
G0 F7200 X48.28 Y64.119
G1 F900 X51.723 Y67.562 E948.21436
G0 F7200 X51.723 Y68.128
G1 F900 X48.28 Y64.685 E948.33582
G0 F7200 X48.28 Y65.25
G1 F900 X51.723 Y68.693 E948.45728
G0 F7200 X51.722 Y69.258
G1 F900 X48.28 Y65.816 E948.57871
G0 F7200 X48.28 Y66.382
G1 F900 X51.722 Y69.824 E948.70013
G0 F7200 X51.722 Y70.39
G1 F900 X48.28 Y66.947 E948.82158
G0 F7200 X48.28 Y67.513
G1 F900 X51.721 Y70.955 E948.94298
G0 F7200 X51.721 Y71.52
G1 F900 X48.28 Y68.079 E949.06437
G0 F7200 X48.28 Y68.645
G1 F900 X51.721 Y72.086 E949.18577
G0 F7200 X51.721 Y72.651
G1 F900 X48.28 Y69.21 E949.30716
G0 F7200 X48.28 Y69.776
G1 F900 X51.721 Y73.217 E949.42855
G0 F7200 X51.709 Y73.771
G1 F900 X48.28 Y70.342 E949.54951
G0 F7200 X48.28 Y70.907
G1 F900 X51.447 Y74.074 E949.66124
G0 F7200 X51.24 Y74.433
G1 F900 X48.28 Y71.473 E949.76566
G0 F7200 X48.28 Y72.039
G1 F900 X51.063 Y74.822 E949.86384
G0 F7200 X50.912 Y75.236
G1 F900 X48.28 Y72.604 E949.95669
G0 F7200 X48.28 Y73.17
G1 F900 X50.859 Y75.75 E950.04769
G0 F7200 X50.816 Y76.271
G1 F900 X48.28 Y73.736 E950.13713
G1 X48.21 Y73.666
G0 F7200 X48.998 Y75.02
G1 F900 X50.91 Y76.932 E950.20459
G1 X50.98 Y77.002
G0 F7200 X51.325 Y77.912
G1 F900 X49.155 Y75.742 E950.28114
G0 F7200 X49.147 Y76.3
G1 F900 X60.73 Y87.883 E950.68976
G0 F7200 X60.164 Y87.883
G1 F900 X49.098 Y76.817 E951.08014
G0 F7200 X48.975 Y77.259
G1 F900 X59.598 Y87.883 E951.45492
G0 F7200 X59.033 Y87.883
G1 F900 X48.817 Y77.667 E951.81531
G0 F7200 X48.605 Y78.021
G1 F900 X58.467 Y87.883 E952.16322
G0 F7200 X57.901 Y87.883
G1 F900 X48.369 Y78.35 E952.49951
G0 F7200 X48.102 Y78.649
G1 F900 X57.335 Y87.882 E952.82522
G0 F7200 X56.769 Y87.882
G1 F900 X47.796 Y78.909 E953.14177
G0 F7200 X47.46 Y79.139
G1 F900 X56.204 Y87.882 E953.45022
G0 F7200 X55.638 Y87.882
G1 F900 X47.097 Y79.341 E953.75153
G0 F7200 X46.688 Y79.498
G1 F900 X55.072 Y87.882 E954.0473
G0 F7200 X54.507 Y87.882
G1 F900 X46.237 Y79.612 E954.33904
G0 F7200 X45.728 Y79.669
G1 F900 X53.941 Y87.882 E954.62878
G0 F7200 X53.375 Y87.882
G1 F900 X45.118 Y79.625 E954.92007
G0 F7200 X44.372 Y79.444
G1 F900 X52.81 Y87.882 E955.21774
G0 F7200 X52.243 Y87.881
G1 F900 X37.612 Y73.25 E955.73389
G0 F7200 X37.612 Y73.816
G1 F900 X51.677 Y87.881 E956.23007
G0 F7200 X51.112 Y87.881
G1 F900 X37.612 Y74.381 E956.70632
G0 F7200 X37.612 Y74.947
G1 F900 X50.546 Y87.881 E957.1626
G0 F7200 X49.98 Y87.881
G1 F900 X37.612 Y75.513 E957.59891
G0 F7200 X37.612 Y76.078
G1 F900 X49.415 Y87.881 E958.0153
G0 F7200 X48.849 Y87.881
G1 F900 X37.612 Y76.644 E958.41171
G0 F7200 X37.612 Y77.21
G1 F900 X48.283 Y87.881 E958.78816
G0 F7200 X47.718 Y87.881
G1 F900 X37.612 Y77.775 E959.14468
G0 F7200 X37.612 Y78.341
G1 F900 X47.151 Y87.881 E959.48121
G0 F7200 X46.586 Y87.881
G1 F900 X37.612 Y78.907 E959.79779
G0 F7200 X37.612 Y79.472
G1 F900 X46.02 Y87.881 E960.09442
G0 F7200 X45.454 Y87.881
G1 F900 X37.612 Y80.038 E960.37109
G0 F7200 X37.612 Y80.604
G1 F900 X44.889 Y87.881 E960.62781
G0 F7200 X44.323 Y87.881
G1 F900 X37.612 Y81.169 E960.86457
G0 F7200 X37.612 Y81.735
G1 F900 X43.757 Y87.881 E961.08137
G0 F7200 X43.191 Y87.881
G1 F900 X37.612 Y82.301 E961.2782
G0 F7200 X37.612 Y82.867
G1 F900 X42.626 Y87.881 E961.45509
G0 F7200 X42.059 Y87.88
G1 F900 X37.612 Y83.432 E961.61198
G0 F7200 X37.612 Y83.998
G1 F900 X41.494 Y87.88 E961.74893
G0 F7200 X40.928 Y87.88
G1 F900 X37.612 Y84.564 E961.86591
G0 F7200 X37.612 Y85.129
G1 F900 X40.362 Y87.88 E961.96294
G0 F7200 X39.797 Y87.88
G1 F900 X37.612 Y85.695 E962.04002
G0 F7200 X37.612 Y86.261
G1 F900 X39.231 Y87.88 E962.09714
G0 F7200 X38.665 Y87.88
G1 F900 X37.612 Y86.826 E962.1343
G0 F7200 X37.612 Y87.392
G1 F900 X38.1 Y87.88 E962.15152
G0 F7200 X42.243 Y77.315
G1 F900 X37.612 Y72.684 E962.31489
G0 F7200 X37.612 Y72.119
G1 F900 X42.066 Y76.573 E962.47202
G0 F7200 X42.04 Y75.981
G1 F900 X37.612 Y71.553 E962.62823
G0 F7200 X37.612 Y70.987
G1 F900 X42.09 Y75.465 E962.7862
G0 F7200 X42.206 Y75.016
G1 F900 X37.612 Y70.421 E962.94828
G0 F7200 X37.612 Y69.856
G1 F900 X42.35 Y74.594 E963.11543
G0 F7200 X42.554 Y74.232
G1 F900 X37.612 Y69.29 E963.28977
G0 F7200 X37.612 Y68.724
G1 F900 X42.79 Y73.903 E963.47246
G0 F7200 X42.92 Y73.467
G1 F900 X37.612 Y68.159 E963.65971
G0 F7200 X37.612 Y67.593
G1 F900 X42.92 Y72.901 E963.84697
G0 F7200 X42.92 Y72.336
G1 F900 X37.612 Y67.027 E964.03424
G0 F7200 X37.612 Y66.462
G1 F900 X42.92 Y71.77 E964.22149
G0 F7200 X42.92 Y71.204
G1 F900 X37.612 Y65.896 E964.40875
G0 F7200 X37.612 Y65.33
G1 F900 X42.92 Y70.639 E964.59602
G0 F7200 X42.92 Y70.073
G1 F900 X37.612 Y64.765 E964.78327
G0 F7200 X37.612 Y64.199
G1 F900 X42.92 Y69.507 E964.97053
G0 F7200 X42.92 Y68.941
G1 F900 X37.612 Y63.633 E965.15778
G0 F7200 X37.612 Y63.068
G1 F900 X42.92 Y68.376 E965.34503
G0 F7200 X42.92 Y67.81
G1 F900 X37.612 Y62.502 E965.53229
G0 F7200 X37.612 Y61.936
G1 F900 X42.92 Y67.244 E965.71954
G0 F7200 X42.92 Y66.679
G1 F900 X37.612 Y61.371 E965.9068
G0 F7200 X37.612 Y60.805
G1 F900 X42.92 Y66.113 E966.09405
G0 F7200 X42.92 Y65.547
G1 F900 X37.612 Y60.239 E966.2813
G0 F7200 X37.612 Y59.673
G1 F900 X42.92 Y64.982 E966.46858
G0 F7200 X42.92 Y64.416
G1 F900 X37.612 Y59.108 E966.65583
G0 F7200 X37.612 Y58.542
G1 F900 X42.92 Y63.85 E966.84308
G0 F7200 X42.92 Y63.285
G1 F900 X37.612 Y57.976 E967.03036
G0 F7200 X37.612 Y57.411
G1 F900 X42.92 Y62.719 E967.21761
G0 F7200 X43.04 Y62.273
G1 F900 X37.612 Y56.845 E967.4091
G0 F7200 X37.612 Y56.279
G1 F900 X43.253 Y61.921 E967.60812
G0 F7200 X43.577 Y61.679
G1 F900 X37.612 Y55.714 E967.81855
G0 F7200 X37.612 Y55.148
G1 F900 X44.01 Y61.546 E968.04425
G0 F7200 X44.577 Y61.548
G1 F900 X37.612 Y54.582 E968.28998
G0 F7200 X37.612 Y54.017
G1 F900 X45.346 Y61.751 E968.56282
G0 F7200 X45.884 Y61.723
G1 F900 X37.612 Y53.451 E968.85464
G0 F7200 X37.612 Y52.885
G1 F900 X46.295 Y61.568 E969.16095
G0 F7200 X46.835 Y61.542
G1 F900 X37.612 Y52.32 E969.4863
G0 F7200 X37.612 Y51.754
G1 F900 X47.476 Y61.618 E969.83428
G1 X47.546 Y61.688
G0 F7200 X56.738 Y61.882
G0 X57.08 Y62.737
G1 F900 X62.384 Y68.041 E970.02139
G0 F7200 X62.384 Y68.607
G1 F900 X57.08 Y63.303 E970.20851
G0 F7200 X57.08 Y63.869
G1 F900 X62.384 Y69.173 E970.39562
G0 F7200 X62.384 Y69.738
G1 F900 X57.08 Y64.434 E970.58273
G0 F7200 X57.08 Y65
G1 F900 X62.384 Y70.304 E970.76984
G0 F7200 X62.384 Y70.87
G1 F900 X57.08 Y65.566 E970.95696
G0 F7200 X57.08 Y66.131
G1 F900 X62.384 Y71.435 E971.14407
G0 F7200 X62.384 Y72.001
G1 F900 X57.08 Y66.697 E971.33118
G0 F7200 X57.08 Y67.263
G1 F900 X62.384 Y72.567 E971.5183
G0 F7200 X62.384 Y73.133
G1 F900 X57.08 Y67.829 E971.70541
G0 F7200 X57.08 Y68.394
G1 F900 X62.384 Y73.698 E971.89252
G0 F7200 X62.384 Y74.264
G1 F900 X57.08 Y68.96 E972.07963
G0 F7200 X57.08 Y69.526
G1 F900 X62.384 Y74.83 E972.26675
G0 F7200 X62.384 Y75.395
G1 F900 X57.08 Y70.091 E972.45386
G0 F7200 X57.08 Y70.657
G1 F900 X62.384 Y75.961 E972.64097
G0 F7200 X62.384 Y76.527
G1 F900 X57.08 Y71.223 E972.82809
G0 F7200 X57.08 Y71.788
G1 F900 X62.384 Y77.092 E973.0152
G0 F7200 X62.384 Y77.658
G1 F900 X57.08 Y72.354 E973.20231
G0 F7200 X57.08 Y72.92
G1 F900 X62.384 Y78.224 E973.38943
G0 F7200 X62.384 Y78.789
G1 F900 X57.08 Y73.485 E973.57654
G1 X57.01 Y73.415
G0 F7200 X57.639 Y74.61
G1 F900 X62.384 Y79.355 E973.74393
G0 F7200 X62.384 Y79.921
G1 F900 X57.91 Y75.446 E973.90178
G0 F7200 X57.972 Y76.074
G1 F900 X62.384 Y80.486 E974.05743
G0 F7200 X62.384 Y81.052
G1 F900 X57.921 Y76.588 E974.21489
G0 F7200 X57.833 Y77.066
G1 F900 X62.384 Y81.618 E974.37545
G0 F7200 X62.384 Y82.183
G1 F900 X57.69 Y77.489 E974.54105
G0 F7200 X57.493 Y77.858
G1 F900 X62.384 Y82.749 E974.71359
G0 F7200 X62.384 Y83.315
G1 F900 X57.29 Y78.221 E974.8933
G0 F7200 X57.018 Y78.514
G1 F900 X62.384 Y83.881 E975.08261
G0 F7200 X62.384 Y84.446
G1 F900 X56.738 Y78.8 E975.28179
G0 F7200 X56.421 Y79.048
G1 F900 X62.384 Y85.012 E975.49217
G0 F7200 X62.384 Y85.578
G1 F900 X56.06 Y79.253 E975.71528
G0 F7200 X55.672 Y79.431
G1 F900 X62.384 Y86.143 E975.95207
G0 F7200 X62.384 Y86.709
G1 F900 X55.241 Y79.566 E976.20406
G0 F7200 X54.763 Y79.653
G1 F900 X62.384 Y87.275 E976.47293
G0 F7200 X62.384 Y87.84
G1 F900 X54.205 Y79.661 E976.76146
G0 F7200 X53.56 Y79.581
G1 F900 X61.861 Y87.883 E977.05432
G0 F7200 X61.296 Y87.883
G1 F900 X52.595 Y79.182 E977.36127
G1 X52.525 Y79.112
G0 F7200 X51.633 Y77.969
G0 X50.885 Y76.348
G0 X51.4 Y74.914
G0 X40.729 Y35.072
G1 F900 X37.612 Y31.955 E977.47123
G0 F7200 X37.612 Y31.389
G1 F900 X40.72 Y34.498 E977.58089
G0 F7200 X40.72 Y33.932
G1 F900 X37.612 Y30.823 E977.69055
G0 F7200 X37.612 Y30.258
G1 F900 X40.72 Y33.366 E977.8002
G0 F7200 X40.72 Y32.801
G1 F900 X37.612 Y29.692 E977.90986
G0 F7200 X37.612 Y29.126
G1 F900 X40.72 Y32.235 E978.01952
G0 F7200 X40.72 Y31.669
G1 F900 X37.612 Y28.561 E978.12916
G0 F7200 X37.612 Y27.995
G1 F900 X40.72 Y31.104 E978.23882
G0 F7200 X40.72 Y30.538
G1 F900 X37.612 Y27.429 E978.34848
G0 F7200 X37.612 Y26.864
G1 F900 X40.72 Y29.972 E978.45813
G0 F7200 X40.72 Y29.406
G1 F900 X37.612 Y26.298 E978.56777
G0 F7200 X37.612 Y25.732
G1 F900 X40.72 Y28.841 E978.67743
G0 F7200 X40.72 Y28.275
G1 F900 X37.612 Y25.167 E978.78707
G0 F7200 X37.612 Y24.601
G1 F900 X40.72 Y27.709 E978.89672
G0 F7200 X40.72 Y27.144
G1 F900 X37.612 Y24.035 E979.00638
G0 F7200 X37.612 Y23.47
G1 F900 X40.72 Y26.578 E979.11602
G0 F7200 X40.72 Y26.012
G1 F900 X37.612 Y22.904 E979.22566
G0 F7200 X37.612 Y22.338
G1 F900 X40.72 Y25.447 E979.33532
G0 F7200 X40.72 Y24.881
G1 F900 X37.612 Y21.773 E979.44497
G0 F7200 X37.612 Y21.207
G1 F900 X40.72 Y24.315 E979.55461
G0 F7200 X40.72 Y23.75
G1 F900 X37.612 Y20.641 E979.66427
G0 F7200 X37.612 Y20.075
G1 F900 X40.72 Y23.184 E979.77393
G0 F7200 X40.72 Y22.618
G1 F900 X37.612 Y19.51 E979.88357
G0 F7200 X37.612 Y18.944
G1 F900 X40.72 Y22.053 E979.99323
G0 F7200 X40.72 Y21.487
G1 F900 X37.612 Y18.378 E980.1029
G0 F7200 X37.612 Y17.813
G1 F900 X40.72 Y20.921 E980.21254
G0 F7200 X40.72 Y20.355
G1 F900 X37.612 Y17.247 E980.32218
G0 F7200 X37.612 Y16.681
G1 F900 X40.72 Y19.79 E980.43184
G0 F7200 X40.72 Y19.224
G1 F900 X37.612 Y16.116 E980.54149
G0 F7200 X37.612 Y15.55
G1 F900 X40.72 Y18.658 E980.65113
G0 F7200 X40.72 Y18.093
G1 F900 X37.612 Y14.984 E980.76079
G0 F7200 X37.612 Y14.419
G1 F900 X40.72 Y17.527 E980.87043
G0 F7200 X40.72 Y16.961
G1 F900 X37.612 Y13.853 E980.98008
G0 F7200 X37.612 Y13.287
G1 F900 X40.72 Y16.396 E981.08974
G0 F7200 X40.72 Y15.83
G1 F900 X37.612 Y12.722 E981.19938
G0 F7200 X37.612 Y12.156
G1 F900 X40.72 Y15.264 E981.30902
G0 F7200 X40.72 Y14.699
G1 F900 X38.134 Y12.112 E981.40027
G0 F7200 X38.699 Y12.112
G1 F900 X40.72 Y14.133 E981.47156
G0 F7200 X40.72 Y13.567
G1 F900 X39.265 Y12.112 E981.52289
G0 F7200 X39.831 Y12.112
G1 F900 X40.72 Y13.002 E981.55427
G0 F7200 X40.72 Y12.436
G1 F900 X40.396 Y12.112 E981.5657
G0 F7200 X41.062 Y35.838
G0 X54.338 Y61.882
G0 X54.455 Y74.967
G0 X55.171 Y75.849
G1 F900 X55.202 Y76.188 E981.57419
G1 X55.148 Y76.401 E981.57968
G1 X54.889 Y76.746 E981.59044
G1 X54.644 Y76.871 E981.5973
G1 X54.289 Y76.898 E981.60618
G1 X54.078 Y76.846 E981.6116
G1 X53.844 Y76.689 E981.61863
G1 X53.716 Y76.534 E981.62364
G1 X53.588 Y76.195 E981.63268
G1 X53.588 Y76.018 E981.6371
G1 X53.648 Y75.795 E981.64286
G1 X53.775 Y75.56 E981.64952
G1 X54.279 Y75.124 E981.66615
G1 X54.4 Y74.95 E981.67143
G1 X54.521 Y75.124 E981.67672
G1 X55.052 Y75.592 E981.69438
G1 X55.171 Y75.849 E981.70144
G0 F7200 X54.374 Y75.304
G1 F900 X54.975 Y75.906 E981.72266
G0 F7200 X54.905 Y76.401
G1 F900 X54.072 Y75.568 E981.75205
G0 F7200 X53.831 Y75.893
G1 F900 X54.605 Y76.667 E981.77935
G1 X54.675 Y76.737
G0 F7200 X54.345 Y74.986
G0 X54.338 Y61.882
G0 X45.662 Y61.882
G0 X45.655 Y74.967
G0 X44.788 Y76.019
G1 F900 X44.848 Y75.795 E981.78514
G1 X44.975 Y75.56 E981.7918
G1 X45.479 Y75.124 E981.80842
G1 X45.6 Y74.95 E981.81371
G1 X45.721 Y75.124 E981.819
G1 X46.138 Y75.487 E981.83279
G1 X46.351 Y75.789 E981.84201
G1 X46.404 Y76.179 E981.85182
G1 X46.348 Y76.401 E981.85754
G1 X46.089 Y76.745 E981.86828
G1 X45.857 Y76.863 E981.87477
G1 X45.578 Y76.907 E981.88182
G1 X45.243 Y76.822 E981.89044
G1 X45.038 Y76.684 E981.8966
G1 X44.841 Y76.384 E981.90555
G1 X44.788 Y76.019 E981.91476
G0 F7200 X45.59 Y76.703
G1 F900 X44.997 Y76.109 E981.93569
G0 F7200 X45.137 Y75.684
G1 F900 X45.997 Y76.544 E981.96603
G0 F7200 X46.198 Y76.179
G1 F900 X45.44 Y75.421 E981.99277
G1 X45.37 Y75.351
G0 F7200 X45.461 Y75.486
;MESH:NONMESH
G0 F600 Z1.685
G0 F7200 X45.676 Y73.546
G0 X45.662 Y61.882
G0 X58.938 Y35.838
G0 X58.7 Y35.117
;TIME_ELAPSED:1866.960341
;LAYER:3
;TYPE:WALL-INNER
;MESH:luckfox_top.stl
G1 F2400 X58.61 Y35.317 E981.99824
G1 X58.405 Y35.517 E982.00539
G1 X58.163 Y35.6 E982.01177
G1 X41.837 Y35.6 E982.41902
G1 X41.595 Y35.517 E982.4254
G1 X41.39 Y35.317 E982.43255
G1 X41.3 Y35.117 E982.43802
G1 X41.3 Y11.501 E983.02712
G1 X37.151 Y11.504 E983.13062
G1 X37.055 Y11.553 E983.13331
G1 X37.008 Y11.671 E983.13648
G1 X37.004 Y88.346 E985.04914
G1 X37.062 Y88.454 E985.0522
G1 X37.155 Y88.488 E985.05467
G1 X62.894 Y88.492 E985.69673
G1 X62.992 Y88.372 E985.7006
G1 X62.992 Y11.63 E987.61493
G1 X62.922 Y11.545 E987.61768
G1 X62.829 Y11.508 E987.62018
G1 X58.7 Y11.505 E987.72318
G1 X58.7 Y35.117 E988.31218
G0 F7200 X59.01 Y35.117
G0 X56.81 Y62.637
G0 X56.5 Y62.637
G1 F2400 X56.5 Y73.987 E988.59531
G1 X56.856 Y74.381 E988.60855
G1 X57.128 Y74.855 E988.62219
G1 X57.286 Y75.304 E988.63406
G1 X57.402 Y76.092 E988.65393
G1 X57.316 Y76.796 E988.67162
G1 X57.138 Y77.321 E988.68545
G1 X56.83 Y77.866 E988.70106
G1 X56.428 Y78.307 E988.71595
G1 X56.111 Y78.563 E988.72611
G1 X55.685 Y78.809 E988.73839
G1 X55.361 Y78.939 E988.74709
G1 X54.804 Y79.072 E988.76138
G1 X54.395 Y79.1 E988.77161
G1 X53.662 Y79.012 E988.79002
G1 X53.07 Y78.789 E988.8058
G1 X52.641 Y78.533 E988.81826
G1 X52.22 Y78.158 E988.83233
G1 X51.968 Y77.859 E988.84208
G1 X51.688 Y77.388 E988.85575
G1 X51.528 Y76.975 E988.8668
G1 X51.394 Y76.11 E988.88863
G1 X51.483 Y75.385 E988.90685
G1 X51.668 Y74.855 E988.92086
G1 X51.947 Y74.368 E988.93486
G1 X52.3 Y73.985 E988.94785
G1 X52.3 Y62.609 E989.23163
G1 X52.423 Y62.355 E989.23867
G1 X52.68 Y62.161 E989.2467
G1 X52.853 Y62.121 E989.25113
G1 X53.588 Y62.126 E989.26946
G1 X53.805 Y62.203 E989.27521
G1 X53.958 Y62.332 E989.2802
G1 F2133.3 X54.15 Y62.72 E989.29235
G1 F1912.4 X54.149 Y74.597 E989.66417
G1 F2123.9 X53.999 Y74.875 E989.67307
G1 F2400 X53.428 Y75.401 E989.69244
G1 X53.292 Y75.646 E989.69943
G1 X53.203 Y76.064 E989.71009
G1 X53.291 Y76.542 E989.72222
G1 X53.436 Y76.81 E989.72982
G1 X53.76 Y77.109 E989.74081
G1 X54.038 Y77.24 E989.74848
G1 X54.241 Y77.284 E989.75366
G1 X54.539 Y77.284 E989.7611
G1 X54.915 Y77.175 E989.77086
G1 X55.157 Y77.022 E989.778
G1 X55.366 Y76.796 E989.78568
G1 X55.504 Y76.55 E989.79272
G1 X55.593 Y76.135 E989.80331
G1 X55.507 Y75.643 E989.81577
G1 X55.211 Y75.222 E989.8286
G1 X54.801 Y74.875 E989.842
G1 F2123.9 X54.651 Y74.597 E989.85091
G1 F1912.4 X54.65 Y62.72 E990.22273
G1 F2133.3 X54.842 Y62.332 E990.23488
G1 F2400 X54.995 Y62.203 E990.23987
G1 X55.241 Y62.122 E990.24633
G1 X55.964 Y62.123 E990.26437
G1 X56.261 Y62.239 E990.27232
G1 X56.401 Y62.389 E990.27744
G1 X56.5 Y62.637 E990.2841
G0 F7200 X56.81 Y62.637
G0 X52.062 Y61.882
G0 X48.01 Y62.447
G0 X47.635 Y62.447
G1 F2400 X47.7 Y62.72 E990.2911
G1 X47.7 Y73.987 E990.57216
G1 X48.057 Y74.381 E990.58542
G1 X48.285 Y74.765 E990.59656
G1 X48.467 Y75.218 E990.60874
G1 X48.602 Y76.097 E990.63092
G1 X48.508 Y76.843 E990.64968
G1 X48.311 Y77.385 E990.66406
G1 X48.027 Y77.869 E990.67806
G1 X47.66 Y78.277 E990.69175
G1 X47.352 Y78.537 E990.7018
G1 X46.845 Y78.827 E990.71637
G1 X46.474 Y78.966 E990.72626
G1 X46.004 Y79.072 E990.73828
G1 X45.595 Y79.1 E990.7485
G1 X44.866 Y79.013 E990.76682
G1 X44.314 Y78.813 E990.78146
G1 X43.823 Y78.525 E990.79566
G1 X43.393 Y78.128 E990.81026
G1 X43.14 Y77.815 E990.8203
G1 X42.868 Y77.341 E990.83393
G1 X42.712 Y76.908 E990.84541
G1 X42.594 Y76.108 E990.86559
G1 X42.685 Y75.357 E990.88446
G1 X42.912 Y74.765 E990.90027
G1 X43.14 Y74.381 E990.91141
G1 X43.5 Y73.985 E990.92476
G1 X43.5 Y62.636 E991.20786
G1 X43.599 Y62.389 E991.2145
G1 X43.739 Y62.24 E991.2196
G1 X44.036 Y62.123 E991.22756
G1 X44.788 Y62.126 E991.24632
G1 X45.005 Y62.203 E991.25207
G1 X45.158 Y62.332 E991.25706
G1 F2133.3 X45.35 Y62.72 E991.26921
G1 F1912.4 X45.349 Y74.597 E991.64103
G1 F2123.9 X45.199 Y74.875 E991.64994
G1 F2400 X44.628 Y75.401 E991.6693
G1 X44.492 Y75.646 E991.67629
G1 X44.403 Y76.064 E991.68695
G1 X44.491 Y76.542 E991.69908
G1 X44.636 Y76.81 E991.70668
G1 X44.972 Y77.116 E991.71801
G1 X45.147 Y77.207 E991.72293
G1 X45.451 Y77.284 E991.73076
G1 X45.738 Y77.284 E991.73792
G1 X46.115 Y77.175 E991.74771
G1 X46.357 Y77.022 E991.75485
G1 X46.567 Y76.796 E991.76254
G1 X46.709 Y76.54 E991.76985
G1 X46.786 Y76.234 E991.77772
G1 X46.793 Y76.031 E991.78278
G1 X46.737 Y75.735 E991.7903
G1 X46.609 Y75.461 E991.79784
G1 X46.412 Y75.223 E991.80555
G1 X46.001 Y74.875 E991.81898
G1 F2123.9 X45.851 Y74.597 E991.82789
G1 F1912.4 X45.85 Y62.72 E992.19971
G1 F2133.3 X46.042 Y62.332 E992.21186
G1 F2400 X46.195 Y62.203 E992.21685
G1 X46.441 Y62.122 E992.22331
G1 X47.147 Y62.121 E992.24092
G1 X47.394 Y62.196 E992.24736
G1 X47.635 Y62.447 E992.25604
G0 F7200 X47.3 Y62.72
;TYPE:WALL-OUTER
G1 F1200 X47.3 Y74.147 E992.54109
G1 X47.713 Y74.585 E992.55611
G1 X47.941 Y74.969 E992.56725
G1 X48.084 Y75.334 E992.57703
G1 X48.196 Y76.082 E992.59589
G1 X48.113 Y76.759 E992.61291
G1 X47.959 Y77.193 E992.62439
G1 X47.703 Y77.629 E992.63701
G1 X47.39 Y77.982 E992.64878
G1 X47.123 Y78.209 E992.65752
G1 X46.698 Y78.455 E992.66977
G1 X46.385 Y78.576 E992.67814
G1 X45.935 Y78.678 E992.68965
G1 X45.57 Y78.699 E992.69877
G1 X44.978 Y78.623 E992.71366
G1 X44.488 Y78.453 E992.72659
G1 X44.049 Y78.189 E992.73937
G1 X43.699 Y77.87 E992.75119
G1 X43.484 Y77.611 E992.75958
G1 X43.241 Y77.197 E992.77156
G1 X43.106 Y76.839 E992.7811
G1 X42.998 Y76.101 E992.79971
G1 X43.083 Y75.436 E992.81643
G1 X43.239 Y75.004 E992.82789
G1 X43.484 Y74.585 E992.84
G1 X43.9 Y74.147 E992.85506
G1 X43.903 Y62.68 E993.14111
G1 X43.979 Y62.56 E993.14465
G1 X44.056 Y62.524 E993.14677
G1 X44.72 Y62.52 E993.16334
G1 X44.853 Y62.59 E993.16709
G1 X44.9 Y62.72 E993.17054
G1 X44.9 Y74.558 E993.46584
G1 X44.867 Y74.652 E993.46832
G1 X44.584 Y74.865 E993.47716
G1 X44.303 Y75.163 E993.48737
G1 X44.114 Y75.504 E993.4971
G1 X44.001 Y76.03 E993.51052
G1 X44.011 Y76.29 E993.51701
G1 X44.116 Y76.69 E993.52733
G1 X44.43 Y77.189 E993.54203
G1 X44.751 Y77.452 E993.55238
G1 X45.004 Y77.583 E993.55949
G1 X45.401 Y77.684 E993.56971
G1 X45.795 Y77.684 E993.57954
G1 X46.281 Y77.543 E993.59216
G1 X46.615 Y77.332 E993.60202
G1 X46.893 Y77.033 E993.6122
G1 X47.084 Y76.689 E993.62202
G1 X47.184 Y76.291 E993.63225
G1 X47.195 Y76 E993.63952
G1 X47.12 Y75.611 E993.6494
G1 X46.949 Y75.245 E993.65948
G1 X46.689 Y74.931 E993.66965
G1 X46.333 Y74.652 E993.68093
G1 X46.3 Y74.558 E993.68341
G1 X46.3 Y62.72 E993.97871
G1 X46.347 Y62.59 E993.98216
G1 X46.48 Y62.52 E993.98591
G1 X47.116 Y62.52 E994.00178
G1 X47.224 Y62.562 E994.00467
G1 X47.3 Y62.72 E994.00904
G0 F7200 X47.3 Y62.92
G0 X48.01 Y62.92
G0 X52.062 Y61.882
G0 X56.738 Y61.882
G0 X56.81 Y62.68
G0 X56.097 Y62.68
G1 F1200 X56.1 Y74.147 E994.29509
G1 X56.485 Y74.549 E994.30897
G1 X56.755 Y74.999 E994.32206
G1 X56.89 Y75.362 E994.33172
G1 X56.998 Y76.099 E994.3503
G1 X56.922 Y76.727 E994.36608
G1 X56.745 Y77.222 E994.3792
G1 X56.49 Y77.646 E994.39154
G1 X55.938 Y78.197 E994.411
G1 X55.511 Y78.449 E994.42336
G1 X55.185 Y78.576 E994.43209
G1 X54.735 Y78.678 E994.4436
G1 X54.37 Y78.699 E994.45272
G1 X53.778 Y78.623 E994.46761
G1 X53.274 Y78.445 E994.48094
G1 X52.869 Y78.205 E994.49269
G1 X52.508 Y77.88 E994.5048
G1 X52.293 Y77.625 E994.51312
G1 X52.041 Y77.197 E994.52551
G1 X51.906 Y76.834 E994.53517
G1 X51.8 Y76.118 E994.55323
G1 X51.875 Y75.464 E994.56965
G1 X52.055 Y74.969 E994.58279
G1 X52.283 Y74.585 E994.59393
G1 X52.7 Y74.147 E994.60902
G1 X52.706 Y62.67 E994.89531
G1 X52.843 Y62.52 E994.90038
G1 X53.539 Y62.523 E994.91774
G1 X53.653 Y62.59 E994.92104
G1 X53.7 Y62.72 E994.92449
G1 X53.7 Y74.558 E995.21979
G1 X53.667 Y74.652 E995.22227
G1 X53.384 Y74.865 E995.23111
G1 X53.103 Y75.163 E995.24132
G1 X52.914 Y75.504 E995.25105
G1 X52.801 Y76.03 E995.26447
G1 X52.811 Y76.29 E995.27096
G1 X52.916 Y76.69 E995.28128
G1 X53.103 Y77.035 E995.29107
G1 X53.544 Y77.449 E995.30616
G1 X53.909 Y77.621 E995.31622
G1 X54.198 Y77.684 E995.3236
G1 X54.595 Y77.684 E995.3335
G1 X55.081 Y77.543 E995.34613
G1 X55.415 Y77.332 E995.35598
G1 X55.692 Y77.033 E995.36615
G1 X55.882 Y76.692 E995.37589
G1 X55.995 Y76.17 E995.38921
G1 X55.985 Y75.905 E995.39582
G1 X55.883 Y75.5 E995.40624
G1 X55.756 Y75.255 E995.41313
G1 X55.489 Y74.93 E995.42362
G1 X55.133 Y74.652 E995.43488
G1 X55.1 Y74.558 E995.43737
G1 X55.1 Y62.72 E995.73267
G1 X55.147 Y62.59 E995.73612
G1 X55.28 Y62.52 E995.73987
G1 X55.944 Y62.524 E995.75643
G1 X56.021 Y62.559 E995.75854
G1 X56.097 Y62.68 E995.76211
G0 F7200 X56.097 Y62.88
G0 X56.81 Y62.88
G0 X59.01 Y35.035
G0 X58.298 Y35.035
G1 F1200 X58.185 Y35.198 E995.76705
G1 X41.817 Y35.198 E996.17535
G1 X41.7 Y35.041 E996.18024
G1 X41.7 Y11.101 E996.77742
G1 X37.056 Y11.104 E996.89327
G1 X36.798 Y11.235 E996.90049
G1 X36.717 Y11.322 E996.90345
G1 X36.608 Y11.595 E996.91079
G1 X36.604 Y88.44 E998.82769
G1 X36.734 Y88.698 E998.8349
G1 X36.856 Y88.804 E998.83893
G1 X37.084 Y88.888 E998.84499
G1 X62.864 Y88.892 E999.48808
G1 X63.085 Y88.839 E999.49375
G1 X63.239 Y88.725 E999.49852
G1 X63.352 Y88.549 E999.50374
G1 X63.392 Y88.373 E999.50824
G1 X63.392 Y11.633 E1001.42253
G1 X63.34 Y11.424 E1001.4279
G1 X63.166 Y11.211 E1001.43476
G1 X62.905 Y11.108 E1001.44176
G1 X58.3 Y11.105 E1001.55664
G1 X58.298 Y35.035 E1002.15357
G0 F7200 X58.185 Y35.198
G0 X58.183 Y35.198
G0 X58.183 Y35.91
G0 X48.078 Y62.543
;TYPE:SKIN
G1 F900 X47.878 Y62.12 E1002.16524
G1 X47.622 Y61.889 E1002.17385
G1 X47.296 Y61.74 E1002.18279
G1 X46.377 Y61.744 E1002.20571
G1 X46.011 Y61.868 E1002.21535
G1 X45.775 Y62.058 E1002.22291
G1 X45.598 Y62.349 E1002.23141
G1 X45.421 Y62.058 E1002.2399
G1 X45.185 Y61.868 E1002.24746
G1 X44.819 Y61.744 E1002.2571
G1 X43.993 Y61.745 E1002.2777
G1 X43.762 Y61.8 E1002.28363
G1 X43.507 Y61.936 E1002.29084
G1 X43.279 Y62.18 E1002.29917
G1 X43.12 Y62.57 E1002.30967
G1 X43.12 Y73.832 E1002.5906
G1 X42.83 Y74.159 E1002.60151
G1 X42.569 Y74.595 E1002.61418
G1 X42.308 Y75.27 E1002.63224
G1 X42.217 Y76.11 E1002.65331
G1 X42.334 Y76.967 E1002.67489
G1 X42.564 Y77.591 E1002.69148
G1 X42.975 Y78.255 E1002.71096
G1 X43.614 Y78.841 E1002.73259
G1 X44.163 Y79.161 E1002.74844
G1 X44.759 Y79.377 E1002.76425
G1 X45.568 Y79.479 E1002.78459
G1 X46.051 Y79.448 E1002.79666
G1 X46.566 Y79.331 E1002.80984
G1 X46.978 Y79.18 E1002.82078
G1 X47.49 Y78.895 E1002.8354
G1 X47.93 Y78.542 E1002.84947
G1 X48.326 Y78.097 E1002.86433
G1 X48.651 Y77.55 E1002.8802
G1 X48.883 Y76.909 E1002.89721
G1 X48.98 Y76.115 E1002.91716
G1 X48.845 Y75.145 E1002.94159
G1 X48.655 Y74.651 E1002.9548
G1 X48.374 Y74.171 E1002.96867
G1 X48.08 Y73.835 E1002.97981
G1 X48.078 Y62.543 E1003.26149
G0 F7200 X52.062 Y61.882
G0 X56.738 Y61.882
G0 X56.877 Y62.56
G1 F900 X56.72 Y62.182 E1003.2717
G1 X56.484 Y61.931 E1003.28029
G1 X56.233 Y61.8 E1003.28735
G1 X56.003 Y61.745 E1003.29325
G1 X55.177 Y61.744 E1003.31386
G1 X54.811 Y61.868 E1003.3235
G1 X54.575 Y62.058 E1003.33106
G1 X54.398 Y62.349 E1003.33955
G1 X54.221 Y62.058 E1003.34805
G1 X53.985 Y61.868 E1003.35561
G1 X53.635 Y61.746 E1003.36485
G1 X52.813 Y61.741 E1003.38536
G1 X52.566 Y61.796 E1003.39167
G1 X52.201 Y62.028 E1003.40246
G1 X52.028 Y62.267 E1003.40982
G1 X51.92 Y62.706 E1003.4211
G1 X51.92 Y73.835 E1003.69871
G1 X51.626 Y74.165 E1003.70974
G1 X51.337 Y74.658 E1003.72399
G1 X51.112 Y75.263 E1003.74009
G1 X51.012 Y76.125 E1003.76174
G1 X51.147 Y77.046 E1003.78496
G1 X51.37 Y77.596 E1003.79976
G1 X51.653 Y78.073 E1003.8136
G1 X51.946 Y78.422 E1003.82497
G1 X52.423 Y78.846 E1003.84089
G1 X52.901 Y79.128 E1003.85473
G1 X53.545 Y79.372 E1003.87191
G1 X54.367 Y79.479 E1003.89259
G1 X54.851 Y79.448 E1003.90469
G1 X55.36 Y79.336 E1003.91769
G1 X55.847 Y79.149 E1003.9307
G1 X56.3 Y78.89 E1003.94372
G1 X56.665 Y78.601 E1003.95533
G1 X57.123 Y78.108 E1003.97212
G1 X57.483 Y77.474 E1003.9903
G1 X57.69 Y76.859 E1004.00649
G1 X57.782 Y76.061 E1004.02653
G1 X57.652 Y75.205 E1004.04813
G1 X57.424 Y74.601 E1004.06423
G1 X57.185 Y74.19 E1004.07609
G1 X56.88 Y73.836 E1004.08775
G1 X56.877 Y62.56 E1004.36903
G0 F7200 X59.046 Y35.251
G1 F900 X59.078 Y35.025 E1004.37472
G1 X59.08 Y11.885 E1004.95195
G1 X62.608 Y11.888 E1005.03996
G1 X62.612 Y88.108 E1006.94127
G1 X37.384 Y88.108 E1007.57059
G1 X37.388 Y11.88 E1009.4721
G1 X40.92 Y11.88 E1009.56021
G1 X40.921 Y35.026 E1010.13759
G1 X40.949 Y35.242 E1010.14302
G1 X41.048 Y35.489 E1010.14966
G1 X41.397 Y35.844 E1010.16208
G1 X41.785 Y35.978 E1010.17232
G1 X58.215 Y35.978 E1010.58216
G1 X58.6 Y35.844 E1010.59233
G1 X58.905 Y35.551 E1010.60288
G1 X59.046 Y35.251 E1010.61115
G0 F7200 X41.062 Y35.838
G0 X37.588 Y12.192
G1 F900 X37.701 Y12.08 E1010.61512
G0 F7200 X38.266 Y12.08
G1 F900 X37.588 Y12.758 E1010.63904
G0 F7200 X37.588 Y13.323
G1 F900 X38.832 Y12.08 E1010.68291
G0 F7200 X39.398 Y12.08
G1 F900 X37.588 Y13.889 E1010.74674
G0 F7200 X37.588 Y14.455
G1 F900 X39.964 Y12.08 E1010.83054
G0 F7200 X40.529 Y12.08
G1 F900 X37.588 Y15.02 E1010.93428
G0 F7200 X37.588 Y15.586
G1 F900 X40.72 Y12.454 E1011.04477
G0 F7200 X40.72 Y13.02
G1 F900 X37.588 Y16.152 E1011.15526
G0 F7200 X37.588 Y16.717
G1 F900 X40.72 Y13.586 E1011.26573
G0 F7200 X40.72 Y14.151
G1 F900 X37.588 Y17.283 E1011.37622
G0 F7200 X37.588 Y17.849
G1 F900 X40.72 Y14.717 E1011.48671
G0 F7200 X40.72 Y15.283
G1 F900 X37.588 Y18.414 E1011.59718
G0 F7200 X37.588 Y18.98
G1 F900 X40.72 Y15.848 E1011.70767
G0 F7200 X40.72 Y16.414
G1 F900 X37.588 Y19.546 E1011.81816
G0 F7200 X37.588 Y20.112
G1 F900 X40.72 Y16.98 E1011.92865
G0 F7200 X40.72 Y17.545
G1 F900 X37.588 Y20.677 E1012.03914
G0 F7200 X37.588 Y21.243
G1 F900 X40.721 Y18.11 E1012.14967
G0 F7200 X40.721 Y18.676
G1 F900 X37.588 Y21.809 E1012.26019
G0 F7200 X37.588 Y22.374
G1 F900 X40.721 Y19.242 E1012.3707
G0 F7200 X40.721 Y19.807
G1 F900 X37.588 Y22.94 E1012.48122
G0 F7200 X37.588 Y23.506
G1 F900 X40.721 Y20.373 E1012.59175
G0 F7200 X40.721 Y20.939
G1 F900 X37.588 Y24.071 E1012.70226
G0 F7200 X37.588 Y24.637
G1 F900 X40.721 Y21.505 E1012.81276
G0 F7200 X40.721 Y22.07
G1 F900 X37.588 Y25.203 E1012.92329
G0 F7200 X37.588 Y25.769
G1 F900 X40.721 Y22.636 E1013.03381
G0 F7200 X40.721 Y23.202
G1 F900 X37.588 Y26.335 E1013.14434
G0 F7200 X37.588 Y26.9
G1 F900 X40.722 Y23.767 E1013.25488
G0 F7200 X40.722 Y24.332
G1 F900 X37.588 Y27.466 E1013.36544
G0 F7200 X37.588 Y28.032
G1 F900 X40.722 Y24.898 E1013.476
G0 F7200 X40.722 Y25.464
G1 F900 X37.588 Y28.598 E1013.58656
G0 F7200 X37.588 Y29.163
G1 F900 X40.722 Y26.029 E1013.69712
G0 F7200 X40.722 Y26.595
G1 F900 X37.588 Y29.729 E1013.80768
G0 F7200 X37.588 Y30.295
G1 F900 X40.722 Y27.161 E1013.91824
G0 F7200 X40.722 Y27.726
G1 F900 X37.588 Y30.86 E1014.0288
G0 F7200 X37.588 Y31.426
G1 F900 X40.722 Y28.292 E1014.13936
G0 F7200 X40.722 Y28.858
G1 F900 X37.588 Y31.992 E1014.24992
G0 F7200 X37.588 Y32.557
G1 F900 X40.722 Y29.423 E1014.36048
G0 F7200 X40.722 Y29.988
G1 F900 X37.588 Y33.123 E1014.47106
G0 F7200 X37.588 Y33.689
G1 F900 X40.722 Y30.554 E1014.58164
G0 F7200 X40.722 Y31.12
G1 F900 X37.588 Y34.254 E1014.6922
G0 F7200 X37.588 Y34.82
G1 F900 X40.722 Y31.685 E1014.80278
G0 F7200 X40.722 Y32.251
G1 F900 X37.588 Y35.386 E1014.91336
G0 F7200 X37.588 Y35.951
G1 F900 X40.722 Y32.817 E1015.02392
G0 F7200 X40.722 Y33.383
G1 F900 X37.588 Y36.517 E1015.13448
G0 F7200 X37.588 Y37.083
G1 F900 X40.722 Y33.948 E1015.24505
G0 F7200 X40.722 Y34.514
G1 F900 X37.587 Y37.649 E1015.35565
G0 F7200 X37.587 Y38.215
G1 F900 X40.726 Y35.076 E1015.46639
G0 F7200 X40.846 Y35.522
G1 F900 X37.587 Y38.781 E1015.58136
G0 F7200 X37.587 Y39.346
G1 F900 X41.109 Y35.824 E1015.70561
G0 F7200 X41.434 Y36.065
G1 F900 X37.587 Y39.912 E1015.84132
G0 F7200 X37.587 Y40.478
G1 F900 X41.889 Y36.176 E1015.99308
G0 F7200 X42.455 Y36.176
G1 F900 X37.587 Y41.043 E1016.1648
G0 F7200 X37.587 Y41.609
G1 F900 X43.02 Y36.176 E1016.35646
G0 F7200 X43.586 Y36.176
G1 F900 X37.587 Y42.175 E1016.56809
G0 F7200 X37.587 Y42.74
G1 F900 X44.152 Y36.176 E1016.79967
G0 F7200 X44.717 Y36.176
G1 F900 X37.587 Y43.306 E1017.0512
G0 F7200 X37.587 Y43.872
G1 F900 X45.283 Y36.176 E1017.3227
G0 F7200 X45.849 Y36.176
G1 F900 X37.587 Y44.437 E1017.61415
G0 F7200 X37.587 Y45.003
G1 F900 X46.414 Y36.176 E1017.92554
G0 F7200 X46.98 Y36.176
G1 F900 X37.587 Y45.569 E1018.25691
G0 F7200 X37.587 Y46.134
G1 F900 X47.546 Y36.176 E1018.60822
G0 F7200 X48.112 Y36.176
G1 F900 X37.587 Y46.7 E1018.9795
G0 F7200 X37.587 Y47.266
G1 F900 X48.677 Y36.176 E1019.37073
G0 F7200 X49.243 Y36.176
G1 F900 X37.587 Y47.832 E1019.78193
G0 F7200 X37.587 Y48.397
G1 F900 X49.809 Y36.176 E1020.21307
G0 F7200 X50.374 Y36.176
G1 F900 X37.587 Y48.963 E1020.66417
G0 F7200 X37.587 Y49.529
G1 F900 X50.94 Y36.176 E1021.13523
G0 F7200 X51.506 Y36.176
G1 F900 X37.586 Y50.095 E1021.62628
G0 F7200 X37.586 Y50.661
G1 F900 X52.071 Y36.176 E1022.13728
G0 F7200 X52.637 Y36.176
G1 F900 X37.586 Y51.226 E1022.66822
G0 F7200 X37.586 Y51.792
G1 F900 X53.203 Y36.176 E1023.21914
G0 F7200 X53.768 Y36.176
G1 F900 X37.586 Y52.358 E1023.79
G0 F7200 X37.586 Y52.923
G1 F900 X54.334 Y36.176 E1024.38082
G0 F7200 X54.9 Y36.176
G1 F900 X37.586 Y53.489 E1024.9916
G0 F7200 X37.586 Y54.055
G1 F900 X55.465 Y36.176 E1025.62233
G0 F7200 X56.031 Y36.176
G1 F900 X37.586 Y54.62 E1026.27301
G0 F7200 X37.586 Y55.186
G1 F900 X56.597 Y36.176 E1026.94365
G0 F7200 X57.163 Y36.176
G1 F900 X37.586 Y55.752 E1027.63427
G0 F7200 X37.586 Y56.318
G1 F900 X57.728 Y36.176 E1028.34483
G0 F7200 X58.32 Y36.149
G1 F900 X37.586 Y56.883 E1029.07628
G0 F7200 X37.586 Y57.449
G1 F900 X62.409 Y32.626 E1029.95198
G0 F7200 X62.409 Y33.192
G1 F900 X37.586 Y58.015 E1030.82767
G0 F7200 X37.586 Y58.58
G1 F900 X62.409 Y33.757 E1031.70337
G0 F7200 X62.409 Y34.323
G1 F900 X37.586 Y59.146 E1032.57907
G0 F7200 X37.586 Y59.712
G1 F900 X62.409 Y34.889 E1033.45477
G0 F7200 X62.409 Y35.454
G1 F900 X37.586 Y60.277 E1034.33047
G0 F7200 X37.586 Y60.843
G1 F900 X62.409 Y36.02 E1035.20617
G0 F7200 X62.409 Y36.586
G1 F900 X37.586 Y61.409 E1036.08186
G0 F7200 X37.586 Y61.974
G1 F900 X62.409 Y37.151 E1036.95756
G0 F7200 X62.409 Y37.717
G1 F900 X37.586 Y62.54 E1037.83326
G0 F7200 X37.586 Y63.106
G1 F900 X62.409 Y38.283 E1038.70896
G0 F7200 X62.409 Y38.848
G1 F900 X37.586 Y63.672 E1039.58468
G0 F7200 X37.586 Y64.238
G1 F900 X62.409 Y39.414 E1040.46039
G0 F7200 X62.409 Y39.98
G1 F900 X37.586 Y64.804 E1041.33611
G0 F7200 X37.586 Y65.369
G1 F900 X62.409 Y40.546 E1042.21181
G0 F7200 X62.409 Y41.111
G1 F900 X37.586 Y65.935 E1043.08752
G0 F7200 X37.586 Y66.501
G1 F900 X62.409 Y41.677 E1043.96324
G0 F7200 X62.409 Y42.243
G1 F900 X37.586 Y67.066 E1044.83894
G0 F7200 X37.586 Y67.632
G1 F900 X43.093 Y62.125 E1045.03321
G0 F7200 X43.498 Y61.72
G1 F900 X62.41 Y42.808 E1045.70038
G0 F7200 X62.41 Y43.373
G1 F900 X44.236 Y61.547 E1046.34152
G0 F7200 X44.799 Y61.549
G1 F900 X62.41 Y43.939 E1046.96278
G0 F7200 X62.41 Y44.505
G1 F900 X45.238 Y61.677 E1047.56857
G0 F7200 X45.553 Y61.927
G1 F900 X62.41 Y45.07 E1048.16324
G0 F7200 X62.41 Y45.636
G1 F900 X46.501 Y61.545 E1048.72447
G0 F7200 X47.069 Y61.542
G1 F900 X62.41 Y46.202 E1049.26565
G0 F7200 X62.41 Y46.767
G1 F900 X47.543 Y61.634 E1049.79013
G0 F7200 X47.88 Y61.863
G1 F900 X62.41 Y47.333 E1050.30271
G0 F7200 X62.41 Y47.899
G1 F900 X48.127 Y62.182 E1050.80658
G0 F7200 X48.276 Y62.599
G1 F900 X62.41 Y48.464 E1051.30521
G0 F7200 X62.41 Y49.03
G1 F900 X48.276 Y63.164 E1051.80383
G0 F7200 X48.276 Y63.73
G1 F900 X62.41 Y49.596 E1052.30244
G0 F7200 X62.41 Y50.161
G1 F900 X48.276 Y64.295 E1052.80106
G0 F7200 X48.276 Y64.861
G1 F900 X62.41 Y50.727 E1053.29968
G0 F7200 X62.41 Y51.293
G1 F900 X48.276 Y65.426 E1053.79827
G0 F7200 X48.277 Y65.991
G1 F900 X51.769 Y62.499 E1053.92146
G0 F7200 X51.72 Y63.114
G1 F900 X48.277 Y66.557 E1054.04292
G0 F7200 X48.277 Y67.123
G1 F900 X51.72 Y63.68 E1054.16438
G0 F7200 X51.72 Y64.246
G1 F900 X48.278 Y67.688 E1054.28581
G0 F7200 X48.278 Y68.253
G1 F900 X51.72 Y64.811 E1054.40724
G0 F7200 X51.72 Y65.377
G1 F900 X48.278 Y68.819 E1054.52866
G0 F7200 X48.278 Y69.384
G1 F900 X51.72 Y65.943 E1054.65007
G0 F7200 X51.72 Y66.508
G1 F900 X48.278 Y69.95 E1054.7715
G0 F7200 X48.278 Y70.516
G1 F900 X51.72 Y67.074 E1054.89292
G0 F7200 X51.72 Y67.64
G1 F900 X48.279 Y71.08 E1055.01429
G0 F7200 X48.279 Y71.646
G1 F900 X51.72 Y68.205 E1055.13569
G0 F7200 X51.72 Y68.771
G1 F900 X48.28 Y72.211 E1055.25704
G0 F7200 X48.28 Y72.777
G1 F900 X51.72 Y69.337 E1055.3784
G0 F7200 X51.72 Y69.902
G1 F900 X48.28 Y73.343 E1055.49977
G0 F7200 X48.35 Y73.838
G1 F900 X51.72 Y70.468 E1055.61865
G0 F7200 X51.72 Y71.034
G1 F900 X48.597 Y74.156 E1055.72881
G0 F7200 X48.805 Y74.514
G1 F900 X51.72 Y71.6 E1055.83163
G0 F7200 X51.72 Y72.165
G1 F900 X48.971 Y74.914 E1055.9286
G0 F7200 X49.079 Y75.372
G1 F900 X51.72 Y72.731 E1056.02177
G0 F7200 X51.72 Y73.297
G1 F900 X49.151 Y75.865 E1056.11238
G0 F7200 X49.141 Y76.441
G1 F900 X51.364 Y74.218 E1056.19081
G1 X51.434 Y74.148
G0 F7200 X50.915 Y75.233
G1 F900 X49.016 Y77.132 E1056.2578
G1 X48.946 Y77.202
G0 F7200 X48.404 Y78.31
G1 F900 X50.836 Y75.878 E1056.34359
G0 F7200 X50.854 Y76.425
G1 F900 X39.372 Y87.908 E1056.74867
G0 F7200 X39.937 Y87.908
G1 F900 X50.927 Y76.918 E1057.13637
G0 F7200 X51.057 Y77.353
G1 F900 X40.503 Y87.908 E1057.50871
G0 F7200 X41.069 Y87.908
G1 F900 X51.226 Y77.75 E1057.86704
G0 F7200 X51.438 Y78.104
G1 F900 X41.634 Y87.908 E1058.21291
G0 F7200 X42.2 Y87.908
G1 F900 X51.685 Y78.422 E1058.54753
G0 F7200 X51.967 Y78.707
G1 F900 X42.766 Y87.908 E1058.87212
G0 F7200 X43.332 Y87.908
G1 F900 X52.265 Y78.974 E1059.18728
G0 F7200 X52.616 Y79.189
G1 F900 X43.897 Y87.908 E1059.49486
G0 F7200 X44.463 Y87.908
G1 F900 X52.993 Y79.377 E1059.7958
G0 F7200 X53.404 Y79.533
G1 F900 X45.029 Y87.908 E1060.09125
G0 F7200 X45.594 Y87.908
G1 F900 X53.882 Y79.62 E1060.38363
G0 F7200 X54.389 Y79.679
G1 F900 X46.16 Y87.908 E1060.67393
G0 F7200 X46.726 Y87.908
G1 F900 X55.017 Y79.616 E1060.96644
G1 X55.087 Y79.546
G0 F7200 X55.827 Y79.372
G1 F900 X47.291 Y87.908 E1061.26757
G0 F7200 X47.857 Y87.908
G1 F900 X62.411 Y73.353 E1061.78102
G0 F7200 X62.411 Y73.919
G1 F900 X48.423 Y87.908 E1062.2745
G0 F7200 X48.988 Y87.908
G1 F900 X62.411 Y74.485 E1062.74803
G0 F7200 X62.411 Y75.05
G1 F900 X49.554 Y87.908 E1063.20161
G0 F7200 X50.12 Y87.908
G1 F900 X62.411 Y75.616 E1063.63523
G0 F7200 X62.411 Y76.182
G1 F900 X50.685 Y87.908 E1064.0489
G0 F7200 X51.251 Y87.908
G1 F900 X62.411 Y76.747 E1064.44261
G0 F7200 X62.411 Y77.313
G1 F900 X51.817 Y87.908 E1064.81636
G0 F7200 X52.382 Y87.908
G1 F900 X62.411 Y77.879 E1065.17016
G0 F7200 X62.411 Y78.444
G1 F900 X52.948 Y87.908 E1065.50401
G0 F7200 X53.514 Y87.908
G1 F900 X62.411 Y79.01 E1065.8179
G0 F7200 X62.411 Y79.576
G1 F900 X54.08 Y87.908 E1066.11181
G0 F7200 X54.645 Y87.908
G1 F900 X62.411 Y80.141 E1066.3858
G0 F7200 X62.411 Y80.707
G1 F900 X55.211 Y87.908 E1066.63981
G0 F7200 X55.777 Y87.908
G1 F900 X62.411 Y81.273 E1066.87386
G0 F7200 X62.411 Y81.838
G1 F900 X56.342 Y87.908 E1067.08798
G0 F7200 X56.908 Y87.908
G1 F900 X62.411 Y82.404 E1067.28213
G0 F7200 X62.411 Y82.97
G1 F900 X57.474 Y87.908 E1067.45632
G0 F7200 X58.039 Y87.908
G1 F900 X62.411 Y83.535 E1067.61057
G0 F7200 X62.411 Y84.101
G1 F900 X58.605 Y87.908 E1067.74485
G0 F7200 X59.171 Y87.908
G1 F900 X62.411 Y84.667 E1067.85917
G0 F7200 X62.411 Y85.233
G1 F900 X59.736 Y87.908 E1067.95354
G0 F7200 X60.302 Y87.908
G1 F900 X62.411 Y85.798 E1068.02796
G0 F7200 X62.411 Y86.364
G1 F900 X60.868 Y87.908 E1068.08241
G0 F7200 X61.433 Y87.908
G1 F900 X62.411 Y86.93 E1068.11691
G0 F7200 X62.411 Y87.495
G1 F900 X61.999 Y87.908 E1068.13146
G0 F7200 X57.685 Y77.514
G1 F900 X62.411 Y72.787 E1068.2982
G0 F7200 X62.411 Y72.222
G1 F900 X57.907 Y76.726 E1068.45709
G0 F7200 X57.981 Y76.086
G1 F900 X62.411 Y71.657 E1068.61335
G0 F7200 X62.411 Y71.091
G1 F900 X57.914 Y75.588 E1068.772
G0 F7200 X57.829 Y75.107
G1 F900 X62.411 Y70.525 E1068.93364
G0 F7200 X62.411 Y69.96
G1 F900 X57.674 Y74.697 E1069.10075
G0 F7200 X57.488 Y74.316
G1 F900 X62.411 Y69.394 E1069.27441
G0 F7200 X62.411 Y68.828
G1 F900 X57.263 Y73.976 E1069.45602
G0 F7200 X57.08 Y73.593
G1 F900 X62.411 Y68.263 E1069.64406
G0 F7200 X62.411 Y67.697
G1 F900 X57.08 Y73.027 E1069.83211
G0 F7200 X57.08 Y72.461
G1 F900 X62.411 Y67.131 E1070.02016
G0 F7200 X62.411 Y66.566
G1 F900 X57.08 Y71.896 E1070.20821
G0 F7200 X57.08 Y71.33
G1 F900 X62.411 Y66 E1070.39625
G0 F7200 X62.411 Y65.434
G1 F900 X57.08 Y70.764 E1070.5843
G0 F7200 X57.08 Y70.199
G1 F900 X62.411 Y64.869 E1070.77235
G0 F7200 X62.411 Y64.303
G1 F900 X57.08 Y69.633 E1070.9604
G0 F7200 X57.08 Y69.067
G1 F900 X62.411 Y63.737 E1071.14845
G0 F7200 X62.411 Y63.172
G1 F900 X57.08 Y68.502 E1071.33649
G0 F7200 X57.08 Y67.936
G1 F900 X62.411 Y62.606 E1071.52454
G0 F7200 X62.411 Y62.04
G1 F900 X57.08 Y67.37 E1071.71259
G0 F7200 X57.08 Y66.805
G1 F900 X62.411 Y61.474 E1071.90065
G0 F7200 X62.411 Y60.909
G1 F900 X57.08 Y66.239 E1072.0887
G0 F7200 X57.08 Y65.673
G1 F900 X62.411 Y60.343 E1072.27675
G0 F7200 X62.411 Y59.777
G1 F900 X57.08 Y65.108 E1072.46482
G0 F7200 X57.08 Y64.542
G1 F900 X62.411 Y59.212 E1072.65286
G0 F7200 X62.411 Y58.646
G1 F900 X57.08 Y63.976 E1072.84091
G0 F7200 X57.08 Y63.411
G1 F900 X62.411 Y58.08 E1073.02898
G0 F7200 X62.41 Y57.515
G1 F900 X57.08 Y62.845 E1073.21701
G0 F7200 X57.005 Y62.355
G1 F900 X62.41 Y56.95 E1073.40768
G0 F7200 X62.41 Y56.384
G1 F900 X56.807 Y61.987 E1073.60534
G0 F7200 X56.507 Y61.721
G1 F900 X62.41 Y55.818 E1073.81359
G0 F7200 X62.41 Y55.253
G1 F900 X56.098 Y61.564 E1074.03624
G0 F7200 X55.552 Y61.545
G1 F900 X62.41 Y54.687 E1074.27818
G0 F7200 X62.41 Y54.121
G1 F900 X54.902 Y61.629 E1074.54304
G0 F7200 X54.183 Y61.783
G1 F900 X62.41 Y53.556 E1074.83327
G0 F7200 X62.41 Y52.99
G1 F900 X53.804 Y61.596 E1075.13687
G0 F7200 X53.289 Y61.545
G1 F900 X62.41 Y52.424 E1075.45864
G0 F7200 X62.41 Y51.859
G1 F900 X52.703 Y61.566 E1075.80108
G1 X52.633 Y61.636
G0 F7200 X43.262 Y61.882
G0 X42.92 Y62.863
G1 F900 X37.586 Y68.198 E1075.98927
G0 F7200 X37.586 Y68.763
G1 F900 X42.92 Y63.429 E1076.17744
G0 F7200 X42.92 Y63.995
G1 F900 X37.586 Y69.329 E1076.36561
G0 F7200 X37.586 Y69.895
G1 F900 X42.92 Y64.56 E1076.5538
G0 F7200 X42.92 Y65.126
G1 F900 X37.586 Y70.46 E1076.74197
G0 F7200 X37.586 Y71.026
G1 F900 X42.92 Y65.692 E1076.93014
G0 F7200 X42.92 Y66.257
G1 F900 X37.586 Y71.592 E1077.11833
G0 F7200 X37.586 Y72.157
G1 F900 X42.92 Y66.823 E1077.3065
G0 F7200 X42.92 Y67.389
G1 F900 X37.586 Y72.723 E1077.49467
G0 F7200 X37.586 Y73.289
G1 F900 X42.92 Y67.954 E1077.68286
G0 F7200 X42.92 Y68.52
G1 F900 X37.586 Y73.854 E1077.87103
G0 F7200 X37.586 Y74.42
G1 F900 X42.92 Y69.086 E1078.05921
G0 F7200 X42.92 Y69.651
G1 F900 X37.586 Y74.986 E1078.24739
G0 F7200 X37.585 Y75.552
G1 F900 X42.92 Y70.217 E1078.4356
G0 F7200 X42.92 Y70.783
G1 F900 X37.585 Y76.118 E1078.62381
G0 F7200 X37.585 Y76.684
G1 F900 X42.92 Y71.348 E1078.81203
G0 F7200 X42.92 Y71.914
G1 F900 X37.585 Y77.249 E1079.00024
G0 F7200 X37.585 Y77.815
G1 F900 X42.92 Y72.48 E1079.18844
G0 F7200 X42.92 Y73.046
G1 F900 X37.585 Y78.381 E1079.37665
G0 F7200 X37.585 Y78.946
G1 F900 X42.92 Y73.611 E1079.56486
G1 X42.99 Y73.541
G0 F7200 X42.26 Y74.837
G1 F900 X37.585 Y79.512 E1079.72978
G0 F7200 X37.585 Y80.078
G1 F900 X42.072 Y75.59 E1079.88809
G0 F7200 X42.022 Y76.206
G1 F900 X37.585 Y80.643 E1080.04462
G0 F7200 X37.585 Y81.209
G1 F900 X42.093 Y76.701 E1080.20365
G0 F7200 X42.196 Y77.164
G1 F900 X37.585 Y81.775 E1080.36631
G0 F7200 X37.585 Y82.34
G1 F900 X42.347 Y77.579 E1080.53429
G0 F7200 X42.544 Y77.947
G1 F900 X37.585 Y82.906 E1080.70923
G0 F7200 X37.585 Y83.472
G1 F900 X42.762 Y78.294 E1080.89188
G0 F7200 X43.037 Y78.585
G1 F900 X37.585 Y84.038 E1081.08423
G0 F7200 X37.585 Y84.603
G1 F900 X43.332 Y78.857 E1081.28696
G0 F7200 X43.658 Y79.096
G1 F900 X37.585 Y85.169 E1081.5012
G0 F7200 X37.585 Y85.735
G1 F900 X44.017 Y79.303 E1081.7281
G0 F7200 X44.419 Y79.466
G1 F900 X37.585 Y86.3 E1081.96919
G0 F7200 X37.585 Y86.866
G1 F900 X44.856 Y79.595 E1082.2257
G0 F7200 X45.363 Y79.653
G1 F900 X37.585 Y87.432 E1082.5001
G0 F7200 X37.675 Y87.908
G1 F900 X45.927 Y79.655 E1082.79123
G0 F7200 X46.629 Y79.519
G1 F900 X38.24 Y87.908 E1083.08718
G0 F7200 X38.806 Y87.908
G1 F900 X47.859 Y78.854 E1083.40656
G1 X47.929 Y78.784
G0 F7200 X48.364 Y77.969
G0 X48.755 Y76.897
G0 X52.062 Y61.882
G0 X59.253 Y35.217
G1 F900 X62.409 Y32.06 E1083.51792
G0 F7200 X62.409 Y31.495
G1 F900 X59.277 Y34.627 E1083.62841
G0 F7200 X59.277 Y34.061
G1 F900 X62.409 Y30.929 E1083.7389
G0 F7200 X62.409 Y30.363
G1 F900 X59.277 Y33.496 E1083.84941
G0 F7200 X59.277 Y32.93
G1 F900 X62.409 Y29.797 E1083.95991
G0 F7200 X62.409 Y29.232
G1 F900 X59.277 Y32.364 E1084.0704
G0 F7200 X59.277 Y31.799
G1 F900 X62.409 Y28.666 E1084.18091
G0 F7200 X62.409 Y28.1
G1 F900 X59.277 Y31.233 E1084.29142
G0 F7200 X59.277 Y30.667
G1 F900 X62.409 Y27.535 E1084.40191
G0 F7200 X62.409 Y26.97
G1 F900 X59.277 Y30.101 E1084.51238
G0 F7200 X59.277 Y29.535
G1 F900 X62.409 Y26.404 E1084.62285
G0 F7200 X62.409 Y25.838
G1 F900 X59.277 Y28.969 E1084.73332
G0 F7200 X59.277 Y28.404
G1 F900 X62.409 Y25.273 E1084.8438
G0 F7200 X62.409 Y24.707
G1 F900 X59.277 Y27.838 E1084.95427
G0 F7200 X59.278 Y27.272
G1 F900 X62.409 Y24.141 E1085.06472
G0 F7200 X62.409 Y23.576
G1 F900 X59.278 Y26.706 E1085.17516
G0 F7200 X59.278 Y26.14
G1 F900 X62.409 Y23.01 E1085.2856
G0 F7200 X62.409 Y22.444
G1 F900 X59.278 Y25.575 E1085.39605
G0 F7200 X59.278 Y25.009
G1 F900 X62.409 Y21.879 E1085.50649
G0 F7200 X62.409 Y21.313
G1 F900 X59.278 Y24.443 E1085.61692
G0 F7200 X59.278 Y23.878
G1 F900 X62.409 Y20.747 E1085.72738
G0 F7200 X62.409 Y20.182
G1 F900 X59.279 Y23.311 E1085.83778
G0 F7200 X59.279 Y22.746
G1 F900 X62.409 Y19.616 E1085.9482
G0 F7200 X62.409 Y19.05
G1 F900 X59.279 Y22.18 E1086.05862
G0 F7200 X59.279 Y21.614
G1 F900 X62.409 Y18.484 E1086.16904
G0 F7200 X62.409 Y17.919
G1 F900 X59.279 Y21.048 E1086.27944
G0 F7200 X59.279 Y20.483
G1 F900 X62.409 Y17.353 E1086.38986
G0 F7200 X62.409 Y16.787
G1 F900 X59.279 Y19.917 E1086.50028
G0 F7200 X59.28 Y19.351
G1 F900 X62.409 Y16.222 E1086.61066
G0 F7200 X62.409 Y15.656
G1 F900 X59.28 Y18.785 E1086.72105
G0 F7200 X59.28 Y18.219
G1 F900 X62.409 Y15.09 E1086.83143
G0 F7200 X62.409 Y14.525
G1 F900 X59.28 Y17.654 E1086.94181
G0 F7200 X59.28 Y17.088
G1 F900 X62.409 Y13.959 E1087.0522
G0 F7200 X62.409 Y13.393
G1 F900 X59.28 Y16.522 E1087.16258
G0 F7200 X59.28 Y15.957
G1 F900 X62.409 Y12.828 E1087.27297
G0 F7200 X62.409 Y12.262
G1 F900 X59.28 Y15.39 E1087.38333
G0 F7200 X59.28 Y14.824
G1 F900 X62.018 Y12.087 E1087.4799
G0 F7200 X61.453 Y12.087
G1 F900 X59.28 Y14.259 E1087.55654
G0 F7200 X59.28 Y13.693
G1 F900 X60.887 Y12.087 E1087.61322
G0 F7200 X60.322 Y12.086
G1 F900 X59.28 Y13.127 E1087.64996
G0 F7200 X59.28 Y12.562
G1 F900 X59.757 Y12.085 E1087.66679
G0 F7200 X58.938 Y35.838
G0 X54.462 Y61.882
G0 X54.345 Y74.986
G0 X53.589 Y76.084
G1 F900 X53.654 Y75.779 E1087.67457
G1 X53.771 Y75.564 E1087.68067
G1 X54.279 Y75.124 E1087.69744
G1 X54.4 Y74.95 E1087.70272
G1 X54.521 Y75.124 E1087.70801
G1 X54.938 Y75.487 E1087.7218
G1 X55.147 Y75.788 E1087.73094
G1 X55.207 Y76.113 E1087.73919
G1 X55.142 Y76.416 E1087.74692
G1 X54.911 Y76.724 E1087.75652
G1 X54.757 Y76.823 E1087.76109
G1 X54.492 Y76.897 E1087.76795
G1 X54.149 Y76.871 E1087.77653
G1 X53.965 Y76.783 E1087.78162
G1 X53.748 Y76.586 E1087.78893
G1 X53.648 Y76.403 E1087.79413
G1 X53.589 Y76.084 E1087.80223
G0 F7200 X54.593 Y76.646
G1 F900 X54.968 Y76.271 E1087.81545
G0 F7200 X54.896 Y75.778
G1 F900 X54.084 Y76.59 E1087.8441
G0 F7200 X53.829 Y76.278
G1 F900 X54.628 Y75.48 E1087.87227
G1 X54.698 Y75.41
G0 F7200 X54.338 Y61.882
G0 X45.662 Y61.882
G0 X45.655 Y74.967
G0 X46.408 Y76.047
G1 F900 X46.348 Y76.404 E1087.8813
G1 X46.106 Y76.728 E1087.89139
G1 X45.956 Y76.823 E1087.89582
G1 X45.683 Y76.904 E1087.90292
G1 X45.294 Y76.851 E1087.91271
G1 X44.99 Y76.636 E1087.922
G1 X44.847 Y76.399 E1087.92891
G1 X44.788 Y76.084 E1087.9369
G1 X44.854 Y75.779 E1087.94469
G1 X44.971 Y75.564 E1087.95079
G1 X45.479 Y75.124 E1087.96756
G1 X45.6 Y74.95 E1087.97284
G1 X45.721 Y75.124 E1087.97813
G1 X46.263 Y75.602 E1087.99616
G1 X46.408 Y76.047 E1088.00783
G0 F7200 X45.504 Y76.684
G1 F900 X46.188 Y76.001 E1088.03194
G0 F7200 X45.993 Y75.629
G1 F900 X45.135 Y76.488 E1088.06223
G0 F7200 X44.998 Y76.059
G1 F900 X45.692 Y75.365 E1088.08671
G1 X45.762 Y75.295
G0 F7200 X45.663 Y75.428
;MESH:NONMESH
G0 F600 Z1.835
G0 F7200 X45.662 Y61.882
G0 X58.938 Y35.838
G0 X58.701 Y35.115
;TIME_ELAPSED:2137.206671
;LAYER:4
;TYPE:WALL-INNER
;MESH:luckfox_top.stl
G1 F2400 X58.61 Y35.317 E1088.09224
G1 X58.405 Y35.518 E1088.0994
G1 X58.166 Y35.601 E1088.10571
G1 X41.837 Y35.6 E1088.51304
G1 X41.595 Y35.517 E1088.51942
G1 X41.39 Y35.317 E1088.52657
G1 X41.3 Y35.117 E1088.53204
G1 X41.3 Y11.5 E1089.12117
G1 X37.2 Y11.5 E1089.22344
G1 X37.053 Y11.548 E1089.2273
G1 X37 Y11.671 E1089.23064
G1 X37 Y88.296 E1091.14206
G1 X37.06 Y88.459 E1091.14639
G1 X37.132 Y88.491 E1091.14836
G1 X62.814 Y88.5 E1091.789
G1 X62.946 Y88.443 E1091.79258
G1 X62.992 Y88.327 E1091.7957
G1 X62.999 Y11.693 E1093.70734
G1 X62.942 Y11.542 E1093.71136
G1 X62.825 Y11.5 E1093.71447
G1 X58.701 Y11.501 E1093.81734
G1 X58.701 Y35.115 E1094.40639
G0 F7200 X59.01 Y35.115
G0 X56.81 Y62.637
G0 X56.5 Y62.637
G1 F2400 X56.5 Y73.987 E1094.68952
G1 X56.774 Y74.272 E1094.69938
G1 X57.117 Y74.822 E1094.71555
G1 X57.358 Y75.579 E1094.73537
G1 X57.397 Y76.1 E1094.7484
G1 X57.316 Y76.796 E1094.76588
G1 X57.138 Y77.321 E1094.77971
G1 X56.83 Y77.866 E1094.79532
G1 X56.428 Y78.307 E1094.81021
G1 X56.111 Y78.563 E1094.82037
G1 X55.685 Y78.809 E1094.83264
G1 X55.274 Y78.966 E1094.84362
G1 X54.804 Y79.072 E1094.85564
G1 X54.395 Y79.1 E1094.86586
G1 X53.662 Y79.012 E1094.88428
G1 X53.07 Y78.789 E1094.90006
G1 X52.641 Y78.533 E1094.91252
G1 X52.22 Y78.158 E1094.92659
G1 X51.972 Y77.862 E1094.93622
G1 X51.685 Y77.372 E1094.95039
G1 X51.449 Y76.634 E1094.96971
G1 X51.401 Y76.05 E1094.98433
G1 X51.486 Y75.374 E1095.00133
G1 X51.685 Y74.815 E1095.01613
G1 X51.947 Y74.368 E1095.02905
G1 X52.3 Y73.985 E1095.04205
G1 X52.3 Y62.72 E1095.32305
G1 X52.365 Y62.447 E1095.33005
G1 X52.606 Y62.196 E1095.33873
G1 X52.803 Y62.121 E1095.34399
G1 X53.567 Y62.119 E1095.36305
G1 X53.805 Y62.203 E1095.36934
G1 X53.958 Y62.332 E1095.37434
G1 F2133.3 X54.15 Y62.72 E1095.38649
G1 F1912.4 X54.149 Y74.597 E1095.75831
G1 F2123.9 X53.999 Y74.875 E1095.76721
G1 F2400 X53.588 Y75.223 E1095.78065
G1 X53.381 Y75.472 E1095.78872
G1 X53.28 Y75.671 E1095.79429
G1 X53.209 Y75.975 E1095.80208
G1 X53.259 Y76.456 E1095.81414
G1 X53.388 Y76.735 E1095.82181
G1 X53.587 Y76.971 E1095.82951
G1 X53.822 Y77.143 E1095.83677
G1 X54.237 Y77.284 E1095.84771
G1 X54.558 Y77.284 E1095.85571
G1 X54.757 Y77.24 E1095.8608
G1 X55.044 Y77.105 E1095.86871
G1 X55.211 Y76.974 E1095.874
G1 X55.416 Y76.726 E1095.88203
G1 X55.515 Y76.527 E1095.88758
G1 X55.587 Y76.221 E1095.89542
G1 X55.543 Y75.748 E1095.90727
G1 X55.407 Y75.463 E1095.91514
G1 X55.212 Y75.223 E1095.92286
G1 X54.801 Y74.875 E1095.93629
G1 F2123.9 X54.651 Y74.597 E1095.9452
G1 F1912.4 X54.65 Y62.72 E1096.31702
G1 F2133.3 X54.842 Y62.332 E1096.32917
G1 F2400 X54.995 Y62.203 E1096.33416
G1 X55.241 Y62.122 E1096.34062
G1 X55.964 Y62.123 E1096.35866
G1 X56.261 Y62.239 E1096.36661
G1 X56.402 Y62.389 E1096.37174
G1 X56.5 Y62.637 E1096.3784
G0 F7200 X56.81 Y62.637
G0 X52.062 Y61.882
G0 X48.01 Y62.447
G0 X47.635 Y62.447
G1 F2400 X47.7 Y62.72 E1096.3854
G1 X47.7 Y73.987 E1096.66645
G1 X48.057 Y74.381 E1096.67972
G1 X48.31 Y74.818 E1096.69231
G1 X48.551 Y75.565 E1096.71189
G1 X48.594 Y76.152 E1096.72657
G1 X48.511 Y76.821 E1096.74339
G1 X48.316 Y77.375 E1096.75804
G1 X48.028 Y77.862 E1096.77215
G1 X47.66 Y78.277 E1096.78599
G1 X47.352 Y78.537 E1096.79605
G1 X46.845 Y78.827 E1096.81062
G1 X46.473 Y78.966 E1096.82052
G1 X46.004 Y79.072 E1096.83252
G1 X45.595 Y79.1 E1096.84274
G1 X44.866 Y79.013 E1096.86106
G1 X44.314 Y78.813 E1096.8757
G1 X43.825 Y78.526 E1096.88985
G1 X43.449 Y78.186 E1096.90249
G1 X43.142 Y77.816 E1096.91448
G1 X42.855 Y77.297 E1096.92928
G1 X42.642 Y76.622 E1096.94693
G1 X42.604 Y76.023 E1096.96191
G1 X42.685 Y75.358 E1096.97862
G1 X42.912 Y74.765 E1096.99446
G1 X43.14 Y74.381 E1097.0056
G1 X43.5 Y73.985 E1097.01895
G1 X43.5 Y62.636 E1097.30205
G1 X43.599 Y62.389 E1097.30869
G1 X43.739 Y62.24 E1097.31379
G1 X44.036 Y62.123 E1097.32175
G1 X44.788 Y62.126 E1097.34051
G1 X45.005 Y62.203 E1097.34625
G1 X45.158 Y62.332 E1097.35125
G1 F2133.3 X45.35 Y62.72 E1097.36339
G1 F1912.4 X45.349 Y74.597 E1097.73522
G1 F2123.9 X45.199 Y74.875 E1097.74412
G1 F2400 X44.788 Y75.223 E1097.75755
G1 X44.581 Y75.472 E1097.76563
G1 X44.48 Y75.671 E1097.7712
G1 X44.409 Y75.975 E1097.77899
G1 X44.411 Y76.243 E1097.78567
G1 X44.49 Y76.541 E1097.79336
G1 X44.714 Y76.904 E1097.804
G1 X45.147 Y77.207 E1097.81719
G1 X45.451 Y77.284 E1097.82501
G1 X45.758 Y77.284 E1097.83267
G1 X45.957 Y77.24 E1097.83775
G1 X46.244 Y77.105 E1097.84566
G1 X46.411 Y76.974 E1097.85096
G1 X46.616 Y76.726 E1097.85898
G1 X46.715 Y76.527 E1097.86453
G1 X46.787 Y76.221 E1097.87237
G1 X46.74 Y75.738 E1097.88447
G1 X46.609 Y75.461 E1097.89212
G1 X46.412 Y75.223 E1097.89983
G1 X46.001 Y74.875 E1097.91326
G1 F2123.9 X45.851 Y74.597 E1097.92216
G1 F1912.4 X45.85 Y62.72 E1098.29399
G1 F2133.3 X46.042 Y62.332 E1098.30613
G1 F2400 X46.195 Y62.203 E1098.31113
G1 X46.441 Y62.122 E1098.31759
G1 X47.147 Y62.121 E1098.3352
G1 X47.394 Y62.196 E1098.34164
G1 X47.635 Y62.447 E1098.35032
G0 F7200 X47.3 Y62.72
;TYPE:WALL-OUTER
G1 F1200 X47.3 Y74.147 E1098.63537
G1 X47.713 Y74.586 E1098.6504
G1 X47.959 Y75.015 E1098.66274
G1 X48.16 Y75.649 E1098.67933
G1 X48.196 Y76.084 E1098.69022
G1 X48.12 Y76.735 E1098.70657
G1 X47.954 Y77.205 E1098.719
G1 X47.703 Y77.629 E1098.73129
G1 X47.39 Y77.982 E1098.74306
G1 X47.123 Y78.209 E1098.7518
G1 X46.698 Y78.455 E1098.76405
G1 X46.385 Y78.576 E1098.77242
G1 X45.935 Y78.678 E1098.78393
G1 X45.57 Y78.699 E1098.79305
G1 X44.978 Y78.623 E1098.80794
G1 X44.488 Y78.453 E1098.82088
G1 X44.049 Y78.189 E1098.83366
G1 X43.717 Y77.889 E1098.84482
G1 X43.487 Y77.614 E1098.85376
G1 X43.237 Y77.177 E1098.86632
G1 X43.036 Y76.526 E1098.88332
G1 X43 Y76.114 E1098.89363
G1 X43.083 Y75.436 E1098.91067
G1 X43.239 Y75.004 E1098.92213
G1 X43.484 Y74.585 E1098.93424
G1 X43.9 Y74.147 E1098.94931
G1 X43.903 Y62.68 E1099.23535
G1 X43.979 Y62.56 E1099.23889
G1 X44.056 Y62.524 E1099.24101
G1 X44.72 Y62.52 E1099.25758
G1 X44.853 Y62.59 E1099.26133
G1 X44.9 Y62.72 E1099.26478
G1 X44.9 Y74.558 E1099.56008
G1 X44.867 Y74.652 E1099.56256
G1 X44.511 Y74.931 E1099.57384
G1 X44.245 Y75.251 E1099.58422
G1 X44.102 Y75.533 E1099.59211
G1 X44.009 Y75.931 E1099.60231
G1 X44.012 Y76.297 E1099.61144
G1 X44.116 Y76.689 E1099.62155
G1 X44.43 Y77.189 E1099.63628
G1 X44.751 Y77.452 E1099.64663
G1 X45.004 Y77.583 E1099.65374
G1 X45.401 Y77.684 E1099.66396
G1 X45.802 Y77.684 E1099.67396
G1 X46.087 Y77.621 E1099.68124
G1 X46.454 Y77.448 E1099.69136
G1 X46.691 Y77.263 E1099.69886
G1 X46.954 Y76.946 E1099.70914
G1 X47.094 Y76.663 E1099.71702
G1 X47.187 Y76.265 E1099.72721
G1 X47.184 Y75.899 E1099.73634
G1 X47.121 Y75.609 E1099.74374
G1 X46.949 Y75.245 E1099.75379
G1 X46.689 Y74.931 E1099.76396
G1 X46.333 Y74.652 E1099.77524
G1 X46.3 Y74.558 E1099.77772
G1 X46.3 Y62.72 E1100.07302
G1 X46.347 Y62.59 E1100.07647
G1 X46.48 Y62.52 E1100.08022
G1 X47.116 Y62.52 E1100.09609
G1 X47.224 Y62.562 E1100.09898
G1 X47.3 Y62.72 E1100.10335
G0 F7200 X47.3 Y62.92
G0 X48.01 Y62.92
G0 X52.062 Y61.882
G0 X56.738 Y61.882
G0 X56.81 Y62.68
G0 X56.097 Y62.68
G1 F1200 X56.1 Y74.147 E1100.3894
G1 X56.513 Y74.586 E1100.40443
G1 X56.759 Y75.015 E1100.41677
G1 X56.964 Y75.676 E1100.43403
G1 X56.997 Y76.1 E1100.44464
G1 X56.922 Y76.727 E1100.46039
G1 X56.745 Y77.222 E1100.47351
G1 X56.49 Y77.646 E1100.48585
G1 X55.938 Y78.197 E1100.5053
G1 X55.511 Y78.449 E1100.51767
G1 X55.185 Y78.576 E1100.5264
G1 X54.735 Y78.678 E1100.53791
G1 X54.37 Y78.699 E1100.54703
G1 X53.778 Y78.623 E1100.56192
G1 X53.274 Y78.445 E1100.57525
G1 X52.869 Y78.205 E1100.58699
G1 X52.508 Y77.88 E1100.59911
G1 X52.287 Y77.614 E1100.60774
G1 X52.037 Y77.177 E1100.6203
G1 X51.84 Y76.55 E1100.63669
G1 X51.8 Y76.114 E1100.64761
G1 X51.876 Y75.46 E1100.66404
G1 X52.039 Y75.004 E1100.67612
G1 X52.283 Y74.585 E1100.68821
G1 X52.7 Y74.147 E1100.7033
G1 X52.706 Y62.67 E1100.98959
G1 X52.845 Y62.519 E1100.99471
G1 X53.539 Y62.523 E1101.01202
G1 X53.653 Y62.59 E1101.01532
G1 X53.7 Y62.72 E1101.01877
G1 X53.7 Y74.558 E1101.31407
G1 X53.667 Y74.652 E1101.31656
G1 X53.311 Y74.931 E1101.32784
G1 X53.045 Y75.251 E1101.33822
G1 X52.902 Y75.533 E1101.34611
G1 X52.809 Y75.931 E1101.3563
G1 X52.812 Y76.3 E1101.36551
G1 X52.879 Y76.586 E1101.37283
G1 X53.047 Y76.951 E1101.38286
G1 X53.311 Y77.265 E1101.39309
G1 X53.618 Y77.49 E1101.40259
G1 X53.904 Y77.621 E1101.41043
G1 X54.194 Y77.684 E1101.41784
G1 X54.602 Y77.684 E1101.42801
G1 X54.887 Y77.621 E1101.43529
G1 X55.254 Y77.448 E1101.44542
G1 X55.491 Y77.263 E1101.45291
G1 X55.754 Y76.946 E1101.46319
G1 X55.894 Y76.663 E1101.47107
G1 X55.987 Y76.265 E1101.48126
G1 X55.984 Y75.899 E1101.49039
G1 X55.925 Y75.62 E1101.49751
G1 X55.749 Y75.245 E1101.50784
G1 X55.489 Y74.931 E1101.51801
G1 X55.133 Y74.652 E1101.52929
G1 X55.1 Y74.558 E1101.53178
G1 X55.1 Y62.72 E1101.82708
G1 X55.147 Y62.59 E1101.83052
G1 X55.28 Y62.52 E1101.83427
G1 X55.944 Y62.524 E1101.85084
G1 X56.021 Y62.559 E1101.85295
G1 X56.097 Y62.68 E1101.85651
G0 F7200 X56.097 Y62.88
G0 X56.81 Y62.88
G0 X59.01 Y35.043
G0 X58.301 Y35.043
G1 F1200 X58.239 Y35.145 E1101.85949
G1 X58.147 Y35.201 E1101.86218
G1 X41.817 Y35.198 E1102.26953
G1 X41.7 Y35.041 E1102.27441
G1 X41.7 Y11.1 E1102.87162
G1 X37.136 Y11.1 E1102.98547
G1 X36.85 Y11.194 E1102.99298
G1 X36.641 Y11.448 E1103.00119
G1 X36.6 Y11.627 E1103.00577
G1 X36.6 Y88.36 E1104.91988
G1 X36.694 Y88.647 E1104.92742
G1 X36.802 Y88.771 E1104.93152
G1 X37.082 Y88.891 E1104.93912
G1 X62.882 Y88.9 E1105.5827
G1 X63.141 Y88.809 E1105.58955
G1 X63.286 Y88.673 E1105.59451
G1 X63.392 Y88.402 E1105.60177
G1 X63.399 Y11.618 E1107.51715
G1 X63.284 Y11.318 E1107.52517
G1 X63.048 Y11.141 E1107.53252
G1 X62.869 Y11.1 E1107.5371
G1 X58.301 Y11.101 E1107.65105
G1 X58.301 Y35.043 E1108.24829
G0 F7200 X58.239 Y35.145
G0 X58.17 Y35.187
G0 X58.17 Y35.91
G0 X48.078 Y62.543
;TYPE:SKIN
G1 F900 X47.876 Y62.117 E1108.26005
G1 X47.617 Y61.886 E1108.26871
G1 X47.268 Y61.74 E1108.27814
G1 X46.4 Y61.74 E1108.2998
G1 X46.015 Y61.868 E1108.30992
G1 X45.777 Y62.057 E1108.3175
G1 X45.598 Y62.349 E1108.32604
G1 X45.421 Y62.058 E1108.33454
G1 X45.185 Y61.868 E1108.3421
G1 X44.819 Y61.744 E1108.35174
G1 X43.993 Y61.745 E1108.37234
G1 X43.762 Y61.8 E1108.37826
G1 X43.507 Y61.936 E1108.38547
G1 X43.279 Y62.18 E1108.3938
G1 X43.12 Y62.612 E1108.40529
G1 X43.12 Y73.832 E1108.68517
G1 X42.83 Y74.159 E1108.69607
G1 X42.584 Y74.565 E1108.70792
G1 X42.321 Y75.244 E1108.72608
G1 X42.224 Y76.009 E1108.74531
G1 X42.267 Y76.679 E1108.76206
G1 X42.541 Y77.545 E1108.78472
G1 X42.913 Y78.149 E1108.80242
G1 X43.177 Y78.449 E1108.81238
G1 X43.686 Y78.885 E1108.8291
G1 X44.144 Y79.153 E1108.84234
G1 X44.759 Y79.377 E1108.85867
G1 X45.568 Y79.479 E1108.87901
G1 X46.067 Y79.446 E1108.89148
G1 X46.59 Y79.324 E1108.90488
G1 X47.053 Y79.15 E1108.91722
G1 X47.572 Y78.848 E1108.9322
G1 X47.926 Y78.542 E1108.94387
G1 X48.336 Y78.084 E1108.9592
G1 X48.649 Y77.549 E1108.97466
G1 X48.882 Y76.886 E1108.99219
G1 X48.98 Y76.093 E1109.01213
G1 X48.918 Y75.471 E1109.02772
G1 X48.68 Y74.708 E1109.04766
G1 X48.378 Y74.176 E1109.06292
G1 X48.08 Y73.835 E1109.07421
G1 X48.078 Y62.543 E1109.35589
G0 F7200 X52.062 Y61.882
G0 X56.738 Y61.882
G0 X56.739 Y62.214
G1 F900 X56.488 Y61.935 E1109.36525
G1 X56.234 Y61.8 E1109.37243
G1 X56.004 Y61.745 E1109.37833
G1 X55.211 Y61.737 E1109.39811
G1 X54.815 Y61.868 E1109.40852
G1 X54.577 Y62.057 E1109.4161
G1 X54.398 Y62.349 E1109.42464
G1 X54.221 Y62.058 E1109.43314
G1 X53.985 Y61.868 E1109.4407
G1 X53.64 Y61.747 E1109.44982
G1 X52.78 Y61.74 E1109.47127
G1 X52.379 Y61.89 E1109.48195
G1 X52.016 Y62.295 E1109.49552
G1 X51.92 Y62.706 E1109.50604
G1 X51.92 Y73.835 E1109.78366
G1 X51.626 Y74.166 E1109.7947
G1 X51.344 Y74.639 E1109.80844
G1 X51.11 Y75.307 E1109.82609
G1 X51.016 Y76.103 E1109.84609
G1 X51.072 Y76.691 E1109.86082
G1 X51.317 Y77.481 E1109.88146
G1 X51.67 Y78.093 E1109.89908
G1 X51.946 Y78.422 E1109.90979
G1 X52.42 Y78.844 E1109.92562
G1 X52.901 Y79.128 E1109.93956
G1 X53.545 Y79.372 E1109.95674
G1 X54.367 Y79.479 E1109.97741
G1 X54.875 Y79.446 E1109.99011
G1 X55.503 Y79.293 E1110.00624
G1 X55.899 Y79.125 E1110.01697
G1 X56.302 Y78.889 E1110.02862
G1 X56.665 Y78.601 E1110.04018
G1 X57.123 Y78.108 E1110.05696
G1 X57.483 Y77.474 E1110.07515
G1 X57.69 Y76.859 E1110.09134
G1 X57.777 Y76.096 E1110.11049
G1 X57.703 Y75.429 E1110.12723
G1 X57.488 Y74.743 E1110.14517
G1 X57.188 Y74.195 E1110.16075
G1 X56.88 Y73.836 E1110.17255
G1 X56.88 Y62.612 E1110.45253
G1 X56.739 Y62.214 E1110.46307
G0 F7200 X56.81 Y62.214
G0 X59.046 Y35.255
G1 F900 X59.079 Y35.02 E1110.46899
G1 X59.081 Y11.881 E1111.04619
G1 X62.615 Y11.881 E1111.13435
G1 X62.608 Y88.115 E1113.03601
G1 X37.38 Y88.108 E1113.66533
G1 X37.38 Y11.88 E1115.56684
G1 X40.92 Y11.88 E1115.65515
G1 X40.921 Y35.026 E1116.23253
G1 X40.949 Y35.242 E1116.23796
G1 X41.048 Y35.489 E1116.2446
G1 X41.397 Y35.844 E1116.25702
G1 X41.785 Y35.978 E1116.26725
G1 X58.207 Y35.978 E1116.6769
G1 X58.56 Y35.862 E1116.68617
G1 X58.905 Y35.551 E1116.69776
G1 X59.046 Y35.255 E1116.70594
G0 F7200 X62.416 Y12.635
G1 F900 X61.862 Y12.082 E1116.72546
G0 F7200 X61.296 Y12.082
G1 F900 X62.416 Y13.201 E1116.76496
G0 F7200 X62.416 Y13.767
G1 F900 X60.731 Y12.082 E1116.8244
G0 F7200 X60.165 Y12.082
G1 F900 X62.416 Y14.332 E1116.90379
G0 F7200 X62.416 Y14.898
G1 F900 X59.599 Y12.082 E1117.00315
G0 F7200 X59.28 Y12.328
G1 F900 X62.416 Y15.464 E1117.11378
G0 F7200 X62.416 Y16.029
G1 F900 X59.28 Y12.894 E1117.2244
G0 F7200 X59.28 Y13.46
G1 F900 X62.416 Y16.595 E1117.33501
G0 F7200 X62.416 Y17.161
G1 F900 X59.28 Y14.025 E1117.44564
G0 F7200 X59.28 Y14.591
G1 F900 X62.416 Y17.726 E1117.55625
G0 F7200 X62.416 Y18.292
G1 F900 X59.28 Y15.157 E1117.66687
G0 F7200 X59.28 Y15.723
G1 F900 X62.416 Y18.858 E1117.77748
G0 F7200 X62.415 Y19.423
G1 F900 X59.28 Y16.287 E1117.88809
G0 F7200 X59.28 Y16.853
G1 F900 X62.415 Y19.988 E1117.99869
G0 F7200 X62.415 Y20.554
G1 F900 X59.28 Y17.419 E1118.10928
G0 F7200 X59.28 Y17.985
G1 F900 X62.415 Y21.12 E1118.21988
G0 F7200 X62.415 Y21.686
G1 F900 X59.28 Y18.55 E1118.33049
G0 F7200 X59.28 Y19.116
G1 F900 X62.415 Y22.251 E1118.44109
G0 F7200 X62.415 Y22.817
G1 F900 X59.28 Y19.682 E1118.55168
G0 F7200 X59.279 Y20.247
G1 F900 X62.415 Y23.383 E1118.66232
G0 F7200 X62.415 Y23.948
G1 F900 X59.279 Y20.812 E1118.77295
G0 F7200 X59.279 Y21.378
G1 F900 X62.415 Y24.514 E1118.88358
G0 F7200 X62.415 Y25.08
G1 F900 X59.279 Y21.944 E1118.99421
G0 F7200 X59.279 Y22.509
G1 F900 X62.415 Y25.645 E1119.10484
G0 F7200 X62.414 Y26.21
G1 F900 X59.279 Y23.075 E1119.21543
G0 F7200 X59.278 Y23.64
G1 F900 X62.414 Y26.776 E1119.32607
G0 F7200 X62.414 Y27.342
G1 F900 X59.278 Y24.206 E1119.4367
G0 F7200 X59.278 Y24.771
G1 F900 X62.414 Y27.907 E1119.54733
G0 F7200 X62.414 Y28.473
G1 F900 X59.278 Y25.337 E1119.65796
G0 F7200 X59.278 Y25.903
G1 F900 X62.414 Y29.039 E1119.76859
G0 F7200 X62.414 Y29.604
G1 F900 X59.278 Y26.468 E1119.87922
G0 F7200 X59.278 Y27.034
G1 F900 X62.414 Y30.17 E1119.98985
G0 F7200 X62.414 Y30.736
G1 F900 X59.277 Y27.599 E1120.10052
G0 F7200 X59.277 Y28.165
G1 F900 X62.414 Y31.301 E1120.21117
G0 F7200 X62.414 Y31.867
G1 F900 X59.277 Y28.73 E1120.32183
G0 F7200 X59.277 Y29.296
G1 F900 X62.414 Y32.433 E1120.4325
G0 F7200 X62.413 Y32.998
G1 F900 X59.277 Y29.862 E1120.54313
G0 F7200 X59.277 Y30.428
G1 F900 X62.413 Y33.564 E1120.65376
G0 F7200 X62.413 Y34.129
G1 F900 X59.277 Y30.993 E1120.76439
G0 F7200 X59.277 Y31.558
G1 F900 X62.413 Y34.695 E1120.87504
G0 F7200 X62.413 Y35.261
G1 F900 X59.277 Y32.124 E1120.98569
G0 F7200 X59.277 Y32.69
G1 F900 X62.413 Y35.826 E1121.09632
G0 F7200 X62.413 Y36.392
G1 F900 X59.277 Y33.255 E1121.20697
G0 F7200 X59.277 Y33.821
G1 F900 X62.413 Y36.958 E1121.31761
G0 F7200 X62.413 Y37.523
G1 F900 X59.277 Y34.387 E1121.42825
G0 F7200 X59.277 Y34.952
G1 F900 X62.413 Y38.089 E1121.53889
G0 F7200 X62.413 Y38.655
G1 F900 X59.178 Y35.42 E1121.65302
G0 F7200 X58.964 Y35.77
G1 F900 X62.413 Y39.22 E1121.77471
G0 F7200 X62.413 Y39.785
G1 F900 X58.659 Y36.031 E1121.90714
G0 F7200 X58.238 Y36.176
G1 F900 X62.413 Y40.351 E1122.05442
G0 F7200 X62.413 Y40.917
G1 F900 X57.672 Y36.176 E1122.22168
G0 F7200 X57.107 Y36.176
G1 F900 X62.413 Y41.482 E1122.40886
G0 F7200 X62.413 Y42.048
G1 F900 X56.541 Y36.176 E1122.61601
G0 F7200 X55.975 Y36.176
G1 F900 X62.413 Y42.614 E1122.84313
G0 F7200 X62.413 Y43.179
G1 F900 X55.41 Y36.176 E1123.09018
G0 F7200 X54.844 Y36.176
G1 F900 X62.413 Y43.745 E1123.3572
G0 F7200 X62.413 Y44.311
G1 F900 X54.278 Y36.176 E1123.64418
G0 F7200 X53.713 Y36.176
G1 F900 X62.413 Y44.877 E1123.95111
G0 F7200 X62.413 Y45.442
G1 F900 X53.147 Y36.176 E1124.278
G0 F7200 X52.581 Y36.176
G1 F900 X62.413 Y46.008 E1124.62485
G0 F7200 X62.412 Y46.573
G1 F900 X52.015 Y36.176 E1124.99163
G0 F7200 X51.45 Y36.176
G1 F900 X62.412 Y47.139 E1125.37836
G0 F7200 X62.412 Y47.704
G1 F900 X50.884 Y36.176 E1125.78504
G0 F7200 X50.318 Y36.176
G1 F900 X62.412 Y48.27 E1126.21169
G0 F7200 X62.412 Y48.836
G1 F900 X49.753 Y36.176 E1126.65829
G0 F7200 X49.187 Y36.176
G1 F900 X62.412 Y49.401 E1127.12484
G0 F7200 X62.412 Y49.967
G1 F900 X48.621 Y36.176 E1127.61135
G0 F7200 X48.056 Y36.176
G1 F900 X62.412 Y50.533 E1128.11782
G0 F7200 X62.412 Y51.098
G1 F900 X47.49 Y36.176 E1128.64423
G0 F7200 X46.924 Y36.176
G1 F900 X62.412 Y51.664 E1129.19061
G0 F7200 X62.412 Y52.23
G1 F900 X46.359 Y36.176 E1129.75694
G0 F7200 X45.793 Y36.176
G1 F900 X62.412 Y52.795 E1130.34322
G0 F7200 X62.412 Y53.361
G1 F900 X45.227 Y36.176 E1130.94947
G0 F7200 X44.662 Y36.176
G1 F900 X62.411 Y53.926 E1131.57563
G0 F7200 X62.411 Y54.492
G1 F900 X44.096 Y36.176 E1132.22176
G0 F7200 X43.53 Y36.176
G1 F900 X62.411 Y55.057 E1132.88784
G0 F7200 X62.411 Y55.623
G1 F900 X42.965 Y36.176 E1133.57386
G0 F7200 X42.399 Y36.176
G1 F900 X62.411 Y56.189 E1134.27986
G0 F7200 X62.411 Y56.755
G1 F900 X41.833 Y36.176 E1135.00582
G1 X41.763 Y36.106
G0 F7200 X40.726 Y35.069
G1 F900 X37.58 Y31.923 E1135.11681
G0 F7200 X37.58 Y32.489
G1 F900 X62.411 Y57.32 E1135.99279
G0 F7200 X62.411 Y57.886
G1 F900 X37.58 Y33.054 E1136.86878
G0 F7200 X37.58 Y33.62
G1 F900 X62.411 Y58.452 E1137.74478
G0 F7200 X62.411 Y59.017
G1 F900 X37.58 Y34.186 E1138.62076
G0 F7200 X37.58 Y34.751
G1 F900 X62.411 Y59.583 E1139.49676
G0 F7200 X62.411 Y60.149
G1 F900 X37.58 Y35.317 E1140.37276
G0 F7200 X37.58 Y35.883
G1 F900 X62.411 Y60.714 E1141.24874
G0 F7200 X62.411 Y61.279
G1 F900 X37.58 Y36.449 E1142.1247
G0 F7200 X37.58 Y37.014
G1 F900 X62.411 Y61.845 E1143.00068
G0 F7200 X62.411 Y62.411
G1 F900 X37.58 Y37.58 E1143.87666
G0 F7200 X37.58 Y38.146
G1 F900 X62.411 Y62.976 E1144.75263
G0 F7200 X62.411 Y63.542
G1 F900 X37.58 Y38.711 E1145.62861
G0 F7200 X37.58 Y39.277
G1 F900 X62.411 Y64.108 E1146.50459
G0 F7200 X62.411 Y64.673
G1 F900 X37.58 Y39.843 E1147.38055
G0 F7200 X37.58 Y40.408
G1 F900 X62.411 Y65.239 E1148.25653
G0 F7200 X62.411 Y65.805
G1 F900 X37.58 Y40.974 E1149.13251
G0 F7200 X37.58 Y41.54
G1 F900 X62.411 Y66.37 E1150.00847
G0 F7200 X62.411 Y66.936
G1 F900 X37.58 Y42.105 E1150.88446
G0 F7200 X37.58 Y42.671
G1 F900 X62.41 Y67.501 E1151.7604
G0 F7200 X62.41 Y68.067
G1 F900 X57.08 Y62.737 E1151.94843
G0 F7200 X57.08 Y63.302
G1 F900 X62.41 Y68.632 E1152.13646
G0 F7200 X62.41 Y69.198
G1 F900 X57.08 Y63.868 E1152.32449
G0 F7200 X57.08 Y64.434
G1 F900 X62.41 Y69.764 E1152.51252
G0 F7200 X62.41 Y70.33
G1 F900 X57.08 Y64.999 E1152.70057
G0 F7200 X57.08 Y65.565
G1 F900 X62.41 Y70.895 E1152.8886
G0 F7200 X62.41 Y71.461
G1 F900 X57.08 Y66.131 E1153.07663
G0 F7200 X57.08 Y66.696
G1 F900 X62.41 Y72.027 E1153.26468
G0 F7200 X62.41 Y72.592
G1 F900 X57.08 Y67.262 E1153.45271
G0 F7200 X57.08 Y67.828
G1 F900 X62.41 Y73.158 E1153.64074
G0 F7200 X62.41 Y73.724
G1 F900 X57.08 Y68.393 E1153.82879
G0 F7200 X57.08 Y68.959
G1 F900 X62.409 Y74.289 E1154.0168
G0 F7200 X62.409 Y74.854
G1 F900 X57.08 Y69.525 E1154.20479
G0 F7200 X57.08 Y70.091
G1 F900 X62.409 Y75.42 E1154.39279
G0 F7200 X62.409 Y75.986
G1 F900 X57.08 Y70.656 E1154.5808
G0 F7200 X57.08 Y71.222
G1 F900 X62.409 Y76.551 E1154.76879
G0 F7200 X62.409 Y77.117
G1 F900 X57.08 Y71.788 E1154.95679
G0 F7200 X57.08 Y72.353
G1 F900 X62.409 Y77.683 E1155.1448
G0 F7200 X62.409 Y78.248
G1 F900 X57.08 Y72.919 E1155.3328
G0 F7200 X57.08 Y73.485
G1 F900 X62.409 Y78.814 E1155.52079
G0 F7200 X62.409 Y79.38
G1 F900 X57.645 Y74.616 E1155.68885
G1 X57.575 Y74.546
G0 F7200 X57.906 Y75.442
G1 F900 X62.409 Y79.945 E1155.84771
G0 F7200 X62.409 Y80.511
G1 F900 X57.975 Y76.077 E1156.00413
G0 F7200 X57.921 Y76.589
G1 F900 X62.409 Y81.076 E1156.16244
G0 F7200 X62.409 Y81.642
G1 F900 X57.831 Y77.065 E1156.32392
G0 F7200 X57.692 Y77.491
G1 F900 X62.409 Y82.208 E1156.49033
G0 F7200 X62.409 Y82.773
G1 F900 X57.496 Y77.861 E1156.66363
G0 F7200 X57.29 Y78.221
G1 F900 X62.409 Y83.339 E1156.8442
G0 F7200 X62.409 Y83.905
G1 F900 X57.019 Y78.515 E1157.03435
G0 F7200 X56.735 Y78.796
G1 F900 X62.409 Y84.47 E1157.23451
G0 F7200 X62.409 Y85.036
G1 F900 X56.421 Y79.048 E1157.44576
G0 F7200 X56.065 Y79.258
G1 F900 X62.409 Y85.602 E1157.66956
G0 F7200 X62.409 Y86.167
G1 F900 X55.678 Y79.436 E1157.90701
G0 F7200 X55.238 Y79.562
G1 F900 X62.409 Y86.733 E1158.15999
G0 F7200 X62.409 Y87.299
G1 F900 X54.764 Y79.654 E1158.42969
G0 F7200 X54.205 Y79.661
G1 F900 X62.409 Y87.864 E1158.71909
G0 F7200 X61.892 Y87.914
G1 F900 X53.559 Y79.581 E1159.01306
G1 X53.489 Y79.511
G0 F7200 X52.583 Y79.171
G1 F900 X61.327 Y87.914 E1159.32151
G0 F7200 X60.761 Y87.914
G1 F900 X49.157 Y76.31 E1159.73087
G0 F7200 X49.092 Y76.811
G1 F900 X60.195 Y87.914 E1160.12256
G0 F7200 X59.629 Y87.913
G1 F900 X48.966 Y77.25 E1160.49872
G0 F7200 X48.814 Y77.664
G1 F900 X59.063 Y87.913 E1160.86028
G0 F7200 X58.498 Y87.913
G1 F900 X48.604 Y78.02 E1161.2093
G0 F7200 X48.367 Y78.348
G1 F900 X57.932 Y87.913 E1161.54673
G0 F7200 X57.365 Y87.912
G1 F900 X48.1 Y78.647 E1161.87358
G0 F7200 X47.799 Y78.912
G1 F900 X56.8 Y87.912 E1162.1911
G0 F7200 X56.234 Y87.912
G1 F900 X47.465 Y79.143 E1162.50045
G0 F7200 X47.1 Y79.344
G1 F900 X55.668 Y87.912 E1162.80271
G0 F7200 X55.103 Y87.912
G1 F900 X46.69 Y79.5 E1163.09948
G0 F7200 X46.236 Y79.612
G1 F900 X54.536 Y87.912 E1163.39229
G0 F7200 X53.971 Y87.912
G1 F900 X45.729 Y79.67 E1163.68305
G0 F7200 X45.119 Y79.626
G1 F900 X53.405 Y87.912 E1163.97536
G0 F7200 X52.839 Y87.912
G1 F900 X44.378 Y79.451 E1164.27384
G1 X44.308 Y79.381
G0 F7200 X42.26 Y77.332
G1 F900 X37.58 Y72.652 E1164.43894
G0 F7200 X37.58 Y72.087
G1 F900 X42.058 Y76.565 E1164.59692
G0 F7200 X42.03 Y75.971
G1 F900 X37.58 Y71.521 E1164.7539
G0 F7200 X37.58 Y70.955
G1 F900 X42.087 Y75.462 E1164.9129
G0 F7200 X42.198 Y75.008
G1 F900 X37.58 Y70.39 E1165.07581
G0 F7200 X37.58 Y69.824
G1 F900 X42.358 Y74.602 E1165.24437
G0 F7200 X42.554 Y74.233
G1 F900 X37.58 Y69.258 E1165.41986
G0 F7200 X37.58 Y68.693
G1 F900 X42.79 Y73.903 E1165.60365
G0 F7200 X42.92 Y73.467
G1 F900 X37.58 Y68.127 E1165.79204
G0 F7200 X37.58 Y67.561
G1 F900 X42.92 Y72.901 E1165.98042
G0 F7200 X42.92 Y72.336
G1 F900 X37.58 Y66.996 E1166.1688
G0 F7200 X37.58 Y66.43
G1 F900 X42.92 Y71.77 E1166.35718
G0 F7200 X42.92 Y71.204
G1 F900 X37.58 Y65.864 E1166.54557
G0 F7200 X37.58 Y65.298
G1 F900 X42.92 Y70.639 E1166.73397
G0 F7200 X42.92 Y70.073
G1 F900 X37.58 Y64.733 E1166.92235
G0 F7200 X37.58 Y64.167
G1 F900 X42.92 Y69.507 E1167.11073
G0 F7200 X42.92 Y68.941
G1 F900 X37.58 Y63.601 E1167.29912
G0 F7200 X37.58 Y63.036
G1 F900 X42.92 Y68.376 E1167.4875
G0 F7200 X42.92 Y67.81
G1 F900 X37.58 Y62.47 E1167.67588
G0 F7200 X37.58 Y61.904
G1 F900 X42.92 Y67.244 E1167.86427
G0 F7200 X42.92 Y66.679
G1 F900 X37.58 Y61.339 E1168.05265
G0 F7200 X37.58 Y60.773
G1 F900 X42.92 Y66.113 E1168.24103
G0 F7200 X42.92 Y65.547
G1 F900 X37.58 Y60.207 E1168.42941
G0 F7200 X37.58 Y59.642
G1 F900 X42.92 Y64.982 E1168.6178
G0 F7200 X42.92 Y64.416
G1 F900 X37.58 Y59.076 E1168.80618
G0 F7200 X37.58 Y58.51
G1 F900 X42.92 Y63.85 E1168.99456
G0 F7200 X42.92 Y63.285
G1 F900 X37.58 Y57.945 E1169.18295
G0 F7200 X37.58 Y57.379
G1 F900 X42.92 Y62.719 E1169.37133
G0 F7200 X43.04 Y62.273
G1 F900 X37.58 Y56.813 E1169.56395
G0 F7200 X37.58 Y56.248
G1 F900 X43.253 Y61.921 E1169.76408
G0 F7200 X43.573 Y61.675
G1 F900 X37.58 Y55.682 E1169.97549
G0 F7200 X37.58 Y55.116
G1 F900 X44.009 Y61.545 E1170.2023
G0 F7200 X44.576 Y61.547
G1 F900 X37.58 Y54.55 E1170.44912
G0 F7200 X37.58 Y53.985
G1 F900 X45.34 Y61.745 E1170.72287
G0 F7200 X45.884 Y61.723
G1 F900 X37.58 Y53.419 E1171.01582
G0 F7200 X37.58 Y52.853
G1 F900 X46.295 Y61.568 E1171.32326
G0 F7200 X46.835 Y61.542
G1 F900 X37.58 Y52.288 E1171.64974
G0 F7200 X37.58 Y51.722
G1 F900 X47.468 Y61.61 E1171.99856
G1 X47.538 Y61.68
G0 F7200 X48.213 Y62.356
G1 F900 X51.721 Y65.863 E1172.1223
G0 F7200 X51.721 Y66.428
G1 F900 X48.275 Y62.983 E1172.24385
G0 F7200 X48.275 Y63.548
G1 F900 X51.721 Y66.994 E1172.36542
G0 F7200 X51.721 Y67.56
G1 F900 X48.276 Y64.115 E1172.48695
G0 F7200 X48.276 Y64.68
G1 F900 X51.721 Y68.125 E1172.60848
G0 F7200 X51.721 Y68.691
G1 F900 X48.276 Y65.246 E1172.73001
G0 F7200 X48.276 Y65.813
G1 F900 X51.721 Y69.257 E1172.85153
G0 F7200 X51.721 Y69.823
G1 F900 X48.276 Y66.378 E1172.97306
G0 F7200 X48.276 Y66.944
G1 F900 X51.721 Y70.388 E1173.09457
G0 F7200 X51.721 Y70.954
G1 F900 X48.277 Y67.51 E1173.21607
G0 F7200 X48.277 Y68.076
G1 F900 X51.721 Y71.52 E1173.33757
G0 F7200 X51.721 Y72.085
G1 F900 X48.277 Y68.642 E1173.45904
G0 F7200 X48.278 Y69.208
G1 F900 X51.721 Y72.651 E1173.58051
G0 F7200 X51.721 Y73.217
G1 F900 X48.278 Y69.774 E1173.70197
G0 F7200 X48.278 Y70.339
G1 F900 X51.709 Y73.771 E1173.82302
G0 F7200 X51.448 Y74.075
G1 F900 X48.278 Y70.906 E1173.93483
G0 F7200 X48.278 Y71.472
G1 F900 X51.237 Y74.43 E1174.0392
G0 F7200 X51.069 Y74.828
G1 F900 X48.278 Y72.037 E1174.13766
G0 F7200 X48.279 Y72.604
G1 F900 X50.923 Y75.247 E1174.23092
G0 F7200 X50.854 Y75.745
G1 F900 X48.279 Y73.169 E1174.32178
G0 F7200 X48.279 Y73.735
G1 F900 X50.837 Y76.293 E1174.41202
G0 F7200 X50.945 Y76.966
G1 F900 X48.981 Y75.002 E1174.4813
G0 F7200 X49.143 Y75.73
G1 F900 X51.349 Y77.937 E1174.55914
G1 X51.419 Y78.007
G0 F7200 X51.141 Y87.911
G1 F900 X37.58 Y74.349 E1175.03756
G0 F7200 X37.58 Y73.784
G1 F900 X51.707 Y87.911 E1175.53593
G0 F7200 X52.273 Y87.911
G1 F900 X37.58 Y73.218 E1176.05427
G1 X37.51 Y73.148
G0 F7200 X37.58 Y74.915
G1 F900 X50.576 Y87.911 E1176.51273
G0 F7200 X50.01 Y87.911
G1 F900 X37.58 Y75.481 E1176.95124
G0 F7200 X37.58 Y76.047
G1 F900 X49.444 Y87.91 E1177.36975
G0 F7200 X48.878 Y87.91
G1 F900 X37.58 Y76.612 E1177.76832
G0 F7200 X37.58 Y77.178
G1 F900 X48.312 Y87.91 E1178.14692
G0 F7200 X47.747 Y87.91
G1 F900 X37.58 Y77.744 E1178.50557
G0 F7200 X37.58 Y78.309
G1 F900 X47.18 Y87.91 E1178.84426
G0 F7200 X46.615 Y87.91
G1 F900 X37.58 Y78.875 E1179.16299
G0 F7200 X37.58 Y79.441
G1 F900 X46.049 Y87.91 E1179.46176
G0 F7200 X45.483 Y87.91
G1 F900 X37.58 Y80.006 E1179.74057
G0 F7200 X37.58 Y80.572
G1 F900 X44.917 Y87.909 E1179.99941
G0 F7200 X44.351 Y87.909
G1 F900 X37.58 Y81.138 E1180.23827
G0 F7200 X37.58 Y81.703
G1 F900 X43.785 Y87.909 E1180.45719
G0 F7200 X43.22 Y87.909
G1 F900 X37.58 Y82.269 E1180.65615
G0 F7200 X37.58 Y82.835
G1 F900 X42.654 Y87.909 E1180.83515
G0 F7200 X42.088 Y87.908
G1 F900 X37.58 Y83.4 E1180.99418
G0 F7200 X37.58 Y83.966
G1 F900 X41.522 Y87.908 E1181.13325
G0 F7200 X40.956 Y87.908
G1 F900 X37.58 Y84.532 E1181.25235
G0 F7200 X37.58 Y85.097
G1 F900 X40.391 Y87.908 E1181.35151
G0 F7200 X39.824 Y87.908
G1 F900 X37.58 Y85.663 E1181.43069
G0 F7200 X37.58 Y86.229
G1 F900 X39.259 Y87.908 E1181.48992
G0 F7200 X38.693 Y87.908
G1 F900 X37.58 Y86.795 E1181.52919
G0 F7200 X37.58 Y87.36
G1 F900 X38.127 Y87.908 E1181.5485
G0 F7200 X43.262 Y61.882
G0 X47.938 Y61.882
G0 X51.721 Y65.297
G1 F900 X37.58 Y51.156 E1182.04737
G0 F7200 X37.58 Y50.591
G1 F900 X51.721 Y64.731 E1182.54621
G0 F7200 X51.721 Y64.166
G1 F900 X37.58 Y50.025 E1183.04507
G0 F7200 X37.58 Y49.459
G1 F900 X51.721 Y63.6 E1183.54393
G0 F7200 X51.721 Y63.034
G1 F900 X37.58 Y48.894 E1184.04278
G0 F7200 X37.58 Y48.328
G1 F900 X51.763 Y62.511 E1184.54312
G0 F7200 X51.926 Y62.108
G1 F900 X37.58 Y47.762 E1185.04922
G0 F7200 X37.58 Y47.197
G1 F900 X52.181 Y61.798 E1185.5643
G0 F7200 X52.565 Y61.616
G1 F900 X37.58 Y46.631 E1186.09294
G0 F7200 X37.58 Y46.065
G1 F900 X53.054 Y61.54 E1186.63885
G0 F7200 X53.628 Y61.548
G1 F900 X37.58 Y45.499 E1187.205
G0 F7200 X37.58 Y44.934
G1 F900 X54.514 Y61.868 E1187.80239
G0 F7200 X54.855 Y61.643
G1 F900 X37.58 Y44.368 E1188.41182
G0 F7200 X37.58 Y43.802
G1 F900 X55.314 Y61.537 E1189.03745
G0 F7200 X55.887 Y61.544
G1 F900 X37.58 Y43.237 E1189.68328
G1 X37.51 Y43.167
G0 F7200 X40.723 Y34.5
G1 F900 X37.58 Y31.357 E1189.79415
G0 F7200 X37.58 Y30.792
G1 F900 X40.723 Y33.935 E1189.90503
G0 F7200 X40.723 Y33.369
G1 F900 X37.58 Y30.226 E1190.01591
G0 F7200 X37.58 Y29.66
G1 F900 X40.723 Y32.803 E1190.12679
G0 F7200 X40.723 Y32.238
G1 F900 X37.58 Y29.095 E1190.23767
G0 F7200 X37.58 Y28.529
G1 F900 X40.723 Y31.672 E1190.34854
G0 F7200 X40.723 Y31.106
G1 F900 X37.58 Y27.963 E1190.45942
G0 F7200 X37.58 Y27.398
G1 F900 X40.723 Y30.541 E1190.5703
G0 F7200 X40.723 Y29.975
G1 F900 X37.58 Y26.832 E1190.68118
G0 F7200 X37.58 Y26.266
G1 F900 X40.723 Y29.409 E1190.79205
G0 F7200 X40.722 Y28.843
G1 F900 X37.58 Y25.701 E1190.9029
G0 F7200 X37.58 Y25.135
G1 F900 X40.722 Y28.277 E1191.01374
G0 F7200 X40.722 Y27.712
G1 F900 X37.58 Y24.569 E1191.1246
G0 F7200 X37.58 Y24.003
G1 F900 X40.722 Y27.146 E1191.23546
G0 F7200 X40.722 Y26.58
G1 F900 X37.58 Y23.438 E1191.3463
G0 F7200 X37.58 Y22.872
G1 F900 X40.722 Y26.014 E1191.45714
G0 F7200 X40.722 Y25.449
G1 F900 X37.58 Y22.306 E1191.56801
G0 F7200 X37.58 Y21.741
G1 F900 X40.722 Y24.883 E1191.67885
G0 F7200 X40.722 Y24.317
G1 F900 X37.58 Y21.175 E1191.78969
G0 F7200 X37.58 Y20.609
G1 F900 X40.722 Y23.752 E1191.90055
G0 F7200 X40.722 Y23.185
G1 F900 X37.58 Y20.044 E1192.01138
G0 F7200 X37.58 Y19.478
G1 F900 X40.722 Y22.62 E1192.12222
G0 F7200 X40.722 Y22.054
G1 F900 X37.58 Y18.912 E1192.23306
G0 F7200 X37.58 Y18.347
G1 F900 X40.722 Y21.488 E1192.34389
G0 F7200 X40.722 Y20.923
G1 F900 X37.58 Y17.781 E1192.45473
G0 F7200 X37.58 Y17.215
G1 F900 X40.722 Y20.357 E1192.56557
G0 F7200 X40.722 Y19.791
G1 F900 X37.58 Y16.65 E1192.6764
G0 F7200 X37.58 Y16.084
G1 F900 X40.722 Y19.226 E1192.78724
G0 F7200 X40.722 Y18.66
G1 F900 X37.58 Y15.518 E1192.89808
G0 F7200 X37.58 Y14.952
G1 F900 X40.722 Y18.094 E1193.00892
G0 F7200 X40.721 Y17.528
G1 F900 X37.58 Y14.387 E1193.11973
G0 F7200 X37.58 Y13.821
G1 F900 X40.721 Y16.962 E1193.23054
G0 F7200 X40.721 Y16.396
G1 F900 X37.58 Y13.255 E1193.34134
G0 F7200 X37.58 Y12.69
G1 F900 X40.721 Y15.831 E1193.45215
G0 F7200 X40.721 Y15.265
G1 F900 X37.58 Y12.124 E1193.56296
G0 F7200 X38.102 Y12.08
G1 F900 X40.721 Y14.699 E1193.65535
G0 F7200 X40.721 Y14.134
G1 F900 X38.667 Y12.08 E1193.72781
G0 F7200 X39.233 Y12.08
G1 F900 X40.721 Y13.568 E1193.7803
G0 F7200 X40.721 Y13.002
G1 F900 X39.799 Y12.08 E1193.81283
G0 F7200 X40.364 Y12.08
G1 F900 X40.721 Y12.437 E1193.82543
G0 F7200 X41.062 Y35.838
G0 X54.338 Y61.882
G0 X54.455 Y74.967
G0 X55.175 Y75.858
G1 F900 X55.201 Y76.176 E1193.83338
G1 X55.087 Y76.521 E1193.84245
G1 X54.835 Y76.776 E1193.85139
G1 X54.503 Y76.904 E1193.86027
G1 X54.29 Y76.904 E1193.86558
G1 X54.006 Y76.804 E1193.87309
G1 X53.712 Y76.533 E1193.88307
G1 X53.588 Y76.196 E1193.89202
G1 X53.635 Y75.816 E1193.90157
G1 X53.863 Y75.491 E1193.91148
G1 X54.281 Y75.123 E1193.92537
G1 X54.4 Y74.95 E1193.93061
G1 X54.519 Y75.123 E1193.93585
G1 X54.947 Y75.5 E1193.95007
G1 X55.175 Y75.858 E1193.96066
G0 F7200 X54.375 Y75.305
G1 F900 X54.976 Y75.906 E1193.98186
G0 F7200 X54.913 Y76.409
G1 F900 X54.075 Y75.571 E1194.01143
G0 F7200 X53.827 Y75.889
G1 F900 X54.593 Y76.655 E1194.03845
G1 X54.663 Y76.725
G0 F7200 X54.345 Y74.967
G0 X54.338 Y61.882
G0 X45.662 Y61.882
G0 X45.655 Y74.967
G0 X46.371 Y75.849
G1 F900 X46.401 Y76.176 E1194.04664
G1 X46.288 Y76.521 E1194.0557
G1 X46.034 Y76.782 E1194.06478
G1 X45.844 Y76.871 E1194.07001
G1 X45.489 Y76.898 E1194.07889
G1 X45.293 Y76.85 E1194.08393
G1 X44.989 Y76.632 E1194.09326
G1 X44.842 Y76.396 E1194.1002
G1 X44.788 Y76.19 E1194.10551
G1 X44.835 Y75.815 E1194.11494
G1 X45.063 Y75.491 E1194.12482
G1 X45.481 Y75.123 E1194.13871
G1 X45.6 Y74.95 E1194.14395
G1 X45.719 Y75.123 E1194.14919
G1 X46.252 Y75.591 E1194.16688
G1 X46.371 Y75.849 E1194.17397
G0 F7200 X45.442 Y75.424
G1 F900 X46.192 Y76.173 E1194.20041
G0 F7200 X45.992 Y76.539
G1 F900 X45.157 Y75.704 E1194.22987
G0 F7200 X44.995 Y76.107
G1 F900 X45.577 Y76.69 E1194.25041
G1 X45.647 Y76.76
G0 F7200 X45.647 Y76.676
;MESH:NONMESH
G0 F600 Z1.985
G0 F7200 X45.662 Y61.882
G0 X58.938 Y35.838
G0 X58.701 Y35.115
;TIME_ELAPSED:2407.444433
;LAYER:5
;TYPE:WALL-INNER
;MESH:luckfox_top.stl
G1 F2400 X58.61 Y35.317 E1194.25594
G1 X58.405 Y35.518 E1194.2631
G1 X58.166 Y35.601 E1194.26941
G1 X41.837 Y35.6 E1194.67674
G1 X41.595 Y35.517 E1194.68312
G1 X41.39 Y35.317 E1194.69027
G1 X41.3 Y35.117 E1194.69574
G1 X41.3 Y11.5 E1195.28487
G1 X37.174 Y11.5 E1195.38779
G1 X37.056 Y11.554 E1195.39103
G1 X37 Y11.641 E1195.39361
G1 X37 Y88.319 E1197.30635
G1 X37.06 Y88.448 E1197.3099
G1 X37.152 Y88.492 E1197.31244
G1 X62.804 Y88.5 E1197.95233
G1 X62.953 Y88.442 E1197.95632
G1 X62.992 Y88.371 E1197.95834
G1 X62.999 Y11.693 E1199.87108
G1 X62.952 Y11.572 E1199.87432
G1 X62.858 Y11.5 E1199.87728
G1 X58.701 Y11.501 E1199.98097
G1 X58.701 Y35.115 E1200.57003
G0 F7200 X59.01 Y35.115
G0 X56.81 Y62.637
G0 X56.5 Y62.637
G1 F2400 X56.5 Y73.987 E1200.85315
G1 X56.856 Y74.381 E1200.8664
G1 X57.127 Y74.851 E1200.87993
G1 X57.266 Y75.224 E1200.88986
G1 X57.366 Y75.668 E1200.90122
G1 X57.401 Y76.1 E1200.91203
G1 X57.316 Y76.796 E1200.92952
G1 X57.138 Y77.321 E1200.94335
G1 X56.83 Y77.866 E1200.95896
G1 X56.428 Y78.307 E1200.97385
G1 X56.111 Y78.563 E1200.98401
G1 X55.685 Y78.809 E1200.99628
G1 X55.274 Y78.966 E1201.00726
G1 X54.804 Y79.072 E1201.01928
G1 X54.395 Y79.1 E1201.0295
G1 X53.662 Y79.012 E1201.04792
G1 X53.07 Y78.789 E1201.0637
G1 X52.641 Y78.533 E1201.07616
G1 X52.22 Y78.158 E1201.09023
G1 X51.968 Y77.859 E1201.09998
G1 X51.689 Y77.389 E1201.11361
G1 X51.537 Y77.001 E1201.12401
G1 X51.416 Y76.432 E1201.13852
G1 X51.401 Y76.057 E1201.14788
G1 X51.483 Y75.369 E1201.16517
G1 X51.669 Y74.851 E1201.1789
G1 X51.947 Y74.368 E1201.1928
G1 X52.3 Y73.985 E1201.20579
G1 X52.3 Y62.72 E1201.4868
G1 X52.365 Y62.447 E1201.4938
G1 X52.606 Y62.196 E1201.50248
G1 X52.803 Y62.121 E1201.50774
G1 X53.567 Y62.119 E1201.52679
G1 X53.805 Y62.203 E1201.53309
G1 X53.958 Y62.332 E1201.53808
G1 F2133.3 X54.15 Y62.72 E1201.55023
G1 F1912.4 X54.149 Y74.597 E1201.92205
G1 F2123.9 X53.999 Y74.875 E1201.93096
G1 F2400 X53.43 Y75.4 E1201.95027
G1 X53.29 Y75.656 E1201.95755
G1 X53.212 Y75.953 E1201.96521
G1 X53.212 Y76.239 E1201.97234
G1 X53.321 Y76.615 E1201.98211
G1 X53.474 Y76.857 E1201.98925
G1 X53.691 Y77.058 E1201.99663
G1 X54.056 Y77.242 E1202.00682
G1 X54.539 Y77.284 E1202.01892
G1 X54.915 Y77.175 E1202.02868
G1 X55.157 Y77.022 E1202.03583
G1 X55.367 Y76.796 E1202.04352
G1 X55.509 Y76.54 E1202.05082
G1 X55.584 Y76.245 E1202.05842
G1 X55.584 Y75.941 E1202.066
G1 X55.54 Y75.738 E1202.07118
G1 X55.409 Y75.461 E1202.07883
G1 X55.212 Y75.223 E1202.08653
G1 X54.801 Y74.875 E1202.09997
G1 F2123.9 X54.651 Y74.597 E1202.10887
G1 F1912.4 X54.65 Y62.72 E1202.48069
G1 F2133.3 X54.842 Y62.332 E1202.49284
G1 F2400 X54.995 Y62.203 E1202.49783
G1 X55.241 Y62.122 E1202.50429
G1 X55.964 Y62.123 E1202.52233
G1 X56.261 Y62.239 E1202.53028
G1 X56.402 Y62.389 E1202.53542
G1 X56.5 Y62.637 E1202.54207
G0 F7200 X56.81 Y62.637
G0 X52.062 Y61.882
G0 X48.01 Y62.447
G0 X47.635 Y62.447
G1 F2400 X47.7 Y62.72 E1202.54907
G1 X47.7 Y73.987 E1202.83013
G1 X48.057 Y74.381 E1202.84339
G1 X48.327 Y74.851 E1202.85691
G1 X48.458 Y75.192 E1202.86602
G1 X48.579 Y75.76 E1202.88051
G1 X48.6 Y76.131 E1202.88978
G1 X48.511 Y76.832 E1202.90741
G1 X48.33 Y77.342 E1202.92091
G1 X48.029 Y77.867 E1202.936
G1 X47.66 Y78.277 E1202.94976
G1 X47.352 Y78.537 E1202.95982
G1 X46.845 Y78.827 E1202.97439
G1 X46.473 Y78.966 E1202.98429
G1 X46.004 Y79.072 E1202.99629
G1 X45.595 Y79.1 E1203.00651
G1 X44.866 Y79.013 E1203.02483
G1 X44.314 Y78.813 E1203.03947
G1 X43.823 Y78.525 E1203.05367
G1 X43.393 Y78.128 E1203.06827
G1 X43.14 Y77.815 E1203.07831
G1 X42.869 Y77.345 E1203.09184
G1 X42.73 Y76.973 E1203.10175
G1 X42.63 Y76.534 E1203.11298
G1 X42.597 Y76.083 E1203.12426
G1 X42.685 Y75.358 E1203.14248
G1 X42.912 Y74.765 E1203.15832
G1 X43.14 Y74.381 E1203.16946
G1 X43.5 Y73.985 E1203.18281
G1 X43.5 Y62.636 E1203.46591
G1 X43.599 Y62.389 E1203.47255
G1 X43.739 Y62.24 E1203.47765
G1 X44.036 Y62.123 E1203.48561
G1 X44.788 Y62.126 E1203.50437
G1 X45.005 Y62.203 E1203.51012
G1 X45.158 Y62.332 E1203.51511
G1 F2133.3 X45.35 Y62.72 E1203.52726
G1 F1912.4 X45.349 Y74.597 E1203.89908
G1 F2123.9 X45.199 Y74.875 E1203.90798
G1 F2400 X44.63 Y75.399 E1203.92728
G1 X44.49 Y75.655 E1203.93456
G1 X44.412 Y75.954 E1203.94227
G1 X44.412 Y76.242 E1203.94945
G1 X44.491 Y76.542 E1203.95719
G1 X44.636 Y76.81 E1203.96479
G1 X44.972 Y77.116 E1203.97613
G1 X45.147 Y77.207 E1203.98105
G1 X45.451 Y77.284 E1203.98887
G1 X45.738 Y77.284 E1203.99603
G1 X46.115 Y77.175 E1204.00582
G1 X46.357 Y77.022 E1204.01296
G1 X46.567 Y76.796 E1204.02066
G1 X46.709 Y76.54 E1204.02796
G1 X46.784 Y76.245 E1204.03555
G1 X46.784 Y75.941 E1204.04313
G1 X46.74 Y75.738 E1204.04832
G1 X46.609 Y75.461 E1204.05596
G1 X46.412 Y75.223 E1204.06367
G1 X46.001 Y74.875 E1204.0771
G1 F2123.9 X45.851 Y74.597 E1204.086
G1 F1912.4 X45.85 Y62.72 E1204.45783
G1 F2133.3 X46.042 Y62.332 E1204.46998
G1 F2400 X46.195 Y62.203 E1204.47497
G1 X46.441 Y62.122 E1204.48143
G1 X47.147 Y62.121 E1204.49904
G1 X47.394 Y62.196 E1204.50548
G1 X47.635 Y62.447 E1204.51416
G0 F7200 X47.3 Y62.72
;TYPE:WALL-OUTER
G1 F1200 X47.3 Y74.147 E1204.79921
G1 X47.713 Y74.585 E1204.81422
G1 X47.955 Y74.998 E1204.82616
G1 X48.076 Y75.312 E1204.83456
G1 X48.176 Y75.756 E1204.84591
G1 X48.199 Y76.126 E1204.85516
G1 X48.113 Y76.759 E1204.87109
G1 X47.952 Y77.209 E1204.88302
G1 X47.703 Y77.629 E1204.8952
G1 X47.39 Y77.982 E1204.90697
G1 X47.123 Y78.209 E1204.91571
G1 X46.698 Y78.455 E1204.92796
G1 X46.385 Y78.576 E1204.93633
G1 X45.935 Y78.678 E1204.94784
G1 X45.57 Y78.699 E1204.95696
G1 X44.978 Y78.623 E1204.97185
G1 X44.488 Y78.453 E1204.98478
G1 X44.049 Y78.189 E1204.99756
G1 X43.699 Y77.87 E1205.00938
G1 X43.484 Y77.611 E1205.01777
G1 X43.241 Y77.198 E1205.02973
G1 X43.12 Y76.885 E1205.0381
G1 X43.02 Y76.445 E1205.04935
G1 X43.001 Y76.071 E1205.05869
G1 X43.083 Y75.436 E1205.07467
G1 X43.239 Y75.004 E1205.08612
G1 X43.484 Y74.585 E1205.09823
G1 X43.9 Y74.147 E1205.1133
G1 X43.903 Y62.68 E1205.39934
G1 X43.979 Y62.56 E1205.40289
G1 X44.056 Y62.524 E1205.40501
G1 X44.72 Y62.52 E1205.42157
G1 X44.853 Y62.59 E1205.42532
G1 X44.9 Y62.72 E1205.42877
G1 X44.9 Y74.558 E1205.72407
G1 X44.867 Y74.652 E1205.72655
G1 X44.584 Y74.865 E1205.73539
G1 X44.304 Y75.163 E1205.74559
G1 X44.116 Y75.507 E1205.75537
G1 X44.012 Y75.902 E1205.76556
G1 X44.012 Y76.294 E1205.77534
G1 X44.116 Y76.69 E1205.78555
G1 X44.43 Y77.189 E1205.80026
G1 X44.751 Y77.452 E1205.81061
G1 X45.004 Y77.583 E1205.81772
G1 X45.401 Y77.684 E1205.82793
G1 X45.795 Y77.684 E1205.83776
G1 X46.281 Y77.543 E1205.85039
G1 X46.615 Y77.332 E1205.86024
G1 X46.893 Y77.033 E1205.87043
G1 X47.084 Y76.689 E1205.88024
G1 X47.184 Y76.295 E1205.89038
G1 X47.184 Y75.898 E1205.90028
G1 X47.121 Y75.609 E1205.90766
G1 X46.949 Y75.245 E1205.91771
G1 X46.689 Y74.931 E1205.92787
G1 X46.333 Y74.652 E1205.93916
G1 X46.3 Y74.558 E1205.94164
G1 X46.3 Y62.72 E1206.23694
G1 X46.347 Y62.59 E1206.24039
G1 X46.48 Y62.52 E1206.24414
G1 X47.116 Y62.52 E1206.26001
G1 X47.224 Y62.562 E1206.2629
G1 X47.3 Y62.72 E1206.26727
G0 F7200 X47.3 Y62.92
G0 X48.01 Y62.92
G0 X52.062 Y61.882
G0 X56.738 Y61.882
G0 X56.81 Y62.68
G0 X56.097 Y62.68
G1 F1200 X56.1 Y74.147 E1206.55331
G1 X56.485 Y74.549 E1206.5672
G1 X56.755 Y74.998 E1206.58027
G1 X56.876 Y75.312 E1206.58866
G1 X56.976 Y75.756 E1206.60002
G1 X57.001 Y76.1 E1206.60862
G1 X56.922 Y76.727 E1206.62438
G1 X56.745 Y77.222 E1206.6375
G1 X56.49 Y77.646 E1206.64984
G1 X55.938 Y78.197 E1206.6693
G1 X55.511 Y78.449 E1206.68166
G1 X55.185 Y78.576 E1206.69039
G1 X54.735 Y78.678 E1206.7019
G1 X54.37 Y78.699 E1206.71102
G1 X53.778 Y78.623 E1206.72591
G1 X53.274 Y78.445 E1206.73924
G1 X52.869 Y78.205 E1206.75099
G1 X52.508 Y77.88 E1206.7631
G1 X52.293 Y77.625 E1206.77142
G1 X52.048 Y77.213 E1206.78338
G1 X51.92 Y76.885 E1206.79216
G1 X51.816 Y76.411 E1206.80427
G1 X51.801 Y76.071 E1206.81276
G1 X51.883 Y75.436 E1206.82873
G1 X52.041 Y74.998 E1206.84035
G1 X52.283 Y74.585 E1206.85229
G1 X52.7 Y74.147 E1206.86737
G1 X52.706 Y62.67 E1207.15367
G1 X52.845 Y62.519 E1207.15879
G1 X53.539 Y62.523 E1207.1761
G1 X53.653 Y62.59 E1207.1794
G1 X53.7 Y62.72 E1207.18285
G1 X53.7 Y74.558 E1207.47815
G1 X53.667 Y74.652 E1207.48063
G1 X53.384 Y74.865 E1207.48947
G1 X53.104 Y75.163 E1207.49967
G1 X52.916 Y75.507 E1207.50945
G1 X52.812 Y75.902 E1207.51964
G1 X52.812 Y76.295 E1207.52944
G1 X52.953 Y76.781 E1207.54206
G1 X53.164 Y77.115 E1207.55192
G1 X53.46 Y77.39 E1207.562
G1 X53.92 Y77.622 E1207.57485
G1 X54.195 Y77.684 E1207.58188
G1 X54.595 Y77.684 E1207.59186
G1 X55.081 Y77.543 E1207.60448
G1 X55.415 Y77.332 E1207.61434
G1 X55.693 Y77.033 E1207.62452
G1 X55.884 Y76.689 E1207.63433
G1 X55.984 Y76.295 E1207.64447
G1 X55.984 Y75.898 E1207.65438
G1 X55.921 Y75.609 E1207.66176
G1 X55.749 Y75.245 E1207.6718
G1 X55.489 Y74.931 E1207.68197
G1 X55.133 Y74.652 E1207.69325
G1 X55.1 Y74.558 E1207.69574
G1 X55.1 Y62.72 E1207.99104
G1 X55.147 Y62.59 E1207.99448
G1 X55.28 Y62.52 E1207.99823
G1 X55.944 Y62.524 E1208.0148
G1 X56.021 Y62.559 E1208.01691
G1 X56.097 Y62.68 E1208.02047
G0 F7200 X56.097 Y62.88
G0 X56.81 Y62.88
G0 X59.01 Y35.043
G0 X58.301 Y35.043
G1 F1200 X58.239 Y35.145 E1208.02345
G1 X58.147 Y35.201 E1208.02614
G1 X41.817 Y35.198 E1208.43349
G1 X41.7 Y35.041 E1208.43837
G1 X41.7 Y11.1 E1209.03558
G1 X37.088 Y11.1 E1209.15063
G1 X36.8 Y11.23 E1209.15851
G1 X36.649 Y11.427 E1209.16471
G1 X36.6 Y11.579 E1209.16869
G1 X36.6 Y88.407 E1211.08517
G1 X36.735 Y88.698 E1211.09317
G1 X36.887 Y88.825 E1211.09811
G1 X37.088 Y88.892 E1211.1034
G1 X62.878 Y88.9 E1211.74673
G1 X63.179 Y88.783 E1211.75479
G1 X63.268 Y88.699 E1211.75784
G1 X63.392 Y88.418 E1211.7655
G1 X63.399 Y11.618 E1213.68129
G1 X63.288 Y11.33 E1213.68899
G1 X63.066 Y11.147 E1213.69616
G1 X62.92 Y11.1 E1213.69999
G1 X58.301 Y11.101 E1213.81521
G1 X58.301 Y35.043 E1214.41245
G0 F7200 X58.239 Y35.145
G0 X58.17 Y35.187
G0 X58.17 Y35.91
G0 X48.078 Y62.543
;TYPE:SKIN
G1 F900 X47.876 Y62.117 E1214.42421
G1 X47.617 Y61.886 E1214.43286
G1 X47.268 Y61.74 E1214.4423
G1 X46.4 Y61.74 E1214.46395
G1 X46.015 Y61.868 E1214.47407
G1 X45.777 Y62.057 E1214.48166
G1 X45.598 Y62.349 E1214.4902
G1 X45.421 Y62.058 E1214.4987
G1 X45.185 Y61.868 E1214.50625
G1 X44.819 Y61.744 E1214.51589
G1 X43.993 Y61.745 E1214.5365
G1 X43.762 Y61.8 E1214.54242
G1 X43.507 Y61.936 E1214.54963
G1 X43.279 Y62.18 E1214.55796
G1 X43.12 Y62.612 E1214.56944
G1 X43.12 Y73.832 E1214.84933
G1 X42.83 Y74.159 E1214.86023
G1 X42.587 Y74.562 E1214.87197
G1 X42.308 Y75.27 E1214.89095
G1 X42.22 Y76.105 E1214.9119
G1 X42.248 Y76.545 E1214.9229
G1 X42.36 Y77.06 E1214.93604
G1 X42.526 Y77.508 E1214.94796
G1 X42.81 Y78.004 E1214.96222
G1 X43.116 Y78.388 E1214.97447
G1 X43.58 Y78.816 E1214.99021
G1 X44.163 Y79.161 E1215.00711
G1 X44.759 Y79.377 E1215.02292
G1 X45.568 Y79.479 E1215.04327
G1 X46.067 Y79.446 E1215.05574
G1 X46.59 Y79.324 E1215.06914
G1 X47.053 Y79.15 E1215.08147
G1 X47.572 Y78.848 E1215.09645
G1 X47.926 Y78.542 E1215.10813
G1 X48.349 Y78.066 E1215.12401
G1 X48.649 Y77.554 E1215.13881
G1 X48.887 Y76.889 E1215.15643
G1 X48.975 Y76.165 E1215.17463
G1 X48.951 Y75.631 E1215.18796
G1 X48.799 Y75.019 E1215.20369
G1 X48.642 Y74.631 E1215.21413
G1 X48.383 Y74.183 E1215.22704
G1 X48.08 Y73.835 E1215.23855
G1 X48.078 Y62.543 E1215.52023
G0 F7200 X52.062 Y61.882
G0 X56.738 Y61.882
G0 X56.739 Y62.214
G1 F900 X56.488 Y61.935 E1215.52959
G1 X56.234 Y61.8 E1215.53677
G1 X56.004 Y61.745 E1215.54267
G1 X55.211 Y61.737 E1215.56245
G1 X54.815 Y61.868 E1215.57285
G1 X54.577 Y62.057 E1215.58043
G1 X54.398 Y62.349 E1215.58898
G1 X54.221 Y62.058 E1215.59747
G1 X53.985 Y61.868 E1215.60503
G1 X53.64 Y61.747 E1215.61415
G1 X52.78 Y61.74 E1215.63561
G1 X52.379 Y61.89 E1215.64629
G1 X52.016 Y62.295 E1215.65985
G1 X51.92 Y62.706 E1215.67038
G1 X51.92 Y73.834 E1215.94797
G1 X51.622 Y74.165 E1215.95908
G1 X51.317 Y74.701 E1215.97446
G1 X51.115 Y75.264 E1215.98938
G1 X51.02 Y76.049 E1216.00911
G1 X51.04 Y76.521 E1216.02089
G1 X51.189 Y77.167 E1216.03743
G1 X51.38 Y77.616 E1216.0496
G1 X51.653 Y78.073 E1216.06288
G1 X51.946 Y78.422 E1216.07425
G1 X52.42 Y78.844 E1216.09008
G1 X52.901 Y79.128 E1216.10401
G1 X53.545 Y79.372 E1216.12119
G1 X54.367 Y79.479 E1216.14187
G1 X54.875 Y79.446 E1216.15457
G1 X55.503 Y79.293 E1216.17069
G1 X55.899 Y79.125 E1216.18142
G1 X56.302 Y78.889 E1216.19307
G1 X56.665 Y78.601 E1216.20463
G1 X57.123 Y78.108 E1216.22142
G1 X57.483 Y77.474 E1216.23961
G1 X57.69 Y76.859 E1216.25579
G1 X57.781 Y76.096 E1216.27496
G1 X57.756 Y75.734 E1216.28401
G1 X57.637 Y75.139 E1216.29915
G1 X57.47 Y74.688 E1216.31115
G1 X57.186 Y74.192 E1216.3254
G1 X56.88 Y73.836 E1216.33711
G1 X56.881 Y62.612 E1216.6171
G1 X56.739 Y62.214 E1216.62764
G0 F7200 X56.81 Y62.214
G0 X59.046 Y35.255
G1 F900 X59.079 Y35.02 E1216.63356
G1 X59.081 Y11.881 E1217.21076
G1 X62.615 Y11.881 E1217.29892
G1 X62.612 Y88.119 E1219.20068
G1 X37.38 Y88.112 E1219.8301
G1 X37.38 Y11.88 E1221.73171
G1 X40.92 Y11.88 E1221.82002
G1 X40.921 Y35.026 E1222.3974
G1 X40.949 Y35.242 E1222.40283
G1 X41.048 Y35.489 E1222.40947
G1 X41.397 Y35.844 E1222.42189
G1 X41.785 Y35.978 E1222.43213
G1 X58.207 Y35.978 E1222.84178
G1 X58.56 Y35.862 E1222.85104
G1 X58.905 Y35.551 E1222.86263
G1 X59.046 Y35.255 E1222.87081
G0 F7200 X41.062 Y35.838
G0 X37.58 Y12.2
G1 F900 X37.701 Y12.08 E1222.87506
G0 F7200 X38.266 Y12.08
G1 F900 X37.58 Y12.766 E1222.89926
G0 F7200 X37.58 Y13.332
G1 F900 X38.832 Y12.08 E1222.94343
G0 F7200 X39.398 Y12.08
G1 F900 X37.58 Y13.897 E1223.00755
G0 F7200 X37.58 Y14.463
G1 F900 X39.964 Y12.08 E1223.09163
G0 F7200 X40.529 Y12.08
G1 F900 X37.58 Y15.029 E1223.19566
G0 F7200 X37.58 Y15.595
G1 F900 X40.72 Y12.454 E1223.30645
G0 F7200 X40.72 Y13.02
G1 F900 X37.58 Y16.16 E1223.41723
G0 F7200 X37.58 Y16.726
G1 F900 X40.72 Y13.586 E1223.528
G0 F7200 X40.72 Y14.151
G1 F900 X37.58 Y17.292 E1223.63879
G0 F7200 X37.58 Y17.857
G1 F900 X40.72 Y14.717 E1223.74956
G0 F7200 X40.72 Y15.283
G1 F900 X37.58 Y18.423 E1223.86033
G0 F7200 X37.58 Y18.989
G1 F900 X40.72 Y15.848 E1223.97112
G0 F7200 X40.72 Y16.414
G1 F900 X37.58 Y19.554 E1224.08189
G0 F7200 X37.58 Y20.12
G1 F900 X40.72 Y16.98 E1224.19267
G0 F7200 X40.72 Y17.545
G1 F900 X37.58 Y20.686 E1224.30345
G0 F7200 X37.58 Y21.251
G1 F900 X40.721 Y18.11 E1224.41426
G0 F7200 X40.721 Y18.676
G1 F900 X37.58 Y21.817 E1224.52507
G0 F7200 X37.58 Y22.383
G1 F900 X40.721 Y19.242 E1224.63588
G0 F7200 X40.721 Y19.807
G1 F900 X37.58 Y22.948 E1224.74668
G0 F7200 X37.58 Y23.514
G1 F900 X40.721 Y20.373 E1224.85749
G0 F7200 X40.721 Y20.939
G1 F900 X37.58 Y24.08 E1224.9683
G0 F7200 X37.58 Y24.645
G1 F900 X40.721 Y21.505 E1225.07909
G0 F7200 X40.721 Y22.07
G1 F900 X37.58 Y25.211 E1225.1899
G0 F7200 X37.58 Y25.777
G1 F900 X40.721 Y22.636 E1225.3007
G0 F7200 X40.721 Y23.202
G1 F900 X37.58 Y26.343 E1225.41151
G0 F7200 X37.58 Y26.908
G1 F900 X40.722 Y23.767 E1225.52233
G0 F7200 X40.722 Y24.332
G1 F900 X37.58 Y27.474 E1225.63318
G0 F7200 X37.58 Y28.04
G1 F900 X40.722 Y24.898 E1225.74402
G0 F7200 X40.722 Y25.464
G1 F900 X37.58 Y28.605 E1225.85484
G0 F7200 X37.58 Y29.171
G1 F900 X40.722 Y26.029 E1225.96569
G0 F7200 X40.722 Y26.595
G1 F900 X37.58 Y29.737 E1226.07653
G0 F7200 X37.58 Y30.302
G1 F900 X40.722 Y27.161 E1226.18735
G0 F7200 X40.722 Y27.726
G1 F900 X37.58 Y30.868 E1226.2982
G0 F7200 X37.58 Y31.434
G1 F900 X40.722 Y28.292 E1226.40904
G0 F7200 X40.722 Y28.858
G1 F900 X37.58 Y31.999 E1226.51986
G0 F7200 X37.58 Y32.565
G1 F900 X40.722 Y29.423 E1226.63071
G0 F7200 X40.722 Y29.988
G1 F900 X37.58 Y33.131 E1226.74157
G0 F7200 X37.58 Y33.696
G1 F900 X40.722 Y30.554 E1226.85241
G0 F7200 X40.722 Y31.12
G1 F900 X37.58 Y34.262 E1226.96325
G0 F7200 X37.58 Y34.828
G1 F900 X40.722 Y31.685 E1227.07411
G0 F7200 X40.722 Y32.251
G1 F900 X37.58 Y35.394 E1227.18497
G0 F7200 X37.58 Y35.959
G1 F900 X40.722 Y32.817 E1227.29582
G0 F7200 X40.722 Y33.383
G1 F900 X37.58 Y36.525 E1227.40666
G0 F7200 X37.58 Y37.091
G1 F900 X40.722 Y33.948 E1227.51752
G0 F7200 X40.722 Y34.514
G1 F900 X37.58 Y37.656 E1227.62836
G0 F7200 X37.58 Y38.222
G1 F900 X40.726 Y35.076 E1227.73934
G0 F7200 X40.846 Y35.522
G1 F900 X37.58 Y38.788 E1227.85456
G0 F7200 X37.58 Y39.353
G1 F900 X41.109 Y35.824 E1227.97906
G0 F7200 X41.434 Y36.065
G1 F900 X37.58 Y39.919 E1228.11502
G0 F7200 X37.58 Y40.485
G1 F900 X41.888 Y36.176 E1228.26701
G0 F7200 X42.454 Y36.176
G1 F900 X37.58 Y41.05 E1228.43895
G0 F7200 X37.58 Y41.616
G1 F900 X43.02 Y36.176 E1228.63086
G0 F7200 X43.585 Y36.176
G1 F900 X37.58 Y42.182 E1228.84272
G0 F7200 X37.58 Y42.747
G1 F900 X44.151 Y36.176 E1229.07453
G0 F7200 X44.716 Y36.177
G1 F900 X37.58 Y43.313 E1229.32628
G0 F7200 X37.58 Y43.879
G1 F900 X45.282 Y36.177 E1229.59798
G0 F7200 X45.847 Y36.177
G1 F900 X37.58 Y44.444 E1229.88963
G0 F7200 X37.58 Y45.01
G1 F900 X46.413 Y36.177 E1230.20123
G0 F7200 X46.979 Y36.177
G1 F900 X37.58 Y45.576 E1230.53281
G0 F7200 X37.58 Y46.142
G1 F900 X47.544 Y36.178 E1230.88432
G0 F7200 X48.109 Y36.178
G1 F900 X37.58 Y46.707 E1231.25575
G0 F7200 X37.58 Y47.273
G1 F900 X48.675 Y36.178 E1231.64716
G0 F7200 X49.241 Y36.178
G1 F900 X37.58 Y47.839 E1232.05853
G0 F7200 X37.58 Y48.404
G1 F900 X49.806 Y36.178 E1232.48984
G0 F7200 X50.371 Y36.178
G1 F900 X37.58 Y48.97 E1232.94109
G0 F7200 X37.58 Y49.536
G1 F900 X50.937 Y36.178 E1233.41232
G0 F7200 X51.503 Y36.178
G1 F900 X37.58 Y50.101 E1233.90349
G0 F7200 X37.58 Y50.667
G1 F900 X52.069 Y36.178 E1234.41463
G0 F7200 X52.634 Y36.178
G1 F900 X37.58 Y51.233 E1234.94571
G0 F7200 X37.58 Y51.798
G1 F900 X53.199 Y36.179 E1235.49672
G0 F7200 X53.765 Y36.179
G1 F900 X37.58 Y52.364 E1236.06769
G0 F7200 X37.58 Y52.93
G1 F900 X54.331 Y36.179 E1236.65862
G0 F7200 X54.896 Y36.179
G1 F900 X37.58 Y53.495 E1237.26949
G0 F7200 X37.58 Y54.061
G1 F900 X55.461 Y36.18 E1237.90029
G0 F7200 X56.027 Y36.18
G1 F900 X37.58 Y54.627 E1238.55106
G0 F7200 X37.58 Y55.193
G1 F900 X56.593 Y36.18 E1239.22179
G0 F7200 X57.158 Y36.18
G1 F900 X37.58 Y55.758 E1239.91246
G0 F7200 X37.58 Y56.324
G1 F900 X57.724 Y36.18 E1240.6231
G0 F7200 X58.341 Y36.128
G1 F900 X37.58 Y56.89 E1241.35551
G0 F7200 X37.58 Y57.455
G1 F900 X62.414 Y32.621 E1242.2316
G0 F7200 X62.414 Y33.187
G1 F900 X37.58 Y58.021 E1243.10769
G0 F7200 X37.58 Y58.587
G1 F900 X62.414 Y33.752 E1243.98379
G0 F7200 X62.414 Y34.318
G1 F900 X37.58 Y59.152 E1244.85988
G0 F7200 X37.58 Y59.718
G1 F900 X62.414 Y34.884 E1245.73596
G0 F7200 X62.414 Y35.449
G1 F900 X37.58 Y60.284 E1246.61207
G0 F7200 X37.58 Y60.849
G1 F900 X62.414 Y36.015 E1247.48815
G0 F7200 X62.414 Y36.581
G1 F900 X37.58 Y61.415 E1248.36424
G0 F7200 X37.58 Y61.981
G1 F900 X62.414 Y37.146 E1249.24034
G0 F7200 X62.414 Y37.712
G1 F900 X37.58 Y62.546 E1250.11643
G0 F7200 X37.58 Y63.112
G1 F900 X62.414 Y38.278 E1250.99252
G0 F7200 X62.414 Y38.843
G1 F900 X37.58 Y63.678 E1251.86862
G0 F7200 X37.58 Y64.243
G1 F900 X62.414 Y39.409 E1252.74471
G0 F7200 X62.414 Y39.975
G1 F900 X37.58 Y64.809 E1253.62079
G0 F7200 X37.58 Y65.375
G1 F900 X62.414 Y40.541 E1254.49688
G0 F7200 X62.414 Y41.106
G1 F900 X37.58 Y65.941 E1255.37298
G0 F7200 X37.58 Y66.506
G1 F900 X62.414 Y41.672 E1256.24907
G0 F7200 X62.414 Y42.238
G1 F900 X37.58 Y67.072 E1257.12516
G0 F7200 X37.58 Y67.638
G1 F900 X43.092 Y62.126 E1257.31961
G0 F7200 X43.504 Y61.713
G1 F900 X62.413 Y42.804 E1257.98667
G0 F7200 X62.413 Y43.37
G1 F900 X44.238 Y61.545 E1258.62785
G0 F7200 X44.8 Y61.549
G1 F900 X62.413 Y43.935 E1259.24921
G0 F7200 X62.413 Y44.501
G1 F900 X45.238 Y61.677 E1259.85512
G0 F7200 X45.553 Y61.927
G1 F900 X62.413 Y45.067 E1260.4499
G0 F7200 X62.413 Y45.632
G1 F900 X46.504 Y61.542 E1261.01115
G0 F7200 X47.068 Y61.544
G1 F900 X62.413 Y46.198 E1261.55251
G0 F7200 X62.413 Y46.764
G1 F900 X47.537 Y61.64 E1262.0773
G0 F7200 X47.884 Y61.859
G1 F900 X62.413 Y47.329 E1262.58987
G0 F7200 X62.413 Y47.895
G1 F900 X48.127 Y62.182 E1263.09386
G0 F7200 X48.276 Y62.599
G1 F900 X62.413 Y48.461 E1263.5926
G0 F7200 X62.413 Y49.027
G1 F900 X48.276 Y63.164 E1264.09132
G0 F7200 X48.276 Y63.73
G1 F900 X62.413 Y49.592 E1264.59006
G0 F7200 X62.413 Y50.158
G1 F900 X48.276 Y64.295 E1265.08878
G0 F7200 X48.276 Y64.861
G1 F900 X62.413 Y50.724 E1265.5875
G0 F7200 X62.413 Y51.289
G1 F900 X48.277 Y65.426 E1266.0862
G0 F7200 X48.277 Y65.991
G1 F900 X51.764 Y62.505 E1266.2092
G0 F7200 X51.72 Y63.114
G1 F900 X48.277 Y66.557 E1266.33066
G0 F7200 X48.278 Y67.122
G1 F900 X51.72 Y63.68 E1266.45209
G0 F7200 X51.72 Y64.246
G1 F900 X48.278 Y67.688 E1266.57351
G0 F7200 X48.278 Y68.253
G1 F900 X51.72 Y64.811 E1266.69494
G0 F7200 X51.72 Y65.377
G1 F900 X48.278 Y68.818 E1266.81635
G0 F7200 X48.278 Y69.384
G1 F900 X51.72 Y65.943 E1266.93776
G0 F7200 X51.72 Y66.508
G1 F900 X48.279 Y69.949 E1267.05915
G0 F7200 X48.279 Y70.515
G1 F900 X51.72 Y67.074 E1267.18054
G0 F7200 X51.72 Y67.64
G1 F900 X48.28 Y71.08 E1267.30189
G0 F7200 X48.28 Y71.645
G1 F900 X51.72 Y68.205 E1267.42325
G0 F7200 X51.72 Y68.771
G1 F900 X48.28 Y72.211 E1267.5446
G0 F7200 X48.281 Y72.776
G1 F900 X51.72 Y69.337 E1267.66592
G0 F7200 X51.72 Y69.902
G1 F900 X48.281 Y73.342 E1267.78726
G0 F7200 X48.349 Y73.839
G1 F900 X51.72 Y70.468 E1267.90618
G0 F7200 X51.72 Y71.034
G1 F900 X48.599 Y74.155 E1268.01628
G0 F7200 X48.805 Y74.514
G1 F900 X51.72 Y71.6 E1268.1191
G0 F7200 X51.72 Y72.165
G1 F900 X48.971 Y74.914 E1268.21608
G0 F7200 X49.09 Y75.361
G1 F900 X51.72 Y72.731 E1268.30886
G0 F7200 X51.72 Y73.297
G1 F900 X49.161 Y75.856 E1268.39913
G0 F7200 X49.14 Y76.442
G1 F900 X51.36 Y74.222 E1268.47745
G1 X51.43 Y74.152
G0 F7200 X50.912 Y75.235
G1 F900 X49.016 Y77.132 E1268.54435
G1 X48.946 Y77.202
G0 F7200 X48.409 Y78.304
G1 F900 X50.835 Y75.878 E1268.62994
G0 F7200 X50.837 Y76.442
G1 F900 X39.367 Y87.912 E1269.03457
G0 F7200 X39.932 Y87.912
G1 F900 X50.924 Y76.921 E1269.42233
G0 F7200 X51.054 Y77.357
G1 F900 X40.497 Y87.913 E1269.79474
G0 F7200 X41.063 Y87.913
G1 F900 X51.226 Y77.75 E1270.15326
G0 F7200 X51.438 Y78.104
G1 F900 X41.629 Y87.913 E1270.4993
G0 F7200 X42.194 Y87.913
G1 F900 X51.685 Y78.422 E1270.83412
G0 F7200 X51.967 Y78.707
G1 F900 X42.759 Y87.914 E1271.15894
G0 F7200 X43.325 Y87.914
G1 F900 X52.267 Y78.973 E1271.47438
G0 F7200 X52.616 Y79.189
G1 F900 X43.891 Y87.914 E1271.78218
G0 F7200 X44.457 Y87.914
G1 F900 X52.993 Y79.377 E1272.08333
G0 F7200 X53.404 Y79.533
G1 F900 X45.022 Y87.914 E1272.37901
G0 F7200 X45.587 Y87.915
G1 F900 X53.882 Y79.62 E1272.67163
G0 F7200 X54.393 Y79.674
G1 F900 X46.153 Y87.915 E1272.96234
G0 F7200 X46.719 Y87.915
G1 F900 X55.016 Y79.617 E1273.25506
G1 X55.086 Y79.547
G0 F7200 X55.826 Y79.373
G1 F900 X47.284 Y87.915 E1273.5564
G0 F7200 X47.849 Y87.915
G1 F900 X62.412 Y73.352 E1274.07015
G0 F7200 X62.412 Y72.787
G1 F900 X57.685 Y77.514 E1274.23691
G1 X57.615 Y77.584
G0 F7200 X57.908 Y76.725
G1 F900 X62.413 Y72.22 E1274.39583
G0 F7200 X62.413 Y71.655
G1 F900 X57.981 Y76.086 E1274.55216
G0 F7200 X57.928 Y75.574
G1 F900 X62.413 Y71.089 E1274.71039
G0 F7200 X62.413 Y70.523
G1 F900 X57.834 Y75.103 E1274.87194
G0 F7200 X57.685 Y74.685
G1 F900 X62.413 Y69.958 E1275.03871
G0 F7200 X62.413 Y69.392
G1 F900 X57.486 Y74.318 E1275.21251
G0 F7200 X57.262 Y73.977
G1 F900 X62.413 Y68.826 E1275.39423
G0 F7200 X62.413 Y68.261
G1 F900 X57.081 Y73.592 E1275.58231
G0 F7200 X57.081 Y73.026
G1 F900 X62.413 Y67.695 E1275.77039
G0 F7200 X62.413 Y67.129
G1 F900 X57.081 Y72.461 E1275.95849
G0 F7200 X57.081 Y71.895
G1 F900 X62.413 Y66.563 E1276.14659
G0 F7200 X62.413 Y65.998
G1 F900 X57.081 Y71.329 E1276.33468
G0 F7200 X57.081 Y70.764
G1 F900 X62.413 Y65.432 E1276.52278
G0 F7200 X62.413 Y64.866
G1 F900 X57.081 Y70.198 E1276.71088
G0 F7200 X57.081 Y69.632
G1 F900 X62.413 Y64.301 E1276.89896
G0 F7200 X62.413 Y63.735
G1 F900 X57.081 Y69.067 E1277.08706
G0 F7200 X57.081 Y68.501
G1 F900 X62.413 Y63.169 E1277.27516
G0 F7200 X62.413 Y62.604
G1 F900 X57.081 Y67.935 E1277.46325
G0 F7200 X57.081 Y67.37
G1 F900 X62.413 Y62.038 E1277.65135
G0 F7200 X62.413 Y61.472
G1 F900 X57.081 Y66.804 E1277.83945
G0 F7200 X57.081 Y66.238
G1 F900 X62.413 Y60.907 E1278.02753
G0 F7200 X62.413 Y60.341
G1 F900 X57.081 Y65.673 E1278.21563
G0 F7200 X57.081 Y65.107
G1 F900 X62.413 Y59.775 E1278.40373
G0 F7200 X62.413 Y59.21
G1 F900 X57.081 Y64.541 E1278.59181
G0 F7200 X57.081 Y63.975
G1 F900 X62.413 Y58.644 E1278.7799
G0 F7200 X62.413 Y58.078
G1 F900 X57.081 Y63.41 E1278.968
G0 F7200 X57.081 Y62.844
G1 F900 X62.413 Y57.512 E1279.1561
G0 F7200 X62.413 Y56.946
G1 F900 X56.994 Y62.365 E1279.34727
G0 F7200 X56.808 Y61.986
G1 F900 X62.413 Y56.38 E1279.54502
G0 F7200 X62.413 Y55.815
G1 F900 X56.507 Y61.721 E1279.75337
G0 F7200 X56.099 Y61.564
G1 F900 X62.413 Y55.249 E1279.97613
G0 F7200 X62.413 Y54.683
G1 F900 X55.556 Y61.541 E1280.21805
G0 F7200 X54.903 Y61.628
G1 F900 X62.413 Y54.118 E1280.48298
G0 F7200 X62.413 Y53.552
G1 F900 X54.183 Y61.783 E1280.77333
G0 F7200 X53.804 Y61.596
G1 F900 X62.413 Y52.986 E1281.07706
G0 F7200 X62.413 Y52.421
G1 F900 X53.29 Y61.544 E1281.3989
G0 F7200 X52.716 Y61.552
G1 F900 X62.413 Y51.855 E1281.74098
G1 X62.483 Y51.785
G0 F7200 X59.253 Y35.216
G1 F900 X62.414 Y32.055 E1281.8525
G0 F7200 X62.414 Y31.49
G1 F900 X59.277 Y34.626 E1281.96315
G0 F7200 X59.277 Y34.061
G1 F900 X62.414 Y30.924 E1282.07381
G0 F7200 X62.414 Y30.358
G1 F900 X59.277 Y33.495 E1282.18448
G0 F7200 X59.277 Y32.929
G1 F900 X62.414 Y29.793 E1282.29513
G0 F7200 X62.414 Y29.227
G1 F900 X59.277 Y32.364 E1282.40579
G0 F7200 X59.277 Y31.798
G1 F900 X62.414 Y28.661 E1282.51646
G0 F7200 X62.414 Y28.095
G1 F900 X59.277 Y31.232 E1282.62712
G0 F7200 X59.278 Y30.666
G1 F900 X62.414 Y27.53 E1282.73776
G0 F7200 X62.415 Y26.963
G1 F900 X59.278 Y30.1 E1282.84842
G0 F7200 X59.278 Y29.534
G1 F900 X62.415 Y26.398 E1282.95907
G0 F7200 X62.415 Y25.832
G1 F900 X59.278 Y28.969 E1283.06974
G0 F7200 X59.278 Y28.403
G1 F900 X62.415 Y25.266 E1283.1804
G0 F7200 X62.415 Y24.701
G1 F900 X59.278 Y27.837 E1283.29105
G0 F7200 X59.279 Y27.271
G1 F900 X62.415 Y24.135 E1283.40168
G0 F7200 X62.415 Y23.569
G1 F900 X59.279 Y26.705 E1283.51231
G0 F7200 X59.279 Y26.14
G1 F900 X62.415 Y23.004 E1283.62294
G0 F7200 X62.415 Y22.438
G1 F900 X59.279 Y25.574 E1283.73357
G0 F7200 X59.279 Y25.008
G1 F900 X62.415 Y21.872 E1283.84421
G0 F7200 X62.415 Y21.307
G1 F900 X59.279 Y24.443 E1283.95484
G0 F7200 X59.279 Y23.877
G1 F900 X62.415 Y20.741 E1284.06547
G0 F7200 X62.415 Y20.175
G1 F900 X59.28 Y23.31 E1284.17606
G0 F7200 X59.28 Y22.745
G1 F900 X62.415 Y19.609 E1284.28668
G0 F7200 X62.415 Y19.044
G1 F900 X59.28 Y22.179 E1284.39727
G0 F7200 X59.28 Y21.613
G1 F900 X62.415 Y18.478 E1284.50787
G0 F7200 X62.415 Y17.912
G1 F900 X59.28 Y21.048 E1284.61848
G0 F7200 X59.28 Y20.482
G1 F900 X62.415 Y17.347 E1284.72908
G0 F7200 X62.415 Y16.781
G1 F900 X59.28 Y19.916 E1284.83967
G0 F7200 X59.28 Y19.35
G1 F900 X62.415 Y16.215 E1284.95027
G0 F7200 X62.415 Y15.65
G1 F900 X59.28 Y18.784 E1285.06084
G0 F7200 X59.28 Y18.219
G1 F900 X62.415 Y15.084 E1285.17144
G0 F7200 X62.415 Y14.518
G1 F900 X59.28 Y17.653 E1285.28204
G0 F7200 X59.28 Y17.087
G1 F900 X62.415 Y13.953 E1285.39261
G0 F7200 X62.415 Y13.387
G1 F900 X59.28 Y16.522 E1285.50321
G0 F7200 X59.28 Y15.956
G1 F900 X62.415 Y12.821 E1285.61381
G0 F7200 X62.415 Y12.256
G1 F900 X59.281 Y15.389 E1285.72435
G0 F7200 X59.281 Y14.824
G1 F900 X62.024 Y12.081 E1285.82111
G0 F7200 X61.458 Y12.081
G1 F900 X59.281 Y14.258 E1285.89791
G0 F7200 X59.281 Y13.692
G1 F900 X60.893 Y12.081 E1285.95476
G0 F7200 X60.327 Y12.081
G1 F900 X59.281 Y13.127 E1285.99166
G0 F7200 X59.281 Y12.561
G1 F900 X59.761 Y12.081 E1286.0086
G0 F7200 X58.938 Y35.838
G0 X53.22 Y35.847
G0 X42.92 Y62.863
G1 F900 X37.58 Y68.203 E1286.19698
G0 F7200 X37.58 Y68.769
G1 F900 X42.92 Y63.429 E1286.38536
G0 F7200 X42.92 Y63.995
G1 F900 X37.58 Y69.335 E1286.57375
G0 F7200 X37.58 Y69.9
G1 F900 X42.92 Y64.56 E1286.76213
G0 F7200 X42.92 Y65.126
G1 F900 X37.58 Y70.466 E1286.95051
G0 F7200 X37.58 Y71.032
G1 F900 X42.92 Y65.692 E1287.1389
G0 F7200 X42.92 Y66.257
G1 F900 X37.58 Y71.597 E1287.32728
G0 F7200 X37.58 Y72.163
G1 F900 X42.92 Y66.823 E1287.51566
G0 F7200 X42.92 Y67.389
G1 F900 X37.58 Y72.729 E1287.70404
G0 F7200 X37.58 Y73.294
G1 F900 X42.92 Y67.954 E1287.89243
G0 F7200 X42.92 Y68.52
G1 F900 X37.58 Y73.86 E1288.08081
G0 F7200 X37.58 Y74.426
G1 F900 X42.92 Y69.086 E1288.26919
G0 F7200 X42.92 Y69.651
G1 F900 X37.58 Y74.992 E1288.45759
G0 F7200 X37.58 Y75.557
G1 F900 X42.92 Y70.217 E1288.64598
G0 F7200 X42.92 Y70.783
G1 F900 X37.58 Y76.123 E1288.83436
G0 F7200 X37.58 Y76.689
G1 F900 X42.92 Y71.348 E1289.02276
G0 F7200 X42.92 Y71.914
G1 F900 X37.58 Y77.254 E1289.21114
G0 F7200 X37.58 Y77.82
G1 F900 X42.92 Y72.48 E1289.39953
G0 F7200 X42.92 Y73.046
G1 F900 X37.58 Y78.386 E1289.58791
G0 F7200 X37.58 Y78.951
G1 F900 X42.92 Y73.611 E1289.77629
G1 X42.99 Y73.541
G0 F7200 X42.267 Y74.83
G1 F900 X37.58 Y79.517 E1289.94164
G0 F7200 X37.58 Y80.083
G1 F900 X42.074 Y75.589 E1290.10018
G0 F7200 X42.025 Y76.203
G1 F900 X37.58 Y80.648 E1290.25699
G0 F7200 X37.58 Y81.214
G1 F900 X42.079 Y76.715 E1290.4157
G0 F7200 X42.189 Y77.171
G1 F900 X37.58 Y81.78 E1290.5783
G0 F7200 X37.58 Y82.345
G1 F900 X42.342 Y77.583 E1290.74629
G0 F7200 X42.545 Y77.946
G1 F900 X37.58 Y82.911 E1290.92144
G0 F7200 X37.58 Y83.477
G1 F900 X42.776 Y78.28 E1291.10476
G0 F7200 X43.037 Y78.586
G1 F900 X37.58 Y84.042 E1291.29725
G0 F7200 X37.58 Y84.608
G1 F900 X43.331 Y78.857 E1291.50014
G0 F7200 X43.657 Y79.096
G1 F900 X37.58 Y85.174 E1291.71454
G0 F7200 X37.58 Y85.74
G1 F900 X44.017 Y79.303 E1291.94162
G0 F7200 X44.419 Y79.466
G1 F900 X37.58 Y86.305 E1292.18288
G0 F7200 X37.58 Y86.871
G1 F900 X44.856 Y79.595 E1292.43956
G0 F7200 X45.363 Y79.653
G1 F900 X37.58 Y87.437 E1292.71415
G0 F7200 X37.67 Y87.912
G1 F900 X45.927 Y79.656 E1293.00542
G0 F7200 X46.629 Y79.518
G1 F900 X38.235 Y87.912 E1293.30154
G0 F7200 X38.801 Y87.912
G1 F900 X47.825 Y78.888 E1293.61989
G1 X47.895 Y78.818
G0 F7200 X48.415 Y87.915
G1 F900 X62.412 Y73.918 E1294.11367
G0 F7200 X62.412 Y74.484
G1 F900 X48.981 Y87.915 E1294.58748
G0 F7200 X49.546 Y87.915
G1 F900 X62.412 Y75.049 E1295.04137
G0 F7200 X62.412 Y75.615
G1 F900 X50.111 Y87.916 E1295.47532
G0 F7200 X50.677 Y87.916
G1 F900 X62.412 Y76.181 E1295.8893
G0 F7200 X62.412 Y76.747
G1 F900 X51.243 Y87.916 E1296.28332
G0 F7200 X51.808 Y87.916
G1 F900 X62.412 Y77.312 E1296.6574
G0 F7200 X62.412 Y77.878
G1 F900 X52.374 Y87.916 E1297.01152
G0 F7200 X52.939 Y87.917
G1 F900 X62.412 Y78.444 E1297.3457
G0 F7200 X62.412 Y79.009
G1 F900 X53.505 Y87.917 E1297.65994
G0 F7200 X54.07 Y87.917
G1 F900 X62.412 Y79.575 E1297.95423
G0 F7200 X62.412 Y80.141
G1 F900 X54.636 Y87.917 E1298.22855
G0 F7200 X55.201 Y87.917
G1 F900 X62.412 Y80.706 E1298.48293
G0 F7200 X62.412 Y81.272
G1 F900 X55.767 Y87.917 E1298.71735
G0 F7200 X56.332 Y87.917
G1 F900 X62.412 Y81.838 E1298.93183
G0 F7200 X62.412 Y82.403
G1 F900 X56.898 Y87.917 E1299.12635
G0 F7200 X57.463 Y87.918
G1 F900 X62.412 Y82.969 E1299.30094
G0 F7200 X62.412 Y83.535
G1 F900 X58.029 Y87.918 E1299.45556
G0 F7200 X58.594 Y87.918
G1 F900 X62.412 Y84.1 E1299.59025
G0 F7200 X62.412 Y84.666
G1 F900 X59.16 Y87.918 E1299.70497
G0 F7200 X59.726 Y87.918
G1 F900 X62.412 Y85.232 E1299.79973
G0 F7200 X62.412 Y85.798
G1 F900 X60.291 Y87.919 E1299.87455
G0 F7200 X60.856 Y87.919
G1 F900 X62.412 Y86.363 E1299.92944
G0 F7200 X62.412 Y86.929
G1 F900 X61.422 Y87.919 E1299.96437
G0 F7200 X61.988 Y87.919
G1 F900 X62.412 Y87.495 E1299.97933
G0 F7200 X56.738 Y61.882
G0 X54.462 Y61.882
G0 X54.455 Y74.967
G0 X55.171 Y75.848
G1 F900 X55.198 Y76.202 E1299.98818
G1 X55.056 Y76.569 E1299.998
G1 X54.757 Y76.823 E1300.00778
G1 X54.491 Y76.898 E1300.01468
G1 X54.167 Y76.875 E1300.02278
G1 X53.912 Y76.746 E1300.02991
G1 X53.669 Y76.457 E1300.03933
G1 X53.592 Y76.184 E1300.0464
G1 X53.644 Y75.802 E1300.05602
G1 X53.775 Y75.56 E1300.06289
G1 X54.279 Y75.124 E1300.07951
G1 X54.4 Y74.95 E1300.0848
G1 X54.521 Y75.124 E1300.09008
G1 X55.052 Y75.592 E1300.10774
G1 X55.171 Y75.848 E1300.11478
G0 F7200 X54.572 Y76.667
G1 F900 X54.958 Y76.281 E1300.1284
G0 F7200 X54.894 Y75.779
G1 F900 X54.071 Y76.602 E1300.15743
G0 F7200 X53.827 Y76.281
G1 F900 X54.626 Y75.482 E1300.18562
G1 X54.696 Y75.412
G0 F7200 X54.338 Y61.882
G0 X45.662 Y61.882
G0 X45.655 Y74.967
G0 X46.371 Y75.848
G1 F900 X46.398 Y76.202 E1300.19448
G1 X46.256 Y76.569 E1300.20429
G1 X45.956 Y76.824 E1300.21411
G1 X45.683 Y76.904 E1300.22121
G1 X45.294 Y76.851 E1300.231
G1 X44.986 Y76.633 E1300.24042
G1 X44.847 Y76.402 E1300.24714
G1 X44.792 Y76.187 E1300.25268
G1 X44.844 Y75.802 E1300.26237
G1 X44.975 Y75.56 E1300.26923
G1 X45.479 Y75.124 E1300.28586
G1 X45.6 Y74.95 E1300.29114
G1 X45.721 Y75.124 E1300.29643
G1 X46.252 Y75.592 E1300.31409
G1 X46.371 Y75.848 E1300.32113
G0 F7200 X45.504 Y76.684
G1 F900 X46.182 Y76.006 E1300.34505
G0 F7200 X45.993 Y75.629
G1 F900 X45.134 Y76.488 E1300.37535
G0 F7200 X44.997 Y76.06
G1 F900 X45.692 Y75.365 E1300.39987
G1 X45.762 Y75.295
G0 F7200 X45.663 Y75.428
;MESH:NONMESH
G0 F600 Z2.135
G0 F7200 X45.538 Y61.882
G0 X37.311 Y11.927
G0 X37.16 Y11.927
;TIME_ELAPSED:2678.028437
;LAYER:6
;TYPE:FILL
;MESH:luckfox_top.stl
G1 F3000 X37.428 Y11.659 E1300.40932
G0 F7200 X37.428 Y11.811
G0 X39.944 Y11.811
G0 X39.944 Y11.66
G1 F3000 X41.14 Y12.856 E1300.45151
G0 F7200 X41.14 Y13.604
G1 F3000 X37.16 Y17.584 E1300.59192
G1 X37.09 Y17.654
G0 F7200 X37.311 Y17.654
G0 X37.311 Y20.189
G0 X37.16 Y20.189
G1 F3000 X41.14 Y24.17 E1300.73234
G0 F7200 X41.14 Y24.918
G1 F3000 X37.16 Y28.898 E1300.87275
G1 X37.09 Y28.968
G0 F7200 X37.311 Y28.968
G0 X37.311 Y31.503
G0 X37.16 Y31.503
G1 F3000 X62.834 Y57.177 E1301.77847
G1 X62.904 Y57.247
G0 F7200 X62.686 Y57.247
G0 X62.686 Y59.793
G0 X62.834 Y59.793
G1 F3000 X56.66 Y65.966 E1301.99625
G1 X56.59 Y66.036
G0 F7200 X56.81 Y66.036
G0 X56.81 Y67.973
G0 X56.66 Y67.973
G1 F3000 X62.836 Y74.149 E1302.21413
G1 X62.906 Y74.219
G0 F7200 X62.687 Y74.219
G0 X62.687 Y76.762
G0 X62.835 Y76.762
G1 F3000 X51.263 Y88.334 E1302.62236
G1 X51.193 Y88.404
G0 F7200 X51.193 Y88.185
G0 X48.736 Y88.186
G0 X48.736 Y88.334
G1 F3000 X37.16 Y76.758 E1303.03074
G1 X37.09 Y76.688
G0 F7200 X37.311 Y76.688
G0 X37.311 Y74.153
G0 X37.16 Y74.153
G1 F3000 X43.34 Y67.973 E1303.24875
G1 X43.41 Y67.903
G0 F7200 X43.19 Y67.903
G0 X43.19 Y65.967
G0 X43.34 Y65.967
G1 F3000 X37.16 Y59.787 E1303.46677
G1 X37.09 Y59.717
G0 F7200 X37.311 Y59.717
G0 X37.311 Y57.182
G0 X37.16 Y57.182
G1 F3000 X62.831 Y31.511 E1304.37238
G1 X62.901 Y31.441
G0 F7200 X62.685 Y31.441
G0 X62.684 Y28.891
G0 X62.832 Y28.891
G1 F3000 X58.86 Y24.918 E1304.51253
G0 F7200 X58.86 Y24.168
G1 F3000 X62.831 Y20.198 E1304.6526
G1 X62.901 Y20.128
G0 F7200 X62.684 Y20.128
G0 X62.684 Y17.576
G0 X62.831 Y17.576
G1 F3000 X58.86 Y13.605 E1304.79268
G0 F7200 X58.86 Y12.854
G1 F3000 X60.055 Y11.659 E1304.83484
G1 X60.125 Y11.589
G0 F7200 X60.124 Y11.81
G0 X62.571 Y11.81
G0 X62.572 Y11.66
G1 F3000 X62.831 Y11.919 E1304.84398
G0 F7200 X62.684 Y11.919
G0 X62.684 Y14.542
G0 X62.83 Y14.542
G1 F3000 X58.86 Y18.511 E1304.98401
G0 F7200 X58.86 Y19.262
G1 F3000 X62.831 Y23.233 E1305.1241
G1 X62.901 Y23.303
G0 F7200 X62.684 Y23.303
G0 X62.684 Y25.855
G0 X62.831 Y25.855
G1 F3000 X58.86 Y29.825 E1305.26417
G0 F7200 X58.86 Y30.575
G1 F3000 X62.832 Y34.548 E1305.40431
G1 X62.902 Y34.618
G0 F7200 X62.685 Y34.618
G0 X62.685 Y37.168
G0 X62.831 Y37.168
G1 F3000 X37.16 Y62.839 E1306.30992
G1 X37.09 Y62.909
G0 F7200 X37.311 Y62.909
G0 X37.311 Y65.444
G0 X37.16 Y65.444
G1 F3000 X43.34 Y71.624 E1306.52794
G1 X43.41 Y71.694
G0 F7200 X43.19 Y71.694
G0 X43.19 Y73.63
G0 X43.34 Y73.63
G1 F3000 X37.16 Y79.81 E1306.74596
G1 X37.09 Y79.88
G0 F7200 X37.311 Y79.88
G0 X37.311 Y82.415
G0 X37.16 Y82.415
G1 F3000 X43.08 Y88.335 E1306.9548
G1 X43.15 Y88.405
G0 F7200 X43.15 Y88.187
G0 X45.605 Y88.186
G0 X45.605 Y88.335
G1 F3000 X54.702 Y79.238 E1307.27572
G1 X54.772 Y79.168
G0 F7200 X54.785 Y79.387
G0 X56.192 Y78.873
G0 X56.117 Y78.744
G1 F3000 X62.836 Y85.464 E1307.51277
G1 X62.906 Y85.534
G0 F7200 X62.687 Y85.534
G0 X62.687 Y88.075
G0 X62.836 Y88.075
G1 F3000 X62.578 Y88.332 E1307.52185
G0 F7200 X62.578 Y88.184
G0 X60.048 Y88.184
G0 X60.048 Y88.332
G1 F3000 X48.645 Y76.929 E1307.92413
G1 X48.575 Y76.859
G0 F7200 X48.804 Y76.941
G0 X48.824 Y75.679
G0 X47.938 Y61.882
G0 X45.662 Y61.882
G0 X45.655 Y74.967
G0 X46.469 Y76.032
G0 X46.617 Y76.01
G1 F3000 X45.502 Y77.124 E1307.96344
G1 X45.432 Y77.194
G0 F7200 X45.487 Y76.977
G0 X45.545 Y74.969
G0 X45.538 Y61.882
G0 X43.262 Y61.882
G0 X42.348 Y76.075
G0 X42.503 Y77.093
G0 X42.961 Y78
G0 X43.731 Y78.864
G0 X45.267 Y79.374
G0 X45.286 Y79.227
G1 F3000 X54.391 Y88.332 E1308.28465
G1 X54.461 Y88.402
G0 F7200 X54.461 Y88.185
G0 X56.921 Y88.184
G0 X56.921 Y88.333
G1 F3000 X62.836 Y82.418 E1308.49331
G1 X62.906 Y82.348
G0 F7200 X62.687 Y82.348
G0 X62.687 Y79.806
G0 X62.836 Y79.806
G1 F3000 X56.66 Y73.63 E1308.71119
G1 X56.59 Y73.56
G0 F7200 X56.81 Y73.56
G0 X56.81 Y71.623
G0 X56.66 Y71.623
G1 F3000 X62.834 Y65.449 E1308.92899
G1 X62.904 Y65.379
G0 F7200 X62.686 Y65.379
G0 X62.686 Y62.835
G0 X62.835 Y62.835
G1 F3000 X37.16 Y37.16 E1309.83475
G1 X37.09 Y37.09
G0 F7200 X37.311 Y37.09
G0 X37.311 Y34.555
G0 X37.16 Y34.555
G1 F3000 X41.14 Y30.575 E1309.97515
G0 F7200 X41.14 Y29.826
G1 F3000 X37.16 Y25.846 E1310.11556
G1 X37.09 Y25.776
G0 F7200 X37.311 Y25.776
G0 X37.311 Y23.241
G0 X37.16 Y23.241
G1 F3000 X41.14 Y19.261 E1310.25596
G0 F7200 X41.14 Y18.513
G1 F3000 X37.16 Y14.532 E1310.39639
G1 X37.09 Y14.462
G0 F7200 X37.311 Y14.462
G0 X41.062 Y35.838
G0 X41.666 Y35.706
G1 F3000 X37.16 Y40.212 E1310.55535
G1 X37.09 Y40.282
G0 F7200 X37.311 Y40.282
G0 X37.311 Y42.817
G0 X37.16 Y42.817
G1 F3000 X62.835 Y68.492 E1311.4611
G1 X62.905 Y68.562
G0 F7200 X62.686 Y68.562
G0 X62.687 Y71.106
G0 X62.834 Y71.106
G1 F3000 X57.526 Y76.414 E1311.64836
G1 X57.456 Y76.484
G0 F7200 X57.665 Y76.51
G0 X56.738 Y61.882
G0 X54.462 Y61.882
G0 X54.493 Y76.976
G0 X54.493 Y77.121
G1 F3000 X53.384 Y76.011 E1311.6875
G1 X53.314 Y75.941
G0 F7200 X53.536 Y75.947
G0 X54.345 Y74.969
G0 X54.338 Y61.882
G0 X52.062 Y61.882
G0 X51.148 Y76.075
G0 X51.211 Y76.955
G0 X51.36 Y76.923
G1 F3000 X39.947 Y88.336 E1312.09012
G1 X39.877 Y88.406
G0 F7200 X39.877 Y88.187
G0 X37.424 Y88.187
G0 X37.424 Y88.335
G1 F3000 X37.16 Y88.072 E1312.09942
G0 F7200 X37.311 Y88.072
G0 X37.311 Y85.467
G0 X37.16 Y85.467
G1 F3000 X43.882 Y78.744 E1312.33657
G1 X43.952 Y78.674
G0 F7200 X43.677 Y78.779
G0 X42.961 Y78
G0 X42.308 Y76.41
G0 X42.46 Y76.401
G1 F3000 X37.16 Y71.101 E1312.52354
G1 X37.09 Y71.031
G0 F7200 X37.311 Y71.031
G0 X37.311 Y68.496
G0 X37.16 Y68.496
G1 F3000 X62.832 Y42.824 E1313.42919
G1 X62.902 Y42.754
G0 F7200 X62.685 Y42.754
G0 X62.685 Y40.205
G0 X62.833 Y40.205
G1 F3000 X58.335 Y35.707 E1313.58787
G1 X58.265 Y35.637
G0 F7200 X58.265 Y35.91
G0 X52.926 Y35.91
G0 X52.926 Y35.76
G1 F3000 X37.16 Y51.525 E1314.14404
G1 X37.09 Y51.595
G0 F7200 X37.311 Y51.595
G0 X37.311 Y54.13
G0 X37.16 Y54.13
G1 F3000 X45.145 Y62.116 E1314.42575
G0 F7200 X45.309 Y62.28
G1 F3000 X45.683 Y62.653 E1314.43893
G0 F7200 X45.59 Y62.653
G0 X47.938 Y61.882
G0 X48.01 Y63.452
G0 X47.861 Y63.452
G1 F3000 X62.833 Y48.48 E1314.96711
G1 X62.903 Y48.41
G0 F7200 X62.685 Y48.41
G0 X62.685 Y45.863
G0 X62.834 Y45.863
G1 F3000 X52.731 Y35.761 E1315.3235
G1 X52.661 Y35.691
G0 F7200 X52.661 Y35.91
G0 X47.269 Y35.91
G0 X47.269 Y35.76
G1 F3000 X37.16 Y45.869 E1315.68012
G1 X37.09 Y45.939
G0 F7200 X37.311 Y45.939
G0 X37.311 Y48.474
G0 X37.16 Y48.474
G1 F3000 X52.14 Y63.454 E1316.20858
G1 X52.21 Y63.524
G0 F7200 X51.99 Y63.524
G0 X51.99 Y64.83
G0 X52.14 Y64.83
G1 F3000 X47.861 Y69.109 E1316.35954
G1 X47.791 Y69.179
G0 F7200 X48.01 Y69.179
G0 X48.01 Y70.487
G0 X47.86 Y70.487
G1 F3000 X51.755 Y74.383 E1316.49696
G1 X51.825 Y74.453
G0 F7200 X51.72 Y74.177
G0 X48.373 Y74.308
G0 X48.244 Y74.383
G1 F3000 X52.14 Y70.487 E1316.6344
G1 X52.21 Y70.417
G0 F7200 X51.99 Y70.417
G0 X51.99 Y69.11
G0 X52.14 Y69.11
G1 F3000 X47.86 Y64.83 E1316.78539
G1 X47.79 Y64.76
G0 F7200 X48.01 Y64.76
G0 X52.062 Y61.882
G0 X54.338 Y61.882
G0 X54.317 Y62.652
G1 F3000 X54.693 Y62.277 E1316.79864
G0 F7200 X54.852 Y62.118
G1 F3000 X62.833 Y54.137 E1317.08019
G1 X62.903 Y54.067
G0 F7200 X62.686 Y54.067
G0 X62.686 Y51.52
G0 X62.834 Y51.52
G1 F3000 X47.074 Y35.761 E1317.63615
G1 X47.004 Y35.691
G0 F7200 X47.004 Y35.91
G0 X58.938 Y35.838
G0 X58.7 Y35.117
;TYPE:WALL-INNER
G1 F2400 X58.61 Y35.317 E1317.64162
G1 X58.406 Y35.518 E1317.64876
G1 X58.192 Y35.594 E1317.65443
G1 X41.837 Y35.6 E1318.0624
G1 X41.595 Y35.517 E1318.06879
G1 X41.39 Y35.317 E1318.07593
G1 X41.3 Y35.117 E1318.0814
G1 X41.3 Y11.5 E1318.67053
G1 X37.138 Y11.5 E1318.77435
G1 X37.036 Y11.572 E1318.77747
G1 X37 Y11.659 E1318.77981
G1 X37 Y88.322 E1320.69218
G1 X37.058 Y88.448 E1320.69564
G1 X37.182 Y88.496 E1320.69896
G1 X62.819 Y88.492 E1321.33848
G1 X62.959 Y88.431 E1321.34228
G1 X62.996 Y88.355 E1321.34439
G1 X62.992 Y11.669 E1323.25733
G1 X62.943 Y11.544 E1323.26068
G1 X62.861 Y11.5 E1323.263
G1 X58.7 Y11.5 E1323.3668
G1 X58.7 Y35.117 E1323.95593
G0 F7200 X59.01 Y35.117
G0 X56.81 Y62.627
G0 X56.5 Y62.627
G1 F2400 X56.5 Y73.987 E1324.23931
G1 X56.856 Y74.381 E1324.25255
G1 X57.127 Y74.851 E1324.26608
G1 X57.266 Y75.224 E1324.27601
G1 X57.366 Y75.668 E1324.28737
G1 X57.4 Y76.099 E1324.29815
G1 X57.315 Y76.796 E1324.31567
G1 X57.138 Y77.321 E1324.32949
G1 X56.83 Y77.866 E1324.3451
G1 X56.428 Y78.307 E1324.35999
G1 X56.111 Y78.563 E1324.37015
G1 X55.685 Y78.809 E1324.38242
G1 X55.361 Y78.939 E1324.39113
G1 X54.804 Y79.072 E1324.40542
G1 X54.397 Y79.1 E1324.41559
G1 X53.662 Y79.012 E1324.43406
G1 X53.07 Y78.789 E1324.44984
G1 X52.641 Y78.533 E1324.4623
G1 X52.22 Y78.158 E1324.47637
G1 X51.968 Y77.859 E1324.48612
G1 X51.689 Y77.389 E1324.49976
G1 X51.537 Y77.001 E1324.51015
G1 X51.416 Y76.432 E1324.52466
G1 X51.401 Y76.057 E1324.53402
G1 X51.483 Y75.369 E1324.55131
G1 X51.669 Y74.851 E1324.56504
G1 X51.947 Y74.368 E1324.57894
G1 X52.3 Y73.985 E1324.59193
G1 X52.3 Y62.72 E1324.87294
G1 X52.365 Y62.447 E1324.87994
G1 X52.606 Y62.196 E1324.88862
G1 X52.804 Y62.121 E1324.8939
G1 X53.588 Y62.126 E1324.91346
G1 X53.805 Y62.203 E1324.9192
G1 X53.958 Y62.332 E1324.92419
G1 F2133.3 X54.15 Y62.72 E1324.93634
G1 F1912.4 X54.149 Y74.597 E1325.30816
G1 F2123.9 X53.999 Y74.875 E1325.31707
G1 F2400 X53.573 Y75.232 E1325.33093
G1 X53.32 Y75.587 E1325.34181
G1 X53.229 Y75.869 E1325.3492
G1 X53.215 Y76.256 E1325.35886
G1 X53.29 Y76.541 E1325.36621
G1 X53.436 Y76.81 E1325.37385
G1 X53.761 Y77.109 E1325.38486
G1 X54.038 Y77.24 E1325.39251
G1 X54.241 Y77.284 E1325.39769
G1 X54.545 Y77.284 E1325.40527
G1 X54.84 Y77.209 E1325.41286
G1 X55.096 Y77.067 E1325.42017
G1 X55.322 Y76.857 E1325.42786
G1 X55.477 Y76.61 E1325.43514
G1 X55.576 Y76.311 E1325.44299
G1 X55.595 Y76.113 E1325.44795
G1 X55.533 Y75.723 E1325.4578
G1 X55.409 Y75.461 E1325.46504
G1 X55.212 Y75.223 E1325.47274
G1 X54.801 Y74.875 E1325.48618
G1 F2123.9 X54.651 Y74.597 E1325.49508
G1 F1912.4 X54.65 Y62.72 E1325.8669
G1 F2133.3 X54.842 Y62.332 E1325.87905
G1 F2400 X54.995 Y62.203 E1325.88404
G1 X55.241 Y62.122 E1325.8905
G1 X55.963 Y62.123 E1325.90851
G1 X56.261 Y62.24 E1325.9165
G1 X56.401 Y62.389 E1325.9216
G1 X56.5 Y62.627 E1325.92803
G0 F7200 X56.81 Y62.627
G0 X52.062 Y61.882
G0 X48.01 Y62.447
G0 X47.635 Y62.447
G1 F2400 X47.7 Y62.72 E1325.93503
G1 X47.7 Y73.987 E1326.21609
G1 X48.057 Y74.381 E1326.22935
G1 X48.327 Y74.851 E1326.24287
G1 X48.458 Y75.192 E1326.25198
G1 X48.579 Y75.76 E1326.26647
G1 X48.6 Y76.131 E1326.27574
G1 X48.511 Y76.832 E1326.29337
G1 X48.33 Y77.342 E1326.30687
G1 X48.029 Y77.867 E1326.32196
G1 X47.66 Y78.277 E1326.33572
G1 X47.352 Y78.537 E1326.34578
G1 X46.845 Y78.827 E1326.36035
G1 X46.473 Y78.966 E1326.37025
G1 X46.004 Y79.072 E1326.38225
G1 X45.597 Y79.1 E1326.39242
G1 X44.866 Y79.013 E1326.41079
G1 X44.314 Y78.813 E1326.42543
G1 X43.823 Y78.525 E1326.43963
G1 X43.393 Y78.128 E1326.45423
G1 X43.14 Y77.815 E1326.46427
G1 X42.869 Y77.345 E1326.4778
G1 X42.73 Y76.973 E1326.48771
G1 X42.63 Y76.534 E1326.49894
G1 X42.597 Y76.083 E1326.51022
G1 X42.685 Y75.358 E1326.52844
G1 X42.912 Y74.765 E1326.54428
G1 X43.14 Y74.381 E1326.55542
G1 X43.5 Y73.985 E1326.56877
G1 X43.5 Y62.636 E1326.85187
G1 X43.599 Y62.389 E1326.85851
G1 X43.739 Y62.24 E1326.86361
G1 X44.036 Y62.123 E1326.87157
G1 X44.788 Y62.126 E1326.89033
G1 X45.005 Y62.203 E1326.89608
G1 X45.158 Y62.332 E1326.90107
G1 F2133.3 X45.35 Y62.72 E1326.91322
G1 F1912.4 X45.349 Y74.597 E1327.28504
G1 F2123.9 X45.199 Y74.875 E1327.29394
G1 F2400 X44.773 Y75.232 E1327.30781
G1 X44.52 Y75.587 E1327.31868
G1 X44.429 Y75.869 E1327.32607
G1 X44.415 Y76.256 E1327.33573
G1 X44.49 Y76.541 E1327.34309
G1 X44.714 Y76.904 E1327.35373
G1 X45.147 Y77.207 E1327.36691
G1 X45.451 Y77.284 E1327.37473
G1 X45.744 Y77.284 E1327.38204
G1 X46.04 Y77.209 E1327.38966
G1 X46.296 Y77.067 E1327.39696
G1 X46.522 Y76.857 E1327.40466
G1 X46.677 Y76.61 E1327.41193
G1 X46.776 Y76.311 E1327.41979
G1 X46.795 Y76.113 E1327.42475
G1 X46.733 Y75.723 E1327.4346
G1 X46.609 Y75.461 E1327.44183
G1 X46.412 Y75.223 E1327.44954
G1 X46.001 Y74.875 E1327.46297
G1 F2123.9 X45.851 Y74.597 E1327.47188
G1 F1912.4 X45.85 Y62.72 E1327.8437
G1 F2133.3 X46.042 Y62.332 E1327.85585
G1 F2400 X46.195 Y62.203 E1327.86084
G1 X46.441 Y62.122 E1327.8673
G1 X47.147 Y62.121 E1327.88491
G1 X47.394 Y62.196 E1327.89135
G1 X47.635 Y62.447 E1327.90003
G0 F7200 X47.3 Y62.72
;TYPE:WALL-OUTER
G1 F1200 X47.3 Y74.147 E1328.18508
G1 X47.713 Y74.585 E1328.20009
G1 X47.955 Y74.998 E1328.21204
G1 X48.076 Y75.312 E1328.22043
G1 X48.176 Y75.756 E1328.23178
G1 X48.199 Y76.126 E1328.24103
G1 X48.113 Y76.759 E1328.25697
G1 X47.952 Y77.209 E1328.26889
G1 X47.703 Y77.629 E1328.28107
G1 X47.39 Y77.982 E1328.29284
G1 X47.123 Y78.209 E1328.30158
G1 X46.698 Y78.455 E1328.31383
G1 X46.385 Y78.576 E1328.3222
G1 X45.935 Y78.678 E1328.33371
G1 X45.57 Y78.699 E1328.34283
G1 X44.978 Y78.623 E1328.35772
G1 X44.488 Y78.453 E1328.37066
G1 X44.049 Y78.189 E1328.38343
G1 X43.699 Y77.87 E1328.39525
G1 X43.484 Y77.611 E1328.40364
G1 X43.241 Y77.198 E1328.4156
G1 X43.12 Y76.885 E1328.42397
G1 X43.02 Y76.445 E1328.43522
G1 X43.001 Y76.071 E1328.44457
G1 X43.083 Y75.436 E1328.46054
G1 X43.239 Y75.004 E1328.47199
G1 X43.484 Y74.585 E1328.4841
G1 X43.9 Y74.147 E1328.49917
G1 X43.903 Y62.68 E1328.78522
G1 X43.979 Y62.56 E1328.78876
G1 X44.056 Y62.524 E1328.79088
G1 X44.72 Y62.52 E1328.80744
G1 X44.853 Y62.59 E1328.81119
G1 X44.9 Y62.72 E1328.81464
G1 X44.9 Y74.558 E1329.10994
G1 X44.867 Y74.652 E1329.11243
G1 X44.503 Y74.934 E1329.12391
G1 X44.155 Y75.415 E1329.13872
G1 X44.031 Y75.799 E1329.14879
G1 X44.013 Y76.301 E1329.16132
G1 X44.116 Y76.689 E1329.17133
G1 X44.43 Y77.189 E1329.18606
G1 X44.751 Y77.452 E1329.19641
G1 X45.004 Y77.583 E1329.20352
G1 X45.401 Y77.684 E1329.21374
G1 X45.794 Y77.684 E1329.22354
G1 X46.189 Y77.584 E1329.23371
G1 X46.533 Y77.393 E1329.24352
G1 X46.832 Y77.115 E1329.2537
G1 X47.041 Y76.782 E1329.26351
G1 X47.17 Y76.394 E1329.27371
G1 X47.198 Y76.099 E1329.2811
G1 X47.119 Y75.604 E1329.29361
G1 X46.949 Y75.245 E1329.30352
G1 X46.689 Y74.931 E1329.31369
G1 X46.333 Y74.652 E1329.32497
G1 X46.3 Y74.558 E1329.32745
G1 X46.3 Y62.72 E1329.62275
G1 X46.347 Y62.59 E1329.6262
G1 X46.48 Y62.52 E1329.62995
G1 X47.116 Y62.52 E1329.64582
G1 X47.224 Y62.562 E1329.64871
G1 X47.3 Y62.72 E1329.65308
G0 F7200 X47.3 Y62.92
G0 X48.01 Y62.92
G0 X52.062 Y61.882
G0 X56.738 Y61.882
G0 X56.81 Y62.68
G0 X56.097 Y62.68
G1 F1200 X56.1 Y74.147 E1329.93913
G1 X56.485 Y74.549 E1329.95301
G1 X56.755 Y74.998 E1329.96608
G1 X56.876 Y75.312 E1329.97447
G1 X56.976 Y75.756 E1329.98583
G1 X56.999 Y76.126 E1329.99507
G1 X56.921 Y76.727 E1330.01019
G1 X56.745 Y77.222 E1330.0233
G1 X56.49 Y77.646 E1330.03564
G1 X55.938 Y78.197 E1330.0551
G1 X55.511 Y78.449 E1330.06746
G1 X55.185 Y78.576 E1330.07619
G1 X54.735 Y78.678 E1330.0877
G1 X54.37 Y78.699 E1330.09682
G1 X53.778 Y78.623 E1330.11171
G1 X53.274 Y78.445 E1330.12504
G1 X52.869 Y78.205 E1330.13679
G1 X52.508 Y77.88 E1330.1489
G1 X52.293 Y77.625 E1330.15722
G1 X52.048 Y77.213 E1330.16918
G1 X51.92 Y76.885 E1330.17796
G1 X51.816 Y76.411 E1330.19007
G1 X51.801 Y76.071 E1330.19856
G1 X51.883 Y75.436 E1330.21453
G1 X52.041 Y74.998 E1330.22615
G1 X52.283 Y74.585 E1330.23809
G1 X52.7 Y74.147 E1330.25317
G1 X52.706 Y62.67 E1330.53947
G1 X52.843 Y62.52 E1330.54453
G1 X53.539 Y62.523 E1330.5619
G1 X53.653 Y62.59 E1330.56519
G1 X53.7 Y62.72 E1330.56864
G1 X53.7 Y74.558 E1330.86394
G1 X53.667 Y74.652 E1330.86643
G1 X53.303 Y74.934 E1330.87791
G1 X52.955 Y75.415 E1330.89272
G1 X52.831 Y75.799 E1330.90279
G1 X52.813 Y76.301 E1330.91532
G1 X52.916 Y76.689 E1330.92533
G1 X53.103 Y77.035 E1330.93515
G1 X53.545 Y77.449 E1330.95025
G1 X53.909 Y77.621 E1330.9603
G1 X54.198 Y77.684 E1330.96767
G1 X54.595 Y77.684 E1330.97758
G1 X54.989 Y77.584 E1330.98772
G1 X55.333 Y77.393 E1330.99753
G1 X55.632 Y77.115 E1331.00772
G1 X55.841 Y76.782 E1331.01752
G1 X55.97 Y76.394 E1331.02772
G1 X55.998 Y76.099 E1331.03512
G1 X55.919 Y75.604 E1331.04762
G1 X55.749 Y75.245 E1331.05753
G1 X55.489 Y74.931 E1331.0677
G1 X55.133 Y74.652 E1331.07898
G1 X55.1 Y74.558 E1331.08146
G1 X55.1 Y62.72 E1331.37677
G1 X55.147 Y62.59 E1331.38021
G1 X55.28 Y62.52 E1331.38396
G1 X55.944 Y62.524 E1331.40053
G1 X56.045 Y62.582 E1331.40343
G1 X56.097 Y62.68 E1331.4062
G0 F7200 X56.097 Y62.88
G0 X56.81 Y62.88
G0 X59.01 Y35.035
G0 X58.298 Y35.035
G1 F1200 X58.185 Y35.198 E1331.41115
G1 X41.817 Y35.198 E1331.81945
G1 X41.7 Y35.041 E1331.82433
G1 X41.7 Y11.1 E1332.42154
G1 X37.076 Y11.1 E1332.53689
G1 X36.928 Y11.148 E1332.54077
G1 X36.724 Y11.308 E1332.54724
G1 X36.6 Y11.62 E1332.55561
G1 X36.6 Y88.408 E1334.4711
G1 X36.732 Y88.698 E1334.47905
G1 X36.888 Y88.827 E1334.48409
G1 X37.125 Y88.896 E1334.49025
G1 X62.902 Y88.892 E1335.13326
G1 X63.206 Y88.76 E1335.14153
G1 X63.288 Y88.674 E1335.14449
G1 X63.396 Y88.443 E1335.15085
G1 X63.392 Y11.594 E1337.06786
G1 X63.283 Y11.317 E1337.07529
G1 X63.011 Y11.127 E1337.08356
G1 X62.876 Y11.1 E1337.087
G1 X58.3 Y11.1 E1337.20115
G1 X58.298 Y35.035 E1337.79821
G0 F7200 X58.185 Y35.198
G0 X58.183 Y35.198
G0 X58.183 Y36.21
;MESH:NONMESH
G0 F600 Z2.285
G0 F7200 X41.062 Y35.838
G0 X37.311 Y11.927
G0 X37.16 Y11.927
;TIME_ELAPSED:2728.997734
;LAYER:7
;TYPE:FILL
;MESH:luckfox_top.stl
G1 F3000 X37.425 Y11.662 E1337.80756
G0 F7200 X37.425 Y11.811
G0 X39.945 Y11.811
G0 X39.945 Y11.661
G1 F3000 X41.14 Y12.856 E1337.84971
G0 F7200 X41.14 Y13.604
G1 F3000 X37.16 Y17.584 E1337.99012
G1 X37.09 Y17.654
G0 F7200 X37.311 Y17.654
G0 X37.311 Y20.189
G0 X37.16 Y20.189
G1 F3000 X41.14 Y24.17 E1338.13054
G0 F7200 X41.14 Y24.918
G1 F3000 X37.16 Y28.898 E1338.27095
G1 X37.09 Y28.968
G0 F7200 X37.311 Y28.968
G0 X37.311 Y31.503
G0 X37.16 Y31.503
G1 F3000 X62.838 Y57.181 E1339.17681
G1 X62.908 Y57.251
G0 F7200 X62.689 Y57.25
G0 X62.689 Y59.788
G0 X62.837 Y59.789
G1 F3000 X56.661 Y65.965 E1339.39468
G1 X56.591 Y66.035
G0 F7200 X56.81 Y66.035
G0 X56.81 Y67.974
G0 X56.66 Y67.974
G1 F3000 X62.837 Y74.151 E1339.61259
G1 X62.907 Y74.221
G0 F7200 X62.689 Y74.22
G0 X62.689 Y76.76
G0 X62.836 Y76.761
G1 F3000 X51.259 Y88.338 E1340.021
G1 X51.189 Y88.408
G0 F7200 X51.19 Y88.19
G0 X48.74 Y88.189
G0 X48.739 Y88.337
G1 F3000 X37.16 Y76.758 E1340.42948
G1 X37.09 Y76.688
G0 F7200 X37.311 Y76.688
G0 X37.311 Y74.153
G0 X37.16 Y74.153
G1 F3000 X43.34 Y67.973 E1340.6475
G1 X43.41 Y67.903
G0 F7200 X43.19 Y67.903
G0 X43.19 Y65.967
G0 X43.34 Y65.967
G1 F3000 X37.16 Y59.787 E1340.86551
G1 X37.09 Y59.717
G0 F7200 X37.311 Y59.717
G0 X37.311 Y57.182
G0 X37.16 Y57.182
G1 F3000 X62.838 Y31.504 E1341.77138
G1 X62.908 Y31.434
G0 F7200 X62.69 Y31.433
G0 X62.69 Y28.897
G0 X62.839 Y28.898
G1 F3000 X58.86 Y24.919 E1341.91175
G0 F7200 X58.861 Y24.167
G1 F3000 X62.838 Y20.19 E1342.05205
G1 X62.908 Y20.12
G0 F7200 X62.69 Y20.119
G0 X62.69 Y17.583
G0 X62.839 Y17.584
G1 F3000 X58.86 Y13.605 E1342.19241
G0 F7200 X58.861 Y12.854
G1 F3000 X60.052 Y11.663 E1342.23443
G1 X60.122 Y11.593
G0 F7200 X60.121 Y11.81
G0 X62.578 Y11.81
G0 X62.579 Y11.667
G1 F3000 X62.839 Y11.927 E1342.2436
G0 F7200 X62.69 Y11.926
G0 X62.69 Y14.532
G0 X62.838 Y14.533
G1 F3000 X58.861 Y18.511 E1342.38392
G0 F7200 X58.86 Y19.262
G1 F3000 X62.839 Y23.241 E1342.52429
G1 X62.909 Y23.311
G0 F7200 X62.69 Y23.31
G0 X62.69 Y25.846
G0 X62.838 Y25.847
G1 F3000 X58.861 Y29.824 E1342.66459
G0 F7200 X58.86 Y30.576
G1 F3000 X62.838 Y34.554 E1342.80492
G1 X62.908 Y34.624
G0 F7200 X62.69 Y34.623
G0 X62.69 Y37.16
G0 X62.838 Y37.161
G1 F3000 X37.16 Y62.839 E1343.71078
G1 X37.09 Y62.909
G0 F7200 X37.311 Y62.909
G0 X37.311 Y65.444
G0 X37.16 Y65.444
G1 F3000 X43.34 Y71.624 E1343.9288
G1 X43.41 Y71.694
G0 F7200 X43.19 Y71.694
G0 X43.19 Y73.63
G0 X43.34 Y73.63
G1 F3000 X37.16 Y79.81 E1344.14682
G1 X37.09 Y79.88
G0 F7200 X37.311 Y79.88
G0 X37.311 Y82.415
G0 X37.16 Y82.415
G1 F3000 X43.081 Y88.336 E1344.3557
G1 X43.151 Y88.406
G0 F7200 X43.152 Y88.189
G0 X45.604 Y88.189
G0 X45.603 Y88.337
G1 F3000 X54.702 Y79.238 E1344.67669
G1 X54.772 Y79.168
G0 F7200 X54.785 Y79.387
G0 X56.192 Y78.873
G0 X56.117 Y78.744
G1 F3000 X62.837 Y85.464 E1344.91375
G1 X62.907 Y85.534
G0 F7200 X62.689 Y85.533
G0 X62.689 Y88.073
G0 X62.836 Y88.074
G1 F3000 X62.572 Y88.339 E1344.92309
G0 F7200 X62.573 Y88.19
G0 X60.055 Y88.19
G0 X60.054 Y88.338
G1 F3000 X48.645 Y76.929 E1345.32557
G1 X48.575 Y76.859
G0 F7200 X48.804 Y76.941
G0 X48.824 Y75.679
G0 X47.938 Y61.882
G0 X45.662 Y61.882
G0 X45.655 Y74.967
G0 X46.477 Y76.03
G0 X46.624 Y76.003
G1 F3000 X45.502 Y77.124 E1345.36513
G1 X45.432 Y77.194
G0 F7200 X45.488 Y76.977
G0 X45.545 Y74.986
G0 X45.538 Y61.882
G0 X43.262 Y61.882
G0 X42.348 Y76.075
G0 X42.503 Y77.093
G0 X42.961 Y78
G0 X43.731 Y78.864
G0 X45.263 Y79.374
G0 X45.282 Y79.223
G1 F3000 X54.396 Y88.337 E1345.68665
G1 X54.466 Y88.407
G0 F7200 X54.467 Y88.19
G0 X56.916 Y88.19
G0 X56.915 Y88.339
G1 F3000 X62.836 Y82.418 E1345.89553
G1 X62.906 Y82.348
G0 F7200 X62.689 Y82.347
G0 X62.689 Y79.807
G0 X62.837 Y79.808
G1 F3000 X56.66 Y73.631 E1346.11344
G1 X56.59 Y73.561
G0 F7200 X56.81 Y73.561
G0 X56.81 Y71.622
G0 X56.661 Y71.622
G1 F3000 X62.837 Y65.446 E1346.33132
G1 X62.907 Y65.376
G0 F7200 X62.689 Y65.375
G0 X62.689 Y62.837
G0 X62.838 Y62.838
G1 F3000 X37.16 Y37.16 E1347.23718
G1 X37.09 Y37.09
G0 F7200 X37.311 Y37.09
G0 X37.311 Y34.555
G0 X37.16 Y34.555
G1 F3000 X41.14 Y30.575 E1347.37758
G0 F7200 X41.14 Y29.826
G1 F3000 X37.16 Y25.846 E1347.51799
G1 X37.09 Y25.776
G0 F7200 X37.311 Y25.776
G0 X37.311 Y23.241
G0 X37.16 Y23.241
G1 F3000 X41.14 Y19.261 E1347.65839
G0 F7200 X41.14 Y18.513
G1 F3000 X37.16 Y14.532 E1347.79882
G1 X37.09 Y14.462
G0 F7200 X37.311 Y14.462
G0 X41.062 Y35.838
G0 X41.666 Y35.706
G1 F3000 X37.16 Y40.212 E1347.95778
G1 X37.09 Y40.282
G0 F7200 X37.311 Y40.282
G0 X37.311 Y42.817
G0 X37.16 Y42.817
G1 F3000 X62.838 Y68.495 E1348.86364
G1 X62.908 Y68.565
G0 F7200 X62.689 Y68.564
G0 X62.689 Y71.103
G0 X62.836 Y71.104
G1 F3000 X57.522 Y76.418 E1349.05111
G1 X57.452 Y76.488
G0 F7200 X57.664 Y76.515
G0 X56.738 Y61.882
G0 X54.462 Y61.882
G0 X54.458 Y69.301
G0 X54.497 Y76.976
G0 X54.497 Y77.124
G1 F3000 X53.37 Y75.997 E1349.09086
G1 X53.3 Y75.927
G0 F7200 X53.523 Y75.985
G0 X54.345 Y74.986
G0 X54.338 Y61.882
G0 X52.062 Y61.882
G0 X51.148 Y76.075
G0 X51.211 Y76.955
G0 X51.36 Y76.923
G1 F3000 X39.947 Y88.337 E1349.49351
G1 X39.877 Y88.407
G0 F7200 X39.878 Y88.189
G0 X37.425 Y88.189
G0 X37.424 Y88.336
G1 F3000 X37.16 Y88.072 E1349.50282
G0 F7200 X37.311 Y88.072
G0 X37.311 Y85.467
G0 X37.16 Y85.467
G1 F3000 X43.882 Y78.744 E1349.73997
G1 X43.952 Y78.674
G0 F7200 X43.677 Y78.779
G0 X42.961 Y78
G0 X42.308 Y76.41
G0 X42.46 Y76.401
G1 F3000 X37.16 Y71.101 E1349.92695
G1 X37.09 Y71.031
G0 F7200 X37.311 Y71.031
G0 X37.311 Y68.496
G0 X37.16 Y68.496
G1 F3000 X62.838 Y42.818 E1350.83281
G1 X62.908 Y42.748
G0 F7200 X62.69 Y42.747
G0 X62.69 Y40.21
G0 X62.838 Y40.211
G1 F3000 X58.334 Y35.707 E1350.9917
G1 X58.264 Y35.637
G0 F7200 X58.264 Y35.91
G0 X52.926 Y35.91
G0 X52.926 Y35.76
G1 F3000 X37.16 Y51.525 E1351.54787
G1 X37.09 Y51.595
G0 F7200 X37.311 Y51.595
G0 X37.311 Y54.13
G0 X37.16 Y54.13
G1 F3000 X45.145 Y62.116 E1351.82958
G0 F7200 X45.309 Y62.28
G1 F3000 X45.683 Y62.653 E1351.84275
G0 F7200 X45.59 Y62.653
G0 X47.938 Y61.882
G0 X48.01 Y63.452
G0 X47.861 Y63.452
G1 F3000 X62.838 Y48.475 E1352.37111
G1 X62.908 Y48.405
G0 F7200 X62.69 Y48.404
G0 X62.69 Y45.867
G0 X62.838 Y45.868
G1 F3000 X52.73 Y35.76 E1352.72769
G1 X52.66 Y35.69
G0 F7200 X52.66 Y35.91
G0 X47.269 Y35.91
G0 X47.269 Y35.76
G1 F3000 X37.16 Y45.869 E1353.08432
G1 X37.09 Y45.939
G0 F7200 X37.311 Y45.939
G0 X37.311 Y48.474
G0 X37.16 Y48.474
G1 F3000 X52.14 Y63.454 E1353.61278
G1 X52.21 Y63.524
G0 F7200 X51.99 Y63.524
G0 X51.99 Y64.83
G0 X52.14 Y64.83
G1 F3000 X47.861 Y69.109 E1353.76373
G1 X47.791 Y69.179
G0 F7200 X48.01 Y69.179
G0 X48.01 Y70.487
G0 X47.86 Y70.487
G1 F3000 X51.755 Y74.383 E1353.90115
G1 X51.825 Y74.453
G0 F7200 X51.72 Y74.177
G0 X48.373 Y74.308
G0 X48.244 Y74.383
G1 F3000 X52.14 Y70.487 E1354.0386
G1 X52.21 Y70.417
G0 F7200 X51.99 Y70.417
G0 X51.99 Y69.11
G0 X52.14 Y69.11
G1 F3000 X47.86 Y64.83 E1354.18958
G1 X47.79 Y64.76
G0 F7200 X48.01 Y64.76
G0 X52.062 Y61.882
G0 X54.338 Y61.882
G0 X54.317 Y62.652
G1 F3000 X54.693 Y62.277 E1354.20283
G0 F7200 X54.852 Y62.118
G1 F3000 X62.837 Y54.133 E1354.48452
G1 X62.907 Y54.063
G0 F7200 X62.689 Y54.062
G0 X62.689 Y51.523
G0 X62.838 Y51.524
G1 F3000 X47.074 Y35.76 E1355.04064
G1 X47.004 Y35.69
G0 F7200 X47.004 Y35.91
G0 X58.938 Y35.838
G0 X58.7 Y35.117
;TYPE:WALL-INNER
G1 F2400 X58.61 Y35.317 E1355.04611
G1 X58.406 Y35.518 E1355.05326
G1 X58.193 Y35.594 E1355.0589
G1 X41.837 Y35.6 E1355.4669
G1 X41.595 Y35.517 E1355.47328
G1 X41.39 Y35.317 E1355.48043
G1 X41.3 Y35.117 E1355.4859
G1 X41.3 Y11.5 E1356.07503
G1 X37.188 Y11.5 E1356.1776
G1 X37.059 Y11.549 E1356.18104
G1 X37 Y11.677 E1356.18456
G1 X37.004 Y88.363 E1358.0975
G1 X37.054 Y88.447 E1358.09994
G1 X37.198 Y88.496 E1358.10373
G1 X62.873 Y88.499 E1358.7442
G1 X62.951 Y88.438 E1358.74667
G1 X62.996 Y88.3 E1358.75029
G1 X62.999 Y11.611 E1360.6633
G1 X62.858 Y11.501 E1360.66776
G1 X58.701 Y11.501 E1360.77146
G1 X58.7 Y35.117 E1361.36056
G0 F7200 X59.01 Y35.117
G0 X56.81 Y62.63
G0 X56.501 Y62.63
G1 F2400 X56.5 Y73.987 E1361.64386
G1 X56.774 Y74.272 E1361.65373
G1 X57.085 Y74.765 E1361.66827
G1 X57.239 Y75.135 E1361.67826
G1 X57.366 Y75.668 E1361.69193
G1 X57.401 Y76.1 E1361.70274
G1 X57.316 Y76.796 E1361.72023
G1 X57.138 Y77.321 E1361.73406
G1 X56.83 Y77.866 E1361.74968
G1 X56.428 Y78.307 E1361.76456
G1 X56.111 Y78.563 E1361.77473
G1 X55.685 Y78.809 E1361.787
G1 X55.274 Y78.966 E1361.79798
G1 X54.804 Y79.072 E1361.80999
G1 X54.395 Y79.1 E1361.82022
G1 X53.662 Y79.012 E1361.83864
G1 X53.07 Y78.789 E1361.85442
G1 X52.641 Y78.533 E1361.86688
G1 X52.22 Y78.158 E1361.88094
G1 X51.968 Y77.859 E1361.8907
G1 X51.689 Y77.389 E1361.90433
G1 X51.537 Y77.001 E1361.91473
G1 X51.416 Y76.432 E1361.92924
G1 X51.401 Y76.057 E1361.9386
G1 X51.483 Y75.369 E1361.95588
G1 X51.669 Y74.851 E1361.96961
G1 X51.947 Y74.368 E1361.98351
G1 X52.3 Y73.985 E1361.99651
G1 X52.3 Y62.72 E1362.27751
G1 X52.365 Y62.447 E1362.28451
G1 X52.606 Y62.196 E1362.29319
G1 X52.803 Y62.121 E1362.29845
G1 X53.567 Y62.119 E1362.31751
G1 X53.805 Y62.203 E1362.32381
G1 X53.958 Y62.332 E1362.3288
G1 F2133.3 X54.15 Y62.72 E1362.34095
G1 F1912.4 X54.149 Y74.597 E1362.71277
G1 F2123.9 X53.999 Y74.875 E1362.72167
G1 F2400 X53.43 Y75.399 E1362.74097
G1 X53.29 Y75.655 E1362.74825
G1 X53.211 Y75.961 E1362.75613
G1 X53.206 Y76.165 E1362.76122
G1 X53.264 Y76.467 E1362.76889
G1 X53.389 Y76.737 E1362.77631
G1 X53.587 Y76.975 E1362.78404
G1 X53.825 Y77.149 E1362.79139
G1 X54.239 Y77.284 E1362.80225
G1 X54.539 Y77.284 E1362.80974
G1 X54.915 Y77.175 E1362.8195
G1 X55.157 Y77.022 E1362.82665
G1 X55.367 Y76.796 E1362.83434
G1 X55.509 Y76.54 E1362.84164
G1 X55.586 Y76.234 E1362.84951
G1 X55.593 Y76.031 E1362.85458
G1 X55.537 Y75.735 E1362.8621
G1 X55.409 Y75.461 E1362.86964
G1 X55.212 Y75.223 E1362.87735
G1 X54.801 Y74.875 E1362.89078
G1 F2123.9 X54.651 Y74.597 E1362.89969
G1 F1912.4 X54.65 Y62.72 E1363.27151
G1 F2133.3 X54.842 Y62.332 E1363.28366
G1 F2400 X54.995 Y62.203 E1363.28865
G1 X55.241 Y62.122 E1363.29511
G1 X55.963 Y62.123 E1363.31312
G1 X56.261 Y62.239 E1363.3211
G1 X56.402 Y62.389 E1363.32623
G1 X56.501 Y62.63 E1363.33273
G0 F7200 X56.81 Y62.63
G0 X52.062 Y61.882
G0 X48.01 Y62.447
G0 X47.635 Y62.447
G1 F2400 X47.7 Y62.72 E1363.33973
G1 X47.7 Y73.987 E1363.62079
G1 X48.057 Y74.381 E1363.63405
G1 X48.327 Y74.851 E1363.64757
G1 X48.458 Y75.192 E1363.65668
G1 X48.579 Y75.76 E1363.67117
G1 X48.6 Y76.131 E1363.68044
G1 X48.511 Y76.832 E1363.69807
G1 X48.33 Y77.342 E1363.71157
G1 X48.029 Y77.867 E1363.72666
G1 X47.66 Y78.277 E1363.74042
G1 X47.352 Y78.537 E1363.75048
G1 X46.845 Y78.827 E1363.76505
G1 X46.474 Y78.966 E1363.77493
G1 X46.004 Y79.072 E1363.78695
G1 X45.595 Y79.1 E1363.79718
G1 X44.866 Y79.013 E1363.81549
G1 X44.314 Y78.813 E1363.83013
G1 X43.823 Y78.525 E1363.84433
G1 X43.393 Y78.128 E1363.85893
G1 X43.14 Y77.815 E1363.86897
G1 X42.869 Y77.345 E1363.88251
G1 X42.73 Y76.973 E1363.89241
G1 X42.63 Y76.534 E1363.90364
G1 X42.597 Y76.083 E1363.91492
G1 X42.685 Y75.358 E1363.93314
G1 X42.912 Y74.765 E1363.94898
G1 X43.14 Y74.381 E1363.96012
G1 X43.5 Y73.985 E1363.97347
G1 X43.5 Y62.636 E1364.25657
G1 X43.599 Y62.389 E1364.26321
G1 X43.739 Y62.24 E1364.26831
G1 X44.036 Y62.123 E1364.27627
G1 X44.788 Y62.126 E1364.29503
G1 X45.005 Y62.203 E1364.30078
G1 X45.158 Y62.332 E1364.30577
G1 F2133.3 X45.35 Y62.72 E1364.31792
G1 F1912.4 X45.349 Y74.597 E1364.68974
G1 F2123.9 X45.199 Y74.875 E1364.69864
G1 F2400 X44.629 Y75.401 E1364.71799
G1 X44.494 Y75.644 E1364.72493
G1 X44.403 Y76.085 E1364.73616
G1 X44.49 Y76.54 E1364.74772
G1 X44.626 Y76.788 E1364.75477
G1 X44.91 Y77.072 E1364.76479
G1 X45.156 Y77.209 E1364.77181
G1 X45.451 Y77.284 E1364.77941
G1 X45.738 Y77.284 E1364.78657
G1 X46.115 Y77.175 E1364.79636
G1 X46.357 Y77.022 E1364.8035
G1 X46.567 Y76.796 E1364.81119
G1 X46.709 Y76.54 E1364.8185
G1 X46.786 Y76.234 E1364.82637
G1 X46.793 Y76.031 E1364.83143
G1 X46.737 Y75.735 E1364.83895
G1 X46.609 Y75.461 E1364.84649
G1 X46.412 Y75.223 E1364.8542
G1 X46.001 Y74.875 E1364.86763
G1 F2123.9 X45.851 Y74.597 E1364.87654
G1 F1912.4 X45.85 Y62.72 E1365.24836
G1 F2133.3 X46.042 Y62.332 E1365.26051
G1 F2400 X46.195 Y62.203 E1365.2655
G1 X46.441 Y62.122 E1365.27196
G1 X47.147 Y62.121 E1365.28957
G1 X47.394 Y62.196 E1365.29601
G1 X47.635 Y62.447 E1365.30469
G0 F7200 X47.3 Y62.72
;TYPE:WALL-OUTER
G1 F1200 X47.3 Y74.147 E1365.58974
G1 X47.713 Y74.585 E1365.60476
G1 X47.955 Y74.998 E1365.6167
G1 X48.076 Y75.312 E1365.62509
G1 X48.176 Y75.756 E1365.63644
G1 X48.199 Y76.126 E1365.64569
G1 X48.113 Y76.759 E1365.66163
G1 X47.952 Y77.209 E1365.67355
G1 X47.703 Y77.629 E1365.68573
G1 X47.39 Y77.982 E1365.6975
G1 X47.123 Y78.209 E1365.70624
G1 X46.698 Y78.455 E1365.71849
G1 X46.385 Y78.576 E1365.72686
G1 X45.935 Y78.678 E1365.73837
G1 X45.57 Y78.699 E1365.74749
G1 X44.978 Y78.623 E1365.76238
G1 X44.488 Y78.453 E1365.77532
G1 X44.049 Y78.189 E1365.7881
G1 X43.699 Y77.87 E1365.79991
G1 X43.484 Y77.611 E1365.80831
G1 X43.241 Y77.198 E1365.82026
G1 X43.12 Y76.885 E1365.82863
G1 X43.02 Y76.445 E1365.83989
G1 X43.001 Y76.071 E1365.84923
G1 X43.083 Y75.436 E1365.8652
G1 X43.239 Y75.004 E1365.87666
G1 X43.484 Y74.585 E1365.88876
G1 X43.9 Y74.147 E1365.90383
G1 X43.903 Y62.68 E1366.18988
G1 X43.979 Y62.56 E1366.19342
G1 X44.056 Y62.524 E1366.19554
G1 X44.72 Y62.52 E1366.21211
G1 X44.853 Y62.59 E1366.21585
G1 X44.9 Y62.72 E1366.2193
G1 X44.9 Y74.558 E1366.5146
G1 X44.867 Y74.652 E1366.51709
G1 X44.584 Y74.865 E1366.52592
G1 X44.303 Y75.163 E1366.53614
G1 X44.114 Y75.503 E1366.54584
G1 X44.001 Y76.053 E1366.55985
G1 X44.011 Y76.29 E1366.56577
G1 X44.116 Y76.689 E1366.57606
G1 X44.302 Y77.03 E1366.58575
G1 X44.666 Y77.394 E1366.59859
G1 X45.007 Y77.584 E1366.60833
G1 X45.401 Y77.684 E1366.61847
G1 X45.795 Y77.684 E1366.6283
G1 X46.281 Y77.543 E1366.64092
G1 X46.615 Y77.332 E1366.65077
G1 X46.893 Y77.033 E1366.66096
G1 X47.084 Y76.689 E1366.67077
G1 X47.184 Y76.291 E1366.68101
G1 X47.195 Y76 E1366.68828
G1 X47.12 Y75.611 E1366.69816
G1 X46.949 Y75.245 E1366.70823
G1 X46.689 Y74.931 E1366.7184
G1 X46.333 Y74.652 E1366.72969
G1 X46.3 Y74.558 E1366.73217
G1 X46.3 Y62.72 E1367.02747
G1 X46.347 Y62.59 E1367.03092
G1 X46.48 Y62.52 E1367.03467
G1 X47.116 Y62.52 E1367.05053
G1 X47.224 Y62.562 E1367.05343
G1 X47.3 Y62.72 E1367.0578
G0 F7200 X47.3 Y62.92
G0 X48.01 Y62.92
G0 X52.062 Y61.882
G0 X56.738 Y61.882
G0 X56.81 Y62.68
G0 X56.097 Y62.68
G1 F1200 X56.1 Y74.147 E1367.34384
G1 X56.485 Y74.549 E1367.35773
G1 X56.755 Y74.998 E1367.3708
G1 X56.876 Y75.312 E1367.37919
G1 X56.976 Y75.756 E1367.39055
G1 X57.001 Y76.1 E1367.39915
G1 X56.922 Y76.727 E1367.41491
G1 X56.745 Y77.222 E1367.42803
G1 X56.49 Y77.646 E1367.44037
G1 X55.938 Y78.197 E1367.45983
G1 X55.511 Y78.449 E1367.47219
G1 X55.185 Y78.576 E1367.48092
G1 X54.735 Y78.678 E1367.49243
G1 X54.37 Y78.699 E1367.50155
G1 X53.778 Y78.623 E1367.51644
G1 X53.274 Y78.445 E1367.52977
G1 X52.869 Y78.205 E1367.54152
G1 X52.508 Y77.88 E1367.55363
G1 X52.293 Y77.625 E1367.56195
G1 X52.048 Y77.213 E1367.57391
G1 X51.92 Y76.885 E1367.58269
G1 X51.816 Y76.411 E1367.5948
G1 X51.801 Y76.071 E1367.60329
G1 X51.883 Y75.436 E1367.61926
G1 X52.041 Y74.998 E1367.63088
G1 X52.283 Y74.585 E1367.64282
G1 X52.7 Y74.147 E1367.6579
G1 X52.706 Y62.67 E1367.9442
G1 X52.845 Y62.519 E1367.94932
G1 X53.539 Y62.523 E1367.96663
G1 X53.653 Y62.59 E1367.96993
G1 X53.7 Y62.72 E1367.97338
G1 X53.7 Y74.558 E1368.26868
G1 X53.667 Y74.652 E1368.27116
G1 X53.384 Y74.865 E1368.28
G1 X53.104 Y75.163 E1368.2902
G1 X52.916 Y75.507 E1368.29998
G1 X52.812 Y75.905 E1368.31024
G1 X52.805 Y76.199 E1368.31757
G1 X52.88 Y76.59 E1368.3275
G1 X53.047 Y76.952 E1368.33745
G1 X53.311 Y77.269 E1368.34774
G1 X53.627 Y77.5 E1368.3575
G1 X54.195 Y77.684 E1368.3724
G1 X54.595 Y77.684 E1368.38238
G1 X55.081 Y77.543 E1368.395
G1 X55.415 Y77.332 E1368.40485
G1 X55.693 Y77.033 E1368.41504
G1 X55.884 Y76.689 E1368.42485
G1 X55.984 Y76.291 E1368.43509
G1 X55.995 Y76 E1368.44235
G1 X55.92 Y75.611 E1368.45224
G1 X55.749 Y75.245 E1368.46231
G1 X55.489 Y74.931 E1368.47248
G1 X55.133 Y74.652 E1368.48377
G1 X55.1 Y74.558 E1368.48625
G1 X55.1 Y62.72 E1368.78155
G1 X55.147 Y62.59 E1368.785
G1 X55.28 Y62.52 E1368.78875
G1 X55.944 Y62.524 E1368.80531
G1 X56.021 Y62.559 E1368.80742
G1 X56.097 Y62.68 E1368.81099
G0 F7200 X56.097 Y62.88
G0 X56.81 Y62.88
G0 X59.01 Y35.035
G0 X58.298 Y35.035
G1 F1200 X58.185 Y35.198 E1368.81593
G1 X41.817 Y35.198 E1369.22424
G1 X41.7 Y35.041 E1369.22912
G1 X41.7 Y11.1 E1369.82633
G1 X37.13 Y11.1 E1369.94033
G1 X36.888 Y11.173 E1369.94664
G1 X36.735 Y11.298 E1369.95156
G1 X36.6 Y11.589 E1369.95957
G1 X36.6 Y88.466 E1371.87727
G1 X36.755 Y88.727 E1371.88484
G1 X36.84 Y88.797 E1371.88759
G1 X37.133 Y88.896 E1371.8953
G1 X62.836 Y88.899 E1372.53647
G1 X63.016 Y88.871 E1372.54101
G1 X63.165 Y88.794 E1372.5452
G1 X63.303 Y88.647 E1372.55023
G1 X63.396 Y88.364 E1372.55766
G1 X63.399 Y11.656 E1374.47115
G1 X63.371 Y11.481 E1374.47557
G1 X63.297 Y11.341 E1374.47952
G1 X63.065 Y11.147 E1374.48706
G1 X62.92 Y11.101 E1374.49085
G1 X58.301 Y11.101 E1374.60608
G1 X58.298 Y35.035 E1375.20311
G0 F7200 X58.185 Y35.198
G0 X58.183 Y35.198
G0 X58.183 Y36.21
;MESH:NONMESH
G0 F600 Z2.435
G0 F7200 X41.062 Y35.838
G0 X37.311 Y11.927
G0 X37.161 Y11.927
;TIME_ELAPSED:2779.975663
;LAYER:8
;TYPE:FILL
;MESH:luckfox_top.stl
G1 F3000 X37.428 Y11.659 E1375.21255
G0 F7200 X37.428 Y11.811
G0 X39.944 Y11.811
G0 X39.944 Y11.66
G1 F3000 X41.14 Y12.856 E1375.25474
G0 F7200 X41.14 Y13.604
G1 F3000 X37.161 Y17.584 E1375.39513
G1 X37.091 Y17.654
G0 F7200 X37.311 Y17.654
G0 X37.311 Y20.189
G0 X37.16 Y20.189
G1 F3000 X41.14 Y24.17 E1375.53555
G0 F7200 X41.14 Y24.918
G1 F3000 X37.161 Y28.897 E1375.67592
G1 X37.091 Y28.967
G0 F7200 X37.311 Y28.967
G0 X37.311 Y31.504
G0 X37.161 Y31.504
G1 F3000 X62.832 Y57.175 E1376.58154
G1 X62.902 Y57.245
G0 F7200 X62.689 Y57.244
G0 X62.689 Y59.794
G0 X62.831 Y59.795
G1 F3000 X56.661 Y65.965 E1376.7992
G1 X56.591 Y66.035
G0 F7200 X56.81 Y66.035
G0 X56.81 Y67.974
G0 X56.66 Y67.974
G1 F3000 X62.831 Y74.144 E1377.01688
G1 X62.901 Y74.214
G0 F7200 X62.689 Y74.213
G0 X62.689 Y76.766
G0 X62.83 Y76.767
G1 F3000 X51.26 Y88.337 E1377.42504
G1 X51.19 Y88.407
G0 F7200 X51.191 Y88.19
G0 X48.738 Y88.189
G0 X48.737 Y88.335
G1 F3000 X37.162 Y76.76 E1377.83338
G1 X37.092 Y76.69
G0 F7200 X37.311 Y76.69
G0 X37.311 Y74.15
G0 X37.163 Y74.15
G1 F3000 X43.34 Y67.973 E1378.05129
G1 X43.41 Y67.903
G0 F7200 X43.19 Y67.903
G0 X43.19 Y65.967
G0 X43.34 Y65.967
G1 F3000 X37.161 Y59.789 E1378.26926
G1 X37.091 Y59.719
G0 F7200 X37.311 Y59.719
G0 X37.311 Y57.18
G0 X37.162 Y57.18
G1 F3000 X62.834 Y31.509 E1379.17489
G1 X62.904 Y31.439
G0 F7200 X62.69 Y31.438
G0 X62.69 Y28.892
G0 X62.834 Y28.893
G1 F3000 X58.86 Y24.919 E1379.31508
G0 F7200 X58.861 Y24.167
G1 F3000 X62.834 Y20.194 E1379.45524
G1 X62.904 Y20.124
G0 F7200 X62.69 Y20.123
G0 X62.69 Y17.58
G0 X62.836 Y17.581
G1 F3000 X58.86 Y13.605 E1379.5955
G0 F7200 X58.861 Y12.854
G1 F3000 X60.053 Y11.662 E1379.63755
G1 X60.123 Y11.592
G0 F7200 X60.122 Y11.81
G0 X62.574 Y11.81
G0 X62.575 Y11.664
G1 F3000 X62.836 Y11.924 E1379.64674
G0 F7200 X62.69 Y11.923
G0 X62.69 Y14.536
G0 X62.835 Y14.537
G1 F3000 X58.861 Y18.511 E1379.78694
G0 F7200 X58.86 Y19.262
G1 F3000 X62.835 Y23.237 E1379.92717
G1 X62.905 Y23.307
G0 F7200 X62.69 Y23.306
G0 X62.69 Y25.85
G0 X62.834 Y25.851
G1 F3000 X58.861 Y29.824 E1380.06733
G0 F7200 X58.86 Y30.576
G1 F3000 X62.834 Y34.55 E1380.20752
G1 X62.904 Y34.62
G0 F7200 X62.69 Y34.619
G0 X62.69 Y37.165
G0 X62.834 Y37.166
G1 F3000 X37.162 Y62.837 E1381.11315
G1 X37.092 Y62.907
G0 F7200 X37.311 Y62.907
G0 X37.311 Y65.446
G0 X37.161 Y65.446
G1 F3000 X43.34 Y71.624 E1381.33111
G1 X43.41 Y71.694
G0 F7200 X43.19 Y71.694
G0 X43.19 Y73.63
G0 X43.34 Y73.63
G1 F3000 X37.163 Y79.807 E1381.54902
G1 X37.093 Y79.877
G0 F7200 X37.311 Y79.877
G0 X37.311 Y82.417
G0 X37.162 Y82.417
G1 F3000 X43.079 Y88.334 E1381.75776
G1 X43.149 Y88.404
G0 F7200 X43.15 Y88.189
G0 X45.606 Y88.189
G0 X45.605 Y88.335
G1 F3000 X54.702 Y79.238 E1382.07868
G1 X54.772 Y79.168
G0 F7200 X54.785 Y79.387
G0 X56.192 Y78.873
G0 X56.117 Y78.744
G1 F3000 X62.83 Y85.457 E1382.3155
G1 X62.9 Y85.527
G0 F7200 X62.689 Y85.526
G0 X62.689 Y88.08
G0 X62.829 Y88.081
G1 F3000 X62.572 Y88.339 E1382.32459
G0 F7200 X62.573 Y88.19
G0 X60.055 Y88.19
G0 X60.054 Y88.338
G1 F3000 X48.645 Y76.93 E1382.72705
G1 X48.575 Y76.86
G0 F7200 X48.803 Y76.942
G0 X48.824 Y75.679
G0 X47.938 Y61.882
G0 X45.662 Y61.882
G0 X45.655 Y74.967
G0 X46.475 Y76.003
G0 X46.621 Y76.005
G1 F3000 X45.502 Y77.124 E1382.76653
G1 X45.432 Y77.194
G0 F7200 X45.487 Y76.977
G0 X45.545 Y74.986
G0 X45.538 Y61.882
G0 X43.262 Y61.882
G0 X42.348 Y76.075
G0 X42.503 Y77.093
G0 X42.961 Y78
G0 X43.731 Y78.864
G0 X45.263 Y79.374
G0 X45.282 Y79.223
G1 F3000 X54.396 Y88.337 E1383.08805
G1 X54.466 Y88.407
G0 F7200 X54.467 Y88.19
G0 X56.917 Y88.19
G0 X56.916 Y88.338
G1 F3000 X62.829 Y82.425 E1383.29665
G1 X62.899 Y82.355
G0 F7200 X62.689 Y82.354
G0 X62.689 Y79.8
G0 X62.831 Y79.801
G1 F3000 X56.66 Y73.631 E1383.51433
G1 X56.59 Y73.561
G0 F7200 X56.81 Y73.561
G0 X56.81 Y71.622
G0 X56.661 Y71.622
G1 F3000 X62.831 Y65.453 E1383.73197
G1 X62.901 Y65.383
G0 F7200 X62.689 Y65.382
G0 X62.689 Y62.83
G0 X62.831 Y62.831
G1 F3000 X37.161 Y37.161 E1384.63755
G1 X37.091 Y37.091
G0 F7200 X37.311 Y37.091
G0 X37.311 Y34.553
G0 X37.161 Y34.553
G1 F3000 X41.14 Y30.575 E1384.7779
G0 F7200 X41.14 Y29.826
G1 F3000 X37.16 Y25.846 E1384.91831
G1 X37.09 Y25.776
G0 F7200 X37.311 Y25.776
G0 X37.311 Y23.24
G0 X37.161 Y23.24
G1 F3000 X41.14 Y19.261 E1385.05868
G0 F7200 X41.14 Y18.513
G1 F3000 X37.16 Y14.532 E1385.1991
G1 X37.09 Y14.462
G0 F7200 X37.311 Y14.462
G0 X41.062 Y35.838
G0 X41.666 Y35.706
G1 F3000 X37.161 Y40.21 E1385.35801
G1 X37.091 Y40.28
G0 F7200 X37.311 Y40.28
G0 X37.311 Y42.817
G0 X37.161 Y42.817
G1 F3000 X62.831 Y68.488 E1386.26361
G1 X62.901 Y68.558
G0 F7200 X62.689 Y68.557
G0 X62.689 Y71.108
G0 X62.831 Y71.109
G1 F3000 X57.522 Y76.418 E1386.4509
G1 X57.452 Y76.488
G0 F7200 X57.664 Y76.515
G0 X56.738 Y61.882
G0 X54.462 Y61.882
G0 X54.458 Y69.301
G0 X54.497 Y76.976
G0 X54.497 Y77.124
G1 F3000 X53.377 Y76.005 E1386.49039
G1 X53.307 Y75.935
G0 F7200 X53.529 Y75.938
G0 X54.345 Y74.986
G0 X54.338 Y61.882
G0 X52.062 Y61.882
G0 X51.148 Y76.075
G0 X51.211 Y76.955
G0 X51.361 Y76.923
G1 F3000 X39.949 Y88.334 E1386.89296
G1 X39.879 Y88.404
G0 F7200 X39.88 Y88.189
G0 X37.423 Y88.189
G0 X37.422 Y88.333
G1 F3000 X37.162 Y88.074 E1386.90212
G0 F7200 X37.311 Y88.074
G0 X37.311 Y85.464
G0 X37.163 Y85.464
G1 F3000 X43.882 Y78.744 E1387.13916
G1 X43.952 Y78.674
G0 F7200 X43.677 Y78.779
G0 X42.961 Y78
G0 X42.308 Y76.41
G0 X42.46 Y76.401
G1 F3000 X37.162 Y71.103 E1387.32606
G1 X37.092 Y71.033
G0 F7200 X37.311 Y71.033
G0 X37.311 Y68.494
G0 X37.162 Y68.494
G1 F3000 X62.833 Y42.823 E1388.23168
G1 X62.903 Y42.753
G0 F7200 X62.69 Y42.752
G0 X62.69 Y40.205
G0 X62.834 Y40.206
G1 F3000 X58.334 Y35.707 E1388.39041
G1 X58.264 Y35.637
G0 F7200 X58.264 Y35.91
G0 X52.926 Y35.91
G0 X52.926 Y35.76
G1 F3000 X37.162 Y51.523 E1388.94651
G1 X37.092 Y51.593
G0 F7200 X37.311 Y51.593
G0 X37.311 Y54.132
G0 X37.161 Y54.132
G1 F3000 X45.145 Y62.116 E1389.22817
G0 F7200 X45.309 Y62.28
G1 F3000 X45.683 Y62.653 E1389.24134
G0 F7200 X45.59 Y62.653
G0 X47.938 Y61.882
G0 X48.01 Y63.452
G0 X47.861 Y63.452
G1 F3000 X62.832 Y48.481 E1389.76949
G1 X62.902 Y48.411
G0 F7200 X62.69 Y48.41
G0 X62.69 Y45.861
G0 X62.833 Y45.862
G1 F3000 X52.73 Y35.76 E1390.12588
G1 X52.66 Y35.69
G0 F7200 X52.66 Y35.91
G0 X47.269 Y35.91
G0 X47.269 Y35.76
G1 F3000 X37.161 Y45.867 E1390.48245
G1 X37.091 Y45.937
G0 F7200 X37.311 Y45.937
G0 X37.311 Y48.474
G0 X37.161 Y48.474
G1 F3000 X52.14 Y63.454 E1391.01089
G1 X52.21 Y63.524
G0 F7200 X51.99 Y63.524
G0 X51.99 Y64.83
G0 X52.14 Y64.83
G1 F3000 X47.861 Y69.109 E1391.16184
G1 X47.791 Y69.179
G0 F7200 X48.01 Y69.179
G0 X48.01 Y70.487
G0 X47.86 Y70.487
G1 F3000 X51.755 Y74.383 E1391.29927
G1 X51.825 Y74.453
G0 F7200 X51.72 Y74.177
G0 X48.373 Y74.308
G0 X48.244 Y74.383
G1 F3000 X52.14 Y70.487 E1391.43671
G1 X52.21 Y70.417
G0 F7200 X51.99 Y70.417
G0 X51.99 Y69.11
G0 X52.14 Y69.11
G1 F3000 X47.86 Y64.83 E1391.5877
G1 X47.79 Y64.76
G0 F7200 X48.01 Y64.76
G0 X52.062 Y61.882
G0 X54.338 Y61.882
G0 X54.317 Y62.652
G1 F3000 X54.693 Y62.277 E1391.60095
G0 F7200 X54.852 Y62.118
G1 F3000 X62.832 Y54.138 E1391.88246
G1 X62.902 Y54.068
G0 F7200 X62.689 Y54.067
G0 X62.689 Y51.518
G0 X62.833 Y51.519
G1 F3000 X47.074 Y35.76 E1392.4384
G1 X47.004 Y35.69
G0 F7200 X47.004 Y35.91
G0 X58.938 Y35.838
G0 X58.7 Y35.117
;TYPE:WALL-INNER
G1 F2400 X58.61 Y35.317 E1392.44387
G1 X58.406 Y35.518 E1392.45102
G1 X58.193 Y35.594 E1392.45666
G1 X41.837 Y35.6 E1392.86466
G1 X41.595 Y35.517 E1392.87104
G1 X41.39 Y35.317 E1392.87819
G1 X41.3 Y35.117 E1392.88366
G1 X41.3 Y11.5 E1393.47279
G1 X37.167 Y11.5 E1393.57589
G1 X37.05 Y11.548 E1393.57904
G1 X37 Y11.7 E1393.58303
G1 X37 Y88.358 E1395.49527
G1 X37.101 Y88.496 E1395.49954
G1 X62.884 Y88.5 E1396.1427
G1 X62.996 Y88.365 E1396.14707
G1 X62.999 Y11.63 E1398.06124
G1 X62.949 Y11.548 E1398.06363
G1 X62.837 Y11.5 E1398.06667
G1 X58.701 Y11.501 E1398.16984
G1 X58.7 Y35.117 E1398.75895
G0 F7200 X59.01 Y35.117
G0 X56.81 Y62.63
G0 X56.501 Y62.63
G1 F2400 X56.5 Y73.987 E1399.04225
G1 X56.774 Y74.272 E1399.05211
G1 X57.085 Y74.765 E1399.06665
G1 X57.239 Y75.135 E1399.07665
G1 X57.366 Y75.668 E1399.09032
G1 X57.401 Y76.1 E1399.10113
G1 X57.316 Y76.796 E1399.11862
G1 X57.138 Y77.321 E1399.13245
G1 X56.83 Y77.866 E1399.14806
G1 X56.428 Y78.307 E1399.16295
G1 X56.111 Y78.563 E1399.17311
G1 X55.685 Y78.809 E1399.18539
G1 X55.274 Y78.966 E1399.19636
G1 X54.804 Y79.072 E1399.20838
G1 X54.395 Y79.1 E1399.21861
G1 X53.662 Y79.012 E1399.23702
G1 X53.07 Y78.789 E1399.2528
G1 X52.641 Y78.533 E1399.26526
G1 X52.22 Y78.158 E1399.27933
G1 X51.968 Y77.859 E1399.28908
G1 X51.689 Y77.389 E1399.30272
G1 X51.537 Y77.001 E1399.31311
G1 X51.416 Y76.428 E1399.32772
G1 X51.401 Y76.057 E1399.33698
G1 X51.483 Y75.369 E1399.35427
G1 X51.669 Y74.851 E1399.368
G1 X51.947 Y74.368 E1399.3819
G1 X52.3 Y73.985 E1399.39489
G1 X52.3 Y62.72 E1399.6759
G1 X52.365 Y62.447 E1399.6829
G1 X52.606 Y62.196 E1399.69158
G1 X52.803 Y62.121 E1399.69684
G1 X53.567 Y62.119 E1399.71589
G1 X53.805 Y62.203 E1399.72219
G1 X53.958 Y62.332 E1399.72718
G1 F2133.3 X54.15 Y62.72 E1399.73933
G1 F1912.4 X54.149 Y74.597 E1400.11115
G1 F2123.9 X53.999 Y74.875 E1400.12006
G1 F2400 X53.43 Y75.4 E1400.13937
G1 X53.284 Y75.664 E1400.14689
G1 X53.219 Y75.898 E1400.15295
G1 X53.214 Y76.247 E1400.16166
G1 X53.291 Y76.542 E1400.16927
G1 X53.436 Y76.81 E1400.17687
G1 X53.772 Y77.116 E1400.1882
G1 X53.947 Y77.207 E1400.19312
G1 X54.251 Y77.284 E1400.20095
G1 X54.538 Y77.284 E1400.2081
G1 X54.915 Y77.175 E1400.21789
G1 X55.157 Y77.022 E1400.22504
G1 X55.365 Y76.797 E1400.23268
G1 X55.512 Y76.532 E1400.24024
G1 X55.577 Y76.297 E1400.24632
G1 X55.582 Y75.933 E1400.2554
G1 X55.54 Y75.739 E1400.26035
G1 X55.409 Y75.461 E1400.26802
G1 X55.212 Y75.223 E1400.27573
G1 X54.801 Y74.875 E1400.28916
G1 F2123.9 X54.651 Y74.597 E1400.29807
G1 F1912.4 X54.65 Y62.72 E1400.66989
G1 F2133.3 X54.842 Y62.332 E1400.68204
G1 F2400 X54.995 Y62.203 E1400.68703
G1 X55.241 Y62.122 E1400.69349
G1 X55.963 Y62.123 E1400.7115
G1 X56.261 Y62.239 E1400.71948
G1 X56.402 Y62.389 E1400.72461
G1 X56.501 Y62.63 E1400.73111
G0 F7200 X56.81 Y62.63
G0 X52.062 Y61.882
G0 X48.01 Y62.447
G0 X47.635 Y62.447
G1 F2400 X47.7 Y62.72 E1400.73811
G1 X47.7 Y73.987 E1401.01917
G1 X48.057 Y74.381 E1401.03243
G1 X48.327 Y74.851 E1401.04595
G1 X48.458 Y75.192 E1401.05506
G1 X48.579 Y75.76 E1401.06955
G1 X48.6 Y76.131 E1401.07882
G1 X48.513 Y76.826 E1401.09629
G1 X48.33 Y77.342 E1401.10995
G1 X48.029 Y77.867 E1401.12505
G1 X47.66 Y78.277 E1401.13881
G1 X47.352 Y78.537 E1401.14886
G1 X46.845 Y78.827 E1401.16343
G1 X46.474 Y78.966 E1401.17331
G1 X46.004 Y79.072 E1401.18533
G1 X45.595 Y79.1 E1401.19556
G1 X44.866 Y79.013 E1401.21387
G1 X44.314 Y78.813 E1401.22852
G1 X43.823 Y78.525 E1401.24272
G1 X43.393 Y78.128 E1401.25732
G1 X43.14 Y77.815 E1401.26736
G1 X42.869 Y77.345 E1401.28089
G1 X42.73 Y76.972 E1401.29082
G1 X42.625 Y76.5 E1401.30288
G1 X42.597 Y76.082 E1401.31333
G1 X42.685 Y75.358 E1401.33152
G1 X42.912 Y74.765 E1401.34736
G1 X43.14 Y74.381 E1401.3585
G1 X43.5 Y73.985 E1401.37185
G1 X43.5 Y62.636 E1401.65496
G1 X43.599 Y62.389 E1401.66159
G1 X43.739 Y62.24 E1401.66669
G1 X44.036 Y62.123 E1401.67466
G1 X44.788 Y62.126 E1401.69342
G1 X45.005 Y62.203 E1401.69916
G1 X45.158 Y62.332 E1401.70415
G1 F2133.3 X45.35 Y62.72 E1401.7163
G1 F1912.4 X45.349 Y74.597 E1402.08812
G1 F2123.9 X45.199 Y74.875 E1402.09703
G1 F2400 X44.63 Y75.4 E1402.11634
G1 X44.484 Y75.664 E1402.12386
G1 X44.419 Y75.898 E1402.12992
G1 X44.414 Y76.247 E1402.13863
G1 X44.491 Y76.542 E1402.14623
G1 X44.636 Y76.81 E1402.15384
G1 X44.972 Y77.116 E1402.16517
G1 X45.147 Y77.207 E1402.17009
G1 X45.451 Y77.284 E1402.17792
G1 X45.738 Y77.284 E1402.18507
G1 X46.115 Y77.175 E1402.19486
G1 X46.357 Y77.022 E1402.20201
G1 X46.565 Y76.797 E1402.20965
G1 X46.712 Y76.532 E1402.21721
G1 X46.777 Y76.297 E1402.22329
G1 X46.782 Y75.933 E1402.23237
G1 X46.74 Y75.739 E1402.23732
G1 X46.609 Y75.461 E1402.24499
G1 X46.412 Y75.223 E1402.2527
G1 X46.001 Y74.875 E1402.26613
G1 F2123.9 X45.851 Y74.597 E1402.27503
G1 F1912.4 X45.85 Y62.72 E1402.64686
G1 F2133.3 X46.042 Y62.332 E1402.65901
G1 F2400 X46.195 Y62.203 E1402.664
G1 X46.441 Y62.122 E1402.67046
G1 X47.147 Y62.121 E1402.68807
G1 X47.394 Y62.196 E1402.69451
G1 X47.635 Y62.447 E1402.70319
G0 F7200 X47.3 Y62.72
;TYPE:WALL-OUTER
G1 F1200 X47.3 Y74.147 E1402.98824
G1 X47.713 Y74.585 E1403.00325
G1 X47.955 Y74.998 E1403.01519
G1 X48.076 Y75.312 E1403.02359
G1 X48.176 Y75.756 E1403.03494
G1 X48.199 Y76.126 E1403.04419
G1 X48.113 Y76.759 E1403.06013
G1 X47.952 Y77.209 E1403.07205
G1 X47.703 Y77.629 E1403.08423
G1 X47.39 Y77.982 E1403.096
G1 X47.123 Y78.209 E1403.10474
G1 X46.698 Y78.455 E1403.11699
G1 X46.385 Y78.576 E1403.12536
G1 X45.935 Y78.678 E1403.13687
G1 X45.57 Y78.699 E1403.14599
G1 X44.978 Y78.623 E1403.16088
G1 X44.488 Y78.453 E1403.17381
G1 X44.049 Y78.189 E1403.18659
G1 X43.699 Y77.87 E1403.19841
G1 X43.484 Y77.611 E1403.2068
G1 X43.241 Y77.198 E1403.21876
G1 X43.12 Y76.884 E1403.22715
G1 X43.019 Y76.431 E1403.23873
G1 X43.001 Y76.071 E1403.24772
G1 X43.083 Y75.436 E1403.26369
G1 X43.239 Y75.004 E1403.27515
G1 X43.484 Y74.585 E1403.28726
G1 X43.9 Y74.147 E1403.30232
G1 X43.903 Y62.68 E1403.58837
G1 X43.979 Y62.56 E1403.59191
G1 X44.056 Y62.524 E1403.59403
G1 X44.72 Y62.52 E1403.6106
G1 X44.853 Y62.59 E1403.61435
G1 X44.9 Y62.72 E1403.6178
G1 X44.9 Y74.558 E1403.9131
G1 X44.867 Y74.652 E1403.91558
G1 X44.584 Y74.865 E1403.92442
G1 X44.304 Y75.163 E1403.93462
G1 X44.111 Y75.512 E1403.94456
G1 X44.02 Y75.841 E1403.95308
G1 X44.013 Y76.295 E1403.96441
G1 X44.116 Y76.69 E1403.97459
G1 X44.43 Y77.189 E1403.9893
G1 X44.751 Y77.452 E1403.99965
G1 X45.004 Y77.583 E1404.00675
G1 X45.401 Y77.684 E1404.01697
G1 X45.795 Y77.684 E1404.0268
G1 X46.281 Y77.543 E1404.03943
G1 X46.615 Y77.332 E1404.04928
G1 X46.892 Y77.033 E1404.05945
G1 X47.085 Y76.684 E1404.0694
G1 X47.176 Y76.355 E1404.07791
G1 X47.183 Y75.893 E1404.08944
G1 X47.121 Y75.609 E1404.09669
G1 X46.949 Y75.245 E1404.10673
G1 X46.689 Y74.931 E1404.1169
G1 X46.333 Y74.652 E1404.12818
G1 X46.3 Y74.558 E1404.13067
G1 X46.3 Y62.72 E1404.42597
G1 X46.347 Y62.59 E1404.42942
G1 X46.48 Y62.52 E1404.43317
G1 X47.116 Y62.52 E1404.44903
G1 X47.224 Y62.562 E1404.45192
G1 X47.3 Y62.72 E1404.45629
G0 F7200 X47.3 Y62.92
G0 X48.01 Y62.92
G0 X52.062 Y61.882
G0 X56.738 Y61.882
G0 X56.81 Y62.68
G0 X56.097 Y62.68
G1 F1200 X56.1 Y74.147 E1404.74234
G1 X56.485 Y74.549 E1404.75623
G1 X56.755 Y74.998 E1404.76929
G1 X56.876 Y75.312 E1404.77769
G1 X56.976 Y75.756 E1404.78904
G1 X57.001 Y76.1 E1404.79765
G1 X56.922 Y76.727 E1404.81341
G1 X56.745 Y77.222 E1404.82652
G1 X56.49 Y77.646 E1404.83887
G1 X55.938 Y78.197 E1404.85832
G1 X55.511 Y78.449 E1404.87069
G1 X55.185 Y78.576 E1404.87942
G1 X54.735 Y78.678 E1404.89093
G1 X54.37 Y78.699 E1404.90005
G1 X53.778 Y78.623 E1404.91494
G1 X53.274 Y78.445 E1404.92827
G1 X52.869 Y78.205 E1404.94001
G1 X52.508 Y77.88 E1404.95213
G1 X52.293 Y77.625 E1404.96045
G1 X52.048 Y77.213 E1404.97241
G1 X51.92 Y76.884 E1404.98121
G1 X51.82 Y76.44 E1404.99257
G1 X51.801 Y76.071 E1405.00178
G1 X51.883 Y75.436 E1405.01775
G1 X52.041 Y74.998 E1405.02937
G1 X52.283 Y74.585 E1405.04131
G1 X52.7 Y74.147 E1405.0564
G1 X52.706 Y62.67 E1405.34269
G1 X52.845 Y62.519 E1405.34781
G1 X53.539 Y62.523 E1405.36512
G1 X53.653 Y62.59 E1405.36842
G1 X53.7 Y62.72 E1405.37187
G1 X53.7 Y74.558 E1405.66717
G1 X53.667 Y74.652 E1405.66966
G1 X53.384 Y74.865 E1405.67849
G1 X53.104 Y75.163 E1405.68869
G1 X52.911 Y75.512 E1405.69864
G1 X52.82 Y75.841 E1405.70715
G1 X52.813 Y76.295 E1405.71848
G1 X52.916 Y76.69 E1405.72866
G1 X53.23 Y77.189 E1405.74337
G1 X53.551 Y77.452 E1405.75372
G1 X53.804 Y77.583 E1405.76083
G1 X54.201 Y77.684 E1405.77105
G1 X54.595 Y77.684 E1405.78088
G1 X55.081 Y77.543 E1405.7935
G1 X55.415 Y77.332 E1405.80335
G1 X55.692 Y77.033 E1405.81352
G1 X55.885 Y76.684 E1405.82347
G1 X55.976 Y76.355 E1405.83199
G1 X55.983 Y75.893 E1405.84351
G1 X55.921 Y75.609 E1405.85076
G1 X55.749 Y75.245 E1405.86081
G1 X55.489 Y74.931 E1405.87097
G1 X55.133 Y74.652 E1405.88226
G1 X55.1 Y74.558 E1405.88474
G1 X55.1 Y62.72 E1406.18004
G1 X55.147 Y62.59 E1406.18349
G1 X55.28 Y62.52 E1406.18724
G1 X55.944 Y62.524 E1406.2038
G1 X56.021 Y62.559 E1406.20591
G1 X56.097 Y62.68 E1406.20948
G0 F7200 X56.097 Y62.88
G0 X56.81 Y62.88
G0 X59.01 Y35.035
G0 X58.298 Y35.035
G1 F1200 X58.185 Y35.198 E1406.21443
G1 X41.817 Y35.198 E1406.62273
G1 X41.7 Y35.041 E1406.62761
G1 X41.7 Y11.1 E1407.22482
G1 X37.125 Y11.1 E1407.33895
G1 X36.953 Y11.137 E1407.34333
G1 X36.695 Y11.346 E1407.35162
G1 X36.6 Y11.636 E1407.35923
G1 X36.6 Y88.374 E1409.27347
G1 X36.635 Y88.536 E1409.2776
G1 X36.812 Y88.779 E1409.2851
G1 X37.119 Y88.896 E1409.2933
G1 X62.836 Y88.9 E1409.93481
G1 X63.016 Y88.871 E1409.93936
G1 X63.159 Y88.797 E1409.94337
G1 X63.342 Y88.574 E1409.95057
G1 X63.396 Y88.373 E1409.95576
G1 X63.399 Y11.656 E1411.86947
G1 X63.371 Y11.481 E1411.8739
G1 X63.199 Y11.228 E1411.88153
G1 X62.876 Y11.1 E1411.89019
G1 X58.301 Y11.101 E1412.00432
G1 X58.298 Y35.035 E1412.60135
G0 F7200 X58.185 Y35.198
G0 X58.183 Y35.198
G0 X58.183 Y36.21
;MESH:NONMESH
G0 F600 Z2.585
G0 F7200 X41.062 Y35.838
G0 X37.311 Y11.925
G0 X37.163 Y11.925
;TIME_ELAPSED:2830.941810
;LAYER:9
;TYPE:FILL
;MESH:luckfox_top.stl
G1 F3000 X37.425 Y11.662 E1412.61061
G0 F7200 X37.425 Y11.811
G0 X39.945 Y11.811
G0 X39.945 Y11.661
G1 F3000 X41.14 Y12.856 E1412.65277
G0 F7200 X41.14 Y13.604
G1 F3000 X37.163 Y17.582 E1412.79309
G1 X37.093 Y17.652
G0 F7200 X37.311 Y17.652
G0 X37.311 Y20.191
G0 X37.162 Y20.191
G1 F3000 X41.14 Y24.17 E1412.93344
G0 F7200 X41.14 Y24.918
G1 F3000 X37.163 Y28.895 E1413.07374
G1 X37.093 Y28.965
G0 F7200 X37.311 Y28.965
G0 X37.311 Y31.504
G0 X37.161 Y31.504
G1 F3000 X62.834 Y57.177 E1413.97942
G1 X62.904 Y57.247
G0 F7200 X62.686 Y57.247
G0 X62.686 Y59.793
G0 X62.834 Y59.793
G1 F3000 X56.66 Y65.966 E1414.19721
G1 X56.59 Y66.036
G0 F7200 X56.81 Y66.036
G0 X56.81 Y67.973
G0 X56.66 Y67.973
G1 F3000 X62.836 Y74.149 E1414.41509
G1 X62.906 Y74.219
G0 F7200 X62.687 Y74.219
G0 X62.687 Y76.762
G0 X62.835 Y76.762
G1 F3000 X51.265 Y88.332 E1414.82325
G1 X51.195 Y88.402
G0 F7200 X51.195 Y88.185
G0 X48.734 Y88.186
G0 X48.734 Y88.332
G1 F3000 X37.16 Y76.758 E1415.23155
G1 X37.09 Y76.688
G0 F7200 X37.311 Y76.688
G0 X37.311 Y74.152
G0 X37.161 Y74.152
G1 F3000 X43.34 Y67.973 E1415.44953
G1 X43.41 Y67.903
G0 F7200 X43.19 Y67.903
G0 X43.19 Y65.967
G0 X43.34 Y65.967
G1 F3000 X37.161 Y59.788 E1415.66752
G1 X37.091 Y59.718
G0 F7200 X37.311 Y59.718
G0 X37.311 Y57.181
G0 X37.161 Y57.181
G1 F3000 X62.831 Y31.511 E1416.57309
G1 X62.901 Y31.441
G0 F7200 X62.685 Y31.441
G0 X62.684 Y28.891
G0 X62.832 Y28.891
G1 F3000 X58.86 Y24.918 E1416.71323
G0 F7200 X58.86 Y24.168
G1 F3000 X62.831 Y20.198 E1416.8533
G1 X62.901 Y20.128
G0 F7200 X62.684 Y20.128
G0 X62.684 Y17.576
G0 X62.831 Y17.576
G1 F3000 X58.86 Y13.605 E1416.99339
G0 F7200 X58.86 Y12.854
G1 F3000 X60.055 Y11.659 E1417.03555
G1 X60.125 Y11.589
G0 F7200 X60.124 Y11.81
G0 X62.571 Y11.81
G0 X62.572 Y11.66
G1 F3000 X62.831 Y11.919 E1417.04469
G0 F7200 X62.684 Y11.919
G0 X62.684 Y14.542
G0 X62.83 Y14.542
G1 F3000 X58.86 Y18.511 E1417.18472
G0 F7200 X58.86 Y19.262
G1 F3000 X62.831 Y23.233 E1417.32481
G1 X62.901 Y23.303
G0 F7200 X62.684 Y23.303
G0 X62.684 Y25.855
G0 X62.831 Y25.855
G1 F3000 X58.86 Y29.825 E1417.46488
G0 F7200 X58.86 Y30.575
G1 F3000 X62.832 Y34.548 E1417.60502
G1 X62.902 Y34.618
G0 F7200 X62.685 Y34.618
G0 X62.685 Y37.168
G0 X62.831 Y37.168
G1 F3000 X37.161 Y62.838 E1418.5106
G1 X37.091 Y62.908
G0 F7200 X37.311 Y62.908
G0 X37.311 Y65.445
G0 X37.161 Y65.445
G1 F3000 X43.34 Y71.624 E1418.72858
G1 X43.41 Y71.694
G0 F7200 X43.19 Y71.694
G0 X43.19 Y73.63
G0 X43.34 Y73.63
G1 F3000 X37.161 Y79.809 E1418.94656
G1 X37.091 Y79.879
G0 F7200 X37.311 Y79.879
G0 X37.311 Y82.415
G0 X37.16 Y82.415
G1 F3000 X43.078 Y88.332 E1419.15532
G1 X43.148 Y88.402
G0 F7200 X43.148 Y88.187
G0 X45.608 Y88.186
G0 X45.608 Y88.332
G1 F3000 X54.702 Y79.238 E1419.47613
G1 X54.772 Y79.168
G0 F7200 X54.785 Y79.387
G0 X56.192 Y78.873
G0 X56.117 Y78.744
G1 F3000 X62.836 Y85.464 E1419.71318
G1 X62.906 Y85.534
G0 F7200 X62.687 Y85.534
G0 X62.687 Y88.075
G0 X62.836 Y88.075
G1 F3000 X62.58 Y88.331 E1419.72221
G0 F7200 X62.58 Y88.184
G0 X60.046 Y88.184
G0 X60.046 Y88.33
G1 F3000 X48.645 Y76.929 E1420.12441
G1 X48.575 Y76.859
G0 F7200 X48.804 Y76.941
G0 X48.824 Y75.679
G0 X47.938 Y61.882
G0 X45.662 Y61.882
G0 X45.655 Y74.967
G0 X46.475 Y76.003
G0 X46.621 Y76.005
G1 F3000 X45.502 Y77.124 E1420.16389
G1 X45.432 Y77.194
G0 F7200 X45.488 Y76.977
G0 X45.545 Y74.986
G0 X45.538 Y61.882
G0 X43.262 Y61.882
G0 X42.348 Y76.075
G0 X42.503 Y77.093
G0 X42.961 Y78
G0 X43.731 Y78.864
G0 X45.267 Y79.374
G0 X45.286 Y79.227
G1 F3000 X54.39 Y88.331 E1420.48506
G1 X54.46 Y88.401
G0 F7200 X54.46 Y88.185
G0 X56.923 Y88.184
G0 X56.923 Y88.331
G1 F3000 X62.836 Y82.418 E1420.69365
G1 X62.906 Y82.348
G0 F7200 X62.687 Y82.348
G0 X62.687 Y79.806
G0 X62.836 Y79.806
G1 F3000 X56.66 Y73.63 E1420.91153
G1 X56.59 Y73.56
G0 F7200 X56.81 Y73.56
G0 X56.81 Y71.623
G0 X56.66 Y71.623
G1 F3000 X62.834 Y65.449 E1421.12933
G1 X62.904 Y65.379
G0 F7200 X62.686 Y65.379
G0 X62.686 Y62.835
G0 X62.835 Y62.835
G1 F3000 X37.161 Y37.161 E1422.03505
G1 X37.091 Y37.091
G0 F7200 X37.311 Y37.091
G0 X37.311 Y34.553
G0 X37.162 Y34.553
G1 F3000 X41.14 Y30.575 E1422.17539
G0 F7200 X41.14 Y29.826
G1 F3000 X37.162 Y25.848 E1422.31572
G1 X37.092 Y25.778
G0 F7200 X37.311 Y25.778
G0 X37.311 Y23.238
G0 X37.163 Y23.238
G1 F3000 X41.14 Y19.261 E1422.45602
G0 F7200 X41.14 Y18.513
G1 F3000 X37.162 Y14.535 E1422.59636
G1 X37.092 Y14.465
G0 F7200 X37.311 Y14.465
G0 X41.062 Y35.838
G0 X41.666 Y35.706
G1 F3000 X37.162 Y40.21 E1422.75525
G1 X37.092 Y40.28
G0 F7200 X37.311 Y40.28
G0 X37.311 Y42.818
G0 X37.161 Y42.818
G1 F3000 X62.835 Y68.492 E1423.66097
G1 X62.905 Y68.562
G0 F7200 X62.686 Y68.562
G0 X62.687 Y71.106
G0 X62.834 Y71.106
G1 F3000 X57.526 Y76.414 E1423.84822
G1 X57.456 Y76.484
G0 F7200 X57.665 Y76.51
G0 X56.738 Y61.882
G0 X54.462 Y61.882
G0 X54.458 Y69.301
G0 X54.497 Y76.976
G0 X54.497 Y77.124
G1 F3000 X53.377 Y76.005 E1423.88771
G1 X53.307 Y75.935
G0 F7200 X53.529 Y75.95
G0 X54.345 Y74.986
G0 X54.338 Y61.882
G0 X52.062 Y61.882
G0 X51.148 Y76.075
G0 X51.211 Y76.955
G0 X51.36 Y76.923
G1 F3000 X39.95 Y88.333 E1424.29023
G1 X39.88 Y88.403
G0 F7200 X39.88 Y88.187
G0 X37.421 Y88.187
G0 X37.421 Y88.332
G1 F3000 X37.16 Y88.072 E1424.29942
G0 F7200 X37.311 Y88.072
G0 X37.311 Y85.466
G0 X37.161 Y85.466
G1 F3000 X43.882 Y78.744 E1424.53654
G1 X43.952 Y78.674
G0 F7200 X43.677 Y78.779
G0 X42.961 Y78
G0 X42.308 Y76.41
G0 X42.46 Y76.401
G1 F3000 X37.16 Y71.101 E1424.72351
G1 X37.09 Y71.031
G0 F7200 X37.311 Y71.031
G0 X37.311 Y68.495
G0 X37.161 Y68.495
G1 F3000 X62.832 Y42.824 E1425.62913
G1 X62.902 Y42.754
G0 F7200 X62.685 Y42.754
G0 X62.685 Y40.205
G0 X62.833 Y40.205
G1 F3000 X58.335 Y35.707 E1425.78781
G1 X58.265 Y35.637
G0 F7200 X58.265 Y35.91
G0 X52.926 Y35.91
G0 X52.926 Y35.76
G1 F3000 X37.161 Y51.524 E1426.34394
G1 X37.091 Y51.594
G0 F7200 X37.311 Y51.594
G0 X37.311 Y54.131
G0 X37.161 Y54.131
G1 F3000 X45.145 Y62.116 E1426.62562
G0 F7200 X45.309 Y62.28
G1 F3000 X45.683 Y62.653 E1426.63879
G0 F7200 X45.59 Y62.653
G0 X47.938 Y61.882
G0 X48.01 Y63.452
G0 X47.861 Y63.452
G1 F3000 X62.833 Y48.48 E1427.16697
G1 X62.903 Y48.41
G0 F7200 X62.685 Y48.41
G0 X62.685 Y45.863
G0 X62.834 Y45.863
G1 F3000 X52.731 Y35.761 E1427.52336
G1 X52.661 Y35.691
G0 F7200 X52.661 Y35.91
G0 X47.269 Y35.91
G0 X47.269 Y35.76
G1 F3000 X37.162 Y45.866 E1427.8799
G1 X37.092 Y45.936
G0 F7200 X37.311 Y45.936
G0 X37.311 Y48.475
G0 X37.161 Y48.475
G1 F3000 X52.14 Y63.454 E1428.40832
G1 X52.21 Y63.524
G0 F7200 X51.99 Y63.524
G0 X51.99 Y64.83
G0 X52.14 Y64.83
G1 F3000 X47.861 Y69.109 E1428.55927
G1 X47.791 Y69.179
G0 F7200 X48.01 Y69.179
G0 X48.01 Y70.487
G0 X47.86 Y70.487
G1 F3000 X51.755 Y74.383 E1428.6967
G1 X51.825 Y74.453
G0 F7200 X51.72 Y74.177
G0 X48.373 Y74.308
G0 X48.244 Y74.383
G1 F3000 X52.14 Y70.487 E1428.83414
G1 X52.21 Y70.417
G0 F7200 X51.99 Y70.417
G0 X51.99 Y69.11
G0 X52.14 Y69.11
G1 F3000 X47.86 Y64.83 E1428.98513
G1 X47.79 Y64.76
G0 F7200 X48.01 Y64.76
G0 X52.062 Y61.882
G0 X54.338 Y61.882
G0 X54.317 Y62.652
G1 F3000 X54.693 Y62.277 E1428.99838
G0 F7200 X54.852 Y62.118
G1 F3000 X62.833 Y54.137 E1429.27993
G1 X62.903 Y54.067
G0 F7200 X62.686 Y54.067
G0 X62.686 Y51.52
G0 X62.834 Y51.52
G1 F3000 X47.074 Y35.761 E1429.83589
G1 X47.004 Y35.691
G0 F7200 X47.004 Y35.91
G0 X58.938 Y35.838
G0 X58.7 Y35.117
;TYPE:WALL-INNER
G1 F2400 X58.61 Y35.317 E1429.84136
G1 X58.406 Y35.518 E1429.8485
G1 X58.192 Y35.594 E1429.85417
G1 X41.837 Y35.6 E1430.26214
G1 X41.595 Y35.517 E1430.26853
G1 X41.39 Y35.317 E1430.27567
G1 X41.3 Y35.117 E1430.28114
G1 X41.3 Y11.5 E1430.87027
G1 X37.118 Y11.506 E1430.97459
G1 X37.001 Y11.627 E1430.97879
G1 X37 Y88.388 E1432.8936
G1 X37.133 Y88.496 E1432.89787
G1 X62.828 Y88.492 E1433.53884
G1 X62.925 Y88.454 E1433.54144
G1 X62.996 Y88.324 E1433.54513
G1 X62.992 Y11.669 E1435.4573
G1 X62.953 Y11.571 E1435.45993
G1 X62.819 Y11.5 E1435.46371
G1 X58.7 Y11.5 E1435.56646
G1 X58.7 Y35.117 E1436.15559
G0 F7200 X59.01 Y35.117
G0 X56.81 Y62.627
G0 X56.5 Y62.627
G1 F2400 X56.5 Y73.987 E1436.43897
G1 X56.856 Y74.381 E1436.45221
G1 X57.127 Y74.851 E1436.46574
G1 X57.266 Y75.224 E1436.47567
G1 X57.366 Y75.668 E1436.48703
G1 X57.4 Y76.099 E1436.49781
G1 X57.315 Y76.796 E1436.51533
G1 X57.138 Y77.321 E1436.52915
G1 X56.83 Y77.866 E1436.54476
G1 X56.428 Y78.307 E1436.55965
G1 X56.111 Y78.563 E1436.56981
G1 X55.685 Y78.809 E1436.58208
G1 X55.361 Y78.939 E1436.59079
G1 X54.804 Y79.072 E1436.60508
G1 X54.397 Y79.1 E1436.61525
G1 X53.662 Y79.012 E1436.63372
G1 X53.07 Y78.789 E1436.6495
G1 X52.641 Y78.533 E1436.66196
G1 X52.22 Y78.158 E1436.67603
G1 X51.968 Y77.859 E1436.68578
G1 X51.689 Y77.389 E1436.69942
G1 X51.537 Y77.001 E1436.70981
G1 X51.416 Y76.432 E1436.72432
G1 X51.401 Y76.057 E1436.73368
G1 X51.483 Y75.369 E1436.75097
G1 X51.669 Y74.851 E1436.7647
G1 X51.947 Y74.368 E1436.7786
G1 X52.3 Y73.985 E1436.79159
G1 X52.3 Y62.72 E1437.0726
G1 X52.365 Y62.447 E1437.0796
G1 X52.606 Y62.196 E1437.08828
G1 X52.804 Y62.121 E1437.09356
G1 X53.588 Y62.126 E1437.11312
G1 X53.805 Y62.203 E1437.11886
G1 X53.958 Y62.332 E1437.12385
G1 F2133.3 X54.15 Y62.72 E1437.136
G1 F1912.4 X54.149 Y74.597 E1437.50782
G1 F2123.9 X53.999 Y74.875 E1437.51673
G1 F2400 X53.429 Y75.4 E1437.53606
G1 X53.285 Y75.663 E1437.54354
G1 X53.219 Y75.905 E1437.5498
G1 X53.214 Y76.259 E1437.55863
G1 X53.388 Y76.737 E1437.57132
G1 X53.587 Y76.975 E1437.57906
G1 X53.827 Y77.151 E1437.58648
G1 X54.236 Y77.284 E1437.59721
G1 X54.539 Y77.284 E1437.60477
G1 X54.915 Y77.175 E1437.61453
G1 X55.157 Y77.022 E1437.62167
G1 X55.365 Y76.797 E1437.62932
G1 X55.511 Y76.533 E1437.63684
G1 X55.577 Y76.291 E1437.6431
G1 X55.582 Y75.933 E1437.65203
G1 X55.54 Y75.739 E1437.65698
G1 X55.409 Y75.461 E1437.66465
G1 X55.212 Y75.223 E1437.67236
G1 X54.801 Y74.875 E1437.68579
G1 F2123.9 X54.651 Y74.597 E1437.69469
G1 F1912.4 X54.65 Y62.72 E1438.06652
G1 F2133.3 X54.842 Y62.332 E1438.07867
G1 F2400 X54.995 Y62.203 E1438.08366
G1 X55.241 Y62.122 E1438.09012
G1 X55.963 Y62.123 E1438.10813
G1 X56.261 Y62.24 E1438.11611
G1 X56.401 Y62.389 E1438.12121
G1 X56.5 Y62.627 E1438.12764
G0 F7200 X56.81 Y62.627
G0 X52.062 Y61.882
G0 X48.01 Y62.447
G0 X47.635 Y62.447
G1 F2400 X47.7 Y62.72 E1438.13465
G1 X47.7 Y73.987 E1438.4157
G1 X48.057 Y74.381 E1438.42896
G1 X48.327 Y74.851 E1438.44249
G1 X48.458 Y75.192 E1438.4516
G1 X48.579 Y75.76 E1438.46608
G1 X48.6 Y76.131 E1438.47535
G1 X48.511 Y76.832 E1438.49298
G1 X48.33 Y77.342 E1438.50648
G1 X48.029 Y77.867 E1438.52158
G1 X47.66 Y78.277 E1438.53534
G1 X47.352 Y78.537 E1438.54539
G1 X46.845 Y78.827 E1438.55996
G1 X46.473 Y78.966 E1438.56987
G1 X46.004 Y79.072 E1438.58186
G1 X45.597 Y79.1 E1438.59204
G1 X44.866 Y79.013 E1438.6104
G1 X44.314 Y78.813 E1438.62505
G1 X43.823 Y78.525 E1438.63925
G1 X43.393 Y78.128 E1438.65385
G1 X43.14 Y77.815 E1438.66388
G1 X42.869 Y77.345 E1438.67742
G1 X42.73 Y76.973 E1438.68732
G1 X42.63 Y76.534 E1438.69856
G1 X42.597 Y76.083 E1438.70984
G1 X42.685 Y75.358 E1438.72805
G1 X42.912 Y74.765 E1438.74389
G1 X43.14 Y74.381 E1438.75503
G1 X43.5 Y73.985 E1438.76838
G1 X43.5 Y62.636 E1439.05149
G1 X43.599 Y62.389 E1439.05812
G1 X43.739 Y62.24 E1439.06322
G1 X44.036 Y62.123 E1439.07119
G1 X44.788 Y62.126 E1439.08995
G1 X45.005 Y62.203 E1439.09569
G1 X45.158 Y62.332 E1439.10068
G1 F2133.3 X45.35 Y62.72 E1439.11283
G1 F1912.4 X45.349 Y74.597 E1439.48465
G1 F2123.9 X45.199 Y74.875 E1439.49356
G1 F2400 X44.629 Y75.401 E1439.5129
G1 X44.485 Y75.663 E1439.52036
G1 X44.419 Y75.905 E1439.52662
G1 X44.414 Y76.247 E1439.53515
G1 X44.49 Y76.54 E1439.5427
G1 X44.626 Y76.788 E1439.54976
G1 X44.91 Y77.072 E1439.55978
G1 X45.156 Y77.209 E1439.5668
G1 X45.451 Y77.284 E1439.57439
G1 X45.738 Y77.284 E1439.58155
G1 X46.115 Y77.175 E1439.59134
G1 X46.357 Y77.022 E1439.59848
G1 X46.565 Y76.797 E1439.60613
G1 X46.711 Y76.533 E1439.61365
G1 X46.777 Y76.291 E1439.61991
G1 X46.782 Y75.933 E1439.62884
G1 X46.74 Y75.739 E1439.63379
G1 X46.609 Y75.461 E1439.64146
G1 X46.412 Y75.223 E1439.64917
G1 X46.001 Y74.875 E1439.6626
G1 F2123.9 X45.851 Y74.597 E1439.6715
G1 F1912.4 X45.85 Y62.72 E1440.04333
G1 F2133.3 X46.042 Y62.332 E1440.05548
G1 F2400 X46.195 Y62.203 E1440.06047
G1 X46.441 Y62.122 E1440.06693
G1 X47.147 Y62.121 E1440.08454
G1 X47.394 Y62.196 E1440.09098
G1 X47.635 Y62.447 E1440.09966
G0 F7200 X47.3 Y62.72
;TYPE:WALL-OUTER
G1 F1200 X47.3 Y74.147 E1440.38471
G1 X47.713 Y74.585 E1440.39972
G1 X47.955 Y74.998 E1440.41166
G1 X48.076 Y75.312 E1440.42006
G1 X48.176 Y75.756 E1440.43141
G1 X48.199 Y76.126 E1440.44066
G1 X48.113 Y76.759 E1440.45659
G1 X47.952 Y77.209 E1440.46852
G1 X47.703 Y77.629 E1440.4807
G1 X47.39 Y77.982 E1440.49247
G1 X47.123 Y78.209 E1440.50121
G1 X46.698 Y78.455 E1440.51346
G1 X46.385 Y78.576 E1440.52183
G1 X45.935 Y78.678 E1440.53334
G1 X45.57 Y78.699 E1440.54246
G1 X44.978 Y78.623 E1440.55735
G1 X44.488 Y78.453 E1440.57028
G1 X44.049 Y78.189 E1440.58306
G1 X43.699 Y77.87 E1440.59488
G1 X43.484 Y77.611 E1440.60327
G1 X43.241 Y77.198 E1440.61523
G1 X43.12 Y76.885 E1440.6236
G1 X43.02 Y76.445 E1440.63485
G1 X43.001 Y76.071 E1440.64419
G1 X43.083 Y75.436 E1440.66017
G1 X43.239 Y75.004 E1440.67162
G1 X43.484 Y74.585 E1440.68373
G1 X43.9 Y74.147 E1440.6988
G1 X43.903 Y62.68 E1440.98485
G1 X43.979 Y62.56 E1440.98839
G1 X44.056 Y62.524 E1440.99051
G1 X44.72 Y62.52 E1441.00707
G1 X44.853 Y62.59 E1441.01082
G1 X44.9 Y62.72 E1441.01427
G1 X44.9 Y74.558 E1441.30957
G1 X44.867 Y74.652 E1441.31206
G1 X44.584 Y74.865 E1441.32089
G1 X44.303 Y75.163 E1441.33111
G1 X44.111 Y75.512 E1441.34104
G1 X44.02 Y75.849 E1441.34975
G1 X44.013 Y76.295 E1441.36088
G1 X44.116 Y76.689 E1441.37104
G1 X44.302 Y77.03 E1441.38073
G1 X44.666 Y77.394 E1441.39357
G1 X45.007 Y77.584 E1441.40331
G1 X45.401 Y77.684 E1441.41345
G1 X45.795 Y77.684 E1441.42327
G1 X46.281 Y77.543 E1441.4359
G1 X46.615 Y77.332 E1441.44575
G1 X46.892 Y77.033 E1441.45592
G1 X47.085 Y76.684 E1441.46587
G1 X47.176 Y76.347 E1441.47458
G1 X47.183 Y75.893 E1441.4859
G1 X47.121 Y75.609 E1441.49315
G1 X46.949 Y75.245 E1441.5032
G1 X46.689 Y74.931 E1441.51337
G1 X46.333 Y74.652 E1441.52465
G1 X46.3 Y74.558 E1441.52713
G1 X46.3 Y62.72 E1441.82243
G1 X46.347 Y62.59 E1441.82588
G1 X46.48 Y62.52 E1441.82963
G1 X47.116 Y62.52 E1441.8455
G1 X47.224 Y62.562 E1441.84839
G1 X47.3 Y62.72 E1441.85276
G0 F7200 X47.3 Y62.92
G0 X48.01 Y62.92
G0 X52.062 Y61.882
G0 X56.738 Y61.882
G0 X56.81 Y62.68
G0 X56.097 Y62.68
G1 F1200 X56.1 Y74.147 E1442.13881
G1 X56.485 Y74.549 E1442.15269
G1 X56.755 Y74.998 E1442.16576
G1 X56.876 Y75.312 E1442.17415
G1 X56.976 Y75.756 E1442.18551
G1 X56.999 Y76.126 E1442.19475
G1 X56.921 Y76.727 E1442.20987
G1 X56.745 Y77.222 E1442.22298
G1 X56.49 Y77.646 E1442.23532
G1 X55.938 Y78.197 E1442.25478
G1 X55.511 Y78.449 E1442.26714
G1 X55.185 Y78.576 E1442.27587
G1 X54.735 Y78.678 E1442.28738
G1 X54.37 Y78.699 E1442.2965
G1 X53.778 Y78.623 E1442.31139
G1 X53.274 Y78.445 E1442.32472
G1 X52.869 Y78.205 E1442.33647
G1 X52.508 Y77.88 E1442.34858
G1 X52.293 Y77.625 E1442.3569
G1 X52.048 Y77.213 E1442.36886
G1 X51.92 Y76.885 E1442.37764
G1 X51.816 Y76.411 E1442.38975
G1 X51.801 Y76.071 E1442.39824
G1 X51.883 Y75.436 E1442.41421
G1 X52.041 Y74.998 E1442.42583
G1 X52.283 Y74.585 E1442.43777
G1 X52.7 Y74.147 E1442.45285
G1 X52.706 Y62.67 E1442.73915
G1 X52.843 Y62.52 E1442.74421
G1 X53.539 Y62.523 E1442.76158
G1 X53.653 Y62.59 E1442.76487
G1 X53.7 Y62.72 E1442.76832
G1 X53.7 Y74.558 E1443.06362
G1 X53.667 Y74.652 E1443.06611
G1 X53.384 Y74.865 E1443.07494
G1 X53.103 Y75.163 E1443.08516
G1 X52.911 Y75.512 E1443.0951
G1 X52.82 Y75.849 E1443.10381
G1 X52.813 Y76.302 E1443.11511
G1 X52.879 Y76.586 E1443.12238
G1 X53.047 Y76.952 E1443.13243
G1 X53.311 Y77.269 E1443.14272
G1 X53.628 Y77.501 E1443.15252
G1 X53.917 Y77.624 E1443.16035
G1 X54.194 Y77.684 E1443.16742
G1 X54.595 Y77.684 E1443.17742
G1 X55.081 Y77.543 E1443.19005
G1 X55.415 Y77.332 E1443.1999
G1 X55.692 Y77.033 E1443.21007
G1 X55.885 Y76.684 E1443.22002
G1 X55.976 Y76.347 E1443.22872
G1 X55.983 Y75.893 E1443.24005
G1 X55.921 Y75.609 E1443.2473
G1 X55.749 Y75.245 E1443.25735
G1 X55.489 Y74.931 E1443.26751
G1 X55.133 Y74.652 E1443.2788
G1 X55.1 Y74.558 E1443.28128
G1 X55.1 Y62.72 E1443.57658
G1 X55.147 Y62.59 E1443.58003
G1 X55.28 Y62.52 E1443.58378
G1 X55.944 Y62.524 E1443.60034
G1 X56.045 Y62.582 E1443.60325
G1 X56.097 Y62.68 E1443.60602
G0 F7200 X56.097 Y62.88
G0 X56.81 Y62.88
G0 X59.01 Y35.035
G0 X58.298 Y35.035
G1 F1200 X58.185 Y35.198 E1443.61096
G1 X41.817 Y35.198 E1444.01927
G1 X41.7 Y35.041 E1444.02415
G1 X41.7 Y11.1 E1444.62136
G1 X37.119 Y11.1 E1444.73563
G1 X36.839 Y11.2 E1444.74305
G1 X36.652 Y11.422 E1444.75029
G1 X36.601 Y11.629 E1444.75561
G1 X36.6 Y88.378 E1446.67012
G1 X36.699 Y88.659 E1446.67755
G1 X36.929 Y88.845 E1446.68493
G1 X37.122 Y88.896 E1446.68991
G1 X62.902 Y88.892 E1447.333
G1 X63.169 Y88.788 E1447.34014
G1 X63.345 Y88.572 E1447.34709
G1 X63.396 Y88.374 E1447.35219
G1 X63.392 Y11.594 E1449.26748
G1 X63.288 Y11.329 E1449.27458
G1 X63.075 Y11.152 E1449.28149
G1 X62.867 Y11.1 E1449.28684
G1 X58.3 Y11.1 E1449.40076
G1 X58.298 Y35.035 E1449.99782
G0 F7200 X58.185 Y35.198
G0 X58.183 Y35.198
G0 X58.183 Y36.21
;MESH:NONMESH
G0 F600 Z2.735
G0 F7200 X41.062 Y35.838
G0 X37.311 Y11.927
G0 X37.16 Y11.927
;TIME_ELAPSED:2881.910494
;LAYER:10
;TYPE:FILL
;MESH:luckfox_top.stl
G1 F3000 X37.428 Y11.659 E1450.00728
G0 F7200 X37.428 Y11.811
G0 X39.944 Y11.811
G0 X39.944 Y11.66
G1 F3000 X41.14 Y12.856 E1450.04947
G0 F7200 X41.14 Y13.604
G1 F3000 X37.16 Y17.584 E1450.18987
G1 X37.09 Y17.654
G0 F7200 X37.311 Y17.654
G0 X37.311 Y20.189
G0 X37.16 Y20.189
G1 F3000 X41.14 Y24.17 E1450.3303
G0 F7200 X41.14 Y24.918
G1 F3000 X37.16 Y28.898 E1450.4707
G1 X37.09 Y28.968
G0 F7200 X37.311 Y28.968
G0 X37.311 Y31.503
G0 X37.16 Y31.503
G1 F3000 X62.836 Y57.179 E1451.37649
G1 X62.906 Y57.249
G0 F7200 X62.689 Y57.248
G0 X62.689 Y59.79
G0 X62.836 Y59.791
G1 F3000 X56.661 Y65.965 E1451.59431
G1 X56.591 Y66.035
G0 F7200 X56.81 Y66.035
G0 X56.81 Y67.974
G0 X56.66 Y67.974
G1 F3000 X62.836 Y74.15 E1451.81219
G1 X62.906 Y74.22
G0 F7200 X62.689 Y74.219
G0 X62.689 Y76.76
G0 X62.836 Y76.761
G1 F3000 X51.258 Y88.339 E1452.22064
G1 X51.188 Y88.409
G0 F7200 X51.189 Y88.19
G0 X48.74 Y88.189
G0 X48.739 Y88.337
G1 F3000 X37.16 Y76.758 E1452.62912
G1 X37.09 Y76.688
G0 F7200 X37.311 Y76.688
G0 X37.311 Y74.153
G0 X37.16 Y74.153
G1 F3000 X43.34 Y67.973 E1452.84713
G1 X43.41 Y67.903
G0 F7200 X43.19 Y67.903
G0 X43.19 Y65.967
G0 X43.34 Y65.967
G1 F3000 X37.16 Y59.787 E1453.06515
G1 X37.09 Y59.717
G0 F7200 X37.311 Y59.717
G0 X37.311 Y57.182
G0 X37.16 Y57.182
G1 F3000 X62.836 Y31.507 E1453.97092
G1 X62.906 Y31.437
G0 F7200 X62.69 Y31.436
G0 X62.69 Y28.894
G0 X62.836 Y28.895
G1 F3000 X58.86 Y24.919 E1454.11118
G0 F7200 X58.861 Y24.167
G1 F3000 X62.836 Y20.193 E1454.2514
G1 X62.906 Y20.123
G0 F7200 X62.69 Y20.122
G0 X62.69 Y17.581
G0 X62.836 Y17.582
G1 F3000 X58.86 Y13.605 E1454.39168
G0 F7200 X58.861 Y12.854
G1 F3000 X60.053 Y11.662 E1454.43373
G1 X60.123 Y11.592
G0 F7200 X60.122 Y11.81
G0 X62.574 Y11.81
G0 X62.575 Y11.664
G1 F3000 X62.836 Y11.925 E1454.44294
G0 F7200 X62.69 Y11.924
G0 X62.69 Y14.535
G0 X62.836 Y14.536
G1 F3000 X58.861 Y18.511 E1454.58317
G0 F7200 X58.86 Y19.262
G1 F3000 X62.836 Y23.238 E1454.72343
G1 X62.906 Y23.308
G0 F7200 X62.69 Y23.307
G0 X62.69 Y25.849
G0 X62.836 Y25.85
G1 F3000 X58.861 Y29.824 E1454.86364
G0 F7200 X58.86 Y30.576
G1 F3000 X62.836 Y34.552 E1455.0039
G1 X62.906 Y34.622
G0 F7200 X62.69 Y34.621
G0 X62.69 Y37.162
G0 X62.836 Y37.163
G1 F3000 X37.16 Y62.839 E1455.90969
G1 X37.09 Y62.909
G0 F7200 X37.311 Y62.909
G0 X37.311 Y65.444
G0 X37.16 Y65.444
G1 F3000 X43.34 Y71.624 E1456.12771
G1 X43.41 Y71.694
G0 F7200 X43.19 Y71.694
G0 X43.19 Y73.63
G0 X43.34 Y73.63
G1 F3000 X37.16 Y79.81 E1456.34573
G1 X37.09 Y79.88
G0 F7200 X37.311 Y79.88
G0 X37.311 Y82.415
G0 X37.16 Y82.415
G1 F3000 X43.082 Y88.337 E1456.55464
G1 X43.152 Y88.407
G0 F7200 X43.153 Y88.189
G0 X45.604 Y88.189
G0 X45.603 Y88.337
G1 F3000 X54.702 Y79.238 E1456.87563
G1 X54.772 Y79.168
G0 F7200 X54.785 Y79.387
G0 X56.192 Y78.873
G0 X56.117 Y78.744
G1 F3000 X62.836 Y85.464 E1457.11268
G1 X62.906 Y85.534
G0 F7200 X62.689 Y85.533
G0 X62.689 Y88.074
G0 X62.836 Y88.075
G1 F3000 X62.57 Y88.34 E1457.12205
G0 F7200 X62.571 Y88.19
G0 X60.056 Y88.19
G0 X60.055 Y88.34
G1 F3000 X48.645 Y76.929 E1457.52458
G1 X48.575 Y76.859
G0 F7200 X48.804 Y76.941
G0 X48.824 Y75.679
G0 X47.938 Y61.882
G0 X45.662 Y61.882
G0 X45.655 Y74.967
G0 X46.476 Y76.02
G0 X46.607 Y76.02
G1 F3000 X45.502 Y77.124 E1457.56355
G1 X45.432 Y77.194
G0 F7200 X45.488 Y76.977
G0 X45.545 Y74.986
G0 X45.538 Y61.882
G0 X43.262 Y61.882
G0 X42.348 Y76.075
G0 X42.503 Y77.093
G0 X42.961 Y78
G0 X43.731 Y78.864
G0 X45.263 Y79.374
G0 X45.282 Y79.223
G1 F3000 X54.398 Y88.339 E1457.88514
G1 X54.468 Y88.409
G0 F7200 X54.469 Y88.19
G0 X56.915 Y88.19
G0 X56.914 Y88.34
G1 F3000 X62.836 Y82.418 E1458.09405
G1 X62.906 Y82.348
G0 F7200 X62.689 Y82.347
G0 X62.689 Y79.806
G0 X62.836 Y79.807
G1 F3000 X56.66 Y73.631 E1458.31193
G1 X56.59 Y73.561
G0 F7200 X56.81 Y73.561
G0 X56.81 Y71.622
G0 X56.661 Y71.622
G1 F3000 X62.836 Y65.448 E1458.52975
G1 X62.906 Y65.378
G0 F7200 X62.689 Y65.377
G0 X62.689 Y62.835
G0 X62.836 Y62.836
G1 F3000 X37.16 Y37.16 E1459.43554
G1 X37.09 Y37.09
G0 F7200 X37.311 Y37.09
G0 X37.311 Y34.555
G0 X37.16 Y34.555
G1 F3000 X41.14 Y30.575 E1459.57595
G0 F7200 X41.14 Y29.826
G1 F3000 X37.16 Y25.846 E1459.71635
G1 X37.09 Y25.776
G0 F7200 X37.311 Y25.776
G0 X37.311 Y23.241
G0 X37.16 Y23.241
G1 F3000 X41.14 Y19.261 E1459.85676
G0 F7200 X41.14 Y18.513
G1 F3000 X37.16 Y14.532 E1459.99718
G1 X37.09 Y14.462
G0 F7200 X37.311 Y14.462
G0 X41.062 Y35.838
G0 X41.666 Y35.706
G1 F3000 X37.16 Y40.212 E1460.15614
G1 X37.09 Y40.282
G0 F7200 X37.311 Y40.282
G0 X37.311 Y42.817
G0 X37.16 Y42.817
G1 F3000 X62.836 Y68.493 E1461.06193
G1 X62.906 Y68.563
G0 F7200 X62.689 Y68.562
G0 X62.689 Y71.104
G0 X62.836 Y71.105
G1 F3000 X57.522 Y76.418 E1461.24938
G1 X57.452 Y76.488
G0 F7200 X57.664 Y76.515
G0 X56.738 Y61.882
G0 X54.462 Y61.882
G0 X54.458 Y69.301
G0 X54.497 Y76.976
G0 X54.497 Y77.124
G1 F3000 X53.372 Y75.999 E1461.28907
G1 X53.302 Y75.929
G0 F7200 X53.523 Y75.986
G0 X54.345 Y74.986
G0 X54.338 Y61.882
G0 X52.062 Y61.882
G0 X51.148 Y76.075
G0 X51.211 Y76.955
G0 X51.36 Y76.923
G1 F3000 X39.947 Y88.337 E1461.69171
G1 X39.877 Y88.407
G0 F7200 X39.878 Y88.189
G0 X37.425 Y88.189
G0 X37.424 Y88.336
G1 F3000 X37.16 Y88.072 E1461.70102
G0 F7200 X37.311 Y88.072
G0 X37.311 Y85.467
G0 X37.16 Y85.467
G1 F3000 X43.882 Y78.744 E1461.93818
G1 X43.952 Y78.674
G0 F7200 X43.677 Y78.779
G0 X42.961 Y78
G0 X42.308 Y76.41
G0 X42.46 Y76.401
G1 F3000 X37.16 Y71.101 E1462.12515
G1 X37.09 Y71.031
G0 F7200 X37.311 Y71.031
G0 X37.311 Y68.496
G0 X37.16 Y68.496
G1 F3000 X62.836 Y42.82 E1463.03094
G1 X62.906 Y42.75
G0 F7200 X62.69 Y42.749
G0 X62.69 Y40.208
G0 X62.836 Y40.209
G1 F3000 X58.334 Y35.707 E1463.18976
G1 X58.264 Y35.637
G0 F7200 X58.264 Y35.91
G0 X52.926 Y35.91
G0 X52.926 Y35.76
G1 F3000 X37.16 Y51.525 E1463.74593
G1 X37.09 Y51.595
G0 F7200 X37.311 Y51.595
G0 X37.311 Y54.13
G0 X37.16 Y54.13
G1 F3000 X45.145 Y62.116 E1464.02764
G0 F7200 X45.309 Y62.28
G1 F3000 X45.683 Y62.653 E1464.04082
G0 F7200 X45.59 Y62.653
G0 X47.938 Y61.882
G0 X48.01 Y63.452
G0 X47.861 Y63.452
G1 F3000 X62.836 Y48.477 E1464.5691
G1 X62.906 Y48.407
G0 F7200 X62.69 Y48.406
G0 X62.69 Y45.865
G0 X62.836 Y45.866
G1 F3000 X52.73 Y35.76 E1464.92562
G1 X52.66 Y35.69
G0 F7200 X52.66 Y35.91
G0 X47.269 Y35.91
G0 X47.269 Y35.76
G1 F3000 X37.16 Y45.869 E1465.28224
G1 X37.09 Y45.939
G0 F7200 X37.311 Y45.939
G0 X37.311 Y48.474
G0 X37.16 Y48.474
G1 F3000 X52.14 Y63.454 E1465.8107
G1 X52.21 Y63.524
G0 F7200 X51.99 Y63.524
G0 X51.99 Y64.83
G0 X52.14 Y64.83
G1 F3000 X47.861 Y69.109 E1465.96165
G1 X47.791 Y69.179
G0 F7200 X48.01 Y69.179
G0 X48.01 Y70.487
G0 X47.86 Y70.487
G1 F3000 X51.755 Y74.383 E1466.09908
G1 X51.825 Y74.453
G0 F7200 X51.72 Y74.177
G0 X48.373 Y74.308
G0 X48.244 Y74.383
G1 F3000 X52.14 Y70.487 E1466.23652
G1 X52.21 Y70.417
G0 F7200 X51.99 Y70.417
G0 X51.99 Y69.11
G0 X52.14 Y69.11
G1 F3000 X47.86 Y64.83 E1466.38751
G1 X47.79 Y64.76
G0 F7200 X48.01 Y64.76
G0 X52.062 Y61.882
G0 X54.338 Y61.882
G0 X54.317 Y62.652
G1 F3000 X54.693 Y62.277 E1466.40075
G0 F7200 X54.852 Y62.118
G1 F3000 X62.836 Y54.134 E1466.68241
G1 X62.906 Y54.064
G0 F7200 X62.689 Y54.063
G0 X62.689 Y51.522
G0 X62.836 Y51.523
G1 F3000 X47.074 Y35.76 E1467.23848
G1 X47.004 Y35.69
G0 F7200 X47.004 Y35.91
G0 X58.938 Y35.838
G0 X58.7 Y35.117
;TYPE:WALL-INNER
G1 F2400 X58.61 Y35.317 E1467.24395
G1 X58.406 Y35.518 E1467.25109
G1 X58.193 Y35.594 E1467.25673
G1 X41.837 Y35.6 E1467.66473
G1 X41.595 Y35.517 E1467.67112
G1 X41.39 Y35.317 E1467.67826
G1 X41.3 Y35.117 E1467.68373
G1 X41.3 Y11.5 E1468.27286
G1 X37.2 Y11.5 E1468.37513
G1 X37.053 Y11.548 E1468.37899
G1 X37 Y11.666 E1468.38222
G1 X37 Y88.332 E1470.29466
G1 X37.046 Y88.446 E1470.29773
G1 X37.194 Y88.496 E1470.30162
G1 X62.818 Y88.5 E1470.94082
G1 X62.938 Y88.445 E1470.94411
G1 X62.996 Y88.324 E1470.94746
G1 X62.999 Y11.629 E1472.86062
G1 X62.945 Y11.545 E1472.86311
G1 X62.831 Y11.5 E1472.86617
G1 X58.701 Y11.501 E1472.96919
G1 X58.7 Y35.117 E1473.5583
G0 F7200 X59.01 Y35.117
G0 X56.81 Y62.63
G0 X56.501 Y62.63
G1 F2400 X56.5 Y73.987 E1473.8416
G1 X56.774 Y74.272 E1473.85146
G1 X57.085 Y74.765 E1473.866
G1 X57.239 Y75.135 E1473.876
G1 X57.366 Y75.668 E1473.88967
G1 X57.401 Y76.1 E1473.90048
G1 X57.316 Y76.796 E1473.91797
G1 X57.138 Y77.321 E1473.9318
G1 X56.83 Y77.866 E1473.94741
G1 X56.428 Y78.307 E1473.9623
G1 X56.111 Y78.563 E1473.97246
G1 X55.685 Y78.809 E1473.98473
G1 X55.274 Y78.966 E1473.99571
G1 X54.804 Y79.072 E1474.00773
G1 X54.395 Y79.1 E1474.01795
G1 X53.662 Y79.012 E1474.03637
G1 X53.07 Y78.789 E1474.05215
G1 X52.641 Y78.533 E1474.06461
G1 X52.22 Y78.158 E1474.07868
G1 X51.968 Y77.859 E1474.08843
G1 X51.689 Y77.389 E1474.10206
G1 X51.537 Y77.001 E1474.11246
G1 X51.416 Y76.432 E1474.12697
G1 X51.401 Y76.057 E1474.13633
G1 X51.483 Y75.369 E1474.15362
G1 X51.669 Y74.851 E1474.16735
G1 X51.947 Y74.368 E1474.18125
G1 X52.3 Y73.985 E1474.19424
G1 X52.3 Y62.72 E1474.47525
G1 X52.365 Y62.447 E1474.48225
G1 X52.606 Y62.196 E1474.49093
G1 X52.803 Y62.121 E1474.49619
G1 X53.567 Y62.119 E1474.51524
G1 X53.805 Y62.203 E1474.52154
G1 X53.958 Y62.332 E1474.52653
G1 F2133.3 X54.15 Y62.72 E1474.53868
G1 F1912.4 X54.149 Y74.597 E1474.9105
G1 F2123.9 X53.999 Y74.875 E1474.91941
G1 F2400 X53.43 Y75.4 E1474.93872
G1 X53.29 Y75.656 E1474.946
G1 X53.212 Y75.953 E1474.95366
G1 X53.212 Y76.239 E1474.96079
G1 X53.321 Y76.615 E1474.97056
G1 X53.475 Y76.859 E1474.97776
G1 X53.697 Y77.067 E1474.98534
G1 X53.954 Y77.209 E1474.99267
G1 X54.251 Y77.284 E1475.00031
G1 X54.538 Y77.284 E1475.00747
G1 X54.915 Y77.175 E1475.01726
G1 X55.157 Y77.022 E1475.0244
G1 X55.367 Y76.796 E1475.0321
G1 X55.509 Y76.54 E1475.0394
G1 X55.584 Y76.245 E1475.04699
G1 X55.584 Y75.941 E1475.05457
G1 X55.54 Y75.738 E1475.05976
G1 X55.409 Y75.461 E1475.0674
G1 X55.212 Y75.223 E1475.07511
G1 X54.801 Y74.875 E1475.08854
G1 F2123.9 X54.651 Y74.597 E1475.09744
G1 F1912.4 X54.65 Y62.72 E1475.46927
G1 F2133.3 X54.842 Y62.332 E1475.48142
G1 F2400 X54.995 Y62.203 E1475.48641
G1 X55.241 Y62.122 E1475.49287
G1 X55.963 Y62.123 E1475.51088
G1 X56.261 Y62.239 E1475.51886
G1 X56.402 Y62.389 E1475.52399
G1 X56.501 Y62.63 E1475.53049
G0 F7200 X56.81 Y62.63
G0 X52.062 Y61.882
G0 X48.01 Y62.447
G0 X47.635 Y62.447
G1 F2400 X47.7 Y62.72 E1475.53749
G1 X47.7 Y73.987 E1475.81855
G1 X48.057 Y74.381 E1475.83181
G1 X48.327 Y74.851 E1475.84533
G1 X48.458 Y75.192 E1475.85444
G1 X48.579 Y75.76 E1475.86893
G1 X48.6 Y76.131 E1475.8782
G1 X48.511 Y76.832 E1475.89583
G1 X48.33 Y77.342 E1475.90933
G1 X48.029 Y77.867 E1475.92442
G1 X47.66 Y78.277 E1475.93818
G1 X47.352 Y78.537 E1475.94824
G1 X46.845 Y78.827 E1475.96281
G1 X46.474 Y78.966 E1475.97269
G1 X46.004 Y79.072 E1475.98471
G1 X45.595 Y79.1 E1475.99493
G1 X44.866 Y79.013 E1476.01325
G1 X44.314 Y78.813 E1476.02789
G1 X43.823 Y78.525 E1476.04209
G1 X43.393 Y78.128 E1476.05669
G1 X43.14 Y77.815 E1476.06673
G1 X42.869 Y77.345 E1476.08027
G1 X42.73 Y76.973 E1476.09017
G1 X42.63 Y76.534 E1476.1014
G1 X42.597 Y76.083 E1476.11268
G1 X42.685 Y75.358 E1476.1309
G1 X42.912 Y74.765 E1476.14674
G1 X43.14 Y74.381 E1476.15788
G1 X43.5 Y73.985 E1476.17123
G1 X43.5 Y62.636 E1476.45433
G1 X43.599 Y62.389 E1476.46097
G1 X43.739 Y62.24 E1476.46607
G1 X44.036 Y62.123 E1476.47403
G1 X44.788 Y62.126 E1476.49279
G1 X45.005 Y62.203 E1476.49854
G1 X45.158 Y62.332 E1476.50353
G1 F2133.3 X45.35 Y62.72 E1476.51568
G1 F1912.4 X45.349 Y74.597 E1476.8875
G1 F2123.9 X45.199 Y74.875 E1476.8964
G1 F2400 X44.63 Y75.4 E1476.91572
G1 X44.49 Y75.656 E1476.923
G1 X44.412 Y75.953 E1476.93066
G1 X44.412 Y76.239 E1476.93779
G1 X44.521 Y76.614 E1476.94753
G1 X44.681 Y76.864 E1476.95494
G1 X44.899 Y77.066 E1476.96235
G1 X45.155 Y77.209 E1476.96966
G1 X45.451 Y77.284 E1476.97728
G1 X45.738 Y77.284 E1476.98444
G1 X46.115 Y77.175 E1476.99423
G1 X46.357 Y77.022 E1477.00137
G1 X46.567 Y76.796 E1477.00907
G1 X46.709 Y76.54 E1477.01637
G1 X46.784 Y76.245 E1477.02396
G1 X46.784 Y75.941 E1477.03155
G1 X46.74 Y75.738 E1477.03673
G1 X46.609 Y75.461 E1477.04437
G1 X46.412 Y75.223 E1477.05208
G1 X46.001 Y74.875 E1477.06551
G1 F2123.9 X45.851 Y74.597 E1477.07442
G1 F1912.4 X45.85 Y62.72 E1477.44624
G1 F2133.3 X46.042 Y62.332 E1477.45839
G1 F2400 X46.195 Y62.203 E1477.46338
G1 X46.441 Y62.122 E1477.46984
G1 X47.147 Y62.121 E1477.48745
G1 X47.394 Y62.196 E1477.49389
G1 X47.635 Y62.447 E1477.50257
G0 F7200 X47.3 Y62.72
;TYPE:WALL-OUTER
G1 F1200 X47.3 Y74.147 E1477.78762
G1 X47.713 Y74.585 E1477.80264
G1 X47.955 Y74.998 E1477.81458
G1 X48.076 Y75.312 E1477.82297
G1 X48.176 Y75.756 E1477.83432
G1 X48.199 Y76.126 E1477.84357
G1 X48.113 Y76.759 E1477.85951
G1 X47.952 Y77.209 E1477.87143
G1 X47.703 Y77.629 E1477.88361
G1 X47.39 Y77.982 E1477.89538
G1 X47.123 Y78.209 E1477.90412
G1 X46.698 Y78.455 E1477.91637
G1 X46.385 Y78.576 E1477.92474
G1 X45.935 Y78.678 E1477.93625
G1 X45.57 Y78.699 E1477.94537
G1 X44.978 Y78.623 E1477.96026
G1 X44.488 Y78.453 E1477.9732
G1 X44.049 Y78.189 E1477.98597
G1 X43.699 Y77.87 E1477.99779
G1 X43.484 Y77.611 E1478.00618
G1 X43.241 Y77.198 E1478.01814
G1 X43.12 Y76.885 E1478.02651
G1 X43.02 Y76.445 E1478.03776
G1 X43.001 Y76.071 E1478.04711
G1 X43.083 Y75.436 E1478.06308
G1 X43.239 Y75.004 E1478.07453
G1 X43.484 Y74.585 E1478.08664
G1 X43.9 Y74.147 E1478.10171
G1 X43.903 Y62.68 E1478.38776
G1 X43.979 Y62.56 E1478.3913
G1 X44.056 Y62.524 E1478.39342
G1 X44.72 Y62.52 E1478.40998
G1 X44.853 Y62.59 E1478.41373
G1 X44.9 Y62.72 E1478.41718
G1 X44.9 Y74.558 E1478.71248
G1 X44.867 Y74.652 E1478.71497
G1 X44.584 Y74.865 E1478.7238
G1 X44.304 Y75.163 E1478.734
G1 X44.116 Y75.507 E1478.74378
G1 X44.012 Y75.902 E1478.75397
G1 X44.012 Y76.295 E1478.76377
G1 X44.153 Y76.78 E1478.77637
G1 X44.371 Y77.122 E1478.78649
G1 X44.663 Y77.392 E1478.79641
G1 X45.007 Y77.584 E1478.80624
G1 X45.401 Y77.684 E1478.81638
G1 X45.795 Y77.684 E1478.82621
G1 X46.281 Y77.543 E1478.83883
G1 X46.615 Y77.332 E1478.84868
G1 X46.893 Y77.033 E1478.85887
G1 X47.084 Y76.689 E1478.86868
G1 X47.184 Y76.295 E1478.87882
G1 X47.184 Y75.898 E1478.88873
G1 X47.121 Y75.609 E1478.89611
G1 X46.949 Y75.245 E1478.90615
G1 X46.689 Y74.931 E1478.91632
G1 X46.333 Y74.652 E1478.9276
G1 X46.3 Y74.558 E1478.93009
G1 X46.3 Y62.72 E1479.22539
G1 X46.347 Y62.59 E1479.22883
G1 X46.48 Y62.52 E1479.23258
G1 X47.116 Y62.52 E1479.24845
G1 X47.224 Y62.562 E1479.25134
G1 X47.3 Y62.72 E1479.25571
G0 F7200 X47.3 Y62.92
G0 X48.01 Y62.92
G0 X52.062 Y61.882
G0 X56.738 Y61.882
G0 X56.81 Y62.68
G0 X56.097 Y62.68
G1 F1200 X56.1 Y74.147 E1479.54176
G1 X56.485 Y74.549 E1479.55564
G1 X56.755 Y74.998 E1479.56871
G1 X56.876 Y75.312 E1479.57711
G1 X56.976 Y75.756 E1479.58846
G1 X57.001 Y76.1 E1479.59706
G1 X56.922 Y76.727 E1479.61283
G1 X56.745 Y77.222 E1479.62594
G1 X56.49 Y77.646 E1479.63828
G1 X55.938 Y78.197 E1479.65774
G1 X55.511 Y78.449 E1479.67011
G1 X55.185 Y78.576 E1479.67883
G1 X54.735 Y78.678 E1479.69034
G1 X54.37 Y78.699 E1479.69946
G1 X53.778 Y78.623 E1479.71435
G1 X53.274 Y78.445 E1479.72769
G1 X52.869 Y78.205 E1479.73943
G1 X52.508 Y77.88 E1479.75155
G1 X52.293 Y77.625 E1479.75987
G1 X52.048 Y77.213 E1479.77182
G1 X51.92 Y76.885 E1479.78061
G1 X51.816 Y76.411 E1479.79271
G1 X51.801 Y76.071 E1479.8012
G1 X51.883 Y75.436 E1479.81717
G1 X52.041 Y74.998 E1479.82879
G1 X52.283 Y74.585 E1479.84073
G1 X52.7 Y74.147 E1479.85582
G1 X52.706 Y62.67 E1480.14211
G1 X52.845 Y62.519 E1480.14723
G1 X53.539 Y62.523 E1480.16454
G1 X53.653 Y62.59 E1480.16784
G1 X53.7 Y62.72 E1480.17129
G1 X53.7 Y74.558 E1480.46659
G1 X53.667 Y74.652 E1480.46907
G1 X53.384 Y74.865 E1480.47791
G1 X53.104 Y75.163 E1480.48811
G1 X52.916 Y75.507 E1480.49789
G1 X52.812 Y75.902 E1480.50808
G1 X52.812 Y76.295 E1480.51788
G1 X52.953 Y76.781 E1480.5305
G1 X53.164 Y77.115 E1480.54036
G1 X53.459 Y77.393 E1480.55047
G1 X53.806 Y77.584 E1480.56035
G1 X54.201 Y77.684 E1480.57052
G1 X54.595 Y77.684 E1480.58034
G1 X55.081 Y77.543 E1480.59297
G1 X55.415 Y77.332 E1480.60282
G1 X55.693 Y77.033 E1480.61301
G1 X55.884 Y76.689 E1480.62282
G1 X55.984 Y76.295 E1480.63296
G1 X55.984 Y75.898 E1480.64287
G1 X55.921 Y75.609 E1480.65024
G1 X55.749 Y75.245 E1480.66029
G1 X55.489 Y74.931 E1480.67046
G1 X55.133 Y74.652 E1480.68174
G1 X55.1 Y74.558 E1480.68422
G1 X55.1 Y62.72 E1480.97952
G1 X55.147 Y62.59 E1480.98297
G1 X55.28 Y62.52 E1480.98672
G1 X55.944 Y62.524 E1481.00328
G1 X56.021 Y62.559 E1481.00539
G1 X56.097 Y62.68 E1481.00896
G0 F7200 X56.097 Y62.88
G0 X56.81 Y62.88
G0 X59.01 Y35.035
G0 X58.298 Y35.035
G1 F1200 X58.185 Y35.198 E1481.01391
G1 X41.817 Y35.198 E1481.42221
G1 X41.7 Y35.041 E1481.42709
G1 X41.7 Y11.1 E1482.0243
G1 X37.136 Y11.1 E1482.13815
G1 X36.85 Y11.194 E1482.14566
G1 X36.729 Y11.301 E1482.14969
G1 X36.637 Y11.458 E1482.15423
G1 X36.6 Y11.622 E1482.15842
G1 X36.6 Y88.374 E1484.07301
G1 X36.637 Y88.546 E1484.0774
G1 X36.84 Y88.799 E1484.08549
G1 X37.129 Y88.896 E1484.0931
G1 X62.904 Y88.9 E1484.73606
G1 X63.192 Y88.769 E1484.74395
G1 X63.341 Y88.58 E1484.74995
G1 X63.396 Y88.377 E1484.7552
G1 X63.399 Y11.656 E1486.66901
G1 X63.371 Y11.481 E1486.67343
G1 X63.197 Y11.23 E1486.68105
G1 X63.041 Y11.137 E1486.68558
G1 X62.874 Y11.1 E1486.68985
G1 X58.301 Y11.101 E1486.80392
G1 X58.298 Y35.035 E1487.40096
G0 F7200 X58.185 Y35.198
G0 X58.183 Y35.198
G0 X58.183 Y36.21
;MESH:NONMESH
G0 F600 Z2.885
G0 F7200 X41.062 Y35.838
G0 X37.311 Y11.927
G0 X37.16 Y11.927
;TIME_ELAPSED:2932.883844
;LAYER:11
;TYPE:FILL
;MESH:luckfox_top.stl
G1 F3000 X37.428 Y11.659 E1487.41041
G0 F7200 X37.428 Y11.811
G0 X39.944 Y11.811
G0 X39.944 Y11.66
G1 F3000 X41.14 Y12.856 E1487.4526
G1 X41.21 Y12.926
G0 F7200 X40.99 Y12.926
G0 X37.4 Y14.773
G1 F3000 X37.16 Y14.532 E1487.46109
G0 F7200 X37.311 Y14.532
G0 X38.528 Y16.216
G1 F3000 X37.16 Y17.584 E1487.50935
G1 X37.09 Y17.654
G0 F7200 X37.311 Y17.654
G0 X37.311 Y20.189
G0 X37.16 Y20.189
G1 F3000 X37.4 Y20.43 E1487.51783
G0 F7200 X38.528 Y21.873
G1 F3000 X37.16 Y23.241 E1487.56609
G1 X37.09 Y23.311
G0 F7200 X37.311 Y23.311
G0 X37.311 Y25.846
G0 X37.16 Y25.846
G1 F3000 X37.4 Y26.086 E1487.57456
G0 F7200 X38.528 Y27.53
G1 F3000 X37.16 Y28.898 E1487.62282
G1 X37.09 Y28.968
G0 F7200 X37.311 Y28.968
G0 X37.311 Y31.503
G0 X37.16 Y31.503
G1 F3000 X37.4 Y31.743 E1487.63129
G0 F7200 X38.528 Y33.187
G1 F3000 X37.16 Y34.555 E1487.67955
G1 X37.09 Y34.625
G0 F7200 X37.311 Y34.625
G0 X37.311 Y37.16
G0 X37.16 Y37.16
G1 F3000 X37.4 Y37.4 E1487.68801
G0 F7200 X38.528 Y38.843
G1 F3000 X37.16 Y40.212 E1487.73629
G1 X37.09 Y40.282
G0 F7200 X37.311 Y40.282
G0 X37.311 Y42.817
G0 X37.16 Y42.817
G1 F3000 X37.4 Y43.057 E1487.74476
G0 F7200 X38.527 Y44.501
G1 F3000 X37.16 Y45.869 E1487.793
G1 X37.09 Y45.939
G0 F7200 X37.311 Y45.939
G0 X37.311 Y48.474
G0 X37.16 Y48.474
G1 F3000 X37.4 Y48.714 E1487.80147
G0 F7200 X38.528 Y50.157
G1 F3000 X37.16 Y51.525 E1487.84973
G1 X37.09 Y51.595
G0 F7200 X37.311 Y51.595
G0 X37.311 Y54.13
G0 X37.16 Y54.13
G1 F3000 X37.4 Y54.371 E1487.85821
G0 F7200 X38.528 Y55.814
G1 F3000 X37.16 Y57.182 E1487.90647
G1 X37.09 Y57.252
G0 F7200 X37.311 Y57.252
G0 X37.311 Y59.787
G0 X37.16 Y59.787
G1 F3000 X37.4 Y60.028 E1487.91495
G0 F7200 X38.528 Y61.471
G1 F3000 X37.16 Y62.839 E1487.96321
G1 X37.09 Y62.909
G0 F7200 X37.311 Y62.909
G0 X37.311 Y65.444
G0 X37.16 Y65.444
G1 F3000 X37.4 Y65.684 E1487.97168
G0 F7200 X38.528 Y67.128
G1 F3000 X37.16 Y68.496 E1488.01994
G1 X37.09 Y68.566
G0 F7200 X37.311 Y68.566
G0 X37.311 Y71.101
G0 X37.16 Y71.101
G1 F3000 X37.4 Y71.341 E1488.02841
G0 F7200 X38.528 Y72.785
G1 F3000 X37.16 Y74.153 E1488.07667
G1 X37.09 Y74.223
G0 F7200 X37.311 Y74.223
G0 X37.311 Y76.758
G0 X37.16 Y76.758
G1 F3000 X37.4 Y76.998 E1488.08513
G0 F7200 X38.528 Y78.441
G1 F3000 X37.16 Y79.81 E1488.13341
G1 X37.09 Y79.88
G0 F7200 X37.311 Y79.88
G0 X37.311 Y82.415
G0 X37.16 Y82.415
G1 F3000 X37.4 Y82.655 E1488.14188
G0 F7200 X38.527 Y84.099
G1 F3000 X37.16 Y85.467 E1488.19012
G1 X37.09 Y85.537
G0 F7200 X37.311 Y85.537
G0 X37.311 Y88.072
G0 X37.16 Y88.072
G1 F3000 X37.42 Y88.332 E1488.19929
G0 F7200 X37.421 Y88.185
G0 X39.951 Y88.185
G0 X39.95 Y88.333
G1 F3000 X41.312 Y86.971 E1488.24734
G1 X41.382 Y86.901
G0 F7200 X42.839 Y88.093
G1 F3000 X43.078 Y88.333 E1488.25579
G0 F7200 X43.079 Y88.186
G0 X45.607 Y88.186
G0 X45.606 Y88.335
G1 F3000 X46.969 Y86.971 E1488.30389
G1 X47.039 Y86.901
G0 F7200 X48.498 Y88.096
G1 F3000 X48.737 Y88.335 E1488.31232
G0 F7200 X48.738 Y88.187
G0 X51.261 Y88.188
G0 X51.26 Y88.337
G1 F3000 X52.626 Y86.971 E1488.36051
G1 X52.696 Y86.901
G0 F7200 X54.157 Y88.098
G1 F3000 X54.396 Y88.337 E1488.36894
G0 F7200 X54.397 Y88.189
G0 X56.916 Y88.189
G0 X56.915 Y88.339
G1 F3000 X58.283 Y86.971 E1488.4172
G1 X58.353 Y86.901
G0 F7200 X59.816 Y88.1
G1 F3000 X60.055 Y88.339 E1488.42563
G0 F7200 X60.056 Y88.19
G0 X62.571 Y88.19
G0 X62.57 Y88.34
G1 F3000 X62.832 Y88.079 E1488.43486
G0 F7200 X62.685 Y88.078
G0 X62.685 Y85.459
G0 X62.833 Y85.46
G1 F3000 X62.592 Y85.219 E1488.44336
G0 F7200 X61.472 Y83.782
G1 F3000 X62.832 Y82.422 E1488.49134
G1 X62.902 Y82.352
G0 F7200 X62.685 Y82.351
G0 X62.685 Y79.803
G0 X62.834 Y79.804
G1 F3000 X62.593 Y79.564 E1488.49982
G0 F7200 X61.472 Y78.125
G1 F3000 X62.833 Y76.764 E1488.54784
G1 X62.903 Y76.694
G0 F7200 X62.685 Y76.693
G0 X62.686 Y74.146
G0 X62.834 Y74.147
G1 F3000 X62.593 Y73.907 E1488.55632
G0 F7200 X61.471 Y72.469
G1 F3000 X62.834 Y71.107 E1488.60439
G1 X62.904 Y71.037
G0 F7200 X62.686 Y71.036
G0 X62.686 Y68.49
G0 X62.834 Y68.491
G1 F3000 X62.593 Y68.25 E1488.61289
G0 F7200 X61.472 Y66.811
G1 F3000 X62.834 Y65.45 E1488.66092
G1 X62.904 Y65.38
G0 F7200 X62.686 Y65.379
G0 X62.686 Y62.833
G0 X62.834 Y62.834
G1 F3000 X62.594 Y62.594 E1488.66939
G0 F7200 X61.472 Y61.155
G1 F3000 X62.834 Y59.792 E1488.71745
G1 X62.904 Y59.722
G0 F7200 X62.687 Y59.721
G0 X62.687 Y57.177
G0 X62.835 Y57.178
G1 F3000 X62.595 Y56.938 E1488.72592
G0 F7200 X61.472 Y55.498
G1 F3000 X62.835 Y54.135 E1488.774
G1 X62.905 Y54.065
G0 F7200 X62.687 Y54.064
G0 X62.687 Y51.521
G0 X62.836 Y51.522
G1 F3000 X62.595 Y51.281 E1488.7825
G0 F7200 X61.472 Y49.841
G1 F3000 X62.835 Y48.478 E1488.83059
G1 X62.905 Y48.408
G0 F7200 X62.688 Y48.407
G0 X62.688 Y45.864
G0 X62.836 Y45.865
G1 F3000 X62.596 Y45.625 E1488.83905
G0 F7200 X61.472 Y44.184
G1 F3000 X62.836 Y42.82 E1488.88717
G1 X62.906 Y42.75
G0 F7200 X62.688 Y42.749
G0 X62.688 Y40.208
G0 X62.836 Y40.209
G1 F3000 X62.596 Y39.969 E1488.89564
G0 F7200 X61.472 Y38.527
G1 F3000 X62.836 Y37.163 E1488.94376
G1 X62.906 Y37.093
G0 F7200 X62.689 Y37.092
G0 X62.689 Y34.552
G0 X62.837 Y34.553
G1 F3000 X62.597 Y34.312 E1488.95224
G0 F7200 X61.471 Y32.871
G1 F3000 X62.836 Y31.506 E1489.0004
G1 X62.906 Y31.436
G0 F7200 X62.689 Y31.435
G0 X62.689 Y28.895
G0 X62.837 Y28.896
G1 F3000 X62.597 Y28.656 E1489.00886
G0 F7200 X61.472 Y27.213
G1 F3000 X62.837 Y25.848 E1489.05702
G1 X62.907 Y25.778
G0 F7200 X62.689 Y25.777
G0 X62.69 Y23.239
G0 X62.838 Y23.24
G1 F3000 X62.597 Y22.999 E1489.06552
G0 F7200 X61.472 Y21.557
G1 F3000 X62.837 Y20.191 E1489.11369
G1 X62.907 Y20.121
G0 F7200 X62.69 Y20.12
G0 X62.69 Y17.583
G0 X62.838 Y17.584
G1 F3000 X62.598 Y17.343 E1489.12217
G0 F7200 X61.472 Y15.9
G1 F3000 X62.838 Y14.534 E1489.17036
G1 X62.908 Y14.464
G0 F7200 X62.69 Y14.463
G0 X62.69 Y11.926
G0 X62.838 Y11.927
G1 F3000 X62.573 Y11.662 E1489.17971
G0 F7200 X62.572 Y11.81
G0 X60.053 Y11.81
G0 X60.054 Y11.661
G1 F3000 X58.861 Y12.854 E1489.2218
G1 X58.791 Y12.924
G0 F7200 X59.061 Y12.675
G1 F600 X61.88 Y15.493 E1489.28146
G0 F7200 X62.162 Y15.21
G1 F600 X59.334 Y12.382 E1489.34132
G0 F7200 X59.617 Y12.099
G1 F600 X62.445 Y14.927 E1489.40118
G0 F7200 X62.638 Y14.555
G1 F600 X59.944 Y11.861 E1489.4582
G0 F7200 X59.061 Y13.241
G1 F600 X61.597 Y15.776 E1489.51187
G0 F7200 X62.638 Y17.384
G1 F600 X59.061 Y13.806 E1489.58759
G0 F7200 X59.061 Y14.372
G1 F600 X62.638 Y17.949 E1489.6633
G0 F7200 X62.638 Y18.515
G1 F600 X59.061 Y14.938 E1489.73902
G0 F7200 X59.061 Y15.503
G1 F600 X62.638 Y19.081 E1489.81474
G0 F7200 X62.638 Y19.646
G1 F600 X59.061 Y16.069 E1489.89045
G0 F7200 X59.061 Y16.635
G1 F600 X62.638 Y20.212 E1489.96617
G0 F7200 X62.445 Y20.585
G1 F600 X59.061 Y17.2 E1490.0378
G0 F7200 X59.061 Y17.766
G1 F600 X62.162 Y20.867 E1490.10344
G0 F7200 X61.88 Y21.15
G1 F600 X59.061 Y18.332 E1490.1631
G0 F7200 X59.061 Y18.897
G1 F600 X61.597 Y21.433 E1490.21678
G0 F7200 X62.638 Y23.04
G1 F600 X59.061 Y19.463 E1490.29249
G0 F7200 X59.061 Y20.029
G1 F600 X62.638 Y23.606 E1490.3682
G0 F7200 X62.638 Y24.172
G1 F600 X59.061 Y20.594 E1490.44393
G0 F7200 X59.061 Y21.16
G1 F600 X62.638 Y24.737 E1490.51964
G0 F7200 X62.638 Y25.302
G1 F600 X59.061 Y21.726 E1490.59534
G0 F7200 X59.061 Y22.292
G1 F600 X62.638 Y25.868 E1490.67105
G0 F7200 X62.444 Y26.24
G1 F600 X59.061 Y22.857 E1490.74265
G0 F7200 X59.061 Y23.423
G1 F600 X62.161 Y26.523 E1490.80827
G0 F7200 X61.879 Y26.806
G1 F600 X59.061 Y23.989 E1490.86791
G0 F7200 X59.061 Y24.554
G1 F600 X61.596 Y27.089 E1490.92156
G0 F7200 X62.638 Y28.697
G1 F600 X59.061 Y25.12 E1490.99728
G0 F7200 X59.061 Y25.686
G1 F600 X62.638 Y29.262 E1491.07298
G0 F7200 X62.638 Y29.828
G1 F600 X59.061 Y26.251 E1491.14869
G0 F7200 X59.061 Y26.817
G1 F600 X62.638 Y30.394 E1491.2244
G0 F7200 X62.638 Y30.959
G1 F600 X59.061 Y27.383 E1491.30011
G0 F7200 X59.061 Y27.948
G1 F600 X62.638 Y31.525 E1491.37582
G0 F7200 X62.446 Y31.899
G1 F600 X59.061 Y28.514 E1491.44747
G0 F7200 X59.061 Y29.08
G1 F600 X62.163 Y32.182 E1491.51313
G0 F7200 X61.88 Y32.465
G1 F600 X59.061 Y29.645 E1491.57281
G0 F7200 X59.061 Y30.211
G1 F600 X61.597 Y32.748 E1491.6265
G0 F7200 X62.637 Y34.353
G1 F600 X59.061 Y30.777 E1491.70219
G0 F7200 X59.061 Y31.343
G1 F600 X62.637 Y34.918 E1491.77787
G0 F7200 X62.637 Y35.484
G1 F600 X59.061 Y31.908 E1491.85356
G0 F7200 X59.061 Y32.474
G1 F600 X62.636 Y36.049 E1491.92923
G0 F7200 X62.636 Y36.615
G1 F600 X59.061 Y33.04 E1492.0049
G0 F7200 X59.061 Y33.605
G1 F600 X62.636 Y37.18 E1492.08057
G0 F7200 X62.445 Y37.554
G1 F600 X59.061 Y34.171 E1492.15219
G0 F7200 X59.061 Y34.737
G1 F600 X62.162 Y37.837 E1492.21782
G0 F7200 X61.88 Y38.121
G1 F600 X59.024 Y35.265 E1492.27827
G0 F7200 X58.811 Y35.618
G1 F600 X61.597 Y38.404 E1492.33724
G0 F7200 X62.636 Y40.008
G1 F600 X58.492 Y35.864 E1492.42495
G0 F7200 X58.023 Y35.961
G1 F600 X62.636 Y40.574 E1492.5226
G0 F7200 X62.636 Y41.139
G1 F600 X57.457 Y35.961 E1492.63221
G0 F7200 X56.892 Y35.961
G1 F600 X62.636 Y41.705 E1492.75379
G0 F7200 X62.636 Y42.271
G1 F600 X56.326 Y35.961 E1492.88735
G0 F7200 X55.76 Y35.961
G1 F600 X62.636 Y42.837 E1493.03289
G0 F7200 X62.445 Y43.211
G1 F600 X55.195 Y35.961 E1493.18635
G0 F7200 X54.629 Y35.961
G1 F600 X62.162 Y43.494 E1493.3458
G0 F7200 X61.88 Y43.778
G1 F600 X54.063 Y35.961 E1493.51126
G0 F7200 X53.498 Y35.961
G1 F600 X61.597 Y44.061 E1493.6827
G0 F7200 X62.636 Y45.665
G1 F600 X52.932 Y35.961 E1493.8881
G0 F7200 X52.366 Y35.961
G1 F600 X62.636 Y46.231 E1494.10548
G0 F7200 X62.636 Y46.796
G1 F600 X51.801 Y35.961 E1494.33482
G0 F7200 X51.235 Y35.961
G1 F600 X62.636 Y47.362 E1494.57614
G0 F7200 X62.636 Y47.928
G1 F600 X50.669 Y35.961 E1494.82944
G0 F7200 X50.103 Y35.961
G1 F600 X62.636 Y48.493 E1495.09471
G0 F7200 X62.445 Y48.868
G1 F600 X49.537 Y35.961 E1495.36792
G0 F7200 X48.971 Y35.961
G1 F600 X62.162 Y49.151 E1495.64712
G0 F7200 X61.88 Y49.435
G1 F600 X48.406 Y35.961 E1495.93232
G0 F7200 X47.84 Y35.961
G1 F600 X61.597 Y49.717 E1496.22349
G0 F7200 X62.636 Y51.322
G1 F600 X47.274 Y35.961 E1496.54865
G0 F7200 X46.709 Y35.961
G1 F600 X62.636 Y51.887 E1496.88576
G0 F7200 X62.636 Y52.453
G1 F600 X46.143 Y35.961 E1497.23485
G0 F7200 X45.577 Y35.961
G1 F600 X62.636 Y53.019 E1497.59592
G0 F7200 X62.636 Y53.585
G1 F600 X45.012 Y35.961 E1497.96896
G0 F7200 X44.446 Y35.961
G1 F600 X62.636 Y54.15 E1498.35397
G0 F7200 X62.445 Y54.526
G1 F600 X43.88 Y35.961 E1498.74693
G0 F7200 X43.315 Y35.961
G1 F600 X62.162 Y54.809 E1499.14586
G0 F7200 X61.88 Y55.091
G1 F600 X42.749 Y35.961 E1499.55079
G0 F7200 X42.183 Y35.961
G1 F600 X61.597 Y55.374 E1499.96171
G0 F7200 X62.635 Y56.978
G1 F600 X41.528 Y35.872 E1500.40846
G0 F7200 X41.016 Y35.36
G1 F600 X37.36 Y31.703 E1500.48586
G0 F7200 X37.36 Y31.137
G1 F600 X40.94 Y34.718 E1500.56165
G0 F7200 X40.94 Y34.152
G1 F600 X37.36 Y30.572 E1500.63742
G0 F7200 X37.36 Y30.006
G1 F600 X40.94 Y33.586 E1500.7132
G0 F7200 X40.94 Y33.02
G1 F600 X37.36 Y29.44 E1500.78898
G0 F7200 X37.36 Y28.875
G1 F600 X40.94 Y32.455 E1500.86475
G0 F7200 X40.94 Y31.889
G1 F600 X37.554 Y28.503 E1500.93642
G0 F7200 X37.837 Y28.221
G1 F600 X40.94 Y31.323 E1501.00209
G0 F7200 X40.94 Y30.758
G1 F600 X38.119 Y27.937 E1501.0618
G0 F7200 X38.402 Y27.654
G1 F600 X40.94 Y30.192 E1501.11552
G0 F7200 X40.94 Y29.626
G1 F600 X37.36 Y26.046 E1501.1913
G0 F7200 X37.36 Y25.481
G1 F600 X40.94 Y29.061 E1501.26708
G0 F7200 X40.94 Y28.495
G1 F600 X37.36 Y24.915 E1501.34285
G0 F7200 X37.36 Y24.349
G1 F600 X40.94 Y27.929 E1501.41863
G0 F7200 X40.94 Y27.364
G1 F600 X37.36 Y23.784 E1501.49441
G0 F7200 X37.36 Y23.218
G1 F600 X40.94 Y26.798 E1501.57018
G0 F7200 X40.94 Y26.232
G1 F600 X37.554 Y22.847 E1501.64184
G0 F7200 X37.837 Y22.564
G1 F600 X40.94 Y25.667 E1501.70752
G0 F7200 X40.94 Y25.101
G1 F600 X38.119 Y22.28 E1501.76723
G0 F7200 X38.402 Y21.997
G1 F600 X40.94 Y24.535 E1501.82095
G0 F7200 X40.94 Y23.97
G1 F600 X37.36 Y20.389 E1501.89674
G0 F7200 X37.36 Y19.824
G1 F600 X40.94 Y23.404 E1501.97252
G0 F7200 X40.94 Y22.838
G1 F600 X37.36 Y19.258 E1502.04829
G0 F7200 X37.36 Y18.692
G1 F600 X40.94 Y22.272 E1502.12407
G0 F7200 X40.94 Y21.707
G1 F600 X37.36 Y18.127 E1502.19985
G0 F7200 X37.36 Y17.561
G1 F600 X40.94 Y21.141 E1502.27562
G0 F7200 X40.94 Y20.575
G1 F600 X37.554 Y17.19 E1502.34728
G0 F7200 X37.837 Y16.907
G1 F600 X40.94 Y20.01 E1502.41296
G0 F7200 X40.94 Y19.444
G1 F600 X38.119 Y16.623 E1502.47267
G0 F7200 X38.402 Y16.341
G1 F600 X40.94 Y18.878 E1502.52639
G0 F7200 X40.94 Y18.313
G1 F600 X37.36 Y14.733 E1502.60216
G0 F7200 X37.36 Y14.167
G1 F600 X40.94 Y17.747 E1502.67794
G0 F7200 X40.94 Y17.181
G1 F600 X37.36 Y13.601 E1502.75371
G0 F7200 X37.36 Y13.036
G1 F600 X40.94 Y16.616 E1502.82949
G0 F7200 X40.94 Y16.05
G1 F600 X37.36 Y12.47 E1502.90527
G0 F7200 X37.36 Y11.904
G1 F600 X40.94 Y15.484 E1502.98104
G0 F7200 X40.94 Y14.919
G1 F600 X37.882 Y11.86 E1503.04578
G0 F7200 X38.448 Y11.86
G1 F600 X40.94 Y14.353 E1503.09854
G0 F7200 X40.94 Y13.787
G1 F600 X39.013 Y11.86 E1503.13933
G0 F7200 X39.579 Y11.86
G1 F600 X40.94 Y13.221 E1503.16814
G0 F7200 X38.402 Y33.311
G1 F600 X62.635 Y57.544 E1503.68107
G0 F7200 X62.635 Y58.109
G1 F600 X38.119 Y33.594 E1504.19998
G0 F7200 X37.837 Y33.877
G1 F600 X62.635 Y58.675 E1504.72487
G0 F7200 X62.635 Y59.241
G1 F600 X37.554 Y34.16 E1505.25575
G0 F7200 X37.36 Y34.532
G1 F600 X62.635 Y59.806 E1505.79072
G0 F7200 X62.445 Y60.182
G1 F600 X37.36 Y35.097 E1506.32169
G0 F7200 X37.36 Y35.663
G1 F600 X62.162 Y60.465 E1506.84666
G0 F7200 X61.88 Y60.748
G1 F600 X37.36 Y36.229 E1507.36566
G0 F7200 X37.36 Y36.794
G1 F600 X61.597 Y61.031 E1507.87867
G0 F7200 X62.634 Y62.634
G1 F600 X37.36 Y37.36 E1508.41364
G0 F7200 X38.403 Y38.969
G1 F600 X62.634 Y63.2 E1508.92653
G0 F7200 X62.634 Y63.765
G1 F600 X38.12 Y39.251 E1509.4454
G0 F7200 X37.837 Y39.534
G1 F600 X62.634 Y64.331 E1509.97027
G0 F7200 X62.634 Y64.897
G1 F600 X37.554 Y39.817 E1510.50113
G0 F7200 X37.36 Y40.188
G1 F600 X62.634 Y65.463 E1511.03611
G0 F7200 X62.445 Y65.839
G1 F600 X37.36 Y40.754 E1511.56707
G0 F7200 X37.36 Y41.32
G1 F600 X62.162 Y66.122 E1512.09205
G0 F7200 X61.879 Y66.404
G1 F600 X37.36 Y41.885 E1512.61103
G0 F7200 X37.36 Y42.451
G1 F600 X61.596 Y66.687 E1513.12403
G0 F7200 X62.633 Y68.29
G1 F600 X56.819 Y62.476 E1513.24709
G0 F7200 X56.86 Y63.082
G1 F600 X62.633 Y68.856 E1513.36929
G0 F7200 X62.633 Y69.422
G1 F600 X56.86 Y63.648 E1513.4915
G0 F7200 X56.86 Y64.214
G1 F600 X62.633 Y69.987 E1513.61369
G0 F7200 X62.633 Y70.553
G1 F600 X56.86 Y64.779 E1513.7359
G0 F7200 X56.86 Y65.345
G1 F600 X62.633 Y71.119 E1513.8581
G0 F7200 X62.445 Y71.496
G1 F600 X56.86 Y65.911 E1513.97632
G0 F7200 X56.86 Y66.477
G1 F600 X62.162 Y71.779 E1514.08855
G0 F7200 X61.88 Y72.063
G1 F600 X56.86 Y67.042 E1514.19481
G0 F7200 X56.86 Y67.608
G1 F600 X61.597 Y72.346 E1514.29509
G0 F7200 X62.633 Y73.946
G1 F600 X56.86 Y68.174 E1514.41727
G0 F7200 X56.86 Y68.739
G1 F600 X62.633 Y74.512 E1514.53947
G0 F7200 X62.633 Y75.078
G1 F600 X56.86 Y69.305 E1514.66166
G0 F7200 X56.86 Y69.871
G1 F600 X62.633 Y75.643 E1514.78385
G0 F7200 X62.633 Y76.209
G1 F600 X56.86 Y70.436 E1514.90604
G0 F7200 X56.86 Y71.002
G1 F600 X62.633 Y76.775 E1515.02824
G0 F7200 X62.445 Y77.152
G1 F600 X56.86 Y71.568 E1515.14644
G0 F7200 X56.86 Y72.133
G1 F600 X62.162 Y77.435 E1515.25867
G0 F7200 X61.88 Y77.719
G1 F600 X56.86 Y72.699 E1515.36492
G0 F7200 X56.86 Y73.265
G1 F600 X61.597 Y78.002 E1515.46519
G0 F7200 X62.633 Y79.603
G1 F600 X56.86 Y73.83 E1515.58739
G0 F7200 X57.619 Y75.155
G1 F600 X62.633 Y80.169 E1515.69352
G0 F7200 X62.633 Y80.735
G1 F600 X57.745 Y75.847 E1515.79698
G0 F7200 X57.727 Y76.394
G1 F600 X62.633 Y81.3 E1515.90082
G0 F7200 X62.633 Y81.866
G1 F600 X57.66 Y76.893 E1516.00608
G0 F7200 X57.518 Y77.317
G1 F600 X62.633 Y82.432 E1516.11435
G0 F7200 X62.445 Y82.809
G1 F600 X57.335 Y77.7 E1516.2225
G0 F7200 X57.132 Y78.062
G1 F600 X62.162 Y83.092 E1516.32897
G0 F7200 X61.88 Y83.376
G1 F600 X56.865 Y78.361 E1516.43512
G0 F7200 X56.583 Y78.644
G1 F600 X61.597 Y83.659 E1516.54126
G0 F7200 X62.632 Y85.259
G1 F600 X56.264 Y78.891 E1516.67605
G0 F7200 X55.907 Y79.101
G1 F600 X62.632 Y85.825 E1516.81838
G0 F7200 X62.632 Y86.391
G1 F600 X55.509 Y79.268 E1516.96915
G0 F7200 X55.057 Y79.382
G1 F600 X62.632 Y86.956 E1517.12948
G0 F7200 X62.632 Y87.522
G1 F600 X54.56 Y79.45 E1517.30034
G0 F7200 X53.953 Y79.409
G1 F600 X62.632 Y88.088 E1517.48404
G0 F7200 X62.118 Y88.139
G1 F600 X53.198 Y79.22 E1517.67284
G0 F7200 X52.094 Y78.374
G0 X51.26 Y77.282
G1 F600 X48.633 Y74.655 E1517.72844
G0 F7200 X48.889 Y75.477
G1 F600 X61.552 Y88.139 E1517.99646
G0 F7200 X60.987 Y88.139
G1 F600 X48.958 Y76.111 E1518.25107
G0 F7200 X48.901 Y76.62
G1 F600 X60.421 Y88.139 E1518.4949
G0 F7200 X59.855 Y88.139
G1 F600 X48.802 Y77.086 E1518.72885
G0 F7200 X48.65 Y77.5
G1 F600 X58.202 Y87.052 E1518.93103
G0 F7200 X57.919 Y87.335
G1 F600 X48.446 Y77.862 E1519.13155
G0 F7200 X48.213 Y78.195
G1 F600 X57.636 Y87.617 E1519.33099
G0 F7200 X57.353 Y87.9
G1 F600 X47.947 Y78.495 E1519.53007
G0 F7200 X47.646 Y78.759
G1 F600 X57.025 Y88.137 E1519.72858
G0 F7200 X56.459 Y88.137
G1 F600 X47.304 Y78.982 E1519.92236
G0 F7200 X46.934 Y79.178
G1 F600 X55.893 Y88.137 E1520.11199
G0 F7200 X55.327 Y88.137
G1 F600 X46.516 Y79.326 E1520.29849
G0 F7200 X46.053 Y79.429
G1 F600 X54.761 Y88.137 E1520.48281
G0 F7200 X54.195 Y88.137
G1 F600 X45.511 Y79.452 E1520.66663
G0 F7200 X44.869 Y79.376
G1 F600 X52.545 Y87.052 E1520.82911
G0 F7200 X52.262 Y87.335
G1 F600 X43.935 Y79.007 E1521.00537
G0 F7200 X43.935 Y79.008
G0 X42.704 Y77.776
G1 F600 X38.119 Y73.192 E1521.10241
G0 F7200 X37.837 Y73.475
G1 F600 X51.979 Y87.617 E1521.40175
G0 F7200 X51.696 Y87.9
G1 F600 X37.554 Y73.758 E1521.70109
G0 F7200 X37.36 Y74.13
G1 F600 X51.366 Y88.136 E1521.99755
G0 F7200 X50.801 Y88.136
G1 F600 X37.36 Y74.695 E1522.28205
G0 F7200 X37.36 Y75.261
G1 F600 X50.235 Y88.136 E1522.55457
G0 F7200 X49.669 Y88.136
G1 F600 X37.36 Y75.827 E1522.81511
G0 F7200 X37.36 Y76.392
G1 F600 X49.103 Y88.135 E1523.06367
G0 F7200 X48.537 Y88.135
G1 F600 X37.36 Y76.958 E1523.30025
G0 F7200 X38.403 Y78.567
G1 F600 X46.888 Y87.052 E1523.47985
G0 F7200 X46.605 Y87.335
G1 F600 X38.12 Y78.849 E1523.65946
G0 F7200 X37.837 Y79.132
G1 F600 X46.322 Y87.617 E1523.83906
G0 F7200 X46.039 Y87.9
G1 F600 X37.554 Y79.415 E1524.01865
G0 F7200 X37.36 Y79.786
G1 F600 X45.707 Y88.133 E1524.19533
G0 F7200 X45.141 Y88.133
G1 F600 X37.36 Y80.352 E1524.36003
G0 F7200 X37.36 Y80.918
G1 F600 X44.575 Y88.133 E1524.51275
G0 F7200 X44.01 Y88.133
G1 F600 X37.36 Y81.483 E1524.6535
G0 F7200 X37.36 Y82.049
G1 F600 X43.444 Y88.133 E1524.78228
G0 F7200 X42.878 Y88.133
G1 F600 X37.36 Y82.615 E1524.89908
G0 F7200 X38.403 Y84.223
G1 F600 X41.231 Y87.051 E1524.95894
G0 F7200 X40.948 Y87.334
G1 F600 X38.12 Y84.506 E1525.0188
G0 F7200 X37.837 Y84.789
G1 F600 X40.665 Y87.617 E1525.07866
G0 F7200 X40.382 Y87.9
G1 F600 X37.554 Y85.072 E1525.13852
G0 F7200 X37.36 Y85.443
G1 F600 X40.048 Y88.132 E1525.19542
G0 F7200 X42.331 Y76.838
G1 F600 X38.402 Y72.909 E1525.27859
G0 F7200 X37.36 Y71.301
G1 F600 X42.245 Y76.187 E1525.382
G0 F7200 X42.287 Y75.663
G1 F600 X37.36 Y70.735 E1525.48629
G0 F7200 X37.36 Y70.17
G1 F600 X42.368 Y75.178 E1525.5923
G0 F7200 X42.527 Y74.771
G1 F600 X37.36 Y69.604 E1525.70166
G0 F7200 X37.36 Y69.038
G1 F600 X42.715 Y74.393 E1525.81501
G0 F7200 X42.948 Y74.061
G1 F600 X37.36 Y68.473 E1525.93329
G0 F7200 X37.554 Y68.101
G1 F600 X43.141 Y73.688 E1526.05155
G0 F7200 X43.141 Y73.122
G1 F600 X37.837 Y67.819 E1526.16381
G0 F7200 X38.119 Y67.535
G1 F600 X43.141 Y72.556 E1526.27009
G0 F7200 X43.141 Y71.991
G1 F600 X38.402 Y67.252 E1526.3704
G0 F7200 X37.36 Y65.644
G1 F600 X43.141 Y71.425 E1526.49277
G0 F7200 X43.141 Y70.859
G1 F600 X37.36 Y65.079 E1526.61512
G0 F7200 X37.36 Y64.513
G1 F600 X43.141 Y70.293 E1526.73747
G0 F7200 X43.141 Y69.728
G1 F600 X37.36 Y63.947 E1526.85984
G0 F7200 X37.36 Y63.382
G1 F600 X43.141 Y69.162 E1526.98219
G0 F7200 X43.141 Y68.596
G1 F600 X37.36 Y62.816 E1527.10455
G0 F7200 X37.554 Y62.445
G1 F600 X43.141 Y68.031 E1527.22279
G0 F7200 X43.141 Y67.465
G1 F600 X37.837 Y62.162 E1527.33505
G0 F7200 X38.119 Y61.878
G1 F600 X43.141 Y66.899 E1527.44134
G0 F7200 X43.141 Y66.334
G1 F600 X38.402 Y61.595 E1527.54165
G0 F7200 X37.36 Y59.987
G1 F600 X43.141 Y65.768 E1527.66401
G0 F7200 X43.141 Y65.202
G1 F600 X37.36 Y59.422 E1527.78637
G0 F7200 X37.36 Y58.856
G1 F600 X43.141 Y64.637 E1527.90873
G0 F7200 X43.141 Y64.071
G1 F600 X37.36 Y58.29 E1528.03109
G0 F7200 X37.36 Y57.725
G1 F600 X43.141 Y63.505 E1528.15345
G0 F7200 X43.141 Y62.94
G1 F600 X37.36 Y57.159 E1528.27581
G0 F7200 X37.554 Y56.788
G1 F600 X43.199 Y62.433 E1528.3953
G0 F7200 X43.406 Y62.074
G1 F600 X37.837 Y56.505 E1528.51317
G0 F7200 X38.119 Y56.221
G1 F600 X43.734 Y61.836 E1528.63202
G0 F7200 X44.227 Y61.764
G1 F600 X38.402 Y55.939 E1528.75532
G0 F7200 X37.36 Y54.331
G1 F600 X44.795 Y61.765 E1528.91268
G0 F7200 X45.59 Y62.144
G0 X45.739 Y62.144
G1 F600 X37.36 Y53.765 E1529.09004
G0 F7200 X37.36 Y53.199
G1 F600 X46.04 Y61.88 E1529.27378
G0 F7200 X46.489 Y61.762
G1 F600 X37.36 Y52.633 E1529.46701
G0 F7200 X37.36 Y52.068
G1 F600 X47.054 Y61.762 E1529.67219
G0 F7200 X47.938 Y61.882
G0 X48.06 Y62.768
G1 F600 X51.941 Y66.648 E1529.75433
G0 F7200 X51.941 Y66.083
G1 F600 X37.36 Y51.502 E1530.06296
G0 F7200 X37.554 Y51.13
G1 F600 X51.941 Y65.517 E1530.36749
G0 F7200 X51.941 Y64.951
G1 F600 X37.837 Y50.847 E1530.66602
G0 F7200 X38.119 Y50.564
G1 F600 X51.941 Y64.386 E1530.95859
G0 F7200 X51.941 Y63.82
G1 F600 X38.402 Y50.282 E1531.24515
G0 F7200 X37.36 Y48.674
G1 F600 X51.941 Y63.254 E1531.55377
G0 F7200 X51.943 Y62.691
G1 F600 X37.36 Y48.108 E1531.86244
G0 F7200 X37.36 Y47.542
G1 F600 X52.069 Y62.251 E1532.17378
G0 F7200 X52.335 Y61.952
G1 F600 X37.36 Y46.977 E1532.49075
G0 F7200 X37.36 Y46.411
G1 F600 X52.73 Y61.781 E1532.81608
G0 F7200 X53.277 Y61.762
G1 F600 X37.36 Y45.845 E1533.15299
G0 F7200 X37.554 Y45.474
G1 F600 X53.961 Y61.88 E1533.50026
G0 F7200 X54.31 Y62.23
G1 F600 X54.426 Y62.346 E1533.50272
G0 F7200 X54.661 Y62.015
G1 F600 X37.837 Y45.191 E1533.85883
G0 F7200 X38.12 Y44.908
G1 F600 X55.028 Y61.817 E1534.21672
G0 F7200 X55.538 Y61.76
G1 F600 X38.403 Y44.626 E1534.5794
G0 F7200 X37.36 Y43.017
G1 F600 X56.139 Y61.795 E1534.97688
G0 F7200 X52.062 Y61.882
G0 X51.941 Y67.214
G1 F600 X48.06 Y63.333 E1535.05903
G0 F7200 X48.06 Y63.899
G1 F600 X51.941 Y67.78 E1535.14117
G0 F7200 X51.941 Y68.345
G1 F600 X48.06 Y64.465 E1535.22331
G0 F7200 X48.06 Y65.03
G1 F600 X51.941 Y68.911 E1535.30546
G0 F7200 X51.941 Y69.477
G1 F600 X48.06 Y65.596 E1535.38761
G0 F7200 X48.06 Y66.162
G1 F600 X51.941 Y70.042 E1535.46974
G0 F7200 X51.941 Y70.608
G1 F600 X48.06 Y66.728 E1535.55188
G0 F7200 X48.06 Y67.293
G1 F600 X51.941 Y71.174 E1535.63403
G0 F7200 X51.941 Y71.74
G1 F600 X48.06 Y67.859 E1535.71618
G0 F7200 X48.06 Y68.425
G1 F600 X51.941 Y72.305 E1535.79831
G0 F7200 X51.941 Y72.871
G1 F600 X48.06 Y68.99 E1535.88046
G0 F7200 X48.06 Y69.556
G1 F600 X51.941 Y73.437 E1535.96261
G0 F7200 X51.866 Y73.927
G1 F600 X48.06 Y70.122 E1536.04316
G0 F7200 X48.06 Y70.687
G1 F600 X51.609 Y74.236 E1536.11828
G0 F7200 X51.403 Y74.596
G1 F600 X48.06 Y71.253 E1536.18904
G0 F7200 X48.06 Y71.819
G1 F600 X51.236 Y74.994 E1536.25625
G0 F7200 X51.113 Y75.437
G1 F600 X48.06 Y72.384 E1536.32087
G0 F7200 X48.06 Y72.95
G1 F600 X51.052 Y75.943 E1536.38421
G0 F7200 X51.062 Y76.517
G1 F600 X48.06 Y73.516 E1536.44775
G0 F7200 X58.938 Y35.838
G0 X58.701 Y35.115
;TYPE:WALL-INNER
G1 F2400 X58.61 Y35.317 E1536.45327
G1 X58.405 Y35.518 E1536.46043
G1 X58.166 Y35.601 E1536.46675
G1 X41.837 Y35.6 E1536.87407
G1 X41.595 Y35.517 E1536.88046
G1 X41.39 Y35.317 E1536.8876
G1 X41.3 Y35.117 E1536.89307
G1 X41.3 Y11.5 E1537.4822
G1 X37.173 Y11.5 E1537.58515
G1 X37.061 Y11.552 E1537.58823
G1 X37 Y11.645 E1537.591
G1 X37 Y88.297 E1539.5031
G1 X37.044 Y88.433 E1539.50666
G1 X37.157 Y88.492 E1539.50984
G1 X62.821 Y88.5 E1540.15003
G1 X62.954 Y88.438 E1540.15369
G1 X62.992 Y88.337 E1540.15638
G1 X62.999 Y11.669 E1542.06888
G1 X62.961 Y11.583 E1542.07122
G1 X62.858 Y11.501 E1542.0745
G1 X58.701 Y11.501 E1542.1782
G1 X58.701 Y35.115 E1542.76725
G0 F7200 X59.01 Y35.115
G0 X56.81 Y62.637
G0 X56.5 Y62.637
G1 F2400 X56.5 Y73.987 E1543.05038
G1 X56.856 Y74.381 E1543.06363
G1 X57.127 Y74.851 E1543.07716
G1 X57.266 Y75.224 E1543.08709
G1 X57.366 Y75.668 E1543.09844
G1 X57.401 Y76.1 E1543.10926
G1 X57.316 Y76.796 E1543.12675
G1 X57.138 Y77.321 E1543.14057
G1 X56.83 Y77.866 E1543.15619
G1 X56.428 Y78.307 E1543.17108
G1 X56.111 Y78.563 E1543.18124
G1 X55.685 Y78.809 E1543.19351
G1 X55.274 Y78.966 E1543.20449
G1 X54.804 Y79.072 E1543.21651
G1 X54.395 Y79.1 E1543.22673
G1 X53.662 Y79.012 E1543.24515
G1 X53.07 Y78.789 E1543.26093
G1 X52.641 Y78.533 E1543.27339
G1 X52.22 Y78.158 E1543.28745
G1 X51.968 Y77.859 E1543.29721
G1 X51.689 Y77.389 E1543.31084
G1 X51.537 Y77.001 E1543.32124
G1 X51.416 Y76.432 E1543.33575
G1 X51.401 Y76.057 E1543.34511
G1 X51.483 Y75.369 E1543.36239
G1 X51.669 Y74.851 E1543.37612
G1 X51.947 Y74.368 E1543.39003
G1 X52.3 Y73.985 E1543.40302
G1 X52.3 Y62.72 E1543.68403
G1 X52.365 Y62.447 E1543.69103
G1 X52.606 Y62.196 E1543.69971
G1 X52.803 Y62.121 E1543.70496
G1 X53.567 Y62.119 E1543.72402
G1 X53.805 Y62.203 E1543.73032
G1 X53.958 Y62.332 E1543.73531
G1 F2133.3 X54.15 Y62.72 E1543.74746
G1 F1912.4 X54.149 Y74.597 E1544.11928
G1 F2123.9 X53.999 Y74.875 E1544.12819
G1 F2400 X53.588 Y75.223 E1544.14162
G1 X53.289 Y75.643 E1544.15448
G1 X53.212 Y75.95 E1544.16238
G1 X53.212 Y76.238 E1544.16956
G1 X53.321 Y76.615 E1544.17935
G1 X53.474 Y76.857 E1544.18649
G1 X53.691 Y77.058 E1544.19387
G1 X54.063 Y77.245 E1544.20426
G1 X54.545 Y77.284 E1544.21632
G1 X54.843 Y77.208 E1544.22399
G1 X55.205 Y76.985 E1544.2346
G1 X55.506 Y76.555 E1544.24769
G1 X55.584 Y76.246 E1544.25564
G1 X55.584 Y75.941 E1544.26325
G1 X55.54 Y75.738 E1544.26843
G1 X55.409 Y75.461 E1544.27607
G1 X55.212 Y75.223 E1544.28378
G1 X54.801 Y74.875 E1544.29721
G1 F2123.9 X54.651 Y74.597 E1544.30612
G1 F1912.4 X54.65 Y62.72 E1544.67794
G1 F2133.3 X54.842 Y62.332 E1544.69009
G1 F2400 X54.995 Y62.203 E1544.69508
G1 X55.241 Y62.122 E1544.70154
G1 X55.964 Y62.123 E1544.71958
G1 X56.261 Y62.239 E1544.72753
G1 X56.402 Y62.389 E1544.73267
G1 X56.5 Y62.637 E1544.73932
G0 F7200 X56.81 Y62.637
G0 X52.062 Y61.882
G0 X48.01 Y62.447
G0 X47.635 Y62.447
G1 F2400 X47.7 Y62.72 E1544.74632
G1 X47.7 Y73.987 E1545.02737
G1 X48.057 Y74.381 E1545.04064
G1 X48.327 Y74.851 E1545.05416
G1 X48.458 Y75.192 E1545.06327
G1 X48.579 Y75.76 E1545.07776
G1 X48.6 Y76.131 E1545.08703
G1 X48.511 Y76.832 E1545.10465
G1 X48.33 Y77.342 E1545.11815
G1 X48.029 Y77.867 E1545.13325
G1 X47.66 Y78.277 E1545.14701
G1 X47.352 Y78.537 E1545.15706
G1 X46.845 Y78.827 E1545.17163
G1 X46.473 Y78.966 E1545.18154
G1 X46.004 Y79.072 E1545.19353
G1 X45.595 Y79.1 E1545.20376
G1 X44.866 Y79.013 E1545.22207
G1 X44.314 Y78.813 E1545.23672
G1 X43.823 Y78.525 E1545.25092
G1 X43.393 Y78.128 E1545.26552
G1 X43.14 Y77.815 E1545.27556
G1 X42.869 Y77.345 E1545.28909
G1 X42.73 Y76.973 E1545.299
G1 X42.63 Y76.534 E1545.31023
G1 X42.597 Y76.083 E1545.32151
G1 X42.685 Y75.358 E1545.33973
G1 X42.912 Y74.765 E1545.35557
G1 X43.14 Y74.381 E1545.36671
G1 X43.5 Y73.985 E1545.38006
G1 X43.5 Y62.636 E1545.66316
G1 X43.599 Y62.389 E1545.6698
G1 X43.739 Y62.24 E1545.6749
G1 X44.036 Y62.123 E1545.68286
G1 X44.788 Y62.126 E1545.70162
G1 X45.005 Y62.203 E1545.70736
G1 X45.158 Y62.332 E1545.71235
G1 F2133.3 X45.35 Y62.72 E1545.7245
G1 F1912.4 X45.349 Y74.597 E1546.09633
G1 F2123.9 X45.199 Y74.875 E1546.10523
G1 F2400 X44.788 Y75.223 E1546.11866
G1 X44.489 Y75.643 E1546.13152
G1 X44.412 Y75.951 E1546.13944
G1 X44.412 Y76.243 E1546.14673
G1 X44.49 Y76.54 E1546.15439
G1 X44.626 Y76.788 E1546.16144
G1 X44.91 Y77.072 E1546.17146
G1 X45.156 Y77.209 E1546.17849
G1 X45.451 Y77.284 E1546.18608
G1 X45.745 Y77.284 E1546.19341
G1 X46.043 Y77.208 E1546.20108
G1 X46.405 Y76.985 E1546.21169
G1 X46.706 Y76.555 E1546.22478
G1 X46.783 Y76.247 E1546.2327
G1 X46.784 Y75.941 E1546.24034
G1 X46.74 Y75.738 E1546.24552
G1 X46.609 Y75.461 E1546.25316
G1 X46.412 Y75.223 E1546.26087
G1 X46.001 Y74.875 E1546.2743
G1 F2123.9 X45.851 Y74.597 E1546.28321
G1 F1912.4 X45.85 Y62.72 E1546.65503
G1 F2133.3 X46.042 Y62.332 E1546.66718
G1 F2400 X46.195 Y62.203 E1546.67217
G1 X46.441 Y62.122 E1546.67863
G1 X47.147 Y62.121 E1546.69624
G1 X47.394 Y62.196 E1546.70268
G1 X47.635 Y62.447 E1546.71136
G0 F7200 X47.3 Y62.72
;TYPE:WALL-OUTER
G1 F1200 X47.3 Y74.147 E1546.99641
G1 X47.713 Y74.585 E1547.01143
G1 X47.955 Y74.998 E1547.02337
G1 X48.076 Y75.312 E1547.03176
G1 X48.176 Y75.756 E1547.04311
G1 X48.199 Y76.126 E1547.05236
G1 X48.113 Y76.759 E1547.0683
G1 X47.952 Y77.209 E1547.08022
G1 X47.703 Y77.629 E1547.0924
G1 X47.39 Y77.982 E1547.10417
G1 X47.123 Y78.209 E1547.11291
G1 X46.698 Y78.455 E1547.12516
G1 X46.385 Y78.576 E1547.13353
G1 X45.935 Y78.678 E1547.14504
G1 X45.57 Y78.699 E1547.15416
G1 X44.978 Y78.623 E1547.16905
G1 X44.488 Y78.453 E1547.18199
G1 X44.049 Y78.189 E1547.19477
G1 X43.699 Y77.87 E1547.20658
G1 X43.484 Y77.611 E1547.21498
G1 X43.241 Y77.198 E1547.22693
G1 X43.12 Y76.885 E1547.2353
G1 X43.02 Y76.445 E1547.24656
G1 X43.001 Y76.071 E1547.2559
G1 X43.083 Y75.436 E1547.27187
G1 X43.239 Y75.004 E1547.28333
G1 X43.484 Y74.585 E1547.29543
G1 X43.9 Y74.147 E1547.3105
G1 X43.903 Y62.68 E1547.59655
G1 X43.979 Y62.56 E1547.60009
G1 X44.056 Y62.524 E1547.60221
G1 X44.72 Y62.52 E1547.61877
G1 X44.853 Y62.59 E1547.62252
G1 X44.9 Y62.72 E1547.62597
G1 X44.9 Y74.558 E1547.92127
G1 X44.867 Y74.652 E1547.92376
G1 X44.511 Y74.931 E1547.93504
G1 X44.24 Y75.256 E1547.9456
G1 X44.113 Y75.5 E1547.95246
G1 X44.012 Y75.901 E1547.96277
G1 X44.012 Y76.294 E1547.97258
G1 X44.116 Y76.689 E1547.98277
G1 X44.302 Y77.03 E1547.99246
G1 X44.666 Y77.394 E1548.0053
G1 X45.007 Y77.584 E1548.01503
G1 X45.401 Y77.684 E1548.02517
G1 X45.795 Y77.684 E1548.035
G1 X46.19 Y77.584 E1548.04517
G1 X46.689 Y77.269 E1548.05989
G1 X46.955 Y76.945 E1548.07034
G1 X47.083 Y76.697 E1548.07731
G1 X47.183 Y76.295 E1548.08764
G1 X47.184 Y75.898 E1548.09754
G1 X47.121 Y75.609 E1548.10492
G1 X46.949 Y75.245 E1548.11496
G1 X46.689 Y74.931 E1548.12513
G1 X46.333 Y74.652 E1548.13642
G1 X46.3 Y74.558 E1548.1389
G1 X46.3 Y62.72 E1548.4342
G1 X46.347 Y62.59 E1548.43765
G1 X46.48 Y62.52 E1548.4414
G1 X47.116 Y62.52 E1548.45726
G1 X47.224 Y62.562 E1548.46015
G1 X47.3 Y62.72 E1548.46453
G0 F7200 X47.3 Y62.92
G0 X48.01 Y62.92
G0 X52.062 Y61.882
G0 X56.738 Y61.882
G0 X56.81 Y62.68
G0 X56.097 Y62.68
G1 F1200 X56.1 Y74.147 E1548.75057
G1 X56.485 Y74.549 E1548.76446
G1 X56.755 Y74.998 E1548.77753
G1 X56.876 Y75.312 E1548.78592
G1 X56.976 Y75.756 E1548.79727
G1 X57.001 Y76.1 E1548.80588
G1 X56.922 Y76.727 E1548.82164
G1 X56.745 Y77.222 E1548.83476
G1 X56.49 Y77.646 E1548.8471
G1 X55.938 Y78.197 E1548.86655
G1 X55.511 Y78.449 E1548.87892
G1 X55.185 Y78.576 E1548.88765
G1 X54.735 Y78.678 E1548.89916
G1 X54.37 Y78.699 E1548.90828
G1 X53.778 Y78.623 E1548.92317
G1 X53.274 Y78.445 E1548.9365
G1 X52.869 Y78.205 E1548.94825
G1 X52.508 Y77.88 E1548.96036
G1 X52.293 Y77.625 E1548.96868
G1 X52.048 Y77.213 E1548.98064
G1 X51.92 Y76.885 E1548.98942
G1 X51.816 Y76.411 E1549.00153
G1 X51.801 Y76.071 E1549.01002
G1 X51.883 Y75.436 E1549.02599
G1 X52.041 Y74.998 E1549.0376
G1 X52.283 Y74.585 E1549.04954
G1 X52.7 Y74.147 E1549.06463
G1 X52.706 Y62.67 E1549.35093
G1 X52.845 Y62.519 E1549.35605
G1 X53.539 Y62.523 E1549.37336
G1 X53.653 Y62.59 E1549.37666
G1 X53.7 Y62.72 E1549.3801
G1 X53.7 Y74.558 E1549.6754
G1 X53.667 Y74.652 E1549.67789
G1 X53.311 Y74.931 E1549.68917
G1 X53.04 Y75.256 E1549.69973
G1 X52.913 Y75.5 E1549.70659
G1 X52.812 Y75.901 E1549.7169
G1 X52.812 Y76.295 E1549.72673
G1 X52.953 Y76.781 E1549.73936
G1 X53.164 Y77.115 E1549.74921
G1 X53.46 Y77.39 E1549.75929
G1 X53.928 Y77.625 E1549.77235
G1 X54.194 Y77.684 E1549.77915
G1 X54.595 Y77.684 E1549.78915
G1 X54.99 Y77.584 E1549.79932
G1 X55.489 Y77.269 E1549.81404
G1 X55.755 Y76.945 E1549.82449
G1 X55.883 Y76.697 E1549.83146
G1 X55.984 Y76.295 E1549.8418
G1 X55.984 Y75.898 E1549.8517
G1 X55.921 Y75.609 E1549.85908
G1 X55.749 Y75.245 E1549.86912
G1 X55.489 Y74.931 E1549.87929
G1 X55.133 Y74.652 E1549.89057
G1 X55.1 Y74.558 E1549.89306
G1 X55.1 Y62.72 E1550.18836
G1 X55.147 Y62.59 E1550.19181
G1 X55.28 Y62.52 E1550.19556
G1 X55.944 Y62.524 E1550.21212
G1 X56.021 Y62.559 E1550.21423
G1 X56.097 Y62.68 E1550.21779
G0 F7200 X56.097 Y62.88
G0 X56.81 Y62.88
G0 X59.01 Y35.043
G0 X58.301 Y35.043
G1 F1200 X58.239 Y35.145 E1550.22077
G1 X58.147 Y35.201 E1550.22346
G1 X41.817 Y35.198 E1550.63081
G1 X41.7 Y35.041 E1550.6357
G1 X41.7 Y11.1 E1551.23291
G1 X37.087 Y11.1 E1551.34798
G1 X36.807 Y11.227 E1551.35565
G1 X36.652 Y11.425 E1551.36192
G1 X36.6 Y11.581 E1551.36602
G1 X36.6 Y88.36 E1553.28128
G1 X36.692 Y88.645 E1553.28875
G1 X36.851 Y88.807 E1553.29441
G1 X37.087 Y88.892 E1553.30067
G1 X62.908 Y88.9 E1553.94478
G1 X63.199 Y88.766 E1553.95277
G1 X63.301 Y88.654 E1553.95655
G1 X63.392 Y88.408 E1553.96309
G1 X63.399 Y11.586 E1555.87943
G1 X63.291 Y11.336 E1555.88622
G1 X63.065 Y11.147 E1555.89357
G1 X62.92 Y11.101 E1555.89736
G1 X58.301 Y11.101 E1556.01258
G1 X58.301 Y35.043 E1556.60982
G0 F7200 X58.239 Y35.145
G0 X58.17 Y35.187
G0 X58.17 Y36.21
;MESH:NONMESH
G0 F600 Z3.035
G0 F7200 X41.062 Y35.838
G0 X37.311 Y11.925
G0 X37.162 Y11.925
;TIME_ELAPSED:3292.382711
;LAYER:12
;TYPE:FILL
;MESH:luckfox_top.stl
G1 F3000 X37.426 Y11.662 E1556.61912
G0 F7200 X37.426 Y11.811
G0 X39.945 Y11.811
G0 X39.945 Y11.661
G1 F3000 X41.14 Y12.856 E1556.66127
G1 X41.21 Y12.926
G0 F7200 X40.99 Y12.926
G0 X38.54 Y15.913
G1 F3000 X37.161 Y14.534 E1556.70992
G1 X37.091 Y14.464
G0 F7200 X37.311 Y14.464
G0 X38.54 Y16.204
G1 F3000 X37.162 Y17.582 E1556.75853
G1 X37.092 Y17.652
G0 F7200 X37.311 Y17.652
G0 X37.311 Y20.191
G0 X37.161 Y20.191
G1 F3000 X38.54 Y21.57 E1556.80718
G0 F7200 X38.54 Y21.861
G1 F3000 X37.162 Y23.239 E1556.85579
G1 X37.092 Y23.309
G0 F7200 X37.311 Y23.309
G0 X37.311 Y25.848
G0 X37.161 Y25.848
G1 F3000 X38.54 Y27.226 E1556.90442
G0 F7200 X38.54 Y27.518
G1 F3000 X37.162 Y28.896 E1556.95304
G1 X37.092 Y28.966
G0 F7200 X37.311 Y28.966
G0 X37.311 Y31.504
G0 X37.161 Y31.504
G1 F3000 X38.54 Y32.883 E1557.00168
G0 F7200 X38.54 Y33.175
G1 F3000 X37.162 Y34.553 E1557.0503
G1 X37.092 Y34.623
G0 F7200 X37.311 Y34.623
G0 X37.311 Y37.161
G0 X37.161 Y37.161
G1 F3000 X38.54 Y38.54 E1557.09894
G0 F7200 X38.54 Y38.831
G1 F3000 X37.161 Y40.21 E1557.14759
G1 X37.091 Y40.28
G0 F7200 X37.311 Y40.28
G0 X37.311 Y42.817
G0 X37.161 Y42.817
G1 F3000 X38.54 Y44.197 E1557.19626
G0 F7200 X38.54 Y44.488
G1 F3000 X37.161 Y45.867 E1557.24491
G1 X37.091 Y45.937
G0 F7200 X37.311 Y45.937
G0 X37.311 Y48.474
G0 X37.161 Y48.474
G1 F3000 X38.54 Y49.854 E1557.29357
G0 F7200 X38.54 Y50.145
G1 F3000 X37.161 Y51.524 E1557.34222
G1 X37.091 Y51.594
G0 F7200 X37.311 Y51.594
G0 X37.311 Y54.131
G0 X37.161 Y54.131
G1 F3000 X38.54 Y55.511 E1557.39089
G0 F7200 X38.54 Y55.802
G1 F3000 X37.161 Y57.181 E1557.43953
G1 X37.091 Y57.251
G0 F7200 X37.311 Y57.251
G0 X37.311 Y59.788
G0 X37.161 Y59.788
G1 F3000 X38.54 Y61.168 E1557.4882
G0 F7200 X38.54 Y61.459
G1 F3000 X37.161 Y62.838 E1557.53685
G1 X37.091 Y62.908
G0 F7200 X37.311 Y62.908
G0 X37.311 Y65.444
G0 X37.16 Y65.444
G1 F3000 X38.54 Y66.824 E1557.58553
G0 F7200 X38.54 Y67.116
G1 F3000 X37.161 Y68.495 E1557.63418
G1 X37.091 Y68.565
G0 F7200 X37.311 Y68.565
G0 X37.311 Y71.101
G0 X37.16 Y71.101
G1 F3000 X38.54 Y72.481 E1557.68286
G0 F7200 X38.54 Y72.773
G1 F3000 X37.161 Y74.152 E1557.73151
G1 X37.091 Y74.222
G0 F7200 X37.311 Y74.222
G0 X37.311 Y76.758
G0 X37.16 Y76.758
G1 F3000 X38.54 Y78.138 E1557.78019
G0 F7200 X38.54 Y78.429
G1 F3000 X37.161 Y79.809 E1557.82886
G1 X37.091 Y79.879
G0 F7200 X37.311 Y79.879
G0 X37.311 Y82.415
G0 X37.16 Y82.415
G1 F3000 X38.54 Y83.795 E1557.87754
G0 F7200 X38.54 Y84.086
G1 F3000 X37.161 Y85.466 E1557.92621
G1 X37.091 Y85.536
G0 F7200 X37.311 Y85.536
G0 X37.311 Y88.072
G0 X37.16 Y88.072
G1 F3000 X37.424 Y88.336 E1557.93552
G0 F7200 X37.425 Y88.188
G0 X39.948 Y88.188
G0 X39.947 Y88.337
G1 F3000 X41.323 Y86.96 E1557.98408
G0 F7200 X41.705 Y86.96
G1 F3000 X43.081 Y88.336 E1558.03262
G1 X43.151 Y88.406
G0 F7200 X43.152 Y88.188
G0 X45.604 Y88.188
G0 X45.603 Y88.337
G1 F3000 X46.98 Y86.96 E1558.0812
G0 F7200 X47.362 Y86.96
G1 F3000 X48.739 Y88.337 E1558.12978
G1 X48.809 Y88.407
G0 F7200 X48.81 Y88.189
G0 X51.26 Y88.189
G0 X51.259 Y88.338
G1 F3000 X52.637 Y86.96 E1558.17839
G0 F7200 X53.019 Y86.96
G1 F3000 X54.396 Y88.337 E1558.22697
G1 X54.466 Y88.407
G0 F7200 X54.467 Y88.19
G0 X56.916 Y88.19
G0 X56.915 Y88.339
G1 F3000 X58.294 Y86.96 E1558.27561
G0 F7200 X58.676 Y86.96
G1 F3000 X60.054 Y88.338 E1558.32423
G1 X60.124 Y88.408
G0 F7200 X60.125 Y88.19
G0 X62.573 Y88.19
G0 X62.572 Y88.339
G1 F3000 X62.836 Y88.074 E1558.33356
G0 F7200 X62.688 Y88.073
G0 X62.688 Y85.463
G0 X62.837 Y85.464
G1 F3000 X61.46 Y84.087 E1558.38214
G0 F7200 X61.46 Y83.794
G1 F3000 X62.836 Y82.418 E1558.43068
G1 X62.906 Y82.348
G0 F7200 X62.688 Y82.347
G0 X62.688 Y79.807
G0 X62.837 Y79.808
G1 F3000 X61.46 Y78.43 E1558.47927
G0 F7200 X61.46 Y78.137
G1 F3000 X62.836 Y76.761 E1558.52782
G1 X62.906 Y76.691
G0 F7200 X62.688 Y76.69
G0 X62.688 Y74.15
G0 X62.837 Y74.151
G1 F3000 X61.46 Y72.773 E1558.57641
G0 F7200 X61.46 Y72.48
G1 F3000 X62.836 Y71.104 E1558.62495
G1 X62.906 Y71.034
G0 F7200 X62.688 Y71.033
G0 X62.688 Y68.494
G0 X62.838 Y68.495
G1 F3000 X61.46 Y67.116 E1558.67358
G0 F7200 X61.46 Y66.823
G1 F3000 X62.837 Y65.446 E1558.72216
G1 X62.907 Y65.376
G0 F7200 X62.688 Y65.375
G0 X62.688 Y62.837
G0 X62.838 Y62.838
G1 F3000 X61.46 Y61.46 E1558.77077
G0 F7200 X61.46 Y61.166
G1 F3000 X62.837 Y59.789 E1558.81935
G1 X62.907 Y59.719
G0 F7200 X62.689 Y59.718
G0 X62.689 Y57.18
G0 X62.838 Y57.181
G1 F3000 X61.46 Y55.803 E1558.86796
G0 F7200 X61.46 Y55.509
G1 F3000 X62.837 Y54.133 E1558.91652
G1 X62.907 Y54.063
G0 F7200 X62.689 Y54.062
G0 X62.689 Y51.523
G0 X62.838 Y51.524
G1 F3000 X61.46 Y50.146 E1558.96514
G0 F7200 X61.46 Y49.852
G1 F3000 X62.838 Y48.475 E1559.01373
G1 X62.908 Y48.405
G0 F7200 X62.689 Y48.404
G0 X62.689 Y45.867
G0 X62.838 Y45.868
G1 F3000 X61.46 Y44.489 E1559.06236
G0 F7200 X61.46 Y44.196
G1 F3000 X62.838 Y42.818 E1559.11097
G1 X62.908 Y42.748
G0 F7200 X62.689 Y42.747
G0 X62.689 Y40.21
G0 X62.838 Y40.211
G1 F3000 X61.46 Y38.832 E1559.1596
G0 F7200 X61.46 Y38.539
G1 F3000 X62.838 Y37.161 E1559.20822
G1 X62.908 Y37.091
G0 F7200 X62.69 Y37.09
G0 X62.69 Y34.553
G0 X62.838 Y34.554
G1 F3000 X61.46 Y33.175 E1559.25685
G0 F7200 X61.46 Y32.882
G1 F3000 X62.838 Y31.504 E1559.30546
G1 X62.908 Y31.434
G0 F7200 X62.69 Y31.433
G0 X62.69 Y28.897
G0 X62.839 Y28.898
G1 F3000 X61.46 Y27.518 E1559.35412
G0 F7200 X61.46 Y27.225
G1 F3000 X62.838 Y25.847 E1559.40274
G1 X62.908 Y25.777
G0 F7200 X62.69 Y25.776
G0 X62.69 Y23.24
G0 X62.839 Y23.241
G1 F3000 X61.46 Y21.862 E1559.45139
G0 F7200 X61.46 Y21.568
G1 F3000 X62.838 Y20.19 E1559.5
G1 X62.908 Y20.12
G0 F7200 X62.69 Y20.119
G0 X62.69 Y17.583
G0 X62.839 Y17.584
G1 F3000 X61.46 Y16.205 E1559.54865
G0 F7200 X61.46 Y15.911
G1 F3000 X62.838 Y14.533 E1559.59726
G1 X62.908 Y14.463
G0 F7200 X62.69 Y14.462
G0 X62.69 Y11.926
G0 X62.839 Y11.927
G1 F3000 X62.578 Y11.666 E1559.60647
G0 F7200 X62.577 Y11.81
G0 X60.051 Y11.81
G0 X60.052 Y11.662
G1 F3000 X58.861 Y12.854 E1559.6485
G1 X58.791 Y12.924
G0 F7200 X59.01 Y12.924
G0 X58.938 Y35.838
G0 X54.462 Y61.882
G0 X54.346 Y74.951
G0 X53.523 Y76.029
G0 X53.383 Y76.01
G1 F3000 X54.479 Y77.106 E1559.68716
G1 X54.549 Y77.176
G0 F7200 X54.528 Y76.977
G0 X54.346 Y74.951
G0 X54.338 Y61.882
G0 X45.662 Y61.882
G0 X45.655 Y74.967
G0 X46.467 Y76.038
G0 X46.609 Y76.018
G1 F3000 X45.504 Y77.122 E1559.72613
G1 X45.434 Y77.192
G0 F7200 X45.489 Y76.978
G0 X45.662 Y61.882
G0 X58.938 Y35.838
G0 X58.7 Y35.117
;TYPE:WALL-INNER
G1 F2400 X58.61 Y35.317 E1559.7316
G1 X58.406 Y35.518 E1559.73874
G1 X58.193 Y35.594 E1559.74438
G1 X41.837 Y35.6 E1560.15239
G1 X41.595 Y35.517 E1560.15877
G1 X41.39 Y35.317 E1560.16591
G1 X41.3 Y35.117 E1560.17138
G1 X41.3 Y11.5 E1560.76051
G1 X37.108 Y11.5 E1560.86508
G1 X37 Y11.63 E1560.8693
G1 X37 Y88.324 E1562.78244
G1 X37.064 Y88.462 E1562.78623
G1 X37.15 Y88.496 E1562.78854
G1 X62.866 Y88.5 E1563.43003
G1 X62.949 Y88.448 E1563.43247
G1 X62.996 Y88.343 E1563.43534
G1 X62.999 Y11.612 E1565.3494
G1 X62.867 Y11.501 E1565.3537
G1 X58.701 Y11.501 E1565.45763
G1 X58.7 Y35.117 E1566.04673
G0 F7200 X59.01 Y35.117
G0 X56.81 Y62.63
G0 X56.501 Y62.63
G1 F2400 X56.5 Y73.987 E1566.33003
G1 X56.774 Y74.272 E1566.33989
G1 X57.123 Y74.822 E1566.35614
G1 X57.351 Y75.578 E1566.37584
G1 X57.401 Y76.1 E1566.38892
G1 X57.316 Y76.796 E1566.40641
G1 X57.138 Y77.321 E1566.42024
G1 X56.83 Y77.866 E1566.43586
G1 X56.428 Y78.307 E1566.45074
G1 X56.111 Y78.563 E1566.46091
G1 X55.685 Y78.809 E1566.47318
G1 X55.274 Y78.966 E1566.48415
G1 X54.804 Y79.072 E1566.49617
G1 X54.395 Y79.1 E1566.5064
G1 X53.662 Y79.012 E1566.52481
G1 X53.07 Y78.789 E1566.54059
G1 X52.641 Y78.533 E1566.55305
G1 X52.22 Y78.158 E1566.56712
G1 X51.969 Y77.86 E1566.57684
G1 X51.666 Y77.352 E1566.59159
G1 X51.442 Y76.592 E1566.61136
G1 X51.401 Y76.055 E1566.62479
G1 X51.485 Y75.36 E1566.64226
G1 X51.686 Y74.813 E1566.65679
G1 X51.947 Y74.368 E1566.66966
G1 X52.3 Y73.985 E1566.68265
G1 X52.3 Y62.72 E1566.96366
G1 X52.365 Y62.447 E1566.97066
G1 X52.606 Y62.196 E1566.97934
G1 X52.803 Y62.121 E1566.9846
G1 X53.567 Y62.119 E1567.00366
G1 X53.805 Y62.203 E1567.00995
G1 X53.958 Y62.332 E1567.01495
G1 F2133.3 X54.15 Y62.72 E1567.02709
G1 F1912.4 X54.149 Y74.597 E1567.39892
G1 F2123.9 X54.007 Y74.862 E1567.40739
G1 F2400 X53.523 Y75.286 E1567.42344
G1 X53.367 Y75.497 E1567.42999
G1 X53.241 Y75.804 E1567.43827
G1 X53.208 Y76.228 E1567.44888
G1 X53.321 Y76.615 E1567.45893
G1 X53.475 Y76.858 E1567.46611
G1 X53.696 Y77.066 E1567.47368
G1 X53.954 Y77.208 E1567.48103
G1 X54.251 Y77.284 E1567.48867
G1 X54.558 Y77.284 E1567.49633
G1 X54.757 Y77.24 E1567.50141
G1 X55.035 Y77.109 E1567.50908
G1 X55.273 Y76.911 E1567.5168
G1 X55.432 Y76.699 E1567.52341
G1 X55.555 Y76.393 E1567.53164
G1 X55.589 Y76.137 E1567.53808
G1 X55.527 Y75.715 E1567.54872
G1 X55.408 Y75.46 E1567.55574
G1 X55.212 Y75.223 E1567.56341
G1 X54.793 Y74.862 E1567.57721
G1 F2123.9 X54.651 Y74.597 E1567.58569
G1 F1912.4 X54.65 Y62.72 E1567.95751
G1 F2133.3 X54.842 Y62.332 E1567.96966
G1 F2400 X54.995 Y62.203 E1567.97465
G1 X55.241 Y62.122 E1567.98111
G1 X55.963 Y62.123 E1567.99912
G1 X56.261 Y62.239 E1568.0071
G1 X56.402 Y62.389 E1568.01223
G1 X56.501 Y62.63 E1568.01873
G0 F7200 X56.81 Y62.63
G0 X52.062 Y61.882
G0 X48.01 Y62.447
G0 X47.635 Y62.447
G1 F2400 X47.7 Y62.72 E1568.02573
G1 X47.7 Y73.987 E1568.30679
G1 X48.049 Y74.37 E1568.31971
G1 X48.33 Y74.844 E1568.33346
G1 X48.559 Y75.608 E1568.35335
G1 X48.598 Y76.163 E1568.36723
G1 X48.51 Y76.837 E1568.38419
G1 X48.315 Y77.377 E1568.39851
G1 X48.028 Y77.863 E1568.41259
G1 X47.66 Y78.277 E1568.42641
G1 X47.352 Y78.537 E1568.43646
G1 X46.845 Y78.827 E1568.45103
G1 X46.474 Y78.966 E1568.46092
G1 X46.004 Y79.072 E1568.47293
G1 X45.595 Y79.1 E1568.48316
G1 X44.866 Y79.013 E1568.50147
G1 X44.314 Y78.813 E1568.51612
G1 X43.823 Y78.525 E1568.53032
G1 X43.27 Y78.014 E1568.5491
G1 X42.87 Y77.364 E1568.56814
G1 X42.648 Y76.615 E1568.58763
G1 X42.6 Y76.096 E1568.60063
G1 X42.684 Y75.36 E1568.61911
G1 X42.912 Y74.765 E1568.635
G1 X43.14 Y74.381 E1568.64614
G1 X43.5 Y73.985 E1568.65949
G1 X43.5 Y62.636 E1568.9426
G1 X43.599 Y62.389 E1568.94923
G1 X43.739 Y62.24 E1568.95433
G1 X44.036 Y62.123 E1568.9623
G1 X44.788 Y62.126 E1568.98105
G1 X45.005 Y62.203 E1568.9868
G1 X45.158 Y62.332 E1568.99179
G1 F2133.3 X45.35 Y62.72 E1569.00394
G1 F1912.4 X45.349 Y74.597 E1569.37576
G1 F2123.9 X45.207 Y74.862 E1569.38424
G1 F2400 X44.723 Y75.286 E1569.40029
G1 X44.567 Y75.497 E1569.40683
G1 X44.441 Y75.804 E1569.41511
G1 X44.408 Y76.232 E1569.42582
G1 X44.49 Y76.541 E1569.43379
G1 X44.714 Y76.904 E1569.44443
G1 X45.147 Y77.207 E1569.45762
G1 X45.451 Y77.284 E1569.46544
G1 X45.758 Y77.284 E1569.4731
G1 X45.957 Y77.24 E1569.47818
G1 X46.235 Y77.109 E1569.48585
G1 X46.473 Y76.911 E1569.49357
G1 X46.632 Y76.699 E1569.50018
G1 X46.755 Y76.393 E1569.50841
G1 X46.789 Y76.137 E1569.51485
G1 X46.727 Y75.715 E1569.52549
G1 X46.608 Y75.46 E1569.53251
G1 X46.412 Y75.223 E1569.54018
G1 X45.993 Y74.862 E1569.55398
G1 F2123.9 X45.851 Y74.597 E1569.56245
G1 F1912.4 X45.85 Y62.72 E1569.93428
G1 F2133.3 X46.042 Y62.332 E1569.94642
G1 F2400 X46.195 Y62.203 E1569.95142
G1 X46.441 Y62.122 E1569.95788
G1 X47.147 Y62.121 E1569.97549
G1 X47.394 Y62.196 E1569.98193
G1 X47.635 Y62.447 E1569.99061
G0 F7200 X47.3 Y62.72
;TYPE:WALL-OUTER
G1 F1200 X47.3 Y74.147 E1570.27566
G1 X47.685 Y74.549 E1570.28954
G1 X47.953 Y74.989 E1570.30239
G1 X48.171 Y75.704 E1570.32104
G1 X48.199 Y76.126 E1570.33159
G1 X48.122 Y76.726 E1570.34668
G1 X47.953 Y77.206 E1570.35937
G1 X47.703 Y77.629 E1570.37163
G1 X47.39 Y77.982 E1570.3834
G1 X47.123 Y78.209 E1570.39214
G1 X46.698 Y78.455 E1570.40439
G1 X46.385 Y78.576 E1570.41276
G1 X45.935 Y78.678 E1570.42427
G1 X45.57 Y78.699 E1570.43339
G1 X44.978 Y78.623 E1570.44828
G1 X44.488 Y78.453 E1570.46122
G1 X44.049 Y78.189 E1570.474
G1 X43.699 Y77.87 E1570.48581
G1 X43.484 Y77.611 E1570.49421
G1 X43.232 Y77.177 E1570.50672
G1 X43.024 Y76.458 E1570.5254
G1 X43 Y76.11 E1570.5341
G1 X43.083 Y75.436 E1570.55104
G1 X43.239 Y75.004 E1570.56249
G1 X43.484 Y74.585 E1570.5746
G1 X43.9 Y74.147 E1570.58967
G1 X43.903 Y62.68 E1570.87572
G1 X43.979 Y62.56 E1570.87926
G1 X44.056 Y62.524 E1570.88138
G1 X44.72 Y62.52 E1570.89794
G1 X44.853 Y62.59 E1570.90169
G1 X44.9 Y62.72 E1570.90514
G1 X44.9 Y74.558 E1571.20044
G1 X44.869 Y74.648 E1571.20282
G1 X44.433 Y75.005 E1571.21687
G1 X44.216 Y75.299 E1571.22599
G1 X44.051 Y75.7 E1571.2368
G1 X44.011 Y76.293 E1571.25163
G1 X44.116 Y76.689 E1571.26185
G1 X44.43 Y77.189 E1571.27658
G1 X44.751 Y77.452 E1571.28693
G1 X45.004 Y77.583 E1571.29404
G1 X45.401 Y77.684 E1571.30426
G1 X45.802 Y77.684 E1571.31426
G1 X46.087 Y77.621 E1571.32154
G1 X46.451 Y77.449 E1571.33158
G1 X46.765 Y77.189 E1571.34175
G1 X46.984 Y76.897 E1571.35086
G1 X47.145 Y76.496 E1571.36164
G1 X47.193 Y76.134 E1571.37074
G1 X47.114 Y75.599 E1571.38423
G1 X46.949 Y75.244 E1571.394
G1 X46.689 Y74.931 E1571.40415
G1 X46.331 Y74.648 E1571.41553
G1 X46.3 Y74.558 E1571.41791
G1 X46.3 Y62.72 E1571.71321
G1 X46.347 Y62.59 E1571.71666
G1 X46.48 Y62.52 E1571.72041
G1 X47.116 Y62.52 E1571.73627
G1 X47.224 Y62.562 E1571.73916
G1 X47.3 Y62.72 E1571.74354
G0 F7200 X47.3 Y62.92
G0 X48.01 Y62.92
G0 X52.062 Y61.882
G0 X56.738 Y61.882
G0 X56.81 Y62.68
G0 X56.097 Y62.68
G1 F1200 X56.1 Y74.147 E1572.02958
G1 X56.485 Y74.549 E1572.04347
G1 X56.764 Y75.018 E1572.05708
G1 X56.976 Y75.738 E1572.0758
G1 X57.001 Y76.1 E1572.08485
G1 X56.922 Y76.727 E1572.10062
G1 X56.745 Y77.222 E1572.11373
G1 X56.49 Y77.646 E1572.12607
G1 X55.938 Y78.197 E1572.14553
G1 X55.511 Y78.449 E1572.1579
G1 X55.185 Y78.576 E1572.16662
G1 X54.735 Y78.678 E1572.17813
G1 X54.37 Y78.699 E1572.18725
G1 X53.778 Y78.623 E1572.20214
G1 X53.274 Y78.445 E1572.21548
G1 X52.869 Y78.205 E1572.22722
G1 X52.508 Y77.88 E1572.23934
G1 X52.293 Y77.626 E1572.24764
G1 X52.035 Y77.187 E1572.26034
G1 X51.83 Y76.494 E1572.27837
G1 X51.8 Y76.11 E1572.28798
G1 X51.874 Y75.469 E1572.30407
G1 X52.056 Y74.968 E1572.31737
G1 X52.286 Y74.581 E1572.3286
G1 X52.7 Y74.147 E1572.34356
G1 X52.706 Y62.67 E1572.62985
G1 X52.845 Y62.519 E1572.63497
G1 X53.539 Y62.523 E1572.65229
G1 X53.653 Y62.59 E1572.65559
G1 X53.7 Y62.72 E1572.65903
G1 X53.7 Y74.558 E1572.95433
G1 X53.669 Y74.648 E1572.95671
G1 X53.233 Y75.005 E1572.97077
G1 X53.016 Y75.299 E1572.97988
G1 X52.851 Y75.7 E1572.9907
G1 X52.811 Y76.294 E1573.00555
G1 X52.953 Y76.781 E1573.0182
G1 X53.164 Y77.115 E1573.02806
G1 X53.459 Y77.392 E1573.03815
G1 X53.806 Y77.584 E1573.04804
G1 X54.201 Y77.684 E1573.05821
G1 X54.602 Y77.684 E1573.06821
G1 X54.887 Y77.621 E1573.07549
G1 X55.251 Y77.449 E1573.08553
G1 X55.565 Y77.189 E1573.0957
G1 X55.784 Y76.897 E1573.10481
G1 X55.945 Y76.496 E1573.11559
G1 X55.993 Y76.134 E1573.1247
G1 X55.914 Y75.599 E1573.13819
G1 X55.749 Y75.244 E1573.14795
G1 X55.489 Y74.931 E1573.1581
G1 X55.131 Y74.648 E1573.16949
G1 X55.1 Y74.558 E1573.17186
G1 X55.1 Y62.72 E1573.46716
G1 X55.147 Y62.59 E1573.47061
G1 X55.28 Y62.52 E1573.47436
G1 X55.944 Y62.524 E1573.49092
G1 X56.021 Y62.559 E1573.49303
G1 X56.097 Y62.68 E1573.4966
G0 F7200 X56.097 Y62.88
G0 X56.81 Y62.88
G0 X59.01 Y35.035
G0 X58.298 Y35.035
G1 F1200 X58.185 Y35.198 E1573.50154
G1 X41.817 Y35.198 E1573.90985
G1 X41.7 Y35.041 E1573.91473
G1 X41.7 Y11.1 E1574.51194
G1 X37.127 Y11.1 E1574.62602
G1 X36.837 Y11.202 E1574.63368
G1 X36.652 Y11.422 E1574.64085
G1 X36.6 Y11.629 E1574.64618
G1 X36.6 Y88.369 E1576.56047
G1 X36.707 Y88.671 E1576.56846
G1 X36.827 Y88.791 E1576.57269
G1 X37.109 Y88.896 E1576.5802
G1 X62.836 Y88.9 E1577.22196
G1 X63.015 Y88.871 E1577.22648
G1 X63.268 Y88.698 E1577.23413
G1 X63.396 Y88.386 E1577.24254
G1 X63.399 Y11.657 E1579.15655
G1 X63.371 Y11.481 E1579.161
G1 X63.297 Y11.34 E1579.16497
G1 X63.074 Y11.152 E1579.17225
G1 X62.867 Y11.101 E1579.17757
G1 X58.301 Y11.101 E1579.29146
G1 X58.298 Y35.035 E1579.8885
G0 F7200 X58.185 Y35.198
G0 X58.183 Y35.198
G0 X58.183 Y35.91
G0 X48.078 Y62.543
;TYPE:SKIN
G1 F900 X47.876 Y62.117 E1579.90026
G1 X47.617 Y61.886 E1579.90892
G1 X47.296 Y61.74 E1579.91772
G1 X46.396 Y61.741 E1579.94017
G1 X46.015 Y61.868 E1579.95018
G1 X45.777 Y62.057 E1579.95777
G1 X45.598 Y62.349 E1579.96631
G1 X45.421 Y62.058 E1579.97481
G1 X45.185 Y61.868 E1579.98236
G1 X44.84 Y61.747 E1579.99148
G1 X44.016 Y61.744 E1580.01204
G1 X43.785 Y61.793 E1580.01793
G1 X43.534 Y61.919 E1580.02493
G1 X43.302 Y62.151 E1580.03312
G1 X43.12 Y62.571 E1580.04454
G1 X43.12 Y73.832 E1580.32544
G1 X42.83 Y74.159 E1580.33635
G1 X42.587 Y74.562 E1580.34809
G1 X42.308 Y75.27 E1580.36707
G1 X42.22 Y76.092 E1580.38769
G1 X42.278 Y76.707 E1580.4031
G1 X42.48 Y77.389 E1580.42084
G1 X42.827 Y78.029 E1580.439
G1 X43.116 Y78.388 E1580.4505
G1 X43.58 Y78.816 E1580.46625
G1 X44.156 Y79.158 E1580.48296
G1 X44.759 Y79.377 E1580.49896
G1 X45.568 Y79.479 E1580.5193
G1 X46.051 Y79.448 E1580.53137
G1 X46.566 Y79.331 E1580.54455
G1 X47.053 Y79.15 E1580.55751
G1 X47.557 Y78.858 E1580.57204
G1 X47.926 Y78.542 E1580.58416
G1 X48.34 Y78.088 E1580.59948
G1 X48.665 Y77.524 E1580.61572
G1 X48.873 Y76.944 E1580.63109
G1 X48.975 Y76.207 E1580.64965
G1 X48.932 Y75.545 E1580.6662
G1 X48.683 Y74.695 E1580.68829
G1 X48.354 Y74.143 E1580.70432
G1 X48.08 Y73.835 E1580.71461
G1 X48.078 Y62.543 E1580.99629
G0 F7200 X52.062 Y61.882
G0 X56.738 Y61.882
G0 X56.88 Y62.556
G1 F900 X56.698 Y62.155 E1581.00727
G1 X56.46 Y61.916 E1581.01569
G1 X56.26 Y61.808 E1581.02136
G1 X56.023 Y61.748 E1581.02745
G1 X55.185 Y61.742 E1581.04836
G1 X54.815 Y61.868 E1581.05811
G1 X54.577 Y62.057 E1581.06569
G1 X54.398 Y62.349 E1581.07423
G1 X54.221 Y62.058 E1581.08273
G1 X53.985 Y61.868 E1581.09029
G1 X53.64 Y61.747 E1581.09941
G1 X52.807 Y61.736 E1581.12019
G1 X52.379 Y61.89 E1581.13154
G1 X52.016 Y62.295 E1581.1451
G1 X51.92 Y62.706 E1581.15563
G1 X51.92 Y73.834 E1581.43322
G1 X51.622 Y74.165 E1581.44433
G1 X51.347 Y74.634 E1581.45789
G1 X51.109 Y75.291 E1581.47532
G1 X51.02 Y76.056 E1581.49454
G1 X51.068 Y76.656 E1581.50955
G1 X51.309 Y77.493 E1581.53128
G1 X51.657 Y78.077 E1581.54824
G1 X51.934 Y78.409 E1581.55902
G1 X52.424 Y78.847 E1581.57542
G1 X52.901 Y79.128 E1581.58923
G1 X53.545 Y79.372 E1581.60641
G1 X54.367 Y79.479 E1581.62708
G1 X54.855 Y79.448 E1581.63928
G1 X55.503 Y79.293 E1581.6559
G1 X55.899 Y79.125 E1581.66663
G1 X56.302 Y78.889 E1581.67828
G1 X56.665 Y78.601 E1581.68984
G1 X57.123 Y78.108 E1581.70663
G1 X57.483 Y77.474 E1581.72481
G1 X57.69 Y76.859 E1581.741
G1 X57.78 Y76.1 E1581.76007
G1 X57.72 Y75.495 E1581.77523
G1 X57.512 Y74.794 E1581.79347
G1 X57.184 Y74.187 E1581.81068
G1 X56.88 Y73.836 E1581.82227
G1 X56.88 Y62.556 E1582.10365
G0 F7200 X59.078 Y35.131
G1 F900 X59.08 Y13.18 E1582.65122
G1 X61.32 Y13.18 E1582.70709
G1 X61.32 Y86.82 E1584.54405
G1 X38.68 Y86.82 E1585.10881
G1 X38.68 Y13.18 E1586.94577
G1 X40.92 Y13.18 E1587.00164
G1 X40.921 Y35.026 E1587.54659
G1 X40.95 Y35.251 E1587.55225
G1 X41.048 Y35.489 E1587.55867
G1 X41.359 Y35.815 E1587.56991
G1 X41.78 Y35.98 E1587.58119
G1 X58.18 Y35.98 E1587.99029
G1 X58.637 Y35.815 E1588.00241
G1 X58.948 Y35.483 E1588.01376
G1 X59.078 Y35.131 E1588.02312
G0 F7200 X60.897 Y13.38
G1 F900 X61.12 Y13.603 E1588.03099
G0 F7200 X61.12 Y14.168
G1 F900 X60.332 Y13.38 E1588.05879
G0 F7200 X59.766 Y13.38
G1 F900 X61.12 Y14.734 E1588.10655
G0 F7200 X61.12 Y15.3
G1 F900 X59.279 Y13.458 E1588.17152
G0 F7200 X59.279 Y14.024
G1 F900 X61.12 Y15.865 E1588.23646
G0 F7200 X61.12 Y16.431
G1 F900 X59.279 Y14.59 E1588.30141
G0 F7200 X59.279 Y15.155
G1 F900 X61.12 Y16.997 E1588.36637
G0 F7200 X61.12 Y17.562
G1 F900 X59.279 Y15.721 E1588.43132
G0 F7200 X59.279 Y16.287
G1 F900 X61.12 Y18.128 E1588.49626
G0 F7200 X61.12 Y18.694
G1 F900 X59.279 Y16.852 E1588.56123
G0 F7200 X59.278 Y17.417
G1 F900 X61.12 Y19.259 E1588.62621
G0 F7200 X61.12 Y19.825
G1 F900 X59.278 Y17.983 E1588.69119
G0 F7200 X59.278 Y18.549
G1 F900 X61.12 Y20.391 E1588.75617
G0 F7200 X61.12 Y20.957
G1 F900 X59.278 Y19.115 E1588.82115
G0 F7200 X59.278 Y19.68
G1 F900 X61.12 Y21.522 E1588.88614
G0 F7200 X61.12 Y22.088
G1 F900 X59.278 Y20.246 E1588.95112
G0 F7200 X59.277 Y20.811
G1 F900 X61.12 Y22.654 E1589.01613
G0 F7200 X61.12 Y23.219
G1 F900 X59.277 Y21.377 E1589.08113
G0 F7200 X59.277 Y21.942
G1 F900 X61.12 Y23.785 E1589.14615
G0 F7200 X61.12 Y24.351
G1 F900 X59.277 Y22.508 E1589.21117
G0 F7200 X59.277 Y23.074
G1 F900 X61.12 Y24.916 E1589.27617
G0 F7200 X61.12 Y25.482
G1 F900 X59.277 Y23.639 E1589.34118
G0 F7200 X59.277 Y24.205
G1 F900 X61.12 Y26.048 E1589.4062
G0 F7200 X61.12 Y26.613
G1 F900 X59.277 Y24.77 E1589.47122
G0 F7200 X59.277 Y25.336
G1 F900 X61.12 Y27.179 E1589.53623
G0 F7200 X61.12 Y27.745
G1 F900 X59.277 Y25.901 E1589.60127
G0 F7200 X59.277 Y26.467
G1 F900 X61.12 Y28.31 E1589.66628
G0 F7200 X61.12 Y28.876
G1 F900 X59.277 Y27.033 E1589.7313
G0 F7200 X59.277 Y27.598
G1 F900 X61.12 Y29.442 E1589.79634
G0 F7200 X61.12 Y30.007
G1 F900 X59.276 Y28.163 E1589.86139
G0 F7200 X59.276 Y28.729
G1 F900 X61.12 Y30.573 E1589.92644
G0 F7200 X61.12 Y31.139
G1 F900 X59.276 Y29.295 E1589.99149
G0 F7200 X59.276 Y29.86
G1 F900 X61.12 Y31.705 E1590.05656
G0 F7200 X61.12 Y32.27
G1 F900 X59.276 Y30.426 E1590.12161
G0 F7200 X59.276 Y30.992
G1 F900 X61.12 Y32.836 E1590.18667
G0 F7200 X61.12 Y33.402
G1 F900 X59.275 Y31.557 E1590.25175
G0 F7200 X59.275 Y32.122
G1 F900 X61.12 Y33.967 E1590.31684
G0 F7200 X61.12 Y34.533
G1 F900 X59.275 Y32.688 E1590.38193
G0 F7200 X59.275 Y33.254
G1 F900 X61.12 Y35.099 E1590.44702
G0 F7200 X61.12 Y35.664
G1 F900 X59.275 Y33.82 E1590.51208
G0 F7200 X59.275 Y34.385
G1 F900 X61.12 Y36.23 E1590.57717
G0 F7200 X61.12 Y36.796
G1 F900 X59.275 Y34.951 E1590.64226
G0 F7200 X59.182 Y35.423
G1 F900 X61.12 Y37.361 E1590.71063
G0 F7200 X61.12 Y37.927
G1 F900 X58.952 Y35.759 E1590.78711
G0 F7200 X58.659 Y36.031
G1 F900 X61.12 Y38.493 E1590.87395
G0 F7200 X61.12 Y39.058
G1 F900 X58.229 Y36.167 E1590.97593
G0 F7200 X57.677 Y36.181
G1 F900 X61.12 Y39.624 E1591.09739
G0 F7200 X61.12 Y40.19
G1 F900 X57.111 Y36.181 E1591.23882
G0 F7200 X56.545 Y36.181
G1 F900 X61.12 Y40.756 E1591.40022
G0 F7200 X61.12 Y41.321
G1 F900 X55.98 Y36.181 E1591.58155
G0 F7200 X55.414 Y36.181
G1 F900 X61.12 Y41.887 E1591.78284
G0 F7200 X61.12 Y42.453
G1 F900 X54.848 Y36.181 E1592.0041
G0 F7200 X54.282 Y36.181
G1 F900 X61.12 Y43.018 E1592.24531
G0 F7200 X61.12 Y43.584
G1 F900 X53.717 Y36.181 E1592.50647
G0 F7200 X53.151 Y36.181
G1 F900 X61.12 Y44.15 E1592.7876
G0 F7200 X61.12 Y44.715
G1 F900 X52.585 Y36.181 E1593.08868
G0 F7200 X52.02 Y36.181
G1 F900 X61.12 Y45.281 E1593.40971
G0 F7200 X61.12 Y45.847
G1 F900 X51.454 Y36.181 E1593.7507
G0 F7200 X50.888 Y36.181
G1 F900 X61.12 Y46.412 E1594.11165
G0 F7200 X61.12 Y46.978
G1 F900 X50.323 Y36.181 E1594.49254
G0 F7200 X49.757 Y36.181
G1 F900 X61.12 Y47.544 E1594.8934
G0 F7200 X61.12 Y48.109
G1 F900 X49.191 Y36.181 E1595.31421
G0 F7200 X48.626 Y36.181
G1 F900 X61.12 Y48.675 E1595.75497
G0 F7200 X61.12 Y49.241
G1 F900 X48.06 Y36.181 E1596.2157
G0 F7200 X47.494 Y36.181
G1 F900 X61.12 Y49.806 E1596.69637
G0 F7200 X61.12 Y50.372
G1 F900 X46.929 Y36.181 E1597.197
G0 F7200 X46.363 Y36.181
G1 F900 X61.12 Y50.938 E1597.71759
G0 F7200 X61.12 Y51.504
G1 F900 X45.797 Y36.181 E1598.25815
G0 F7200 X45.231 Y36.181
G1 F900 X61.12 Y52.069 E1598.81866
G0 F7200 X61.12 Y52.635
G1 F900 X44.666 Y36.181 E1599.39912
G0 F7200 X44.1 Y36.181
G1 F900 X61.12 Y53.201 E1599.99955
G0 F7200 X61.12 Y53.766
G1 F900 X43.534 Y36.181 E1600.61992
G0 F7200 X42.969 Y36.181
G1 F900 X61.12 Y54.332 E1601.26025
G0 F7200 X61.12 Y54.898
G1 F900 X42.403 Y36.181 E1601.92054
G0 F7200 X41.837 Y36.181
G1 F900 X61.12 Y55.463 E1602.60078
G0 F7200 X61.12 Y56.029
G1 F900 X38.88 Y33.788 E1603.38538
G0 F7200 X38.88 Y33.223
G1 F900 X40.729 Y35.072 E1603.4506
G0 F7200 X40.72 Y34.498
G1 F900 X38.88 Y32.657 E1603.51553
G0 F7200 X38.88 Y32.091
G1 F900 X40.72 Y33.932 E1603.58046
G0 F7200 X40.72 Y33.366
G1 F900 X38.88 Y31.526 E1603.64537
G0 F7200 X38.88 Y30.96
G1 F900 X40.72 Y32.801 E1603.7103
G0 F7200 X40.72 Y32.235
G1 F900 X38.88 Y30.394 E1603.77523
G0 F7200 X38.88 Y29.829
G1 F900 X40.72 Y31.669 E1603.84014
G0 F7200 X40.72 Y31.104
G1 F900 X38.88 Y29.263 E1603.90507
G0 F7200 X38.88 Y28.697
G1 F900 X40.72 Y30.538 E1603.97
G0 F7200 X40.72 Y29.972
G1 F900 X38.88 Y28.132 E1604.03491
G0 F7200 X38.88 Y27.566
G1 F900 X40.72 Y29.406 E1604.09982
G0 F7200 X40.72 Y28.841
G1 F900 X38.88 Y27 E1604.16475
G0 F7200 X38.88 Y26.434
G1 F900 X40.72 Y28.275 E1604.22968
G0 F7200 X40.72 Y27.709
G1 F900 X38.88 Y25.869 E1604.29459
G0 F7200 X38.88 Y25.303
G1 F900 X40.72 Y27.144 E1604.35952
G0 F7200 X40.72 Y26.578
G1 F900 X38.88 Y24.737 E1604.42445
G0 F7200 X38.88 Y24.172
G1 F900 X40.72 Y26.012 E1604.48936
G0 F7200 X40.72 Y25.447
G1 F900 X38.88 Y23.606 E1604.55429
G0 F7200 X38.88 Y23.04
G1 F900 X40.72 Y24.881 E1604.61921
G0 F7200 X40.72 Y24.315
G1 F900 X38.88 Y22.475 E1604.68412
G0 F7200 X38.88 Y21.909
G1 F900 X40.72 Y23.75 E1604.74905
G0 F7200 X40.72 Y23.184
G1 F900 X38.88 Y21.343 E1604.81398
G0 F7200 X38.88 Y20.778
G1 F900 X40.72 Y22.618 E1604.87889
G0 F7200 X40.72 Y22.053
G1 F900 X38.88 Y20.212 E1604.94382
G0 F7200 X38.88 Y19.646
G1 F900 X40.72 Y21.487 E1605.00875
G0 F7200 X40.72 Y20.921
G1 F900 X38.88 Y19.081 E1605.07366
G0 F7200 X38.88 Y18.515
G1 F900 X40.72 Y20.355 E1605.13857
G0 F7200 X40.72 Y19.79
G1 F900 X38.88 Y17.949 E1605.2035
G0 F7200 X38.88 Y17.384
G1 F900 X40.72 Y19.224 E1605.26841
G0 F7200 X40.72 Y18.658
G1 F900 X38.88 Y16.818 E1605.33332
G0 F7200 X38.88 Y16.252
G1 F900 X40.72 Y18.093 E1605.39825
G0 F7200 X40.72 Y17.527
G1 F900 X38.88 Y15.686 E1605.46318
G0 F7200 X38.88 Y15.121
G1 F900 X40.72 Y16.961 E1605.52809
G0 F7200 X40.72 Y16.396
G1 F900 X38.88 Y14.555 E1605.59302
G0 F7200 X38.88 Y13.989
G1 F900 X40.72 Y15.83 E1605.65795
G0 F7200 X40.72 Y15.264
G1 F900 X38.88 Y13.424 E1605.72286
G0 F7200 X39.401 Y13.38
G1 F900 X40.72 Y14.699 E1605.76939
G0 F7200 X40.72 Y14.133
G1 F900 X39.967 Y13.38 E1605.79595
G0 F7200 X40.533 Y13.38
G1 F900 X40.72 Y13.567 E1605.80255
G0 F7200 X38.88 Y34.354
G1 F900 X61.12 Y56.595 E1606.58715
G0 F7200 X61.12 Y57.16
G1 F900 X38.88 Y34.92 E1607.37172
G0 F7200 X38.88 Y35.485
G1 F900 X61.12 Y57.726 E1608.15632
G0 F7200 X61.12 Y58.292
G1 F900 X38.88 Y36.051 E1608.94091
G0 F7200 X38.88 Y36.617
G1 F900 X61.12 Y58.857 E1609.72548
G0 F7200 X61.12 Y59.423
G1 F900 X38.88 Y37.183 E1610.51006
G0 F7200 X38.88 Y37.748
G1 F900 X61.12 Y59.989 E1611.29465
G0 F7200 X61.12 Y60.555
G1 F900 X38.88 Y38.314 E1612.07925
G0 F7200 X38.88 Y38.88
G1 F900 X61.12 Y61.12 E1612.86382
G0 F7200 X61.12 Y61.686
G1 F900 X38.88 Y39.445 E1613.64842
G0 F7200 X38.88 Y40.011
G1 F900 X61.12 Y62.252 E1614.43301
G0 F7200 X61.12 Y62.817
G1 F900 X38.88 Y40.577 E1615.21759
G0 F7200 X38.88 Y41.142
G1 F900 X61.12 Y63.383 E1616.00218
G0 F7200 X61.12 Y63.949
G1 F900 X38.88 Y41.708 E1616.78678
G0 F7200 X38.88 Y42.274
G1 F900 X61.12 Y64.514 E1617.57135
G0 F7200 X61.12 Y65.08
G1 F900 X38.88 Y42.839 E1618.35594
G0 F7200 X38.88 Y43.405
G1 F900 X61.12 Y65.646 E1619.14054
G0 F7200 X61.12 Y66.211
G1 F900 X38.88 Y43.971 E1619.92511
G0 F7200 X38.88 Y44.536
G1 F900 X55.886 Y61.543 E1620.52506
G0 F7200 X55.32 Y61.542
G1 F900 X38.88 Y45.102 E1621.10503
G0 F7200 X38.88 Y45.668
G1 F900 X54.857 Y61.645 E1621.66866
G0 F7200 X54.513 Y61.867
G1 F900 X38.88 Y46.233 E1622.22018
G0 F7200 X38.88 Y46.799
G1 F900 X53.631 Y61.55 E1622.74056
G0 F7200 X53.056 Y61.541
G1 F900 X38.88 Y47.365 E1623.24065
G0 F7200 X38.88 Y47.931
G1 F900 X52.563 Y61.614 E1623.72336
G0 F7200 X52.181 Y61.798
G1 F900 X38.88 Y48.496 E1624.19261
G0 F7200 X38.88 Y49.062
G1 F900 X51.926 Y62.108 E1624.65284
G0 F7200 X51.763 Y62.511
G1 F900 X38.88 Y49.628 E1625.10732
G0 F7200 X38.88 Y50.193
G1 F900 X51.721 Y63.034 E1625.56032
G0 F7200 X51.721 Y63.6
G1 F900 X38.88 Y50.759 E1626.01332
G0 F7200 X38.88 Y51.325
G1 F900 X51.721 Y64.166 E1626.46632
G0 F7200 X51.721 Y64.731
G1 F900 X38.88 Y51.89 E1626.91932
G0 F7200 X38.88 Y52.456
G1 F900 X51.721 Y65.297 E1627.37233
G0 F7200 X51.721 Y65.863
G1 F900 X48.213 Y62.356 E1627.49606
G0 F7200 X48.275 Y62.983
G1 F900 X51.721 Y66.428 E1627.61761
G0 F7200 X51.721 Y66.994
G1 F900 X48.275 Y63.548 E1627.73918
G0 F7200 X48.276 Y64.115
G1 F900 X51.721 Y67.56 E1627.86071
G0 F7200 X51.721 Y68.125
G1 F900 X48.276 Y64.68 E1627.98224
G0 F7200 X48.276 Y65.246
G1 F900 X51.721 Y68.691 E1628.10377
G0 F7200 X51.721 Y69.257
G1 F900 X48.276 Y65.813 E1628.22529
G0 F7200 X48.276 Y66.378
G1 F900 X51.721 Y69.823 E1628.34682
G0 F7200 X51.721 Y70.388
G1 F900 X48.277 Y66.945 E1628.4683
G0 F7200 X48.277 Y67.51
G1 F900 X51.721 Y70.954 E1628.58979
G0 F7200 X51.721 Y71.52
G1 F900 X48.277 Y68.076 E1628.71129
G0 F7200 X48.278 Y68.642
G1 F900 X51.721 Y72.085 E1628.83275
G0 F7200 X51.721 Y72.651
G1 F900 X48.278 Y69.208 E1628.95421
G0 F7200 X48.278 Y69.774
G1 F900 X51.721 Y73.217 E1629.07567
G0 F7200 X51.709 Y73.771
G1 F900 X48.278 Y70.34 E1629.19671
G0 F7200 X48.278 Y70.906
G1 F900 X51.446 Y74.073 E1629.30845
G0 F7200 X51.236 Y74.429
G1 F900 X48.279 Y71.472 E1629.41277
G0 F7200 X48.279 Y72.038
G1 F900 X51.065 Y74.824 E1629.51105
G0 F7200 X50.914 Y75.238
G1 F900 X48.28 Y72.604 E1629.60398
G0 F7200 X48.28 Y73.17
G1 F900 X50.856 Y75.746 E1629.69485
G0 F7200 X50.839 Y76.295
G1 F900 X48.28 Y73.736 E1629.78513
G1 X48.21 Y73.666
G0 F7200 X48.984 Y75.006
G1 F900 X50.948 Y76.969 E1629.85439
G1 X51.018 Y77.039
G0 F7200 X51.332 Y77.92
G1 F900 X49.144 Y75.731 E1629.9316
G0 F7200 X49.162 Y76.314
G1 F900 X59.467 Y86.62 E1630.29515
G0 F7200 X58.901 Y86.62
G1 F900 X49.096 Y76.814 E1630.64107
G0 F7200 X48.973 Y77.257
G1 F900 X58.336 Y86.62 E1630.97137
G0 F7200 X57.77 Y86.62
G1 F900 X48.812 Y77.662 E1631.28739
G0 F7200 X48.607 Y78.022
G1 F900 X57.204 Y86.62 E1631.59069
G0 F7200 X56.639 Y86.62
G1 F900 X48.369 Y78.35 E1631.88244
G0 F7200 X48.1 Y78.647
G1 F900 X56.073 Y86.62 E1632.16371
G0 F7200 X55.507 Y86.62
G1 F900 X47.801 Y78.914 E1632.43556
G0 F7200 X47.463 Y79.142
G1 F900 X54.941 Y86.62 E1632.69936
G0 F7200 X54.376 Y86.62
G1 F900 X47.1 Y79.344 E1632.95604
G0 F7200 X46.69 Y79.5
G1 F900 X53.81 Y86.62 E1633.20722
G0 F7200 X53.244 Y86.62
G1 F900 X46.236 Y79.612 E1633.45445
G0 F7200 X45.729 Y79.67
G1 F900 X52.679 Y86.62 E1633.69963
G0 F7200 X52.113 Y86.62
G1 F900 X45.119 Y79.626 E1633.94636
G0 F7200 X44.38 Y79.453
G1 F900 X51.547 Y86.62 E1634.1992
G0 F7200 X50.982 Y86.62
G1 F900 X38.88 Y74.518 E1634.62613
G0 F7200 X38.88 Y75.083
G1 F900 X50.416 Y86.62 E1635.03311
G0 F7200 X49.85 Y86.62
G1 F900 X38.88 Y75.649 E1635.42012
G0 F7200 X38.88 Y76.215
G1 F900 X49.285 Y86.62 E1635.78719
G0 F7200 X48.719 Y86.62
G1 F900 X38.88 Y76.78 E1636.1343
G0 F7200 X38.88 Y77.346
G1 F900 X48.153 Y86.62 E1636.46145
G0 F7200 X47.588 Y86.62
G1 F900 X38.88 Y77.912 E1636.76865
G0 F7200 X38.88 Y78.478
G1 F900 X47.022 Y86.62 E1637.05588
G0 F7200 X46.456 Y86.62
G1 F900 X38.88 Y79.043 E1637.32316
G0 F7200 X38.88 Y79.609
G1 F900 X45.891 Y86.62 E1637.57049
G0 F7200 X45.325 Y86.62
G1 F900 X38.88 Y80.175 E1637.79786
G0 F7200 X38.88 Y80.74
G1 F900 X44.759 Y86.62 E1638.00527
G0 F7200 X44.193 Y86.62
G1 F900 X38.88 Y81.306 E1638.19272
G0 F7200 X38.88 Y81.872
G1 F900 X43.628 Y86.62 E1638.36022
G0 F7200 X43.062 Y86.62
G1 F900 X38.88 Y82.437 E1638.50777
G0 F7200 X38.88 Y83.003
G1 F900 X42.496 Y86.62 E1638.63535
G0 F7200 X41.931 Y86.62
G1 F900 X38.88 Y83.569 E1638.74298
G0 F7200 X38.88 Y84.134
G1 F900 X41.365 Y86.62 E1638.83066
G0 F7200 X40.799 Y86.62
G1 F900 X38.88 Y84.7 E1638.89838
G0 F7200 X38.88 Y85.266
G1 F900 X40.234 Y86.62 E1638.94615
G0 F7200 X39.668 Y86.62
G1 F900 X38.88 Y85.831 E1638.97396
G0 F7200 X38.88 Y86.397
G1 F900 X39.102 Y86.62 E1638.98181
G0 F7200 X42.253 Y77.326
G1 F900 X38.88 Y73.952 E1639.10082
G0 F7200 X38.88 Y73.386
G1 F900 X42.064 Y76.571 E1639.21316
G0 F7200 X42.033 Y75.974
G1 F900 X38.88 Y72.821 E1639.32439
G0 F7200 X38.88 Y72.255
G1 F900 X42.087 Y75.462 E1639.43753
G0 F7200 X42.198 Y75.008
G1 F900 X38.88 Y71.689 E1639.5546
G0 F7200 X38.88 Y71.124
G1 F900 X42.359 Y74.603 E1639.67733
G0 F7200 X42.554 Y74.233
G1 F900 X38.88 Y70.558 E1639.80696
G0 F7200 X38.88 Y69.992
G1 F900 X42.79 Y73.903 E1639.94491
G0 F7200 X42.92 Y73.467
G1 F900 X38.88 Y69.427 E1640.08743
G0 F7200 X38.88 Y68.861
G1 F900 X42.92 Y72.901 E1640.22995
G0 F7200 X42.92 Y72.336
G1 F900 X38.88 Y68.295 E1640.37249
G0 F7200 X38.88 Y67.73
G1 F900 X42.92 Y71.77 E1640.51502
G0 F7200 X42.92 Y71.204
G1 F900 X38.88 Y67.164 E1640.65754
G0 F7200 X38.88 Y66.598
G1 F900 X42.92 Y70.639 E1640.80008
G0 F7200 X42.92 Y70.073
G1 F900 X38.88 Y66.032 E1640.94262
G0 F7200 X38.88 Y65.467
G1 F900 X42.92 Y69.507 E1641.08514
G0 F7200 X42.92 Y68.941
G1 F900 X38.88 Y64.901 E1641.22766
G0 F7200 X38.88 Y64.335
G1 F900 X42.92 Y68.376 E1641.3702
G0 F7200 X42.92 Y67.81
G1 F900 X38.88 Y63.77 E1641.51272
G0 F7200 X38.88 Y63.204
G1 F900 X42.92 Y67.244 E1641.65524
G0 F7200 X42.92 Y66.679
G1 F900 X38.88 Y62.638 E1641.79778
G0 F7200 X38.88 Y62.073
G1 F900 X42.92 Y66.113 E1641.9403
G0 F7200 X42.92 Y65.547
G1 F900 X38.88 Y61.507 E1642.08283
G0 F7200 X38.88 Y60.941
G1 F900 X42.92 Y64.982 E1642.22537
G0 F7200 X42.92 Y64.416
G1 F900 X38.88 Y60.376 E1642.36789
G0 F7200 X38.88 Y59.81
G1 F900 X42.92 Y63.85 E1642.51041
G0 F7200 X42.92 Y63.285
G1 F900 X38.88 Y59.244 E1642.65295
G0 F7200 X38.88 Y58.679
G1 F900 X42.92 Y62.719 E1642.79547
G0 F7200 X43.034 Y62.267
G1 F900 X38.88 Y58.113 E1642.94202
G0 F7200 X38.88 Y57.547
G1 F900 X43.266 Y61.933 E1643.09674
G0 F7200 X43.575 Y61.677
G1 F900 X38.88 Y56.981 E1643.26239
G0 F7200 X38.88 Y56.416
G1 F900 X44.008 Y61.544 E1643.44329
G0 F7200 X44.573 Y61.544
G1 F900 X38.88 Y55.85 E1643.64415
G0 F7200 X38.88 Y55.284
G1 F900 X45.34 Y61.745 E1643.87206
G0 F7200 X45.884 Y61.723
G1 F900 X38.88 Y54.719 E1644.11914
G0 F7200 X38.88 Y54.153
G1 F900 X46.294 Y61.567 E1644.38069
G0 F7200 X46.833 Y61.541
G1 F900 X38.88 Y53.587 E1644.66127
G0 F7200 X38.88 Y53.022
G1 F900 X47.453 Y61.595 E1644.96371
G1 X47.523 Y61.665
G0 F7200 X56.738 Y61.882
G0 X57.08 Y62.737
G1 F900 X61.12 Y66.777 E1645.10623
G0 F7200 X61.12 Y67.343
G1 F900 X57.08 Y63.302 E1645.24877
G0 F7200 X57.08 Y63.868
G1 F900 X61.12 Y67.908 E1645.39129
G0 F7200 X61.12 Y68.474
G1 F900 X57.08 Y64.434 E1645.53381
G0 F7200 X57.08 Y64.999
G1 F900 X61.12 Y69.04 E1645.67635
G0 F7200 X61.12 Y69.605
G1 F900 X57.08 Y65.565 E1645.81888
G0 F7200 X57.08 Y66.131
G1 F900 X61.12 Y70.171 E1645.9614
G0 F7200 X61.12 Y70.737
G1 F900 X57.08 Y66.696 E1646.10394
G0 F7200 X57.08 Y67.262
G1 F900 X61.12 Y71.303 E1646.24648
G0 F7200 X61.12 Y71.868
G1 F900 X57.08 Y67.828 E1646.389
G0 F7200 X57.08 Y68.393
G1 F900 X61.12 Y72.434 E1646.53154
G0 F7200 X61.12 Y73
G1 F900 X57.08 Y68.959 E1646.67408
G0 F7200 X57.08 Y69.525
G1 F900 X61.12 Y73.565 E1646.8166
G0 F7200 X61.12 Y74.131
G1 F900 X57.08 Y70.091 E1646.95912
G0 F7200 X57.08 Y70.656
G1 F900 X61.12 Y74.697 E1647.10166
G0 F7200 X61.12 Y75.262
G1 F900 X57.08 Y71.222 E1647.24418
G0 F7200 X57.08 Y71.788
G1 F900 X61.12 Y75.828 E1647.38671
G0 F7200 X61.12 Y76.394
G1 F900 X57.08 Y72.353 E1647.52925
G0 F7200 X57.08 Y72.919
G1 F900 X61.12 Y76.959 E1647.67177
G0 F7200 X61.12 Y77.525
G1 F900 X57.08 Y73.485 E1647.81429
G1 X57.01 Y73.415
G0 F7200 X57.648 Y74.619
G1 F900 X61.12 Y78.091 E1647.93677
G0 F7200 X61.12 Y78.656
G1 F900 X57.916 Y75.453 E1648.04979
G0 F7200 X57.978 Y76.08
G1 F900 X61.12 Y79.222 E1648.16063
G0 F7200 X61.12 Y79.788
G1 F900 X57.923 Y76.59 E1648.27343
G0 F7200 X57.831 Y77.064
G1 F900 X61.12 Y80.353 E1648.38946
G0 F7200 X61.12 Y80.919
G1 F900 X57.692 Y77.491 E1648.51039
G0 F7200 X57.496 Y77.861
G1 F900 X61.12 Y81.485 E1648.63823
G0 F7200 X61.12 Y82.051
G1 F900 X57.29 Y78.221 E1648.77335
G0 F7200 X57.019 Y78.515
G1 F900 X61.12 Y82.616 E1648.91802
G0 F7200 X61.12 Y83.182
G1 F900 X56.735 Y78.796 E1649.07273
G0 F7200 X56.421 Y79.048
G1 F900 X61.12 Y83.748 E1649.23852
G0 F7200 X61.12 Y84.313
G1 F900 X56.065 Y79.258 E1649.41685
G0 F7200 X55.675 Y79.434
G1 F900 X61.12 Y84.879 E1649.60894
G0 F7200 X61.12 Y85.445
G1 F900 X55.24 Y79.564 E1649.81639
G0 F7200 X54.763 Y79.653
G1 F900 X61.12 Y86.01 E1650.04065
G0 F7200 X61.12 Y86.576
G1 F900 X54.202 Y79.658 E1650.2847
G0 F7200 X53.561 Y79.582
G1 F900 X60.598 Y86.62 E1650.53297
G0 F7200 X60.033 Y86.62
G1 F900 X52.583 Y79.17 E1650.79578
G1 X52.513 Y79.1
G0 F7200 X52.464 Y79.23
;MESH:NONMESH
G0 F600 Z3.185
G0 F7200 X51.444 Y77.464
G0 X51.185 Y76.598
G0 X42.698 Y35.849
G0 X41.062 Y35.838
G0 X37.311 Y11.925
G0 X37.162 Y11.925
;TIME_ELAPSED:3527.871582
;LAYER:13
;TYPE:FILL
;MESH:luckfox_top.stl
G1 F3000 X37.426 Y11.662 E1650.80508
G0 F7200 X37.426 Y11.811
G0 X39.945 Y11.811
G0 X39.945 Y11.661
G1 F3000 X41.14 Y12.856 E1650.84724
G1 X41.21 Y12.926
G0 F7200 X40.99 Y12.926
G0 X38.54 Y15.913
G1 F3000 X37.161 Y14.534 E1650.89588
G1 X37.091 Y14.464
G0 F7200 X37.311 Y14.464
G0 X38.54 Y16.204
G1 F3000 X37.162 Y17.582 E1650.9445
G1 X37.092 Y17.652
G0 F7200 X37.311 Y17.652
G0 X37.311 Y20.191
G0 X37.161 Y20.191
G1 F3000 X38.54 Y21.57 E1650.99314
G0 F7200 X38.54 Y21.861
G1 F3000 X37.162 Y23.239 E1651.04176
G1 X37.092 Y23.309
G0 F7200 X37.311 Y23.309
G0 X37.311 Y25.848
G0 X37.161 Y25.848
G1 F3000 X38.54 Y27.226 E1651.09039
G0 F7200 X38.54 Y27.518
G1 F3000 X37.162 Y28.896 E1651.139
G1 X37.092 Y28.966
G0 F7200 X37.311 Y28.966
G0 X37.311 Y31.504
G0 X37.161 Y31.504
G1 F3000 X38.54 Y32.883 E1651.18765
G0 F7200 X38.54 Y33.175
G1 F3000 X37.162 Y34.553 E1651.23626
G1 X37.092 Y34.623
G0 F7200 X37.311 Y34.623
G0 X37.311 Y37.161
G0 X37.161 Y37.161
G1 F3000 X38.54 Y38.54 E1651.28491
G0 F7200 X38.54 Y38.831
G1 F3000 X37.161 Y40.21 E1651.33356
G1 X37.091 Y40.28
G0 F7200 X37.311 Y40.28
G0 X37.311 Y42.817
G0 X37.161 Y42.817
G1 F3000 X38.54 Y44.197 E1651.38222
G0 F7200 X38.54 Y44.488
G1 F3000 X37.161 Y45.867 E1651.43087
G1 X37.091 Y45.937
G0 F7200 X37.311 Y45.937
G0 X37.311 Y48.474
G0 X37.161 Y48.474
G1 F3000 X38.54 Y49.854 E1651.47954
G0 F7200 X38.54 Y50.145
G1 F3000 X37.161 Y51.524 E1651.52818
G1 X37.091 Y51.594
G0 F7200 X37.311 Y51.594
G0 X37.311 Y54.131
G0 X37.161 Y54.131
G1 F3000 X38.54 Y55.511 E1651.57685
G0 F7200 X38.54 Y55.802
G1 F3000 X37.161 Y57.181 E1651.6255
G1 X37.091 Y57.251
G0 F7200 X37.311 Y57.251
G0 X37.311 Y59.788
G0 X37.161 Y59.788
G1 F3000 X38.54 Y61.168 E1651.67416
G0 F7200 X38.54 Y61.459
G1 F3000 X37.161 Y62.838 E1651.72281
G1 X37.091 Y62.908
G0 F7200 X37.311 Y62.908
G0 X37.311 Y65.444
G0 X37.16 Y65.444
G1 F3000 X38.54 Y66.824 E1651.77149
G0 F7200 X38.54 Y67.116
G1 F3000 X37.161 Y68.495 E1651.82014
G1 X37.091 Y68.565
G0 F7200 X37.311 Y68.565
G0 X37.311 Y71.101
G0 X37.16 Y71.101
G1 F3000 X38.54 Y72.481 E1651.86883
G0 F7200 X38.54 Y72.773
G1 F3000 X37.161 Y74.152 E1651.91747
G1 X37.091 Y74.222
G0 F7200 X37.311 Y74.222
G0 X37.311 Y76.758
G0 X37.16 Y76.758
G1 F3000 X38.54 Y78.138 E1651.96616
G0 F7200 X38.54 Y78.429
G1 F3000 X37.161 Y79.809 E1652.01482
G1 X37.091 Y79.879
G0 F7200 X37.311 Y79.879
G0 X37.311 Y82.415
G0 X37.16 Y82.415
G1 F3000 X38.54 Y83.795 E1652.06351
G0 F7200 X38.54 Y84.086
G1 F3000 X37.161 Y85.466 E1652.11217
G1 X37.091 Y85.536
G0 F7200 X37.311 Y85.536
G0 X37.311 Y88.072
G0 X37.16 Y88.072
G1 F3000 X37.42 Y88.332 E1652.12134
G0 F7200 X37.421 Y88.185
G0 X39.951 Y88.185
G0 X39.95 Y88.333
G1 F3000 X41.323 Y86.96 E1652.16978
G0 F7200 X41.705 Y86.96
G1 F3000 X43.078 Y88.333 E1652.21822
G1 X43.148 Y88.403
G0 F7200 X43.149 Y88.186
G0 X45.607 Y88.186
G0 X45.606 Y88.335
G1 F3000 X46.98 Y86.96 E1652.26671
G0 F7200 X47.362 Y86.96
G1 F3000 X48.737 Y88.335 E1652.31521
G1 X48.807 Y88.405
G0 F7200 X48.808 Y88.187
G0 X51.262 Y88.188
G0 X51.261 Y88.336
G1 F3000 X52.637 Y86.96 E1652.36375
G0 F7200 X53.019 Y86.96
G1 F3000 X54.395 Y88.336 E1652.4123
G1 X54.465 Y88.406
G0 F7200 X54.466 Y88.189
G0 X56.917 Y88.189
G0 X56.916 Y88.337
G1 F3000 X58.294 Y86.96 E1652.46089
G0 F7200 X58.676 Y86.96
G1 F3000 X60.053 Y88.337 E1652.50947
G1 X60.123 Y88.407
G0 F7200 X60.124 Y88.19
G0 X62.573 Y88.19
G0 X62.572 Y88.339
G1 F3000 X62.832 Y88.079 E1652.51864
G0 F7200 X62.685 Y88.078
G0 X62.685 Y85.459
G0 X62.833 Y85.46
G1 F3000 X61.46 Y84.087 E1652.56708
G0 F7200 X61.46 Y83.794
G1 F3000 X62.832 Y82.422 E1652.61548
G1 X62.902 Y82.352
G0 F7200 X62.685 Y82.351
G0 X62.685 Y79.803
G0 X62.834 Y79.804
G1 F3000 X61.46 Y78.43 E1652.66395
G0 F7200 X61.46 Y78.137
G1 F3000 X62.833 Y76.764 E1652.71239
G1 X62.903 Y76.694
G0 F7200 X62.685 Y76.693
G0 X62.686 Y74.146
G0 X62.834 Y74.147
G1 F3000 X61.46 Y72.773 E1652.76086
G0 F7200 X61.46 Y72.48
G1 F3000 X62.834 Y71.107 E1652.80931
G1 X62.904 Y71.037
G0 F7200 X62.686 Y71.036
G0 X62.686 Y68.49
G0 X62.834 Y68.491
G1 F3000 X61.46 Y67.116 E1652.8578
G0 F7200 X61.46 Y66.823
G1 F3000 X62.834 Y65.45 E1652.90625
G1 X62.904 Y65.38
G0 F7200 X62.686 Y65.379
G0 X62.686 Y62.834
G0 X62.835 Y62.835
G1 F3000 X61.46 Y61.46 E1652.95476
G0 F7200 X61.46 Y61.166
G1 F3000 X62.834 Y59.792 E1653.00323
G1 X62.904 Y59.722
G0 F7200 X62.687 Y59.721
G0 X62.687 Y57.178
G0 X62.836 Y57.179
G1 F3000 X61.46 Y55.803 E1653.05178
G0 F7200 X61.46 Y55.509
G1 F3000 X62.835 Y54.135 E1653.10026
G1 X62.905 Y54.065
G0 F7200 X62.687 Y54.064
G0 X62.687 Y51.521
G0 X62.836 Y51.522
G1 F3000 X61.46 Y50.146 E1653.14881
G0 F7200 X61.46 Y49.852
G1 F3000 X62.836 Y48.477 E1653.19733
G1 X62.906 Y48.407
G0 F7200 X62.688 Y48.406
G0 X62.688 Y45.865
G0 X62.836 Y45.866
G1 F3000 X61.46 Y44.489 E1653.24589
G0 F7200 X61.46 Y44.196
G1 F3000 X62.836 Y42.82 E1653.29443
G1 X62.906 Y42.75
G0 F7200 X62.688 Y42.749
G0 X62.688 Y40.209
G0 X62.837 Y40.21
G1 F3000 X61.46 Y38.832 E1653.34303
G0 F7200 X61.46 Y38.539
G1 F3000 X62.836 Y37.163 E1653.39157
G1 X62.906 Y37.093
G0 F7200 X62.689 Y37.092
G0 X62.689 Y34.552
G0 X62.838 Y34.553
G1 F3000 X61.46 Y33.175 E1653.44018
G0 F7200 X61.46 Y32.882
G1 F3000 X62.837 Y31.505 E1653.48876
G1 X62.907 Y31.435
G0 F7200 X62.689 Y31.434
G0 X62.689 Y28.896
G0 X62.838 Y28.897
G1 F3000 X61.46 Y27.518 E1653.53739
G0 F7200 X61.46 Y27.225
G1 F3000 X62.838 Y25.848 E1653.58599
G1 X62.908 Y25.778
G0 F7200 X62.689 Y25.777
G0 X62.69 Y23.239
G0 X62.838 Y23.24
G1 F3000 X61.46 Y21.862 E1653.6346
G0 F7200 X61.46 Y21.568
G1 F3000 X62.838 Y20.191 E1653.68319
G1 X62.908 Y20.121
G0 F7200 X62.69 Y20.12
G0 X62.69 Y17.583
G0 X62.839 Y17.584
G1 F3000 X61.46 Y16.205 E1653.73184
G0 F7200 X61.46 Y15.911
G1 F3000 X62.838 Y14.533 E1653.78045
G1 X62.908 Y14.463
G0 F7200 X62.69 Y14.462
G0 X62.69 Y11.926
G0 X62.839 Y11.927
G1 F3000 X62.579 Y11.667 E1653.78963
G0 F7200 X62.578 Y11.81
G0 X60.051 Y11.81
G0 X60.052 Y11.663
G1 F3000 X58.861 Y12.854 E1653.83164
G1 X58.791 Y12.924
G0 F7200 X59.01 Y12.924
G0 X58.938 Y35.838
G0 X54.462 Y61.882
G0 X54.345 Y74.969
G0 X53.534 Y76.016
G0 X53.384 Y76.011
G1 F3000 X54.497 Y77.124 E1653.87091
G1 X54.567 Y77.194
G0 F7200 X54.512 Y76.977
G0 X54.338 Y61.882
G0 X45.662 Y61.882
G0 X45.655 Y74.967
G0 X46.476 Y76.018
G0 X46.608 Y76.018
G1 F3000 X45.502 Y77.124 E1653.90992
G1 X45.432 Y77.194
G0 F7200 X45.488 Y76.977
G0 X45.662 Y61.882
G0 X58.938 Y35.838
G0 X58.701 Y35.115
;TYPE:WALL-INNER
G1 F2400 X58.61 Y35.317 E1653.91545
G1 X58.405 Y35.518 E1653.92261
G1 X58.166 Y35.601 E1653.92892
G1 X41.837 Y35.6 E1654.33625
G1 X41.595 Y35.517 E1654.34263
G1 X41.39 Y35.317 E1654.34978
G1 X41.3 Y35.117 E1654.35525
G1 X41.3 Y11.5 E1654.94438
G1 X37.107 Y11.5 E1655.04897
G1 X37.006 Y11.623 E1655.05294
G1 X37 Y88.353 E1656.96698
G1 X37.029 Y88.43 E1656.96903
G1 X37.132 Y88.492 E1656.97203
G1 X62.849 Y88.5 E1657.61354
G1 X62.923 Y88.473 E1657.61551
G1 X62.992 Y88.36 E1657.61881
G1 X62.999 Y11.611 E1659.53332
G1 X62.858 Y11.501 E1659.53778
G1 X58.701 Y11.501 E1659.64148
G1 X58.701 Y35.115 E1660.23053
G0 F7200 X59.01 Y35.115
G0 X56.81 Y62.637
G0 X56.5 Y62.637
G1 F2400 X56.5 Y73.987 E1660.51366
G1 X56.856 Y74.381 E1660.52691
G1 X57.127 Y74.851 E1660.54044
G1 X57.266 Y75.224 E1660.55037
G1 X57.366 Y75.668 E1660.56172
G1 X57.401 Y76.1 E1660.57254
G1 X57.316 Y76.796 E1660.59003
G1 X57.138 Y77.321 E1660.60385
G1 X56.83 Y77.866 E1660.61947
G1 X56.428 Y78.307 E1660.63436
G1 X56.111 Y78.563 E1660.64452
G1 X55.685 Y78.809 E1660.65679
G1 X55.274 Y78.966 E1660.66777
G1 X54.804 Y79.072 E1660.67978
G1 X54.395 Y79.1 E1660.69001
G1 X53.662 Y79.012 E1660.70843
G1 X53.07 Y78.789 E1660.72421
G1 X52.641 Y78.533 E1660.73667
G1 X52.22 Y78.158 E1660.75073
G1 X51.968 Y77.859 E1660.76049
G1 X51.689 Y77.389 E1660.77412
G1 X51.537 Y77.001 E1660.78452
G1 X51.416 Y76.432 E1660.79903
G1 X51.401 Y76.057 E1660.80839
G1 X51.483 Y75.369 E1660.82567
G1 X51.669 Y74.851 E1660.8394
G1 X51.947 Y74.368 E1660.8533
G1 X52.3 Y73.985 E1660.8663
G1 X52.3 Y62.72 E1661.1473
G1 X52.365 Y62.447 E1661.1543
G1 X52.606 Y62.196 E1661.16298
G1 X52.803 Y62.121 E1661.16824
G1 X53.567 Y62.119 E1661.1873
G1 X53.805 Y62.203 E1661.1936
G1 X53.958 Y62.332 E1661.19859
G1 F2133.3 X54.15 Y62.72 E1661.21074
G1 F1912.4 X54.149 Y74.597 E1661.58256
G1 F2123.9 X53.999 Y74.875 E1661.59146
G1 F2400 X53.569 Y75.235 E1661.60545
G1 X53.327 Y75.569 E1661.61574
G1 X53.229 Y75.87 E1661.62364
G1 X53.215 Y76.256 E1661.63327
G1 X53.29 Y76.541 E1661.64063
G1 X53.514 Y76.904 E1661.65127
G1 X53.947 Y77.207 E1661.66445
G1 X54.251 Y77.284 E1661.67227
G1 X54.544 Y77.284 E1661.67958
G1 X54.84 Y77.209 E1661.6872
G1 X55.096 Y77.067 E1661.6945
G1 X55.324 Y76.855 E1661.70227
G1 X55.47 Y76.63 E1661.70896
G1 X55.57 Y76.327 E1661.71692
G1 X55.581 Y75.929 E1661.72685
G1 X55.54 Y75.739 E1661.7317
G1 X55.409 Y75.461 E1661.73936
G1 X55.212 Y75.223 E1661.74707
G1 X54.801 Y74.875 E1661.7605
G1 F2123.9 X54.651 Y74.597 E1661.76941
G1 F1912.4 X54.65 Y62.72 E1662.14123
G1 F2133.3 X54.842 Y62.332 E1662.15338
G1 F2400 X54.995 Y62.203 E1662.15837
G1 X55.241 Y62.122 E1662.16483
G1 X55.964 Y62.123 E1662.18287
G1 X56.261 Y62.239 E1662.19082
G1 X56.402 Y62.389 E1662.19596
G1 X56.5 Y62.637 E1662.20261
G0 F7200 X56.81 Y62.637
G0 X52.062 Y61.882
G0 X48.01 Y62.447
G0 X47.635 Y62.447
G1 F2400 X47.7 Y62.72 E1662.20961
G1 X47.7 Y73.987 E1662.49067
G1 X48.057 Y74.381 E1662.50393
G1 X48.327 Y74.851 E1662.51745
G1 X48.458 Y75.192 E1662.52656
G1 X48.579 Y75.76 E1662.54105
G1 X48.6 Y76.131 E1662.55032
G1 X48.511 Y76.832 E1662.56795
G1 X48.33 Y77.342 E1662.58144
G1 X48.029 Y77.867 E1662.59654
G1 X47.66 Y78.277 E1662.6103
G1 X47.352 Y78.537 E1662.62035
G1 X46.845 Y78.827 E1662.63492
G1 X46.473 Y78.966 E1662.64483
G1 X46.004 Y79.072 E1662.65683
G1 X45.595 Y79.1 E1662.66705
G1 X44.866 Y79.013 E1662.68537
G1 X44.314 Y78.813 E1662.70001
G1 X43.823 Y78.525 E1662.71421
G1 X43.393 Y78.128 E1662.72881
G1 X43.14 Y77.815 E1662.73885
G1 X42.869 Y77.345 E1662.75238
G1 X42.73 Y76.973 E1662.76229
G1 X42.63 Y76.534 E1662.77352
G1 X42.597 Y76.083 E1662.7848
G1 X42.685 Y75.358 E1662.80302
G1 X42.912 Y74.765 E1662.81886
G1 X43.14 Y74.381 E1662.83
G1 X43.5 Y73.985 E1662.84335
G1 X43.5 Y62.636 E1663.12645
G1 X43.599 Y62.389 E1663.13309
G1 X43.739 Y62.24 E1663.13819
G1 X44.036 Y62.123 E1663.14615
G1 X44.788 Y62.126 E1663.16491
G1 X45.005 Y62.203 E1663.17065
G1 X45.158 Y62.332 E1663.17565
G1 F2133.3 X45.35 Y62.72 E1663.18779
G1 F1912.4 X45.349 Y74.597 E1663.55962
G1 F2123.9 X45.199 Y74.875 E1663.56852
G1 F2400 X44.769 Y75.235 E1663.58251
G1 X44.527 Y75.569 E1663.5928
G1 X44.429 Y75.87 E1663.6007
G1 X44.415 Y76.266 E1663.61058
G1 X44.599 Y76.757 E1663.62366
G1 X44.899 Y77.066 E1663.6344
G1 X45.156 Y77.209 E1663.64174
G1 X45.451 Y77.284 E1663.64933
G1 X45.745 Y77.284 E1663.65667
G1 X46.04 Y77.209 E1663.66426
G1 X46.296 Y77.066 E1663.67157
G1 X46.523 Y76.856 E1663.67929
G1 X46.665 Y76.635 E1663.68584
G1 X46.784 Y76.236 E1663.69623
G1 X46.74 Y75.738 E1663.7087
G1 X46.609 Y75.461 E1663.71634
G1 X46.412 Y75.223 E1663.72405
G1 X46.001 Y74.875 E1663.73748
G1 F2123.9 X45.851 Y74.597 E1663.74639
G1 F1912.4 X45.85 Y62.72 E1664.11821
G1 F2133.3 X46.042 Y62.332 E1664.13036
G1 F2400 X46.195 Y62.203 E1664.13535
G1 X46.441 Y62.122 E1664.14181
G1 X47.147 Y62.121 E1664.15942
G1 X47.394 Y62.196 E1664.16586
G1 X47.635 Y62.447 E1664.17454
G0 F7200 X47.3 Y62.72
;TYPE:WALL-OUTER
G1 F1200 X47.3 Y74.147 E1664.45959
G1 X47.713 Y74.585 E1664.47461
G1 X47.955 Y74.998 E1664.48655
G1 X48.076 Y75.312 E1664.49494
G1 X48.176 Y75.756 E1664.50629
G1 X48.199 Y76.126 E1664.51554
G1 X48.113 Y76.759 E1664.53148
G1 X47.952 Y77.209 E1664.5434
G1 X47.703 Y77.629 E1664.55558
G1 X47.39 Y77.982 E1664.56735
G1 X47.123 Y78.209 E1664.57609
G1 X46.698 Y78.455 E1664.58834
G1 X46.385 Y78.576 E1664.59671
G1 X45.935 Y78.678 E1664.60822
G1 X45.57 Y78.699 E1664.61734
G1 X44.978 Y78.623 E1664.63223
G1 X44.488 Y78.453 E1664.64517
G1 X44.049 Y78.189 E1664.65795
G1 X43.699 Y77.87 E1664.66976
G1 X43.484 Y77.611 E1664.67816
G1 X43.241 Y77.198 E1664.69011
G1 X43.12 Y76.885 E1664.69848
G1 X43.02 Y76.445 E1664.70974
G1 X43.001 Y76.071 E1664.71908
G1 X43.083 Y75.436 E1664.73505
G1 X43.239 Y75.004 E1664.74651
G1 X43.484 Y74.585 E1664.75861
G1 X43.9 Y74.147 E1664.77368
G1 X43.903 Y62.68 E1665.05973
G1 X43.979 Y62.56 E1665.06327
G1 X44.056 Y62.524 E1665.06539
G1 X44.72 Y62.52 E1665.08196
G1 X44.853 Y62.59 E1665.0857
G1 X44.9 Y62.72 E1665.08915
G1 X44.9 Y74.558 E1665.38445
G1 X44.867 Y74.652 E1665.38694
G1 X44.502 Y74.935 E1665.39846
G1 X44.163 Y75.395 E1665.41271
G1 X44.031 Y75.8 E1665.42334
G1 X44.013 Y76.304 E1665.43592
G1 X44.079 Y76.586 E1665.44314
G1 X44.253 Y76.961 E1665.45346
G1 X44.663 Y77.392 E1665.4683
G1 X45.007 Y77.584 E1665.47812
G1 X45.401 Y77.684 E1665.48826
G1 X45.795 Y77.684 E1665.49809
G1 X46.189 Y77.584 E1665.50823
G1 X46.533 Y77.392 E1665.51806
G1 X46.833 Y77.114 E1665.52826
G1 X47.032 Y76.803 E1665.53747
G1 X47.184 Y76.294 E1665.55072
G1 X47.184 Y75.898 E1665.5606
G1 X47.121 Y75.609 E1665.56798
G1 X46.949 Y75.245 E1665.57802
G1 X46.689 Y74.931 E1665.58819
G1 X46.333 Y74.652 E1665.59947
G1 X46.3 Y74.558 E1665.60196
G1 X46.3 Y62.72 E1665.89726
G1 X46.347 Y62.59 E1665.90071
G1 X46.48 Y62.52 E1665.90446
G1 X47.116 Y62.52 E1665.92032
G1 X47.224 Y62.562 E1665.92321
G1 X47.3 Y62.72 E1665.92759
G0 F7200 X47.3 Y62.92
G0 X48.01 Y62.92
G0 X52.062 Y61.882
G0 X56.738 Y61.882
G0 X56.81 Y62.68
G0 X56.097 Y62.68
G1 F1200 X56.1 Y74.147 E1666.21363
G1 X56.485 Y74.549 E1666.22752
G1 X56.755 Y74.998 E1666.24059
G1 X56.876 Y75.312 E1666.24898
G1 X56.976 Y75.756 E1666.26033
G1 X57.001 Y76.1 E1666.26894
G1 X56.922 Y76.727 E1666.2847
G1 X56.745 Y77.222 E1666.29781
G1 X56.49 Y77.646 E1666.31016
G1 X55.938 Y78.197 E1666.32961
G1 X55.511 Y78.449 E1666.34198
G1 X55.185 Y78.576 E1666.35071
G1 X54.735 Y78.678 E1666.36222
G1 X54.37 Y78.699 E1666.37134
G1 X53.778 Y78.623 E1666.38623
G1 X53.274 Y78.445 E1666.39956
G1 X52.869 Y78.205 E1666.4113
G1 X52.508 Y77.88 E1666.42342
G1 X52.293 Y77.625 E1666.43174
G1 X52.048 Y77.213 E1666.4437
G1 X51.92 Y76.885 E1666.45248
G1 X51.816 Y76.411 E1666.46459
G1 X51.801 Y76.071 E1666.47308
G1 X51.883 Y75.436 E1666.48905
G1 X52.041 Y74.998 E1666.50066
G1 X52.283 Y74.585 E1666.5126
G1 X52.7 Y74.147 E1666.52769
G1 X52.706 Y62.67 E1666.81398
G1 X52.845 Y62.519 E1666.8191
G1 X53.539 Y62.523 E1666.83642
G1 X53.653 Y62.59 E1666.83971
G1 X53.7 Y62.72 E1666.84316
G1 X53.7 Y74.558 E1667.13846
G1 X53.667 Y74.652 E1667.14095
G1 X53.302 Y74.935 E1667.15247
G1 X52.963 Y75.395 E1667.16672
G1 X52.831 Y75.8 E1667.17735
G1 X52.813 Y76.301 E1667.18985
G1 X52.916 Y76.689 E1667.19987
G1 X53.23 Y77.189 E1667.2146
G1 X53.551 Y77.452 E1667.22495
G1 X53.804 Y77.583 E1667.23205
G1 X54.201 Y77.684 E1667.24227
G1 X54.594 Y77.684 E1667.25208
G1 X54.989 Y77.584 E1667.26224
G1 X55.333 Y77.393 E1667.27206
G1 X55.633 Y77.114 E1667.28228
G1 X55.834 Y76.804 E1667.29149
G1 X55.968 Y76.397 E1667.30218
G1 X55.983 Y75.891 E1667.31481
G1 X55.921 Y75.609 E1667.32201
G1 X55.749 Y75.245 E1667.33205
G1 X55.489 Y74.931 E1667.34222
G1 X55.133 Y74.652 E1667.35351
G1 X55.1 Y74.558 E1667.35599
G1 X55.1 Y62.72 E1667.65129
G1 X55.147 Y62.59 E1667.65474
G1 X55.28 Y62.52 E1667.65849
G1 X55.944 Y62.524 E1667.67505
G1 X56.021 Y62.559 E1667.67716
G1 X56.097 Y62.68 E1667.68073
G0 F7200 X56.097 Y62.88
G0 X56.81 Y62.88
G0 X59.01 Y35.043
G0 X58.301 Y35.043
G1 F1200 X58.239 Y35.145 E1667.6837
G1 X58.147 Y35.201 E1667.68639
G1 X41.817 Y35.198 E1668.09374
G1 X41.7 Y35.041 E1668.09863
G1 X41.7 Y11.1 E1668.69584
G1 X37.126 Y11.1 E1668.80994
G1 X36.837 Y11.199 E1668.81756
G1 X36.648 Y11.429 E1668.82498
G1 X36.6 Y11.579 E1668.82891
G1 X36.6 Y88.424 E1670.74582
G1 X36.74 Y88.716 E1670.7539
G1 X36.931 Y88.852 E1670.75975
G1 X37.079 Y88.892 E1670.76357
G1 X62.92 Y88.9 E1671.40818
G1 X63.208 Y88.76 E1671.41616
G1 X63.349 Y88.567 E1671.42213
G1 X63.392 Y88.416 E1671.42604
G1 X63.399 Y11.656 E1673.34083
G1 X63.371 Y11.481 E1673.34525
G1 X63.297 Y11.341 E1673.3492
G1 X63.065 Y11.147 E1673.35674
G1 X62.92 Y11.101 E1673.36054
G1 X58.301 Y11.101 E1673.47576
G1 X58.301 Y35.043 E1674.073
G0 F7200 X58.239 Y35.145
G0 X58.17 Y35.187
G0 X58.17 Y35.91
G0 X48.078 Y62.543
;TYPE:SKIN
G1 F900 X47.876 Y62.117 E1674.08476
G1 X47.617 Y61.886 E1674.09341
G1 X47.296 Y61.74 E1674.10221
G1 X46.396 Y61.741 E1674.12466
G1 X46.015 Y61.868 E1674.13468
G1 X45.777 Y62.057 E1674.14226
G1 X45.598 Y62.349 E1674.1508
G1 X45.421 Y62.058 E1674.1593
G1 X45.185 Y61.868 E1674.16686
G1 X44.84 Y61.747 E1674.17598
G1 X44.016 Y61.744 E1674.19653
G1 X43.785 Y61.793 E1674.20242
G1 X43.534 Y61.919 E1674.20943
G1 X43.302 Y62.151 E1674.21761
G1 X43.12 Y62.571 E1674.22903
G1 X43.12 Y73.832 E1674.50994
G1 X42.83 Y74.159 E1674.52084
G1 X42.587 Y74.562 E1674.53258
G1 X42.308 Y75.27 E1674.55156
G1 X42.22 Y76.105 E1674.57251
G1 X42.248 Y76.545 E1674.58351
G1 X42.36 Y77.06 E1674.59665
G1 X42.526 Y77.508 E1674.60857
G1 X42.81 Y78.004 E1674.62283
G1 X43.116 Y78.388 E1674.63508
G1 X43.58 Y78.816 E1674.65082
G1 X44.156 Y79.158 E1674.66753
G1 X44.759 Y79.377 E1674.68354
G1 X45.568 Y79.479 E1674.70388
G1 X46.047 Y79.448 E1674.71585
G1 X46.59 Y79.324 E1674.72975
G1 X47.053 Y79.15 E1674.74208
G1 X47.557 Y78.858 E1674.75661
G1 X47.926 Y78.542 E1674.76873
G1 X48.349 Y78.066 E1674.78462
G1 X48.649 Y77.554 E1674.79942
G1 X48.887 Y76.889 E1674.81704
G1 X48.975 Y76.165 E1674.83523
G1 X48.951 Y75.631 E1674.84857
G1 X48.799 Y75.019 E1674.8643
G1 X48.642 Y74.631 E1674.87474
G1 X48.383 Y74.183 E1674.88765
G1 X48.08 Y73.835 E1674.89916
G1 X48.078 Y62.543 E1675.18084
G0 F7200 X52.062 Y61.882
G0 X56.738 Y61.882
G0 X56.88 Y62.612
G1 F900 X56.739 Y62.214 E1675.19137
G1 X56.462 Y61.919 E1675.20146
G1 X56.027 Y61.749 E1675.21311
G1 X55.19 Y61.74 E1675.23399
G1 X54.815 Y61.868 E1675.24388
G1 X54.577 Y62.057 E1675.25146
G1 X54.398 Y62.349 E1675.26
G1 X54.221 Y62.058 E1675.2685
G1 X53.985 Y61.868 E1675.27606
G1 X53.64 Y61.747 E1675.28518
G1 X52.807 Y61.736 E1675.30596
G1 X52.379 Y61.89 E1675.31731
G1 X52.016 Y62.295 E1675.33087
G1 X51.92 Y62.706 E1675.3414
G1 X51.92 Y73.834 E1675.61899
G1 X51.622 Y74.165 E1675.6301
G1 X51.317 Y74.701 E1675.64548
G1 X51.115 Y75.264 E1675.6604
G1 X51.02 Y76.049 E1675.68013
G1 X51.04 Y76.521 E1675.69191
G1 X51.189 Y77.167 E1675.70845
G1 X51.38 Y77.616 E1675.72062
G1 X51.653 Y78.073 E1675.7339
G1 X51.946 Y78.422 E1675.74527
G1 X52.424 Y78.847 E1675.76122
G1 X52.901 Y79.128 E1675.77503
G1 X53.545 Y79.372 E1675.79221
G1 X54.367 Y79.479 E1675.81289
G1 X54.855 Y79.448 E1675.82509
G1 X55.503 Y79.293 E1675.84171
G1 X55.899 Y79.125 E1675.85244
G1 X56.302 Y78.889 E1675.86409
G1 X56.665 Y78.601 E1675.87565
G1 X57.123 Y78.108 E1675.89243
G1 X57.483 Y77.474 E1675.91062
G1 X57.69 Y76.859 E1675.92681
G1 X57.78 Y76.096 E1675.94597
G1 X57.753 Y75.707 E1675.9557
G1 X57.628 Y75.111 E1675.97089
G1 X57.47 Y74.688 E1675.98216
G1 X57.186 Y74.192 E1675.99641
G1 X56.88 Y73.836 E1676.00812
G1 X56.88 Y62.612 E1676.28811
G0 F7200 X59.046 Y35.255
G1 F900 X59.079 Y35.02 E1676.29403
G1 X59.08 Y13.18 E1676.83883
G1 X61.32 Y13.18 E1676.8947
G1 X61.32 Y86.82 E1678.73166
G1 X38.68 Y86.82 E1679.29642
G1 X38.68 Y13.18 E1681.13338
G1 X40.92 Y13.18 E1681.18925
G1 X40.921 Y35.026 E1681.7342
G1 X40.95 Y35.251 E1681.73986
G1 X41.048 Y35.489 E1681.74628
G1 X41.359 Y35.815 E1681.75752
G1 X41.78 Y35.98 E1681.7688
G1 X58.176 Y35.98 E1682.1778
G1 X58.56 Y35.862 E1682.18782
G1 X58.905 Y35.551 E1682.19941
G1 X59.046 Y35.255 E1682.20759
G0 F7200 X41.062 Y35.838
G0 X38.88 Y13.728
G1 F900 X39.229 Y13.38 E1682.21988
G0 F7200 X39.795 Y13.38
G1 F900 X38.88 Y14.294 E1682.25214
G0 F7200 X38.88 Y14.86
G1 F900 X40.36 Y13.38 E1682.30435
G0 F7200 X40.719 Y13.586
G1 F900 X38.88 Y15.426 E1682.36925
G0 F7200 X38.88 Y15.991
G1 F900 X40.719 Y14.152 E1682.43412
G0 F7200 X40.719 Y14.718
G1 F900 X38.88 Y16.557 E1682.499
G0 F7200 X38.88 Y17.123
G1 F900 X40.719 Y15.283 E1682.56389
G0 F7200 X40.719 Y15.849
G1 F900 X38.88 Y17.688 E1682.62877
G0 F7200 X38.88 Y18.254
G1 F900 X40.719 Y16.415 E1682.69364
G0 F7200 X40.719 Y16.98
G1 F900 X38.88 Y18.82 E1682.75854
G0 F7200 X38.88 Y19.385
G1 F900 X40.719 Y17.546 E1682.82341
G0 F7200 X40.719 Y18.112
G1 F900 X38.88 Y19.951 E1682.88829
G0 F7200 X38.88 Y20.517
G1 F900 X40.719 Y18.678 E1682.95316
G0 F7200 X40.719 Y19.243
G1 F900 X38.88 Y21.082 E1683.01804
G0 F7200 X38.88 Y21.648
G1 F900 X40.719 Y19.809 E1683.08292
G0 F7200 X40.719 Y20.375
G1 F900 X38.88 Y22.214 E1683.14779
G0 F7200 X38.88 Y22.779
G1 F900 X40.719 Y20.94 E1683.21267
G0 F7200 X40.719 Y21.506
G1 F900 X38.88 Y23.345 E1683.27754
G0 F7200 X38.88 Y23.911
G1 F900 X40.719 Y22.072 E1683.34242
G0 F7200 X40.719 Y22.637
G1 F900 X38.88 Y24.477 E1683.40731
G0 F7200 X38.88 Y25.042
G1 F900 X40.719 Y23.203 E1683.47219
G0 F7200 X40.719 Y23.769
G1 F900 X38.88 Y25.608 E1683.53706
G0 F7200 X38.88 Y26.174
G1 F900 X40.719 Y24.334 E1683.60196
G0 F7200 X40.719 Y24.9
G1 F900 X38.88 Y26.739 E1683.66683
G0 F7200 X38.88 Y27.305
G1 F900 X40.719 Y25.466 E1683.73171
G0 F7200 X40.719 Y26.031
G1 F900 X38.88 Y27.871 E1683.7966
G0 F7200 X38.88 Y28.436
G1 F900 X40.719 Y26.597 E1683.86148
G0 F7200 X40.719 Y27.163
G1 F900 X38.88 Y29.002 E1683.92635
G0 F7200 X38.88 Y29.568
G1 F900 X40.719 Y27.728 E1683.99125
G0 F7200 X40.719 Y28.294
G1 F900 X38.88 Y30.133 E1684.05612
G0 F7200 X38.88 Y30.699
G1 F900 X40.719 Y28.86 E1684.121
G0 F7200 X40.719 Y29.426
G1 F900 X38.88 Y31.265 E1684.18587
G0 F7200 X38.88 Y31.83
G1 F900 X40.719 Y29.991 E1684.25075
G0 F7200 X40.719 Y30.557
G1 F900 X38.88 Y32.396 E1684.31562
G0 F7200 X38.88 Y32.962
G1 F900 X40.719 Y31.123 E1684.3805
G0 F7200 X40.719 Y31.688
G1 F900 X38.88 Y33.527 E1684.44538
G0 F7200 X38.88 Y34.093
G1 F900 X40.719 Y32.254 E1684.51025
G0 F7200 X40.719 Y32.82
G1 F900 X38.88 Y34.659 E1684.57513
G0 F7200 X38.88 Y35.225
G1 F900 X40.719 Y33.385 E1684.64002
G0 F7200 X40.719 Y33.951
G1 F900 X38.88 Y35.79 E1684.7049
G0 F7200 X38.88 Y36.356
G1 F900 X40.719 Y34.517 E1684.76977
G0 F7200 X40.728 Y35.074
G1 F900 X38.88 Y36.922 E1684.83497
G0 F7200 X38.88 Y37.487
G1 F900 X40.846 Y35.522 E1684.9043
G0 F7200 X41.103 Y35.831
G1 F900 X38.88 Y38.053 E1684.98271
G0 F7200 X38.88 Y38.619
G1 F900 X41.431 Y36.068 E1685.0727
G0 F7200 X41.885 Y36.18
G1 F900 X38.88 Y39.184 E1685.17869
G0 F7200 X38.88 Y39.75
G1 F900 X42.45 Y36.18 E1685.30464
G0 F7200 X43.016 Y36.18
G1 F900 X38.88 Y40.316 E1685.45054
G0 F7200 X38.88 Y40.881
G1 F900 X43.582 Y36.18 E1685.6164
G0 F7200 X44.148 Y36.18
G1 F900 X38.88 Y41.447 E1685.80223
G0 F7200 X38.88 Y42.013
G1 F900 X44.713 Y36.18 E1686.008
G0 F7200 X45.279 Y36.18
G1 F900 X38.88 Y42.578 E1686.23373
G0 F7200 X38.88 Y43.144
G1 F900 X45.845 Y36.18 E1686.47942
G0 F7200 X46.41 Y36.18
G1 F900 X38.88 Y43.71 E1686.74506
G0 F7200 X38.88 Y44.275
G1 F900 X46.976 Y36.18 E1687.03065
G0 F7200 X47.542 Y36.18
G1 F900 X38.88 Y44.841 E1687.33621
G0 F7200 X38.88 Y45.407
G1 F900 X48.107 Y36.18 E1687.66171
G0 F7200 X48.673 Y36.18
G1 F900 X38.88 Y45.973 E1688.00719
G0 F7200 X38.88 Y46.538
G1 F900 X49.239 Y36.18 E1688.37261
G0 F7200 X49.804 Y36.18
G1 F900 X38.88 Y47.104 E1688.75799
G0 F7200 X38.88 Y47.67
G1 F900 X50.37 Y36.18 E1689.16333
G0 F7200 X50.936 Y36.18
G1 F900 X38.88 Y48.235 E1689.58862
G0 F7200 X38.88 Y48.801
G1 F900 X51.501 Y36.18 E1690.03386
G0 F7200 X52.067 Y36.18
G1 F900 X38.88 Y49.367 E1690.49906
G0 F7200 X38.88 Y49.932
G1 F900 X52.633 Y36.18 E1690.98422
G0 F7200 X53.198 Y36.18
G1 F900 X38.88 Y50.498 E1691.48933
G0 F7200 X38.88 Y51.064
G1 F900 X53.764 Y36.18 E1692.0144
G0 F7200 X54.33 Y36.18
G1 F900 X38.88 Y51.629 E1692.55942
G0 F7200 X38.88 Y52.195
G1 F900 X54.896 Y36.18 E1693.12441
G0 F7200 X55.461 Y36.18
G1 F900 X38.88 Y52.761 E1693.70935
G0 F7200 X38.88 Y53.326
G1 F900 X56.027 Y36.18 E1694.31424
G0 F7200 X56.593 Y36.18
G1 F900 X38.88 Y53.892 E1694.9391
G0 F7200 X38.88 Y54.458
G1 F900 X57.158 Y36.18 E1695.5839
G0 F7200 X57.724 Y36.18
G1 F900 X38.88 Y55.024 E1696.24868
G0 F7200 X38.88 Y55.589
G1 F900 X58.336 Y36.134 E1696.93502
G1 X58.406 Y36.064
G0 F7200 X59.253 Y35.216
G1 F900 X61.119 Y33.35 E1697.00085
G0 F7200 X61.119 Y33.916
G1 F900 X38.88 Y56.155 E1697.78539
G0 F7200 X38.88 Y56.721
G1 F900 X61.119 Y34.481 E1698.56995
G0 F7200 X61.119 Y35.047
G1 F900 X38.88 Y57.286 E1699.35449
G0 F7200 X38.88 Y57.852
G1 F900 X61.119 Y35.613 E1700.13903
G0 F7200 X61.119 Y36.178
G1 F900 X38.88 Y58.418 E1700.92359
G0 F7200 X38.88 Y58.983
G1 F900 X61.119 Y36.744 E1701.70813
G0 F7200 X61.119 Y37.31
G1 F900 X38.88 Y59.549 E1702.49267
G0 F7200 X38.88 Y60.115
G1 F900 X61.119 Y37.875 E1703.27723
G0 F7200 X61.119 Y38.441
G1 F900 X38.88 Y60.68 E1704.06177
G0 F7200 X38.88 Y61.246
G1 F900 X61.119 Y39.007 E1704.84631
G0 F7200 X61.119 Y39.573
G1 F900 X38.88 Y61.812 E1705.63085
G0 F7200 X38.88 Y62.377
G1 F900 X61.119 Y40.138 E1706.41539
G0 F7200 X61.119 Y40.704
G1 F900 X38.88 Y62.943 E1707.19993
G0 F7200 X38.88 Y63.509
G1 F900 X61.119 Y41.27 E1707.98447
G0 F7200 X61.119 Y41.835
G1 F900 X38.88 Y64.074 E1708.76902
G0 F7200 X38.88 Y64.64
G1 F900 X61.119 Y42.401 E1709.55356
G0 F7200 X61.119 Y42.967
G1 F900 X38.88 Y65.206 E1710.3381
G0 F7200 X38.88 Y65.772
G1 F900 X61.119 Y43.532 E1711.12266
G0 F7200 X61.119 Y44.098
G1 F900 X43.508 Y61.709 E1711.74393
G0 F7200 X43.073 Y62.144
G1 F900 X38.88 Y66.337 E1711.89185
G0 F7200 X38.88 Y66.903
G1 F900 X42.92 Y62.863 E1712.03437
G0 F7200 X42.92 Y63.429
G1 F900 X38.88 Y67.469 E1712.17689
G0 F7200 X38.88 Y68.034
G1 F900 X42.92 Y63.995 E1712.3194
G0 F7200 X42.92 Y64.56
G1 F900 X38.88 Y68.6 E1712.46192
G0 F7200 X38.88 Y69.166
G1 F900 X42.92 Y65.126 E1712.60444
G0 F7200 X42.92 Y65.692
G1 F900 X38.88 Y69.731 E1712.74695
G0 F7200 X38.88 Y70.297
G1 F900 X42.92 Y66.257 E1712.88947
G0 F7200 X42.92 Y66.823
G1 F900 X38.88 Y70.863 E1713.03199
G0 F7200 X38.88 Y71.428
G1 F900 X42.92 Y67.389 E1713.17449
G0 F7200 X42.92 Y67.954
G1 F900 X38.88 Y71.994 E1713.31702
G0 F7200 X38.88 Y72.56
G1 F900 X42.92 Y68.52 E1713.45954
G0 F7200 X42.92 Y69.086
G1 F900 X38.88 Y73.125 E1713.60204
G0 F7200 X38.88 Y73.691
G1 F900 X42.92 Y69.651 E1713.74456
G0 F7200 X42.92 Y70.217
G1 F900 X38.88 Y74.257 E1713.88709
G0 F7200 X38.88 Y74.823
G1 F900 X42.92 Y70.783 E1714.02961
G0 F7200 X42.92 Y71.348
G1 F900 X38.88 Y75.388 E1714.17213
G0 F7200 X38.88 Y75.954
G1 F900 X42.92 Y71.914 E1714.31465
G0 F7200 X42.92 Y72.48
G1 F900 X38.88 Y76.52 E1714.45717
G0 F7200 X38.88 Y77.085
G1 F900 X42.92 Y73.046 E1714.59968
G0 F7200 X42.92 Y73.611
G1 F900 X38.88 Y77.651 E1714.7422
G0 F7200 X38.88 Y78.217
G1 F900 X42.268 Y74.829 E1714.86172
G0 F7200 X42.074 Y75.589
G1 F900 X38.88 Y78.782 E1714.97438
G0 F7200 X38.88 Y79.348
G1 F900 X42.025 Y76.203 E1715.08533
G0 F7200 X42.081 Y76.713
G1 F900 X38.88 Y79.914 E1715.19825
G0 F7200 X38.88 Y80.479
G1 F900 X42.189 Y77.171 E1715.31497
G0 F7200 X42.342 Y77.583
G1 F900 X38.88 Y81.045 E1715.4371
G0 F7200 X38.88 Y81.611
G1 F900 X42.545 Y77.946 E1715.56639
G0 F7200 X42.776 Y78.28
G1 F900 X38.88 Y82.176 E1715.70384
G0 F7200 X38.88 Y82.742
G1 F900 X43.037 Y78.586 E1715.85047
G0 F7200 X43.331 Y78.857
G1 F900 X38.88 Y83.308 E1716.00749
G0 F7200 X38.88 Y83.873
G1 F900 X43.657 Y79.097 E1716.17599
G0 F7200 X44.015 Y79.304
G1 F900 X38.88 Y84.439 E1716.35714
G0 F7200 X38.88 Y85.005
G1 F900 X44.419 Y79.466 E1716.55255
G0 F7200 X44.856 Y79.595
G1 F900 X38.88 Y85.571 E1716.76337
G0 F7200 X38.88 Y86.136
G1 F900 X45.363 Y79.653 E1716.99207
G0 F7200 X45.928 Y79.654
G1 F900 X38.962 Y86.62 E1717.23782
G0 F7200 X39.528 Y86.62
G1 F900 X46.629 Y79.518 E1717.48834
G1 X46.699 Y79.448
G0 F7200 X47.793 Y78.92
G1 F900 X40.094 Y86.62 E1717.75996
G0 F7200 X40.659 Y86.62
G1 F900 X50.837 Y76.442 E1718.11902
G0 F7200 X50.924 Y76.921
G1 F900 X41.225 Y86.62 E1718.46118
G0 F7200 X41.791 Y86.62
G1 F900 X51.054 Y77.357 E1718.78795
G0 F7200 X51.226 Y77.75
G1 F900 X42.356 Y86.62 E1719.10087
G0 F7200 X42.922 Y86.62
G1 F900 X51.438 Y78.104 E1719.40129
G0 F7200 X51.685 Y78.422
G1 F900 X43.488 Y86.62 E1719.69048
G0 F7200 X44.053 Y86.62
G1 F900 X51.967 Y78.707 E1719.96965
G0 F7200 X52.265 Y78.974
G1 F900 X44.619 Y86.62 E1720.23938
G0 F7200 X45.185 Y86.62
G1 F900 X52.616 Y79.189 E1720.50153
G0 F7200 X52.993 Y79.377
G1 F900 X45.751 Y86.62 E1720.75703
G0 F7200 X46.316 Y86.62
G1 F900 X53.404 Y79.533 E1721.00706
G0 F7200 X53.882 Y79.62
G1 F900 X46.882 Y86.62 E1721.25401
G0 F7200 X47.448 Y86.62
G1 F900 X54.389 Y79.679 E1721.49887
G0 F7200 X55.016 Y79.617
G1 F900 X48.013 Y86.62 E1721.74592
G0 F7200 X48.579 Y86.62
G1 F900 X55.829 Y79.37 E1722.00168
G1 X55.899 Y79.3
G0 F7200 X57.685 Y77.514
G1 F900 X61.119 Y74.079 E1722.12284
G0 F7200 X61.119 Y73.514
G1 F900 X57.909 Y76.725 E1722.2361
G0 F7200 X57.976 Y76.092
G1 F900 X61.119 Y72.948 E1722.347
G0 F7200 X61.119 Y72.382
G1 F900 X57.929 Y75.573 E1722.45955
G0 F7200 X57.83 Y75.106
G1 F900 X61.119 Y71.817 E1722.57558
G0 F7200 X61.119 Y71.251
G1 F900 X57.682 Y74.688 E1722.69683
G0 F7200 X57.486 Y74.319
G1 F900 X61.119 Y70.685 E1722.82501
G0 F7200 X61.119 Y70.12
G1 F900 X57.266 Y73.973 E1722.96093
G0 F7200 X57.08 Y73.593
G1 F900 X61.119 Y69.554 E1723.10342
G0 F7200 X61.119 Y68.988
G1 F900 X57.08 Y73.027 E1723.24591
G0 F7200 X57.08 Y72.461
G1 F900 X61.119 Y68.422 E1723.38839
G0 F7200 X61.119 Y67.857
G1 F900 X57.08 Y71.896 E1723.53088
G0 F7200 X57.08 Y71.33
G1 F900 X61.119 Y67.291 E1723.67337
G0 F7200 X61.119 Y66.725
G1 F900 X57.08 Y70.764 E1723.81585
G0 F7200 X57.08 Y70.199
G1 F900 X61.119 Y66.16 E1723.95834
G0 F7200 X61.119 Y65.594
G1 F900 X57.08 Y69.633 E1724.10083
G0 F7200 X57.08 Y69.067
G1 F900 X61.119 Y65.028 E1724.24331
G0 F7200 X61.119 Y64.463
G1 F900 X57.08 Y68.502 E1724.3858
G0 F7200 X57.08 Y67.936
G1 F900 X61.119 Y63.897 E1724.52829
G0 F7200 X61.119 Y63.331
G1 F900 X57.08 Y67.37 E1724.67077
G0 F7200 X57.08 Y66.805
G1 F900 X61.119 Y62.766 E1724.81326
G0 F7200 X61.119 Y62.2
G1 F900 X57.08 Y66.239 E1724.95575
G0 F7200 X57.08 Y65.673
G1 F900 X61.119 Y61.634 E1725.09823
G0 F7200 X61.119 Y61.069
G1 F900 X57.08 Y65.108 E1725.24072
G0 F7200 X57.08 Y64.542
G1 F900 X61.119 Y60.503 E1725.38321
G0 F7200 X61.119 Y59.937
G1 F900 X57.08 Y63.976 E1725.52569
G0 F7200 X57.08 Y63.411
G1 F900 X61.119 Y59.372 E1725.66818
G0 F7200 X61.119 Y58.806
G1 F900 X57.08 Y62.845 E1725.81067
G0 F7200 X56.998 Y62.362
G1 F900 X61.119 Y58.24 E1725.95606
G0 F7200 X61.119 Y57.674
G1 F900 X56.81 Y61.984 E1726.10809
G0 F7200 X56.508 Y61.72
G1 F900 X61.119 Y57.109 E1726.27076
G0 F7200 X61.119 Y56.543
G1 F900 X56.096 Y61.566 E1726.44796
G0 F7200 X55.555 Y61.542
G1 F900 X61.119 Y55.977 E1726.64426
G0 F7200 X61.119 Y55.412
G1 F900 X54.9 Y61.631 E1726.86365
G0 F7200 X54.183 Y61.783
G1 F900 X61.119 Y54.846 E1727.10836
G0 F7200 X61.119 Y54.28
G1 F900 X53.804 Y61.595 E1727.36641
G0 F7200 X53.289 Y61.545
G1 F900 X61.119 Y53.715 E1727.64264
G0 F7200 X61.119 Y53.149
G1 F900 X52.701 Y61.567 E1727.93961
G1 X52.631 Y61.637
G0 F7200 X51.764 Y62.505
G1 F900 X48.277 Y65.991 E1728.0626
G0 F7200 X48.277 Y65.426
G1 F900 X61.119 Y52.583 E1728.51566
G0 F7200 X61.119 Y52.018
G1 F900 X48.276 Y64.861 E1728.96873
G0 F7200 X48.276 Y64.295
G1 F900 X61.119 Y51.452 E1729.4218
G0 F7200 X61.119 Y50.886
G1 F900 X48.276 Y63.73 E1729.87489
G0 F7200 X48.276 Y63.164
G1 F900 X61.119 Y50.321 E1730.32796
G0 F7200 X61.119 Y49.755
G1 F900 X48.276 Y62.599 E1730.78105
G0 F7200 X48.127 Y62.182
G1 F900 X61.119 Y49.189 E1731.23939
G0 F7200 X61.119 Y48.623
G1 F900 X47.884 Y61.859 E1731.70631
G0 F7200 X47.542 Y61.636
G1 F900 X61.119 Y48.058 E1732.18529
G0 F7200 X61.119 Y47.492
G1 F900 X47.07 Y61.542 E1732.68093
G0 F7200 X46.504 Y61.542
G1 F900 X61.119 Y46.926 E1733.19653
G0 F7200 X61.119 Y46.361
G1 F900 X45.553 Y61.927 E1733.74566
G0 F7200 X45.239 Y61.676
G1 F900 X61.119 Y45.795 E1734.30589
G0 F7200 X61.119 Y45.229
G1 F900 X44.805 Y61.544 E1734.88143
G0 F7200 X44.239 Y61.544
G1 F900 X61.119 Y44.664 E1735.47692
G1 X61.189 Y44.594
G0 F7200 X59.277 Y34.626
G1 F900 X61.119 Y32.784 E1735.5419
G0 F7200 X61.119 Y32.219
G1 F900 X59.277 Y34.061 E1735.60688
G0 F7200 X59.277 Y33.495
G1 F900 X61.119 Y31.653 E1735.67186
G0 F7200 X61.119 Y31.087
G1 F900 X59.277 Y32.929 E1735.73684
G0 F7200 X59.277 Y32.364
G1 F900 X61.119 Y30.522 E1735.80182
G0 F7200 X61.119 Y29.956
G1 F900 X59.277 Y31.798 E1735.86681
G0 F7200 X59.277 Y31.232
G1 F900 X61.119 Y29.39 E1735.93179
G0 F7200 X61.119 Y28.825
G1 F900 X59.277 Y30.667 E1735.99677
G0 F7200 X59.277 Y30.101
G1 F900 X61.119 Y28.259 E1736.06175
G0 F7200 X61.119 Y27.693
G1 F900 X59.278 Y29.534 E1736.1267
G0 F7200 X59.278 Y28.969
G1 F900 X61.119 Y27.127 E1736.19166
G0 F7200 X61.119 Y26.562
G1 F900 X59.278 Y28.403 E1736.25661
G0 F7200 X59.278 Y27.837
G1 F900 X61.119 Y25.996 E1736.32155
G0 F7200 X61.119 Y25.43
G1 F900 X59.278 Y27.272 E1736.38652
G0 F7200 X59.278 Y26.706
G1 F900 X61.119 Y24.865 E1736.45146
G0 F7200 X61.119 Y24.299
G1 F900 X59.278 Y26.14 E1736.51641
G0 F7200 X59.278 Y25.575
G1 F900 X61.119 Y23.733 E1736.58137
G0 F7200 X61.119 Y23.168
G1 F900 X59.278 Y25.009 E1736.64632
G0 F7200 X59.278 Y24.443
G1 F900 X61.119 Y22.602 E1736.71127
G0 F7200 X61.119 Y22.036
G1 F900 X59.279 Y23.877 E1736.77619
G0 F7200 X59.279 Y23.311
G1 F900 X61.119 Y21.471 E1736.8411
G0 F7200 X61.119 Y20.905
G1 F900 X59.279 Y22.746 E1736.90603
G0 F7200 X59.279 Y22.18
G1 F900 X61.119 Y20.339 E1736.97096
G0 F7200 X61.119 Y19.774
G1 F900 X59.279 Y21.614 E1737.03587
G0 F7200 X59.279 Y21.048
G1 F900 X61.119 Y19.208 E1737.10078
G0 F7200 X61.119 Y18.642
G1 F900 X59.279 Y20.483 E1737.16571
G0 F7200 X59.279 Y19.917
G1 F900 X61.119 Y18.076 E1737.23064
G0 F7200 X61.119 Y17.511
G1 F900 X59.279 Y19.351 E1737.29555
G0 F7200 X59.28 Y18.785
G1 F900 X61.119 Y16.945 E1737.36045
G0 F7200 X61.119 Y16.379
G1 F900 X59.28 Y18.219 E1737.42534
G0 F7200 X59.28 Y17.654
G1 F900 X61.119 Y15.814 E1737.49023
G0 F7200 X61.119 Y15.248
G1 F900 X59.28 Y17.088 E1737.55513
G0 F7200 X59.28 Y16.522
G1 F900 X61.119 Y14.682 E1737.62002
G0 F7200 X61.119 Y14.117
G1 F900 X59.28 Y15.957 E1737.68491
G0 F7200 X59.28 Y15.391
G1 F900 X61.119 Y13.551 E1737.74981
G0 F7200 X60.725 Y13.38
G1 F900 X59.28 Y14.825 E1737.80078
G0 F7200 X59.28 Y14.26
G1 F900 X60.159 Y13.38 E1737.83181
G0 F7200 X59.594 Y13.38
G1 F900 X59.28 Y13.694 E1737.84289
G0 F7200 X58.938 Y35.838
G0 X51.72 Y63.114
G1 F900 X48.277 Y66.557 E1737.96435
G0 F7200 X48.278 Y67.122
G1 F900 X51.72 Y63.68 E1738.08577
G0 F7200 X51.72 Y64.246
G1 F900 X48.278 Y67.688 E1738.2072
G0 F7200 X48.278 Y68.253
G1 F900 X51.72 Y64.811 E1738.32862
G0 F7200 X51.72 Y65.377
G1 F900 X48.278 Y68.818 E1738.45003
G0 F7200 X48.278 Y69.384
G1 F900 X51.72 Y65.943 E1738.57144
G0 F7200 X51.72 Y66.508
G1 F900 X48.279 Y69.949 E1738.69283
G0 F7200 X48.279 Y70.515
G1 F900 X51.72 Y67.074 E1738.81422
G0 F7200 X51.72 Y67.64
G1 F900 X48.28 Y71.08 E1738.93558
G0 F7200 X48.28 Y71.645
G1 F900 X51.72 Y68.205 E1739.05693
G0 F7200 X51.72 Y68.771
G1 F900 X48.28 Y72.211 E1739.17829
G0 F7200 X48.281 Y72.776
G1 F900 X51.72 Y69.337 E1739.29961
G0 F7200 X51.72 Y69.902
G1 F900 X48.281 Y73.342 E1739.42095
G0 F7200 X48.349 Y73.839
G1 F900 X51.72 Y70.468 E1739.53987
G0 F7200 X51.72 Y71.034
G1 F900 X48.599 Y74.155 E1739.64997
G0 F7200 X48.805 Y74.514
G1 F900 X51.72 Y71.6 E1739.75279
G0 F7200 X51.72 Y72.165
G1 F900 X48.971 Y74.914 E1739.84976
G0 F7200 X49.09 Y75.361
G1 F900 X51.72 Y72.731 E1739.94254
G0 F7200 X51.72 Y73.297
G1 F900 X49.161 Y75.856 E1740.03282
G0 F7200 X49.14 Y76.442
G1 F900 X51.36 Y74.222 E1740.11114
G1 X51.43 Y74.152
G0 F7200 X50.913 Y75.235
G1 F900 X49.016 Y77.132 E1740.17806
G1 X48.946 Y77.202
G0 F7200 X48.409 Y78.304
G1 F900 X50.835 Y75.878 E1740.26364
G1 X50.905 Y75.808
G0 F7200 X52.062 Y61.882
G0 X56.738 Y61.882
G0 X61.119 Y75.776
G1 F900 X50.276 Y86.62 E1740.64618
G0 F7200 X50.842 Y86.62
G1 F900 X61.119 Y76.342 E1741.00874
G0 F7200 X61.119 Y76.908
G1 F900 X51.407 Y86.62 E1741.35136
G0 F7200 X51.973 Y86.62
G1 F900 X61.119 Y77.473 E1741.67403
G0 F7200 X61.119 Y78.039
G1 F900 X52.539 Y86.62 E1741.97673
G0 F7200 X53.104 Y86.62
G1 F900 X61.119 Y78.605 E1742.25948
G0 F7200 X61.119 Y79.171
G1 F900 X53.67 Y86.62 E1742.52226
G0 F7200 X54.236 Y86.62
G1 F900 X61.119 Y79.736 E1742.7651
G0 F7200 X61.119 Y80.302
G1 F900 X54.801 Y86.62 E1742.98798
G0 F7200 X55.367 Y86.62
G1 F900 X61.119 Y80.868 E1743.1909
G0 F7200 X61.119 Y81.433
G1 F900 X55.933 Y86.62 E1743.37386
G0 F7200 X56.499 Y86.62
G1 F900 X61.119 Y81.999 E1743.53687
G0 F7200 X61.119 Y82.565
G1 F900 X57.064 Y86.62 E1743.67992
G0 F7200 X57.63 Y86.62
G1 F900 X61.119 Y83.13 E1743.80302
G0 F7200 X61.119 Y83.696
G1 F900 X58.196 Y86.62 E1743.90615
G0 F7200 X58.761 Y86.62
G1 F900 X61.119 Y84.262 E1743.98934
G0 F7200 X61.119 Y84.827
G1 F900 X59.327 Y86.62 E1744.05257
G0 F7200 X59.893 Y86.62
G1 F900 X61.119 Y85.393 E1744.09584
G0 F7200 X61.119 Y85.959
G1 F900 X60.458 Y86.62 E1744.11916
G0 F7200 X61.024 Y86.62
G1 F900 X61.119 Y86.524 E1744.12253
G0 F7200 X61.119 Y75.211
G1 F900 X49.71 Y86.62 E1744.52501
G0 F7200 X49.145 Y86.62
G1 F900 X61.119 Y74.645 E1744.94744
G1 X61.189 Y74.575
;MESH:NONMESH
G0 F600 Z3.335
G0 F7200 X56.738 Y61.882
G0 X41.062 Y35.838
G0 X37.311 Y11.927
G0 X37.16 Y11.927
;TIME_ELAPSED:3764.049389
;LAYER:14
;TYPE:FILL
;MESH:luckfox_top.stl
G1 F3000 X37.424 Y11.664 E1744.95674
G0 F7200 X37.424 Y11.811
G0 X39.946 Y11.811
G0 X39.946 Y11.662
G1 F3000 X41.14 Y12.856 E1744.99886
G1 X41.21 Y12.926
G0 F7200 X40.99 Y12.926
G0 X38.54 Y15.913
G1 F3000 X37.16 Y14.532 E1745.04756
G1 X37.09 Y14.462
G0 F7200 X37.311 Y14.462
G0 X38.54 Y16.204
G1 F3000 X37.16 Y17.584 E1745.09625
G1 X37.09 Y17.654
G0 F7200 X37.311 Y17.654
G0 X37.311 Y20.189
G0 X37.16 Y20.189
G1 F3000 X38.54 Y21.57 E1745.14495
G0 F7200 X38.54 Y21.861
G1 F3000 X37.16 Y23.241 E1745.19363
G1 X37.09 Y23.311
G0 F7200 X37.311 Y23.311
G0 X37.311 Y25.846
G0 X37.16 Y25.846
G1 F3000 X38.54 Y27.226 E1745.24231
G0 F7200 X38.54 Y27.518
G1 F3000 X37.16 Y28.898 E1745.291
G1 X37.09 Y28.968
G0 F7200 X37.311 Y28.968
G0 X37.311 Y31.503
G0 X37.16 Y31.503
G1 F3000 X38.54 Y32.883 E1745.33968
G0 F7200 X38.54 Y33.175
G1 F3000 X37.16 Y34.555 E1745.38836
G1 X37.09 Y34.625
G0 F7200 X37.311 Y34.625
G0 X37.311 Y37.16
G0 X37.16 Y37.16
G1 F3000 X38.54 Y38.54 E1745.43705
G0 F7200 X38.54 Y38.831
G1 F3000 X37.16 Y40.212 E1745.48575
G1 X37.09 Y40.282
G0 F7200 X37.311 Y40.282
G0 X37.311 Y42.817
G0 X37.16 Y42.817
G1 F3000 X38.54 Y44.197 E1745.53443
G0 F7200 X38.54 Y44.488
G1 F3000 X37.16 Y45.869 E1745.58313
G1 X37.09 Y45.939
G0 F7200 X37.311 Y45.939
G0 X37.311 Y48.474
G0 X37.16 Y48.474
G1 F3000 X38.54 Y49.854 E1745.63181
G0 F7200 X38.54 Y50.145
G1 F3000 X37.16 Y51.525 E1745.6805
G1 X37.09 Y51.595
G0 F7200 X37.311 Y51.595
G0 X37.311 Y54.13
G0 X37.16 Y54.13
G1 F3000 X38.54 Y55.511 E1745.7292
G0 F7200 X38.54 Y55.802
G1 F3000 X37.16 Y57.182 E1745.77788
G1 X37.09 Y57.252
G0 F7200 X37.311 Y57.252
G0 X37.311 Y59.787
G0 X37.16 Y59.787
G1 F3000 X38.54 Y61.168 E1745.82658
G0 F7200 X38.54 Y61.459
G1 F3000 X37.16 Y62.839 E1745.87527
G1 X37.09 Y62.909
G0 F7200 X37.311 Y62.909
G0 X37.311 Y65.444
G0 X37.16 Y65.444
G1 F3000 X38.54 Y66.824 E1745.92395
G0 F7200 X38.54 Y67.116
G1 F3000 X37.16 Y68.496 E1745.97263
G1 X37.09 Y68.566
G0 F7200 X37.311 Y68.566
G0 X37.311 Y71.101
G0 X37.16 Y71.101
G1 F3000 X38.54 Y72.481 E1746.02132
G0 F7200 X38.54 Y72.773
G1 F3000 X37.16 Y74.153 E1746.07
G1 X37.09 Y74.223
G0 F7200 X37.311 Y74.223
G0 X37.311 Y76.758
G0 X37.16 Y76.758
G1 F3000 X38.54 Y78.138 E1746.11868
G0 F7200 X38.54 Y78.429
G1 F3000 X37.16 Y79.81 E1746.16738
G1 X37.09 Y79.88
G0 F7200 X37.311 Y79.88
G0 X37.311 Y82.415
G0 X37.16 Y82.415
G1 F3000 X38.54 Y83.795 E1746.21607
G0 F7200 X38.54 Y84.086
G1 F3000 X37.16 Y85.467 E1746.26477
G1 X37.09 Y85.537
G0 F7200 X37.311 Y85.537
G0 X37.311 Y88.072
G0 X37.16 Y88.072
G1 F3000 X37.42 Y88.332 E1746.27394
G0 F7200 X37.421 Y88.185
G0 X39.952 Y88.185
G0 X39.951 Y88.332
G1 F3000 X41.323 Y86.96 E1746.32234
G0 F7200 X41.705 Y86.96
G1 F3000 X43.078 Y88.332 E1746.37076
G1 X43.148 Y88.402
G0 F7200 X43.149 Y88.186
G0 X45.607 Y88.186
G0 X45.606 Y88.334
G1 F3000 X46.98 Y86.96 E1746.41923
G0 F7200 X47.362 Y86.96
G1 F3000 X48.736 Y88.334 E1746.4677
G1 X48.806 Y88.404
G0 F7200 X48.807 Y88.187
G0 X51.263 Y88.188
G0 X51.262 Y88.335
G1 F3000 X52.637 Y86.96 E1746.51621
G0 F7200 X53.019 Y86.96
G1 F3000 X54.394 Y88.335 E1746.56472
G1 X54.464 Y88.405
G0 F7200 X54.465 Y88.189
G0 X56.918 Y88.189
G0 X56.917 Y88.337
G1 F3000 X58.294 Y86.96 E1746.61329
G0 F7200 X58.676 Y86.96
G1 F3000 X60.052 Y88.337 E1746.66185
G1 X60.122 Y88.407
G0 F7200 X60.123 Y88.19
G0 X62.574 Y88.19
G0 X62.573 Y88.337
G1 F3000 X62.829 Y88.081 E1746.67088
G0 F7200 X62.685 Y88.08
G0 X62.685 Y85.456
G0 X62.83 Y85.457
G1 F3000 X61.46 Y84.087 E1746.71921
G0 F7200 X61.46 Y83.794
G1 F3000 X62.83 Y82.424 E1746.76754
G1 X62.9 Y82.354
G0 F7200 X62.685 Y82.353
G0 X62.685 Y79.8
G0 X62.831 Y79.801
G1 F3000 X61.46 Y78.43 E1746.81591
G0 F7200 X61.46 Y78.137
G1 F3000 X62.831 Y76.766 E1746.86428
G1 X62.901 Y76.696
G0 F7200 X62.685 Y76.695
G0 X62.686 Y74.144
G0 X62.831 Y74.145
G1 F3000 X61.46 Y72.773 E1746.91266
G0 F7200 X61.46 Y72.48
G1 F3000 X62.831 Y71.109 E1746.96102
G1 X62.901 Y71.039
G0 F7200 X62.686 Y71.038
G0 X62.686 Y68.488
G0 X62.832 Y68.489
G1 F3000 X61.46 Y67.116 E1747.00944
G0 F7200 X61.46 Y66.823
G1 F3000 X62.832 Y65.451 E1747.05784
G1 X62.902 Y65.381
G0 F7200 X62.686 Y65.38
G0 X62.686 Y62.832
G0 X62.833 Y62.833
G1 F3000 X61.46 Y61.46 E1747.10628
G0 F7200 X61.46 Y61.166
G1 F3000 X62.833 Y59.794 E1747.1547
G1 X62.903 Y59.724
G0 F7200 X62.687 Y59.723
G0 X62.687 Y57.176
G0 X62.834 Y57.177
G1 F3000 X61.46 Y55.803 E1747.20317
G0 F7200 X61.46 Y55.509
G1 F3000 X62.834 Y54.136 E1747.25162
G1 X62.904 Y54.066
G0 F7200 X62.687 Y54.065
G0 X62.687 Y51.52
G0 X62.834 Y51.521
G1 F3000 X61.46 Y50.146 E1747.30011
G0 F7200 X61.46 Y49.852
G1 F3000 X62.834 Y48.479 E1747.34857
G1 X62.904 Y48.409
G0 F7200 X62.688 Y48.408
G0 X62.688 Y45.863
G0 X62.835 Y45.864
G1 F3000 X61.46 Y44.489 E1747.39707
G0 F7200 X61.46 Y44.196
G1 F3000 X62.835 Y42.821 E1747.44558
G1 X62.905 Y42.751
G0 F7200 X62.688 Y42.75
G0 X62.688 Y40.207
G0 X62.836 Y40.208
G1 F3000 X61.46 Y38.832 E1747.49412
G0 F7200 X61.46 Y38.539
G1 F3000 X62.836 Y37.163 E1747.54267
G1 X62.906 Y37.093
G0 F7200 X62.689 Y37.092
G0 X62.689 Y34.551
G0 X62.836 Y34.552
G1 F3000 X61.46 Y33.175 E1747.59123
G0 F7200 X61.46 Y32.882
G1 F3000 X62.836 Y31.506 E1747.63977
G1 X62.906 Y31.436
G0 F7200 X62.689 Y31.435
G0 X62.689 Y28.895
G0 X62.837 Y28.896
G1 F3000 X61.46 Y27.518 E1747.68836
G0 F7200 X61.46 Y27.225
G1 F3000 X62.837 Y25.848 E1747.73694
G1 X62.907 Y25.778
G0 F7200 X62.689 Y25.777
G0 X62.69 Y23.239
G0 X62.838 Y23.24
G1 F3000 X61.46 Y21.862 E1747.78555
G0 F7200 X61.46 Y21.568
G1 F3000 X62.838 Y20.191 E1747.83415
G1 X62.908 Y20.121
G0 F7200 X62.69 Y20.12
G0 X62.69 Y17.583
G0 X62.838 Y17.584
G1 F3000 X61.46 Y16.205 E1747.88278
G0 F7200 X61.46 Y15.911
G1 F3000 X62.838 Y14.533 E1747.93139
G1 X62.908 Y14.463
G0 F7200 X62.69 Y14.462
G0 X62.69 Y11.926
G0 X62.839 Y11.927
G1 F3000 X62.579 Y11.667 E1747.94056
G0 F7200 X62.578 Y11.81
G0 X60.051 Y11.81
G0 X60.052 Y11.663
G1 F3000 X58.861 Y12.854 E1747.98258
G1 X58.791 Y12.924
G0 F7200 X59.01 Y12.924
G0 X58.938 Y35.838
G0 X54.462 Y61.882
G0 X54.345 Y74.967
G0 X53.525 Y76.024
G0 X53.375 Y76.003
G1 F3000 X54.495 Y77.123 E1748.02209
G1 X54.565 Y77.193
G0 F7200 X54.511 Y76.977
G0 X54.338 Y61.882
G0 X45.662 Y61.882
G0 X45.655 Y74.969
G0 X46.484 Y76.026
G0 X46.629 Y75.998
G1 F3000 X45.502 Y77.124 E1748.06183
G1 X45.432 Y77.194
G0 F7200 X45.488 Y76.977
G0 X45.662 Y61.882
G0 X58.938 Y35.838
G0 X58.701 Y35.115
;TYPE:WALL-INNER
G1 F2400 X58.61 Y35.317 E1748.06736
G1 X58.405 Y35.518 E1748.07452
G1 X58.166 Y35.601 E1748.08083
G1 X41.837 Y35.6 E1748.48816
G1 X41.595 Y35.517 E1748.49454
G1 X41.39 Y35.317 E1748.50168
G1 X41.3 Y35.117 E1748.50716
G1 X41.3 Y11.5 E1749.09628
G1 X37.166 Y11.5 E1749.19941
G1 X37.005 Y11.626 E1749.20451
G1 X37 Y88.355 E1751.11852
G1 X37.117 Y88.488 E1751.12294
G1 X62.867 Y88.5 E1751.76527
G1 X62.992 Y88.369 E1751.76979
G1 X62.999 Y11.611 E1753.68453
G1 X62.858 Y11.501 E1753.68899
G1 X58.701 Y11.501 E1753.79269
G1 X58.701 Y35.115 E1754.38174
G0 F7200 X59.01 Y35.115
G0 X56.81 Y62.637
G0 X56.5 Y62.637
G1 F2400 X56.5 Y73.987 E1754.66487
G1 X56.856 Y74.381 E1754.67811
G1 X57.139 Y74.885 E1754.69253
G1 X57.348 Y75.526 E1754.70935
G1 X57.397 Y76.072 E1754.72302
G1 X57.316 Y76.796 E1754.7412
G1 X57.137 Y77.319 E1754.75499
G1 X56.83 Y77.866 E1754.77063
G1 X56.428 Y78.307 E1754.78552
G1 X56.111 Y78.563 E1754.79568
G1 X55.685 Y78.809 E1754.80795
G1 X55.274 Y78.966 E1754.81893
G1 X54.804 Y79.072 E1754.83095
G1 X54.395 Y79.1 E1754.84117
G1 X53.662 Y79.012 E1754.85959
G1 X53.07 Y78.789 E1754.87537
G1 X52.641 Y78.533 E1754.88783
G1 X52.22 Y78.158 E1754.9019
G1 X51.968 Y77.859 E1754.91165
G1 X51.684 Y77.379 E1754.92556
G1 X51.454 Y76.659 E1754.94442
G1 X51.395 Y76.117 E1754.95802
G1 X51.489 Y75.358 E1754.9771
G1 X51.686 Y74.817 E1754.99146
G1 X51.947 Y74.368 E1755.00441
G1 X52.3 Y73.985 E1755.01741
G1 X52.3 Y62.72 E1755.29841
G1 X52.365 Y62.447 E1755.30541
G1 X52.606 Y62.196 E1755.31409
G1 X52.803 Y62.121 E1755.31935
G1 X53.567 Y62.119 E1755.33841
G1 X53.805 Y62.203 E1755.34471
G1 X53.958 Y62.332 E1755.3497
G1 F2133.3 X54.15 Y62.72 E1755.36185
G1 F1912.4 X54.149 Y74.597 E1755.73367
G1 F2123.9 X53.999 Y74.875 E1755.74257
G1 F2400 X53.588 Y75.223 E1755.75601
G1 X53.391 Y75.461 E1755.76371
G1 X53.243 Y75.791 E1755.77274
G1 X53.203 Y76.079 E1755.77999
G1 X53.263 Y76.467 E1755.78978
G1 X53.435 Y76.802 E1755.79918
G1 X53.649 Y77.029 E1755.80696
G1 X53.834 Y77.156 E1755.81256
G1 X54.236 Y77.284 E1755.82308
G1 X54.545 Y77.283 E1755.83079
G1 X54.843 Y77.208 E1755.83845
G1 X55.204 Y76.986 E1755.84903
G1 X55.404 Y76.743 E1755.85688
G1 X55.553 Y76.405 E1755.86609
G1 X55.589 Y75.977 E1755.8768
G1 X55.475 Y75.585 E1755.88699
G1 X55.226 Y75.233 E1755.89774
G1 X54.801 Y74.875 E1755.91161
G1 F2123.9 X54.651 Y74.597 E1755.92051
G1 F1912.4 X54.65 Y62.72 E1756.29233
G1 F2133.3 X54.842 Y62.332 E1756.30448
G1 F2400 X54.995 Y62.203 E1756.30947
G1 X55.241 Y62.122 E1756.31593
G1 X55.964 Y62.123 E1756.33397
G1 X56.261 Y62.239 E1756.34192
G1 X56.402 Y62.389 E1756.34706
G1 X56.5 Y62.637 E1756.35371
G0 F7200 X56.81 Y62.637
G0 X52.062 Y61.882
G0 X48.01 Y62.447
G0 X47.635 Y62.447
G1 F2400 X47.7 Y62.72 E1756.36071
G1 X47.7 Y73.987 E1756.64177
G1 X48.057 Y74.381 E1756.65503
G1 X48.311 Y74.814 E1756.66755
G1 X48.546 Y75.537 E1756.68652
G1 X48.594 Y76.132 E1756.70141
G1 X48.507 Y76.835 E1756.71908
G1 X48.315 Y77.373 E1756.73333
G1 X48.028 Y77.868 E1756.7476
G1 X47.66 Y78.277 E1756.76132
G1 X47.352 Y78.537 E1756.77138
G1 X46.845 Y78.827 E1756.78595
G1 X46.473 Y78.966 E1756.79585
G1 X46.004 Y79.072 E1756.80785
G1 X45.595 Y79.1 E1756.81808
G1 X44.866 Y79.013 E1756.83639
G1 X44.314 Y78.813 E1756.85104
G1 X43.823 Y78.525 E1756.86523
G1 X43.393 Y78.128 E1756.87983
G1 X43.14 Y77.815 E1756.88987
G1 X42.856 Y77.307 E1756.90439
G1 X42.653 Y76.652 E1756.9215
G1 X42.596 Y76.122 E1756.93479
G1 X42.685 Y75.358 E1756.95398
G1 X42.91 Y74.772 E1756.96964
G1 X43.138 Y74.383 E1756.98089
G1 X43.5 Y73.985 E1756.99431
G1 X43.5 Y62.636 E1757.27741
G1 X43.599 Y62.389 E1757.28405
G1 X43.739 Y62.24 E1757.28915
G1 X44.036 Y62.123 E1757.29711
G1 X44.788 Y62.126 E1757.31587
G1 X45.005 Y62.203 E1757.32161
G1 X45.158 Y62.332 E1757.3266
G1 F2133.3 X45.35 Y62.72 E1757.33875
G1 F1912.4 X45.349 Y74.597 E1757.71058
G1 F2123.9 X45.199 Y74.875 E1757.71948
G1 F2400 X44.788 Y75.223 E1757.73291
G1 X44.591 Y75.461 E1757.74062
G1 X44.443 Y75.791 E1757.74964
G1 X44.403 Y76.079 E1757.7569
G1 X44.464 Y76.471 E1757.76679
G1 X44.668 Y76.852 E1757.77757
G1 X44.899 Y77.066 E1757.78543
G1 X45.156 Y77.209 E1757.79276
G1 X45.451 Y77.284 E1757.80036
G1 X45.744 Y77.284 E1757.80767
G1 X46.043 Y77.208 E1757.81536
G1 X46.404 Y76.986 E1757.82593
G1 X46.604 Y76.743 E1757.83378
G1 X46.753 Y76.405 E1757.843
G1 X46.789 Y75.977 E1757.85371
G1 X46.675 Y75.585 E1757.8639
G1 X46.426 Y75.233 E1757.87465
G1 X46.001 Y74.875 E1757.88851
G1 F2123.9 X45.851 Y74.597 E1757.89742
G1 F1912.4 X45.85 Y62.72 E1758.26924
G1 F2133.3 X46.042 Y62.332 E1758.28139
G1 F2400 X46.195 Y62.203 E1758.28638
G1 X46.441 Y62.122 E1758.29284
G1 X47.147 Y62.121 E1758.31045
G1 X47.394 Y62.196 E1758.31689
G1 X47.635 Y62.447 E1758.32557
G0 F7200 X47.3 Y62.72
;TYPE:WALL-OUTER
G1 F1200 X47.3 Y74.147 E1758.61062
G1 X47.713 Y74.585 E1758.62564
G1 X47.959 Y75.009 E1758.63787
G1 X48.156 Y75.629 E1758.65409
G1 X48.196 Y76.057 E1758.66482
G1 X48.119 Y76.74 E1758.68196
G1 X47.945 Y77.218 E1758.69465
G1 X47.69 Y77.646 E1758.70708
G1 X47.39 Y77.982 E1758.71832
G1 X47.123 Y78.209 E1758.72706
G1 X46.698 Y78.455 E1758.73931
G1 X46.385 Y78.576 E1758.74768
G1 X45.935 Y78.678 E1758.75919
G1 X45.57 Y78.699 E1758.76831
G1 X44.978 Y78.623 E1758.7832
G1 X44.488 Y78.453 E1758.79613
G1 X44.049 Y78.189 E1758.80891
G1 X43.699 Y77.87 E1758.82073
G1 X43.484 Y77.611 E1758.82912
G1 X43.237 Y77.185 E1758.84141
G1 X43.053 Y76.609 E1758.85649
G1 X43.001 Y76.145 E1758.86814
G1 X43.073 Y75.48 E1758.88482
G1 X43.255 Y74.974 E1758.89824
G1 X43.483 Y74.586 E1758.90946
G1 X43.9 Y74.147 E1758.92457
G1 X43.903 Y62.68 E1759.21061
G1 X43.979 Y62.56 E1759.21416
G1 X44.056 Y62.524 E1759.21628
G1 X44.72 Y62.52 E1759.23284
G1 X44.853 Y62.59 E1759.23659
G1 X44.9 Y62.72 E1759.24004
G1 X44.9 Y74.558 E1759.53534
G1 X44.867 Y74.652 E1759.53782
G1 X44.511 Y74.931 E1759.5491
G1 X44.248 Y75.247 E1759.55936
G1 X44.055 Y75.68 E1759.57119
G1 X43.999 Y76.082 E1759.58131
G1 X44.078 Y76.589 E1759.59411
G1 X44.367 Y77.118 E1759.60915
G1 X44.663 Y77.392 E1759.61921
G1 X45.007 Y77.584 E1759.62904
G1 X45.401 Y77.684 E1759.63918
G1 X45.794 Y77.684 E1759.64898
G1 X46.19 Y77.584 E1759.65917
G1 X46.689 Y77.27 E1759.67387
G1 X46.948 Y76.954 E1759.68407
G1 X47.141 Y76.516 E1759.69601
G1 X47.199 Y76.108 E1759.70629
G1 X47.185 Y75.907 E1759.71131
G1 X47.043 Y75.419 E1759.72399
G1 X46.694 Y74.934 E1759.7389
G1 X46.333 Y74.652 E1759.75032
G1 X46.3 Y74.558 E1759.75281
G1 X46.3 Y62.72 E1760.04811
G1 X46.347 Y62.59 E1760.05156
G1 X46.48 Y62.52 E1760.05531
G1 X47.116 Y62.52 E1760.07117
G1 X47.224 Y62.562 E1760.07406
G1 X47.3 Y62.72 E1760.07843
G0 F7200 X47.3 Y62.92
G0 X48.01 Y62.92
G0 X52.062 Y61.882
G0 X56.738 Y61.882
G0 X56.81 Y62.68
G0 X56.097 Y62.68
G1 F1200 X56.1 Y74.147 E1760.36448
G1 X56.485 Y74.549 E1760.37837
G1 X56.759 Y75.009 E1760.39172
G1 X56.956 Y75.629 E1760.40795
G1 X56.997 Y76.072 E1760.41905
G1 X56.922 Y76.727 E1760.43549
G1 X56.745 Y77.218 E1760.44851
G1 X56.49 Y77.646 E1760.46094
G1 X55.938 Y78.197 E1760.4804
G1 X55.511 Y78.449 E1760.49276
G1 X55.185 Y78.576 E1760.50149
G1 X54.735 Y78.678 E1760.513
G1 X54.37 Y78.699 E1760.52212
G1 X53.778 Y78.623 E1760.53701
G1 X53.274 Y78.445 E1760.55034
G1 X52.869 Y78.205 E1760.56209
G1 X52.508 Y77.88 E1760.5742
G1 X52.293 Y77.625 E1760.58252
G1 X52.046 Y77.209 E1760.59459
G1 X51.847 Y76.585 E1760.61093
G1 X51.8 Y76.142 E1760.62204
G1 X51.877 Y75.455 E1760.63929
G1 X52.047 Y74.989 E1760.65166
G1 X52.283 Y74.585 E1760.66333
G1 X52.7 Y74.147 E1760.67842
G1 X52.706 Y62.67 E1760.96471
G1 X52.845 Y62.519 E1760.96983
G1 X53.539 Y62.523 E1760.98715
G1 X53.653 Y62.59 E1760.99044
G1 X53.7 Y62.72 E1760.99389
G1 X53.7 Y74.558 E1761.28919
G1 X53.667 Y74.652 E1761.29168
G1 X53.311 Y74.931 E1761.30296
G1 X53.048 Y75.247 E1761.31322
G1 X52.855 Y75.68 E1761.32504
G1 X52.799 Y76.082 E1761.33517
G1 X52.877 Y76.593 E1761.34806
G1 X53.105 Y77.035 E1761.36047
G1 X53.387 Y77.335 E1761.37074
G1 X53.644 Y77.51 E1761.37849
G1 X54.194 Y77.684 E1761.39288
G1 X54.595 Y77.683 E1761.40289
G1 X54.99 Y77.584 E1761.41305
G1 X55.489 Y77.27 E1761.42775
G1 X55.748 Y76.954 E1761.43794
G1 X55.941 Y76.516 E1761.44988
G1 X55.999 Y76.108 E1761.46016
G1 X55.985 Y75.907 E1761.46519
G1 X55.843 Y75.419 E1761.47787
G1 X55.494 Y74.934 E1761.49277
G1 X55.133 Y74.652 E1761.5042
G1 X55.1 Y74.558 E1761.50669
G1 X55.1 Y62.72 E1761.80199
G1 X55.147 Y62.59 E1761.80543
G1 X55.28 Y62.52 E1761.80918
G1 X55.944 Y62.524 E1761.82575
G1 X56.021 Y62.559 E1761.82786
G1 X56.097 Y62.68 E1761.83142
G0 F7200 X56.097 Y62.88
G0 X56.81 Y62.88
G0 X59.01 Y35.043
G0 X58.301 Y35.043
G1 F1200 X58.239 Y35.145 E1761.8344
G1 X58.147 Y35.201 E1761.83709
G1 X41.817 Y35.198 E1762.24444
G1 X41.7 Y35.041 E1762.24932
G1 X41.7 Y11.1 E1762.84653
G1 X37.085 Y11.1 E1762.96166
G1 X36.835 Y11.206 E1762.96843
G1 X36.647 Y11.43 E1762.97572
G1 X36.6 Y11.579 E1762.97962
G1 X36.6 Y88.419 E1764.8964
G1 X36.745 Y88.72 E1764.90474
G1 X36.951 Y88.858 E1764.91092
G1 X37.082 Y88.892 E1764.9143
G1 X62.836 Y88.9 E1765.55673
G1 X63.015 Y88.871 E1765.56126
G1 X63.269 Y88.698 E1765.56892
G1 X63.392 Y88.417 E1765.57658
G1 X63.399 Y11.656 E1767.49139
G1 X63.371 Y11.481 E1767.49581
G1 X63.297 Y11.341 E1767.49976
G1 X63.065 Y11.147 E1767.5073
G1 X62.92 Y11.101 E1767.5111
G1 X58.301 Y11.101 E1767.62632
G1 X58.301 Y35.043 E1768.22355
G0 F7200 X58.239 Y35.145
G0 X58.17 Y35.187
G0 X58.17 Y35.91
G0 X48.078 Y62.543
;TYPE:SKIN
G1 F900 X47.876 Y62.117 E1768.23531
G1 X47.617 Y61.886 E1768.24397
G1 X47.296 Y61.74 E1768.25277
G1 X46.396 Y61.741 E1768.27522
G1 X46.015 Y61.868 E1768.28524
G1 X45.777 Y62.057 E1768.29282
G1 X45.598 Y62.349 E1768.30136
G1 X45.421 Y62.058 E1768.30986
G1 X45.185 Y61.868 E1768.31742
G1 X44.84 Y61.747 E1768.32654
G1 X44.016 Y61.744 E1768.34709
G1 X43.785 Y61.793 E1768.35298
G1 X43.534 Y61.919 E1768.35999
G1 X43.302 Y62.151 E1768.36817
G1 X43.12 Y62.571 E1768.37959
G1 X43.12 Y73.832 E1768.6605
G1 X42.808 Y74.189 E1768.67232
G1 X42.505 Y74.741 E1768.68803
G1 X42.305 Y75.353 E1768.70409
G1 X42.212 Y76.12 E1768.72337
G1 X42.282 Y76.751 E1768.7392
G1 X42.493 Y77.417 E1768.75663
G1 X42.808 Y78.004 E1768.77325
G1 X43.116 Y78.388 E1768.78553
G1 X43.58 Y78.816 E1768.80127
G1 X44.156 Y79.158 E1768.81798
G1 X44.759 Y79.377 E1768.83399
G1 X45.568 Y79.479 E1768.85433
G1 X46.047 Y79.448 E1768.8663
G1 X46.59 Y79.324 E1768.8802
G1 X47.053 Y79.15 E1768.89253
G1 X47.557 Y78.858 E1768.90706
G1 X47.919 Y78.553 E1768.91887
G1 X48.339 Y78.081 E1768.93463
G1 X48.649 Y77.549 E1768.94999
G1 X48.878 Y76.904 E1768.96707
G1 X48.98 Y76.061 E1768.98825
G1 X48.914 Y75.447 E1769.00365
G1 X48.675 Y74.701 E1769.02319
G1 X48.374 Y74.169 E1769.03844
G1 X48.08 Y73.835 E1769.04954
G1 X48.078 Y62.543 E1769.33122
G0 F7200 X52.062 Y61.882
G0 X56.738 Y61.882
G0 X56.88 Y62.612
G1 F900 X56.739 Y62.214 E1769.34175
G1 X56.462 Y61.919 E1769.35185
G1 X56.027 Y61.749 E1769.3635
G1 X55.19 Y61.74 E1769.38438
G1 X54.815 Y61.868 E1769.39426
G1 X54.577 Y62.057 E1769.40184
G1 X54.398 Y62.349 E1769.41039
G1 X54.221 Y62.058 E1769.41888
G1 X53.985 Y61.868 E1769.42644
G1 X53.64 Y61.747 E1769.43556
G1 X52.807 Y61.736 E1769.45634
G1 X52.379 Y61.89 E1769.46769
G1 X52.016 Y62.295 E1769.48126
G1 X51.92 Y62.706 E1769.49178
G1 X51.92 Y73.834 E1769.76937
G1 X51.622 Y74.165 E1769.78048
G1 X51.345 Y74.645 E1769.79431
G1 X51.114 Y75.283 E1769.81123
G1 X51.012 Y76.131 E1769.83254
G1 X51.084 Y76.748 E1769.84804
G1 X51.312 Y77.484 E1769.86726
G1 X51.657 Y78.081 E1769.88446
G1 X51.946 Y78.422 E1769.89561
G1 X52.424 Y78.847 E1769.91156
G1 X52.901 Y79.128 E1769.92537
G1 X53.545 Y79.372 E1769.94255
G1 X54.367 Y79.479 E1769.96323
G1 X54.855 Y79.448 E1769.97543
G1 X55.503 Y79.293 E1769.99205
G1 X55.899 Y79.125 E1770.00278
G1 X56.302 Y78.889 E1770.01443
G1 X56.688 Y78.58 E1770.02676
G1 X57.124 Y78.104 E1770.04286
G1 X57.48 Y77.469 E1770.06102
G1 X57.69 Y76.859 E1770.07712
G1 X57.776 Y76.054 E1770.09731
G1 X57.715 Y75.425 E1770.11307
G1 X57.484 Y74.731 E1770.13132
G1 X57.188 Y74.191 E1770.14668
G1 X56.88 Y73.836 E1770.15841
G1 X56.88 Y62.612 E1770.43839
G0 F7200 X59.046 Y35.255
G1 F900 X59.079 Y35.02 E1770.44431
G1 X59.08 Y13.18 E1770.98911
G1 X61.32 Y13.18 E1771.04499
G1 X61.32 Y86.82 E1772.88194
G1 X38.68 Y86.82 E1773.4467
G1 X38.68 Y13.18 E1775.28366
G1 X40.92 Y13.18 E1775.33954
G1 X40.921 Y35.026 E1775.88449
G1 X40.95 Y35.251 E1775.89015
G1 X41.048 Y35.489 E1775.89657
G1 X41.359 Y35.815 E1775.9078
G1 X41.78 Y35.98 E1775.91908
G1 X58.176 Y35.98 E1776.32808
G1 X58.56 Y35.862 E1776.33811
G1 X58.905 Y35.551 E1776.34969
G1 X59.046 Y35.255 E1776.35787
G0 F7200 X60.897 Y13.38
G1 F900 X61.12 Y13.603 E1776.36574
G0 F7200 X61.12 Y14.168
G1 F900 X60.332 Y13.38 E1776.39354
G0 F7200 X59.766 Y13.38
G1 F900 X61.12 Y14.734 E1776.4413
G0 F7200 X61.12 Y15.3
G1 F900 X59.279 Y13.458 E1776.50627
G0 F7200 X59.279 Y14.024
G1 F900 X61.12 Y15.865 E1776.57121
G0 F7200 X61.12 Y16.431
G1 F900 X59.279 Y14.59 E1776.63616
G0 F7200 X59.279 Y15.155
G1 F900 X61.12 Y16.997 E1776.70112
G0 F7200 X61.12 Y17.562
G1 F900 X59.279 Y15.721 E1776.76607
G0 F7200 X59.279 Y16.287
G1 F900 X61.12 Y18.128 E1776.83101
G0 F7200 X61.12 Y18.694
G1 F900 X59.279 Y16.852 E1776.89598
G0 F7200 X59.279 Y17.418
G1 F900 X61.12 Y19.259 E1776.96093
G0 F7200 X61.12 Y19.825
G1 F900 X59.279 Y17.984 E1777.02587
G0 F7200 X59.279 Y18.55
G1 F900 X61.12 Y20.391 E1777.09082
G0 F7200 X61.12 Y20.957
G1 F900 X59.278 Y19.115 E1777.1558
G0 F7200 X59.278 Y19.68
G1 F900 X61.12 Y21.522 E1777.22078
G0 F7200 X61.12 Y22.088
G1 F900 X59.278 Y20.246 E1777.28576
G0 F7200 X59.278 Y20.812
G1 F900 X61.12 Y22.654 E1777.35074
G0 F7200 X61.12 Y23.219
G1 F900 X59.278 Y21.377 E1777.41573
G0 F7200 X59.278 Y21.943
G1 F900 X61.12 Y23.785 E1777.48071
G0 F7200 X61.12 Y24.351
G1 F900 X59.278 Y22.509 E1777.54569
G0 F7200 X59.278 Y23.074
G1 F900 X61.12 Y24.916 E1777.61067
G0 F7200 X61.12 Y25.482
G1 F900 X59.278 Y23.64 E1777.67565
G0 F7200 X59.278 Y24.206
G1 F900 X61.12 Y26.048 E1777.74063
G0 F7200 X61.12 Y26.613
G1 F900 X59.277 Y24.771 E1777.80563
G0 F7200 X59.277 Y25.336
G1 F900 X61.12 Y27.179 E1777.87065
G0 F7200 X61.12 Y27.745
G1 F900 X59.277 Y25.902 E1777.93567
G0 F7200 X59.277 Y26.468
G1 F900 X61.12 Y28.31 E1778.00066
G0 F7200 X61.12 Y28.876
G1 F900 X59.277 Y27.033 E1778.06568
G0 F7200 X59.277 Y27.599
G1 F900 X61.12 Y29.442 E1778.1307
G0 F7200 X61.12 Y30.007
G1 F900 X59.277 Y28.165 E1778.1957
G0 F7200 X59.277 Y28.73
G1 F900 X61.12 Y30.573 E1778.26071
G0 F7200 X61.12 Y31.139
G1 F900 X59.277 Y29.296 E1778.32573
G0 F7200 X59.277 Y29.861
G1 F900 X61.12 Y31.705 E1778.39077
G0 F7200 X61.12 Y32.27
G1 F900 X59.277 Y30.427 E1778.45578
G0 F7200 X59.277 Y30.992
G1 F900 X61.12 Y32.836 E1778.52082
G0 F7200 X61.12 Y33.402
G1 F900 X59.277 Y31.558 E1778.58585
G0 F7200 X59.277 Y32.124
G1 F900 X61.12 Y33.967 E1778.65087
G0 F7200 X61.12 Y34.533
G1 F900 X59.277 Y32.69 E1778.71588
G0 F7200 X59.277 Y33.255
G1 F900 X61.12 Y35.099 E1778.78092
G0 F7200 X61.12 Y35.664
G1 F900 X59.277 Y33.821 E1778.84594
G0 F7200 X59.277 Y34.387
G1 F900 X61.12 Y36.23 E1778.91095
G0 F7200 X61.12 Y36.796
G1 F900 X59.277 Y34.952 E1778.97599
G0 F7200 X59.187 Y35.428
G1 F900 X61.12 Y37.361 E1779.04418
G0 F7200 X61.12 Y37.927
G1 F900 X58.955 Y35.762 E1779.12056
G0 F7200 X58.659 Y36.031
G1 F900 X61.12 Y38.493 E1779.20739
G0 F7200 X61.12 Y39.058
G1 F900 X58.227 Y36.166 E1779.30943
G0 F7200 X57.677 Y36.181
G1 F900 X61.12 Y39.624 E1779.43089
G0 F7200 X61.12 Y40.19
G1 F900 X57.111 Y36.181 E1779.57232
G0 F7200 X56.545 Y36.181
G1 F900 X61.12 Y40.756 E1779.73372
G0 F7200 X61.12 Y41.321
G1 F900 X55.98 Y36.181 E1779.91504
G0 F7200 X55.414 Y36.181
G1 F900 X61.12 Y41.887 E1780.11634
G0 F7200 X61.12 Y42.453
G1 F900 X54.848 Y36.181 E1780.3376
G0 F7200 X54.282 Y36.181
G1 F900 X61.12 Y43.018 E1780.57881
G0 F7200 X61.12 Y43.584
G1 F900 X53.717 Y36.181 E1780.83997
G0 F7200 X53.151 Y36.181
G1 F900 X61.12 Y44.15 E1781.1211
G0 F7200 X61.12 Y44.715
G1 F900 X52.585 Y36.181 E1781.42218
G0 F7200 X52.02 Y36.181
G1 F900 X61.12 Y45.281 E1781.74321
G0 F7200 X61.12 Y45.847
G1 F900 X51.454 Y36.181 E1782.0842
G0 F7200 X50.888 Y36.181
G1 F900 X61.12 Y46.412 E1782.44514
G0 F7200 X61.12 Y46.978
G1 F900 X50.323 Y36.181 E1782.82604
G0 F7200 X49.757 Y36.181
G1 F900 X61.12 Y47.544 E1783.2269
G0 F7200 X61.12 Y48.109
G1 F900 X49.191 Y36.181 E1783.64771
G0 F7200 X48.626 Y36.181
G1 F900 X61.12 Y48.675 E1784.08847
G0 F7200 X61.12 Y49.241
G1 F900 X48.06 Y36.181 E1784.54919
G0 F7200 X47.494 Y36.181
G1 F900 X61.12 Y49.806 E1785.02987
G0 F7200 X61.12 Y50.372
G1 F900 X46.929 Y36.181 E1785.5305
G0 F7200 X46.363 Y36.181
G1 F900 X61.12 Y50.938 E1786.05109
G0 F7200 X61.12 Y51.504
G1 F900 X45.797 Y36.181 E1786.59165
G0 F7200 X45.231 Y36.181
G1 F900 X61.12 Y52.069 E1787.15216
G0 F7200 X61.12 Y52.635
G1 F900 X44.666 Y36.181 E1787.73262
G0 F7200 X44.1 Y36.181
G1 F900 X61.12 Y53.201 E1788.33304
G0 F7200 X61.12 Y53.766
G1 F900 X43.534 Y36.181 E1788.95342
G0 F7200 X42.969 Y36.181
G1 F900 X61.12 Y54.332 E1789.59375
G0 F7200 X61.12 Y54.898
G1 F900 X42.403 Y36.181 E1790.25404
G0 F7200 X41.837 Y36.181
G1 F900 X61.12 Y55.463 E1790.93428
G0 F7200 X61.12 Y56.029
G1 F900 X38.88 Y33.788 E1791.71887
G0 F7200 X38.88 Y33.223
G1 F900 X40.729 Y35.072 E1791.7841
G0 F7200 X40.72 Y34.498
G1 F900 X38.88 Y32.657 E1791.84903
G0 F7200 X38.88 Y32.091
G1 F900 X40.72 Y33.932 E1791.91396
G0 F7200 X40.72 Y33.366
G1 F900 X38.88 Y31.526 E1791.97887
G0 F7200 X38.88 Y30.96
G1 F900 X40.72 Y32.801 E1792.0438
G0 F7200 X40.72 Y32.235
G1 F900 X38.88 Y30.394 E1792.10873
G0 F7200 X38.88 Y29.829
G1 F900 X40.72 Y31.669 E1792.17364
G0 F7200 X40.72 Y31.104
G1 F900 X38.88 Y29.263 E1792.23857
G0 F7200 X38.88 Y28.697
G1 F900 X40.72 Y30.538 E1792.3035
G0 F7200 X40.72 Y29.972
G1 F900 X38.88 Y28.132 E1792.36841
G0 F7200 X38.88 Y27.566
G1 F900 X40.72 Y29.406 E1792.43332
G0 F7200 X40.72 Y28.841
G1 F900 X38.88 Y27 E1792.49825
G0 F7200 X38.88 Y26.434
G1 F900 X40.72 Y28.275 E1792.56318
G0 F7200 X40.72 Y27.709
G1 F900 X38.88 Y25.869 E1792.62809
G0 F7200 X38.88 Y25.303
G1 F900 X40.72 Y27.144 E1792.69302
G0 F7200 X40.72 Y26.578
G1 F900 X38.88 Y24.737 E1792.75794
G0 F7200 X38.88 Y24.172
G1 F900 X40.72 Y26.012 E1792.82286
G0 F7200 X40.72 Y25.447
G1 F900 X38.88 Y23.606 E1792.88778
G0 F7200 X38.88 Y23.04
G1 F900 X40.72 Y24.881 E1792.95271
G0 F7200 X40.72 Y24.315
G1 F900 X38.88 Y22.475 E1793.01762
G0 F7200 X38.88 Y21.909
G1 F900 X40.72 Y23.75 E1793.08255
G0 F7200 X40.72 Y23.184
G1 F900 X38.88 Y21.343 E1793.14748
G0 F7200 X38.88 Y20.778
G1 F900 X40.72 Y22.618 E1793.21239
G0 F7200 X40.72 Y22.053
G1 F900 X38.88 Y20.212 E1793.27732
G0 F7200 X38.88 Y19.646
G1 F900 X40.72 Y21.487 E1793.34225
G0 F7200 X40.72 Y20.921
G1 F900 X38.88 Y19.081 E1793.40716
G0 F7200 X38.88 Y18.515
G1 F900 X40.72 Y20.355 E1793.47207
G0 F7200 X40.72 Y19.79
G1 F900 X38.88 Y17.949 E1793.537
G0 F7200 X38.88 Y17.384
G1 F900 X40.72 Y19.224 E1793.60191
G0 F7200 X40.72 Y18.658
G1 F900 X38.88 Y16.818 E1793.66682
G0 F7200 X38.88 Y16.252
G1 F900 X40.72 Y18.093 E1793.73175
G0 F7200 X40.72 Y17.527
G1 F900 X38.88 Y15.686 E1793.79668
G0 F7200 X38.88 Y15.121
G1 F900 X40.72 Y16.961 E1793.86159
G0 F7200 X40.72 Y16.396
G1 F900 X38.88 Y14.555 E1793.92652
G0 F7200 X38.88 Y13.989
G1 F900 X40.72 Y15.83 E1793.99145
G0 F7200 X40.72 Y15.264
G1 F900 X38.88 Y13.424 E1794.05636
G0 F7200 X39.401 Y13.38
G1 F900 X40.72 Y14.699 E1794.10289
G0 F7200 X40.72 Y14.133
G1 F900 X39.967 Y13.38 E1794.12945
G0 F7200 X40.533 Y13.38
G1 F900 X40.72 Y13.567 E1794.13605
G0 F7200 X38.88 Y34.354
G1 F900 X61.12 Y56.595 E1794.92064
G0 F7200 X61.12 Y57.16
G1 F900 X38.88 Y34.92 E1795.70522
G0 F7200 X38.88 Y35.485
G1 F900 X61.12 Y57.726 E1796.48981
G0 F7200 X61.12 Y58.292
G1 F900 X38.88 Y36.051 E1797.27441
G0 F7200 X38.88 Y36.617
G1 F900 X61.12 Y58.857 E1798.05898
G0 F7200 X61.12 Y59.423
G1 F900 X38.88 Y37.183 E1798.84356
G0 F7200 X38.88 Y37.748
G1 F900 X61.12 Y59.989 E1799.62815
G0 F7200 X61.12 Y60.555
G1 F900 X38.88 Y38.314 E1800.41275
G0 F7200 X38.88 Y38.88
G1 F900 X61.12 Y61.12 E1801.19732
G0 F7200 X61.12 Y61.686
G1 F900 X38.88 Y39.445 E1801.98192
G0 F7200 X38.88 Y40.011
G1 F900 X61.12 Y62.252 E1802.76651
G0 F7200 X61.12 Y62.817
G1 F900 X38.88 Y40.577 E1803.55109
G0 F7200 X38.88 Y41.142
G1 F900 X61.12 Y63.383 E1804.33568
G0 F7200 X61.12 Y63.949
G1 F900 X38.88 Y41.708 E1805.12027
G0 F7200 X38.88 Y42.274
G1 F900 X61.12 Y64.514 E1805.90485
G0 F7200 X61.12 Y65.08
G1 F900 X38.88 Y42.839 E1806.68944
G0 F7200 X38.88 Y43.405
G1 F900 X61.12 Y65.646 E1807.47404
G0 F7200 X61.12 Y66.211
G1 F900 X38.88 Y43.971 E1808.25861
G0 F7200 X38.88 Y44.536
G1 F900 X55.886 Y61.543 E1808.85856
G0 F7200 X55.316 Y61.539
G1 F900 X38.88 Y45.102 E1809.43841
G0 F7200 X38.88 Y45.668
G1 F900 X54.857 Y61.645 E1810.00204
G0 F7200 X54.514 Y61.868
G1 F900 X38.88 Y46.233 E1810.55359
G0 F7200 X38.88 Y46.799
G1 F900 X53.63 Y61.549 E1811.07393
G0 F7200 X53.055 Y61.54
G1 F900 X38.88 Y47.365 E1811.57399
G0 F7200 X38.88 Y47.931
G1 F900 X52.563 Y61.614 E1812.0567
G0 F7200 X52.18 Y61.797
G1 F900 X38.88 Y48.496 E1812.52591
G0 F7200 X38.88 Y49.062
G1 F900 X51.926 Y62.108 E1812.98614
G0 F7200 X51.763 Y62.511
G1 F900 X38.88 Y49.628 E1813.44063
G0 F7200 X38.88 Y50.193
G1 F900 X51.721 Y63.034 E1813.89363
G0 F7200 X51.721 Y63.6
G1 F900 X38.88 Y50.759 E1814.34663
G0 F7200 X38.88 Y51.325
G1 F900 X51.721 Y64.166 E1814.79963
G0 F7200 X51.721 Y64.731
G1 F900 X38.88 Y51.89 E1815.25263
G0 F7200 X38.88 Y52.456
G1 F900 X51.721 Y65.297 E1815.70563
G0 F7200 X51.721 Y65.863
G1 F900 X48.213 Y62.356 E1815.82937
G0 F7200 X48.275 Y62.983
G1 F900 X51.721 Y66.428 E1815.95092
G0 F7200 X51.721 Y66.994
G1 F900 X48.275 Y63.548 E1816.07248
G0 F7200 X48.276 Y64.115
G1 F900 X51.721 Y67.56 E1816.19401
G0 F7200 X51.721 Y68.125
G1 F900 X48.276 Y64.68 E1816.31555
G0 F7200 X48.276 Y65.246
G1 F900 X51.721 Y68.691 E1816.43708
G0 F7200 X51.721 Y69.257
G1 F900 X48.276 Y65.813 E1816.55859
G0 F7200 X48.276 Y66.378
G1 F900 X51.721 Y69.823 E1816.68012
G0 F7200 X51.721 Y70.388
G1 F900 X48.276 Y66.944 E1816.80164
G0 F7200 X48.277 Y67.51
G1 F900 X51.721 Y70.954 E1816.92313
G0 F7200 X51.721 Y71.52
G1 F900 X48.277 Y68.076 E1817.04463
G0 F7200 X48.277 Y68.642
G1 F900 X51.721 Y72.085 E1817.16611
G0 F7200 X51.721 Y72.651
G1 F900 X48.278 Y69.208 E1817.28757
G0 F7200 X48.278 Y69.774
G1 F900 X51.721 Y73.217 E1817.40903
G0 F7200 X51.709 Y73.771
G1 F900 X48.278 Y70.339 E1817.53009
G0 F7200 X48.278 Y70.906
G1 F900 X51.446 Y74.073 E1817.64183
G0 F7200 X51.238 Y74.431
G1 F900 X48.278 Y71.472 E1817.74623
G0 F7200 X48.278 Y72.037
G1 F900 X51.067 Y74.825 E1817.84461
G0 F7200 X50.918 Y75.243
G1 F900 X48.279 Y72.604 E1817.9377
G0 F7200 X48.279 Y73.169
G1 F900 X50.855 Y75.745 E1818.02858
G0 F7200 X50.829 Y76.285
G1 F900 X48.279 Y73.735 E1818.11854
G1 X48.209 Y73.665
G0 F7200 X48.984 Y75.006
G1 F900 X50.942 Y76.964 E1818.18761
G1 X51.012 Y77.034
G0 F7200 X51.329 Y77.916
G1 F900 X49.145 Y75.732 E1818.26466
G0 F7200 X49.155 Y76.308
G1 F900 X59.467 Y86.62 E1818.62844
G0 F7200 X58.901 Y86.62
G1 F900 X49.092 Y76.81 E1818.9745
G0 F7200 X48.965 Y77.249
G1 F900 X58.336 Y86.62 E1819.30508
G0 F7200 X57.77 Y86.62
G1 F900 X48.814 Y77.664 E1819.62103
G0 F7200 X48.605 Y78.021
G1 F900 X57.204 Y86.62 E1819.92438
G0 F7200 X56.639 Y86.62
G1 F900 X48.368 Y78.349 E1820.21617
G0 F7200 X48.102 Y78.649
G1 F900 X56.073 Y86.62 E1820.49736
G0 F7200 X55.507 Y86.62
G1 F900 X47.802 Y78.915 E1820.76918
G0 F7200 X47.463 Y79.142
G1 F900 X54.941 Y86.62 E1821.03299
G0 F7200 X54.376 Y86.62
G1 F900 X47.1 Y79.344 E1821.28967
G0 F7200 X46.69 Y79.5
G1 F900 X53.81 Y86.62 E1821.54084
G0 F7200 X53.244 Y86.62
G1 F900 X46.236 Y79.611 E1821.78809
G0 F7200 X45.729 Y79.67
G1 F900 X52.679 Y86.62 E1822.03327
G0 F7200 X52.113 Y86.62
G1 F900 X45.119 Y79.626 E1822.28
G0 F7200 X44.38 Y79.453
G1 F900 X51.547 Y86.62 E1822.53284
G0 F7200 X50.982 Y86.62
G1 F900 X38.88 Y74.518 E1822.95977
G0 F7200 X38.88 Y75.083
G1 F900 X50.416 Y86.62 E1823.36675
G0 F7200 X49.85 Y86.62
G1 F900 X38.88 Y75.649 E1823.75376
G0 F7200 X38.88 Y76.215
G1 F900 X49.285 Y86.62 E1824.12083
G0 F7200 X48.719 Y86.62
G1 F900 X38.88 Y76.78 E1824.46794
G0 F7200 X38.88 Y77.346
G1 F900 X48.153 Y86.62 E1824.79509
G0 F7200 X47.588 Y86.62
G1 F900 X38.88 Y77.912 E1825.10229
G0 F7200 X38.88 Y78.478
G1 F900 X47.022 Y86.62 E1825.38952
G0 F7200 X46.456 Y86.62
G1 F900 X38.88 Y79.043 E1825.6568
G0 F7200 X38.88 Y79.609
G1 F900 X45.891 Y86.62 E1825.90413
G0 F7200 X45.325 Y86.62
G1 F900 X38.88 Y80.175 E1826.1315
G0 F7200 X38.88 Y80.74
G1 F900 X44.759 Y86.62 E1826.33891
G0 F7200 X44.193 Y86.62
G1 F900 X38.88 Y81.306 E1826.52636
G0 F7200 X38.88 Y81.872
G1 F900 X43.628 Y86.62 E1826.69386
G0 F7200 X43.062 Y86.62
G1 F900 X38.88 Y82.437 E1826.84141
G0 F7200 X38.88 Y83.003
G1 F900 X42.496 Y86.62 E1826.96899
G0 F7200 X41.931 Y86.62
G1 F900 X38.88 Y83.569 E1827.07662
G0 F7200 X38.88 Y84.134
G1 F900 X41.365 Y86.62 E1827.1643
G0 F7200 X40.799 Y86.62
G1 F900 X38.88 Y84.7 E1827.23202
G0 F7200 X38.88 Y85.266
G1 F900 X40.234 Y86.62 E1827.27978
G0 F7200 X39.668 Y86.62
G1 F900 X38.88 Y85.831 E1827.3076
G0 F7200 X38.88 Y86.397
G1 F900 X39.102 Y86.62 E1827.31545
G0 F7200 X42.255 Y77.328
G1 F900 X38.88 Y73.952 E1827.43453
G0 F7200 X38.88 Y73.386
G1 F900 X42.06 Y76.567 E1827.54673
G0 F7200 X42.027 Y75.968
G1 F900 X38.88 Y72.821 E1827.65775
G0 F7200 X38.88 Y72.255
G1 F900 X42.088 Y75.463 E1827.77092
G0 F7200 X42.206 Y75.016
G1 F900 X38.88 Y71.689 E1827.88827
G0 F7200 X38.88 Y71.124
G1 F900 X42.354 Y74.598 E1828.01083
G0 F7200 X42.556 Y74.234
G1 F900 X38.88 Y70.558 E1828.14051
G0 F7200 X38.88 Y69.992
G1 F900 X42.793 Y73.905 E1828.27855
G0 F7200 X42.92 Y73.467
G1 F900 X38.88 Y69.427 E1828.42107
G0 F7200 X38.88 Y68.861
G1 F900 X42.92 Y72.901 E1828.56359
G0 F7200 X42.92 Y72.336
G1 F900 X38.88 Y68.295 E1828.70613
G0 F7200 X38.88 Y67.73
G1 F900 X42.92 Y71.77 E1828.84865
G0 F7200 X42.92 Y71.204
G1 F900 X38.88 Y67.164 E1828.99118
G0 F7200 X38.88 Y66.598
G1 F900 X42.92 Y70.639 E1829.13372
G0 F7200 X42.92 Y70.073
G1 F900 X38.88 Y66.032 E1829.27626
G0 F7200 X38.88 Y65.467
G1 F900 X42.92 Y69.507 E1829.41878
G0 F7200 X42.92 Y68.941
G1 F900 X38.88 Y64.901 E1829.5613
G0 F7200 X38.88 Y64.335
G1 F900 X42.92 Y68.376 E1829.70384
G0 F7200 X42.92 Y67.81
G1 F900 X38.88 Y63.77 E1829.84636
G0 F7200 X38.88 Y63.204
G1 F900 X42.92 Y67.244 E1829.98888
G0 F7200 X42.92 Y66.679
G1 F900 X38.88 Y62.638 E1830.13142
G0 F7200 X38.88 Y62.073
G1 F900 X42.92 Y66.113 E1830.27394
G0 F7200 X42.92 Y65.547
G1 F900 X38.88 Y61.507 E1830.41647
G0 F7200 X38.88 Y60.941
G1 F900 X42.92 Y64.982 E1830.55901
G0 F7200 X42.92 Y64.416
G1 F900 X38.88 Y60.376 E1830.70153
G0 F7200 X38.88 Y59.81
G1 F900 X42.92 Y63.85 E1830.84405
G0 F7200 X42.92 Y63.285
G1 F900 X38.88 Y59.244 E1830.98659
G0 F7200 X38.88 Y58.679
G1 F900 X42.92 Y62.719 E1831.12911
G0 F7200 X43.034 Y62.267
G1 F900 X38.88 Y58.113 E1831.27565
G0 F7200 X38.88 Y57.547
G1 F900 X43.266 Y61.933 E1831.43038
G0 F7200 X43.575 Y61.677
G1 F900 X38.88 Y56.981 E1831.59603
G0 F7200 X38.88 Y56.416
G1 F900 X44.008 Y61.544 E1831.77693
G0 F7200 X44.573 Y61.544
G1 F900 X38.88 Y55.85 E1831.97779
G0 F7200 X38.88 Y55.284
G1 F900 X45.34 Y61.745 E1832.2057
G0 F7200 X45.884 Y61.723
G1 F900 X38.88 Y54.719 E1832.45278
G0 F7200 X38.88 Y54.153
G1 F900 X46.294 Y61.567 E1832.71433
G0 F7200 X46.833 Y61.541
G1 F900 X38.88 Y53.587 E1832.99491
G0 F7200 X38.88 Y53.022
G1 F900 X47.453 Y61.595 E1833.29735
G1 X47.523 Y61.665
G0 F7200 X56.738 Y61.882
G0 X57.08 Y62.737
G1 F900 X61.12 Y66.777 E1833.43987
G0 F7200 X61.12 Y67.343
G1 F900 X57.08 Y63.302 E1833.58241
G0 F7200 X57.08 Y63.868
G1 F900 X61.12 Y67.908 E1833.72493
G0 F7200 X61.12 Y68.474
G1 F900 X57.08 Y64.434 E1833.86745
G0 F7200 X57.08 Y64.999
G1 F900 X61.12 Y69.04 E1834.00999
G0 F7200 X61.12 Y69.605
G1 F900 X57.08 Y65.565 E1834.15252
G0 F7200 X57.08 Y66.131
G1 F900 X61.12 Y70.171 E1834.29504
G0 F7200 X61.12 Y70.737
G1 F900 X57.08 Y66.696 E1834.43758
G0 F7200 X57.08 Y67.262
G1 F900 X61.12 Y71.303 E1834.58012
G0 F7200 X61.12 Y71.868
G1 F900 X57.08 Y67.828 E1834.72264
G0 F7200 X57.08 Y68.393
G1 F900 X61.12 Y72.434 E1834.86518
G0 F7200 X61.12 Y73
G1 F900 X57.08 Y68.959 E1835.00772
G0 F7200 X57.08 Y69.525
G1 F900 X61.12 Y73.565 E1835.15024
G0 F7200 X61.12 Y74.131
G1 F900 X57.08 Y70.091 E1835.29276
G0 F7200 X57.08 Y70.656
G1 F900 X61.12 Y74.697 E1835.4353
G0 F7200 X61.12 Y75.262
G1 F900 X57.08 Y71.222 E1835.57782
G0 F7200 X57.08 Y71.788
G1 F900 X61.12 Y75.828 E1835.72035
G0 F7200 X61.12 Y76.394
G1 F900 X57.08 Y72.353 E1835.86288
G0 F7200 X57.08 Y72.919
G1 F900 X61.12 Y76.959 E1836.00541
G0 F7200 X61.12 Y77.525
G1 F900 X57.08 Y73.485 E1836.14793
G1 X57.01 Y73.415
G0 F7200 X57.652 Y74.622
G1 F900 X61.12 Y78.091 E1836.27029
G0 F7200 X61.12 Y78.656
G1 F900 X57.924 Y75.46 E1836.38304
G0 F7200 X57.978 Y76.08
G1 F900 X61.12 Y79.222 E1836.49388
G0 F7200 X61.12 Y79.788
G1 F900 X57.921 Y76.589 E1836.60673
G0 F7200 X57.829 Y77.062
G1 F900 X61.12 Y80.353 E1836.72283
G0 F7200 X61.12 Y80.919
G1 F900 X57.683 Y77.482 E1836.84408
G0 F7200 X57.493 Y77.858
G1 F900 X61.12 Y81.485 E1836.97203
G0 F7200 X61.12 Y82.051
G1 F900 X57.289 Y78.219 E1837.1072
G0 F7200 X57.019 Y78.515
G1 F900 X61.12 Y82.616 E1837.25187
G0 F7200 X61.12 Y83.182
G1 F900 X56.735 Y78.796 E1837.40658
G0 F7200 X56.421 Y79.048
G1 F900 X61.12 Y83.748 E1837.57237
G0 F7200 X61.12 Y84.313
G1 F900 X56.065 Y79.258 E1837.7507
G0 F7200 X55.675 Y79.434
G1 F900 X61.12 Y84.879 E1837.94279
G0 F7200 X61.12 Y85.445
G1 F900 X55.24 Y79.564 E1838.15024
G0 F7200 X54.763 Y79.653
G1 F900 X61.12 Y86.01 E1838.3745
G0 F7200 X61.12 Y86.576
G1 F900 X54.202 Y79.658 E1838.61855
G0 F7200 X53.561 Y79.582
G1 F900 X60.598 Y86.62 E1838.86682
G0 F7200 X60.033 Y86.62
G1 F900 X52.585 Y79.173 E1839.12955
G1 X52.515 Y79.103
G0 F7200 X52.467 Y79.231
;MESH:NONMESH
G0 F600 Z3.485
G0 F7200 X51.449 Y77.471
G0 X42.698 Y35.849
G0 X41.062 Y35.838
G0 X37.311 Y11.925
G0 X37.163 Y11.925
;TIME_ELAPSED:3999.539532
;LAYER:15
;TYPE:FILL
;MESH:luckfox_top.stl
G1 F3000 X37.428 Y11.659 E1839.13891
G0 F7200 X37.428 Y11.811
G0 X39.944 Y11.811
G0 X39.944 Y11.66
G1 F3000 X41.14 Y12.856 E1839.18111
G1 X41.21 Y12.926
G0 F7200 X40.99 Y12.926
G0 X38.54 Y15.913
G1 F3000 X37.162 Y14.535 E1839.22972
G1 X37.092 Y14.465
G0 F7200 X37.311 Y14.465
G0 X38.54 Y16.204
G1 F3000 X37.163 Y17.582 E1839.27831
G1 X37.093 Y17.652
G0 F7200 X37.311 Y17.652
G0 X37.311 Y20.191
G0 X37.162 Y20.191
G1 F3000 X38.54 Y21.57 E1839.32694
G0 F7200 X38.54 Y21.861
G1 F3000 X37.163 Y23.238 E1839.37552
G1 X37.093 Y23.308
G0 F7200 X37.311 Y23.308
G0 X37.311 Y25.848
G0 X37.162 Y25.848
G1 F3000 X38.54 Y27.226 E1839.42413
G0 F7200 X38.54 Y27.518
G1 F3000 X37.163 Y28.895 E1839.47271
G1 X37.093 Y28.965
G0 F7200 X37.311 Y28.965
G0 X37.311 Y31.504
G0 X37.161 Y31.504
G1 F3000 X38.54 Y32.883 E1839.52136
G0 F7200 X38.54 Y33.175
G1 F3000 X37.162 Y34.553 E1839.56997
G1 X37.092 Y34.623
G0 F7200 X37.311 Y34.623
G0 X37.311 Y37.161
G0 X37.161 Y37.161
G1 F3000 X38.54 Y38.54 E1839.61862
G0 F7200 X38.54 Y38.831
G1 F3000 X37.162 Y40.21 E1839.66725
G1 X37.092 Y40.28
G0 F7200 X37.311 Y40.28
G0 X37.311 Y42.818
G0 X37.161 Y42.818
G1 F3000 X38.54 Y44.197 E1839.7159
G0 F7200 X38.54 Y44.488
G1 F3000 X37.162 Y45.866 E1839.76451
G1 X37.092 Y45.936
G0 F7200 X37.311 Y45.936
G0 X37.311 Y48.475
G0 X37.161 Y48.475
G1 F3000 X38.54 Y49.854 E1839.81316
G0 F7200 X38.54 Y50.145
G1 F3000 X37.161 Y51.524 E1839.86181
G1 X37.091 Y51.594
G0 F7200 X37.311 Y51.594
G0 X37.311 Y54.131
G0 X37.161 Y54.131
G1 F3000 X38.54 Y55.511 E1839.91047
G0 F7200 X38.54 Y55.802
G1 F3000 X37.161 Y57.181 E1839.95912
G1 X37.091 Y57.251
G0 F7200 X37.311 Y57.251
G0 X37.311 Y59.788
G0 X37.161 Y59.788
G1 F3000 X38.54 Y61.168 E1840.00779
G0 F7200 X38.54 Y61.459
G1 F3000 X37.161 Y62.838 E1840.05643
G1 X37.091 Y62.908
G0 F7200 X37.311 Y62.908
G0 X37.311 Y65.445
G0 X37.161 Y65.445
G1 F3000 X38.54 Y66.824 E1840.10508
G0 F7200 X38.54 Y67.116
G1 F3000 X37.161 Y68.495 E1840.15373
G1 X37.091 Y68.565
G0 F7200 X37.311 Y68.565
G0 X37.311 Y71.101
G0 X37.16 Y71.101
G1 F3000 X38.54 Y72.481 E1840.20241
G0 F7200 X38.54 Y72.773
G1 F3000 X37.161 Y74.152 E1840.25106
G1 X37.091 Y74.222
G0 F7200 X37.311 Y74.222
G0 X37.311 Y76.758
G0 X37.16 Y76.758
G1 F3000 X38.54 Y78.138 E1840.29974
G0 F7200 X38.54 Y78.429
G1 F3000 X37.161 Y79.809 E1840.34841
G1 X37.091 Y79.879
G0 F7200 X37.311 Y79.879
G0 X37.311 Y82.415
G0 X37.16 Y82.415
G1 F3000 X38.54 Y83.795 E1840.39709
G0 F7200 X38.54 Y84.086
G1 F3000 X37.161 Y85.466 E1840.44576
G1 X37.091 Y85.536
G0 F7200 X37.311 Y85.536
G0 X37.311 Y88.072
G0 X37.16 Y88.072
G1 F3000 X37.417 Y88.329 E1840.45482
G0 F7200 X37.418 Y88.185
G0 X39.954 Y88.185
G0 X39.953 Y88.33
G1 F3000 X41.323 Y86.96 E1840.50315
G0 F7200 X41.705 Y86.96
G1 F3000 X43.076 Y88.33 E1840.5515
G1 X43.146 Y88.4
G0 F7200 X43.147 Y88.186
G0 X45.609 Y88.186
G0 X45.608 Y88.332
G1 F3000 X46.98 Y86.96 E1840.5999
G0 F7200 X47.362 Y86.96
G1 F3000 X48.735 Y88.332 E1840.64832
G1 X48.805 Y88.402
G0 F7200 X48.806 Y88.187
G0 X51.264 Y88.188
G0 X51.263 Y88.334
G1 F3000 X52.637 Y86.96 E1840.69679
G0 F7200 X53.019 Y86.96
G1 F3000 X54.393 Y88.335 E1840.74528
G1 X54.463 Y88.405
G0 F7200 X54.464 Y88.189
G0 X56.919 Y88.189
G0 X56.918 Y88.336
G1 F3000 X58.294 Y86.96 E1840.79383
G0 F7200 X58.676 Y86.96
G1 F3000 X60.052 Y88.336 E1840.84237
G1 X60.122 Y88.406
G0 F7200 X60.123 Y88.19
G0 X62.574 Y88.19
G0 X62.573 Y88.337
G1 F3000 X62.829 Y88.081 E1840.8514
G0 F7200 X62.685 Y88.08
G0 X62.685 Y85.456
G0 X62.83 Y85.457
G1 F3000 X61.46 Y84.087 E1840.89973
G0 F7200 X61.46 Y83.794
G1 F3000 X62.829 Y82.425 E1840.94802
G1 X62.899 Y82.355
G0 F7200 X62.685 Y82.354
G0 X62.685 Y79.8
G0 X62.831 Y79.801
G1 F3000 X61.46 Y78.43 E1840.99639
G0 F7200 X61.46 Y78.137
G1 F3000 X62.83 Y76.767 E1841.04472
G1 X62.9 Y76.697
G0 F7200 X62.685 Y76.696
G0 X62.686 Y74.143
G0 X62.831 Y74.144
G1 F3000 X61.46 Y72.773 E1841.09309
G0 F7200 X61.46 Y72.48
G1 F3000 X62.831 Y71.109 E1841.14145
G1 X62.901 Y71.039
G0 F7200 X62.686 Y71.038
G0 X62.686 Y68.487
G0 X62.831 Y68.488
G1 F3000 X61.46 Y67.116 E1841.18984
G0 F7200 X61.46 Y66.823
G1 F3000 X62.831 Y65.453 E1841.23818
G1 X62.901 Y65.383
G0 F7200 X62.686 Y65.382
G0 X62.686 Y62.83
G0 X62.831 Y62.831
G1 F3000 X61.46 Y61.46 E1841.28655
G0 F7200 X61.46 Y61.166
G1 F3000 X62.831 Y59.795 E1841.33491
G1 X62.901 Y59.725
G0 F7200 X62.687 Y59.724
G0 X62.687 Y57.174
G0 X62.832 Y57.175
G1 F3000 X61.46 Y55.803 E1841.38332
G0 F7200 X61.46 Y55.509
G1 F3000 X62.832 Y54.138 E1841.4317
G1 X62.902 Y54.068
G0 F7200 X62.687 Y54.067
G0 X62.687 Y51.518
G0 X62.833 Y51.519
G1 F3000 X61.46 Y50.146 E1841.48014
G0 F7200 X61.46 Y49.852
G1 F3000 X62.832 Y48.481 E1841.52852
G1 X62.902 Y48.411
G0 F7200 X62.688 Y48.41
G0 X62.688 Y45.861
G0 X62.833 Y45.862
G1 F3000 X61.46 Y44.489 E1841.57696
G0 F7200 X61.46 Y44.196
G1 F3000 X62.833 Y42.823 E1841.62539
G1 X62.903 Y42.753
G0 F7200 X62.688 Y42.752
G0 X62.688 Y40.205
G0 X62.834 Y40.206
G1 F3000 X61.46 Y38.832 E1841.67386
G0 F7200 X61.46 Y38.539
G1 F3000 X62.834 Y37.166 E1841.72232
G1 X62.904 Y37.096
G0 F7200 X62.689 Y37.095
G0 X62.689 Y34.549
G0 X62.834 Y34.55
G1 F3000 X61.46 Y33.175 E1841.77081
G0 F7200 X61.46 Y32.882
G1 F3000 X62.834 Y31.509 E1841.81926
G1 X62.904 Y31.439
G0 F7200 X62.689 Y31.438
G0 X62.689 Y28.892
G0 X62.834 Y28.893
G1 F3000 X61.46 Y27.518 E1841.86775
G0 F7200 X61.46 Y27.225
G1 F3000 X62.834 Y25.851 E1841.91622
G1 X62.904 Y25.781
G0 F7200 X62.689 Y25.78
G0 X62.69 Y23.236
G0 X62.835 Y23.237
G1 F3000 X61.46 Y21.862 E1841.96473
G0 F7200 X61.46 Y21.568
G1 F3000 X62.834 Y20.194 E1842.0132
G1 X62.904 Y20.124
G0 F7200 X62.69 Y20.123
G0 X62.69 Y17.58
G0 X62.836 Y17.581
G1 F3000 X61.46 Y16.205 E1842.06174
G0 F7200 X61.46 Y15.911
G1 F3000 X62.835 Y14.537 E1842.11023
G1 X62.905 Y14.467
G0 F7200 X62.69 Y14.466
G0 X62.69 Y11.923
G0 X62.836 Y11.924
G1 F3000 X62.575 Y11.664 E1842.11942
G0 F7200 X62.574 Y11.81
G0 X60.052 Y11.81
G0 X60.053 Y11.662
G1 F3000 X58.861 Y12.854 E1842.16147
G1 X58.791 Y12.924
G0 F7200 X59.01 Y12.924
G0 X58.938 Y35.838
G0 X54.462 Y61.882
G0 X54.345 Y74.967
G0 X53.525 Y76.006
G0 X53.378 Y76.005
G1 F3000 X54.495 Y77.123 E1842.20089
G1 X54.565 Y77.193
G0 F7200 X54.511 Y76.977
G0 X54.338 Y61.882
G0 X45.662 Y61.882
G0 X45.655 Y74.985
G0 X46.476 Y76.002
G0 X46.624 Y76.003
G1 F3000 X45.502 Y77.124 E1842.24046
G1 X45.432 Y77.194
G0 F7200 X45.488 Y76.977
G0 X45.662 Y61.882
G0 X58.938 Y35.838
G0 X58.701 Y35.115
;TYPE:WALL-INNER
G1 F2400 X58.61 Y35.317 E1842.24598
G1 X58.405 Y35.518 E1842.25315
G1 X58.166 Y35.601 E1842.25946
G1 X41.837 Y35.6 E1842.66679
G1 X41.595 Y35.517 E1842.67317
G1 X41.39 Y35.317 E1842.68031
G1 X41.3 Y35.117 E1842.68578
G1 X41.3 Y11.5 E1843.27491
G1 X37.105 Y11.5 E1843.37956
G1 X37 Y11.636 E1843.38384
G1 X37.001 Y88.356 E1845.29763
G1 X37.061 Y88.449 E1845.30039
G1 X37.169 Y88.492 E1845.30329
G1 X62.865 Y88.5 E1845.94428
G1 X62.992 Y88.371 E1845.9488
G1 X62.999 Y11.688 E1847.86166
G1 X62.962 Y11.559 E1847.86501
G1 X62.824 Y11.5 E1847.86875
G1 X58.701 Y11.501 E1847.9716
G1 X58.701 Y35.115 E1848.56066
G0 F7200 X59.01 Y35.115
G0 X56.81 Y62.637
G0 X56.5 Y62.637
G1 F2400 X56.5 Y73.987 E1848.84378
G1 X56.774 Y74.272 E1848.85364
G1 X57.106 Y74.796 E1848.86912
G1 X57.344 Y75.498 E1848.88761
G1 X57.397 Y76.08 E1848.90219
G1 X57.316 Y76.796 E1848.92016
G1 X57.137 Y77.319 E1848.93395
G1 X56.83 Y77.866 E1848.9496
G1 X56.428 Y78.307 E1848.96448
G1 X56.111 Y78.563 E1848.97465
G1 X55.685 Y78.809 E1848.98692
G1 X55.274 Y78.966 E1848.99789
G1 X54.804 Y79.072 E1849.00991
G1 X54.395 Y79.1 E1849.02014
G1 X53.662 Y79.012 E1849.03855
G1 X53.07 Y78.789 E1849.05434
G1 X52.641 Y78.533 E1849.0668
G1 X52.22 Y78.158 E1849.08086
G1 X51.969 Y77.86 E1849.09058
G1 X51.69 Y77.391 E1849.10419
G1 X51.456 Y76.68 E1849.12286
G1 X51.396 Y76.112 E1849.13711
G1 X51.493 Y75.345 E1849.1564
G1 X51.686 Y74.818 E1849.1704
G1 X51.947 Y74.368 E1849.18337
G1 X52.3 Y73.985 E1849.19637
G1 X52.3 Y62.72 E1849.47737
G1 X52.365 Y62.447 E1849.48437
G1 X52.606 Y62.196 E1849.49305
G1 X52.803 Y62.121 E1849.49831
G1 X53.567 Y62.119 E1849.51737
G1 X53.805 Y62.203 E1849.52367
G1 X53.958 Y62.332 E1849.52866
G1 F2133.3 X54.15 Y62.72 E1849.54081
G1 F1912.4 X54.149 Y74.597 E1849.91263
G1 F2123.9 X53.999 Y74.875 E1849.92153
G1 F2400 X53.587 Y75.224 E1849.935
G1 X53.38 Y75.47 E1849.94302
G1 X53.216 Y75.936 E1849.95535
G1 X53.213 Y76.258 E1849.96338
G1 X53.259 Y76.455 E1849.96843
G1 X53.467 Y76.848 E1849.97952
G1 X53.698 Y77.067 E1849.98746
G1 X53.954 Y77.209 E1849.99476
G1 X54.251 Y77.284 E1850.0024
G1 X54.545 Y77.283 E1850.00974
G1 X54.84 Y77.209 E1850.01732
G1 X55.097 Y77.066 E1850.02466
G1 X55.306 Y76.873 E1850.03176
G1 X55.51 Y76.534 E1850.04162
G1 X55.584 Y76.264 E1850.04861
G1 X55.584 Y75.952 E1850.05639
G1 X55.511 Y75.669 E1850.06368
G1 X55.306 Y75.324 E1850.07369
G1 X54.801 Y74.875 E1850.09055
G1 F2123.9 X54.651 Y74.597 E1850.09945
G1 F1912.4 X54.65 Y62.72 E1850.47128
G1 F2133.3 X54.842 Y62.332 E1850.48342
G1 F2400 X54.995 Y62.203 E1850.48842
G1 X55.241 Y62.122 E1850.49488
G1 X55.964 Y62.123 E1850.51291
G1 X56.261 Y62.239 E1850.52087
G1 X56.402 Y62.389 E1850.526
G1 X56.5 Y62.637 E1850.53265
G0 F7200 X56.81 Y62.637
G0 X52.062 Y61.882
G0 X48.01 Y62.447
G0 X47.635 Y62.447
G1 F2400 X47.7 Y62.72 E1850.53965
G1 X47.7 Y73.987 E1850.82071
G1 X48.049 Y74.37 E1850.83364
G1 X48.308 Y74.801 E1850.84618
G1 X48.54 Y75.486 E1850.86422
G1 X48.601 Y76.087 E1850.87929
G1 X48.504 Y76.85 E1850.89848
G1 X48.315 Y77.373 E1850.91235
G1 X48.028 Y77.863 E1850.92651
G1 X47.66 Y78.277 E1850.94033
G1 X47.352 Y78.537 E1850.95038
G1 X46.845 Y78.827 E1850.96495
G1 X46.473 Y78.966 E1850.97486
G1 X46.004 Y79.072 E1850.98686
G1 X45.595 Y79.1 E1850.99708
G1 X44.866 Y79.013 E1851.0154
G1 X44.314 Y78.813 E1851.03004
G1 X43.823 Y78.525 E1851.04424
G1 X43.27 Y78.014 E1851.06302
G1 X42.887 Y77.392 E1851.08124
G1 X42.661 Y76.714 E1851.09907
G1 X42.596 Y76.114 E1851.11413
G1 X42.685 Y75.359 E1851.13309
G1 X42.91 Y74.772 E1851.14877
G1 X43.138 Y74.383 E1851.16002
G1 X43.5 Y73.985 E1851.17344
G1 X43.5 Y62.636 E1851.45654
G1 X43.599 Y62.389 E1851.46318
G1 X43.739 Y62.24 E1851.46828
G1 X44.036 Y62.123 E1851.47624
G1 X44.788 Y62.126 E1851.495
G1 X45.005 Y62.203 E1851.50075
G1 X45.158 Y62.332 E1851.50574
G1 F2133.3 X45.35 Y62.72 E1851.51789
G1 F1912.4 X45.349 Y74.597 E1851.88971
G1 F2123.9 X45.199 Y74.875 E1851.89861
G1 F2400 X44.787 Y75.224 E1851.91208
G1 X44.58 Y75.47 E1851.9201
G1 X44.416 Y75.936 E1851.93243
G1 X44.413 Y76.258 E1851.94046
G1 X44.459 Y76.455 E1851.94551
G1 X44.669 Y76.853 E1851.95673
G1 X44.899 Y77.066 E1851.96455
G1 X45.156 Y77.209 E1851.97189
G1 X45.451 Y77.284 E1851.97948
G1 X45.745 Y77.283 E1851.98681
G1 X46.04 Y77.209 E1851.9944
G1 X46.297 Y77.066 E1852.00174
G1 X46.506 Y76.873 E1852.00883
G1 X46.71 Y76.534 E1852.0187
G1 X46.784 Y76.264 E1852.02569
G1 X46.784 Y75.952 E1852.03347
G1 X46.711 Y75.669 E1852.04076
G1 X46.506 Y75.324 E1852.05077
G1 X46.001 Y74.875 E1852.06763
G1 F2123.9 X45.851 Y74.597 E1852.07653
G1 F1912.4 X45.85 Y62.72 E1852.44835
G1 F2133.3 X46.042 Y62.332 E1852.4605
G1 F2400 X46.195 Y62.203 E1852.46549
G1 X46.441 Y62.122 E1852.47196
G1 X47.147 Y62.121 E1852.48957
G1 X47.394 Y62.196 E1852.49601
G1 X47.635 Y62.447 E1852.50469
G0 F7200 X47.3 Y62.72
;TYPE:WALL-OUTER
G1 F1200 X47.3 Y74.147 E1852.78973
G1 X47.685 Y74.549 E1852.80362
G1 X47.942 Y74.971 E1852.81594
G1 X48.152 Y75.604 E1852.83258
G1 X48.196 Y76.064 E1852.84411
G1 X48.118 Y76.745 E1852.86121
G1 X47.945 Y77.218 E1852.87377
G1 X47.703 Y77.629 E1852.88567
G1 X47.39 Y77.982 E1852.89744
G1 X47.123 Y78.209 E1852.90618
G1 X46.698 Y78.455 E1852.91843
G1 X46.385 Y78.576 E1852.9268
G1 X45.935 Y78.678 E1852.93831
G1 X45.57 Y78.699 E1852.94743
G1 X44.978 Y78.623 E1852.96232
G1 X44.488 Y78.453 E1852.97526
G1 X44.049 Y78.189 E1852.98803
G1 X43.699 Y77.87 E1852.99985
G1 X43.484 Y77.611 E1853.00824
G1 X43.246 Y77.204 E1853.02
G1 X43.049 Y76.597 E1853.03592
G1 X43.001 Y76.137 E1853.04746
G1 X43.073 Y75.48 E1853.06395
G1 X43.255 Y74.974 E1853.07736
G1 X43.483 Y74.586 E1853.08859
G1 X43.9 Y74.147 E1853.10369
G1 X43.903 Y62.68 E1853.38974
G1 X43.979 Y62.56 E1853.39328
G1 X44.056 Y62.524 E1853.3954
G1 X44.72 Y62.52 E1853.41196
G1 X44.853 Y62.59 E1853.41571
G1 X44.9 Y62.72 E1853.41916
G1 X44.9 Y74.558 E1853.71446
G1 X44.867 Y74.652 E1853.71695
G1 X44.511 Y74.931 E1853.72823
G1 X44.244 Y75.248 E1853.73857
G1 X44.117 Y75.5 E1853.74561
G1 X44.016 Y75.883 E1853.75549
G1 X44.013 Y76.302 E1853.76594
G1 X44.079 Y76.586 E1853.77321
G1 X44.367 Y77.119 E1853.78833
G1 X44.663 Y77.392 E1853.79837
G1 X45.007 Y77.584 E1853.8082
G1 X45.401 Y77.684 E1853.81834
G1 X45.795 Y77.683 E1853.82817
G1 X46.189 Y77.584 E1853.8383
G1 X46.533 Y77.392 E1853.84813
G1 X46.819 Y77.128 E1853.85784
G1 X47.082 Y76.692 E1853.87054
G1 X47.184 Y76.317 E1853.88023
G1 X47.184 Y75.902 E1853.89059
G1 X47.085 Y75.514 E1853.90057
G1 X46.824 Y75.076 E1853.91329
G1 X46.333 Y74.652 E1853.92948
G1 X46.3 Y74.558 E1853.93196
G1 X46.3 Y62.72 E1854.22726
G1 X46.347 Y62.59 E1854.23071
G1 X46.48 Y62.52 E1854.23446
G1 X47.116 Y62.52 E1854.25032
G1 X47.224 Y62.562 E1854.25321
G1 X47.3 Y62.72 E1854.25759
G0 F7200 X47.3 Y62.92
G0 X48.01 Y62.92
G0 X52.062 Y61.882
G0 X56.738 Y61.882
G0 X56.81 Y62.68
G0 X56.097 Y62.68
G1 F1200 X56.1 Y74.147 E1854.54363
G1 X56.485 Y74.549 E1854.55752
G1 X56.75 Y74.991 E1854.57037
G1 X56.952 Y75.604 E1854.58647
G1 X56.997 Y76.08 E1854.5984
G1 X56.922 Y76.727 E1854.61465
G1 X56.745 Y77.218 E1854.62767
G1 X56.49 Y77.646 E1854.6401
G1 X55.938 Y78.197 E1854.65955
G1 X55.511 Y78.449 E1854.67192
G1 X55.185 Y78.576 E1854.68065
G1 X54.735 Y78.678 E1854.69216
G1 X54.37 Y78.699 E1854.70128
G1 X53.778 Y78.623 E1854.71617
G1 X53.274 Y78.445 E1854.7295
G1 X52.869 Y78.205 E1854.74124
G1 X52.508 Y77.88 E1854.75336
G1 X52.293 Y77.626 E1854.76166
G1 X52.062 Y77.24 E1854.77288
G1 X51.85 Y76.611 E1854.78944
G1 X51.8 Y76.096 E1854.80235
G1 X51.879 Y75.451 E1854.81856
G1 X52.047 Y74.99 E1854.8308
G1 X52.286 Y74.581 E1854.84261
G1 X52.7 Y74.147 E1854.85757
G1 X52.706 Y62.67 E1855.14387
G1 X52.845 Y62.519 E1855.14899
G1 X53.539 Y62.523 E1855.1663
G1 X53.653 Y62.59 E1855.1696
G1 X53.7 Y62.72 E1855.17305
G1 X53.7 Y74.558 E1855.46835
G1 X53.667 Y74.652 E1855.47083
G1 X53.311 Y74.931 E1855.48212
G1 X53.044 Y75.248 E1855.49245
G1 X52.917 Y75.5 E1855.49949
G1 X52.816 Y75.883 E1855.50937
G1 X52.813 Y76.302 E1855.51983
G1 X52.879 Y76.586 E1855.5271
G1 X53.164 Y77.112 E1855.54202
G1 X53.46 Y77.393 E1855.5522
G1 X53.806 Y77.584 E1855.56206
G1 X54.201 Y77.684 E1855.57223
G1 X54.595 Y77.683 E1855.58206
G1 X54.989 Y77.584 E1855.59219
G1 X55.333 Y77.392 E1855.60202
G1 X55.619 Y77.128 E1855.61173
G1 X55.882 Y76.692 E1855.62443
G1 X55.984 Y76.317 E1855.63412
G1 X55.984 Y75.902 E1855.64447
G1 X55.885 Y75.514 E1855.65446
G1 X55.624 Y75.076 E1855.66718
G1 X55.133 Y74.652 E1855.68336
G1 X55.1 Y74.558 E1855.68585
G1 X55.1 Y62.72 E1855.98115
G1 X55.147 Y62.59 E1855.9846
G1 X55.28 Y62.52 E1855.98835
G1 X55.944 Y62.524 E1856.00491
G1 X56.021 Y62.559 E1856.00702
G1 X56.097 Y62.68 E1856.01059
G0 F7200 X56.097 Y62.88
G0 X56.81 Y62.88
G0 X59.01 Y35.043
G0 X58.301 Y35.043
G1 F1200 X58.239 Y35.145 E1856.01356
G1 X58.147 Y35.201 E1856.01625
G1 X41.817 Y35.198 E1856.4236
G1 X41.7 Y35.041 E1856.42849
G1 X41.7 Y11.1 E1857.0257
G1 X37.123 Y11.1 E1857.13987
G1 X36.819 Y11.215 E1857.14798
G1 X36.642 Y11.447 E1857.15526
G1 X36.6 Y11.627 E1857.15987
G1 X36.601 Y88.425 E1859.0756
G1 X36.664 Y88.604 E1859.08034
G1 X36.826 Y88.787 E1859.08643
G1 X37.094 Y88.892 E1859.09361
G1 X62.836 Y88.9 E1859.73575
G1 X63.015 Y88.871 E1859.74027
G1 X63.268 Y88.698 E1859.74792
G1 X63.392 Y88.418 E1859.75556
G1 X63.399 Y11.656 E1861.67039
G1 X63.371 Y11.48 E1861.67484
G1 X63.291 Y11.325 E1861.67919
G1 X63.061 Y11.144 E1861.68649
G1 X62.869 Y11.1 E1861.69141
G1 X58.301 Y11.101 E1861.80535
G1 X58.301 Y35.043 E1862.40259
G0 F7200 X58.239 Y35.145
G0 X58.17 Y35.187
G0 X58.17 Y35.91
G0 X48.078 Y62.543
;TYPE:SKIN
G1 F900 X47.876 Y62.117 E1862.41435
G1 X47.617 Y61.886 E1862.42301
G1 X47.296 Y61.74 E1862.4318
G1 X46.396 Y61.741 E1862.45426
G1 X46.015 Y61.868 E1862.46427
G1 X45.777 Y62.057 E1862.47185
G1 X45.598 Y62.349 E1862.4804
G1 X45.421 Y62.058 E1862.48889
G1 X45.185 Y61.868 E1862.49645
G1 X44.84 Y61.747 E1862.50557
G1 X44.016 Y61.744 E1862.52613
G1 X43.785 Y61.793 E1862.53202
G1 X43.534 Y61.919 E1862.53902
G1 X43.302 Y62.151 E1862.54721
G1 X43.12 Y62.571 E1862.55863
G1 X43.12 Y73.832 E1862.83953
G1 X42.808 Y74.189 E1862.85136
G1 X42.505 Y74.741 E1862.86707
G1 X42.297 Y75.388 E1862.88402
G1 X42.213 Y76.088 E1862.90161
G1 X42.286 Y76.783 E1862.91904
G1 X42.502 Y77.443 E1862.93636
G1 X42.813 Y78.006 E1862.95241
G1 X43.116 Y78.388 E1862.96457
G1 X43.58 Y78.816 E1862.98032
G1 X44.156 Y79.158 E1862.99703
G1 X44.759 Y79.377 E1863.01303
G1 X45.568 Y79.479 E1863.03337
G1 X46.047 Y79.448 E1863.04534
G1 X46.59 Y79.324 E1863.05924
G1 X47.053 Y79.15 E1863.07158
G1 X47.557 Y78.858 E1863.08611
G1 X47.926 Y78.542 E1863.09823
G1 X48.339 Y78.085 E1863.11359
G1 X48.669 Y77.511 E1863.13011
G1 X48.883 Y76.905 E1863.14614
G1 X48.98 Y76.108 E1863.16617
G1 X48.912 Y75.419 E1863.18344
G1 X48.653 Y74.658 E1863.20349
G1 X48.378 Y74.175 E1863.21735
G1 X48.08 Y73.835 E1863.22863
G1 X48.078 Y62.543 E1863.51031
G0 F7200 X52.062 Y61.882
G0 X56.738 Y61.882
G0 X56.88 Y62.612
G1 F900 X56.739 Y62.214 E1863.52085
G1 X56.462 Y61.919 E1863.53094
G1 X56.027 Y61.749 E1863.54259
G1 X55.19 Y61.74 E1863.56347
G1 X54.815 Y61.868 E1863.57335
G1 X54.577 Y62.057 E1863.58094
G1 X54.398 Y62.349 E1863.58948
G1 X54.221 Y62.058 E1863.59798
G1 X53.985 Y61.868 E1863.60553
G1 X53.64 Y61.747 E1863.61465
G1 X52.807 Y61.736 E1863.63543
G1 X52.379 Y61.89 E1863.64678
G1 X52.016 Y62.295 E1863.66035
G1 X51.92 Y62.706 E1863.67088
G1 X51.92 Y73.834 E1863.94847
G1 X51.622 Y74.165 E1863.95958
G1 X51.35 Y74.635 E1863.97312
G1 X51.11 Y75.289 E1863.9905
G1 X51.012 Y76.128 E1864.01157
G1 X51.081 Y76.77 E1864.02768
G1 X51.334 Y77.533 E1864.04773
G1 X51.657 Y78.077 E1864.06351
G1 X51.947 Y78.423 E1864.07477
G1 X52.424 Y78.847 E1864.09069
G1 X52.901 Y79.128 E1864.1045
G1 X53.545 Y79.372 E1864.12168
G1 X54.367 Y79.479 E1864.14236
G1 X54.855 Y79.448 E1864.15456
G1 X55.503 Y79.293 E1864.17118
G1 X55.899 Y79.125 E1864.18191
G1 X56.302 Y78.889 E1864.19356
G1 X56.688 Y78.58 E1864.20589
G1 X57.124 Y78.104 E1864.222
G1 X57.48 Y77.469 E1864.24015
G1 X57.69 Y76.859 E1864.25625
G1 X57.776 Y76.061 E1864.27627
G1 X57.72 Y75.442 E1864.29177
G1 X57.49 Y74.744 E1864.31011
G1 X57.183 Y74.19 E1864.32591
G1 X56.88 Y73.837 E1864.33751
G1 X56.88 Y62.612 E1864.61752
G0 F7200 X59.046 Y35.255
G1 F900 X59.079 Y35.02 E1864.62344
G1 X59.08 Y13.18 E1865.16824
G1 X61.32 Y13.18 E1865.22412
G1 X61.32 Y86.82 E1867.06107
G1 X38.68 Y86.82 E1867.62583
G1 X38.68 Y13.18 E1869.46279
G1 X40.92 Y13.18 E1869.51867
G1 X40.921 Y35.026 E1870.06362
G1 X40.95 Y35.251 E1870.06927
G1 X41.048 Y35.489 E1870.0757
G1 X41.359 Y35.815 E1870.08693
G1 X41.78 Y35.98 E1870.09821
G1 X58.176 Y35.98 E1870.50721
G1 X58.56 Y35.862 E1870.51724
G1 X58.905 Y35.551 E1870.52882
G1 X59.046 Y35.255 E1870.537
G0 F7200 X41.062 Y35.838
G0 X38.88 Y13.728
G1 F900 X39.229 Y13.38 E1870.54929
G0 F7200 X39.795 Y13.38
G1 F900 X38.88 Y14.294 E1870.58156
G0 F7200 X38.88 Y14.86
G1 F900 X40.36 Y13.38 E1870.63377
G0 F7200 X40.719 Y13.586
G1 F900 X38.88 Y15.426 E1870.69866
G0 F7200 X38.88 Y15.991
G1 F900 X40.719 Y14.152 E1870.76354
G0 F7200 X40.719 Y14.718
G1 F900 X38.88 Y16.557 E1870.82841
G0 F7200 X38.88 Y17.123
G1 F900 X40.719 Y15.283 E1870.89331
G0 F7200 X40.719 Y15.849
G1 F900 X38.88 Y17.688 E1870.95818
G0 F7200 X38.88 Y18.254
G1 F900 X40.719 Y16.415 E1871.02306
G0 F7200 X40.719 Y16.98
G1 F900 X38.88 Y18.82 E1871.08795
G0 F7200 X38.88 Y19.385
G1 F900 X40.719 Y17.546 E1871.15283
G0 F7200 X40.719 Y18.112
G1 F900 X38.88 Y19.951 E1871.2177
G0 F7200 X38.88 Y20.517
G1 F900 X40.719 Y18.678 E1871.28258
G0 F7200 X40.719 Y19.243
G1 F900 X38.88 Y21.082 E1871.34745
G0 F7200 X38.88 Y21.648
G1 F900 X40.719 Y19.809 E1871.41233
G0 F7200 X40.719 Y20.375
G1 F900 X38.88 Y22.214 E1871.4772
G0 F7200 X38.88 Y22.779
G1 F900 X40.719 Y20.94 E1871.54208
G0 F7200 X40.719 Y21.506
G1 F900 X38.88 Y23.345 E1871.60696
G0 F7200 X38.88 Y23.911
G1 F900 X40.719 Y22.072 E1871.67183
G0 F7200 X40.719 Y22.637
G1 F900 X38.88 Y24.477 E1871.73672
G0 F7200 X38.88 Y25.042
G1 F900 X40.719 Y23.203 E1871.8016
G0 F7200 X40.719 Y23.769
G1 F900 X38.88 Y25.608 E1871.86648
G0 F7200 X38.88 Y26.174
G1 F900 X40.719 Y24.334 E1871.93137
G0 F7200 X40.719 Y24.9
G1 F900 X38.88 Y26.739 E1871.99624
G0 F7200 X38.88 Y27.305
G1 F900 X40.719 Y25.466 E1872.06112
G0 F7200 X40.719 Y26.031
G1 F900 X38.88 Y27.871 E1872.12601
G0 F7200 X38.88 Y28.436
G1 F900 X40.719 Y26.597 E1872.19089
G0 F7200 X40.719 Y27.163
G1 F900 X38.88 Y29.002 E1872.25577
G0 F7200 X38.88 Y29.568
G1 F900 X40.719 Y27.728 E1872.32066
G0 F7200 X40.719 Y28.294
G1 F900 X38.88 Y30.133 E1872.38553
G0 F7200 X38.88 Y30.699
G1 F900 X40.719 Y28.86 E1872.45041
G0 F7200 X40.719 Y29.426
G1 F900 X38.88 Y31.265 E1872.51529
G0 F7200 X38.88 Y31.83
G1 F900 X40.719 Y29.991 E1872.58016
G0 F7200 X40.719 Y30.557
G1 F900 X38.88 Y32.396 E1872.64504
G0 F7200 X38.88 Y32.962
G1 F900 X40.719 Y31.123 E1872.70991
G0 F7200 X40.719 Y31.688
G1 F900 X38.88 Y33.527 E1872.77479
G0 F7200 X38.88 Y34.093
G1 F900 X40.719 Y32.254 E1872.83966
G0 F7200 X40.719 Y32.82
G1 F900 X38.88 Y34.659 E1872.90454
G0 F7200 X38.88 Y35.225
G1 F900 X40.719 Y33.385 E1872.96943
G0 F7200 X40.719 Y33.951
G1 F900 X38.88 Y35.79 E1873.03431
G0 F7200 X38.88 Y36.356
G1 F900 X40.719 Y34.517 E1873.09918
G0 F7200 X40.728 Y35.074
G1 F900 X38.88 Y36.922 E1873.16438
G0 F7200 X38.88 Y37.487
G1 F900 X40.846 Y35.522 E1873.23372
G0 F7200 X41.103 Y35.831
G1 F900 X38.88 Y38.053 E1873.31212
G0 F7200 X38.88 Y38.619
G1 F900 X41.431 Y36.068 E1873.40211
G0 F7200 X41.885 Y36.18
G1 F900 X38.88 Y39.184 E1873.50811
G0 F7200 X38.88 Y39.75
G1 F900 X42.45 Y36.18 E1873.63405
G0 F7200 X43.016 Y36.18
G1 F900 X38.88 Y40.316 E1873.77996
G0 F7200 X38.88 Y40.881
G1 F900 X43.582 Y36.18 E1873.94581
G0 F7200 X44.148 Y36.18
G1 F900 X38.88 Y41.447 E1874.13164
G0 F7200 X38.88 Y42.013
G1 F900 X44.713 Y36.18 E1874.33741
G0 F7200 X45.279 Y36.18
G1 F900 X38.88 Y42.578 E1874.56314
G0 F7200 X38.88 Y43.144
G1 F900 X45.845 Y36.18 E1874.80883
G0 F7200 X46.41 Y36.18
G1 F900 X38.88 Y43.71 E1875.07447
G0 F7200 X38.88 Y44.275
G1 F900 X46.976 Y36.18 E1875.36006
G0 F7200 X47.542 Y36.18
G1 F900 X38.88 Y44.841 E1875.66562
G0 F7200 X38.88 Y45.407
G1 F900 X48.107 Y36.18 E1875.99113
G0 F7200 X48.673 Y36.18
G1 F900 X38.88 Y45.973 E1876.3366
G0 F7200 X38.88 Y46.538
G1 F900 X49.239 Y36.18 E1876.70203
G0 F7200 X49.804 Y36.18
G1 F900 X38.88 Y47.104 E1877.0874
G0 F7200 X38.88 Y47.67
G1 F900 X50.37 Y36.18 E1877.49274
G0 F7200 X50.936 Y36.18
G1 F900 X38.88 Y48.235 E1877.91803
G0 F7200 X38.88 Y48.801
G1 F900 X51.501 Y36.18 E1878.36327
G0 F7200 X52.067 Y36.18
G1 F900 X38.88 Y49.367 E1878.82848
G0 F7200 X38.88 Y49.932
G1 F900 X52.633 Y36.18 E1879.31363
G0 F7200 X53.198 Y36.18
G1 F900 X38.88 Y50.498 E1879.81874
G0 F7200 X38.88 Y51.064
G1 F900 X53.764 Y36.18 E1880.34381
G0 F7200 X54.33 Y36.18
G1 F900 X38.88 Y51.629 E1880.88884
G0 F7200 X38.88 Y52.195
G1 F900 X54.896 Y36.18 E1881.45383
G0 F7200 X55.461 Y36.18
G1 F900 X38.88 Y52.761 E1882.03877
G0 F7200 X38.88 Y53.326
G1 F900 X56.027 Y36.18 E1882.64365
G0 F7200 X56.593 Y36.18
G1 F900 X38.88 Y53.892 E1883.26851
G0 F7200 X38.88 Y54.458
G1 F900 X57.158 Y36.18 E1883.91332
G0 F7200 X57.724 Y36.18
G1 F900 X38.88 Y55.024 E1884.57809
G0 F7200 X38.88 Y55.589
G1 F900 X58.336 Y36.134 E1885.26443
G1 X58.406 Y36.064
G0 F7200 X59.253 Y35.216
G1 F900 X61.119 Y33.35 E1885.33026
G0 F7200 X61.119 Y33.916
G1 F900 X38.88 Y56.155 E1886.1148
G0 F7200 X38.88 Y56.721
G1 F900 X61.119 Y34.481 E1886.89936
G0 F7200 X61.119 Y35.047
G1 F900 X38.88 Y57.286 E1887.6839
G0 F7200 X38.88 Y57.852
G1 F900 X61.119 Y35.613 E1888.46844
G0 F7200 X61.119 Y36.178
G1 F900 X38.88 Y58.418 E1889.253
G0 F7200 X38.88 Y58.983
G1 F900 X61.119 Y36.744 E1890.03754
G0 F7200 X61.119 Y37.31
G1 F900 X38.88 Y59.549 E1890.82208
G0 F7200 X38.88 Y60.115
G1 F900 X61.119 Y37.875 E1891.60664
G0 F7200 X61.119 Y38.441
G1 F900 X38.88 Y60.68 E1892.39118
G0 F7200 X38.88 Y61.246
G1 F900 X61.119 Y39.007 E1893.17572
G0 F7200 X61.119 Y39.573
G1 F900 X38.88 Y61.812 E1893.96026
G0 F7200 X38.88 Y62.377
G1 F900 X61.119 Y40.138 E1894.74481
G0 F7200 X61.119 Y40.704
G1 F900 X38.88 Y62.943 E1895.52935
G0 F7200 X38.88 Y63.509
G1 F900 X61.119 Y41.27 E1896.31389
G0 F7200 X61.119 Y41.835
G1 F900 X38.88 Y64.074 E1897.09843
G0 F7200 X38.88 Y64.64
G1 F900 X61.119 Y42.401 E1897.88297
G0 F7200 X61.119 Y42.967
G1 F900 X38.88 Y65.206 E1898.66751
G0 F7200 X38.88 Y65.772
G1 F900 X61.119 Y43.532 E1899.45207
G0 F7200 X61.119 Y44.098
G1 F900 X43.508 Y61.709 E1900.07334
G0 F7200 X43.073 Y62.144
G1 F900 X38.88 Y66.337 E1900.22126
G0 F7200 X38.88 Y66.903
G1 F900 X42.92 Y62.863 E1900.36378
G0 F7200 X42.92 Y63.429
G1 F900 X38.88 Y67.469 E1900.50631
G0 F7200 X38.88 Y68.034
G1 F900 X42.92 Y63.995 E1900.64881
G0 F7200 X42.92 Y64.56
G1 F900 X38.88 Y68.6 E1900.79133
G0 F7200 X38.88 Y69.166
G1 F900 X42.92 Y65.126 E1900.93385
G0 F7200 X42.92 Y65.692
G1 F900 X38.88 Y69.731 E1901.07636
G0 F7200 X38.88 Y70.297
G1 F900 X42.92 Y66.257 E1901.21888
G0 F7200 X42.92 Y66.823
G1 F900 X38.88 Y70.863 E1901.3614
G0 F7200 X38.88 Y71.428
G1 F900 X42.92 Y67.389 E1901.50391
G0 F7200 X42.92 Y67.954
G1 F900 X38.88 Y71.994 E1901.64643
G0 F7200 X38.88 Y72.56
G1 F900 X42.92 Y68.52 E1901.78895
G0 F7200 X42.92 Y69.086
G1 F900 X38.88 Y73.125 E1901.93146
G0 F7200 X38.88 Y73.691
G1 F900 X42.92 Y69.651 E1902.07398
G0 F7200 X42.92 Y70.217
G1 F900 X38.88 Y74.257 E1902.2165
G0 F7200 X38.88 Y74.823
G1 F900 X42.92 Y70.783 E1902.35902
G0 F7200 X42.92 Y71.348
G1 F900 X38.88 Y75.388 E1902.50154
G0 F7200 X38.88 Y75.954
G1 F900 X42.92 Y71.914 E1902.64406
G0 F7200 X42.92 Y72.48
G1 F900 X38.88 Y76.52 E1902.78659
G0 F7200 X38.88 Y77.085
G1 F900 X42.92 Y73.046 E1902.92909
G0 F7200 X42.92 Y73.611
G1 F900 X38.88 Y77.651 E1903.07161
G0 F7200 X38.88 Y78.217
G1 F900 X42.264 Y74.832 E1903.19101
G0 F7200 X42.071 Y75.592
G1 F900 X38.88 Y78.782 E1903.30356
G0 F7200 X38.88 Y79.348
G1 F900 X42.02 Y76.208 E1903.41434
G0 F7200 X42.077 Y76.717
G1 F900 X38.88 Y79.914 E1903.52712
G0 F7200 X38.88 Y80.479
G1 F900 X42.199 Y77.16 E1903.64421
G0 F7200 X42.345 Y77.58
G1 F900 X38.88 Y81.045 E1903.76644
G0 F7200 X38.88 Y81.611
G1 F900 X42.55 Y77.941 E1903.89591
G0 F7200 X42.775 Y78.282
G1 F900 X38.88 Y82.176 E1904.0333
G0 F7200 X38.88 Y82.742
G1 F900 X43.037 Y78.586 E1904.17993
G0 F7200 X43.331 Y78.857
G1 F900 X38.88 Y83.308 E1904.33695
G0 F7200 X38.88 Y83.873
G1 F900 X43.657 Y79.097 E1904.50546
G0 F7200 X44.015 Y79.304
G1 F900 X38.88 Y84.439 E1904.68661
G0 F7200 X38.88 Y85.005
G1 F900 X44.419 Y79.466 E1904.88201
G0 F7200 X44.856 Y79.595
G1 F900 X38.88 Y85.571 E1905.09283
G0 F7200 X38.88 Y86.136
G1 F900 X45.363 Y79.653 E1905.32154
G0 F7200 X45.928 Y79.654
G1 F900 X38.962 Y86.62 E1905.56728
G0 F7200 X39.528 Y86.62
G1 F900 X46.629 Y79.518 E1905.81781
G1 X46.699 Y79.448
G0 F7200 X47.793 Y78.92
G1 F900 X40.094 Y86.62 E1906.08943
G0 F7200 X40.659 Y86.62
G1 F900 X50.845 Y76.434 E1906.44876
G0 F7200 X50.92 Y76.925
G1 F900 X41.225 Y86.62 E1906.79078
G0 F7200 X41.791 Y86.62
G1 F900 X51.062 Y77.349 E1907.11784
G0 F7200 X51.226 Y77.75
G1 F900 X42.356 Y86.62 E1907.43075
G0 F7200 X42.922 Y86.62
G1 F900 X51.439 Y78.103 E1907.73121
G0 F7200 X51.687 Y78.421
G1 F900 X43.488 Y86.62 E1908.02046
G0 F7200 X44.053 Y86.62
G1 F900 X51.966 Y78.707 E1908.29961
G0 F7200 X52.265 Y78.974
G1 F900 X44.619 Y86.62 E1908.56934
G0 F7200 X45.185 Y86.62
G1 F900 X52.616 Y79.189 E1908.83149
G0 F7200 X52.993 Y79.377
G1 F900 X45.751 Y86.62 E1909.08699
G0 F7200 X46.316 Y86.62
G1 F900 X53.404 Y79.533 E1909.33702
G0 F7200 X53.882 Y79.62
G1 F900 X46.882 Y86.62 E1909.58396
G0 F7200 X47.448 Y86.62
G1 F900 X54.389 Y79.679 E1909.82883
G0 F7200 X55.016 Y79.617
G1 F900 X48.013 Y86.62 E1910.07588
G0 F7200 X48.579 Y86.62
G1 F900 X55.829 Y79.37 E1910.33164
G1 X55.899 Y79.3
G0 F7200 X57.667 Y77.532
G1 F900 X61.119 Y74.079 E1910.45344
G0 F7200 X61.119 Y73.514
G1 F900 X57.906 Y76.727 E1910.56678
G0 F7200 X57.979 Y76.088
G1 F900 X61.119 Y72.948 E1910.67756
G0 F7200 X61.119 Y72.382
G1 F900 X57.933 Y75.569 E1910.78997
G0 F7200 X57.825 Y75.111
G1 F900 X61.119 Y71.817 E1910.90617
G0 F7200 X61.119 Y71.251
G1 F900 X57.682 Y74.688 E1911.02742
G0 F7200 X57.486 Y74.319
G1 F900 X61.119 Y70.685 E1911.1556
G0 F7200 X61.119 Y70.12
G1 F900 X57.262 Y73.978 E1911.29169
G0 F7200 X57.08 Y73.594
G1 F900 X61.119 Y69.554 E1911.43419
G0 F7200 X61.119 Y68.988
G1 F900 X57.08 Y73.028 E1911.5767
G0 F7200 X57.08 Y72.462
G1 F900 X61.119 Y68.422 E1911.7192
G0 F7200 X61.119 Y67.857
G1 F900 X57.08 Y71.896 E1911.86169
G0 F7200 X57.08 Y71.331
G1 F900 X61.119 Y67.291 E1912.00419
G0 F7200 X61.119 Y66.725
G1 F900 X57.08 Y70.765 E1912.1467
G0 F7200 X57.08 Y70.199
G1 F900 X61.119 Y66.16 E1912.28918
G0 F7200 X61.119 Y65.594
G1 F900 X57.08 Y69.634 E1912.43169
G0 F7200 X57.08 Y69.068
G1 F900 X61.119 Y65.028 E1912.57419
G0 F7200 X61.119 Y64.463
G1 F900 X57.08 Y68.502 E1912.71668
G0 F7200 X57.08 Y67.937
G1 F900 X61.119 Y63.897 E1912.85918
G0 F7200 X61.119 Y63.331
G1 F900 X57.08 Y67.371 E1913.00169
G0 F7200 X57.08 Y66.805
G1 F900 X61.119 Y62.766 E1913.14417
G0 F7200 X61.119 Y62.2
G1 F900 X57.08 Y66.24 E1913.28668
G0 F7200 X57.08 Y65.674
G1 F900 X61.119 Y61.634 E1913.42918
G0 F7200 X61.119 Y61.069
G1 F900 X57.08 Y65.108 E1913.57167
G0 F7200 X57.08 Y64.543
G1 F900 X61.119 Y60.503 E1913.71417
G0 F7200 X61.119 Y59.937
G1 F900 X57.08 Y63.977 E1913.85668
G0 F7200 X57.08 Y63.411
G1 F900 X61.119 Y59.372 E1913.99916
G0 F7200 X61.119 Y58.806
G1 F900 X57.08 Y62.846 E1914.14167
G0 F7200 X56.998 Y62.361
G1 F900 X61.119 Y58.24 E1914.28705
G0 F7200 X61.119 Y57.674
G1 F900 X56.81 Y61.984 E1914.43908
G0 F7200 X56.508 Y61.72
G1 F900 X61.119 Y57.109 E1914.60174
G0 F7200 X61.119 Y56.543
G1 F900 X56.096 Y61.566 E1914.77894
G0 F7200 X55.555 Y61.542
G1 F900 X61.119 Y55.977 E1914.97524
G0 F7200 X61.119 Y55.412
G1 F900 X54.9 Y61.631 E1915.19464
G0 F7200 X54.183 Y61.783
G1 F900 X61.119 Y54.846 E1915.43934
G0 F7200 X61.119 Y54.28
G1 F900 X53.804 Y61.595 E1915.6974
G0 F7200 X53.289 Y61.545
G1 F900 X61.119 Y53.715 E1915.97362
G0 F7200 X61.119 Y53.149
G1 F900 X52.701 Y61.567 E1916.27059
G1 X52.631 Y61.637
G0 F7200 X51.764 Y62.505
G1 F900 X48.277 Y65.991 E1916.39358
G0 F7200 X48.277 Y65.426
G1 F900 X61.119 Y52.583 E1916.84664
G0 F7200 X61.119 Y52.018
G1 F900 X48.276 Y64.861 E1917.29971
G0 F7200 X48.276 Y64.295
G1 F900 X61.119 Y51.452 E1917.75278
G0 F7200 X61.119 Y50.886
G1 F900 X48.276 Y63.73 E1918.20587
G0 F7200 X48.276 Y63.164
G1 F900 X61.119 Y50.321 E1918.65894
G0 F7200 X61.119 Y49.755
G1 F900 X48.276 Y62.599 E1919.11203
G0 F7200 X48.127 Y62.182
G1 F900 X61.119 Y49.189 E1919.57038
G0 F7200 X61.119 Y48.623
G1 F900 X47.884 Y61.859 E1920.03729
G0 F7200 X47.542 Y61.636
G1 F900 X61.119 Y48.058 E1920.51628
G0 F7200 X61.119 Y47.492
G1 F900 X47.07 Y61.542 E1921.01191
G0 F7200 X46.504 Y61.542
G1 F900 X61.119 Y46.926 E1921.52751
G0 F7200 X61.119 Y46.361
G1 F900 X45.553 Y61.927 E1922.07665
G0 F7200 X45.239 Y61.676
G1 F900 X61.119 Y45.795 E1922.63687
G0 F7200 X61.119 Y45.229
G1 F900 X44.805 Y61.544 E1923.21241
G0 F7200 X44.239 Y61.544
G1 F900 X61.119 Y44.664 E1923.8079
G1 X61.189 Y44.594
G0 F7200 X59.277 Y34.626
G1 F900 X61.119 Y32.784 E1923.87288
G0 F7200 X61.119 Y32.219
G1 F900 X59.277 Y34.061 E1923.93786
G0 F7200 X59.277 Y33.495
G1 F900 X61.119 Y31.653 E1924.00284
G0 F7200 X61.119 Y31.087
G1 F900 X59.277 Y32.929 E1924.06782
G0 F7200 X59.277 Y32.364
G1 F900 X61.119 Y30.522 E1924.13281
G0 F7200 X61.119 Y29.956
G1 F900 X59.277 Y31.798 E1924.19779
G0 F7200 X59.277 Y31.232
G1 F900 X61.119 Y29.39 E1924.26277
G0 F7200 X61.119 Y28.825
G1 F900 X59.277 Y30.667 E1924.32775
G0 F7200 X59.277 Y30.101
G1 F900 X61.119 Y28.259 E1924.39273
G0 F7200 X61.119 Y27.693
G1 F900 X59.278 Y29.534 E1924.45768
G0 F7200 X59.278 Y28.969
G1 F900 X61.119 Y27.127 E1924.52264
G0 F7200 X61.119 Y26.562
G1 F900 X59.278 Y28.403 E1924.58759
G0 F7200 X59.278 Y27.837
G1 F900 X61.119 Y25.996 E1924.65253
G0 F7200 X61.119 Y25.43
G1 F900 X59.278 Y27.272 E1924.7175
G0 F7200 X59.278 Y26.706
G1 F900 X61.119 Y24.865 E1924.78244
G0 F7200 X61.119 Y24.299
G1 F900 X59.278 Y26.14 E1924.84739
G0 F7200 X59.278 Y25.575
G1 F900 X61.119 Y23.733 E1924.91235
G0 F7200 X61.119 Y23.168
G1 F900 X59.278 Y25.009 E1924.9773
G0 F7200 X59.278 Y24.443
G1 F900 X61.119 Y22.602 E1925.04225
G0 F7200 X61.119 Y22.036
G1 F900 X59.279 Y23.877 E1925.10718
G0 F7200 X59.279 Y23.311
G1 F900 X61.119 Y21.471 E1925.17209
G0 F7200 X61.119 Y20.905
G1 F900 X59.279 Y22.746 E1925.23702
G0 F7200 X59.279 Y22.18
G1 F900 X61.119 Y20.339 E1925.30194
G0 F7200 X61.119 Y19.774
G1 F900 X59.279 Y21.614 E1925.36686
G0 F7200 X59.279 Y21.048
G1 F900 X61.119 Y19.208 E1925.43177
G0 F7200 X61.119 Y18.642
G1 F900 X59.279 Y20.483 E1925.49669
G0 F7200 X59.279 Y19.917
G1 F900 X61.119 Y18.076 E1925.56162
G0 F7200 X61.119 Y17.511
G1 F900 X59.279 Y19.351 E1925.62653
G0 F7200 X59.28 Y18.785
G1 F900 X61.119 Y16.945 E1925.69143
G0 F7200 X61.119 Y16.379
G1 F900 X59.28 Y18.219 E1925.75632
G0 F7200 X59.28 Y17.654
G1 F900 X61.119 Y15.814 E1925.82121
G0 F7200 X61.119 Y15.248
G1 F900 X59.28 Y17.088 E1925.88611
G0 F7200 X59.28 Y16.522
G1 F900 X61.119 Y14.682 E1925.951
G0 F7200 X61.119 Y14.117
G1 F900 X59.28 Y15.957 E1926.01589
G0 F7200 X59.28 Y15.391
G1 F900 X61.119 Y13.551 E1926.08079
G0 F7200 X60.725 Y13.38
G1 F900 X59.28 Y14.825 E1926.13176
G0 F7200 X59.28 Y14.26
G1 F900 X60.159 Y13.38 E1926.16279
G0 F7200 X59.594 Y13.38
G1 F900 X59.28 Y13.694 E1926.17387
G0 F7200 X58.938 Y35.838
G0 X51.72 Y63.114
G1 F900 X48.277 Y66.557 E1926.29533
G0 F7200 X48.278 Y67.122
G1 F900 X51.72 Y63.68 E1926.41675
G0 F7200 X51.72 Y64.246
G1 F900 X48.278 Y67.688 E1926.53818
G0 F7200 X48.278 Y68.253
G1 F900 X51.72 Y64.811 E1926.65961
G0 F7200 X51.72 Y65.377
G1 F900 X48.278 Y68.818 E1926.78101
G0 F7200 X48.278 Y69.384
G1 F900 X51.72 Y65.943 E1926.90242
G0 F7200 X51.72 Y66.508
G1 F900 X48.279 Y69.949 E1927.02381
G0 F7200 X48.279 Y70.515
G1 F900 X51.72 Y67.074 E1927.1452
G0 F7200 X51.72 Y67.64
G1 F900 X48.28 Y71.08 E1927.26656
G0 F7200 X48.28 Y71.645
G1 F900 X51.72 Y68.205 E1927.38791
G0 F7200 X51.72 Y68.771
G1 F900 X48.28 Y72.211 E1927.50927
G0 F7200 X48.281 Y72.776
G1 F900 X51.72 Y69.337 E1927.63059
G0 F7200 X51.72 Y69.902
G1 F900 X48.281 Y73.342 E1927.75193
G0 F7200 X48.349 Y73.839
G1 F900 X51.72 Y70.468 E1927.87085
G0 F7200 X51.72 Y71.034
G1 F900 X48.598 Y74.156 E1927.98099
G0 F7200 X48.805 Y74.514
G1 F900 X51.72 Y71.6 E1928.0838
G0 F7200 X51.72 Y72.165
G1 F900 X48.957 Y74.929 E1928.18129
G0 F7200 X49.105 Y75.346
G1 F900 X51.72 Y72.731 E1928.27354
G0 F7200 X51.72 Y73.297
G1 F900 X49.159 Y75.858 E1928.36389
G0 F7200 X49.14 Y76.442
G1 F900 X51.354 Y74.229 E1928.44198
G1 X51.424 Y74.159
G0 F7200 X50.919 Y75.229
G1 F900 X49.014 Y77.134 E1928.50918
G1 X48.944 Y77.204
G0 F7200 X48.411 Y78.302
G1 F900 X50.837 Y75.877 E1928.59475
G1 X50.907 Y75.807
G0 F7200 X52.062 Y61.882
G0 X56.738 Y61.882
G0 X61.119 Y75.776
G1 F900 X50.276 Y86.62 E1928.97728
G0 F7200 X50.842 Y86.62
G1 F900 X61.119 Y76.342 E1929.33985
G0 F7200 X61.119 Y76.908
G1 F900 X51.407 Y86.62 E1929.68246
G0 F7200 X51.973 Y86.62
G1 F900 X61.119 Y77.473 E1930.00513
G0 F7200 X61.119 Y78.039
G1 F900 X52.539 Y86.62 E1930.30783
G0 F7200 X53.104 Y86.62
G1 F900 X61.119 Y78.605 E1930.59058
G0 F7200 X61.119 Y79.171
G1 F900 X53.67 Y86.62 E1930.85337
G0 F7200 X54.236 Y86.62
G1 F900 X61.119 Y79.736 E1931.0962
G0 F7200 X61.119 Y80.302
G1 F900 X54.801 Y86.62 E1931.31909
G0 F7200 X55.367 Y86.62
G1 F900 X61.119 Y80.868 E1931.522
G0 F7200 X61.119 Y81.433
G1 F900 X55.933 Y86.62 E1931.70497
G0 F7200 X56.499 Y86.62
G1 F900 X61.119 Y81.999 E1931.86797
G0 F7200 X61.119 Y82.565
G1 F900 X57.064 Y86.62 E1932.01102
G0 F7200 X57.63 Y86.62
G1 F900 X61.119 Y83.13 E1932.13412
G0 F7200 X61.119 Y83.696
G1 F900 X58.196 Y86.62 E1932.23726
G0 F7200 X58.761 Y86.62
G1 F900 X61.119 Y84.262 E1932.32044
G0 F7200 X61.119 Y84.827
G1 F900 X59.327 Y86.62 E1932.38368
G0 F7200 X59.893 Y86.62
G1 F900 X61.119 Y85.393 E1932.42695
G0 F7200 X61.119 Y85.959
G1 F900 X60.458 Y86.62 E1932.45026
G0 F7200 X61.024 Y86.62
G1 F900 X61.119 Y86.524 E1932.45363
G0 F7200 X61.119 Y75.211
G1 F900 X49.71 Y86.62 E1932.85612
G0 F7200 X49.145 Y86.62
G1 F900 X61.119 Y74.645 E1933.27855
G1 X61.189 Y74.575
;MESH:NONMESH
G0 F600 Z3.635
G0 F7200 X56.738 Y61.882
G0 X41.062 Y35.838
G0 X37.311 Y11.922
G0 X37.166 Y11.922
;TIME_ELAPSED:4235.715162
;LAYER:16
;TYPE:FILL
;MESH:luckfox_top.stl
G1 F3000 X37.428 Y11.659 E1933.28781
G0 F7200 X37.428 Y11.811
G0 X39.944 Y11.811
G0 X39.944 Y11.66
G1 F3000 X41.14 Y12.856 E1933.33
G1 X41.21 Y12.926
G0 F7200 X40.99 Y12.926
G0 X38.54 Y15.913
G1 F3000 X37.165 Y14.537 E1933.37853
G1 X37.095 Y14.467
G0 F7200 X37.311 Y14.467
G0 X38.54 Y16.204
G1 F3000 X37.166 Y17.579 E1933.42702
G1 X37.096 Y17.649
G0 F7200 X37.311 Y17.649
G0 X37.311 Y20.194
G0 X37.165 Y20.194
G1 F3000 X38.54 Y21.57 E1933.47554
G0 F7200 X38.54 Y21.861
G1 F3000 X37.165 Y23.236 E1933.52405
G1 X37.095 Y23.306
G0 F7200 X37.311 Y23.306
G0 X37.311 Y25.85
G0 X37.164 Y25.85
G1 F3000 X38.54 Y27.226 E1933.57259
G0 F7200 X38.54 Y27.518
G1 F3000 X37.165 Y28.893 E1933.6211
G1 X37.095 Y28.963
G0 F7200 X37.311 Y28.963
G0 X37.311 Y31.507
G0 X37.163 Y31.507
G1 F3000 X38.54 Y32.883 E1933.66966
G0 F7200 X38.54 Y33.175
G1 F3000 X37.164 Y34.551 E1933.7182
G1 X37.094 Y34.621
G0 F7200 X37.311 Y34.621
G0 X37.311 Y37.163
G0 X37.163 Y37.163
G1 F3000 X38.54 Y38.54 E1933.76678
G0 F7200 X38.54 Y38.831
G1 F3000 X37.164 Y40.208 E1933.81534
G1 X37.094 Y40.278
G0 F7200 X37.311 Y40.278
G0 X37.311 Y42.82
G0 X37.163 Y42.82
G1 F3000 X38.54 Y44.197 E1933.86391
G0 F7200 X38.54 Y44.488
G1 F3000 X37.163 Y45.865 E1933.91249
G1 X37.093 Y45.935
G0 F7200 X37.311 Y45.935
G0 X37.311 Y48.476
G0 X37.163 Y48.476
G1 F3000 X38.54 Y49.854 E1933.96109
G0 F7200 X38.54 Y50.145
G1 F3000 X37.163 Y51.523 E1934.00968
G1 X37.093 Y51.593
G0 F7200 X37.311 Y51.593
G0 X37.311 Y54.133
G0 X37.162 Y54.133
G1 F3000 X38.54 Y55.511 E1934.05829
G0 F7200 X38.54 Y55.802
G1 F3000 X37.163 Y57.179 E1934.10687
G1 X37.093 Y57.249
G0 F7200 X37.311 Y57.249
G0 X37.311 Y59.789
G0 X37.161 Y59.789
G1 F3000 X38.54 Y61.168 E1934.15552
G0 F7200 X38.54 Y61.459
G1 F3000 X37.162 Y62.837 E1934.20413
G1 X37.092 Y62.907
G0 F7200 X37.311 Y62.907
G0 X37.311 Y65.446
G0 X37.161 Y65.446
G1 F3000 X38.54 Y66.824 E1934.25276
G0 F7200 X38.54 Y67.116
G1 F3000 X37.162 Y68.494 E1934.30137
G1 X37.092 Y68.564
G0 F7200 X37.311 Y68.564
G0 X37.311 Y71.102
G0 X37.161 Y71.102
G1 F3000 X38.54 Y72.481 E1934.35002
G0 F7200 X38.54 Y72.773
G1 F3000 X37.161 Y74.151 E1934.39865
G1 X37.091 Y74.221
G0 F7200 X37.311 Y74.221
G0 X37.311 Y76.759
G0 X37.161 Y76.759
G1 F3000 X38.54 Y78.138 E1934.4473
G0 F7200 X38.54 Y78.429
G1 F3000 X37.161 Y79.809 E1934.49597
G1 X37.091 Y79.879
G0 F7200 X37.311 Y79.879
G0 X37.311 Y82.415
G0 X37.16 Y82.415
G1 F3000 X38.54 Y83.795 E1934.54465
G0 F7200 X38.54 Y84.086
G1 F3000 X37.161 Y85.466 E1934.59331
G1 X37.091 Y85.536
G0 F7200 X37.311 Y85.536
G0 X37.311 Y88.072
G0 X37.16 Y88.072
G1 F3000 X37.417 Y88.329 E1934.60238
G0 F7200 X37.418 Y88.185
G0 X39.954 Y88.185
G0 X39.953 Y88.33
G1 F3000 X41.323 Y86.96 E1934.65071
G0 F7200 X41.705 Y86.96
G1 F3000 X43.076 Y88.331 E1934.69908
G1 X43.146 Y88.401
G0 F7200 X43.147 Y88.186
G0 X45.609 Y88.186
G0 X45.608 Y88.332
G1 F3000 X46.98 Y86.96 E1934.74748
G0 F7200 X47.362 Y86.96
G1 F3000 X48.735 Y88.333 E1934.79591
G1 X48.805 Y88.403
G0 F7200 X48.806 Y88.187
G0 X51.263 Y88.188
G0 X51.262 Y88.335
G1 F3000 X52.637 Y86.96 E1934.84442
G0 F7200 X53.019 Y86.96
G1 F3000 X54.394 Y88.335 E1934.89293
G1 X54.464 Y88.405
G0 F7200 X54.465 Y88.189
G0 X56.918 Y88.189
G0 X56.917 Y88.337
G1 F3000 X58.294 Y86.96 E1934.94151
G0 F7200 X58.676 Y86.96
G1 F3000 X60.053 Y88.337 E1934.99008
G1 X60.123 Y88.407
G0 F7200 X60.124 Y88.19
G0 X62.573 Y88.19
G0 X62.572 Y88.339
G1 F3000 X62.832 Y88.079 E1934.99925
G0 F7200 X62.685 Y88.078
G0 X62.685 Y85.459
G0 X62.833 Y85.46
G1 F3000 X61.46 Y84.087 E1935.04769
G0 F7200 X61.46 Y83.794
G1 F3000 X62.832 Y82.422 E1935.09609
G1 X62.902 Y82.352
G0 F7200 X62.685 Y82.351
G0 X62.685 Y79.803
G0 X62.834 Y79.804
G1 F3000 X61.46 Y78.43 E1935.14456
G0 F7200 X61.46 Y78.137
G1 F3000 X62.833 Y76.764 E1935.193
G1 X62.903 Y76.694
G0 F7200 X62.685 Y76.693
G0 X62.686 Y74.146
G0 X62.834 Y74.147
G1 F3000 X61.46 Y72.773 E1935.24147
G0 F7200 X61.46 Y72.48
G1 F3000 X62.834 Y71.107 E1935.28993
G1 X62.904 Y71.037
G0 F7200 X62.686 Y71.036
G0 X62.686 Y68.49
G0 X62.834 Y68.491
G1 F3000 X61.46 Y67.116 E1935.33841
G0 F7200 X61.46 Y66.823
G1 F3000 X62.834 Y65.45 E1935.38687
G1 X62.904 Y65.38
G0 F7200 X62.686 Y65.379
G0 X62.686 Y62.834
G0 X62.835 Y62.835
G1 F3000 X61.46 Y61.46 E1935.43538
G0 F7200 X61.46 Y61.166
G1 F3000 X62.834 Y59.792 E1935.48385
G1 X62.904 Y59.722
G0 F7200 X62.687 Y59.721
G0 X62.687 Y57.178
G0 X62.836 Y57.179
G1 F3000 X61.46 Y55.803 E1935.53239
G0 F7200 X61.46 Y55.509
G1 F3000 X62.835 Y54.135 E1935.58088
G1 X62.905 Y54.065
G0 F7200 X62.687 Y54.064
G0 X62.687 Y51.521
G0 X62.836 Y51.522
G1 F3000 X61.46 Y50.146 E1935.62942
G0 F7200 X61.46 Y49.852
G1 F3000 X62.836 Y48.477 E1935.67794
G1 X62.906 Y48.407
G0 F7200 X62.688 Y48.406
G0 X62.688 Y45.865
G0 X62.836 Y45.866
G1 F3000 X61.46 Y44.489 E1935.7265
G0 F7200 X61.46 Y44.196
G1 F3000 X62.836 Y42.82 E1935.77505
G1 X62.906 Y42.75
G0 F7200 X62.688 Y42.749
G0 X62.688 Y40.209
G0 X62.837 Y40.21
G1 F3000 X61.46 Y38.832 E1935.82364
G0 F7200 X61.46 Y38.539
G1 F3000 X62.836 Y37.163 E1935.87218
G1 X62.906 Y37.093
G0 F7200 X62.689 Y37.092
G0 X62.689 Y34.552
G0 X62.838 Y34.553
G1 F3000 X61.46 Y33.175 E1935.9208
G0 F7200 X61.46 Y32.882
G1 F3000 X62.837 Y31.505 E1935.96937
G1 X62.907 Y31.435
G0 F7200 X62.689 Y31.434
G0 X62.689 Y28.896
G0 X62.838 Y28.897
G1 F3000 X61.46 Y27.518 E1936.018
G0 F7200 X61.46 Y27.225
G1 F3000 X62.838 Y25.848 E1936.0666
G1 X62.908 Y25.778
G0 F7200 X62.689 Y25.777
G0 X62.69 Y23.239
G0 X62.838 Y23.24
G1 F3000 X61.46 Y21.862 E1936.11521
G0 F7200 X61.46 Y21.568
G1 F3000 X62.838 Y20.191 E1936.16381
G1 X62.908 Y20.121
G0 F7200 X62.69 Y20.12
G0 X62.69 Y17.583
G0 X62.839 Y17.584
G1 F3000 X61.46 Y16.205 E1936.21246
G0 F7200 X61.46 Y15.911
G1 F3000 X62.838 Y14.533 E1936.26107
G1 X62.908 Y14.463
G0 F7200 X62.69 Y14.462
G0 X62.69 Y11.926
G0 X62.839 Y11.927
G1 F3000 X62.579 Y11.667 E1936.27024
G0 F7200 X62.578 Y11.81
G0 X60.051 Y11.81
G0 X60.052 Y11.663
G1 F3000 X58.861 Y12.854 E1936.31226
G1 X58.791 Y12.924
G0 F7200 X59.01 Y12.924
G0 X58.938 Y35.838
G0 X54.462 Y61.882
G0 X54.345 Y74.967
G0 X53.524 Y76.002
G0 X53.373 Y76.001
G1 F3000 X54.497 Y77.124 E1936.35189
G1 X54.567 Y77.194
G0 F7200 X54.512 Y76.977
G0 X54.338 Y61.882
G0 X45.662 Y61.882
G0 X45.654 Y74.949
G0 X46.476 Y76.002
G0 X46.624 Y76.003
G1 F3000 X45.503 Y77.123 E1936.39142
G1 X45.433 Y77.193
G0 F7200 X45.488 Y76.977
G0 X45.662 Y61.882
G0 X58.938 Y35.838
G0 X58.701 Y35.115
;TYPE:WALL-INNER
G1 F2400 X58.61 Y35.317 E1936.39695
G1 X58.405 Y35.518 E1936.40411
G1 X58.166 Y35.601 E1936.41042
G1 X41.837 Y35.6 E1936.81775
G1 X41.595 Y35.517 E1936.82413
G1 X41.39 Y35.317 E1936.83127
G1 X41.3 Y35.117 E1936.83674
G1 X41.3 Y11.5 E1937.42587
G1 X37.2 Y11.5 E1937.52815
G1 X37.061 Y11.546 E1937.5318
G1 X37 Y11.676 E1937.53538
G1 X37 Y88.334 E1939.44762
G1 X37.046 Y88.443 E1939.45057
G1 X37.169 Y88.492 E1939.45388
G1 X62.848 Y88.5 E1940.09444
G1 X62.961 Y88.428 E1940.09779
G1 X62.992 Y88.362 E1940.0996
G1 X62.999 Y11.611 E1942.01417
G1 X62.858 Y11.501 E1942.01863
G1 X58.701 Y11.501 E1942.12232
G1 X58.701 Y35.115 E1942.71138
G0 F7200 X59.01 Y35.115
G0 X56.81 Y62.637
G0 X56.5 Y62.637
G1 F2400 X56.5 Y73.985 E1942.99445
G1 X56.852 Y74.373 E1943.00752
G1 X57.121 Y74.838 E1943.02092
G1 X57.261 Y75.203 E1943.03067
G1 X57.379 Y75.744 E1943.04449
G1 X57.401 Y76.088 E1943.05309
G1 X57.316 Y76.796 E1943.07087
G1 X57.124 Y77.363 E1943.08581
G1 X56.802 Y77.897 E1943.10136
G1 X56.559 Y78.178 E1943.11063
G1 X56.115 Y78.556 E1943.12517
G1 X55.685 Y78.809 E1943.13762
G1 X55.274 Y78.966 E1943.14859
G1 X54.804 Y79.072 E1943.16061
G1 X54.395 Y79.1 E1943.17084
G1 X53.662 Y79.012 E1943.18926
G1 X53.07 Y78.789 E1943.20504
G1 X52.636 Y78.529 E1943.21766
G1 X52.231 Y78.172 E1943.23112
G1 X51.971 Y77.865 E1943.24116
G1 X51.71 Y77.429 E1943.25384
G1 X51.54 Y77.013 E1943.26505
G1 X51.421 Y76.452 E1943.27935
G1 X51.401 Y76.065 E1943.28902
G1 X51.484 Y75.366 E1943.30658
G1 X51.666 Y74.859 E1943.32001
G1 X51.95 Y74.366 E1943.33421
G1 X52.3 Y73.985 E1943.34711
G1 X52.3 Y62.72 E1943.62812
G1 X52.365 Y62.447 E1943.63512
G1 X52.606 Y62.196 E1943.6438
G1 X52.803 Y62.121 E1943.64906
G1 X53.567 Y62.119 E1943.66812
G1 X53.805 Y62.203 E1943.67441
G1 X53.958 Y62.332 E1943.6794
G1 F2133.3 X54.15 Y62.72 E1943.69155
G1 F1912.4 X54.149 Y74.597 E1944.06337
G1 F2123.9 X54.009 Y74.858 E1944.07172
G1 F2400 X53.875 Y75.009 E1944.07676
G1 X53.587 Y75.224 E1944.08572
G1 X53.333 Y75.557 E1944.09617
G1 X53.212 Y75.95 E1944.10643
G1 X53.212 Y76.255 E1944.11404
G1 X53.393 Y76.744 E1944.12705
G1 X53.512 Y76.901 E1944.13196
G1 X53.947 Y77.207 E1944.14523
G1 X54.251 Y77.284 E1944.15305
G1 X54.545 Y77.284 E1944.16038
G1 X54.843 Y77.208 E1944.16805
G1 X55.206 Y76.985 E1944.17868
G1 X55.466 Y76.642 E1944.18942
G1 X55.584 Y76.248 E1944.19968
G1 X55.584 Y75.95 E1944.20711
G1 X55.508 Y75.647 E1944.2149
G1 X55.282 Y75.294 E1944.22536
G1 X54.791 Y74.858 E1944.24174
G1 F2123.9 X54.651 Y74.597 E1944.25009
G1 F1912.4 X54.65 Y62.72 E1944.62191
G1 F2133.3 X54.842 Y62.332 E1944.63406
G1 F2400 X54.995 Y62.203 E1944.63905
G1 X55.241 Y62.122 E1944.64551
G1 X55.964 Y62.123 E1944.66355
G1 X56.261 Y62.239 E1944.6715
G1 X56.402 Y62.389 E1944.67664
G1 X56.5 Y62.637 E1944.68329
G0 F7200 X56.81 Y62.637
G0 X52.062 Y61.882
G0 X48.01 Y62.447
G0 X47.635 Y62.447
G1 F2400 X47.7 Y62.72 E1944.69029
G1 X47.7 Y73.985 E1944.9713
G1 X48.046 Y74.363 E1944.98408
G1 X48.321 Y74.838 E1944.99777
G1 X48.455 Y75.181 E1945.00696
G1 X48.565 Y75.647 E1945.0189
G1 X48.597 Y76.153 E1945.03155
G1 X48.512 Y76.829 E1945.04854
G1 X48.33 Y77.34 E1945.06207
G1 X48.029 Y77.861 E1945.07708
G1 X47.786 Y78.152 E1945.08654
G1 X47.356 Y78.529 E1945.10081
G1 X46.845 Y78.827 E1945.11556
G1 X46.473 Y78.966 E1945.12547
G1 X46.004 Y79.072 E1945.13746
G1 X45.595 Y79.1 E1945.14769
G1 X44.866 Y79.013 E1945.166
G1 X44.314 Y78.813 E1945.18065
G1 X43.878 Y78.557 E1945.19326
G1 X43.461 Y78.201 E1945.20694
G1 X43.144 Y77.823 E1945.21924
G1 X42.876 Y77.358 E1945.23263
G1 X42.734 Y76.988 E1945.24252
G1 X42.629 Y76.516 E1945.25458
G1 X42.6 Y76.112 E1945.26468
G1 X42.684 Y75.362 E1945.28351
G1 X42.902 Y74.787 E1945.29885
G1 X43.142 Y74.379 E1945.31066
G1 X43.5 Y73.985 E1945.32394
G1 X43.5 Y62.636 E1945.60704
G1 X43.599 Y62.389 E1945.61368
G1 X43.739 Y62.24 E1945.61878
G1 X44.036 Y62.123 E1945.62674
G1 X44.788 Y62.126 E1945.6455
G1 X45.005 Y62.203 E1945.65124
G1 X45.158 Y62.332 E1945.65623
G1 F2133.3 X45.35 Y62.72 E1945.66838
G1 F1912.4 X45.349 Y74.597 E1946.04021
G1 F2123.9 X45.209 Y74.859 E1946.04858
G1 F2400 X45.075 Y75.01 E1946.05362
G1 X44.787 Y75.224 E1946.06257
G1 X44.533 Y75.557 E1946.07301
G1 X44.412 Y75.95 E1946.08327
G1 X44.412 Y76.255 E1946.09088
G1 X44.581 Y76.721 E1946.10324
G1 X44.841 Y77.016 E1946.11305
G1 X45.169 Y77.211 E1946.12257
G1 X45.452 Y77.284 E1946.12986
G1 X45.745 Y77.284 E1946.13717
G1 X46.043 Y77.208 E1946.14484
G1 X46.406 Y76.985 E1946.15547
G1 X46.666 Y76.642 E1946.16621
G1 X46.784 Y76.248 E1946.17647
G1 X46.784 Y75.939 E1946.18417
G1 X46.658 Y75.544 E1946.19452
G1 X46.475 Y75.289 E1946.20235
G1 X45.991 Y74.859 E1946.2185
G1 F2123.9 X45.851 Y74.597 E1946.22687
G1 F1912.4 X45.85 Y62.72 E1946.59869
G1 F2133.3 X46.042 Y62.332 E1946.61084
G1 F2400 X46.195 Y62.203 E1946.61583
G1 X46.441 Y62.122 E1946.62229
G1 X47.147 Y62.121 E1946.63991
G1 X47.394 Y62.196 E1946.64634
G1 X47.635 Y62.447 E1946.65502
G0 F7200 X47.3 Y62.72
;TYPE:WALL-OUTER
G1 F1200 X47.3 Y74.147 E1946.94007
G1 X47.708 Y74.577 E1946.95486
G1 X47.95 Y74.988 E1946.96676
G1 X48.062 Y75.264 E1946.97419
G1 X48.18 Y75.77 E1946.98715
G1 X48.199 Y76.113 E1946.99572
G1 X48.116 Y76.751 E1947.01177
G1 X47.961 Y77.186 E1947.02329
G1 X47.703 Y77.629 E1947.03607
G1 X47.502 Y77.87 E1947.0439
G1 X47.105 Y78.217 E1947.05705
G1 X46.698 Y78.455 E1947.06882
G1 X46.385 Y78.576 E1947.07719
G1 X45.935 Y78.678 E1947.0887
G1 X45.57 Y78.699 E1947.09782
G1 X44.978 Y78.623 E1947.11271
G1 X44.488 Y78.453 E1947.12564
G1 X44.051 Y78.19 E1947.13837
G1 X43.707 Y77.882 E1947.14988
G1 X43.488 Y77.619 E1947.15842
G1 X43.246 Y77.208 E1947.17032
G1 X43.124 Y76.9 E1947.17858
G1 X43.02 Y76.426 E1947.19069
G1 X43 Y76.126 E1947.19819
G1 X43.083 Y75.436 E1947.21552
G1 X43.247 Y74.99 E1947.22738
G1 X43.487 Y74.582 E1947.23919
G1 X43.9 Y74.147 E1947.25415
G1 X43.903 Y62.68 E1947.54019
G1 X43.979 Y62.56 E1947.54374
G1 X44.056 Y62.524 E1947.54586
G1 X44.72 Y62.52 E1947.56242
G1 X44.853 Y62.59 E1947.56617
G1 X44.9 Y62.72 E1947.56962
G1 X44.9 Y74.558 E1947.86492
G1 X44.87 Y74.647 E1947.86726
G1 X44.511 Y74.931 E1947.87868
G1 X44.162 Y75.402 E1947.8933
G1 X44.012 Y75.89 E1947.90604
G1 X44.012 Y76.301 E1947.91629
G1 X44.079 Y76.586 E1947.9236
G1 X44.242 Y76.941 E1947.93334
G1 X44.582 Y77.328 E1947.94619
G1 X45.014 Y77.585 E1947.95873
G1 X45.402 Y77.684 E1947.96872
G1 X45.795 Y77.684 E1947.97852
G1 X46.19 Y77.584 E1947.98869
G1 X46.69 Y77.269 E1948.00343
G1 X47.038 Y76.798 E1948.01803
G1 X47.184 Y76.306 E1948.03084
G1 X47.184 Y75.895 E1948.04109
G1 X47.117 Y75.599 E1948.04866
G1 X47.008 Y75.347 E1948.05551
G1 X46.769 Y75.011 E1948.06579
G1 X46.337 Y74.666 E1948.07959
G1 X46.3 Y74.558 E1948.08243
G1 X46.3 Y62.72 E1948.37773
G1 X46.347 Y62.59 E1948.38118
G1 X46.48 Y62.52 E1948.38493
G1 X47.116 Y62.52 E1948.4008
G1 X47.224 Y62.562 E1948.40369
G1 X47.3 Y62.72 E1948.40806
G0 F7200 X47.3 Y62.92
G0 X48.01 Y62.92
G0 X52.062 Y61.882
G0 X56.738 Y61.882
G0 X56.81 Y62.68
G0 X56.097 Y62.68
G1 F1200 X56.1 Y74.147 E1948.69411
G1 X56.508 Y74.577 E1948.70889
G1 X56.737 Y74.961 E1948.72005
G1 X56.862 Y75.264 E1948.72822
G1 X56.98 Y75.77 E1948.74118
G1 X57.001 Y76.088 E1948.74913
G1 X56.922 Y76.727 E1948.76519
G1 X56.765 Y77.176 E1948.77706
G1 X56.494 Y77.641 E1948.79048
G1 X56.314 Y77.857 E1948.7975
G1 X55.911 Y78.212 E1948.8109
G1 X55.511 Y78.449 E1948.82249
G1 X55.185 Y78.576 E1948.83122
G1 X54.735 Y78.678 E1948.84273
G1 X54.37 Y78.699 E1948.85185
G1 X53.778 Y78.623 E1948.86674
G1 X53.274 Y78.445 E1948.88007
G1 X52.851 Y78.19 E1948.89239
G1 X52.507 Y77.882 E1948.90391
G1 X52.297 Y77.633 E1948.91204
G1 X52.046 Y77.208 E1948.92435
G1 X51.924 Y76.9 E1948.93261
G1 X51.824 Y76.456 E1948.94397
G1 X51.8 Y76.126 E1948.95222
G1 X51.883 Y75.436 E1948.96956
G1 X52.035 Y75.014 E1948.98074
G1 X52.29 Y74.578 E1948.99334
G1 X52.7 Y74.147 E1949.00818
G1 X52.706 Y62.67 E1949.29448
G1 X52.845 Y62.519 E1949.2996
G1 X53.539 Y62.523 E1949.31691
G1 X53.653 Y62.59 E1949.32021
G1 X53.7 Y62.72 E1949.32366
G1 X53.7 Y74.558 E1949.61896
G1 X53.67 Y74.646 E1949.62128
G1 X53.311 Y74.931 E1949.63271
G1 X52.962 Y75.402 E1949.64733
G1 X52.812 Y75.89 E1949.66007
G1 X52.812 Y76.301 E1949.67032
G1 X52.879 Y76.586 E1949.67762
G1 X53.049 Y76.952 E1949.68769
G1 X53.222 Y77.18 E1949.69483
G1 X53.552 Y77.452 E1949.7055
G1 X53.804 Y77.583 E1949.71258
G1 X54.201 Y77.684 E1949.7228
G1 X54.595 Y77.684 E1949.73263
G1 X54.99 Y77.584 E1949.74279
G1 X55.49 Y77.269 E1949.75754
G1 X55.838 Y76.798 E1949.77214
G1 X55.984 Y76.306 E1949.78495
G1 X55.984 Y75.901 E1949.79505
G1 X55.886 Y75.512 E1949.80506
G1 X55.574 Y75.016 E1949.81967
G1 X55.137 Y74.667 E1949.83362
G1 X55.1 Y74.558 E1949.83649
G1 X55.1 Y62.72 E1950.13179
G1 X55.147 Y62.59 E1950.13524
G1 X55.28 Y62.52 E1950.13899
G1 X55.944 Y62.524 E1950.15556
G1 X56.021 Y62.559 E1950.15767
G1 X56.097 Y62.68 E1950.16123
G0 F7200 X56.097 Y62.88
G0 X56.81 Y62.88
G0 X59.01 Y35.043
G0 X58.301 Y35.043
G1 F1200 X58.239 Y35.145 E1950.16421
G1 X58.147 Y35.201 E1950.16689
G1 X41.817 Y35.198 E1950.57425
G1 X41.7 Y35.041 E1950.57913
G1 X41.7 Y11.1 E1951.17634
G1 X37.136 Y11.1 E1951.29019
G1 X36.85 Y11.194 E1951.2977
G1 X36.736 Y11.294 E1951.30149
G1 X36.6 Y11.588 E1951.30957
G1 X36.6 Y88.415 E1953.22602
G1 X36.709 Y88.674 E1953.23303
G1 X36.82 Y88.784 E1953.23693
G1 X37.094 Y88.892 E1953.24428
G1 X62.92 Y88.9 E1953.88851
G1 X63.102 Y88.832 E1953.89336
G1 X63.269 Y88.692 E1953.89879
G1 X63.392 Y88.414 E1953.90638
G1 X63.399 Y11.656 E1955.82111
G1 X63.371 Y11.481 E1955.82553
G1 X63.297 Y11.341 E1955.82948
G1 X63.065 Y11.147 E1955.83703
G1 X62.92 Y11.101 E1955.84082
G1 X58.301 Y11.101 E1955.95604
G1 X58.301 Y35.043 E1956.55328
G0 F7200 X58.239 Y35.145
G0 X58.17 Y35.187
G0 X58.17 Y35.91
G0 X48.078 Y62.543
;TYPE:SKIN
G1 F900 X47.876 Y62.117 E1956.56504
G1 X47.617 Y61.886 E1956.5737
G1 X47.296 Y61.74 E1956.58249
G1 X46.396 Y61.741 E1956.60494
G1 X46.015 Y61.868 E1956.61496
G1 X45.777 Y62.057 E1956.62254
G1 X45.598 Y62.349 E1956.63109
G1 X45.421 Y62.058 E1956.63958
G1 X45.185 Y61.868 E1956.64714
G1 X44.84 Y61.747 E1956.65626
G1 X44.016 Y61.744 E1956.67682
G1 X43.785 Y61.793 E1956.68271
G1 X43.534 Y61.919 E1956.68971
G1 X43.302 Y62.151 E1956.6979
G1 X43.12 Y62.571 E1956.70931
G1 X43.12 Y73.832 E1956.99022
G1 X42.834 Y74.155 E1957.00098
G1 X42.571 Y74.594 E1957.01375
G1 X42.309 Y75.291 E1957.03232
G1 X42.212 Y76.112 E1957.05295
G1 X42.248 Y76.564 E1957.06426
G1 X42.36 Y77.072 E1957.07723
G1 X42.534 Y77.524 E1957.08932
G1 X42.814 Y78.012 E1957.10335
G1 X43.107 Y78.382 E1957.11512
G1 X43.614 Y78.841 E1957.13218
G1 X44.156 Y79.158 E1957.14785
G1 X44.759 Y79.377 E1957.16385
G1 X45.568 Y79.479 E1957.18419
G1 X46.047 Y79.448 E1957.19616
G1 X46.59 Y79.324 E1957.21006
G1 X46.978 Y79.18 E1957.22038
G1 X47.578 Y78.843 E1957.23755
G1 X48.055 Y78.417 E1957.2535
G1 X48.339 Y78.077 E1957.26455
G1 X48.652 Y77.555 E1957.27973
G1 X48.877 Y76.931 E1957.29628
G1 X48.976 Y76.174 E1957.31533
G1 X48.956 Y75.651 E1957.32838
G1 X48.785 Y74.973 E1957.34582
G1 X48.609 Y74.566 E1957.35688
G1 X48.373 Y74.166 E1957.36847
G1 X48.08 Y73.831 E1957.37957
G1 X48.078 Y62.543 E1957.66115
G0 F7200 X52.062 Y61.882
G0 X56.738 Y61.882
G0 X56.88 Y62.612
G1 F900 X56.739 Y62.214 E1957.67169
G1 X56.462 Y61.919 E1957.68178
G1 X56.027 Y61.749 E1957.69343
G1 X55.19 Y61.74 E1957.71431
G1 X54.815 Y61.868 E1957.72419
G1 X54.577 Y62.057 E1957.73178
G1 X54.398 Y62.349 E1957.74032
G1 X54.221 Y62.058 E1957.74882
G1 X53.985 Y61.868 E1957.75637
G1 X53.64 Y61.747 E1957.76549
G1 X52.807 Y61.736 E1957.78627
G1 X52.379 Y61.89 E1957.79762
G1 X52.016 Y62.295 E1957.81119
G1 X51.92 Y62.706 E1957.82172
G1 X51.92 Y73.834 E1958.09931
G1 X51.622 Y74.165 E1958.11042
G1 X51.311 Y74.716 E1958.1262
G1 X51.115 Y75.264 E1958.14072
G1 X51.02 Y76.062 E1958.16076
G1 X51.056 Y76.598 E1958.17416
G1 X51.168 Y77.105 E1958.18712
G1 X51.379 Y77.619 E1958.20098
G1 X51.653 Y78.077 E1958.21429
G1 X51.956 Y78.436 E1958.22601
G1 X52.42 Y78.843 E1958.2414
G1 X52.901 Y79.128 E1958.25535
G1 X53.545 Y79.372 E1958.27253
G1 X54.367 Y79.479 E1958.29321
G1 X54.851 Y79.448 E1958.30531
G1 X55.36 Y79.336 E1958.31831
G1 X55.833 Y79.155 E1958.33094
G1 X56.304 Y78.886 E1958.34447
G1 X56.807 Y78.46 E1958.36091
G1 X57.087 Y78.144 E1958.37145
G1 X57.459 Y77.541 E1958.38912
G1 X57.69 Y76.863 E1958.40699
G1 X57.78 Y76.088 E1958.42645
G1 X57.752 Y75.689 E1958.43643
G1 X57.628 Y75.117 E1958.45103
G1 X57.405 Y74.558 E1958.46604
G1 X57.181 Y74.178 E1958.47704
G1 X56.88 Y73.832 E1958.48848
G1 X56.88 Y62.612 E1958.76837
G0 F7200 X59.046 Y35.255
G1 F900 X59.079 Y35.02 E1958.77429
G1 X59.08 Y13.18 E1959.31909
G1 X61.32 Y13.18 E1959.37496
G1 X61.32 Y86.82 E1961.21192
G1 X38.68 Y86.82 E1961.77668
G1 X38.68 Y13.18 E1963.61364
G1 X40.92 Y13.18 E1963.66951
G1 X40.921 Y35.026 E1964.21446
G1 X40.95 Y35.251 E1964.22012
G1 X41.048 Y35.489 E1964.22654
G1 X41.359 Y35.815 E1964.23778
G1 X41.78 Y35.98 E1964.24906
G1 X58.176 Y35.98 E1964.65806
G1 X58.56 Y35.862 E1964.66808
G1 X58.905 Y35.551 E1964.67967
G1 X59.046 Y35.255 E1964.68785
G0 F7200 X60.897 Y13.38
G1 F900 X61.12 Y13.603 E1964.69572
G0 F7200 X61.12 Y14.168
G1 F900 X60.332 Y13.38 E1964.72351
G0 F7200 X59.766 Y13.38
G1 F900 X61.12 Y14.734 E1964.77128
G0 F7200 X61.12 Y15.3
G1 F900 X59.279 Y13.458 E1964.83624
G0 F7200 X59.279 Y14.024
G1 F900 X61.12 Y15.865 E1964.90119
G0 F7200 X61.12 Y16.431
G1 F900 X59.279 Y14.59 E1964.96614
G0 F7200 X59.279 Y15.155
G1 F900 X61.12 Y16.997 E1965.0311
G0 F7200 X61.12 Y17.562
G1 F900 X59.279 Y15.721 E1965.09605
G0 F7200 X59.279 Y16.287
G1 F900 X61.12 Y18.128 E1965.16099
G0 F7200 X61.12 Y18.694
G1 F900 X59.279 Y16.852 E1965.22596
G0 F7200 X59.279 Y17.418
G1 F900 X61.12 Y19.259 E1965.2909
G0 F7200 X61.12 Y19.825
G1 F900 X59.279 Y17.984 E1965.35585
G0 F7200 X59.279 Y18.55
G1 F900 X61.12 Y20.391 E1965.4208
G0 F7200 X61.12 Y20.957
G1 F900 X59.278 Y19.115 E1965.48578
G0 F7200 X59.278 Y19.68
G1 F900 X61.12 Y21.522 E1965.55076
G0 F7200 X61.12 Y22.088
G1 F900 X59.278 Y20.246 E1965.61574
G0 F7200 X59.278 Y20.812
G1 F900 X61.12 Y22.654 E1965.68072
G0 F7200 X61.12 Y23.219
G1 F900 X59.278 Y21.377 E1965.7457
G0 F7200 X59.278 Y21.943
G1 F900 X61.12 Y23.785 E1965.81068
G0 F7200 X61.12 Y24.351
G1 F900 X59.278 Y22.509 E1965.87567
G0 F7200 X59.278 Y23.074
G1 F900 X61.12 Y24.916 E1965.94065
G0 F7200 X61.12 Y25.482
G1 F900 X59.278 Y23.64 E1966.00563
G0 F7200 X59.278 Y24.206
G1 F900 X61.12 Y26.048 E1966.07061
G0 F7200 X61.12 Y26.613
G1 F900 X59.277 Y24.771 E1966.13561
G0 F7200 X59.277 Y25.336
G1 F900 X61.12 Y27.179 E1966.20063
G0 F7200 X61.12 Y27.745
G1 F900 X59.277 Y25.902 E1966.26564
G0 F7200 X59.277 Y26.468
G1 F900 X61.12 Y28.31 E1966.33064
G0 F7200 X61.12 Y28.876
G1 F900 X59.277 Y27.033 E1966.39566
G0 F7200 X59.277 Y27.599
G1 F900 X61.12 Y29.442 E1966.46068
G0 F7200 X61.12 Y30.007
G1 F900 X59.277 Y28.165 E1966.52568
G0 F7200 X59.277 Y28.73
G1 F900 X61.12 Y30.573 E1966.59069
G0 F7200 X61.12 Y31.139
G1 F900 X59.277 Y29.296 E1966.65571
G0 F7200 X59.277 Y29.861
G1 F900 X61.12 Y31.705 E1966.72074
G0 F7200 X61.12 Y32.27
G1 F900 X59.277 Y30.427 E1966.78576
G0 F7200 X59.277 Y30.992
G1 F900 X61.12 Y32.836 E1966.85079
G0 F7200 X61.12 Y33.402
G1 F900 X59.277 Y31.558 E1966.91583
G0 F7200 X59.277 Y32.124
G1 F900 X61.12 Y33.967 E1966.98085
G0 F7200 X61.12 Y34.533
G1 F900 X59.277 Y32.69 E1967.04586
G0 F7200 X59.277 Y33.255
G1 F900 X61.12 Y35.099 E1967.1109
G0 F7200 X61.12 Y35.664
G1 F900 X59.277 Y33.821 E1967.17591
G0 F7200 X59.277 Y34.387
G1 F900 X61.12 Y36.23 E1967.24093
G0 F7200 X61.12 Y36.796
G1 F900 X59.277 Y34.952 E1967.30597
G0 F7200 X59.187 Y35.428
G1 F900 X61.12 Y37.361 E1967.37416
G0 F7200 X61.12 Y37.927
G1 F900 X58.955 Y35.762 E1967.45053
G0 F7200 X58.659 Y36.031
G1 F900 X61.12 Y38.493 E1967.53737
G0 F7200 X61.12 Y39.058
G1 F900 X58.227 Y36.166 E1967.63941
G0 F7200 X57.677 Y36.181
G1 F900 X61.12 Y39.624 E1967.76087
G0 F7200 X61.12 Y40.19
G1 F900 X57.111 Y36.181 E1967.9023
G0 F7200 X56.545 Y36.181
G1 F900 X61.12 Y40.756 E1968.0637
G0 F7200 X61.12 Y41.321
G1 F900 X55.98 Y36.181 E1968.24502
G0 F7200 X55.414 Y36.181
G1 F900 X61.12 Y41.887 E1968.44632
G0 F7200 X61.12 Y42.453
G1 F900 X54.848 Y36.181 E1968.66758
G0 F7200 X54.282 Y36.181
G1 F900 X61.12 Y43.018 E1968.90879
G0 F7200 X61.12 Y43.584
G1 F900 X53.717 Y36.181 E1969.16995
G0 F7200 X53.151 Y36.181
G1 F900 X61.12 Y44.15 E1969.45108
G0 F7200 X61.12 Y44.715
G1 F900 X52.585 Y36.181 E1969.75216
G0 F7200 X52.02 Y36.181
G1 F900 X61.12 Y45.281 E1970.07318
G0 F7200 X61.12 Y45.847
G1 F900 X51.454 Y36.181 E1970.41418
G0 F7200 X50.888 Y36.181
G1 F900 X61.12 Y46.412 E1970.77512
G0 F7200 X61.12 Y46.978
G1 F900 X50.323 Y36.181 E1971.15602
G0 F7200 X49.757 Y36.181
G1 F900 X61.12 Y47.544 E1971.55688
G0 F7200 X61.12 Y48.109
G1 F900 X49.191 Y36.181 E1971.97769
G0 F7200 X48.626 Y36.181
G1 F900 X61.12 Y48.675 E1972.41845
G0 F7200 X61.12 Y49.241
G1 F900 X48.06 Y36.181 E1972.87917
G0 F7200 X47.494 Y36.181
G1 F900 X61.12 Y49.806 E1973.35985
G0 F7200 X61.12 Y50.372
G1 F900 X46.929 Y36.181 E1973.86047
G0 F7200 X46.363 Y36.181
G1 F900 X61.12 Y50.938 E1974.38107
G0 F7200 X61.12 Y51.504
G1 F900 X45.797 Y36.181 E1974.92163
G0 F7200 X45.231 Y36.181
G1 F900 X61.12 Y52.069 E1975.48214
G0 F7200 X61.12 Y52.635
G1 F900 X44.666 Y36.181 E1976.0626
G0 F7200 X44.1 Y36.181
G1 F900 X61.12 Y53.201 E1976.66302
G0 F7200 X61.12 Y53.766
G1 F900 X43.534 Y36.181 E1977.2834
G0 F7200 X42.969 Y36.181
G1 F900 X61.12 Y54.332 E1977.92372
G0 F7200 X61.12 Y54.898
G1 F900 X42.403 Y36.181 E1978.58402
G0 F7200 X41.837 Y36.181
G1 F900 X61.12 Y55.463 E1979.26426
G0 F7200 X61.12 Y56.029
G1 F900 X38.88 Y33.788 E1980.04885
G0 F7200 X38.88 Y33.223
G1 F900 X40.729 Y35.072 E1980.11408
G0 F7200 X40.72 Y34.498
G1 F900 X38.88 Y32.657 E1980.17901
G0 F7200 X38.88 Y32.091
G1 F900 X40.72 Y33.932 E1980.24394
G0 F7200 X40.72 Y33.366
G1 F900 X38.88 Y31.526 E1980.30885
G0 F7200 X38.88 Y30.96
G1 F900 X40.72 Y32.801 E1980.37378
G0 F7200 X40.72 Y32.235
G1 F900 X38.88 Y30.394 E1980.43871
G0 F7200 X38.88 Y29.829
G1 F900 X40.72 Y31.669 E1980.50362
G0 F7200 X40.72 Y31.104
G1 F900 X38.88 Y29.263 E1980.56855
G0 F7200 X38.88 Y28.697
G1 F900 X40.72 Y30.538 E1980.63348
G0 F7200 X40.72 Y29.972
G1 F900 X38.88 Y28.132 E1980.69839
G0 F7200 X38.88 Y27.566
G1 F900 X40.72 Y29.406 E1980.7633
G0 F7200 X40.72 Y28.841
G1 F900 X38.88 Y27 E1980.82823
G0 F7200 X38.88 Y26.434
G1 F900 X40.72 Y28.275 E1980.89315
G0 F7200 X40.72 Y27.709
G1 F900 X38.88 Y25.869 E1980.95807
G0 F7200 X38.88 Y25.303
G1 F900 X40.72 Y27.144 E1981.02299
G0 F7200 X40.72 Y26.578
G1 F900 X38.88 Y24.737 E1981.08792
G0 F7200 X38.88 Y24.172
G1 F900 X40.72 Y26.012 E1981.15283
G0 F7200 X40.72 Y25.447
G1 F900 X38.88 Y23.606 E1981.21776
G0 F7200 X38.88 Y23.04
G1 F900 X40.72 Y24.881 E1981.28269
G0 F7200 X40.72 Y24.315
G1 F900 X38.88 Y22.475 E1981.3476
G0 F7200 X38.88 Y21.909
G1 F900 X40.72 Y23.75 E1981.41253
G0 F7200 X40.72 Y23.184
G1 F900 X38.88 Y21.343 E1981.47746
G0 F7200 X38.88 Y20.778
G1 F900 X40.72 Y22.618 E1981.54237
G0 F7200 X40.72 Y22.053
G1 F900 X38.88 Y20.212 E1981.6073
G0 F7200 X38.88 Y19.646
G1 F900 X40.72 Y21.487 E1981.67223
G0 F7200 X40.72 Y20.921
G1 F900 X38.88 Y19.081 E1981.73714
G0 F7200 X38.88 Y18.515
G1 F900 X40.72 Y20.355 E1981.80205
G0 F7200 X40.72 Y19.79
G1 F900 X38.88 Y17.949 E1981.86698
G0 F7200 X38.88 Y17.384
G1 F900 X40.72 Y19.224 E1981.93189
G0 F7200 X40.72 Y18.658
G1 F900 X38.88 Y16.818 E1981.9968
G0 F7200 X38.88 Y16.252
G1 F900 X40.72 Y18.093 E1982.06173
G0 F7200 X40.72 Y17.527
G1 F900 X38.88 Y15.686 E1982.12666
G0 F7200 X38.88 Y15.121
G1 F900 X40.72 Y16.961 E1982.19157
G0 F7200 X40.72 Y16.396
G1 F900 X38.88 Y14.555 E1982.2565
G0 F7200 X38.88 Y13.989
G1 F900 X40.72 Y15.83 E1982.32142
G0 F7200 X40.72 Y15.264
G1 F900 X38.88 Y13.424 E1982.38634
G0 F7200 X39.401 Y13.38
G1 F900 X40.72 Y14.699 E1982.43287
G0 F7200 X40.72 Y14.133
G1 F900 X39.967 Y13.38 E1982.45943
G0 F7200 X40.533 Y13.38
G1 F900 X40.72 Y13.567 E1982.46603
G0 F7200 X38.88 Y34.354
G1 F900 X61.12 Y56.595 E1983.25062
G0 F7200 X61.12 Y57.16
G1 F900 X38.88 Y34.92 E1984.0352
G0 F7200 X38.88 Y35.485
G1 F900 X61.12 Y57.726 E1984.81979
G0 F7200 X61.12 Y58.292
G1 F900 X38.88 Y36.051 E1985.60439
G0 F7200 X38.88 Y36.617
G1 F900 X61.12 Y58.857 E1986.38896
G0 F7200 X61.12 Y59.423
G1 F900 X38.88 Y37.183 E1987.17354
G0 F7200 X38.88 Y37.748
G1 F900 X61.12 Y59.989 E1987.95813
G0 F7200 X61.12 Y60.555
G1 F900 X38.88 Y38.314 E1988.74272
G0 F7200 X38.88 Y38.88
G1 F900 X61.12 Y61.12 E1989.5273
G0 F7200 X61.12 Y61.686
G1 F900 X38.88 Y39.445 E1990.31189
G0 F7200 X38.88 Y40.011
G1 F900 X61.12 Y62.252 E1991.09649
G0 F7200 X61.12 Y62.817
G1 F900 X38.88 Y40.577 E1991.88106
G0 F7200 X38.88 Y41.142
G1 F900 X61.12 Y63.383 E1992.66566
G0 F7200 X61.12 Y63.949
G1 F900 X38.88 Y41.708 E1993.45025
G0 F7200 X38.88 Y42.274
G1 F900 X61.12 Y64.514 E1994.23483
G0 F7200 X61.12 Y65.08
G1 F900 X38.88 Y42.839 E1995.01942
G0 F7200 X38.88 Y43.405
G1 F900 X61.12 Y65.646 E1995.80402
G0 F7200 X61.12 Y66.211
G1 F900 X38.88 Y43.971 E1996.58859
G0 F7200 X38.88 Y44.536
G1 F900 X55.886 Y61.543 E1997.18854
G0 F7200 X55.316 Y61.539
G1 F900 X38.88 Y45.102 E1997.76838
G0 F7200 X38.88 Y45.668
G1 F900 X54.857 Y61.645 E1998.33202
G0 F7200 X54.514 Y61.868
G1 F900 X38.88 Y46.233 E1998.88356
G0 F7200 X38.88 Y46.799
G1 F900 X53.63 Y61.549 E1999.40391
G0 F7200 X53.055 Y61.54
G1 F900 X38.88 Y47.365 E1999.90397
G0 F7200 X38.88 Y47.931
G1 F900 X52.563 Y61.614 E2000.38668
G0 F7200 X52.181 Y61.798
G1 F900 X38.88 Y48.496 E2000.85592
G0 F7200 X38.88 Y49.062
G1 F900 X51.926 Y62.108 E2001.31616
G0 F7200 X51.763 Y62.511
G1 F900 X38.88 Y49.628 E2001.77064
G0 F7200 X38.88 Y50.193
G1 F900 X51.721 Y63.034 E2002.22364
G0 F7200 X51.721 Y63.6
G1 F900 X38.88 Y50.759 E2002.67664
G0 F7200 X38.88 Y51.325
G1 F900 X51.721 Y64.166 E2003.12964
G0 F7200 X51.721 Y64.731
G1 F900 X38.88 Y51.89 E2003.58264
G0 F7200 X38.88 Y52.456
G1 F900 X51.721 Y65.297 E2004.03564
G0 F7200 X51.721 Y65.863
G1 F900 X48.213 Y62.356 E2004.15938
G0 F7200 X48.275 Y62.983
G1 F900 X51.721 Y66.428 E2004.28093
G0 F7200 X51.721 Y66.994
G1 F900 X48.275 Y63.548 E2004.4025
G0 F7200 X48.276 Y64.115
G1 F900 X51.721 Y67.56 E2004.52403
G0 F7200 X51.721 Y68.125
G1 F900 X48.276 Y64.68 E2004.64556
G0 F7200 X48.276 Y65.246
G1 F900 X51.721 Y68.691 E2004.76709
G0 F7200 X51.721 Y69.257
G1 F900 X48.276 Y65.813 E2004.88861
G0 F7200 X48.276 Y66.378
G1 F900 X51.721 Y69.823 E2005.01014
G0 F7200 X51.721 Y70.388
G1 F900 X48.276 Y66.944 E2005.13165
G0 F7200 X48.277 Y67.51
G1 F900 X51.721 Y70.954 E2005.25315
G0 F7200 X51.721 Y71.52
G1 F900 X48.277 Y68.076 E2005.37464
G0 F7200 X48.277 Y68.642
G1 F900 X51.721 Y72.085 E2005.49612
G0 F7200 X51.721 Y72.651
G1 F900 X48.278 Y69.208 E2005.61758
G0 F7200 X48.278 Y69.774
G1 F900 X51.721 Y73.217 E2005.73904
G0 F7200 X51.709 Y73.771
G1 F900 X48.278 Y70.339 E2005.8601
G0 F7200 X48.278 Y70.906
G1 F900 X51.445 Y74.072 E2005.97181
G0 F7200 X51.239 Y74.432
G1 F900 X48.278 Y71.472 E2006.07625
G0 F7200 X48.278 Y72.037
G1 F900 X51.064 Y74.823 E2006.17453
G0 F7200 X50.912 Y75.237
G1 F900 X48.279 Y72.604 E2006.26742
G0 F7200 X48.279 Y73.169
G1 F900 X50.852 Y75.742 E2006.35819
G0 F7200 X50.835 Y76.29
G1 F900 X48.279 Y73.735 E2006.44834
G1 X48.209 Y73.665
G0 F7200 X49.002 Y75.024
G1 F900 X50.931 Y76.952 E2006.51637
G1 X51.001 Y77.022
G0 F7200 X51.318 Y77.905
G1 F900 X49.159 Y75.747 E2006.59252
G0 F7200 X49.159 Y76.312
G1 F900 X59.467 Y86.62 E2006.95616
G0 F7200 X58.901 Y86.62
G1 F900 X49.097 Y76.816 E2007.30202
G0 F7200 X48.974 Y77.258
G1 F900 X58.336 Y86.62 E2007.63229
G0 F7200 X57.77 Y86.62
G1 F900 X48.817 Y77.667 E2007.94813
G0 F7200 X48.605 Y78.021
G1 F900 X57.204 Y86.62 E2008.25149
G0 F7200 X56.639 Y86.62
G1 F900 X48.37 Y78.351 E2008.5432
G0 F7200 X48.099 Y78.646
G1 F900 X56.073 Y86.62 E2008.8245
G0 F7200 X55.507 Y86.62
G1 F900 X47.801 Y78.914 E2009.09635
G0 F7200 X47.461 Y79.139
G1 F900 X54.941 Y86.62 E2009.36025
G0 F7200 X54.376 Y86.62
G1 F900 X47.097 Y79.341 E2009.61703
G0 F7200 X46.689 Y79.499
G1 F900 X53.81 Y86.62 E2009.86825
G0 F7200 X53.244 Y86.62
G1 F900 X46.236 Y79.612 E2010.11547
G0 F7200 X45.729 Y79.67
G1 F900 X52.679 Y86.62 E2010.36065
G0 F7200 X52.113 Y86.62
G1 F900 X45.119 Y79.626 E2010.60739
G0 F7200 X44.38 Y79.453
G1 F900 X51.547 Y86.62 E2010.86022
G0 F7200 X50.982 Y86.62
G1 F900 X38.88 Y74.518 E2011.28715
G0 F7200 X38.88 Y75.083
G1 F900 X50.416 Y86.62 E2011.69413
G0 F7200 X49.85 Y86.62
G1 F900 X38.88 Y75.649 E2012.08115
G0 F7200 X38.88 Y76.215
G1 F900 X49.285 Y86.62 E2012.44821
G0 F7200 X48.719 Y86.62
G1 F900 X38.88 Y76.78 E2012.79533
G0 F7200 X38.88 Y77.346
G1 F900 X48.153 Y86.62 E2013.12247
G0 F7200 X47.588 Y86.62
G1 F900 X38.88 Y77.912 E2013.42967
G0 F7200 X38.88 Y78.478
G1 F900 X47.022 Y86.62 E2013.7169
G0 F7200 X46.456 Y86.62
G1 F900 X38.88 Y79.043 E2013.98418
G0 F7200 X38.88 Y79.609
G1 F900 X45.891 Y86.62 E2014.23152
G0 F7200 X45.325 Y86.62
G1 F900 X38.88 Y80.175 E2014.45888
G0 F7200 X38.88 Y80.74
G1 F900 X44.759 Y86.62 E2014.6663
G0 F7200 X44.193 Y86.62
G1 F900 X38.88 Y81.306 E2014.85374
G0 F7200 X38.88 Y81.872
G1 F900 X43.628 Y86.62 E2015.02124
G0 F7200 X43.062 Y86.62
G1 F900 X38.88 Y82.437 E2015.16879
G0 F7200 X38.88 Y83.003
G1 F900 X42.496 Y86.62 E2015.29637
G0 F7200 X41.931 Y86.62
G1 F900 X38.88 Y83.569 E2015.40401
G0 F7200 X38.88 Y84.134
G1 F900 X41.365 Y86.62 E2015.49169
G0 F7200 X40.799 Y86.62
G1 F900 X38.88 Y84.7 E2015.5594
G0 F7200 X38.88 Y85.266
G1 F900 X40.234 Y86.62 E2015.60717
G0 F7200 X39.668 Y86.62
G1 F900 X38.88 Y85.831 E2015.63499
G0 F7200 X38.88 Y86.397
G1 F900 X39.102 Y86.62 E2015.64284
G0 F7200 X42.238 Y77.311
G1 F900 X38.88 Y73.952 E2015.76132
G0 F7200 X38.88 Y73.386
G1 F900 X42.051 Y76.558 E2015.8732
G0 F7200 X42.025 Y75.967
G1 F900 X38.88 Y72.821 E2015.98417
G0 F7200 X38.88 Y72.255
G1 F900 X42.087 Y75.462 E2016.0973
G0 F7200 X42.198 Y75.008
G1 F900 X38.88 Y71.689 E2016.21437
G0 F7200 X38.88 Y71.124
G1 F900 X42.354 Y74.598 E2016.33692
G0 F7200 X42.554 Y74.233
G1 F900 X38.88 Y70.558 E2016.46655
G0 F7200 X38.88 Y69.992
G1 F900 X42.793 Y73.905 E2016.60459
G0 F7200 X42.92 Y73.467
G1 F900 X38.88 Y69.427 E2016.74712
G0 F7200 X38.88 Y68.861
G1 F900 X42.92 Y72.901 E2016.88964
G0 F7200 X42.92 Y72.336
G1 F900 X38.88 Y68.295 E2017.03218
G0 F7200 X38.88 Y67.73
G1 F900 X42.92 Y71.77 E2017.1747
G0 F7200 X42.92 Y71.204
G1 F900 X38.88 Y67.164 E2017.31722
G0 F7200 X38.88 Y66.598
G1 F900 X42.92 Y70.639 E2017.45976
G0 F7200 X42.92 Y70.073
G1 F900 X38.88 Y66.032 E2017.6023
G0 F7200 X38.88 Y65.467
G1 F900 X42.92 Y69.507 E2017.74482
G0 F7200 X42.92 Y68.941
G1 F900 X38.88 Y64.901 E2017.88734
G0 F7200 X38.88 Y64.335
G1 F900 X42.92 Y68.376 E2018.02988
G0 F7200 X42.92 Y67.81
G1 F900 X38.88 Y63.77 E2018.17241
G0 F7200 X38.88 Y63.204
G1 F900 X42.92 Y67.244 E2018.31493
G0 F7200 X42.92 Y66.679
G1 F900 X38.88 Y62.638 E2018.45747
G0 F7200 X38.88 Y62.073
G1 F900 X42.92 Y66.113 E2018.59999
G0 F7200 X42.92 Y65.547
G1 F900 X38.88 Y61.507 E2018.74251
G0 F7200 X38.88 Y60.941
G1 F900 X42.92 Y64.982 E2018.88505
G0 F7200 X42.92 Y64.416
G1 F900 X38.88 Y60.376 E2019.02757
G0 F7200 X38.88 Y59.81
G1 F900 X42.92 Y63.85 E2019.17009
G0 F7200 X42.92 Y63.285
G1 F900 X38.88 Y59.244 E2019.31263
G0 F7200 X38.88 Y58.679
G1 F900 X42.92 Y62.719 E2019.45516
G0 F7200 X43.034 Y62.267
G1 F900 X38.88 Y58.113 E2019.6017
G0 F7200 X38.88 Y57.547
G1 F900 X43.266 Y61.933 E2019.75643
G0 F7200 X43.575 Y61.677
G1 F900 X38.88 Y56.981 E2019.92207
G0 F7200 X38.88 Y56.416
G1 F900 X44.008 Y61.544 E2020.10298
G0 F7200 X44.573 Y61.544
G1 F900 X38.88 Y55.85 E2020.30383
G0 F7200 X38.88 Y55.284
G1 F900 X45.34 Y61.745 E2020.53174
G0 F7200 X45.884 Y61.723
G1 F900 X38.88 Y54.719 E2020.77883
G0 F7200 X38.88 Y54.153
G1 F900 X46.294 Y61.567 E2021.04038
G0 F7200 X46.833 Y61.541
G1 F900 X38.88 Y53.587 E2021.32096
G0 F7200 X38.88 Y53.022
G1 F900 X47.453 Y61.595 E2021.62339
G1 X47.523 Y61.665
G0 F7200 X56.738 Y61.882
G0 X57.08 Y62.737
G1 F900 X61.12 Y66.777 E2021.76592
G0 F7200 X61.12 Y67.343
G1 F900 X57.08 Y63.302 E2021.90846
G0 F7200 X57.08 Y63.868
G1 F900 X61.12 Y67.908 E2022.05098
G0 F7200 X61.12 Y68.474
G1 F900 X57.08 Y64.434 E2022.1935
G0 F7200 X57.08 Y64.999
G1 F900 X61.12 Y69.04 E2022.33604
G0 F7200 X61.12 Y69.605
G1 F900 X57.08 Y65.565 E2022.47856
G0 F7200 X57.08 Y66.131
G1 F900 X61.12 Y70.171 E2022.62108
G0 F7200 X61.12 Y70.737
G1 F900 X57.08 Y66.696 E2022.76362
G0 F7200 X57.08 Y67.262
G1 F900 X61.12 Y71.303 E2022.90616
G0 F7200 X61.12 Y71.868
G1 F900 X57.08 Y67.828 E2023.04868
G0 F7200 X57.08 Y68.393
G1 F900 X61.12 Y72.434 E2023.19122
G0 F7200 X61.12 Y73
G1 F900 X57.08 Y68.959 E2023.33376
G0 F7200 X57.08 Y69.525
G1 F900 X61.12 Y73.565 E2023.47628
G0 F7200 X61.12 Y74.131
G1 F900 X57.08 Y70.091 E2023.61881
G0 F7200 X57.08 Y70.656
G1 F900 X61.12 Y74.697 E2023.76135
G0 F7200 X61.12 Y75.262
G1 F900 X57.08 Y71.222 E2023.90387
G0 F7200 X57.08 Y71.788
G1 F900 X61.12 Y75.828 E2024.04639
G0 F7200 X61.12 Y76.394
G1 F900 X57.08 Y72.353 E2024.18893
G0 F7200 X57.08 Y72.919
G1 F900 X61.12 Y76.959 E2024.33145
G0 F7200 X61.12 Y77.525
G1 F900 X57.08 Y73.485 E2024.47397
G1 X57.01 Y73.415
G0 F7200 X57.644 Y74.615
G1 F900 X61.12 Y78.091 E2024.5966
G0 F7200 X61.12 Y78.656
G1 F900 X57.9 Y75.436 E2024.71019
G0 F7200 X57.974 Y76.076
G1 F900 X61.12 Y79.222 E2024.82118
G0 F7200 X61.12 Y79.788
G1 F900 X57.923 Y76.591 E2024.93396
G0 F7200 X57.831 Y77.065
G1 F900 X61.12 Y80.353 E2025.04997
G0 F7200 X61.12 Y80.919
G1 F900 X57.691 Y77.49 E2025.17094
G0 F7200 X57.495 Y77.86
G1 F900 X61.12 Y81.485 E2025.29882
G0 F7200 X61.12 Y82.051
G1 F900 X57.278 Y78.209 E2025.43436
G0 F7200 X57.021 Y78.517
G1 F900 X61.12 Y82.616 E2025.57896
G0 F7200 X61.12 Y83.182
G1 F900 X56.729 Y78.791 E2025.73386
G0 F7200 X56.422 Y79.05
G1 F900 X61.12 Y83.748 E2025.8996
G0 F7200 X61.12 Y84.313
G1 F900 X56.061 Y79.254 E2026.07807
G0 F7200 X55.673 Y79.432
G1 F900 X61.12 Y84.879 E2026.27023
G0 F7200 X61.12 Y85.445
G1 F900 X55.241 Y79.565 E2026.47764
G0 F7200 X54.763 Y79.653
G1 F900 X61.12 Y86.01 E2026.7019
G0 F7200 X61.12 Y86.576
G1 F900 X54.202 Y79.658 E2026.94595
G0 F7200 X53.561 Y79.582
G1 F900 X60.598 Y86.62 E2027.19422
G0 F7200 X60.033 Y86.62
G1 F900 X52.583 Y79.171 E2027.45702
G1 X52.513 Y79.101
G0 F7200 X52.465 Y79.23
;MESH:NONMESH
G0 F600 Z3.785
G0 F7200 X51.472 Y77.512
G0 X42.697 Y35.849
G0 X41.062 Y35.838
G0 X37.311 Y11.927
G0 X37.16 Y11.927
;TIME_ELAPSED:4471.191898
;LAYER:17
;TYPE:FILL
;MESH:luckfox_top.stl
G1 F3000 X37.428 Y11.659 E2027.46647
G0 F7200 X37.428 Y11.811
G0 X39.944 Y11.811
G0 X39.944 Y11.66
G1 F3000 X41.14 Y12.856 E2027.50867
G1 X41.21 Y12.926
G0 F7200 X40.99 Y12.926
G0 X38.54 Y15.913
G1 F3000 X37.16 Y14.532 E2027.55737
G1 X37.09 Y14.462
G0 F7200 X37.312 Y14.463
G0 X38.54 Y16.204
G1 F3000 X37.16 Y17.584 E2027.60605
G1 X37.09 Y17.654
G0 F7200 X37.312 Y17.655
G0 X37.312 Y20.19
G0 X37.16 Y20.189
G1 F3000 X38.54 Y21.57 E2027.65475
G0 F7200 X38.54 Y21.861
G1 F3000 X37.16 Y23.241 E2027.70344
G1 X37.09 Y23.311
G0 F7200 X37.312 Y23.312
G0 X37.312 Y25.847
G0 X37.16 Y25.846
G1 F3000 X38.54 Y27.226 E2027.75212
G0 F7200 X38.54 Y27.518
G1 F3000 X37.16 Y28.898 E2027.8008
G1 X37.09 Y28.968
G0 F7200 X37.312 Y28.969
G0 X37.312 Y31.504
G0 X37.16 Y31.503
G1 F3000 X38.54 Y32.883 E2027.84948
G0 F7200 X38.54 Y33.175
G1 F3000 X37.16 Y34.555 E2027.89817
G1 X37.09 Y34.625
G0 F7200 X37.312 Y34.626
G0 X37.312 Y37.161
G0 X37.16 Y37.16
G1 F3000 X38.54 Y38.54 E2027.94685
G0 F7200 X38.54 Y38.831
G1 F3000 X37.16 Y40.212 E2027.99555
G1 X37.09 Y40.282
G0 F7200 X37.312 Y40.283
G0 X37.312 Y42.818
G0 X37.16 Y42.817
G1 F3000 X38.54 Y44.197 E2028.04424
G0 F7200 X38.54 Y44.488
G1 F3000 X37.16 Y45.869 E2028.09294
G1 X37.09 Y45.939
G0 F7200 X37.312 Y45.94
G0 X37.312 Y48.475
G0 X37.16 Y48.474
G1 F3000 X38.54 Y49.854 E2028.14162
G0 F7200 X38.54 Y50.145
G1 F3000 X37.16 Y51.525 E2028.1903
G1 X37.09 Y51.595
G0 F7200 X37.311 Y51.596
G0 X37.311 Y54.131
G0 X37.16 Y54.13
G1 F3000 X38.54 Y55.511 E2028.239
G0 F7200 X38.54 Y55.802
G1 F3000 X37.16 Y57.182 E2028.28769
G1 X37.09 Y57.252
G0 F7200 X37.311 Y57.253
G0 X37.311 Y59.788
G0 X37.16 Y59.787
G1 F3000 X38.54 Y61.168 E2028.33639
G0 F7200 X38.54 Y61.459
G1 F3000 X37.16 Y62.839 E2028.38507
G1 X37.09 Y62.909
G0 F7200 X37.311 Y62.91
G0 X37.311 Y65.445
G0 X37.16 Y65.444
G1 F3000 X38.54 Y66.824 E2028.43375
G0 F7200 X38.54 Y67.116
G1 F3000 X37.16 Y68.496 E2028.48244
G1 X37.09 Y68.566
G0 F7200 X37.311 Y68.567
G0 X37.311 Y71.102
G0 X37.16 Y71.101
G1 F3000 X38.54 Y72.481 E2028.53112
G0 F7200 X38.54 Y72.773
G1 F3000 X37.16 Y74.153 E2028.5798
G1 X37.09 Y74.223
G0 F7200 X37.311 Y74.224
G0 X37.311 Y76.759
G0 X37.16 Y76.758
G1 F3000 X38.54 Y78.138 E2028.62849
G0 F7200 X38.54 Y78.429
G1 F3000 X37.16 Y79.81 E2028.67719
G1 X37.09 Y79.88
G0 F7200 X37.311 Y79.881
G0 X37.311 Y82.416
G0 X37.16 Y82.415
G1 F3000 X38.54 Y83.795 E2028.72587
G0 F7200 X38.54 Y84.086
G1 F3000 X37.16 Y85.467 E2028.77457
G1 X37.09 Y85.537
G0 F7200 X37.311 Y85.538
G0 X37.311 Y88.073
G0 X37.16 Y88.072
G1 F3000 X37.424 Y88.336 E2028.78389
G0 F7200 X37.425 Y88.188
G0 X39.948 Y88.188
G0 X39.947 Y88.337
G1 F3000 X41.323 Y86.96 E2028.83245
G0 F7200 X41.705 Y86.96
G1 F3000 X43.081 Y88.336 E2028.88099
G1 X43.151 Y88.406
G0 F7200 X43.152 Y88.188
G0 X45.604 Y88.188
G0 X45.603 Y88.337
G1 F3000 X46.98 Y86.96 E2028.92956
G0 F7200 X47.362 Y86.96
G1 F3000 X48.739 Y88.337 E2028.97814
G1 X48.809 Y88.407
G0 F7200 X48.81 Y88.189
G0 X51.26 Y88.189
G0 X51.259 Y88.338
G1 F3000 X52.637 Y86.96 E2029.02675
G0 F7200 X53.019 Y86.96
G1 F3000 X54.396 Y88.337 E2029.07533
G1 X54.466 Y88.407
G0 F7200 X54.467 Y88.19
G0 X56.916 Y88.19
G0 X56.915 Y88.339
G1 F3000 X58.294 Y86.96 E2029.12398
G0 F7200 X58.676 Y86.96
G1 F3000 X60.054 Y88.338 E2029.17259
G1 X60.124 Y88.408
G0 F7200 X60.125 Y88.19
G0 X62.573 Y88.19
G0 X62.572 Y88.339
G1 F3000 X62.836 Y88.075 E2029.18191
G0 F7200 X62.688 Y88.074
G0 X62.688 Y85.463
G0 X62.836 Y85.464
G1 F3000 X61.46 Y84.087 E2029.23047
G0 F7200 X61.46 Y83.794
G1 F3000 X62.836 Y82.418 E2029.27901
G1 X62.906 Y82.348
G0 F7200 X62.688 Y82.347
G0 X62.688 Y79.806
G0 X62.836 Y79.807
G1 F3000 X61.46 Y78.43 E2029.32757
G0 F7200 X61.46 Y78.137
G1 F3000 X62.836 Y76.761 E2029.37611
G1 X62.906 Y76.691
G0 F7200 X62.688 Y76.69
G0 X62.688 Y74.149
G0 X62.836 Y74.15
G1 F3000 X61.46 Y72.773 E2029.42467
G0 F7200 X61.46 Y72.48
G1 F3000 X62.836 Y71.105 E2029.47319
G1 X62.906 Y71.035
G0 F7200 X62.688 Y71.034
G0 X62.688 Y68.492
G0 X62.836 Y68.493
G1 F3000 X61.46 Y67.116 E2029.52175
G0 F7200 X61.46 Y66.823
G1 F3000 X62.836 Y65.448 E2029.57028
G1 X62.906 Y65.378
G0 F7200 X62.688 Y65.377
G0 X62.688 Y62.835
G0 X62.836 Y62.836
G1 F3000 X61.46 Y61.46 E2029.61882
G0 F7200 X61.46 Y61.166
G1 F3000 X62.836 Y59.791 E2029.66734
G1 X62.906 Y59.721
G0 F7200 X62.689 Y59.72
G0 X62.689 Y57.178
G0 X62.836 Y57.179
G1 F3000 X61.46 Y55.803 E2029.71589
G0 F7200 X61.46 Y55.509
G1 F3000 X62.836 Y54.134 E2029.76441
G1 X62.906 Y54.064
G0 F7200 X62.689 Y54.063
G0 X62.689 Y51.522
G0 X62.836 Y51.523
G1 F3000 X61.46 Y50.146 E2029.81297
G0 F7200 X61.46 Y49.852
G1 F3000 X62.836 Y48.477 E2029.8615
G1 X62.906 Y48.407
G0 F7200 X62.689 Y48.406
G0 X62.689 Y45.865
G0 X62.836 Y45.866
G1 F3000 X61.46 Y44.489 E2029.91006
G0 F7200 X61.46 Y44.196
G1 F3000 X62.836 Y42.82 E2029.9586
G1 X62.906 Y42.75
G0 F7200 X62.689 Y42.749
G0 X62.689 Y40.208
G0 X62.836 Y40.209
G1 F3000 X61.46 Y38.832 E2030.00716
G0 F7200 X61.46 Y38.539
G1 F3000 X62.836 Y37.163 E2030.0557
G1 X62.906 Y37.093
G0 F7200 X62.69 Y37.092
G0 X62.69 Y34.551
G0 X62.836 Y34.552
G1 F3000 X61.46 Y33.175 E2030.10426
G0 F7200 X61.46 Y32.882
G1 F3000 X62.836 Y31.507 E2030.15278
G1 X62.906 Y31.437
G0 F7200 X62.69 Y31.436
G0 X62.69 Y28.894
G0 X62.836 Y28.895
G1 F3000 X61.46 Y27.518 E2030.20134
G0 F7200 X61.46 Y27.225
G1 F3000 X62.836 Y25.85 E2030.24987
G1 X62.906 Y25.78
G0 F7200 X62.69 Y25.779
G0 X62.69 Y23.237
G0 X62.836 Y23.238
G1 F3000 X61.46 Y21.862 E2030.29841
G0 F7200 X61.46 Y21.568
G1 F3000 X62.836 Y20.193 E2030.34693
G1 X62.906 Y20.123
G0 F7200 X62.69 Y20.122
G0 X62.69 Y17.581
G0 X62.836 Y17.582
G1 F3000 X61.46 Y16.205 E2030.39549
G0 F7200 X61.46 Y15.911
G1 F3000 X62.836 Y14.536 E2030.44402
G1 X62.906 Y14.466
G0 F7200 X62.69 Y14.465
G0 X62.69 Y11.924
G0 X62.836 Y11.925
G1 F3000 X62.575 Y11.664 E2030.45323
G0 F7200 X62.574 Y11.812
G0 X60.052 Y11.811
G0 X60.053 Y11.662
G1 F3000 X58.861 Y12.854 E2030.49528
G1 X58.791 Y12.924
G0 F7200 X59.01 Y12.924
G0 X58.938 Y35.838
G0 X54.462 Y61.882
G0 X54.346 Y74.935
G0 X53.52 Y76.016
G0 X53.377 Y76.004
G1 F3000 X54.497 Y77.124 E2030.53479
G1 X54.567 Y77.194
G0 F7200 X54.512 Y76.977
G0 X54.338 Y61.882
G0 X45.662 Y61.882
G0 X45.655 Y74.966
G0 X46.471 Y76.003
G0 X46.62 Y76.007
G1 F3000 X45.502 Y77.124 E2030.57421
G1 X45.432 Y77.194
G0 F7200 X45.487 Y76.977
G0 X45.662 Y61.882
G0 X58.938 Y35.838
G0 X58.7 Y35.117
;TYPE:WALL-INNER
G1 F2400 X58.61 Y35.317 E2030.57968
G1 X58.406 Y35.518 E2030.58683
G1 X58.193 Y35.594 E2030.59247
G1 X41.837 Y35.6 E2031.00047
G1 X41.595 Y35.517 E2031.00685
G1 X41.39 Y35.317 E2031.014
G1 X41.3 Y35.117 E2031.01947
G1 X41.3 Y11.5 E2031.60859
G1 X37.13 Y11.5 E2031.71262
G1 X37.048 Y11.547 E2031.71497
G1 X37 Y11.641 E2031.71761
G1 X37.005 Y88.363 E2033.63144
G1 X37.104 Y88.496 E2033.63558
G1 X62.848 Y88.5 E2034.27777
G1 X62.923 Y88.472 E2034.27976
G1 X62.996 Y88.331 E2034.28372
G1 X62.999 Y11.63 E2036.19704
G1 X62.948 Y11.546 E2036.19949
G1 X62.857 Y11.5 E2036.20203
G1 X58.701 Y11.501 E2036.30571
G1 X58.7 Y35.117 E2036.89481
G0 F7200 X59.01 Y35.117
G0 X56.81 Y62.63
G0 X56.501 Y62.63
G1 F2400 X56.5 Y73.987 E2037.17811
G1 X56.85 Y74.373 E2037.19111
G1 X57.127 Y74.847 E2037.2048
G1 X57.266 Y75.219 E2037.21471
G1 X57.366 Y75.658 E2037.22594
G1 X57.397 Y76.092 E2037.23679
G1 X57.348 Y76.652 E2037.25082
G1 X57.123 Y77.365 E2037.26947
G1 X56.807 Y77.891 E2037.28477
G1 X56.55 Y78.19 E2037.29461
G1 X56.111 Y78.563 E2037.30898
G1 X55.685 Y78.809 E2037.32125
G1 X55.274 Y78.966 E2037.33223
G1 X54.804 Y79.072 E2037.34424
G1 X54.395 Y79.1 E2037.35447
G1 X53.662 Y79.012 E2037.37289
G1 X53.07 Y78.789 E2037.38867
G1 X52.637 Y78.53 E2037.40125
G1 X52.228 Y78.166 E2037.41491
G1 X51.965 Y77.858 E2037.42501
G1 X51.711 Y77.427 E2037.43749
G1 X51.53 Y76.978 E2037.44957
G1 X51.423 Y76.499 E2037.46181
G1 X51.4 Y76.137 E2037.47086
G1 X51.453 Y75.525 E2037.48619
G1 X51.671 Y74.857 E2037.50371
G1 X51.947 Y74.372 E2037.51763
G1 X52.3 Y73.987 E2037.53066
G1 X52.3 Y62.72 E2037.81172
G1 X52.365 Y62.447 E2037.81872
G1 X52.606 Y62.196 E2037.8274
G1 X52.803 Y62.121 E2037.83266
G1 X53.567 Y62.119 E2037.85172
G1 X53.805 Y62.203 E2037.85801
G1 X53.958 Y62.332 E2037.863
G1 F2133.3 X54.15 Y62.72 E2037.87515
G1 F1912.4 X54.149 Y74.597 E2038.24698
G1 F2123.9 X53.977 Y74.923 E2038.25737
G1 F2400 X53.472 Y75.349 E2038.27385
G1 X53.317 Y75.59 E2038.28099
G1 X53.22 Y75.882 E2038.28867
G1 X53.201 Y76.076 E2038.29353
G1 X53.264 Y76.469 E2038.30346
G1 X53.388 Y76.733 E2038.31074
G1 X53.591 Y76.982 E2038.31875
G1 X53.956 Y77.209 E2038.32947
G1 X54.251 Y77.284 E2038.33707
G1 X54.544 Y77.284 E2038.34437
G1 X54.84 Y77.209 E2038.35199
G1 X55.096 Y77.066 E2038.35931
G1 X55.319 Y76.86 E2038.36688
G1 X55.478 Y76.611 E2038.37425
G1 X55.576 Y76.315 E2038.38203
G1 X55.595 Y76.116 E2038.38701
G1 X55.533 Y75.724 E2038.39691
G1 X55.41 Y75.466 E2038.40404
G1 X55.21 Y75.225 E2038.41186
G1 X54.913 Y74.999 E2038.42117
G1 F2123.9 X54.651 Y74.597 E2038.43469
G1 F1912.4 X54.65 Y62.72 E2038.80651
G1 F2133.3 X54.842 Y62.332 E2038.81866
G1 F2400 X54.995 Y62.203 E2038.82365
G1 X55.241 Y62.122 E2038.83012
G1 X55.963 Y62.123 E2038.84813
G1 X56.261 Y62.239 E2038.8561
G1 X56.402 Y62.389 E2038.86124
G1 X56.501 Y62.63 E2038.86774
G0 F7200 X56.81 Y62.63
G0 X52.062 Y61.882
G0 X48.01 Y62.447
G0 X47.635 Y62.447
G1 F2400 X47.7 Y62.72 E2038.87474
G1 X47.7 Y73.987 E2039.15579
G1 X48.05 Y74.373 E2039.16879
G1 X48.308 Y74.805 E2039.18134
G1 X48.439 Y75.131 E2039.19011
G1 X48.572 Y75.692 E2039.20449
G1 X48.596 Y76.128 E2039.21538
G1 X48.547 Y76.671 E2039.22898
G1 X48.327 Y77.346 E2039.24669
G1 X48.035 Y77.855 E2039.26133
G1 X47.75 Y78.19 E2039.2723
G1 X47.356 Y78.534 E2039.28535
G1 X46.927 Y78.787 E2039.29777
G1 X46.474 Y78.966 E2039.30992
G1 X46.004 Y79.072 E2039.32194
G1 X45.595 Y79.1 E2039.33217
G1 X44.866 Y79.013 E2039.35048
G1 X44.314 Y78.813 E2039.36513
G1 X43.823 Y78.525 E2039.37933
G1 X43.401 Y78.136 E2039.39364
G1 X43.137 Y77.815 E2039.40401
G1 X42.913 Y77.431 E2039.4151
G1 X42.76 Y77.071 E2039.42486
G1 X42.63 Y76.538 E2039.43855
G1 X42.6 Y76.136 E2039.4486
G1 X42.651 Y75.531 E2039.46375
G1 X42.878 Y74.831 E2039.4821
G1 X43.138 Y74.387 E2039.49494
G1 X43.5 Y73.987 E2039.5084
G1 X43.5 Y62.636 E2039.79155
G1 X43.599 Y62.389 E2039.79819
G1 X43.739 Y62.24 E2039.80329
G1 X44.036 Y62.123 E2039.81125
G1 X44.788 Y62.126 E2039.83001
G1 X45.005 Y62.203 E2039.83575
G1 X45.158 Y62.332 E2039.84074
G1 F2133.3 X45.35 Y62.72 E2039.85289
G1 F1912.4 X45.349 Y74.597 E2040.22471
G1 F2123.9 X45.177 Y74.923 E2040.2351
G1 F2400 X44.672 Y75.35 E2040.2516
G1 X44.52 Y75.584 E2040.25856
G1 X44.429 Y75.865 E2040.26593
G1 X44.415 Y76.255 E2040.27566
G1 X44.492 Y76.556 E2040.28341
G1 X44.721 Y76.909 E2040.29391
G1 X45.147 Y77.207 E2040.30688
G1 X45.451 Y77.284 E2040.3147
G1 X45.744 Y77.283 E2040.32201
G1 X46.04 Y77.209 E2040.32962
G1 X46.296 Y77.066 E2040.33694
G1 X46.519 Y76.86 E2040.34451
G1 X46.677 Y76.612 E2040.35184
G1 X46.77 Y76.331 E2040.35923
G1 X46.781 Y75.946 E2040.36884
G1 X46.623 Y75.477 E2040.38118
G1 X46.412 Y75.227 E2040.38934
G1 X46.113 Y74.999 E2040.39872
G1 F2123.9 X45.851 Y74.597 E2040.41225
G1 F1912.4 X45.85 Y62.72 E2040.78407
G1 F2133.3 X46.042 Y62.332 E2040.79622
G1 F2400 X46.195 Y62.203 E2040.80121
G1 X46.441 Y62.122 E2040.80767
G1 X47.147 Y62.121 E2040.82528
G1 X47.394 Y62.196 E2040.83172
G1 X47.635 Y62.447 E2040.8404
G0 F7200 X47.3 Y62.72
;TYPE:WALL-OUTER
G1 F1200 X47.3 Y74.147 E2041.12545
G1 X47.708 Y74.58 E2041.14029
G1 X47.942 Y74.967 E2041.15157
G1 X48.067 Y75.278 E2041.15993
G1 X48.178 Y75.758 E2041.17222
G1 X48.196 Y76.11 E2041.18101
G1 X48.154 Y76.579 E2041.19276
G1 X47.963 Y77.178 E2041.20844
G1 X47.708 Y77.624 E2041.22126
G1 X47.495 Y77.881 E2041.22959
G1 X47.124 Y78.208 E2041.24192
G1 X46.698 Y78.455 E2041.25421
G1 X46.385 Y78.576 E2041.26258
G1 X45.935 Y78.678 E2041.27409
G1 X45.57 Y78.699 E2041.28321
G1 X44.978 Y78.623 E2041.2981
G1 X44.488 Y78.453 E2041.31103
G1 X44.049 Y78.189 E2041.32381
G1 X43.504 Y77.643 E2041.34306
G1 X43.246 Y77.204 E2041.35576
G1 X43.12 Y76.889 E2041.36422
G1 X43.02 Y76.449 E2041.37548
G1 X43 Y76.084 E2041.3846
G1 X43.053 Y75.586 E2041.39709
G1 X43.255 Y74.978 E2041.41307
G1 X43.511 Y74.553 E2041.42545
G1 X43.9 Y74.147 E2041.43947
G1 X43.903 Y62.68 E2041.72552
G1 X43.979 Y62.56 E2041.72906
G1 X44.056 Y62.524 E2041.73118
G1 X44.72 Y62.52 E2041.74775
G1 X44.853 Y62.59 E2041.7515
G1 X44.9 Y62.72 E2041.75494
G1 X44.9 Y74.558 E2042.05024
G1 X44.867 Y74.661 E2042.05294
G1 X44.368 Y75.082 E2042.06923
G1 X44.155 Y75.411 E2042.079
G1 X44.031 Y75.795 E2042.08907
G1 X44.013 Y76.298 E2042.10163
G1 X44.197 Y76.869 E2042.11659
G1 X44.427 Y77.185 E2042.12634
G1 X44.751 Y77.452 E2042.13681
G1 X45.004 Y77.583 E2042.14392
G1 X45.401 Y77.684 E2042.15414
G1 X45.794 Y77.683 E2042.16394
G1 X46.189 Y77.584 E2042.1741
G1 X46.533 Y77.392 E2042.18393
G1 X46.829 Y77.118 E2042.19399
G1 X47.041 Y76.785 E2042.20384
G1 X47.168 Y76.401 E2042.21393
G1 X47.183 Y75.902 E2042.22638
G1 X47.083 Y75.502 E2042.23666
G1 X46.959 Y75.255 E2042.24356
G1 X46.689 Y74.935 E2042.254
G1 X46.327 Y74.643 E2042.2656
G1 X46.3 Y74.558 E2042.26783
G1 X46.3 Y62.72 E2042.56313
G1 X46.347 Y62.59 E2042.56658
G1 X46.48 Y62.52 E2042.57033
G1 X47.116 Y62.52 E2042.58619
G1 X47.224 Y62.562 E2042.58908
G1 X47.3 Y62.72 E2042.59346
G0 F7200 X47.3 Y62.92
G0 X48.01 Y62.92
G0 X52.062 Y61.882
G0 X56.738 Y61.882
G0 X56.81 Y62.68
G0 X56.097 Y62.68
G1 F1200 X56.1 Y74.147 E2042.8795
G1 X56.508 Y74.58 E2042.89434
G1 X56.755 Y74.994 E2042.90637
G1 X56.876 Y75.307 E2042.91474
G1 X56.976 Y75.747 E2042.92599
G1 X56.997 Y76.092 E2042.93462
G1 X56.954 Y76.583 E2042.94691
G1 X56.763 Y77.178 E2042.9625
G1 X56.499 Y77.636 E2042.97569
G1 X56.307 Y77.868 E2042.9832
G1 X55.909 Y78.217 E2042.9964
G1 X55.511 Y78.449 E2043.00789
G1 X55.185 Y78.576 E2043.01662
G1 X54.735 Y78.678 E2043.02813
G1 X54.37 Y78.699 E2043.03725
G1 X53.778 Y78.623 E2043.05214
G1 X53.274 Y78.445 E2043.06547
G1 X52.868 Y78.204 E2043.07725
G1 X52.301 Y77.64 E2043.0972
G1 X52.046 Y77.204 E2043.1098
G1 X51.92 Y76.889 E2043.11826
G1 X51.818 Y76.436 E2043.12985
G1 X51.8 Y76.084 E2043.13864
G1 X51.846 Y75.617 E2043.15035
G1 X52.042 Y75.005 E2043.16638
G1 X52.286 Y74.585 E2043.17849
G1 X52.7 Y74.147 E2043.19353
G1 X52.706 Y62.67 E2043.47982
G1 X52.845 Y62.519 E2043.48494
G1 X53.539 Y62.523 E2043.50225
G1 X53.653 Y62.59 E2043.50555
G1 X53.7 Y62.72 E2043.509
G1 X53.7 Y74.558 E2043.8043
G1 X53.667 Y74.661 E2043.807
G1 X53.168 Y75.082 E2043.82328
G1 X52.954 Y75.416 E2043.83318
G1 X52.826 Y75.798 E2043.84323
G1 X52.798 Y76.089 E2043.85052
G1 X52.878 Y76.588 E2043.86313
G1 X53.047 Y76.948 E2043.87305
G1 X53.307 Y77.266 E2043.88329
G1 X53.807 Y77.584 E2043.89808
G1 X54.201 Y77.684 E2043.90822
G1 X54.594 Y77.684 E2043.91802
G1 X54.989 Y77.584 E2043.92818
G1 X55.333 Y77.392 E2043.93801
G1 X55.629 Y77.118 E2043.94807
G1 X55.842 Y76.785 E2043.95793
G1 X55.97 Y76.398 E2043.9681
G1 X55.998 Y76.103 E2043.97549
G1 X55.919 Y75.604 E2043.9881
G1 X55.75 Y75.249 E2043.9979
G1 X55.488 Y74.934 E2044.00812
G1 X55.127 Y74.643 E2044.01969
G1 X55.1 Y74.558 E2044.02192
G1 X55.1 Y62.72 E2044.31722
G1 X55.147 Y62.59 E2044.32066
G1 X55.28 Y62.52 E2044.32441
G1 X55.944 Y62.524 E2044.34098
G1 X56.021 Y62.559 E2044.34309
G1 X56.097 Y62.68 E2044.34665
G0 F7200 X56.097 Y62.88
G0 X56.81 Y62.88
G0 X59.01 Y35.035
G0 X58.298 Y35.035
G1 F1200 X58.185 Y35.198 E2044.3516
G1 X41.817 Y35.198 E2044.7599
G1 X41.7 Y35.041 E2044.76478
G1 X41.7 Y11.1 E2045.362
G1 X37.12 Y11.1 E2045.47624
G1 X36.982 Y11.127 E2045.47975
G1 X36.728 Y11.297 E2045.48738
G1 X36.6 Y11.595 E2045.49547
G1 X36.6 Y88.463 E2047.41295
G1 X36.756 Y88.726 E2047.42057
G1 X36.906 Y88.837 E2047.42523
G1 X37.112 Y88.896 E2047.43057
G1 X62.92 Y88.9 E2048.07436
G1 X63.209 Y88.759 E2048.08238
G1 X63.347 Y88.569 E2048.08824
G1 X63.396 Y88.382 E2048.09306
G1 X63.399 Y11.656 E2050.007
G1 X63.371 Y11.481 E2050.01142
G1 X63.198 Y11.228 E2050.01906
G1 X62.901 Y11.1 E2050.02713
G1 X58.301 Y11.101 E2050.14188
G1 X58.298 Y35.035 E2050.73891
G0 F7200 X58.185 Y35.198
G0 X58.183 Y35.198
G0 X58.183 Y35.91
G0 X48.078 Y62.543
;TYPE:SKIN
G1 F900 X47.876 Y62.117 E2050.75067
G1 X47.617 Y61.886 E2050.75933
G1 X47.296 Y61.74 E2050.76813
G1 X46.396 Y61.741 E2050.79058
G1 X46.015 Y61.868 E2050.8006
G1 X45.777 Y62.057 E2050.80818
G1 X45.598 Y62.349 E2050.81672
G1 X45.421 Y62.058 E2050.82522
G1 X45.185 Y61.868 E2050.83278
G1 X44.84 Y61.747 E2050.8419
G1 X44.016 Y61.744 E2050.86245
G1 X43.785 Y61.793 E2050.86834
G1 X43.534 Y61.919 E2050.87535
G1 X43.302 Y62.151 E2050.88353
G1 X43.12 Y62.571 E2050.89495
G1 X43.12 Y73.836 E2051.17596
G1 X42.811 Y74.194 E2051.18775
G1 X42.508 Y74.743 E2051.2034
G1 X42.281 Y75.43 E2051.22144
G1 X42.22 Y76.132 E2051.23902
G1 X42.244 Y76.545 E2051.24934
G1 X42.356 Y77.056 E2051.26239
G1 X42.57 Y77.599 E2051.27695
G1 X42.799 Y77.997 E2051.2884
G1 X43.128 Y78.4 E2051.30138
G1 X43.58 Y78.816 E2051.31671
G1 X44.156 Y79.158 E2051.33342
G1 X44.759 Y79.377 E2051.34942
G1 X45.568 Y79.479 E2051.36976
G1 X46.051 Y79.448 E2051.38183
G1 X46.566 Y79.331 E2051.39501
G1 X47.029 Y79.164 E2051.40728
G1 X47.578 Y78.84 E2051.42319
G1 X48.059 Y78.417 E2051.43917
G1 X48.331 Y78.088 E2051.44981
G1 X48.653 Y77.551 E2051.46543
G1 X48.911 Y76.774 E2051.48586
G1 X48.972 Y76.155 E2051.50137
G1 X48.948 Y75.642 E2051.51418
G1 X48.799 Y75.016 E2051.53023
G1 X48.644 Y74.628 E2051.54066
G1 X48.355 Y74.147 E2051.55465
G1 X48.08 Y73.836 E2051.56501
G1 X48.078 Y62.543 E2051.84672
G0 F7200 X52.062 Y61.882
G0 X56.738 Y61.882
G0 X56.88 Y62.556
G1 F900 X56.698 Y62.155 E2051.8577
G1 X56.46 Y61.916 E2051.86611
G1 X56.26 Y61.808 E2051.87178
G1 X56.023 Y61.748 E2051.87788
G1 X55.185 Y61.742 E2051.89879
G1 X54.815 Y61.868 E2051.90854
G1 X54.577 Y62.057 E2051.91612
G1 X54.398 Y62.349 E2051.92466
G1 X54.221 Y62.058 E2051.93316
G1 X53.985 Y61.868 E2051.94072
G1 X53.64 Y61.747 E2051.94984
G1 X52.807 Y61.736 E2051.97062
G1 X52.379 Y61.89 E2051.98196
G1 X52.016 Y62.295 E2051.99553
G1 X51.92 Y62.706 E2052.00606
G1 X51.92 Y73.838 E2052.28375
G1 X51.622 Y74.169 E2052.29486
G1 X51.324 Y74.684 E2052.3097
G1 X51.085 Y75.418 E2052.32896
G1 X51.02 Y76.04 E2052.34456
G1 X51.044 Y76.535 E2052.35692
G1 X51.166 Y77.092 E2052.37114
G1 X51.379 Y77.611 E2052.38514
G1 X51.694 Y78.132 E2052.40032
G1 X51.958 Y78.434 E2052.41033
G1 X52.42 Y78.843 E2052.42572
G1 X52.901 Y79.128 E2052.43967
G1 X53.545 Y79.372 E2052.45685
G1 X54.367 Y79.479 E2052.47753
G1 X54.855 Y79.448 E2052.48972
G1 X55.503 Y79.293 E2052.50634
G1 X55.899 Y79.125 E2052.51707
G1 X56.455 Y78.777 E2052.53344
G1 X56.887 Y78.385 E2052.54799
G1 X57.178 Y78.02 E2052.55963
G1 X57.492 Y77.453 E2052.5758
G1 X57.718 Y76.751 E2052.5942
G1 X57.776 Y76.106 E2052.61035
G1 X57.76 Y75.738 E2052.61954
G1 X57.636 Y75.134 E2052.63492
G1 X57.484 Y74.715 E2052.64604
G1 X57.155 Y74.147 E2052.66241
G1 X56.88 Y73.836 E2052.67277
G1 X56.88 Y62.556 E2052.95415
G0 F7200 X59.078 Y35.131
G1 F900 X59.08 Y13.18 E2053.50172
G1 X61.32 Y13.18 E2053.5576
G1 X61.32 Y86.82 E2055.39455
G1 X38.68 Y86.82 E2055.95931
G1 X38.68 Y13.18 E2057.79627
G1 X40.92 Y13.18 E2057.85215
G1 X40.921 Y35.026 E2058.3971
G1 X40.95 Y35.251 E2058.40276
G1 X41.048 Y35.489 E2058.40918
G1 X41.359 Y35.815 E2058.42042
G1 X41.78 Y35.98 E2058.4317
G1 X58.18 Y35.98 E2058.84079
G1 X58.637 Y35.815 E2058.85291
G1 X58.948 Y35.483 E2058.86426
G1 X59.078 Y35.131 E2058.87362
G0 F7200 X41.062 Y35.838
G0 X38.88 Y13.728
G1 F900 X39.229 Y13.38 E2058.88592
G0 F7200 X39.795 Y13.38
G1 F900 X38.88 Y14.294 E2058.91818
G0 F7200 X38.88 Y14.86
G1 F900 X40.36 Y13.38 E2058.97039
G0 F7200 X40.719 Y13.586
G1 F900 X38.88 Y15.426 E2059.03528
G0 F7200 X38.88 Y15.991
G1 F900 X40.719 Y14.152 E2059.10016
G0 F7200 X40.719 Y14.718
G1 F900 X38.88 Y16.557 E2059.16503
G0 F7200 X38.88 Y17.123
G1 F900 X40.719 Y15.283 E2059.22993
G0 F7200 X40.719 Y15.849
G1 F900 X38.88 Y17.688 E2059.2948
G0 F7200 X38.88 Y18.254
G1 F900 X40.719 Y16.415 E2059.35968
G0 F7200 X40.719 Y16.98
G1 F900 X38.88 Y18.82 E2059.42457
G0 F7200 X38.88 Y19.385
G1 F900 X40.719 Y17.546 E2059.48945
G0 F7200 X40.719 Y18.112
G1 F900 X38.88 Y19.951 E2059.55432
G0 F7200 X38.88 Y20.517
G1 F900 X40.719 Y18.678 E2059.6192
G0 F7200 X40.719 Y19.243
G1 F900 X38.88 Y21.082 E2059.68408
G0 F7200 X38.88 Y21.648
G1 F900 X40.719 Y19.809 E2059.74895
G0 F7200 X40.719 Y20.375
G1 F900 X38.88 Y22.214 E2059.81383
G0 F7200 X38.88 Y22.779
G1 F900 X40.719 Y20.94 E2059.8787
G0 F7200 X40.719 Y21.506
G1 F900 X38.88 Y23.345 E2059.94358
G0 F7200 X38.88 Y23.911
G1 F900 X40.719 Y22.072 E2060.00845
G0 F7200 X40.719 Y22.637
G1 F900 X38.88 Y24.477 E2060.07335
G0 F7200 X38.88 Y25.042
G1 F900 X40.719 Y23.203 E2060.13822
G0 F7200 X40.719 Y23.769
G1 F900 X38.88 Y25.608 E2060.2031
G0 F7200 X38.88 Y26.174
G1 F900 X40.719 Y24.334 E2060.26799
G0 F7200 X40.719 Y24.9
G1 F900 X38.88 Y26.739 E2060.33287
G0 F7200 X38.88 Y27.305
G1 F900 X40.719 Y25.466 E2060.39774
G0 F7200 X40.719 Y26.031
G1 F900 X38.88 Y27.871 E2060.46264
G0 F7200 X38.88 Y28.436
G1 F900 X40.719 Y26.597 E2060.52751
G0 F7200 X40.719 Y27.163
G1 F900 X38.88 Y29.002 E2060.59239
G0 F7200 X38.88 Y29.568
G1 F900 X40.719 Y27.728 E2060.65728
G0 F7200 X40.719 Y28.294
G1 F900 X38.88 Y30.133 E2060.72216
G0 F7200 X38.88 Y30.699
G1 F900 X40.719 Y28.86 E2060.78703
G0 F7200 X40.719 Y29.426
G1 F900 X38.88 Y31.265 E2060.85191
G0 F7200 X38.88 Y31.83
G1 F900 X40.719 Y29.991 E2060.91678
G0 F7200 X40.719 Y30.557
G1 F900 X38.88 Y32.396 E2060.98166
G0 F7200 X38.88 Y32.962
G1 F900 X40.719 Y31.123 E2061.04654
G0 F7200 X40.719 Y31.688
G1 F900 X38.88 Y33.527 E2061.11141
G0 F7200 X38.88 Y34.093
G1 F900 X40.719 Y32.254 E2061.17629
G0 F7200 X40.719 Y32.82
G1 F900 X38.88 Y34.659 E2061.24116
G0 F7200 X38.88 Y35.225
G1 F900 X40.719 Y33.385 E2061.30606
G0 F7200 X40.719 Y33.951
G1 F900 X38.88 Y35.79 E2061.37093
G0 F7200 X38.88 Y36.356
G1 F900 X40.719 Y34.517 E2061.43581
G0 F7200 X40.729 Y35.073
G1 F900 X38.88 Y36.922 E2061.50104
G0 F7200 X38.88 Y37.487
G1 F900 X40.846 Y35.522 E2061.57037
G0 F7200 X41.103 Y35.831
G1 F900 X38.88 Y38.053 E2061.64878
G0 F7200 X38.88 Y38.619
G1 F900 X41.431 Y36.068 E2061.73877
G0 F7200 X41.884 Y36.181
G1 F900 X38.88 Y39.184 E2061.84473
G0 F7200 X38.88 Y39.75
G1 F900 X42.45 Y36.181 E2061.97065
G0 F7200 X43.015 Y36.181
G1 F900 X38.88 Y40.316 E2062.11653
G0 F7200 X38.88 Y40.881
G1 F900 X43.581 Y36.181 E2062.28235
G0 F7200 X44.147 Y36.181
G1 F900 X38.88 Y41.447 E2062.46814
G0 F7200 X38.88 Y42.013
G1 F900 X44.712 Y36.181 E2062.67388
G0 F7200 X45.278 Y36.181
G1 F900 X38.88 Y42.578 E2062.89957
G0 F7200 X38.88 Y43.144
G1 F900 X45.844 Y36.181 E2063.14522
G0 F7200 X46.41 Y36.181
G1 F900 X38.88 Y43.71 E2063.41085
G0 F7200 X38.88 Y44.275
G1 F900 X46.975 Y36.181 E2063.6964
G0 F7200 X47.541 Y36.181
G1 F900 X38.88 Y44.841 E2064.00192
G0 F7200 X38.88 Y45.407
G1 F900 X48.107 Y36.181 E2064.32741
G0 F7200 X48.672 Y36.181
G1 F900 X38.88 Y45.973 E2064.67285
G0 F7200 X38.88 Y46.538
G1 F900 X49.238 Y36.181 E2065.03824
G0 F7200 X49.804 Y36.181
G1 F900 X38.88 Y47.104 E2065.4236
G0 F7200 X38.88 Y47.67
G1 F900 X50.369 Y36.181 E2065.8289
G0 F7200 X50.935 Y36.181
G1 F900 X38.88 Y48.235 E2066.25416
G0 F7200 X38.88 Y48.801
G1 F900 X51.501 Y36.181 E2066.69938
G0 F7200 X52.066 Y36.181
G1 F900 X38.88 Y49.367 E2067.16455
G0 F7200 X38.88 Y49.932
G1 F900 X52.632 Y36.181 E2067.64967
G0 F7200 X53.198 Y36.181
G1 F900 X38.88 Y50.498 E2068.15476
G0 F7200 X38.88 Y51.064
G1 F900 X53.763 Y36.181 E2068.6798
G0 F7200 X54.329 Y36.181
G1 F900 X38.88 Y51.629 E2069.22479
G0 F7200 X38.88 Y52.195
G1 F900 X54.895 Y36.181 E2069.78974
G0 F7200 X55.461 Y36.181
G1 F900 X38.88 Y52.761 E2070.37467
G0 F7200 X38.88 Y53.326
G1 F900 X56.026 Y36.181 E2070.97952
G0 F7200 X56.592 Y36.181
G1 F900 X38.88 Y53.892 E2071.60434
G0 F7200 X38.88 Y54.458
G1 F900 X57.158 Y36.181 E2072.24913
G0 F7200 X57.723 Y36.181
G1 F900 X38.88 Y55.024 E2072.91387
G0 F7200 X38.88 Y55.589
G1 F900 X58.333 Y36.136 E2073.60012
G1 X58.403 Y36.066
G0 F7200 X59.258 Y35.211
G1 F900 X61.119 Y33.35 E2073.66577
G0 F7200 X61.119 Y33.916
G1 F900 X38.88 Y56.155 E2074.45032
G0 F7200 X38.88 Y56.721
G1 F900 X61.119 Y34.481 E2075.23487
G0 F7200 X61.119 Y35.047
G1 F900 X38.88 Y57.286 E2076.01941
G0 F7200 X38.88 Y57.852
G1 F900 X61.119 Y35.613 E2076.80396
G0 F7200 X61.119 Y36.178
G1 F900 X38.88 Y58.418 E2077.58851
G0 F7200 X38.88 Y58.983
G1 F900 X61.119 Y36.744 E2078.37305
G0 F7200 X61.119 Y37.31
G1 F900 X38.88 Y59.549 E2079.1576
G0 F7200 X38.88 Y60.115
G1 F900 X61.119 Y37.875 E2079.94215
G0 F7200 X61.119 Y38.441
G1 F900 X38.88 Y60.68 E2080.72669
G0 F7200 X38.88 Y61.246
G1 F900 X61.119 Y39.007 E2081.51124
G0 F7200 X61.119 Y39.573
G1 F900 X38.88 Y61.812 E2082.29578
G0 F7200 X38.88 Y62.377
G1 F900 X61.119 Y40.138 E2083.08032
G0 F7200 X61.119 Y40.704
G1 F900 X38.88 Y62.943 E2083.86486
G0 F7200 X38.88 Y63.509
G1 F900 X61.119 Y41.27 E2084.6494
G0 F7200 X61.119 Y41.835
G1 F900 X38.88 Y64.074 E2085.43394
G0 F7200 X38.88 Y64.64
G1 F900 X61.119 Y42.401 E2086.21848
G0 F7200 X61.119 Y42.967
G1 F900 X38.88 Y65.206 E2087.00302
G0 F7200 X38.88 Y65.772
G1 F900 X61.119 Y43.532 E2087.78758
G0 F7200 X61.119 Y44.098
G1 F900 X43.508 Y61.709 E2088.40885
G0 F7200 X43.073 Y62.144
G1 F900 X38.88 Y66.337 E2088.55677
G0 F7200 X38.88 Y66.903
G1 F900 X42.92 Y62.863 E2088.6993
G0 F7200 X42.92 Y63.429
G1 F900 X38.88 Y67.469 E2088.84182
G0 F7200 X38.88 Y68.034
G1 F900 X42.92 Y63.995 E2088.98432
G0 F7200 X42.92 Y64.56
G1 F900 X38.88 Y68.6 E2089.12684
G0 F7200 X38.88 Y69.166
G1 F900 X42.92 Y65.126 E2089.26937
G0 F7200 X42.92 Y65.692
G1 F900 X38.88 Y69.731 E2089.41187
G0 F7200 X38.88 Y70.297
G1 F900 X42.92 Y66.257 E2089.55439
G0 F7200 X42.92 Y66.823
G1 F900 X38.88 Y70.863 E2089.69691
G0 F7200 X38.88 Y71.428
G1 F900 X42.92 Y67.389 E2089.83942
G0 F7200 X42.92 Y67.954
G1 F900 X38.88 Y71.994 E2089.98194
G0 F7200 X38.88 Y72.56
G1 F900 X42.92 Y68.52 E2090.12446
G0 F7200 X42.92 Y69.086
G1 F900 X38.88 Y73.125 E2090.26697
G0 F7200 X38.88 Y73.691
G1 F900 X42.92 Y69.651 E2090.40949
G0 F7200 X42.92 Y70.217
G1 F900 X38.88 Y74.257 E2090.55201
G0 F7200 X38.88 Y74.823
G1 F900 X42.92 Y70.783 E2090.69453
G0 F7200 X42.92 Y71.348
G1 F900 X38.88 Y75.388 E2090.83705
G0 F7200 X38.88 Y75.954
G1 F900 X42.92 Y71.914 E2090.97958
G0 F7200 X42.92 Y72.48
G1 F900 X38.88 Y76.52 E2091.1221
G0 F7200 X38.88 Y77.085
G1 F900 X42.92 Y73.046 E2091.2646
G0 F7200 X42.92 Y73.611
G1 F900 X38.88 Y77.651 E2091.40712
G0 F7200 X38.88 Y78.217
G1 F900 X42.265 Y74.832 E2091.52654
G0 F7200 X42.062 Y75.6
G1 F900 X38.88 Y78.782 E2091.63879
G0 F7200 X38.88 Y79.348
G1 F900 X42.023 Y76.206 E2091.74965
G0 F7200 X42.078 Y76.716
G1 F900 X38.88 Y79.914 E2091.86247
G0 F7200 X38.88 Y80.479
G1 F900 X42.188 Y77.172 E2091.97915
G0 F7200 X42.347 Y77.579
G1 F900 X38.88 Y81.045 E2092.10144
G0 F7200 X38.88 Y81.611
G1 F900 X42.543 Y77.948 E2092.23066
G0 F7200 X42.772 Y78.284
G1 F900 X38.88 Y82.176 E2092.36797
G0 F7200 X38.88 Y82.742
G1 F900 X43.039 Y78.584 E2092.51467
G0 F7200 X43.332 Y78.857
G1 F900 X38.88 Y83.308 E2092.67171
G0 F7200 X38.88 Y83.873
G1 F900 X43.657 Y79.097 E2092.84021
G0 F7200 X44.015 Y79.304
G1 F900 X38.88 Y84.439 E2093.02136
G0 F7200 X38.88 Y85.005
G1 F900 X44.419 Y79.466 E2093.21676
G0 F7200 X44.856 Y79.595
G1 F900 X38.88 Y85.571 E2093.42758
G0 F7200 X38.88 Y86.136
G1 F900 X45.363 Y79.653 E2093.65629
G0 F7200 X45.927 Y79.655
G1 F900 X38.962 Y86.62 E2093.902
G0 F7200 X39.528 Y86.62
G1 F900 X46.629 Y79.519 E2094.15251
G1 X46.699 Y79.449
G0 F7200 X47.852 Y78.861
G1 F900 X40.094 Y86.62 E2094.42621
G0 F7200 X40.659 Y86.62
G1 F900 X50.84 Y76.44 E2094.78535
G0 F7200 X50.926 Y76.919
G1 F900 X41.225 Y86.62 E2095.12758
G0 F7200 X41.791 Y86.62
G1 F900 X51.057 Y77.353 E2095.45448
G0 F7200 X51.228 Y77.748
G1 F900 X42.356 Y86.62 E2095.76747
G0 F7200 X42.922 Y86.62
G1 F900 X51.441 Y78.101 E2096.068
G0 F7200 X51.685 Y78.422
G1 F900 X43.488 Y86.62 E2096.35719
G0 F7200 X44.053 Y86.62
G1 F900 X51.967 Y78.707 E2096.63636
G0 F7200 X52.267 Y78.972
G1 F900 X44.619 Y86.62 E2096.90616
G0 F7200 X45.185 Y86.62
G1 F900 X52.616 Y79.189 E2097.16831
G0 F7200 X52.993 Y79.377
G1 F900 X45.751 Y86.62 E2097.42381
G0 F7200 X46.316 Y86.62
G1 F900 X53.404 Y79.533 E2097.67384
G0 F7200 X53.882 Y79.62
G1 F900 X46.882 Y86.62 E2097.92078
G0 F7200 X47.448 Y86.62
G1 F900 X54.389 Y79.679 E2098.16564
G0 F7200 X55.016 Y79.617
G1 F900 X48.013 Y86.62 E2098.41269
G0 F7200 X48.579 Y86.62
G1 F900 X55.829 Y79.37 E2098.66846
G1 X55.899 Y79.3
G0 F7200 X57.688 Y77.511
G1 F900 X61.119 Y74.079 E2098.78951
G0 F7200 X61.119 Y73.514
G1 F900 X57.922 Y76.711 E2098.9023
G0 F7200 X57.974 Y76.093
G1 F900 X61.119 Y72.948 E2099.01324
G0 F7200 X61.119 Y72.382
G1 F900 X57.928 Y75.573 E2099.12581
G0 F7200 X57.834 Y75.102
G1 F900 X61.119 Y71.817 E2099.2417
G0 F7200 X61.119 Y71.251
G1 F900 X57.686 Y74.684 E2099.36281
G0 F7200 X57.487 Y74.318
G1 F900 X61.119 Y70.685 E2099.49096
G0 F7200 X61.119 Y70.12
G1 F900 X57.264 Y73.975 E2099.62695
G0 F7200 X57.08 Y73.593
G1 F900 X61.119 Y69.554 E2099.76944
G0 F7200 X61.119 Y68.988
G1 F900 X57.08 Y73.027 E2099.91193
G0 F7200 X57.08 Y72.461
G1 F900 X61.119 Y68.422 E2100.05441
G0 F7200 X61.119 Y67.857
G1 F900 X57.08 Y71.896 E2100.1969
G0 F7200 X57.08 Y71.33
G1 F900 X61.119 Y67.291 E2100.33939
G0 F7200 X61.119 Y66.725
G1 F900 X57.08 Y70.764 E2100.48187
G0 F7200 X57.08 Y70.199
G1 F900 X61.119 Y66.16 E2100.62436
G0 F7200 X61.119 Y65.594
G1 F900 X57.08 Y69.633 E2100.76685
G0 F7200 X57.08 Y69.067
G1 F900 X61.119 Y65.028 E2100.90933
G0 F7200 X61.119 Y64.463
G1 F900 X57.08 Y68.502 E2101.05182
G0 F7200 X57.08 Y67.936
G1 F900 X61.119 Y63.897 E2101.19431
G0 F7200 X61.119 Y63.331
G1 F900 X57.08 Y67.37 E2101.33679
G0 F7200 X57.08 Y66.805
G1 F900 X61.119 Y62.766 E2101.47928
G0 F7200 X61.119 Y62.2
G1 F900 X57.08 Y66.239 E2101.62176
G0 F7200 X57.08 Y65.673
G1 F900 X61.119 Y61.634 E2101.76425
G0 F7200 X61.119 Y61.069
G1 F900 X57.08 Y65.108 E2101.90674
G0 F7200 X57.08 Y64.542
G1 F900 X61.119 Y60.503 E2102.04922
G0 F7200 X61.119 Y59.937
G1 F900 X57.08 Y63.976 E2102.19171
G0 F7200 X57.08 Y63.411
G1 F900 X61.119 Y59.372 E2102.3342
G0 F7200 X61.119 Y58.806
G1 F900 X57.08 Y62.845 E2102.47668
G0 F7200 X57.006 Y62.354
G1 F900 X61.119 Y58.24 E2102.6218
G0 F7200 X61.119 Y57.674
G1 F900 X56.809 Y61.985 E2102.77386
G0 F7200 X56.51 Y61.718
G1 F900 X61.119 Y57.109 E2102.93646
G0 F7200 X61.119 Y56.543
G1 F900 X56.097 Y61.566 E2103.11364
G0 F7200 X55.554 Y61.543
G1 F900 X61.119 Y55.977 E2103.30998
G0 F7200 X61.119 Y55.412
G1 F900 X54.899 Y61.632 E2103.52941
G0 F7200 X54.183 Y61.783
G1 F900 X61.119 Y54.846 E2103.77411
G0 F7200 X61.119 Y54.28
G1 F900 X53.804 Y61.595 E2104.03217
G0 F7200 X53.289 Y61.545
G1 F900 X61.119 Y53.715 E2104.30839
G0 F7200 X61.119 Y53.149
G1 F900 X52.701 Y61.567 E2104.60536
G1 X52.631 Y61.637
G0 F7200 X51.764 Y62.505
G1 F900 X48.277 Y65.991 E2104.72835
G0 F7200 X48.276 Y65.426
G1 F900 X61.119 Y52.583 E2105.18143
G0 F7200 X61.119 Y52.018
G1 F900 X48.276 Y64.861 E2105.6345
G0 F7200 X48.276 Y64.295
G1 F900 X61.119 Y51.452 E2106.08757
G0 F7200 X61.119 Y50.886
G1 F900 X48.276 Y63.73 E2106.54066
G0 F7200 X48.276 Y63.164
G1 F900 X61.119 Y50.321 E2106.99373
G0 F7200 X61.119 Y49.755
G1 F900 X48.276 Y62.599 E2107.44682
G0 F7200 X48.127 Y62.182
G1 F900 X61.119 Y49.189 E2107.90516
G0 F7200 X61.119 Y48.623
G1 F900 X47.884 Y61.859 E2108.37208
G0 F7200 X47.542 Y61.636
G1 F900 X61.119 Y48.058 E2108.85107
G0 F7200 X61.119 Y47.492
G1 F900 X47.07 Y61.542 E2109.3467
G0 F7200 X46.504 Y61.542
G1 F900 X61.119 Y46.926 E2109.8623
G0 F7200 X61.119 Y46.361
G1 F900 X45.553 Y61.927 E2110.41143
G0 F7200 X45.239 Y61.676
G1 F900 X61.119 Y45.795 E2110.97166
G0 F7200 X61.119 Y45.229
G1 F900 X44.805 Y61.544 E2111.5472
G0 F7200 X44.239 Y61.544
G1 F900 X61.119 Y44.664 E2112.14269
G1 X61.189 Y44.594
G0 F7200 X59.275 Y34.628
G1 F900 X61.119 Y32.784 E2112.20774
G0 F7200 X61.119 Y32.219
G1 F900 X59.275 Y34.063 E2112.27279
G0 F7200 X59.275 Y33.497
G1 F900 X61.119 Y31.653 E2112.33784
G0 F7200 X61.119 Y31.087
G1 F900 X59.275 Y32.931 E2112.40289
G0 F7200 X59.275 Y32.366
G1 F900 X61.119 Y30.522 E2112.46795
G0 F7200 X61.119 Y29.956
G1 F900 X59.276 Y31.799 E2112.53296
G0 F7200 X59.276 Y31.234
G1 F900 X61.119 Y29.39 E2112.598
G0 F7200 X61.119 Y28.825
G1 F900 X59.276 Y30.668 E2112.66301
G0 F7200 X59.276 Y30.102
G1 F900 X61.119 Y28.259 E2112.72803
G0 F7200 X61.119 Y27.693
G1 F900 X59.276 Y29.537 E2112.79307
G0 F7200 X59.276 Y28.971
G1 F900 X61.119 Y27.127 E2112.8581
G0 F7200 X61.119 Y26.562
G1 F900 X59.277 Y28.404 E2112.92308
G0 F7200 X59.277 Y27.839
G1 F900 X61.119 Y25.996 E2112.98808
G0 F7200 X61.119 Y25.43
G1 F900 X59.277 Y27.273 E2113.05308
G0 F7200 X59.277 Y26.707
G1 F900 X61.119 Y24.865 E2113.11806
G0 F7200 X61.119 Y24.299
G1 F900 X59.277 Y26.142 E2113.18306
G0 F7200 X59.277 Y25.575
G1 F900 X61.119 Y23.733 E2113.24804
G0 F7200 X61.119 Y23.168
G1 F900 X59.277 Y25.01 E2113.31302
G0 F7200 X59.277 Y24.444
G1 F900 X61.119 Y22.602 E2113.37801
G0 F7200 X61.119 Y22.036
G1 F900 X59.277 Y23.878 E2113.44299
G0 F7200 X59.277 Y23.313
G1 F900 X61.119 Y21.471 E2113.50797
G0 F7200 X61.119 Y20.905
G1 F900 X59.277 Y22.747 E2113.57295
G0 F7200 X59.278 Y22.181
G1 F900 X61.119 Y20.339 E2113.63791
G0 F7200 X61.119 Y19.774
G1 F900 X59.278 Y21.615 E2113.70286
G0 F7200 X59.278 Y21.049
G1 F900 X61.119 Y19.208 E2113.76781
G0 F7200 X61.119 Y18.642
G1 F900 X59.278 Y20.483 E2113.83275
G0 F7200 X59.278 Y19.918
G1 F900 X61.119 Y18.076 E2113.89772
G0 F7200 X61.119 Y17.511
G1 F900 X59.279 Y19.351 E2113.96263
G0 F7200 X59.279 Y18.786
G1 F900 X61.119 Y16.945 E2114.02756
G0 F7200 X61.119 Y16.379
G1 F900 X59.279 Y18.22 E2114.09249
G0 F7200 X59.279 Y17.654
G1 F900 X61.119 Y15.814 E2114.1574
G0 F7200 X61.119 Y15.248
G1 F900 X59.279 Y17.089 E2114.22232
G0 F7200 X59.279 Y16.523
G1 F900 X61.119 Y14.682 E2114.28725
G0 F7200 X61.119 Y14.117
G1 F900 X59.28 Y15.957 E2114.35215
G0 F7200 X59.28 Y15.391
G1 F900 X61.119 Y13.551 E2114.41704
G0 F7200 X60.725 Y13.38
G1 F900 X59.28 Y14.825 E2114.46802
G0 F7200 X59.28 Y14.26
G1 F900 X60.159 Y13.38 E2114.49904
G0 F7200 X59.594 Y13.38
G1 F900 X59.28 Y13.694 E2114.51012
G0 F7200 X58.938 Y35.838
G0 X51.72 Y63.114
G1 F900 X48.277 Y66.557 E2114.63158
G0 F7200 X48.277 Y67.123
G1 F900 X51.72 Y63.68 E2114.75304
G0 F7200 X51.72 Y64.246
G1 F900 X48.278 Y67.688 E2114.87447
G0 F7200 X48.278 Y68.253
G1 F900 X51.72 Y64.811 E2114.99589
G0 F7200 X51.72 Y65.377
G1 F900 X48.278 Y68.819 E2115.11732
G0 F7200 X48.278 Y69.384
G1 F900 X51.72 Y65.943 E2115.23873
G0 F7200 X51.72 Y66.508
G1 F900 X48.278 Y69.95 E2115.36015
G0 F7200 X48.278 Y70.516
G1 F900 X51.72 Y67.074 E2115.48158
G0 F7200 X51.72 Y67.64
G1 F900 X48.279 Y71.08 E2115.60295
G0 F7200 X48.279 Y71.646
G1 F900 X51.72 Y68.205 E2115.72434
G0 F7200 X51.72 Y68.771
G1 F900 X48.28 Y72.211 E2115.8457
G0 F7200 X48.28 Y72.777
G1 F900 X51.72 Y69.337 E2115.96705
G0 F7200 X51.72 Y69.902
G1 F900 X48.28 Y73.343 E2116.08843
G0 F7200 X48.349 Y73.839
G1 F900 X51.72 Y70.468 E2116.20735
G0 F7200 X51.72 Y71.034
G1 F900 X48.594 Y74.159 E2116.31761
G0 F7200 X48.809 Y74.511
G1 F900 X51.72 Y71.6 E2116.4203
G0 F7200 X51.72 Y72.165
G1 F900 X48.972 Y74.913 E2116.51724
G0 F7200 X49.089 Y75.361
G1 F900 X51.72 Y72.731 E2116.61004
G0 F7200 X51.72 Y73.297
G1 F900 X49.157 Y75.859 E2116.70044
G0 F7200 X49.148 Y76.434
G1 F900 X51.362 Y74.22 E2116.77855
G1 X51.432 Y74.15
G0 F7200 X50.944 Y75.204
G1 F900 X48.998 Y77.15 E2116.8472
G1 X48.928 Y77.22
G0 F7200 X48.406 Y78.308
G1 F900 X50.835 Y75.879 E2116.93289
G1 X50.905 Y75.809
G0 F7200 X52.062 Y61.882
G0 X56.738 Y61.882
G0 X61.119 Y75.776
G1 F900 X50.276 Y86.62 E2117.31542
G0 F7200 X50.842 Y86.62
G1 F900 X61.119 Y76.342 E2117.67799
G0 F7200 X61.119 Y76.908
G1 F900 X51.407 Y86.62 E2118.0206
G0 F7200 X51.973 Y86.62
G1 F900 X61.119 Y77.473 E2118.34327
G0 F7200 X61.119 Y78.039
G1 F900 X52.539 Y86.62 E2118.64597
G0 F7200 X53.104 Y86.62
G1 F900 X61.119 Y78.605 E2118.92872
G0 F7200 X61.119 Y79.171
G1 F900 X53.67 Y86.62 E2119.19151
G0 F7200 X54.236 Y86.62
G1 F900 X61.119 Y79.736 E2119.43434
G0 F7200 X61.119 Y80.302
G1 F900 X54.801 Y86.62 E2119.65722
G0 F7200 X55.367 Y86.62
G1 F900 X61.119 Y80.868 E2119.86014
G0 F7200 X61.119 Y81.433
G1 F900 X55.933 Y86.62 E2120.04311
G0 F7200 X56.499 Y86.62
G1 F900 X61.119 Y81.999 E2120.20611
G0 F7200 X61.119 Y82.565
G1 F900 X57.064 Y86.62 E2120.34916
G0 F7200 X57.63 Y86.62
G1 F900 X61.119 Y83.13 E2120.47226
G0 F7200 X61.119 Y83.696
G1 F900 X58.196 Y86.62 E2120.5754
G0 F7200 X58.761 Y86.62
G1 F900 X61.119 Y84.262 E2120.65858
G0 F7200 X61.119 Y84.827
G1 F900 X59.327 Y86.62 E2120.72182
G0 F7200 X59.893 Y86.62
G1 F900 X61.119 Y85.393 E2120.76509
G0 F7200 X61.119 Y85.959
G1 F900 X60.458 Y86.62 E2120.7884
G0 F7200 X61.024 Y86.62
G1 F900 X61.119 Y86.524 E2120.79177
G0 F7200 X61.119 Y75.211
G1 F900 X49.71 Y86.62 E2121.19426
G0 F7200 X49.145 Y86.62
G1 F900 X61.119 Y74.645 E2121.61669
G1 X61.189 Y74.575
;MESH:NONMESH
G0 F600 Z3.935
G0 F7200 X56.738 Y61.882
G0 X41.062 Y35.838
G0 X37.312 Y11.928
G0 X37.161 Y11.927
;TIME_ELAPSED:4707.382693
;LAYER:18
;TYPE:FILL
;MESH:luckfox_top.stl
G1 F3000 X37.427 Y11.66 E2121.62609
G0 F7200 X37.427 Y11.811
G0 X39.944 Y11.811
G0 X39.944 Y11.66
G1 F3000 X41.14 Y12.856 E2121.66828
G1 X41.21 Y12.926
G0 F7200 X40.99 Y12.926
G0 X38.462 Y12.962
G0 X38.39 Y15.913
G0 X38.54 Y15.913
G1 F3000 X37.16 Y14.532 E2121.71698
G1 X37.09 Y14.462
G0 F7200 X37.312 Y14.463
G0 X38.39 Y16.204
G0 X38.54 Y16.204
G1 F3000 X37.161 Y17.584 E2121.76565
G1 X37.091 Y17.654
G0 F7200 X37.312 Y17.655
G0 X37.312 Y20.19
G0 X37.16 Y20.189
G1 F3000 X38.54 Y21.57 E2121.81435
G0 F7200 X38.54 Y21.861
G1 F3000 X37.161 Y23.24 E2121.863
G1 X37.091 Y23.31
G0 F7200 X37.312 Y23.311
G0 X37.312 Y25.847
G0 X37.16 Y25.846
G1 F3000 X38.54 Y27.226 E2121.91168
G0 F7200 X38.54 Y27.518
G1 F3000 X37.161 Y28.897 E2121.96033
G1 X37.091 Y28.967
G0 F7200 X37.312 Y28.968
G0 X37.312 Y31.504
G0 X37.16 Y31.503
G1 F3000 X38.54 Y32.883 E2122.00901
G0 F7200 X38.54 Y33.175
G1 F3000 X37.161 Y34.554 E2122.05766
G1 X37.091 Y34.624
G0 F7200 X37.312 Y34.625
G0 X37.312 Y37.161
G0 X37.16 Y37.16
G1 F3000 X38.54 Y38.54 E2122.10634
G0 F7200 X38.54 Y38.831
G1 F3000 X37.161 Y40.211 E2122.15501
G1 X37.091 Y40.281
G0 F7200 X37.312 Y40.282
G0 X37.312 Y42.818
G0 X37.16 Y42.817
G1 F3000 X38.54 Y44.197 E2122.20369
G0 F7200 X38.54 Y44.488
G1 F3000 X37.161 Y45.868 E2122.25236
G1 X37.091 Y45.938
G0 F7200 X37.312 Y45.939
G0 X37.312 Y48.475
G0 X37.16 Y48.474
G1 F3000 X38.54 Y49.854 E2122.30104
G0 F7200 X38.54 Y50.145
G1 F3000 X37.161 Y51.525 E2122.34971
G1 X37.091 Y51.595
G0 F7200 X37.311 Y51.596
G0 X37.311 Y54.131
G0 X37.16 Y54.13
G1 F3000 X38.54 Y55.511 E2122.39841
G0 F7200 X38.54 Y55.802
G1 F3000 X37.161 Y57.182 E2122.44707
G1 X37.091 Y57.252
G0 F7200 X37.311 Y57.253
G0 X37.311 Y59.788
G0 X37.16 Y59.787
G1 F3000 X38.54 Y61.168 E2122.49577
G0 F7200 X38.54 Y61.459
G1 F3000 X37.161 Y62.838 E2122.54442
G1 X37.091 Y62.908
G0 F7200 X37.311 Y62.909
G0 X37.311 Y65.445
G0 X37.16 Y65.444
G1 F3000 X38.54 Y66.824 E2122.59311
G0 F7200 X38.54 Y67.116
G1 F3000 X37.161 Y68.495 E2122.64175
G1 X37.091 Y68.565
G0 F7200 X37.311 Y68.566
G0 X37.311 Y71.102
G0 X37.16 Y71.101
G1 F3000 X38.54 Y72.481 E2122.69044
G0 F7200 X38.54 Y72.773
G1 F3000 X37.161 Y74.152 E2122.73908
G1 X37.091 Y74.222
G0 F7200 X37.311 Y74.223
G0 X37.311 Y76.759
G0 X37.16 Y76.758
G1 F3000 X38.54 Y78.138 E2122.78777
G0 F7200 X38.54 Y78.429
G1 F3000 X37.161 Y79.809 E2122.83643
G1 X37.091 Y79.879
G0 F7200 X37.311 Y79.88
G0 X37.311 Y82.416
G0 X37.16 Y82.415
G1 F3000 X38.54 Y83.795 E2122.88512
G0 F7200 X38.54 Y84.086
G1 F3000 X37.161 Y85.466 E2122.93378
G1 X37.091 Y85.536
G0 F7200 X37.311 Y85.537
G0 X37.311 Y88.073
G0 X37.16 Y88.072
G1 F3000 X37.428 Y88.34 E2122.94324
G0 F7200 X37.428 Y88.19
G0 X39.943 Y88.19
G0 X39.943 Y88.34
G1 F3000 X41.323 Y86.96 E2122.99192
G0 F7200 X41.705 Y86.96
G1 F3000 X43.085 Y88.34 E2123.0406
G1 X43.155 Y88.41
G0 F7200 X43.155 Y88.19
G0 X45.6 Y88.19
G0 X45.6 Y88.34
G1 F3000 X46.98 Y86.96 E2123.08929
G0 F7200 X47.362 Y86.96
G1 F3000 X48.741 Y88.339 E2123.13793
G1 X48.811 Y88.409
G0 F7200 X48.811 Y88.19
G0 X51.257 Y88.19
G0 X51.257 Y88.34
G1 F3000 X52.637 Y86.96 E2123.18662
G0 F7200 X53.019 Y86.96
G1 F3000 X54.397 Y88.338 E2123.23523
G1 X54.467 Y88.408
G0 F7200 X54.467 Y88.19
G0 X56.915 Y88.19
G0 X56.915 Y88.339
G1 F3000 X58.294 Y86.96 E2123.28388
G0 F7200 X58.676 Y86.96
G1 F3000 X60.054 Y88.338 E2123.33249
G1 X60.124 Y88.408
G0 F7200 X60.124 Y88.19
G0 X62.572 Y88.19
G0 X62.572 Y88.339
G1 F3000 X62.84 Y88.071 E2123.34195
G0 F7200 X62.69 Y88.071
G0 X62.69 Y85.467
G0 X62.84 Y85.467
G1 F3000 X61.46 Y84.088 E2123.39061
G0 F7200 X61.46 Y83.794
G1 F3000 X62.84 Y82.414 E2123.43929
G1 X62.91 Y82.344
G0 F7200 X62.69 Y82.344
G0 X62.69 Y79.81
G0 X62.84 Y79.81
G1 F3000 X61.46 Y78.431 E2123.48796
G0 F7200 X61.46 Y78.137
G1 F3000 X62.84 Y76.757 E2123.53664
G1 X62.91 Y76.687
G0 F7200 X62.69 Y76.687
G0 X62.69 Y74.154
G0 X62.84 Y74.154
G1 F3000 X61.46 Y72.774 E2123.58533
G0 F7200 X61.46 Y72.48
G1 F3000 X62.84 Y71.1 E2123.63401
G1 X62.91 Y71.03
G0 F7200 X62.69 Y71.03
G0 X62.69 Y68.497
G0 X62.84 Y68.497
G1 F3000 X61.46 Y67.117 E2123.68269
G0 F7200 X61.46 Y66.823
G1 F3000 X62.84 Y65.443 E2123.73138
G1 X62.91 Y65.373
G0 F7200 X62.69 Y65.373
G0 X62.69 Y62.84
G0 X62.84 Y62.84
G1 F3000 X61.46 Y61.46 E2123.78006
G0 F7200 X61.46 Y61.166
G1 F3000 X62.84 Y59.787 E2123.82872
G1 X62.91 Y59.717
G0 F7200 X62.69 Y59.717
G0 X62.69 Y57.183
G0 X62.84 Y57.183
G1 F3000 X61.46 Y55.803 E2123.87741
G0 F7200 X61.46 Y55.509
G1 F3000 X62.84 Y54.13 E2123.92607
G1 X62.91 Y54.06
G0 F7200 X62.69 Y54.06
G0 X62.69 Y51.526
G0 X62.84 Y51.526
G1 F3000 X61.46 Y50.147 E2123.97474
G0 F7200 X61.46 Y49.852
G1 F3000 X62.84 Y48.473 E2124.0234
G1 X62.91 Y48.403
G0 F7200 X62.69 Y48.403
G0 X62.69 Y45.869
G0 X62.84 Y45.869
G1 F3000 X61.46 Y44.49 E2124.07207
G0 F7200 X61.46 Y44.196
G1 F3000 X62.84 Y42.816 E2124.12075
G1 X62.91 Y42.746
G0 F7200 X62.69 Y42.746
G0 X62.69 Y40.212
G0 X62.84 Y40.212
G1 F3000 X61.46 Y38.833 E2124.16942
G0 F7200 X61.46 Y38.539
G1 F3000 X62.84 Y37.159 E2124.2181
G1 X62.91 Y37.089
G0 F7200 X62.69 Y37.089
G0 X62.69 Y34.556
G0 X62.84 Y34.556
G1 F3000 X61.46 Y33.176 E2124.26679
G0 F7200 X61.46 Y32.882
G1 F3000 X62.84 Y31.502 E2124.31547
G1 X62.91 Y31.432
G0 F7200 X62.69 Y31.432
G0 X62.69 Y28.899
G0 X62.84 Y28.899
G1 F3000 X61.46 Y27.519 E2124.36415
G0 F7200 X61.46 Y27.225
G1 F3000 X62.84 Y25.845 E2124.41284
G1 X62.91 Y25.775
G0 F7200 X62.69 Y25.775
G0 X62.69 Y23.242
G0 X62.84 Y23.242
G1 F3000 X61.46 Y21.862 E2124.46152
G0 F7200 X61.46 Y21.568
G1 F3000 X62.84 Y20.189 E2124.51018
G1 X62.91 Y20.119
G0 F7200 X62.69 Y20.119
G0 X62.69 Y17.585
G0 X62.84 Y17.585
G1 F3000 X61.46 Y16.205 E2124.55887
G0 F7200 X61.46 Y15.911
G1 F3000 X62.84 Y14.532 E2124.60753
G1 X62.91 Y14.462
G0 F7200 X62.69 Y14.462
G0 X62.69 Y11.928
G0 X62.84 Y11.928
G1 F3000 X62.578 Y11.667 E2124.61676
G0 F7200 X62.577 Y11.812
G0 X60.052 Y11.811
G0 X60.053 Y11.662
G1 F3000 X58.86 Y12.854 E2124.65883
G1 X58.79 Y12.924
G0 F7200 X59.01 Y12.924
G0 X61.538 Y12.962
G0 X61.61 Y86.625
G0 X61.125 Y86.625
;TYPE:WALL-INNER
G1 F2400 X60.939 Y86.751 E2124.66443
G1 X60.774 Y86.8 E2124.66872
G1 X39.3 Y86.8 E2125.2044
G1 X39.061 Y86.751 E2125.21048
G1 X38.875 Y86.625 E2125.21609
G1 X38.749 Y86.439 E2125.22169
G1 X38.7 Y86.274 E2125.22598
G1 X38.7 Y13.8 E2127.03385
G1 X38.749 Y13.561 E2127.03994
G1 X38.875 Y13.375 E2127.04554
G1 X39.061 Y13.249 E2127.05115
G1 X39.226 Y13.2 E2127.05544
G1 X41.3 Y13.2 E2127.10718
G1 X41.3 Y11.5 E2127.14959
G1 X37.171 Y11.5 E2127.25258
G1 X37.076 Y11.529 E2127.25506
G1 X37 Y11.656 E2127.25875
G1 X37 Y88.388 E2129.17284
G1 X37.144 Y88.5 E2129.17739
G1 X62.893 Y88.5 E2129.8197
G1 X63 Y88.352 E2129.82426
G1 X63 Y11.613 E2131.73852
G1 X62.864 Y11.5 E2131.74293
G1 X58.7 Y11.5 E2131.8468
G1 X58.7 Y13.2 E2131.88921
G1 X60.7 Y13.2 E2131.9391
G1 X60.939 Y13.249 E2131.94519
G1 X61.125 Y13.375 E2131.95079
G1 X61.251 Y13.561 E2131.95639
G1 X61.3 Y13.8 E2131.96248
G1 X61.3 Y86.278 E2133.77045
G1 X61.251 Y86.439 E2133.77465
G1 X61.125 Y86.625 E2133.78025
G0 F7200 X60.898 Y86.235
;TYPE:WALL-OUTER
G1 F1200 X60.842 Y86.342 E2133.78327
G1 X60.735 Y86.397 E2133.78627
G1 X39.244 Y86.4 E2134.32236
G1 X39.158 Y86.342 E2134.32495
G1 X39.103 Y86.235 E2134.32795
G1 X39.1 Y13.744 E2136.13625
G1 X39.158 Y13.658 E2136.13883
G1 X39.265 Y13.603 E2136.14183
G1 X41.7 Y13.6 E2136.20258
G1 X41.7 Y11.1 E2136.26494
G1 X37.127 Y11.1 E2136.37901
G1 X36.948 Y11.14 E2136.38359
G1 X36.807 Y11.225 E2136.3877
G1 X36.65 Y11.425 E2136.39404
G1 X36.6 Y11.6 E2136.39858
G1 X36.6 Y88.369 E2138.31359
G1 X36.7 Y88.66 E2138.32126
G1 X36.938 Y88.848 E2138.32883
G1 X37.149 Y88.9 E2138.33425
G1 X62.836 Y88.9 E2138.97502
G1 X63.016 Y88.871 E2138.97956
G1 X63.162 Y88.796 E2138.98366
G1 X63.33 Y88.602 E2138.99006
G1 X63.4 Y88.429 E2138.99471
G1 X63.4 Y11.656 E2140.90983
G1 X63.371 Y11.481 E2140.91425
G1 X63.297 Y11.341 E2140.9182
G1 X63.068 Y11.149 E2140.92565
G1 X62.896 Y11.1 E2140.93012
G1 X58.3 Y11.1 E2141.04476
G1 X58.3 Y13.6 E2141.10713
G1 X60.764 Y13.6 E2141.16859
G1 X60.9 Y13.736 E2141.17339
G1 X60.898 Y86.235 E2142.98188
G0 F7200 X60.842 Y86.342
G0 X60.772 Y86.378
G0 X60.772 Y87.41
G1 F1500 E2136.48188
G0 F7200 X54.497 Y86.63
G0 X54.497 Y85.535
G0 X54.497 Y78.551
G0 X54.497 Y77.456
G0 X54.497 Y77.124
;TYPE:FILL
G1 F1500 E2142.98188
G1 F3000 X53.372 Y75.999 E2143.02157
G1 X53.302 Y75.929
G0 F7200 X53.523 Y75.986
G0 X54.724 Y76.923
G0 X54.839 Y77.209
;TYPE:WALL-INNER
G1 F2400 X55.116 Y77.057 E2143.02945
G1 X55.408 Y76.737 E2143.04026
G1 X55.535 Y76.467 E2143.0477
G1 X55.594 Y76.165 E2143.05538
G1 X55.54 Y75.739 E2143.06609
G1 X55.408 Y75.463 E2143.07372
G1 X55.213 Y75.224 E2143.08142
G1 X54.857 Y74.994 E2143.09199
G1 X54.546 Y74.913 E2143.10001
G1 X54.258 Y74.913 E2143.10719
G1 X53.885 Y75.021 E2143.11688
G1 X53.641 Y75.175 E2143.12407
G1 X53.43 Y75.4 E2143.13177
G1 X53.29 Y75.656 E2143.13905
G1 X53.212 Y75.953 E2143.14671
G1 X53.212 Y76.245 E2143.15399
G1 X53.285 Y76.531 E2143.16135
G1 X53.484 Y76.863 E2143.17101
G1 X53.698 Y77.064 E2143.17833
G1 X53.957 Y77.209 E2143.18574
G1 X54.251 Y77.284 E2143.19331
G1 X54.544 Y77.284 E2143.20062
G1 X54.839 Y77.209 E2143.20821
G0 F7200 X54.986 Y77.584
;TYPE:WALL-OUTER
G1 F1200 X55.342 Y77.389 E2143.21833
G1 X55.749 Y76.952 E2143.23323
G1 X55.919 Y76.59 E2143.24321
G1 X55.995 Y76.196 E2143.25322
G1 X55.984 Y75.898 E2143.26065
G1 X55.921 Y75.609 E2143.26803
G1 X55.749 Y75.245 E2143.27808
G1 X55.489 Y74.931 E2143.28825
G1 X54.997 Y74.617 E2143.3028
G1 X54.598 Y74.513 E2143.31309
G1 X54.201 Y74.513 E2143.32299
G1 X53.719 Y74.653 E2143.33551
G1 X53.385 Y74.864 E2143.34537
G1 X53.104 Y75.163 E2143.3556
G1 X52.916 Y75.507 E2143.36538
G1 X52.812 Y75.902 E2143.37557
G1 X52.812 Y76.295 E2143.38538
G1 X52.911 Y76.686 E2143.39544
G1 X53.17 Y77.117 E2143.40798
G1 X53.46 Y77.389 E2143.4179
G1 X53.807 Y77.584 E2143.42783
G1 X54.201 Y77.684 E2143.43797
G1 X54.594 Y77.684 E2143.44777
G1 X54.986 Y77.584 E2143.45786
G0 F7200 X55.161 Y77.488
G0 X54.675 Y76.605
G1 F1500 E2136.95786
G0 F7200 X53.044 Y76.015
G0 X51.949 Y76.015
G0 X48.06 Y76.142
G0 X46.966 Y76.178
G0 X46.615 Y76.011
;TYPE:FILL
G1 F1500 E2143.45786
G1 F3000 X45.504 Y77.123 E2143.49707
G1 X45.434 Y77.193
G0 F7200 X46.036 Y77.209
;TYPE:WALL-INNER
G1 F2400 X46.403 Y76.984 E2143.50781
G1 X46.609 Y76.735 E2143.51587
G1 X46.736 Y76.465 E2143.52332
G1 X46.794 Y76.165 E2143.53094
G1 X46.74 Y75.739 E2143.54165
G1 X46.609 Y75.461 E2143.54932
G1 X46.413 Y75.224 E2143.55699
G1 X46.057 Y74.994 E2143.56756
G1 X45.746 Y74.913 E2143.57558
G1 X45.458 Y74.913 E2143.58276
G1 X45.085 Y75.021 E2143.59245
G1 X44.841 Y75.175 E2143.59965
G1 X44.63 Y75.4 E2143.60734
G1 X44.49 Y75.656 E2143.61462
G1 X44.412 Y75.954 E2143.6223
G1 X44.412 Y76.242 E2143.62949
G1 X44.491 Y76.54 E2143.63718
G1 X44.635 Y76.806 E2143.64472
G1 X44.776 Y76.966 E2143.65004
G1 X45.14 Y77.205 E2143.66091
G1 X45.451 Y77.283 E2143.6689
G1 X45.744 Y77.283 E2143.67621
G1 X46.036 Y77.209 E2143.68373
G0 F7200 X46.185 Y77.584
;TYPE:WALL-OUTER
G1 F1200 X46.686 Y77.269 E2143.69849
G1 X46.949 Y76.951 E2143.70878
G1 X47.12 Y76.589 E2143.71877
G1 X47.195 Y76.196 E2143.72875
G1 X47.184 Y75.898 E2143.73619
G1 X47.121 Y75.609 E2143.74357
G1 X46.949 Y75.245 E2143.75361
G1 X46.689 Y74.931 E2143.76378
G1 X46.197 Y74.617 E2143.77834
G1 X45.798 Y74.513 E2143.78862
G1 X45.401 Y74.513 E2143.79853
G1 X44.919 Y74.653 E2143.81105
G1 X44.585 Y74.864 E2143.8209
G1 X44.304 Y75.163 E2143.83114
G1 X44.116 Y75.507 E2143.84092
G1 X44.012 Y75.902 E2143.85111
G1 X44.012 Y76.294 E2143.86089
G1 X44.116 Y76.689 E2143.87107
G1 X44.305 Y77.036 E2143.88093
G1 X44.504 Y77.263 E2143.88846
G1 X45.002 Y77.583 E2143.90323
G1 X45.401 Y77.683 E2143.91349
G1 X45.794 Y77.683 E2143.92329
G1 X46.185 Y77.584 E2143.93335
G0 F7200 X46.354 Y77.478
G0 X45.875 Y76.605
G1 F1500 E2137.43335
;MESH:NONMESH
G0 F600 Z4.085
G0 F7200 X45.435 Y74.743
G0 X45.129 Y73.694
G0 X39.965 Y74.743
G0 X38.87 Y74.743
G0 X37.312 Y11.927
G0 X37.161 Y11.926
;TIME_ELAPSED:4745.200874
;LAYER:19
;TYPE:FILL
;MESH:luckfox_top.stl
G1 F1500 E2143.93335
G1 F3000 X37.427 Y11.66 E2143.94274
G0 F7200 X37.427 Y11.811
G0 X39.944 Y11.811
G0 X39.944 Y11.66
G1 F3000 X41.14 Y12.856 E2143.98493
G1 X41.21 Y12.926
G0 F7200 X40.99 Y12.926
G0 X38.462 Y12.962
G0 X38.39 Y15.913
G0 X38.54 Y15.913
G1 F3000 X37.161 Y14.533 E2144.03359
G1 X37.091 Y14.463
G0 F7200 X37.312 Y14.464
G0 X38.39 Y16.204
G0 X38.54 Y16.204
G1 F3000 X37.161 Y17.583 E2144.08224
G1 X37.091 Y17.653
G0 F7200 X37.312 Y17.654
G0 X37.312 Y20.191
G0 X37.161 Y20.19
G1 F3000 X38.54 Y21.57 E2144.13091
G0 F7200 X38.54 Y21.861
G1 F3000 X37.161 Y23.24 E2144.17956
G1 X37.091 Y23.31
G0 F7200 X37.312 Y23.311
G0 X37.312 Y25.848
G0 X37.161 Y25.847
G1 F3000 X38.54 Y27.226 E2144.2282
G0 F7200 X38.54 Y27.518
G1 F3000 X37.161 Y28.897 E2144.27685
G1 X37.091 Y28.967
G0 F7200 X37.312 Y28.968
G0 X37.312 Y31.505
G0 X37.161 Y31.504
G1 F3000 X38.54 Y32.883 E2144.3255
G0 F7200 X38.54 Y33.175
G1 F3000 X37.161 Y34.553 E2144.37413
G1 X37.091 Y34.623
G0 F7200 X37.312 Y34.624
G0 X37.312 Y37.162
G0 X37.161 Y37.161
G1 F3000 X38.54 Y38.54 E2144.42278
G0 F7200 X38.54 Y38.831
G1 F3000 X37.161 Y40.21 E2144.47143
G1 X37.091 Y40.28
G0 F7200 X37.312 Y40.281
G0 X37.312 Y42.818
G0 X37.161 Y42.817
G1 F3000 X38.54 Y44.197 E2144.52009
G0 F7200 X38.54 Y44.488
G1 F3000 X37.161 Y45.867 E2144.56874
G1 X37.091 Y45.937
G0 F7200 X37.312 Y45.938
G0 X37.312 Y48.475
G0 X37.161 Y48.474
G1 F3000 X38.54 Y49.854 E2144.61741
G0 F7200 X38.54 Y50.145
G1 F3000 X37.161 Y51.524 E2144.66605
G1 X37.091 Y51.594
G0 F7200 X37.311 Y51.595
G0 X37.311 Y54.132
G0 X37.161 Y54.131
G1 F3000 X38.54 Y55.511 E2144.71472
G0 F7200 X38.54 Y55.802
G1 F3000 X37.161 Y57.181 E2144.76337
G1 X37.091 Y57.251
G0 F7200 X37.311 Y57.252
G0 X37.311 Y59.789
G0 X37.161 Y59.788
G1 F3000 X38.54 Y61.168 E2144.81203
G0 F7200 X38.54 Y61.459
G1 F3000 X37.161 Y62.838 E2144.86068
G1 X37.091 Y62.908
G0 F7200 X37.311 Y62.909
G0 X37.311 Y65.446
G0 X37.161 Y65.445
G1 F3000 X38.54 Y66.824 E2144.90933
G0 F7200 X38.54 Y67.116
G1 F3000 X37.161 Y68.495 E2144.95798
G1 X37.091 Y68.565
G0 F7200 X37.311 Y68.566
G0 X37.311 Y71.103
G0 X37.161 Y71.102
G1 F3000 X38.54 Y72.481 E2145.00662
G0 F7200 X38.54 Y72.773
G1 F3000 X37.161 Y74.151 E2145.05525
G1 X37.091 Y74.221
G0 F7200 X37.311 Y74.222
G0 X37.311 Y76.76
G0 X37.161 Y76.759
G1 F3000 X38.54 Y78.138 E2145.1039
G0 F7200 X38.54 Y78.429
G1 F3000 X37.161 Y79.808 E2145.15255
G1 X37.091 Y79.878
G0 F7200 X37.311 Y79.879
G0 X37.311 Y82.416
G0 X37.161 Y82.415
G1 F3000 X38.54 Y83.795 E2145.20122
G0 F7200 X38.54 Y84.086
G1 F3000 X37.161 Y85.465 E2145.24986
G1 X37.091 Y85.535
G0 F7200 X37.311 Y85.536
G0 X37.311 Y88.073
G0 X37.161 Y88.072
G1 F3000 X37.428 Y88.34 E2145.2593
G0 F7200 X37.428 Y88.19
G0 X39.943 Y88.19
G0 X39.943 Y88.34
G1 F3000 X41.323 Y86.96 E2145.30798
G0 F7200 X41.705 Y86.96
G1 F3000 X43.085 Y88.34 E2145.35667
G1 X43.155 Y88.41
G0 F7200 X43.155 Y88.19
G0 X45.6 Y88.19
G0 X45.6 Y88.34
G1 F3000 X46.98 Y86.96 E2145.40535
G0 F7200 X47.362 Y86.96
G1 F3000 X48.742 Y88.34 E2145.45403
G1 X48.812 Y88.41
G0 F7200 X48.812 Y88.19
G0 X51.257 Y88.19
G0 X51.257 Y88.34
G1 F3000 X52.637 Y86.96 E2145.50272
G0 F7200 X53.019 Y86.96
G1 F3000 X54.398 Y88.34 E2145.55138
G1 X54.468 Y88.41
G0 F7200 X54.468 Y88.19
G0 X56.914 Y88.19
G0 X56.914 Y88.34
G1 F3000 X58.294 Y86.96 E2145.60007
G0 F7200 X58.676 Y86.96
G1 F3000 X60.055 Y88.34 E2145.64873
G1 X60.125 Y88.41
G0 F7200 X60.125 Y88.19
G0 X62.57 Y88.19
G0 X62.57 Y88.34
G1 F3000 X62.84 Y88.071 E2145.65824
G0 F7200 X62.69 Y88.071
G0 X62.69 Y85.467
G0 X62.84 Y85.467
G1 F3000 X61.46 Y84.088 E2145.7069
G0 F7200 X61.46 Y83.794
G1 F3000 X62.84 Y82.414 E2145.75559
G1 X62.91 Y82.344
G0 F7200 X62.69 Y82.344
G0 X62.69 Y79.81
G0 X62.84 Y79.81
G1 F3000 X61.46 Y78.431 E2145.80425
G0 F7200 X61.46 Y78.137
G1 F3000 X62.84 Y76.757 E2145.85294
G1 X62.91 Y76.687
G0 F7200 X62.69 Y76.687
G0 X62.69 Y74.154
G0 X62.84 Y74.154
G1 F3000 X61.46 Y72.774 E2145.90162
G0 F7200 X61.46 Y72.48
G1 F3000 X62.84 Y71.1 E2145.9503
G1 X62.91 Y71.03
G0 F7200 X62.69 Y71.03
G0 X62.69 Y68.497
G0 X62.84 Y68.497
G1 F3000 X61.46 Y67.117 E2145.99899
G0 F7200 X61.46 Y66.823
G1 F3000 X62.84 Y65.443 E2146.04767
G1 X62.91 Y65.373
G0 F7200 X62.69 Y65.373
G0 X62.69 Y62.84
G0 X62.84 Y62.84
G1 F3000 X61.46 Y61.46 E2146.09635
G0 F7200 X61.46 Y61.166
G1 F3000 X62.84 Y59.787 E2146.14502
G1 X62.91 Y59.717
G0 F7200 X62.69 Y59.717
G0 X62.69 Y57.183
G0 X62.84 Y57.183
G1 F3000 X61.46 Y55.803 E2146.1937
G0 F7200 X61.46 Y55.509
G1 F3000 X62.84 Y54.13 E2146.24237
G1 X62.91 Y54.06
G0 F7200 X62.69 Y54.06
G0 X62.69 Y51.526
G0 X62.84 Y51.526
G1 F3000 X61.46 Y50.147 E2146.29103
G0 F7200 X61.46 Y49.852
G1 F3000 X62.84 Y48.473 E2146.3397
G1 X62.91 Y48.403
G0 F7200 X62.69 Y48.403
G0 X62.69 Y45.869
G0 X62.84 Y45.869
G1 F3000 X61.46 Y44.49 E2146.38836
G0 F7200 X61.46 Y44.196
G1 F3000 X62.84 Y42.816 E2146.43705
G1 X62.91 Y42.746
G0 F7200 X62.69 Y42.746
G0 X62.69 Y40.212
G0 X62.84 Y40.212
G1 F3000 X61.46 Y38.833 E2146.48571
G0 F7200 X61.46 Y38.539
G1 F3000 X62.84 Y37.159 E2146.5344
G1 X62.91 Y37.089
G0 F7200 X62.69 Y37.089
G0 X62.69 Y34.556
G0 X62.84 Y34.556
G1 F3000 X61.46 Y33.176 E2146.58308
G0 F7200 X61.46 Y32.882
G1 F3000 X62.84 Y31.502 E2146.63176
G1 X62.91 Y31.432
G0 F7200 X62.69 Y31.432
G0 X62.69 Y28.899
G0 X62.84 Y28.899
G1 F3000 X61.46 Y27.519 E2146.68045
G0 F7200 X61.46 Y27.225
G1 F3000 X62.84 Y25.845 E2146.72913
G1 X62.91 Y25.775
G0 F7200 X62.69 Y25.775
G0 X62.69 Y23.242
G0 X62.84 Y23.242
G1 F3000 X61.46 Y21.862 E2146.77781
G0 F7200 X61.46 Y21.568
G1 F3000 X62.84 Y20.189 E2146.82648
G1 X62.91 Y20.119
G0 F7200 X62.69 Y20.119
G0 X62.69 Y17.585
G0 X62.84 Y17.585
G1 F3000 X61.46 Y16.205 E2146.87516
G0 F7200 X61.46 Y15.911
G1 F3000 X62.84 Y14.532 E2146.92383
G1 X62.91 Y14.462
G0 F7200 X62.69 Y14.462
G0 X62.69 Y11.928
G0 X62.84 Y11.928
G1 F3000 X62.572 Y11.66 E2146.93328
G0 F7200 X62.571 Y11.812
G0 X60.054 Y11.811
G0 X60.055 Y11.659
G1 F3000 X58.86 Y12.854 E2146.97544
G1 X58.79 Y12.924
G0 F7200 X59.01 Y12.924
G0 X61.538 Y12.962
G0 X61.61 Y86.625
G0 X61.125 Y86.625
;TYPE:WALL-INNER
G1 F2400 X60.939 Y86.751 E2146.98104
G1 X60.774 Y86.8 E2146.98534
G1 X39.3 Y86.8 E2147.52101
G1 X39.061 Y86.751 E2147.52709
G1 X38.875 Y86.625 E2147.5327
G1 X38.749 Y86.439 E2147.5383
G1 X38.7 Y86.274 E2147.54259
G1 X38.7 Y13.8 E2149.35047
G1 X38.749 Y13.561 E2149.35655
G1 X38.875 Y13.375 E2149.36216
G1 X39.061 Y13.249 E2149.36776
G1 X39.226 Y13.2 E2149.37205
G1 X41.3 Y13.2 E2149.42379
G1 X41.3 Y11.5 E2149.4662
G1 X37.171 Y11.5 E2149.56919
G1 X37.077 Y11.528 E2149.57164
G1 X37 Y11.633 E2149.57489
G1 X37.001 Y88.389 E2151.48958
G1 X37.142 Y88.5 E2151.49405
G1 X62.85 Y88.5 E2152.13534
G1 X62.957 Y88.419 E2152.13869
G1 X63 Y88.284 E2152.14222
G1 X63 Y11.65 E2154.05387
G1 X62.956 Y11.554 E2154.0565
G1 X62.841 Y11.5 E2154.05967
G1 X58.7 Y11.5 E2154.16297
G1 X58.7 Y13.2 E2154.20537
G1 X60.7 Y13.2 E2154.25526
G1 X60.939 Y13.249 E2154.26135
G1 X61.125 Y13.375 E2154.26695
G1 X61.251 Y13.561 E2154.27256
G1 X61.3 Y13.8 E2154.27864
G1 X61.3 Y86.278 E2156.08661
G1 X61.251 Y86.439 E2156.09081
G1 X61.125 Y86.625 E2156.09642
G0 F7200 X60.898 Y86.235
;TYPE:WALL-OUTER
G1 F1200 X60.842 Y86.342 E2156.09943
G1 X60.735 Y86.397 E2156.10243
G1 X39.244 Y86.4 E2156.63853
G1 X39.158 Y86.342 E2156.64111
G1 X39.103 Y86.235 E2156.64411
G1 X39.1 Y13.744 E2158.45241
G1 X39.158 Y13.658 E2158.455
G1 X39.265 Y13.603 E2158.458
G1 X41.7 Y13.6 E2158.51874
G1 X41.7 Y11.1 E2158.5811
G1 X37.127 Y11.1 E2158.69518
G1 X36.947 Y11.141 E2158.69978
G1 X36.805 Y11.224 E2158.70388
G1 X36.644 Y11.441 E2158.71062
G1 X36.6 Y11.603 E2158.71481
G1 X36.601 Y88.369 E2160.62975
G1 X36.701 Y88.66 E2160.63742
G1 X36.938 Y88.851 E2160.64502
G1 X37.147 Y88.9 E2160.65037
G1 X62.92 Y88.9 E2161.29328
G1 X63.1 Y88.834 E2161.29806
G1 X63.308 Y88.638 E2161.30519
G1 X63.4 Y88.345 E2161.31285
G1 X63.4 Y11.577 E2163.22784
G1 X63.236 Y11.26 E2163.23674
G1 X63.061 Y11.145 E2163.24197
G1 X62.893 Y11.1 E2163.2463
G1 X58.3 Y11.1 E2163.36088
G1 X58.3 Y13.6 E2163.42324
G1 X60.764 Y13.6 E2163.4847
G1 X60.9 Y13.736 E2163.4895
G1 X60.898 Y86.235 E2165.298
G0 F7200 X60.842 Y86.342
G0 X60.772 Y86.378
G0 X60.772 Y87.41
G1 F1500 E2158.798
G0 F7200 X54.494 Y86.63
G0 X54.494 Y85.535
G0 X54.543 Y78.552
G0 X54.546 Y77.457
G0 X54.493 Y77.121
;TYPE:FILL
G1 F1500 E2165.298
G1 F3000 X53.372 Y76 E2165.33754
G1 X53.302 Y75.93
G0 F7200 X53.524 Y75.988
G0 X54.867 Y76.851
G0 X55.03 Y77.111
;TYPE:WALL-INNER
G1 F2400 X55.284 Y76.906 E2165.34569
G1 X55.509 Y76.54 E2165.3564
G1 X55.587 Y76.238 E2165.36418
G1 X55.584 Y75.954 E2165.37127
G1 X55.509 Y75.655 E2165.37896
G1 X55.285 Y75.294 E2165.38956
G1 X54.941 Y75.032 E2165.40034
G1 X54.546 Y74.912 E2165.41064
G1 X54.251 Y74.912 E2165.418
G1 X54.038 Y74.96 E2165.42345
G1 X53.761 Y75.088 E2165.43106
G1 X53.435 Y75.388 E2165.44211
G1 X53.292 Y75.653 E2165.44962
G1 X53.212 Y75.964 E2165.45763
G1 X53.212 Y76.239 E2165.46449
G1 X53.321 Y76.615 E2165.47426
G1 X53.474 Y76.857 E2165.4814
G1 X53.691 Y77.058 E2165.48878
G1 X54.077 Y77.253 E2165.49957
G1 X54.552 Y77.284 E2165.51144
G1 X54.759 Y77.24 E2165.51672
G1 X55.03 Y77.111 E2165.52421
G0 F7200 X54.887 Y77.621
;TYPE:WALL-OUTER
G1 F1200 X55.244 Y77.453 E2165.53405
G1 X55.569 Y77.19 E2165.54448
G1 X55.884 Y76.689 E2165.55924
G1 X55.987 Y76.287 E2165.56959
G1 X55.984 Y75.902 E2165.5792
G1 X55.884 Y75.507 E2165.58936
G1 X55.569 Y75.01 E2165.60404
G1 X55.097 Y74.662 E2165.61867
G1 X54.606 Y74.512 E2165.63147
G1 X54.207 Y74.512 E2165.64143
G1 X53.909 Y74.579 E2165.64904
G1 X53.545 Y74.747 E2165.65905
G1 X53.103 Y75.162 E2165.67417
G1 X52.916 Y75.506 E2165.68394
G1 X52.812 Y75.914 E2165.69444
G1 X52.812 Y76.295 E2165.70394
G1 X52.953 Y76.781 E2165.71657
G1 X53.164 Y77.115 E2165.72642
G1 X53.46 Y77.39 E2165.7365
G1 X53.943 Y77.633 E2165.74999
G1 X54.181 Y77.684 E2165.75606
G1 X54.594 Y77.684 E2165.76636
G1 X54.887 Y77.621 E2165.77384
G0 F7200 X55.067 Y77.536
G0 X54.642 Y76.623
G1 F1500 E2159.27384
G0 F7200 X53.023 Y75.97
G0 X51.948 Y75.974
G0 X48.051 Y76
G0 X46.976 Y76.004
G0 X46.617 Y76.009
;TYPE:FILL
G1 F1500 E2165.77384
G1 F3000 X45.504 Y77.122 E2165.8131
G1 X45.434 Y77.192
G0 F7200 X46.23 Y77.112
;TYPE:WALL-INNER
G1 F2400 X46.484 Y76.906 E2165.82126
G1 X46.709 Y76.54 E2165.83198
G1 X46.787 Y76.238 E2165.83976
G1 X46.764 Y75.821 E2165.85018
G1 X46.656 Y75.544 E2165.85759
G1 X46.468 Y75.28 E2165.86568
G1 X46.141 Y75.032 E2165.87591
G1 X45.746 Y74.912 E2165.88621
G1 X45.451 Y74.912 E2165.89357
G1 X45.238 Y74.96 E2165.89902
G1 X44.961 Y75.088 E2165.90663
G1 X44.635 Y75.388 E2165.91768
G1 X44.492 Y75.653 E2165.92519
G1 X44.412 Y75.964 E2165.9332
G1 X44.412 Y76.246 E2165.94024
G1 X44.49 Y76.541 E2165.94785
G1 X44.716 Y76.907 E2165.95858
G1 X45.055 Y77.166 E2165.96922
G1 X45.452 Y77.284 E2165.97955
G1 X45.959 Y77.24 E2165.99225
G1 X46.23 Y77.112 E2165.99972
G0 F7200 X46.087 Y77.621
;TYPE:WALL-OUTER
G1 F1200 X46.444 Y77.453 E2166.00957
G1 X46.769 Y77.19 E2166.01999
G1 X47.084 Y76.689 E2166.03476
G1 X47.187 Y76.287 E2166.04511
G1 X47.15 Y75.711 E2166.05951
G1 X47.01 Y75.352 E2166.06912
G1 X46.764 Y75.006 E2166.07971
G1 X46.297 Y74.662 E2166.09418
G1 X45.806 Y74.512 E2166.10698
G1 X45.407 Y74.512 E2166.11694
G1 X45.109 Y74.579 E2166.12456
G1 X44.745 Y74.747 E2166.13456
G1 X44.303 Y75.162 E2166.14968
G1 X44.116 Y75.506 E2166.15945
G1 X44.012 Y75.914 E2166.16995
G1 X44.012 Y76.298 E2166.17953
G1 X44.116 Y76.689 E2166.18962
G1 X44.303 Y77.035 E2166.19943
G1 X44.745 Y77.453 E2166.21461
G1 X44.901 Y77.538 E2166.21904
G1 X45.394 Y77.684 E2166.23187
G1 X45.794 Y77.684 E2166.24185
G1 X46.087 Y77.621 E2166.24932
G0 F7200 X46.267 Y77.536
G0 X45.842 Y76.623
G1 F1500 E2159.74932
;MESH:NONMESH
G0 F600 Z4.235
G0 F7200 X45.428 Y74.742
G0 X44.829 Y73.756
G0 X39.965 Y74.742
G0 X38.87 Y74.742
G0 X37.312 Y11.927
G0 X37.161 Y11.926
;TIME_ELAPSED:4783.289228
;LAYER:20
;TYPE:FILL
;MESH:luckfox_top.stl
G1 F1500 E2166.24932
G1 F3000 X37.427 Y11.66 E2166.2587
G0 F7200 X37.427 Y11.811
G0 X39.944 Y11.811
G0 X39.944 Y11.66
G1 F3000 X41.14 Y12.856 E2166.3009
G1 X41.21 Y12.926
G0 F7200 X40.99 Y12.926
G0 X38.462 Y12.962
G0 X38.39 Y15.913
G0 X38.54 Y15.913
G1 F3000 X37.161 Y14.533 E2166.34956
G1 X37.091 Y14.463
G0 F7200 X37.312 Y14.464
G0 X38.39 Y16.204
G0 X38.54 Y16.204
G1 F3000 X37.161 Y17.583 E2166.39821
G1 X37.091 Y17.653
G0 F7200 X37.312 Y17.654
G0 X37.312 Y20.191
G0 X37.161 Y20.19
G1 F3000 X38.54 Y21.57 E2166.44688
G0 F7200 X38.54 Y21.861
G1 F3000 X37.161 Y23.24 E2166.49552
G1 X37.091 Y23.31
G0 F7200 X37.312 Y23.311
G0 X37.312 Y25.848
G0 X37.161 Y25.847
G1 F3000 X38.54 Y27.226 E2166.54417
G0 F7200 X38.54 Y27.518
G1 F3000 X37.162 Y28.896 E2166.59278
G1 X37.092 Y28.966
G0 F7200 X37.312 Y28.967
G0 X37.312 Y31.505
G0 X37.161 Y31.504
G1 F3000 X38.54 Y32.883 E2166.64143
G0 F7200 X38.54 Y33.175
G1 F3000 X37.162 Y34.553 E2166.69005
G1 X37.092 Y34.623
G0 F7200 X37.312 Y34.624
G0 X37.312 Y37.162
G0 X37.161 Y37.161
G1 F3000 X38.54 Y38.54 E2166.73869
G0 F7200 X38.54 Y38.831
G1 F3000 X37.162 Y40.21 E2166.78732
G1 X37.092 Y40.28
G0 F7200 X37.312 Y40.281
G0 X37.312 Y42.82
G0 X37.162 Y42.819
G1 F3000 X38.54 Y44.197 E2166.83594
G0 F7200 X38.54 Y44.488
G1 F3000 X37.163 Y45.866 E2166.88453
G1 X37.093 Y45.936
G0 F7200 X37.312 Y45.937
G0 X37.312 Y48.477
G0 X37.162 Y48.476
G1 F3000 X38.54 Y49.854 E2166.93314
G0 F7200 X38.54 Y50.145
G1 F3000 X37.163 Y51.523 E2166.98174
G1 X37.093 Y51.593
G0 F7200 X37.311 Y51.594
G0 X37.311 Y54.134
G0 X37.162 Y54.133
G1 F3000 X38.54 Y55.511 E2167.03035
G0 F7200 X38.54 Y55.802
G1 F3000 X37.163 Y57.179 E2167.07893
G1 X37.093 Y57.249
G0 F7200 X37.311 Y57.25
G0 X37.311 Y59.791
G0 X37.163 Y59.79
G1 F3000 X38.54 Y61.168 E2167.12752
G0 F7200 X38.54 Y61.459
G1 F3000 X37.163 Y62.836 E2167.1761
G1 X37.093 Y62.906
G0 F7200 X37.311 Y62.907
G0 X37.311 Y65.448
G0 X37.163 Y65.447
G1 F3000 X38.54 Y66.824 E2167.22468
G0 F7200 X38.54 Y67.116
G1 F3000 X37.163 Y68.492 E2167.27324
G1 X37.093 Y68.562
G0 F7200 X37.311 Y68.563
G0 X37.311 Y71.105
G0 X37.163 Y71.104
G1 F3000 X38.54 Y72.481 E2167.32182
G0 F7200 X38.54 Y72.773
G1 F3000 X37.164 Y74.149 E2167.37036
G1 X37.094 Y74.219
G0 F7200 X37.311 Y74.22
G0 X37.311 Y76.762
G0 X37.163 Y76.761
G1 F3000 X38.54 Y78.138 E2167.41894
G0 F7200 X38.54 Y78.429
G1 F3000 X37.164 Y79.805 E2167.46748
G1 X37.094 Y79.875
G0 F7200 X37.311 Y79.876
G0 X37.311 Y82.419
G0 X37.163 Y82.418
G1 F3000 X38.54 Y83.795 E2167.51606
G0 F7200 X38.54 Y84.086
G1 F3000 X37.164 Y85.462 E2167.5646
G1 X37.094 Y85.532
G0 F7200 X37.311 Y85.533
G0 X37.311 Y88.076
G0 X37.163 Y88.075
G1 F3000 X37.424 Y88.336 E2167.5738
G0 F7200 X37.424 Y88.19
G0 X39.947 Y88.19
G0 X39.947 Y88.337
G1 F3000 X41.323 Y86.96 E2167.62236
G0 F7200 X41.705 Y86.96
G1 F3000 X43.082 Y88.337 E2167.67094
G1 X43.152 Y88.407
G0 F7200 X43.152 Y88.19
G0 X45.603 Y88.19
G0 X45.603 Y88.337
G1 F3000 X46.98 Y86.96 E2167.71952
G0 F7200 X47.362 Y86.96
G1 F3000 X48.739 Y88.337 E2167.7681
G1 X48.809 Y88.407
G0 F7200 X48.809 Y88.19
G0 X51.259 Y88.19
G0 X51.259 Y88.338
G1 F3000 X52.637 Y86.96 E2167.81671
G0 F7200 X53.019 Y86.96
G1 F3000 X54.397 Y88.338 E2167.86532
G1 X54.467 Y88.408
G0 F7200 X54.467 Y88.19
G0 X56.915 Y88.19
G0 X56.915 Y88.339
G1 F3000 X58.294 Y86.96 E2167.91397
G0 F7200 X58.676 Y86.96
G1 F3000 X60.055 Y88.339 E2167.96262
G1 X60.125 Y88.409
G0 F7200 X60.125 Y88.19
G0 X62.571 Y88.19
G0 X62.571 Y88.34
G1 F3000 X62.84 Y88.071 E2167.97211
G0 F7200 X62.69 Y88.071
G0 X62.69 Y85.467
G0 X62.84 Y85.467
G1 F3000 X61.46 Y84.088 E2168.02077
G0 F7200 X61.46 Y83.794
G1 F3000 X62.84 Y82.414 E2168.06946
G1 X62.91 Y82.344
G0 F7200 X62.69 Y82.344
G0 X62.69 Y79.81
G0 X62.84 Y79.81
G1 F3000 X61.46 Y78.431 E2168.11812
G0 F7200 X61.46 Y78.137
G1 F3000 X62.84 Y76.757 E2168.16681
G1 X62.91 Y76.687
G0 F7200 X62.69 Y76.687
G0 X62.69 Y74.154
G0 X62.84 Y74.154
G1 F3000 X61.46 Y72.774 E2168.21549
G0 F7200 X61.46 Y72.48
G1 F3000 X62.84 Y71.1 E2168.26417
G1 X62.91 Y71.03
G0 F7200 X62.69 Y71.03
G0 X62.69 Y68.497
G0 X62.84 Y68.497
G1 F3000 X61.46 Y67.117 E2168.31285
G0 F7200 X61.46 Y66.823
G1 F3000 X62.84 Y65.443 E2168.36154
G1 X62.91 Y65.373
G0 F7200 X62.69 Y65.373
G0 X62.69 Y62.84
G0 X62.84 Y62.84
G1 F3000 X61.46 Y61.46 E2168.41022
G0 F7200 X61.46 Y61.166
G1 F3000 X62.84 Y59.787 E2168.45889
G1 X62.91 Y59.717
G0 F7200 X62.69 Y59.717
G0 X62.69 Y57.183
G0 X62.84 Y57.183
G1 F3000 X61.46 Y55.803 E2168.50757
G0 F7200 X61.46 Y55.509
G1 F3000 X62.84 Y54.13 E2168.55624
G1 X62.91 Y54.06
G0 F7200 X62.69 Y54.06
G0 X62.69 Y51.526
G0 X62.84 Y51.526
G1 F3000 X61.46 Y50.147 E2168.6049
G0 F7200 X61.46 Y49.852
G1 F3000 X62.84 Y48.473 E2168.65357
G1 X62.91 Y48.403
G0 F7200 X62.69 Y48.403
G0 X62.69 Y45.869
G0 X62.84 Y45.869
G1 F3000 X61.46 Y44.49 E2168.70223
G0 F7200 X61.46 Y44.196
G1 F3000 X62.84 Y42.816 E2168.75092
G1 X62.91 Y42.746
G0 F7200 X62.69 Y42.746
G0 X62.69 Y40.212
G0 X62.84 Y40.212
G1 F3000 X61.46 Y38.833 E2168.79958
G0 F7200 X61.46 Y38.539
G1 F3000 X62.84 Y37.159 E2168.84826
G1 X62.91 Y37.089
G0 F7200 X62.69 Y37.089
G0 X62.69 Y34.556
G0 X62.84 Y34.556
G1 F3000 X61.46 Y33.176 E2168.89695
G0 F7200 X61.46 Y32.882
G1 F3000 X62.84 Y31.502 E2168.94563
G1 X62.91 Y31.432
G0 F7200 X62.69 Y31.432
G0 X62.69 Y28.899
G0 X62.84 Y28.899
G1 F3000 X61.46 Y27.519 E2168.99431
G0 F7200 X61.46 Y27.225
G1 F3000 X62.84 Y25.845 E2169.043
G1 X62.91 Y25.775
G0 F7200 X62.69 Y25.775
G0 X62.69 Y23.242
G0 X62.84 Y23.242
G1 F3000 X61.46 Y21.862 E2169.09168
G0 F7200 X61.46 Y21.568
G1 F3000 X62.84 Y20.189 E2169.14035
G1 X62.91 Y20.119
G0 F7200 X62.69 Y20.119
G0 X62.69 Y17.585
G0 X62.84 Y17.585
G1 F3000 X61.46 Y16.205 E2169.18903
G0 F7200 X61.46 Y15.911
G1 F3000 X62.84 Y14.532 E2169.2377
G1 X62.91 Y14.462
G0 F7200 X62.69 Y14.462
G0 X62.69 Y11.928
G0 X62.84 Y11.928
G1 F3000 X62.573 Y11.661 E2169.24711
G0 F7200 X62.572 Y11.812
G0 X60.054 Y11.811
G0 X60.055 Y11.66
G1 F3000 X58.86 Y12.854 E2169.28925
G1 X58.79 Y12.924
G0 F7200 X59.01 Y12.924
G0 X61.538 Y12.962
G0 X61.61 Y86.625
G0 X61.125 Y86.625
;TYPE:WALL-INNER
G1 F2400 X60.939 Y86.751 E2169.29486
G1 X60.774 Y86.8 E2169.29915
G1 X39.3 Y86.8 E2169.83482
G1 X39.061 Y86.751 E2169.84091
G1 X38.875 Y86.625 E2169.84651
G1 X38.749 Y86.439 E2169.85212
G1 X38.7 Y86.274 E2169.85641
G1 X38.7 Y13.8 E2171.66428
G1 X38.749 Y13.561 E2171.67037
G1 X38.875 Y13.375 E2171.67597
G1 X39.061 Y13.249 E2171.68158
G1 X39.226 Y13.2 E2171.68587
G1 X41.3 Y13.2 E2171.73761
G1 X41.3 Y11.5 E2171.78001
G1 X37.138 Y11.5 E2171.88383
G1 X37.042 Y11.552 E2171.88656
G1 X37 Y11.643 E2171.88906
G1 X37 Y88.339 E2173.80225
G1 X37.037 Y88.442 E2173.80498
G1 X37.159 Y88.5 E2173.80835
G1 X62.827 Y88.5 E2174.44864
G1 X62.941 Y88.449 E2174.45175
G1 X63 Y88.353 E2174.45456
G1 X63 Y11.647 E2176.368
G1 X62.855 Y11.5 E2176.37315
G1 X58.7 Y11.5 E2176.4768
G1 X58.7 Y13.2 E2176.51921
G1 X60.7 Y13.2 E2176.5691
G1 X60.939 Y13.249 E2176.57518
G1 X61.125 Y13.375 E2176.58079
G1 X61.251 Y13.561 E2176.58639
G1 X61.3 Y13.8 E2176.59248
G1 X61.3 Y86.278 E2178.40045
G1 X61.251 Y86.439 E2178.40465
G1 X61.125 Y86.625 E2178.41025
G0 F7200 X60.898 Y86.235
;TYPE:WALL-OUTER
G1 F1200 X60.842 Y86.342 E2178.41326
G1 X60.735 Y86.397 E2178.41626
G1 X39.244 Y86.4 E2178.95236
G1 X39.158 Y86.342 E2178.95495
G1 X39.103 Y86.235 E2178.95795
G1 X39.1 Y13.744 E2180.76624
G1 X39.158 Y13.658 E2180.76883
G1 X39.265 Y13.603 E2180.77183
G1 X41.7 Y13.6 E2180.83257
G1 X41.7 Y11.1 E2180.89494
G1 X37.12 Y11.1 E2181.00918
G1 X36.807 Y11.223 E2181.01757
G1 X36.718 Y11.31 E2181.02068
G1 X36.6 Y11.599 E2181.02846
G1 X36.6 Y88.377 E2182.9437
G1 X36.706 Y88.674 E2182.95157
G1 X36.803 Y88.774 E2182.95504
G1 X37.069 Y88.9 E2182.96238
G1 X62.913 Y88.9 E2183.60706
G1 X63.188 Y88.776 E2183.61459
G1 X63.329 Y88.608 E2183.62006
G1 X63.4 Y88.429 E2183.62486
G1 X63.4 Y11.583 E2185.5418
G1 X63.363 Y11.465 E2185.54488
G1 X63.174 Y11.213 E2185.55274
G1 X62.901 Y11.1 E2185.56011
G1 X58.3 Y11.1 E2185.67488
G1 X58.3 Y13.6 E2185.73724
G1 X60.764 Y13.6 E2185.79871
G1 X60.9 Y13.736 E2185.80351
G1 X60.898 Y86.235 E2187.612
G0 F7200 X60.842 Y86.342
G0 X60.772 Y86.378
G0 X60.772 Y87.41
G1 F1500 E2181.112
G0 F7200 X54.49 Y86.63
G0 X54.49 Y85.535
G0 X54.46 Y78.56
G0 X54.397 Y77.47
G0 X54.502 Y77.13
;TYPE:FILL
G1 F1500 E2187.612
G1 F3000 X53.372 Y75.999 E2187.65188
G1 X53.302 Y75.929
G0 F7200 X53.523 Y75.986
G0 X54.725 Y76.923
G0 X54.84 Y77.209
;TYPE:WALL-INNER
G1 F2400 X55.086 Y77.072 E2187.65891
G1 X55.372 Y76.786 E2187.669
G1 X55.509 Y76.54 E2187.67602
G1 X55.584 Y76.245 E2187.68361
G1 X55.584 Y75.941 E2187.6912
G1 X55.54 Y75.738 E2187.69638
G1 X55.409 Y75.461 E2187.70402
G1 X55.214 Y75.225 E2187.71166
G1 X54.858 Y74.994 E2187.72224
G1 X54.543 Y74.912 E2187.73036
G1 X54.254 Y74.912 E2187.73757
G1 X53.956 Y74.99 E2187.74526
G1 X53.708 Y75.126 E2187.75231
G1 X53.426 Y75.408 E2187.76226
G1 X53.29 Y75.656 E2187.76932
G1 X53.212 Y75.953 E2187.77698
G1 X53.212 Y76.239 E2187.78411
G1 X53.321 Y76.615 E2187.79388
G1 X53.475 Y76.859 E2187.80107
G1 X53.825 Y77.151 E2187.81244
G1 X54.097 Y77.254 E2187.8197
G1 X54.406 Y77.297 E2187.82748
G1 X54.84 Y77.209 E2187.83853
G0 F7200 X54.989 Y77.584
;TYPE:WALL-OUTER
G1 F1200 X55.33 Y77.394 E2187.84827
G1 X55.694 Y77.03 E2187.86111
G1 X55.884 Y76.689 E2187.87084
G1 X55.984 Y76.295 E2187.88098
G1 X55.984 Y75.898 E2187.89089
G1 X55.921 Y75.609 E2187.89827
G1 X55.749 Y75.245 E2187.90831
G1 X55.49 Y74.931 E2187.91846
G1 X54.998 Y74.617 E2187.93302
G1 X54.594 Y74.512 E2187.94343
G1 X54.202 Y74.512 E2187.95321
G1 X53.807 Y74.616 E2187.9634
G1 X53.466 Y74.802 E2187.97309
G1 X53.102 Y75.166 E2187.98593
G1 X52.916 Y75.507 E2187.99562
G1 X52.812 Y75.902 E2188.00581
G1 X52.812 Y76.295 E2188.01561
G1 X52.953 Y76.781 E2188.02824
G1 X53.164 Y77.115 E2188.03809
G1 X53.463 Y77.396 E2188.04833
G1 X53.646 Y77.511 E2188.05372
G1 X53.998 Y77.644 E2188.06311
G1 X54.392 Y77.699 E2188.07303
G1 X54.989 Y77.584 E2188.0882
G0 F7200 X55.163 Y77.487
G0 X54.68 Y76.604
G1 F1500 E2181.5882
G0 F7200 X53.044 Y76.02
G0 X51.949 Y76.02
G0 X48.051 Y76.02
G0 X46.956 Y76.02
G0 X46.607 Y76.02
;TYPE:FILL
G1 F1500 E2188.0882
G1 F3000 X45.502 Y77.124 E2188.12716
G1 X45.432 Y77.194
G0 F7200 X46.04 Y77.209
;TYPE:WALL-INNER
G1 F2400 X46.286 Y77.072 E2188.13418
G1 X46.572 Y76.786 E2188.14427
G1 X46.709 Y76.54 E2188.1513
G1 X46.784 Y76.245 E2188.15889
G1 X46.784 Y75.941 E2188.16647
G1 X46.74 Y75.738 E2188.17165
G1 X46.609 Y75.461 E2188.1793
G1 X46.414 Y75.225 E2188.18693
G1 X46.058 Y74.994 E2188.19752
G1 X45.743 Y74.912 E2188.20564
G1 X45.454 Y74.912 E2188.21285
G1 X45.156 Y74.99 E2188.22053
G1 X44.908 Y75.126 E2188.22759
G1 X44.626 Y75.408 E2188.23754
G1 X44.49 Y75.656 E2188.24459
G1 X44.412 Y75.954 E2188.25228
G1 X44.412 Y76.242 E2188.25946
G1 X44.491 Y76.541 E2188.26718
G1 X44.635 Y76.806 E2188.2747
G1 X44.777 Y76.967 E2188.28005
G1 X45.138 Y77.201 E2188.29079
G1 X45.453 Y77.284 E2188.29891
G1 X45.745 Y77.284 E2188.3062
G1 X46.04 Y77.209 E2188.31379
G0 F7200 X46.189 Y77.584
;TYPE:WALL-OUTER
G1 F1200 X46.53 Y77.394 E2188.32353
G1 X46.894 Y77.03 E2188.33637
G1 X47.084 Y76.689 E2188.34611
G1 X47.184 Y76.295 E2188.35625
G1 X47.184 Y75.898 E2188.36615
G1 X47.121 Y75.609 E2188.37353
G1 X46.949 Y75.245 E2188.38357
G1 X46.69 Y74.931 E2188.39372
G1 X46.198 Y74.617 E2188.40828
G1 X45.794 Y74.512 E2188.41869
G1 X45.402 Y74.512 E2188.42847
G1 X45.007 Y74.616 E2188.43866
G1 X44.666 Y74.802 E2188.44835
G1 X44.302 Y75.166 E2188.46119
G1 X44.116 Y75.507 E2188.47088
G1 X44.012 Y75.902 E2188.48107
G1 X44.012 Y76.294 E2188.49085
G1 X44.116 Y76.689 E2188.50104
G1 X44.305 Y77.036 E2188.5109
G1 X44.505 Y77.263 E2188.51844
G1 X44.808 Y77.487 E2188.52784
G1 X45.001 Y77.579 E2188.53318
G1 X45.402 Y77.684 E2188.54352
G1 X45.795 Y77.684 E2188.55332
G1 X46.189 Y77.584 E2188.56346
G0 F7200 X46.363 Y77.487
G0 X45.877 Y76.605
G1 F1500 E2182.06346
;MESH:NONMESH
G0 F600 Z4.385
G0 F7200 X45.428 Y74.743
G0 X45.157 Y73.684
G0 X39.965 Y74.743
G0 X38.87 Y74.743
G0 X37.312 Y11.928
G0 X37.161 Y11.927
;TIME_ELAPSED:4821.362030
;LAYER:21
;TYPE:FILL
;MESH:luckfox_top.stl
G1 F1500 E2188.56346
G1 F3000 X37.428 Y11.659 E2188.5729
G0 F7200 X37.428 Y11.811
G0 X39.944 Y11.811
G0 X39.944 Y11.66
G1 F3000 X41.14 Y12.856 E2188.61509
G1 X41.21 Y12.926
G0 F7200 X40.99 Y12.926
G0 X38.462 Y12.962
G0 X38.39 Y15.913
G0 X38.54 Y15.913
G1 F3000 X37.16 Y14.532 E2188.66379
G1 X37.09 Y14.462
G0 F7200 X37.312 Y14.463
G0 X38.39 Y16.204
G0 X38.54 Y16.204
G1 F3000 X37.161 Y17.584 E2188.71245
G1 X37.091 Y17.654
G0 F7200 X37.312 Y17.655
G0 X37.312 Y20.19
G0 X37.16 Y20.189
G1 F3000 X38.54 Y21.57 E2188.76116
G0 F7200 X38.54 Y21.861
G1 F3000 X37.161 Y23.24 E2188.8098
G1 X37.091 Y23.31
G0 F7200 X37.312 Y23.311
G0 X37.312 Y25.847
G0 X37.16 Y25.846
G1 F3000 X38.54 Y27.226 E2188.85849
G0 F7200 X38.54 Y27.518
G1 F3000 X37.161 Y28.897 E2188.90713
G1 X37.091 Y28.967
G0 F7200 X37.312 Y28.968
G0 X37.312 Y31.504
G0 X37.16 Y31.503
G1 F3000 X38.54 Y32.883 E2188.95582
G0 F7200 X38.54 Y33.175
G1 F3000 X37.161 Y34.554 E2189.00447
G1 X37.091 Y34.624
G0 F7200 X37.312 Y34.625
G0 X37.312 Y37.161
G0 X37.16 Y37.16
G1 F3000 X38.54 Y38.54 E2189.05315
G0 F7200 X38.54 Y38.831
G1 F3000 X37.161 Y40.211 E2189.10181
G1 X37.091 Y40.281
G0 F7200 X37.312 Y40.282
G0 X37.312 Y42.818
G0 X37.16 Y42.817
G1 F3000 X38.54 Y44.197 E2189.1505
G0 F7200 X38.54 Y44.488
G1 F3000 X37.161 Y45.868 E2189.19916
G1 X37.091 Y45.938
G0 F7200 X37.312 Y45.939
G0 X37.312 Y48.475
G0 X37.16 Y48.474
G1 F3000 X38.54 Y49.854 E2189.24785
G0 F7200 X38.54 Y50.145
G1 F3000 X37.161 Y51.525 E2189.29651
G1 X37.091 Y51.595
G0 F7200 X37.311 Y51.596
G0 X37.311 Y54.131
G0 X37.16 Y54.13
G1 F3000 X38.54 Y55.511 E2189.34521
G0 F7200 X38.54 Y55.802
G1 F3000 X37.161 Y57.182 E2189.39388
G1 X37.091 Y57.252
G0 F7200 X37.311 Y57.253
G0 X37.311 Y59.788
G0 X37.16 Y59.787
G1 F3000 X38.54 Y61.168 E2189.44258
G0 F7200 X38.54 Y61.459
G1 F3000 X37.161 Y62.838 E2189.49123
G1 X37.091 Y62.908
G0 F7200 X37.311 Y62.909
G0 X37.311 Y65.445
G0 X37.16 Y65.444
G1 F3000 X38.54 Y66.824 E2189.53991
G0 F7200 X38.54 Y67.116
G1 F3000 X37.161 Y68.495 E2189.58856
G1 X37.091 Y68.565
G0 F7200 X37.311 Y68.566
G0 X37.311 Y71.102
G0 X37.16 Y71.101
G1 F3000 X38.54 Y72.481 E2189.63724
G0 F7200 X38.54 Y72.773
G1 F3000 X37.161 Y74.152 E2189.68589
G1 X37.091 Y74.222
G0 F7200 X37.311 Y74.223
G0 X37.311 Y76.759
G0 X37.16 Y76.758
G1 F3000 X38.54 Y78.138 E2189.73457
G0 F7200 X38.54 Y78.429
G1 F3000 X37.161 Y79.809 E2189.78324
G1 X37.091 Y79.879
G0 F7200 X37.311 Y79.88
G0 X37.311 Y82.416
G0 X37.16 Y82.415
G1 F3000 X38.54 Y83.795 E2189.83192
G0 F7200 X38.54 Y84.086
G1 F3000 X37.161 Y85.466 E2189.88059
G1 X37.091 Y85.536
G0 F7200 X37.311 Y85.537
G0 X37.311 Y88.073
G0 X37.16 Y88.072
G1 F3000 X37.422 Y88.334 E2189.88983
G0 F7200 X37.422 Y88.19
G0 X39.949 Y88.19
G0 X39.949 Y88.335
G1 F3000 X41.323 Y86.96 E2189.93832
G0 F7200 X41.705 Y86.96
G1 F3000 X43.08 Y88.335 E2189.98683
G1 X43.15 Y88.405
G0 F7200 X43.15 Y88.19
G0 X45.604 Y88.19
G0 X45.604 Y88.336
G1 F3000 X46.98 Y86.96 E2190.03537
G0 F7200 X47.362 Y86.96
G1 F3000 X48.738 Y88.336 E2190.08391
G1 X48.808 Y88.406
G0 F7200 X48.808 Y88.19
G0 X51.26 Y88.19
G0 X51.26 Y88.337
G1 F3000 X52.637 Y86.96 E2190.13249
G0 F7200 X53.019 Y86.96
G1 F3000 X54.396 Y88.337 E2190.18107
G1 X54.466 Y88.407
G0 F7200 X54.466 Y88.19
G0 X56.916 Y88.19
G0 X56.916 Y88.338
G1 F3000 X58.294 Y86.96 E2190.22968
G0 F7200 X58.676 Y86.96
G1 F3000 X60.054 Y88.338 E2190.27829
G1 X60.124 Y88.408
G0 F7200 X60.124 Y88.19
G0 X62.572 Y88.19
G0 X62.572 Y88.339
G1 F3000 X62.835 Y88.076 E2190.28757
G0 F7200 X62.69 Y88.076
G0 X62.69 Y85.463
G0 X62.836 Y85.463
G1 F3000 X61.46 Y84.088 E2190.33609
G0 F7200 X61.46 Y83.794
G1 F3000 X62.835 Y82.419 E2190.3846
G1 X62.905 Y82.349
G0 F7200 X62.69 Y82.349
G0 X62.69 Y79.806
G0 X62.836 Y79.806
G1 F3000 X61.46 Y78.431 E2190.43312
G0 F7200 X61.46 Y78.137
G1 F3000 X62.836 Y76.761 E2190.48167
G1 X62.906 Y76.691
G0 F7200 X62.69 Y76.691
G0 X62.69 Y74.15
G0 X62.836 Y74.15
G1 F3000 X61.46 Y72.774 E2190.53021
G0 F7200 X61.46 Y72.48
G1 F3000 X62.836 Y71.105 E2190.57873
G1 X62.906 Y71.035
G0 F7200 X62.69 Y71.035
G0 X62.69 Y68.493
G0 X62.836 Y68.493
G1 F3000 X61.46 Y67.117 E2190.62728
G0 F7200 X61.46 Y66.823
G1 F3000 X62.836 Y65.447 E2190.67582
G1 X62.906 Y65.377
G0 F7200 X62.69 Y65.377
G0 X62.69 Y62.837
G0 X62.837 Y62.837
G1 F3000 X61.46 Y61.46 E2190.72439
G0 F7200 X61.46 Y61.166
G1 F3000 X62.836 Y59.79 E2190.77294
G1 X62.906 Y59.72
G0 F7200 X62.69 Y59.72
G0 X62.69 Y57.18
G0 X62.837 Y57.18
G1 F3000 X61.46 Y55.803 E2190.82151
G0 F7200 X61.46 Y55.509
G1 F3000 X62.837 Y54.133 E2190.87007
G1 X62.907 Y54.063
G0 F7200 X62.69 Y54.063
G0 X62.69 Y51.524
G0 X62.838 Y51.524
G1 F3000 X61.46 Y50.147 E2190.91867
G0 F7200 X61.46 Y49.852
G1 F3000 X62.837 Y48.476 E2190.96723
G1 X62.907 Y48.406
G0 F7200 X62.69 Y48.406
G0 X62.69 Y45.867
G0 X62.838 Y45.867
G1 F3000 X61.46 Y44.49 E2191.01582
G0 F7200 X61.46 Y44.196
G1 F3000 X62.838 Y42.818 E2191.06444
G1 X62.908 Y42.748
G0 F7200 X62.69 Y42.748
G0 X62.69 Y40.211
G0 X62.838 Y40.211
G1 F3000 X61.46 Y38.833 E2191.11305
G0 F7200 X61.46 Y38.539
G1 F3000 X62.838 Y37.161 E2191.16166
G1 X62.908 Y37.091
G0 F7200 X62.69 Y37.091
G0 X62.69 Y34.554
G0 X62.838 Y34.554
G1 F3000 X61.46 Y33.176 E2191.21027
G0 F7200 X61.46 Y32.882
G1 F3000 X62.838 Y31.504 E2191.25889
G1 X62.908 Y31.434
G0 F7200 X62.69 Y31.434
G0 X62.69 Y28.898
G0 X62.839 Y28.898
G1 F3000 X61.46 Y27.519 E2191.30754
G0 F7200 X61.46 Y27.225
G1 F3000 X62.838 Y25.847 E2191.35615
G1 X62.908 Y25.777
G0 F7200 X62.69 Y25.777
G0 X62.69 Y23.241
G0 X62.839 Y23.241
G1 F3000 X61.46 Y21.862 E2191.4048
G0 F7200 X61.46 Y21.568
G1 F3000 X62.839 Y20.189 E2191.45344
G1 X62.909 Y20.119
G0 F7200 X62.69 Y20.119
G0 X62.69 Y17.585
G0 X62.84 Y17.585
G1 F3000 X61.46 Y16.205 E2191.50213
G0 F7200 X61.46 Y15.911
G1 F3000 X62.839 Y14.532 E2191.55077
G1 X62.909 Y14.462
G0 F7200 X62.69 Y14.462
G0 X62.69 Y11.928
G0 X62.84 Y11.928
G1 F3000 X62.578 Y11.667 E2191.56
G0 F7200 X62.577 Y11.812
G0 X60.052 Y11.811
G0 X60.053 Y11.662
G1 F3000 X58.86 Y12.854 E2191.60207
G1 X58.79 Y12.924
G0 F7200 X59.01 Y12.924
G0 X61.538 Y12.962
G0 X61.61 Y86.625
G0 X61.125 Y86.625
;TYPE:WALL-INNER
G1 F2400 X60.939 Y86.751 E2191.60767
G1 X60.774 Y86.8 E2191.61197
G1 X39.3 Y86.8 E2192.14764
G1 X39.061 Y86.751 E2192.15372
G1 X38.875 Y86.625 E2192.15933
G1 X38.749 Y86.439 E2192.16493
G1 X38.7 Y86.274 E2192.16923
G1 X38.7 Y13.8 E2193.9771
G1 X38.749 Y13.561 E2193.98318
G1 X38.875 Y13.375 E2193.98879
G1 X39.061 Y13.249 E2193.99439
G1 X39.226 Y13.2 E2193.99868
G1 X41.3 Y13.2 E2194.05042
G1 X41.3 Y11.5 E2194.09283
G1 X37.2 Y11.5 E2194.1951
G1 X37.049 Y11.549 E2194.19906
G1 X37 Y11.659 E2194.20207
G1 X37.006 Y88.366 E2196.11553
G1 X37.052 Y88.444 E2196.11779
G1 X37.197 Y88.5 E2196.12167
G1 X62.849 Y88.5 E2196.76156
G1 X62.973 Y88.415 E2196.76531
G1 X63 Y88.303 E2196.76818
G1 X63 Y11.613 E2198.68122
G1 X62.863 Y11.5 E2198.68565
G1 X58.7 Y11.5 E2198.7895
G1 X58.7 Y13.2 E2198.83191
G1 X60.7 Y13.2 E2198.8818
G1 X60.939 Y13.249 E2198.88788
G1 X61.125 Y13.375 E2198.89349
G1 X61.251 Y13.561 E2198.89909
G1 X61.3 Y13.8 E2198.90518
G1 X61.3 Y86.278 E2200.71315
G1 X61.251 Y86.439 E2200.71734
G1 X61.125 Y86.625 E2200.72295
G0 F7200 X60.898 Y86.235
;TYPE:WALL-OUTER
G1 F1200 X60.842 Y86.342 E2200.72596
G1 X60.735 Y86.397 E2200.72896
G1 X39.244 Y86.4 E2201.26506
G1 X39.158 Y86.342 E2201.26765
G1 X39.103 Y86.235 E2201.27065
G1 X39.1 Y13.744 E2203.07894
G1 X39.158 Y13.658 E2203.08153
G1 X39.265 Y13.603 E2203.08453
G1 X41.7 Y13.6 E2203.14527
G1 X41.7 Y11.1 E2203.20763
G1 X37.136 Y11.1 E2203.32148
G1 X36.849 Y11.194 E2203.32902
G1 X36.653 Y11.414 E2203.33637
G1 X36.6 Y11.604 E2203.34129
G1 X36.6 Y88.463 E2205.25854
G1 X36.751 Y88.724 E2205.26607
G1 X36.934 Y88.849 E2205.27159
G1 X37.151 Y88.9 E2205.27715
G1 X62.92 Y88.9 E2205.91996
G1 X63.104 Y88.833 E2205.92485
G1 X63.301 Y88.66 E2205.93139
G1 X63.4 Y88.349 E2205.93953
G1 X63.4 Y11.656 E2207.85265
G1 X63.371 Y11.481 E2207.85707
G1 X63.297 Y11.341 E2207.86102
G1 X63.068 Y11.15 E2207.86846
G1 X62.892 Y11.1 E2207.87302
G1 X58.3 Y11.1 E2207.98757
G1 X58.3 Y13.6 E2208.04993
G1 X60.764 Y13.6 E2208.1114
G1 X60.9 Y13.736 E2208.1162
G1 X60.898 Y86.235 E2209.92469
G0 F7200 X60.842 Y86.342
G0 X60.772 Y86.378
G0 X60.772 Y87.41
G1 F1500 E2203.42469
G0 F7200 X54.497 Y86.63
G0 X54.497 Y85.535
G0 X54.497 Y78.551
G0 X54.497 Y77.456
G0 X54.497 Y77.124
;TYPE:FILL
G1 F1500 E2209.92469
G1 F3000 X53.377 Y76.005 E2209.96418
G1 X53.307 Y75.935
G0 F7200 X53.527 Y75.972
G0 X54.789 Y76.892
G0 X54.915 Y77.175
;TYPE:WALL-INNER
G1 F2400 X55.157 Y77.022 E2209.97133
G1 X55.367 Y76.796 E2209.97902
G1 X55.51 Y76.54 E2209.98634
G1 X55.582 Y76.257 E2209.99362
G1 X55.571 Y75.869 E2210.0033
G1 X55.477 Y75.586 E2210.01074
G1 X55.322 Y75.338 E2210.01804
G1 X55.098 Y75.131 E2210.02565
G1 X54.841 Y74.991 E2210.03295
G1 X54.542 Y74.913 E2210.04065
G1 X54.258 Y74.913 E2210.04774
G1 X53.881 Y75.021 E2210.05752
G1 X53.639 Y75.174 E2210.06466
G1 X53.431 Y75.398 E2210.07229
G1 X53.29 Y75.655 E2210.0796
G1 X53.215 Y75.943 E2210.08702
G1 X53.229 Y76.327 E2210.09661
G1 X53.321 Y76.612 E2210.10408
G1 X53.476 Y76.859 E2210.11135
G1 X53.696 Y77.066 E2210.11889
G1 X53.954 Y77.208 E2210.12624
G1 X54.251 Y77.284 E2210.13388
G1 X54.538 Y77.284 E2210.14104
G1 X54.915 Y77.175 E2210.15083
G0 F7200 X55.081 Y77.543
;TYPE:WALL-OUTER
G1 F1200 X55.415 Y77.332 E2210.16069
G1 X55.693 Y77.033 E2210.17087
G1 X55.884 Y76.689 E2210.18069
G1 X55.983 Y76.301 E2210.19068
G1 X55.969 Y75.799 E2210.2032
G1 X55.841 Y75.414 E2210.21332
G1 X55.632 Y75.081 E2210.22313
G1 X55.334 Y74.804 E2210.23328
G1 X54.989 Y74.616 E2210.24308
G1 X54.594 Y74.513 E2210.25326
G1 X54.201 Y74.513 E2210.26307
G1 X53.715 Y74.653 E2210.27568
G1 X53.381 Y74.864 E2210.28554
G1 X53.104 Y75.162 E2210.29569
G1 X52.916 Y75.507 E2210.30549
G1 X52.813 Y75.899 E2210.3156
G1 X52.831 Y76.397 E2210.32803
G1 X52.955 Y76.782 E2210.33812
G1 X53.164 Y77.115 E2210.34793
G1 X53.459 Y77.392 E2210.35802
G1 X53.806 Y77.584 E2210.36791
G1 X54.201 Y77.684 E2210.37808
G1 X54.595 Y77.684 E2210.38791
G1 X55.081 Y77.543 E2210.40053
G0 F7200 X55.25 Y77.437
G0 X54.711 Y76.586
G1 F1500 E2203.90053
G0 F7200 X53.045 Y75.921
G0 X51.951 Y75.957
G0 X48.043 Y76.075
G0 X46.968 Y76.11
G0 X46.615 Y76.012
;TYPE:FILL
G1 F1500 E2210.40053
G1 F3000 X45.502 Y77.124 E2210.43978
G1 X45.432 Y77.194
G0 F7200 X46.357 Y77.022
;TYPE:WALL-INNER
G1 F2400 X46.567 Y76.796 E2210.44747
G1 X46.71 Y76.54 E2210.45479
G1 X46.782 Y76.257 E2210.46207
G1 X46.771 Y75.869 E2210.47175
G1 X46.677 Y75.586 E2210.47919
G1 X46.522 Y75.338 E2210.48649
G1 X46.298 Y75.131 E2210.4941
G1 X46.041 Y74.991 E2210.5014
G1 X45.742 Y74.913 E2210.5091
G1 X45.458 Y74.913 E2210.51619
G1 X45.081 Y75.021 E2210.52597
G1 X44.839 Y75.174 E2210.53311
G1 X44.629 Y75.4 E2210.54081
G1 X44.492 Y75.646 E2210.54783
G1 X44.403 Y76.064 E2210.55849
G1 X44.491 Y76.542 E2210.57062
G1 X44.636 Y76.81 E2210.57822
G1 X44.972 Y77.116 E2210.58956
G1 X45.147 Y77.207 E2210.59448
G1 X45.451 Y77.284 E2210.6023
G1 X45.738 Y77.284 E2210.60946
G1 X46.115 Y77.175 E2210.61925
G1 X46.357 Y77.022 E2210.62639
G0 F7200 X46.281 Y77.543
;TYPE:WALL-OUTER
G1 F1200 X46.615 Y77.332 E2210.63624
G1 X46.893 Y77.033 E2210.64643
G1 X47.084 Y76.689 E2210.65624
G1 X47.183 Y76.301 E2210.66623
G1 X47.169 Y75.799 E2210.67876
G1 X47.041 Y75.414 E2210.68888
G1 X46.832 Y75.081 E2210.69869
G1 X46.534 Y74.804 E2210.70884
G1 X46.189 Y74.616 E2210.71864
G1 X45.794 Y74.513 E2210.72882
G1 X45.401 Y74.513 E2210.73862
G1 X44.915 Y74.653 E2210.75124
G1 X44.581 Y74.864 E2210.7611
G1 X44.303 Y75.163 E2210.77128
G1 X44.114 Y75.504 E2210.781
G1 X44.001 Y76.03 E2210.79443
G1 X44.011 Y76.29 E2210.80092
G1 X44.116 Y76.69 E2210.81123
G1 X44.43 Y77.189 E2210.82594
G1 X44.751 Y77.452 E2210.83629
G1 X45.004 Y77.583 E2210.8434
G1 X45.401 Y77.684 E2210.85362
G1 X45.795 Y77.684 E2210.86344
G1 X46.281 Y77.543 E2210.87607
G0 F7200 X46.45 Y77.437
G0 X45.911 Y76.586
G1 F1500 E2204.37607
;MESH:NONMESH
G0 F600 Z4.535
G0 F7200 X45.434 Y74.743
G0 X45.128 Y73.694
G0 X39.965 Y74.743
G0 X38.87 Y74.743
G0 X37.312 Y11.928
G0 X37.16 Y11.927
;TIME_ELAPSED:4859.446859
;LAYER:22
;TYPE:FILL
;MESH:luckfox_top.stl
G1 F1500 E2210.87607
G1 F3000 X37.428 Y11.659 E2210.88552
G0 F7200 X37.428 Y11.811
G0 X39.944 Y11.811
G0 X39.944 Y11.659
G1 F3000 X41.14 Y12.856 E2210.92773
G1 X41.21 Y12.926
G0 F7200 X40.99 Y12.926
G0 X38.462 Y12.962
G0 X38.39 Y15.913
G0 X38.54 Y15.913
G1 F3000 X37.159 Y14.532 E2210.97645
G1 X37.089 Y14.462
G0 F7200 X37.311 Y14.462
G0 X38.39 Y16.204
G0 X38.54 Y16.204
G1 F3000 X37.16 Y17.584 E2211.02513
G1 X37.09 Y17.654
G0 F7200 X37.311 Y17.654
G0 X37.311 Y20.189
G0 X37.159 Y20.189
G1 F3000 X38.54 Y21.57 E2211.07385
G0 F7200 X38.54 Y21.861
G1 F3000 X37.16 Y23.241 E2211.12254
G1 X37.09 Y23.311
G0 F7200 X37.311 Y23.311
G0 X37.311 Y25.845
G0 X37.159 Y25.845
G1 F3000 X38.54 Y27.226 E2211.17125
G0 F7200 X38.54 Y27.518
G1 F3000 X37.16 Y28.898 E2211.21994
G1 X37.09 Y28.968
G0 F7200 X37.311 Y28.968
G0 X37.311 Y31.502
G0 X37.159 Y31.502
G1 F3000 X38.54 Y32.883 E2211.26866
G0 F7200 X38.54 Y33.175
G1 F3000 X37.16 Y34.555 E2211.31734
G1 X37.09 Y34.625
G0 F7200 X37.311 Y34.625
G0 X37.311 Y37.159
G0 X37.159 Y37.159
G1 F3000 X38.54 Y38.54 E2211.36606
G0 F7200 X38.54 Y38.831
G1 F3000 X37.16 Y40.212 E2211.41476
G1 X37.09 Y40.282
G0 F7200 X37.311 Y40.282
G0 X37.311 Y42.816
G0 X37.159 Y42.816
G1 F3000 X38.54 Y44.197 E2211.46348
G0 F7200 X38.54 Y44.488
G1 F3000 X37.16 Y45.869 E2211.51218
G1 X37.09 Y45.939
G0 F7200 X37.311 Y45.939
G0 X37.311 Y48.473
G0 X37.159 Y48.473
G1 F3000 X38.54 Y49.854 E2211.5609
G0 F7200 X38.54 Y50.145
G1 F3000 X37.16 Y51.525 E2211.60958
G1 X37.09 Y51.595
G0 F7200 X37.311 Y51.595
G0 X37.311 Y54.13
G0 X37.159 Y54.13
G1 F3000 X38.54 Y55.511 E2211.6583
G0 F7200 X38.54 Y55.802
G1 F3000 X37.16 Y57.182 E2211.70698
G1 X37.09 Y57.252
G0 F7200 X37.311 Y57.252
G0 X37.311 Y59.787
G0 X37.159 Y59.787
G1 F3000 X38.54 Y61.168 E2211.7557
G0 F7200 X38.54 Y61.459
G1 F3000 X37.16 Y62.839 E2211.80438
G1 X37.09 Y62.909
G0 F7200 X37.311 Y62.909
G0 X37.311 Y65.443
G0 X37.159 Y65.443
G1 F3000 X38.54 Y66.824 E2211.8531
G0 F7200 X38.54 Y67.116
G1 F3000 X37.16 Y68.496 E2211.90178
G1 X37.09 Y68.566
G0 F7200 X37.311 Y68.566
G0 X37.311 Y71.1
G0 X37.159 Y71.1
G1 F3000 X38.54 Y72.481 E2211.9505
G0 F7200 X38.54 Y72.773
G1 F3000 X37.16 Y74.153 E2211.99919
G1 X37.09 Y74.223
G0 F7200 X37.311 Y74.223
G0 X37.311 Y76.757
G0 X37.159 Y76.757
G1 F3000 X38.54 Y78.138 E2212.0479
G0 F7200 X38.54 Y78.429
G1 F3000 X37.16 Y79.81 E2212.09661
G1 X37.09 Y79.88
G0 F7200 X37.311 Y79.88
G0 X37.311 Y82.414
G0 X37.159 Y82.414
G1 F3000 X38.54 Y83.795 E2212.14532
G0 F7200 X38.54 Y84.086
G1 F3000 X37.16 Y85.467 E2212.19403
G1 X37.09 Y85.537
G0 F7200 X37.311 Y85.537
G0 X37.311 Y88.071
G0 X37.159 Y88.071
G1 F3000 X37.428 Y88.34 E2212.20351
G0 F7200 X37.428 Y88.19
G0 X39.943 Y88.19
G0 X39.943 Y88.34
G1 F3000 X41.323 Y86.96 E2212.2522
G0 F7200 X41.705 Y86.96
G1 F3000 X43.085 Y88.34 E2212.30088
G1 X43.155 Y88.41
G0 F7200 X43.155 Y88.19
G0 X45.6 Y88.19
G0 X45.6 Y88.34
G1 F3000 X46.98 Y86.96 E2212.34956
G0 F7200 X47.362 Y86.96
G1 F3000 X48.742 Y88.34 E2212.39825
G1 X48.812 Y88.41
G0 F7200 X48.812 Y88.19
G0 X51.257 Y88.19
G0 X51.257 Y88.34
G1 F3000 X52.637 Y86.96 E2212.44693
G0 F7200 X53.019 Y86.96
G1 F3000 X54.398 Y88.34 E2212.4956
G1 X54.468 Y88.41
G0 F7200 X54.468 Y88.19
G0 X56.914 Y88.19
G0 X56.914 Y88.34
G1 F3000 X58.294 Y86.96 E2212.54428
G0 F7200 X58.676 Y86.96
G1 F3000 X60.055 Y88.34 E2212.59295
G1 X60.125 Y88.41
G0 F7200 X60.125 Y88.19
G0 X62.57 Y88.19
G0 X62.57 Y88.34
G1 F3000 X62.839 Y88.072 E2212.60242
G0 F7200 X62.69 Y88.072
G0 X62.69 Y85.467
G0 X62.84 Y85.467
G1 F3000 X61.46 Y84.088 E2212.65108
G0 F7200 X61.46 Y83.794
G1 F3000 X62.839 Y82.415 E2212.69973
G1 X62.909 Y82.345
G0 F7200 X62.69 Y82.345
G0 X62.69 Y79.81
G0 X62.84 Y79.81
G1 F3000 X61.46 Y78.431 E2212.7484
G0 F7200 X61.46 Y78.137
G1 F3000 X62.839 Y76.758 E2212.79704
G1 X62.909 Y76.688
G0 F7200 X62.69 Y76.688
G0 X62.69 Y74.153
G0 X62.839 Y74.153
G1 F3000 X61.46 Y72.774 E2212.84569
G0 F7200 X61.46 Y72.48
G1 F3000 X62.838 Y71.102 E2212.89431
G1 X62.908 Y71.032
G0 F7200 X62.69 Y71.032
G0 X62.69 Y68.496
G0 X62.839 Y68.496
G1 F3000 X61.46 Y67.117 E2212.94295
G0 F7200 X61.46 Y66.823
G1 F3000 X62.838 Y65.445 E2212.99157
G1 X62.908 Y65.375
G0 F7200 X62.69 Y65.375
G0 X62.69 Y62.839
G0 X62.839 Y62.839
G1 F3000 X61.46 Y61.46 E2213.04021
G0 F7200 X61.46 Y61.166
G1 F3000 X62.838 Y59.789 E2213.08881
G1 X62.908 Y59.719
G0 F7200 X62.69 Y59.719
G0 X62.69 Y57.182
G0 X62.838 Y57.182
G1 F3000 X61.46 Y55.803 E2213.13744
G0 F7200 X61.46 Y55.509
G1 F3000 X62.838 Y54.132 E2213.18603
G1 X62.908 Y54.062
G0 F7200 X62.69 Y54.062
G0 X62.69 Y51.525
G0 X62.838 Y51.525
G1 F3000 X61.46 Y50.147 E2213.23465
G0 F7200 X61.46 Y49.852
G1 F3000 X62.837 Y48.476 E2213.28321
G1 X62.907 Y48.406
G0 F7200 X62.69 Y48.406
G0 X62.69 Y45.867
G0 X62.838 Y45.867
G1 F3000 X61.46 Y44.49 E2213.3318
G0 F7200 X61.46 Y44.196
G1 F3000 X62.837 Y42.819 E2213.38038
G1 X62.907 Y42.749
G0 F7200 X62.69 Y42.749
G0 X62.69 Y40.21
G0 X62.838 Y40.21
G1 F3000 X61.46 Y38.833 E2213.42897
G0 F7200 X61.46 Y38.539
G1 F3000 X62.836 Y37.163 E2213.47752
G1 X62.906 Y37.093
G0 F7200 X62.69 Y37.093
G0 X62.69 Y34.553
G0 X62.837 Y34.553
G1 F3000 X61.46 Y33.176 E2213.52609
G0 F7200 X61.46 Y32.882
G1 F3000 X62.836 Y31.506 E2213.57464
G1 X62.906 Y31.436
G0 F7200 X62.69 Y31.436
G0 X62.69 Y28.896
G0 X62.837 Y28.896
G1 F3000 X61.46 Y27.519 E2213.62321
G0 F7200 X61.46 Y27.225
G1 F3000 X62.836 Y25.849 E2213.67176
G1 X62.906 Y25.779
G0 F7200 X62.69 Y25.779
G0 X62.69 Y23.238
G0 X62.836 Y23.238
G1 F3000 X61.46 Y21.862 E2213.7203
G0 F7200 X61.46 Y21.568
G1 F3000 X62.836 Y20.193 E2213.76882
G1 X62.906 Y20.123
G0 F7200 X62.69 Y20.123
G0 X62.69 Y17.582
G0 X62.836 Y17.582
G1 F3000 X61.46 Y16.205 E2213.81738
G0 F7200 X61.46 Y15.911
G1 F3000 X62.836 Y14.536 E2213.86591
G1 X62.906 Y14.466
G0 F7200 X62.69 Y14.466
G0 X62.69 Y11.925
G0 X62.836 Y11.925
G1 F3000 X62.575 Y11.664 E2213.87511
G0 F7200 X62.574 Y11.81
G0 X60.053 Y11.81
G0 X60.054 Y11.661
G1 F3000 X58.86 Y12.854 E2213.91722
G1 X58.79 Y12.924
G0 F7200 X59.01 Y12.924
G0 X61.538 Y12.962
G0 X61.61 Y86.625
G0 X61.125 Y86.625
;TYPE:WALL-INNER
G1 F2400 X60.939 Y86.751 E2213.92282
G1 X60.774 Y86.8 E2213.92712
G1 X39.3 Y86.8 E2214.46279
G1 X39.061 Y86.751 E2214.46887
G1 X38.875 Y86.625 E2214.47448
G1 X38.749 Y86.439 E2214.48008
G1 X38.7 Y86.274 E2214.48437
G1 X38.7 Y13.8 E2216.29225
G1 X38.749 Y13.561 E2216.29833
G1 X38.875 Y13.375 E2216.30394
G1 X39.061 Y13.249 E2216.30954
G1 X39.226 Y13.2 E2216.31383
G1 X41.3 Y13.2 E2216.36557
G1 X41.3 Y11.5 E2216.40798
G1 X37.137 Y11.5 E2216.51182
G1 X37 Y11.642 E2216.51674
G1 X37 Y88.324 E2218.42958
G1 X37.046 Y88.444 E2218.43279
G1 X37.184 Y88.5 E2218.43651
G1 X62.85 Y88.5 E2219.07675
G1 X62.952 Y88.432 E2219.0798
G1 X63 Y88.315 E2219.08296
G1 X63 Y11.688 E2220.99443
G1 X62.961 Y11.559 E2220.99779
G1 X62.865 Y11.501 E2221.00059
G1 X58.7 Y11.5 E2221.10448
G1 X58.7 Y13.2 E2221.14689
G1 X60.7 Y13.2 E2221.19678
G1 X60.939 Y13.249 E2221.20287
G1 X61.125 Y13.375 E2221.20847
G1 X61.251 Y13.561 E2221.21407
G1 X61.3 Y13.8 E2221.22016
G1 X61.3 Y86.278 E2223.02813
G1 X61.251 Y86.439 E2223.03233
G1 X61.125 Y86.625 E2223.03793
G0 F7200 X60.898 Y86.235
;TYPE:WALL-OUTER
G1 F1200 X60.842 Y86.342 E2223.04095
G1 X60.735 Y86.397 E2223.04395
G1 X39.244 Y86.4 E2223.58004
G1 X39.158 Y86.342 E2223.58263
G1 X39.103 Y86.235 E2223.58563
G1 X39.1 Y13.744 E2225.39393
G1 X39.158 Y13.658 E2225.39651
G1 X39.265 Y13.603 E2225.39952
G1 X41.7 Y13.6 E2225.46026
G1 X41.7 Y11.1 E2225.52262
G1 X37.127 Y11.1 E2225.63669
G1 X36.955 Y11.139 E2225.64109
G1 X36.738 Y11.292 E2225.64772
G1 X36.6 Y11.593 E2225.65598
G1 X36.6 Y88.369 E2227.57116
G1 X36.707 Y88.671 E2227.57915
G1 X36.821 Y88.785 E2227.58318
G1 X37.107 Y88.9 E2227.59086
G1 X62.92 Y88.9 E2228.23477
G1 X63.103 Y88.833 E2228.23963
G1 X63.288 Y88.669 E2228.2458
G1 X63.4 Y88.393 E2228.25323
G1 X63.4 Y11.656 E2230.16744
G1 X63.371 Y11.48 E2230.17189
G1 X63.216 Y11.245 E2230.17892
G1 X63.026 Y11.13 E2230.18446
G1 X62.876 Y11.101 E2230.18827
G1 X58.3 Y11.1 E2230.30242
G1 X58.3 Y13.6 E2230.36478
G1 X60.764 Y13.6 E2230.42624
G1 X60.9 Y13.736 E2230.43104
G1 X60.898 Y86.235 E2232.23954
G0 F7200 X60.842 Y86.342
G0 X60.772 Y86.378
G0 X60.772 Y87.41
G1 F1500 E2225.73954
G0 F7200 X54.496 Y86.63
G0 X54.496 Y85.535
G0 X54.496 Y78.551
G0 X54.496 Y77.456
G0 X54.496 Y77.123
;TYPE:FILL
G1 F1500 E2232.23954
G1 F3000 X53.372 Y76 E2232.27917
G1 X53.302 Y75.93
G0 F7200 X53.521 Y75.979
G0 X54.726 Y76.923
G0 X54.843 Y77.208
;TYPE:WALL-INNER
G1 F2400 X55.204 Y76.986 E2232.28974
G1 X55.408 Y76.737 E2232.29777
G1 X55.54 Y76.457 E2232.30549
G1 X55.584 Y76.258 E2232.31058
G1 X55.584 Y75.941 E2232.31848
G1 X55.54 Y75.738 E2232.32367
G1 X55.409 Y75.461 E2232.33131
G1 X55.214 Y75.225 E2232.33895
G1 X54.854 Y74.99 E2232.34967
G1 X54.545 Y74.912 E2232.35762
G1 X54.254 Y74.912 E2232.36488
G1 X53.955 Y74.991 E2232.37259
G1 X53.688 Y75.135 E2232.38016
G1 X53.388 Y75.461 E2232.39121
G1 X53.259 Y75.739 E2232.39886
G1 X53.212 Y75.944 E2232.4041
G1 X53.212 Y76.255 E2232.41186
G1 X53.388 Y76.737 E2232.42466
G1 X53.586 Y76.974 E2232.43237
G1 X53.82 Y77.145 E2232.4396
G1 X54.233 Y77.284 E2232.45047
G1 X54.545 Y77.284 E2232.45825
G1 X54.843 Y77.208 E2232.46592
G0 F7200 X54.99 Y77.584
;TYPE:WALL-OUTER
G1 F1200 X55.489 Y77.27 E2232.48063
G1 X55.749 Y76.952 E2232.49087
G1 X55.921 Y76.587 E2232.50094
G1 X55.984 Y76.302 E2232.50822
G1 X55.984 Y75.898 E2232.5183
G1 X55.921 Y75.609 E2232.52568
G1 X55.749 Y75.245 E2232.53572
G1 X55.49 Y74.931 E2232.54587
G1 X54.994 Y74.613 E2232.56057
G1 X54.595 Y74.512 E2232.57084
G1 X54.202 Y74.512 E2232.58064
G1 X53.807 Y74.616 E2232.59083
G1 X53.462 Y74.803 E2232.60062
G1 X53.047 Y75.245 E2232.61574
G1 X52.879 Y75.609 E2232.62574
G1 X52.812 Y75.899 E2232.63317
G1 X52.812 Y76.301 E2232.64319
G1 X52.879 Y76.586 E2232.6505
G1 X53.047 Y76.952 E2232.66054
G1 X53.31 Y77.268 E2232.6708
G1 X53.623 Y77.496 E2232.68046
G1 X53.959 Y77.635 E2232.68953
G1 X54.193 Y77.684 E2232.69549
G1 X54.595 Y77.684 E2232.70552
G1 X54.99 Y77.584 E2232.71569
G0 F7200 X55.159 Y77.478
G0 X54.676 Y76.605
G1 F1500 E2226.21569
G0 F7200 X53.044 Y76.02
G0 X51.949 Y76.02
G0 X48.051 Y76.02
G0 X46.956 Y76.02
G0 X46.606 Y76.02
;TYPE:FILL
G1 F1500 E2232.71569
G1 F3000 X45.502 Y77.124 E2232.75463
G1 X45.432 Y77.194
G0 F7200 X46.043 Y77.208
;TYPE:WALL-INNER
G1 F2400 X46.404 Y76.986 E2232.7652
G1 X46.608 Y76.737 E2232.77323
G1 X46.74 Y76.457 E2232.78096
G1 X46.784 Y76.258 E2232.78604
G1 X46.784 Y75.941 E2232.79395
G1 X46.74 Y75.738 E2232.79913
G1 X46.609 Y75.461 E2232.80677
G1 X46.414 Y75.225 E2232.81441
G1 X46.054 Y74.99 E2232.82513
G1 X45.745 Y74.912 E2232.83308
G1 X45.454 Y74.912 E2232.84034
G1 X45.155 Y74.991 E2232.84806
G1 X44.888 Y75.135 E2232.85562
G1 X44.588 Y75.461 E2232.86667
G1 X44.459 Y75.739 E2232.87432
G1 X44.412 Y75.944 E2232.87957
G1 X44.412 Y76.239 E2232.88692
G1 X44.521 Y76.613 E2232.89664
G1 X44.684 Y76.867 E2232.90417
G1 X44.899 Y77.066 E2232.91148
G1 X45.155 Y77.209 E2232.91879
G1 X45.451 Y77.284 E2232.92641
G1 X45.744 Y77.284 E2232.93372
G1 X46.043 Y77.208 E2232.94142
G0 F7200 X46.19 Y77.584
;TYPE:WALL-OUTER
G1 F1200 X46.689 Y77.27 E2232.95612
G1 X46.949 Y76.952 E2232.96637
G1 X47.121 Y76.587 E2232.97643
G1 X47.184 Y76.302 E2232.98372
G1 X47.184 Y75.898 E2232.99379
G1 X47.121 Y75.609 E2233.00117
G1 X46.949 Y75.245 E2233.01121
G1 X46.69 Y74.931 E2233.02137
G1 X46.194 Y74.613 E2233.03606
G1 X45.795 Y74.512 E2233.04633
G1 X45.402 Y74.512 E2233.05614
G1 X45.007 Y74.616 E2233.06632
G1 X44.662 Y74.803 E2233.07611
G1 X44.247 Y75.245 E2233.09124
G1 X44.079 Y75.609 E2233.10124
G1 X44.012 Y75.899 E2233.10866
G1 X44.012 Y76.295 E2233.11854
G1 X44.153 Y76.78 E2233.13114
G1 X44.375 Y77.126 E2233.14139
G1 X44.663 Y77.392 E2233.15117
G1 X45.007 Y77.584 E2233.161
G1 X45.401 Y77.684 E2233.17114
G1 X45.794 Y77.684 E2233.18095
G1 X46.19 Y77.584 E2233.19113
G0 F7200 X46.359 Y77.478
G0 X45.876 Y76.605
G1 F1500 E2226.69113
;MESH:NONMESH
G0 F600 Z4.685
G0 F7200 X45.428 Y74.743
G0 X45.157 Y73.684
G0 X39.965 Y74.743
G0 X38.87 Y74.743
G0 X37.311 Y11.927
G0 X37.161 Y11.927
;TIME_ELAPSED:4897.520987
;LAYER:23
;TYPE:FILL
;MESH:luckfox_top.stl
G1 F1500 E2233.19113
G1 F3000 X37.428 Y11.659 E2233.20057
G0 F7200 X37.428 Y11.811
G0 X39.944 Y11.811
G0 X39.944 Y11.66
G1 F3000 X41.14 Y12.856 E2233.24276
G1 X41.21 Y12.926
G0 F7200 X40.99 Y12.926
G0 X38.462 Y12.962
G0 X38.39 Y15.913
G0 X38.54 Y15.913
G1 F3000 X37.16 Y14.532 E2233.29146
G1 X37.09 Y14.462
G0 F7200 X37.311 Y14.462
G0 X38.39 Y16.204
G0 X38.54 Y16.204
G1 F3000 X37.161 Y17.584 E2233.34013
G1 X37.091 Y17.654
G0 F7200 X37.311 Y17.654
G0 X37.311 Y20.189
G0 X37.16 Y20.189
G1 F3000 X37.243 Y20.272 E2233.34306
G0 F7200 X37.311 Y20.273
G0 X37.311 Y23.159
G0 X37.243 Y23.158
G1 F3000 X37.161 Y23.24 E2233.34595
G0 F7200 X37.311 Y23.24
G0 X37.311 Y25.846
G0 X37.16 Y25.846
G1 F3000 X37.243 Y25.929 E2233.34888
G0 F7200 X37.311 Y25.93
G0 X37.311 Y28.816
G0 X37.243 Y28.815
G1 F3000 X37.161 Y28.897 E2233.35177
G0 F7200 X37.311 Y28.897
G0 X37.311 Y31.503
G0 X37.16 Y31.503
G1 F3000 X37.243 Y31.586 E2233.3547
G0 F7200 X37.311 Y31.587
G0 X37.311 Y34.473
G0 X37.243 Y34.472
G1 F3000 X37.161 Y34.554 E2233.35759
G0 F7200 X37.311 Y34.554
G0 X37.311 Y37.16
G0 X37.16 Y37.16
G1 F3000 X37.243 Y37.243 E2233.36052
G0 F7200 X37.311 Y37.244
G0 X37.311 Y40.13
G0 X37.243 Y40.129
G1 F3000 X37.161 Y40.211 E2233.36341
G0 F7200 X37.311 Y40.211
G0 X37.311 Y42.817
G0 X37.16 Y42.817
G1 F3000 X37.243 Y42.899 E2233.36632
G0 F7200 X37.311 Y42.9
G0 X37.311 Y45.787
G0 X37.243 Y45.786
G1 F3000 X37.161 Y45.868 E2233.36922
G0 F7200 X37.311 Y45.868
G0 X37.311 Y48.474
G0 X37.16 Y48.474
G1 F3000 X37.243 Y48.556 E2233.37213
G0 F7200 X37.311 Y48.557
G0 X37.311 Y51.444
G0 X37.243 Y51.443
G1 F3000 X37.161 Y51.524 E2233.375
G0 F7200 X37.311 Y51.524
G0 X37.311 Y54.131
G0 X37.161 Y54.131
G1 F3000 X37.243 Y54.213 E2233.37789
G0 F7200 X37.311 Y54.214
G0 X37.311 Y57.101
G0 X37.243 Y57.1
G1 F3000 X37.161 Y57.181 E2233.38077
G0 F7200 X37.311 Y57.181
G0 X37.311 Y59.788
G0 X37.161 Y59.788
G1 F3000 X37.243 Y59.87 E2233.38366
G0 F7200 X37.311 Y59.871
G0 X37.311 Y62.757
G0 X37.243 Y62.756
G1 F3000 X37.161 Y62.838 E2233.38655
G0 F7200 X37.311 Y62.838
G0 X37.311 Y65.445
G0 X37.161 Y65.445
G1 F3000 X37.243 Y65.527 E2233.38945
G0 F7200 X37.311 Y65.528
G0 X37.311 Y68.414
G0 X37.243 Y68.413
G1 F3000 X37.161 Y68.495 E2233.39234
G0 F7200 X37.311 Y68.495
G0 X37.311 Y71.102
G0 X37.161 Y71.102
G1 F3000 X37.243 Y71.184 E2233.39523
G0 F7200 X37.311 Y71.185
G0 X37.311 Y74.071
G0 X37.243 Y74.07
G1 F3000 X37.161 Y74.151 E2233.39811
G0 F7200 X37.311 Y74.151
G0 X37.311 Y76.759
G0 X37.161 Y76.759
G1 F3000 X37.243 Y76.841 E2233.401
G0 F7200 X37.311 Y76.842
G0 X37.311 Y79.728
G0 X37.243 Y79.727
G1 F3000 X37.161 Y79.808 E2233.40388
G0 F7200 X37.311 Y79.808
G0 X37.311 Y82.415
G0 X37.161 Y82.415
G1 F3000 X38.54 Y83.795 E2233.45254
G0 F7200 X38.54 Y84.086
G1 F3000 X37.161 Y85.465 E2233.50119
G1 X37.091 Y85.535
G0 F7200 X37.311 Y85.535
G0 X37.311 Y88.072
G0 X37.161 Y88.072
G1 F3000 X37.428 Y88.34 E2233.51063
G0 F7200 X37.428 Y88.19
G0 X39.943 Y88.19
G0 X39.943 Y88.34
G1 F3000 X41.323 Y86.96 E2233.55931
G0 F7200 X41.705 Y86.96
G1 F3000 X43.085 Y88.34 E2233.60799
G1 X43.155 Y88.41
G0 F7200 X43.155 Y88.19
G0 X45.6 Y88.19
G0 X45.6 Y88.34
G1 F3000 X46.98 Y86.96 E2233.65668
G0 F7200 X47.362 Y86.96
G1 F3000 X48.742 Y88.34 E2233.70536
G1 X48.812 Y88.41
G0 F7200 X48.812 Y88.19
G0 X51.257 Y88.19
G0 X51.257 Y88.34
G1 F3000 X52.637 Y86.96 E2233.75404
G0 F7200 X53.019 Y86.96
G1 F3000 X54.398 Y88.34 E2233.80271
G1 X54.468 Y88.41
G0 F7200 X54.468 Y88.19
G0 X56.914 Y88.19
G0 X56.914 Y88.34
G1 F3000 X58.294 Y86.96 E2233.85139
G0 F7200 X58.676 Y86.96
G1 F3000 X60.055 Y88.34 E2233.90006
G1 X60.125 Y88.41
G0 F7200 X60.125 Y88.19
G0 X62.57 Y88.19
G0 X62.57 Y88.34
G1 F3000 X62.839 Y88.072 E2233.90953
G0 F7200 X62.69 Y88.072
G0 X62.69 Y85.467
G0 X62.84 Y85.467
G1 F3000 X61.46 Y84.087 E2233.95821
G0 F7200 X61.46 Y83.794
G1 F3000 X62.839 Y82.415 E2234.00686
G1 X62.909 Y82.345
G0 F7200 X62.69 Y82.345
G0 X62.69 Y79.81
G0 X62.84 Y79.81
G1 F3000 X62.756 Y79.727 E2234.00981
G0 F7200 X62.69 Y79.727
G0 X62.69 Y76.84
G0 X62.757 Y76.84
G1 F3000 X62.838 Y76.759 E2234.01266
G0 F7200 X62.69 Y76.759
G0 X62.69 Y74.153
G0 X62.839 Y74.153
G1 F3000 X62.756 Y74.07 E2234.01559
G0 F7200 X62.69 Y74.07
G0 X62.69 Y71.183
G0 X62.757 Y71.183
G1 F3000 X62.838 Y71.102 E2234.01845
G0 F7200 X62.69 Y71.102
G0 X62.69 Y68.496
G0 X62.839 Y68.496
G1 F3000 X62.756 Y68.413 E2234.02138
G0 F7200 X62.69 Y68.413
G0 X62.69 Y65.525
G0 X62.758 Y65.525
G1 F3000 X62.838 Y65.446 E2234.02418
G0 F7200 X62.69 Y65.446
G0 X62.69 Y62.838
G0 X62.838 Y62.838
G1 F3000 X62.757 Y62.757 E2234.02704
G0 F7200 X62.69 Y62.757
G0 X62.69 Y59.869
G0 X62.758 Y59.869
G1 F3000 X62.838 Y59.789 E2234.02986
G0 F7200 X62.69 Y59.789
G0 X62.69 Y57.182
G0 X62.838 Y57.182
G1 F3000 X62.757 Y57.1 E2234.03274
G0 F7200 X62.69 Y57.1
G0 X62.69 Y54.212
G0 X62.758 Y54.212
G1 F3000 X62.837 Y54.133 E2234.03552
G0 F7200 X62.69 Y54.133
G0 X62.69 Y51.524
G0 X62.838 Y51.524
G1 F3000 X62.757 Y51.443 E2234.03838
G0 F7200 X62.69 Y51.443
G0 X62.69 Y48.555
G0 X62.758 Y48.555
G1 F3000 X62.837 Y48.476 E2234.04117
G0 F7200 X62.69 Y48.476
G0 X62.69 Y45.867
G0 X62.838 Y45.867
G1 F3000 X62.757 Y45.787 E2234.04401
G0 F7200 X62.69 Y45.787
G0 X62.69 Y42.898
G0 X62.758 Y42.898
G1 F3000 X62.836 Y42.82 E2234.04676
G0 F7200 X62.69 Y42.82
G0 X62.69 Y40.21
G0 X62.837 Y40.21
G1 F3000 X62.757 Y40.13 E2234.04958
G0 F7200 X62.69 Y40.13
G0 X62.69 Y37.241
G0 X62.758 Y37.241
G1 F3000 X62.836 Y37.163 E2234.05233
G0 F7200 X62.69 Y37.163
G0 X62.69 Y34.553
G0 X62.837 Y34.553
G1 F3000 X62.756 Y34.472 E2234.05519
G0 F7200 X62.69 Y34.472
G0 X62.69 Y31.585
G0 X62.757 Y31.585
G1 F3000 X62.836 Y31.507 E2234.05796
G0 F7200 X62.69 Y31.507
G0 X62.69 Y28.895
G0 X62.836 Y28.895
G1 F3000 X62.756 Y28.815 E2234.06078
G0 F7200 X62.69 Y28.815
G0 X62.69 Y25.928
G0 X62.757 Y25.928
G1 F3000 X62.836 Y25.85 E2234.06355
G0 F7200 X62.69 Y25.85
G0 X62.69 Y23.238
G0 X62.836 Y23.238
G1 F3000 X62.756 Y23.158 E2234.06637
G0 F7200 X62.69 Y23.158
G0 X62.69 Y20.271
G0 X62.757 Y20.271
G1 F3000 X62.835 Y20.194 E2234.06911
G0 F7200 X62.69 Y20.194
G0 X62.69 Y17.581
G0 X62.836 Y17.581
G1 F3000 X61.46 Y16.205 E2234.11765
G0 F7200 X61.46 Y15.911
G1 F3000 X62.835 Y14.537 E2234.16614
G1 X62.905 Y14.467
G0 F7200 X62.69 Y14.467
G0 X62.69 Y11.924
G0 X62.836 Y11.924
G1 F3000 X62.572 Y11.66 E2234.17545
G0 F7200 X62.571 Y11.81
G0 X60.054 Y11.81
G0 X60.055 Y11.66
G1 F3000 X58.86 Y12.854 E2234.21759
G1 X58.79 Y12.924
G0 F7200 X59.01 Y12.924
G0 X61.538 Y12.962
G0 X61.66 Y19.233
G1 F600 X62.637 Y20.211 E2234.23828
G0 F7200 X62.637 Y20.776
G1 F600 X61.66 Y19.799 E2234.25896
G0 F7200 X61.66 Y20.365
G1 F600 X62.637 Y21.342 E2234.27964
G0 F7200 X62.637 Y21.908
G1 F600 X61.66 Y20.93 E2234.30033
G0 F7200 X61.66 Y21.496
G1 F600 X62.637 Y22.473 E2234.32101
G0 F7200 X62.637 Y23.039
G1 F600 X61.66 Y22.062 E2234.34169
G0 F7200 X61.66 Y22.627
G1 F600 X62.637 Y23.605 E2234.36238
G0 F7200 X62.637 Y24.17
G1 F600 X61.66 Y23.193 E2234.38306
G0 F7200 X61.66 Y23.759
G1 F600 X62.637 Y24.736 E2234.40374
G0 F7200 X62.637 Y25.302
G1 F600 X61.66 Y24.324 E2234.42443
G0 F7200 X61.66 Y24.89
G1 F600 X62.637 Y25.867 E2234.44511
G0 F7200 X62.637 Y26.433
G1 F600 X61.66 Y25.456 E2234.46579
G0 F7200 X61.66 Y26.022
G1 F600 X62.637 Y26.999 E2234.48647
G0 F7200 X62.637 Y27.564
G1 F600 X61.66 Y26.587 E2234.50715
G0 F7200 X61.66 Y27.153
G1 F600 X62.637 Y28.13 E2234.52783
G0 F7200 X62.637 Y28.696
G1 F600 X61.66 Y27.719 E2234.54851
G0 F7200 X61.66 Y28.284
G1 F600 X62.637 Y29.261 E2234.56919
G0 F7200 X62.637 Y29.827
G1 F600 X61.66 Y28.85 E2234.58987
G0 F7200 X61.66 Y29.416
G1 F600 X62.637 Y30.393 E2234.61055
G0 F7200 X62.637 Y30.959
G1 F600 X61.66 Y29.981 E2234.63124
G0 F7200 X61.66 Y30.547
G1 F600 X62.637 Y31.524 E2234.65192
G0 F7200 X62.638 Y32.091
G1 F600 X61.66 Y31.113 E2234.67262
G0 F7200 X61.66 Y31.678
G1 F600 X62.638 Y32.656 E2234.69332
G0 F7200 X62.638 Y33.222
G1 F600 X61.66 Y32.244 E2234.71402
G0 F7200 X61.66 Y32.81
G1 F600 X62.638 Y33.788 E2234.73472
G0 F7200 X62.638 Y34.353
G1 F600 X61.66 Y33.375 E2234.75543
G0 F7200 X61.66 Y33.941
G1 F600 X62.638 Y34.919 E2234.77613
G0 F7200 X62.638 Y35.485
G1 F600 X61.66 Y34.507 E2234.79683
G0 F7200 X61.66 Y35.072
G1 F600 X62.638 Y36.05 E2234.81753
G0 F7200 X62.638 Y36.616
G1 F600 X61.66 Y35.638 E2234.83823
G0 F7200 X61.66 Y36.204
G1 F600 X62.638 Y37.182 E2234.85893
G0 F7200 X62.638 Y37.747
G1 F600 X61.66 Y36.77 E2234.87962
G0 F7200 X61.66 Y37.335
G1 F600 X62.638 Y38.313 E2234.90032
G0 F7200 X62.638 Y38.879
G1 F600 X61.66 Y37.901 E2234.92102
G0 F7200 X61.66 Y38.467
G1 F600 X62.638 Y39.445 E2234.94172
G0 F7200 X62.638 Y40.01
G1 F600 X61.66 Y39.032 E2234.96242
G0 F7200 X61.66 Y39.598
G1 F600 X62.638 Y40.576 E2234.98313
G0 F7200 X62.638 Y41.142
G1 F600 X61.66 Y40.164 E2235.00383
G0 F7200 X61.66 Y40.729
G1 F600 X62.638 Y41.707 E2235.02453
G0 F7200 X62.638 Y42.273
G1 F600 X61.66 Y41.295 E2235.04523
G0 F7200 X61.66 Y41.861
G1 F600 X62.638 Y42.839 E2235.06593
G0 F7200 X62.638 Y43.404
G1 F600 X61.66 Y42.426 E2235.08663
G0 F7200 X61.66 Y42.992
G1 F600 X62.638 Y43.97 E2235.10733
G0 F7200 X62.638 Y44.536
G1 F600 X61.66 Y43.558 E2235.12803
G0 F7200 X61.66 Y44.123
G1 F600 X62.638 Y45.102 E2235.14874
G0 F7200 X62.638 Y45.668
G1 F600 X61.66 Y44.689 E2235.16945
G0 F7200 X61.66 Y45.255
G1 F600 X62.638 Y46.233 E2235.19016
G0 F7200 X62.638 Y46.799
G1 F600 X61.66 Y45.821 E2235.21086
G0 F7200 X61.66 Y46.386
G1 F600 X62.638 Y47.365 E2235.23157
G0 F7200 X62.638 Y47.931
G1 F600 X61.66 Y46.952 E2235.25228
G0 F7200 X61.66 Y47.518
G1 F600 X62.638 Y48.496 E2235.27298
G0 F7200 X62.638 Y49.062
G1 F600 X61.66 Y48.083 E2235.29369
G0 F7200 X61.66 Y48.649
G1 F600 X62.638 Y49.628 E2235.3144
G0 F7200 X62.638 Y50.193
G1 F600 X61.66 Y49.215 E2235.3351
G0 F7200 X61.66 Y49.78
G1 F600 X62.638 Y50.759 E2235.35582
G0 F7200 X62.638 Y51.325
G1 F600 X61.66 Y50.346 E2235.37653
G0 F7200 X61.66 Y50.912
G1 F600 X62.638 Y51.89 E2235.39723
G0 F7200 X62.638 Y52.456
G1 F600 X61.66 Y51.477 E2235.41794
G0 F7200 X61.66 Y52.043
G1 F600 X62.638 Y53.022 E2235.43865
G0 F7200 X62.638 Y53.587
G1 F600 X61.66 Y52.609 E2235.45935
G0 F7200 X61.66 Y53.174
G1 F600 X62.638 Y54.153 E2235.48006
G0 F7200 X62.638 Y54.719
G1 F600 X61.66 Y53.74 E2235.50078
G0 F7200 X61.66 Y54.306
G1 F600 X62.638 Y55.284 E2235.52148
G0 F7200 X62.638 Y55.85
G1 F600 X61.66 Y54.871 E2235.54219
G0 F7200 X61.66 Y55.437
G1 F600 X62.638 Y56.416 E2235.5629
G0 F7200 X62.639 Y56.982
G1 F600 X61.66 Y56.003 E2235.58362
G0 F7200 X61.66 Y56.569
G1 F600 X62.639 Y57.548 E2235.60434
G0 F7200 X62.639 Y58.114
G1 F600 X61.66 Y57.134 E2235.62508
G0 F7200 X61.66 Y57.7
G1 F600 X62.639 Y58.679 E2235.6458
G0 F7200 X62.639 Y59.245
G1 F600 X61.66 Y58.266 E2235.66652
G0 F7200 X61.66 Y58.831
G1 F600 X62.639 Y59.811 E2235.68725
G0 F7200 X62.639 Y60.376
G1 F600 X61.66 Y59.397 E2235.70798
G0 F7200 X61.66 Y59.963
G1 F600 X62.639 Y60.942 E2235.7287
G0 F7200 X62.639 Y61.508
G1 F600 X61.66 Y60.528 E2235.74943
G0 F7200 X61.66 Y61.094
G1 F600 X62.639 Y62.073 E2235.77015
G0 F7200 X62.639 Y62.639
G1 F600 X61.66 Y61.66 E2235.79088
G0 F7200 X61.66 Y62.225
G1 F600 X62.639 Y63.205 E2235.81161
G0 F7200 X62.639 Y63.77
G1 F600 X61.66 Y62.791 E2235.83233
G0 F7200 X61.66 Y63.357
G1 F600 X62.639 Y64.336 E2235.85305
G0 F7200 X62.639 Y64.902
G1 F600 X61.66 Y63.922 E2235.87378
G0 F7200 X61.66 Y64.488
G1 F600 X62.639 Y65.467 E2235.89451
G0 F7200 X62.639 Y66.033
G1 F600 X61.66 Y65.054 E2235.91523
G0 F7200 X61.66 Y65.62
G1 F600 X62.639 Y66.599 E2235.93595
G0 F7200 X62.639 Y67.165
G1 F600 X61.66 Y66.185 E2235.95668
G0 F7200 X61.66 Y66.751
G1 F600 X62.639 Y67.73 E2235.97741
G0 F7200 X62.639 Y68.296
G1 F600 X61.66 Y67.317 E2235.99813
G0 F7200 X61.66 Y67.882
G1 F600 X62.639 Y68.862 E2236.01886
G0 F7200 X62.64 Y69.428
G1 F600 X61.66 Y68.448 E2236.0396
G0 F7200 X61.66 Y69.014
G1 F600 X62.64 Y69.994 E2236.06035
G0 F7200 X62.64 Y70.559
G1 F600 X61.66 Y69.579 E2236.08109
G0 F7200 X61.66 Y70.145
G1 F600 X62.64 Y71.125 E2236.10183
G0 F7200 X62.64 Y71.691
G1 F600 X61.66 Y70.711 E2236.12258
G0 F7200 X61.66 Y71.276
G1 F600 X62.64 Y72.256 E2236.14332
G0 F7200 X62.64 Y72.822
G1 F600 X61.66 Y71.842 E2236.16406
G0 F7200 X61.66 Y72.408
G1 F600 X62.64 Y73.388 E2236.18481
G0 F7200 X62.64 Y73.953
G1 F600 X61.66 Y72.973 E2236.20555
G0 F7200 X61.66 Y73.539
G1 F600 X62.64 Y74.519 E2236.22629
G0 F7200 X62.64 Y75.085
G1 F600 X61.66 Y74.105 E2236.24704
G0 F7200 X61.66 Y74.67
G1 F600 X62.64 Y75.651 E2236.26779
G0 F7200 X62.64 Y76.216
G1 F600 X61.66 Y75.236 E2236.28853
G0 F7200 X61.66 Y75.802
G1 F600 X62.64 Y76.782 E2236.30928
G0 F7200 X62.64 Y77.348
G1 F600 X61.66 Y76.368 E2236.33002
G0 F7200 X61.66 Y76.933
G1 F600 X62.64 Y77.913 E2236.35076
G0 F7200 X62.64 Y78.479
G1 F600 X61.66 Y77.499 E2236.37151
G0 F7200 X61.66 Y78.065
G1 F600 X62.64 Y79.045 E2236.39225
G0 F7200 X62.64 Y79.61
G1 F600 X61.66 Y78.63 E2236.41299
G0 F7200 X61.66 Y79.196
G1 F600 X62.64 Y80.176 E2236.43374
G0 F7200 X62.64 Y80.742
G1 F600 X61.66 Y79.762 E2236.45448
G0 F7200 X61.538 Y87.038
G0 X38.462 Y87.038
G0 X38.34 Y79.635
G1 F600 X37.361 Y78.656 E2236.4752
G0 F7200 X37.361 Y79.221
G1 F600 X38.34 Y80.201 E2236.49594
G0 F7200 X38.34 Y80.766
G1 F600 X37.361 Y79.787 E2236.51666
G0 F7200 X38.34 Y79.069
G1 F600 X37.361 Y78.09 E2236.53738
G0 F7200 X37.361 Y77.524
G1 F600 X38.34 Y78.504 E2236.55811
G0 F7200 X38.34 Y77.938
G1 F600 X37.361 Y76.959 E2236.57883
G0 F7200 X37.361 Y76.393
G1 F600 X38.34 Y77.372 E2236.59956
G0 F7200 X38.34 Y76.807
G1 F600 X37.361 Y75.827 E2236.62029
G0 F7200 X37.361 Y75.262
G1 F600 X38.34 Y76.241 E2236.64101
G0 F7200 X38.34 Y75.675
G1 F600 X37.361 Y74.696 E2236.66173
G0 F7200 X37.361 Y74.13
G1 F600 X38.34 Y75.11 E2236.68247
G0 F7200 X38.34 Y74.544
G1 F600 X37.361 Y73.565 E2236.70319
G0 F7200 X37.361 Y72.999
G1 F600 X38.34 Y73.978 E2236.72391
G0 F7200 X38.34 Y73.413
G1 F600 X37.361 Y72.433 E2236.74464
G0 F7200 X37.361 Y71.868
G1 F600 X38.34 Y72.847 E2236.76537
G0 F7200 X38.34 Y72.281
G1 F600 X37.361 Y71.302 E2236.78609
G0 F7200 X37.361 Y70.736
G1 F600 X38.34 Y71.715 E2236.80681
G0 F7200 X38.34 Y71.15
G1 F600 X37.361 Y70.17 E2236.82754
G0 F7200 X37.361 Y69.605
G1 F600 X38.34 Y70.584 E2236.84826
G0 F7200 X38.34 Y70.018
G1 F600 X37.361 Y69.039 E2236.86899
G0 F7200 X37.361 Y68.473
G1 F600 X38.34 Y69.453 E2236.88972
G0 F7200 X38.34 Y68.887
G1 F600 X37.361 Y67.908 E2236.91044
G0 F7200 X37.361 Y67.342
G1 F600 X38.34 Y68.321 E2236.93116
G0 F7200 X38.34 Y67.756
G1 F600 X37.361 Y66.776 E2236.9519
G0 F7200 X37.361 Y66.211
G1 F600 X38.34 Y67.19 E2236.97262
G0 F7200 X38.34 Y66.624
G1 F600 X37.361 Y65.645 E2236.99334
G0 F7200 X37.361 Y65.079
G1 F600 X38.34 Y66.059 E2237.01407
G0 F7200 X38.34 Y65.493
G1 F600 X37.361 Y64.514 E2237.0348
G0 F7200 X37.361 Y63.948
G1 F600 X38.34 Y64.927 E2237.05552
G0 F7200 X38.34 Y64.362
G1 F600 X37.361 Y63.382 E2237.07625
G0 F7200 X37.361 Y62.817
G1 F600 X38.34 Y63.796 E2237.09697
G0 F7200 X38.34 Y63.23
G1 F600 X37.361 Y62.251 E2237.11769
G0 F7200 X37.361 Y61.685
G1 F600 X38.34 Y62.665 E2237.13843
G0 F7200 X38.34 Y62.099
G1 F600 X37.361 Y61.119 E2237.15916
G0 F7200 X37.361 Y60.554
G1 F600 X38.34 Y61.533 E2237.17988
G0 F7200 X38.34 Y60.967
G1 F600 X37.361 Y59.988 E2237.2006
G0 F7200 X37.361 Y59.422
G1 F600 X38.34 Y60.402 E2237.22134
G0 F7200 X38.34 Y59.836
G1 F600 X37.361 Y58.857 E2237.24206
G0 F7200 X37.361 Y58.291
G1 F600 X38.34 Y59.27 E2237.26278
G0 F7200 X38.34 Y58.705
G1 F600 X37.361 Y57.725 E2237.28351
G0 F7200 X37.361 Y57.16
G1 F600 X38.34 Y58.139 E2237.30424
G0 F7200 X38.34 Y57.573
G1 F600 X37.361 Y56.594 E2237.32496
G0 F7200 X37.361 Y56.028
G1 F600 X38.34 Y57.008 E2237.34569
G0 F7200 X38.34 Y56.442
G1 F600 X37.361 Y55.463 E2237.36641
G0 F7200 X37.361 Y54.897
G1 F600 X38.34 Y55.876 E2237.38713
G0 F7200 X38.34 Y55.311
G1 F600 X37.361 Y54.331 E2237.40787
G0 F7200 X37.361 Y53.766
G1 F600 X38.34 Y54.745 E2237.42859
G0 F7200 X38.34 Y54.179
G1 F600 X37.361 Y53.2 E2237.44931
G0 F7200 X37.361 Y52.634
G1 F600 X38.34 Y53.614 E2237.47004
G0 F7200 X38.34 Y53.048
G1 F600 X37.361 Y52.069 E2237.49077
G0 F7200 X37.361 Y51.503
G1 F600 X38.34 Y52.482 E2237.51149
G0 F7200 X38.34 Y51.916
G1 F600 X37.361 Y50.937 E2237.53221
G0 F7200 X37.361 Y50.371
G1 F600 X38.34 Y51.351 E2237.55294
G0 F7200 X38.34 Y50.785
G1 F600 X37.36 Y49.805 E2237.57369
G0 F7200 X37.36 Y49.239
G1 F600 X38.34 Y50.219 E2237.59443
G0 F7200 X38.34 Y49.654
G1 F600 X37.36 Y48.674 E2237.61517
G0 F7200 X37.36 Y48.108
G1 F600 X38.34 Y49.088 E2237.63592
G0 F7200 X38.34 Y48.522
G1 F600 X37.36 Y47.542 E2237.65666
G0 F7200 X37.36 Y46.977
G1 F600 X38.34 Y47.957 E2237.6774
G0 F7200 X38.34 Y47.391
G1 F600 X37.36 Y46.411 E2237.69815
G0 F7200 X37.36 Y45.845
G1 F600 X38.34 Y46.825 E2237.71889
G0 F7200 X38.34 Y46.26
G1 F600 X37.36 Y45.28 E2237.73963
G0 F7200 X37.36 Y44.714
G1 F600 X38.34 Y45.694 E2237.76038
G0 F7200 X38.34 Y45.128
G1 F600 X37.36 Y44.148 E2237.78112
G0 F7200 X37.36 Y43.583
G1 F600 X38.34 Y44.563 E2237.80186
G0 F7200 X38.34 Y43.997
G1 F600 X37.36 Y43.017 E2237.82261
G0 F7200 X37.36 Y42.451
G1 F600 X38.34 Y43.431 E2237.84335
G0 F7200 X38.34 Y42.866
G1 F600 X37.36 Y41.885 E2237.8641
G0 F7200 X37.36 Y41.32
G1 F600 X38.34 Y42.3 E2237.88485
G0 F7200 X38.34 Y41.734
G1 F600 X37.36 Y40.754 E2237.90559
G0 F7200 X37.36 Y40.188
G1 F600 X38.34 Y41.168 E2237.92633
G0 F7200 X38.34 Y40.603
G1 F600 X37.36 Y39.623 E2237.94708
G0 F7200 X37.36 Y39.057
G1 F600 X38.34 Y40.037 E2237.96782
G0 F7200 X38.34 Y39.471
G1 F600 X37.36 Y38.491 E2237.98856
G0 F7200 X37.36 Y37.926
G1 F600 X38.34 Y38.906 E2238.00931
G0 F7200 X38.34 Y38.34
G1 F600 X37.36 Y37.36 E2238.03005
G0 F7200 X37.36 Y36.794
G1 F600 X38.34 Y37.774 E2238.05079
G0 F7200 X38.34 Y37.209
G1 F600 X37.36 Y36.229 E2238.07154
G0 F7200 X37.36 Y35.663
G1 F600 X38.34 Y36.643 E2238.09228
G0 F7200 X38.34 Y36.077
G1 F600 X37.36 Y35.097 E2238.11302
G0 F7200 X37.36 Y34.532
G1 F600 X38.34 Y35.512 E2238.13377
G0 F7200 X38.34 Y34.946
G1 F600 X37.36 Y33.966 E2238.15451
G0 F7200 X37.36 Y33.4
G1 F600 X38.34 Y34.38 E2238.17525
G0 F7200 X38.34 Y33.815
G1 F600 X37.36 Y32.835 E2238.196
G0 F7200 X37.36 Y32.269
G1 F600 X38.34 Y33.249 E2238.21674
G0 F7200 X38.34 Y32.683
G1 F600 X37.36 Y31.703 E2238.23748
G0 F7200 X37.36 Y31.137
G1 F600 X38.34 Y32.117 E2238.25823
G0 F7200 X38.34 Y31.552
G1 F600 X37.36 Y30.572 E2238.27897
G0 F7200 X37.36 Y30.006
G1 F600 X38.34 Y30.986 E2238.29971
G0 F7200 X38.34 Y30.42
G1 F600 X37.36 Y29.44 E2238.32046
G0 F7200 X37.36 Y28.875
G1 F600 X38.34 Y29.855 E2238.3412
G0 F7200 X38.34 Y29.289
G1 F600 X37.36 Y28.309 E2238.36194
G0 F7200 X37.36 Y27.743
G1 F600 X38.34 Y28.723 E2238.38269
G0 F7200 X38.34 Y28.158
G1 F600 X37.36 Y27.178 E2238.40343
G0 F7200 X37.36 Y26.612
G1 F600 X38.34 Y27.592 E2238.42417
G0 F7200 X38.34 Y27.026
G1 F600 X37.36 Y26.046 E2238.44492
G0 F7200 X37.36 Y25.481
G1 F600 X38.34 Y26.461 E2238.46566
G0 F7200 X38.34 Y25.895
G1 F600 X37.36 Y24.915 E2238.4864
G0 F7200 X37.36 Y24.349
G1 F600 X38.34 Y25.329 E2238.50715
G0 F7200 X38.34 Y24.764
G1 F600 X37.36 Y23.784 E2238.52789
G0 F7200 X37.36 Y23.218
G1 F600 X38.34 Y24.198 E2238.54863
G0 F7200 X38.34 Y23.632
G1 F600 X37.36 Y22.652 E2238.56938
G0 F7200 X37.36 Y22.086
G1 F600 X38.34 Y23.067 E2238.59013
G0 F7200 X38.34 Y22.501
G1 F600 X37.36 Y21.521 E2238.61087
G0 F7200 X37.36 Y20.955
G1 F600 X38.34 Y21.935 E2238.63162
G0 F7200 X38.34 Y21.369
G1 F600 X37.36 Y20.389 E2238.65236
G0 F7200 X37.36 Y19.824
G1 F600 X38.34 Y20.804 E2238.6731
G0 F7200 X38.34 Y20.238
G1 F600 X37.36 Y19.258 E2238.69385
G0 F7200 X38.462 Y87.038
G0 X61.538 Y87.038
G0 X61.125 Y86.625
;TYPE:WALL-INNER
G1 F2400 X60.939 Y86.751 E2238.69945
G1 X60.774 Y86.8 E2238.70374
G1 X39.3 Y86.8 E2239.23941
G1 X39.061 Y86.751 E2239.2455
G1 X38.875 Y86.625 E2239.2511
G1 X38.749 Y86.439 E2239.25671
G1 X38.7 Y86.274 E2239.261
G1 X38.7 Y13.8 E2241.06887
G1 X38.749 Y13.561 E2241.07496
G1 X38.875 Y13.375 E2241.08056
G1 X39.061 Y13.249 E2241.08617
G1 X39.226 Y13.2 E2241.09046
G1 X41.3 Y13.2 E2241.1422
G1 X41.3 Y11.5 E2241.1846
G1 X37.086 Y11.5 E2241.28972
G1 X37 Y11.709 E2241.29536
G1 X37.001 Y88.387 E2243.2081
G1 X37.14 Y88.5 E2243.21257
G1 X62.823 Y88.5 E2243.85323
G1 X62.945 Y88.448 E2243.85654
G1 X63 Y88.343 E2243.8595
G1 X63 Y11.672 E2245.77207
G1 X62.948 Y11.546 E2245.77547
G1 X62.862 Y11.503 E2245.77786
G1 X58.7 Y11.5 E2245.88169
G1 X58.7 Y13.2 E2245.92409
G1 X60.7 Y13.2 E2245.97398
G1 X60.939 Y13.249 E2245.98007
G1 X61.125 Y13.375 E2245.98567
G1 X61.251 Y13.561 E2245.99128
G1 X61.3 Y13.8 E2245.99736
G1 X61.3 Y86.278 E2247.80533
G1 X61.251 Y86.439 E2247.80953
G1 X61.125 Y86.625 E2247.81514
G0 F7200 X60.898 Y86.235
;TYPE:WALL-OUTER
G1 F1200 X60.842 Y86.342 E2247.81815
G1 X60.735 Y86.397 E2247.82115
G1 X39.244 Y86.4 E2248.35724
G1 X39.158 Y86.342 E2248.35983
G1 X39.103 Y86.235 E2248.36283
G1 X39.1 Y13.744 E2250.17113
G1 X39.158 Y13.658 E2250.17372
G1 X39.265 Y13.603 E2250.17672
G1 X41.7 Y13.6 E2250.23746
G1 X41.7 Y11.1 E2250.29982
G1 X37.127 Y11.1 E2250.4139
G1 X36.828 Y11.205 E2250.4218
G1 X36.694 Y11.351 E2250.42674
G1 X36.6 Y11.647 E2250.43449
G1 X36.601 Y88.369 E2252.34833
G1 X36.702 Y88.661 E2252.35604
G1 X36.938 Y88.851 E2252.36359
G1 X37.151 Y88.9 E2252.36905
G1 X62.903 Y88.9 E2253.01143
G1 X63.177 Y88.785 E2253.01885
G1 X63.265 Y88.702 E2253.02186
G1 X63.4 Y88.439 E2253.02924
G1 X63.4 Y11.592 E2254.94619
G1 X63.286 Y11.318 E2254.9536
G1 X63.189 Y11.22 E2254.95704
G1 X62.951 Y11.1 E2254.96368
G1 X58.3 Y11.1 E2255.0797
G1 X58.3 Y13.6 E2255.14207
G1 X60.764 Y13.6 E2255.20353
G1 X60.9 Y13.736 E2255.20833
G1 X60.898 Y86.235 E2257.01682
G0 F7200 X60.842 Y86.342
G0 X60.772 Y86.378
G0 X60.772 Y87.41
G1 F1500 E2250.51682
G0 F7200 X54.496 Y86.63
G0 X54.496 Y85.535
G0 X54.496 Y78.551
G0 X54.496 Y77.456
G0 X54.496 Y77.123
;TYPE:FILL
G1 F1500 E2257.01682
G1 F3000 X53.384 Y76.011 E2257.05605
G1 X53.314 Y75.941
G0 F7200 X53.536 Y75.948
G0 X54.726 Y76.923
G0 X54.84 Y77.209
;TYPE:WALL-INNER
G1 F2400 X55.096 Y77.067 E2257.06336
G1 X55.321 Y76.858 E2257.07102
G1 X55.477 Y76.61 E2257.07832
G1 X55.57 Y76.327 E2257.08576
G1 X55.581 Y75.943 E2257.09534
G1 X55.509 Y75.655 E2257.10274
G1 X55.285 Y75.293 E2257.11336
G1 X55.027 Y75.08 E2257.12171
G1 X54.85 Y74.989 E2257.12667
G1 X54.545 Y74.912 E2257.13452
G1 X54.254 Y74.912 E2257.14178
G1 X53.955 Y74.99 E2257.14949
G1 X53.698 Y75.131 E2257.1568
G1 X53.475 Y75.338 E2257.16439
G1 X53.321 Y75.584 E2257.17163
G1 X53.229 Y75.869 E2257.1791
G1 X53.216 Y76.251 E2257.18863
G1 X53.321 Y76.615 E2257.19809
G1 X53.474 Y76.857 E2257.20523
G1 X53.7 Y77.067 E2257.21292
G1 X53.956 Y77.209 E2257.22023
G1 X54.251 Y77.284 E2257.22782
G1 X54.544 Y77.284 E2257.23513
G1 X54.84 Y77.209 E2257.24274
G0 F7200 X54.989 Y77.584
;TYPE:WALL-OUTER
G1 F1200 X55.333 Y77.393 E2257.25256
G1 X55.632 Y77.115 E2257.26274
G1 X55.841 Y76.782 E2257.27255
G1 X55.968 Y76.397 E2257.28266
G1 X55.983 Y75.899 E2257.29509
G1 X55.884 Y75.507 E2257.30518
G1 X55.569 Y75.01 E2257.31986
G1 X55.249 Y74.744 E2257.33024
G1 X54.992 Y74.613 E2257.33743
G1 X54.595 Y74.512 E2257.34765
G1 X54.202 Y74.512 E2257.35745
G1 X53.807 Y74.616 E2257.36764
G1 X53.462 Y74.804 E2257.37744
G1 X53.164 Y75.081 E2257.38759
G1 X52.955 Y75.414 E2257.3974
G1 X52.831 Y75.799 E2257.40749
G1 X52.814 Y76.299 E2257.41997
G1 X52.953 Y76.781 E2257.43248
G1 X53.164 Y77.115 E2257.44234
G1 X53.463 Y77.393 E2257.45252
G1 X53.807 Y77.584 E2257.46234
G1 X54.201 Y77.684 E2257.47248
G1 X54.594 Y77.684 E2257.48228
G1 X54.989 Y77.584 E2257.49245
G0 F7200 X55.164 Y77.487
G0 X54.68 Y76.605
G1 F1500 E2250.99245
G0 F7200 X53.047 Y76.24
G0 X51.952 Y76.206
G0 X48.057 Y76.215
G0 X46.968 Y76.113
G0 X46.616 Y76.01
;TYPE:FILL
G1 F1500 E2257.49245
G1 F3000 X45.502 Y77.124 E2257.53174
G1 X45.432 Y77.194
G0 F7200 X46.04 Y77.209
;TYPE:WALL-INNER
G1 F2400 X46.296 Y77.067 E2257.53905
G1 X46.521 Y76.857 E2257.54672
G1 X46.677 Y76.609 E2257.55403
G1 X46.776 Y76.311 E2257.56187
G1 X46.795 Y76.113 E2257.56683
G1 X46.733 Y75.727 E2257.57658
G1 X46.604 Y75.452 E2257.58416
G1 X46.474 Y75.285 E2257.58944
G1 X46.227 Y75.08 E2257.59744
G1 X46.05 Y74.99 E2257.6024
G1 X45.745 Y74.912 E2257.61025
G1 X45.454 Y74.912 E2257.61751
G1 X45.155 Y74.99 E2257.62522
G1 X44.898 Y75.131 E2257.63253
G1 X44.675 Y75.338 E2257.64012
G1 X44.521 Y75.584 E2257.64736
G1 X44.429 Y75.869 E2257.65483
G1 X44.415 Y76.256 E2257.66449
G1 X44.49 Y76.54 E2257.67182
G1 X44.635 Y76.806 E2257.67937
G1 X44.777 Y76.967 E2257.68473
G1 X45.028 Y77.152 E2257.69251
G1 X45.452 Y77.284 E2257.70359
G1 X45.745 Y77.284 E2257.71089
G1 X46.04 Y77.209 E2257.71849
G0 F7200 X46.189 Y77.584
;TYPE:WALL-OUTER
G1 F1200 X46.533 Y77.393 E2257.7283
G1 X46.832 Y77.115 E2257.73849
G1 X47.041 Y76.781 E2257.74831
G1 X47.17 Y76.394 E2257.75849
G1 X47.198 Y76.099 E2257.76588
G1 X47.119 Y75.608 E2257.77829
G1 X46.948 Y75.242 E2257.78837
G1 X46.763 Y75.005 E2257.79587
G1 X46.449 Y74.744 E2257.80605
G1 X46.192 Y74.613 E2257.81325
G1 X45.795 Y74.512 E2257.82347
G1 X45.402 Y74.512 E2257.83327
G1 X45.007 Y74.616 E2257.84346
G1 X44.662 Y74.804 E2257.85326
G1 X44.364 Y75.081 E2257.86341
G1 X44.155 Y75.414 E2257.87321
G1 X44.031 Y75.799 E2257.8833
G1 X44.013 Y76.301 E2257.89583
G1 X44.116 Y76.689 E2257.90585
G1 X44.305 Y77.036 E2257.91571
G1 X44.505 Y77.263 E2257.92325
G1 X44.823 Y77.498 E2257.93312
G1 X45.402 Y77.684 E2257.94829
G1 X45.795 Y77.684 E2257.95809
G1 X46.189 Y77.584 E2257.96823
G0 F7200 X46.364 Y77.487
G0 X45.88 Y76.605
G1 F1500 E2251.46823
;MESH:NONMESH
G0 F600 Z4.835
G0 F7200 X45.428 Y74.743
G0 X45.157 Y73.684
G0 X39.965 Y74.743
G0 X38.87 Y74.743
G0 X37.311 Y11.924
G0 X37.163 Y11.924
;TIME_ELAPSED:4970.014058
;LAYER:24
;TYPE:FILL
;MESH:luckfox_top.stl
G1 F1500 E2257.96823
G1 F3000 X37.428 Y11.659 E2257.97758
G0 F7200 X37.428 Y11.811
G0 X39.944 Y11.811
G0 X39.944 Y11.66
G1 F3000 X41.14 Y12.856 E2258.01977
G1 X41.21 Y12.926
G0 F7200 X40.99 Y12.926
G0 X38.462 Y12.962
G0 X38.39 Y15.913
G0 X38.54 Y15.913
G1 F3000 X37.163 Y14.535 E2258.06837
G1 X37.093 Y14.465
G0 F7200 X37.311 Y14.465
G0 X38.39 Y16.204
G0 X38.54 Y16.204
G1 F3000 X37.163 Y17.581 E2258.11694
G1 X37.093 Y17.651
G0 F7200 X37.311 Y17.651
G0 X38.462 Y87.038
G0 X61.538 Y87.038
G0 X61.538 Y12.962
G0 X59.01 Y12.854
G0 X58.86 Y12.854
G1 F3000 X60.054 Y11.661 E2258.15905
G1 X60.124 Y11.591
G0 F7200 X60.123 Y11.81
G0 X62.574 Y11.81
G0 X62.575 Y11.663
G1 F3000 X62.841 Y11.929 E2258.16843
G0 F7200 X62.69 Y11.929
G0 X62.69 Y14.532
G0 X62.84 Y14.532
G1 F3000 X61.46 Y15.911 E2258.2171
G0 F7200 X61.46 Y16.205
G1 F3000 X62.841 Y17.586 E2258.26581
G1 X62.911 Y17.656
G0 F7200 X62.69 Y17.656
G0 X62.69 Y82.418
G0 X62.836 Y82.418
G1 F3000 X61.46 Y83.794 E2258.31436
G0 F7200 X61.46 Y84.087
G1 F3000 X62.836 Y85.464 E2258.36292
G1 X62.906 Y85.534
G0 F7200 X62.69 Y85.534
G0 X62.69 Y88.075
G0 X62.836 Y88.075
G1 F3000 X62.575 Y88.336 E2258.37212
G0 F7200 X62.575 Y88.19
G0 X60.051 Y88.19
G0 X60.051 Y88.335
G1 F3000 X58.676 Y86.96 E2258.42063
G0 F7200 X58.294 Y86.96
G1 F3000 X56.918 Y88.336 E2258.46917
G1 X56.848 Y88.406
G0 F7200 X56.848 Y88.19
G0 X54.394 Y88.19
G0 X54.394 Y88.335
G1 F3000 X54.314 Y88.255 E2258.472
G0 F7200 X54.314 Y88.19
G0 X51.342 Y88.19
G0 X51.342 Y88.255
G1 F3000 X51.261 Y88.336 E2258.47485
G0 F7200 X51.261 Y88.19
G0 X43.08 Y88.19
G0 X43.08 Y88.335
G1 F3000 X41.705 Y86.96 E2258.52336
G0 F7200 X41.323 Y86.96
G1 F3000 X39.949 Y88.335 E2258.57185
G1 X39.879 Y88.405
G0 F7200 X39.879 Y88.19
G0 X37.422 Y88.19
G0 X37.422 Y88.334
G1 F3000 X37.163 Y88.075 E2258.58099
G0 F7200 X37.311 Y88.075
G0 X37.311 Y85.463
G0 X37.163 Y85.463
G1 F3000 X38.54 Y84.086 E2258.62956
G0 F7200 X38.54 Y83.795
G1 F3000 X37.163 Y82.418 E2258.67814
G1 X37.093 Y82.348
G0 F7200 X37.311 Y82.348
G0 X38.462 Y87.038
G0 X44.168 Y87.16
G1 F600 X45.143 Y88.135 E2258.69878
G0 F7200 X45.709 Y88.135
G1 F600 X44.734 Y87.16 E2258.71942
G0 F7200 X45.299 Y87.16
G1 F600 X46.274 Y88.135 E2258.74005
G0 F7200 X46.84 Y88.135
G1 F600 X45.865 Y87.16 E2258.76069
G0 F7200 X46.431 Y87.16
G1 F600 X47.406 Y88.135 E2258.78133
G0 F7200 X47.972 Y88.135
G1 F600 X46.996 Y87.16 E2258.80198
G0 F7200 X47.562 Y87.16
G1 F600 X48.537 Y88.135 E2258.82261
G0 F7200 X49.103 Y88.135
G1 F600 X48.128 Y87.16 E2258.84325
G0 F7200 X48.693 Y87.16
G1 F600 X49.669 Y88.135 E2258.8639
G0 F7200 X50.234 Y88.135
G1 F600 X49.259 Y87.16 E2258.88454
G0 F7200 X49.825 Y87.16
G1 F600 X50.8 Y88.135 E2258.90517
G0 F7200 X51.366 Y88.135
G1 F600 X50.391 Y87.16 E2258.92581
G0 F7200 X50.956 Y87.16
G1 F600 X51.931 Y88.135 E2258.94645
G0 F7200 X52.497 Y88.135
G1 F600 X51.522 Y87.16 E2258.96709
G0 F7200 X52.088 Y87.16
G1 F600 X53.063 Y88.135 E2258.98772
G0 F7200 X53.628 Y88.135
G1 F600 X52.653 Y87.16 E2259.00836
G0 F7200 X53.219 Y87.16
G1 F600 X54.194 Y88.135 E2259.029
G0 F7200 X54.76 Y88.135
G1 F600 X53.785 Y87.16 E2259.04964
G0 F7200 X54.35 Y87.16
G1 F600 X55.325 Y88.135 E2259.07027
G0 F7200 X61.538 Y87.038
G0 X61.125 Y86.625
;TYPE:WALL-INNER
G1 F2400 X60.939 Y86.751 E2259.07588
G1 X60.774 Y86.8 E2259.08017
G1 X39.3 Y86.8 E2259.61584
G1 X39.061 Y86.751 E2259.62193
G1 X38.875 Y86.625 E2259.62753
G1 X38.749 Y86.439 E2259.63314
G1 X38.7 Y86.274 E2259.63743
G1 X38.7 Y13.8 E2261.4453
G1 X38.749 Y13.561 E2261.45139
G1 X38.875 Y13.375 E2261.45699
G1 X39.061 Y13.249 E2261.4626
G1 X39.226 Y13.2 E2261.46689
G1 X41.3 Y13.2 E2261.51863
G1 X41.3 Y11.5 E2261.56103
G1 X37.199 Y11.5 E2261.66333
G1 X37.032 Y11.567 E2261.66782
G1 X37 Y11.699 E2261.67121
G1 X37.001 Y88.334 E2263.58288
G1 X37.051 Y88.454 E2263.58612
G1 X37.196 Y88.5 E2263.58991
G1 X62.849 Y88.5 E2264.22983
G1 X63 Y88.385 E2264.23457
G1 X63 Y11.646 E2266.14883
G1 X62.967 Y11.566 E2266.15099
G1 X62.815 Y11.5 E2266.15512
G1 X58.7 Y11.5 E2266.25777
G1 X58.7 Y13.2 E2266.30018
G1 X60.7 Y13.2 E2266.35007
G1 X60.939 Y13.249 E2266.35615
G1 X61.125 Y13.375 E2266.36176
G1 X61.251 Y13.561 E2266.36736
G1 X61.3 Y13.8 E2266.37345
G1 X61.3 Y86.278 E2268.18142
G1 X61.251 Y86.439 E2268.18561
G1 X61.125 Y86.625 E2268.19122
G0 F7200 X60.898 Y86.235
;TYPE:WALL-OUTER
G1 F1200 X60.842 Y86.342 E2268.19423
G1 X60.735 Y86.397 E2268.19723
G1 X39.244 Y86.4 E2268.73333
G1 X39.158 Y86.342 E2268.73592
G1 X39.103 Y86.235 E2268.73892
G1 X39.1 Y13.744 E2270.54721
G1 X39.158 Y13.658 E2270.5498
G1 X39.265 Y13.603 E2270.5528
G1 X41.7 Y13.6 E2270.61354
G1 X41.7 Y11.1 E2270.6759
G1 X37.136 Y11.1 E2270.78975
G1 X36.848 Y11.193 E2270.7973
G1 X36.66 Y11.401 E2270.8043
G1 X36.6 Y11.652 E2270.81073
G1 X36.601 Y88.415 E2272.7256
G1 X36.711 Y88.676 E2272.73266
G1 X36.924 Y88.848 E2272.73949
G1 X37.151 Y88.9 E2272.7453
G1 X62.92 Y88.9 E2273.38811
G1 X63.105 Y88.832 E2273.39303
G1 X63.286 Y88.679 E2273.39894
G1 X63.365 Y88.535 E2273.40304
G1 X63.4 Y88.353 E2273.40766
G1 X63.4 Y11.576 E2275.32287
G1 X63.253 Y11.28 E2275.33111
G1 X63.084 Y11.157 E2275.33633
G1 X62.866 Y11.1 E2275.34195
G1 X58.3 Y11.1 E2275.45585
G1 X58.3 Y13.6 E2275.51821
G1 X60.764 Y13.6 E2275.57967
G1 X60.9 Y13.736 E2275.58447
G1 X60.898 Y86.235 E2277.39297
G0 F7200 X60.842 Y86.342
G0 X60.772 Y86.378
G0 X61.61 Y86.378
G0 X62.148 Y20.42
;TYPE:SKIN
G1 F671.6 X62.148 Y79.576 E2279.37034
G0 F7200 X62.616 Y80.044
G1 F900 X61.68 Y80.044 E2279.39369
G1 X61.681 Y19.953 E2280.89267
G1 X62.619 Y19.953 E2280.91607
G1 X62.616 Y80.044 E2282.41504
G0 F7200 X61.538 Y87.038
G0 X38.462 Y87.038
G0 X37.85 Y20.422
G1 F666.7 X37.85 Y79.574 E2284.40704
G0 F7200 X38.32 Y80.044
G1 F900 X37.38 Y80.044 E2284.43049
G1 X37.38 Y19.952 E2285.92949
G1 X38.32 Y19.952 E2285.95294
G1 X38.32 Y80.044 E2287.45194
G0 F7200 X38.09 Y80.044
G1 F1500 E2280.95194
G0 F7200 X38.87 Y76.002
G0 X39.965 Y76.002
G0 X44.558 Y73.86
G0 X45.91 Y73.65
G0 X51.951 Y75.957
G0 X53.045 Y75.921
G0 X53.377 Y76.005
;TYPE:FILL
G1 F1500 E2287.45194
G1 F3000 X54.497 Y77.124 E2287.49143
G1 X54.567 Y77.194
G0 F7200 X54.915 Y77.175
;TYPE:WALL-INNER
G1 F2400 X55.157 Y77.022 E2287.49857
G1 X55.367 Y76.796 E2287.50627
G1 X55.509 Y76.54 E2287.51357
G1 X55.586 Y76.234 E2287.52144
G1 X55.593 Y76.031 E2287.52651
G1 X55.537 Y75.735 E2287.53402
G1 X55.409 Y75.461 E2287.54157
G1 X55.213 Y75.225 E2287.54922
G1 X54.856 Y74.991 E2287.55987
G1 X54.545 Y74.913 E2287.56787
G1 X54.258 Y74.913 E2287.57502
G1 X53.881 Y75.021 E2287.58481
G1 X53.639 Y75.174 E2287.59195
G1 X53.431 Y75.398 E2287.59957
G1 X53.29 Y75.655 E2287.60689
G1 X53.215 Y75.943 E2287.61431
G1 X53.229 Y76.327 E2287.6239
G1 X53.321 Y76.612 E2287.63137
G1 X53.475 Y76.858 E2287.63861
G1 X53.7 Y77.067 E2287.64627
G1 X53.955 Y77.209 E2287.65355
G1 X54.251 Y77.284 E2287.66116
G1 X54.538 Y77.284 E2287.66832
G1 X54.915 Y77.175 E2287.67811
G0 F7200 X55.081 Y77.543
;TYPE:WALL-OUTER
G1 F1200 X55.415 Y77.332 E2287.68797
G1 X55.693 Y77.033 E2287.69815
G1 X55.884 Y76.689 E2287.70797
G1 X55.984 Y76.291 E2287.7182
G1 X55.995 Y76 E2287.72547
G1 X55.92 Y75.611 E2287.73535
G1 X55.749 Y75.245 E2287.74543
G1 X55.489 Y74.931 E2287.7556
G1 X54.994 Y74.613 E2287.77027
G1 X54.595 Y74.513 E2287.78053
G1 X54.201 Y74.513 E2287.79036
G1 X53.715 Y74.653 E2287.80298
G1 X53.381 Y74.864 E2287.81283
G1 X53.104 Y75.162 E2287.82298
G1 X52.916 Y75.507 E2287.83278
G1 X52.813 Y75.899 E2287.84289
G1 X52.831 Y76.397 E2287.85533
G1 X52.955 Y76.782 E2287.86542
G1 X53.164 Y77.115 E2287.87522
G1 X53.463 Y77.393 E2287.88541
G1 X53.807 Y77.584 E2287.89522
G1 X54.201 Y77.684 E2287.90536
G1 X54.595 Y77.684 E2287.91519
G1 X55.081 Y77.543 E2287.92781
G0 F7200 X55.25 Y77.437
G0 X54.711 Y76.586
G1 F1500 E2281.42781
G0 F7200 X53.045 Y75.921
G0 X51.951 Y75.957
G0 X48.051 Y75.921
G0 X46.956 Y75.921
G0 X46.607 Y76.02
;TYPE:FILL
G1 F1500 E2287.92781
G1 F3000 X45.502 Y77.124 E2287.96678
G1 X45.432 Y77.194
G0 F7200 X46.357 Y77.022
;TYPE:WALL-INNER
G1 F2400 X46.567 Y76.796 E2287.97447
G1 X46.709 Y76.54 E2287.98178
G1 X46.784 Y76.245 E2287.98937
G1 X46.784 Y75.941 E2287.99695
G1 X46.74 Y75.738 E2288.00213
G1 X46.609 Y75.461 E2288.00978
G1 X46.413 Y75.225 E2288.01743
G1 X46.056 Y74.991 E2288.02808
G1 X45.745 Y74.913 E2288.03608
G1 X45.458 Y74.913 E2288.04324
G1 X45.081 Y75.021 E2288.05302
G1 X44.839 Y75.174 E2288.06016
G1 X44.629 Y75.4 E2288.06786
G1 X44.494 Y75.644 E2288.07481
G1 X44.403 Y76.085 E2288.08604
G1 X44.49 Y76.542 E2288.09765
G1 X44.714 Y76.904 E2288.10827
G1 X45.147 Y77.207 E2288.12145
G1 X45.451 Y77.284 E2288.12927
G1 X45.738 Y77.284 E2288.13643
G1 X46.115 Y77.175 E2288.14622
G1 X46.357 Y77.022 E2288.15336
G0 F7200 X46.281 Y77.543
;TYPE:WALL-OUTER
G1 F1200 X46.615 Y77.332 E2288.16322
G1 X46.893 Y77.033 E2288.1734
G1 X47.084 Y76.689 E2288.18322
G1 X47.184 Y76.295 E2288.19336
G1 X47.184 Y75.898 E2288.20326
G1 X47.121 Y75.609 E2288.21064
G1 X46.949 Y75.245 E2288.22068
G1 X46.689 Y74.931 E2288.23085
G1 X46.194 Y74.613 E2288.24553
G1 X45.795 Y74.513 E2288.25579
G1 X45.401 Y74.513 E2288.26562
G1 X44.915 Y74.653 E2288.27823
G1 X44.581 Y74.864 E2288.28809
G1 X44.303 Y75.163 E2288.29827
G1 X44.114 Y75.503 E2288.30798
G1 X44.001 Y76.053 E2288.32198
G1 X44.011 Y76.29 E2288.3279
G1 X44.116 Y76.69 E2288.33822
G1 X44.43 Y77.189 E2288.35292
G1 X44.751 Y77.452 E2288.36328
G1 X45.004 Y77.583 E2288.37038
G1 X45.401 Y77.684 E2288.3806
G1 X45.795 Y77.684 E2288.39043
G1 X46.281 Y77.543 E2288.40305
G0 F7200 X46.45 Y77.437
G0 X45.911 Y76.586
G1 F1500 E2281.90305
;MESH:NONMESH
G0 F600 Z4.985
G0 F7200 X45.434 Y74.743
G0 X45.128 Y73.694
G0 X39.965 Y74.743
G0 X38.87 Y74.743
G0 X37.311 Y11.925
G0 X37.163 Y11.925
;TIME_ELAPSED:5037.272363
;LAYER:25
;TYPE:FILL
;MESH:luckfox_top.stl
G1 F1500 E2288.40305
G1 F3000 X37.428 Y11.659 E2288.41242
G0 F7200 X37.428 Y11.811
G0 X39.944 Y11.811
G0 X39.944 Y11.66
G1 F3000 X41.14 Y12.856 E2288.45461
G1 X41.21 Y12.926
G0 F7200 X40.99 Y12.926
G0 X38.462 Y12.962
G0 X38.39 Y15.913
G0 X38.54 Y15.913
G1 F3000 X37.163 Y14.535 E2288.50321
G1 X37.093 Y14.465
G0 F7200 X37.311 Y14.466
G0 X38.39 Y16.204
G0 X38.54 Y16.204
G1 F3000 X37.163 Y17.582 E2288.5518
G1 X37.093 Y17.652
G0 F7200 X37.311 Y17.653
G0 X37.311 Y20.192
G0 X37.162 Y20.191
G1 F3000 X37.243 Y20.272 E2288.55466
G0 F7200 X37.311 Y20.272
G0 X37.311 Y23.159
G0 X37.242 Y23.159
G1 F3000 X37.163 Y23.238 E2288.55745
G0 F7200 X37.311 Y23.239
G0 X37.311 Y25.849
G0 X37.162 Y25.848
G1 F3000 X37.243 Y25.929 E2288.5603
G0 F7200 X37.311 Y25.929
G0 X37.311 Y28.816
G0 X37.242 Y28.816
G1 F3000 X37.163 Y28.895 E2288.56309
G0 F7200 X37.311 Y28.896
G0 X37.311 Y31.506
G0 X37.162 Y31.505
G1 F3000 X37.243 Y31.586 E2288.56595
G0 F7200 X37.311 Y31.586
G0 X37.311 Y34.473
G0 X37.242 Y34.473
G1 F3000 X37.163 Y34.552 E2288.56873
G0 F7200 X37.311 Y34.553
G0 X37.311 Y37.162
G0 X37.161 Y37.161
G1 F3000 X37.242 Y37.242 E2288.57159
G0 F7200 X37.311 Y37.242
G0 X37.311 Y40.13
G0 X37.241 Y40.13
G1 F3000 X37.162 Y40.21 E2288.5744
G0 F7200 X37.311 Y40.211
G0 X37.311 Y42.819
G0 X37.161 Y42.818
G1 F3000 X37.242 Y42.899 E2288.57725
G0 F7200 X37.311 Y42.899
G0 X37.311 Y45.787
G0 X37.241 Y45.787
G1 F3000 X37.162 Y45.866 E2288.58004
G0 F7200 X37.311 Y45.867
G0 X37.311 Y48.476
G0 X37.161 Y48.475
G1 F3000 X37.242 Y48.556 E2288.5829
G0 F7200 X37.311 Y48.556
G0 X37.311 Y51.445
G0 X37.24 Y51.445
G1 F3000 X37.161 Y51.524 E2288.58569
G0 F7200 X37.311 Y51.525
G0 X37.311 Y54.132
G0 X37.161 Y54.131
G1 F3000 X37.241 Y54.212 E2288.58853
G0 F7200 X37.311 Y54.212
G0 X37.311 Y57.102
G0 X37.24 Y57.102
G1 F3000 X37.161 Y57.181 E2288.59131
G0 F7200 X37.311 Y57.182
G0 X37.311 Y59.789
G0 X37.161 Y59.788
G1 F3000 X37.241 Y59.869 E2288.59415
G0 F7200 X37.311 Y59.869
G0 X37.311 Y62.759
G0 X37.24 Y62.759
G1 F3000 X37.161 Y62.838 E2288.59694
G0 F7200 X37.311 Y62.839
G0 X37.311 Y65.445
G0 X37.16 Y65.444
G1 F3000 X37.24 Y65.525 E2288.59978
G0 F7200 X37.311 Y65.525
G0 X37.311 Y68.416
G0 X37.24 Y68.416
G1 F3000 X37.161 Y68.495 E2288.60257
G0 F7200 X37.311 Y68.496
G0 X37.311 Y71.102
G0 X37.16 Y71.101
G1 F3000 X37.24 Y71.182 E2288.60541
G0 F7200 X37.311 Y71.182
G0 X37.311 Y74.073
G0 X37.24 Y74.073
G1 F3000 X37.161 Y74.152 E2288.60819
G0 F7200 X37.311 Y74.153
G0 X37.311 Y76.759
G0 X37.16 Y76.758
G1 F3000 X37.24 Y76.838 E2288.61102
G0 F7200 X37.311 Y76.838
G0 X37.311 Y79.73
G0 X37.24 Y79.73
G1 F3000 X37.161 Y79.809 E2288.6138
G0 F7200 X37.311 Y79.81
G0 X37.311 Y82.416
G0 X37.16 Y82.415
G1 F3000 X38.54 Y83.795 E2288.66249
G0 F7200 X38.54 Y84.086
G1 F3000 X37.16 Y85.467 E2288.71119
G1 X37.09 Y85.537
G0 F7200 X37.311 Y85.538
G0 X37.311 Y88.073
G0 X37.16 Y88.072
G1 F3000 X37.428 Y88.34 E2288.72064
G0 F7200 X37.428 Y88.19
G0 X39.943 Y88.19
G0 X39.943 Y88.34
G1 F3000 X41.323 Y86.96 E2288.76932
G0 F7200 X41.705 Y86.96
G1 F3000 X43.085 Y88.34 E2288.81801
G1 X43.155 Y88.41
G0 F7200 X43.155 Y88.19
G0 X56.915 Y88.19
G0 X56.915 Y88.339
G1 F3000 X58.294 Y86.96 E2288.86666
G0 F7200 X58.676 Y86.96
G1 F3000 X60.055 Y88.339 E2288.9153
G1 X60.125 Y88.409
G0 F7200 X60.125 Y88.19
G0 X62.572 Y88.19
G0 X62.572 Y88.339
G1 F3000 X62.835 Y88.076 E2288.92458
G0 F7200 X62.69 Y88.076
G0 X62.69 Y85.463
G0 X62.836 Y85.463
G1 F3000 X61.46 Y84.087 E2288.97312
G0 F7200 X61.46 Y83.794
G1 F3000 X62.835 Y82.419 E2289.02163
G1 X62.905 Y82.349
G0 F7200 X62.69 Y82.349
G0 X62.69 Y79.806
G0 X62.836 Y79.806
G1 F3000 X62.756 Y79.727 E2289.02443
G0 F7200 X62.69 Y79.727
G0 X62.69 Y76.84
G0 X62.757 Y76.84
G1 F3000 X62.836 Y76.761 E2289.02722
G0 F7200 X62.69 Y76.761
G0 X62.69 Y74.15
G0 X62.836 Y74.15
G1 F3000 X62.756 Y74.07 E2289.03004
G0 F7200 X62.69 Y74.07
G0 X62.69 Y71.183
G0 X62.757 Y71.183
G1 F3000 X62.836 Y71.105 E2289.03281
G0 F7200 X62.69 Y71.105
G0 X62.69 Y68.493
G0 X62.836 Y68.493
G1 F3000 X62.756 Y68.413 E2289.03564
G0 F7200 X62.69 Y68.413
G0 X62.69 Y65.526
G0 X62.757 Y65.526
G1 F3000 X62.836 Y65.447 E2289.03842
G0 F7200 X62.69 Y65.447
G0 X62.69 Y62.837
G0 X62.837 Y62.837
G1 F3000 X62.757 Y62.757 E2289.04124
G0 F7200 X62.69 Y62.757
G0 X62.69 Y59.869
G0 X62.758 Y59.869
G1 F3000 X62.836 Y59.79 E2289.04401
G0 F7200 X62.69 Y59.79
G0 X62.69 Y57.18
G0 X62.837 Y57.18
G1 F3000 X62.757 Y57.1 E2289.04684
G0 F7200 X62.69 Y57.1
G0 X62.69 Y54.212
G0 X62.758 Y54.212
G1 F3000 X62.837 Y54.133 E2289.04962
G0 F7200 X62.69 Y54.133
G0 X62.69 Y51.524
G0 X62.838 Y51.524
G1 F3000 X62.757 Y51.443 E2289.05248
G0 F7200 X62.69 Y51.443
G0 X62.69 Y48.554
G0 X62.759 Y48.554
G1 F3000 X62.837 Y48.476 E2289.05523
G0 F7200 X62.69 Y48.476
G0 X62.69 Y45.867
G0 X62.838 Y45.867
G1 F3000 X62.758 Y45.787 E2289.05805
G0 F7200 X62.69 Y45.787
G0 X62.69 Y42.897
G0 X62.759 Y42.897
G1 F3000 X62.838 Y42.818 E2289.06084
G0 F7200 X62.69 Y42.818
G0 X62.69 Y40.211
G0 X62.838 Y40.211
G1 F3000 X62.758 Y40.13 E2289.06368
G0 F7200 X62.69 Y40.13
G0 X62.69 Y37.24
G0 X62.759 Y37.24
G1 F3000 X62.838 Y37.161 E2289.06647
G0 F7200 X62.69 Y37.161
G0 X62.69 Y34.554
G0 X62.838 Y34.554
G1 F3000 X62.759 Y34.474 E2289.06927
G0 F7200 X62.69 Y34.474
G0 X62.69 Y31.583
G0 X62.759 Y31.583
G1 F3000 X62.838 Y31.504 E2289.07206
G0 F7200 X62.69 Y31.504
G0 X62.69 Y28.898
G0 X62.839 Y28.898
G1 F3000 X62.759 Y28.817 E2289.0749
G0 F7200 X62.69 Y28.817
G0 X62.69 Y25.926
G0 X62.759 Y25.926
G1 F3000 X62.838 Y25.847 E2289.07769
G0 F7200 X62.69 Y25.847
G0 X62.69 Y23.241
G0 X62.839 Y23.241
G1 F3000 X62.759 Y23.161 E2289.08051
G0 F7200 X62.69 Y23.161
G0 X62.69 Y20.269
G0 X62.759 Y20.269
G1 F3000 X62.839 Y20.189 E2289.08333
G0 F7200 X62.69 Y20.189
G0 X62.69 Y17.585
G0 X62.84 Y17.585
G1 F3000 X61.46 Y16.205 E2289.13201
G0 F7200 X61.46 Y15.911
G1 F3000 X62.839 Y14.532 E2289.18066
G1 X62.909 Y14.462
G0 F7200 X62.69 Y14.462
G0 X62.69 Y11.928
G0 X62.84 Y11.928
G1 F3000 X62.578 Y11.667 E2289.18989
G0 F7200 X62.577 Y11.811
G0 X60.052 Y11.81
G0 X60.053 Y11.662
G1 F3000 X58.86 Y12.854 E2289.23196
G1 X58.79 Y12.924
G0 F7200 X59.01 Y12.924
G0 X61.538 Y12.962
G0 X61.61 Y86.625
G0 X61.125 Y86.625
;TYPE:WALL-INNER
G1 F2400 X60.939 Y86.751 E2289.23756
G1 X60.774 Y86.8 E2289.24185
G1 X39.3 Y86.8 E2289.77753
G1 X39.061 Y86.751 E2289.78361
G1 X38.875 Y86.625 E2289.78922
G1 X38.749 Y86.439 E2289.79482
G1 X38.7 Y86.274 E2289.79911
G1 X38.7 Y13.8 E2291.60698
G1 X38.749 Y13.561 E2291.61307
G1 X38.875 Y13.375 E2291.61867
G1 X39.061 Y13.249 E2291.62428
G1 X39.226 Y13.2 E2291.62857
G1 X41.3 Y13.2 E2291.68031
G1 X41.3 Y11.5 E2291.72271
G1 X37.11 Y11.5 E2291.82723
G1 X37.001 Y11.632 E2291.83151
G1 X37 Y88.387 E2293.74617
G1 X37.143 Y88.5 E2293.75071
G1 X62.869 Y88.5 E2294.39245
G1 X62.972 Y88.42 E2294.3957
G1 X63 Y88.3 E2294.39878
G1 X63 Y11.613 E2296.31174
G1 X62.863 Y11.5 E2296.31617
G1 X58.7 Y11.5 E2296.42002
G1 X58.7 Y13.2 E2296.46243
G1 X60.7 Y13.2 E2296.51232
G1 X60.939 Y13.249 E2296.5184
G1 X61.125 Y13.375 E2296.52401
G1 X61.251 Y13.561 E2296.52961
G1 X61.3 Y13.8 E2296.5357
G1 X61.3 Y86.278 E2298.34367
G1 X61.251 Y86.439 E2298.34787
G1 X61.125 Y86.625 E2298.35347
G0 F7200 X60.898 Y86.235
;TYPE:WALL-OUTER
G1 F1200 X60.842 Y86.342 E2298.35648
G1 X60.735 Y86.397 E2298.35948
G1 X39.244 Y86.4 E2298.89558
G1 X39.158 Y86.342 E2298.89817
G1 X39.103 Y86.235 E2298.90117
G1 X39.1 Y13.744 E2300.70946
G1 X39.158 Y13.658 E2300.71205
G1 X39.265 Y13.603 E2300.71505
G1 X41.7 Y13.6 E2300.77579
G1 X41.7 Y11.1 E2300.83815
G1 X37.127 Y11.1 E2300.95223
G1 X36.838 Y11.202 E2300.95987
G1 X36.65 Y11.427 E2300.96719
G1 X36.601 Y11.607 E2300.97184
G1 X36.6 Y88.369 E2302.88668
G1 X36.701 Y88.661 E2302.89438
G1 X36.941 Y88.851 E2302.90202
G1 X37.151 Y88.9 E2302.9074
G1 X62.836 Y88.9 E2303.54811
G1 X63.015 Y88.871 E2303.55264
G1 X63.275 Y88.692 E2303.56051
G1 X63.348 Y88.572 E2303.56402
G1 X63.4 Y88.345 E2303.56983
G1 X63.4 Y11.656 E2305.48284
G1 X63.371 Y11.481 E2305.48726
G1 X63.297 Y11.341 E2305.49122
G1 X63.069 Y11.15 E2305.49863
G1 X62.889 Y11.1 E2305.50329
G1 X58.3 Y11.1 E2305.61777
G1 X58.3 Y13.6 E2305.68013
G1 X60.764 Y13.6 E2305.7416
G1 X60.9 Y13.736 E2305.74639
G1 X60.898 Y86.235 E2307.55489
G0 F7200 X60.842 Y86.342
G0 X60.772 Y86.378
G0 X61.61 Y86.378
G0 X45.77 Y87.65
;TYPE:SKIN
G1 F669.1 X54.228 Y87.648 E2307.83866
G0 F7200 X54.696 Y88.116
G1 F900 X45.3 Y88.12 E2308.07305
G1 X45.3 Y87.18 E2308.0965
G1 X54.696 Y87.18 E2308.33088
G1 X54.696 Y88.116 E2308.35423
G0 F7200 X61.538 Y87.038
G0 X62.148 Y20.42
G1 F671.6 X62.148 Y79.576 E2310.3316
G0 F7200 X62.616 Y80.044
G1 F900 X61.68 Y80.044 E2310.35495
G1 X61.68 Y19.952 E2311.85395
G1 X62.616 Y19.952 E2311.8773
G1 X62.616 Y80.044 E2313.3763
G0 F7200 X61.538 Y87.038
G0 X38.462 Y87.038
G0 X37.85 Y20.422
G1 F666.7 X37.85 Y79.574 E2315.3683
G0 F7200 X38.32 Y80.044
G1 F900 X37.38 Y80.044 E2315.39175
G1 X37.38 Y19.952 E2316.89075
G1 X38.32 Y19.952 E2316.9142
G1 X38.32 Y80.044 E2318.4132
G0 F7200 X38.09 Y80.044
G1 F1500 E2311.9132
G0 F7200 X38.87 Y75.999
G0 X39.965 Y75.999
G0 X44.558 Y73.86
G0 X45.909 Y73.65
G0 X51.949 Y75.999
G0 X53.044 Y75.999
G0 X53.372 Y75.999
;TYPE:FILL
G1 F1500 E2318.4132
G1 F3000 X54.495 Y77.123 E2318.45283
G1 X54.565 Y77.193
G0 F7200 X54.915 Y77.175
;TYPE:WALL-INNER
G1 F2400 X55.157 Y77.022 E2318.45997
G1 X55.367 Y76.796 E2318.46767
G1 X55.509 Y76.541 E2318.47495
G1 X55.584 Y76.245 E2318.48257
G1 X55.584 Y75.958 E2318.48973
G1 X55.475 Y75.581 E2318.49952
G1 X55.322 Y75.339 E2318.50666
G1 X55.098 Y75.131 E2318.51428
G1 X54.84 Y74.99 E2318.52162
G1 X54.542 Y74.913 E2318.5293
G1 X54.258 Y74.913 E2318.53638
G1 X53.881 Y75.021 E2318.54616
G1 X53.639 Y75.174 E2318.5533
G1 X53.431 Y75.398 E2318.56093
G1 X53.29 Y75.656 E2318.56826
G1 X53.212 Y75.953 E2318.57592
G1 X53.212 Y76.239 E2318.58306
G1 X53.321 Y76.615 E2318.59282
G1 X53.475 Y76.858 E2318.6
G1 X53.684 Y77.054 E2318.60715
G1 X54.109 Y77.258 E2318.61891
G1 X54.539 Y77.284 E2318.62965
G1 X54.915 Y77.175 E2318.63942
G0 F7200 X55.081 Y77.543
;TYPE:WALL-OUTER
G1 F1200 X55.415 Y77.332 E2318.64927
G1 X55.693 Y77.033 E2318.65946
G1 X55.884 Y76.689 E2318.66927
G1 X55.984 Y76.295 E2318.67941
G1 X55.984 Y75.901 E2318.68924
G1 X55.843 Y75.415 E2318.70186
G1 X55.632 Y75.081 E2318.71172
G1 X55.334 Y74.804 E2318.72187
G1 X54.989 Y74.616 E2318.73167
G1 X54.594 Y74.513 E2318.74185
G1 X54.201 Y74.513 E2318.75166
G1 X53.715 Y74.653 E2318.76427
G1 X53.381 Y74.864 E2318.77413
G1 X53.104 Y75.162 E2318.78428
G1 X52.916 Y75.507 E2318.79408
G1 X52.812 Y75.902 E2318.80427
G1 X52.812 Y76.295 E2318.81407
G1 X52.953 Y76.781 E2318.82669
G1 X53.164 Y77.115 E2318.83655
G1 X53.455 Y77.388 E2318.8465
G1 X53.981 Y77.64 E2318.86105
G1 X54.193 Y77.684 E2318.86645
G1 X54.595 Y77.684 E2318.87648
G1 X55.081 Y77.543 E2318.8891
G0 F7200 X55.25 Y77.437
G0 X54.711 Y76.586
G1 F1500 E2312.3891
G0 F7200 X53.044 Y76.003
G0 X51.949 Y76.003
G0 X48.051 Y76.003
G0 X46.956 Y76.003
G0 X46.624 Y76.003
;TYPE:FILL
G1 F1500 E2318.8891
G1 F3000 X45.502 Y77.124 E2318.92867
G1 X45.432 Y77.194
G0 F7200 X46.115 Y77.175
;TYPE:WALL-INNER
G1 F2400 X46.357 Y77.022 E2318.93581
G1 X46.567 Y76.796 E2318.9435
G1 X46.709 Y76.541 E2318.95079
G1 X46.784 Y76.245 E2318.9584
G1 X46.784 Y75.958 E2318.96556
G1 X46.675 Y75.581 E2318.97535
G1 X46.522 Y75.339 E2318.98249
G1 X46.298 Y75.131 E2318.99012
G1 X46.04 Y74.99 E2318.99745
G1 X45.742 Y74.913 E2319.00513
G1 X45.458 Y74.913 E2319.01221
G1 X45.081 Y75.021 E2319.022
G1 X44.839 Y75.174 E2319.02914
G1 X44.631 Y75.398 E2319.03676
G1 X44.49 Y75.655 E2319.04408
G1 X44.412 Y75.954 E2319.05178
G1 X44.412 Y76.242 E2319.05897
G1 X44.49 Y76.54 E2319.06665
G1 X44.626 Y76.788 E2319.07371
G1 X44.91 Y77.072 E2319.08373
G1 X45.156 Y77.209 E2319.09075
G1 X45.451 Y77.284 E2319.09834
G1 X45.738 Y77.284 E2319.1055
G1 X46.115 Y77.175 E2319.11529
G0 F7200 X46.281 Y77.543
;TYPE:WALL-OUTER
G1 F1200 X46.615 Y77.332 E2319.12515
G1 X46.893 Y77.033 E2319.13533
G1 X47.084 Y76.689 E2319.14515
G1 X47.184 Y76.295 E2319.15529
G1 X47.184 Y75.901 E2319.16512
G1 X47.043 Y75.415 E2319.17774
G1 X46.832 Y75.081 E2319.18759
G1 X46.534 Y74.804 E2319.19774
G1 X46.189 Y74.616 E2319.20754
G1 X45.794 Y74.513 E2319.21773
G1 X45.401 Y74.513 E2319.22753
G1 X44.915 Y74.653 E2319.24015
G1 X44.581 Y74.864 E2319.25
G1 X44.304 Y75.162 E2319.26015
G1 X44.116 Y75.507 E2319.26995
G1 X44.012 Y75.902 E2319.28014
G1 X44.012 Y76.294 E2319.28992
G1 X44.116 Y76.689 E2319.30011
G1 X44.302 Y77.03 E2319.3098
G1 X44.666 Y77.394 E2319.32264
G1 X45.007 Y77.584 E2319.33238
G1 X45.401 Y77.684 E2319.34252
G1 X45.795 Y77.684 E2319.35234
G1 X46.281 Y77.543 E2319.36497
G0 F7200 X46.45 Y77.437
G0 X45.911 Y76.586
G1 F1500 E2312.86497
;MESH:NONMESH
G0 F600 Z5.135
G0 F7200 X45.434 Y74.743
G0 X45.128 Y73.694
G0 X39.965 Y74.743
G0 X38.87 Y74.743
G0 X37.311 Y11.928
G0 X37.161 Y11.927
;TIME_ELAPSED:5105.099240
;LAYER:26
;TYPE:FILL
;MESH:luckfox_top.stl
G1 F1500 E2319.36497
G1 F3000 X37.428 Y11.659 E2319.3744
G0 F7200 X37.428 Y11.811
G0 X39.944 Y11.811
G0 X39.944 Y11.66
G1 F3000 X41.14 Y12.856 E2319.4166
G1 X41.21 Y12.926
G0 F7200 X40.99 Y12.926
G0 X38.462 Y12.962
G0 X38.39 Y15.913
G0 X38.54 Y15.913
G1 F3000 X37.16 Y14.532 E2319.4653
G1 X37.09 Y14.462
G0 F7200 X37.311 Y14.463
G0 X38.39 Y16.204
G0 X38.54 Y16.204
G1 F3000 X37.161 Y17.584 E2319.51396
G1 X37.091 Y17.654
G0 F7200 X37.311 Y17.655
G0 X37.311 Y20.19
G0 X37.16 Y20.189
G1 F3000 X37.24 Y20.27 E2319.5168
G0 F7200 X37.311 Y20.27
G0 X37.311 Y23.161
G0 X37.24 Y23.161
G1 F3000 X37.161 Y23.24 E2319.51959
G0 F7200 X37.311 Y23.241
G0 X37.311 Y25.847
G0 X37.16 Y25.846
G1 F3000 X37.24 Y25.927 E2319.52243
G0 F7200 X37.311 Y25.927
G0 X37.311 Y28.818
G0 X37.24 Y28.818
G1 F3000 X37.161 Y28.897 E2319.52522
G0 F7200 X37.311 Y28.898
G0 X37.311 Y31.505
G0 X37.161 Y31.504
G1 F3000 X37.24 Y31.584 E2319.52802
G0 F7200 X37.311 Y31.584
G0 X37.311 Y34.475
G0 X37.24 Y34.475
G1 F3000 X37.161 Y34.553 E2319.53079
G0 F7200 X37.311 Y34.554
G0 X37.311 Y37.162
G0 X37.161 Y37.161
G1 F3000 X37.241 Y37.241 E2319.53361
G0 F7200 X37.311 Y37.241
G0 X37.311 Y40.131
G0 X37.24 Y40.131
G1 F3000 X37.161 Y40.21 E2319.5364
G0 F7200 X37.311 Y40.211
G0 X37.311 Y42.818
G0 X37.161 Y42.817
G1 F3000 X37.241 Y42.898 E2319.53924
G0 F7200 X37.311 Y42.898
G0 X37.311 Y45.788
G0 X37.24 Y45.788
G1 F3000 X37.161 Y45.867 E2319.54203
G0 F7200 X37.311 Y45.868
G0 X37.311 Y48.475
G0 X37.161 Y48.474
G1 F3000 X37.241 Y48.555 E2319.54487
G0 F7200 X37.311 Y48.555
G0 X37.311 Y51.444
G0 X37.241 Y51.444
G1 F3000 X37.162 Y51.523 E2319.54765
G0 F7200 X37.311 Y51.524
G0 X37.311 Y54.133
G0 X37.161 Y54.132
G1 F3000 X37.242 Y54.212 E2319.55049
G0 F7200 X37.311 Y54.212
G0 X37.311 Y57.101
G0 X37.241 Y57.101
G1 F3000 X37.162 Y57.18 E2319.55328
G0 F7200 X37.311 Y57.181
G0 X37.311 Y59.79
G0 X37.161 Y59.789
G1 F3000 X37.242 Y59.869 E2319.55612
G0 F7200 X37.311 Y59.869
G0 X37.311 Y62.758
G0 X37.241 Y62.758
G1 F3000 X37.162 Y62.837 E2319.55891
G0 F7200 X37.311 Y62.838
G0 X37.311 Y65.447
G0 X37.161 Y65.446
G1 F3000 X37.243 Y65.527 E2319.56178
G0 F7200 X37.311 Y65.527
G0 X37.311 Y68.414
G0 X37.242 Y68.414
G1 F3000 X37.162 Y68.494 E2319.56461
G0 F7200 X37.311 Y68.495
G0 X37.311 Y71.104
G0 X37.162 Y71.103
G1 F3000 X37.243 Y71.184 E2319.56746
G0 F7200 X37.311 Y71.184
G0 X37.311 Y74.071
G0 X37.242 Y74.071
G1 F3000 X37.163 Y74.15 E2319.57025
G0 F7200 X37.311 Y74.151
G0 X37.311 Y76.761
G0 X37.162 Y76.76
G1 F3000 X37.243 Y76.841 E2319.57311
G0 F7200 X37.311 Y76.841
G0 X37.311 Y79.728
G0 X37.242 Y79.728
G1 F3000 X37.163 Y79.807 E2319.57589
G0 F7200 X37.311 Y79.808
G0 X37.311 Y82.418
G0 X37.162 Y82.417
G1 F3000 X38.54 Y83.795 E2319.62451
G0 F7200 X38.54 Y84.086
G1 F3000 X37.163 Y85.464 E2319.6731
G1 X37.093 Y85.534
G0 F7200 X37.311 Y85.535
G0 X37.311 Y88.075
G0 X37.162 Y88.074
G1 F3000 X37.428 Y88.34 E2319.68249
G0 F7200 X37.428 Y88.19
G0 X39.943 Y88.19
G0 X39.943 Y88.34
G1 F3000 X41.323 Y86.96 E2319.73117
G0 F7200 X41.705 Y86.96
G1 F3000 X43.084 Y88.339 E2319.77982
G1 X43.154 Y88.409
G0 F7200 X43.154 Y88.19
G0 X56.916 Y88.19
G0 X56.916 Y88.337
G1 F3000 X58.294 Y86.96 E2319.82841
G0 F7200 X58.676 Y86.96
G1 F3000 X60.052 Y88.336 E2319.87695
G1 X60.122 Y88.406
G0 F7200 X60.122 Y88.19
G0 X62.574 Y88.19
G0 X62.574 Y88.337
G1 F3000 X62.84 Y88.071 E2319.88634
G0 F7200 X62.69 Y88.071
G0 X62.69 Y85.468
G0 X62.841 Y85.468
G1 F3000 X61.46 Y84.087 E2319.93506
G0 F7200 X61.46 Y83.794
G1 F3000 X62.84 Y82.414 E2319.98374
G1 X62.91 Y82.344
G0 F7200 X62.69 Y82.344
G0 X62.69 Y17.585
G0 X62.84 Y17.585
G1 F3000 X61.46 Y16.205 E2320.03242
G0 F7200 X61.46 Y15.911
G1 F3000 X62.84 Y14.532 E2320.08109
G1 X62.91 Y14.462
G0 F7200 X62.69 Y14.462
G0 X62.69 Y11.928
G0 X62.84 Y11.928
G1 F3000 X62.572 Y11.66 E2320.09054
G0 F7200 X62.571 Y11.811
G0 X60.054 Y11.81
G0 X60.055 Y11.659
G1 F3000 X58.86 Y12.854 E2320.1327
G1 X58.79 Y12.924
G0 F7200 X59.01 Y12.924
G0 X61.538 Y12.962
G0 X61.61 Y86.625
G0 X61.125 Y86.625
;TYPE:WALL-INNER
G1 F2400 X60.939 Y86.751 E2320.1383
G1 X60.774 Y86.8 E2320.1426
G1 X39.3 Y86.8 E2320.67827
G1 X39.061 Y86.751 E2320.68435
G1 X38.875 Y86.625 E2320.68996
G1 X38.749 Y86.439 E2320.69556
G1 X38.7 Y86.274 E2320.69986
G1 X38.7 Y13.8 E2322.50773
G1 X38.749 Y13.561 E2322.51381
G1 X38.875 Y13.375 E2322.51942
G1 X39.061 Y13.249 E2322.52502
G1 X39.226 Y13.2 E2322.52932
G1 X41.3 Y13.2 E2322.58105
G1 X41.3 Y11.5 E2322.62346
G1 X37.199 Y11.5 E2322.72576
G1 X37 Y11.584 E2322.73115
G1 X37 Y88.334 E2324.64568
G1 X37.049 Y88.451 E2324.64885
G1 X37.153 Y88.5 E2324.65171
G1 X62.83 Y88.5 E2325.29223
G1 X62.948 Y88.45 E2325.29543
G1 X63 Y88.35 E2325.29824
G1 X63 Y11.669 E2327.21105
G1 X62.962 Y11.582 E2327.21342
G1 X62.835 Y11.5 E2327.21719
G1 X58.7 Y11.5 E2327.32034
G1 X58.7 Y13.2 E2327.36275
G1 X60.7 Y13.2 E2327.41264
G1 X60.939 Y13.249 E2327.41872
G1 X61.125 Y13.375 E2327.42433
G1 X61.251 Y13.561 E2327.42993
G1 X61.3 Y13.8 E2327.43602
G1 X61.3 Y86.278 E2329.24399
G1 X61.251 Y86.439 E2329.24819
G1 X61.125 Y86.625 E2329.25379
G0 F7200 X60.898 Y86.235
;TYPE:WALL-OUTER
G1 F1200 X60.842 Y86.342 E2329.2568
G1 X60.735 Y86.397 E2329.2598
G1 X39.244 Y86.4 E2329.7959
G1 X39.158 Y86.342 E2329.79849
G1 X39.103 Y86.235 E2329.80149
G1 X39.1 Y13.744 E2331.60978
G1 X39.158 Y13.658 E2331.61237
G1 X39.265 Y13.603 E2331.61537
G1 X41.7 Y13.6 E2331.67611
G1 X41.7 Y11.1 E2331.73848
G1 X37.136 Y11.1 E2331.85233
G1 X36.847 Y11.193 E2331.8599
G1 X36.654 Y11.409 E2331.86713
G1 X36.6 Y11.607 E2331.87224
G1 X36.6 Y88.415 E2333.78823
G1 X36.711 Y88.677 E2333.79533
G1 X36.797 Y88.768 E2333.79845
G1 X37.099 Y88.9 E2333.80667
G1 X62.911 Y88.9 E2334.45055
G1 X63.172 Y88.789 E2334.45763
G1 X63.267 Y88.7 E2334.46088
G1 X63.4 Y88.399 E2334.46908
G1 X63.4 Y11.586 E2336.38519
G1 X63.291 Y11.336 E2336.392
G1 X63.069 Y11.15 E2336.39922
G1 X62.889 Y11.1 E2336.40388
G1 X58.3 Y11.1 E2336.51835
G1 X58.3 Y13.6 E2336.58072
G1 X60.764 Y13.6 E2336.64218
G1 X60.9 Y13.736 E2336.64698
G1 X60.898 Y86.235 E2338.45547
G0 F7200 X60.842 Y86.342
G0 X60.772 Y86.378
G0 X61.61 Y86.378
G0 X45.56 Y87.648
;TYPE:SKIN
G1 F671.6 X54.436 Y87.648 E2338.75217
G0 F7200 X54.904 Y88.116
G1 F900 X45.096 Y88.116 E2338.99683
G1 X45.093 Y87.18 E2339.02018
G1 X54.904 Y87.18 E2339.26491
G1 X54.904 Y88.116 E2339.28826
G0 F7200 X61.538 Y87.038
G0 X62.15 Y20.422
G1 F666.7 X62.15 Y79.574 E2341.28026
G0 F7200 X62.62 Y80.044
G1 F900 X61.68 Y80.044 E2341.30371
G1 X61.68 Y19.952 E2342.80271
G1 X62.62 Y19.952 E2342.82616
G1 X62.62 Y80.044 E2344.32516
G0 F7200 X61.538 Y87.038
G0 X38.462 Y87.038
G0 X37.85 Y20.422
G1 F666.7 X37.85 Y79.574 E2346.31715
G0 F7200 X38.32 Y80.044
G1 F900 X37.38 Y80.044 E2346.3406
G1 X37.38 Y19.952 E2347.8396
G1 X38.32 Y19.952 E2347.86305
G1 X38.32 Y80.044 E2349.36205
G0 F7200 X38.09 Y80.044
G1 F1500 E2342.86205
G0 F7200 X38.87 Y76.891
G0 X39.965 Y76.891
G0 X45.291 Y78.55
G0 X52.069 Y76.874
G0 X53.128 Y76.603
G0 X54.79 Y76.891
G0 X54.915 Y77.175
;TYPE:WALL-INNER
G1 F1500 E2349.36205
G1 F2400 X55.157 Y77.022 E2349.36919
G1 X55.367 Y76.796 E2349.37689
G1 X55.509 Y76.54 E2349.38419
G1 X55.584 Y76.245 E2349.39179
G1 X55.584 Y75.952 E2349.39909
G1 X55.509 Y75.655 E2349.40674
G1 X55.285 Y75.293 E2349.41735
G1 X55.027 Y75.08 E2349.4257
G1 X54.85 Y74.989 E2349.43067
G1 X54.545 Y74.913 E2349.43851
G1 X54.258 Y74.913 E2349.44567
G1 X53.881 Y75.021 E2349.45545
G1 X53.639 Y75.174 E2349.46259
G1 X53.431 Y75.398 E2349.47022
G1 X53.29 Y75.655 E2349.47753
G1 X53.212 Y75.954 E2349.48524
G1 X53.212 Y76.242 E2349.49242
G1 X53.291 Y76.542 E2349.50016
G1 X53.513 Y76.904 E2349.51075
G1 X53.762 Y77.107 E2349.51877
G1 X54.15 Y77.269 E2349.52925
G1 X54.547 Y77.281 E2349.53916
G1 X54.915 Y77.175 E2349.54871
G0 F7200 X55.081 Y77.543
;TYPE:WALL-OUTER
G1 F1200 X55.415 Y77.332 E2349.55857
G1 X55.693 Y77.033 E2349.56875
G1 X55.884 Y76.689 E2349.57857
G1 X55.984 Y76.295 E2349.58871
G1 X55.984 Y75.902 E2349.59851
G1 X55.884 Y75.507 E2349.60868
G1 X55.569 Y75.01 E2349.62335
G1 X55.249 Y74.744 E2349.63373
G1 X54.992 Y74.613 E2349.64093
G1 X54.595 Y74.513 E2349.65114
G1 X54.201 Y74.513 E2349.66097
G1 X53.715 Y74.653 E2349.67359
G1 X53.381 Y74.864 E2349.68344
G1 X53.104 Y75.162 E2349.69359
G1 X52.916 Y75.507 E2349.70339
G1 X52.812 Y75.902 E2349.71358
G1 X52.812 Y76.294 E2349.72336
G1 X52.916 Y76.69 E2349.73357
G1 X53.23 Y77.189 E2349.74828
G1 X53.545 Y77.446 E2349.75842
G1 X53.891 Y77.615 E2349.76803
G1 X54.093 Y77.668 E2349.77324
G1 X54.598 Y77.683 E2349.78584
G1 X55.081 Y77.543 E2349.79838
G0 F7200 X55.25 Y77.437
G0 X54.756 Y76.824
;TYPE:SKIN
G1 F900 X54.498 Y76.898 E2349.80508
G1 X54.217 Y76.889 E2349.81209
G1 X53.969 Y76.782 E2349.81883
G1 X53.79 Y76.638 E2349.82456
G1 X53.647 Y76.398 E2349.83153
G1 X53.592 Y76.002 E2349.8415
G1 X53.648 Y75.791 E2349.84695
G1 X53.882 Y75.468 E2349.8569
G1 X54.039 Y75.369 E2349.86153
G1 X54.308 Y75.292 E2349.86851
G1 X54.702 Y75.345 E2349.87842
G1 X55.01 Y75.564 E2349.88785
G1 X55.149 Y75.791 E2349.89449
G1 X55.204 Y76.193 E2349.90461
G1 X55.056 Y76.569 E2349.91469
G1 X54.756 Y76.824 E2349.92451
G0 F7200 X53.841 Y75.902
G1 F900 X54.599 Y76.66 E2349.95126
G0 F7200 X54.91 Y76.406
G1 F900 X54.087 Y75.583 E2349.98029
G0 F7200 X54.598 Y75.528
G1 F900 X54.968 Y75.898 E2349.99334
G0 F7200 X54.945 Y75.903
G1 F1500 E2343.49334
G0 F7200 X53.043 Y76.272
G0 X51.949 Y76.272
G0 X48.051 Y76.272
G0 X46.957 Y76.272
G0 X45.989 Y76.89
G0 X46.115 Y77.175
;TYPE:WALL-INNER
G1 F1500 E2349.99334
G1 F2400 X46.357 Y77.022 E2350.00048
G1 X46.567 Y76.796 E2350.00818
G1 X46.709 Y76.54 E2350.01548
G1 X46.784 Y76.245 E2350.02307
G1 X46.784 Y75.941 E2350.03066
G1 X46.74 Y75.738 E2350.03584
G1 X46.605 Y75.452 E2350.04373
G1 X46.474 Y75.285 E2350.04902
G1 X46.227 Y75.08 E2350.05703
G1 X46.05 Y74.99 E2350.06198
G1 X45.745 Y74.913 E2350.06983
G1 X45.458 Y74.913 E2350.07699
G1 X45.081 Y75.021 E2350.08677
G1 X44.839 Y75.174 E2350.09391
G1 X44.631 Y75.398 E2350.10154
G1 X44.49 Y75.656 E2350.10887
G1 X44.412 Y75.953 E2350.11653
G1 X44.412 Y76.239 E2350.12367
G1 X44.52 Y76.612 E2350.13335
G1 X44.681 Y76.86 E2350.14073
G1 X44.901 Y77.067 E2350.14827
G1 X45.156 Y77.209 E2350.15555
G1 X45.451 Y77.284 E2350.16314
G1 X45.738 Y77.284 E2350.1703
G1 X46.115 Y77.175 E2350.18009
G0 F7200 X46.281 Y77.543
;TYPE:WALL-OUTER
G1 F1200 X46.615 Y77.332 E2350.18994
G1 X46.893 Y77.033 E2350.20013
G1 X47.084 Y76.689 E2350.20994
G1 X47.184 Y76.295 E2350.22008
G1 X47.184 Y75.898 E2350.22999
G1 X47.121 Y75.609 E2350.23736
G1 X46.948 Y75.242 E2350.24749
G1 X46.763 Y75.005 E2350.25499
G1 X46.449 Y74.744 E2350.26517
G1 X46.192 Y74.613 E2350.27237
G1 X45.795 Y74.513 E2350.28258
G1 X45.401 Y74.513 E2350.29241
G1 X44.915 Y74.653 E2350.30502
G1 X44.581 Y74.864 E2350.31488
G1 X44.304 Y75.162 E2350.32503
G1 X44.116 Y75.507 E2350.33483
G1 X44.012 Y75.902 E2350.34502
G1 X44.012 Y76.295 E2350.35482
G1 X44.152 Y76.78 E2350.36741
G1 X44.371 Y77.118 E2350.37746
G1 X44.663 Y77.393 E2350.38747
G1 X45.007 Y77.584 E2350.39728
G1 X45.401 Y77.684 E2350.40742
G1 X45.795 Y77.684 E2350.41725
G1 X46.281 Y77.543 E2350.42987
G0 F7200 X46.45 Y77.437
G0 X45.956 Y76.824
;TYPE:SKIN
G1 F900 X45.683 Y76.904 E2350.43697
G1 X45.502 Y76.904 E2350.44148
G1 X45.127 Y76.757 E2350.45153
G1 X44.869 Y76.452 E2350.4615
G1 X44.792 Y76.184 E2350.46845
G1 X44.848 Y75.791 E2350.47835
G1 X45.082 Y75.468 E2350.4883
G1 X45.239 Y75.369 E2350.49293
G1 X45.508 Y75.293 E2350.49991
G1 X45.686 Y75.293 E2350.50435
G1 X46.024 Y75.407 E2350.51325
G1 X46.282 Y75.658 E2350.52222
G1 X46.371 Y75.848 E2350.52746
G1 X46.398 Y76.202 E2350.53631
G1 X46.256 Y76.569 E2350.54613
G1 X45.956 Y76.824 E2350.55595
G0 F7200 X45.008 Y76.121
G1 F900 X45.58 Y76.693 E2350.57613
G0 F7200 X45.991 Y76.538
G1 F900 X45.152 Y75.699 E2350.60573
G0 F7200 X45.534 Y75.515
G1 F900 X46.196 Y76.177 E2350.62908
G1 X46.266 Y76.247
G0 F7200 X46.166 Y76.22
G1 F1500 E2344.12908
;MESH:NONMESH
G0 F600 Z5.285
G0 F7200 X45.434 Y74.743
G0 X45.128 Y73.694
G0 X39.965 Y74.743
G0 X38.87 Y74.743
G0 X37.311 Y11.928
G0 X37.161 Y11.927
;TIME_ELAPSED:5173.304578
;LAYER:27
;TYPE:FILL
;MESH:luckfox_top.stl
G1 F1500 E2350.62908
G1 F3000 X37.428 Y11.659 E2350.63852
G0 F7200 X37.428 Y11.811
G0 X39.944 Y11.811
G0 X39.944 Y11.66
G1 F3000 X41.14 Y12.856 E2350.68071
G1 X41.21 Y12.926
G0 F7200 X40.99 Y12.926
G0 X38.462 Y12.962
G0 X38.39 Y15.913
G0 X38.54 Y15.913
G1 F3000 X37.16 Y14.532 E2350.72941
G1 X37.09 Y14.462
G0 F7200 X37.311 Y14.463
G0 X38.39 Y16.204
G0 X38.54 Y16.204
G1 F3000 X37.161 Y17.583 E2350.77806
G1 X37.091 Y17.653
G0 F7200 X37.311 Y17.654
G0 X37.311 Y20.192
G0 X37.161 Y20.191
G1 F3000 X37.242 Y20.271 E2350.7809
G0 F7200 X37.311 Y20.271
G0 X37.311 Y23.16
G0 X37.241 Y23.16
G1 F3000 X37.162 Y23.239 E2350.78369
G0 F7200 X37.311 Y23.24
G0 X37.311 Y25.849
G0 X37.161 Y25.848
G1 F3000 X37.242 Y25.928 E2350.78653
G0 F7200 X37.311 Y25.928
G0 X37.311 Y28.817
G0 X37.241 Y28.817
G1 F3000 X37.162 Y28.896 E2350.78931
G0 F7200 X37.311 Y28.897
G0 X37.311 Y31.505
G0 X37.161 Y31.504
G1 F3000 X37.243 Y31.586 E2350.79221
G0 F7200 X37.311 Y31.586
G0 X37.311 Y34.473
G0 X37.242 Y34.473
G1 F3000 X37.163 Y34.552 E2350.79499
G0 F7200 X37.311 Y34.553
G0 X37.311 Y37.163
G0 X37.162 Y37.162
G1 F3000 X37.243 Y37.243 E2350.79785
G0 F7200 X37.311 Y37.243
G0 X37.311 Y40.129
G0 X37.243 Y40.129
G1 F3000 X37.163 Y40.209 E2350.80067
G0 F7200 X37.311 Y40.21
G0 X37.311 Y42.82
G0 X37.162 Y42.819
G1 F3000 X37.243 Y42.9 E2350.80353
G0 F7200 X37.311 Y42.9
G0 X37.311 Y45.786
G0 X37.243 Y45.786
G1 F3000 X37.163 Y45.865 E2350.80634
G0 F7200 X37.311 Y45.866
G0 X37.311 Y48.477
G0 X37.163 Y48.476
G1 F3000 X37.243 Y48.557 E2350.80918
G0 F7200 X37.311 Y48.557
G0 X37.311 Y51.442
G0 X37.243 Y51.442
G1 F3000 X37.163 Y51.522 E2350.812
G0 F7200 X37.311 Y51.523
G0 X37.311 Y54.134
G0 X37.163 Y54.133
G1 F3000 X37.244 Y54.215 E2350.81487
G0 F7200 X37.311 Y54.215
G0 X37.311 Y57.099
G0 X37.243 Y57.099
G1 F3000 X37.164 Y57.178 E2350.81766
G0 F7200 X37.311 Y57.179
G0 X37.311 Y59.792
G0 X37.163 Y59.791
G1 F3000 X37.244 Y59.871 E2350.8205
G0 F7200 X37.311 Y59.871
G0 X37.311 Y62.755
G0 X37.244 Y62.755
G1 F3000 X37.164 Y62.835 E2350.82332
G0 F7200 X37.311 Y62.836
G0 X37.311 Y65.449
G0 X37.163 Y65.448
G1 F3000 X37.245 Y65.529 E2350.8262
G0 F7200 X37.311 Y65.529
G0 X37.311 Y68.412
G0 X37.244 Y68.412
G1 F3000 X37.165 Y68.491 E2350.82898
G0 F7200 X37.311 Y68.492
G0 X37.311 Y71.106
G0 X37.164 Y71.105
G1 F3000 X37.245 Y71.187 E2350.83186
G0 F7200 X37.311 Y71.187
G0 X37.311 Y74.068
G0 X37.245 Y74.068
G1 F3000 X37.165 Y74.148 E2350.83468
G0 F7200 X37.311 Y74.149
G0 X37.311 Y76.763
G0 X37.164 Y76.762
G1 F3000 X37.245 Y76.843 E2350.83754
G0 F7200 X37.311 Y76.843
G0 X37.311 Y79.725
G0 X37.245 Y79.725
G1 F3000 X37.165 Y79.805 E2350.84036
G0 F7200 X37.311 Y79.806
G0 X37.311 Y82.421
G0 X37.165 Y82.42
G1 F3000 X38.54 Y83.795 E2350.88887
G0 F7200 X38.54 Y84.086
G1 F3000 X37.166 Y85.46 E2350.93734
G1 X37.096 Y85.53
G0 F7200 X37.311 Y85.531
G0 X37.311 Y88.078
G0 X37.166 Y88.077
G1 F3000 X37.427 Y88.339 E2350.94656
G0 F7200 X37.427 Y88.19
G0 X39.944 Y88.19
G0 X39.944 Y88.34
G1 F3000 X41.323 Y86.96 E2350.99523
G0 F7200 X41.705 Y86.96
G1 F3000 X43.084 Y88.339 E2351.04388
G1 X43.154 Y88.409
G0 F7200 X43.154 Y88.19
G0 X56.915 Y88.19
G0 X56.915 Y88.339
G1 F3000 X58.294 Y86.96 E2351.09253
G0 F7200 X58.676 Y86.96
G1 F3000 X60.053 Y88.337 E2351.1411
G1 X60.123 Y88.407
G0 F7200 X60.123 Y88.19
G0 X62.573 Y88.19
G0 X62.573 Y88.338
G1 F3000 X62.835 Y88.076 E2351.15035
G0 F7200 X62.69 Y88.076
G0 X62.69 Y85.463
G0 X62.836 Y85.463
G1 F3000 X61.46 Y84.087 E2351.19889
G0 F7200 X61.46 Y83.794
G1 F3000 X62.835 Y82.419 E2351.2474
G1 X62.905 Y82.349
G0 F7200 X62.69 Y82.349
G0 X62.69 Y79.806
G0 X62.836 Y79.806
G1 F3000 X62.756 Y79.727 E2351.2502
G0 F7200 X62.69 Y79.727
G0 X62.69 Y76.84
G0 X62.757 Y76.84
G1 F3000 X62.836 Y76.761 E2351.25299
G0 F7200 X62.69 Y76.761
G0 X62.69 Y74.15
G0 X62.836 Y74.15
G1 F3000 X62.756 Y74.07 E2351.25581
G0 F7200 X62.69 Y74.07
G0 X62.69 Y71.183
G0 X62.757 Y71.183
G1 F3000 X62.836 Y71.105 E2351.25858
G0 F7200 X62.69 Y71.105
G0 X62.69 Y68.493
G0 X62.836 Y68.493
G1 F3000 X62.756 Y68.413 E2351.2614
G0 F7200 X62.69 Y68.413
G0 X62.69 Y65.526
G0 X62.757 Y65.526
G1 F3000 X62.836 Y65.447 E2351.26419
G0 F7200 X62.69 Y65.447
G0 X62.69 Y62.837
G0 X62.837 Y62.837
G1 F3000 X62.757 Y62.757 E2351.26701
G0 F7200 X62.69 Y62.757
G0 X62.69 Y59.869
G0 X62.758 Y59.869
G1 F3000 X62.836 Y59.79 E2351.26978
G0 F7200 X62.69 Y59.79
G0 X62.69 Y57.18
G0 X62.837 Y57.18
G1 F3000 X62.757 Y57.1 E2351.2726
G0 F7200 X62.69 Y57.1
G0 X62.69 Y54.212
G0 X62.758 Y54.212
G1 F3000 X62.837 Y54.133 E2351.27539
G0 F7200 X62.69 Y54.133
G0 X62.69 Y51.524
G0 X62.838 Y51.524
G1 F3000 X62.757 Y51.443 E2351.27825
G0 F7200 X62.69 Y51.443
G0 X62.69 Y48.554
G0 X62.759 Y48.554
G1 F3000 X62.837 Y48.476 E2351.281
G0 F7200 X62.69 Y48.476
G0 X62.69 Y45.867
G0 X62.838 Y45.867
G1 F3000 X62.758 Y45.787 E2351.28382
G0 F7200 X62.69 Y45.787
G0 X62.69 Y42.897
G0 X62.759 Y42.897
G1 F3000 X62.838 Y42.818 E2351.28661
G0 F7200 X62.69 Y42.818
G0 X62.69 Y40.211
G0 X62.838 Y40.211
G1 F3000 X62.758 Y40.13 E2351.28945
G0 F7200 X62.69 Y40.13
G0 X62.69 Y37.24
G0 X62.759 Y37.24
G1 F3000 X62.838 Y37.161 E2351.29223
G0 F7200 X62.69 Y37.161
G0 X62.69 Y34.554
G0 X62.838 Y34.554
G1 F3000 X62.759 Y34.474 E2351.29504
G0 F7200 X62.69 Y34.474
G0 X62.69 Y31.583
G0 X62.759 Y31.583
G1 F3000 X62.838 Y31.504 E2351.29783
G0 F7200 X62.69 Y31.504
G0 X62.69 Y28.898
G0 X62.839 Y28.898
G1 F3000 X62.759 Y28.817 E2351.30067
G0 F7200 X62.69 Y28.817
G0 X62.69 Y25.926
G0 X62.759 Y25.926
G1 F3000 X62.838 Y25.847 E2351.30345
G0 F7200 X62.69 Y25.847
G0 X62.69 Y23.241
G0 X62.839 Y23.241
G1 F3000 X62.759 Y23.161 E2351.30627
G0 F7200 X62.69 Y23.161
G0 X62.69 Y20.269
G0 X62.759 Y20.269
G1 F3000 X62.839 Y20.189 E2351.3091
G0 F7200 X62.69 Y20.189
G0 X62.69 Y17.585
G0 X62.84 Y17.585
G1 F3000 X61.46 Y16.205 E2351.35778
G0 F7200 X61.46 Y15.911
G1 F3000 X62.839 Y14.532 E2351.40643
G1 X62.909 Y14.462
G0 F7200 X62.69 Y14.462
G0 X62.69 Y11.928
G0 X62.84 Y11.928
G1 F3000 X62.572 Y11.66 E2351.41588
G0 F7200 X62.571 Y11.811
G0 X60.054 Y11.81
G0 X60.055 Y11.659
G1 F3000 X58.86 Y12.854 E2351.45804
G1 X58.79 Y12.924
G0 F7200 X59.01 Y12.924
G0 X61.538 Y12.962
G0 X61.61 Y86.625
G0 X61.125 Y86.625
;TYPE:WALL-INNER
G1 F2400 X60.939 Y86.751 E2351.46364
G1 X60.774 Y86.8 E2351.46794
G1 X39.3 Y86.8 E2352.00361
G1 X39.061 Y86.751 E2352.00969
G1 X38.875 Y86.625 E2352.0153
G1 X38.749 Y86.439 E2352.0209
G1 X38.7 Y86.274 E2352.0252
G1 X38.7 Y13.8 E2353.83307
G1 X38.749 Y13.561 E2353.83915
G1 X38.875 Y13.375 E2353.84476
G1 X39.061 Y13.249 E2353.85036
G1 X39.226 Y13.2 E2353.85465
G1 X41.3 Y13.2 E2353.90639
G1 X41.3 Y11.5 E2353.9488
G1 X37.094 Y11.5 E2354.05372
G1 X37 Y11.665 E2354.05845
G1 X37 Y88.309 E2355.97035
G1 X37.098 Y88.5 E2355.9757
G1 X62.873 Y88.499 E2356.61866
G1 X62.972 Y88.424 E2356.62176
G1 X63 Y88.302 E2356.62488
G1 X63 Y11.647 E2358.53705
G1 X62.967 Y11.565 E2358.53925
G1 X62.836 Y11.5 E2358.5429
G1 X58.7 Y11.5 E2358.64607
G1 X58.7 Y13.2 E2358.68848
G1 X60.7 Y13.2 E2358.73837
G1 X60.939 Y13.249 E2358.74446
G1 X61.125 Y13.375 E2358.75006
G1 X61.251 Y13.561 E2358.75567
G1 X61.3 Y13.8 E2358.76175
G1 X61.3 Y86.278 E2360.56972
G1 X61.251 Y86.439 E2360.57392
G1 X61.125 Y86.625 E2360.57952
G0 F7200 X60.898 Y86.235
;TYPE:WALL-OUTER
G1 F1200 X60.842 Y86.342 E2360.58254
G1 X60.735 Y86.397 E2360.58554
G1 X39.244 Y86.4 E2361.12163
G1 X39.158 Y86.342 E2361.12422
G1 X39.103 Y86.235 E2361.12722
G1 X39.1 Y13.744 E2362.93552
G1 X39.158 Y13.658 E2362.9381
G1 X39.265 Y13.603 E2362.94111
G1 X41.7 Y13.6 E2363.00185
G1 X41.7 Y11.1 E2363.06421
G1 X37.128 Y11.1 E2363.17826
G1 X36.809 Y11.219 E2363.18675
G1 X36.651 Y11.427 E2363.19327
G1 X36.6 Y11.611 E2363.19803
G1 X36.6 Y88.367 E2365.11272
G1 X36.672 Y88.609 E2365.11902
G1 X36.834 Y88.795 E2365.12517
G1 X37.148 Y88.9 E2365.13343
G1 X62.836 Y88.899 E2365.77422
G1 X63.016 Y88.871 E2365.77876
G1 X63.169 Y88.792 E2365.78306
G1 X63.35 Y88.569 E2365.79022
G1 X63.4 Y88.346 E2365.79592
G1 X63.4 Y11.576 E2367.71096
G1 X63.253 Y11.279 E2367.71922
G1 X63.079 Y11.152 E2367.7246
G1 X62.889 Y11.1 E2367.72951
G1 X58.3 Y11.1 E2367.84398
G1 X58.3 Y13.6 E2367.90635
G1 X60.764 Y13.6 E2367.96781
G1 X60.9 Y13.736 E2367.97261
G1 X60.898 Y86.235 E2369.7811
G0 F7200 X60.842 Y86.342
G0 X60.772 Y86.378
G0 X61.61 Y86.378
G0 X45.444 Y87.648
;TYPE:SKIN
G1 F671.6 X54.548 Y87.648 E2370.08542
G0 F7200 X55.019 Y88.116
G1 F900 X44.98 Y88.116 E2370.33584
G1 X44.977 Y87.18 E2370.35919
G1 X55.016 Y87.18 E2370.60962
G1 X55.019 Y88.116 E2370.63296
G0 F7200 X61.538 Y87.038
G0 X62.148 Y20.42
G1 F671.6 X62.148 Y79.576 E2372.61034
G0 F7200 X62.616 Y80.044
G1 F900 X61.68 Y80.044 E2372.63369
G1 X61.68 Y19.952 E2374.13269
G1 X62.616 Y19.952 E2374.15604
G1 X62.616 Y80.044 E2375.65504
G0 F7200 X61.538 Y87.038
G0 X38.462 Y87.038
G0 X37.85 Y20.422
G1 F667.9 X37.851 Y49.999 E2376.64922
G1 F670.4 X37.852 Y79.576 E2377.63972
G0 F7200 X38.32 Y80.044
G1 F900 X37.384 Y80.044 E2377.66307
G1 X37.38 Y19.952 E2379.16207
G1 X38.32 Y19.952 E2379.18552
G1 X38.32 Y80.044 E2380.68452
G0 F7200 X38.09 Y80.044
G1 F1500 E2374.18452
G0 F7200 X38.87 Y76.921
G0 X39.965 Y76.921
G0 X45.291 Y78.55
G0 X52.069 Y76.875
G0 X53.128 Y76.603
G0 X54.727 Y76.921
G0 X54.841 Y77.209
;TYPE:WALL-INNER
G1 F1500 E2380.68452
G1 F2400 X55.096 Y77.067 E2380.6918
G1 X55.322 Y76.857 E2380.6995
G1 X55.477 Y76.61 E2380.70677
G1 X55.576 Y76.311 E2380.71463
G1 X55.595 Y76.113 E2380.71959
G1 X55.533 Y75.723 E2380.72944
G1 X55.409 Y75.461 E2380.73667
G1 X55.214 Y75.225 E2380.74431
G1 X54.856 Y74.991 E2380.75498
G1 X54.545 Y74.912 E2380.76298
G1 X54.254 Y74.912 E2380.77024
G1 X53.955 Y74.99 E2380.77795
G1 X53.698 Y75.131 E2380.78526
G1 X53.475 Y75.338 E2380.79285
G1 X53.321 Y75.584 E2380.80009
G1 X53.229 Y75.869 E2380.80756
G1 X53.215 Y76.256 E2380.81722
G1 X53.29 Y76.54 E2380.82455
G1 X53.431 Y76.798 E2380.83188
G1 X53.639 Y77.022 E2380.83951
G1 X53.881 Y77.174 E2380.84664
G1 X54.258 Y77.284 E2380.85643
G1 X54.545 Y77.284 E2380.86359
G1 X54.841 Y77.209 E2380.87121
G0 F7200 X54.989 Y77.584
;TYPE:WALL-OUTER
G1 F1200 X55.333 Y77.393 E2380.88103
G1 X55.632 Y77.115 E2380.89121
G1 X55.841 Y76.782 E2380.90102
G1 X55.97 Y76.394 E2380.91122
G1 X55.998 Y76.099 E2380.91861
G1 X55.919 Y75.604 E2380.93111
G1 X55.749 Y75.245 E2380.94102
G1 X55.49 Y74.931 E2380.95118
G1 X54.994 Y74.613 E2380.96587
G1 X54.595 Y74.512 E2380.97614
G1 X54.202 Y74.512 E2380.98594
G1 X53.807 Y74.616 E2380.99613
G1 X53.462 Y74.804 E2381.00593
G1 X53.164 Y75.081 E2381.01608
G1 X52.955 Y75.414 E2381.02589
G1 X52.831 Y75.799 E2381.03598
G1 X52.813 Y76.301 E2381.04851
G1 X52.916 Y76.689 E2381.05852
G1 X53.104 Y77.034 E2381.06832
G1 X53.381 Y77.332 E2381.07847
G1 X53.715 Y77.543 E2381.08833
G1 X54.201 Y77.684 E2381.10095
G1 X54.595 Y77.684 E2381.11078
G1 X54.989 Y77.584 E2381.12092
G0 F7200 X55.164 Y77.487
G0 X54.869 Y76.756
;TYPE:SKIN
G1 F900 X54.49 Y76.904 E2381.13107
G1 X54.309 Y76.904 E2381.13558
G1 X54.039 Y76.823 E2381.14262
G1 X53.885 Y76.728 E2381.14713
G1 X53.74 Y76.57 E2381.15248
G1 X53.597 Y76.209 E2381.16217
G1 X53.607 Y75.934 E2381.16903
G1 X53.767 Y75.582 E2381.17867
G1 X53.922 Y75.44 E2381.18392
G1 X54.302 Y75.292 E2381.19409
G1 X54.71 Y75.346 E2381.20436
G1 X54.953 Y75.507 E2381.21163
G1 X55.166 Y75.839 E2381.22147
G1 X55.208 Y76.107 E2381.22824
G1 X55.125 Y76.452 E2381.23709
G1 X54.869 Y76.756 E2381.247
G0 F7200 X54.961 Y76.278
G1 F900 X54.57 Y76.669 E2381.26079
G0 F7200 X54.075 Y76.599
G1 F900 X54.896 Y75.778 E2381.28976
G0 F7200 X54.582 Y75.525
G1 F900 X53.833 Y76.275 E2381.3162
G1 X53.763 Y76.345
G0 F7200 X53.862 Y76.321
G1 F1500 E2374.8162
G0 F7200 X53.045 Y76.279
G0 X51.95 Y76.244
G0 X48.057 Y76.215
G0 X46.968 Y76.113
G0 X45.927 Y76.921
G0 X46.04 Y77.209
;TYPE:WALL-INNER
G1 F1500 E2381.3162
G1 F2400 X46.296 Y77.067 E2381.3235
G1 X46.521 Y76.857 E2381.33118
G1 X46.677 Y76.609 E2381.33849
G1 X46.776 Y76.311 E2381.34632
G1 X46.795 Y76.113 E2381.35128
G1 X46.733 Y75.726 E2381.36106
G1 X46.608 Y75.46 E2381.36839
G1 X46.414 Y75.225 E2381.37599
G1 X46.056 Y74.991 E2381.38666
G1 X45.745 Y74.912 E2381.39466
G1 X45.454 Y74.912 E2381.40192
G1 X45.156 Y74.99 E2381.40961
G1 X44.898 Y75.131 E2381.41694
G1 X44.675 Y75.338 E2381.42453
G1 X44.519 Y75.587 E2381.43186
G1 X44.42 Y75.885 E2381.4397
G1 X44.401 Y76.08 E2381.44458
G1 X44.463 Y76.473 E2381.45451
G1 X44.586 Y76.733 E2381.46168
G1 X44.786 Y76.971 E2381.46944
G1 X45.033 Y77.154 E2381.4771
G1 X45.452 Y77.284 E2381.48805
G1 X45.745 Y77.284 E2381.49536
G1 X46.04 Y77.209 E2381.50295
G0 F7200 X46.189 Y77.584
;TYPE:WALL-OUTER
G1 F1200 X46.533 Y77.393 E2381.51277
G1 X46.832 Y77.115 E2381.52295
G1 X47.041 Y76.781 E2381.53278
G1 X47.17 Y76.394 E2381.54295
G1 X47.198 Y76.099 E2381.55035
G1 X47.119 Y75.608 E2381.56275
G1 X46.949 Y75.244 E2381.57277
G1 X46.69 Y74.931 E2381.58291
G1 X46.194 Y74.613 E2381.5976
G1 X45.795 Y74.512 E2381.60787
G1 X45.402 Y74.512 E2381.61768
G1 X45.007 Y74.616 E2381.62786
G1 X44.662 Y74.804 E2381.63767
G1 X44.364 Y75.081 E2381.64781
G1 X44.155 Y75.415 E2381.65764
G1 X44.026 Y75.802 E2381.66782
G1 X43.998 Y76.093 E2381.67511
G1 X44.077 Y76.592 E2381.68771
G1 X44.246 Y76.951 E2381.69761
G1 X44.51 Y77.265 E2381.70784
G1 X44.827 Y77.499 E2381.71767
G1 X45.402 Y77.684 E2381.73274
G1 X45.795 Y77.684 E2381.74254
G1 X46.189 Y77.584 E2381.75268
G0 F7200 X46.364 Y77.487
G0 X46.069 Y76.756
;TYPE:SKIN
G1 F900 X45.693 Y76.904 E2381.76276
G1 X45.503 Y76.904 E2381.7675
G1 X45.279 Y76.843 E2381.7733
G1 X45.044 Y76.689 E2381.7803
G1 X44.829 Y76.355 E2381.79021
G1 X44.785 Y76.085 E2381.79704
G1 X44.871 Y75.742 E2381.80586
G1 X44.969 Y75.581 E2381.81056
G1 X45.117 Y75.445 E2381.81557
G1 X45.503 Y75.292 E2381.82593
G1 X45.91 Y75.346 E2381.83617
G1 X46.153 Y75.507 E2381.84344
G1 X46.366 Y75.839 E2381.85328
G1 X46.408 Y76.107 E2381.86005
G1 X46.325 Y76.452 E2381.8689
G1 X46.069 Y76.756 E2381.87882
G0 F7200 X46.188 Y76
G1 F900 X45.508 Y76.68 E2381.9028
G0 F7200 X45.142 Y76.48
G1 F900 X45.987 Y75.636 E2381.9326
G0 F7200 X45.561 Y75.496
G1 F900 X44.998 Y76.059 E2381.95246
G0 F7200 X45.019 Y76.058
G1 F1500 E2375.45246
;MESH:NONMESH
G0 F600 Z5.435
G0 F7200 X45.097 Y74.828
G0 X44.568 Y73.871
G0 X39.965 Y74.828
G0 X38.87 Y74.828
G0 X37.311 Y11.926
G0 X37.163 Y11.925
;TIME_ELAPSED:5242.341732
;LAYER:28
;TYPE:FILL
;MESH:luckfox_top.stl
G1 F1500 E2381.95246
G1 F3000 X37.428 Y11.659 E2381.96182
G0 F7200 X37.428 Y11.811
G0 X39.944 Y11.811
G0 X39.944 Y11.66
G1 F3000 X41.14 Y12.856 E2382.00402
G1 X41.21 Y12.926
G0 F7200 X40.99 Y12.926
G0 X38.462 Y12.962
G0 X38.39 Y15.913
G0 X38.54 Y15.913
G1 F3000 X37.163 Y14.535 E2382.05261
G1 X37.093 Y14.465
G0 F7200 X37.311 Y14.466
G0 X38.39 Y16.204
G0 X38.54 Y16.204
G1 F3000 X37.163 Y17.582 E2382.10121
G1 X37.093 Y17.652
G0 F7200 X37.311 Y17.653
G0 X37.311 Y20.192
G0 X37.162 Y20.191
G1 F3000 X37.243 Y20.272 E2382.10406
G0 F7200 X37.311 Y20.272
G0 X37.311 Y23.159
G0 X37.242 Y23.159
G1 F3000 X37.163 Y23.238 E2382.10685
G0 F7200 X37.311 Y23.239
G0 X37.311 Y25.849
G0 X37.162 Y25.848
G1 F3000 X37.243 Y25.929 E2382.10971
G0 F7200 X37.311 Y25.929
G0 X37.311 Y28.816
G0 X37.242 Y28.816
G1 F3000 X37.163 Y28.895 E2382.1125
G0 F7200 X37.311 Y28.896
G0 X37.311 Y31.506
G0 X37.162 Y31.505
G1 F3000 X37.243 Y31.586 E2382.11535
G0 F7200 X37.311 Y31.586
G0 X37.311 Y34.473
G0 X37.242 Y34.473
G1 F3000 X37.163 Y34.552 E2382.11814
G0 F7200 X37.311 Y34.553
G0 X37.311 Y37.162
G0 X37.161 Y37.161
G1 F3000 X37.242 Y37.242 E2382.121
G0 F7200 X37.311 Y37.242
G0 X37.311 Y40.13
G0 X37.241 Y40.13
G1 F3000 X37.162 Y40.21 E2382.1238
G0 F7200 X37.311 Y40.211
G0 X37.311 Y42.819
G0 X37.161 Y42.818
G1 F3000 X37.242 Y42.899 E2382.12666
G0 F7200 X37.311 Y42.899
G0 X37.311 Y45.787
G0 X37.241 Y45.787
G1 F3000 X37.162 Y45.866 E2382.12945
G0 F7200 X37.311 Y45.867
G0 X37.311 Y48.476
G0 X37.161 Y48.475
G1 F3000 X37.242 Y48.556 E2382.1323
G0 F7200 X37.311 Y48.556
G0 X37.311 Y51.445
G0 X37.24 Y51.445
G1 F3000 X37.161 Y51.524 E2382.13509
G0 F7200 X37.311 Y51.525
G0 X37.311 Y54.132
G0 X37.161 Y54.131
G1 F3000 X37.241 Y54.212 E2382.13793
G0 F7200 X37.311 Y54.212
G0 X37.311 Y57.102
G0 X37.24 Y57.102
G1 F3000 X37.161 Y57.181 E2382.14072
G0 F7200 X37.311 Y57.182
G0 X37.311 Y59.789
G0 X37.161 Y59.788
G1 F3000 X37.241 Y59.869 E2382.14356
G0 F7200 X37.311 Y59.869
G0 X37.311 Y62.759
G0 X37.24 Y62.759
G1 F3000 X37.161 Y62.838 E2382.14634
G0 F7200 X37.311 Y62.839
G0 X37.311 Y65.445
G0 X37.16 Y65.444
G1 F3000 X37.24 Y65.525 E2382.14918
G0 F7200 X37.311 Y65.525
G0 X37.311 Y68.416
G0 X37.24 Y68.416
G1 F3000 X37.161 Y68.495 E2382.15197
G0 F7200 X37.311 Y68.496
G0 X37.311 Y71.102
G0 X37.16 Y71.101
G1 F3000 X37.24 Y71.182 E2382.15481
G0 F7200 X37.311 Y71.182
G0 X37.311 Y74.073
G0 X37.24 Y74.073
G1 F3000 X37.161 Y74.152 E2382.1576
G0 F7200 X37.311 Y74.153
G0 X37.311 Y76.759
G0 X37.16 Y76.758
G1 F3000 X37.24 Y76.838 E2382.16042
G0 F7200 X37.311 Y76.838
G0 X37.311 Y79.73
G0 X37.24 Y79.73
G1 F3000 X37.161 Y79.809 E2382.16321
G0 F7200 X37.311 Y79.81
G0 X37.311 Y82.416
G0 X37.16 Y82.415
G1 F3000 X38.54 Y83.795 E2382.21189
G0 F7200 X38.54 Y84.086
G1 F3000 X37.161 Y85.466 E2382.26056
G1 X37.091 Y85.536
G0 F7200 X37.311 Y85.537
G0 X37.311 Y88.073
G0 X37.16 Y88.072
G1 F3000 X37.422 Y88.334 E2382.2698
G0 F7200 X37.422 Y88.19
G0 X39.948 Y88.19
G0 X39.948 Y88.335
G1 F3000 X41.323 Y86.96 E2382.31831
G0 F7200 X41.705 Y86.96
G1 F3000 X43.08 Y88.335 E2382.36681
G1 X43.15 Y88.405
G0 F7200 X43.15 Y88.19
G0 X56.916 Y88.19
G0 X56.916 Y88.338
G1 F3000 X58.294 Y86.96 E2382.41543
G0 F7200 X58.676 Y86.96
G1 F3000 X60.054 Y88.338 E2382.46404
G1 X60.124 Y88.408
G0 F7200 X60.124 Y88.19
G0 X62.571 Y88.19
G0 X62.571 Y88.34
G1 F3000 X62.837 Y88.074 E2382.47342
G0 F7200 X62.69 Y88.074
G0 X62.69 Y85.464
G0 X62.837 Y85.464
G1 F3000 X61.46 Y84.087 E2382.522
G0 F7200 X61.46 Y83.794
G1 F3000 X62.837 Y82.417 E2382.57058
G1 X62.907 Y82.347
G0 F7200 X62.69 Y82.347
G0 X62.69 Y17.585
G0 X62.84 Y17.585
G1 F3000 X61.46 Y16.205 E2382.61926
G0 F7200 X61.46 Y15.911
G1 F3000 X62.84 Y14.532 E2382.66793
G1 X62.91 Y14.462
G0 F7200 X62.69 Y14.462
G0 X62.69 Y11.928
G0 X62.84 Y11.928
G1 F3000 X62.572 Y11.66 E2382.67738
G0 F7200 X62.571 Y11.811
G0 X60.054 Y11.81
G0 X60.055 Y11.659
G1 F3000 X58.86 Y12.854 E2382.71954
G1 X58.79 Y12.924
G0 F7200 X59.01 Y12.924
G0 X61.538 Y12.962
G0 X61.61 Y86.625
G0 X61.125 Y86.625
;TYPE:WALL-INNER
G1 F2400 X60.939 Y86.751 E2382.72514
G1 X60.774 Y86.8 E2382.72943
G1 X39.3 Y86.8 E2383.26511
G1 X39.061 Y86.751 E2383.27119
G1 X38.875 Y86.625 E2383.2768
G1 X38.749 Y86.439 E2383.2824
G1 X38.7 Y86.274 E2383.28669
G1 X38.7 Y13.8 E2385.09456
G1 X38.749 Y13.561 E2385.10065
G1 X38.875 Y13.375 E2385.10625
G1 X39.061 Y13.249 E2385.11186
G1 X39.226 Y13.2 E2385.11615
G1 X41.3 Y13.2 E2385.16789
G1 X41.3 Y11.5 E2385.2103
G1 X37.109 Y11.5 E2385.31484
G1 X37.001 Y11.632 E2385.31909
G1 X37 Y88.363 E2387.23316
G1 X37.162 Y88.5 E2387.23845
G1 X62.813 Y88.5 E2387.87832
G1 X62.938 Y88.441 E2387.88176
G1 X63 Y88.299 E2387.88563
G1 X63 Y11.669 E2389.79717
G1 X62.864 Y11.501 E2389.80256
G1 X58.7 Y11.5 E2389.90644
G1 X58.7 Y13.2 E2389.94884
G1 X60.7 Y13.2 E2389.99873
G1 X60.939 Y13.249 E2390.00482
G1 X61.125 Y13.375 E2390.01042
G1 X61.251 Y13.561 E2390.01603
G1 X61.3 Y13.8 E2390.02211
G1 X61.3 Y86.278 E2391.83008
G1 X61.251 Y86.439 E2391.83428
G1 X61.125 Y86.625 E2391.83989
G0 F7200 X60.898 Y86.235
;TYPE:WALL-OUTER
G1 F1200 X60.842 Y86.342 E2391.8429
G1 X60.735 Y86.397 E2391.8459
G1 X39.244 Y86.4 E2392.38199
G1 X39.158 Y86.342 E2392.38458
G1 X39.103 Y86.235 E2392.38758
G1 X39.1 Y13.744 E2394.19588
G1 X39.158 Y13.658 E2394.19847
G1 X39.265 Y13.603 E2394.20147
G1 X41.7 Y13.6 E2394.26221
G1 X41.7 Y11.1 E2394.32457
G1 X37.128 Y11.1 E2394.43862
G1 X36.844 Y11.195 E2394.44609
G1 X36.65 Y11.427 E2394.45363
G1 X36.601 Y11.611 E2394.45838
G1 X36.6 Y88.367 E2396.37307
G1 X36.648 Y88.565 E2396.37815
G1 X36.823 Y88.782 E2396.38511
G1 X37.073 Y88.9 E2396.392
G1 X62.9 Y88.9 E2397.03626
G1 X63.198 Y88.763 E2397.04444
G1 X63.353 Y88.554 E2397.05093
G1 X63.4 Y88.342 E2397.05635
G1 X63.4 Y11.586 E2398.97104
G1 X63.291 Y11.336 E2398.97784
G1 X63.069 Y11.15 E2398.98506
G1 X62.885 Y11.101 E2398.98981
G1 X58.3 Y11.1 E2399.10419
G1 X58.3 Y13.6 E2399.16655
G1 X60.764 Y13.6 E2399.22801
G1 X60.9 Y13.736 E2399.23281
G1 X60.898 Y86.235 E2401.04131
G0 F7200 X60.842 Y86.342
G0 X60.772 Y86.378
G0 X61.61 Y86.378
G0 X45.38 Y87.648
;TYPE:SKIN
G1 F671.6 X54.616 Y87.648 E2401.35003
G0 F7200 X55.084 Y88.116
G1 F900 X44.916 Y88.116 E2401.60368
G1 X44.913 Y87.18 E2401.62702
G1 X55.084 Y87.18 E2401.88074
G1 X55.084 Y88.116 E2401.90409
G0 F7200 X61.538 Y87.038
G0 X62.148 Y20.42
G1 F671.6 X62.148 Y79.576 E2403.88146
G0 F7200 X62.616 Y80.044
G1 F900 X61.68 Y80.044 E2403.90481
G1 X61.681 Y19.953 E2405.40379
G1 X62.619 Y19.953 E2405.42719
G1 X62.616 Y80.044 E2406.92616
G0 F7200 X61.538 Y87.038
G0 X38.462 Y87.038
G0 X37.85 Y20.422
G1 F666.7 X37.85 Y79.574 E2408.91816
G0 F7200 X38.32 Y80.044
G1 F900 X37.38 Y80.044 E2408.94161
G1 X37.38 Y19.952 E2410.44061
G1 X38.32 Y19.952 E2410.46406
G1 X38.32 Y80.044 E2411.96306
G0 F7200 X38.09 Y80.044
G1 F1500 E2405.46306
G0 F7200 X38.87 Y76.799
G0 X39.965 Y76.799
G0 X44.7 Y78.399
G0 X45.909 Y78.55
G0 X51.952 Y76.239
G0 X53.045 Y76.281
G0 X54.946 Y76.799
G0 X55.11 Y77.062
;TYPE:WALL-INNER
G1 F1500 E2411.96306
G1 F2400 X55.409 Y76.739 E2411.97404
G1 X55.563 Y76.353 E2411.9844
G1 X55.58 Y75.94 E2411.99472
G1 X55.511 Y75.669 E2412.00169
G1 X55.311 Y75.332 E2412.01147
G1 X55.097 Y75.13 E2412.01881
G1 X54.84 Y74.991 E2412.0261
G1 X54.542 Y74.913 E2412.03378
G1 X54.254 Y74.913 E2412.04096
G1 X53.954 Y74.99 E2412.04869
G1 X53.686 Y75.136 E2412.0563
G1 X53.389 Y75.454 E2412.06716
G1 X53.233 Y75.846 E2412.07768
G1 X53.216 Y76.258 E2412.08797
G1 X53.29 Y76.541 E2412.09526
G1 X53.514 Y76.904 E2412.1059
G1 X53.941 Y77.203 E2412.11891
G1 X54.252 Y77.284 E2412.12692
G1 X54.545 Y77.284 E2412.13423
G1 X54.843 Y77.208 E2412.14191
G1 X55.11 Y77.062 E2412.1495
G0 F7200 X54.99 Y77.584
;TYPE:WALL-OUTER
G1 F1200 X55.338 Y77.394 E2412.15939
G1 X55.739 Y76.969 E2412.17396
G1 X55.844 Y76.786 E2412.17923
G1 X55.961 Y76.424 E2412.18872
G1 X55.982 Y75.898 E2412.20185
G1 X55.885 Y75.514 E2412.21173
G1 X55.626 Y75.079 E2412.22436
G1 X55.333 Y74.804 E2412.23438
G1 X54.989 Y74.616 E2412.24416
G1 X54.594 Y74.513 E2412.25434
G1 X54.202 Y74.513 E2412.26412
G1 X53.806 Y74.616 E2412.27433
G1 X53.461 Y74.803 E2412.28412
G1 X53.058 Y75.226 E2412.29869
G1 X52.835 Y75.773 E2412.31343
G1 X52.814 Y76.302 E2412.32663
G1 X52.916 Y76.689 E2412.33662
G1 X53.23 Y77.189 E2412.35134
G1 X53.551 Y77.452 E2412.3617
G1 X53.797 Y77.579 E2412.3686
G1 X54.202 Y77.684 E2412.37904
G1 X54.595 Y77.684 E2412.38884
G1 X54.99 Y77.584 E2412.39901
G0 F7200 X55.165 Y77.489
G0 X54.886 Y76.748
;TYPE:SKIN
G1 F900 X54.698 Y76.852 E2412.40436
G1 X54.302 Y76.904 E2412.41433
G1 X54.086 Y76.847 E2412.4199
G1 X53.79 Y76.636 E2412.42897
G1 X53.643 Y76.393 E2412.43605
G1 X53.598 Y76.215 E2412.44063
G1 X53.611 Y75.917 E2412.44807
G1 X53.706 Y75.664 E2412.45481
G1 X53.912 Y75.445 E2412.46231
G1 X54.091 Y75.348 E2412.46739
G1 X54.489 Y75.293 E2412.47742
G1 X54.87 Y75.44 E2412.4876
G1 X55.01 Y75.571 E2412.49239
G1 X55.152 Y75.813 E2412.49938
G1 X55.194 Y75.981 E2412.5037
G1 X55.181 Y76.279 E2412.51115
G1 X55.086 Y76.529 E2412.51782
G1 X54.886 Y76.748 E2412.52521
G0 F7200 X53.833 Y75.894
G1 F900 X54.605 Y76.667 E2412.55247
G0 F7200 X54.916 Y76.412
G1 F900 X54.089 Y75.585 E2412.58164
G0 F7200 X54.601 Y75.532
G1 F900 X54.926 Y75.856 E2412.59309
G0 F7200 X54.918 Y75.858
G1 F1500 E2406.09309
G0 F7200 X53.045 Y76.281
G0 X51.952 Y76.239
G0 X48.042 Y76.087
G0 X46.949 Y76.046
G0 X45.927 Y76.921
G0 X46.043 Y77.208
;TYPE:WALL-INNER
G1 F1500 E2412.59309
G1 F2400 X46.31 Y77.062 E2412.60068
G1 X46.609 Y76.739 E2412.61166
G1 X46.763 Y76.353 E2412.62203
G1 X46.78 Y75.947 E2412.63216
G1 X46.675 Y75.581 E2412.64166
G1 X46.522 Y75.339 E2412.6488
G1 X46.298 Y75.131 E2412.65643
G1 X46.041 Y74.99 E2412.66374
G1 X45.742 Y74.913 E2412.67144
G1 X45.454 Y74.913 E2412.67863
G1 X45.154 Y74.991 E2412.68636
G1 X44.886 Y75.136 E2412.69396
G1 X44.589 Y75.454 E2412.70481
G1 X44.425 Y75.867 E2412.7159
G1 X44.402 Y76.068 E2412.72095
G1 X44.464 Y76.475 E2412.73122
G1 X44.591 Y76.743 E2412.73861
G1 X44.721 Y76.91 E2412.74389
G1 X45.147 Y77.207 E2412.75685
G1 X45.451 Y77.283 E2412.76466
G1 X45.744 Y77.283 E2412.77197
G1 X46.043 Y77.208 E2412.77966
G0 F7200 X46.19 Y77.584
;TYPE:WALL-OUTER
G1 F1200 X46.538 Y77.394 E2412.78955
G1 X46.939 Y76.969 E2412.80413
G1 X47.044 Y76.786 E2412.80939
G1 X47.161 Y76.424 E2412.81888
G1 X47.182 Y75.897 E2412.83204
G1 X47.043 Y75.415 E2412.84455
G1 X46.832 Y75.081 E2412.85441
G1 X46.534 Y74.804 E2412.86456
G1 X46.189 Y74.616 E2412.87436
G1 X45.794 Y74.513 E2412.88454
G1 X45.402 Y74.513 E2412.89432
G1 X45.006 Y74.616 E2412.90453
G1 X44.661 Y74.803 E2412.91431
G1 X44.258 Y75.226 E2412.92889
G1 X44.033 Y75.78 E2412.9438
G1 X43.998 Y76.076 E2412.95124
G1 X44.078 Y76.593 E2412.96429
G1 X44.248 Y76.954 E2412.97424
G1 X44.433 Y77.191 E2412.98174
G1 X44.751 Y77.452 E2412.99201
G1 X45.004 Y77.583 E2412.99911
G1 X45.401 Y77.683 E2413.00932
G1 X45.794 Y77.683 E2413.01913
G1 X46.19 Y77.584 E2413.02931
G0 F7200 X46.365 Y77.489
G0 X46.083 Y76.747
;TYPE:SKIN
G1 F900 X45.898 Y76.848 E2413.03457
G1 X45.691 Y76.9 E2413.03989
G1 X45.293 Y76.85 E2413.0499
G1 X44.999 Y76.641 E2413.0589
G1 X44.828 Y76.351 E2413.06729
G1 X44.782 Y76.064 E2413.07455
G1 X44.909 Y75.665 E2413.08499
G1 X45.113 Y75.444 E2413.09249
G1 X45.502 Y75.292 E2413.10291
G1 X45.69 Y75.292 E2413.1076
G1 X45.901 Y75.348 E2413.11305
G1 X46.225 Y75.581 E2413.123
G1 X46.324 Y75.739 E2413.12765
G1 X46.398 Y75.992 E2413.13423
G1 X46.382 Y76.277 E2413.14135
G1 X46.286 Y76.528 E2413.14805
G1 X46.083 Y76.747 E2413.1555
G0 F7200 X44.99 Y76.103
G1 F900 X45.576 Y76.689 E2413.17617
G0 F7200 X45.998 Y76.545
G1 F900 X45.15 Y75.697 E2413.20609
G0 F7200 X45.516 Y75.497
G1 F900 X46.188 Y76.17 E2413.22981
G1 X46.258 Y76.24
G0 F7200 X46.162 Y76.236
G1 F1500 E2406.72981
;MESH:NONMESH
G0 F600 Z5.585
G0 F7200 X45.428 Y74.743
G0 X45.157 Y73.684
G0 X39.965 Y74.743
G0 X38.87 Y74.743
G0 X37.311 Y11.928
G0 X37.161 Y11.927
;TIME_ELAPSED:5310.604648
;LAYER:29
;TYPE:FILL
;MESH:luckfox_top.stl
G1 F1500 E2413.22981
G1 F3000 X37.428 Y11.659 E2413.23925
G0 F7200 X37.428 Y11.811
G0 X39.944 Y11.811
G0 X39.944 Y11.66
G1 F3000 X41.14 Y12.856 E2413.28144
G1 X41.21 Y12.926
G0 F7200 X40.99 Y12.926
G0 X38.462 Y12.962
G0 X38.39 Y15.913
G0 X38.54 Y15.913
G1 F3000 X37.16 Y14.532 E2413.33014
G1 X37.09 Y14.462
G0 F7200 X37.311 Y14.462
G0 X38.39 Y16.204
G0 X38.54 Y16.204
G1 F3000 X37.161 Y17.583 E2413.37879
G1 X37.091 Y17.653
G0 F7200 X37.311 Y17.653
G0 X37.311 Y20.191
G0 X37.161 Y20.191
G1 F3000 X37.242 Y20.271 E2413.38163
G0 F7200 X37.311 Y20.272
G0 X37.311 Y23.161
G0 X37.241 Y23.16
G1 F3000 X37.162 Y23.239 E2413.38442
G0 F7200 X37.311 Y23.239
G0 X37.311 Y25.848
G0 X37.161 Y25.848
G1 F3000 X37.242 Y25.928 E2413.38726
G0 F7200 X37.311 Y25.929
G0 X37.311 Y28.818
G0 X37.241 Y28.817
G1 F3000 X37.162 Y28.896 E2413.39005
G0 F7200 X37.311 Y28.896
G0 X37.311 Y31.504
G0 X37.161 Y31.504
G1 F3000 X37.243 Y31.586 E2413.39294
G0 F7200 X37.311 Y31.587
G0 X37.311 Y34.474
G0 X37.242 Y34.473
G1 F3000 X37.163 Y34.552 E2413.39572
G0 F7200 X37.311 Y34.552
G0 X37.311 Y37.162
G0 X37.162 Y37.162
G1 F3000 X37.243 Y37.243 E2413.39858
G0 F7200 X37.311 Y37.244
G0 X37.311 Y40.13
G0 X37.243 Y40.129
G1 F3000 X37.163 Y40.209 E2413.4014
G0 F7200 X37.311 Y40.209
G0 X37.311 Y42.819
G0 X37.162 Y42.819
G1 F3000 X37.243 Y42.9 E2413.40426
G0 F7200 X37.311 Y42.901
G0 X37.311 Y45.787
G0 X37.243 Y45.786
G1 F3000 X37.163 Y45.865 E2413.40707
G0 F7200 X37.311 Y45.865
G0 X37.311 Y48.476
G0 X37.163 Y48.476
G1 F3000 X37.243 Y48.557 E2413.40991
G0 F7200 X37.311 Y48.558
G0 X37.311 Y51.443
G0 X37.243 Y51.442
G1 F3000 X37.163 Y51.522 E2413.41273
G0 F7200 X37.311 Y51.522
G0 X37.311 Y54.133
G0 X37.163 Y54.133
G1 F3000 X37.244 Y54.215 E2413.4156
G0 F7200 X37.311 Y54.216
G0 X37.311 Y57.1
G0 X37.243 Y57.099
G1 F3000 X37.164 Y57.178 E2413.41839
G0 F7200 X37.311 Y57.178
G0 X37.311 Y59.791
G0 X37.163 Y59.791
G1 F3000 X37.244 Y59.871 E2413.42123
G0 F7200 X37.311 Y59.872
G0 X37.311 Y62.756
G0 X37.244 Y62.755
G1 F3000 X37.164 Y62.835 E2413.42405
G0 F7200 X37.311 Y62.835
G0 X37.311 Y65.448
G0 X37.163 Y65.448
G1 F3000 X37.245 Y65.529 E2413.42693
G0 F7200 X37.311 Y65.53
G0 X37.311 Y68.413
G0 X37.244 Y68.412
G1 F3000 X37.165 Y68.491 E2413.42972
G0 F7200 X37.311 Y68.491
G0 X37.311 Y71.105
G0 X37.164 Y71.105
G1 F3000 X37.245 Y71.187 E2413.43259
G0 F7200 X37.311 Y71.188
G0 X37.311 Y74.069
G0 X37.245 Y74.068
G1 F3000 X37.165 Y74.148 E2413.43541
G0 F7200 X37.311 Y74.148
G0 X37.311 Y76.762
G0 X37.164 Y76.762
G1 F3000 X37.245 Y76.843 E2413.43827
G0 F7200 X37.311 Y76.844
G0 X37.311 Y79.726
G0 X37.245 Y79.725
G1 F3000 X37.165 Y79.805 E2413.44109
G0 F7200 X37.311 Y79.805
G0 X37.311 Y82.42
G0 X37.165 Y82.42
G1 F3000 X38.54 Y83.795 E2413.4896
G0 F7200 X38.54 Y84.086
G1 F3000 X37.166 Y85.461 E2413.53809
G1 X37.096 Y85.531
G0 F7200 X37.311 Y85.531
G0 X37.311 Y88.077
G0 X37.165 Y88.077
G1 F3000 X37.426 Y88.338 E2413.5473
G0 F7200 X37.426 Y88.189
G0 X39.944 Y88.189
G0 X39.944 Y88.339
G1 F3000 X41.323 Y86.96 E2413.59594
G0 F7200 X41.705 Y86.96
G1 F3000 X43.083 Y88.338 E2413.64456
G1 X43.153 Y88.408
G0 F7200 X43.153 Y88.189
G0 X56.916 Y88.188
G0 X56.916 Y88.337
G1 F3000 X58.294 Y86.96 E2413.69315
G0 F7200 X58.676 Y86.96
G1 F3000 X60.052 Y88.336 E2413.74169
G1 X60.122 Y88.406
G0 F7200 X60.122 Y88.188
G0 X62.574 Y88.188
G0 X62.574 Y88.337
G1 F3000 X62.835 Y88.076 E2413.7509
G0 F7200 X62.689 Y88.076
G0 X62.689 Y85.462
G0 X62.835 Y85.462
G1 F3000 X61.46 Y84.087 E2413.79941
G0 F7200 X61.46 Y83.794
G1 F3000 X62.835 Y82.419 E2413.84791
G1 X62.905 Y82.349
G0 F7200 X62.689 Y82.349
G0 X62.688 Y17.582
G0 X62.836 Y17.582
G1 F3000 X61.46 Y16.205 E2413.89647
G0 F7200 X61.46 Y15.911
G1 F3000 X62.836 Y14.536 E2413.945
G1 X62.906 Y14.466
G0 F7200 X62.688 Y14.466
G0 X62.688 Y11.925
G0 X62.836 Y11.925
G1 F3000 X62.572 Y11.66 E2413.95433
G0 F7200 X62.571 Y11.811
G0 X60.054 Y11.81
G0 X60.055 Y11.66
G1 F3000 X58.86 Y12.854 E2413.99647
G1 X58.79 Y12.924
G0 F7200 X59.01 Y12.924
G0 X61.538 Y12.962
G0 X61.61 Y86.624
G0 X61.125 Y86.624
;TYPE:WALL-INNER
G1 F2400 X60.939 Y86.751 E2414.00209
G1 X60.774 Y86.8 E2414.00638
G1 X39.3 Y86.8 E2414.54205
G1 X39.061 Y86.751 E2414.54814
G1 X38.875 Y86.625 E2414.55374
G1 X38.749 Y86.439 E2414.55935
G1 X38.7 Y86.274 E2414.56364
G1 X38.7 Y13.8 E2416.37151
G1 X38.749 Y13.561 E2416.3776
G1 X38.875 Y13.375 E2416.3832
G1 X39.061 Y13.249 E2416.38881
G1 X39.226 Y13.2 E2416.3931
G1 X41.3 Y13.2 E2416.44484
G1 X41.3 Y11.5 E2416.48724
G1 X37.136 Y11.5 E2416.59111
G1 X37.051 Y11.547 E2416.59354
G1 X37 Y11.712 E2416.59784
G1 X37 Y88.309 E2418.50856
G1 X37.083 Y88.472 E2418.51313
G1 X37.191 Y88.5 E2418.51591
G1 X62.898 Y88.496 E2419.15717
G1 X63 Y88.356 E2419.16149
G1 X62.996 Y11.635 E2421.07531
G1 X62.897 Y11.5 E2421.07948
G1 X58.7 Y11.5 E2421.18418
G1 X58.7 Y13.2 E2421.22659
G1 X60.7 Y13.2 E2421.27648
G1 X61.124 Y13.375 E2421.28792
G1 X61.251 Y13.561 E2421.29354
G1 X61.3 Y13.8 E2421.29962
G1 X61.3 Y86.289 E2423.10787
G1 X61.125 Y86.624 E2423.1173
G0 F7200 X60.898 Y86.235
;TYPE:WALL-OUTER
G1 F1200 X60.842 Y86.342 E2423.12031
G1 X60.735 Y86.397 E2423.12331
G1 X39.244 Y86.4 E2423.6594
G1 X39.158 Y86.342 E2423.66199
G1 X39.103 Y86.235 E2423.66499
G1 X39.1 Y13.744 E2425.47329
G1 X39.158 Y13.658 E2425.47588
G1 X39.265 Y13.603 E2425.47888
G1 X41.7 Y13.6 E2425.53962
G1 X41.7 Y11.1 E2425.60198
G1 X37.12 Y11.1 E2425.71623
G1 X36.8 Y11.227 E2425.72482
G1 X36.695 Y11.348 E2425.72881
G1 X36.6 Y11.651 E2425.73673
G1 X36.6 Y88.367 E2427.65042
G1 X36.672 Y88.609 E2427.65672
G1 X36.833 Y88.794 E2427.66284
G1 X37.152 Y88.9 E2427.67122
G1 X62.875 Y88.896 E2428.31289
G1 X63.049 Y88.859 E2428.31732
G1 X63.19 Y88.773 E2428.32144
G1 X63.353 Y88.551 E2428.32832
G1 X63.4 Y88.342 E2428.33366
G1 X63.396 Y11.626 E2430.24735
G1 X63.357 Y11.452 E2430.2518
G1 X63.188 Y11.22 E2430.25896
G1 X62.885 Y11.1 E2430.26708
G1 X58.3 Y11.1 E2430.38146
G1 X58.3 Y13.6 E2430.44382
G1 X60.7 Y13.6 E2430.50369
G1 X60.842 Y13.658 E2430.50752
G1 X60.9 Y13.8 E2430.51134
G1 X60.898 Y86.235 E2432.31824
G0 F7200 X60.842 Y86.342
G0 X60.772 Y86.378
G0 X61.61 Y86.378
G0 X45.352 Y87.648
;TYPE:SKIN
G1 F671.6 X54.648 Y87.648 E2432.62897
G0 F7200 X55.116 Y88.116
G1 F900 X44.884 Y88.116 E2432.88421
G1 X44.884 Y87.18 E2432.90756
G1 X55.116 Y87.18 E2433.1628
G1 X55.116 Y88.116 E2433.18615
G0 F7200 X61.538 Y87.038
G0 X62.612 Y80.044
G1 F900 X61.68 Y80.044 E2433.20939
G1 X61.681 Y19.953 E2434.70837
G1 X62.615 Y19.953 E2434.73167
G1 X62.612 Y80.044 E2436.23065
G0 F7200 X62.412 Y79.575
G1 F900 X62.143 Y79.844 E2436.24014
G0 F7200 X61.881 Y79.54
G1 F900 X62.412 Y79.009 E2436.25887
G0 F7200 X61.881 Y78.975
G1 F900 X62.412 Y78.444 E2436.2776
G0 F7200 X61.881 Y78.409
G1 F900 X62.412 Y77.878 E2436.29633
G0 F7200 X61.881 Y77.843
G1 F900 X62.412 Y77.312 E2436.31507
G0 F7200 X61.881 Y77.278
G1 F900 X62.412 Y76.747 E2436.3338
G0 F7200 X61.881 Y76.712
G1 F900 X62.412 Y76.181 E2436.35253
G0 F7200 X61.881 Y76.146
G1 F900 X62.412 Y75.615 E2436.37126
G0 F7200 X61.881 Y75.581
G1 F900 X62.412 Y75.049 E2436.39001
G0 F7200 X61.881 Y75.015
G1 F900 X62.412 Y74.484 E2436.40875
G0 F7200 X61.881 Y74.449
G1 F900 X62.412 Y73.918 E2436.42748
G0 F7200 X61.881 Y73.883
G1 F900 X62.412 Y73.352 E2436.44621
G0 F7200 X61.881 Y73.318
G1 F900 X62.412 Y72.787 E2436.46494
G0 F7200 X61.881 Y72.752
G1 F900 X62.412 Y72.221 E2436.48368
G0 F7200 X61.881 Y72.186
G1 F900 X62.412 Y71.655 E2436.50241
G0 F7200 X61.881 Y71.621
G1 F900 X62.412 Y71.09 E2436.52114
G0 F7200 X61.881 Y71.055
G1 F900 X62.412 Y70.524 E2436.53987
G0 F7200 X61.881 Y70.489
G1 F900 X62.412 Y69.958 E2436.5586
G0 F7200 X61.881 Y69.924
G1 F900 X62.412 Y69.393 E2436.57734
G0 F7200 X61.881 Y69.358
G1 F900 X62.412 Y68.827 E2436.59607
G0 F7200 X61.881 Y68.792
G1 F900 X62.412 Y68.261 E2436.6148
G0 F7200 X61.881 Y68.227
G1 F900 X62.412 Y67.696 E2436.63353
G0 F7200 X61.881 Y67.661
G1 F900 X62.412 Y67.13 E2436.65227
G0 F7200 X61.881 Y67.095
G1 F900 X62.412 Y66.564 E2436.671
G0 F7200 X61.881 Y66.53
G1 F900 X62.412 Y65.999 E2436.68973
G0 F7200 X61.881 Y65.964
G1 F900 X62.412 Y65.433 E2436.70846
G0 F7200 X61.881 Y65.398
G1 F900 X62.413 Y64.866 E2436.72723
G0 F7200 X61.881 Y64.832
G1 F900 X62.413 Y64.301 E2436.74598
G0 F7200 X61.881 Y64.267
G1 F900 X62.413 Y63.735 E2436.76475
G0 F7200 X61.881 Y63.701
G1 F900 X62.413 Y63.169 E2436.78352
G0 F7200 X61.881 Y63.135
G1 F900 X62.413 Y62.604 E2436.80227
G0 F7200 X61.881 Y62.57
G1 F900 X62.413 Y62.038 E2436.82104
G0 F7200 X61.881 Y62.004
G1 F900 X62.413 Y61.472 E2436.8398
G0 F7200 X61.881 Y61.438
G1 F900 X62.413 Y60.907 E2436.85855
G0 F7200 X61.881 Y60.873
G1 F900 X62.413 Y60.341 E2436.87732
G0 F7200 X61.881 Y60.307
G1 F900 X62.413 Y59.775 E2436.89609
G0 F7200 X61.881 Y59.741
G1 F900 X62.413 Y59.21 E2436.91484
G0 F7200 X61.881 Y59.176
G1 F900 X62.413 Y58.644 E2436.93361
G0 F7200 X61.881 Y58.61
G1 F900 X62.413 Y58.078 E2436.95237
G0 F7200 X61.881 Y58.044
G1 F900 X62.413 Y57.513 E2436.97112
G0 F7200 X61.881 Y57.479
G1 F900 X62.413 Y56.947 E2436.98989
G0 F7200 X61.881 Y56.913
G1 F900 X62.413 Y56.381 E2437.00866
G0 F7200 X61.881 Y56.347
G1 F900 X62.413 Y55.815 E2437.02743
G0 F7200 X61.881 Y55.782
G1 F900 X62.413 Y55.25 E2437.0462
G0 F7200 X61.881 Y55.216
G1 F900 X62.413 Y54.684 E2437.06496
G0 F7200 X61.881 Y54.65
G1 F900 X62.413 Y54.118 E2437.08373
G0 F7200 X61.881 Y54.084
G1 F900 X62.413 Y53.553 E2437.10248
G0 F7200 X61.881 Y53.519
G1 F900 X62.413 Y52.987 E2437.12125
G0 F7200 X61.881 Y52.953
G1 F900 X62.413 Y52.421 E2437.14002
G0 F7200 X61.881 Y52.387
G1 F900 X62.413 Y51.856 E2437.15877
G0 F7200 X61.881 Y51.822
G1 F900 X62.413 Y51.29 E2437.17753
G0 F7200 X61.881 Y51.256
G1 F900 X62.413 Y50.724 E2437.1963
G0 F7200 X61.881 Y50.69
G1 F900 X62.413 Y50.159 E2437.21505
G0 F7200 X61.881 Y50.125
G1 F900 X62.413 Y49.592 E2437.23384
G0 F7200 X61.881 Y49.559
G1 F900 X62.413 Y49.027 E2437.25261
G0 F7200 X61.881 Y48.993
G1 F900 X62.413 Y48.461 E2437.27137
G0 F7200 X61.881 Y48.428
G1 F900 X62.413 Y47.895 E2437.29016
G0 F7200 X61.881 Y47.862
G1 F900 X62.413 Y47.329 E2437.30894
G0 F7200 X61.881 Y47.296
G1 F900 X62.413 Y46.764 E2437.32771
G0 F7200 X61.881 Y46.731
G1 F900 X62.413 Y46.198 E2437.3465
G0 F7200 X61.881 Y46.165
G1 F900 X62.413 Y45.632 E2437.36528
G0 F7200 X61.881 Y45.599
G1 F900 X62.413 Y45.067 E2437.38405
G0 F7200 X61.881 Y45.034
G1 F900 X62.413 Y44.501 E2437.40284
G0 F7200 X61.881 Y44.468
G1 F900 X62.413 Y43.935 E2437.42162
G0 F7200 X61.881 Y43.902
G1 F900 X62.413 Y43.37 E2437.44039
G0 F7200 X61.881 Y43.336
G1 F900 X62.413 Y42.804 E2437.45916
G0 F7200 X61.881 Y42.771
G1 F900 X62.413 Y42.238 E2437.47794
G0 F7200 X61.881 Y42.205
G1 F900 X62.413 Y41.673 E2437.49671
G0 F7200 X61.881 Y41.639
G1 F900 X62.413 Y41.107 E2437.51548
G0 F7200 X61.881 Y41.074
G1 F900 X62.413 Y40.541 E2437.53426
G0 F7200 X61.881 Y40.508
G1 F900 X62.413 Y39.976 E2437.55303
G0 F7200 X61.881 Y39.942
G1 F900 X62.413 Y39.41 E2437.5718
G0 F7200 X61.881 Y39.377
G1 F900 X62.413 Y38.844 E2437.59058
G0 F7200 X61.881 Y38.811
G1 F900 X62.413 Y38.279 E2437.60935
G0 F7200 X61.881 Y38.245
G1 F900 X62.413 Y37.713 E2437.62812
G0 F7200 X61.881 Y37.68
G1 F900 X62.413 Y37.147 E2437.6469
G0 F7200 X61.881 Y37.114
G1 F900 X62.413 Y36.581 E2437.66569
G0 F7200 X61.881 Y36.548
G1 F900 X62.413 Y36.016 E2437.68446
G0 F7200 X61.881 Y35.983
G1 F900 X62.413 Y35.45 E2437.70324
G0 F7200 X61.881 Y35.417
G1 F900 X62.414 Y34.884 E2437.72205
G0 F7200 X61.881 Y34.851
G1 F900 X62.414 Y34.318 E2437.74085
G0 F7200 X61.881 Y34.285
G1 F900 X62.414 Y33.752 E2437.75965
G0 F7200 X61.881 Y33.72
G1 F900 X62.414 Y33.187 E2437.77846
G0 F7200 X61.881 Y33.154
G1 F900 X62.414 Y32.621 E2437.79726
G0 F7200 X61.881 Y32.588
G1 F900 X62.414 Y32.055 E2437.81606
G0 F7200 X61.881 Y32.023
G1 F900 X62.414 Y31.49 E2437.83486
G0 F7200 X61.881 Y31.457
G1 F900 X62.414 Y30.924 E2437.85367
G0 F7200 X61.881 Y30.891
G1 F900 X62.414 Y30.358 E2437.87247
G0 F7200 X61.881 Y30.326
G1 F900 X62.414 Y29.793 E2437.89127
G0 F7200 X61.881 Y29.76
G1 F900 X62.414 Y29.227 E2437.91008
G0 F7200 X61.881 Y29.194
G1 F900 X62.414 Y28.661 E2437.92888
G0 F7200 X61.881 Y28.629
G1 F900 X62.414 Y28.095 E2437.9477
G0 F7200 X61.881 Y28.063
G1 F900 X62.414 Y27.53 E2437.9665
G0 F7200 X61.881 Y27.497
G1 F900 X62.414 Y26.964 E2437.98531
G0 F7200 X61.881 Y26.932
G1 F900 X62.414 Y26.398 E2438.00413
G0 F7200 X61.881 Y26.366
G1 F900 X62.414 Y25.833 E2438.02293
G0 F7200 X61.881 Y25.8
G1 F900 X62.414 Y25.267 E2438.04173
G0 F7200 X61.881 Y25.235
G1 F900 X62.414 Y24.701 E2438.06055
G0 F7200 X61.881 Y24.669
G1 F900 X62.414 Y24.136 E2438.07936
G0 F7200 X61.881 Y24.103
G1 F900 X62.414 Y23.57 E2438.09816
G0 F7200 X61.881 Y23.537
G1 F900 X62.414 Y23.004 E2438.11696
G0 F7200 X61.881 Y22.972
G1 F900 X62.414 Y22.439 E2438.13577
G0 F7200 X61.881 Y22.406
G1 F900 X62.414 Y21.873 E2438.15457
G0 F7200 X61.881 Y21.84
G1 F900 X62.414 Y21.307 E2438.17337
G0 F7200 X61.881 Y21.275
G1 F900 X62.414 Y20.742 E2438.19217
G0 F7200 X61.881 Y20.709
G1 F900 X62.414 Y20.176 E2438.21098
G0 F7200 X61.538 Y87.038
G0 X38.462 Y87.038
G0 X38.32 Y80.044
G1 F900 X37.384 Y80.044 E2438.23433
G1 X37.38 Y19.952 E2439.73333
G1 X38.32 Y19.952 E2439.75678
G1 X38.32 Y80.044 E2441.25578
G0 F7200 X37.819 Y79.844
G1 F900 X38.12 Y79.542 E2441.26641
G0 F7200 X37.584 Y79.513
G1 F900 X38.12 Y78.977 E2441.28532
G0 F7200 X37.584 Y78.947
G1 F900 X38.12 Y78.411 E2441.30423
G0 F7200 X37.584 Y78.381
G1 F900 X38.12 Y77.845 E2441.32314
G0 F7200 X37.584 Y77.816
G1 F900 X38.12 Y77.28 E2441.34205
G0 F7200 X37.584 Y77.25
G1 F900 X38.12 Y76.714 E2441.36096
G0 F7200 X37.584 Y76.684
G1 F900 X38.12 Y76.148 E2441.37987
G0 F7200 X37.584 Y76.119
G1 F900 X38.12 Y75.583 E2441.39877
G0 F7200 X37.584 Y75.553
G1 F900 X38.12 Y75.017 E2441.41768
G0 F7200 X37.584 Y74.987
G1 F900 X38.12 Y74.451 E2441.43659
G0 F7200 X37.584 Y74.422
G1 F900 X38.12 Y73.886 E2441.4555
G0 F7200 X37.584 Y73.856
G1 F900 X38.12 Y73.32 E2441.47441
G0 F7200 X37.584 Y73.29
G1 F900 X38.12 Y72.754 E2441.49332
G0 F7200 X37.584 Y72.725
G1 F900 X38.12 Y72.189 E2441.51223
G0 F7200 X37.584 Y72.159
G1 F900 X38.12 Y71.623 E2441.53114
G0 F7200 X37.584 Y71.593
G1 F900 X38.12 Y71.057 E2441.55005
G0 F7200 X37.584 Y71.027
G1 F900 X38.12 Y70.491 E2441.56895
G0 F7200 X37.584 Y70.462
G1 F900 X38.12 Y69.926 E2441.58786
G0 F7200 X37.584 Y69.896
G1 F900 X38.12 Y69.36 E2441.60677
G0 F7200 X37.583 Y69.331
G1 F900 X38.12 Y68.794 E2441.62572
G0 F7200 X37.583 Y68.765
G1 F900 X38.12 Y68.229 E2441.64464
G0 F7200 X37.583 Y68.2
G1 F900 X38.12 Y67.663 E2441.66359
G0 F7200 X37.583 Y67.634
G1 F900 X38.12 Y67.097 E2441.68253
G0 F7200 X37.583 Y67.068
G1 F900 X38.12 Y66.532 E2441.70146
G0 F7200 X37.583 Y66.503
G1 F900 X38.12 Y65.966 E2441.7204
G0 F7200 X37.583 Y65.937
G1 F900 X38.12 Y65.4 E2441.73935
G0 F7200 X37.583 Y65.371
G1 F900 X38.12 Y64.835 E2441.75827
G0 F7200 X37.583 Y64.806
G1 F900 X38.12 Y64.269 E2441.77722
G0 F7200 X37.583 Y64.24
G1 F900 X38.12 Y63.703 E2441.79616
G0 F7200 X37.583 Y63.674
G1 F900 X38.12 Y63.138 E2441.81509
G0 F7200 X37.583 Y63.109
G1 F900 X38.12 Y62.572 E2441.83403
G0 F7200 X37.583 Y62.543
G1 F900 X38.12 Y62.006 E2441.85297
G0 F7200 X37.583 Y61.977
G1 F900 X38.12 Y61.441 E2441.8719
G0 F7200 X37.583 Y61.412
G1 F900 X38.12 Y60.875 E2441.89085
G0 F7200 X37.583 Y60.846
G1 F900 X38.12 Y60.309 E2441.90979
G0 F7200 X37.583 Y60.28
G1 F900 X38.12 Y59.743 E2441.92873
G0 F7200 X37.583 Y59.715
G1 F900 X38.12 Y59.178 E2441.94768
G0 F7200 X37.583 Y59.149
G1 F900 X38.12 Y58.612 E2441.96662
G0 F7200 X37.583 Y58.584
G1 F900 X38.12 Y58.046 E2441.98558
G0 F7200 X37.583 Y58.018
G1 F900 X38.12 Y57.481 E2442.00453
G0 F7200 X37.583 Y57.452
G1 F900 X38.12 Y56.915 E2442.02347
G0 F7200 X37.583 Y56.887
G1 F900 X38.12 Y56.349 E2442.04243
G0 F7200 X37.583 Y56.321
G1 F900 X38.12 Y55.784 E2442.06138
G0 F7200 X37.583 Y55.755
G1 F900 X38.12 Y55.218 E2442.08032
G0 F7200 X37.583 Y55.19
G1 F900 X38.12 Y54.652 E2442.09928
G0 F7200 X37.583 Y54.624
G1 F900 X38.12 Y54.087 E2442.11823
G0 F7200 X37.583 Y54.058
G1 F900 X38.12 Y53.521 E2442.13717
G0 F7200 X37.583 Y53.493
G1 F900 X38.12 Y52.955 E2442.15613
G0 F7200 X37.583 Y52.927
G1 F900 X38.12 Y52.39 E2442.17508
G0 F7200 X37.583 Y52.361
G1 F900 X38.12 Y51.824 E2442.19402
G0 F7200 X37.583 Y51.796
G1 F900 X38.12 Y51.258 E2442.21298
G0 F7200 X37.583 Y51.23
G1 F900 X38.12 Y50.692 E2442.23195
G0 F7200 X37.583 Y50.664
G1 F900 X38.12 Y50.127 E2442.25089
G0 F7200 X37.583 Y50.099
G1 F900 X38.12 Y49.561 E2442.26985
G0 F7200 X37.582 Y49.534
G1 F900 X38.12 Y48.995 E2442.28885
G0 F7200 X37.582 Y48.968
G1 F900 X38.12 Y48.43 E2442.30783
G0 F7200 X37.582 Y48.402
G1 F900 X38.12 Y47.864 E2442.32681
G0 F7200 X37.582 Y47.836
G1 F900 X38.12 Y47.298 E2442.34579
G0 F7200 X37.582 Y47.271
G1 F900 X38.12 Y46.733 E2442.36477
G0 F7200 X37.582 Y46.705
G1 F900 X38.12 Y46.167 E2442.38375
G0 F7200 X37.582 Y46.139
G1 F900 X38.12 Y45.601 E2442.40273
G0 F7200 X37.582 Y45.574
G1 F900 X38.12 Y45.036 E2442.4217
G0 F7200 X37.582 Y45.008
G1 F900 X38.12 Y44.47 E2442.44068
G0 F7200 X37.582 Y44.442
G1 F900 X38.12 Y43.904 E2442.45966
G0 F7200 X37.582 Y43.877
G1 F900 X38.12 Y43.339 E2442.47864
G0 F7200 X37.582 Y43.311
G1 F900 X38.12 Y42.773 E2442.49762
G0 F7200 X37.582 Y42.745
G1 F900 X38.12 Y42.207 E2442.5166
G0 F7200 X37.582 Y42.18
G1 F900 X38.12 Y41.642 E2442.53558
G0 F7200 X37.582 Y41.614
G1 F900 X38.12 Y41.076 E2442.55456
G0 F7200 X37.582 Y41.048
G1 F900 X38.12 Y40.51 E2442.57354
G0 F7200 X37.582 Y40.483
G1 F900 X38.12 Y39.944 E2442.59254
G0 F7200 X37.581 Y39.918
G1 F900 X38.12 Y39.379 E2442.61155
G0 F7200 X37.581 Y39.352
G1 F900 X38.12 Y38.813 E2442.63057
G0 F7200 X37.581 Y38.786
G1 F900 X38.12 Y38.247 E2442.64958
G0 F7200 X37.581 Y38.221
G1 F900 X38.12 Y37.682 E2442.6686
G0 F7200 X37.581 Y37.655
G1 F900 X38.12 Y37.116 E2442.68761
G0 F7200 X37.581 Y37.089
G1 F900 X38.12 Y36.55 E2442.70662
G0 F7200 X37.581 Y36.523
G1 F900 X38.12 Y35.985 E2442.72562
G0 F7200 X37.581 Y35.958
G1 F900 X38.12 Y35.419 E2442.74464
G0 F7200 X37.581 Y35.392
G1 F900 X38.12 Y34.853 E2442.76365
G0 F7200 X37.581 Y34.826
G1 F900 X38.12 Y34.288 E2442.78265
G0 F7200 X37.581 Y34.261
G1 F900 X38.12 Y33.722 E2442.80166
G0 F7200 X37.581 Y33.695
G1 F900 X38.12 Y33.156 E2442.82068
G0 F7200 X37.581 Y33.129
G1 F900 X38.12 Y32.591 E2442.83967
G0 F7200 X37.581 Y32.564
G1 F900 X38.12 Y32.025 E2442.85869
G0 F7200 X37.581 Y31.998
G1 F900 X38.12 Y31.459 E2442.8777
G0 F7200 X37.581 Y31.432
G1 F900 X38.12 Y30.893 E2442.89672
G0 F7200 X37.581 Y30.867
G1 F900 X38.12 Y30.328 E2442.91573
G0 F7200 X37.581 Y30.301
G1 F900 X38.12 Y29.762 E2442.93475
G0 F7200 X37.581 Y29.736
G1 F900 X38.12 Y29.196 E2442.95378
G0 F7200 X37.581 Y29.17
G1 F900 X38.12 Y28.631 E2442.9728
G0 F7200 X37.581 Y28.605
G1 F900 X38.12 Y28.065 E2442.99183
G0 F7200 X37.581 Y28.039
G1 F900 X38.12 Y27.499 E2443.01086
G0 F7200 X37.581 Y27.473
G1 F900 X38.12 Y26.934 E2443.02987
G0 F7200 X37.581 Y26.908
G1 F900 X38.12 Y26.368 E2443.04891
G0 F7200 X37.581 Y26.342
G1 F900 X38.12 Y25.802 E2443.06794
G0 F7200 X37.581 Y25.776
G1 F900 X38.12 Y25.237 E2443.08695
G0 F7200 X37.581 Y25.21
G1 F900 X38.12 Y24.671 E2443.10597
G0 F7200 X37.581 Y24.645
G1 F900 X38.12 Y24.105 E2443.125
G0 F7200 X37.581 Y24.079
G1 F900 X38.12 Y23.54 E2443.14402
G0 F7200 X37.581 Y23.513
G1 F900 X38.12 Y22.974 E2443.16303
G0 F7200 X37.581 Y22.948
G1 F900 X38.12 Y22.408 E2443.18206
G0 F7200 X37.581 Y22.382
G1 F900 X38.12 Y21.843 E2443.20108
G0 F7200 X37.581 Y21.816
G1 F900 X38.12 Y21.277 E2443.22009
G0 F7200 X37.581 Y21.251
G1 F900 X38.12 Y20.711 E2443.23912
G0 F7200 X37.581 Y20.685
G1 F900 X38.113 Y20.153 E2443.25789
G0 F7200 X38.09 Y20.153
G1 F1500 E2436.75789
G0 F7200 X38.87 Y76.921
G0 X39.965 Y76.921
G0 X45.291 Y78.55
G0 X52.029 Y76.752
G0 X53.095 Y76.514
G0 X54.727 Y76.921
G0 X54.843 Y77.208
;TYPE:WALL-INNER
G1 F1500 E2443.25789
G1 F2400 X55.206 Y76.985 E2443.26852
G1 X55.403 Y76.745 E2443.27626
G1 X55.535 Y76.473 E2443.28381
G1 X55.584 Y76.269 E2443.28904
G1 X55.584 Y75.95 E2443.297
G1 X55.506 Y75.641 E2443.30495
G1 X55.278 Y75.291 E2443.31537
G1 X54.954 Y75.037 E2443.32564
G1 X54.545 Y74.912 E2443.33631
G1 X54.254 Y74.912 E2443.34356
G1 X53.954 Y74.99 E2443.3513
G1 X53.688 Y75.135 E2443.35885
G1 X53.391 Y75.454 E2443.36973
G1 X53.262 Y75.72 E2443.3771
G1 X53.216 Y75.926 E2443.38237
G1 X53.213 Y76.257 E2443.39062
G1 X53.378 Y76.718 E2443.40284
G1 X53.652 Y77.029 E2443.41318
G1 X53.873 Y77.172 E2443.41974
G1 X54.258 Y77.284 E2443.42974
G1 X54.545 Y77.284 E2443.4369
G1 X54.843 Y77.208 E2443.44458
G0 F7200 X54.99 Y77.584
;TYPE:WALL-OUTER
G1 F1200 X55.49 Y77.269 E2443.45932
G1 X55.742 Y76.963 E2443.46921
G1 X55.914 Y76.608 E2443.47905
G1 X55.984 Y76.316 E2443.48654
G1 X55.984 Y75.901 E2443.49689
G1 X55.883 Y75.499 E2443.50723
G1 X55.762 Y75.264 E2443.51382
G1 X55.564 Y75.007 E2443.52191
G1 X55.166 Y74.695 E2443.53453
G1 X54.595 Y74.512 E2443.54949
G1 X54.202 Y74.512 E2443.55929
G1 X53.806 Y74.616 E2443.5695
G1 X53.462 Y74.803 E2443.57927
G1 X53.053 Y75.234 E2443.59409
G1 X52.882 Y75.587 E2443.60388
G1 X52.816 Y75.88 E2443.61137
G1 X52.813 Y76.301 E2443.62187
G1 X52.879 Y76.587 E2443.62919
G1 X53.038 Y76.938 E2443.6388
G1 X53.388 Y77.335 E2443.65201
G1 X53.705 Y77.54 E2443.66142
G1 X54.201 Y77.684 E2443.67431
G1 X54.595 Y77.684 E2443.68414
G1 X54.99 Y77.584 E2443.6943
G0 F7200 X55.159 Y77.478
G0 X55.076 Y76.541
;TYPE:SKIN
G1 F900 X54.939 Y76.705 E2443.69963
G1 X54.701 Y76.849 E2443.70657
G1 X54.31 Y76.904 E2443.71642
G1 X54.034 Y76.82 E2443.72362
G1 X53.904 Y76.734 E2443.7275
G1 X53.7 Y76.507 E2443.73512
G1 X53.592 Y76.205 E2443.74312
G1 X53.592 Y75.981 E2443.74871
G1 X53.714 Y75.66 E2443.75727
G1 X53.912 Y75.445 E2443.76456
G1 X54.303 Y75.293 E2443.77503
G1 X54.495 Y75.293 E2443.77982
G1 X54.762 Y75.37 E2443.78675
G1 X54.995 Y75.554 E2443.79415
G1 X55.15 Y75.787 E2443.80114
G1 X55.204 Y76.001 E2443.80664
G1 X55.204 Y76.211 E2443.81188
G1 X55.076 Y76.541 E2443.82071
G0 F7200 X54.567 Y76.672
G1 F900 X54.965 Y76.274 E2443.83475
G0 F7200 X54.9 Y75.774
G1 F900 X54.077 Y76.597 E2443.86378
G0 F7200 X53.831 Y76.277
G1 F900 X54.572 Y75.535 E2443.88994
G1 X54.642 Y75.465
G0 F7200 X54.616 Y75.559
G1 F1500 E2437.38994
G0 F7200 X53.043 Y76.28
G0 X51.949 Y76.277
G0 X48.05 Y76.249
G0 X46.955 Y76.246
G0 X45.927 Y76.921
G0 X46.043 Y77.208
;TYPE:WALL-INNER
G1 F1500 E2443.88994
G1 F2400 X46.406 Y76.985 E2443.90057
G1 X46.603 Y76.745 E2443.90831
G1 X46.735 Y76.473 E2443.91586
G1 X46.784 Y76.269 E2443.92109
G1 X46.784 Y75.951 E2443.92902
G1 X46.709 Y75.656 E2443.93662
G1 X46.567 Y75.401 E2443.9439
G1 X46.363 Y75.184 E2443.95133
G1 X46.031 Y74.985 E2443.96098
G1 X45.745 Y74.912 E2443.96834
G1 X45.453 Y74.912 E2443.97563
G1 X45.154 Y74.99 E2443.98334
G1 X44.888 Y75.135 E2443.99089
G1 X44.591 Y75.454 E2444.00177
G1 X44.462 Y75.72 E2444.00914
G1 X44.416 Y75.926 E2444.01441
G1 X44.413 Y76.257 E2444.02266
G1 X44.459 Y76.458 E2444.02781
G1 X44.664 Y76.848 E2444.0388
G1 X44.9 Y77.066 E2444.04681
G1 X45.156 Y77.209 E2444.05413
G1 X45.452 Y77.283 E2444.06174
G1 X45.745 Y77.283 E2444.06905
G1 X46.043 Y77.208 E2444.07671
G0 F7200 X46.19 Y77.584
;TYPE:WALL-OUTER
G1 F1200 X46.69 Y77.269 E2444.09145
G1 X46.942 Y76.963 E2444.10134
G1 X47.114 Y76.608 E2444.11118
G1 X47.184 Y76.316 E2444.11867
G1 X47.184 Y75.901 E2444.12902
G1 X47.084 Y75.507 E2444.13916
G1 X46.893 Y75.163 E2444.14898
G1 X46.617 Y74.87 E2444.15902
G1 X46.186 Y74.611 E2444.17156
G1 X45.795 Y74.512 E2444.18162
G1 X45.402 Y74.512 E2444.19143
G1 X45.006 Y74.616 E2444.20164
G1 X44.662 Y74.803 E2444.21141
G1 X44.253 Y75.234 E2444.22623
G1 X44.082 Y75.587 E2444.23601
G1 X44.016 Y75.88 E2444.24351
G1 X44.013 Y76.301 E2444.25401
G1 X44.079 Y76.587 E2444.26133
G1 X44.242 Y76.947 E2444.27119
G1 X44.363 Y77.114 E2444.27633
G1 X44.663 Y77.392 E2444.28654
G1 X45.007 Y77.584 E2444.29636
G1 X45.402 Y77.683 E2444.30652
G1 X45.795 Y77.683 E2444.31632
G1 X46.19 Y77.584 E2444.32648
G0 F7200 X46.359 Y77.478
G0 X46.276 Y76.541
;TYPE:SKIN
G1 F900 X46.139 Y76.705 E2444.33181
G1 X45.903 Y76.849 E2444.33871
G1 X45.692 Y76.9 E2444.34412
G1 X45.294 Y76.848 E2444.35414
G1 X44.958 Y76.601 E2444.36454
G1 X44.825 Y76.341 E2444.37182
G1 X44.799 Y75.973 E2444.38103
G1 X44.914 Y75.659 E2444.38937
G1 X45.112 Y75.445 E2444.39664
G1 X45.503 Y75.292 E2444.40712
G1 X45.883 Y75.34 E2444.41667
G1 X46.121 Y75.482 E2444.42358
G1 X46.349 Y75.795 E2444.43324
G1 X46.404 Y76.003 E2444.43861
G1 X46.404 Y76.21 E2444.44377
G1 X46.276 Y76.541 E2444.45263
G0 F7200 X45.495 Y76.693
G1 F900 X46.181 Y76.007 E2444.47683
G0 F7200 X45.987 Y75.635
G1 F900 X45.134 Y76.488 E2444.50692
G0 F7200 X45.005 Y76.051
G1 F900 X45.561 Y75.496 E2444.52651
G0 F7200 X45.561 Y75.524
G1 F1500 E2438.02651
;MESH:NONMESH
G0 F600 Z5.735
G0 F7200 X45.157 Y73.684
G0 X39.965 Y74.743
G0 X38.87 Y74.743
G0 X37.311 Y11.927
G0 X37.161 Y11.927
;TIME_ELAPSED:5383.179702
;LAYER:30
;TYPE:FILL
;MESH:luckfox_top.stl
G1 F1500 E2444.52651
G1 F3000 X37.427 Y11.66 E2444.53592
G0 F7200 X37.427 Y11.811
G0 X39.944 Y11.811
G0 X39.944 Y11.66
G1 F3000 X41.14 Y12.856 E2444.57811
G1 X41.21 Y12.926
G0 F7200 X40.99 Y12.926
G0 X38.462 Y12.962
G0 X38.39 Y15.913
G0 X38.54 Y15.913
G1 F3000 X37.16 Y14.532 E2444.62681
G1 X37.09 Y14.462
G0 F7200 X37.31 Y14.462
G0 X38.39 Y16.204
G0 X38.54 Y16.204
G1 F3000 X37.161 Y17.584 E2444.67548
G1 X37.091 Y17.654
G1 F1500 E2438.17548
G0 F7200 X37.31 Y17.654
G0 X37.262 Y20.137
G0 X37.262 Y79.863
G0 X38.862 Y86.638
G0 X61.138 Y86.638
G0 X62.738 Y79.863
G0 X62.738 Y20.137
G0 X61.138 Y13.362
G0 X59.01 Y12.854
G0 X58.86 Y12.854
G1 F1500 E2444.67548
G1 F3000 X60.054 Y11.661 E2444.71758
G1 X60.124 Y11.591
G0 F7200 X60.123 Y11.81
G0 X62.574 Y11.811
G0 X62.575 Y11.663
G1 F3000 X62.837 Y11.925 E2444.72682
G0 F7200 X62.688 Y11.925
G0 X62.688 Y14.535
G0 X62.836 Y14.535
G1 F3000 X61.46 Y15.911 E2444.77536
G0 F7200 X61.46 Y16.205
G1 F3000 X62.837 Y17.582 E2444.82394
G1 X62.907 Y17.652
G1 F1500 E2438.32394
G0 F7200 X62.688 Y17.652
G0 X62.738 Y20.137
G0 X62.738 Y79.863
G0 X62.69 Y82.413
G0 X62.841 Y82.413
G1 F1500 E2444.82394
G1 F3000 X61.46 Y83.794 E2444.87266
G0 F7200 X61.46 Y84.087
G1 F3000 X62.841 Y85.468 E2444.92138
G1 X62.911 Y85.538
G0 F7200 X62.69 Y85.538
G0 X62.69 Y88.07
G0 X62.841 Y88.07
G1 F3000 X62.574 Y88.337 E2444.9308
G0 F7200 X62.574 Y88.188
G0 X60.052 Y88.188
G0 X60.052 Y88.336
G1 F3000 X58.676 Y86.96 E2444.97934
G0 F7200 X58.294 Y86.96
G1 F3000 X56.917 Y88.337 E2445.02792
G1 X56.847 Y88.407
G0 F7200 X56.847 Y88.188
G0 X43.084 Y88.189
G0 X43.084 Y88.339
G1 F3000 X41.705 Y86.96 E2445.07656
G0 F7200 X41.323 Y86.96
G1 F3000 X39.944 Y88.34 E2445.12523
G1 X39.874 Y88.41
G0 F7200 X39.874 Y88.189
G0 X37.427 Y88.189
G0 X37.427 Y88.339
G1 F3000 X37.158 Y88.07 E2445.13472
G0 F7200 X37.311 Y88.07
G0 X37.311 Y85.467
G0 X37.159 Y85.467
G1 F3000 X38.54 Y84.086 E2445.18344
G0 F7200 X38.54 Y83.795
G1 F3000 X37.158 Y82.413 E2445.23219
G1 X37.088 Y82.343
G1 F1500 E2438.73219
G0 F7200 X37.311 Y82.343
G0 X37.262 Y79.863
G0 X37.262 Y20.137
G0 X38.862 Y13.362
G0 X39.226 Y13.2
;TYPE:WALL-INNER
G1 F1500 E2445.23219
G1 F2400 X41.3 Y13.2 E2445.28393
G1 X41.3 Y11.5 E2445.32634
G1 X37.137 Y11.5 E2445.43018
G1 X37 Y11.642 E2445.4351
G1 X37 Y19.922 E2445.64165
G1 F2133.3 X37.05 Y20.572 E2445.65994
G1 X37.339 Y20.092 E2445.67567
G1 F2400 X37.7 Y19.972 E2445.68516
G1 X38.7 Y19.972 E2445.7101
G1 X38.7 Y13.8 E2445.86406
G1 X38.749 Y13.561 E2445.87015
G1 X38.875 Y13.375 E2445.87575
G1 X39.061 Y13.249 E2445.88136
G1 X39.226 Y13.2 E2445.88565
G0 F7200 X39.226 Y12.89
G0 X37.28 Y19.695
G0 X37.05 Y20.572
G1 F1912.4 X37.051 Y35.313 E2446.34713
G1 F1904.8 X37.052 Y50.054 E2446.81046
G1 F1889.8 X37.053 Y64.795 E2447.27746
G1 F1882.4 X37.054 Y79.536 E2447.74629
G0 F7200 X37.281 Y80.305
G0 X38.462 Y87.038
G0 X61.538 Y87.038
G0 X61.125 Y86.624
G1 F2400 X60.939 Y86.751 E2447.75191
G1 X60.774 Y86.8 E2447.7562
G1 X39.3 Y86.8 E2448.29188
G1 X39.061 Y86.751 E2448.29796
G1 X38.875 Y86.625 E2448.30357
G1 X38.749 Y86.439 E2448.30917
G1 X38.7 Y86.274 E2448.31346
G1 X38.7 Y80.024 E2448.46937
G1 X37.7 Y80.024 E2448.49432
G1 X37.339 Y79.904 E2448.50381
G1 F2105.3 X37.054 Y79.537 E2448.51702
G1 X37 Y80.074 E2448.53237
G1 F2400 X37 Y88.36 E2448.73906
G1 X37.165 Y88.5 E2448.74446
G1 X62.796 Y88.496 E2449.38383
G1 X62.937 Y88.45 E2449.38753
G1 X63 Y88.331 E2449.39089
G1 X63 Y80.074 E2449.59686
G1 F2114.5 X62.946 Y79.537 E2449.61214
G1 X62.662 Y79.905 E2449.6253
G1 F2400 X62.3 Y80.024 E2449.63481
G1 X61.3 Y80.024 E2449.65975
G1 X61.3 Y86.289 E2449.81603
G1 X61.125 Y86.624 E2449.82546
G0 F7200 X61.61 Y86.624
G0 X62.72 Y80.305
G0 X62.946 Y79.537
G1 F1897.2 X62.947 Y59.882 E2450.44568
G1 F1908.5 X62.947 Y40.227 E2451.06223
G1 F1920 X62.948 Y20.572 E2451.6751
G0 F7200 X62.718 Y19.695
G0 X61.61 Y13.561
G0 X61.251 Y13.561
G1 F2400 X61.3 Y13.8 E2451.68119
G1 X61.3 Y19.972 E2451.83515
G1 X62.3 Y19.972 E2451.86009
G1 X62.66 Y20.092 E2451.86956
G1 F2138.1 X62.948 Y20.572 E2451.88523
G1 X62.997 Y19.924 E2451.90343
G1 F2400 X62.996 Y11.611 E2452.1108
G1 X62.864 Y11.501 E2452.11508
G1 X58.7 Y11.5 E2452.21896
G1 X58.7 Y13.2 E2452.26136
G1 X60.7 Y13.2 E2452.31125
G1 X61.124 Y13.375 E2452.3227
G1 X61.251 Y13.561 E2452.32831
G1 F1500 E2445.82831
G0 F7200 X61.61 Y13.561
G0 X62.738 Y20.137
G0 X62.738 Y79.863
G0 X61.61 Y86.235
G0 X60.898 Y86.235
;TYPE:WALL-OUTER
G1 F1500 E2452.32831
G1 F1200 X60.842 Y86.342 E2452.33133
G1 X60.735 Y86.397 E2452.33433
G1 X39.244 Y86.4 E2452.87042
G1 X39.158 Y86.342 E2452.87301
G1 X39.103 Y86.235 E2452.87601
G1 X39.1 Y79.624 E2453.04092
G1 X37.7 Y79.624 E2453.07585
G1 X37.579 Y79.584 E2453.07903
G1 X37.503 Y79.459 E2453.08267
G1 X37.5 Y20.572 E2454.55162
G1 X37.579 Y20.412 E2454.55607
G1 X37.7 Y20.372 E2454.55925
G1 X39.1 Y20.372 E2454.59417
G1 X39.1 Y13.744 E2454.75951
G1 X39.158 Y13.658 E2454.76209
G1 X39.265 Y13.603 E2454.76509
G1 X41.7 Y13.6 E2454.82584
G1 X41.7 Y11.1 E2454.8882
G1 X37.12 Y11.1 E2455.00245
G1 X36.809 Y11.224 E2455.0108
G1 X36.651 Y11.429 E2455.01726
G1 X36.6 Y11.574 E2455.02109
G1 X36.6 Y88.366 E2456.93667
G1 X36.651 Y88.564 E2456.94177
G1 X36.834 Y88.792 E2456.94907
G1 X37.082 Y88.9 E2456.95581
G1 X62.86 Y88.896 E2457.59885
G1 X63.144 Y88.803 E2457.6063
G1 X63.289 Y88.669 E2457.61123
G1 X63.4 Y88.414 E2457.61817
G1 X63.396 Y11.62 E2459.5338
G1 X63.296 Y11.34 E2459.54122
G1 X63.069 Y11.15 E2459.5486
G1 X62.885 Y11.101 E2459.55335
G1 X58.3 Y11.1 E2459.66773
G1 X58.3 Y13.6 E2459.73009
G1 X60.7 Y13.6 E2459.78996
G1 X60.842 Y13.658 E2459.79378
G1 X60.9 Y13.8 E2459.79761
G1 X60.9 Y20.372 E2459.96155
G1 X62.3 Y20.372 E2459.99647
G1 X62.42 Y20.412 E2459.99963
G1 X62.5 Y20.572 E2460.00409
G1 X62.498 Y79.459 E2461.47303
G1 X62.421 Y79.585 E2461.47671
G1 X62.3 Y79.624 E2461.47989
G1 X60.9 Y79.624 E2461.51481
G1 X60.898 Y86.235 E2461.67972
G0 F7200 X60.842 Y86.342
G0 X60.772 Y86.378
G0 X61.61 Y86.378
G0 X55.12 Y88.116
;TYPE:SKIN
G1 F900 X44.88 Y88.116 E2461.93516
G1 X44.88 Y87.18 E2461.95851
G1 X55.12 Y87.18 E2462.21395
G1 X55.12 Y88.116 E2462.23729
G0 F7200 X54.92 Y87.729
G1 F900 X54.57 Y87.38 E2462.24962
G0 F7200 X54.541 Y87.916
G1 F900 X54.005 Y87.38 E2462.26853
G0 F7200 X53.975 Y87.916
G1 F900 X53.439 Y87.38 E2462.28744
G0 F7200 X53.409 Y87.916
G1 F900 X52.873 Y87.38 E2462.30635
G0 F7200 X52.844 Y87.916
G1 F900 X52.308 Y87.38 E2462.32526
G0 F7200 X52.278 Y87.916
G1 F900 X51.742 Y87.38 E2462.34417
G0 F7200 X51.712 Y87.916
G1 F900 X51.176 Y87.38 E2462.36308
G0 F7200 X51.146 Y87.916
G1 F900 X50.61 Y87.38 E2462.38199
G0 F7200 X50.581 Y87.916
G1 F900 X50.045 Y87.38 E2462.40089
G0 F7200 X50.015 Y87.916
G1 F900 X49.479 Y87.38 E2462.4198
G0 F7200 X49.449 Y87.916
G1 F900 X48.913 Y87.38 E2462.43871
G0 F7200 X48.884 Y87.916
G1 F900 X48.348 Y87.38 E2462.45762
G0 F7200 X48.318 Y87.916
G1 F900 X47.782 Y87.38 E2462.47653
G0 F7200 X47.752 Y87.916
G1 F900 X47.216 Y87.38 E2462.49544
G0 F7200 X47.187 Y87.916
G1 F900 X46.651 Y87.38 E2462.51435
G0 F7200 X46.621 Y87.916
G1 F900 X46.085 Y87.38 E2462.53326
G0 F7200 X46.055 Y87.916
G1 F900 X45.519 Y87.38 E2462.55216
G0 F7200 X45.079 Y87.506
G1 F900 X45.49 Y87.916 E2462.56665
G0 F7200 X45.491 Y87.889
G1 F1500 E2456.06665
G0 F7200 X54.713 Y86.63
G0 X54.713 Y85.535
G0 X54.572 Y78.551
G0 X54.572 Y77.457
G0 X54.831 Y77.211
;TYPE:WALL-INNER
G1 F1500 E2462.56665
G1 F2400 X55.165 Y77.011 E2462.57636
G1 X55.364 Y76.801 E2462.58357
G1 X55.506 Y76.546 E2462.59086
G1 X55.584 Y76.25 E2462.59849
G1 X55.584 Y75.95 E2462.60597
G1 X55.51 Y75.653 E2462.61361
G1 X55.419 Y75.475 E2462.6186
G1 X55.11 Y75.136 E2462.63004
G1 X54.842 Y74.99 E2462.63765
G1 X54.542 Y74.913 E2462.64538
G1 X54.252 Y74.912 E2462.65261
G1 X53.969 Y74.985 E2462.6599
G1 X53.63 Y75.186 E2462.66973
G1 X53.432 Y75.395 E2462.67692
G1 X53.289 Y75.65 E2462.68421
G1 X53.212 Y75.942 E2462.69174
G1 X53.212 Y76.255 E2462.69955
G1 X53.389 Y76.738 E2462.71238
G1 X53.587 Y76.978 E2462.72014
G1 X53.954 Y77.209 E2462.73096
G1 X54.251 Y77.284 E2462.7386
G1 X54.545 Y77.284 E2462.74593
G1 X54.831 Y77.211 E2462.7533
G0 F7200 X54.986 Y77.585
;TYPE:WALL-OUTER
G1 F1200 X55.417 Y77.326 E2462.76584
G1 X55.689 Y77.04 E2462.77569
G1 X55.88 Y76.696 E2462.7855
G1 X55.984 Y76.302 E2462.79567
G1 X55.984 Y75.901 E2462.80567
G1 X55.887 Y75.511 E2462.81569
G1 X55.755 Y75.255 E2462.82288
G1 X55.493 Y74.934 E2462.83322
G1 X55.335 Y74.803 E2462.83834
G1 X54.99 Y74.616 E2462.84812
G1 X54.594 Y74.513 E2462.85833
G1 X54.202 Y74.512 E2462.86811
G1 X53.814 Y74.611 E2462.8781
G1 X53.378 Y74.87 E2462.89075
G1 X53.107 Y75.156 E2462.90058
G1 X52.915 Y75.5 E2462.9104
G1 X52.812 Y75.89 E2462.92047
G1 X52.812 Y76.301 E2462.93072
G1 X52.879 Y76.586 E2462.93802
G1 X53.047 Y76.952 E2462.94807
G1 X53.303 Y77.262 E2462.9581
G1 X53.806 Y77.584 E2462.973
G1 X54.201 Y77.684 E2462.98316
G1 X54.595 Y77.684 E2462.99299
G1 X54.986 Y77.585 E2463.00305
G0 F7200 X55.157 Y77.483
G0 X54.922 Y76.71
;TYPE:SKIN
G1 F900 X54.682 Y76.857 E2463.01007
G1 X54.302 Y76.904 E2463.01962
G1 X54.096 Y76.85 E2463.02493
G1 X53.85 Y76.699 E2463.03213
G1 X53.716 Y76.535 E2463.03742
G1 X53.592 Y76.2 E2463.04633
G1 X53.592 Y75.986 E2463.05167
G1 X53.735 Y75.625 E2463.06135
G1 X53.87 Y75.487 E2463.06617
G1 X54.114 Y75.339 E2463.07329
G1 X54.49 Y75.292 E2463.08274
G1 X54.882 Y75.444 E2463.09323
G1 X55.091 Y75.676 E2463.10102
G1 X55.204 Y76.006 E2463.10972
G1 X55.204 Y76.197 E2463.11448
G1 X55.057 Y76.571 E2463.12451
G1 X54.922 Y76.71 E2463.12934
G0 F7200 X54.606 Y76.668
G1 F900 X53.836 Y75.898 E2463.1565
G0 F7200 X54.099 Y75.595
G1 F900 X54.912 Y76.409 E2463.1852
G0 F7200 X54.95 Y75.88
G1 F900 X54.623 Y75.553 E2463.19674
G0 F7200 X54.617 Y75.561
G1 F1500 E2456.69674
G0 F7200 X53.043 Y76.279
G0 X51.949 Y76.278
G0 X48.051 Y76.262
G0 X46.956 Y76.261
G0 X45.913 Y76.925
G0 X46.031 Y77.211
;TYPE:WALL-INNER
G1 F1500 E2463.19674
G1 F2400 X46.365 Y77.011 E2463.20645
G1 X46.564 Y76.801 E2463.21366
G1 X46.706 Y76.546 E2463.22095
G1 X46.784 Y76.25 E2463.22858
G1 X46.784 Y75.938 E2463.23636
G1 X46.74 Y75.739 E2463.24145
G1 X46.609 Y75.46 E2463.24914
G1 X46.31 Y75.136 E2463.26013
G1 X46.041 Y74.991 E2463.26776
G1 X45.742 Y74.913 E2463.27547
G1 X45.452 Y74.912 E2463.2827
G1 X45.169 Y74.985 E2463.28999
G1 X44.83 Y75.186 E2463.29982
G1 X44.632 Y75.395 E2463.307
G1 X44.489 Y75.65 E2463.3143
G1 X44.412 Y75.942 E2463.32183
G1 X44.412 Y76.255 E2463.32964
G1 X44.458 Y76.455 E2463.33476
G1 X44.603 Y76.763 E2463.34325
G1 X44.902 Y77.067 E2463.35388
G1 X45.156 Y77.209 E2463.36114
G1 X45.451 Y77.284 E2463.36874
G1 X45.745 Y77.284 E2463.37607
G1 X46.031 Y77.211 E2463.38343
G0 F7200 X46.186 Y77.585
;TYPE:WALL-OUTER
G1 F1200 X46.617 Y77.326 E2463.39598
G1 X46.889 Y77.04 E2463.40582
G1 X47.08 Y76.696 E2463.41564
G1 X47.184 Y76.302 E2463.4258
G1 X47.184 Y75.894 E2463.43598
G1 X47.121 Y75.609 E2463.44326
G1 X46.949 Y75.244 E2463.45333
G1 X46.535 Y74.803 E2463.46842
G1 X46.189 Y74.616 E2463.47823
G1 X45.794 Y74.513 E2463.48841
G1 X45.402 Y74.512 E2463.49819
G1 X45.014 Y74.611 E2463.50818
G1 X44.578 Y74.87 E2463.52083
G1 X44.307 Y75.156 E2463.53065
G1 X44.115 Y75.5 E2463.54048
G1 X44.012 Y75.89 E2463.55054
G1 X44.012 Y76.301 E2463.5608
G1 X44.078 Y76.586 E2463.56809
G1 X44.257 Y76.969 E2463.57864
G1 X44.664 Y77.393 E2463.5933
G1 X45.007 Y77.584 E2463.60309
G1 X45.401 Y77.684 E2463.61323
G1 X45.795 Y77.684 E2463.62306
G1 X46.186 Y77.585 E2463.63312
G0 F7200 X46.357 Y77.483
G0 X46.257 Y76.571
;TYPE:SKIN
G1 F900 X46.122 Y76.71 E2463.63796
G1 X45.882 Y76.857 E2463.64498
G1 X45.502 Y76.904 E2463.65453
G1 X45.133 Y76.761 E2463.6644
G1 X44.923 Y76.555 E2463.67174
G1 X44.825 Y76.34 E2463.67763
G1 X44.795 Y75.981 E2463.68662
G1 X44.934 Y75.625 E2463.69615
G1 X45.07 Y75.487 E2463.70099
G1 X45.314 Y75.339 E2463.70811
G1 X45.69 Y75.292 E2463.71756
G1 X45.901 Y75.347 E2463.723
G1 X46.142 Y75.494 E2463.73004
G1 X46.28 Y75.662 E2463.73546
G1 X46.404 Y75.989 E2463.74419
G1 X46.404 Y76.197 E2463.74937
G1 X46.257 Y76.571 E2463.7594
G0 F7200 X45.528 Y75.51
G1 F900 X46.2 Y76.182 E2463.78311
G0 F7200 X45.985 Y76.532
G1 F900 X45.153 Y75.7 E2463.81246
G0 F7200 X45.007 Y76.12
G1 F900 X45.584 Y76.697 E2463.83281
G1 X45.654 Y76.767
G0 F7200 X45.654 Y76.676
G1 F1500 E2457.33281
;MESH:NONMESH
G0 F600 Z5.885
G0 F7200 X45.428 Y74.743
G0 X45.156 Y73.685
G0 X38.876 Y21.24
G0 X38.876 Y20.151
G0 X37.31 Y11.925
G0 X37.162 Y11.925
;TIME_ELAPSED:5424.803568
;LAYER:31
;TYPE:FILL
;MESH:luckfox_top.stl
G1 F1500 E2463.83281
G1 F3000 X37.426 Y11.662 E2463.84211
G0 F7200 X37.426 Y11.81
G0 X39.945 Y11.81
G0 X39.945 Y11.661
G1 F3000 X41.14 Y12.856 E2463.88426
G1 X41.21 Y12.926
G0 F7200 X40.99 Y12.926
G0 X38.462 Y12.962
G0 X38.39 Y15.913
G0 X38.54 Y15.913
G1 F3000 X37.161 Y14.533 E2463.93293
G1 X37.091 Y14.463
G0 F7200 X37.31 Y14.463
G0 X38.39 Y16.204
G0 X38.54 Y16.204
G1 F3000 X37.161 Y17.584 E2463.9816
G1 X37.091 Y17.654
G1 F1500 E2457.4816
G0 F7200 X37.31 Y17.654
G0 X37.262 Y20.137
G0 X37.262 Y79.863
G0 X37.311 Y82.414
G0 X37.159 Y82.414
G1 F1500 E2463.9816
G1 F3000 X38.54 Y83.795 E2464.03031
G0 F7200 X38.54 Y84.086
G1 F3000 X37.161 Y85.466 E2464.07898
G1 X37.091 Y85.536
G0 F7200 X37.311 Y85.536
G0 X37.311 Y88.072
G0 X37.161 Y88.072
G1 F3000 X37.427 Y88.339 E2464.08838
G0 F7200 X37.427 Y88.19
G0 X39.944 Y88.19
G0 X39.944 Y88.34
G1 F3000 X41.323 Y86.96 E2464.13705
G0 F7200 X41.705 Y86.96
G1 F3000 X43.085 Y88.34 E2464.18573
G1 X43.155 Y88.41
G1 F1500 E2457.68573
G0 F7200 X43.155 Y88.19
G0 X38.862 Y86.638
G0 X37.262 Y79.863
G0 X37.262 Y20.137
G0 X38.862 Y13.362
G0 X39.226 Y13.2
;TYPE:WALL-INNER
G1 F1500 E2464.18573
G1 F2400 X41.3 Y13.2 E2464.23747
G1 X41.3 Y11.5 E2464.27987
G1 X37.17 Y11.5 E2464.3829
G1 X37.073 Y11.54 E2464.38551
G1 X37 Y11.687 E2464.38961
G1 X37 Y19.922 E2464.59503
G1 F2133.3 X37.05 Y20.572 E2464.61333
G1 X37.339 Y20.092 E2464.62905
G1 F2400 X37.7 Y19.972 E2464.63854
G1 X38.7 Y19.972 E2464.66348
G1 X38.7 Y13.8 E2464.81744
G1 X38.749 Y13.561 E2464.82353
G1 X38.875 Y13.375 E2464.82913
G1 X39.061 Y13.249 E2464.83474
G1 X39.226 Y13.2 E2464.83903
G0 F7200 X39.226 Y12.89
G0 X37.28 Y19.695
G0 X37.05 Y20.572
G1 F1912.4 X37.051 Y35.313 E2465.30052
G1 F1904.8 X37.052 Y50.054 E2465.76384
G1 F1889.8 X37.053 Y64.795 E2466.23084
G1 F1882.4 X37.054 Y79.536 E2466.69967
G0 F7200 X37.281 Y80.305
G0 X38.462 Y87.038
G0 X39.061 Y86.751
G1 F2400 X38.875 Y86.625 E2466.70528
G1 X38.749 Y86.439 E2466.71088
G1 X38.7 Y86.274 E2466.71518
G1 X38.7 Y80.024 E2466.87108
G1 X37.7 Y80.024 E2466.89603
G1 X37.339 Y79.904 E2466.90552
G1 F2105.3 X37.054 Y79.537 E2466.91873
G1 X37 Y80.074 E2466.93408
G1 F2400 X37 Y88.326 E2467.13993
G1 X37.059 Y88.459 E2467.14356
G1 X37.156 Y88.5 E2467.14618
G1 X45.32 Y88.5 E2467.34983
G1 X45.32 Y86.8 E2467.39224
G1 X39.3 Y86.8 E2467.54241
G1 X39.061 Y86.751 E2467.5485
G0 F7200 X39.244 Y86.4
;TYPE:WALL-OUTER
G1 F1200 X39.158 Y86.342 E2467.55108
G1 X39.103 Y86.235 E2467.55409
G1 X39.1 Y79.624 E2467.719
G1 X37.7 Y79.624 E2467.75392
G1 X37.579 Y79.584 E2467.7571
G1 X37.503 Y79.459 E2467.76075
G1 X37.5 Y20.572 E2469.22969
G1 X37.579 Y20.412 E2469.23414
G1 X37.7 Y20.372 E2469.23732
G1 X39.1 Y20.372 E2469.27224
G1 X39.1 Y13.744 E2469.43758
G1 X39.158 Y13.658 E2469.44017
G1 X39.265 Y13.603 E2469.44317
G1 X41.7 Y13.6 E2469.50391
G1 X41.7 Y11.1 E2469.56627
G1 X37.092 Y11.1 E2469.68122
G1 X36.83 Y11.207 E2469.68828
G1 X36.652 Y11.42 E2469.6952
G1 X36.6 Y11.64 E2469.70084
G1 X36.6 Y88.37 E2471.61488
G1 X36.64 Y88.546 E2471.61938
G1 X36.752 Y88.725 E2471.62465
G1 X37.076 Y88.9 E2471.63384
G1 X45.72 Y88.9 E2471.84946
G1 X45.72 Y86.4 E2471.91182
G1 X39.244 Y86.4 E2472.07337
G0 F7200 X39.158 Y86.342
G0 X39.114 Y86.257
G0 X38.09 Y86.257
G1 F1500 E2465.57337
G0 F7200 X45.492 Y88.189
G0 X46.587 Y88.189
G0 X53.413 Y88.189
G0 X54.508 Y88.189
G0 X56.914 Y88.189
G0 X56.914 Y88.34
;TYPE:FILL
G1 F1500 E2472.07337
G1 F3000 X58.294 Y86.96 E2472.12205
G0 F7200 X58.676 Y86.96
G1 F3000 X60.053 Y88.337 E2472.17063
G1 X60.123 Y88.407
G0 F7200 X60.123 Y88.188
G0 X62.573 Y88.188
G0 X62.573 Y88.337
G1 F3000 X62.841 Y88.07 E2472.18007
G0 F7200 X62.69 Y88.07
G0 X62.69 Y85.469
G0 X62.841 Y85.469
G1 F3000 X61.46 Y84.087 E2472.2288
G0 F7200 X61.46 Y83.794
G1 F3000 X62.841 Y82.413 E2472.27752
G1 X62.911 Y82.343
G1 F1500 E2465.77752
G0 F7200 X62.69 Y82.343
G0 X62.738 Y79.863
G0 X62.738 Y20.137
G0 X62.688 Y17.582
G0 X62.837 Y17.582
G1 F1500 E2472.27752
G1 F3000 X61.46 Y16.205 E2472.3261
G0 F7200 X61.46 Y15.911
G1 F3000 X62.837 Y14.535 E2472.37466
G1 X62.907 Y14.465
G0 F7200 X62.688 Y14.465
G0 X62.688 Y11.925
G0 X62.837 Y11.925
G1 F3000 X62.572 Y11.66 E2472.38401
G0 F7200 X62.571 Y11.811
G0 X60.054 Y11.81
G0 X60.055 Y11.659
G1 F3000 X58.86 Y12.854 E2472.42616
G1 X58.79 Y12.924
G1 F1500 E2465.92616
G0 F7200 X59.01 Y12.89
G0 X61.138 Y13.362
G0 X62.738 Y20.137
G0 X62.738 Y79.863
G0 X61.61 Y86.624
G0 X61.125 Y86.624
;TYPE:WALL-INNER
G1 F1500 E2472.42616
G1 F2400 X60.939 Y86.751 E2472.43178
G1 X60.774 Y86.8 E2472.43608
G1 X54.676 Y86.8 E2472.58819
G1 X54.676 Y88.5 E2472.6306
G1 X62.86 Y88.496 E2472.83475
G1 X62.956 Y88.433 E2472.83761
G1 X63 Y88.349 E2472.83998
G1 X63 Y80.074 E2473.0464
G1 F2114.5 X62.946 Y79.537 E2473.06168
G1 X62.662 Y79.905 E2473.07484
G1 F2400 X62.3 Y80.024 E2473.08435
G1 X61.3 Y80.024 E2473.10929
G1 X61.3 Y86.289 E2473.26557
G1 X61.125 Y86.624 E2473.275
G0 F7200 X61.61 Y86.624
G0 X62.72 Y80.305
G0 X62.946 Y79.537
G1 F1897.2 X62.947 Y59.882 E2473.89522
G1 F1908.5 X62.947 Y40.227 E2474.51177
G1 F1920 X62.948 Y20.572 E2475.12464
G0 F7200 X62.718 Y19.695
G0 X61.61 Y13.561
G0 X61.251 Y13.561
G1 F2400 X61.3 Y13.8 E2475.13073
G1 X61.3 Y19.972 E2475.28469
G1 X62.3 Y19.972 E2475.30963
G1 X62.66 Y20.092 E2475.3191
G1 F2138.1 X62.948 Y20.572 E2475.33477
G1 X62.997 Y19.924 E2475.35297
G1 F2400 X62.996 Y11.637 E2475.55969
G1 X62.957 Y11.559 E2475.56187
G1 X62.83 Y11.5 E2475.56536
G1 X58.7 Y11.5 E2475.66838
G1 X58.7 Y13.2 E2475.71079
G1 X60.7 Y13.2 E2475.76068
G1 X61.124 Y13.375 E2475.77212
G1 X61.251 Y13.561 E2475.77774
G1 F1500 E2469.27774
G0 F7200 X61.61 Y13.561
G0 X62.738 Y20.137
G0 X62.738 Y79.863
G0 X61.61 Y86.235
G0 X60.898 Y86.235
;TYPE:WALL-OUTER
G1 F1500 E2475.77774
G1 F1200 X60.842 Y86.342 E2475.78075
G1 X60.735 Y86.397 E2475.78375
G1 X54.276 Y86.4 E2475.94487
G1 X54.276 Y88.9 E2476.00724
G1 X62.873 Y88.896 E2476.22169
G1 X63.033 Y88.86 E2476.22578
G1 X63.244 Y88.723 E2476.23206
G1 X63.4 Y88.404 E2476.24091
G1 X63.396 Y11.573 E2478.15747
G1 X63.249 Y11.277 E2478.16572
G1 X63.08 Y11.152 E2478.17096
G1 X62.882 Y11.1 E2478.17607
G1 X58.3 Y11.1 E2478.29036
G1 X58.3 Y13.6 E2478.35273
G1 X60.7 Y13.6 E2478.41259
G1 X60.842 Y13.658 E2478.41642
G1 X60.9 Y13.8 E2478.42025
G1 X60.9 Y20.372 E2478.58419
G1 X62.3 Y20.372 E2478.61911
G1 X62.42 Y20.412 E2478.62227
G1 X62.5 Y20.572 E2478.62673
G1 X62.498 Y79.459 E2480.09567
G1 X62.421 Y79.585 E2480.09935
G1 X62.3 Y79.624 E2480.10252
G1 X60.9 Y79.624 E2480.13745
G1 X60.898 Y86.235 E2480.30236
G0 F7200 X60.842 Y86.342
G0 X60.772 Y86.378
G0 X60.772 Y87.41
G1 F1500 E2473.80236
G0 F7200 X54.727 Y86.63
G0 X54.727 Y85.535
G0 X54.572 Y78.551
G0 X54.572 Y77.457
G0 X54.84 Y77.209
;TYPE:WALL-INNER
G1 F1500 E2480.30236
G1 F2400 X55.096 Y77.067 E2480.30966
G1 X55.322 Y76.857 E2480.31736
G1 X55.486 Y76.598 E2480.32501
G1 X55.553 Y76.412 E2480.32994
G1 X55.59 Y75.979 E2480.34078
G1 X55.475 Y75.584 E2480.35104
G1 X55.321 Y75.338 E2480.35828
G1 X55.098 Y75.131 E2480.36587
G1 X54.84 Y74.99 E2480.3732
G1 X54.542 Y74.913 E2480.38088
G1 X54.254 Y74.913 E2480.38807
G1 X53.956 Y74.99 E2480.39574
G1 X53.698 Y75.131 E2480.40308
G1 X53.474 Y75.339 E2480.4107
G1 X53.321 Y75.581 E2480.41784
G1 X53.212 Y75.954 E2480.42754
G1 X53.212 Y76.252 E2480.43497
G1 X53.259 Y76.457 E2480.44022
G1 X53.393 Y76.745 E2480.44814
G1 X53.521 Y76.91 E2480.45335
G1 X53.947 Y77.207 E2480.46631
G1 X54.251 Y77.284 E2480.47413
G1 X54.546 Y77.284 E2480.48149
G1 X54.84 Y77.209 E2480.48906
G0 F7200 X54.989 Y77.584
;TYPE:WALL-OUTER
G1 F1200 X55.333 Y77.393 E2480.49887
G1 X55.632 Y77.115 E2480.50906
G1 X55.847 Y76.775 E2480.51909
G1 X55.944 Y76.508 E2480.52618
G1 X55.986 Y75.908 E2480.54118
G1 X55.843 Y75.419 E2480.55389
G1 X55.632 Y75.081 E2480.56383
G1 X55.334 Y74.804 E2480.57398
G1 X54.989 Y74.616 E2480.58378
G1 X54.594 Y74.513 E2480.59396
G1 X54.202 Y74.513 E2480.60374
G1 X53.807 Y74.616 E2480.61392
G1 X53.462 Y74.804 E2480.62372
G1 X53.164 Y75.081 E2480.63387
G1 X52.953 Y75.415 E2480.64373
G1 X52.812 Y75.897 E2480.65626
G1 X52.812 Y76.297 E2480.66623
G1 X52.879 Y76.587 E2480.67366
G1 X53.049 Y76.955 E2480.68377
G1 X53.233 Y77.191 E2480.69123
G1 X53.551 Y77.452 E2480.7015
G1 X53.804 Y77.583 E2480.7086
G1 X54.201 Y77.684 E2480.71882
G1 X54.595 Y77.684 E2480.72865
G1 X54.989 Y77.584 E2480.73879
G0 F7200 X55.164 Y77.487
G0 X54.7 Y76.849
;TYPE:SKIN
G1 F900 X54.493 Y76.904 E2480.74413
G1 X54.094 Y76.851 E2480.75417
G1 X53.8 Y76.642 E2480.76317
G1 X53.625 Y76.339 E2480.7719
G1 X53.595 Y76 E2480.78039
G1 X53.669 Y75.738 E2480.78718
G1 X53.764 Y75.585 E2480.79167
G1 X54.095 Y75.344 E2480.80189
G1 X54.49 Y75.293 E2480.81182
G1 X54.701 Y75.348 E2480.81726
G1 X55.025 Y75.585 E2480.82728
G1 X55.122 Y75.738 E2480.83179
G1 X55.212 Y76.081 E2480.84064
G1 X55.182 Y76.31 E2480.8464
G1 X55.023 Y76.612 E2480.85492
G1 X54.7 Y76.849 E2480.86491
G0 F7200 X54.985 Y76.254
G1 F900 X54.56 Y76.679 E2480.8799
G0 F7200 X54.078 Y76.595
G1 F900 X54.898 Y75.775 E2480.90883
G0 F7200 X54.573 Y75.535
G1 F900 X53.825 Y76.283 E2480.93522
G1 X53.755 Y76.353
G0 F7200 X53.86 Y76.306
G1 F1500 E2474.43522
G0 F7200 X53.043 Y76.278
G0 X51.949 Y76.278
G0 X48.06 Y76.019
G0 X46.969 Y76.084
G0 X45.927 Y76.921
G0 X46.04 Y77.209
;TYPE:WALL-INNER
G1 F1500 E2480.93522
G1 F2400 X46.296 Y77.067 E2480.94252
G1 X46.522 Y76.857 E2480.95022
G1 X46.686 Y76.598 E2480.95786
G1 X46.753 Y76.412 E2480.96279
G1 X46.79 Y75.979 E2480.97364
G1 X46.675 Y75.584 E2480.9839
G1 X46.521 Y75.338 E2480.99114
G1 X46.298 Y75.131 E2480.99873
G1 X46.04 Y74.99 E2481.00606
G1 X45.742 Y74.913 E2481.01374
G1 X45.454 Y74.913 E2481.02092
G1 X45.156 Y74.99 E2481.0286
G1 X44.898 Y75.131 E2481.03594
G1 X44.674 Y75.339 E2481.04356
G1 X44.521 Y75.581 E2481.0507
G1 X44.412 Y75.954 E2481.0604
G1 X44.412 Y76.239 E2481.06751
G1 X44.521 Y76.615 E2481.07727
G1 X44.674 Y76.857 E2481.08441
G1 X44.9 Y77.067 E2481.09211
G1 X45.156 Y77.209 E2481.09941
G1 X45.451 Y77.284 E2481.107
G1 X45.744 Y77.284 E2481.11431
G1 X46.04 Y77.209 E2481.12193
G0 F7200 X46.189 Y77.584
;TYPE:WALL-OUTER
G1 F1200 X46.533 Y77.393 E2481.13175
G1 X46.832 Y77.115 E2481.14193
G1 X47.047 Y76.775 E2481.15196
G1 X47.144 Y76.508 E2481.15905
G1 X47.186 Y75.908 E2481.17405
G1 X47.043 Y75.419 E2481.18676
G1 X46.832 Y75.081 E2481.1967
G1 X46.534 Y74.804 E2481.20685
G1 X46.189 Y74.616 E2481.21665
G1 X45.794 Y74.513 E2481.22684
G1 X45.402 Y74.513 E2481.23661
G1 X45.007 Y74.616 E2481.2468
G1 X44.662 Y74.804 E2481.2566
G1 X44.364 Y75.081 E2481.26675
G1 X44.153 Y75.415 E2481.2766
G1 X44.012 Y75.897 E2481.28913
G1 X44.012 Y76.295 E2481.29906
G1 X44.153 Y76.781 E2481.31168
G1 X44.364 Y77.115 E2481.32154
G1 X44.663 Y77.393 E2481.33172
G1 X45.007 Y77.584 E2481.34154
G1 X45.401 Y77.684 E2481.35168
G1 X45.794 Y77.684 E2481.36148
G1 X46.189 Y77.584 E2481.37164
G0 F7200 X46.364 Y77.487
G0 X45.9 Y76.848
;TYPE:SKIN
G1 F900 X45.69 Y76.904 E2481.37706
G1 X45.502 Y76.904 E2481.38175
G1 X45.123 Y76.756 E2481.3919
G1 X44.869 Y76.457 E2481.40169
G1 X44.792 Y76.184 E2481.40877
G1 X44.792 Y76.005 E2481.41323
G1 X44.869 Y75.738 E2481.42016
G1 X44.964 Y75.585 E2481.42466
G1 X45.295 Y75.344 E2481.43487
G1 X45.69 Y75.293 E2481.4448
G1 X45.901 Y75.348 E2481.45024
G1 X46.225 Y75.585 E2481.46026
G1 X46.322 Y75.738 E2481.46478
G1 X46.412 Y76.081 E2481.47362
G1 X46.382 Y76.31 E2481.47938
G1 X46.223 Y76.612 E2481.4879
G1 X45.9 Y76.848 E2481.49788
G0 F7200 X46.185 Y76.003
G1 F900 X45.496 Y76.692 E2481.52218
G0 F7200 X45.144 Y76.479
G1 F900 X45.982 Y75.64 E2481.55176
G0 F7200 X45.549 Y75.508
G1 F900 X44.997 Y76.059 E2481.57122
G0 F7200 X45.024 Y76.059
G1 F1500 E2475.07122
;MESH:NONMESH
G0 F600 Z6.035
G0 F7200 X45.097 Y74.828
G0 X44.826 Y73.769
G0 X38.876 Y21.24
G0 X38.876 Y20.151
G0 X37.31 Y11.927
G0 X37.161 Y11.927
;TIME_ELAPSED:5463.397037
;LAYER:32
;TYPE:FILL
;MESH:luckfox_top.stl
G1 F1500 E2481.57122
G1 F3000 X37.427 Y11.66 E2481.58062
G0 F7200 X37.427 Y11.812
G0 X39.944 Y11.811
G0 X39.944 Y11.66
G1 F3000 X41.14 Y12.856 E2481.62281
G1 X41.21 Y12.926
G0 F7200 X40.99 Y12.926
G0 X38.462 Y12.962
G0 X38.39 Y15.913
G0 X38.54 Y15.913
G1 F3000 X37.16 Y14.532 E2481.67151
G1 X37.09 Y14.462
G0 F7200 X37.311 Y14.462
G0 X38.39 Y16.204
G0 X38.54 Y16.204
G1 F3000 X37.161 Y17.584 E2481.72018
G1 X37.091 Y17.654
G1 F1500 E2475.22018
G0 F7200 X37.311 Y17.654
G0 X37.262 Y20.137
G0 X37.262 Y79.863
G0 X37.311 Y82.415
G0 X37.16 Y82.415
G1 F1500 E2481.72018
G1 F3000 X38.54 Y83.795 E2481.76886
G0 F7200 X38.54 Y84.086
G1 F3000 X37.161 Y85.465 E2481.81751
G1 X37.091 Y85.535
G0 F7200 X37.311 Y85.535
G0 X37.311 Y88.073
G0 X37.161 Y88.073
G1 F3000 X37.424 Y88.335 E2481.82677
G0 F7200 X37.425 Y88.19
G0 X39.947 Y88.19
G0 X39.946 Y88.337
G1 F3000 X41.323 Y86.96 E2481.87535
G0 F7200 X41.705 Y86.96
G1 F3000 X43.084 Y88.339 E2481.92399
G1 X43.154 Y88.409
G1 F1500 E2475.42399
G0 F7200 X43.155 Y88.19
G0 X38.862 Y86.638
G0 X37.262 Y79.863
G0 X37.262 Y20.137
G0 X38.862 Y13.362
G0 X39.226 Y13.2
;TYPE:WALL-INNER
G1 F1500 E2481.92399
G1 F2400 X41.3 Y13.2 E2481.97573
G1 X41.3 Y11.5 E2482.01814
G1 X37.125 Y11.5 E2482.12228
G1 X37 Y11.603 E2482.12632
G1 X37 Y19.922 E2482.33384
G1 F2133.3 X37.05 Y20.572 E2482.35214
G1 X37.339 Y20.092 E2482.36786
G1 F2400 X37.7 Y19.972 E2482.37735
G1 X38.7 Y19.972 E2482.4023
G1 X38.7 Y13.8 E2482.55626
G1 X38.749 Y13.561 E2482.56234
G1 X38.875 Y13.375 E2482.56795
G1 X39.061 Y13.249 E2482.57355
G1 X39.226 Y13.2 E2482.57784
G0 F7200 X39.226 Y12.89
G0 X37.281 Y19.695
G0 X37.05 Y20.572
G1 F1912.4 X37.051 Y35.313 E2483.03933
G1 F1904.8 X37.052 Y50.054 E2483.50265
G1 F1889.8 X37.053 Y64.795 E2483.96965
G1 F1882.4 X37.054 Y79.536 E2484.43849
G0 F7200 X37.281 Y80.305
G0 X38.462 Y87.038
G0 X39.061 Y86.751
G1 F2400 X38.875 Y86.624 E2484.4441
G1 X38.7 Y86.287 E2484.45358
G1 X38.7 Y80.024 E2484.60981
G1 X37.7 Y80.024 E2484.63475
G1 X37.339 Y79.904 E2484.64424
G1 F2105.3 X37.054 Y79.537 E2484.65746
G1 X37 Y80.074 E2484.6728
G1 F2400 X37 Y88.316 E2484.8784
G1 X37.047 Y88.442 E2484.88176
G1 X37.127 Y88.49 E2484.88408
G1 X45.112 Y88.5 E2485.08327
G1 X45.112 Y86.8 E2485.12568
G1 X39.3 Y86.8 E2485.27066
G1 X39.061 Y86.751 E2485.27674
G0 F7200 X39.244 Y86.4
;TYPE:WALL-OUTER
G1 F1200 X39.158 Y86.342 E2485.27933
G1 X39.103 Y86.235 E2485.28233
G1 X39.1 Y79.624 E2485.44724
G1 X37.7 Y79.624 E2485.48217
G1 X37.579 Y79.584 E2485.48535
G1 X37.503 Y79.459 E2485.489
G1 X37.5 Y20.572 E2486.95794
G1 X37.579 Y20.412 E2486.96239
G1 X37.7 Y20.372 E2486.96557
G1 X39.1 Y20.372 E2487.00049
G1 X39.1 Y13.744 E2487.16583
G1 X39.158 Y13.658 E2487.16842
G1 X39.265 Y13.603 E2487.17142
G1 X41.7 Y13.6 E2487.23216
G1 X41.7 Y11.1 E2487.29452
G1 X37.114 Y11.1 E2487.40892
G1 X36.921 Y11.151 E2487.4139
G1 X36.706 Y11.326 E2487.42081
G1 X36.6 Y11.608 E2487.42833
G1 X36.6 Y88.366 E2489.34306
G1 X36.657 Y88.585 E2489.34871
G1 X36.771 Y88.742 E2489.35355
G1 X37.024 Y88.896 E2489.36094
G1 X45.512 Y88.9 E2489.57267
G1 X45.512 Y86.4 E2489.63503
G1 X39.244 Y86.4 E2489.79139
G0 F7200 X39.158 Y86.342
G0 X39.114 Y86.257
G0 X38.09 Y86.257
G1 F1500 E2483.29139
G0 F7200 X45.304 Y88.194
G0 X46.379 Y88.193
G0 X53.621 Y88.191
G0 X54.696 Y88.19
G0 X56.914 Y88.189
G0 X56.914 Y88.34
;TYPE:FILL
G1 F1500 E2489.79139
G1 F3000 X58.294 Y86.96 E2489.84007
G0 F7200 X58.676 Y86.96
G1 F3000 X60.052 Y88.336 E2489.88862
G1 X60.122 Y88.406
G0 F7200 X60.122 Y88.189
G0 X62.575 Y88.189
G0 X62.575 Y88.335
G1 F3000 X62.835 Y88.076 E2489.89777
G0 F7200 X62.689 Y88.076
G0 X62.689 Y85.463
G0 X62.836 Y85.463
G1 F3000 X61.46 Y84.087 E2489.94631
G0 F7200 X61.46 Y83.794
G1 F3000 X62.835 Y82.419 E2489.99482
G1 X62.905 Y82.349
G1 F1500 E2483.49482
G0 F7200 X62.689 Y82.349
G0 X62.738 Y79.863
G0 X62.738 Y20.137
G0 X62.689 Y17.581
G0 X62.836 Y17.581
G1 F1500 E2489.99482
G1 F3000 X61.46 Y16.205 E2490.04336
G0 F7200 X61.46 Y15.911
G1 F3000 X62.834 Y14.537 E2490.09183
G1 X62.904 Y14.467
G0 F7200 X62.689 Y14.467
G0 X62.689 Y11.923
G0 X62.834 Y11.923
G1 F3000 X62.572 Y11.66 E2490.10109
G0 F7200 X62.571 Y11.81
G0 X60.054 Y11.81
G0 X60.055 Y11.66
G1 F3000 X58.86 Y12.854 E2490.14323
G1 X58.79 Y12.924
G1 F1500 E2483.64323
G0 F7200 X59.01 Y12.89
G0 X61.138 Y13.362
G0 X62.738 Y20.137
G0 X62.738 Y79.863
G0 X61.124 Y87.11
G0 X61.124 Y86.625
;TYPE:WALL-INNER
G1 F1500 E2490.14323
G1 F2400 X60.787 Y86.8 E2490.15271
G1 X54.884 Y86.8 E2490.29996
G1 X54.884 Y88.5 E2490.34236
G1 X62.906 Y88.495 E2490.54247
G1 X62.995 Y88.319 E2490.54739
G1 X62.996 Y80.072 E2490.75311
G1 F2123.9 X62.944 Y79.536 E2490.76829
G1 X62.66 Y79.904 E2490.7814
G1 F2400 X62.3 Y80.024 E2490.79086
G1 X61.3 Y80.024 E2490.81581
G1 X61.3 Y86.278 E2490.97182
G1 X61.251 Y86.439 E2490.97601
G1 X61.124 Y86.625 E2490.98163
G0 F7200 X61.124 Y87.11
G0 X62.719 Y80.305
G0 X62.944 Y79.536
G1 F1908.5 X62.945 Y59.881 E2491.59818
G1 F1920 X62.947 Y40.226 E2492.21105
G1 F1931.6 X62.948 Y20.571 E2492.82024
G0 F7200 X62.719 Y19.695
G0 X61.61 Y13.561
G0 X61.251 Y13.561
G1 F2400 X61.3 Y13.8 E2492.82633
G1 X61.3 Y19.972 E2492.98029
G1 X62.3 Y19.972 E2493.00523
G1 X62.66 Y20.092 E2493.0147
G1 F2142.9 X62.948 Y20.572 E2493.03034
G1 X62.996 Y19.924 E2493.04849
G1 F2400 X62.996 Y11.682 E2493.25409
G1 X62.898 Y11.5 E2493.25925
G1 X58.7 Y11.5 E2493.36397
G1 X58.7 Y13.2 E2493.40637
G1 X60.7 Y13.2 E2493.45626
G1 X61.124 Y13.375 E2493.4677
G1 X61.251 Y13.561 E2493.47332
G1 F1500 E2486.97332
G0 F7200 X61.61 Y13.561
G0 X62.738 Y20.137
G0 X62.738 Y79.863
G0 X61.61 Y86.235
G0 X60.898 Y86.235
;TYPE:WALL-OUTER
G1 F1500 E2493.47332
G1 F1200 X60.842 Y86.342 E2493.47634
G1 X60.735 Y86.397 E2493.47934
G1 X54.484 Y86.4 E2493.63527
G1 X54.484 Y88.9 E2493.69763
G1 X62.867 Y88.895 E2493.90675
G1 X63.186 Y88.778 E2493.91522
G1 X63.344 Y88.574 E2493.92166
G1 X63.395 Y88.367 E2493.92698
G1 X63.396 Y11.63 E2495.84119
G1 X63.341 Y11.42 E2495.8466
G1 X63.169 Y11.206 E2495.85345
G1 X62.888 Y11.1 E2495.86094
G1 X58.3 Y11.1 E2495.97539
G1 X58.3 Y13.6 E2496.03776
G1 X60.7 Y13.6 E2496.09762
G1 X60.842 Y13.658 E2496.10145
G1 X60.9 Y13.8 E2496.10528
G1 X60.9 Y20.372 E2496.26922
G1 X62.3 Y20.372 E2496.30414
G1 X62.42 Y20.412 E2496.30729
G1 X62.5 Y20.572 E2496.31176
G1 X62.498 Y79.459 E2497.7807
G1 X62.42 Y79.584 E2497.78437
G1 X62.3 Y79.624 E2497.78753
G1 X60.9 Y79.624 E2497.82245
G1 X60.898 Y86.235 E2497.98736
G0 F7200 X60.842 Y86.342
G0 X60.772 Y86.378
G0 X60.772 Y87.41
G1 F1500 E2491.48736
;MESH:NONMESH
G0 F600 Z6.185
G0 F7200 X61.138 Y86.638
G0 X61.124 Y79.849
G0 X61.124 Y78.76
G0 X38.876 Y21.24
G0 X38.876 Y20.151
G0 X37.311 Y11.927
G0 X37.161 Y11.927
;TIME_ELAPSED:5498.043644
;LAYER:33
;TYPE:FILL
;MESH:luckfox_top.stl
G1 F1500 E2497.98736
G1 F3000 X37.427 Y11.66 E2497.99677
G0 F7200 X37.427 Y11.812
G0 X39.944 Y11.811
G0 X39.944 Y11.66
G1 F3000 X41.14 Y12.856 E2498.03896
G1 X41.21 Y12.926
G0 F7200 X40.99 Y12.926
G0 X38.462 Y12.962
G0 X38.39 Y15.913
G0 X38.54 Y15.913
G1 F3000 X37.16 Y14.532 E2498.08766
G1 X37.09 Y14.462
G0 F7200 X37.311 Y14.462
G0 X38.39 Y16.204
G0 X38.54 Y16.204
G1 F3000 X37.161 Y17.584 E2498.13632
G1 X37.091 Y17.654
G1 F1500 E2491.63632
G0 F7200 X37.311 Y17.654
G0 X37.262 Y20.137
G0 X37.262 Y79.863
G0 X37.311 Y82.415
G0 X37.161 Y82.415
G1 F1500 E2498.13632
G1 F3000 X38.54 Y83.795 E2498.18499
G0 F7200 X38.54 Y84.086
G1 F3000 X37.163 Y85.463 E2498.23357
G1 X37.093 Y85.533
G0 F7200 X37.311 Y85.533
G0 X37.311 Y88.077
G0 X37.165 Y88.077
G1 F3000 X37.424 Y88.336 E2498.2427
G0 F7200 X37.425 Y88.19
G0 X39.947 Y88.19
G0 X39.946 Y88.337
G1 F3000 X41.323 Y86.96 E2498.29128
G0 F7200 X41.705 Y86.96
G1 F3000 X43.083 Y88.338 E2498.33989
G1 X43.153 Y88.408
G1 F1500 E2491.83989
G0 F7200 X43.154 Y88.19
G0 X38.862 Y86.638
G0 X37.262 Y79.863
G0 X37.262 Y20.137
G0 X38.862 Y13.362
G0 X39.226 Y13.2
;TYPE:WALL-INNER
G1 F1500 E2498.33989
G1 F2400 X41.3 Y13.2 E2498.39163
G1 X41.3 Y11.5 E2498.43404
G1 X37.172 Y11.5 E2498.53701
G1 X37.056 Y11.539 E2498.54006
G1 X37.001 Y11.666 E2498.54352
G1 X37 Y19.922 E2498.74946
G1 F2133.3 X37.05 Y20.572 E2498.76776
G1 X37.339 Y20.092 E2498.78348
G1 F2400 X37.7 Y19.972 E2498.79297
G1 X38.7 Y19.972 E2498.81792
G1 X38.7 Y13.8 E2498.97188
G1 X38.749 Y13.561 E2498.97796
G1 X38.875 Y13.375 E2498.98357
G1 X39.061 Y13.249 E2498.98917
G1 X39.226 Y13.2 E2498.99346
G0 F7200 X39.226 Y12.89
G0 X37.281 Y19.695
G0 X37.05 Y20.572
G1 F1912.4 X37.051 Y35.313 E2499.45495
G1 F1904.8 X37.052 Y50.054 E2499.91827
G1 F1889.8 X37.053 Y64.795 E2500.38527
G1 F1882.4 X37.054 Y79.536 E2500.85411
G0 F7200 X37.281 Y80.305
G0 X38.462 Y87.038
G0 X39.061 Y86.751
G1 F2400 X38.875 Y86.624 E2500.85972
G1 X38.7 Y86.287 E2500.8692
G1 X38.7 Y80.024 E2501.02543
G1 X37.7 Y80.024 E2501.05037
G1 X37.339 Y79.904 E2501.05986
G1 F2105.3 X37.054 Y79.537 E2501.07308
G1 X37 Y80.074 E2501.08842
G1 F2400 X37.003 Y88.352 E2501.29492
G1 X37.132 Y88.491 E2501.29965
G1 X45 Y88.5 E2501.49592
G1 X45 Y86.8 E2501.53833
G1 X39.3 Y86.8 E2501.68051
G1 X39.061 Y86.751 E2501.6866
G0 F7200 X39.244 Y86.4
;TYPE:WALL-OUTER
G1 F1200 X39.158 Y86.342 E2501.68919
G1 X39.103 Y86.235 E2501.69219
G1 X39.1 Y79.624 E2501.8571
G1 X37.7 Y79.624 E2501.89202
G1 X37.579 Y79.584 E2501.8952
G1 X37.503 Y79.459 E2501.89885
G1 X37.5 Y20.572 E2503.36779
G1 X37.579 Y20.412 E2503.37224
G1 X37.7 Y20.372 E2503.37542
G1 X39.1 Y20.372 E2503.41035
G1 X39.1 Y13.744 E2503.57568
G1 X39.158 Y13.658 E2503.57827
G1 X39.265 Y13.603 E2503.58127
G1 X41.7 Y13.6 E2503.64201
G1 X41.7 Y11.1 E2503.70438
G1 X37.119 Y11.1 E2503.81865
G1 X36.908 Y11.157 E2503.8241
G1 X36.774 Y11.247 E2503.82813
G1 X36.653 Y11.415 E2503.83329
G1 X36.601 Y11.614 E2503.83842
G1 X36.6 Y88.465 E2505.75548
G1 X36.78 Y88.745 E2505.76378
G1 X37.029 Y88.896 E2505.77105
G1 X45.4 Y88.9 E2505.97986
G1 X45.4 Y86.4 E2506.04222
G1 X39.244 Y86.4 E2506.19579
G0 F7200 X39.158 Y86.342
G0 X39.114 Y86.257
G0 X38.09 Y86.257
G1 F1500 E2499.69579
G0 F7200 X38.862 Y86.638
G0 X45.19 Y88.194
G0 X46.265 Y88.193
G0 X53.735 Y88.191
G0 X54.81 Y88.19
G0 X56.914 Y88.189
G0 X56.914 Y88.34
;TYPE:FILL
G1 F1500 E2506.19579
G1 F3000 X58.294 Y86.96 E2506.24447
G0 F7200 X58.676 Y86.96
G1 F3000 X60.053 Y88.337 E2506.29305
G1 X60.123 Y88.407
G0 F7200 X60.123 Y88.189
G0 X62.574 Y88.189
G0 X62.574 Y88.337
G1 F3000 X62.831 Y88.08 E2506.30211
G0 F7200 X62.689 Y88.08
G0 X62.689 Y85.46
G0 X62.833 Y85.46
G1 F3000 X61.46 Y84.087 E2506.35055
G0 F7200 X61.46 Y83.794
G1 F3000 X62.834 Y82.42 E2506.39902
G1 X62.904 Y82.35
G1 F1500 E2499.89902
G0 F7200 X62.689 Y82.35
G0 X62.738 Y79.863
G0 X62.738 Y20.137
G0 X62.689 Y17.582
G0 X62.836 Y17.582
G1 F1500 E2506.39902
G1 F3000 X61.46 Y16.205 E2506.44758
G0 F7200 X61.46 Y15.911
G1 F3000 X62.836 Y14.536 E2506.49611
G1 X62.906 Y14.466
G0 F7200 X62.689 Y14.466
G0 X62.689 Y11.925
G0 X62.836 Y11.925
G1 F3000 X62.572 Y11.66 E2506.50544
G0 F7200 X62.571 Y11.81
G0 X60.054 Y11.81
G0 X60.055 Y11.66
G1 F3000 X58.86 Y12.854 E2506.54758
G1 X58.79 Y12.924
G1 F1500 E2500.04758
G0 F7200 X59.01 Y12.89
G0 X61.138 Y13.362
G0 X62.738 Y20.137
G0 X62.738 Y79.863
G0 X61.124 Y87.11
G0 X61.124 Y86.625
;TYPE:WALL-INNER
G1 F1500 E2506.54758
G1 F2400 X60.787 Y86.8 E2506.55705
G1 X54.997 Y86.8 E2506.70148
G1 X55 Y88.5 E2506.74389
G1 X62.819 Y88.496 E2506.93893
G1 X62.957 Y88.435 E2506.9427
G1 X62.996 Y88.308 E2506.94601
G1 X62.996 Y80.072 E2507.15146
G1 F2123.9 X62.944 Y79.536 E2507.16664
G1 X62.66 Y79.904 E2507.17974
G1 F2400 X62.3 Y80.024 E2507.18921
G1 X61.3 Y80.024 E2507.21415
G1 X61.3 Y86.278 E2507.37016
G1 X61.251 Y86.439 E2507.37436
G1 X61.124 Y86.625 E2507.37998
G0 F7200 X61.124 Y87.11
G0 X62.719 Y80.305
G0 X62.944 Y79.536
G1 F1908.5 X62.945 Y59.881 E2507.99652
G1 F1920 X62.947 Y40.226 E2508.60939
G1 F1931.6 X62.948 Y20.571 E2509.21858
G0 F7200 X62.719 Y19.695
G0 X61.61 Y13.561
G0 X61.251 Y13.561
G1 F2400 X61.3 Y13.8 E2509.22467
G1 X61.3 Y19.972 E2509.37863
G1 X62.3 Y19.972 E2509.40358
G1 X62.66 Y20.092 E2509.41304
G1 F2142.9 X62.948 Y20.572 E2509.42868
G1 X62.996 Y19.924 E2509.44684
G1 F2400 X62.996 Y11.586 E2509.65483
G1 X62.83 Y11.5 E2509.65949
G1 X58.7 Y11.5 E2509.76252
G1 X58.7 Y13.2 E2509.80492
G1 X60.7 Y13.2 E2509.85481
G1 X61.124 Y13.375 E2509.86625
G1 X61.251 Y13.561 E2509.87187
G1 F1500 E2503.37187
G0 F7200 X61.61 Y13.561
G0 X62.738 Y20.137
G0 X62.738 Y79.863
G0 X61.61 Y86.235
G0 X60.898 Y86.235
;TYPE:WALL-OUTER
G1 F1500 E2509.87187
G1 F1200 X60.842 Y86.342 E2509.87488
G1 X60.735 Y86.397 E2509.87789
G1 X54.597 Y86.4 E2510.031
G1 X54.6 Y88.9 E2510.09336
G1 X62.867 Y88.896 E2510.29958
G1 X63.088 Y88.842 E2510.30526
G1 X63.319 Y88.622 E2510.31322
G1 X63.396 Y88.366 E2510.31988
G1 X63.396 Y11.628 E2512.23412
G1 X63.342 Y11.407 E2512.2398
G1 X63.25 Y11.274 E2512.24383
G1 X63.081 Y11.152 E2512.24903
G1 X62.882 Y11.1 E2512.25416
G1 X58.3 Y11.1 E2512.36846
G1 X58.3 Y13.6 E2512.43082
G1 X60.7 Y13.6 E2512.49069
G1 X60.842 Y13.658 E2512.49452
G1 X60.9 Y13.8 E2512.49834
G1 X60.9 Y20.372 E2512.66228
G1 X62.3 Y20.372 E2512.69721
G1 X62.42 Y20.412 E2512.70036
G1 X62.5 Y20.572 E2512.70482
G1 X62.498 Y79.459 E2514.17376
G1 X62.42 Y79.584 E2514.17744
G1 X62.3 Y79.624 E2514.1806
G1 X60.9 Y79.624 E2514.21552
G1 X60.898 Y86.235 E2514.38043
G0 F7200 X60.842 Y86.342
G0 X60.772 Y86.378
G0 X60.772 Y87.41
G1 F1500 E2507.88043
;MESH:NONMESH
G0 F600 Z6.335
G0 F7200 X61.138 Y86.638
G0 X61.124 Y79.849
G0 X61.124 Y78.76
G0 X38.876 Y21.24
G0 X38.876 Y20.151
G0 X37.311 Y11.927
G0 X37.161 Y11.927
;TIME_ELAPSED:5532.654853
;LAYER:34
;TYPE:FILL
;MESH:luckfox_top.stl
G1 F1500 E2514.38043
G1 F3000 X37.427 Y11.66 E2514.38983
G0 F7200 X37.427 Y11.812
G0 X39.944 Y11.811
G0 X39.944 Y11.66
G1 F3000 X41.14 Y12.856 E2514.43202
G1 X41.21 Y12.926
G0 F7200 X40.99 Y12.926
G0 X38.462 Y12.962
G0 X38.39 Y15.913
G0 X38.54 Y15.913
G1 F3000 X37.16 Y14.532 E2514.48073
G1 X37.09 Y14.462
G0 F7200 X37.311 Y14.462
G0 X38.39 Y16.204
G0 X38.54 Y16.204
G1 F3000 X37.161 Y17.584 E2514.52939
G1 X37.091 Y17.654
G1 F1500 E2508.02939
G0 F7200 X37.311 Y17.654
G0 X37.262 Y20.137
G0 X37.262 Y79.863
G0 X37.311 Y82.413
G0 X37.158 Y82.413
G1 F1500 E2514.52939
G1 F3000 X38.54 Y83.795 E2514.57814
G0 F7200 X38.54 Y84.086
G1 F3000 X37.16 Y85.467 E2514.62685
G1 X37.09 Y85.537
G0 F7200 X37.311 Y85.537
G0 X37.311 Y88.071
G0 X37.159 Y88.071
G1 F3000 X37.424 Y88.336 E2514.63619
G0 F7200 X37.425 Y88.19
G0 X39.947 Y88.19
G0 X39.946 Y88.337
G1 F3000 X41.323 Y86.96 E2514.68477
G0 F7200 X41.705 Y86.96
G1 F3000 X43.083 Y88.338 E2514.73338
G1 X43.153 Y88.408
G1 F1500 E2508.23338
G0 F7200 X43.154 Y88.19
G0 X38.862 Y86.638
G0 X37.262 Y79.863
G0 X37.262 Y20.137
G0 X38.862 Y13.362
G0 X39.226 Y13.2
;TYPE:WALL-INNER
G1 F1500 E2514.73338
G1 F2400 X41.3 Y13.2 E2514.78512
G1 X41.3 Y11.5 E2514.82753
G1 X37.104 Y11.5 E2514.9322
G1 X37 Y11.613 E2514.93603
G1 X37 Y19.922 E2515.1433
G1 F2133.3 X37.05 Y20.572 E2515.16159
G1 X37.339 Y20.092 E2515.17731
G1 F2400 X37.7 Y19.972 E2515.1868
G1 X38.7 Y19.972 E2515.21175
G1 X38.7 Y13.8 E2515.36571
G1 X38.749 Y13.561 E2515.3718
G1 X38.875 Y13.375 E2515.3774
G1 X39.061 Y13.249 E2515.38301
G1 X39.226 Y13.2 E2515.3873
G0 F7200 X39.226 Y12.89
G0 X37.281 Y19.695
G0 X37.05 Y20.572
G1 F1912.4 X37.051 Y35.313 E2515.84878
G1 F1904.8 X37.052 Y50.054 E2516.3121
G1 F1889.8 X37.053 Y64.795 E2516.7791
G1 F1882.4 X37.054 Y79.536 E2517.24794
G0 F7200 X37.281 Y80.305
G0 X38.462 Y87.038
G0 X39.061 Y86.751
G1 F2400 X38.875 Y86.624 E2517.25356
G1 X38.7 Y86.287 E2517.26303
G1 X38.7 Y80.024 E2517.41926
G1 X37.7 Y80.024 E2517.44421
G1 X37.339 Y79.904 E2517.4537
G1 F2105.3 X37.054 Y79.537 E2517.46691
G1 X37 Y80.074 E2517.48226
G1 F2400 X37 Y88.372 E2517.68925
G1 X37.174 Y88.496 E2517.69458
G1 X44.932 Y88.5 E2517.88811
G1 X44.932 Y86.8 E2517.93051
G1 X39.3 Y86.8 E2518.071
G1 X39.061 Y86.751 E2518.07709
G0 F7200 X39.244 Y86.4
;TYPE:WALL-OUTER
G1 F1200 X39.158 Y86.342 E2518.07968
G1 X39.103 Y86.235 E2518.08268
G1 X39.1 Y79.624 E2518.24759
G1 X37.7 Y79.624 E2518.28251
G1 X37.579 Y79.584 E2518.28569
G1 X37.503 Y79.459 E2518.28934
G1 X37.5 Y20.572 E2519.75828
G1 X37.579 Y20.412 E2519.76274
G1 X37.7 Y20.372 E2519.76591
G1 X39.1 Y20.372 E2519.80084
G1 X39.1 Y13.744 E2519.96617
G1 X39.158 Y13.658 E2519.96876
G1 X39.265 Y13.603 E2519.97176
G1 X41.7 Y13.6 E2520.0325
G1 X41.7 Y11.1 E2520.09487
G1 X37.122 Y11.1 E2520.20907
G1 X36.916 Y11.154 E2520.21438
G1 X36.777 Y11.247 E2520.21855
G1 X36.652 Y11.416 E2520.22379
G1 X36.6 Y11.618 E2520.229
G1 X36.6 Y88.418 E2522.14478
G1 X36.645 Y88.567 E2522.14866
G1 X36.793 Y88.759 E2522.15471
G1 X37.085 Y88.896 E2522.16276
G1 X45.332 Y88.9 E2522.36848
G1 X45.332 Y86.4 E2522.43084
G1 X39.244 Y86.4 E2522.58271
G0 F7200 X39.158 Y86.342
G0 X39.114 Y86.257
G0 X38.09 Y86.257
G1 F1500 E2516.08271
G0 F7200 X38.862 Y86.638
G0 X45.124 Y88.194
G0 X46.199 Y88.193
G0 X53.8 Y88.194
G0 X54.895 Y88.194
G0 X56.914 Y88.189
G0 X56.914 Y88.34
;TYPE:FILL
G1 F1500 E2522.58271
G1 F3000 X58.294 Y86.96 E2522.63139
G0 F7200 X58.676 Y86.96
G1 F3000 X60.053 Y88.337 E2522.67997
G1 X60.123 Y88.407
G0 F7200 X60.123 Y88.189
G0 X62.574 Y88.189
G0 X62.574 Y88.337
G1 F3000 X62.836 Y88.075 E2522.68921
G0 F7200 X62.689 Y88.075
G0 X62.689 Y85.464
G0 X62.836 Y85.464
G1 F3000 X61.46 Y84.087 E2522.73777
G0 F7200 X61.46 Y83.794
G1 F3000 X62.836 Y82.418 E2522.78631
G1 X62.906 Y82.348
G1 F1500 E2516.28631
G0 F7200 X62.689 Y82.348
G0 X62.738 Y79.863
G0 X62.738 Y20.137
G0 X62.689 Y17.582
G0 X62.836 Y17.582
G1 F1500 E2522.78631
G1 F3000 X61.46 Y16.205 E2522.83487
G0 F7200 X61.46 Y15.911
G1 F3000 X62.836 Y14.536 E2522.8834
G1 X62.906 Y14.466
G0 F7200 X62.689 Y14.466
G0 X62.689 Y11.925
G0 X62.836 Y11.925
G1 F3000 X62.572 Y11.66 E2522.89273
G0 F7200 X62.571 Y11.81
G0 X60.054 Y11.81
G0 X60.055 Y11.66
G1 F3000 X58.86 Y12.854 E2522.93487
G1 X58.79 Y12.924
G1 F1500 E2516.43487
G0 F7200 X59.01 Y12.89
G0 X61.138 Y13.362
G0 X62.738 Y20.137
G0 X62.738 Y79.863
G0 X61.124 Y87.11
G0 X61.124 Y86.625
;TYPE:WALL-INNER
G1 F1500 E2522.93487
G1 F2400 X60.787 Y86.8 E2522.94434
G1 X55.064 Y86.8 E2523.0871
G1 X55.064 Y88.5 E2523.12951
G1 X62.818 Y88.496 E2523.32293
G1 X62.937 Y88.446 E2523.32615
G1 X62.996 Y88.322 E2523.32958
G1 X62.996 Y80.072 E2523.53537
G1 F2123.9 X62.944 Y79.536 E2523.55055
G1 X62.66 Y79.904 E2523.56366
G1 F2400 X62.3 Y80.024 E2523.57312
G1 X61.3 Y80.024 E2523.59807
G1 X61.3 Y86.278 E2523.75407
G1 X61.251 Y86.439 E2523.75827
G1 X61.124 Y86.625 E2523.76389
G0 F7200 X61.124 Y87.11
G0 X62.719 Y80.305
G0 X62.944 Y79.536
G1 F1908.5 X62.945 Y59.881 E2524.38044
G1 F1920 X62.947 Y40.226 E2524.99331
G1 F1931.6 X62.948 Y20.571 E2525.6025
G0 F7200 X62.719 Y19.695
G0 X61.61 Y13.561
G0 X61.251 Y13.561
G1 F2400 X61.3 Y13.8 E2525.60859
G1 X61.3 Y19.972 E2525.76255
G1 X62.3 Y19.972 E2525.78749
G1 X62.66 Y20.092 E2525.79696
G1 F2142.9 X62.948 Y20.572 E2525.8126
G1 X62.996 Y19.924 E2525.83075
G1 F2400 X62.996 Y11.586 E2526.03874
G1 X62.823 Y11.5 E2526.04356
G1 X58.7 Y11.5 E2526.14641
G1 X58.7 Y13.2 E2526.18882
G1 X60.7 Y13.2 E2526.23871
G1 X61.124 Y13.375 E2526.25015
G1 X61.251 Y13.561 E2526.25577
G1 F1500 E2519.75577
G0 F7200 X61.61 Y13.561
G0 X62.738 Y20.137
G0 X62.738 Y79.863
G0 X61.61 Y86.235
G0 X60.898 Y86.235
;TYPE:WALL-OUTER
G1 F1500 E2526.25577
G1 F1200 X60.842 Y86.342 E2526.25878
G1 X60.735 Y86.397 E2526.26178
G1 X54.664 Y86.4 E2526.41322
G1 X54.664 Y88.9 E2526.47559
G1 X62.867 Y88.896 E2526.68021
G1 X63.078 Y88.843 E2526.68564
G1 X63.259 Y88.703 E2526.69135
G1 X63.396 Y88.411 E2526.69939
G1 X63.396 Y11.628 E2528.61475
G1 X63.342 Y11.408 E2528.6204
G1 X63.251 Y11.275 E2528.62442
G1 X63.085 Y11.156 E2528.62952
G1 X62.877 Y11.1 E2528.63489
G1 X58.3 Y11.1 E2528.74906
G1 X58.3 Y13.6 E2528.81143
G1 X60.7 Y13.6 E2528.8713
G1 X60.842 Y13.658 E2528.87512
G1 X60.9 Y13.8 E2528.87895
G1 X60.9 Y20.372 E2529.04289
G1 X62.3 Y20.372 E2529.07781
G1 X62.42 Y20.412 E2529.08097
G1 X62.5 Y20.572 E2529.08543
G1 X62.498 Y79.459 E2530.55437
G1 X62.42 Y79.584 E2530.55805
G1 X62.3 Y79.624 E2530.5612
G1 X60.9 Y79.624 E2530.59612
G1 X60.898 Y86.235 E2530.76104
G0 F7200 X60.842 Y86.342
G0 X60.772 Y86.378
G0 X60.772 Y87.41
G1 F1500 E2524.26104
;MESH:NONMESH
G0 F600 Z6.485
G0 F7200 X61.138 Y86.638
G0 X61.124 Y79.849
G0 X61.124 Y78.76
G0 X38.876 Y21.24
G0 X38.876 Y20.151
G0 X37.311 Y11.925
G0 X37.162 Y11.925
;TIME_ELAPSED:5567.247506
;LAYER:35
;TYPE:FILL
;MESH:luckfox_top.stl
G1 F1500 E2530.76104
G1 F3000 X37.426 Y11.662 E2530.77033
G0 F7200 X37.426 Y11.812
G0 X39.945 Y11.811
G0 X39.945 Y11.661
G1 F3000 X41.14 Y12.856 E2530.81249
G1 X41.21 Y12.926
G0 F7200 X40.99 Y12.926
G0 X38.462 Y12.962
G0 X38.39 Y15.913
G0 X38.54 Y15.913
G1 F3000 X37.161 Y14.533 E2530.86115
G1 X37.091 Y14.463
G0 F7200 X37.311 Y14.463
G0 X38.39 Y16.204
G0 X38.54 Y16.204
G1 F3000 X37.161 Y17.584 E2530.90982
G1 X37.091 Y17.654
G1 F1500 E2524.40982
G0 F7200 X37.311 Y17.654
G0 X37.262 Y20.137
G0 X37.262 Y79.863
G0 X37.311 Y82.413
G0 X37.158 Y82.413
G1 F1500 E2530.90982
G1 F3000 X38.54 Y83.795 E2530.95857
G0 F7200 X38.54 Y84.086
G1 F3000 X37.16 Y85.467 E2531.00727
G1 X37.09 Y85.537
G0 F7200 X37.311 Y85.537
G0 X37.311 Y88.071
G0 X37.159 Y88.071
G1 F3000 X37.422 Y88.333 E2531.01654
G0 F7200 X37.423 Y88.19
G0 X39.948 Y88.19
G0 X39.947 Y88.336
G1 F3000 X41.323 Y86.96 E2531.06508
G0 F7200 X41.705 Y86.96
G1 F3000 X43.083 Y88.338 E2531.11369
G1 X43.153 Y88.408
G1 F1500 E2524.61369
G0 F7200 X43.154 Y88.19
G0 X38.862 Y86.638
G0 X37.262 Y79.863
G0 X37.262 Y20.137
G0 X38.862 Y13.362
G0 X39.226 Y13.2
;TYPE:WALL-INNER
G1 F1500 E2531.11369
G1 F2400 X41.3 Y13.2 E2531.16543
G1 X41.3 Y11.5 E2531.20783
G1 X37.109 Y11.5 E2531.31238
G1 X37 Y11.629 E2531.31659
G1 X37 Y19.922 E2531.52346
G1 F2133.3 X37.05 Y20.572 E2531.54176
G1 X37.339 Y20.092 E2531.55748
G1 F2400 X37.7 Y19.972 E2531.56697
G1 X38.7 Y19.972 E2531.59191
G1 X38.7 Y13.8 E2531.74587
G1 X38.749 Y13.561 E2531.75196
G1 X38.875 Y13.375 E2531.75756
G1 X39.061 Y13.249 E2531.76317
G1 X39.226 Y13.2 E2531.76746
G0 F7200 X39.226 Y12.89
G0 X37.281 Y19.695
G0 X37.05 Y20.572
G1 F1912.4 X37.051 Y35.313 E2532.22895
G1 F1904.8 X37.052 Y50.054 E2532.69227
G1 F1889.8 X37.053 Y64.795 E2533.15927
G1 F1882.4 X37.054 Y79.536 E2533.6281
G0 F7200 X37.281 Y80.305
G0 X38.462 Y87.038
G0 X39.061 Y86.751
G1 F2400 X38.875 Y86.624 E2533.63372
G1 X38.7 Y86.287 E2533.64319
G1 X38.7 Y80.024 E2533.79943
G1 X37.7 Y80.024 E2533.82437
G1 X37.339 Y79.904 E2533.83386
G1 F2105.3 X37.054 Y79.537 E2533.84707
G1 X37 Y80.074 E2533.86242
G1 F2400 X37 Y88.387 E2534.06979
G1 X37.129 Y88.493 E2534.07396
G1 X44.904 Y88.5 E2534.2679
G1 X44.904 Y86.8 E2534.31031
G1 X39.3 Y86.8 E2534.4501
G1 X39.061 Y86.751 E2534.45619
G0 F7200 X39.244 Y86.4
;TYPE:WALL-OUTER
G1 F1200 X39.158 Y86.342 E2534.45878
G1 X39.103 Y86.235 E2534.46178
G1 X39.1 Y79.624 E2534.62669
G1 X37.7 Y79.624 E2534.66161
G1 X37.579 Y79.584 E2534.66479
G1 X37.503 Y79.459 E2534.66844
G1 X37.5 Y20.572 E2536.13738
G1 X37.579 Y20.412 E2536.14183
G1 X37.7 Y20.372 E2536.14501
G1 X39.1 Y20.372 E2536.17994
G1 X39.1 Y13.744 E2536.34527
G1 X39.158 Y13.658 E2536.34786
G1 X39.265 Y13.603 E2536.35086
G1 X41.7 Y13.6 E2536.4116
G1 X41.7 Y11.1 E2536.47397
G1 X37.12 Y11.1 E2536.58821
G1 X36.837 Y11.202 E2536.59572
G1 X36.651 Y11.422 E2536.6029
G1 X36.6 Y11.621 E2536.60803
G1 X36.6 Y88.365 E2538.52242
G1 X36.702 Y88.658 E2538.53016
G1 X36.931 Y88.849 E2538.53759
G1 X37.073 Y88.896 E2538.54132
G1 X45.304 Y88.9 E2538.74665
G1 X45.304 Y86.4 E2538.80901
G1 X39.244 Y86.4 E2538.96018
G0 F7200 X39.158 Y86.342
G0 X39.114 Y86.257
G0 X38.09 Y86.257
G1 F1500 E2532.46018
G0 F7200 X45.074 Y88.189
G0 X46.169 Y88.189
G0 X53.831 Y88.189
G0 X54.926 Y88.189
G0 X56.914 Y88.189
G0 X56.914 Y88.34
;TYPE:FILL
G1 F1500 E2538.96018
G1 F3000 X58.294 Y86.96 E2539.00886
G0 F7200 X58.676 Y86.96
G1 F3000 X60.053 Y88.337 E2539.05744
G1 X60.123 Y88.407
G0 F7200 X60.123 Y88.189
G0 X62.574 Y88.189
G0 X62.574 Y88.337
G1 F3000 X62.836 Y88.075 E2539.06668
G0 F7200 X62.689 Y88.075
G0 X62.689 Y85.464
G0 X62.836 Y85.464
G1 F3000 X61.46 Y84.087 E2539.11524
G0 F7200 X61.46 Y83.794
G1 F3000 X62.836 Y82.418 E2539.16378
G1 X62.906 Y82.348
G1 F1500 E2532.66378
G0 F7200 X62.689 Y82.348
G0 X62.738 Y79.863
G0 X62.738 Y20.137
G0 X62.689 Y17.581
G0 X62.836 Y17.581
G1 F1500 E2539.16378
G1 F3000 X61.46 Y16.205 E2539.21233
G0 F7200 X61.46 Y15.911
G1 F3000 X62.835 Y14.537 E2539.26081
G1 X62.905 Y14.467
G0 F7200 X62.689 Y14.467
G0 X62.689 Y11.924
G0 X62.836 Y11.924
G1 F3000 X62.573 Y11.662 E2539.27008
G0 F7200 X62.572 Y11.81
G0 X60.054 Y11.81
G0 X60.055 Y11.66
G1 F3000 X58.86 Y12.854 E2539.31221
G1 X58.79 Y12.924
G1 F1500 E2532.81221
G0 F7200 X59.01 Y12.89
G0 X61.138 Y13.362
G0 X62.738 Y20.137
G0 X62.738 Y79.863
G0 X61.124 Y87.11
G0 X61.124 Y86.625
;TYPE:WALL-INNER
G1 F1500 E2539.31221
G1 F2400 X60.787 Y86.8 E2539.32169
G1 X55.096 Y86.8 E2539.46365
G1 X55.096 Y88.5 E2539.50606
G1 X62.819 Y88.496 E2539.69871
G1 X62.94 Y88.446 E2539.70197
G1 X62.996 Y88.325 E2539.7053
G1 X62.996 Y80.072 E2539.91117
G1 F2123.9 X62.944 Y79.536 E2539.92635
G1 X62.66 Y79.904 E2539.93945
G1 F2400 X62.3 Y80.024 E2539.94892
G1 X61.3 Y80.024 E2539.97386
G1 X61.3 Y86.278 E2540.12987
G1 X61.251 Y86.439 E2540.13407
G1 X61.124 Y86.625 E2540.13969
G0 F7200 X61.124 Y87.11
G0 X62.719 Y80.305
G0 X62.944 Y79.536
G1 F1908.5 X62.945 Y59.881 E2540.75623
G1 F1920 X62.947 Y40.226 E2541.3691
G1 F1931.6 X62.948 Y20.571 E2541.9783
G0 F7200 X62.719 Y19.695
G0 X61.61 Y13.561
G0 X61.251 Y13.561
G1 F2400 X61.3 Y13.8 E2541.98438
G1 X61.3 Y19.972 E2542.13834
G1 X62.3 Y19.972 E2542.16329
G1 X62.66 Y20.092 E2542.17276
G1 F2142.9 X62.948 Y20.572 E2542.18839
G1 X62.996 Y19.924 E2542.20655
G1 F2400 X62.996 Y11.677 E2542.41227
G1 X62.909 Y11.5 E2542.41719
G1 X58.7 Y11.5 E2542.52218
G1 X58.7 Y13.2 E2542.56459
G1 X60.7 Y13.2 E2542.61448
G1 X61.124 Y13.375 E2542.62592
G1 X61.251 Y13.561 E2542.63154
G1 F1500 E2536.13154
G0 F7200 X61.61 Y13.561
G0 X62.738 Y20.137
G0 X62.738 Y79.863
G0 X61.61 Y86.235
G0 X60.898 Y86.235
;TYPE:WALL-OUTER
G1 F1500 E2542.63154
G1 F1200 X60.842 Y86.342 E2542.63455
G1 X60.735 Y86.397 E2542.63756
G1 X54.696 Y86.4 E2542.7882
G1 X54.696 Y88.9 E2542.85056
G1 X62.867 Y88.896 E2543.05439
G1 X63.079 Y88.843 E2543.05984
G1 X63.262 Y88.703 E2543.06559
G1 X63.396 Y88.412 E2543.07358
G1 X63.396 Y11.629 E2544.98894
G1 X63.344 Y11.418 E2544.99436
G1 X63.194 Y11.226 E2545.00044
G1 X62.873 Y11.1 E2545.00904
G1 X58.3 Y11.1 E2545.12311
G1 X58.3 Y13.6 E2545.18548
G1 X60.7 Y13.6 E2545.24534
G1 X60.842 Y13.658 E2545.24917
G1 X60.9 Y13.8 E2545.253
G1 X60.9 Y20.372 E2545.41694
G1 X62.3 Y20.372 E2545.45186
G1 X62.42 Y20.412 E2545.45501
G1 X62.5 Y20.572 E2545.45948
G1 X62.498 Y79.459 E2546.92842
G1 X62.42 Y79.584 E2546.93209
G1 X62.3 Y79.624 E2546.93525
G1 X60.9 Y79.624 E2546.97017
G1 X60.898 Y86.235 E2547.13508
G0 F7200 X60.842 Y86.342
G0 X60.772 Y86.378
G0 X60.772 Y87.41
G1 F1500 E2540.63508
;MESH:NONMESH
G0 F600 Z6.635
G0 F7200 X61.138 Y86.638
G0 X61.124 Y79.849
G0 X61.124 Y78.76
G0 X38.876 Y21.24
G0 X38.876 Y20.151
G0 X37.311 Y11.927
G0 X37.16 Y11.927
;TIME_ELAPSED:5601.831302
;LAYER:36
;TYPE:FILL
;MESH:luckfox_top.stl
G1 F1500 E2547.13508
G1 F3000 X37.426 Y11.661 E2547.14447
G0 F7200 X37.426 Y11.812
G0 X39.944 Y11.811
G0 X39.944 Y11.66
G1 F3000 X41.14 Y12.856 E2547.18666
G1 X41.21 Y12.926
G0 F7200 X40.99 Y12.926
G0 X38.462 Y12.962
G0 X38.39 Y15.913
G0 X38.54 Y15.913
G1 F3000 X37.16 Y14.532 E2547.23536
G1 X37.09 Y14.462
G0 F7200 X37.311 Y14.462
G0 X38.39 Y16.204
G0 X38.54 Y16.204
G1 F3000 X37.16 Y17.584 E2547.28404
G1 X37.09 Y17.654
G1 F1500 E2540.78404
G0 F7200 X37.311 Y17.654
G0 X37.262 Y20.137
G0 X37.262 Y79.863
G0 X37.311 Y82.413
G0 X37.158 Y82.413
G1 F1500 E2547.28404
G1 F3000 X38.54 Y83.795 E2547.3328
G0 F7200 X38.54 Y84.086
G1 F3000 X37.16 Y85.467 E2547.3815
G1 X37.09 Y85.537
G0 F7200 X37.311 Y85.537
G0 X37.311 Y88.071
G0 X37.159 Y88.071
G1 F3000 X37.424 Y88.336 E2547.39085
G0 F7200 X37.425 Y88.19
G0 X39.946 Y88.19
G0 X39.945 Y88.338
G1 F3000 X41.323 Y86.96 E2547.43946
G0 F7200 X41.705 Y86.96
G1 F3000 X43.084 Y88.339 E2547.48811
G1 X43.154 Y88.409
G1 F1500 E2540.98811
G0 F7200 X43.155 Y88.19
G0 X38.862 Y86.638
G0 X37.262 Y79.863
G0 X37.262 Y20.137
G0 X38.862 Y13.362
G0 X39.226 Y13.2
;TYPE:WALL-INNER
G1 F1500 E2547.48811
G1 F2400 X41.3 Y13.2 E2547.53984
G1 X41.3 Y11.5 E2547.58225
G1 X37.163 Y11.5 E2547.68545
G1 X37.051 Y11.548 E2547.68849
G1 X37 Y11.626 E2547.69081
G1 X37 Y19.922 E2547.89776
G1 F2133.3 X37.05 Y20.572 E2547.91605
G1 X37.339 Y20.092 E2547.93178
G1 F2400 X37.7 Y19.972 E2547.94127
G1 X38.7 Y19.972 E2547.96621
G1 X38.7 Y13.8 E2548.12017
G1 X38.749 Y13.561 E2548.12626
G1 X38.875 Y13.375 E2548.13186
G1 X39.061 Y13.249 E2548.13747
G1 X39.226 Y13.2 E2548.14176
G0 F7200 X39.226 Y12.89
G0 X37.281 Y19.695
G0 X37.05 Y20.572
G1 F1912.4 X37.051 Y35.313 E2548.60324
G1 F1904.8 X37.052 Y50.054 E2549.06657
G1 F1889.8 X37.053 Y64.795 E2549.53356
G1 F1882.4 X37.054 Y79.536 E2550.0024
G0 F7200 X37.281 Y80.305
G0 X38.462 Y87.038
G0 X39.061 Y86.751
G1 F2400 X38.875 Y86.624 E2550.00802
G1 X38.7 Y86.287 E2550.01749
G1 X38.7 Y80.024 E2550.17372
G1 X37.7 Y80.024 E2550.19867
G1 X37.339 Y79.904 E2550.20816
G1 F2105.3 X37.054 Y79.537 E2550.22137
G1 X37 Y80.074 E2550.23672
G1 F2400 X37 Y88.356 E2550.44332
G1 X37.063 Y88.46 E2550.44635
G1 X37.14 Y88.496 E2550.44847
G1 X44.9 Y88.5 E2550.64204
G1 X44.9 Y86.8 E2550.68445
G1 X39.3 Y86.8 E2550.82414
G1 X39.061 Y86.751 E2550.83023
G0 F7200 X39.244 Y86.4
;TYPE:WALL-OUTER
G1 F1200 X39.158 Y86.342 E2550.83282
G1 X39.103 Y86.235 E2550.83582
G1 X39.1 Y79.624 E2551.00073
G1 X37.7 Y79.624 E2551.03565
G1 X37.579 Y79.584 E2551.03883
G1 X37.503 Y79.459 E2551.04248
G1 X37.5 Y20.572 E2552.51142
G1 X37.579 Y20.412 E2552.51587
G1 X37.7 Y20.372 E2552.51905
G1 X39.1 Y20.372 E2552.55398
G1 X39.1 Y13.744 E2552.71931
G1 X39.158 Y13.658 E2552.7219
G1 X39.265 Y13.603 E2552.7249
G1 X41.7 Y13.6 E2552.78564
G1 X41.7 Y11.1 E2552.848
G1 X37.081 Y11.1 E2552.96323
G1 X36.825 Y11.21 E2552.97018
G1 X36.707 Y11.325 E2552.97429
G1 X36.6 Y11.616 E2552.98202
G1 X36.6 Y88.42 E2554.8979
G1 X36.649 Y88.568 E2554.90179
G1 X36.779 Y88.75 E2554.90737
G1 X37.076 Y88.896 E2554.91563
G1 X45.3 Y88.9 E2555.12078
G1 X45.3 Y86.4 E2555.18314
G1 X39.244 Y86.4 E2555.33421
G0 F7200 X39.158 Y86.342
G0 X39.114 Y86.257
G0 X38.09 Y86.257
G1 F1500 E2548.83421
G0 F7200 X45.07 Y88.189
G0 X46.165 Y88.189
G0 X53.835 Y88.189
G0 X54.93 Y88.189
G0 X56.914 Y88.189
G0 X56.914 Y88.34
;TYPE:FILL
G1 F1500 E2555.33421
G1 F3000 X58.294 Y86.96 E2555.38289
G0 F7200 X58.676 Y86.96
G1 F3000 X60.052 Y88.336 E2555.43143
G1 X60.122 Y88.406
G0 F7200 X60.122 Y88.189
G0 X62.575 Y88.189
G0 X62.575 Y88.335
G1 F3000 X62.835 Y88.076 E2555.44059
G0 F7200 X62.689 Y88.076
G0 X62.689 Y85.463
G0 X62.836 Y85.463
G1 F3000 X61.46 Y84.087 E2555.48913
G0 F7200 X61.46 Y83.794
G1 F3000 X62.835 Y82.419 E2555.53764
G1 X62.905 Y82.349
G1 F1500 E2549.03764
G0 F7200 X62.689 Y82.349
G0 X62.738 Y79.863
G0 X62.738 Y20.137
G0 X62.689 Y17.581
G0 X62.836 Y17.581
G1 F1500 E2555.53764
G1 F3000 X61.46 Y16.205 E2555.58618
G0 F7200 X61.46 Y15.911
G1 F3000 X62.835 Y14.537 E2555.63467
G1 X62.905 Y14.467
G0 F7200 X62.689 Y14.467
G0 X62.689 Y11.924
G0 X62.836 Y11.924
G1 F3000 X62.573 Y11.662 E2555.64393
G0 F7200 X62.572 Y11.81
G0 X60.054 Y11.81
G0 X60.055 Y11.66
G1 F3000 X58.86 Y12.854 E2555.68607
G1 X58.79 Y12.924
G1 F1500 E2549.18607
G0 F7200 X59.01 Y12.89
G0 X61.138 Y13.362
G0 X62.738 Y20.137
G0 X62.738 Y79.863
G0 X61.124 Y87.11
G0 X61.124 Y86.625
;TYPE:WALL-INNER
G1 F1500 E2555.68607
G1 F2400 X60.787 Y86.8 E2555.69554
G1 X55.1 Y86.8 E2555.8374
G1 X55.1 Y88.5 E2555.87981
G1 X62.901 Y88.496 E2556.07441
G1 X62.996 Y88.358 E2556.07858
G1 X62.996 Y80.072 E2556.28528
G1 F2123.9 X62.944 Y79.536 E2556.30046
G1 X62.66 Y79.904 E2556.31356
G1 F2400 X62.3 Y80.024 E2556.32303
G1 X61.3 Y80.024 E2556.34797
G1 X61.3 Y86.278 E2556.50398
G1 X61.251 Y86.439 E2556.50818
G1 X61.124 Y86.625 E2556.5138
G0 F7200 X61.124 Y87.11
G0 X62.719 Y80.305
G0 X62.944 Y79.536
G1 F1908.5 X62.945 Y59.881 E2557.13034
G1 F1920 X62.947 Y40.226 E2557.74321
G1 F1931.6 X62.948 Y20.571 E2558.35241
G0 F7200 X62.719 Y19.695
G0 X61.61 Y13.561
G0 X61.251 Y13.561
G1 F2400 X61.3 Y13.8 E2558.35849
G1 X61.3 Y19.972 E2558.51245
G1 X62.3 Y19.972 E2558.5374
G1 X62.66 Y20.092 E2558.54686
G1 F2142.9 X62.948 Y20.572 E2558.5625
G1 X62.996 Y19.924 E2558.58066
G1 F2400 X62.996 Y11.628 E2558.7876
G1 X62.891 Y11.5 E2558.79173
G1 X58.7 Y11.5 E2558.89628
G1 X58.7 Y13.2 E2558.93868
G1 X60.7 Y13.2 E2558.98857
G1 X61.124 Y13.375 E2559.00002
G1 X61.251 Y13.561 E2559.00563
G1 F1500 E2552.50563
G0 F7200 X61.61 Y13.561
G0 X62.738 Y20.137
G0 X62.738 Y79.863
G0 X61.61 Y86.235
G0 X60.898 Y86.235
;TYPE:WALL-OUTER
G1 F1500 E2559.00563
G1 F1200 X60.842 Y86.342 E2559.00865
G1 X60.735 Y86.397 E2559.01165
G1 X54.7 Y86.4 E2559.16219
G1 X54.7 Y88.9 E2559.22455
G1 X62.867 Y88.896 E2559.42828
G1 X63.186 Y88.778 E2559.43677
G1 X63.348 Y88.569 E2559.44336
G1 X63.396 Y88.42 E2559.44727
G1 X63.396 Y11.629 E2561.36283
G1 X63.344 Y11.421 E2561.36817
G1 X63.164 Y11.203 E2561.37523
G1 X62.884 Y11.1 E2561.38267
G1 X58.3 Y11.1 E2561.49702
G1 X58.3 Y13.6 E2561.55938
G1 X60.7 Y13.6 E2561.61925
G1 X60.842 Y13.658 E2561.62307
G1 X60.9 Y13.8 E2561.6269
G1 X60.9 Y20.372 E2561.79084
G1 X62.3 Y20.372 E2561.82576
G1 X62.42 Y20.412 E2561.82892
G1 X62.5 Y20.572 E2561.83338
G1 X62.498 Y79.459 E2563.30232
G1 X62.42 Y79.584 E2563.306
G1 X62.3 Y79.624 E2563.30915
G1 X60.9 Y79.624 E2563.34408
G1 X60.898 Y86.235 E2563.50899
G0 F7200 X60.842 Y86.342
G0 X60.772 Y86.378
G0 X60.772 Y87.41
G1 F1500 E2557.00899
;MESH:NONMESH
G0 F600 Z6.785
G0 F7200 X61.138 Y86.638
G0 X61.124 Y79.849
G0 X61.124 Y78.76
G0 X38.876 Y21.24
G0 X38.876 Y20.151
G0 X37.311 Y11.925
G0 X37.162 Y11.925
;TIME_ELAPSED:5636.411722
;LAYER:37
;TYPE:FILL
;MESH:luckfox_top.stl
G1 F1500 E2563.50899
G1 F3000 X37.426 Y11.662 E2563.51828
G0 F7200 X37.426 Y11.812
G0 X39.945 Y11.811
G0 X39.945 Y11.661
G1 F3000 X41.14 Y12.856 E2563.56044
G1 X41.21 Y12.926
G0 F7200 X40.99 Y12.926
G0 X38.462 Y12.962
G0 X38.39 Y15.913
G0 X38.54 Y15.913
G1 F3000 X37.161 Y14.533 E2563.60911
G1 X37.091 Y14.463
G0 F7200 X37.311 Y14.463
G0 X38.39 Y16.204
G0 X38.54 Y16.204
G1 F3000 X37.161 Y17.584 E2563.65777
G1 X37.091 Y17.654
G1 F1500 E2557.15777
G0 F7200 X37.311 Y17.654
G0 X37.262 Y20.137
G0 X37.262 Y79.863
G0 X37.311 Y82.415
G0 X37.16 Y82.415
G1 F1500 E2563.65777
G1 F3000 X38.54 Y83.795 E2563.70646
G0 F7200 X38.54 Y84.086
G1 F3000 X37.161 Y85.465 E2563.7551
G1 X37.091 Y85.535
G0 F7200 X37.311 Y85.535
G0 X37.311 Y88.073
G0 X37.161 Y88.073
G1 F3000 X37.422 Y88.334 E2563.76431
G0 F7200 X37.423 Y88.19
G0 X39.948 Y88.19
G0 X39.947 Y88.337
G1 F3000 X41.323 Y86.96 E2563.81287
G0 F7200 X41.705 Y86.96
G1 F3000 X43.084 Y88.339 E2563.86152
G1 X43.154 Y88.409
G1 F1500 E2557.36152
G0 F7200 X43.155 Y88.19
G0 X38.862 Y86.638
G0 X37.262 Y79.863
G0 X37.262 Y20.137
G0 X38.862 Y13.362
G0 X39.226 Y13.2
;TYPE:WALL-INNER
G1 F1500 E2563.86152
G1 F2400 X41.3 Y13.2 E2563.91325
G1 X41.3 Y11.5 E2563.95566
G1 X37.127 Y11.5 E2564.05976
G1 X37.046 Y11.553 E2564.06217
G1 X37 Y11.662 E2564.06512
G1 X37 Y19.922 E2564.27117
G1 F2133.3 X37.05 Y20.572 E2564.28946
G1 X37.339 Y20.092 E2564.30519
G1 F2400 X37.7 Y19.972 E2564.31468
G1 X38.7 Y19.972 E2564.33962
G1 X38.7 Y13.8 E2564.49358
G1 X38.749 Y13.561 E2564.49967
G1 X38.875 Y13.375 E2564.50527
G1 X39.061 Y13.249 E2564.51088
G1 X39.226 Y13.2 E2564.51517
G0 F7200 X39.226 Y12.89
G0 X37.281 Y19.695
G0 X37.05 Y20.572
G1 F1912.4 X37.051 Y35.313 E2564.97666
G1 F1904.8 X37.052 Y50.054 E2565.43998
G1 F1889.8 X37.053 Y64.795 E2565.90698
G1 F1882.4 X37.054 Y79.536 E2566.37581
G0 F7200 X37.281 Y80.305
G0 X38.462 Y87.038
G0 X39.061 Y86.751
G1 F2400 X38.875 Y86.624 E2566.38143
G1 X38.7 Y86.287 E2566.3909
G1 X38.7 Y80.024 E2566.54714
G1 X37.7 Y80.024 E2566.57208
G1 X37.339 Y79.904 E2566.58157
G1 F2105.3 X37.054 Y79.537 E2566.59478
G1 X37 Y80.074 E2566.61013
G1 F2400 X37.001 Y88.371 E2566.8171
G1 X37.05 Y88.449 E2566.8194
G1 X37.162 Y88.496 E2566.82243
G1 X44.9 Y88.5 E2567.01545
G1 X44.9 Y86.8 E2567.05786
G1 X39.3 Y86.8 E2567.19755
G1 X39.061 Y86.751 E2567.20364
G0 F7200 X39.244 Y86.4
;TYPE:WALL-OUTER
G1 F1200 X39.158 Y86.342 E2567.20623
G1 X39.103 Y86.235 E2567.20923
G1 X39.1 Y79.624 E2567.37414
G1 X37.7 Y79.624 E2567.40906
G1 X37.579 Y79.584 E2567.41224
G1 X37.503 Y79.459 E2567.41589
G1 X37.5 Y20.572 E2568.88483
G1 X37.579 Y20.412 E2568.88929
G1 X37.7 Y20.372 E2568.89246
G1 X39.1 Y20.372 E2568.92739
G1 X39.1 Y13.744 E2569.09272
G1 X39.158 Y13.658 E2569.09531
G1 X39.265 Y13.603 E2569.09831
G1 X41.7 Y13.6 E2569.15905
G1 X41.7 Y11.1 E2569.22142
G1 X37.116 Y11.1 E2569.33576
G1 X36.83 Y11.205 E2569.34336
G1 X36.709 Y11.323 E2569.34758
G1 X36.6 Y11.581 E2569.35457
G1 X36.601 Y88.373 E2571.27015
G1 X36.705 Y88.669 E2571.27798
G1 X36.822 Y88.787 E2571.28212
G1 X37.081 Y88.896 E2571.28913
G1 X45.3 Y88.9 E2571.49416
G1 X45.3 Y86.4 E2571.55652
G1 X39.244 Y86.4 E2571.70759
G0 F7200 X39.158 Y86.342
G0 X39.114 Y86.257
G0 X38.09 Y86.257
G1 F1500 E2565.20759
G0 F7200 X45.07 Y88.189
G0 X46.165 Y88.189
G0 X53.835 Y88.189
G0 X54.93 Y88.189
G0 X56.914 Y88.189
G0 X56.914 Y88.34
;TYPE:FILL
G1 F1500 E2571.70759
G1 F3000 X58.294 Y86.96 E2571.75627
G0 F7200 X58.676 Y86.96
G1 F3000 X60.053 Y88.337 E2571.80485
G1 X60.123 Y88.407
G0 F7200 X60.123 Y88.189
G0 X62.574 Y88.189
G0 X62.574 Y88.337
G1 F3000 X62.836 Y88.075 E2571.81409
G0 F7200 X62.689 Y88.075
G0 X62.689 Y85.464
G0 X62.836 Y85.464
G1 F3000 X61.46 Y84.087 E2571.86265
G0 F7200 X61.46 Y83.794
G1 F3000 X62.836 Y82.418 E2571.91119
G1 X62.906 Y82.348
G1 F1500 E2565.41119
G0 F7200 X62.689 Y82.348
G0 X62.738 Y79.863
G0 X62.738 Y20.137
G0 X62.689 Y17.581
G0 X62.836 Y17.581
G1 F1500 E2571.91119
G1 F3000 X61.46 Y16.205 E2571.95973
G0 F7200 X61.46 Y15.911
G1 F3000 X62.835 Y14.537 E2572.00822
G1 X62.905 Y14.467
G0 F7200 X62.689 Y14.467
G0 X62.689 Y11.924
G0 X62.836 Y11.924
G1 F3000 X62.573 Y11.662 E2572.01748
G0 F7200 X62.572 Y11.81
G0 X60.054 Y11.81
G0 X60.055 Y11.66
G1 F3000 X58.86 Y12.854 E2572.05962
G1 X58.79 Y12.924
G1 F1500 E2565.55962
G0 F7200 X59.01 Y12.89
G0 X61.138 Y13.362
G0 X62.738 Y20.137
G0 X62.738 Y79.863
G0 X61.124 Y87.11
G0 X61.124 Y86.625
;TYPE:WALL-INNER
G1 F1500 E2572.05962
G1 F2400 X60.787 Y86.8 E2572.06909
G1 X55.1 Y86.8 E2572.21096
G1 X55.1 Y88.5 E2572.25336
G1 X62.82 Y88.496 E2572.44594
G1 X62.959 Y88.422 E2572.44987
G1 X62.996 Y88.336 E2572.4522
G1 X62.996 Y80.072 E2572.65835
G1 F2123.9 X62.944 Y79.536 E2572.67353
G1 X62.66 Y79.904 E2572.68663
G1 F2400 X62.3 Y80.024 E2572.6961
G1 X61.3 Y80.024 E2572.72104
G1 X61.3 Y86.278 E2572.87705
G1 X61.251 Y86.439 E2572.88125
G1 X61.124 Y86.625 E2572.88687
G0 F7200 X61.124 Y87.11
G0 X62.719 Y80.305
G0 X62.944 Y79.536
G1 F1908.5 X62.945 Y59.881 E2573.50341
G1 F1920 X62.947 Y40.226 E2574.11628
G1 F1931.6 X62.948 Y20.571 E2574.72548
G0 F7200 X62.719 Y19.695
G0 X61.61 Y13.561
G0 X61.251 Y13.561
G1 F2400 X61.3 Y13.8 E2574.73156
G1 X61.3 Y19.972 E2574.88552
G1 X62.3 Y19.972 E2574.91047
G1 X62.66 Y20.092 E2574.91994
G1 F2142.9 X62.948 Y20.572 E2574.93557
G1 X62.996 Y19.924 E2574.95373
G1 F2400 X62.996 Y11.677 E2575.15945
G1 X62.922 Y11.537 E2575.1634
G1 X62.835 Y11.5 E2575.16576
G1 X58.7 Y11.5 E2575.26891
G1 X58.7 Y13.2 E2575.31131
G1 X60.7 Y13.2 E2575.3612
G1 X61.124 Y13.375 E2575.37265
G1 X61.251 Y13.561 E2575.37826
G1 F1500 E2568.87826
G0 F7200 X61.61 Y13.561
G0 X62.738 Y20.137
G0 X62.738 Y79.863
G0 X61.61 Y86.235
G0 X60.898 Y86.235
;TYPE:WALL-OUTER
G1 F1500 E2575.37826
G1 F1200 X60.842 Y86.342 E2575.38128
G1 X60.735 Y86.397 E2575.38428
G1 X54.7 Y86.4 E2575.53482
G1 X54.7 Y88.9 E2575.59718
G1 X62.868 Y88.896 E2575.80094
G1 X63.076 Y88.844 E2575.80628
G1 X63.29 Y88.668 E2575.8132
G1 X63.396 Y88.416 E2575.82002
G1 X63.396 Y11.629 E2577.73547
G1 X63.344 Y11.42 E2577.74085
G1 X63.168 Y11.206 E2577.74776
G1 X62.915 Y11.1 E2577.7546
G1 X58.3 Y11.1 E2577.86972
G1 X58.3 Y13.6 E2577.93209
G1 X60.7 Y13.6 E2577.99195
G1 X60.842 Y13.658 E2577.99578
G1 X60.9 Y13.8 E2577.99961
G1 X60.9 Y20.372 E2578.16355
G1 X62.3 Y20.372 E2578.19847
G1 X62.42 Y20.412 E2578.20162
G1 X62.5 Y20.572 E2578.20609
G1 X62.498 Y79.459 E2579.67503
G1 X62.42 Y79.584 E2579.6787
G1 X62.3 Y79.624 E2579.68186
G1 X60.9 Y79.624 E2579.71678
G1 X60.898 Y86.235 E2579.8817
G0 F7200 X60.842 Y86.342
G0 X60.772 Y86.378
G0 X60.772 Y87.41
G1 F1500 E2573.3817
;MESH:NONMESH
G0 F600 Z6.935
G0 F7200 X61.138 Y86.638
G0 X61.124 Y79.849
G0 X61.124 Y78.76
G0 X38.876 Y21.24
G0 X38.876 Y20.151
G0 X37.311 Y11.925
G0 X37.163 Y11.925
;TIME_ELAPSED:5670.987483
;LAYER:38
;TYPE:FILL
;MESH:luckfox_top.stl
G1 F1500 E2579.8817
G1 F3000 X37.428 Y11.659 E2579.89106
G0 F7200 X37.428 Y11.812
G0 X39.944 Y11.811
G0 X39.944 Y11.66
G1 F3000 X41.14 Y12.856 E2579.93325
G1 X41.21 Y12.926
G0 F7200 X40.99 Y12.926
G0 X38.462 Y12.962
G0 X38.39 Y15.913
G0 X38.54 Y15.913
G1 F3000 X37.161 Y14.534 E2579.9819
G1 X37.091 Y14.464
G0 F7200 X37.311 Y14.464
G0 X38.39 Y16.204
G0 X38.54 Y16.204
G1 F3000 X37.161 Y17.583 E2580.03055
G1 X37.091 Y17.653
G1 F1500 E2573.53055
G0 F7200 X37.311 Y17.653
G0 X37.262 Y20.137
G0 X37.262 Y79.863
G0 X37.311 Y82.415
G0 X37.16 Y82.415
G1 F1500 E2580.03055
G1 F3000 X38.54 Y83.795 E2580.07923
G0 F7200 X38.54 Y84.086
G1 F3000 X37.161 Y85.465 E2580.12788
G1 X37.091 Y85.535
G0 F7200 X37.311 Y85.535
G0 X37.311 Y88.073
G0 X37.161 Y88.073
G1 F3000 X37.422 Y88.334 E2580.13709
G0 F7200 X37.423 Y88.19
G0 X39.948 Y88.19
G0 X39.947 Y88.337
G1 F3000 X41.323 Y86.96 E2580.18565
G0 F7200 X41.705 Y86.96
G1 F3000 X43.084 Y88.339 E2580.2343
G1 X43.154 Y88.409
G1 F1500 E2573.7343
G0 F7200 X43.155 Y88.19
G0 X38.862 Y86.638
G0 X37.262 Y79.863
G0 X37.262 Y20.137
G0 X38.862 Y13.362
G0 X39.226 Y13.2
;TYPE:WALL-INNER
G1 F1500 E2580.2343
G1 F2400 X41.3 Y13.2 E2580.28603
G1 X41.3 Y11.5 E2580.32844
G1 X37.109 Y11.5 E2580.43298
G1 X37 Y11.636 E2580.43733
G1 X37 Y19.922 E2580.64403
G1 F2133.3 X37.05 Y20.572 E2580.66232
G1 X37.339 Y20.092 E2580.67804
G1 F2400 X37.7 Y19.972 E2580.68753
G1 X38.7 Y19.972 E2580.71248
G1 X38.7 Y13.8 E2580.86644
G1 X38.749 Y13.561 E2580.87253
G1 X38.875 Y13.375 E2580.87813
G1 X39.061 Y13.249 E2580.88373
G1 X39.226 Y13.2 E2580.88803
G0 F7200 X39.226 Y12.89
G0 X37.281 Y19.695
G0 X37.05 Y20.572
G1 F1912.4 X37.051 Y35.313 E2581.34951
G1 F1904.8 X37.052 Y50.054 E2581.81283
G1 F1889.8 X37.053 Y64.795 E2582.27983
G1 F1882.4 X37.054 Y79.536 E2582.74867
G0 F7200 X37.281 Y80.305
G0 X38.462 Y87.038
G0 X39.061 Y86.751
G1 F2400 X38.875 Y86.624 E2582.75429
G1 X38.7 Y86.287 E2582.76376
G1 X38.7 Y80.024 E2582.91999
G1 X37.7 Y80.024 E2582.94494
G1 X37.339 Y79.904 E2582.95443
G1 F2105.3 X37.054 Y79.537 E2582.96764
G1 X37 Y80.074 E2582.98299
G1 F2400 X37.001 Y88.387 E2583.19036
G1 X37.129 Y88.493 E2583.1945
G1 X44.9 Y88.5 E2583.38835
G1 X44.9 Y86.8 E2583.43076
G1 X39.3 Y86.8 E2583.57045
G1 X39.061 Y86.751 E2583.57654
G0 F7200 X39.244 Y86.4
;TYPE:WALL-OUTER
G1 F1200 X39.158 Y86.342 E2583.57912
G1 X39.103 Y86.235 E2583.58213
G1 X39.1 Y79.624 E2583.74704
G1 X37.7 Y79.624 E2583.78196
G1 X37.579 Y79.584 E2583.78514
G1 X37.503 Y79.459 E2583.78879
G1 X37.5 Y20.572 E2585.25773
G1 X37.579 Y20.412 E2585.26218
G1 X37.7 Y20.372 E2585.26536
G1 X39.1 Y20.372 E2585.30028
G1 X39.1 Y13.744 E2585.46562
G1 X39.158 Y13.658 E2585.46821
G1 X39.265 Y13.603 E2585.47121
G1 X41.7 Y13.6 E2585.53195
G1 X41.7 Y11.1 E2585.59431
G1 X37.123 Y11.1 E2585.70849
G1 X36.838 Y11.201 E2585.71603
G1 X36.647 Y11.431 E2585.72349
G1 X36.6 Y11.572 E2585.72719
G1 X36.601 Y88.369 E2587.6429
G1 X36.702 Y88.658 E2587.65054
G1 X36.931 Y88.849 E2587.65798
G1 X37.073 Y88.896 E2587.66171
G1 X45.3 Y88.9 E2587.86693
G1 X45.3 Y86.4 E2587.9293
G1 X39.244 Y86.4 E2588.08036
G0 F7200 X39.158 Y86.342
G0 X39.114 Y86.257
G0 X38.09 Y86.257
G1 F1500 E2581.58036
G0 F7200 X45.07 Y88.189
G0 X46.165 Y88.189
G0 X53.835 Y88.189
G0 X54.93 Y88.189
G0 X56.914 Y88.189
G0 X56.914 Y88.34
;TYPE:FILL
G1 F1500 E2588.08036
G1 F3000 X58.294 Y86.96 E2588.12905
G0 F7200 X58.676 Y86.96
G1 F3000 X60.053 Y88.337 E2588.17762
G1 X60.123 Y88.407
G0 F7200 X60.123 Y88.189
G0 X62.574 Y88.189
G0 X62.574 Y88.337
G1 F3000 X62.836 Y88.075 E2588.18687
G0 F7200 X62.689 Y88.075
G0 X62.689 Y85.464
G0 X62.836 Y85.464
G1 F3000 X61.46 Y84.087 E2588.23543
G0 F7200 X61.46 Y83.794
G1 F3000 X62.836 Y82.418 E2588.28397
G1 X62.906 Y82.348
G1 F1500 E2581.78397
G0 F7200 X62.689 Y82.348
G0 X62.738 Y79.863
G0 X62.738 Y20.137
G0 X62.689 Y17.582
G0 X62.836 Y17.582
G1 F1500 E2588.28397
G1 F3000 X61.46 Y16.205 E2588.33253
G0 F7200 X61.46 Y15.911
G1 F3000 X62.836 Y14.536 E2588.38105
G1 X62.906 Y14.466
G0 F7200 X62.689 Y14.466
G0 X62.689 Y11.925
G0 X62.836 Y11.925
G1 F3000 X62.572 Y11.66 E2588.39038
G0 F7200 X62.571 Y11.81
G0 X60.054 Y11.81
G0 X60.055 Y11.66
G1 F3000 X58.86 Y12.854 E2588.43252
G1 X58.79 Y12.924
G1 F1500 E2581.93252
G0 F7200 X59.01 Y12.89
G0 X61.138 Y13.362
G0 X62.738 Y20.137
G0 X62.738 Y79.863
G0 X61.124 Y87.11
G0 X61.124 Y86.625
;TYPE:WALL-INNER
G1 F1500 E2588.43252
G1 F2400 X60.787 Y86.8 E2588.442
G1 X55.1 Y86.8 E2588.58386
G1 X55.1 Y88.5 E2588.62627
G1 X62.817 Y88.496 E2588.81877
G1 X62.941 Y88.442 E2588.82214
G1 X62.996 Y88.323 E2588.82541
G1 X62.996 Y80.072 E2589.03123
G1 F2123.9 X62.944 Y79.536 E2589.04641
G1 X62.66 Y79.904 E2589.05952
G1 F2400 X62.3 Y80.024 E2589.06898
G1 X61.3 Y80.024 E2589.09393
G1 X61.3 Y86.278 E2589.24993
G1 X61.251 Y86.439 E2589.25413
G1 X61.124 Y86.625 E2589.25975
G0 F7200 X61.124 Y87.11
G0 X62.719 Y80.305
G0 X62.944 Y79.536
G1 F1908.5 X62.945 Y59.881 E2589.8763
G1 F1920 X62.947 Y40.226 E2590.48917
G1 F1931.6 X62.948 Y20.571 E2591.09836
G0 F7200 X62.719 Y19.695
G0 X61.61 Y13.561
G0 X61.251 Y13.561
G1 F2400 X61.3 Y13.8 E2591.10444
G1 X61.3 Y19.972 E2591.25841
G1 X62.3 Y19.972 E2591.28335
G1 X62.66 Y20.092 E2591.29282
G1 F2142.9 X62.948 Y20.572 E2591.30846
G1 X62.996 Y19.924 E2591.32661
G1 F2400 X62.996 Y11.678 E2591.53231
G1 X62.942 Y11.555 E2591.53566
G1 X62.823 Y11.5 E2591.53893
G1 X58.7 Y11.5 E2591.64178
G1 X58.7 Y13.2 E2591.68418
G1 X60.7 Y13.2 E2591.73407
G1 X61.124 Y13.375 E2591.74552
G1 X61.251 Y13.561 E2591.75113
G1 F1500 E2585.25113
G0 F7200 X61.61 Y13.561
G0 X62.738 Y20.137
G0 X62.738 Y79.863
G0 X61.61 Y86.235
G0 X60.898 Y86.235
;TYPE:WALL-OUTER
G1 F1500 E2591.75113
G1 F1200 X60.842 Y86.342 E2591.75415
G1 X60.735 Y86.397 E2591.75715
G1 X54.7 Y86.4 E2591.90769
G1 X54.7 Y88.9 E2591.97005
G1 X62.867 Y88.896 E2592.17378
G1 X63.075 Y88.844 E2592.17913
G1 X63.263 Y88.699 E2592.18505
G1 X63.396 Y88.411 E2592.19297
G1 X63.396 Y11.629 E2594.1083
G1 X63.344 Y11.421 E2594.11365
G1 X63.199 Y11.233 E2594.11957
G1 X62.911 Y11.1 E2594.12748
G1 X58.3 Y11.1 E2594.24251
G1 X58.3 Y13.6 E2594.30487
G1 X60.7 Y13.6 E2594.36474
G1 X60.842 Y13.658 E2594.36856
G1 X60.9 Y13.8 E2594.37239
G1 X60.9 Y20.372 E2594.53633
G1 X62.3 Y20.372 E2594.57125
G1 X62.42 Y20.412 E2594.57441
G1 X62.5 Y20.572 E2594.57887
G1 X62.498 Y79.459 E2596.04781
G1 X62.42 Y79.584 E2596.05149
G1 X62.3 Y79.624 E2596.05464
G1 X60.9 Y79.624 E2596.08957
G1 X60.898 Y86.235 E2596.25448
G0 F7200 X60.842 Y86.342
G0 X60.772 Y86.378
G0 X60.772 Y87.41
G1 F1500 E2589.75448
;MESH:NONMESH
G0 F600 Z7.085
G0 F7200 X61.138 Y86.638
G0 X61.124 Y79.849
G0 X61.124 Y78.76
G0 X38.876 Y21.24
G0 X38.876 Y20.151
G0 X37.311 Y11.927
G0 X37.16 Y11.927
;TIME_ELAPSED:5705.567819
;LAYER:39
;TYPE:FILL
;MESH:luckfox_top.stl
G1 F1500 E2596.25448
G1 F3000 X37.428 Y11.659 E2596.26393
G0 F7200 X37.428 Y11.812
G0 X39.944 Y11.811
G0 X39.944 Y11.66
G1 F3000 X41.14 Y12.856 E2596.30612
G1 X41.21 Y12.926
G0 F7200 X40.99 Y12.926
G0 X38.462 Y12.962
G0 X38.39 Y15.913
G0 X38.54 Y15.913
G1 F3000 X37.16 Y14.532 E2596.35483
G1 X37.09 Y14.462
G0 F7200 X37.311 Y14.462
G0 X38.39 Y16.204
G0 X38.54 Y16.204
G1 F3000 X37.16 Y17.584 E2596.40351
G1 X37.09 Y17.654
G1 F1500 E2589.90351
G0 F7200 X37.311 Y17.654
G0 X37.206 Y20.037
G0 X37.048 Y79.663
G0 X37.311 Y82.415
G0 X37.16 Y82.415
G1 F1500 E2596.40351
G1 F3000 X38.54 Y83.795 E2596.45219
G0 F7200 X38.54 Y84.086
G1 F3000 X37.161 Y85.465 E2596.50084
G1 X37.091 Y85.535
G0 F7200 X37.311 Y85.535
G0 X37.311 Y88.073
G0 X37.161 Y88.073
G1 F3000 X37.424 Y88.335 E2596.5101
G0 F7200 X37.425 Y88.19
G0 X39.947 Y88.19
G0 X39.946 Y88.337
G1 F3000 X40.362 Y87.922 E2596.52476
G0 F7200 X42.844 Y88.099
G1 F3000 X43.084 Y88.339 E2596.53322
G0 F7200 X42.884 Y88.139
G1 F600 X41.905 Y87.16 E2596.55395
G0 F7200 X41.34 Y87.16
G1 F600 X42.318 Y88.139 E2596.57466
G0 F7200 X41.752 Y88.138
G1 F600 X40.774 Y87.16 E2596.59536
G0 F7200 X40.208 Y87.16
G1 F600 X41.186 Y88.138 E2596.61606
G0 F7200 X40.62 Y88.138
G1 F600 X39.643 Y87.16 E2596.63675
G0 F7200 X39.024 Y87.107
G1 F600 X40.053 Y88.136 E2596.65853
G0 F7200 X39.487 Y88.136
G1 F600 X37.361 Y86.01 E2596.70353
G0 F7200 X37.361 Y86.576
G1 F600 X38.921 Y88.136 E2596.73655
G0 F7200 X38.356 Y88.136
G1 F600 X37.361 Y87.142 E2596.7576
G0 F7200 X38.39 Y86.498
G0 X38.414 Y86.498
G1 F600 X37.361 Y85.444 E2596.7799
G0 F7200 X38.462 Y87.038
G0 X42.471 Y87.16
G1 F600 X43.45 Y88.139 E2596.80062
G0 F7200 X44.016 Y88.139
G1 F600 X43.037 Y87.16 E2596.82134
G0 F7200 X43.602 Y87.16
G1 F600 X44.54 Y88.098 E2596.8412
G0 F7200 X44.54 Y87.532
G1 F600 X44.168 Y87.16 E2596.84907
G1 F1500 E2590.34907
G0 F7200 X38.862 Y86.638
G0 X37.048 Y79.663
G0 X37.206 Y20.037
G0 X38.862 Y13.362
G0 X39.226 Y13.2
;TYPE:WALL-INNER
G1 F1500 E2596.84907
G1 F2400 X41.3 Y13.2 E2596.90081
G1 X41.3 Y11.5 E2596.94322
G1 X37.139 Y11.5 E2597.04701
G1 X37.055 Y11.556 E2597.04953
G1 X37 Y11.674 E2597.05278
G1 X37 Y19.851 E2597.25675
G1 F2285.7 X37.02 Y20.47 E2597.27298
G1 X37.28 Y19.991 E2597.28725
G1 F2400 X37.64 Y19.872 E2597.29671
G1 X38.156 Y19.872 E2597.30958
G1 X38.465 Y19.972 E2597.31768
G1 X38.7 Y19.972 E2597.32354
G1 X38.7 Y13.8 E2597.47751
G1 X38.749 Y13.561 E2597.48359
G1 X38.875 Y13.375 E2597.4892
G1 X39.061 Y13.249 E2597.4948
G1 X39.226 Y13.2 E2597.49909
G0 F7200 X39.226 Y12.89
G0 X37.281 Y19.595
G0 X37.02 Y20.47
G1 F2196.8 X37.018 Y22.336 E2597.54995
G1 F2222.2 X37.015 Y24.202 E2597.60022
G1 F2248.2 X37.013 Y26.068 E2597.64991
G1 F2274.9 X37.01 Y27.934 E2597.69902
G1 F2302.2 X37.008 Y29.8 E2597.74754
G1 F2330.1 X37.005 Y31.666 E2597.79549
G1 F2358.7 X37.003 Y33.532 E2597.84285
G1 F2388.1 X37 Y35.398 E2597.88963
G1 F2418.1 X36.998 Y37.264 E2597.93583
G1 F2449 X36.996 Y39.13 E2597.98144
G1 F2487 X36.993 Y40.996 E2598.02636
G1 F2519.7 X36.991 Y42.862 E2598.0707
G1 F2553.2 X36.988 Y44.728 E2598.11445
G1 F2587.6 X36.986 Y46.594 E2598.15763
G1 F2623 X36.983 Y48.46 E2598.20022
G1 F2659.3 X36.981 Y50.326 E2598.24223
G1 F2696.6 X36.978 Y52.192 E2598.28365
G1 F2735 X36.976 Y54.058 E2598.3245
G1 F2774.6 X36.973 Y55.924 E2598.36476
G1 F2815.2 X36.971 Y57.79 E2598.40444
G1 F1500 E2591.90444
G0 F7200 X37.048 Y79.663
G0 X38.862 Y86.638
G0 X39.061 Y86.751
G1 F1500 E2598.40444
G1 F2400 X38.875 Y86.624 E2598.41006
G1 X38.7 Y86.287 E2598.41953
G1 X38.7 Y80.024 E2598.57577
G1 X37.7 Y80.024 E2598.60071
G1 X37.21 Y79.771 E2598.61447
G1 X37 Y79.484 E2598.62334
G1 X37 Y88.316 E2598.84365
G1 X37.057 Y88.457 E2598.84745
G1 X37.14 Y88.496 E2598.84973
G1 X44.9 Y88.5 E2599.04331
G1 X44.9 Y86.8 E2599.08572
G1 X39.3 Y86.8 E2599.22541
G1 X39.061 Y86.751 E2599.23149
G0 F7200 X39.244 Y86.4
;TYPE:WALL-OUTER
G1 F1200 X39.158 Y86.342 E2599.23408
G1 X39.103 Y86.235 E2599.23708
G1 X39.1 Y79.624 E2599.40199
G1 X37.7 Y79.624 E2599.43692
G1 X37.536 Y79.54 E2599.44151
G1 X37.5 Y79.424 E2599.44454
G1 X37.402 Y79.407 E2599.44703
G1 F1014.8 X37.215 Y79.271 E2599.45385
G1 F872.7 X37.228 Y72.245 E2599.69483
G1 F861.8 X37.241 Y65.219 E2599.93889
G1 F851.1 X37.254 Y58.193 E2600.18601
G1 F991.7 X37.34 Y57.794 E2600.19833
G1 F1200 X37.44 Y20.471 E2601.12936
G1 X37.52 Y20.311 E2601.13383
G1 X37.64 Y20.272 E2601.13697
G1 X38.24 Y20.272 E2601.15194
G1 X38.298 Y20.372 E2601.15482
G1 X39.1 Y20.372 E2601.17483
G1 X39.1 Y13.744 E2601.34017
G1 X39.158 Y13.658 E2601.34275
G1 X39.265 Y13.603 E2601.34575
G1 X41.7 Y13.6 E2601.4065
G1 X41.7 Y11.1 E2601.46886
G1 X37.076 Y11.1 E2601.5842
G1 X36.928 Y11.148 E2601.58809
G1 X36.733 Y11.3 E2601.59425
G1 X36.6 Y11.585 E2601.6021
G1 X36.601 Y57.793 E2602.75476
G1 F991.7 X36.685 Y58.193 E2602.7671
G1 F851.1 X36.681 Y65.235 E2603.01478
G1 F861.8 X36.677 Y72.277 E2603.2594
G1 F872.7 X36.673 Y79.319 E2603.50093
G1 F1014.8 X36.6 Y79.838 E2603.51639
G1 F1200 X36.6 Y88.366 E2603.72912
G1 X36.657 Y88.586 E2603.73479
G1 X36.774 Y88.749 E2603.7398
G1 X37.076 Y88.896 E2603.74818
G1 X45.3 Y88.9 E2603.95333
G1 X45.3 Y86.4 E2604.01569
G1 X39.244 Y86.4 E2604.16676
G0 F7200 X39.158 Y86.342
G0 X39.114 Y86.257
G0 X38.09 Y86.257
G1 F1500 E2597.66676
G0 F7200 X45.07 Y88.189
G0 X46.165 Y88.189
G0 X53.835 Y88.189
G0 X54.93 Y88.189
G0 X56.914 Y88.189
G0 X56.914 Y88.34
;TYPE:FILL
G1 F1500 E2604.16676
G1 F3000 X57.332 Y87.922 E2604.1815
G0 F7200 X59.813 Y88.098
G1 F3000 X60.052 Y88.336 E2604.18992
G0 F7200 X60.052 Y88.189
G0 X62.575 Y88.189
G0 X62.575 Y88.335
G1 F3000 X62.835 Y88.076 E2604.19907
G0 F7200 X62.689 Y88.076
G0 X62.689 Y85.463
G0 X62.836 Y85.463
G1 F3000 X62.595 Y85.223 E2604.20755
G0 F7200 X62.423 Y82.831
G1 F3000 X62.835 Y82.419 E2604.22209
G1 F1500 E2597.72209
G0 F7200 X62.689 Y82.419
G0 X62.738 Y79.863
G0 X62.738 Y20.137
G0 X62.689 Y17.582
G0 X62.836 Y17.582
G1 F1500 E2604.22209
G1 F3000 X62.596 Y17.341 E2604.23057
G0 F7200 X62.423 Y14.949
G1 F3000 X62.836 Y14.536 E2604.24514
G0 F7200 X62.689 Y14.536
G0 X62.689 Y11.925
G0 X62.836 Y11.925
G1 F3000 X62.572 Y11.66 E2604.25447
G0 F7200 X62.571 Y11.81
G0 X60.054 Y11.81
G0 X60.055 Y11.66
G1 F3000 X58.86 Y12.854 E2604.29661
G1 X58.79 Y12.924
G0 F7200 X59.01 Y12.924
G0 X59.943 Y11.86
G1 F600 X61.057 Y12.973 E2604.32018
G0 F7200 X61.606 Y13.523
G1 F600 X62.636 Y14.553 E2604.34198
G0 F7200 X62.636 Y15.119
G1 F600 X61.66 Y14.142 E2604.36265
G0 F7200 X61.66 Y14.708
G1 F600 X62.636 Y15.684 E2604.38331
G0 F7200 X62.636 Y16.25
G1 F600 X61.66 Y15.274 E2604.40397
G0 F7200 X61.66 Y15.839
G1 F600 X62.636 Y16.816 E2604.42464
G0 F7200 X62.636 Y17.381
G1 F600 X61.66 Y16.405 E2604.4453
G0 F7200 X61.66 Y16.971
G1 F600 X62.636 Y17.947 E2604.46596
G0 F7200 X62.636 Y18.513
G1 F600 X61.66 Y17.536 E2604.48663
G0 F7200 X61.66 Y18.102
G1 F600 X62.636 Y19.078 E2604.50728
G0 F7200 X62.636 Y19.644
G1 F600 X61.66 Y18.668 E2604.52794
G0 F7200 X61.66 Y19.233
G1 F600 X62.039 Y19.612 E2604.53597
G0 F7200 X62.636 Y13.987
G1 F600 X60.509 Y11.86 E2604.58099
G0 F7200 X61.074 Y11.86
G1 F600 X62.636 Y13.422 E2604.61405
G0 F7200 X62.636 Y12.856
G1 F600 X61.64 Y11.86 E2604.63513
G1 F1500 E2598.13513
G0 F7200 X62.738 Y20.137
G0 X62.738 Y79.863
G0 X61.716 Y80.384
G1 F1500 E2604.63513
G1 F600 X62.636 Y81.304 E2604.6546
G0 F7200 X62.636 Y81.87
G1 F600 X61.66 Y80.893 E2604.67527
G0 F7200 X61.66 Y81.459
G1 F600 X62.636 Y82.435 E2604.69593
G0 F7200 X62.636 Y83.001
G1 F600 X61.66 Y82.024 E2604.7166
G0 F7200 X61.66 Y82.59
G1 F600 X62.636 Y83.567 E2604.73727
G0 F7200 X62.636 Y84.132
G1 F600 X61.66 Y83.156 E2604.75793
G0 F7200 X61.66 Y83.721
G1 F600 X62.636 Y84.698 E2604.7786
G0 F7200 X62.636 Y85.264
G1 F600 X61.66 Y84.287 E2604.79927
G0 F7200 X61.66 Y84.853
G1 F600 X62.636 Y85.829 E2604.81993
G0 F7200 X62.636 Y86.394
G1 F600 X61.66 Y85.418 E2604.84058
G0 F7200 X61.66 Y85.984
G1 F600 X62.636 Y86.96 E2604.86124
G0 F7200 X62.636 Y87.526
G1 F600 X61.608 Y86.498 E2604.883
G0 F7200 X61.399 Y86.855
G1 F600 X62.636 Y88.091 E2604.90918
G0 F7200 X62.113 Y88.134
G1 F600 X61.042 Y87.063 E2604.93184
G0 F7200 X60.573 Y87.16
G1 F600 X61.548 Y88.135 E2604.95248
G0 F7200 X60.983 Y88.136
G1 F600 X60.007 Y87.16 E2604.97314
G0 F7200 X59.442 Y87.16
G1 F600 X60.418 Y88.137 E2604.99381
G0 F7200 X59.852 Y88.137
G1 F600 X58.876 Y87.16 E2605.01448
G0 F7200 X58.31 Y87.16
G1 F600 X59.287 Y88.137 E2605.03516
G0 F7200 X58.722 Y88.138
G1 F600 X57.744 Y87.16 E2605.05586
G0 F7200 X57.179 Y87.16
G1 F600 X58.157 Y88.138 E2605.07656
G0 F7200 X57.591 Y88.138
G1 F600 X56.613 Y87.16 E2605.09726
G0 F7200 X56.047 Y87.16
G1 F600 X57.026 Y88.139 E2605.11798
G0 F7200 X56.46 Y88.139
G1 F600 X55.482 Y87.16 E2605.1387
G0 F7200 X55.46 Y87.704
G1 F600 X55.895 Y88.139 E2605.1479
G0 F7200 X61.538 Y87.038
G0 X62.636 Y80.738
G1 F600 X62.282 Y80.384 E2605.1554
G0 F7200 X61.538 Y87.038
G0 X61.124 Y86.625
;TYPE:WALL-INNER
G1 F2400 X60.787 Y86.8 E2605.16487
G1 X55.1 Y86.8 E2605.30673
G1 X55.1 Y88.5 E2605.34914
G1 X62.869 Y88.495 E2605.54294
G1 X62.995 Y88.335 E2605.54802
G1 X62.996 Y80.072 E2605.75414
G1 F2123.9 X62.944 Y79.536 E2605.76932
G1 X62.66 Y79.904 E2605.78242
G1 F2400 X62.3 Y80.024 E2605.79189
G1 X61.3 Y80.024 E2605.81683
G1 X61.3 Y86.278 E2605.97284
G1 X61.251 Y86.439 E2605.97704
G1 X61.124 Y86.625 E2605.98265
G0 F7200 X61.124 Y87.11
G0 X62.719 Y80.305
G0 X62.944 Y79.536
G1 F1908.5 X62.945 Y59.881 E2606.5992
G1 F1920 X62.947 Y40.226 E2607.21207
G1 F1931.6 X62.948 Y20.571 E2607.82126
G0 F7200 X62.719 Y19.695
G0 X61.61 Y13.561
G0 X61.251 Y13.561
G1 F2400 X61.3 Y13.8 E2607.82735
G1 X61.3 Y19.972 E2607.98131
G1 X62.3 Y19.972 E2608.00626
G1 X62.66 Y20.092 E2608.01572
G1 F2142.9 X62.948 Y20.572 E2608.03136
G1 X62.996 Y19.924 E2608.04952
G1 F2400 X62.996 Y11.678 E2608.25521
G1 X62.94 Y11.555 E2608.25858
G1 X62.822 Y11.5 E2608.26183
G1 X58.7 Y11.5 E2608.36466
G1 X58.7 Y13.2 E2608.40706
G1 X60.7 Y13.2 E2608.45695
G1 X61.124 Y13.375 E2608.46839
G1 X61.251 Y13.561 E2608.47401
G1 F1500 E2601.97401
G0 F7200 X61.61 Y13.561
G0 X62.738 Y20.137
G0 X62.738 Y79.863
G0 X61.61 Y86.235
G0 X60.898 Y86.235
;TYPE:WALL-OUTER
G1 F1500 E2608.47401
G1 F1200 X60.842 Y86.342 E2608.47703
G1 X60.735 Y86.397 E2608.48003
G1 X54.7 Y86.4 E2608.63057
G1 X54.7 Y88.9 E2608.69293
G1 X62.867 Y88.895 E2608.89666
G1 X63.075 Y88.844 E2608.902
G1 X63.29 Y88.665 E2608.90898
G1 X63.395 Y88.415 E2608.91574
G1 X63.396 Y11.629 E2610.83118
G1 X63.344 Y11.422 E2610.8365
G1 X63.196 Y11.233 E2610.84249
G1 X62.911 Y11.1 E2610.85034
G1 X58.3 Y11.1 E2610.96536
G1 X58.3 Y13.6 E2611.02772
G1 X60.7 Y13.6 E2611.08759
G1 X60.842 Y13.658 E2611.09142
G1 X60.9 Y13.8 E2611.09524
G1 X60.9 Y20.372 E2611.25918
G1 X62.3 Y20.372 E2611.2941
G1 X62.42 Y20.412 E2611.29726
G1 X62.5 Y20.572 E2611.30172
G1 X62.498 Y79.459 E2612.77066
G1 X62.42 Y79.584 E2612.77434
G1 X62.3 Y79.624 E2612.77749
G1 X60.9 Y79.624 E2612.81242
G1 X60.898 Y86.235 E2612.97733
G0 F7200 X60.842 Y86.342
G0 X60.772 Y86.378
G0 X60.772 Y87.41
G1 F1500 E2606.47733
;MESH:NONMESH
G0 F600 Z7.235
G0 F7200 X61.138 Y86.638
G0 X61.124 Y79.849
G0 X61.124 Y78.76
G0 X38.876 Y21.24
G0 X38.876 Y20.151
G0 X37.311 Y11.925
G0 X37.163 Y11.925
;TIME_ELAPSED:5749.943277
;LAYER:40
;TYPE:FILL
;MESH:luckfox_top.stl
G1 F1500 E2612.97733
G1 F3000 X37.428 Y11.659 E2612.9867
G0 F7200 X37.428 Y11.811
G0 X39.944 Y11.811
G0 X39.944 Y11.66
G1 F3000 X41.14 Y12.856 E2613.02889
G1 X41.21 Y12.926
G0 F7200 X40.99 Y12.926
G0 X38.462 Y12.962
G0 X38.39 Y15.913
G0 X38.54 Y15.913
G1 F3000 X37.161 Y14.534 E2613.07754
G1 X37.091 Y14.464
G0 F7200 X37.311 Y14.464
G0 X38.39 Y16.204
G0 X38.54 Y16.204
G1 F3000 X37.161 Y17.583 E2613.12618
G1 X37.091 Y17.653
G1 F1500 E2606.62618
G0 F7200 X37.311 Y17.653
G0 X37.058 Y20.037
G0 X36.944 Y79.663
G0 X37.311 Y82.415
G0 X37.16 Y82.415
G1 F1500 E2613.12618
G1 F3000 X38.54 Y83.795 E2613.17487
G0 F7200 X38.54 Y84.086
G1 F3000 X37.161 Y85.465 E2613.22352
G1 X37.091 Y85.535
G0 F7200 X37.311 Y85.535
G0 X37.311 Y88.072
G0 X37.161 Y88.072
G1 F3000 X37.422 Y88.333 E2613.23272
G0 F7200 X37.423 Y88.19
G0 X39.948 Y88.19
G0 X39.947 Y88.336
G1 F3000 X40.374 Y87.91 E2613.24777
G0 F7200 X42.656 Y87.91
G1 F3000 X43.083 Y88.338 E2613.26285
G1 F1500 E2606.76285
G0 F7200 X43.084 Y88.19
G0 X38.862 Y86.638
G0 X36.944 Y79.663
G0 X37.058 Y20.037
G0 X38.862 Y13.362
G0 X39.226 Y13.2
;TYPE:WALL-INNER
G1 F1500 E2613.26285
G1 F2400 X41.3 Y13.2 E2613.31459
G1 X41.3 Y11.5 E2613.35699
G1 X37.108 Y11.5 E2613.46156
G1 X37 Y11.638 E2613.46593
G1 X37 Y20.363 E2613.68358
G1 X37.492 Y19.872 E2613.70092
G1 X38.304 Y19.872 E2613.72117
G1 X38.7 Y19.972 E2613.73136
G1 X38.7 Y13.8 E2613.88532
G1 X38.749 Y13.561 E2613.89141
G1 X38.875 Y13.375 E2613.89701
G1 X39.061 Y13.249 E2613.90262
G1 X39.226 Y13.2 E2613.90691
G1 F1500 E2607.40691
G0 F7200 X39.226 Y12.89
G0 X37.058 Y20.037
G0 X36.944 Y79.663
G0 X38.862 Y86.638
G0 X39.061 Y86.751
G1 F1500 E2613.90691
G1 F2400 X38.875 Y86.624 E2613.91253
G1 X38.7 Y86.287 E2613.922
G1 X38.7 Y80.024 E2614.07823
G1 X37.7 Y80.024 E2614.10318
G1 X37.199 Y79.797 E2614.1169
G1 X36.999 Y79.568 E2614.12448
G1 X37.001 Y88.324 E2614.3429
G1 X37.03 Y88.427 E2614.34557
G1 X37.166 Y88.496 E2614.34938
G1 X44.9 Y88.5 E2614.5423
G1 X44.9 Y86.8 E2614.58471
G1 X39.3 Y86.8 E2614.7244
G1 X39.061 Y86.751 E2614.73049
G0 F7200 X39.244 Y86.4
;TYPE:WALL-OUTER
G1 F1200 X39.158 Y86.342 E2614.73307
G1 X39.103 Y86.235 E2614.73608
G1 X39.1 Y79.624 E2614.90099
G1 X37.7 Y79.624 E2614.93591
G1 X37.554 Y79.562 E2614.93987
G1 X37.5 Y79.424 E2614.94356
G1 X37.319 Y79.415 E2614.94808
G1 F1073.8 X37.136 Y79.267 E2614.95465
G1 F975.6 X37.135 Y79.223 E2614.956
G1 X37.14 Y75.767 E2615.06203
G1 F969.7 X37.145 Y72.311 E2615.16872
G1 F963.9 X37.15 Y68.855 E2615.27605
G1 F956.2 X37.155 Y65.399 E2615.38425
G1 F950.5 X37.16 Y61.943 E2615.49309
G1 F944.9 X37.165 Y58.487 E2615.60257
G1 F939.3 X37.17 Y55.031 E2615.71271
G1 F932 X37.175 Y51.575 E2615.8237
G1 F926.6 X37.179 Y48.119 E2615.93535
G1 F921.3 X37.184 Y44.663 E2616.04763
G1 F914.3 X37.189 Y41.207 E2616.16079
G1 F909.1 X37.194 Y37.751 E2616.27458
G1 F904 X37.199 Y34.295 E2616.38903
G1 F898.9 X37.204 Y30.839 E2616.50412
G1 F892.2 X37.209 Y27.383 E2616.62007
G1 F887.2 X37.214 Y23.927 E2616.73667
G1 F882.4 X37.219 Y20.471 E2616.85392
G1 F1014.8 X37.492 Y20.272 E2616.86388
G1 F1200 X38.304 Y20.272 E2616.88414
G1 X38.411 Y20.302 E2616.88691
G1 X38.449 Y20.372 E2616.8889
G1 X39.1 Y20.372 E2616.90514
G1 X39.1 Y13.744 E2617.07047
G1 X39.158 Y13.658 E2617.07306
G1 X39.265 Y13.603 E2617.07606
G1 X41.7 Y13.6 E2617.1368
G1 X41.7 Y11.1 E2617.19916
G1 X37.123 Y11.1 E2617.31334
G1 X36.838 Y11.201 E2617.32088
G1 X36.647 Y11.431 E2617.32834
G1 X36.6 Y11.576 E2617.33214
G1 X36.6 Y19.38 E2617.52681
G1 F1014.8 X36.673 Y20.471 E2617.55907
G1 F882.4 X36.671 Y23.927 E2617.67631
G1 F887.2 X36.67 Y27.383 E2617.79291
G1 F892.2 X36.668 Y30.839 E2617.90886
G1 F898.9 X36.666 Y34.295 E2618.02396
G1 F904 X36.665 Y37.751 E2618.1384
G1 F909.1 X36.663 Y41.207 E2618.2522
G1 F914.3 X36.661 Y44.663 E2618.36535
G1 F921.3 X36.66 Y48.119 E2618.47764
G1 F926.6 X36.658 Y51.575 E2618.58928
G1 F932 X36.657 Y55.031 E2618.70028
G1 F939.3 X36.655 Y58.487 E2618.81041
G1 F944.9 X36.653 Y61.943 E2618.9199
G1 F950.5 X36.652 Y65.399 E2619.02874
G1 F956.2 X36.65 Y68.855 E2619.13693
G1 F963.9 X36.648 Y72.311 E2619.24426
G1 F969.7 X36.647 Y75.767 E2619.35095
G1 F975.6 X36.645 Y79.223 E2619.45699
G1 X36.647 Y79.309 E2619.45963
G1 F1073.8 X36.6 Y79.943 E2619.47735
G1 F1200 X36.601 Y88.369 E2619.68753
G1 X36.706 Y88.67 E2619.69549
G1 X36.825 Y88.785 E2619.69961
G1 X37.085 Y88.896 E2619.70667
G1 X45.3 Y88.9 E2619.91159
G1 X45.3 Y86.4 E2619.97395
G1 X39.244 Y86.4 E2620.12502
G0 F7200 X39.158 Y86.342
G0 X39.114 Y86.257
G0 X38.39 Y86.257
G0 X38.452 Y87.308
;TYPE:SKIN
G1 F689.7 X38.42 Y87.364 E2620.12712
G1 X38.355 Y87.364 E2620.12924
G1 X38.322 Y87.308 E2620.13135
G1 X38.354 Y87.252 E2620.13345
G1 X38.419 Y87.252 E2620.13557
G1 X38.452 Y87.308 E2620.13768
G0 F7200 X39.25 Y87.225
G1 F725.8 X44.473 Y87.227 E2620.29924
G1 F728.7 X44.473 Y87.721 E2620.31446
G1 F725.8 X39.2 Y87.719 E2620.47756
G1 F793 X38.809 Y87.768 E2620.48872
G1 F891.1 X37.928 Y87.768 E2620.51092
G1 F904.5 X37.926 Y85.924 E2620.55669
G1 F909.1 X38.322 Y85.828 E2620.56675
G1 F904.5 X38.323 Y86.342 E2620.57951
G1 F900 X38.565 Y86.843 E2620.59339
G1 F878 X38.945 Y87.121 E2620.60542
G1 F784.3 X39.25 Y87.225 E2620.61465
G1 F1500 E2614.11465
G0 F7200 X36.944 Y79.663
G0 X37.058 Y20.037
G0 X38.374 Y12.825
G1 F1500 E2620.61465
G1 F913.7 X38.301 Y12.867 E2620.61672
G1 X38.3 Y12.783 E2620.61878
G1 X38.374 Y12.825 E2620.62087
G0 F7200 X38.606 Y13.106
G1 F900 X38.418 Y13.374 E2620.62904
G1 X38.324 Y13.76 E2620.63895
G1 F904.5 X38.322 Y14.16 E2620.64888
G1 F909.1 X37.926 Y14.118 E2620.65871
G1 F904.5 X37.929 Y12.429 E2620.70063
G1 X39.569 Y12.426 E2620.74134
G1 F909.1 X39.627 Y12.822 E2620.75122
G1 F904.5 X39.17 Y12.823 E2620.76257
G1 F900 X38.878 Y12.915 E2620.7702
G1 X38.606 Y13.106 E2620.77849
G0 F7200 X38.606 Y12.59
G1 F1500 E2614.27849
G0 F7200 X41.47 Y12.854
G0 X42.565 Y12.854
G0 X57.435 Y12.854
G0 X58.53 Y12.854
G0 X58.86 Y12.854
;TYPE:FILL
G1 F1500 E2620.77849
G1 F3000 X60.055 Y11.66 E2620.82063
G1 X60.125 Y11.59
G0 F7200 X60.124 Y11.81
G0 X62.571 Y11.81
G0 X62.572 Y11.66
G1 F3000 X62.836 Y11.925 E2620.82996
G0 F7200 X62.689 Y11.925
G0 X62.689 Y14.536
G0 X62.836 Y14.536
G1 F3000 X62.41 Y14.962 E2620.84499
G0 F7200 X62.41 Y17.155
G1 F3000 X62.836 Y17.582 E2620.86004
G1 F1500 E2614.36004
G0 F7200 X62.689 Y17.582
G0 X62.88 Y20.237
G0 X62.88 Y79.763
G0 X62.689 Y82.419
G0 X62.835 Y82.419
G1 F1500 E2620.86004
G1 F3000 X62.41 Y82.844 E2620.87503
G0 F7200 X62.41 Y85.037
G1 F3000 X62.836 Y85.463 E2620.89006
G0 F7200 X62.689 Y85.463
G0 X62.689 Y88.076
G0 X62.835 Y88.076
G1 F3000 X62.575 Y88.335 E2620.89921
G0 F7200 X62.575 Y88.189
G0 X60.052 Y88.189
G0 X60.052 Y88.336
G1 F3000 X59.625 Y87.91 E2620.91426
G0 F7200 X57.344 Y87.91
G1 F3000 X56.914 Y88.34 E2620.92943
G1 F1500 E2614.42943
G0 F7200 X56.914 Y88.189
G0 X61.138 Y86.638
G0 X62.88 Y79.763
G0 X62.88 Y20.237
G0 X61.61 Y13.561
G0 X61.251 Y13.561
;TYPE:WALL-INNER
G1 F1500 E2620.92943
G1 F2400 X61.3 Y13.8 E2620.93552
G1 X61.3 Y19.972 E2621.08948
G1 X62.3 Y19.972 E2621.11442
G1 X62.733 Y20.148 E2621.12608
G1 F2539.7 X63.018 Y20.672 E2621.14014
G1 X62.996 Y19.994 E2621.15613
G1 F2400 X62.996 Y11.678 E2621.36358
G1 X62.94 Y11.553 E2621.36699
G1 X62.822 Y11.5 E2621.37022
G1 X58.7 Y11.5 E2621.47304
G1 X58.7 Y13.2 E2621.51545
G1 X60.7 Y13.2 E2621.56534
G1 X61.124 Y13.375 E2621.57678
G1 X61.251 Y13.561 E2621.5824
G1 F1500 E2615.0824
G0 F7200 X61.61 Y13.561
G0 X63.018 Y20.672
G1 F1500 E2621.5824
G1 F2689.1 X63.017 Y40.256 E2622.01841
G1 F2666.7 X63.015 Y59.84 E2622.45808
G1 F2644.6 X63.014 Y79.424 E2622.90142
G0 F7200 X62.719 Y80.305
G0 X61.538 Y87.038
G0 X61.124 Y86.625
G1 F2400 X60.787 Y86.8 E2622.91089
G1 X55.1 Y86.8 E2623.05275
G1 X55.1 Y88.5 E2623.09516
G1 X62.901 Y88.496 E2623.28976
G1 X62.996 Y88.358 E2623.29394
G1 X62.996 Y80.002 E2623.50238
G1 F2513.1 X63.014 Y79.424 E2623.51615
G1 X62.733 Y79.848 E2623.52827
G1 F2400 X62.3 Y80.024 E2623.53993
G1 X61.3 Y80.024 E2623.56488
G1 X61.3 Y86.278 E2623.72088
G1 X61.251 Y86.439 E2623.72508
G1 X61.124 Y86.625 E2623.7307
G0 F7200 X60.898 Y86.235
;TYPE:WALL-OUTER
G1 F1200 X60.842 Y86.342 E2623.73371
G1 X60.735 Y86.397 E2623.73671
G1 X54.7 Y86.4 E2623.88726
G1 X54.7 Y88.9 E2623.94962
G1 X62.867 Y88.896 E2624.15335
G1 X63.186 Y88.778 E2624.16183
G1 X63.348 Y88.569 E2624.16843
G1 X63.396 Y88.42 E2624.17233
G1 X63.396 Y11.629 E2626.08789
G1 X63.344 Y11.422 E2626.09321
G1 X63.196 Y11.23 E2626.09926
G1 X62.908 Y11.1 E2626.10714
G1 X58.3 Y11.1 E2626.22209
G1 X58.3 Y13.6 E2626.28445
G1 X60.7 Y13.6 E2626.34432
G1 X60.842 Y13.658 E2626.34815
G1 X60.9 Y13.8 E2626.35197
G1 X60.9 Y20.372 E2626.51591
G1 X62.3 Y20.372 E2626.55084
G1 X62.538 Y20.497 E2626.55754
G1 X62.64 Y20.672 E2626.5626
G1 X62.638 Y79.359 E2628.02655
G1 X62.538 Y79.499 E2628.03084
G1 X62.3 Y79.624 E2628.03755
G1 X60.9 Y79.624 E2628.07247
G1 X60.898 Y86.235 E2628.23738
G0 F7200 X60.842 Y86.342
G0 X60.772 Y86.378
G0 X61.61 Y86.378
G0 X61.834 Y87.253
;TYPE:SKIN
G1 F576.9 X61.795 Y87.321 E2628.24043
G1 X61.717 Y87.321 E2628.24347
G1 X61.678 Y87.253 E2628.24652
G1 X61.717 Y87.185 E2628.24957
G1 X61.795 Y87.185 E2628.2526
G1 X61.834 Y87.253 E2628.25565
G0 F7200 X60.851 Y87.226
G1 F801.8 X61.394 Y86.894 E2628.27348
G1 F869.6 X61.621 Y86.573 E2628.28363
G1 F779.2 X61.726 Y86.347 E2628.29081
G1 F725.8 X61.727 Y80.451 E2628.47318
G1 F728.7 X62.221 Y80.451 E2628.4884
G1 F725.8 X62.22 Y86.39 E2628.6721
G1 F803.6 X62.268 Y86.829 E2628.68444
G1 F900 X62.268 Y87.768 E2628.70787
G1 X61.546 Y87.767 E2628.72588
G1 F801.8 X60.894 Y87.719 E2628.74418
G1 F725.8 X55.527 Y87.721 E2628.91019
G1 F728.7 X55.527 Y87.227 E2628.92541
G1 F725.8 X60.851 Y87.226 E2629.09009
G1 F1500 E2622.59009
G0 F7200 X62.88 Y79.763
G0 X62.88 Y20.237
G0 X61.872 Y12.891
G1 F1500 E2629.09009
G1 F689.7 X61.84 Y12.947 E2629.09219
G1 X61.775 Y12.947 E2629.09431
G1 X61.742 Y12.891 E2629.09643
G1 X61.774 Y12.835 E2629.09853
G1 X61.839 Y12.835 E2629.10064
G1 X61.872 Y12.891 E2629.10276
G0 F7200 X61.724 Y13.747
G1 F784.3 X61.617 Y13.44 E2629.11206
G1 F880.2 X61.418 Y13.135 E2629.12135
G1 F900 X61.328 Y13.063 E2629.12423
G1 F904.5 X60.771 Y12.836 E2629.13916
G1 F909.1 X60.232 Y12.822 E2629.15247
G1 X60.308 Y12.426 E2629.16243
G1 F904.5 X62.268 Y12.428 E2629.21108
G1 F891.1 X62.268 Y13.301 E2629.23307
G1 F793 X62.218 Y13.695 E2629.24432
G1 F724.3 X62.221 Y19.545 E2629.42563
G1 F728.7 X61.727 Y19.545 E2629.44085
G1 F724.3 X61.724 Y13.747 E2629.62056
G0 F7200 X61.91 Y13.747
G1 F1500 E2623.12056
;MESH:NONMESH
G0 F600 Z7.385
G0 F7200 X58.53 Y11.927
G0 X57.435 Y11.927
G0 X42.565 Y11.927
G0 X41.47 Y11.927
G0 X37.311 Y11.927
G0 X37.16 Y11.927
;TIME_ELAPSED:5791.678359
;LAYER:41
;TYPE:FILL
;MESH:luckfox_top.stl
G1 F1500 E2629.62056
G1 F3000 X37.428 Y11.659 E2629.63001
G0 F7200 X37.428 Y11.811
G0 X39.944 Y11.811
G0 X39.944 Y11.66
G1 F3000 X41.14 Y12.856 E2629.6722
G1 X41.21 Y12.926
G0 F7200 X40.99 Y12.926
G0 X38.462 Y12.962
G0 X38.39 Y15.913
G0 X38.54 Y15.913
G1 F3000 X37.16 Y14.532 E2629.7209
G1 X37.09 Y14.462
G0 F7200 X37.311 Y14.462
G0 X38.39 Y16.204
G0 X38.54 Y16.204
G1 F3000 X37.16 Y17.584 E2629.76959
G1 X37.09 Y17.654
G1 F1500 E2623.26959
G0 F7200 X37.311 Y17.654
G0 X36.998 Y20.037
G0 X36.895 Y79.663
G0 X37.311 Y82.415
G0 X37.16 Y82.415
G1 F1500 E2629.76959
G1 F3000 X38.54 Y83.795 E2629.81827
G0 F7200 X38.54 Y84.086
G1 F3000 X37.161 Y85.466 E2629.86694
G1 X37.091 Y85.536
G0 F7200 X37.311 Y85.536
G0 X37.311 Y88.072
G0 X37.16 Y88.072
G1 F3000 X37.424 Y88.336 E2629.87625
G0 F7200 X37.425 Y88.19
G0 X39.946 Y88.19
G0 X39.945 Y88.338
G1 F3000 X40.374 Y87.91 E2629.89137
G0 F7200 X42.656 Y87.91
G1 F3000 X43.084 Y88.339 E2629.90648
G1 F1500 E2623.40648
G0 F7200 X43.085 Y88.19
G0 X38.862 Y86.638
G0 X36.895 Y79.663
G0 X36.998 Y20.037
G0 X38.862 Y13.362
G0 X39.226 Y13.2
;TYPE:WALL-INNER
G1 F1500 E2629.90648
G1 F2400 X41.3 Y13.2 E2629.95822
G1 X41.3 Y11.5 E2630.00063
G1 X37.177 Y11.5 E2630.10347
G1 X37.057 Y11.553 E2630.10675
G1 X37 Y11.677 E2630.11015
G1 X37 Y20.303 E2630.32533
G1 X37.432 Y19.872 E2630.34055
G1 X38.364 Y19.872 E2630.3638
G1 X38.697 Y19.969 E2630.37245
G1 X38.7 Y13.8 E2630.52634
G1 X38.749 Y13.561 E2630.53242
G1 X38.875 Y13.375 E2630.53803
G1 X39.061 Y13.249 E2630.54363
G1 X39.226 Y13.2 E2630.54792
G1 F1500 E2624.04792
G0 F7200 X39.226 Y12.89
G0 X36.998 Y20.037
G0 X36.895 Y79.663
G0 X38.862 Y86.638
G0 X39.061 Y86.751
G1 F1500 E2630.54792
G1 F2400 X38.875 Y86.624 E2630.55354
G1 X38.7 Y86.287 E2630.56302
G1 X38.7 Y80.024 E2630.71925
G1 X37.7 Y80.024 E2630.74419
G1 X37.2 Y79.81 E2630.75776
G1 X37 Y79.6 E2630.76499
G1 X37 Y88.318 E2630.98246
G1 X37.054 Y88.441 E2630.98582
G1 X37.174 Y88.496 E2630.98911
G1 X44.9 Y88.5 E2631.18183
G1 X44.9 Y86.8 E2631.22424
G1 X39.3 Y86.8 E2631.36393
G1 X39.061 Y86.751 E2631.37002
G0 F7200 X39.244 Y86.4
;TYPE:WALL-OUTER
G1 F1200 X39.158 Y86.342 E2631.37261
G1 X39.103 Y86.235 E2631.37561
G1 X39.1 Y79.624 E2631.54052
G1 X37.7 Y79.624 E2631.57544
G1 X37.559 Y79.567 E2631.57924
G1 X37.5 Y79.424 E2631.5831
G1 X37.288 Y79.42 E2631.58838
G1 F1103.4 X37.1 Y79.265 E2631.59499
G1 F1025.6 X37.099 Y79.223 E2631.59622
G1 X37.104 Y75.306 E2631.71054
G1 F1019.1 X37.109 Y71.389 E2631.8256
G1 F1012.7 X37.114 Y67.472 E2631.94138
G1 F1004.2 X37.119 Y63.555 E2632.05814
G1 F997.9 X37.124 Y59.638 E2632.17564
G1 F991.7 X37.129 Y55.721 E2632.29387
G1 F983.6 X37.134 Y51.804 E2632.41308
G1 F977.6 X37.139 Y47.887 E2632.53302
G1 F971.7 X37.144 Y43.97 E2632.65369
G1 F963.9 X37.149 Y40.053 E2632.77534
G1 F958.1 X37.154 Y36.136 E2632.89772
G1 F952.4 X37.159 Y32.219 E2633.02083
G1 F944.9 X37.164 Y28.302 E2633.14492
G1 F939.3 X37.169 Y24.385 E2633.26975
G1 F933.9 X37.174 Y20.468 E2633.39531
G1 F1048 X37.432 Y20.272 E2633.40456
G1 F1200 X38.364 Y20.272 E2633.42781
G1 X38.475 Y20.305 E2633.4307
G1 X38.511 Y20.372 E2633.4326
G1 X39.1 Y20.372 E2633.44729
G1 X39.1 Y13.744 E2633.61262
G1 X39.158 Y13.658 E2633.61521
G1 X39.265 Y13.603 E2633.61821
G1 X41.7 Y13.6 E2633.67895
G1 X41.7 Y11.1 E2633.74132
G1 X37.129 Y11.1 E2633.85534
G1 X36.919 Y11.152 E2633.86074
G1 X36.734 Y11.299 E2633.86663
G1 X36.6 Y11.589 E2633.8746
G1 X36.6 Y19.44 E2634.07045
G1 F1048 X36.658 Y20.471 E2634.09994
G1 F933.9 X36.656 Y24.388 E2634.2255
G1 F939.3 X36.655 Y28.305 E2634.35032
G1 F944.9 X36.653 Y32.222 E2634.47441
G1 F952.4 X36.651 Y36.139 E2634.59753
G1 F958.1 X36.65 Y40.056 E2634.71991
G1 F963.9 X36.648 Y43.973 E2634.84156
G1 F971.7 X36.646 Y47.89 E2634.96223
G1 F977.6 X36.645 Y51.807 E2635.08217
G1 F983.6 X36.643 Y55.724 E2635.20138
G1 F991.7 X36.641 Y59.641 E2635.3196
G1 F997.9 X36.64 Y63.558 E2635.4371
G1 F1004.2 X36.638 Y67.475 E2635.55386
G1 F1012.7 X36.636 Y71.392 E2635.66965
G1 F1019.1 X36.635 Y75.309 E2635.7847
G1 F1025.6 X36.633 Y79.226 E2635.89902
G1 F1108.5 X36.601 Y79.97 E2635.91913
G1 F1200 X36.6 Y88.367 E2636.1286
G1 X36.652 Y88.578 E2636.13402
G1 X36.8 Y88.765 E2636.13997
G1 X37.088 Y88.896 E2636.14786
G1 X45.3 Y88.9 E2636.35271
G1 X45.3 Y86.4 E2636.41507
G1 X39.244 Y86.4 E2636.56614
G0 F7200 X39.158 Y86.342
G0 X39.114 Y86.257
G0 X38.39 Y86.257
G0 X38.452 Y87.308
;TYPE:SKIN
G1 F689.7 X38.42 Y87.364 E2636.56824
G1 X38.355 Y87.364 E2636.57035
G1 X38.322 Y87.308 E2636.57247
G1 X38.354 Y87.252 E2636.57457
G1 X38.419 Y87.252 E2636.57669
G1 X38.452 Y87.308 E2636.5788
G0 F7200 X39.25 Y87.225
G1 F725.8 X44.473 Y87.227 E2636.74036
G1 F728.7 X44.473 Y87.721 E2636.75558
G1 F725.8 X39.2 Y87.719 E2636.91868
G1 F793 X38.809 Y87.768 E2636.92984
G1 F891.1 X37.928 Y87.768 E2636.95204
G1 F904.5 X37.926 Y85.924 E2636.9978
G1 F909.1 X38.322 Y85.828 E2637.00787
G1 F904.5 X38.323 Y86.342 E2637.02063
G1 F900 X38.565 Y86.843 E2637.0345
G1 F878 X38.945 Y87.121 E2637.04654
G1 F784.3 X39.25 Y87.225 E2637.05577
G1 F1500 E2630.55577
G0 F7200 X36.895 Y79.663
G0 X36.998 Y20.037
G0 X38.374 Y12.825
G1 F1500 E2637.05577
G1 F913.7 X38.301 Y12.867 E2637.05784
G1 X38.3 Y12.783 E2637.0599
G1 X38.374 Y12.825 E2637.06199
G0 F7200 X38.606 Y13.106
G1 F900 X38.418 Y13.374 E2637.07016
G1 X38.324 Y13.76 E2637.08007
G1 F904.5 X38.322 Y14.16 E2637.09
G1 F909.1 X37.926 Y14.118 E2637.09983
G1 F904.5 X37.929 Y12.429 E2637.14175
G1 X39.569 Y12.426 E2637.18246
G1 F909.1 X39.627 Y12.822 E2637.19234
G1 F904.5 X39.17 Y12.823 E2637.20368
G1 F900 X38.878 Y12.915 E2637.21132
G1 X38.606 Y13.106 E2637.21961
G0 F7200 X38.606 Y12.59
G1 F1500 E2630.71961
G0 F7200 X41.47 Y12.854
G0 X42.565 Y12.854
G0 X57.435 Y12.854
G0 X58.53 Y12.854
G0 X58.86 Y12.854
;TYPE:FILL
G1 F1500 E2637.21961
G1 F3000 X60.055 Y11.66 E2637.26175
G1 X60.125 Y11.59
G0 F7200 X60.124 Y11.81
G0 X62.571 Y11.81
G0 X62.572 Y11.66
G1 F3000 X62.836 Y11.925 E2637.27108
G0 F7200 X62.689 Y11.925
G0 X62.689 Y14.536
G0 X62.836 Y14.536
G1 F3000 X62.41 Y14.962 E2637.28611
G0 F7200 X62.41 Y17.155
G1 F3000 X62.836 Y17.582 E2637.30116
G1 F1500 E2630.80116
G0 F7200 X62.689 Y17.582
G0 X62.951 Y20.237
G0 X62.951 Y79.763
G0 X62.689 Y82.418
G0 X62.836 Y82.418
G1 F1500 E2637.30116
G1 F3000 X62.41 Y82.844 E2637.31618
G0 F7200 X62.41 Y85.037
G1 F3000 X62.836 Y85.464 E2637.33123
G0 F7200 X62.689 Y85.464
G0 X62.689 Y88.074
G0 X62.836 Y88.074
G1 F3000 X62.574 Y88.337 E2637.34049
G0 F7200 X62.574 Y88.189
G0 X60.053 Y88.189
G0 X60.053 Y88.337
G1 F3000 X59.625 Y87.91 E2637.35557
G0 F7200 X57.344 Y87.91
G1 F3000 X56.914 Y88.34 E2637.37074
G1 F1500 E2630.87074
G0 F7200 X56.914 Y88.189
G0 X61.138 Y86.638
G0 X62.951 Y79.763
G0 X62.951 Y20.237
G0 X61.61 Y13.561
G0 X61.251 Y13.561
;TYPE:WALL-INNER
G1 F1500 E2637.37074
G1 F2400 X61.3 Y13.8 E2637.37683
G1 X61.3 Y19.972 E2637.53079
G1 X62.3 Y19.972 E2637.55573
G1 X62.69 Y20.099 E2637.56597
G1 X62.996 Y20.514 E2637.57883
G1 X62.996 Y11.677 E2637.79927
G1 X62.943 Y11.557 E2637.80254
G1 X62.819 Y11.5 E2637.80594
G1 X58.7 Y11.5 E2637.90869
G1 X58.7 Y13.2 E2637.9511
G1 X60.7 Y13.2 E2638.00099
G1 X61.124 Y13.375 E2638.01243
G1 X61.251 Y13.561 E2638.01805
G1 F1500 E2631.51805
G0 F7200 X61.61 Y13.561
G0 X62.951 Y20.237
G0 X62.951 Y79.763
G0 X61.124 Y87.11
G0 X61.124 Y86.625
G1 F1500 E2638.01805
G1 F2400 X60.787 Y86.8 E2638.02752
G1 X55.1 Y86.8 E2638.16939
G1 X55.1 Y88.5 E2638.21179
G1 X62.818 Y88.496 E2638.40432
G1 X62.941 Y88.442 E2638.40767
G1 X62.996 Y88.322 E2638.41096
G1 X62.996 Y79.549 E2638.62981
G1 X62.69 Y79.897 E2638.64136
G1 X62.3 Y80.024 E2638.6516
G1 X61.3 Y80.024 E2638.67654
G1 X61.3 Y86.278 E2638.83255
G1 X61.251 Y86.439 E2638.83675
G1 X61.124 Y86.625 E2638.84236
G0 F7200 X60.898 Y86.235
;TYPE:WALL-OUTER
G1 F1200 X60.842 Y86.342 E2638.84538
G1 X60.735 Y86.397 E2638.84838
G1 X54.7 Y86.4 E2638.99892
G1 X54.7 Y88.9 E2639.06128
G1 X62.867 Y88.896 E2639.26501
G1 X63.078 Y88.844 E2639.27043
G1 X63.265 Y88.696 E2639.27638
G1 X63.396 Y88.408 E2639.28427
G1 X63.396 Y80.123 E2639.49094
G1 F1014.8 X63.323 Y79.418 E2639.51185
G1 F880.7 X63.324 Y50.045 E2640.51017
G1 F884 X63.325 Y20.672 E2641.50483
G1 F1019.1 X63.396 Y19.873 E2641.52839
G1 F1200 X63.396 Y11.629 E2641.73404
G1 X63.344 Y11.419 E2641.73943
G1 X63.197 Y11.234 E2641.74533
G1 X62.907 Y11.1 E2641.7533
G1 X58.3 Y11.1 E2641.86822
G1 X58.3 Y13.6 E2641.93058
G1 X60.7 Y13.6 E2641.99045
G1 X60.842 Y13.658 E2641.99428
G1 X60.9 Y13.8 E2641.9981
G1 X60.9 Y20.372 E2642.16204
G1 X62.3 Y20.372 E2642.19697
G1 X62.41 Y20.404 E2642.19982
G1 X62.464 Y20.472 E2642.20199
G1 X62.572 Y20.481 E2642.20469
G1 F1019.1 X62.783 Y20.672 E2642.21305
G1 F884 X62.782 Y50.022 E2643.20693
G1 F880.7 X62.781 Y79.372 E2644.20447
G1 F1014.8 X62.572 Y79.515 E2644.21194
G1 F1200 X62.464 Y79.524 E2644.21464
G1 X62.41 Y79.592 E2644.21681
G1 X62.3 Y79.624 E2644.21967
G1 X60.9 Y79.624 E2644.25459
G1 X60.898 Y86.235 E2644.4195
G0 F7200 X60.842 Y86.342
G0 X60.772 Y86.378
G0 X61.61 Y86.378
G0 X61.834 Y87.253
;TYPE:SKIN
G1 F576.9 X61.795 Y87.321 E2644.42255
G1 X61.717 Y87.321 E2644.42559
G1 X61.678 Y87.253 E2644.42864
G1 X61.717 Y87.185 E2644.43169
G1 X61.795 Y87.185 E2644.43472
G1 X61.834 Y87.253 E2644.43777
G0 F7200 X60.851 Y87.226
G1 F801.8 X61.394 Y86.894 E2644.4556
G1 F869.6 X61.621 Y86.573 E2644.46575
G1 F779.2 X61.726 Y86.347 E2644.47293
G1 F725.8 X61.727 Y80.451 E2644.6553
G1 F728.7 X62.221 Y80.451 E2644.67052
G1 F725.8 X62.22 Y86.39 E2644.85422
G1 F803.6 X62.268 Y86.829 E2644.86656
G1 F900 X62.268 Y87.768 E2644.88999
G1 X61.546 Y87.767 E2644.908
G1 F801.8 X60.894 Y87.719 E2644.9263
G1 F725.8 X55.527 Y87.721 E2645.09231
G1 F728.7 X55.527 Y87.227 E2645.10753
G1 F725.8 X60.851 Y87.226 E2645.27221
G1 F1500 E2638.77221
G0 F7200 X62.951 Y79.763
G0 X62.951 Y20.237
G0 X61.872 Y12.891
G1 F1500 E2645.27221
G1 F689.7 X61.84 Y12.947 E2645.27431
G1 X61.775 Y12.947 E2645.27643
G1 X61.742 Y12.891 E2645.27855
G1 X61.774 Y12.835 E2645.28065
G1 X61.839 Y12.835 E2645.28276
G1 X61.872 Y12.891 E2645.28488
G0 F7200 X61.724 Y13.747
G1 F784.3 X61.617 Y13.44 E2645.29418
G1 F880.2 X61.418 Y13.135 E2645.30347
G1 F900 X61.328 Y13.063 E2645.30635
G1 F904.5 X60.771 Y12.836 E2645.32128
G1 F909.1 X60.232 Y12.822 E2645.33459
G1 X60.308 Y12.426 E2645.34455
G1 F904.5 X62.268 Y12.428 E2645.3932
G1 F891.1 X62.268 Y13.301 E2645.41519
G1 F793 X62.218 Y13.695 E2645.42644
G1 F724.3 X62.221 Y19.545 E2645.60775
G1 F728.7 X61.727 Y19.545 E2645.62297
G1 F724.3 X61.724 Y13.747 E2645.80268
G0 F7200 X61.91 Y13.747
G1 F1500 E2639.30268
;MESH:NONMESH
G0 F600 Z7.535
G0 F7200 X58.53 Y11.925
G0 X57.435 Y11.925
G0 X42.565 Y11.925
G0 X41.47 Y11.925
G0 X37.311 Y11.925
G0 X37.162 Y11.925
;TIME_ELAPSED:5834.292057
;LAYER:42
;TYPE:FILL
;MESH:luckfox_top.stl
G1 F1500 E2645.80268
G1 F3000 X37.428 Y11.659 E2645.81206
G0 F7200 X37.428 Y11.811
G0 X39.944 Y11.811
G0 X39.944 Y11.659
G1 F3000 X41.14 Y12.856 E2645.85427
G1 X41.21 Y12.926
G0 F7200 X40.99 Y12.926
G0 X38.462 Y12.962
G0 X38.39 Y15.913
G0 X38.54 Y15.913
G1 F3000 X37.161 Y14.533 E2645.90294
G1 X37.091 Y14.463
G0 F7200 X37.31 Y14.463
G0 X38.39 Y16.204
G0 X38.54 Y16.204
G1 F3000 X37.161 Y17.584 E2645.9516
G1 X37.091 Y17.654
G1 F1500 E2639.4516
G0 F7200 X37.31 Y17.654
G0 X36.992 Y20.037
G0 X36.888 Y79.663
G0 X37.311 Y82.415
G0 X37.16 Y82.415
G1 F1500 E2645.9516
G1 F3000 X38.54 Y83.795 E2646.00029
G0 F7200 X38.54 Y84.086
G1 F3000 X37.161 Y85.465 E2646.04893
G1 X37.091 Y85.535
G0 F7200 X37.311 Y85.535
G0 X37.311 Y88.073
G0 X37.161 Y88.073
G1 F3000 X37.424 Y88.335 E2646.05819
G0 F7200 X37.425 Y88.19
G0 X39.947 Y88.19
G0 X39.946 Y88.337
G1 F3000 X40.374 Y87.91 E2646.07328
G0 F7200 X42.656 Y87.91
G1 F3000 X43.084 Y88.339 E2646.08839
G1 F1500 E2639.58839
G0 F7200 X43.085 Y88.19
G0 X38.862 Y86.638
G0 X36.888 Y79.663
G0 X36.992 Y20.037
G0 X38.862 Y13.362
G0 X39.226 Y13.2
;TYPE:WALL-INNER
G1 F1500 E2646.08839
G1 F2400 X41.3 Y13.2 E2646.14013
G1 X41.3 Y11.5 E2646.18253
G1 X37.153 Y11.5 E2646.28598
G1 X37.062 Y11.535 E2646.28841
G1 X37 Y11.683 E2646.29242
G1 X37 Y20.299 E2646.50734
G1 X37.428 Y19.872 E2646.52242
G1 X38.372 Y19.872 E2646.54597
G1 X38.7 Y19.971 E2646.55452
G1 X38.7 Y13.8 E2646.70846
G1 X38.749 Y13.561 E2646.71454
G1 X38.875 Y13.375 E2646.72015
G1 X39.061 Y13.249 E2646.72575
G1 X39.226 Y13.2 E2646.73004
G1 F1500 E2640.23004
G0 F7200 X39.226 Y12.89
G0 X36.992 Y20.037
G0 X36.888 Y79.663
G0 X38.862 Y86.638
G0 X39.061 Y86.751
G1 F1500 E2646.73004
G1 F2400 X38.875 Y86.624 E2646.73566
G1 X38.7 Y86.287 E2646.74513
G1 X38.7 Y80.024 E2646.90137
G1 X37.7 Y80.024 E2646.92631
G1 X37.2 Y79.811 E2646.93987
G1 X36.999 Y79.603 E2646.94708
G1 X37 Y88.314 E2647.16438
G1 X37.069 Y88.46 E2647.16841
G1 X37.155 Y88.496 E2647.17073
G1 X44.9 Y88.5 E2647.36393
G1 X44.9 Y86.8 E2647.40634
G1 X39.3 Y86.8 E2647.54603
G1 X39.061 Y86.751 E2647.55212
G0 F7200 X39.244 Y86.4
;TYPE:WALL-OUTER
G1 F1200 X39.158 Y86.342 E2647.55471
G1 X39.103 Y86.235 E2647.55771
G1 X39.1 Y79.624 E2647.72262
G1 X37.7 Y79.624 E2647.75754
G1 X37.56 Y79.568 E2647.7613
G1 X37.5 Y79.424 E2647.7652
G1 X37.282 Y79.42 E2647.77063
G1 F1108.5 X37.094 Y79.264 E2647.77723
G1 F1034.5 X37.093 Y79.223 E2647.77842
G1 X37.098 Y75.551 E2647.88467
G1 F1027.8 X37.103 Y71.879 E2647.99161
G1 F1021.3 X37.108 Y68.207 E2648.09924
G1 F1014.8 X37.112 Y64.535 E2648.20756
G1 F1006.3 X37.117 Y60.863 E2648.31679
G1 F1000 X37.122 Y57.191 E2648.42671
G1 F993.8 X37.127 Y53.519 E2648.53731
G1 F987.7 X37.132 Y49.847 E2648.6486
G1 F979.6 X37.137 Y46.175 E2648.76081
G1 F973.6 X37.142 Y42.503 E2648.87371
G1 F967.7 X37.147 Y38.831 E2648.98729
G1 F961.9 X37.152 Y35.159 E2649.10156
G1 F954.3 X37.156 Y31.487 E2649.21674
G1 F948.6 X37.161 Y27.815 E2649.33261
G1 F943 X37.166 Y24.143 E2649.44917
G1 F937.5 X37.171 Y20.471 E2649.56642
G1 F1050.3 X37.428 Y20.272 E2649.57568
G1 F1200 X38.372 Y20.272 E2649.59923
G1 X38.483 Y20.305 E2649.60212
G1 X38.519 Y20.372 E2649.60402
G1 X39.1 Y20.372 E2649.61851
G1 X39.1 Y13.744 E2649.78385
G1 X39.158 Y13.658 E2649.78643
G1 X39.265 Y13.603 E2649.78944
G1 X41.7 Y13.6 E2649.85018
G1 X41.7 Y11.1 E2649.91254
G1 X37.078 Y11.1 E2650.02784
G1 X36.856 Y11.187 E2650.03378
G1 X36.657 Y11.409 E2650.04122
G1 X36.6 Y11.633 E2650.04699
G1 X36.6 Y19.444 E2650.24183
G1 F1050.3 X36.657 Y20.471 E2650.27115
G1 F937.5 X36.655 Y24.143 E2650.38839
G1 F943 X36.654 Y27.815 E2650.50495
G1 F948.6 X36.652 Y31.487 E2650.62082
G1 F954.3 X36.65 Y35.159 E2650.73601
G1 F961.9 X36.649 Y38.831 E2650.85028
G1 F967.7 X36.647 Y42.503 E2650.96386
G1 F973.6 X36.646 Y46.175 E2651.07676
G1 F979.6 X36.644 Y49.847 E2651.18896
G1 F987.7 X36.642 Y53.519 E2651.30026
G1 F993.8 X36.641 Y57.191 E2651.41086
G1 F1000 X36.639 Y60.863 E2651.52078
G1 F1006.3 X36.638 Y64.535 E2651.63001
G1 F1014.8 X36.636 Y68.207 E2651.73832
G1 F1021.3 X36.634 Y71.879 E2651.84595
G1 F1027.8 X36.633 Y75.551 E2651.95289
G1 F1034.5 X36.631 Y79.223 E2652.05915
G1 F1113.7 X36.6 Y79.974 E2652.07935
G1 F1200 X36.6 Y88.366 E2652.28869
G1 X36.656 Y88.578 E2652.29416
G1 X36.802 Y88.769 E2652.30016
G1 X37.116 Y88.896 E2652.30861
G1 X45.3 Y88.9 E2652.51276
G1 X45.3 Y86.4 E2652.57512
G1 X39.244 Y86.4 E2652.72619
G0 F7200 X39.158 Y86.342
G0 X39.114 Y86.257
G0 X38.39 Y86.257
G0 X38.452 Y87.308
;TYPE:SKIN
G1 F689.7 X38.42 Y87.364 E2652.72829
G1 X38.355 Y87.364 E2652.7304
G1 X38.322 Y87.308 E2652.73252
G1 X38.354 Y87.252 E2652.73462
G1 X38.419 Y87.252 E2652.73673
G1 X38.452 Y87.308 E2652.73885
G0 F7200 X39.25 Y87.225
G1 F725.8 X44.473 Y87.227 E2652.90041
G1 F728.7 X44.473 Y87.721 E2652.91563
G1 F725.8 X39.2 Y87.719 E2653.07873
G1 F793 X38.809 Y87.768 E2653.08989
G1 F891.1 X37.928 Y87.768 E2653.11208
G1 F904.5 X37.926 Y85.924 E2653.15785
G1 F909.1 X38.322 Y85.828 E2653.16792
G1 F904.5 X38.323 Y86.342 E2653.18067
G1 F900 X38.565 Y86.843 E2653.19455
G1 F878 X38.945 Y87.121 E2653.20659
G1 F784.3 X39.25 Y87.225 E2653.21582
G1 F1500 E2646.71582
G0 F7200 X36.888 Y79.663
G0 X36.992 Y20.037
G0 X38.374 Y12.825
G1 F1500 E2653.21582
G1 F913.7 X38.301 Y12.867 E2653.21788
G1 X38.3 Y12.783 E2653.21995
G1 X38.374 Y12.825 E2653.22204
G0 F7200 X38.606 Y13.106
G1 F900 X38.418 Y13.374 E2653.23021
G1 X38.324 Y13.76 E2653.24012
G1 F904.5 X38.322 Y14.16 E2653.25004
G1 F909.1 X37.926 Y14.118 E2653.25988
G1 F904.5 X37.929 Y12.429 E2653.3018
G1 X39.569 Y12.426 E2653.34251
G1 F909.1 X39.627 Y12.822 E2653.35239
G1 F904.5 X39.17 Y12.823 E2653.36373
G1 F900 X38.878 Y12.915 E2653.37137
G1 X38.606 Y13.106 E2653.37966
G0 F7200 X38.606 Y12.59
G1 F1500 E2646.87966
G0 F7200 X41.47 Y12.854
G0 X42.565 Y12.854
G0 X57.435 Y12.854
G0 X58.53 Y12.854
G0 X58.86 Y12.854
;TYPE:FILL
G1 F1500 E2653.37966
G1 F3000 X60.055 Y11.66 E2653.4218
G1 X60.125 Y11.59
G0 F7200 X60.124 Y11.81
G0 X62.571 Y11.81
G0 X62.572 Y11.66
G1 F3000 X62.836 Y11.925 E2653.43113
G0 F7200 X62.688 Y11.925
G0 X62.688 Y14.536
G0 X62.836 Y14.536
G1 F3000 X62.41 Y14.962 E2653.44616
G0 F7200 X62.41 Y17.155
G1 F3000 X62.836 Y17.582 E2653.4612
G1 F1500 E2646.9612
G0 F7200 X62.688 Y17.582
G0 X62.96 Y20.237
G0 X62.96 Y79.763
G0 X62.689 Y82.418
G0 X62.836 Y82.418
G1 F1500 E2653.4612
G1 F3000 X62.41 Y82.844 E2653.47623
G0 F7200 X62.41 Y85.037
G1 F3000 X62.836 Y85.464 E2653.49128
G0 F7200 X62.689 Y85.464
G0 X62.689 Y88.074
G0 X62.836 Y88.074
G1 F3000 X62.574 Y88.337 E2653.50054
G0 F7200 X62.574 Y88.189
G0 X60.053 Y88.189
G0 X60.053 Y88.337
G1 F3000 X59.625 Y87.91 E2653.51562
G0 F7200 X57.344 Y87.91
G1 F3000 X56.914 Y88.34 E2653.53079
G1 F1500 E2647.03079
G0 F7200 X56.914 Y88.189
G0 X61.138 Y86.638
G0 X62.96 Y79.763
G0 X62.96 Y20.237
G0 X61.61 Y13.561
G0 X61.251 Y13.561
;TYPE:WALL-INNER
G1 F1500 E2653.53079
G1 F2400 X61.3 Y13.8 E2653.53688
G1 X61.3 Y19.972 E2653.69084
G1 X62.3 Y19.972 E2653.71578
G1 X62.688 Y20.095 E2653.72594
G1 X62.996 Y20.506 E2653.73875
G1 X62.996 Y11.622 E2653.96036
G1 X62.841 Y11.501 E2653.96526
G1 X58.7 Y11.5 E2654.06856
G1 X58.7 Y13.2 E2654.11097
G1 X60.7 Y13.2 E2654.16086
G1 X61.124 Y13.375 E2654.1723
G1 X61.251 Y13.561 E2654.17792
G1 F1500 E2647.67792
G0 F7200 X61.61 Y13.561
G0 X62.96 Y20.237
G0 X62.96 Y79.763
G0 X61.124 Y87.11
G0 X61.124 Y86.625
G1 F1500 E2654.17792
G1 F2400 X60.787 Y86.8 E2654.18739
G1 X55.1 Y86.8 E2654.32925
G1 X55.1 Y88.5 E2654.37166
G1 X62.843 Y88.496 E2654.56481
G1 X62.937 Y88.459 E2654.56733
G1 X62.996 Y88.356 E2654.57029
G1 X62.996 Y79.556 E2654.78981
G1 X62.688 Y79.901 E2654.80135
G1 X62.3 Y80.024 E2654.8115
G1 X61.3 Y80.024 E2654.83644
G1 X61.3 Y86.278 E2654.99245
G1 X61.251 Y86.439 E2654.99665
G1 X61.124 Y86.625 E2655.00227
G0 F7200 X60.898 Y86.235
;TYPE:WALL-OUTER
G1 F1200 X60.842 Y86.342 E2655.00528
G1 X60.735 Y86.397 E2655.00828
G1 X54.7 Y86.4 E2655.15882
G1 X54.7 Y88.9 E2655.22119
G1 X62.918 Y88.896 E2655.42619
G1 X63.141 Y88.809 E2655.43216
G1 X63.342 Y88.583 E2655.4397
G1 X63.396 Y88.42 E2655.44399
G1 X63.396 Y80.132 E2655.65073
G1 F1019.1 X63.325 Y79.417 E2655.67184
G1 F887.2 X63.326 Y50.044 E2656.66283
G1 F890.5 X63.327 Y20.671 E2657.65016
G1 F1023.5 X63.396 Y19.864 E2657.67385
G1 F1200 X63.396 Y11.575 E2657.88062
G1 X63.348 Y11.423 E2657.88459
G1 X63.195 Y11.228 E2657.89078
G1 X62.88 Y11.101 E2657.89925
G1 X58.3 Y11.1 E2658.0135
G1 X58.3 Y13.6 E2658.07586
G1 X60.7 Y13.6 E2658.13573
G1 X60.842 Y13.658 E2658.13956
G1 X60.9 Y13.8 E2658.14338
G1 X60.9 Y20.372 E2658.30732
G1 X62.3 Y20.372 E2658.34224
G1 X62.409 Y20.403 E2658.34507
G1 X62.463 Y20.472 E2658.34726
G1 X62.576 Y20.479 E2658.35008
G1 F1023.5 X62.789 Y20.672 E2658.35849
G1 F890.5 X62.788 Y50.022 E2659.34504
G1 F887.2 X62.787 Y79.372 E2660.33526
G1 F1019.1 X62.576 Y79.517 E2660.34278
G1 F1200 X62.463 Y79.524 E2660.34561
G1 X62.409 Y79.593 E2660.34779
G1 X62.3 Y79.624 E2660.35062
G1 X60.9 Y79.624 E2660.38554
G1 X60.898 Y86.235 E2660.55045
G0 F7200 X60.842 Y86.342
G0 X60.772 Y86.378
G0 X61.61 Y86.378
G0 X61.834 Y87.253
;TYPE:SKIN
G1 F576.9 X61.795 Y87.321 E2660.5535
G1 X61.717 Y87.321 E2660.55654
G1 X61.678 Y87.253 E2660.55959
G1 X61.717 Y87.185 E2660.56264
G1 X61.795 Y87.185 E2660.56568
G1 X61.834 Y87.253 E2660.56873
G0 F7200 X60.851 Y87.226
G1 F801.8 X61.394 Y86.894 E2660.58655
G1 F869.6 X61.621 Y86.573 E2660.5967
G1 F779.2 X61.726 Y86.347 E2660.60388
G1 F725.8 X61.727 Y80.451 E2660.78625
G1 F728.7 X62.221 Y80.451 E2660.80147
G1 F725.8 X62.22 Y86.39 E2660.98518
G1 F803.6 X62.268 Y86.829 E2660.99751
G1 F900 X62.268 Y87.768 E2661.02094
G1 X61.546 Y87.767 E2661.03895
G1 F801.8 X60.894 Y87.719 E2661.05725
G1 F725.8 X55.527 Y87.721 E2661.22327
G1 F728.7 X55.527 Y87.227 E2661.23848
G1 F725.8 X60.851 Y87.226 E2661.40317
G1 F1500 E2654.90317
G0 F7200 X62.96 Y79.763
G0 X62.96 Y20.237
G0 X61.872 Y12.891
G1 F1500 E2661.40317
G1 F689.7 X61.84 Y12.947 E2661.40527
G1 X61.775 Y12.947 E2661.40738
G1 X61.742 Y12.891 E2661.4095
G1 X61.774 Y12.835 E2661.4116
G1 X61.839 Y12.835 E2661.41371
G1 X61.872 Y12.891 E2661.41583
G0 F7200 X61.724 Y13.747
G1 F784.3 X61.617 Y13.44 E2661.42514
G1 F880.2 X61.418 Y13.135 E2661.43442
G1 F900 X61.328 Y13.063 E2661.4373
G1 F904.5 X60.771 Y12.836 E2661.45223
G1 F909.1 X60.232 Y12.822 E2661.46554
G1 X60.308 Y12.426 E2661.4755
G1 F904.5 X62.268 Y12.428 E2661.52415
G1 F891.1 X62.268 Y13.301 E2661.54614
G1 F793 X62.218 Y13.695 E2661.55739
G1 F724.3 X62.221 Y19.545 E2661.73871
G1 F728.7 X61.727 Y19.545 E2661.75392
G1 F724.3 X61.724 Y13.747 E2661.93363
G0 F7200 X61.91 Y13.747
G1 F1500 E2655.43363
;MESH:NONMESH
G0 F600 Z7.685
G0 F7200 X58.53 Y11.927
G0 X57.435 Y11.927
G0 X42.565 Y11.927
G0 X41.47 Y11.927
G0 X37.31 Y11.927
G0 X37.16 Y11.927
;TIME_ELAPSED:5876.805742
;LAYER:43
;TYPE:FILL
;MESH:luckfox_top.stl
G1 F1500 E2661.93363
G1 F3000 X37.428 Y11.659 E2661.94308
G0 F7200 X37.428 Y11.811
G0 X39.944 Y11.811
G0 X39.944 Y11.66
G1 F3000 X41.14 Y12.856 E2661.98528
G1 X41.21 Y12.926
G0 F7200 X40.99 Y12.926
G0 X38.462 Y12.962
G0 X38.39 Y15.913
G0 X38.54 Y15.913
G1 F3000 X37.16 Y14.532 E2662.03398
G1 X37.09 Y14.462
G0 F7200 X37.31 Y14.462
G0 X38.39 Y16.204
G0 X38.54 Y16.204
G1 F3000 X37.16 Y17.584 E2662.08266
G1 X37.09 Y17.654
G1 F1500 E2655.58266
G0 F7200 X37.31 Y17.654
G0 X37.033 Y20.037
G0 X36.923 Y79.663
G0 X37.311 Y82.416
G0 X37.161 Y82.416
G1 F1500 E2662.08266
G1 F3000 X38.54 Y83.795 E2662.13131
G0 F7200 X38.54 Y84.086
G1 F3000 X37.161 Y85.465 E2662.17996
G1 X37.091 Y85.535
G0 F7200 X37.311 Y85.535
G0 X37.311 Y88.073
G0 X37.161 Y88.073
G1 F3000 X37.423 Y88.335 E2662.1892
G0 F7200 X37.424 Y88.189
G0 X39.948 Y88.189
G0 X39.947 Y88.337
G1 F3000 X40.374 Y87.91 E2662.20426
G0 F7200 X42.656 Y87.91
G1 F3000 X43.084 Y88.339 E2662.21938
G1 F1500 E2655.71938
G0 F7200 X43.085 Y88.19
G0 X38.862 Y86.638
G0 X36.923 Y79.663
G0 X37.033 Y20.037
G0 X38.862 Y13.362
G0 X39.226 Y13.2
;TYPE:WALL-INNER
G1 F1500 E2662.21938
G1 F2400 X41.3 Y13.2 E2662.27112
G1 X41.3 Y11.5 E2662.31352
G1 X37.152 Y11.5 E2662.41699
G1 X37.062 Y11.546 E2662.41952
G1 X37 Y11.68 E2662.4232
G1 X37 Y20.339 E2662.6392
G1 X37.468 Y19.872 E2662.65569
G1 X38.328 Y19.872 E2662.67714
G1 X38.7 Y19.972 E2662.68675
G1 X38.7 Y13.8 E2662.84071
G1 X38.749 Y13.561 E2662.8468
G1 X38.875 Y13.375 E2662.8524
G1 X39.061 Y13.249 E2662.85801
G1 X39.226 Y13.2 E2662.8623
G1 F1500 E2656.3623
G0 F7200 X39.226 Y12.89
G0 X37.033 Y20.037
G0 X36.923 Y79.663
G0 X38.862 Y86.638
G0 X39.061 Y86.751
G1 F1500 E2662.8623
G1 F2400 X38.875 Y86.624 E2662.86792
G1 X38.7 Y86.287 E2662.87739
G1 X38.7 Y80.024 E2663.03362
G1 X37.7 Y80.024 E2663.05857
G1 X37.2 Y79.803 E2663.0722
G1 X37 Y79.582 E2663.07964
G1 X37 Y88.397 E2663.29953
G1 X37.138 Y88.496 E2663.30377
G1 X44.9 Y88.5 E2663.49739
G1 X44.9 Y86.8 E2663.5398
G1 X39.3 Y86.8 E2663.67949
G1 X39.061 Y86.751 E2663.68558
G0 F7200 X39.244 Y86.4
;TYPE:WALL-OUTER
G1 F1200 X39.158 Y86.342 E2663.68816
G1 X39.103 Y86.235 E2663.69117
G1 X39.1 Y79.624 E2663.85608
G1 X37.7 Y79.624 E2663.891
G1 X37.557 Y79.565 E2663.89486
G1 X37.5 Y79.424 E2663.89865
G1 X37.306 Y79.417 E2663.9035
G1 F1086 X37.121 Y79.266 E2663.91008
G1 F995.9 X37.12 Y79.223 E2663.91137
G1 X37.125 Y75.551 E2664.02175
G1 F989.7 X37.13 Y71.879 E2664.13281
G1 F983.6 X37.135 Y68.207 E2664.24456
G1 F975.6 X37.14 Y64.535 E2664.35723
G1 F969.7 X37.145 Y60.863 E2664.47058
G1 F961.9 X37.15 Y57.191 E2664.58485
G1 F956.2 X37.155 Y53.519 E2664.69981
G1 F950.5 X37.16 Y49.847 E2664.81545
G1 F943 X37.166 Y46.175 E2664.93201
G1 F937.5 X37.171 Y42.503 E2665.04925
G1 F932 X37.176 Y38.831 E2665.16719
G1 F924.9 X37.181 Y35.159 E2665.28604
G1 F919.5 X37.186 Y31.487 E2665.40557
G1 F912.5 X37.191 Y27.815 E2665.52602
G1 F907.4 X37.196 Y24.143 E2665.64716
G1 F902.3 X37.201 Y20.471 E2665.76899
G1 F1027.8 X37.468 Y20.272 E2665.77869
G1 F1200 X38.328 Y20.272 E2665.80014
G1 X38.437 Y20.303 E2665.80297
G1 X38.474 Y20.372 E2665.80492
G1 X39.1 Y20.372 E2665.82053
G1 X39.1 Y13.744 E2665.98587
G1 X39.158 Y13.658 E2665.98846
G1 X39.265 Y13.603 E2665.99146
G1 X41.7 Y13.6 E2666.0522
G1 X41.7 Y11.1 E2666.11456
G1 X37.086 Y11.1 E2666.22966
G1 X36.892 Y11.166 E2666.23477
G1 X36.736 Y11.297 E2666.23985
G1 X36.6 Y11.592 E2666.24796
G1 X36.6 Y19.404 E2666.44283
G1 F1027.8 X36.667 Y20.471 E2666.47396
G1 F902.3 X36.665 Y24.143 E2666.59579
G1 F907.4 X36.664 Y27.815 E2666.71693
G1 F912.5 X36.662 Y31.487 E2666.83738
G1 F919.5 X36.66 Y35.159 E2666.95692
G1 F924.9 X36.659 Y38.831 E2667.07577
G1 F932 X36.657 Y42.503 E2667.1937
G1 F937.5 X36.655 Y46.175 E2667.31094
G1 F943 X36.654 Y49.847 E2667.4275
G1 F950.5 X36.652 Y53.519 E2667.54315
G1 F956.2 X36.65 Y57.191 E2667.6581
G1 F961.9 X36.648 Y60.863 E2667.77237
G1 F969.7 X36.647 Y64.535 E2667.88572
G1 F975.6 X36.645 Y68.207 E2667.99839
G1 F983.6 X36.643 Y71.879 E2668.11014
G1 F989.7 X36.642 Y75.551 E2668.2212
G1 F995.9 X36.64 Y79.223 E2668.33158
G1 X36.642 Y79.307 E2668.33411
G1 F1086 X36.601 Y79.955 E2668.352
G1 F1200 X36.6 Y88.367 E2668.56184
G1 X36.72 Y88.687 E2668.57037
G1 X36.95 Y88.854 E2668.57746
G1 X37.12 Y88.896 E2668.58182
G1 X45.3 Y88.9 E2668.78588
G1 X45.3 Y86.4 E2668.84824
G1 X39.244 Y86.4 E2668.99931
G0 F7200 X39.158 Y86.342
G0 X39.114 Y86.257
G0 X38.39 Y86.257
G0 X38.452 Y87.308
;TYPE:SKIN
G1 F689.7 X38.42 Y87.364 E2669.00141
G1 X38.355 Y87.364 E2669.00352
G1 X38.322 Y87.308 E2669.00564
G1 X38.354 Y87.252 E2669.00774
G1 X38.419 Y87.252 E2669.00985
G1 X38.452 Y87.308 E2669.01197
G0 F7200 X39.25 Y87.225
G1 F725.8 X44.473 Y87.227 E2669.17353
G1 F728.7 X44.473 Y87.721 E2669.18875
G1 F725.8 X39.2 Y87.719 E2669.35185
G1 F793 X38.809 Y87.768 E2669.36301
G1 F891.1 X37.928 Y87.768 E2669.3852
G1 F904.5 X37.926 Y85.924 E2669.43097
G1 F909.1 X38.322 Y85.828 E2669.44103
G1 F904.5 X38.323 Y86.342 E2669.45379
G1 F900 X38.565 Y86.843 E2669.46767
G1 F878 X38.945 Y87.121 E2669.47971
G1 F784.3 X39.25 Y87.225 E2669.48893
G1 F1500 E2662.98893
G0 F7200 X36.923 Y79.663
G0 X37.033 Y20.037
G0 X38.374 Y12.825
G1 F1500 E2669.48893
G1 F913.7 X38.301 Y12.867 E2669.491
G1 X38.3 Y12.783 E2669.49307
G1 X38.374 Y12.825 E2669.49516
G0 F7200 X38.606 Y13.106
G1 F900 X38.418 Y13.374 E2669.50332
G1 X38.324 Y13.76 E2669.51323
G1 F904.5 X38.322 Y14.16 E2669.52316
G1 F909.1 X37.926 Y14.118 E2669.533
G1 F904.5 X37.929 Y12.429 E2669.57492
G1 X39.569 Y12.426 E2669.61562
G1 F909.1 X39.627 Y12.822 E2669.62551
G1 F904.5 X39.17 Y12.823 E2669.63685
G1 F900 X38.878 Y12.915 E2669.64449
G1 X38.606 Y13.106 E2669.65278
G0 F7200 X38.606 Y12.59
G1 F1500 E2663.15278
G0 F7200 X41.47 Y12.854
G0 X42.565 Y12.854
G0 X57.435 Y12.854
G0 X58.53 Y12.854
G0 X58.86 Y12.854
;TYPE:FILL
G1 F1500 E2669.65278
G1 F3000 X60.055 Y11.66 E2669.69492
G1 X60.125 Y11.59
G0 F7200 X60.124 Y11.81
G0 X62.573 Y11.811
G0 X62.574 Y11.662
G1 F3000 X62.835 Y11.923 E2669.70413
G0 F7200 X62.687 Y11.923
G0 X62.687 Y14.537
G0 X62.835 Y14.537
G1 F3000 X62.41 Y14.962 E2669.71912
G0 F7200 X62.41 Y17.155
G1 F3000 X62.836 Y17.582 E2669.73416
G1 F1500 E2663.23416
G0 F7200 X62.687 Y17.582
G0 X62.913 Y20.237
G0 X62.913 Y79.763
G0 X62.69 Y82.414
G0 X62.84 Y82.414
G1 F1500 E2669.73416
G1 F3000 X62.41 Y82.844 E2669.74933
G0 F7200 X62.41 Y85.037
G1 F3000 X62.84 Y85.467 E2669.7645
G0 F7200 X62.69 Y85.467
G0 X62.69 Y88.071
G0 X62.84 Y88.071
G1 F3000 X62.575 Y88.336 E2669.77385
G0 F7200 X62.575 Y88.189
G0 X60.052 Y88.189
G0 X60.052 Y88.337
G1 F3000 X59.625 Y87.91 E2669.78892
G0 F7200 X57.344 Y87.91
G1 F3000 X56.914 Y88.34 E2669.80408
G1 F1500 E2663.30408
G0 F7200 X56.914 Y88.189
G0 X61.138 Y86.638
G0 X62.913 Y79.763
G0 X62.913 Y20.237
G0 X61.61 Y13.561
G0 X61.251 Y13.561
;TYPE:WALL-INNER
G1 F1500 E2669.80408
G1 F2400 X61.3 Y13.8 E2669.81017
G1 X61.3 Y19.972 E2669.96413
G1 X62.3 Y19.972 E2669.98908
G1 X62.708 Y20.12 E2669.9999
G1 X62.997 Y20.559 E2670.01301
G1 X62.996 Y11.661 E2670.23498
G1 X62.907 Y11.5 E2670.23956
G1 X58.7 Y11.5 E2670.34451
G1 X58.7 Y13.2 E2670.38692
G1 X60.7 Y13.2 E2670.43681
G1 X61.124 Y13.375 E2670.44825
G1 X61.251 Y13.561 E2670.45387
G1 F1500 E2663.95387
G0 F7200 X61.61 Y13.561
G0 X62.913 Y20.237
G0 X62.913 Y79.763
G0 X61.61 Y86.624
G0 X61.125 Y86.624
G1 F1500 E2670.45387
G1 F2400 X60.939 Y86.751 E2670.45948
G1 X60.774 Y86.8 E2670.46378
G1 X55.1 Y86.8 E2670.60532
G1 X55.1 Y88.5 E2670.64772
G1 X62.847 Y88.495 E2670.84097
G1 X62.939 Y88.448 E2670.84355
G1 X63 Y88.316 E2670.84718
G1 X63 Y79.508 E2671.06689
G1 X62.708 Y79.876 E2671.07861
G1 X62.3 Y80.024 E2671.08944
G1 X61.3 Y80.024 E2671.11438
G1 X61.3 Y86.289 E2671.27066
G1 X61.125 Y86.624 E2671.28009
G0 F7200 X60.898 Y86.235
;TYPE:WALL-OUTER
G1 F1200 X60.842 Y86.342 E2671.28311
G1 X60.735 Y86.397 E2671.28611
G1 X54.7 Y86.4 E2671.43665
G1 X54.7 Y88.9 E2671.49901
G1 X62.914 Y88.895 E2671.70391
G1 X63.104 Y88.83 E2671.70892
G1 X63.265 Y88.698 E2671.71411
G1 X63.4 Y88.404 E2671.72218
G1 X63.4 Y80.069 E2671.9301
G1 F991.7 X63.316 Y79.422 E2671.9498
G1 F846.6 X63.316 Y50.047 E2672.98849
G1 F851.1 X63.316 Y20.672 E2674.02168
G1 F995.9 X63.397 Y19.929 E2674.04415
G1 F1200 X63.396 Y11.578 E2674.25246
G1 X63.287 Y11.326 E2674.25931
G1 X63.168 Y11.205 E2674.26355
G1 X62.88 Y11.1 E2674.27119
G1 X58.3 Y11.1 E2674.38544
G1 X58.3 Y13.6 E2674.4478
G1 X60.7 Y13.6 E2674.50767
G1 X60.842 Y13.658 E2674.5115
G1 X60.9 Y13.8 E2674.51532
G1 X60.9 Y20.372 E2674.67926
G1 X62.3 Y20.372 E2674.71419
G1 X62.551 Y20.488 E2674.72108
G1 F995.9 X62.753 Y20.672 E2674.7293
G1 F851.1 X62.752 Y50.023 E2675.76165
G1 F846.6 X62.752 Y79.374 E2676.79949
G1 F991.7 X62.3 Y79.624 E2676.81508
G1 F1200 X60.9 Y79.624 E2676.85
G1 X60.898 Y86.235 E2677.01492
G0 F7200 X60.842 Y86.342
G0 X60.772 Y86.378
G0 X61.61 Y86.378
G0 X61.832 Y87.254
;TYPE:SKIN
G1 F573.2 X61.793 Y87.322 E2677.01799
G1 X61.715 Y87.322 E2677.02104
G1 X61.676 Y87.254 E2677.02411
G1 X61.715 Y87.186 E2677.02718
G1 X61.793 Y87.186 E2677.03024
G1 X61.832 Y87.254 E2677.03331
G0 F7200 X61.07 Y87.121
G1 F869.6 X61.394 Y86.891 E2677.04356
G1 F803.6 X61.726 Y86.355 E2677.06118
G1 F725.8 X61.727 Y80.451 E2677.2438
G1 F728.7 X62.221 Y80.451 E2677.25902
G1 F725.8 X62.22 Y86.398 E2677.44297
G1 F803.6 X62.268 Y87.047 E2677.46115
G1 F900 X62.268 Y87.768 E2677.47914
G1 X61.335 Y87.768 E2677.50241
G1 F801.8 X60.882 Y87.719 E2677.51517
G1 F725.8 X55.527 Y87.721 E2677.68081
G1 F728.7 X55.527 Y87.227 E2677.69603
G1 F725.8 X60.839 Y87.226 E2677.86034
G1 F777.5 X61.07 Y87.121 E2677.86767
G1 F1500 E2671.36767
G0 F7200 X62.913 Y79.763
G0 X62.913 Y20.237
G0 X61.872 Y12.888
G1 F1500 E2677.86767
G1 F689.7 X61.84 Y12.944 E2677.86977
G1 X61.775 Y12.944 E2677.87188
G1 X61.742 Y12.888 E2677.874
G1 X61.774 Y12.832 E2677.8761
G1 X61.839 Y12.832 E2677.87822
G1 X61.872 Y12.888 E2677.88033
G0 F7200 X61.724 Y13.747
G1 F782.6 X61.617 Y13.443 E2677.88958
G1 F878 X61.419 Y13.137 E2677.8989
G1 F900 X61.328 Y13.063 E2677.90182
G1 F904.5 X60.771 Y12.836 E2677.91675
G1 F909.1 X60.23 Y12.822 E2677.93012
G1 X60.31 Y12.426 E2677.94009
G1 F904.5 X62.268 Y12.428 E2677.98869
G1 F891.1 X62.268 Y13.304 E2678.01076
G1 F793 X62.218 Y13.694 E2678.02189
G1 F724.3 X62.221 Y19.545 E2678.20324
G1 F728.7 X61.727 Y19.545 E2678.21846
G1 F724.3 X61.724 Y13.747 E2678.39816
G0 F7200 X61.91 Y13.747
G1 F1500 E2671.89816
;MESH:NONMESH
G0 F600 Z7.835
G0 F7200 X58.53 Y11.923
G0 X57.435 Y11.923
G0 X42.565 Y11.923
G0 X41.47 Y11.923
G0 X37.31 Y11.923
G0 X37.165 Y11.923
;TIME_ELAPSED:5919.963278
;LAYER:44
;TYPE:FILL
;MESH:luckfox_top.stl
G1 F1500 E2678.39816
G1 F3000 X37.428 Y11.659 E2678.40746
G0 F7200 X37.428 Y11.811
G0 X39.944 Y11.811
G0 X39.944 Y11.659
G1 F3000 X41.14 Y12.856 E2678.44967
G1 X41.21 Y12.926
G0 F7200 X40.99 Y12.926
G0 X38.462 Y12.962
G0 X38.39 Y15.913
G0 X38.54 Y15.913
G1 F3000 X37.163 Y14.535 E2678.49827
G1 X37.093 Y14.465
G0 F7200 X37.31 Y14.465
G0 X38.39 Y16.204
G0 X38.54 Y16.204
G1 F3000 X37.162 Y17.582 E2678.54688
G1 X37.092 Y17.652
G1 F1500 E2672.04688
G0 F7200 X37.31 Y17.652
G0 X37.143 Y20.037
G0 X37.006 Y79.663
G0 X37.311 Y82.415
G0 X37.16 Y82.415
G1 F1500 E2678.54688
G1 F3000 X38.54 Y83.795 E2678.59556
G0 F7200 X38.54 Y84.086
G1 F3000 X37.161 Y85.465 E2678.64421
G1 X37.091 Y85.535
G0 F7200 X37.311 Y85.535
G0 X37.311 Y88.072
G0 X37.161 Y88.072
G1 F3000 X37.423 Y88.335 E2678.65347
G0 F7200 X37.424 Y88.189
G0 X39.948 Y88.189
G0 X39.947 Y88.337
G1 F3000 X40.374 Y87.91 E2678.66853
G0 F7200 X42.656 Y87.91
G1 F3000 X43.084 Y88.339 E2678.68365
G1 F1500 E2672.18365
G0 F7200 X43.085 Y88.19
G0 X38.862 Y86.638
G0 X37.006 Y79.663
G0 X37.143 Y20.037
G0 X38.862 Y13.362
G0 X39.226 Y13.2
;TYPE:WALL-INNER
G1 F1500 E2678.68365
G1 F2400 X41.3 Y13.2 E2678.73539
G1 X41.3 Y11.5 E2678.77779
G1 X37.128 Y11.5 E2678.88186
G1 X37.04 Y11.573 E2678.88472
G1 X37 Y11.673 E2678.8874
G1 X37 Y19.292 E2679.07746
G1 F2461.5 X36.99 Y20.471 E2679.10613
G1 X37.58 Y19.872 E2679.12658
G1 F2400 X38.22 Y19.872 E2679.14255
G1 X38.536 Y19.972 E2679.15082
G1 X38.7 Y19.972 E2679.15491
G1 X38.7 Y13.8 E2679.30887
G1 X38.749 Y13.561 E2679.31495
G1 X38.875 Y13.375 E2679.32056
G1 X39.061 Y13.249 E2679.32616
G1 X39.226 Y13.2 E2679.33046
G0 F7200 X39.226 Y12.89
G0 X37.28 Y19.595
G0 X36.99 Y20.471
G1 F2560 X36.985 Y24.706 E2679.4295
G1 F2637.4 X36.98 Y28.941 E2679.52563
G1 F2711.9 X36.976 Y33.176 E2679.61912
G1 F2798.8 X36.971 Y37.411 E2679.70971
G1 F1500 E2673.20971
G0 F7200 X37.006 Y79.663
G0 X38.862 Y86.638
G0 X39.061 Y86.751
G1 F1500 E2679.70971
G1 F2400 X38.875 Y86.624 E2679.71533
G1 X38.7 Y86.287 E2679.7248
G1 X38.7 Y80.024 E2679.88103
G1 X37.7 Y80.024 E2679.90598
G1 X37.204 Y79.788 E2679.91968
G1 X36.999 Y79.518 E2679.92814
G1 X37 Y88.319 E2680.14768
G1 X37.093 Y88.496 E2680.15267
G1 X44.9 Y88.5 E2680.34741
G1 X44.9 Y86.8 E2680.38982
G1 X39.3 Y86.8 E2680.52951
G1 X39.061 Y86.751 E2680.5356
G0 F7200 X39.244 Y86.4
;TYPE:WALL-OUTER
G1 F1200 X39.158 Y86.342 E2680.53819
G1 X39.103 Y86.235 E2680.54119
G1 X39.1 Y79.624 E2680.7061
G1 X37.7 Y79.624 E2680.74102
G1 X37.545 Y79.551 E2680.7453
G1 X37.5 Y79.424 E2680.74866
G1 X37.38 Y79.414 E2680.75166
G1 F1034.5 X37.184 Y79.269 E2680.75872
G1 F907.4 X37.192 Y74.663 E2680.91067
G1 F898.9 X37.2 Y70.057 E2681.06406
G1 F890.5 X37.208 Y65.451 E2681.21888
G1 F884 X37.216 Y60.845 E2681.37485
G1 F875.9 X37.223 Y56.239 E2681.53226
G1 F868 X37.231 Y51.633 E2681.69111
G1 F861.8 X37.239 Y47.027 E2681.8511
G1 F854.1 X37.247 Y42.421 E2682.01253
G1 F846.6 X37.255 Y37.815 E2682.1754
G1 F991.7 X37.34 Y37.412 E2682.18783
G1 F1200 X37.38 Y20.471 E2682.61043
G1 X37.58 Y20.272 E2682.61747
G1 X38.308 Y20.272 E2682.63563
G1 X38.364 Y20.372 E2682.63849
G1 X39.1 Y20.372 E2682.65685
G1 X39.1 Y13.744 E2682.82218
G1 X39.158 Y13.658 E2682.82477
G1 X39.265 Y13.603 E2682.82777
G1 X41.7 Y13.6 E2682.88851
G1 X41.7 Y11.1 E2682.95087
G1 X37.129 Y11.1 E2683.0649
G1 X36.921 Y11.152 E2683.07025
G1 X36.707 Y11.33 E2683.07719
G1 X36.6 Y11.595 E2683.08432
G1 X36.601 Y37.411 E2683.7283
G1 F991.7 X36.685 Y37.811 E2683.74064
G1 F846.6 X36.683 Y42.422 E2683.90368
G1 F854.1 X36.68 Y47.033 E2684.06529
G1 F861.8 X36.678 Y51.644 E2684.22546
G1 F868 X36.675 Y56.255 E2684.38447
G1 F875.9 X36.673 Y60.866 E2684.54205
G1 F884 X36.67 Y65.477 E2684.6982
G1 F890.5 X36.668 Y70.088 E2684.85319
G1 F898.9 X36.665 Y74.699 E2685.00674
G1 F907.4 X36.663 Y79.31 E2685.15886
G1 F1034.5 X36.6 Y79.887 E2685.17565
G1 F1200 X36.6 Y88.367 E2685.38719
G1 X36.652 Y88.577 E2685.39258
G1 X36.905 Y88.839 E2685.40167
G1 X37.115 Y88.896 E2685.4071
G1 X45.3 Y88.9 E2685.61127
G1 X45.3 Y86.4 E2685.67364
G1 X39.244 Y86.4 E2685.8247
G0 F7200 X39.158 Y86.342
G0 X39.114 Y86.257
G0 X38.39 Y86.257
G0 X38.452 Y87.308
;TYPE:SKIN
G1 F689.7 X38.42 Y87.364 E2685.8268
G1 X38.355 Y87.364 E2685.82892
G1 X38.322 Y87.308 E2685.83104
G1 X38.354 Y87.252 E2685.83314
G1 X38.419 Y87.252 E2685.83525
G1 X38.452 Y87.308 E2685.83737
G0 F7200 X39.25 Y87.225
G1 F725.8 X44.473 Y87.227 E2685.99892
G1 F728.7 X44.473 Y87.721 E2686.01414
G1 F725.8 X39.2 Y87.719 E2686.17725
G1 F793 X38.809 Y87.768 E2686.1884
G1 F891.1 X37.928 Y87.768 E2686.2106
G1 F904.5 X37.926 Y85.924 E2686.25637
G1 F909.1 X38.322 Y85.828 E2686.26643
G1 F904.5 X38.323 Y86.342 E2686.27919
G1 F900 X38.565 Y86.843 E2686.29307
G1 F878 X38.945 Y87.121 E2686.30511
G1 F784.3 X39.25 Y87.225 E2686.31433
G1 F1500 E2679.81433
G0 F7200 X37.006 Y79.663
G0 X37.143 Y20.037
G0 X38.374 Y12.825
G1 F1500 E2686.31433
G1 F913.7 X38.301 Y12.867 E2686.3164
G1 X38.3 Y12.783 E2686.31847
G1 X38.374 Y12.825 E2686.32056
G0 F7200 X38.606 Y13.106
G1 F900 X38.418 Y13.374 E2686.32872
G1 X38.324 Y13.76 E2686.33863
G1 F904.5 X38.322 Y14.16 E2686.34856
G1 F909.1 X37.926 Y14.118 E2686.35839
G1 F904.5 X37.929 Y12.429 E2686.40032
G1 X39.569 Y12.426 E2686.44102
G1 F909.1 X39.627 Y12.822 E2686.45091
G1 F904.5 X39.17 Y12.823 E2686.46225
G1 F900 X38.878 Y12.915 E2686.46989
G1 X38.606 Y13.106 E2686.47818
G0 F7200 X38.606 Y12.59
G1 F1500 E2679.97818
G0 F7200 X41.47 Y12.854
G0 X42.565 Y12.854
G0 X57.435 Y12.854
G0 X58.53 Y12.854
G0 X58.86 Y12.854
;TYPE:FILL
G1 F1500 E2686.47818
G1 F3000 X60.055 Y11.659 E2686.52033
G1 X60.125 Y11.589
G0 F7200 X60.124 Y11.81
G0 X62.571 Y11.811
G0 X62.572 Y11.66
G1 F3000 X62.837 Y11.925 E2686.52968
G0 F7200 X62.689 Y11.925
G0 X62.689 Y14.535
G0 X62.837 Y14.535
G1 F3000 X62.41 Y14.962 E2686.54475
G0 F7200 X62.41 Y17.155
G1 F3000 X62.837 Y17.582 E2686.55981
G1 F1500 E2680.05981
G0 F7200 X62.689 Y17.582
G0 X62.777 Y20.237
G0 X62.778 Y79.763
G0 X62.69 Y82.416
G0 X62.838 Y82.416
G1 F1500 E2686.55981
G1 F3000 X62.41 Y82.844 E2686.57491
G0 F7200 X62.41 Y85.037
G1 F3000 X62.837 Y85.464 E2686.58997
G0 F7200 X62.69 Y85.464
G0 X62.69 Y88.076
G0 X62.835 Y88.076
G1 F3000 X62.574 Y88.337 E2686.59918
G0 F7200 X62.574 Y88.189
G0 X60.053 Y88.189
G0 X60.053 Y88.337
G1 F3000 X59.625 Y87.91 E2686.61426
G0 F7200 X57.344 Y87.91
G1 F3000 X56.914 Y88.34 E2686.62943
G1 F1500 E2680.12943
G0 F7200 X56.914 Y88.189
G0 X61.138 Y86.638
G0 X62.778 Y79.763
G0 X62.777 Y20.237
G0 X61.61 Y13.561
G0 X61.251 Y13.561
;TYPE:WALL-INNER
G1 F1500 E2686.62943
G1 F2400 X61.3 Y13.8 E2686.63552
G1 X61.3 Y19.972 E2686.78948
G1 X62.3 Y19.972 E2686.81442
G1 F2341.5 X62.888 Y20.412 E2686.8332
G1 F2181.8 X62.966 Y20.672 E2686.84065
G1 X62.988 Y20.399 E2686.84816
G1 F2341.5 X62.997 Y19.276 E2686.87688
G1 F2400 X62.996 Y11.623 E2687.06778
G1 X62.897 Y11.5 E2687.07172
G1 X58.7 Y11.5 E2687.17642
G1 X58.7 Y13.2 E2687.21882
G1 X60.7 Y13.2 E2687.26871
G1 X61.124 Y13.375 E2687.28016
G1 X61.251 Y13.561 E2687.28577
G1 F1500 E2680.78577
G0 F7200 X61.61 Y13.561
G0 X62.966 Y20.672
G1 F1500 E2687.28577
G1 F2069 X62.966 Y50.053 E2688.13595
G1 F2060.1 X62.966 Y79.434 E2688.98979
G0 F7200 X62.72 Y80.305
G0 X61.61 Y86.624
G0 X61.125 Y86.624
G1 F2400 X60.939 Y86.751 E2688.99541
G1 X60.774 Y86.8 E2688.99971
G1 X55.1 Y86.8 E2689.14124
G1 X55.1 Y88.5 E2689.18365
G1 X62.869 Y88.496 E2689.37745
G1 X63 Y88.323 E2689.38286
G1 X63 Y80.724 E2689.57242
G1 F2296.7 X62.983 Y79.62 E2689.6012
G1 F2123.9 X62.966 Y79.433 E2689.6065
G1 X62.89 Y79.606 E2689.61182
G1 F2296.7 X62.3 Y80.024 E2689.63067
G1 F2400 X61.3 Y80.024 E2689.65562
G1 X61.3 Y86.289 E2689.8119
G1 X61.125 Y86.624 E2689.82132
G0 F7200 X60.898 Y86.235
;TYPE:WALL-OUTER
G1 F1200 X60.842 Y86.342 E2689.82434
G1 X60.735 Y86.397 E2689.82734
G1 X54.7 Y86.4 E2689.97788
G1 X54.7 Y88.9 E2690.04024
G1 X62.867 Y88.896 E2690.24397
G1 X63.075 Y88.844 E2690.24932
G1 X63.29 Y88.665 E2690.2563
G1 X63.4 Y88.403 E2690.26339
G1 X63.396 Y11.579 E2692.17977
G1 X63.348 Y11.423 E2692.18384
G1 X63.091 Y11.157 E2692.19307
G1 X62.885 Y11.1 E2692.1984
G1 X58.3 Y11.1 E2692.31277
G1 X58.3 Y13.6 E2692.37513
G1 X60.7 Y13.6 E2692.435
G1 X60.842 Y13.658 E2692.43883
G1 X60.9 Y13.8 E2692.44266
G1 X60.9 Y20.372 E2692.60659
G1 X62.3 Y20.372 E2692.64152
G1 X62.494 Y20.519 E2692.64759
G1 X62.536 Y20.672 E2692.65155
G1 X62.538 Y79.359 E2694.1155
G1 X62.491 Y79.483 E2694.11881
G1 X62.3 Y79.624 E2694.12473
G1 X60.9 Y79.624 E2694.15965
G1 X60.898 Y86.235 E2694.32457
G0 F7200 X60.842 Y86.342
G0 X60.772 Y86.378
G0 X61.61 Y86.378
G0 X61.832 Y87.254
;TYPE:SKIN
G1 F573.2 X61.793 Y87.322 E2694.32764
G1 X61.715 Y87.322 E2694.33069
G1 X61.676 Y87.254 E2694.33376
G1 X61.715 Y87.186 E2694.33683
G1 X61.793 Y87.186 E2694.33989
G1 X61.832 Y87.254 E2694.34296
G0 F7200 X61.07 Y87.121
G1 F869.6 X61.394 Y86.891 E2694.35321
G1 F803.6 X61.726 Y86.355 E2694.37083
G1 F725.8 X61.727 Y80.451 E2694.55345
G1 F728.7 X62.221 Y80.451 E2694.56867
G1 F725.8 X62.22 Y86.398 E2694.75262
G1 F803.6 X62.268 Y87.047 E2694.7708
G1 F900 X62.268 Y87.768 E2694.78879
G1 X61.335 Y87.768 E2694.81206
G1 F801.8 X60.882 Y87.719 E2694.82482
G1 F725.8 X55.527 Y87.721 E2694.99046
G1 F728.7 X55.527 Y87.227 E2695.00568
G1 F725.8 X60.839 Y87.226 E2695.16999
G1 F777.5 X61.07 Y87.121 E2695.17732
G1 F1500 E2688.67732
G0 F7200 X62.778 Y79.763
G0 X62.777 Y20.237
G0 X61.872 Y12.888
G1 F1500 E2695.17732
G1 F689.7 X61.84 Y12.944 E2695.17942
G1 X61.775 Y12.944 E2695.18153
G1 X61.742 Y12.888 E2695.18365
G1 X61.774 Y12.832 E2695.18575
G1 X61.839 Y12.832 E2695.18786
G1 X61.872 Y12.888 E2695.18998
G0 F7200 X61.724 Y13.747
G1 F782.6 X61.617 Y13.443 E2695.19923
G1 F878 X61.419 Y13.137 E2695.20854
G1 F900 X61.328 Y13.063 E2695.21147
G1 F904.5 X60.771 Y12.836 E2695.2264
G1 F909.1 X60.23 Y12.822 E2695.23976
G1 X60.31 Y12.426 E2695.24974
G1 F904.5 X62.268 Y12.428 E2695.29834
G1 F891.1 X62.268 Y13.304 E2695.32041
G1 F793 X62.218 Y13.694 E2695.33154
G1 F724.3 X62.221 Y19.545 E2695.51289
G1 F728.7 X61.727 Y19.545 E2695.52811
G1 F724.3 X61.724 Y13.747 E2695.70781
G0 F7200 X61.91 Y13.747
G1 F1500 E2689.20781
;MESH:NONMESH
G0 F600 Z7.985
G0 F7200 X58.53 Y11.927
G0 X57.435 Y11.927
G0 X42.565 Y11.927
G0 X41.47 Y11.927
G0 X37.31 Y11.927
G0 X37.16 Y11.927
;TIME_ELAPSED:5962.117166
;LAYER:45
;TYPE:FILL
;MESH:luckfox_top.stl
G1 F1500 E2695.70781
G1 F3000 X37.428 Y11.659 E2695.71727
G0 F7200 X37.428 Y11.811
G0 X39.944 Y11.811
G0 X39.944 Y11.66
G1 F3000 X41.14 Y12.856 E2695.75946
G1 X41.21 Y12.926
G0 F7200 X40.99 Y12.926
G0 X38.462 Y12.962
G0 X38.39 Y15.913
G0 X38.54 Y15.913
G1 F3000 X37.16 Y14.532 E2695.80816
G1 X37.09 Y14.462
G0 F7200 X37.313 Y14.462
G0 X38.39 Y16.204
G0 X38.54 Y16.204
G1 F3000 X37.16 Y17.584 E2695.85684
G1 X37.09 Y17.654
G1 F1500 E2689.35684
G0 F7200 X37.313 Y17.654
G0 X37.262 Y20.137
G0 X37.177 Y79.663
G0 X37.311 Y82.415
G0 X37.16 Y82.415
G1 F1500 E2695.85684
G1 F3000 X38.54 Y83.795 E2695.90553
G0 F7200 X38.54 Y84.086
G1 F3000 X37.161 Y85.465 E2695.95418
G1 X37.091 Y85.535
G0 F7200 X37.311 Y85.535
G0 X37.311 Y88.072
G0 X37.161 Y88.072
G1 F3000 X37.423 Y88.335 E2695.96344
G0 F7200 X37.424 Y88.19
G0 X39.948 Y88.19
G0 X39.947 Y88.337
G1 F3000 X40.374 Y87.91 E2695.9785
G0 F7200 X42.656 Y87.91
G1 F3000 X43.084 Y88.339 E2695.99362
G1 F1500 E2689.49362
G0 F7200 X43.085 Y88.19
G0 X38.862 Y86.638
G0 X37.177 Y79.663
G0 X37.262 Y20.137
G0 X38.862 Y13.362
G0 X39.226 Y13.2
;TYPE:WALL-INNER
G1 F1500 E2695.99362
G1 F2400 X41.3 Y13.2 E2696.04535
G1 X41.3 Y11.5 E2696.08776
G1 X37.178 Y11.5 E2696.19058
G1 X37.044 Y11.569 E2696.19434
G1 X37 Y11.684 E2696.19741
G1 X37 Y19.921 E2696.40289
G1 F2133.3 X37.05 Y20.571 E2696.42118
G1 X37.34 Y20.091 E2696.43692
G1 F2400 X37.7 Y19.972 E2696.44638
G1 X38.7 Y19.972 E2696.47132
G1 X38.7 Y13.8 E2696.62528
G1 X38.749 Y13.561 E2696.63137
G1 X38.875 Y13.375 E2696.63697
G1 X39.061 Y13.249 E2696.64258
G1 X39.226 Y13.2 E2696.64687
G0 F7200 X39.226 Y12.89
G0 X37.283 Y19.695
G0 X37.05 Y20.571
G1 F1927.7 X37.048 Y22.917 E2696.71973
G1 F1939.4 X37.047 Y25.263 E2696.79215
G1 F1951.2 X37.045 Y27.609 E2696.86413
G1 F1967.2 X37.043 Y29.955 E2696.93553
G1 F1979.4 X37.042 Y32.301 E2697.00648
G1 F1991.7 X37.04 Y34.647 E2697.077
G1 F2008.4 X37.038 Y36.993 E2697.14694
G1 F2021.1 X37.037 Y39.339 E2697.21643
G1 F2038.2 X37.035 Y41.685 E2697.28534
G1 F2051.3 X37.033 Y44.031 E2697.35381
G1 F2064.5 X37.032 Y46.377 E2697.42184
G1 F2082.4 X37.03 Y48.723 E2697.48928
G1 F2096.1 X37.028 Y51.069 E2697.55629
G1 F2109.9 X37.026 Y53.415 E2697.62286
G1 F2128.6 X37.025 Y55.761 E2697.68884
G1 F2142.9 X37.023 Y58.107 E2697.75439
G1 F2157.3 X37.021 Y60.453 E2697.81949
G1 F2176.9 X37.02 Y62.799 E2697.88401
G1 F2191.8 X37.018 Y65.145 E2697.94809
G1 F2212 X37.016 Y67.491 E2698.01159
G1 F2227.4 X37.015 Y69.837 E2698.07464
G1 F2243 X37.013 Y72.183 E2698.13726
G1 F2264.2 X37.011 Y74.529 E2698.19929
G1 F2280.3 X37.01 Y76.875 E2698.26089
G1 F2296.7 X37.008 Y79.221 E2698.32204
G1 F2280.3 X37.012 Y79.329 E2698.32488
G1 F1500 E2691.82488
G0 F7200 X38.862 Y86.638
G0 X39.061 Y86.751
G1 F1500 E2698.32488
G1 F2400 X38.875 Y86.624 E2698.3305
G1 X38.7 Y86.287 E2698.33997
G1 X38.7 Y80.024 E2698.4962
G1 X37.7 Y80.024 E2698.52115
G1 F2376.2 X37.112 Y79.564 E2698.53996
G1 F2335.8 X37.004 Y79.31 E2698.54703
G1 F2364.5 X37 Y88.319 E2698.77513
G1 F2400 X37.092 Y88.496 E2698.78011
G1 X44.9 Y88.5 E2698.97488
G1 X44.9 Y86.8 E2699.01729
G1 X39.3 Y86.8 E2699.15698
G1 X39.061 Y86.751 E2699.16306
G0 F7200 X39.244 Y86.4
;TYPE:WALL-OUTER
G1 F1200 X39.158 Y86.342 E2699.16565
G1 X39.103 Y86.235 E2699.16865
G1 X39.1 Y79.624 E2699.33356
G1 X37.7 Y79.624 E2699.36849
G1 X37.505 Y79.471 E2699.37467
G1 X37.5 Y79.377 E2699.37702
G1 X37.418 Y79.259 E2699.3806
G1 X37.5 Y20.571 E2700.84458
G1 X37.58 Y20.411 E2700.84904
G1 X37.7 Y20.372 E2700.85219
G1 X39.1 Y20.372 E2700.88712
G1 X39.1 Y13.744 E2701.05245
G1 X39.158 Y13.658 E2701.05504
G1 X39.265 Y13.603 E2701.05804
G1 X41.7 Y13.6 E2701.11878
G1 X41.7 Y11.1 E2701.18114
G1 X37.129 Y11.1 E2701.29517
G1 X36.921 Y11.152 E2701.30052
G1 X36.708 Y11.329 E2701.30743
G1 X36.6 Y11.61 E2701.31493
G1 X36.6 Y88.367 E2703.22965
G1 X36.652 Y88.574 E2703.23497
G1 X36.81 Y88.778 E2703.24141
G1 X37.129 Y88.896 E2703.24989
G1 X45.3 Y88.9 E2703.45372
G1 X45.3 Y86.4 E2703.51608
G1 X39.244 Y86.4 E2703.66715
G0 F7200 X39.158 Y86.342
G0 X39.114 Y86.257
G0 X39.25 Y87.225
;TYPE:SKIN
G1 F725.8 X44.473 Y87.227 E2703.82871
G1 F728.7 X44.473 Y87.721 E2703.84392
G1 F725.8 X39.2 Y87.719 E2704.00703
G1 F793 X38.809 Y87.768 E2704.01818
G1 F891.1 X37.928 Y87.768 E2704.04038
G1 F904.5 X37.926 Y85.924 E2704.08615
G1 F909.1 X38.322 Y85.828 E2704.09621
G1 F904.5 X38.323 Y86.342 E2704.10897
G1 F900 X38.565 Y86.843 E2704.12285
G1 F878 X38.945 Y87.121 E2704.13489
G1 F784.3 X39.25 Y87.225 E2704.14411
G0 F7200 X38.462 Y87.038
G0 X38.29 Y86.727
G1 F900 X38.127 Y86.889 E2704.14984
G0 F7200 X38.509 Y87.073
G1 F900 X38.128 Y87.454 E2704.16329
G0 F7200 X38.58 Y87.568
G1 F900 X38.868 Y87.28 E2704.17345
G1 F1500 E2697.67345
G0 F7200 X37.177 Y79.663
G0 X37.262 Y20.137
G0 X38.374 Y12.825
G1 F1500 E2704.17345
G1 F913.7 X38.301 Y12.867 E2704.17551
G1 X38.3 Y12.783 E2704.17758
G1 X38.374 Y12.825 E2704.17967
G0 F7200 X38.606 Y13.106
G1 F900 X38.418 Y13.374 E2704.18784
G1 X38.324 Y13.76 E2704.19775
G1 F904.5 X38.322 Y14.16 E2704.20767
G1 F909.1 X37.926 Y14.118 E2704.21751
G1 F904.5 X37.929 Y12.429 E2704.25943
G1 X39.569 Y12.426 E2704.30014
G1 F909.1 X39.627 Y12.822 E2704.31002
G1 F904.5 X39.17 Y12.823 E2704.32136
G1 F900 X38.878 Y12.915 E2704.329
G1 X38.606 Y13.106 E2704.33729
G0 F7200 X38.606 Y12.59
G1 F1500 E2697.83729
G0 F7200 X41.47 Y12.854
G0 X42.565 Y12.854
G0 X57.435 Y12.854
G0 X58.53 Y12.854
G0 X58.86 Y12.854
;TYPE:FILL
G1 F1500 E2704.33729
G1 F3000 X60.055 Y11.66 E2704.37943
G1 X60.125 Y11.59
G0 F7200 X60.124 Y11.81
G0 X62.572 Y11.81
G0 X62.573 Y11.662
G1 F3000 X62.836 Y11.924 E2704.38869
G0 F7200 X62.689 Y11.924
G0 X62.689 Y14.537
G0 X62.835 Y14.537
G1 F3000 X62.41 Y14.962 E2704.40368
G0 F7200 X62.41 Y17.155
G1 F3000 X62.836 Y17.581 E2704.41871
G1 F1500 E2697.91871
G0 F7200 X62.689 Y17.581
G0 X62.738 Y20.137
G0 X62.738 Y79.863
G0 X62.687 Y82.418
G0 X62.836 Y82.418
G1 F1500 E2704.41871
G1 F3000 X62.41 Y82.844 E2704.43374
G0 F7200 X62.41 Y85.037
G1 F3000 X62.836 Y85.464 E2704.44879
G0 F7200 X62.687 Y85.464
G0 X62.687 Y88.075
G0 X62.836 Y88.075
G1 F3000 X62.574 Y88.337 E2704.45803
G0 F7200 X62.574 Y88.189
G0 X60.053 Y88.189
G0 X60.053 Y88.337
G1 F3000 X59.625 Y87.91 E2704.47311
G0 F7200 X57.344 Y87.91
G1 F3000 X56.914 Y88.34 E2704.48828
G1 F1500 E2697.98828
G0 F7200 X56.914 Y88.189
G0 X61.138 Y86.638
G0 X62.738 Y79.863
G0 X62.738 Y20.137
G0 X61.61 Y13.561
G0 X61.251 Y13.561
;TYPE:WALL-INNER
G1 F1500 E2704.48828
G1 F2400 X61.3 Y13.8 E2704.49436
G1 X61.3 Y19.972 E2704.64833
G1 X62.3 Y19.972 E2704.67327
G1 X62.66 Y20.092 E2704.68274
G1 F2142.9 X62.948 Y20.572 E2704.69838
G1 X62.996 Y19.924 E2704.71653
G1 F2400 X62.996 Y11.641 E2704.92315
G1 X62.901 Y11.5 E2704.92739
G1 X58.7 Y11.5 E2705.03219
G1 X58.7 Y13.2 E2705.07459
G1 X60.7 Y13.2 E2705.12448
G1 X61.124 Y13.375 E2705.13592
G1 X61.251 Y13.561 E2705.14154
G0 F7200 X61.61 Y13.561
G0 X62.719 Y19.695
G0 X62.948 Y20.572
G1 F1931.6 X62.947 Y40.227 E2705.75074
G1 F1920 X62.945 Y59.882 E2706.36361
G1 F1908.5 X62.944 Y79.537 E2706.98015
G0 F7200 X62.717 Y80.305
G0 X61.538 Y87.038
G0 X61.124 Y86.625
G1 F2400 X60.787 Y86.8 E2706.98963
G1 X55.1 Y86.8 E2707.13149
G1 X55.1 Y88.5 E2707.17389
G1 X62.818 Y88.496 E2707.36642
G1 X62.952 Y88.427 E2707.37018
G1 X62.996 Y88.312 E2707.37325
G1 X62.996 Y80.072 E2707.5788
G1 F2123.9 X62.944 Y79.536 E2707.59398
G1 X62.66 Y79.904 E2707.60708
G1 F2400 X62.3 Y80.024 E2707.61655
G1 X61.3 Y80.024 E2707.64149
G1 X61.3 Y86.278 E2707.7975
G1 X61.251 Y86.439 E2707.8017
G1 X61.124 Y86.625 E2707.80732
G0 F7200 X60.898 Y86.235
;TYPE:WALL-OUTER
G1 F1200 X60.842 Y86.342 E2707.81033
G1 X60.735 Y86.397 E2707.81333
G1 X54.7 Y86.4 E2707.96387
G1 X54.7 Y88.9 E2708.02624
G1 X62.867 Y88.896 E2708.22996
G1 X63.075 Y88.844 E2708.23531
G1 X63.288 Y88.667 E2708.24222
G1 X63.396 Y88.386 E2708.24973
G1 X63.396 Y11.579 E2710.16569
G1 X63.347 Y11.427 E2710.16967
G1 X63.186 Y11.218 E2710.17625
G1 X62.867 Y11.1 E2710.18474
G1 X58.3 Y11.1 E2710.29866
G1 X58.3 Y13.6 E2710.36102
G1 X60.7 Y13.6 E2710.42089
G1 X60.842 Y13.658 E2710.42472
G1 X60.9 Y13.8 E2710.42855
G1 X60.9 Y20.372 E2710.59248
G1 X62.3 Y20.372 E2710.62741
G1 X62.42 Y20.412 E2710.63056
G1 X62.5 Y20.572 E2710.63503
G1 X62.498 Y79.459 E2712.10397
G1 X62.42 Y79.584 E2712.10764
G1 X62.3 Y79.624 E2712.1108
G1 X60.9 Y79.624 E2712.14572
G1 X60.898 Y86.235 E2712.31063
G0 F7200 X60.842 Y86.342
G0 X60.772 Y86.378
G0 X60.851 Y87.226
;TYPE:SKIN
G1 F801.8 X61.394 Y86.894 E2712.32845
G1 F869.6 X61.621 Y86.573 E2712.33861
G1 F779.2 X61.726 Y86.347 E2712.34579
G1 F725.8 X61.727 Y80.451 E2712.52816
G1 F728.7 X62.221 Y80.451 E2712.54338
G1 F725.8 X62.22 Y86.39 E2712.72708
G1 F803.6 X62.268 Y86.829 E2712.73942
G1 F900 X62.268 Y87.768 E2712.76284
G1 X61.546 Y87.767 E2712.78086
G1 F801.8 X60.894 Y87.719 E2712.79916
G1 F725.8 X55.527 Y87.721 E2712.96517
G1 F728.7 X55.527 Y87.227 E2712.98039
G1 F725.8 X60.851 Y87.226 E2713.14507
G0 F7200 X61.773 Y87.568
G1 F900 X62.068 Y87.273 E2713.15548
G0 F7200 X62.045 Y86.73
G1 F900 X61.243 Y87.532 E2713.18377
G1 X61.173 Y87.602
G1 F1500 E2706.68377
G0 F7200 X62.738 Y79.863
G0 X62.738 Y20.137
G0 X61.724 Y13.747
G1 F1500 E2713.18377
G1 F784.3 X61.617 Y13.44 E2713.19308
G1 F880.2 X61.418 Y13.135 E2713.20237
G1 F900 X61.328 Y13.063 E2713.20524
G1 F904.5 X60.771 Y12.836 E2713.22017
G1 F909.1 X60.232 Y12.822 E2713.23349
G1 X60.308 Y12.426 E2713.24345
G1 F904.5 X62.268 Y12.428 E2713.29209
G1 F891.1 X62.268 Y13.301 E2713.31409
G1 F793 X62.218 Y13.695 E2713.32533
G1 F724.3 X62.221 Y19.545 E2713.50665
G1 F728.7 X61.727 Y19.545 E2713.52187
G1 F724.3 X61.724 Y13.747 E2713.70157
G0 F7200 X61.538 Y12.962
G0 X61.278 Y12.827
G1 F900 X61.479 Y12.626 E2713.70866
G0 F7200 X61.607 Y13.064
G1 F900 X62.043 Y12.628 E2713.72404
G0 F7200 X62.068 Y13.168
G1 F900 X61.812 Y13.424 E2713.73308
G0 F7200 X61.91 Y13.424
G1 F1500 E2707.23308
;MESH:NONMESH
G0 F600 Z8.135
G0 F7200 X58.53 Y12.448
G0 X57.435 Y12.448
G0 X42.565 Y12.448
G0 X41.47 Y12.448
G0 X38.459 Y12.448
;TIME_ELAPSED:6003.457245
;LAYER:46
;TYPE:WALL-INNER
;MESH:luckfox_top.stl
G1 F1500 E2713.73308
G1 F2400 X41.3 Y12.448 E2713.80394
G1 X41.3 Y11.5 E2713.82759
G1 X37.093 Y11.5 E2713.93254
G1 X37 Y11.66 E2713.93715
G1 X37 Y19.522 E2714.13327
G1 F2133.3 X37.05 Y20.572 E2714.16277
G1 X37.573 Y19.985 E2714.18483
G1 F2400 X37.948 Y19.972 E2714.19419
G1 X37.948 Y13.048 E2714.36691
G1 X38.123 Y12.623 E2714.37838
G1 X38.459 Y12.448 E2714.38783
G0 F7200 X38.459 Y12.14
G0 X37.283 Y19.695
G0 X37.05 Y20.572
G1 F1912.4 X37.051 Y35.313 E2714.84931
G1 F1904.8 X37.052 Y50.054 E2715.31264
G1 F1889.8 X37.053 Y64.795 E2715.77963
G1 F1882.4 X37.054 Y79.536 E2716.24847
G0 F7200 X37.281 Y80.305
G0 X37.712 Y87.988
G0 X38.548 Y88.06
G0 X38.548 Y87.835
G1 F1971.3 X38.076 Y87.52 E2716.26571
G1 F2400 X37.948 Y87.234 E2716.27352
G1 X37.948 Y80.024 E2716.45338
G1 X37.573 Y80.011 E2716.46274
G1 F2105.3 X37.054 Y79.537 E2716.48272
G1 X37 Y80.474 E2716.50941
G1 F2400 X37 Y88.367 E2716.70631
G1 X37.094 Y88.476 E2716.7099
G1 X37.603 Y88.496 E2716.7226
G1 F1971.3 X38.548 Y88.409 E2716.75142
G1 F1669.6 X44.812 Y88.412 E2716.97604
G1 F1666.7 X44.812 Y87.836 E2716.99673
G1 F1669.6 X38.548 Y87.835 E2717.22135
G0 F7200 X38.548 Y87.348
;TYPE:WALL-OUTER
G1 F1200 X38.39 Y87.272 E2717.22573
G1 X38.35 Y87.183 E2717.22816
G1 X38.348 Y79.624 E2717.41672
G1 X37.657 Y79.62 E2717.43396
G1 X37.503 Y79.459 E2717.43951
G1 X37.5 Y20.572 E2718.90846
G1 X37.657 Y20.376 E2718.91472
G1 X38.348 Y20.372 E2718.93196
G1 X38.348 Y13.048 E2719.11466
G1 X38.406 Y12.906 E2719.11848
G1 X38.513 Y12.85 E2719.1215
G1 X41.7 Y12.848 E2719.201
G1 X41.7 Y11.1 E2719.2446
G1 X37.129 Y11.1 E2719.35862
G1 X36.908 Y11.154 E2719.3643
G1 X36.81 Y11.218 E2719.36722
G1 X36.651 Y11.428 E2719.37379
G1 X36.6 Y11.604 E2719.37836
G1 X36.6 Y88.367 E2721.29322
G1 X36.651 Y88.574 E2721.29854
G1 X36.844 Y88.8 E2721.30595
G1 X37.128 Y88.896 E2721.31343
G1 X45.3 Y88.9 E2721.51728
G1 X45.3 Y87.348 E2721.556
G1 X38.548 Y87.348 E2721.72443
G0 F7200 X38.39 Y87.272
G0 X38.38 Y87.25
G0 X37.64 Y87.25
G0 X37.391 Y88.103
;TYPE:SKIN
G1 F853.1 X37.392 Y87.786 E2721.73277
G1 F710.1 X37.476 Y87.307 E2721.74814
G1 X37.766 Y87.759 E2721.76512
G1 F853.1 X38.087 Y88.011 E2721.77586
G1 X37.589 Y88.105 E2721.7892
G1 X37.391 Y88.103 E2721.79441
G0 F7200 X37.472 Y80.477
G1 F608.1 X37.476 Y87.307 E2722.04657
G1 F1500 E2715.54657
G0 F7200 X37.262 Y79.863
G0 X37.262 Y20.137
G0 X38.112 Y12.612
G0 X40.826 Y11.974
G1 F1500 E2722.04657
G1 F610.2 X38.385 Y11.976 E2722.13638
G0 F7200 X37.806 Y12.34
G1 F692.3 X37.465 Y13.035 E2722.16149
G1 F718.6 X37.419 Y12.334 E2722.18344
G1 F753.1 X37.419 Y11.919 E2722.19581
G1 X37.797 Y11.919 E2722.20707
G1 F711.5 X38.371 Y11.975 E2722.22527
G1 F684.4 X37.806 Y12.34 E2722.24734
G0 F7200 X37.474 Y13.048
G1 F612.2 X37.474 Y19.522 E2722.48473
G0 F7200 X37.613 Y19.365
G1 F1500 E2715.98473
G0 F7200 X39.215 Y19.695
G0 X60.985 Y19.695
G0 X62.948 Y20.572
;TYPE:WALL-INNER
G1 F1500 E2722.48473
G1 F1931.6 X62.947 Y40.227 E2723.09393
G1 F1920 X62.945 Y59.882 E2723.7068
G1 F1908.5 X62.944 Y79.537 E2724.32334
G0 F7200 X62.717 Y80.305
G0 X62.488 Y87.988
G0 X61.767 Y87.829
G1 F1658 X55.188 Y87.836 E2724.5609
G1 F1666.7 X55.188 Y88.412 E2724.58159
G1 F1658 X61.817 Y88.406 E2724.82095
G1 F1955.2 X62.455 Y88.496 E2724.84068
G1 F2400 X62.918 Y88.471 E2724.85225
G1 X62.996 Y88.338 E2724.85609
G1 X62.996 Y87.955 E2724.86565
G1 F1959.2 X62.906 Y87.317 E2724.88533
G1 F1660.9 X62.909 Y80.343 E2725.13672
G1 F1781.1 X62.944 Y79.536 E2725.16387
G1 X62.528 Y80.073 E2725.1867
G1 F1672.5 X62.335 Y80.106 E2725.19371
G1 F1660.9 X62.329 Y87.267 E2725.45183
G1 F1959.2 X62.073 Y87.573 E2725.46403
G1 F1955.2 X61.767 Y87.829 E2725.47624
G1 F1500 E2718.97624
G0 F7200 X61.767 Y88.06
G0 X62.738 Y79.863
G0 X62.738 Y20.137
G0 X62.56 Y13.048
G0 X62.335 Y13.048
G1 F1500 E2725.47624
G1 F1672.5 X62.335 Y19.89 E2725.72116
G1 X62.528 Y19.923 E2725.72817
G1 F1794.4 X62.948 Y20.572 E2725.75396
G1 X62.909 Y19.653 E2725.78465
G1 F1672.5 X62.909 Y13.048 E2726.02108
G1 F1971.3 X62.996 Y12.103 E2726.04991
G1 F2400 X62.996 Y11.662 E2726.06091
G1 X62.859 Y11.5 E2726.0662
G1 X58.7 Y11.5 E2726.16995
G1 X58.7 Y12.448 E2726.19359
G1 X61.648 Y12.448 E2726.26713
G1 X62.02 Y12.576 E2726.27694
G1 F1971.3 X62.335 Y13.048 E2726.29418
G1 F1500 E2719.79418
G0 F7200 X62.56 Y13.048
G0 X62.738 Y20.137
G0 X62.738 Y79.863
G0 X62.56 Y87.183
G0 X61.846 Y87.183
;TYPE:WALL-OUTER
G1 F1500 E2726.29418
G1 F1200 X61.79 Y87.29 E2726.29719
G1 X61.683 Y87.345 E2726.30019
G1 X54.7 Y87.348 E2726.47438
G1 X54.7 Y88.9 E2726.5131
G1 X62.867 Y88.896 E2726.71683
G1 X63.186 Y88.778 E2726.72531
G1 X63.345 Y88.572 E2726.7318
G1 X63.396 Y88.392 E2726.73647
G1 X63.396 Y11.581 E2728.65253
G1 X63.291 Y11.333 E2728.65924
G1 X63.057 Y11.145 E2728.66673
G1 X62.868 Y11.1 E2728.67158
G1 X58.3 Y11.1 E2728.78553
G1 X58.3 Y12.848 E2728.82913
G1 X61.648 Y12.848 E2728.91265
G1 X61.772 Y12.89 E2728.91591
G1 X61.848 Y13.048 E2728.92029
G1 X61.848 Y20.372 E2729.10299
G1 X62.367 Y20.383 E2729.11593
G1 X62.5 Y20.572 E2729.1217
G1 X62.498 Y79.459 E2730.59064
G1 X62.367 Y79.613 E2730.59569
G1 X61.848 Y79.624 E2730.60863
G1 X61.846 Y87.183 E2730.79719
G0 F7200 X61.79 Y87.29
G0 X61.72 Y87.326
G0 X61.72 Y88.06
G0 X62.639 Y87.972
;TYPE:SKIN
G1 F1019.8 X62.637 Y88.137 E2730.80083
G1 X62.472 Y88.139 E2730.80446
G1 X62.112 Y88.036 E2730.8127
G1 X62.536 Y87.612 E2730.8259
G1 X62.639 Y87.972 E2730.83415
G1 F1500 E2724.33415
G0 F7200 X62.738 Y79.863
G0 X62.738 Y20.137
G0 X62.088 Y12.612
G0 X59.174 Y11.974
G1 F1500 E2730.83415
G1 F613.3 X61.644 Y11.975 E2730.92457
G1 F607.1 X61.742 Y11.984 E2730.9282
G0 F7200 X62.261 Y12.27
G1 F705.9 X61.742 Y11.984 E2730.94705
G1 X62.258 Y11.893 E2730.96372
G1 F859.2 X62.607 Y11.893 E2730.97284
G1 X62.607 Y12.092 E2730.97804
G1 X62.512 Y12.59 E2730.99128
G1 X62.261 Y12.27 E2731.00191
G0 F7200 X62.261 Y12.11
G1 F1500 E2724.50191
;MESH:NONMESH
G0 F600 Z8.285
G0 F7200 X58.53 Y12.14
G0 X57.435 Y12.14
G0 X42.565 Y12.14
G0 X41.47 Y12.14
G0 X38.459 Y12.14
G0 X38.459 Y12.448
;TIME_ELAPSED:6038.594620
;LAYER:47
;TYPE:WALL-INNER
;MESH:luckfox_top.stl
G1 F1500 E2731.00191
G1 F2400 X41.3 Y12.448 E2731.07278
G1 X41.3 Y11.5 E2731.09643
G1 X37.177 Y11.5 E2731.19928
G1 X37.049 Y11.544 E2731.20265
G1 X37 Y11.683 E2731.20633
G1 X37 Y19.522 E2731.40187
G1 F2133.3 X37.05 Y20.572 E2731.43137
G1 X37.573 Y19.985 E2731.45344
G1 F2400 X37.948 Y19.972 E2731.4628
G1 X37.948 Y13.048 E2731.63552
G1 X38.123 Y12.623 E2731.64698
G1 X38.459 Y12.448 E2731.65643
G0 F7200 X38.459 Y12.14
G0 X37.282 Y19.695
G0 X37.05 Y20.572
G1 F1912.4 X37.051 Y35.313 E2732.11792
G1 F1904.8 X37.052 Y50.054 E2732.58124
G1 F1889.8 X37.053 Y64.795 E2733.04824
G1 F1882.4 X37.054 Y79.536 E2733.51707
G0 F7200 X37.281 Y80.305
G0 X37.712 Y87.988
G0 X38.548 Y88.06
G0 X38.548 Y87.835
G1 F1971.3 X38.076 Y87.52 E2733.53431
G1 F2400 X37.948 Y87.234 E2733.54212
G1 X37.948 Y80.024 E2733.72198
G1 X37.573 Y80.011 E2733.73134
G1 F2105.3 X37.054 Y79.537 E2733.75133
G1 X37 Y80.474 E2733.77802
G1 F2400 X37 Y88.318 E2733.97369
G1 X37.054 Y88.441 E2733.97704
G1 X37.174 Y88.496 E2733.98033
G1 X37.603 Y88.496 E2733.99103
G1 F1971.3 X38.548 Y88.409 E2734.01985
G1 F1669.6 X44.812 Y88.412 E2734.24447
G1 F1666.7 X44.812 Y87.836 E2734.26516
G1 F1669.6 X38.548 Y87.835 E2734.48978
G0 F7200 X38.548 Y87.348
;TYPE:WALL-OUTER
G1 F1200 X38.39 Y87.272 E2734.49415
G1 X38.35 Y87.183 E2734.49659
G1 X38.348 Y79.624 E2734.68515
G1 X37.657 Y79.62 E2734.70238
G1 X37.503 Y79.459 E2734.70794
G1 X37.5 Y20.572 E2736.17688
G1 X37.657 Y20.376 E2736.18315
G1 X38.348 Y20.372 E2736.20039
G1 X38.348 Y13.048 E2736.38308
G1 X38.406 Y12.906 E2736.38691
G1 X38.513 Y12.85 E2736.38992
G1 X41.7 Y12.848 E2736.46942
G1 X41.7 Y11.1 E2736.51303
G1 X37.129 Y11.1 E2736.62705
G1 X36.909 Y11.154 E2736.6327
G1 X36.699 Y11.334 E2736.6396
G1 X36.6 Y11.615 E2736.64703
G1 X36.6 Y88.367 E2738.56162
G1 X36.652 Y88.578 E2738.56704
G1 X36.8 Y88.765 E2738.57299
G1 X37.088 Y88.896 E2738.58088
G1 X45.3 Y88.9 E2738.78573
G1 X45.3 Y87.348 E2738.82445
G1 X38.548 Y87.348 E2738.99287
G0 F7200 X38.39 Y87.272
G0 X38.38 Y87.25
G0 X37.64 Y87.25
G0 X37.391 Y88.101
;TYPE:SKIN
G1 F853.1 X37.392 Y87.786 E2739.00116
G1 F710.1 X37.476 Y87.307 E2739.01654
G1 X37.766 Y87.759 E2739.03352
G1 F853.1 X38.087 Y88.011 E2739.04426
G1 X37.59 Y88.105 E2739.05757
G1 X37.391 Y88.101 E2739.06281
G0 F7200 X37.472 Y80.477
G1 F608.1 X37.476 Y87.307 E2739.31497
G1 F1500 E2732.81497
G0 F7200 X37.262 Y79.863
G0 X37.262 Y20.137
G0 X38.112 Y12.612
G0 X40.826 Y11.974
G1 F1500 E2739.31497
G1 F610.2 X38.385 Y11.976 E2739.40478
G0 F7200 X37.809 Y12.338
G1 F695 X37.467 Y13.034 E2739.42983
G1 F720 X37.422 Y12.335 E2739.45167
G1 F754.7 X37.422 Y11.918 E2739.46408
G1 X37.797 Y11.918 E2739.47523
G1 F711.5 X38.371 Y11.975 E2739.49343
G1 F687 X37.809 Y12.338 E2739.5153
G0 F7200 X37.476 Y13.048
G1 F614.3 X37.474 Y19.522 E2739.75189
G0 F7200 X37.612 Y19.365
G1 F1500 E2733.25189
G0 F7200 X39.215 Y19.695
G0 X60.985 Y19.695
G0 X62.948 Y20.572
;TYPE:WALL-INNER
G1 F1500 E2739.75189
G1 F1931.6 X62.947 Y40.227 E2740.36108
G1 F1920 X62.945 Y59.882 E2740.97395
G1 F1908.5 X62.944 Y79.537 E2741.5905
G0 F7200 X62.718 Y80.305
G0 X62.488 Y87.988
G0 X61.767 Y87.829
G1 F1658 X55.188 Y87.836 E2741.82805
G1 F1666.7 X55.188 Y88.412 E2741.84874
G1 F1658 X61.817 Y88.406 E2742.0881
G1 F1955.2 X62.455 Y88.496 E2742.10783
G1 F2400 X62.819 Y88.495 E2742.11691
G1 X62.947 Y88.452 E2742.12028
G1 X62.996 Y88.313 E2742.12396
G1 X62.996 Y87.955 E2742.13289
G1 F1959.2 X62.906 Y87.317 E2742.15257
G1 F1660.9 X62.909 Y80.343 E2742.40396
G1 F1781.1 X62.944 Y79.536 E2742.43111
G1 X62.528 Y80.073 E2742.45394
G1 F1672.5 X62.335 Y80.106 E2742.46095
G1 F1660.9 X62.329 Y87.267 E2742.71907
G1 F1959.2 X62.073 Y87.573 E2742.73127
G1 F1955.2 X61.767 Y87.829 E2742.74348
G1 F1500 E2736.24348
G0 F7200 X61.767 Y88.06
G0 X62.738 Y79.863
G0 X62.738 Y20.137
G0 X62.56 Y13.048
G0 X62.335 Y13.048
G1 F1500 E2742.74348
G1 F1672.5 X62.335 Y19.89 E2742.9884
G1 X62.528 Y19.923 E2742.99541
G1 F1794.4 X62.948 Y20.572 E2743.0212
G1 X62.909 Y19.653 E2743.05189
G1 F1672.5 X62.909 Y13.048 E2743.28832
G1 F1971.3 X62.996 Y12.103 E2743.31715
G1 F2400 X62.996 Y11.641 E2743.32867
G1 X62.94 Y11.554 E2743.33125
G1 X62.822 Y11.5 E2743.33449
G1 X58.7 Y11.5 E2743.43731
G1 X58.7 Y12.448 E2743.46096
G1 X61.648 Y12.448 E2743.5345
G1 X62.02 Y12.576 E2743.54431
G1 F1971.3 X62.335 Y13.048 E2743.56155
G1 F1500 E2737.06155
G0 F7200 X62.56 Y13.048
G0 X62.738 Y20.137
G0 X62.738 Y79.863
G0 X62.56 Y87.183
G0 X61.846 Y87.183
;TYPE:WALL-OUTER
G1 F1500 E2743.56155
G1 F1200 X61.79 Y87.29 E2743.56456
G1 X61.683 Y87.345 E2743.56756
G1 X54.7 Y87.348 E2743.74175
G1 X54.7 Y88.9 E2743.78047
G1 X62.867 Y88.895 E2743.98419
G1 X63.087 Y88.841 E2743.98984
G1 X63.297 Y88.662 E2743.99673
G1 X63.396 Y88.381 E2744.00416
G1 X63.396 Y11.579 E2745.91999
G1 X63.347 Y11.427 E2745.92398
G1 X63.196 Y11.23 E2745.93017
G1 X62.908 Y11.1 E2745.93805
G1 X58.3 Y11.1 E2746.053
G1 X58.3 Y12.848 E2746.0966
G1 X61.648 Y12.848 E2746.18012
G1 X61.772 Y12.89 E2746.18338
G1 X61.848 Y13.048 E2746.18776
G1 X61.848 Y20.372 E2746.37045
G1 X62.367 Y20.383 E2746.3834
G1 X62.5 Y20.572 E2746.38917
G1 X62.498 Y79.459 E2747.85811
G1 X62.367 Y79.613 E2747.86315
G1 X61.848 Y79.624 E2747.8761
G1 X61.846 Y87.183 E2748.06466
G0 F7200 X61.79 Y87.29
G0 X61.72 Y87.326
G0 X61.72 Y88.06
G0 X62.638 Y87.973
;TYPE:SKIN
G1 F1019.8 X62.635 Y88.137 E2748.06827
G1 X62.473 Y88.138 E2748.07184
G1 X62.112 Y88.036 E2748.0801
G1 X62.536 Y87.612 E2748.0933
G1 X62.638 Y87.973 E2748.10156
G1 F1500 E2741.60156
G0 F7200 X62.738 Y79.863
G0 X62.738 Y20.137
G0 X62.088 Y12.612
G0 X59.174 Y11.974
G1 F1500 E2748.10156
G1 F612.2 X61.644 Y11.974 E2748.19213
G1 F604 X61.742 Y11.982 E2748.19579
G0 F7200 X62.261 Y12.269
G1 F703.1 X61.742 Y11.982 E2748.21472
G1 X62.258 Y11.891 E2748.23145
G1 F855.1 X62.606 Y11.89 E2748.24059
G1 X62.606 Y12.092 E2748.24589
G1 X62.512 Y12.588 E2748.25915
G1 X62.261 Y12.269 E2748.2698
G0 F7200 X62.261 Y12.11
G1 F1500 E2741.7698
;MESH:NONMESH
G0 F600 Z8.435
G0 F7200 X58.53 Y12.14
G0 X57.435 Y12.14
G0 X42.565 Y12.14
G0 X41.47 Y12.14
G0 X38.459 Y12.14
G0 X38.459 Y12.448
;TIME_ELAPSED:6073.725096
;LAYER:48
;TYPE:WALL-INNER
;MESH:luckfox_top.stl
G1 F1500 E2748.2698
G1 F2400 X41.3 Y12.448 E2748.34067
G1 X41.3 Y11.5 E2748.36432
G1 X37.182 Y11.5 E2748.46704
G1 X37 Y11.6 E2748.47222
G1 X37 Y19.522 E2748.66984
G1 F2133.3 X37.05 Y20.572 E2748.69934
G1 X37.573 Y19.985 E2748.7214
G1 F2400 X37.948 Y19.972 E2748.73076
G1 X37.948 Y13.048 E2748.90348
G1 X38.123 Y12.623 E2748.91495
G1 X38.459 Y12.448 E2748.9244
G0 F7200 X38.459 Y12.14
G0 X37.282 Y19.695
G0 X37.05 Y20.572
G1 F1912.4 X37.051 Y35.313 E2749.38588
G1 F1904.8 X37.052 Y50.054 E2749.8492
G1 F1889.8 X37.053 Y64.795 E2750.3162
G1 F1882.4 X37.054 Y79.536 E2750.78504
G0 F7200 X37.281 Y80.305
G0 X37.712 Y87.988
G0 X38.548 Y88.06
G0 X38.548 Y87.835
G1 F1971.3 X38.076 Y87.52 E2750.80227
G1 F2400 X37.948 Y87.234 E2750.81009
G1 X37.948 Y80.024 E2750.98994
G1 X37.573 Y80.011 E2750.9993
G1 F2105.3 X37.054 Y79.537 E2751.01929
G1 X37 Y80.474 E2751.04598
G1 F2400 X37 Y88.318 E2751.24165
G1 X37.054 Y88.441 E2751.245
G1 X37.174 Y88.496 E2751.24829
G1 X37.603 Y88.496 E2751.259
G1 F1971.3 X38.548 Y88.409 E2751.28782
G1 F1669.6 X44.812 Y88.412 E2751.51244
G1 F1666.7 X44.812 Y87.836 E2751.53313
G1 F1669.6 X38.548 Y87.835 E2751.75774
G0 F7200 X38.548 Y87.348
;TYPE:WALL-OUTER
G1 F1200 X38.39 Y87.272 E2751.76212
G1 X38.35 Y87.183 E2751.76455
G1 X38.348 Y79.624 E2751.95311
G1 X37.657 Y79.62 E2751.97035
G1 X37.503 Y79.459 E2751.97591
G1 X37.5 Y20.572 E2753.44485
G1 X37.657 Y20.376 E2753.45111
G1 X38.348 Y20.372 E2753.46835
G1 X38.348 Y13.048 E2753.65105
G1 X38.406 Y12.906 E2753.65488
G1 X38.513 Y12.85 E2753.65789
G1 X41.7 Y12.848 E2753.73739
G1 X41.7 Y11.1 E2753.78099
G1 X37.13 Y11.1 E2753.89499
G1 X36.921 Y11.155 E2753.90038
G1 X36.709 Y11.327 E2753.90719
G1 X36.6 Y11.61 E2753.91476
G1 X36.6 Y88.367 E2755.82947
G1 X36.652 Y88.578 E2755.83489
G1 X36.8 Y88.765 E2755.84084
G1 X37.088 Y88.896 E2755.84873
G1 X45.3 Y88.9 E2756.05358
G1 X45.3 Y87.348 E2756.09229
G1 X38.548 Y87.348 E2756.26072
G0 F7200 X38.39 Y87.272
G0 X38.38 Y87.25
G0 X37.64 Y87.25
G0 X37.391 Y88.101
;TYPE:SKIN
G1 F853.1 X37.392 Y87.786 E2756.26901
G1 F710.1 X37.476 Y87.307 E2756.28439
G1 X37.766 Y87.759 E2756.30137
G1 F853.1 X38.087 Y88.011 E2756.31211
G1 X37.59 Y88.105 E2756.32542
G1 X37.391 Y88.101 E2756.33066
G0 F7200 X37.472 Y80.477
G1 F608.1 X37.476 Y87.307 E2756.58281
G1 F1500 E2750.08281
G0 F7200 X37.262 Y79.863
G0 X37.262 Y20.137
G0 X38.112 Y12.612
G0 X40.826 Y11.974
G1 F1500 E2756.58281
G1 F610.2 X38.385 Y11.976 E2756.67263
G0 F7200 X37.806 Y12.34
G1 F692.3 X37.465 Y13.035 E2756.69773
G1 F718.6 X37.419 Y12.334 E2756.71968
G1 F753.1 X37.419 Y11.919 E2756.73205
G1 X37.797 Y11.919 E2756.74332
G1 F711.5 X38.371 Y11.975 E2756.76152
G1 F684.4 X37.806 Y12.34 E2756.78358
G0 F7200 X37.474 Y13.048
G1 F612.2 X37.474 Y19.522 E2757.02098
G0 F7200 X37.612 Y19.365
G1 F1500 E2750.52098
G0 F7200 X39.215 Y19.695
G0 X60.985 Y19.695
G0 X62.948 Y20.572
;TYPE:WALL-INNER
G1 F1500 E2757.02098
G1 F1931.6 X62.947 Y40.227 E2757.63017
G1 F1920 X62.945 Y59.882 E2758.24304
G1 F1908.5 X62.944 Y79.537 E2758.85959
G0 F7200 X62.718 Y80.305
G0 X62.488 Y87.988
G0 X61.767 Y87.829
G1 F1658 X55.188 Y87.836 E2759.09715
G1 F1666.7 X55.188 Y88.412 E2759.11784
G1 F1658 X61.817 Y88.406 E2759.3572
G1 F1955.2 X62.455 Y88.496 E2759.37693
G1 F2400 X62.893 Y88.475 E2759.38786
G1 X62.977 Y88.407 E2759.39056
G1 X62.996 Y87.955 E2759.40185
G1 F1959.2 X62.906 Y87.317 E2759.42153
G1 F1660.9 X62.909 Y80.343 E2759.67292
G1 F1781.1 X62.944 Y79.536 E2759.70007
G1 X62.528 Y80.073 E2759.7229
G1 F1672.5 X62.335 Y80.106 E2759.72991
G1 F1660.9 X62.329 Y87.267 E2759.98803
G1 F1959.2 X62.073 Y87.573 E2760.00023
G1 F1955.2 X61.767 Y87.829 E2760.01244
G1 F1500 E2753.51244
G0 F7200 X61.767 Y88.06
G0 X62.738 Y79.863
G0 X62.738 Y20.137
G0 X62.56 Y13.048
G0 X62.335 Y13.048
G1 F1500 E2760.01244
G1 F1672.5 X62.335 Y19.89 E2760.25736
G1 X62.528 Y19.923 E2760.26437
G1 F1794.4 X62.948 Y20.572 E2760.29016
G1 X62.909 Y19.653 E2760.32085
G1 F1672.5 X62.909 Y13.048 E2760.55728
G1 F1971.3 X62.996 Y12.103 E2760.58611
G1 F2400 X62.996 Y11.677 E2760.59673
G1 X62.943 Y11.557 E2760.6
G1 X62.819 Y11.5 E2760.60341
G1 X58.7 Y11.5 E2760.70616
G1 X58.7 Y12.448 E2760.72981
G1 X61.648 Y12.448 E2760.80334
G1 X62.02 Y12.576 E2760.81316
G1 F1971.3 X62.335 Y13.048 E2760.83039
G1 F1500 E2754.33039
G0 F7200 X62.56 Y13.048
G0 X62.738 Y20.137
G0 X62.738 Y79.863
G0 X62.56 Y87.183
G0 X61.846 Y87.183
;TYPE:WALL-OUTER
G1 F1500 E2760.83039
G1 F1200 X61.79 Y87.29 E2760.8334
G1 X61.683 Y87.345 E2760.8364
G1 X54.7 Y87.348 E2761.0106
G1 X54.7 Y88.9 E2761.04931
G1 X62.866 Y88.896 E2761.25301
G1 X63.076 Y88.841 E2761.25843
G1 X63.291 Y88.669 E2761.2653
G1 X63.396 Y88.392 E2761.27269
G1 X63.396 Y11.629 E2763.18755
G1 X63.344 Y11.419 E2763.19294
G1 X63.197 Y11.234 E2763.19884
G1 X62.907 Y11.1 E2763.20681
G1 X58.3 Y11.1 E2763.32173
G1 X58.3 Y12.848 E2763.36533
G1 X61.648 Y12.848 E2763.44885
G1 X61.772 Y12.89 E2763.45211
G1 X61.848 Y13.048 E2763.45649
G1 X61.848 Y20.372 E2763.63919
G1 X62.367 Y20.383 E2763.65214
G1 X62.5 Y20.572 E2763.6579
G1 X62.498 Y79.459 E2765.12684
G1 X62.367 Y79.613 E2765.13189
G1 X61.848 Y79.624 E2765.14484
G1 X61.846 Y87.183 E2765.3334
G0 F7200 X61.79 Y87.29
G0 X61.72 Y87.326
G0 X61.72 Y88.06
G0 X62.64 Y88.137
;TYPE:SKIN
G1 F1019.8 X62.474 Y88.139 E2765.33705
G1 X62.112 Y88.036 E2765.34534
G1 X62.536 Y87.612 E2765.35854
G1 X62.64 Y87.973 E2765.36681
G1 X62.64 Y88.137 E2765.37042
G1 F1500 E2758.87042
G0 F7200 X62.738 Y79.863
G0 X62.738 Y20.137
G0 X62.088 Y12.612
G0 X59.174 Y11.974
G1 F1500 E2765.37042
G1 F612.2 X61.644 Y11.974 E2765.46099
G1 F604 X61.742 Y11.982 E2765.46464
G0 F7200 X62.261 Y12.269
G1 F703.1 X61.742 Y11.982 E2765.48358
G1 X62.258 Y11.891 E2765.50031
G1 F855.1 X62.606 Y11.89 E2765.50945
G1 X62.606 Y12.092 E2765.51475
G1 X62.512 Y12.588 E2765.52801
G1 X62.261 Y12.269 E2765.53866
G0 F7200 X62.261 Y12.11
G1 F1500 E2759.03866
;MESH:NONMESH
G0 F600 Z8.585
G0 F7200 X58.53 Y12.14
G0 X57.435 Y12.14
G0 X42.565 Y12.14
G0 X41.47 Y12.14
G0 X38.459 Y12.14
G0 X38.459 Y12.448
;TIME_ELAPSED:6108.860899
;LAYER:49
;TYPE:WALL-INNER
;MESH:luckfox_top.stl
G1 F1500 E2765.53866
G1 F2400 X41.3 Y12.448 E2765.60953
G1 X41.3 Y11.5 E2765.63318
G1 X37.182 Y11.5 E2765.7359
G1 X37.03 Y11.576 E2765.74014
G1 X37 Y11.673 E2765.74268
G1 X37 Y19.522 E2765.93847
G1 F2133.3 X37.05 Y20.572 E2765.96797
G1 X37.573 Y19.985 E2765.99003
G1 F2400 X37.948 Y19.972 E2765.99939
G1 X37.948 Y13.048 E2766.17211
G1 X38.123 Y12.623 E2766.18358
G1 X38.459 Y12.448 E2766.19303
G0 F7200 X38.459 Y12.14
G0 X37.281 Y19.695
G0 X37.05 Y20.572
G1 F1912.4 X37.051 Y35.313 E2766.65451
G1 F1904.8 X37.052 Y50.054 E2767.11783
G1 F1889.8 X37.053 Y64.795 E2767.58483
G1 F1882.4 X37.054 Y79.536 E2768.05367
G0 F7200 X37.281 Y80.305
G0 X37.712 Y87.988
G0 X38.548 Y88.06
G0 X38.548 Y87.835
G1 F1971.3 X38.076 Y87.52 E2768.0709
G1 F2400 X37.948 Y87.234 E2768.07872
G1 X37.948 Y80.024 E2768.25857
G1 X37.573 Y80.011 E2768.26793
G1 F2105.3 X37.054 Y79.537 E2768.28792
G1 X37 Y80.474 E2768.31461
G1 F2400 X37 Y88.324 E2768.51043
G1 X37.064 Y88.458 E2768.51414
G1 X37.158 Y88.496 E2768.51666
G1 X37.603 Y88.496 E2768.52776
G1 F1971.3 X38.548 Y88.409 E2768.55659
G1 F1669.6 X44.812 Y88.412 E2768.7812
G1 F1666.7 X44.812 Y87.836 E2768.8019
G1 F1669.6 X38.548 Y87.835 E2769.02651
G0 F7200 X38.548 Y87.348
;TYPE:WALL-OUTER
G1 F1200 X38.39 Y87.272 E2769.03089
G1 X38.35 Y87.183 E2769.03332
G1 X38.348 Y79.624 E2769.22188
G1 X37.657 Y79.62 E2769.23912
G1 X37.503 Y79.459 E2769.24468
G1 X37.5 Y20.572 E2770.71362
G1 X37.657 Y20.376 E2770.71988
G1 X38.348 Y20.372 E2770.73712
G1 X38.348 Y13.048 E2770.91982
G1 X38.406 Y12.906 E2770.92364
G1 X38.513 Y12.85 E2770.92666
G1 X41.7 Y12.848 E2771.00616
G1 X41.7 Y11.1 E2771.04976
G1 X37.13 Y11.1 E2771.16376
G1 X36.918 Y11.156 E2771.16923
G1 X36.73 Y11.298 E2771.17511
G1 X36.6 Y11.619 E2771.18375
G1 X36.6 Y88.409 E2773.09928
G1 X36.729 Y88.697 E2773.10715
G1 X36.854 Y88.806 E2773.11129
G1 X37.082 Y88.896 E2773.1174
G1 X45.3 Y88.9 E2773.3224
G1 X45.3 Y87.348 E2773.36112
G1 X38.548 Y87.348 E2773.52955
G0 F7200 X38.39 Y87.272
G0 X38.38 Y87.25
G0 X37.64 Y87.25
G0 X37.39 Y88.106
;TYPE:SKIN
G1 F855.1 X37.391 Y87.786 E2773.53795
G1 F711.5 X37.476 Y87.307 E2773.5533
G1 X37.766 Y87.758 E2773.57022
G1 F855.1 X38.088 Y88.011 E2773.58097
G1 X37.584 Y88.106 E2773.59444
G1 X37.39 Y88.106 E2773.59953
G0 F7200 X37.472 Y80.477
G1 F608.1 X37.476 Y87.307 E2773.85168
G1 F1500 E2767.35168
G0 F7200 X37.262 Y79.863
G0 X37.262 Y20.137
G0 X38.112 Y12.612
G0 X40.826 Y11.974
G1 F1500 E2773.85168
G1 F610.2 X38.385 Y11.976 E2773.9415
G0 F7200 X37.806 Y12.34
G1 F692.3 X37.465 Y13.035 E2773.9666
G1 F718.6 X37.419 Y12.334 E2773.98855
G1 F753.1 X37.419 Y11.919 E2774.00092
G1 X37.797 Y11.919 E2774.01219
G1 F711.5 X38.371 Y11.975 E2774.03039
G1 F684.4 X37.806 Y12.34 E2774.05245
G0 F7200 X37.474 Y13.048
G1 F612.2 X37.474 Y19.522 E2774.28985
G0 F7200 X37.611 Y19.365
G1 F1500 E2767.78985
G0 F7200 X39.215 Y19.695
G0 X60.985 Y19.695
G0 X62.948 Y20.572
;TYPE:WALL-INNER
G1 F1500 E2774.28985
G1 F1931.6 X62.947 Y40.227 E2774.89904
G1 F1920 X62.945 Y59.882 E2775.51191
G1 F1908.5 X62.944 Y79.537 E2776.12846
G0 F7200 X62.719 Y80.305
G0 X62.488 Y87.988
G0 X61.767 Y87.829
G1 F1658 X55.188 Y87.836 E2776.36602
G1 F1666.7 X55.188 Y88.412 E2776.38671
G1 F1658 X61.817 Y88.406 E2776.62607
G1 F1955.2 X62.455 Y88.496 E2776.6458
G1 F2400 X62.9 Y88.475 E2776.65691
G1 X62.968 Y88.421 E2776.65908
G1 X62.996 Y87.955 E2776.67072
G1 F1959.2 X62.906 Y87.317 E2776.69041
G1 F1660.9 X62.909 Y80.343 E2776.94179
G1 F1781.1 X62.944 Y79.536 E2776.96894
G1 X62.528 Y80.073 E2776.99178
G1 F1672.5 X62.335 Y80.106 E2776.99879
G1 F1660.9 X62.329 Y87.267 E2777.25691
G1 F1959.2 X62.073 Y87.573 E2777.2691
G1 F1955.2 X61.767 Y87.829 E2777.28132
G1 F1500 E2770.78132
G0 F7200 X61.767 Y88.06
G0 X62.738 Y79.863
G0 X62.738 Y20.137
G0 X62.56 Y13.048
G0 X62.335 Y13.048
G1 F1500 E2777.28132
G1 F1672.5 X62.335 Y19.89 E2777.52623
G1 X62.528 Y19.923 E2777.53324
G1 F1794.4 X62.948 Y20.572 E2777.55904
G1 X62.909 Y19.653 E2777.58972
G1 F1672.5 X62.909 Y13.048 E2777.82616
G1 F1971.3 X62.996 Y12.103 E2777.85498
G1 F2400 X62.996 Y11.672 E2777.86573
G1 X62.945 Y11.559 E2777.86882
G1 X62.854 Y11.5 E2777.87153
G1 X58.7 Y11.5 E2777.97515
G1 X58.7 Y12.448 E2777.9988
G1 X61.648 Y12.448 E2778.07234
G1 X62.02 Y12.576 E2778.08215
G1 F1971.3 X62.335 Y13.048 E2778.09939
G1 F1500 E2771.59939
G0 F7200 X62.56 Y13.048
G0 X62.738 Y20.137
G0 X62.738 Y79.863
G0 X62.56 Y87.183
G0 X61.846 Y87.183
;TYPE:WALL-OUTER
G1 F1500 E2778.09939
G1 F1200 X61.79 Y87.29 E2778.1024
G1 X61.683 Y87.345 E2778.1054
G1 X54.7 Y87.348 E2778.27959
G1 X54.7 Y88.9 E2778.31831
G1 X62.867 Y88.896 E2778.52203
G1 X63.078 Y88.843 E2778.52746
G1 X63.267 Y88.698 E2778.5334
G1 X63.396 Y88.381 E2778.54194
G1 X63.396 Y11.587 E2780.45757
G1 X63.269 Y11.304 E2780.46531
G1 X63.072 Y11.152 E2780.47152
G1 X62.919 Y11.1 E2780.47555
G1 X58.3 Y11.1 E2780.59077
G1 X58.3 Y12.848 E2780.63437
G1 X61.648 Y12.848 E2780.71789
G1 X61.772 Y12.89 E2780.72116
G1 X61.848 Y13.048 E2780.72553
G1 X61.848 Y20.372 E2780.90823
G1 X62.367 Y20.383 E2780.92118
G1 X62.5 Y20.572 E2780.92694
G1 X62.498 Y79.459 E2782.39588
G1 X62.367 Y79.613 E2782.40093
G1 X61.848 Y79.624 E2782.41388
G1 X61.846 Y87.183 E2782.60244
G0 F7200 X61.79 Y87.29
G0 X61.72 Y87.326
G0 X61.72 Y88.06
G0 X62.639 Y87.972
;TYPE:SKIN
G1 F1019.8 X62.637 Y88.137 E2782.60607
G1 X62.472 Y88.139 E2782.6097
G1 X62.112 Y88.036 E2782.61794
G1 X62.536 Y87.612 E2782.63115
G1 X62.639 Y87.972 E2782.63939
G1 F1500 E2776.13939
G0 F7200 X62.738 Y79.863
G0 X62.738 Y20.137
G0 X62.088 Y12.612
G0 X59.174 Y11.974
G1 F1500 E2782.63939
G1 F612.2 X61.644 Y11.974 E2782.72996
G1 F604 X61.742 Y11.982 E2782.73362
G0 F7200 X62.26 Y12.268
G1 F703.1 X61.742 Y11.982 E2782.75251
G1 X62.258 Y11.891 E2782.76924
G1 F855.1 X62.602 Y11.89 E2782.77827
G1 X62.606 Y12.09 E2782.78352
G1 X62.511 Y12.588 E2782.79683
G1 X62.26 Y12.268 E2782.80751
G0 F7200 X62.26 Y12.11
G1 F1500 E2776.30751
;MESH:NONMESH
G0 F600 Z8.735
G0 F7200 X58.53 Y12.14
G0 X57.435 Y12.14
G0 X42.565 Y12.14
G0 X41.47 Y12.14
G0 X38.459 Y12.14
G0 X38.459 Y12.448
;TIME_ELAPSED:6143.993689
;LAYER:50
;TYPE:WALL-INNER
;MESH:luckfox_top.stl
G1 F1500 E2782.80751
G1 F2400 X41.3 Y12.448 E2782.87838
G1 X41.3 Y11.5 E2782.90203
G1 X37.128 Y11.5 E2783.0061
G1 X37 Y11.606 E2783.01024
G1 X37 Y19.522 E2783.20771
G1 F2133.3 X37.05 Y20.572 E2783.23721
G1 X37.573 Y19.985 E2783.25927
G1 F2400 X37.948 Y19.972 E2783.26863
G1 X37.948 Y13.048 E2783.44135
G1 X38.123 Y12.623 E2783.45282
G1 X38.459 Y12.448 E2783.46227
G0 F7200 X38.459 Y12.14
G0 X37.281 Y19.695
G0 X37.05 Y20.572
G1 F1912.4 X37.051 Y35.313 E2783.92375
G1 F1904.8 X37.052 Y50.054 E2784.38707
G1 F1889.8 X37.053 Y64.795 E2784.85407
G1 F1882.4 X37.054 Y79.536 E2785.32291
G0 F7200 X37.281 Y80.305
G0 X37.712 Y87.988
G0 X38.548 Y88.06
G0 X38.548 Y87.835
G1 F1971.3 X38.076 Y87.52 E2785.34014
G1 F2400 X37.948 Y87.234 E2785.34796
G1 X37.948 Y80.024 E2785.52781
G1 X37.573 Y80.011 E2785.53717
G1 F2105.3 X37.054 Y79.537 E2785.55716
G1 X37 Y80.474 E2785.58385
G1 F2400 X37 Y88.369 E2785.78079
G1 X37.177 Y88.496 E2785.78623
G1 X37.603 Y88.496 E2785.79685
G1 F1971.3 X38.548 Y88.409 E2785.82568
G1 F1669.6 X44.812 Y88.412 E2786.05029
G1 F1666.7 X44.812 Y87.836 E2786.07099
G1 F1669.6 X38.548 Y87.835 E2786.2956
G0 F7200 X38.548 Y87.348
;TYPE:WALL-OUTER
G1 F1200 X38.39 Y87.272 E2786.29998
G1 X38.35 Y87.183 E2786.30241
G1 X38.348 Y79.624 E2786.49097
G1 X37.657 Y79.62 E2786.50821
G1 X37.503 Y79.459 E2786.51377
G1 X37.5 Y20.572 E2787.98271
G1 X37.657 Y20.376 E2787.98897
G1 X38.348 Y20.372 E2788.00621
G1 X38.348 Y13.048 E2788.18891
G1 X38.406 Y12.906 E2788.19273
G1 X38.513 Y12.85 E2788.19575
G1 X41.7 Y12.848 E2788.27525
G1 X41.7 Y11.1 E2788.31885
G1 X37.129 Y11.1 E2788.43287
G1 X36.921 Y11.152 E2788.43822
G1 X36.704 Y11.332 E2788.44526
G1 X36.6 Y11.616 E2788.4528
G1 X36.6 Y88.42 E2790.36868
G1 X36.648 Y88.568 E2790.37257
G1 X36.8 Y88.762 E2790.37871
G1 X37.089 Y88.896 E2790.38666
G1 X45.3 Y88.9 E2790.59148
G1 X45.3 Y87.348 E2790.6302
G1 X38.548 Y87.348 E2790.79863
G0 F7200 X38.39 Y87.272
G0 X38.38 Y87.25
G0 X37.64 Y87.25
G0 X37.391 Y88.099
;TYPE:SKIN
G1 F853.1 X37.392 Y87.786 E2790.80687
G1 F710.1 X37.476 Y87.307 E2790.82224
G1 X37.766 Y87.759 E2790.83922
G1 F853.1 X38.087 Y88.011 E2790.84996
G1 X37.591 Y88.105 E2790.86325
G1 X37.391 Y88.099 E2790.86851
G0 F7200 X37.472 Y80.477
G1 F608.1 X37.476 Y87.307 E2791.12067
G1 F1500 E2784.62067
G0 F7200 X37.262 Y79.863
G0 X37.262 Y20.137
G0 X38.112 Y12.612
G0 X40.826 Y11.974
G1 F1500 E2791.12067
G1 F610.2 X38.385 Y11.976 E2791.21048
G0 F7200 X37.806 Y12.34
G1 F692.3 X37.465 Y13.035 E2791.23559
G1 F718.6 X37.419 Y12.334 E2791.25754
G1 F753.1 X37.419 Y11.919 E2791.26991
G1 X37.797 Y11.919 E2791.28117
G1 F711.5 X38.371 Y11.975 E2791.29937
G1 F684.4 X37.806 Y12.34 E2791.32144
G0 F7200 X37.474 Y13.048
G1 F612.2 X37.474 Y19.522 E2791.55883
G0 F7200 X37.611 Y19.365
G1 F1500 E2785.05883
G0 F7200 X39.215 Y19.695
G0 X60.985 Y19.695
G0 X62.948 Y20.572
;TYPE:WALL-INNER
G1 F1500 E2791.55883
G1 F1931.6 X62.947 Y40.227 E2792.16803
G1 F1920 X62.945 Y59.882 E2792.7809
G1 F1908.5 X62.944 Y79.537 E2793.39744
G0 F7200 X62.719 Y80.305
G0 X62.488 Y87.988
G0 X61.767 Y87.829
G1 F1658 X55.188 Y87.836 E2793.635
G1 F1666.7 X55.188 Y88.412 E2793.65569
G1 F1658 X61.817 Y88.406 E2793.89505
G1 F1955.2 X62.455 Y88.496 E2793.91478
G1 F2400 X62.89 Y88.478 E2793.92564
G1 X62.975 Y88.407 E2793.9284
G1 X62.996 Y87.955 E2793.93969
G1 F1959.2 X62.906 Y87.317 E2793.95938
G1 F1660.9 X62.909 Y80.343 E2794.21076
G1 F1781.1 X62.944 Y79.536 E2794.23791
G1 X62.528 Y80.073 E2794.26075
G1 F1672.5 X62.335 Y80.106 E2794.26775
G1 F1660.9 X62.329 Y87.267 E2794.52588
G1 F1959.2 X62.073 Y87.573 E2794.53807
G1 F1955.2 X61.767 Y87.829 E2794.55029
G1 F1500 E2788.05029
G0 F7200 X61.767 Y88.06
G0 X62.738 Y79.863
G0 X62.738 Y20.137
G0 X62.56 Y13.048
G0 X62.335 Y13.048
G1 F1500 E2794.55029
G1 F1672.5 X62.335 Y19.89 E2794.7952
G1 X62.528 Y19.923 E2794.80221
G1 F1794.4 X62.948 Y20.572 E2794.828
G1 X62.909 Y19.653 E2794.85869
G1 F1672.5 X62.909 Y13.048 E2795.09513
G1 F1971.3 X62.996 Y12.103 E2795.12395
G1 F2400 X62.996 Y11.641 E2795.13547
G1 X62.943 Y11.557 E2795.13795
G1 X62.821 Y11.5 E2795.14131
G1 X58.7 Y11.5 E2795.24411
G1 X58.7 Y12.448 E2795.26776
G1 X61.648 Y12.448 E2795.3413
G1 X62.02 Y12.576 E2795.35111
G1 F1971.3 X62.335 Y13.048 E2795.36834
G1 F1500 E2788.86834
G0 F7200 X62.56 Y13.048
G0 X62.738 Y20.137
G0 X62.738 Y79.863
G0 X62.56 Y87.183
G0 X61.846 Y87.183
;TYPE:WALL-OUTER
G1 F1500 E2795.36834
G1 F1200 X61.79 Y87.29 E2795.37136
G1 X61.683 Y87.345 E2795.37436
G1 X54.7 Y87.348 E2795.54855
G1 X54.7 Y88.9 E2795.58726
G1 X62.867 Y88.896 E2795.79099
G1 X63.075 Y88.844 E2795.79634
G1 X63.293 Y88.663 E2795.80341
G1 X63.396 Y88.38 E2795.81092
G1 X63.396 Y11.579 E2797.72673
G1 X63.347 Y11.426 E2797.73074
G1 X63.199 Y11.234 E2797.73678
G1 X62.908 Y11.1 E2797.74477
G1 X58.3 Y11.1 E2797.85972
G1 X58.3 Y12.848 E2797.90333
G1 X61.648 Y12.848 E2797.98684
G1 X61.772 Y12.89 E2797.99011
G1 X61.848 Y13.048 E2797.99448
G1 X61.848 Y20.372 E2798.17718
G1 X62.367 Y20.383 E2798.19013
G1 X62.5 Y20.572 E2798.19589
G1 X62.498 Y79.459 E2799.66484
G1 X62.367 Y79.613 E2799.66988
G1 X61.848 Y79.624 E2799.68283
G1 X61.846 Y87.183 E2799.87139
G0 F7200 X61.79 Y87.29
G0 X61.72 Y87.326
G0 X61.72 Y88.06
G0 X62.639 Y87.972
;TYPE:SKIN
G1 F1019.8 X62.637 Y88.137 E2799.87502
G1 X62.472 Y88.139 E2799.87865
G1 X62.112 Y88.036 E2799.8869
G1 X62.536 Y87.612 E2799.9001
G1 X62.639 Y87.972 E2799.90834
G1 F1500 E2793.40834
G0 F7200 X62.738 Y79.863
G0 X62.738 Y20.137
G0 X62.088 Y12.612
G0 X59.174 Y11.974
G1 F1500 E2799.90834
G1 F612.2 X61.644 Y11.974 E2799.99891
G1 F604 X61.742 Y11.982 E2800.00257
G0 F7200 X62.261 Y12.269
G1 F703.1 X61.742 Y11.982 E2800.0215
G1 X62.258 Y11.891 E2800.03823
G1 F855.1 X62.606 Y11.89 E2800.04737
G1 X62.606 Y12.092 E2800.05267
G1 X62.512 Y12.588 E2800.06593
G1 X62.261 Y12.269 E2800.07658
G0 F7200 X62.261 Y12.11
G1 F1500 E2793.57658
;MESH:NONMESH
G0 F600 Z8.885
G0 F7200 X58.53 Y12.14
G0 X57.435 Y12.14
G0 X42.565 Y12.14
G0 X41.47 Y12.14
G0 X38.459 Y12.14
G0 X38.459 Y12.448
;TIME_ELAPSED:6179.129168
;LAYER:51
;TYPE:WALL-INNER
;MESH:luckfox_top.stl
G1 F1500 E2800.07658
G1 F2400 X41.3 Y12.448 E2800.14745
G1 X41.3 Y11.5 E2800.1711
G1 X37.177 Y11.5 E2800.27395
G1 X37.057 Y11.553 E2800.27722
G1 X37 Y11.677 E2800.28063
G1 X37 Y19.522 E2800.47632
G1 F2133.3 X37.05 Y20.572 E2800.50582
G1 X37.573 Y19.985 E2800.52788
G1 F2400 X37.948 Y19.972 E2800.53724
G1 X37.948 Y13.048 E2800.70996
G1 X38.123 Y12.623 E2800.72143
G1 X38.459 Y12.448 E2800.73088
G0 F7200 X38.459 Y12.14
G0 X37.281 Y19.695
G0 X37.05 Y20.572
G1 F1912.4 X37.051 Y35.313 E2801.19236
G1 F1904.8 X37.052 Y50.054 E2801.65569
G1 F1889.8 X37.053 Y64.795 E2802.12268
G1 F1882.4 X37.054 Y79.536 E2802.59152
G0 F7200 X37.281 Y80.305
G0 X37.712 Y87.988
G0 X38.548 Y88.06
G0 X38.548 Y87.835
G1 F1971.3 X38.076 Y87.52 E2802.60876
G1 F2400 X37.948 Y87.234 E2802.61657
G1 X37.948 Y80.024 E2802.79643
G1 X37.573 Y80.011 E2802.80579
G1 F2105.3 X37.054 Y79.537 E2802.82577
G1 X37 Y80.474 E2802.85246
G1 F2400 X37 Y88.318 E2803.04813
G1 X37.054 Y88.441 E2803.05148
G1 X37.174 Y88.496 E2803.05478
G1 X37.603 Y88.496 E2803.06548
G1 F1971.3 X38.548 Y88.409 E2803.0943
G1 F1669.6 X44.812 Y88.412 E2803.31892
G1 F1666.7 X44.812 Y87.836 E2803.33961
G1 F1669.6 X38.548 Y87.835 E2803.56423
G0 F7200 X38.548 Y87.348
;TYPE:WALL-OUTER
G1 F1200 X38.39 Y87.272 E2803.5686
G1 X38.35 Y87.183 E2803.57103
G1 X38.348 Y79.624 E2803.75959
G1 X37.657 Y79.62 E2803.77683
G1 X37.503 Y79.459 E2803.78239
G1 X37.5 Y20.572 E2805.25133
G1 X37.657 Y20.376 E2805.2576
G1 X38.348 Y20.372 E2805.27483
G1 X38.348 Y13.048 E2805.45753
G1 X38.406 Y12.906 E2805.46136
G1 X38.513 Y12.85 E2805.46437
G1 X41.7 Y12.848 E2805.54387
G1 X41.7 Y11.1 E2805.58747
G1 X37.129 Y11.1 E2805.7015
G1 X36.919 Y11.152 E2805.7069
G1 X36.734 Y11.299 E2805.71279
G1 X36.6 Y11.589 E2805.72076
G1 X36.6 Y88.367 E2807.63599
G1 X36.652 Y88.578 E2807.64141
G1 X36.8 Y88.765 E2807.64736
G1 X37.088 Y88.896 E2807.65526
G1 X45.3 Y88.9 E2807.86011
G1 X45.3 Y87.348 E2807.89882
G1 X38.548 Y87.348 E2808.06725
G0 F7200 X38.39 Y87.272
G0 X38.38 Y87.25
G0 X37.64 Y87.25
G0 X37.391 Y88.101
;TYPE:SKIN
G1 F853.1 X37.392 Y87.786 E2808.07554
G1 F710.1 X37.476 Y87.307 E2808.09092
G1 X37.766 Y87.759 E2808.1079
G1 F853.1 X38.087 Y88.011 E2808.11864
G1 X37.59 Y88.105 E2808.13195
G1 X37.391 Y88.101 E2808.13718
G0 F7200 X37.472 Y80.477
G1 F608.1 X37.476 Y87.307 E2808.38934
G1 F1500 E2801.88934
G0 F7200 X37.262 Y79.863
G0 X37.262 Y20.137
G0 X38.112 Y12.612
G0 X40.826 Y11.974
G1 F1500 E2808.38934
G1 F610.2 X38.385 Y11.976 E2808.47915
G0 F7200 X37.806 Y12.34
G1 F692.3 X37.465 Y13.035 E2808.50426
G1 F718.6 X37.419 Y12.334 E2808.52621
G1 F753.1 X37.419 Y11.919 E2808.53858
G1 X37.797 Y11.919 E2808.54985
G1 F711.5 X38.371 Y11.975 E2808.56805
G1 F684.4 X37.806 Y12.34 E2808.59011
G0 F7200 X37.474 Y13.048
G1 F612.2 X37.474 Y19.522 E2808.82751
G0 F7200 X37.611 Y19.365
G1 F1500 E2802.32751
G0 F7200 X39.215 Y19.695
G0 X60.985 Y19.695
G0 X62.948 Y20.572
;TYPE:WALL-INNER
G1 F1500 E2808.82751
G1 F1931.6 X62.947 Y40.227 E2809.4367
G1 F1920 X62.945 Y59.882 E2810.04957
G1 F1908.5 X62.944 Y79.537 E2810.66612
G0 F7200 X62.719 Y80.305
G0 X62.488 Y87.988
G0 X61.767 Y87.829
G1 F1658 X55.188 Y87.836 E2810.90367
G1 F1666.7 X55.188 Y88.412 E2810.92436
G1 F1658 X61.817 Y88.406 E2811.16372
G1 F1955.2 X62.455 Y88.496 E2811.18345
G1 F2400 X62.818 Y88.496 E2811.19251
G1 X62.941 Y88.442 E2811.19586
G1 X62.996 Y88.322 E2811.19915
G1 X62.996 Y87.955 E2811.20831
G1 F1959.2 X62.906 Y87.317 E2811.22799
G1 F1660.9 X62.909 Y80.343 E2811.47938
G1 F1781.1 X62.944 Y79.536 E2811.50653
G1 X62.528 Y80.073 E2811.52936
G1 F1672.5 X62.335 Y80.106 E2811.53637
G1 F1660.9 X62.329 Y87.267 E2811.79449
G1 F1959.2 X62.073 Y87.573 E2811.80668
G1 F1955.2 X61.767 Y87.829 E2811.8189
G1 F1500 E2805.3189
G0 F7200 X61.767 Y88.06
G0 X62.738 Y79.863
G0 X62.738 Y20.137
G0 X62.56 Y13.048
G1 F1500 E2811.8189
G0 F7200 X62.335 Y13.048
G0 E2805.3189
G1 F1500 E2811.8189
G1 F1672.5 X62.335 Y19.89 E2812.06382
G1 X62.528 Y19.923 E2812.07083
G1 F1794.4 X62.948 Y20.572 E2812.09662
G1 X62.909 Y19.653 E2812.12731
G1 F1672.5 X62.909 Y13.048 E2812.36374
G1 F1971.3 X62.996 Y12.103 E2812.39256
G1 F2400 X62.996 Y11.641 E2812.40409
G1 X62.94 Y11.554 E2812.40667
G1 X62.822 Y11.5 E2812.40991
G1 X58.7 Y11.5 E2812.51273
G1 X58.7 Y12.448 E2812.53638
G1 X61.648 Y12.448 E2812.60992
G1 X62.02 Y12.576 E2812.61973
G1 F1971.3 X62.335 Y13.048 E2812.63696
G1 F1500 E2806.13696
G0 F7200 X62.56 Y13.048
G0 X62.738 Y20.137
G0 X62.738 Y79.863
G0 X62.56 Y87.183
G1 F1500 E2812.63696
G0 F7200 X61.846 Y87.183
G0 E2806.13696
;TYPE:WALL-OUTER
G1 F1500 E2812.63696
G1 F1200 X61.79 Y87.29 E2812.63998
G1 X61.683 Y87.345 E2812.64298
G1 X54.7 Y87.348 E2812.81717
G1 X54.7 Y88.9 E2812.85589
G1 X62.867 Y88.896 E2813.05961
G1 X63.078 Y88.844 E2813.06503
G1 X63.265 Y88.696 E2813.07098
G1 X63.396 Y88.408 E2813.07887
G1 X63.396 Y11.579 E2814.99538
G1 X63.347 Y11.427 E2814.99937
G1 X63.196 Y11.23 E2815.00556
G1 X62.908 Y11.1 E2815.01344
G1 X58.3 Y11.1 E2815.12839
G1 X58.3 Y12.848 E2815.17199
G1 X61.648 Y12.848 E2815.25551
G1 X61.772 Y12.89 E2815.25877
G1 X61.848 Y13.048 E2815.26315
G1 X61.848 Y20.372 E2815.44584
G1 X62.367 Y20.383 E2815.45879
G1 X62.5 Y20.572 E2815.46456
G1 X62.498 Y79.459 E2816.9335
G1 X62.367 Y79.613 E2816.93854
G1 X61.848 Y79.624 E2816.95149
G1 X61.846 Y87.183 E2817.14005
G0 F7200 X61.79 Y87.29
G0 X61.72 Y87.326
G0 X61.72 Y88.06
G0 X62.638 Y87.974
;TYPE:SKIN
G1 F1019.8 X62.635 Y88.139 E2817.14369
G1 X62.473 Y88.139 E2817.14725
G1 X62.112 Y88.036 E2817.15552
G1 X62.536 Y87.612 E2817.16872
G1 X62.638 Y87.974 E2817.177
G1 F1500 E2810.677
G0 F7200 X62.738 Y79.863
G0 X62.738 Y20.137
G0 X62.088 Y12.612
G0 X59.174 Y11.974
G1 F1500 E2817.177
G1 F612.2 X61.644 Y11.974 E2817.26757
G1 F604 X61.742 Y11.982 E2817.27122
G0 F7200 X62.261 Y12.269
G1 F703.1 X61.742 Y11.982 E2817.29016
G1 X62.258 Y11.891 E2817.30689
G1 F855.1 X62.606 Y11.89 E2817.31603
G1 X62.606 Y12.092 E2817.32133
G1 X62.512 Y12.588 E2817.33458
G1 X62.261 Y12.269 E2817.34524
G0 F7200 X62.261 Y12.11
;TIME_ELAPSED:6213.706282
G1 F1500 E2810.84524
M107
M104 S0
M140 S0
;Retract the filament
G92 E1
G1 E-1 F300
G28 X0 Y0
M84
M82 ;absolute extrusion mode
M104 S0
;End of Gcode
;SETTING_3 {"global_quality": "[general]\\nversion = 4\\nname = Normal #2\\ndefi
;SETTING_3 nition = custom\\n\\n[metadata]\\ntype = quality_changes\\nquality_ty
;SETTING_3 pe = fast\\nsetting_version = 27\\n\\n[values]\\nadhesion_type = raft
;SETTING_3 \\nraft_smoothing = 2.5\\nsupport_structure = normal\\n\\n", "extrude
;SETTING_3 r_quality": ["[general]\\nversion = 4\\nname = Normal #2\\ndefinition
;SETTING_3  = custom\\n\\n[metadata]\\ntype = quality_changes\\nquality_type = f
;SETTING_3 ast\\nintent_category = default\\nposition = 0\\nsetting_version = 27
;SETTING_3 \\n\\n[values]\\ncool_fan_full_layer = 3\\ninfill_sparse_density = 20
;SETTING_3 \\nmaterial_final_print_temperature = 230.0\\nmaterial_initial_print_
;SETTING_3 temperature = 230.0\\nmaterial_print_temperature = 230.0\\nraft_airga
;SETTING_3 p = 0.22\\nraft_base_line_spacing = 3.0\\nraft_base_line_width = 1.0\
;SETTING_3 \nraft_base_thickness = 0.3\\nraft_margin = 2.5\\nskirt_height = 2\\n
;SETTING_3 skirt_line_count = 2\\nspeed_layer_0 = 15\\nspeed_print = 30\\nsuppor
;SETTING_3 t_type = everywhere\\n\\n"]}
