;FLAVOR:Marlin
;TIME:7590
;Filament used: 3.48162m
;Layer height: 0.15
;MINX:32.196
;MINY:6.696
;MINZ:0.3
;MAXX:67.8
;MAXY:93.3
;MAXZ:9.785
;TARGET_MACHINE.NAME:Unknown
;Generated with Cura_SteamEngine 5.13.0
M104 S230
M105
M109 S230
G28 ;Home
G1 Z15.0 F6000 ;Move the platform down 15mm
;Prime the extruder
G92 E0
G1 F200 E3
G92 E0
M82 ;absolute extrusion mode
G92 E0
G92 E0
G1 F1500 E-6.5
;LAYER_COUNT:58
;LAYER:-5
M107
G0 F7200 X32.385 Y10.328 Z0.3
;TYPE:SUPPORT-INTERFACE
G1 F1500 E0
G1 F675 X32.645 Y9.63 E0.0929
G1 X32.965 Y9.028 E0.17794
G1 X33.346 Y8.474 E0.2618
G1 X33.908 Y7.912 E0.36093
G1 X34.419 Y7.517 E0.44148
G1 X35.017 Y7.192 E0.52637
G1 X35.91 Y6.866 E0.64494
G1 X36.581 Y6.733 E0.73026
G1 X37.176 Y6.696 E0.80462
G1 X62.837 Y6.696 E4.0052
G1 X63.474 Y6.734 E4.08479
G1 X63.919 Y6.819 E4.1413
G1 X64.505 Y6.988 E4.21736
G1 X65.207 Y7.297 E4.31303
G1 X65.998 Y7.821 E4.43137
G1 X66.526 Y8.354 E4.52494
G1 X66.89 Y8.805 E4.59723
G1 X67.207 Y9.322 E4.67287
G1 X67.424 Y9.786 E4.73676
G1 X67.649 Y10.428 E4.82161
G1 X67.766 Y11.144 E4.9121
G1 X67.8 Y11.692 E4.98058
G1 X67.8 Y88.374 E14.54478
G1 X67.763 Y89.034 E14.62723
G1 X67.611 Y89.709 E14.71352
G1 X67.4 Y90.277 E14.7891
G1 X67.199 Y90.681 E14.84538
G1 X66.803 Y91.304 E14.93745
G1 X66.348 Y91.853 E15.02639
G1 X65.684 Y92.408 E15.13432
G1 X65.141 Y92.723 E15.21262
G1 X64.504 Y93.018 E15.30018
G1 X63.753 Y93.206 E15.39674
G1 X62.834 Y93.3 E15.51196
G1 X37.131 Y93.3 E18.71778
G1 X36.486 Y93.263 E18.79836
G1 X35.772 Y93.102 E18.88965
G1 X35.043 Y92.841 E18.98622
G1 X34.146 Y92.302 E19.11675
G1 X33.538 Y91.721 E19.22164
G1 X33.22 Y91.341 E19.28344
G1 X32.823 Y90.76 E19.37121
G1 X32.513 Y90.06 E19.46669
G1 X32.365 Y89.583 E19.52899
G1 X32.23 Y88.915 E19.61399
G1 X32.196 Y88.337 E19.6862
G1 X32.196 Y11.662 E29.24953
G1 X32.233 Y10.998 E29.33248
G1 X32.385 Y10.328 E29.41817
G0 F7200 X32.706 Y11.493
G1 F675 X67.3 Y46.086 E35.52006
G0 F7200 X67.3 Y41.844
G1 F675 X33.991 Y8.535 E41.39539
G0 F7200 X36.912 Y7.214
G1 F675 X67.3 Y37.601 E46.75539
G0 F7200 X67.3 Y33.358
G1 F675 X41.137 Y7.196 E51.37016
G0 F7200 X45.38 Y7.196
G1 F675 X67.3 Y29.116 E55.23659
G0 F7200 X67.3 Y24.873
G1 F675 X49.623 Y7.196 E58.35461
G0 F7200 X53.865 Y7.196
G1 F675 X67.3 Y20.631 E60.72439
G0 F7200 X67.3 Y16.388
G1 F675 X58.108 Y7.196 E62.34575
G0 F7200 X62.351 Y7.196
G1 F675 X67.3 Y12.145 E63.2187
G0 F7200 X32.696 Y15.725
G1 F675 X67.3 Y50.329 E69.32245
G0 F7200 X67.3 Y54.572
G1 F675 X32.696 Y19.968 E75.4262
G0 F7200 X32.696 Y24.211
G1 F675 X67.3 Y58.814 E81.52986
G0 F7200 X67.3 Y63.057
G1 F675 X32.696 Y28.453 E87.6336
G0 F7200 X32.696 Y32.696
G1 F675 X67.3 Y67.3 E93.73735
G0 F7200 X67.3 Y71.542
G1 F675 X32.696 Y36.939 E99.84101
G0 F7200 X32.696 Y41.181
G1 F675 X67.3 Y75.785 E105.94476
G0 F7200 X67.3 Y80.028
G1 F675 X32.696 Y45.424 E112.04851
G0 F7200 X32.696 Y49.666
G1 F675 X67.3 Y84.27 E118.15225
G0 F7200 X67.292 Y88.505
G1 F675 X32.696 Y53.909 E124.25459
G0 F7200 X32.696 Y58.152
G1 F675 X66.015 Y91.471 E130.13168
G0 F7200 X63.074 Y92.772
G1 F675 X32.696 Y62.394 E135.49001
G0 F7200 X32.696 Y66.637
G1 F675 X58.859 Y92.8 E140.10486
G0 F7200 X54.616 Y92.8
G1 F675 X32.696 Y70.88 E143.9713
G0 F7200 X32.696 Y75.122
G1 F675 X50.374 Y92.8 E147.08949
G0 F7200 X46.131 Y92.8
G1 F675 X32.696 Y79.365 E149.45927
G0 F7200 X32.696 Y83.608
G1 F675 X41.888 Y92.8 E151.08064
G0 F7200 X37.646 Y92.8
G1 F675 X32.696 Y87.85 E151.95376
G0 F600 Z0.525
G0 F7200 X67.304 Y89.674
;TIME_ELAPSED:113.144670
;LAYER:-4
;TYPE:SUPPORT
G1 F675 X67.215 Y89.98 E151.97761
G1 X66.838 Y90.723 E152.03996
G1 X66.489 Y91.244 E152.08689
G1 X66.013 Y91.747 E152.13871
G1 X65.919 Y91.607 E152.15133
G1 X65.372 Y92.208 E152.21215
G1 X64.497 Y92.584 E152.28342
G1 X64.569 Y92.657 E152.29109
G1 X64.453 Y92.702 E152.3004
G1 X64.395 Y92.583 E152.31031
G1 X67.304 Y89.674 E152.61818
G1 X67.39 Y89.375 E152.64146
G1 X67.501 Y88.661 E152.69553
G1 X67.501 Y88.062 E152.74036
G1 X62.563 Y93.001 E153.26302
G1 X61.148 Y93.001 E153.36891
G1 X67.501 Y86.648 E154.04127
G1 X67.501 Y85.234 E154.14708
G1 X59.734 Y93.001 E154.96909
G1 X58.32 Y93.001 E155.07491
G1 X67.501 Y83.82 E156.04656
G1 X67.501 Y82.406 E156.15238
G1 X56.906 Y93.001 E157.27368
G1 X55.492 Y93.001 E157.3795
G1 X67.501 Y80.991 E158.6505
G1 X67.501 Y79.577 E158.75632
G1 X54.077 Y93.001 E160.17702
G1 X52.663 Y93.001 E160.28284
G1 X67.501 Y78.163 E161.85319
G1 X67.501 Y76.749 E161.95901
G1 X51.249 Y93.001 E163.67901
G1 X49.835 Y93.001 E163.78482
G1 X67.501 Y75.334 E165.65452
G1 X67.501 Y73.92 E165.76034
G1 X48.421 Y93.001 E167.77969
G1 X47.006 Y93.001 E167.88558
G1 X67.501 Y72.506 E170.05463
G1 X67.501 Y71.092 E170.16045
G1 X45.592 Y93.001 E172.47915
G1 X44.178 Y93.001 E172.58496
G1 X67.501 Y69.678 E175.05331
G1 X67.501 Y68.263 E175.1592
G1 X42.764 Y93.001 E177.77725
G1 X41.349 Y93.001 E177.88314
G1 X67.501 Y66.849 E180.65089
G1 X67.501 Y65.435 E180.7567
G1 X39.935 Y93.001 E183.6741
G1 X38.521 Y93.001 E183.77991
G1 X67.501 Y64.021 E186.84696
G1 X67.501 Y62.607 E186.95278
G1 X37.11 Y92.998 E190.16915
G1 X36.375 Y92.936 E190.22435
G1 X35.872 Y92.821 E190.26296
G1 X67.501 Y61.192 E193.61036
G1 X67.501 Y59.778 E193.71617
G1 X34.883 Y92.396 E197.16824
G1 X34.467 Y92.15 E197.20441
G1 X34.056 Y91.809 E197.24437
G1 X67.501 Y58.364 E200.78396
G1 X67.501 Y56.95 E200.88978
G1 X33.39 Y91.061 E204.49985
G1 X33.082 Y90.607 E204.5409
G1 X32.883 Y90.153 E204.578
G1 X67.501 Y55.535 E208.24173
G1 X67.501 Y54.121 E208.34755
G1 X32.566 Y89.057 E212.04488
G1 X32.508 Y88.523 E212.08508
G1 X32.702 Y87.654 E212.15171
G1 X32.554 Y87.654 E212.16279
G1 X67.501 Y52.707 E215.86134
G1 X67.501 Y51.293 E215.96715
G1 X32.499 Y86.295 E219.67152
G1 X32.499 Y84.88 E219.77741
G1 X67.501 Y49.879 E223.48173
G1 X67.501 Y48.464 E223.58762
G1 X32.499 Y83.466 E227.29199
G1 X32.499 Y82.052 E227.39781
G1 X67.501 Y47.05 E231.10218
G1 X67.501 Y45.636 E231.208
G1 X32.499 Y80.638 E234.91237
G1 X32.499 Y79.224 E235.01819
G1 X67.501 Y44.222 E238.72256
G1 X67.501 Y42.808 E238.82837
G1 X32.499 Y77.809 E242.53269
G1 X32.499 Y76.395 E242.63851
G1 X67.501 Y41.393 E246.34288
G1 X67.501 Y39.979 E246.44869
G1 X32.499 Y74.981 E250.15306
G1 X32.499 Y73.567 E250.25888
G1 X67.501 Y38.565 E253.96325
G1 X67.501 Y37.151 E254.06907
G1 X32.499 Y72.152 E257.77339
G1 X32.499 Y70.738 E257.8792
G1 X67.501 Y35.736 E261.58357
G1 X67.501 Y34.322 E261.68939
G1 X32.499 Y69.324 E265.39376
G1 X32.499 Y67.91 E265.49958
G1 X67.501 Y32.908 E269.20395
G1 X67.501 Y31.494 E269.30977
G1 X32.499 Y66.496 E273.01414
G1 X32.499 Y65.081 E273.12003
G1 X67.501 Y30.08 E276.82435
G1 X67.501 Y28.665 E276.93024
G1 X32.499 Y63.667 E280.63461
G1 X32.499 Y62.253 E280.74042
G1 X67.501 Y27.251 E284.44479
G1 X67.501 Y25.837 E284.55061
G1 X32.499 Y60.839 E288.25498
G1 X32.499 Y59.425 E288.3608
G1 X67.501 Y24.423 E292.06517
G1 X67.501 Y23.009 E292.17099
G1 X32.499 Y58.01 E295.8753
G1 X32.499 Y56.596 E295.98112
G1 X67.501 Y21.594 E299.68549
G1 X67.501 Y20.18 E299.79131
G1 X32.499 Y55.182 E303.49568
G1 X32.499 Y53.768 E303.6015
G1 X67.501 Y18.766 E307.30587
G1 X67.501 Y17.352 E307.41168
G1 X32.499 Y52.353 E311.116
G1 X32.499 Y50.939 E311.22182
G1 X67.501 Y15.937 E314.92619
G1 X67.501 Y14.523 E315.032
G1 X32.499 Y49.525 E318.73638
G1 X32.499 Y48.111 E318.84219
G1 X67.501 Y13.109 E322.54656
G1 X67.501 Y11.695 E322.65238
G1 X32.499 Y46.697 E326.35675
G1 X32.499 Y45.282 E326.46264
G1 X67.337 Y10.444 E330.14966
G1 X67.095 Y9.745 E330.20501
G1 X66.926 Y9.441 E330.23104
G1 X32.499 Y43.868 E333.87456
G1 X32.499 Y42.454 E333.98037
G1 X66.347 Y8.606 E337.56261
G1 X65.955 Y8.203 E337.60469
G1 X65.606 Y7.933 E337.63771
G1 X32.499 Y41.04 E341.14152
G1 X32.499 Y39.626 E341.24734
G1 X64.685 Y7.439 E344.65374
G1 X64.519 Y7.319 E344.66907
G1 X63.638 Y7.072 E344.73754
G1 X32.499 Y38.211 E348.03307
G1 X32.499 Y36.797 E348.13889
G1 X62.298 Y6.999 E351.29256
G1 X60.883 Y6.999 E351.39845
G1 X32.499 Y35.383 E354.40242
G1 X32.499 Y33.969 E354.50824
G1 X59.469 Y6.999 E357.36255
G1 X58.055 Y6.999 E357.46837
G1 X32.499 Y32.554 E360.17299
G1 X32.499 Y31.14 E360.27881
G1 X56.641 Y6.999 E362.83378
G1 X55.226 Y6.999 E362.93967
G1 X32.499 Y29.726 E365.34494
G1 X32.499 Y28.312 E365.45075
G1 X53.812 Y6.999 E367.70637
G1 X52.398 Y6.999 E367.81219
G1 X32.499 Y26.898 E369.91816
G1 X32.499 Y25.483 E370.02406
G1 X50.984 Y6.999 E371.98033
G1 X49.57 Y6.999 E372.08615
G1 X32.499 Y24.069 E373.89277
G1 X32.499 Y22.655 E373.99859
G1 X48.155 Y6.999 E375.65551
G1 X46.741 Y6.999 E375.76133
G1 X32.499 Y21.241 E377.2686
G1 X32.499 Y19.827 E377.37442
G1 X45.327 Y6.999 E378.73205
G1 X43.913 Y6.999 E378.83786
G1 X32.499 Y18.412 E380.04579
G1 X32.499 Y16.998 E380.15161
G1 X42.499 Y6.999 E381.20988
G1 X41.084 Y6.999 E381.31578
G1 X32.499 Y15.584 E382.22435
G1 X32.499 Y14.17 E382.33017
G1 X39.67 Y6.999 E383.0891
G1 X38.256 Y6.999 E383.19492
G1 X32.499 Y12.755 E383.80415
G1 X32.499 Y11.341 E383.90996
G1 X36.82 Y7.02 E384.36727
G1 X36.567 Y7.041 E384.38627
G1 X36.014 Y7.15 E384.42845
G1 X35.15 Y7.462 E384.49719
G1 X34.743 Y7.683 E384.53185
G1 X33.682 Y8.744 E384.64414
G0 F600 Z0.675
G0 F7200 X66.881 Y8.946
;TIME_ELAPSED:389.891054
;LAYER:-3
;TYPE:SUPPORT-INTERFACE
G1 F900 X66.448 Y8.412 E384.66129
G1 X66.087 Y8.05 E384.67404
G1 X65.501 Y7.598 E384.6925
G1 X65.265 Y7.461 E384.69931
G1 X65.239 Y7.539 E384.70136
G1 X67.172 Y9.472 E384.76955
G1 X67.277 Y9.662 E384.77497
G1 X67.533 Y10.399 E384.79443
G1 X64.104 Y6.97 E384.9154
G1 X63.611 Y6.862 E384.92799
G1 X63.415 Y6.846 E384.93289
G1 X67.667 Y11.099 E385.08291
G1 X67.701 Y11.698 E385.09788
G1 X62.802 Y6.799 E385.2707
G1 X62.236 Y6.799 E385.28482
G1 X67.701 Y12.264 E385.47761
G1 X67.701 Y12.83 E385.49173
G1 X61.67 Y6.799 E385.70449
G1 X61.105 Y6.799 E385.71859
G1 X67.701 Y13.395 E385.95128
G1 X67.701 Y13.961 E385.9654
G1 X60.539 Y6.799 E386.21805
G1 X59.973 Y6.799 E386.23217
G1 X67.701 Y14.527 E386.5048
G1 X67.701 Y15.092 E386.51889
G1 X59.408 Y6.799 E386.81145
G1 X58.842 Y6.799 E386.82557
G1 X67.701 Y15.658 E387.1381
G1 X67.701 Y16.224 E387.15221
G1 X58.276 Y6.799 E387.48471
G1 X57.711 Y6.799 E387.4988
G1 X67.701 Y16.79 E387.85124
G1 X67.701 Y17.355 E387.86534
G1 X57.145 Y6.799 E388.23773
G1 X56.579 Y6.799 E388.25185
G1 X67.701 Y17.921 E388.64421
G1 X67.701 Y18.487 E388.65832
G1 X56.013 Y6.799 E389.07065
G1 X55.448 Y6.799 E389.08474
G1 X67.701 Y19.052 E389.517
G1 X67.701 Y19.618 E389.53112
G1 X54.882 Y6.799 E389.98335
G1 X54.316 Y6.799 E389.99746
G1 X67.701 Y20.184 E390.46966
G1 X67.701 Y20.749 E390.48375
G1 X53.751 Y6.799 E390.97587
G1 X53.185 Y6.799 E390.98999
G1 X67.701 Y21.315 E391.50208
G1 X67.701 Y21.881 E391.5162
G1 X52.619 Y6.799 E392.04826
G1 X52.054 Y6.799 E392.06236
G1 X67.701 Y22.446 E392.61435
G1 X67.701 Y23.012 E392.62847
G1 X51.488 Y6.799 E393.20042
G1 X50.922 Y6.799 E393.21454
G1 X67.701 Y23.578 E393.80647
G1 X67.701 Y24.143 E393.82056
G1 X50.357 Y6.799 E394.43242
G1 X49.791 Y6.799 E394.44654
G1 X67.701 Y24.709 E395.07836
G1 X67.701 Y25.275 E395.09248
G1 X49.225 Y6.799 E395.74427
G1 X48.66 Y6.799 E395.75836
G1 X67.701 Y25.841 E396.4301
G1 X67.701 Y26.406 E396.4442
G1 X48.094 Y6.799 E397.13589
G1 X47.528 Y6.799 E397.15001
G1 X67.701 Y26.972 E397.86166
G1 X67.701 Y27.538 E397.87578
G1 X46.962 Y6.799 E398.60741
G1 X46.397 Y6.799 E398.6215
G1 X67.701 Y28.103 E399.37306
G1 X67.701 Y28.669 E399.38717
G1 X45.831 Y6.799 E400.1587
G1 X45.265 Y6.799 E400.17282
G1 X67.701 Y29.235 E400.96431
G1 X67.701 Y29.8 E400.9784
G1 X44.7 Y6.799 E401.78982
G1 X44.134 Y6.799 E401.80394
G1 X67.701 Y30.366 E402.63533
G1 X67.701 Y30.932 E402.64945
G1 X43.568 Y6.799 E403.50081
G1 X43.003 Y6.799 E403.5149
G1 X67.701 Y31.497 E404.38619
G1 X67.701 Y32.063 E404.40031
G1 X42.437 Y6.799 E405.29157
G1 X41.871 Y6.799 E405.30568
G1 X67.701 Y32.629 E406.21691
G1 X67.701 Y33.194 E406.231
G1 X41.306 Y6.799 E407.16216
G1 X40.74 Y6.799 E407.17628
G1 X67.701 Y33.76 E408.1274
G1 X67.701 Y34.326 E408.14152
G1 X40.174 Y6.799 E409.11261
G1 X39.609 Y6.799 E409.1267
G1 X67.701 Y34.891 E410.11772
G1 X67.701 Y35.457 E410.13184
G1 X39.043 Y6.799 E411.14283
G1 X38.477 Y6.799 E411.15695
G1 X67.701 Y36.023 E412.1879
G1 X67.701 Y36.589 E412.20202
G1 X37.912 Y6.799 E413.25293
G1 X37.624 Y6.799 E413.26011
G1 X37.624 Y6.954 E413.26398
G1 X37.465 Y6.918 E413.26804
G1 X67.701 Y37.154 E414.3347
G1 X67.701 Y37.72 E414.34882
G1 X36.802 Y6.821 E415.43886
G1 X36.305 Y6.889 E415.45138
G1 X67.701 Y38.286 E416.55897
G1 X67.701 Y38.851 E416.57307
G1 X35.848 Y6.998 E417.69677
G1 X35.432 Y7.148 E417.7078
G1 X67.701 Y39.417 E418.84618
G1 X67.701 Y39.983 E418.8603
G1 X35.024 Y7.305 E420.01308
G1 X34.657 Y7.504 E420.0235
G1 X67.701 Y40.548 E421.18921
G1 X67.701 Y41.114 E421.20333
G1 X34.321 Y7.734 E422.3809
G1 X33.995 Y7.973 E422.39098
G1 X67.701 Y41.68 E423.58007
G1 X67.701 Y42.245 E423.59417
G1 X33.711 Y8.255 E424.79326
G1 X33.428 Y8.538 E424.80324
G1 X67.701 Y42.811 E426.01231
G1 X67.701 Y43.377 E426.02643
G1 X33.273 Y8.948 E427.24099
G1 X33.016 Y9.257 E427.25101
G1 X67.701 Y43.942 E428.47462
G1 X67.701 Y44.508 E428.48874
G1 X32.781 Y9.588 E429.72064
G1 X32.61 Y9.983 E429.73137
G1 X67.701 Y45.074 E430.9693
G1 X67.701 Y45.64 E430.98342
G1 X32.465 Y10.404 E432.22647
G1 X32.374 Y10.878 E432.23851
G1 X67.701 Y46.205 E433.48476
G1 X67.701 Y46.771 E433.49888
G1 X32.315 Y11.384 E434.74724
G1 X32.299 Y11.934 E434.76096
G1 X67.701 Y47.337 E436.00988
G1 X67.701 Y47.902 E436.02398
G1 X32.299 Y12.5 E437.27288
G1 X32.299 Y13.065 E437.28697
G1 X67.701 Y48.468 E438.53589
G1 X67.701 Y49.034 E438.55001
G1 X32.299 Y13.631 E439.79893
G1 X32.299 Y14.197 E439.81305
G1 X67.701 Y49.599 E441.06195
G1 X67.701 Y50.165 E441.07607
G1 X32.299 Y14.762 E442.32499
G1 X32.299 Y15.328 E442.3391
G1 X67.701 Y50.731 E443.58802
G1 X67.701 Y51.296 E443.60212
G1 X32.299 Y15.894 E444.85102
G1 X32.299 Y16.459 E444.86511
G1 X67.701 Y51.862 E446.11403
G1 X67.701 Y52.428 E446.12815
G1 X32.299 Y17.025 E447.37707
G1 X32.299 Y17.591 E447.39119
G1 X67.701 Y52.993 E448.64009
G1 X67.701 Y53.559 E448.65421
G1 X32.299 Y18.156 E449.90313
G1 X32.299 Y18.722 E449.91725
G1 X67.701 Y54.125 E451.16616
G1 X67.701 Y54.69 E451.18026
G1 X32.299 Y19.288 E452.42916
G1 X32.299 Y19.853 E452.44325
G1 X67.701 Y55.256 E453.69217
G1 X67.701 Y55.822 E453.70629
G1 X32.299 Y20.419 E454.95521
G1 X32.299 Y20.985 E454.96933
G1 X67.701 Y56.388 E456.21825
G1 X67.701 Y56.953 E456.23234
G1 X32.299 Y21.55 E457.48126
G1 X32.299 Y22.116 E457.49538
G1 X67.701 Y57.519 E458.7443
G1 X67.701 Y58.085 E458.75842
G1 X32.299 Y22.682 E460.00734
G1 X32.299 Y23.248 E460.02145
G1 X67.701 Y58.65 E461.27036
G1 X67.701 Y59.216 E461.28447
G1 X32.299 Y23.813 E462.53339
G1 X32.299 Y24.379 E462.54751
G1 X67.701 Y59.782 E463.79643
G1 X67.701 Y60.347 E463.81052
G1 X32.299 Y24.945 E465.05943
G1 X32.299 Y25.51 E465.07352
G1 X67.701 Y60.913 E466.32244
G1 X67.701 Y61.479 E466.33656
G1 X32.299 Y26.076 E467.58548
G1 X32.299 Y26.642 E467.5996
G1 X67.701 Y62.044 E468.8485
G1 X67.701 Y62.61 E468.86262
G1 X32.299 Y27.207 E470.11153
G1 X32.299 Y27.773 E470.12565
G1 X67.701 Y63.176 E471.37457
G1 X67.701 Y63.741 E471.38867
G1 X32.299 Y28.339 E472.63757
G1 X32.299 Y28.904 E472.65166
G1 X67.701 Y64.307 E473.90058
G1 X67.701 Y64.873 E473.9147
G1 X32.299 Y29.47 E475.16362
G1 X32.299 Y30.036 E475.17774
G1 X67.701 Y65.438 E476.42664
G1 X67.701 Y66.004 E476.44076
G1 X32.299 Y30.601 E477.68968
G1 X32.299 Y31.167 E477.70379
G1 X67.701 Y66.57 E478.95271
G1 X67.701 Y67.136 E478.96683
G1 X32.299 Y31.733 E480.21575
G1 X32.299 Y32.299 E480.22987
G1 X67.701 Y67.701 E481.47877
G1 X67.701 Y68.267 E481.49289
G1 X32.299 Y32.864 E482.74181
G1 X32.299 Y33.43 E482.75593
G1 X67.701 Y68.833 E484.00485
G1 X67.701 Y69.398 E484.01894
G1 X32.299 Y33.996 E485.26784
G1 X32.299 Y34.561 E485.28194
G1 X67.701 Y69.964 E486.53085
G1 X67.701 Y70.53 E486.54497
G1 X32.299 Y35.127 E487.79389
G1 X32.299 Y35.693 E487.80801
G1 X67.701 Y71.095 E489.05691
G1 X67.701 Y71.661 E489.07103
G1 X32.299 Y36.258 E490.31995
G1 X32.299 Y36.824 E490.33407
G1 X67.701 Y72.227 E491.58299
G1 X67.701 Y72.792 E491.59708
G1 X32.299 Y37.39 E492.84598
G1 X32.299 Y37.955 E492.86008
G1 X67.701 Y73.358 E494.109
G1 X67.701 Y73.924 E494.12311
G1 X32.299 Y38.521 E495.37203
G1 X32.299 Y39.087 E495.38615
G1 X67.701 Y74.489 E496.63505
G1 X67.701 Y75.055 E496.64917
G1 X32.299 Y39.652 E497.89809
G1 X32.299 Y40.218 E497.91221
G1 X67.701 Y75.621 E499.16113
G1 X67.701 Y76.187 E499.17525
G1 X32.299 Y40.784 E500.42417
G1 X32.299 Y41.349 E500.43826
G1 X67.701 Y76.752 E501.68718
G1 X67.701 Y77.318 E501.7013
G1 X32.299 Y41.915 E502.95022
G1 X32.299 Y42.481 E502.96434
G1 X67.701 Y77.884 E504.21325
G1 X67.701 Y78.449 E504.22735
G1 X32.299 Y43.047 E505.47625
G1 X32.299 Y43.612 E505.49034
G1 X67.701 Y79.015 E506.73926
G1 X67.701 Y79.581 E506.75338
G1 X32.299 Y44.178 E508.0023
G1 X32.299 Y44.744 E508.01642
G1 X67.701 Y80.146 E509.26532
G1 X67.701 Y80.712 E509.27944
G1 X32.299 Y45.309 E510.52836
G1 X32.299 Y45.875 E510.54248
G1 X67.701 Y81.278 E511.7914
G1 X67.701 Y81.843 E511.80549
G1 X32.299 Y46.441 E513.05439
G1 X32.299 Y47.006 E513.06849
G1 X67.701 Y82.409 E514.3174
G1 X67.701 Y82.975 E514.33152
G1 X32.299 Y47.572 E515.58044
G1 X32.299 Y48.138 E515.59456
G1 X67.701 Y83.54 E516.84346
G1 X67.701 Y84.106 E516.85758
G1 X32.299 Y48.703 E518.1065
G1 X32.299 Y49.269 E518.12062
G1 X67.701 Y84.672 E519.36954
G1 X67.701 Y85.237 E519.38363
G1 X32.299 Y49.835 E520.63253
G1 X32.299 Y50.4 E520.64663
G1 X67.701 Y85.803 E521.89555
G1 X67.701 Y86.369 E521.90966
G1 X32.299 Y50.966 E523.15858
G1 X32.299 Y51.532 E523.1727
G1 X67.701 Y86.935 E524.42162
G1 X67.701 Y87.5 E524.43571
G1 X32.299 Y52.098 E525.68462
G1 X32.299 Y52.663 E525.69871
G1 X67.701 Y88.066 E526.94763
G1 X67.687 Y88.617 E526.96138
G1 X32.299 Y53.229 E528.20978
G1 X32.299 Y53.795 E528.2239
G1 X67.631 Y89.127 E529.47034
G1 X67.534 Y89.596 E529.48228
G1 X32.299 Y54.36 E530.72531
G1 X32.299 Y54.926 E530.73943
G1 X67.408 Y90.035 E531.97799
G1 X67.22 Y90.414 E531.98855
G1 X32.299 Y55.492 E533.2205
G1 X32.299 Y56.057 E533.23459
G1 X67.029 Y90.788 E534.4598
G1 X66.806 Y91.131 E534.47001
G1 X32.299 Y56.623 E535.68735
G1 X32.299 Y57.189 E535.70147
G1 X66.566 Y91.456 E536.91033
G1 X66.292 Y91.748 E536.92032
G1 X32.299 Y57.754 E538.11954
G1 X32.299 Y58.32 E538.13365
G1 X65.999 Y92.02 E539.32251
G1 X65.971 Y92.043 E539.32342
G1 X65.895 Y91.93 E539.32681
G1 X65.632 Y92.219 E539.33656
G1 X32.299 Y58.886 E540.51247
G1 X32.299 Y59.451 E540.52657
G1 X65.302 Y92.455 E541.69085
G1 X64.907 Y92.626 E541.70159
G1 X32.299 Y60.017 E542.85194
G1 X32.299 Y60.583 E542.86606
G1 X64.57 Y92.854 E544.00451
G1 X64.35 Y92.945 E544.01045
G1 X64.311 Y92.865 E544.01267
G1 X64.108 Y92.958 E544.01824
G1 X32.299 Y61.148 E545.1404
G1 X32.299 Y61.714 E545.15452
G1 X63.701 Y93.117 E546.26233
G1 X63.185 Y93.166 E546.27526
G1 X32.299 Y62.28 E547.36485
G1 X32.299 Y62.846 E547.37897
G1 X62.654 Y93.201 E548.44982
G1 X62.088 Y93.201 E548.46394
G1 X32.299 Y63.411 E549.51485
G1 X32.299 Y63.977 E549.52896
G1 X61.523 Y93.201 E550.55992
G1 X60.957 Y93.201 E550.57404
G1 X32.299 Y64.543 E551.58503
G1 X32.299 Y65.108 E551.59912
G1 X60.391 Y93.201 E552.59016
G1 X59.825 Y93.201 E552.60428
G1 X32.299 Y65.674 E553.57535
G1 X32.299 Y66.24 E553.58947
G1 X59.26 Y93.201 E554.54059
G1 X58.694 Y93.201 E554.55471
G1 X32.299 Y66.805 E555.48588
G1 X32.299 Y67.371 E555.5
G1 X58.128 Y93.201 E556.41121
G1 X57.563 Y93.201 E556.4253
G1 X32.299 Y67.937 E557.31656
G1 X32.299 Y68.502 E557.33065
G1 X56.997 Y93.201 E558.20196
G1 X56.431 Y93.201 E558.21608
G1 X32.299 Y69.068 E559.06742
G1 X32.299 Y69.634 E559.08153
G1 X55.866 Y93.201 E559.91292
G1 X55.3 Y93.201 E559.92704
G1 X32.299 Y70.199 E560.73848
G1 X32.299 Y70.765 E560.7526
G1 X54.734 Y93.201 E561.54407
G1 X54.169 Y93.201 E561.55817
G1 X32.299 Y71.331 E562.32969
G1 X32.299 Y71.896 E562.34379
G1 X53.603 Y93.201 E563.09536
G1 X53.037 Y93.201 E563.10948
G1 X32.299 Y72.462 E563.84109
G1 X32.299 Y73.028 E563.8552
G1 X52.472 Y93.201 E564.56686
G1 X51.906 Y93.201 E564.58098
G1 X32.299 Y73.594 E565.27267
G1 X32.299 Y74.159 E565.28676
G1 X51.34 Y93.201 E565.9585
G1 X50.775 Y93.201 E565.9726
G1 X32.299 Y74.725 E566.62439
G1 X32.299 Y75.291 E566.63851
G1 X50.209 Y93.201 E567.27033
G1 X49.643 Y93.201 E567.28445
G1 X32.299 Y75.856 E567.89632
G1 X32.299 Y76.422 E567.91044
G1 X49.077 Y93.201 E568.50235
G1 X48.512 Y93.201 E568.51644
G1 X32.299 Y76.988 E569.0884
G1 X32.299 Y77.553 E569.1025
G1 X47.946 Y93.201 E569.6545
G1 X47.38 Y93.201 E569.66862
G1 X32.299 Y78.119 E570.20066
G1 X32.299 Y78.685 E570.21478
G1 X46.815 Y93.201 E570.72687
G1 X46.249 Y93.201 E570.74099
G1 X32.299 Y79.25 E571.23313
G1 X32.299 Y79.816 E571.24725
G1 X45.683 Y93.201 E571.71943
G1 X45.118 Y93.201 E571.73352
G1 X32.299 Y80.382 E572.18575
G1 X32.299 Y80.947 E572.19984
G1 X44.552 Y93.201 E572.63212
G1 X43.986 Y93.201 E572.64623
G1 X32.299 Y81.513 E573.05854
G1 X32.299 Y82.079 E573.07266
G1 X43.421 Y93.201 E573.46502
G1 X42.855 Y93.201 E573.47914
G1 X32.299 Y82.645 E573.85153
G1 X32.299 Y83.21 E573.86562
G1 X42.289 Y93.201 E574.21807
G1 X41.724 Y93.201 E574.23216
G1 X32.299 Y83.776 E574.56465
G1 X32.299 Y84.342 E574.57877
G1 X41.158 Y93.201 E574.8913
G1 X40.592 Y93.201 E574.90542
G1 X32.299 Y84.907 E575.19799
G1 X32.299 Y85.473 E575.21211
G1 X40.026 Y93.201 E575.48472
G1 X39.461 Y93.201 E575.49881
G1 X32.299 Y86.039 E575.75147
G1 X32.299 Y86.604 E575.76557
G1 X38.895 Y93.201 E575.99827
G1 X38.329 Y93.201 E576.01239
G1 X32.299 Y87.17 E576.22514
G1 X32.299 Y87.736 E576.23925
G1 X37.764 Y93.201 E576.43205
G1 X37.198 Y93.201 E576.44617
G1 X32.342 Y88.345 E576.61747
G1 X32.306 Y88.512 E576.62174
G1 X32.337 Y88.905 E576.63157
G1 X36.587 Y93.156 E576.78152
G1 X35.9 Y93.034 E576.79892
G1 X32.48 Y89.614 E576.91957
G1 X32.604 Y90.015 E576.93004
G1 X32.831 Y90.531 E576.94411
G1 X34.995 Y92.695 E577.02045
G1 X34.354 Y92.316 E577.03902
G1 X33.721 Y91.788 E577.05958
G1 X33.293 Y91.277 E577.07621
G1 X32.908 Y90.706 E577.09339
G0 F600 Z0.825
G0 F7200 X65.422 Y92.405
;TIME_ELAPSED:904.629391
;LAYER:-2
;TYPE:SUPPORT-INTERFACE
G1 F900 X67.019 Y90.807 E577.14975
G1 X67.401 Y90.057 E577.17074
G1 X67.481 Y89.78 E577.17793
G1 X64.339 Y92.922 E577.28878
G1 X64.311 Y92.865 E577.29036
G1 X63.787 Y93.109 E577.30478
G1 X63.564 Y93.131 E577.31037
G1 X67.641 Y89.054 E577.4542
G1 X67.697 Y88.432 E577.46978
G1 X62.939 Y93.19 E577.63763
G1 X62.363 Y93.201 E577.652
G1 X67.701 Y87.863 E577.84031
G1 X67.701 Y87.297 E577.85443
G1 X61.797 Y93.201 E578.06271
G1 X61.231 Y93.201 E578.07683
G1 X67.701 Y86.732 E578.30506
G1 X67.701 Y86.166 E578.31918
G1 X60.666 Y93.201 E578.56735
G1 X60.1 Y93.201 E578.58147
G1 X67.701 Y85.6 E578.84962
G1 X67.701 Y85.035 E578.86371
G1 X59.534 Y93.201 E579.15181
G1 X58.968 Y93.201 E579.16593
G1 X67.701 Y84.469 E579.47399
G1 X67.701 Y83.903 E579.48811
G1 X58.403 Y93.201 E579.81612
G1 X57.837 Y93.201 E579.83024
G1 X67.701 Y83.337 E580.17822
G1 X67.701 Y82.772 E580.19231
G1 X57.271 Y93.201 E580.56024
G1 X56.706 Y93.201 E580.57434
G1 X67.701 Y82.206 E580.96221
G1 X67.701 Y81.64 E580.97633
G1 X56.14 Y93.201 E581.38418
G1 X55.574 Y93.201 E581.3983
G1 X67.701 Y81.075 E581.82609
G1 X67.701 Y80.509 E581.84021
G1 X55.009 Y93.201 E582.28796
G1 X54.443 Y93.201 E582.30208
G1 X67.701 Y79.943 E582.76979
G1 X67.701 Y79.378 E582.78388
G1 X53.877 Y93.201 E583.27154
G1 X53.312 Y93.201 E583.28564
G1 X67.701 Y78.812 E583.79325
G1 X67.701 Y78.246 E583.80737
G1 X52.746 Y93.201 E584.33494
G1 X52.18 Y93.201 E584.34906
G1 X67.701 Y77.681 E584.89659
G1 X67.701 Y77.115 E584.91071
G1 X51.615 Y93.201 E585.47819
G1 X51.049 Y93.201 E585.49231
G1 X67.701 Y76.549 E586.07975
G1 X67.701 Y75.984 E586.09384
G1 X50.483 Y93.201 E586.70124
G1 X49.917 Y93.201 E586.71536
G1 X67.701 Y75.418 E587.34272
G1 X67.701 Y74.852 E587.35684
G1 X49.352 Y93.201 E588.00415
G1 X48.786 Y93.201 E588.01827
G1 X67.701 Y74.287 E588.68553
G1 X67.701 Y73.721 E588.69964
G1 X48.22 Y93.201 E589.38687
G1 X47.655 Y93.201 E589.40097
G1 X67.701 Y73.155 E590.10814
G1 X67.701 Y72.589 E590.12226
G1 X47.089 Y93.201 E590.84941
G1 X46.523 Y93.201 E590.86352
G1 X67.701 Y72.024 E591.61062
G1 X67.701 Y71.458 E591.62474
G1 X45.958 Y93.201 E592.39178
G1 X45.392 Y93.201 E592.4059
G1 X67.701 Y70.892 E593.19291
G1 X67.701 Y70.327 E593.207
G1 X44.826 Y93.201 E594.01396
G1 X44.261 Y93.201 E594.02806
G1 X67.701 Y69.761 E594.85497
G1 X67.701 Y69.195 E594.86909
G1 X43.695 Y93.201 E595.71596
G1 X43.129 Y93.201 E595.73008
G1 X67.701 Y68.63 E596.59691
G1 X67.701 Y68.064 E596.61103
G1 X42.564 Y93.201 E597.4978
G1 X41.998 Y93.201 E597.51192
G1 X67.701 Y67.498 E598.41866
G1 X67.701 Y66.933 E598.43276
G1 X41.432 Y93.201 E599.35945
G1 X40.867 Y93.201 E599.37354
G1 X67.701 Y66.367 E600.32018
G1 X67.701 Y65.801 E600.3343
G1 X40.301 Y93.201 E601.30091
G1 X39.735 Y93.201 E601.31503
G1 X67.701 Y65.236 E602.30159
G1 X67.701 Y64.67 E602.31571
G1 X39.169 Y93.201 E603.32223
G1 X38.604 Y93.201 E603.33633
G1 X67.701 Y64.104 E604.3628
G1 X67.701 Y63.538 E604.37692
G1 X38.038 Y93.201 E605.42337
G1 X37.472 Y93.201 E605.43748
G1 X67.701 Y62.973 E606.50388
G1 X67.701 Y62.407 E606.518
G1 X36.924 Y93.184 E607.60374
G1 X36.401 Y93.141 E607.61683
G1 X67.701 Y61.841 E608.72102
G1 X67.701 Y61.276 E608.73511
G1 X35.934 Y93.043 E609.85578
G1 X35.506 Y92.905 E609.867
G1 X67.701 Y60.71 E611.00276
G1 X67.701 Y60.144 E611.01688
G1 X35.092 Y92.753 E612.16725
G1 X34.737 Y92.543 E612.17754
G1 X67.701 Y59.579 E613.34044
G1 X67.701 Y59.013 E613.35455
G1 X34.381 Y92.333 E614.53001
G1 X34.069 Y92.079 E614.54004
G1 X67.701 Y58.447 E615.7265
G1 X67.701 Y57.882 E615.7406
G1 X33.76 Y91.822 E616.93794
G1 X33.496 Y91.52 E616.94795
G1 X67.701 Y57.316 E618.1546
G1 X67.701 Y56.75 E618.16872
G1 X33.245 Y91.205 E619.38423
G1 X33.018 Y90.867 E619.39439
G1 X67.701 Y56.185 E620.61791
G1 X67.701 Y55.619 E620.63203
G1 X32.818 Y90.501 E621.8626
G1 X32.646 Y90.108 E621.8733
G1 X67.701 Y55.053 E623.10996
G1 X67.701 Y54.488 E623.12406
G1 X32.503 Y89.685 E624.36574
G1 X32.396 Y89.226 E624.3775
G1 X67.701 Y53.922 E625.62296
G1 X67.701 Y53.356 E625.63708
G1 X32.324 Y88.733 E626.8851
G1 X32.306 Y88.512 E626.89063
G1 X32.4 Y88.091 E626.90139
G1 X67.701 Y52.79 E628.14673
G1 X67.701 Y52.225 E628.16082
G1 X32.299 Y87.626 E629.40971
G1 X32.299 Y87.06 E629.42383
G1 X67.701 Y51.659 E630.67271
G1 X67.701 Y51.093 E630.68683
G1 X32.299 Y86.495 E631.93573
G1 X32.299 Y85.929 E631.94985
G1 X67.701 Y50.528 E633.19873
G1 X67.701 Y49.962 E633.21285
G1 X32.299 Y85.363 E634.46173
G1 X32.299 Y84.798 E634.47583
G1 X67.701 Y49.396 E635.72473
G1 X67.701 Y48.831 E635.73882
G1 X32.299 Y84.232 E636.98771
G1 X32.299 Y83.666 E637.00183
G1 X67.701 Y48.265 E638.25071
G1 X67.701 Y47.699 E638.26483
G1 X32.299 Y83.101 E639.51373
G1 X32.299 Y82.535 E639.52785
G1 X67.701 Y47.134 E640.77673
G1 X67.701 Y46.568 E640.79085
G1 X32.299 Y81.969 E642.03973
G1 X32.299 Y81.404 E642.05383
G1 X67.701 Y46.002 E643.30273
G1 X67.701 Y45.437 E643.31682
G1 X32.299 Y80.838 E644.56571
G1 X32.299 Y80.272 E644.57983
G1 X67.701 Y44.871 E645.82871
G1 X67.701 Y44.305 E645.84283
G1 X32.299 Y79.706 E647.09171
G1 X32.299 Y79.141 E647.10581
G1 X67.701 Y43.74 E648.35469
G1 X67.701 Y43.174 E648.36881
G1 X32.299 Y78.575 E649.61769
G1 X32.299 Y78.009 E649.63181
G1 X67.701 Y42.608 E650.88069
G1 X67.701 Y42.042 E650.89481
G1 X32.299 Y77.444 E652.14371
G1 X32.299 Y76.878 E652.15783
G1 X67.701 Y41.477 E653.40672
G1 X67.701 Y40.911 E653.42084
G1 X32.299 Y76.312 E654.66972
G1 X32.299 Y75.747 E654.68381
G1 X67.701 Y40.345 E655.93271
G1 X67.701 Y39.78 E655.94681
G1 X32.299 Y75.181 E657.19569
G1 X32.299 Y74.615 E657.20981
G1 X67.701 Y39.214 E658.45869
G1 X67.701 Y38.648 E658.47281
G1 X32.299 Y74.05 E659.72171
G1 X32.299 Y73.484 E659.73583
G1 X67.701 Y38.083 E660.98472
G1 X67.701 Y37.517 E660.99884
G1 X32.299 Y72.918 E662.24772
G1 X32.299 Y72.353 E662.26181
G1 X67.701 Y36.951 E663.51071
G1 X67.701 Y36.386 E663.52481
G1 X32.299 Y71.787 E664.77369
G1 X32.299 Y71.221 E664.78781
G1 X67.701 Y35.82 E666.03669
G1 X67.701 Y35.254 E666.05081
G1 X32.299 Y70.656 E667.29971
G1 X32.299 Y70.09 E667.31383
G1 X67.701 Y34.689 E668.56272
G1 X67.701 Y34.123 E668.57684
G1 X32.299 Y69.524 E669.82572
G1 X32.299 Y68.958 E669.83984
G1 X67.701 Y33.557 E671.08872
G1 X67.701 Y32.991 E671.10284
G1 X32.299 Y68.393 E672.35174
G1 X32.299 Y67.827 E672.36586
G1 X67.701 Y32.426 E673.61474
G1 X67.701 Y31.86 E673.62886
G1 X32.299 Y67.261 E674.87775
G1 X32.299 Y66.696 E674.89184
G1 X67.701 Y31.294 E676.14074
G1 X67.701 Y30.729 E676.15484
G1 X32.299 Y66.13 E677.40372
G1 X32.299 Y65.564 E677.41784
G1 X67.701 Y30.163 E678.66672
G1 X67.701 Y29.597 E678.68084
G1 X32.299 Y64.999 E679.92974
G1 X32.299 Y64.433 E679.94386
G1 X67.701 Y29.032 E681.19274
G1 X67.701 Y28.466 E681.20686
G1 X32.299 Y63.867 E682.45575
G1 X32.299 Y63.302 E682.46984
G1 X67.701 Y27.9 E683.71874
G1 X67.701 Y27.335 E683.73284
G1 X32.299 Y62.736 E684.98172
G1 X32.299 Y62.17 E684.99584
G1 X67.701 Y26.769 E686.24472
G1 X67.701 Y26.203 E686.25884
G1 X32.299 Y61.605 E687.50774
G1 X32.299 Y61.039 E687.52186
G1 X67.701 Y25.638 E688.77074
G1 X67.701 Y25.072 E688.78486
G1 X32.299 Y60.473 E690.03375
G1 X32.299 Y59.908 E690.04784
G1 X67.701 Y24.506 E691.29674
G1 X67.701 Y23.941 E691.31084
G1 X32.299 Y59.342 E692.55972
G1 X32.299 Y58.776 E692.57384
G1 X67.701 Y23.375 E693.82272
G1 X67.701 Y22.809 E693.83684
G1 X32.299 Y58.21 E695.08572
G1 X32.299 Y57.645 E695.09982
G1 X67.701 Y22.243 E696.34872
G1 X67.701 Y21.678 E696.36281
G1 X32.299 Y57.079 E697.6117
G1 X32.299 Y56.513 E697.62582
G1 X67.701 Y21.112 E698.8747
G1 X67.701 Y20.546 E698.88882
G1 X32.299 Y55.948 E700.13772
G1 X32.299 Y55.382 E700.15184
G1 X67.701 Y19.981 E701.40072
G1 X67.701 Y19.415 E701.41484
G1 X32.299 Y54.816 E702.66372
G1 X32.299 Y54.251 E702.67782
G1 X67.701 Y18.849 E703.92672
G1 X67.701 Y18.284 E703.94081
G1 X32.299 Y53.685 E705.1897
G1 X32.299 Y53.119 E705.20382
G1 X67.701 Y17.718 E706.4527
G1 X67.701 Y17.152 E706.46682
G1 X32.299 Y52.554 E707.71572
G1 X32.299 Y51.988 E707.72984
G1 X67.701 Y16.587 E708.97872
G1 X67.701 Y16.021 E708.99284
G1 X32.299 Y51.422 E710.24172
G1 X32.299 Y50.857 E710.25582
G1 X67.701 Y15.455 E711.50472
G1 X67.701 Y14.89 E711.51881
G1 X32.299 Y50.291 E712.7677
G1 X32.299 Y49.725 E712.78182
G1 X67.701 Y14.324 E714.0307
G1 X67.701 Y13.758 E714.04482
G1 X32.299 Y49.159 E715.2937
G1 X32.299 Y48.594 E715.3078
G1 X67.701 Y13.192 E716.5567
G1 X67.701 Y12.627 E716.57079
G1 X32.299 Y48.028 E717.81967
G1 X32.299 Y47.462 E717.83379
G1 X67.701 Y12.061 E719.08268
G1 X67.689 Y11.507 E719.0965
G1 X32.299 Y46.897 E720.34498
G1 X32.299 Y46.331 E720.3591
G1 X67.657 Y10.973 E721.60644
G1 X67.55 Y10.515 E721.61818
G1 X32.299 Y45.765 E722.86173
G1 X32.299 Y45.2 E722.87583
G1 X67.421 Y10.078 E724.11485
G1 X67.275 Y9.658 E724.12594
G1 X32.299 Y44.634 E725.35982
G1 X32.299 Y44.068 E725.37394
G1 X67.073 Y9.294 E726.60068
G1 X66.869 Y8.933 E726.61103
G1 X32.299 Y43.503 E727.83058
G1 X32.299 Y42.937 E727.84469
G1 X66.617 Y8.62 E729.05534
G1 X66.353 Y8.317 E729.06536
G1 X32.299 Y42.371 E730.26671
G1 X32.299 Y41.806 E730.2808
G1 X66.069 Y8.036 E731.47213
G1 X65.75 Y7.789 E731.48219
G1 X32.299 Y41.24 E732.66227
G1 X32.299 Y40.674 E732.67639
G1 X65.422 Y7.551 E733.84489
G1 X65.265 Y7.461 E733.84941
G1 X65.224 Y7.585 E733.85266
G1 X64.992 Y7.416 E733.85982
G1 X32.299 Y40.109 E735.01316
G1 X32.299 Y39.543 E735.02728
G1 X64.664 Y7.178 E736.16904
G1 X64.259 Y7.017 E736.17991
G1 X32.299 Y38.977 E737.30739
G1 X32.299 Y38.411 E737.3215
G1 X63.806 Y6.904 E738.433
G1 X63.308 Y6.837 E738.44553
G1 X32.299 Y37.846 E739.53946
G1 X32.299 Y37.28 E739.55358
G1 X62.78 Y6.799 E740.62888
G1 X62.215 Y6.799 E740.64297
G1 X32.299 Y36.714 E741.69832
G1 X32.299 Y36.149 E741.71242
G1 X61.649 Y6.799 E742.74782
G1 X61.083 Y6.799 E742.76194
G1 X32.299 Y35.583 E743.77737
G1 X32.299 Y35.017 E743.79149
G1 X60.518 Y6.799 E744.78697
G1 X59.952 Y6.799 E744.80109
G1 X32.299 Y34.452 E745.77663
G1 X32.299 Y33.886 E745.79074
G1 X59.386 Y6.799 E746.74631
G1 X58.821 Y6.799 E746.76041
G1 X32.299 Y33.32 E747.69602
G1 X32.299 Y32.755 E747.71012
G1 X58.255 Y6.799 E748.62578
G1 X57.689 Y6.799 E748.6399
G1 X32.299 Y32.189 E749.5356
G1 X32.299 Y31.623 E749.54972
G1 X57.124 Y6.799 E750.42547
G1 X56.558 Y6.799 E750.43959
G1 X32.299 Y31.058 E751.2954
G1 X32.299 Y30.492 E751.30951
G1 X55.992 Y6.799 E752.14535
G1 X55.427 Y6.799 E752.15944
G1 X32.299 Y29.926 E752.97533
G1 X32.299 Y29.36 E752.98945
G1 X54.861 Y6.799 E753.78536
G1 X54.295 Y6.799 E753.79948
G1 X32.299 Y28.795 E754.57545
G1 X32.299 Y28.229 E754.58957
G1 X53.73 Y6.799 E755.34559
G1 X53.164 Y6.799 E755.35971
G1 X32.299 Y27.663 E756.09576
G1 X32.299 Y27.098 E756.10985
G1 X52.598 Y6.799 E756.82596
G1 X52.032 Y6.799 E756.84008
G1 X32.299 Y26.532 E757.53621
G1 X32.299 Y25.966 E757.55033
G1 X51.467 Y6.799 E758.22651
G1 X50.901 Y6.799 E758.24063
G1 X32.299 Y25.401 E758.89687
G1 X32.299 Y24.835 E758.91099
G1 X50.335 Y6.799 E759.54726
G1 X49.77 Y6.799 E759.56135
G1 X32.299 Y24.269 E760.17767
G1 X32.299 Y23.704 E760.19176
G1 X49.204 Y6.799 E760.78813
G1 X48.638 Y6.799 E760.80225
G1 X32.299 Y23.138 E761.37865
G1 X32.299 Y22.572 E761.39277
G1 X48.073 Y6.799 E761.94923
G1 X47.507 Y6.799 E761.96334
G1 X32.299 Y22.007 E762.49985
G1 X32.299 Y21.441 E762.51397
G1 X46.941 Y6.799 E763.0305
G1 X46.376 Y6.799 E763.0446
G1 X32.299 Y20.875 E763.54118
G1 X32.299 Y20.31 E763.55528
G1 X45.81 Y6.799 E764.03191
G1 X45.244 Y6.799 E764.04603
G1 X32.299 Y19.744 E764.5027
G1 X32.299 Y19.178 E764.51682
G1 X44.679 Y6.799 E764.95354
G1 X44.113 Y6.799 E764.96766
G1 X32.299 Y18.612 E765.38441
G1 X32.299 Y18.047 E765.39851
G1 X43.547 Y6.799 E765.79531
G1 X42.981 Y6.799 E765.80943
G1 X32.299 Y17.481 E766.18627
G1 X32.299 Y16.915 E766.20039
G1 X42.416 Y6.799 E766.55727
G1 X41.85 Y6.799 E766.57139
G1 X32.299 Y16.35 E766.90833
G1 X32.299 Y15.784 E766.92245
G1 X41.284 Y6.799 E767.23942
G1 X40.719 Y6.799 E767.25351
G1 X32.299 Y15.218 E767.55053
G1 X32.299 Y14.653 E767.56463
G1 X40.153 Y6.799 E767.8417
G1 X39.587 Y6.799 E767.85582
G1 X32.299 Y14.087 E768.11292
G1 X32.299 Y13.521 E768.12704
G1 X39.022 Y6.799 E768.36419
G1 X38.456 Y6.799 E768.37831
G1 X32.299 Y12.956 E768.59552
G1 X32.299 Y12.39 E768.60964
G1 X37.89 Y6.799 E768.80687
G1 X37.624 Y6.799 E768.81351
G1 X37.624 Y6.954 E768.81738
G1 X37.253 Y6.87 E768.82687
G1 X32.299 Y11.824 E769.00163
G1 X32.324 Y11.234 E769.01636
G1 X36.732 Y6.826 E769.17187
G1 X36.547 Y6.841 E769.1765
G1 X36.054 Y6.938 E769.18903
G1 X32.423 Y10.569 E769.31712
G1 X32.435 Y10.492 E769.31907
G1 X32.7 Y9.726 E769.33929
G1 X35.192 Y7.234 E769.4272
G1 X35.072 Y7.278 E769.43039
G1 X34.567 Y7.553 E769.44473
G1 X33.986 Y7.98 E769.46272
G1 X33.425 Y8.54 E769.48249
G1 X33.24 Y8.806 E769.49057
G1 X33.358 Y8.846 E769.49368
G1 X32.831 Y9.479 E769.51423
G1 X32.731 Y9.695 E769.52016
G0 F7200 X67.019 Y90.807
G1 F900 X66.644 Y91.372 E769.53708
G1 X66.175 Y91.872 E769.55418
G1 X65.971 Y92.043 E769.56082
G0 F600 Z1.345
G0 F7200 X62.7 Y88.2
;TIME_ELAPSED:1420.004638
;LAYER:0
;TYPE:WALL-INNER
;MESH:luckfox_bottom.stl
G1 F900 X62.7 Y11.796 E773.37263
G1 X37.296 Y11.796 E774.64004
G1 X37.296 Y88.2 E778.45185
G1 X62.7 Y88.2 E779.71926
G0 F3600 X63.1 Y88.397
;TYPE:WALL-OUTER
G1 F900 X63.1 Y11.628 E783.54929
G1 X63.048 Y11.503 E783.55604
G1 X62.879 Y11.396 E783.56602
G1 X37.133 Y11.396 E784.85049
G1 X36.97 Y11.48 E784.85964
G1 X36.896 Y11.631 E784.86803
G1 X36.896 Y88.362 E788.69616
G1 X36.942 Y88.481 E788.70252
G1 X37.1 Y88.599 E788.71236
G1 X62.899 Y88.6 E789.99948
G1 X63.031 Y88.514 E790.00734
G1 X63.1 Y88.397 E790.01411
G0 F3600 X63.1 Y88.197
G0 X62.32 Y87.82
;TYPE:SKIN
G1 F900 X37.676 Y87.82 E791.24361
G1 X37.676 Y12.176 E795.0175
G1 X62.32 Y12.176 E796.247
G1 X62.32 Y87.82 E800.02089
G0 F3600 X37.876 Y87.091
G1 F900 X38.405 Y87.62 E800.05821
G0 F3600 X38.971 Y87.62
G1 F900 X37.876 Y86.525 E800.13547
G0 F3600 X37.876 Y85.959
G1 F900 X39.536 Y87.62 E800.25263
G0 F3600 X40.102 Y87.62
G1 F900 X37.876 Y85.394 E800.40969
G0 F3600 X37.876 Y84.828
G1 F900 X40.668 Y87.62 E800.60668
G0 F3600 X41.234 Y87.62
G1 F900 X37.876 Y84.262 E800.8436
G0 F3600 X37.876 Y83.697
G1 F900 X41.799 Y87.62 E801.12039
G0 F3600 X42.365 Y87.62
G1 F900 X37.876 Y83.131 E801.43711
G0 F3600 X37.876 Y82.565
G1 F900 X42.931 Y87.62 E801.79377
G0 F3600 X43.496 Y87.62
G1 F900 X37.876 Y82 E802.19029
G0 F3600 X37.876 Y81.434
G1 F900 X44.062 Y87.62 E802.62675
G0 F3600 X44.628 Y87.62
G1 F900 X37.876 Y80.868 E803.10314
G0 F3600 X37.876 Y80.303
G1 F900 X45.193 Y87.62 E803.61939
G0 F3600 X45.759 Y87.62
G1 F900 X37.876 Y79.737 E804.17558
G0 F3600 X37.876 Y79.171
G1 F900 X46.325 Y87.62 E804.7717
G0 F3600 X46.89 Y87.62
G1 F900 X37.876 Y78.606 E805.40769
G0 F3600 X37.876 Y78.04
G1 F900 X47.456 Y87.62 E806.08361
G0 F3600 X48.022 Y87.62
G1 F900 X37.876 Y77.474 E806.79946
G0 F3600 X37.876 Y76.908
G1 F900 X48.587 Y87.62 E807.55522
G0 F3600 X49.153 Y87.62
G1 F900 X37.876 Y76.343 E808.35087
G0 F3600 X37.876 Y75.777
G1 F900 X49.719 Y87.62 E809.18646
G0 F3600 X50.284 Y87.62
G1 F900 X37.876 Y75.211 E810.06195
G0 F3600 X37.876 Y74.646
G1 F900 X50.85 Y87.62 E810.97733
G0 F3600 X51.416 Y87.62
G1 F900 X37.876 Y74.08 E811.93265
G0 F3600 X37.876 Y73.514
G1 F900 X51.982 Y87.62 E812.92791
G0 F3600 X52.547 Y87.62
G1 F900 X37.876 Y72.949 E813.96303
G0 F3600 X37.876 Y72.383
G1 F900 X53.113 Y87.62 E815.03808
G0 F3600 X53.679 Y87.62
G1 F900 X37.876 Y71.817 E816.15306
G0 F3600 X37.876 Y71.252
G1 F900 X54.244 Y87.62 E817.30792
G0 F3600 X54.81 Y87.62
G1 F900 X37.876 Y70.686 E818.5027
G0 F3600 X37.876 Y70.12
G1 F900 X55.376 Y87.62 E819.73742
G0 F3600 X55.941 Y87.62
G1 F900 X37.876 Y69.555 E821.012
G0 F3600 X37.876 Y68.989
G1 F900 X56.507 Y87.62 E822.32652
G0 F3600 X57.073 Y87.62
G1 F900 X37.876 Y68.423 E823.68097
G0 F3600 X37.876 Y67.858
G1 F900 X57.638 Y87.62 E825.07529
G0 F3600 X58.204 Y87.62
G1 F900 X37.876 Y67.292 E826.50954
G0 F3600 X37.876 Y66.726
G1 F900 X58.77 Y87.62 E827.98372
G0 F3600 X59.335 Y87.62
G1 F900 X37.876 Y66.16 E829.49781
G0 F3600 X37.876 Y65.595
G1 F900 X59.901 Y87.62 E831.05179
G0 F3600 X60.467 Y87.62
G1 F900 X37.876 Y65.029 E832.64571
G0 F3600 X37.876 Y64.463
G1 F900 X61.033 Y87.62 E834.27956
G0 F3600 X61.598 Y87.62
G1 F900 X37.876 Y63.898 E835.95327
G0 F3600 X37.876 Y63.332
G1 F900 X62.12 Y87.576 E837.66382
G0 F3600 X62.12 Y87.01
G1 F900 X37.876 Y62.766 E839.37436
G0 F3600 X37.876 Y62.201
G1 F900 X62.12 Y86.445 E841.08491
G0 F3600 X62.12 Y85.879
G1 F900 X37.876 Y61.635 E842.79545
G0 F3600 X37.876 Y61.069
G1 F900 X62.12 Y85.313 E844.506
G0 F3600 X62.12 Y84.747
G1 F900 X37.876 Y60.504 E846.21651
G0 F3600 X37.876 Y59.938
G1 F900 X62.12 Y84.182 E847.92705
G0 F3600 X62.12 Y83.616
G1 F900 X37.876 Y59.372 E849.6376
G0 F3600 X37.876 Y58.807
G1 F900 X62.12 Y83.05 E851.34811
G0 F3600 X62.12 Y82.485
G1 F900 X37.876 Y58.241 E853.05865
G0 F3600 X37.876 Y57.675
G1 F900 X62.12 Y81.919 E854.7692
G0 F3600 X62.12 Y81.353
G1 F900 X37.876 Y57.109 E856.47975
G0 F3600 X37.876 Y56.544
G1 F900 X62.12 Y80.788 E858.19029
G0 F3600 X62.12 Y80.222
G1 F900 X37.876 Y55.978 E859.90084
G0 F3600 X37.876 Y55.412
G1 F900 X62.12 Y79.656 E861.61138
G0 F3600 X62.12 Y79.091
G1 F900 X37.876 Y54.847 E863.32193
G0 F3600 X37.876 Y54.281
G1 F900 X62.12 Y78.525 E865.03247
G0 F3600 X62.12 Y77.959
G1 F900 X37.876 Y53.715 E866.74302
G0 F3600 X37.876 Y53.15
G1 F900 X62.12 Y77.394 E868.45356
G0 F3600 X62.12 Y76.828
G1 F900 X37.876 Y52.584 E870.16411
G0 F3600 X37.876 Y52.018
G1 F900 X62.12 Y76.262 E871.87465
G0 F3600 X62.12 Y75.696
G1 F900 X37.876 Y51.453 E873.58516
G0 F3600 X37.876 Y50.887
G1 F900 X62.12 Y75.131 E875.29571
G0 F3600 X62.12 Y74.565
G1 F900 X37.876 Y50.321 E877.00625
G0 F3600 X37.876 Y49.756
G1 F900 X62.12 Y73.999 E878.71676
G0 F3600 X62.12 Y73.434
G1 F900 X37.876 Y49.19 E880.42731
G0 F3600 X37.876 Y48.624
G1 F900 X62.12 Y72.868 E882.13785
G0 F3600 X62.12 Y72.302
G1 F900 X37.876 Y48.059 E883.84836
G0 F3600 X37.876 Y47.493
G1 F900 X62.12 Y71.737 E885.55891
G0 F3600 X62.12 Y71.171
G1 F900 X37.876 Y46.927 E887.26945
G0 F3600 X37.876 Y46.361
G1 F900 X62.12 Y70.605 E888.98
G0 F3600 X62.12 Y70.04
G1 F900 X37.876 Y45.796 E890.69054
G0 F3600 X37.876 Y45.23
G1 F900 X62.12 Y69.474 E892.40109
G0 F3600 X62.12 Y68.908
G1 F900 X37.876 Y44.664 E894.11163
G0 F3600 X37.876 Y44.099
G1 F900 X62.12 Y68.343 E895.82218
G0 F3600 X62.12 Y67.777
G1 F900 X37.876 Y43.533 E897.53272
G0 F3600 X37.876 Y42.967
G1 F900 X62.12 Y67.211 E899.24327
G0 F3600 X62.12 Y66.646
G1 F900 X37.876 Y42.402 E900.95381
G0 F3600 X37.876 Y41.836
G1 F900 X62.12 Y66.08 E902.66436
G0 F3600 X62.12 Y65.514
G1 F900 X37.876 Y41.27 E904.3749
G0 F3600 X37.876 Y40.705
G1 F900 X62.12 Y64.948 E906.08541
G0 F3600 X62.12 Y64.383
G1 F900 X37.876 Y40.139 E907.79596
G0 F3600 X37.876 Y39.573
G1 F900 X62.12 Y63.817 E909.5065
G0 F3600 X62.12 Y63.251
G1 F900 X37.876 Y39.008 E911.21701
G0 F3600 X37.876 Y38.442
G1 F900 X62.12 Y62.686 E912.92756
G0 F3600 X62.12 Y62.12
G1 F900 X37.876 Y37.876 E914.6381
G0 F3600 X37.876 Y37.31
G1 F900 X62.12 Y61.554 E916.34865
G0 F3600 X62.12 Y60.989
G1 F900 X37.876 Y36.745 E918.05919
G0 F3600 X37.876 Y36.179
G1 F900 X62.12 Y60.423 E919.76974
G0 F3600 X62.12 Y59.857
G1 F900 X37.876 Y35.613 E921.48028
G0 F3600 X37.876 Y35.048
G1 F900 X62.12 Y59.292 E923.19083
G0 F3600 X62.12 Y58.726
G1 F900 X37.876 Y34.482 E924.90137
G0 F3600 X37.876 Y33.916
G1 F900 X62.12 Y58.16 E926.61192
G0 F3600 X62.12 Y57.595
G1 F900 X37.876 Y33.351 E928.32246
G0 F3600 X37.876 Y32.785
G1 F900 X62.12 Y57.029 E930.03301
G0 F3600 X62.12 Y56.463
G1 F900 X37.876 Y32.219 E931.74356
G0 F3600 X37.876 Y31.654
G1 F900 X62.12 Y55.897 E933.45406
G0 F3600 X62.12 Y55.332
G1 F900 X37.876 Y31.088 E935.16461
G0 F3600 X37.876 Y30.522
G1 F900 X62.12 Y54.766 E936.87516
G0 F3600 X62.12 Y54.2
G1 F900 X37.876 Y29.957 E938.58567
G0 F3600 X37.876 Y29.391
G1 F900 X62.12 Y53.635 E940.29621
G0 F3600 X62.12 Y53.069
G1 F900 X37.876 Y28.825 E942.00676
G0 F3600 X37.876 Y28.26
G1 F900 X62.12 Y52.503 E943.71727
G0 F3600 X62.12 Y51.938
G1 F900 X37.876 Y27.694 E945.42781
G0 F3600 X37.876 Y27.128
G1 F900 X62.12 Y51.372 E947.13836
G0 F3600 X62.12 Y50.806
G1 F900 X37.876 Y26.562 E948.8489
G0 F3600 X37.876 Y25.997
G1 F900 X62.12 Y50.241 E950.55945
G0 F3600 X62.12 Y49.675
G1 F900 X37.876 Y25.431 E952.26999
G0 F3600 X37.876 Y24.865
G1 F900 X62.12 Y49.109 E953.98054
G0 F3600 X62.12 Y48.544
G1 F900 X37.876 Y24.3 E955.69108
G0 F3600 X37.876 Y23.734
G1 F900 X62.12 Y47.978 E957.40163
G0 F3600 X62.12 Y47.412
G1 F900 X37.876 Y23.168 E959.11217
G0 F3600 X37.876 Y22.603
G1 F900 X62.12 Y46.847 E960.82272
G0 F3600 X62.12 Y46.281
G1 F900 X37.876 Y22.037 E962.53326
G0 F3600 X37.876 Y21.471
G1 F900 X62.12 Y45.715 E964.24381
G0 F3600 X62.12 Y45.149
G1 F900 X37.876 Y20.906 E965.95432
G0 F3600 X37.876 Y20.34
G1 F900 X62.12 Y44.584 E967.66486
G0 F3600 X62.12 Y44.018
G1 F900 X37.876 Y19.774 E969.37541
G0 F3600 X37.876 Y19.209
G1 F900 X62.12 Y43.452 E971.08592
G0 F3600 X62.12 Y42.887
G1 F900 X37.876 Y18.643 E972.79646
G0 F3600 X37.876 Y18.077
G1 F900 X62.12 Y42.321 E974.50701
G0 F3600 X62.12 Y41.755
G1 F900 X37.876 Y17.511 E976.21755
G0 F3600 X37.876 Y16.946
G1 F900 X62.12 Y41.19 E977.9281
G0 F3600 X62.12 Y40.624
G1 F900 X37.876 Y16.38 E979.63864
G0 F3600 X37.876 Y15.814
G1 F900 X62.12 Y40.058 E981.34919
G0 F3600 X62.12 Y39.493
G1 F900 X37.876 Y15.249 E983.05973
G0 F3600 X37.876 Y14.683
G1 F900 X62.12 Y38.927 E984.77028
G0 F3600 X62.12 Y38.361
G1 F900 X37.876 Y14.117 E986.48082
G0 F3600 X37.876 Y13.552
G1 F900 X62.12 Y37.796 E988.19137
G0 F3600 X62.12 Y37.23
G1 F900 X37.876 Y12.986 E989.90191
G0 F3600 X37.876 Y12.42
G1 F900 X62.12 Y36.664 E991.61246
G0 F3600 X62.12 Y36.099
G1 F900 X38.398 Y12.376 E993.28621
G0 F3600 X38.964 Y12.376
G1 F900 X62.12 Y35.533 E994.92003
G0 F3600 X62.12 Y34.967
G1 F900 X39.529 Y12.376 E996.51394
G0 F3600 X40.095 Y12.376
G1 F900 X62.12 Y34.401 E998.06793
G0 F3600 X62.12 Y33.836
G1 F900 X40.661 Y12.376 E999.58201
G0 F3600 X41.226 Y12.376
G1 F900 X62.12 Y33.27 E1001.05619
G0 F3600 X62.12 Y32.704
G1 F900 X41.792 Y12.376 E1002.49044
G0 F3600 X42.358 Y12.376
G1 F900 X62.12 Y32.139 E1003.88479
G0 F3600 X62.12 Y31.573
G1 F900 X42.924 Y12.376 E1005.23921
G0 F3600 X43.489 Y12.376
G1 F900 X62.12 Y31.007 E1006.55373
G0 F3600 X62.12 Y30.442
G1 F900 X44.055 Y12.376 E1007.82835
G0 F3600 X44.621 Y12.376
G1 F900 X62.12 Y29.876 E1009.06303
G0 F3600 X62.12 Y29.31
G1 F900 X45.186 Y12.376 E1010.25782
G0 F3600 X45.752 Y12.376
G1 F900 X62.12 Y28.745 E1011.4127
G0 F3600 X62.12 Y28.179
G1 F900 X46.318 Y12.376 E1012.52765
G0 F3600 X46.883 Y12.376
G1 F900 X62.12 Y27.613 E1013.60271
G0 F3600 X62.12 Y27.048
G1 F900 X47.449 Y12.376 E1014.63786
G0 F3600 X48.015 Y12.376
G1 F900 X62.12 Y26.482 E1015.63308
G0 F3600 X62.12 Y25.916
G1 F900 X48.58 Y12.376 E1016.5884
G0 F3600 X49.146 Y12.376
G1 F900 X62.12 Y25.35 E1017.50379
G0 F3600 X62.12 Y24.785
G1 F900 X49.712 Y12.376 E1018.37927
G0 F3600 X50.277 Y12.376
G1 F900 X62.12 Y24.219 E1019.21486
G0 F3600 X62.12 Y23.653
G1 F900 X50.843 Y12.376 E1020.01051
G0 F3600 X51.409 Y12.376
G1 F900 X62.12 Y23.088 E1020.76627
G0 F3600 X62.12 Y22.522
G1 F900 X51.974 Y12.376 E1021.48212
G0 F3600 X52.54 Y12.376
G1 F900 X62.12 Y21.956 E1022.15804
G0 F3600 X62.12 Y21.391
G1 F900 X53.106 Y12.376 E1022.79407
G0 F3600 X53.672 Y12.376
G1 F900 X62.12 Y20.825 E1023.39015
G0 F3600 X62.12 Y20.259
G1 F900 X54.237 Y12.376 E1023.94634
G0 F3600 X54.803 Y12.376
G1 F900 X62.12 Y19.694 E1024.46263
G0 F3600 X62.12 Y19.128
G1 F900 X55.369 Y12.376 E1024.93898
G0 F3600 X55.934 Y12.376
G1 F900 X62.12 Y18.562 E1025.37544
G0 F3600 X62.12 Y17.997
G1 F900 X56.5 Y12.376 E1025.772
G0 F3600 X57.066 Y12.376
G1 F900 X62.12 Y17.431 E1026.12862
G0 F3600 X62.12 Y16.865
G1 F900 X57.631 Y12.376 E1026.44534
G0 F3600 X58.197 Y12.376
G1 F900 X62.12 Y16.3 E1026.72217
G0 F3600 X62.12 Y15.734
G1 F900 X58.763 Y12.376 E1026.95906
G0 F3600 X59.328 Y12.376
G1 F900 X62.12 Y15.168 E1027.15605
G0 F3600 X62.12 Y14.602
G1 F900 X59.894 Y12.376 E1027.3131
G0 F3600 X60.46 Y12.376
G1 F900 X62.12 Y14.037 E1027.43026
G0 F3600 X62.12 Y13.471
G1 F900 X61.025 Y12.376 E1027.50752
G0 F3600 X61.591 Y12.376
G1 F900 X62.12 Y12.905 E1027.54484
G0 F3600 X62.091 Y12.905
;MESH:NONMESH
G0 F600 Z1.385
G0 F3600 X62.421 Y87.921
G0 X62.896 Y88.292
;TIME_ELAPSED:1770.041981
;LAYER:1
M106 S127.5
;TYPE:WALL-INNER
;MESH:luckfox_bottom.stl
G1 F1650 X62.893 Y11.65 E1029.45669
G1 X62.857 Y11.6 E1029.45822
G1 X37.146 Y11.605 E1030.09959
G1 X37.1 Y11.636 E1030.10097
G1 X37.104 Y88.335 E1032.01423
G1 X37.204 Y88.396 E1032.01716
G1 X62.863 Y88.391 E1032.65722
G1 X62.896 Y88.292 E1032.65983
G0 F5400 X63.219 Y88.593
;TYPE:WALL-OUTER
G1 F1050 X63.296 Y88.356 E1032.66604
G1 X63.292 Y11.594 E1034.58088
G1 X63.146 Y11.314 E1034.58875
G1 X62.898 Y11.2 E1034.59556
G1 X37.094 Y11.204 E1035.23925
G1 X36.956 Y11.246 E1035.24284
G1 X36.755 Y11.432 E1035.24968
G1 X36.7 Y11.59 E1035.25385
G1 X36.704 Y88.402 E1037.16993
G1 X36.743 Y88.531 E1037.17329
G1 X36.914 Y88.722 E1037.17969
G1 X37.14 Y88.796 E1037.18562
G1 X62.891 Y88.791 E1037.82798
G1 X63.116 Y88.706 E1037.83398
G1 X63.219 Y88.593 E1037.8378
G0 F5400 X63.28 Y88.403
G0 X62.516 Y88.012
;TYPE:SKIN
G1 F900 X37.484 Y88.012 E1038.46222
G1 X37.481 Y11.98 E1040.35885
G1 X62.512 Y11.98 E1040.98325
G1 X62.516 Y88.012 E1042.87988
G0 F5400 X62.095 Y87.812
G1 F900 X62.316 Y87.591 E1042.88767
G0 F5400 X62.316 Y87.025
G1 F900 X61.529 Y87.812 E1042.91544
G0 F5400 X60.963 Y87.812
G1 F900 X62.316 Y86.459 E1042.96317
G0 F5400 X62.316 Y85.894
G1 F900 X60.398 Y87.812 E1043.03083
G0 F5400 X59.832 Y87.812
G1 F900 X62.316 Y85.328 E1043.11846
G0 F5400 X62.316 Y84.762
G1 F900 X59.266 Y87.812 E1043.22606
G0 F5400 X58.7 Y87.812
G1 F900 X62.316 Y84.197 E1043.3536
G0 F5400 X62.316 Y83.631
G1 F900 X58.135 Y87.812 E1043.5011
G0 F5400 X57.569 Y87.812
G1 F900 X62.316 Y83.065 E1043.66856
G0 F5400 X62.316 Y82.5
G1 F900 X57.003 Y87.812 E1043.85597
G0 F5400 X56.438 Y87.812
G1 F900 X62.316 Y81.934 E1044.06334
G0 F5400 X62.316 Y81.368
G1 F900 X55.872 Y87.812 E1044.29067
G0 F5400 X55.306 Y87.812
G1 F900 X62.316 Y80.803 E1044.53794
G0 F5400 X62.316 Y80.237
G1 F900 X54.741 Y87.812 E1044.80517
G0 F5400 X54.175 Y87.812
G1 F900 X62.316 Y79.671 E1045.09237
G0 F5400 X62.316 Y79.105
G1 F900 X53.609 Y87.812 E1045.39953
G0 F5400 X53.044 Y87.812
G1 F900 X62.316 Y78.54 E1045.72663
G0 F5400 X62.316 Y77.974
G1 F900 X52.478 Y87.812 E1046.07369
G0 F5400 X51.912 Y87.812
G1 F900 X62.316 Y77.408 E1046.44072
G0 F5400 X62.316 Y76.843
G1 F900 X51.347 Y87.812 E1046.82768
G0 F5400 X50.781 Y87.812
G1 F900 X62.316 Y76.277 E1047.23461
G0 F5400 X62.316 Y75.711
G1 F900 X50.215 Y87.812 E1047.6615
G0 F5400 X49.65 Y87.812
G1 F900 X62.315 Y75.146 E1048.10831
G0 F5400 X62.315 Y74.581
G1 F900 X49.084 Y87.812 E1048.57507
G0 F5400 X48.518 Y87.812
G1 F900 X62.315 Y74.015 E1049.0618
G0 F5400 X62.315 Y73.449
G1 F900 X47.952 Y87.812 E1049.56849
G0 F5400 X47.387 Y87.812
G1 F900 X62.315 Y72.884 E1050.09512
G0 F5400 X62.315 Y72.318
G1 F900 X46.821 Y87.812 E1050.64171
G0 F5400 X46.255 Y87.812
G1 F900 X62.315 Y71.752 E1051.20827
G0 F5400 X62.315 Y71.187
G1 F900 X45.69 Y87.812 E1051.79476
G0 F5400 X45.124 Y87.812
G1 F900 X62.315 Y70.621 E1052.40122
G0 F5400 X62.315 Y70.055
G1 F900 X44.558 Y87.812 E1053.02765
G0 F5400 X43.993 Y87.812
G1 F900 X62.315 Y69.49 E1053.674
G0 F5400 X62.315 Y68.924
G1 F900 X43.427 Y87.812 E1054.34033
G0 F5400 X42.861 Y87.812
G1 F900 X62.315 Y68.358 E1055.02662
G0 F5400 X62.315 Y67.792
G1 F900 X42.296 Y87.812 E1055.73286
G0 F5400 X41.73 Y87.812
G1 F900 X62.315 Y67.227 E1056.45906
G0 F5400 X62.315 Y66.661
G1 F900 X41.164 Y87.812 E1057.20521
G0 F5400 X40.599 Y87.812
G1 F900 X62.315 Y66.095 E1057.97132
G0 F5400 X62.315 Y65.53
G1 F900 X40.033 Y87.812 E1058.75738
G0 F5400 X39.467 Y87.812
G1 F900 X62.315 Y64.964 E1059.56341
G0 F5400 X62.315 Y64.398
G1 F900 X38.901 Y87.812 E1060.3894
G0 F5400 X38.336 Y87.812
G1 F900 X62.315 Y63.833 E1061.23532
G0 F5400 X62.315 Y63.267
G1 F900 X37.77 Y87.812 E1062.10121
G0 F5400 X37.684 Y87.333
G1 F900 X62.315 Y62.701 E1062.97016
G0 F5400 X62.314 Y62.136
G1 F900 X37.684 Y86.767 E1063.83906
G0 F5400 X37.684 Y86.201
G1 F900 X62.314 Y61.571 E1064.70795
G0 F5400 X62.314 Y61.005
G1 F900 X37.684 Y85.636 E1065.57686
G0 F5400 X37.684 Y85.07
G1 F900 X62.314 Y60.439 E1066.44577
G0 F5400 X62.314 Y59.874
G1 F900 X37.684 Y84.504 E1067.31466
G0 F5400 X37.684 Y83.939
G1 F900 X62.314 Y59.308 E1068.18356
G0 F5400 X62.314 Y58.742
G1 F900 X37.684 Y83.373 E1069.05247
G0 F5400 X37.684 Y82.807
G1 F900 X62.314 Y58.177 E1069.92136
G0 F5400 X62.314 Y57.611
G1 F900 X37.684 Y82.241 E1070.79025
G0 F5400 X37.684 Y81.676
G1 F900 X62.314 Y57.045 E1071.65916
G0 F5400 X62.314 Y56.479
G1 F900 X37.684 Y81.11 E1072.52807
G0 F5400 X37.684 Y80.544
G1 F900 X62.314 Y55.914 E1073.39696
G0 F5400 X62.314 Y55.348
G1 F900 X37.684 Y79.979 E1074.26586
G0 F5400 X37.684 Y79.413
G1 F900 X62.314 Y54.782 E1075.13477
G0 F5400 X62.314 Y54.217
G1 F900 X37.684 Y78.847 E1076.00366
G0 F5400 X37.684 Y78.282
G1 F900 X62.314 Y53.651 E1076.87257
G0 F5400 X62.314 Y53.085
G1 F900 X37.684 Y77.716 E1077.74148
G0 F5400 X37.684 Y77.15
G1 F900 X62.314 Y52.52 E1078.61037
G0 F5400 X62.314 Y51.954
G1 F900 X37.684 Y76.585 E1079.47927
G0 F5400 X37.684 Y76.019
G1 F900 X62.314 Y51.388 E1080.34818
G0 F5400 X62.314 Y50.823
G1 F900 X37.684 Y75.453 E1081.21707
G0 F5400 X37.684 Y74.888
G1 F900 X62.314 Y50.257 E1082.08598
G0 F5400 X62.314 Y49.692
G1 F900 X37.684 Y74.322 E1082.95487
G0 F5400 X37.684 Y73.756
G1 F900 X62.314 Y49.126 E1083.82376
G0 F5400 X62.314 Y48.561
G1 F900 X37.684 Y73.191 E1084.69265
G0 F5400 X37.684 Y72.625
G1 F900 X62.314 Y47.995 E1085.56154
G0 F5400 X62.314 Y47.429
G1 F900 X37.684 Y72.059 E1086.43043
G0 F5400 X37.684 Y71.493
G1 F900 X62.314 Y46.864 E1087.2993
G0 F5400 X62.314 Y46.298
G1 F900 X37.684 Y70.928 E1088.16819
G0 F5400 X37.684 Y70.362
G1 F900 X62.314 Y45.732 E1089.03708
G0 F5400 X62.314 Y45.166
G1 F900 X37.684 Y69.796 E1089.90597
G0 F5400 X37.684 Y69.231
G1 F900 X62.314 Y44.601 E1090.77486
G0 F5400 X62.314 Y44.035
G1 F900 X37.683 Y68.666 E1091.64378
G0 F5400 X37.683 Y68.1
G1 F900 X62.314 Y43.469 E1092.51271
G0 F5400 X62.314 Y42.904
G1 F900 X37.683 Y67.534 E1093.38161
G0 F5400 X37.683 Y66.969
G1 F900 X62.314 Y42.338 E1094.25054
G0 F5400 X62.314 Y41.772
G1 F900 X37.683 Y66.403 E1095.11946
G0 F5400 X37.683 Y65.837
G1 F900 X62.314 Y41.207 E1095.98837
G0 F5400 X62.314 Y40.641
G1 F900 X37.683 Y65.272 E1096.8573
G0 F5400 X37.683 Y64.706
G1 F900 X62.314 Y40.075 E1097.72622
G0 F5400 X62.314 Y39.51
G1 F900 X37.683 Y64.14 E1098.59513
G0 F5400 X37.683 Y63.575
G1 F900 X62.314 Y38.944 E1099.46405
G0 F5400 X62.314 Y38.378
G1 F900 X37.683 Y63.009 E1100.33298
G0 F5400 X37.683 Y62.443
G1 F900 X62.314 Y37.813 E1101.20189
G0 F5400 X62.313 Y37.248
G1 F900 X37.683 Y61.878 E1102.07078
G0 F5400 X37.683 Y61.312
G1 F900 X62.313 Y36.682 E1102.93967
G0 F5400 X62.313 Y36.116
G1 F900 X37.683 Y60.746 E1103.80856
G0 F5400 X37.683 Y60.18
G1 F900 X62.313 Y35.551 E1104.67743
G0 F5400 X62.313 Y34.985
G1 F900 X37.683 Y59.615 E1105.54632
G0 F5400 X37.683 Y59.049
G1 F900 X62.313 Y34.419 E1106.41521
G0 F5400 X62.313 Y33.853
G1 F900 X37.683 Y58.483 E1107.2841
G0 F5400 X37.683 Y57.918
G1 F900 X62.313 Y33.288 E1108.15299
G0 F5400 X62.313 Y32.722
G1 F900 X37.683 Y57.352 E1109.02188
G0 F5400 X37.683 Y56.786
G1 F900 X62.313 Y32.156 E1109.89077
G0 F5400 X62.313 Y31.591
G1 F900 X37.683 Y56.221 E1110.75966
G0 F5400 X37.683 Y55.655
G1 F900 X62.313 Y31.025 E1111.62855
G0 F5400 X62.313 Y30.459
G1 F900 X37.683 Y55.089 E1112.49744
G0 F5400 X37.683 Y54.524
G1 F900 X62.313 Y29.894 E1113.36633
G0 F5400 X62.313 Y29.328
G1 F900 X37.683 Y53.958 E1114.23522
G0 F5400 X37.683 Y53.392
G1 F900 X62.313 Y28.762 E1115.10411
G0 F5400 X62.313 Y28.197
G1 F900 X37.683 Y52.827 E1115.973
G0 F5400 X37.683 Y52.261
G1 F900 X62.313 Y27.631 E1116.84189
G0 F5400 X62.313 Y27.065
G1 F900 X37.683 Y51.695 E1117.71077
G0 F5400 X37.683 Y51.129
G1 F900 X62.313 Y26.5 E1118.57965
G0 F5400 X62.313 Y25.934
G1 F900 X37.683 Y50.564 E1119.44854
G0 F5400 X37.683 Y49.998
G1 F900 X62.313 Y25.368 E1120.31743
G0 F5400 X62.313 Y24.802
G1 F900 X37.682 Y49.433 E1121.18635
G0 F5400 X37.682 Y48.867
G1 F900 X62.312 Y24.237 E1122.05524
G0 F5400 X62.312 Y23.672
G1 F900 X37.682 Y48.302 E1122.92413
G0 F5400 X37.682 Y47.736
G1 F900 X62.312 Y23.106 E1123.79302
G0 F5400 X62.312 Y22.54
G1 F900 X37.682 Y47.17 E1124.66191
G0 F5400 X37.682 Y46.605
G1 F900 X62.312 Y21.975 E1125.5308
G0 F5400 X62.312 Y21.409
G1 F900 X37.682 Y46.039 E1126.39969
G0 F5400 X37.682 Y45.473
G1 F900 X62.312 Y20.843 E1127.26858
G0 F5400 X62.312 Y20.278
G1 F900 X37.682 Y44.908 E1128.13747
G0 F5400 X37.682 Y44.342
G1 F900 X62.312 Y19.712 E1129.00636
G0 F5400 X62.312 Y19.146
G1 F900 X37.682 Y43.776 E1129.87525
G0 F5400 X37.682 Y43.211
G1 F900 X62.312 Y18.581 E1130.74414
G0 F5400 X62.312 Y18.015
G1 F900 X37.682 Y42.645 E1131.61303
G0 F5400 X37.682 Y42.079
G1 F900 X62.312 Y17.449 E1132.48192
G0 F5400 X62.312 Y16.884
G1 F900 X37.682 Y41.514 E1133.35081
G0 F5400 X37.682 Y40.948
G1 F900 X62.312 Y16.318 E1134.2197
G0 F5400 X62.312 Y15.752
G1 F900 X37.682 Y40.382 E1135.08859
G0 F5400 X37.682 Y39.816
G1 F900 X62.312 Y15.187 E1135.95746
G0 F5400 X62.312 Y14.621
G1 F900 X37.682 Y39.251 E1136.82635
G0 F5400 X37.682 Y38.685
G1 F900 X62.312 Y14.055 E1137.69524
G0 F5400 X62.312 Y13.489
G1 F900 X37.682 Y38.119 E1138.56413
G0 F5400 X37.682 Y37.554
G1 F900 X62.312 Y12.924 E1139.43302
G0 F5400 X62.312 Y12.358
G1 F900 X37.682 Y36.988 E1140.30191
G0 F5400 X37.682 Y36.422
G1 F900 X61.925 Y12.18 E1141.15713
G0 F5400 X61.359 Y12.18
G1 F900 X37.682 Y35.857 E1141.9924
G0 F5400 X37.682 Y35.291
G1 F900 X60.794 Y12.18 E1142.80772
G0 F5400 X60.228 Y12.18
G1 F900 X37.682 Y34.725 E1143.60307
G0 F5400 X37.682 Y34.16
G1 F900 X59.662 Y12.18 E1144.37848
G0 F5400 X59.096 Y12.18
G1 F900 X37.682 Y33.594 E1145.13391
G0 F5400 X37.682 Y33.028
G1 F900 X58.531 Y12.18 E1145.8694
G0 F5400 X57.965 Y12.18
G1 F900 X37.682 Y32.463 E1146.58494
G0 F5400 X37.682 Y31.897
G1 F900 X57.399 Y12.18 E1147.28051
G0 F5400 X56.834 Y12.18
G1 F900 X37.682 Y31.331 E1147.95613
G0 F5400 X37.682 Y30.766
G1 F900 X56.268 Y12.18 E1148.6118
G0 F5400 X55.702 Y12.18
G1 F900 X37.682 Y30.201 E1149.24752
G0 F5400 X37.682 Y29.635
G1 F900 X55.137 Y12.18 E1149.86329
G0 F5400 X54.571 Y12.18
G1 F900 X37.682 Y29.069 E1150.4591
G0 F5400 X37.682 Y28.503
G1 F900 X54.005 Y12.18 E1151.03494
G0 F5400 X53.44 Y12.18
G1 F900 X37.682 Y27.938 E1151.59084
G0 F5400 X37.682 Y27.372
G1 F900 X52.874 Y12.18 E1152.12678
G0 F5400 X52.308 Y12.18
G1 F900 X37.682 Y26.806 E1152.64275
G0 F5400 X37.682 Y26.241
G1 F900 X51.743 Y12.18 E1153.13879
G0 F5400 X51.177 Y12.18
G1 F900 X37.682 Y25.675 E1153.61487
G0 F5400 X37.682 Y25.109
G1 F900 X50.611 Y12.18 E1154.07097
G0 F5400 X50.045 Y12.18
G1 F900 X37.682 Y24.544 E1154.50713
G0 F5400 X37.682 Y23.978
G1 F900 X49.48 Y12.18 E1154.92333
G0 F5400 X48.914 Y12.18
G1 F900 X37.682 Y23.412 E1155.31957
G0 F5400 X37.682 Y22.847
G1 F900 X48.348 Y12.18 E1155.69586
G0 F5400 X47.783 Y12.18
G1 F900 X37.682 Y22.281 E1156.0522
G0 F5400 X37.682 Y21.715
G1 F900 X47.217 Y12.18 E1156.38858
G0 F5400 X46.651 Y12.18
G1 F900 X37.682 Y21.15 E1156.705
G0 F5400 X37.682 Y20.584
G1 F900 X46.086 Y12.18 E1157.00147
G0 F5400 X45.52 Y12.18
G1 F900 X37.682 Y20.018 E1157.27798
G0 F5400 X37.682 Y19.453
G1 F900 X44.954 Y12.18 E1157.53454
G0 F5400 X44.389 Y12.18
G1 F900 X37.682 Y18.887 E1157.77114
G0 F5400 X37.682 Y18.321
G1 F900 X43.823 Y12.18 E1157.98778
G0 F5400 X43.257 Y12.18
G1 F900 X37.682 Y17.755 E1158.18446
G0 F5400 X37.682 Y17.19
G1 F900 X42.692 Y12.18 E1158.3612
G0 F5400 X42.126 Y12.18
G1 F900 X37.682 Y16.624 E1158.51797
G0 F5400 X37.682 Y16.058
G1 F900 X41.56 Y12.18 E1158.65478
G0 F5400 X40.995 Y12.18
G1 F900 X37.682 Y15.493 E1158.77165
G0 F5400 X37.682 Y14.927
G1 F900 X40.429 Y12.18 E1158.86856
G0 F5400 X39.863 Y12.18
G1 F900 X37.682 Y14.361 E1158.9455
G0 F5400 X37.682 Y13.796
G1 F900 X39.297 Y12.18 E1159.00249
G0 F5400 X38.732 Y12.18
G1 F900 X37.682 Y13.23 E1159.03954
G0 F5400 X37.682 Y12.664
G1 F900 X38.166 Y12.18 E1159.05661
G0 F5400 X38.165 Y12.215
;MESH:NONMESH
G0 F600 Z1.535
G0 F5400 X62.618 Y88.115
G0 X62.964 Y88.334
;TIME_ELAPSED:2118.054131
;LAYER:2
M106 S255
;TYPE:WALL-INNER
;MESH:luckfox_bottom.stl
G1 F2400 X62.964 Y11.608 E1160.97055
G1 X62.814 Y11.532 E1160.97474
G1 X37.107 Y11.532 E1161.61601
G1 X37.032 Y11.684 E1161.62023
G1 X37.032 Y88.312 E1163.53173
G1 X37.092 Y88.434 E1163.53512
G1 X37.163 Y88.464 E1163.53704
G1 X62.814 Y88.464 E1164.17691
G1 X62.936 Y88.403 E1164.18031
G1 X62.964 Y88.334 E1164.18217
G0 F7200 X63.248 Y88.667
;TYPE:WALL-OUTER
G1 F1200 X63.364 Y88.375 E1164.19001
G1 X63.364 Y11.633 E1166.10434
G1 X63.25 Y11.33 E1166.11242
G1 X63.061 Y11.184 E1166.11838
G1 X62.866 Y11.132 E1166.12341
G1 X37.133 Y11.132 E1166.76532
G1 X36.829 Y11.246 E1166.77342
G1 X36.69 Y11.425 E1166.77908
G1 X36.632 Y11.628 E1166.78434
G1 X36.632 Y88.362 E1168.69848
G1 X36.684 Y88.562 E1168.70363
G1 X36.828 Y88.747 E1168.70948
G1 X37.121 Y88.864 E1168.71735
G1 X62.866 Y88.864 E1169.35956
G1 X63.061 Y88.813 E1169.36459
G1 X63.248 Y88.667 E1169.37051
G0 F7200 X63.321 Y88.482
G0 X62.584 Y88.084
;TYPE:SKIN
G1 F900 X37.412 Y88.084 E1169.99843
G1 X37.412 Y11.912 E1171.89855
G1 X62.584 Y11.912 E1172.52646
G1 X62.584 Y88.084 E1174.42658
G0 F7200 X37.612 Y87.392
G1 F900 X38.104 Y87.884 E1174.44394
G0 F7200 X38.67 Y87.884
G1 F900 X37.612 Y86.826 E1174.48126
G0 F7200 X37.612 Y86.261
G1 F900 X39.235 Y87.884 E1174.53852
G0 F7200 X39.801 Y87.884
G1 F900 X37.612 Y85.695 E1174.61574
G0 F7200 X37.612 Y85.129
G1 F900 X40.367 Y87.884 E1174.71293
G0 F7200 X40.932 Y87.884
G1 F900 X37.612 Y84.564 E1174.83005
G0 F7200 X37.612 Y83.998
G1 F900 X41.498 Y87.884 E1174.96714
G0 F7200 X42.064 Y87.884
G1 F900 X37.612 Y83.432 E1175.1242
G0 F7200 X37.612 Y82.867
G1 F900 X42.629 Y87.884 E1175.30119
G0 F7200 X43.195 Y87.884
G1 F900 X37.612 Y82.301 E1175.49814
G0 F7200 X37.612 Y81.735
G1 F900 X43.761 Y87.884 E1175.71507
G0 F7200 X44.326 Y87.884
G1 F900 X37.612 Y81.169 E1175.95194
G0 F7200 X37.612 Y80.604
G1 F900 X44.892 Y87.884 E1176.20876
G0 F7200 X45.458 Y87.884
G1 F900 X37.612 Y80.038 E1176.48555
G0 F7200 X37.612 Y79.472
G1 F900 X46.023 Y87.884 E1176.78229
G0 F7200 X46.589 Y87.884
G1 F900 X37.612 Y78.907 E1177.09897
G0 F7200 X37.612 Y78.341
G1 F900 X47.155 Y87.884 E1177.43563
G0 F7200 X47.721 Y87.884
G1 F900 X37.612 Y77.775 E1177.79225
G0 F7200 X37.612 Y77.21
G1 F900 X48.286 Y87.884 E1178.16881
G0 F7200 X48.852 Y87.884
G1 F900 X37.612 Y76.644 E1178.56533
G0 F7200 X37.612 Y76.078
G1 F900 X49.418 Y87.884 E1178.98182
G0 F7200 X49.983 Y87.884
G1 F900 X37.612 Y75.513 E1179.41824
G0 F7200 X37.612 Y74.947
G1 F900 X50.549 Y87.884 E1179.87462
G0 F7200 X51.115 Y87.884
G1 F900 X37.612 Y74.381 E1180.35098
G0 F7200 X37.612 Y73.816
G1 F900 X51.68 Y87.884 E1180.84727
G0 F7200 X52.246 Y87.884
G1 F900 X37.612 Y73.25 E1181.36352
G0 F7200 X37.612 Y72.684
G1 F900 X52.812 Y87.884 E1181.89974
G0 F7200 X53.377 Y87.884
G1 F900 X37.612 Y72.119 E1182.45589
G0 F7200 X37.612 Y71.553
G1 F900 X53.943 Y87.884 E1183.03201
G0 F7200 X54.509 Y87.884
G1 F900 X37.612 Y70.987 E1183.6281
G0 F7200 X37.612 Y70.421
G1 F900 X55.074 Y87.884 E1184.24414
G0 F7200 X55.64 Y87.884
G1 F900 X37.612 Y69.856 E1184.88012
G0 F7200 X37.612 Y69.29
G1 F900 X56.206 Y87.884 E1185.53608
G0 F7200 X56.771 Y87.884
G1 F900 X37.612 Y68.724 E1186.21198
G0 F7200 X37.612 Y68.159
G1 F900 X57.337 Y87.884 E1186.90783
G0 F7200 X57.903 Y87.884
G1 F900 X37.612 Y67.593 E1187.62365
G0 F7200 X37.612 Y67.027
G1 F900 X58.469 Y87.884 E1188.35944
G0 F7200 X59.034 Y87.884
G1 F900 X37.612 Y66.462 E1189.11516
G0 F7200 X37.612 Y65.896
G1 F900 X59.6 Y87.884 E1189.89085
G0 F7200 X60.166 Y87.884
G1 F900 X37.612 Y65.33 E1190.6865
G0 F7200 X37.612 Y64.765
G1 F900 X60.731 Y87.884 E1191.50208
G0 F7200 X61.297 Y87.884
G1 F900 X37.612 Y64.199 E1192.33764
G0 F7200 X37.612 Y63.633
G1 F900 X61.863 Y87.884 E1193.19316
G0 F7200 X62.384 Y87.84
G1 F900 X37.612 Y63.068 E1194.06705
G0 F7200 X37.612 Y62.502
G1 F900 X62.384 Y87.275 E1194.94097
G0 F7200 X62.384 Y86.709
G1 F900 X37.612 Y61.936 E1195.81489
G0 F7200 X37.612 Y61.371
G1 F900 X62.384 Y86.143 E1196.68879
G0 F7200 X62.384 Y85.578
G1 F900 X37.612 Y60.805 E1197.5627
G0 F7200 X37.612 Y60.239
G1 F900 X62.384 Y85.012 E1198.43662
G0 F7200 X62.384 Y84.446
G1 F900 X37.612 Y59.673 E1199.31054
G0 F7200 X37.612 Y59.108
G1 F900 X62.384 Y83.881 E1200.18445
G0 F7200 X62.384 Y83.315
G1 F900 X37.612 Y58.542 E1201.05837
G0 F7200 X37.612 Y57.976
G1 F900 X62.384 Y82.749 E1201.93229
G0 F7200 X62.384 Y82.183
G1 F900 X37.612 Y57.411 E1202.80619
G0 F7200 X37.612 Y56.845
G1 F900 X62.384 Y81.618 E1203.6801
G0 F7200 X62.384 Y81.052
G1 F900 X37.612 Y56.279 E1204.55402
G0 F7200 X37.612 Y55.714
G1 F900 X62.384 Y80.486 E1205.42792
G0 F7200 X62.384 Y79.921
G1 F900 X37.612 Y55.148 E1206.30184
G0 F7200 X37.612 Y54.582
G1 F900 X62.384 Y79.355 E1207.17575
G0 F7200 X62.384 Y78.789
G1 F900 X37.612 Y54.017 E1208.04965
G0 F7200 X37.612 Y53.451
G1 F900 X62.384 Y78.224 E1208.92357
G0 F7200 X62.384 Y77.658
G1 F900 X37.612 Y52.885 E1209.79749
G0 F7200 X37.612 Y52.32
G1 F900 X62.384 Y77.092 E1210.67139
G0 F7200 X62.384 Y76.527
G1 F900 X37.612 Y51.754 E1211.5453
G0 F7200 X37.612 Y51.188
G1 F900 X62.384 Y75.961 E1212.41922
G0 F7200 X62.384 Y75.395
G1 F900 X37.612 Y50.622 E1213.29314
G0 F7200 X37.612 Y50.057
G1 F900 X62.384 Y74.83 E1214.16705
G0 F7200 X62.384 Y74.264
G1 F900 X37.612 Y49.491 E1215.04097
G0 F7200 X37.612 Y48.925
G1 F900 X62.384 Y73.698 E1215.91489
G0 F7200 X62.384 Y73.133
G1 F900 X37.612 Y48.36 E1216.7888
G0 F7200 X37.612 Y47.794
G1 F900 X62.384 Y72.567 E1217.66272
G0 F7200 X62.384 Y72.001
G1 F900 X37.612 Y47.228 E1218.53664
G0 F7200 X37.612 Y46.663
G1 F900 X62.384 Y71.435 E1219.41054
G0 F7200 X62.384 Y70.87
G1 F900 X37.612 Y46.097 E1220.28445
G0 F7200 X37.612 Y45.531
G1 F900 X62.384 Y70.304 E1221.15837
G0 F7200 X62.384 Y69.738
G1 F900 X37.612 Y44.966 E1222.03227
G0 F7200 X37.612 Y44.4
G1 F900 X62.384 Y69.173 E1222.90619
G0 F7200 X62.384 Y68.607
G1 F900 X37.612 Y43.834 E1223.7801
G0 F7200 X37.612 Y43.269
G1 F900 X62.384 Y68.041 E1224.654
G0 F7200 X62.384 Y67.476
G1 F900 X37.612 Y42.703 E1225.52792
G0 F7200 X37.612 Y42.137
G1 F900 X62.384 Y66.91 E1226.40184
G0 F7200 X62.384 Y66.344
G1 F900 X37.612 Y41.572 E1227.27574
G0 F7200 X37.612 Y41.006
G1 F900 X62.384 Y65.779 E1228.14965
G0 F7200 X62.384 Y65.213
G1 F900 X37.612 Y40.44 E1229.02357
G0 F7200 X37.612 Y39.874
G1 F900 X62.384 Y64.647 E1229.89749
G0 F7200 X62.384 Y64.082
G1 F900 X37.612 Y39.309 E1230.7714
G0 F7200 X37.612 Y38.743
G1 F900 X62.384 Y63.516 E1231.64532
G0 F7200 X62.384 Y62.95
G1 F900 X37.612 Y38.177 E1232.51924
G0 F7200 X37.612 Y37.612
G1 F900 X62.384 Y62.384 E1233.39314
G0 F7200 X62.384 Y61.819
G1 F900 X37.612 Y37.046 E1234.26705
G0 F7200 X37.612 Y36.48
G1 F900 X62.384 Y61.253 E1235.14097
G0 F7200 X62.384 Y60.687
G1 F900 X37.612 Y35.915 E1236.01487
G0 F7200 X37.612 Y35.349
G1 F900 X62.384 Y60.122 E1236.88879
G0 F7200 X62.384 Y59.556
G1 F900 X37.612 Y34.783 E1237.7627
G0 F7200 X37.612 Y34.218
G1 F900 X62.384 Y58.99 E1238.6366
G0 F7200 X62.384 Y58.425
G1 F900 X37.612 Y33.652 E1239.51052
G0 F7200 X37.612 Y33.086
G1 F900 X62.384 Y57.859 E1240.38444
G0 F7200 X62.384 Y57.293
G1 F900 X37.612 Y32.521 E1241.25833
G0 F7200 X37.612 Y31.955
G1 F900 X62.384 Y56.728 E1242.13225
G0 F7200 X62.384 Y56.162
G1 F900 X37.612 Y31.389 E1243.00617
G0 F7200 X37.612 Y30.823
G1 F900 X62.384 Y55.596 E1243.88008
G0 F7200 X62.384 Y55.031
G1 F900 X37.612 Y30.258 E1244.754
G0 F7200 X37.612 Y29.692
G1 F900 X62.384 Y54.465 E1245.62792
G0 F7200 X62.384 Y53.899
G1 F900 X37.612 Y29.126 E1246.50184
G0 F7200 X37.612 Y28.561
G1 F900 X62.384 Y53.334 E1247.37575
G0 F7200 X62.384 Y52.768
G1 F900 X37.612 Y27.995 E1248.24967
G0 F7200 X37.612 Y27.429
G1 F900 X62.384 Y52.202 E1249.12359
G0 F7200 X62.384 Y51.636
G1 F900 X37.612 Y26.864 E1249.99749
G0 F7200 X37.612 Y26.298
G1 F900 X62.384 Y51.071 E1250.8714
G0 F7200 X62.384 Y50.505
G1 F900 X37.612 Y25.732 E1251.74532
G0 F7200 X37.612 Y25.167
G1 F900 X62.384 Y49.939 E1252.61922
G0 F7200 X62.384 Y49.374
G1 F900 X37.612 Y24.601 E1253.49313
G0 F7200 X37.612 Y24.035
G1 F900 X62.384 Y48.808 E1254.36705
G0 F7200 X62.384 Y48.242
G1 F900 X37.612 Y23.47 E1255.24095
G0 F7200 X37.612 Y22.904
G1 F900 X62.384 Y47.677 E1256.11487
G0 F7200 X62.384 Y47.111
G1 F900 X37.612 Y22.338 E1256.98878
G0 F7200 X37.612 Y21.773
G1 F900 X62.384 Y46.545 E1257.86268
G0 F7200 X62.384 Y45.98
G1 F900 X37.612 Y21.207 E1258.7366
G0 F7200 X37.612 Y20.641
G1 F900 X62.384 Y45.414 E1259.61052
G0 F7200 X62.384 Y44.848
G1 F900 X37.612 Y20.075 E1260.48443
G0 F7200 X37.612 Y19.51
G1 F900 X62.384 Y44.283 E1261.35835
G0 F7200 X62.384 Y43.717
G1 F900 X37.612 Y18.944 E1262.23227
G0 F7200 X37.612 Y18.378
G1 F900 X62.384 Y43.151 E1263.10618
G0 F7200 X62.384 Y42.586
G1 F900 X37.612 Y17.813 E1263.9801
G0 F7200 X37.612 Y17.247
G1 F900 X62.384 Y42.02 E1264.85402
G0 F7200 X62.384 Y41.454
G1 F900 X37.612 Y16.681 E1265.72794
G0 F7200 X37.612 Y16.116
G1 F900 X62.384 Y40.888 E1266.60183
G0 F7200 X62.384 Y40.323
G1 F900 X37.612 Y15.55 E1267.47575
G0 F7200 X37.612 Y14.984
G1 F900 X62.384 Y39.757 E1268.34967
G0 F7200 X62.384 Y39.191
G1 F900 X37.612 Y14.419 E1269.22357
G0 F7200 X37.612 Y13.853
G1 F900 X62.384 Y38.626 E1270.09748
G0 F7200 X62.384 Y38.06
G1 F900 X37.612 Y13.287 E1270.9714
G0 F7200 X37.612 Y12.722
G1 F900 X62.384 Y37.494 E1271.8453
G0 F7200 X62.384 Y36.929
G1 F900 X37.612 Y12.156 E1272.71922
G0 F7200 X38.134 Y12.112
G1 F900 X62.384 Y36.363 E1273.57472
G0 F7200 X62.384 Y35.797
G1 F900 X38.699 Y12.112 E1274.41027
G0 F7200 X39.265 Y12.112
G1 F900 X62.384 Y35.232 E1275.22587
G0 F7200 X62.384 Y34.666
G1 F900 X39.831 Y12.112 E1276.02151
G0 F7200 X40.396 Y12.112
G1 F900 X62.384 Y34.1 E1276.7972
G0 F7200 X62.384 Y33.535
G1 F900 X40.962 Y12.112 E1277.55293
G0 F7200 X41.528 Y12.112
G1 F900 X62.384 Y32.969 E1278.2887
G0 F7200 X62.384 Y32.403
G1 F900 X42.093 Y12.112 E1279.00452
G0 F7200 X42.659 Y12.112
G1 F900 X62.384 Y31.837 E1279.70037
G0 F7200 X62.384 Y31.272
G1 F900 X43.225 Y12.112 E1280.37628
G0 F7200 X43.79 Y12.112
G1 F900 X62.384 Y30.706 E1281.03223
G0 F7200 X62.384 Y30.14
G1 F900 X44.356 Y12.112 E1281.66822
G0 F7200 X44.922 Y12.112
G1 F900 X62.384 Y29.575 E1282.28425
G0 F7200 X62.384 Y29.009
G1 F900 X45.487 Y12.112 E1282.88034
G0 F7200 X46.053 Y12.112
G1 F900 X62.384 Y28.443 E1283.45646
G0 F7200 X62.384 Y27.878
G1 F900 X46.619 Y12.112 E1284.01263
G0 F7200 X47.185 Y12.112
G1 F900 X62.384 Y27.312 E1284.54884
G0 F7200 X62.384 Y26.746
G1 F900 X47.75 Y12.112 E1285.06509
G0 F7200 X48.316 Y12.112
G1 F900 X62.384 Y26.181 E1285.56139
G0 F7200 X62.384 Y25.615
G1 F900 X48.882 Y12.112 E1286.03773
G0 F7200 X49.447 Y12.112
G1 F900 X62.384 Y25.049 E1286.49412
G0 F7200 X62.384 Y24.484
G1 F900 X50.013 Y12.112 E1286.93056
G0 F7200 X50.579 Y12.112
G1 F900 X62.384 Y23.918 E1287.34703
G0 F7200 X62.384 Y23.352
G1 F900 X51.144 Y12.112 E1287.74355
G0 F7200 X51.71 Y12.112
G1 F900 X62.384 Y22.787 E1288.12012
G0 F7200 X62.384 Y22.221
G1 F900 X52.276 Y12.112 E1288.47673
G0 F7200 X52.841 Y12.112
G1 F900 X62.384 Y21.655 E1288.81338
G0 F7200 X62.384 Y21.089
G1 F900 X53.407 Y12.112 E1289.13007
G0 F7200 X53.973 Y12.112
G1 F900 X62.384 Y20.524 E1289.42681
G0 F7200 X62.384 Y19.958
G1 F900 X54.538 Y12.112 E1289.7036
G0 F7200 X55.104 Y12.112
G1 F900 X62.384 Y19.392 E1289.96042
G0 F7200 X62.384 Y18.827
G1 F900 X55.67 Y12.112 E1290.19729
G0 F7200 X56.235 Y12.112
G1 F900 X62.384 Y18.261 E1290.41421
G0 F7200 X62.384 Y17.695
G1 F900 X56.801 Y12.112 E1290.61117
G0 F7200 X57.367 Y12.112
G1 F900 X62.384 Y17.13 E1290.78817
G0 F7200 X62.384 Y16.564
G1 F900 X57.933 Y12.112 E1290.94521
G0 F7200 X58.498 Y12.112
G1 F900 X62.384 Y15.998 E1291.0823
G0 F7200 X62.384 Y15.433
G1 F900 X59.064 Y12.112 E1291.19944
G0 F7200 X59.63 Y12.112
G1 F900 X62.384 Y14.867 E1291.29661
G0 F7200 X62.384 Y14.301
G1 F900 X60.195 Y12.112 E1291.37384
G0 F7200 X60.761 Y12.112
G1 F900 X62.384 Y13.736 E1291.43111
G0 F7200 X62.384 Y13.17
G1 F900 X61.327 Y12.112 E1291.46842
G0 F7200 X61.892 Y12.112
G1 F900 X62.384 Y12.604 E1291.48577
G0 F7200 X62.355 Y12.604
;MESH:NONMESH
G0 F600 Z1.685
G0 F7200 X62.685 Y88.185
G0 X62.992 Y88.372
;TIME_ELAPSED:2464.719285
;LAYER:3
;TYPE:WALL-INNER
;MESH:luckfox_bottom.stl
G1 F2400 X62.992 Y11.63 E1293.40011
G1 X62.922 Y11.545 E1293.40286
G1 X62.829 Y11.508 E1293.40535
G1 X37.152 Y11.505 E1294.04587
G1 X37.056 Y11.554 E1294.04856
G1 X37.009 Y11.671 E1294.0517
G1 X37.004 Y88.346 E1295.96437
G1 X37.062 Y88.454 E1295.96743
G1 X37.155 Y88.488 E1295.9699
G1 X62.894 Y88.492 E1296.61196
G1 X62.992 Y88.372 E1296.61582
G0 F7200 X63.239 Y88.725
;TYPE:WALL-OUTER
G1 F1200 X63.352 Y88.549 E1296.62104
G1 X63.392 Y88.373 E1296.62554
G1 X63.392 Y11.633 E1298.53983
G1 X63.34 Y11.424 E1298.5452
G1 X63.166 Y11.211 E1298.55206
G1 X62.905 Y11.108 E1298.55906
G1 X37.056 Y11.105 E1299.20387
G1 X36.798 Y11.235 E1299.21107
G1 X36.717 Y11.322 E1299.21404
G1 X36.609 Y11.595 E1299.22136
G1 X36.604 Y88.44 E1301.13827
G1 X36.734 Y88.698 E1301.14548
G1 X36.856 Y88.804 E1301.14951
G1 X37.084 Y88.888 E1301.15557
G1 X62.864 Y88.892 E1301.79865
G1 X63.085 Y88.839 E1301.80432
G1 X63.239 Y88.725 E1301.8091
G0 F7200 X63.347 Y88.557
G0 X62.612 Y88.108
;TYPE:SKIN
G1 F900 X37.384 Y88.108 E1302.43842
G1 X37.392 Y11.888 E1304.33973
G1 X62.608 Y11.888 E1304.96875
G1 X62.612 Y88.108 E1306.87006
G0 F7200 X61.999 Y87.908
G1 F900 X62.411 Y87.495 E1306.88462
G0 F7200 X62.411 Y86.93
G1 F900 X61.433 Y87.908 E1306.91912
G0 F7200 X60.868 Y87.908
G1 F900 X62.411 Y86.364 E1306.97357
G0 F7200 X62.411 Y85.798
G1 F900 X60.302 Y87.908 E1307.04799
G0 F7200 X59.736 Y87.908
G1 F900 X62.411 Y85.233 E1307.14236
G0 F7200 X62.411 Y84.667
G1 F900 X59.171 Y87.908 E1307.25667
G0 F7200 X58.605 Y87.908
G1 F900 X62.411 Y84.101 E1307.39096
G0 F7200 X62.411 Y83.535
G1 F900 X58.039 Y87.908 E1307.54521
G0 F7200 X57.474 Y87.908
G1 F900 X62.411 Y82.97 E1307.71939
G0 F7200 X62.411 Y82.404
G1 F900 X56.908 Y87.908 E1307.91354
G0 F7200 X56.342 Y87.908
G1 F900 X62.411 Y81.838 E1308.12766
G0 F7200 X62.411 Y81.273
G1 F900 X55.777 Y87.908 E1308.36171
G0 F7200 X55.211 Y87.908
G1 F900 X62.411 Y80.707 E1308.61573
G0 F7200 X62.411 Y80.141
G1 F900 X54.645 Y87.908 E1308.88971
G0 F7200 X54.08 Y87.908
G1 F900 X62.411 Y79.576 E1309.18363
G0 F7200 X62.411 Y79.01
G1 F900 X53.514 Y87.908 E1309.49751
G0 F7200 X52.948 Y87.908
G1 F900 X62.411 Y78.444 E1309.83136
G0 F7200 X62.411 Y77.879
G1 F900 X52.382 Y87.908 E1310.18516
G0 F7200 X51.817 Y87.908
G1 F900 X62.411 Y77.313 E1310.55891
G0 F7200 X62.411 Y76.747
G1 F900 X51.251 Y87.908 E1310.95263
G0 F7200 X50.685 Y87.908
G1 F900 X62.411 Y76.182 E1311.3663
G0 F7200 X62.411 Y75.616
G1 F900 X50.12 Y87.908 E1311.79991
G0 F7200 X49.554 Y87.908
G1 F900 X62.411 Y75.05 E1312.25349
G0 F7200 X62.411 Y74.485
G1 F900 X48.988 Y87.908 E1312.72703
G0 F7200 X48.423 Y87.908
G1 F900 X62.411 Y73.919 E1313.22051
G0 F7200 X62.411 Y73.353
G1 F900 X47.857 Y87.908 E1313.73396
G0 F7200 X47.291 Y87.908
G1 F900 X62.411 Y72.787 E1314.26737
G0 F7200 X62.411 Y72.222
G1 F900 X46.726 Y87.908 E1314.82072
G0 F7200 X46.16 Y87.908
G1 F900 X62.411 Y71.657 E1315.39402
G0 F7200 X62.411 Y71.091
G1 F900 X45.594 Y87.908 E1315.98729
G0 F7200 X45.029 Y87.908
G1 F900 X62.411 Y70.525 E1316.6005
G0 F7200 X62.411 Y69.96
G1 F900 X44.463 Y87.908 E1317.23366
G0 F7200 X43.897 Y87.908
G1 F900 X62.411 Y69.394 E1317.8868
G0 F7200 X62.411 Y68.828
G1 F900 X43.332 Y87.908 E1318.55988
G0 F7200 X42.766 Y87.908
G1 F900 X62.411 Y68.263 E1319.25291
G0 F7200 X62.411 Y67.697
G1 F900 X42.2 Y87.908 E1319.96591
G0 F7200 X41.634 Y87.908
G1 F900 X62.411 Y67.131 E1320.69887
G0 F7200 X62.411 Y66.566
G1 F900 X41.069 Y87.908 E1321.45177
G0 F7200 X40.503 Y87.908
G1 F900 X62.411 Y66 E1322.22463
G0 F7200 X62.411 Y65.434
G1 F900 X39.937 Y87.908 E1323.01746
G0 F7200 X39.372 Y87.908
G1 F900 X62.411 Y64.869 E1323.83022
G0 F7200 X62.411 Y64.303
G1 F900 X38.806 Y87.908 E1324.66295
G0 F7200 X38.24 Y87.908
G1 F900 X62.411 Y63.737 E1325.51565
G0 F7200 X62.411 Y63.172
G1 F900 X37.675 Y87.908 E1326.38828
G0 F7200 X37.585 Y87.432
G1 F900 X62.411 Y62.606 E1327.26409
G0 F7200 X62.411 Y62.04
G1 F900 X37.585 Y86.866 E1328.13989
G0 F7200 X37.585 Y86.3
G1 F900 X62.411 Y61.474 E1329.01569
G0 F7200 X62.411 Y60.909
G1 F900 X37.585 Y85.735 E1329.8915
G0 F7200 X37.585 Y85.169
G1 F900 X62.411 Y60.343 E1330.7673
G0 F7200 X62.411 Y59.777
G1 F900 X37.585 Y84.603 E1331.64311
G0 F7200 X37.585 Y84.038
G1 F900 X62.411 Y59.212 E1332.51891
G0 F7200 X62.411 Y58.646
G1 F900 X37.585 Y83.472 E1333.39471
G0 F7200 X37.585 Y82.906
G1 F900 X62.411 Y58.08 E1334.27052
G0 F7200 X62.41 Y57.515
G1 F900 X37.585 Y82.34 E1335.14629
G0 F7200 X37.585 Y81.775
G1 F900 X62.41 Y56.95 E1336.02206
G0 F7200 X62.41 Y56.384
G1 F900 X37.585 Y81.209 E1336.89783
G0 F7200 X37.586 Y80.643
G1 F900 X62.41 Y55.818 E1337.77358
G0 F7200 X62.41 Y55.253
G1 F900 X37.586 Y80.077 E1338.64931
G0 F7200 X37.586 Y79.511
G1 F900 X62.41 Y54.687 E1339.52504
G0 F7200 X62.41 Y54.121
G1 F900 X37.586 Y78.946 E1340.4008
G0 F7200 X37.586 Y78.38
G1 F900 X62.41 Y53.556 E1341.27653
G0 F7200 X62.41 Y52.99
G1 F900 X37.586 Y77.814 E1342.15226
G0 F7200 X37.586 Y77.249
G1 F900 X62.41 Y52.424 E1343.02801
G0 F7200 X62.41 Y51.859
G1 F900 X37.586 Y76.683 E1343.90375
G0 F7200 X37.586 Y76.117
G1 F900 X62.41 Y51.293 E1344.77948
G0 F7200 X62.41 Y50.727
G1 F900 X37.586 Y75.552 E1345.65523
G0 F7200 X37.586 Y74.986
G1 F900 X62.41 Y50.161 E1346.53098
G0 F7200 X62.41 Y49.596
G1 F900 X37.586 Y74.42 E1347.40672
G0 F7200 X37.586 Y73.854
G1 F900 X62.41 Y49.03 E1348.28245
G0 F7200 X62.41 Y48.464
G1 F900 X37.586 Y73.288 E1349.15818
G0 F7200 X37.586 Y72.722
G1 F900 X62.41 Y47.899 E1350.0339
G0 F7200 X62.41 Y47.333
G1 F900 X37.586 Y72.157 E1350.90963
G0 F7200 X37.586 Y71.591
G1 F900 X62.41 Y46.767 E1351.78537
G0 F7200 X62.41 Y46.202
G1 F900 X37.586 Y71.025 E1352.66108
G0 F7200 X37.586 Y70.46
G1 F900 X62.41 Y45.636 E1353.53682
G0 F7200 X62.41 Y45.07
G1 F900 X37.586 Y69.894 E1354.41255
G0 F7200 X37.586 Y69.328
G1 F900 X62.41 Y44.505 E1355.28827
G0 F7200 X62.41 Y43.939
G1 F900 X37.586 Y68.763 E1356.164
G0 F7200 X37.586 Y68.197
G1 F900 X62.41 Y43.373 E1357.03973
G0 F7200 X62.41 Y42.808
G1 F900 X37.586 Y67.631 E1357.91545
G0 F7200 X37.587 Y67.065
G1 F900 X62.409 Y42.243 E1358.79111
G0 F7200 X62.409 Y41.677
G1 F900 X37.587 Y66.499 E1359.66678
G0 F7200 X37.587 Y65.933
G1 F900 X62.409 Y41.111 E1360.54244
G0 F7200 X62.409 Y40.546
G1 F900 X37.587 Y65.368 E1361.4181
G0 F7200 X37.587 Y64.802
G1 F900 X62.409 Y39.98 E1362.29377
G0 F7200 X62.409 Y39.414
G1 F900 X37.587 Y64.236 E1363.16943
G0 F7200 X37.587 Y63.671
G1 F900 X62.409 Y38.848 E1364.04511
G0 F7200 X62.409 Y38.283
G1 F900 X37.587 Y63.105 E1364.92077
G0 F7200 X37.587 Y62.539
G1 F900 X62.409 Y37.717 E1365.79644
G0 F7200 X62.409 Y37.151
G1 F900 X37.587 Y61.974 E1366.67212
G0 F7200 X37.587 Y61.408
G1 F900 X62.409 Y36.586 E1367.54778
G0 F7200 X62.409 Y36.02
G1 F900 X37.587 Y60.842 E1368.42344
G0 F7200 X37.588 Y60.276
G1 F900 X62.409 Y35.454 E1369.29909
G0 F7200 X62.409 Y34.889
G1 F900 X37.588 Y59.71 E1370.17472
G0 F7200 X37.588 Y59.145
G1 F900 X62.409 Y34.323 E1371.05036
G0 F7200 X62.409 Y33.757
G1 F900 X37.588 Y58.579 E1371.92601
G0 F7200 X37.588 Y58.013
G1 F900 X62.409 Y33.192 E1372.80163
G0 F7200 X62.409 Y32.626
G1 F900 X37.588 Y57.447 E1373.67726
G0 F7200 X37.588 Y56.882
G1 F900 X62.409 Y32.06 E1374.55291
G0 F7200 X62.409 Y31.495
G1 F900 X37.588 Y56.316 E1375.42854
G0 F7200 X37.588 Y55.75
G1 F900 X62.409 Y30.929 E1376.30416
G0 F7200 X62.409 Y30.363
G1 F900 X37.588 Y55.185 E1377.17981
G0 F7200 X37.588 Y54.619
G1 F900 X62.409 Y29.797 E1378.05545
G0 F7200 X62.409 Y29.232
G1 F900 X37.588 Y54.053 E1378.93108
G0 F7200 X37.588 Y53.488
G1 F900 X62.409 Y28.666 E1379.80673
G0 F7200 X62.409 Y28.1
G1 F900 X37.588 Y52.921 E1380.68236
G0 F7200 X37.588 Y52.356
G1 F900 X62.409 Y27.535 E1381.55798
G0 F7200 X62.409 Y26.97
G1 F900 X37.588 Y51.79 E1382.43359
G0 F7200 X37.588 Y51.224
G1 F900 X62.409 Y26.404 E1383.3092
G0 F7200 X62.409 Y25.838
G1 F900 X37.588 Y50.659 E1384.18483
G0 F7200 X37.588 Y50.093
G1 F900 X62.409 Y25.273 E1385.06044
G0 F7200 X62.409 Y24.707
G1 F900 X37.588 Y49.527 E1385.93605
G0 F7200 X37.588 Y48.961
G1 F900 X62.409 Y24.141 E1386.81166
G0 F7200 X62.409 Y23.576
G1 F900 X37.588 Y48.396 E1387.68727
G0 F7200 X37.588 Y47.83
G1 F900 X62.409 Y23.01 E1388.56288
G0 F7200 X62.409 Y22.444
G1 F900 X37.588 Y47.264 E1389.43849
G0 F7200 X37.588 Y46.699
G1 F900 X62.409 Y21.879 E1390.3141
G0 F7200 X62.409 Y21.313
G1 F900 X37.589 Y46.132 E1391.18968
G0 F7200 X37.589 Y45.567
G1 F900 X62.409 Y20.747 E1392.06527
G0 F7200 X62.409 Y20.182
G1 F900 X37.589 Y45.001 E1392.94084
G0 F7200 X37.589 Y44.435
G1 F900 X62.409 Y19.616 E1393.81642
G0 F7200 X62.409 Y19.05
G1 F900 X37.589 Y43.87 E1394.69201
G0 F7200 X37.589 Y43.304
G1 F900 X62.409 Y18.484 E1395.5676
G0 F7200 X62.409 Y17.919
G1 F900 X37.589 Y42.738 E1396.44318
G0 F7200 X37.589 Y42.173
G1 F900 X62.409 Y17.353 E1397.31877
G0 F7200 X62.409 Y16.787
G1 F900 X37.589 Y41.607 E1398.19436
G0 F7200 X37.589 Y41.041
G1 F900 X62.409 Y16.222 E1399.06994
G0 F7200 X62.409 Y15.656
G1 F900 X37.589 Y40.475 E1399.94551
G0 F7200 X37.589 Y39.91
G1 F900 X62.409 Y15.09 E1400.82111
G0 F7200 X62.409 Y14.525
G1 F900 X37.59 Y39.343 E1401.69665
G0 F7200 X37.59 Y38.778
G1 F900 X62.409 Y13.959 E1402.5722
G0 F7200 X62.409 Y13.393
G1 F900 X37.59 Y38.212 E1403.44776
G0 F7200 X37.59 Y37.646
G1 F900 X62.409 Y12.828 E1404.3233
G0 F7200 X62.409 Y12.262
G1 F900 X37.59 Y37.081 E1405.19886
G0 F7200 X37.59 Y36.515
G1 F900 X62.017 Y12.088 E1406.06059
G0 F7200 X61.451 Y12.088
G1 F900 X37.59 Y35.949 E1406.90235
G0 F7200 X37.59 Y35.384
G1 F900 X60.885 Y12.088 E1407.72416
G0 F7200 X60.32 Y12.088
G1 F900 X37.59 Y34.818 E1408.52602
G0 F7200 X37.59 Y34.252
G1 F900 X59.754 Y12.088 E1409.30792
G0 F7200 X59.188 Y12.088
G1 F900 X37.59 Y33.687 E1410.06986
G0 F7200 X37.59 Y33.121
G1 F900 X58.623 Y12.088 E1410.81186
G0 F7200 X58.057 Y12.088
G1 F900 X37.591 Y32.554 E1411.53385
G0 F7200 X37.591 Y31.989
G1 F900 X57.491 Y12.088 E1412.23589
G0 F7200 X56.926 Y12.088
G1 F900 X37.591 Y31.423 E1412.91799
G0 F7200 X37.591 Y30.857
G1 F900 X56.36 Y12.088 E1413.58012
G0 F7200 X55.794 Y12.088
G1 F900 X37.591 Y30.292 E1414.22229
G0 F7200 X37.591 Y29.726
G1 F900 X55.229 Y12.088 E1414.84452
G0 F7200 X54.663 Y12.088
G1 F900 X37.591 Y29.16 E1415.44678
G0 F7200 X37.591 Y28.595
G1 F900 X54.097 Y12.088 E1416.02909
G0 F7200 X53.532 Y12.088
G1 F900 X37.591 Y28.029 E1416.59146
G0 F7200 X37.591 Y27.463
G1 F900 X52.966 Y12.088 E1417.13385
G0 F7200 X52.4 Y12.088
G1 F900 X37.591 Y26.898 E1417.6563
G0 F7200 X37.591 Y26.332
G1 F900 X51.834 Y12.088 E1418.15877
G0 F7200 X51.269 Y12.088
G1 F900 X37.591 Y25.766 E1418.6413
G0 F7200 X37.591 Y25.2
G1 F900 X50.703 Y12.088 E1419.10386
G0 F7200 X50.137 Y12.088
G1 F900 X37.591 Y24.634 E1419.54646
G0 F7200 X37.591 Y24.069
G1 F900 X49.572 Y12.088 E1419.96912
G0 F7200 X49.006 Y12.088
G1 F900 X37.591 Y23.503 E1420.37181
G0 F7200 X37.591 Y22.937
G1 F900 X48.44 Y12.088 E1420.75454
G0 F7200 X47.875 Y12.088
G1 F900 X37.591 Y22.371 E1421.11732
G0 F7200 X37.591 Y21.806
G1 F900 X47.309 Y12.088 E1421.46015
G0 F7200 X46.743 Y12.088
G1 F900 X37.591 Y21.24 E1421.78301
G0 F7200 X37.591 Y20.674
G1 F900 X46.178 Y12.088 E1422.08592
G0 F7200 X45.612 Y12.088
G1 F900 X37.591 Y20.109 E1422.36889
G0 F7200 X37.591 Y19.543
G1 F900 X45.046 Y12.088 E1422.63188
G0 F7200 X44.481 Y12.088
G1 F900 X37.592 Y18.977 E1422.87491
G0 F7200 X37.592 Y18.411
G1 F900 X43.915 Y12.088 E1423.09797
G0 F7200 X43.349 Y12.088
G1 F900 X37.592 Y17.845 E1423.30106
G0 F7200 X37.592 Y17.28
G1 F900 X42.783 Y12.088 E1423.48421
G0 F7200 X42.218 Y12.088
G1 F900 X37.592 Y16.714 E1423.6474
G0 F7200 X37.592 Y16.148
G1 F900 X41.652 Y12.088 E1423.79063
G0 F7200 X41.086 Y12.088
G1 F900 X37.592 Y15.583 E1423.91391
G0 F7200 X37.592 Y15.017
G1 F900 X40.521 Y12.088 E1424.01724
G0 F7200 X39.955 Y12.088
G1 F900 X37.592 Y14.451 E1424.1006
G0 F7200 X37.592 Y13.885
G1 F900 X39.389 Y12.088 E1424.16399
G0 F7200 X38.824 Y12.088
G1 F900 X37.592 Y13.32 E1424.20745
G0 F7200 X37.592 Y12.754
G1 F900 X38.258 Y12.088 E1424.23095
G0 F7200 X37.692 Y12.088
G1 F900 X37.592 Y12.188 E1424.23448
G0 F7200 X37.618 Y12.188
;MESH:NONMESH
G0 F600 Z1.835
G0 F7200 X62.715 Y88.215
G0 X62.992 Y88.327
;TIME_ELAPSED:2812.068641
;LAYER:4
;TYPE:WALL-INNER
;MESH:luckfox_bottom.stl
G1 F2400 X62.999 Y11.693 E1426.14612
G1 X62.953 Y11.572 E1426.14935
G1 X62.852 Y11.5 E1426.15244
G1 X37.2 Y11.5 E1426.79233
G1 X37.061 Y11.546 E1426.79599
G1 X37 Y11.676 E1426.79957
G1 X37 Y88.296 E1428.71086
G1 X37.06 Y88.459 E1428.71519
G1 X37.132 Y88.491 E1428.71716
G1 X62.804 Y88.5 E1429.35755
G1 X62.945 Y88.444 E1429.36134
G1 X62.992 Y88.327 E1429.36448
G0 F7200 X63.176 Y88.784
;TYPE:WALL-OUTER
G1 F1200 X63.284 Y88.675 E1429.36831
G1 X63.392 Y88.402 E1429.37563
G1 X63.399 Y11.618 E1431.29102
G1 X63.288 Y11.33 E1431.29872
G1 X63.07 Y11.151 E1431.30575
G1 X62.916 Y11.1 E1431.3098
G1 X37.136 Y11.1 E1431.95288
G1 X36.85 Y11.194 E1431.96039
G1 X36.736 Y11.294 E1431.96418
G1 X36.6 Y11.588 E1431.97226
G1 X36.6 Y88.36 E1433.88734
G1 X36.694 Y88.647 E1433.89488
G1 X36.802 Y88.771 E1433.89898
G1 X37.082 Y88.891 E1433.90658
G1 X62.878 Y88.9 E1434.55006
G1 X63.176 Y88.784 E1434.55804
G0 F7200 X63.284 Y88.675
G0 X63.301 Y88.632
G0 X62.608 Y88.119
;TYPE:SKIN
G1 F900 X37.381 Y88.108 E1435.18733
G1 X37.384 Y11.881 E1437.08882
G1 X62.615 Y11.881 E1437.71821
G1 X62.608 Y88.119 E1439.61997
G0 F7200 X38.128 Y87.908
G1 F900 X37.581 Y87.361 E1439.63927
G0 F7200 X37.581 Y86.795
G1 F900 X38.694 Y87.908 E1439.67853
G0 F7200 X39.26 Y87.909
G1 F900 X37.581 Y86.23 E1439.73776
G0 F7200 X37.581 Y85.664
G1 F900 X39.826 Y87.909 E1439.81696
G0 F7200 X40.391 Y87.909
G1 F900 X37.581 Y85.098 E1439.91611
G0 F7200 X37.581 Y84.532
G1 F900 X40.958 Y87.91 E1440.03526
G0 F7200 X41.523 Y87.91
G1 F900 X37.581 Y83.967 E1440.17434
G0 F7200 X37.581 Y83.401
G1 F900 X42.089 Y87.91 E1440.33339
G0 F7200 X42.656 Y87.91
G1 F900 X37.581 Y82.835 E1440.51243
G0 F7200 X37.581 Y82.27
G1 F900 X43.221 Y87.91 E1440.71139
G0 F7200 X43.787 Y87.91
G1 F900 X37.581 Y81.704 E1440.93033
G0 F7200 X37.581 Y81.138
G1 F900 X44.353 Y87.911 E1441.16925
G0 F7200 X44.919 Y87.911
G1 F900 X37.581 Y80.573 E1441.42811
G0 F7200 X37.581 Y80.007
G1 F900 X45.485 Y87.911 E1441.70695
G0 F7200 X46.051 Y87.912
G1 F900 X37.581 Y79.441 E1442.00577
G0 F7200 X37.581 Y78.876
G1 F900 X46.617 Y87.912 E1442.32454
G0 F7200 X47.182 Y87.912
G1 F900 X37.581 Y78.31 E1442.66326
G0 F7200 X37.581 Y77.744
G1 F900 X47.749 Y87.912 E1443.02196
G0 F7200 X48.314 Y87.912
G1 F900 X37.581 Y77.179 E1443.4006
G0 F7200 X37.581 Y76.613
G1 F900 X48.88 Y87.912 E1443.7992
G0 F7200 X49.447 Y87.913
G1 F900 X37.581 Y76.047 E1444.2178
G0 F7200 X37.581 Y75.482
G1 F900 X50.012 Y87.913 E1444.65634
G0 F7200 X50.578 Y87.913
G1 F900 X37.581 Y74.916 E1445.11484
G0 F7200 X37.581 Y74.35
G1 F900 X51.144 Y87.914 E1445.59333
G0 F7200 X51.71 Y87.914
G1 F900 X37.581 Y73.784 E1446.09179
G0 F7200 X37.581 Y73.219
G1 F900 X52.276 Y87.914 E1446.6102
G0 F7200 X52.842 Y87.915
G1 F900 X37.581 Y72.653 E1447.14859
G0 F7200 X37.581 Y72.087
G1 F900 X53.408 Y87.915 E1447.70694
G0 F7200 X53.973 Y87.915
G1 F900 X37.581 Y71.522 E1448.28523
G0 F7200 X37.581 Y70.956
G1 F900 X54.54 Y87.915 E1448.88351
G0 F7200 X55.106 Y87.915
G1 F900 X37.581 Y70.39 E1449.50175
G0 F7200 X37.581 Y69.825
G1 F900 X55.671 Y87.915 E1450.13992
G0 F7200 X56.238 Y87.916
G1 F900 X37.581 Y69.259 E1450.7981
G0 F7200 X37.581 Y68.694
G1 F900 X56.803 Y87.916 E1451.47621
G0 F7200 X57.369 Y87.916
G1 F900 X37.581 Y68.128 E1452.17428
G0 F7200 X37.581 Y67.563
G1 F900 X57.935 Y87.917 E1452.89232
G0 F7200 X58.501 Y87.917
G1 F900 X37.581 Y66.997 E1453.63033
G0 F7200 X37.581 Y66.431
G1 F900 X59.067 Y87.917 E1454.38831
G0 F7200 X59.633 Y87.917
G1 F900 X37.581 Y65.866 E1455.16624
G0 F7200 X37.581 Y65.3
G1 F900 X60.199 Y87.917 E1455.96413
G0 F7200 X60.765 Y87.918
G1 F900 X37.581 Y64.734 E1456.78201
G0 F7200 X37.581 Y64.169
G1 F900 X61.331 Y87.918 E1457.61984
G0 F7200 X61.897 Y87.918
G1 F900 X37.581 Y63.603 E1458.47763
G0 F7200 X37.581 Y63.037
G1 F900 X62.409 Y87.864 E1459.35349
G0 F7200 X62.409 Y87.299
G1 F900 X37.581 Y62.471 E1460.22936
G0 F7200 X37.581 Y61.906
G1 F900 X62.409 Y86.733 E1461.10522
G0 F7200 X62.409 Y86.167
G1 F900 X37.581 Y61.34 E1461.98108
G0 F7200 X37.581 Y60.774
G1 F900 X62.409 Y85.602 E1462.85695
G0 F7200 X62.409 Y85.036
G1 F900 X37.581 Y60.209 E1463.73281
G0 F7200 X37.581 Y59.643
G1 F900 X62.409 Y84.47 E1464.60867
G0 F7200 X62.409 Y83.905
G1 F900 X37.581 Y59.077 E1465.48454
G0 F7200 X37.581 Y58.512
G1 F900 X62.409 Y83.339 E1466.3604
G0 F7200 X62.409 Y82.773
G1 F900 X37.581 Y57.946 E1467.23626
G0 F7200 X37.581 Y57.38
G1 F900 X62.409 Y82.208 E1468.11213
G0 F7200 X62.409 Y81.642
G1 F900 X37.581 Y56.815 E1468.98799
G0 F7200 X37.581 Y56.249
G1 F900 X62.409 Y81.076 E1469.86384
G0 F7200 X62.409 Y80.511
G1 F900 X37.581 Y55.683 E1470.73972
G0 F7200 X37.581 Y55.118
G1 F900 X62.409 Y79.945 E1471.61558
G0 F7200 X62.409 Y79.38
G1 F900 X37.581 Y54.552 E1472.49145
G0 F7200 X37.581 Y53.986
G1 F900 X62.409 Y78.814 E1473.36733
G0 F7200 X62.409 Y78.248
G1 F900 X37.581 Y53.421 E1474.24318
G0 F7200 X37.581 Y52.855
G1 F900 X62.409 Y77.683 E1475.11906
G0 F7200 X62.409 Y77.117
G1 F900 X37.581 Y52.289 E1475.99493
G0 F7200 X37.581 Y51.723
G1 F900 X62.409 Y76.551 E1476.87081
G0 F7200 X62.409 Y75.986
G1 F900 X37.581 Y51.158 E1477.74668
G0 F7200 X37.581 Y50.592
G1 F900 X62.409 Y75.42 E1478.62256
G0 F7200 X62.409 Y74.854
G1 F900 X37.581 Y50.026 E1479.49843
G0 F7200 X37.582 Y49.461
G1 F900 X62.409 Y74.289 E1480.37429
G0 F7200 X62.41 Y73.724
G1 F900 X37.582 Y48.896 E1481.25016
G0 F7200 X37.582 Y48.33
G1 F900 X62.41 Y73.158 E1482.12604
G0 F7200 X62.41 Y72.592
G1 F900 X37.582 Y47.764 E1483.00191
G0 F7200 X37.582 Y47.199
G1 F900 X62.41 Y72.027 E1483.87779
G0 F7200 X62.41 Y71.461
G1 F900 X37.582 Y46.633 E1484.75366
G0 F7200 X37.582 Y46.067
G1 F900 X62.41 Y70.895 E1485.62954
G0 F7200 X62.41 Y70.33
G1 F900 X37.582 Y45.502 E1486.50541
G0 F7200 X37.582 Y44.936
G1 F900 X62.41 Y69.764 E1487.38129
G0 F7200 X62.41 Y69.198
G1 F900 X37.582 Y44.37 E1488.25716
G0 F7200 X37.582 Y43.805
G1 F900 X62.41 Y68.632 E1489.13302
G0 F7200 X62.41 Y68.067
G1 F900 X37.582 Y43.239 E1490.00889
G0 F7200 X37.582 Y42.673
G1 F900 X62.41 Y67.501 E1490.88477
G0 F7200 X62.411 Y66.936
G1 F900 X37.582 Y42.108 E1491.76066
G0 F7200 X37.582 Y41.542
G1 F900 X62.411 Y66.37 E1492.63655
G0 F7200 X62.411 Y65.805
G1 F900 X37.582 Y40.976 E1493.51246
G0 F7200 X37.582 Y40.41
G1 F900 X62.411 Y65.239 E1494.38837
G0 F7200 X62.411 Y64.673
G1 F900 X37.582 Y39.845 E1495.26427
G0 F7200 X37.582 Y39.279
G1 F900 X62.411 Y64.108 E1496.14018
G0 F7200 X62.411 Y63.542
G1 F900 X37.582 Y38.713 E1497.01609
G0 F7200 X37.582 Y38.148
G1 F900 X62.411 Y62.976 E1497.89198
G0 F7200 X62.411 Y62.411
G1 F900 X37.582 Y37.582 E1498.76789
G0 F7200 X37.582 Y37.016
G1 F900 X62.411 Y61.845 E1499.6438
G0 F7200 X62.411 Y61.279
G1 F900 X37.582 Y36.451 E1500.51969
G0 F7200 X37.582 Y35.885
G1 F900 X62.411 Y60.714 E1501.3956
G0 F7200 X62.411 Y60.149
G1 F900 X37.582 Y35.319 E1502.27153
G0 F7200 X37.582 Y34.754
G1 F900 X62.411 Y59.583 E1503.14744
G0 F7200 X62.411 Y59.017
G1 F900 X37.582 Y34.188 E1504.02335
G0 F7200 X37.582 Y33.622
G1 F900 X62.411 Y58.452 E1504.89928
G0 F7200 X62.411 Y57.886
G1 F900 X37.582 Y33.057 E1505.77519
G0 F7200 X37.582 Y32.491
G1 F900 X62.411 Y57.32 E1506.6511
G0 F7200 X62.411 Y56.755
G1 F900 X37.582 Y31.925 E1507.52702
G0 F7200 X37.582 Y31.359
G1 F900 X62.411 Y56.189 E1508.40295
G0 F7200 X62.411 Y55.623
G1 F900 X37.583 Y30.795 E1509.27883
G0 F7200 X37.583 Y30.229
G1 F900 X62.411 Y55.057 E1510.1547
G0 F7200 X62.411 Y54.492
G1 F900 X37.583 Y29.663 E1511.03059
G0 F7200 X37.583 Y29.097
G1 F900 X62.411 Y53.926 E1511.90649
G0 F7200 X62.412 Y53.361
G1 F900 X37.583 Y28.532 E1512.7824
G0 F7200 X37.583 Y27.966
G1 F900 X62.412 Y52.795 E1513.65831
G0 F7200 X62.412 Y52.23
G1 F900 X37.583 Y27.4 E1514.53423
G0 F7200 X37.583 Y26.835
G1 F900 X62.412 Y51.664 E1515.41014
G0 F7200 X62.412 Y51.098
G1 F900 X37.583 Y26.269 E1516.28605
G0 F7200 X37.583 Y25.703
G1 F900 X62.412 Y50.533 E1517.16198
G0 F7200 X62.412 Y49.967
G1 F900 X37.583 Y25.138 E1518.03789
G0 F7200 X37.583 Y24.572
G1 F900 X62.412 Y49.401 E1518.9138
G0 F7200 X62.412 Y48.836
G1 F900 X37.583 Y24.006 E1519.78973
G0 F7200 X37.583 Y23.441
G1 F900 X62.412 Y48.27 E1520.66564
G0 F7200 X62.412 Y47.704
G1 F900 X37.583 Y22.875 E1521.54155
G0 F7200 X37.583 Y22.309
G1 F900 X62.412 Y47.139 E1522.41748
G0 F7200 X62.412 Y46.573
G1 F900 X37.583 Y21.744 E1523.29339
G0 F7200 X37.583 Y21.178
G1 F900 X62.413 Y46.008 E1524.16933
G0 F7200 X62.413 Y45.442
G1 F900 X37.583 Y20.612 E1525.04528
G0 F7200 X37.583 Y20.046
G1 F900 X62.413 Y44.877 E1525.92124
G0 F7200 X62.413 Y44.311
G1 F900 X37.583 Y19.481 E1526.79718
G0 F7200 X37.583 Y18.915
G1 F900 X62.413 Y43.745 E1527.67313
G0 F7200 X62.413 Y43.179
G1 F900 X37.583 Y18.349 E1528.54908
G0 F7200 X37.583 Y17.784
G1 F900 X62.413 Y42.614 E1529.42502
G0 F7200 X62.413 Y42.048
G1 F900 X37.583 Y17.218 E1530.30097
G0 F7200 X37.583 Y16.652
G1 F900 X62.413 Y41.482 E1531.17691
G0 F7200 X62.413 Y40.917
G1 F900 X37.583 Y16.087 E1532.05286
G0 F7200 X37.583 Y15.521
G1 F900 X62.413 Y40.351 E1532.9288
G0 F7200 X62.413 Y39.785
G1 F900 X37.583 Y14.955 E1533.80475
G0 F7200 X37.583 Y14.39
G1 F900 X62.413 Y39.22 E1534.68069
G0 F7200 X62.413 Y38.655
G1 F900 X37.583 Y13.824 E1535.55666
G0 F7200 X37.583 Y13.258
G1 F900 X62.413 Y38.089 E1536.43262
G0 F7200 X62.413 Y37.523
G1 F900 X37.583 Y12.693 E1537.30856
G0 F7200 X37.583 Y12.127
G1 F900 X62.413 Y36.958 E1538.18453
G0 F7200 X62.413 Y36.392
G1 F900 X38.102 Y12.081 E1539.04216
G0 F7200 X38.668 Y12.081
G1 F900 X62.413 Y35.826 E1539.87983
G0 F7200 X62.413 Y35.261
G1 F900 X39.234 Y12.081 E1540.69755
G0 F7200 X39.8 Y12.081
G1 F900 X62.413 Y34.695 E1541.4953
G0 F7200 X62.413 Y34.129
G1 F900 X40.365 Y12.081 E1542.27311
G0 F7200 X40.931 Y12.081
G1 F900 X62.413 Y33.564 E1543.03096
G0 F7200 X62.413 Y32.998
G1 F900 X41.497 Y12.081 E1543.76885
G0 F7200 X42.062 Y12.081
G1 F900 X62.414 Y32.433 E1544.48682
G0 F7200 X62.414 Y31.867
G1 F900 X42.628 Y12.081 E1545.18482
G0 F7200 X43.194 Y12.081
G1 F900 X62.414 Y31.301 E1545.86286
G0 F7200 X62.414 Y30.736
G1 F900 X43.759 Y12.081 E1546.52096
G0 F7200 X44.325 Y12.081
G1 F900 X62.414 Y30.17 E1547.1591
G0 F7200 X62.414 Y29.604
G1 F900 X44.891 Y12.081 E1547.77727
G0 F7200 X45.456 Y12.081
G1 F900 X62.414 Y29.039 E1548.37551
G0 F7200 X62.414 Y28.473
G1 F900 X46.022 Y12.081 E1548.95379
G0 F7200 X46.588 Y12.081
G1 F900 X62.414 Y27.907 E1549.51209
G0 F7200 X62.414 Y27.342
G1 F900 X47.153 Y12.081 E1550.05046
G0 F7200 X47.719 Y12.081
G1 F900 X62.414 Y26.776 E1550.56887
G0 F7200 X62.414 Y26.21
G1 F900 X48.285 Y12.081 E1551.06731
G0 F7200 X48.85 Y12.081
G1 F900 X62.415 Y25.645 E1551.54583
G0 F7200 X62.415 Y25.08
G1 F900 X49.416 Y12.081 E1552.00441
G0 F7200 X49.982 Y12.081
G1 F900 X62.415 Y24.514 E1552.44301
G0 F7200 X62.415 Y23.948
G1 F900 X50.548 Y12.081 E1552.86166
G0 F7200 X51.113 Y12.081
G1 F900 X62.415 Y23.383 E1553.26036
G0 F7200 X62.415 Y22.817
G1 F900 X51.679 Y12.081 E1553.63911
G0 F7200 X52.245 Y12.081
G1 F900 X62.415 Y22.251 E1553.99788
G0 F7200 X62.415 Y21.686
G1 F900 X52.81 Y12.081 E1554.33672
G0 F7200 X53.376 Y12.081
G1 F900 X62.415 Y21.12 E1554.6556
G0 F7200 X62.415 Y20.554
G1 F900 X53.942 Y12.081 E1554.9545
G0 F7200 X54.507 Y12.081
G1 F900 X62.415 Y19.988 E1555.23346
G0 F7200 X62.415 Y19.423
G1 F900 X55.073 Y12.081 E1555.49247
G0 F7200 X55.639 Y12.081
G1 F900 X62.416 Y18.858 E1555.73155
G0 F7200 X62.416 Y18.292
G1 F900 X56.204 Y12.081 E1555.95068
G0 F7200 X56.77 Y12.081
G1 F900 X62.416 Y17.726 E1556.14984
G0 F7200 X62.416 Y17.161
G1 F900 X57.336 Y12.081 E1556.32905
G0 F7200 X57.901 Y12.081
G1 F900 X62.416 Y16.595 E1556.48831
G0 F7200 X62.416 Y16.029
G1 F900 X58.467 Y12.081 E1556.6276
G0 F7200 X59.033 Y12.081
G1 F900 X62.416 Y15.464 E1556.74695
G0 F7200 X62.416 Y14.898
G1 F900 X59.598 Y12.081 E1556.84634
G0 F7200 X60.164 Y12.081
G1 F900 X62.416 Y14.332 E1556.92577
G0 F7200 X62.416 Y13.767
G1 F900 X60.73 Y12.081 E1556.98525
G0 F7200 X61.296 Y12.081
G1 F900 X62.416 Y13.201 E1557.02476
G0 F7200 X62.416 Y12.635
G1 F900 X61.861 Y12.081 E1557.04432
G0 F7200 X61.86 Y12.111
;MESH:NONMESH
G0 F600 Z1.985
G0 F7200 X62.702 Y88.228
G0 X62.992 Y88.327
;TIME_ELAPSED:3159.741072
;LAYER:5
;TYPE:WALL-INNER
;MESH:luckfox_bottom.stl
G1 F2400 X62.999 Y11.693 E1558.95596
G1 X62.952 Y11.572 E1558.9592
G1 X62.855 Y11.5 E1558.96222
G1 X37.127 Y11.5 E1559.604
G1 X37.005 Y11.624 E1559.60834
G1 X37 Y88.343 E1561.52211
G1 X37.034 Y88.434 E1561.52453
G1 X37.117 Y88.492 E1561.52705
G1 X62.804 Y88.5 E1562.16782
G1 X62.945 Y88.444 E1562.1716
G1 X62.992 Y88.327 E1562.17475
G0 F7200 X63.176 Y88.784
;TYPE:WALL-OUTER
G1 F1200 X63.284 Y88.675 E1562.17858
G1 X63.392 Y88.402 E1562.1859
G1 X63.399 Y11.618 E1564.10128
G1 X63.288 Y11.33 E1564.10898
G1 X63.067 Y11.148 E1564.11613
G1 X62.917 Y11.1 E1564.12005
G1 X37.021 Y11.1 E1564.76603
G1 X36.728 Y11.296 E1564.77483
G1 X36.6 Y11.53 E1564.78148
G1 X36.6 Y88.378 E1566.69846
G1 X36.705 Y88.67 E1566.7062
G1 X36.951 Y88.857 E1566.71391
G1 X37.082 Y88.892 E1566.71729
G1 X62.878 Y88.9 E1567.36078
G1 X63.176 Y88.784 E1567.36875
G0 F7200 X63.284 Y88.675
G0 X63.301 Y88.632
G0 X62.608 Y88.119
;TYPE:SKIN
G1 F900 X37.381 Y88.112 E1567.99804
G1 X37.38 Y11.88 E1569.89966
G1 X62.615 Y11.88 E1570.52915
G1 X62.608 Y88.119 E1572.43094
G0 F7200 X62.408 Y87.499
G1 F900 X61.988 Y87.919 E1572.44575
G0 F7200 X61.422 Y87.919
G1 F900 X62.408 Y86.933 E1572.48054
G0 F7200 X62.408 Y86.367
G1 F900 X60.856 Y87.919 E1572.53529
G0 F7200 X60.291 Y87.919
G1 F900 X62.408 Y85.802 E1572.60997
G0 F7200 X62.408 Y85.236
G1 F900 X59.726 Y87.918 E1572.70459
G0 F7200 X59.16 Y87.918
G1 F900 X62.408 Y84.67 E1572.81917
G0 F7200 X62.408 Y84.105
G1 F900 X58.594 Y87.918 E1572.9537
G0 F7200 X58.029 Y87.918
G1 F900 X62.408 Y83.539 E1573.10818
G0 F7200 X62.408 Y82.973
G1 F900 X57.463 Y87.918 E1573.28263
G0 F7200 X56.898 Y87.917
G1 F900 X62.408 Y82.408 E1573.47699
G0 F7200 X62.408 Y81.842
G1 F900 X56.332 Y87.917 E1573.69132
G0 F7200 X55.767 Y87.917
G1 F900 X62.408 Y81.276 E1573.9256
G0 F7200 X62.408 Y80.711
G1 F900 X55.201 Y87.917 E1574.17983
G0 F7200 X54.636 Y87.917
G1 F900 X62.409 Y80.144 E1574.45404
G0 F7200 X62.409 Y79.579
G1 F900 X54.07 Y87.917 E1574.74821
G0 F7200 X53.505 Y87.917
G1 F900 X62.409 Y79.013 E1575.06232
G0 F7200 X62.409 Y78.447
G1 F900 X52.939 Y87.917 E1575.3964
G0 F7200 X52.374 Y87.916
G1 F900 X62.409 Y77.881 E1575.75041
G0 F7200 X62.409 Y77.316
G1 F900 X51.808 Y87.916 E1576.12437
G0 F7200 X51.243 Y87.916
G1 F900 X62.409 Y76.75 E1576.51828
G0 F7200 X62.409 Y76.184
G1 F900 X50.677 Y87.916 E1576.93216
G0 F7200 X50.111 Y87.916
G1 F900 X62.409 Y75.619 E1577.36599
G0 F7200 X62.409 Y75.053
G1 F900 X49.546 Y87.915 E1577.81975
G0 F7200 X48.981 Y87.915
G1 F900 X62.409 Y74.487 E1578.29346
G0 F7200 X62.409 Y73.922
G1 F900 X48.415 Y87.915 E1578.78711
G0 F7200 X47.849 Y87.915
G1 F900 X62.409 Y73.356 E1579.30074
G0 F7200 X62.409 Y72.79
G1 F900 X47.284 Y87.915 E1579.83432
G0 F7200 X46.719 Y87.915
G1 F900 X62.409 Y72.224 E1580.38784
G0 F7200 X62.409 Y71.658
G1 F900 X46.153 Y87.915 E1580.96133
G0 F7200 X45.587 Y87.915
G1 F900 X62.409 Y71.093 E1581.55477
G0 F7200 X62.409 Y70.527
G1 F900 X45.022 Y87.914 E1582.16815
G0 F7200 X44.457 Y87.914
G1 F900 X62.409 Y69.961 E1582.80147
G0 F7200 X62.409 Y69.395
G1 F900 X43.891 Y87.914 E1583.45476
G0 F7200 X43.325 Y87.914
G1 F900 X62.409 Y68.83 E1584.128
G0 F7200 X62.409 Y68.264
G1 F900 X42.759 Y87.914 E1584.82121
G0 F7200 X42.194 Y87.913
G1 F900 X62.409 Y67.698 E1585.53435
G0 F7200 X62.409 Y67.133
G1 F900 X41.629 Y87.913 E1586.26742
G0 F7200 X41.063 Y87.913
G1 F900 X62.409 Y66.567 E1587.02045
G0 F7200 X62.409 Y66.001
G1 F900 X40.497 Y87.913 E1587.79346
G0 F7200 X39.932 Y87.912
G1 F900 X62.409 Y65.436 E1588.58638
G0 F7200 X62.41 Y64.869
G1 F900 X39.367 Y87.912 E1589.39928
G0 F7200 X38.801 Y87.912
G1 F900 X62.41 Y64.304 E1590.23214
G0 F7200 X62.41 Y63.738
G1 F900 X38.235 Y87.912 E1591.08496
G0 F7200 X37.67 Y87.912
G1 F900 X62.41 Y63.172 E1591.95773
G0 F7200 X62.41 Y62.607
G1 F900 X37.581 Y87.435 E1592.83362
G0 F7200 X37.581 Y86.869
G1 F900 X62.41 Y62.041 E1593.70951
G0 F7200 X62.41 Y61.475
G1 F900 X37.581 Y86.304 E1594.58542
G0 F7200 X37.581 Y85.738
G1 F900 X62.41 Y60.909 E1595.46133
G0 F7200 X62.41 Y60.344
G1 F900 X37.581 Y85.172 E1596.33722
G0 F7200 X37.581 Y84.607
G1 F900 X62.41 Y59.778 E1597.21313
G0 F7200 X62.41 Y59.212
G1 F900 X37.581 Y84.041 E1598.08904
G0 F7200 X37.581 Y83.475
G1 F900 X62.41 Y58.647 E1598.96494
G0 F7200 X62.41 Y58.081
G1 F900 X37.581 Y82.91 E1599.84085
G0 F7200 X37.581 Y82.344
G1 F900 X62.411 Y57.515 E1600.71677
G0 F7200 X62.411 Y56.949
G1 F900 X37.581 Y81.778 E1601.5927
G0 F7200 X37.581 Y81.213
G1 F900 X62.411 Y56.383 E1602.46865
G0 F7200 X62.411 Y55.818
G1 F900 X37.581 Y80.647 E1603.34457
G0 F7200 X37.581 Y80.081
G1 F900 X62.411 Y55.252 E1604.2205
G0 F7200 X62.411 Y54.686
G1 F900 X37.581 Y79.516 E1605.09645
G0 F7200 X37.581 Y78.95
G1 F900 X62.411 Y54.121 E1605.97238
G0 F7200 X62.411 Y53.555
G1 F900 X37.581 Y78.384 E1606.8483
G0 F7200 X37.581 Y77.819
G1 F900 X62.411 Y52.989 E1607.72425
G0 F7200 X62.411 Y52.423
G1 F900 X37.581 Y77.253 E1608.60019
G0 F7200 X37.581 Y76.687
G1 F900 X62.411 Y51.858 E1609.47612
G0 F7200 X62.411 Y51.292
G1 F900 X37.581 Y76.121 E1610.35205
G0 F7200 X37.581 Y75.556
G1 F900 X62.411 Y50.726 E1611.22799
G0 F7200 X62.411 Y50.161
G1 F900 X37.581 Y74.99 E1612.10392
G0 F7200 X37.581 Y74.424
G1 F900 X62.411 Y49.594 E1612.97987
G0 F7200 X62.411 Y49.029
G1 F900 X37.581 Y73.859 E1613.85581
G0 F7200 X37.581 Y73.293
G1 F900 X62.411 Y48.463 E1614.73176
G0 F7200 X62.411 Y47.897
G1 F900 X37.581 Y72.727 E1615.6077
G0 F7200 X37.581 Y72.162
G1 F900 X62.411 Y47.332 E1616.48365
G0 F7200 X62.411 Y46.766
G1 F900 X37.581 Y71.596 E1617.35959
G0 F7200 X37.581 Y71.03
G1 F900 X62.411 Y46.2 E1618.23554
G0 F7200 X62.411 Y45.635
G1 F900 X37.581 Y70.465 E1619.11148
G0 F7200 X37.581 Y69.899
G1 F900 X62.411 Y45.069 E1619.98743
G0 F7200 X62.411 Y44.503
G1 F900 X37.581 Y69.333 E1620.86337
G0 F7200 X37.581 Y68.768
G1 F900 X62.411 Y43.937 E1621.73934
G0 F7200 X62.411 Y43.372
G1 F900 X37.581 Y68.202 E1622.61528
G0 F7200 X37.581 Y67.636
G1 F900 X62.411 Y42.806 E1623.49123
G0 F7200 X62.412 Y42.24
G1 F900 X37.581 Y67.07 E1624.36719
G0 F7200 X37.581 Y66.505
G1 F900 X62.412 Y41.674 E1625.24317
G0 F7200 X62.412 Y41.108
G1 F900 X37.581 Y65.939 E1626.11915
G0 F7200 X37.581 Y65.373
G1 F900 X62.412 Y40.543 E1626.99512
G0 F7200 X62.412 Y39.977
G1 F900 X37.581 Y64.808 E1627.8711
G0 F7200 X37.581 Y64.242
G1 F900 X62.412 Y39.411 E1628.74708
G0 F7200 X62.412 Y38.846
G1 F900 X37.581 Y63.676 E1629.62304
G0 F7200 X37.581 Y63.111
G1 F900 X62.412 Y38.28 E1630.49902
G0 F7200 X62.412 Y37.714
G1 F900 X37.581 Y62.545 E1631.375
G0 F7200 X37.581 Y61.979
G1 F900 X62.412 Y37.149 E1632.25096
G0 F7200 X62.412 Y36.583
G1 F900 X37.581 Y61.414 E1633.12694
G0 F7200 X37.581 Y60.848
G1 F900 X62.412 Y36.017 E1634.00292
G0 F7200 X62.412 Y35.452
G1 F900 X37.581 Y60.282 E1634.87889
G0 F7200 X37.581 Y59.717
G1 F900 X62.412 Y34.886 E1635.75487
G0 F7200 X62.413 Y34.319
G1 F900 X37.581 Y59.151 E1636.63088
G0 F7200 X37.581 Y58.585
G1 F900 X62.413 Y33.754 E1637.50688
G0 F7200 X62.413 Y33.188
G1 F900 X37.581 Y58.02 E1638.3829
G0 F7200 X37.581 Y57.454
G1 F900 X62.413 Y32.622 E1639.25891
G0 F7200 X62.413 Y32.057
G1 F900 X37.581 Y56.888 E1640.13491
G0 F7200 X37.581 Y56.322
G1 F900 X62.413 Y31.491 E1641.01091
G0 F7200 X62.413 Y30.925
G1 F900 X37.581 Y55.757 E1641.88693
G0 F7200 X37.581 Y55.191
G1 F900 X62.413 Y30.36 E1642.76292
G0 F7200 X62.413 Y29.794
G1 F900 X37.581 Y54.625 E1643.63892
G0 F7200 X37.581 Y54.06
G1 F900 X62.413 Y29.228 E1644.51494
G0 F7200 X62.413 Y28.663
G1 F900 X37.581 Y53.494 E1645.39094
G0 F7200 X37.581 Y52.928
G1 F900 X62.413 Y28.097 E1646.26694
G0 F7200 X62.413 Y27.531
G1 F900 X37.581 Y52.363 E1647.14295
G0 F7200 X37.581 Y51.797
G1 F900 X62.413 Y26.965 E1648.01897
G0 F7200 X62.413 Y26.399
G1 F900 X37.581 Y51.231 E1648.89498
G0 F7200 X37.581 Y50.666
G1 F900 X62.413 Y25.833 E1649.77102
G0 F7200 X62.413 Y25.268
G1 F900 X37.581 Y50.1 E1650.64703
G0 F7200 X37.581 Y49.535
G1 F900 X62.413 Y24.702 E1651.52307
G0 F7200 X62.413 Y24.136
G1 F900 X37.581 Y48.969 E1652.3991
G0 F7200 X37.581 Y48.404
G1 F900 X62.413 Y23.571 E1653.27513
G0 F7200 X62.413 Y23.005
G1 F900 X37.581 Y47.838 E1654.15117
G0 F7200 X37.581 Y47.272
G1 F900 X62.413 Y22.439 E1655.0272
G0 F7200 X62.413 Y21.874
G1 F900 X37.581 Y46.707 E1655.90323
G0 F7200 X37.581 Y46.141
G1 F900 X62.413 Y21.308 E1656.77927
G0 F7200 X62.413 Y20.742
G1 F900 X37.581 Y45.575 E1657.6553
G0 F7200 X37.581 Y45.009
G1 F900 X62.413 Y20.177 E1658.53132
G0 F7200 X62.414 Y19.61
G1 F900 X37.581 Y44.444 E1659.40738
G0 F7200 X37.581 Y43.878
G1 F900 X62.414 Y19.045 E1660.28344
G0 F7200 X62.414 Y18.479
G1 F900 X37.581 Y43.312 E1661.15949
G0 F7200 X37.581 Y42.747
G1 F900 X62.414 Y17.913 E1662.03556
G0 F7200 X62.414 Y17.347
G1 F900 X37.581 Y42.181 E1662.91162
G0 F7200 X37.581 Y41.615
G1 F900 X62.414 Y16.782 E1663.78768
G0 F7200 X62.414 Y16.216
G1 F900 X37.581 Y41.05 E1664.66374
G0 F7200 X37.581 Y40.484
G1 F900 X62.414 Y15.65 E1665.53981
G0 F7200 X62.414 Y15.085
G1 F900 X37.581 Y39.918 E1666.41586
G0 F7200 X37.581 Y39.353
G1 F900 X62.414 Y14.519 E1667.29193
G0 F7200 X62.414 Y13.953
G1 F900 X37.581 Y38.787 E1668.168
G0 F7200 X37.581 Y38.221
G1 F900 X62.414 Y13.388 E1669.04405
G0 F7200 X62.414 Y12.822
G1 F900 X37.581 Y37.656 E1669.92012
G0 F7200 X37.581 Y37.09
G1 F900 X62.414 Y12.256 E1670.79619
G0 F7200 X62.025 Y12.08
G1 F900 X37.581 Y36.524 E1671.65852
G0 F7200 X37.581 Y35.959
G1 F900 X61.459 Y12.08 E1672.5009
G0 F7200 X60.893 Y12.08
G1 F900 X37.581 Y35.393 E1673.32331
G0 F7200 X37.581 Y34.827
G1 F900 X60.328 Y12.08 E1674.12577
G0 F7200 X59.762 Y12.08
G1 F900 X37.581 Y34.261 E1674.90827
G0 F7200 X37.581 Y33.696
G1 F900 X59.196 Y12.08 E1675.67081
G0 F7200 X58.63 Y12.08
G1 F900 X37.581 Y33.13 E1676.41339
G0 F7200 X37.581 Y32.564
G1 F900 X58.065 Y12.08 E1677.13602
G0 F7200 X57.499 Y12.08
G1 F900 X37.581 Y31.999 E1677.8387
G0 F7200 X37.581 Y31.433
G1 F900 X56.933 Y12.08 E1678.52141
G0 F7200 X56.368 Y12.08
G1 F900 X37.581 Y30.867 E1679.18417
G0 F7200 X37.581 Y30.302
G1 F900 X55.802 Y12.08 E1679.82698
G0 F7200 X55.236 Y12.08
G1 F900 X37.581 Y29.736 E1680.44983
G0 F7200 X37.581 Y29.17
G1 F900 X54.671 Y12.08 E1681.05272
G0 F7200 X54.105 Y12.08
G1 F900 X37.581 Y28.605 E1681.63567
G0 F7200 X37.581 Y28.039
G1 F900 X53.539 Y12.08 E1682.19865
G0 F7200 X52.974 Y12.08
G1 F900 X37.581 Y27.473 E1682.74168
G0 F7200 X37.581 Y26.908
G1 F900 X52.408 Y12.08 E1683.26476
G0 F7200 X51.842 Y12.08
G1 F900 X37.581 Y26.342 E1683.76787
G0 F7200 X37.581 Y25.776
G1 F900 X51.277 Y12.08 E1684.25103
G0 F7200 X50.711 Y12.08
G1 F900 X37.581 Y25.21 E1684.71423
G0 F7200 X37.581 Y24.645
G1 F900 X50.145 Y12.08 E1685.15748
G0 F7200 X49.579 Y12.08
G1 F900 X37.581 Y24.079 E1685.58076
G0 F7200 X37.581 Y23.513
G1 F900 X49.014 Y12.08 E1685.98409
G0 F7200 X48.448 Y12.08
G1 F900 X37.581 Y22.948 E1686.36747
G0 F7200 X37.581 Y22.382
G1 F900 X47.882 Y12.08 E1686.73088
G0 F7200 X47.317 Y12.08
G1 F900 X37.581 Y21.816 E1687.07434
G0 F7200 X37.581 Y21.251
G1 F900 X46.751 Y12.08 E1687.39786
G0 F7200 X46.185 Y12.08
G1 F900 X37.581 Y20.685 E1687.70141
G0 F7200 X37.581 Y20.119
G1 F900 X45.62 Y12.08 E1687.985
G0 F7200 X45.054 Y12.08
G1 F900 X37.581 Y19.554 E1688.24865
G0 F7200 X37.581 Y18.988
G1 F900 X44.488 Y12.08 E1688.49233
G0 F7200 X43.923 Y12.08
G1 F900 X37.581 Y18.422 E1688.71606
G0 F7200 X37.581 Y17.857
G1 F900 X43.357 Y12.08 E1688.91984
G0 F7200 X42.791 Y12.08
G1 F900 X37.581 Y17.291 E1689.10366
G0 F7200 X37.581 Y16.725
G1 F900 X42.226 Y12.08 E1689.26752
G0 F7200 X41.66 Y12.08
G1 F900 X37.581 Y16.16 E1689.41144
G0 F7200 X37.581 Y15.594
G1 F900 X41.094 Y12.08 E1689.53539
G0 F7200 X40.529 Y12.08
G1 F900 X37.581 Y15.028 E1689.63939
G0 F7200 X37.581 Y14.462
G1 F900 X39.963 Y12.08 E1689.72342
G0 F7200 X39.397 Y12.08
G1 F900 X37.581 Y13.897 E1689.7875
G0 F7200 X37.581 Y13.331
G1 F900 X38.831 Y12.08 E1689.83161
G0 F7200 X38.266 Y12.08
G1 F900 X37.581 Y12.765 E1689.85578
G0 F7200 X37.581 Y12.2
G1 F900 X37.7 Y12.08 E1689.86
G0 F7200 X37.699 Y12.111
;MESH:NONMESH
G0 F600 Z2.135
G0 F7200 X37.163 Y11.924
;TIME_ELAPSED:3506.587842
;LAYER:6
;TYPE:FILL
;MESH:luckfox_bottom.stl
G1 F3000 X37.426 Y11.661 E1689.86927
G0 F7200 X37.425 Y11.811
G0 X39.946 Y11.811
G0 X39.947 Y11.662
G1 F3000 X62.836 Y34.551 E1690.67674
G1 X62.906 Y34.621
G0 F7200 X62.69 Y34.62
G0 X62.69 Y37.163
G0 X62.835 Y37.164
G1 F3000 X37.161 Y62.838 E1691.58246
G1 X37.091 Y62.908
G0 F7200 X37.311 Y62.908
G0 X37.311 Y65.445
G0 X37.161 Y65.445
G1 F3000 X60.05 Y88.335 E1692.38995
G1 X60.12 Y88.405
G0 F7200 X60.121 Y88.19
G0 X62.576 Y88.19
G0 X62.575 Y88.335
G1 F3000 X62.834 Y88.077 E1692.39907
G0 F7200 X62.689 Y88.076
G0 X62.689 Y85.461
G0 X62.835 Y85.462
G1 F3000 X37.161 Y59.788 E1693.30479
G1 X37.091 Y59.718
G0 F7200 X37.311 Y59.718
G0 X37.311 Y57.18
G0 X37.162 Y57.18
G1 F3000 X62.835 Y31.507 E1694.21048
G1 X62.905 Y31.437
G0 F7200 X62.69 Y31.436
G0 X62.69 Y28.894
G0 X62.836 Y28.895
G1 F3000 X45.605 Y11.664 E1694.81835
G1 X45.535 Y11.594
G0 F7200 X45.534 Y11.812
G0 X43.081 Y11.812
G0 X43.082 Y11.662
G1 F3000 X37.163 Y17.581 E1695.02716
G1 X37.093 Y17.651
G0 F7200 X37.311 Y17.651
G0 X37.311 Y20.192
G0 X37.163 Y20.192
G1 F3000 X62.836 Y45.865 E1695.93284
G1 X62.906 Y45.935
G0 F7200 X62.69 Y45.934
G0 X62.69 Y48.477
G0 X62.835 Y48.478
G1 F3000 X37.161 Y74.152 E1696.83856
G1 X37.091 Y74.222
G0 F7200 X37.311 Y74.222
G0 X37.311 Y76.758
G0 X37.16 Y76.758
G1 F3000 X48.736 Y88.334 E1697.24693
G1 X48.806 Y88.404
G0 F7200 X48.807 Y88.189
G0 X51.263 Y88.19
G0 X51.262 Y88.335
G1 F3000 X62.834 Y76.763 E1697.65517
G1 X62.904 Y76.693
G0 F7200 X62.689 Y76.692
G0 X62.689 Y74.148
G0 X62.835 Y74.149
G1 F3000 X37.161 Y48.475 E1698.56089
G1 X37.091 Y48.405
G0 F7200 X37.311 Y48.405
G0 X37.311 Y45.866
G0 X37.162 Y45.866
G1 F3000 X62.835 Y20.194 E1699.46655
G1 X62.905 Y20.124
G0 F7200 X62.69 Y20.123
G0 X62.69 Y17.58
G0 X62.836 Y17.581
G1 F3000 X56.921 Y11.667 E1699.6752
G1 X56.851 Y11.597
G0 F7200 X56.85 Y11.814
G0 X54.392 Y11.814
G0 X54.393 Y11.665
G1 F3000 X37.163 Y28.895 E1700.28304
G1 X37.093 Y28.965
G0 F7200 X37.311 Y28.965
G0 X37.311 Y31.505
G0 X37.162 Y31.505
G1 F3000 X62.835 Y57.178 E1701.18872
G1 X62.905 Y57.248
G0 F7200 X62.689 Y57.247
G0 X62.689 Y59.791
G0 X62.834 Y59.792
G1 F3000 X37.161 Y85.466 E1702.09443
G1 X37.091 Y85.536
G0 F7200 X37.311 Y85.536
G0 X37.311 Y88.072
G0 X37.16 Y88.072
G1 F3000 X37.422 Y88.333 E1702.10365
G0 F7200 X37.423 Y88.189
G0 X39.95 Y88.189
G0 X39.949 Y88.334
G1 F3000 X62.834 Y65.449 E1702.91098
G1 X62.904 Y65.379
G0 F7200 X62.689 Y65.378
G0 X62.689 Y62.834
G0 X62.835 Y62.835
G1 F3000 X37.162 Y37.162 E1703.81667
G1 X37.092 Y37.092
G0 F7200 X37.311 Y37.092
G0 X37.311 Y34.552
G0 X37.163 Y34.552
G1 F3000 X60.048 Y11.667 E1704.624
G1 X60.118 Y11.597
G0 F7200 X60.117 Y11.815
G0 X62.579 Y11.815
G0 X62.58 Y11.668
G1 F3000 X62.836 Y11.924 E1704.63303
G0 F7200 X62.69 Y11.923
G0 X62.69 Y14.536
G0 X62.835 Y14.537
G1 F3000 X37.163 Y40.209 E1705.53868
G1 X37.093 Y40.279
G0 F7200 X37.311 Y40.279
G0 X37.311 Y42.818
G0 X37.161 Y42.818
G1 F3000 X62.835 Y68.492 E1706.4444
G1 X62.905 Y68.562
G0 F7200 X62.689 Y68.561
G0 X62.689 Y71.105
G0 X62.834 Y71.106
G1 F3000 X45.606 Y88.334 E1707.05216
G1 X45.536 Y88.404
G0 F7200 X45.537 Y88.189
G0 X43.079 Y88.189
G0 X43.078 Y88.333
G1 F3000 X37.16 Y82.415 E1707.26093
G1 X37.09 Y82.345
G0 F7200 X37.311 Y82.345
G0 X37.311 Y79.809
G0 X37.161 Y79.809
G1 F3000 X62.834 Y54.135 E1708.16663
G1 X62.904 Y54.065
G0 F7200 X62.689 Y54.064
G0 X62.689 Y51.52
G0 X62.835 Y51.521
G1 F3000 X37.163 Y25.849 E1709.07228
G1 X37.093 Y25.779
G0 F7200 X37.311 Y25.779
G0 X37.311 Y23.238
G0 X37.163 Y23.238
G1 F3000 X48.737 Y11.664 E1709.48059
G1 X48.807 Y11.594
G0 F7200 X48.806 Y11.813
G0 X51.262 Y11.813
G0 X51.263 Y11.665
G1 F3000 X62.836 Y23.238 E1709.88886
G1 X62.906 Y23.308
G0 F7200 X62.69 Y23.307
G0 X62.69 Y25.849
G0 X62.835 Y25.85
G1 F3000 X37.162 Y51.523 E1710.79454
G1 X37.092 Y51.593
G0 F7200 X37.311 Y51.593
G0 X37.311 Y54.132
G0 X37.161 Y54.132
G1 F3000 X62.835 Y79.805 E1711.70024
G1 X62.905 Y79.875
G0 F7200 X62.689 Y79.874
G0 X62.689 Y82.419
G0 X62.834 Y82.42
G1 F3000 X56.919 Y88.335 E1711.90891
G1 X56.849 Y88.405
G0 F7200 X56.85 Y88.19
G0 X54.394 Y88.19
G0 X54.393 Y88.335
G1 F3000 X37.161 Y71.102 E1712.51683
G1 X37.091 Y71.032
G0 F7200 X37.311 Y71.032
G0 X37.311 Y68.495
G0 X37.161 Y68.495
G1 F3000 X62.835 Y42.821 E1713.42255
G1 X62.905 Y42.751
G0 F7200 X62.69 Y42.75
G0 X62.69 Y40.207
G0 X62.836 Y40.208
G1 F3000 X37.163 Y14.535 E1714.32824
G1 X37.093 Y14.465
G0 F7200 X37.311 Y14.465
G0 X62.718 Y88.22
G0 X62.996 Y88.365
;TYPE:WALL-INNER
G1 F2400 X62.999 Y11.612 E1716.24285
G1 X62.874 Y11.508 E1716.24691
G1 X37.109 Y11.501 E1716.88962
G1 X37.005 Y11.626 E1716.89367
G1 X37 Y88.336 E1718.80721
G1 X37.027 Y88.417 E1718.80934
G1 X37.18 Y88.496 E1718.81364
G1 X62.884 Y88.5 E1719.45483
G1 X62.996 Y88.365 E1719.4592
G0 F7200 X63.159 Y88.797
;TYPE:WALL-OUTER
G1 F1200 X63.342 Y88.574 E1719.4664
G1 X63.396 Y88.373 E1719.47159
G1 X63.399 Y11.656 E1721.3853
G1 X63.371 Y11.481 E1721.38972
G1 X63.297 Y11.341 E1721.39367
G1 X63.067 Y11.148 E1721.40116
G1 X62.918 Y11.104 E1721.40504
G1 X37.12 Y11.101 E1722.04857
G1 X36.839 Y11.201 E1722.05601
G1 X36.647 Y11.43 E1722.06347
G1 X36.6 Y11.579 E1722.06736
G1 X36.6 Y88.376 E1723.98307
G1 X36.703 Y88.664 E1723.9907
G1 X36.887 Y88.827 E1723.99683
G1 X37.124 Y88.896 E1724.00299
G1 X62.836 Y88.9 E1724.64438
G1 X63.016 Y88.871 E1724.64893
G1 X63.159 Y88.797 E1724.65295
G0 F7200 X63.286 Y88.643
G0 X62.506 Y87.89
;MESH:NONMESH
G0 F600 Z2.285
G0 F7200 X37.311 Y11.927
G0 X37.161 Y11.927
;TIME_ELAPSED:3545.881683
;LAYER:7
;TYPE:FILL
;MESH:luckfox_bottom.stl
G1 F3000 X37.428 Y11.659 E1724.66238
G0 F7200 X37.428 Y11.811
G0 X39.944 Y11.811
G0 X39.944 Y11.66
G1 F3000 X62.832 Y34.548 E1725.46982
G1 X62.902 Y34.618
G0 F7200 X62.685 Y34.618
G0 X62.685 Y37.168
G0 X62.831 Y37.168
G1 F3000 X37.162 Y62.837 E1726.37536
G1 X37.092 Y62.907
G0 F7200 X37.311 Y62.907
G0 X37.311 Y65.446
G0 X37.161 Y65.446
G1 F3000 X60.045 Y88.329 E1727.18264
G1 X60.115 Y88.399
G0 F7200 X60.115 Y88.184
G0 X62.581 Y88.184
G0 X62.581 Y88.33
G1 F3000 X62.836 Y88.075 E1727.19163
G0 F7200 X62.687 Y88.075
G0 X62.687 Y85.464
G0 X62.836 Y85.464
G1 F3000 X37.161 Y59.789 E1728.09739
G1 X37.091 Y59.719
G0 F7200 X37.311 Y59.719
G0 X37.311 Y57.18
G0 X37.162 Y57.18
G1 F3000 X62.831 Y31.511 E1729.00293
G1 X62.901 Y31.441
G0 F7200 X62.685 Y31.441
G0 X62.684 Y28.891
G0 X62.832 Y28.891
G1 F3000 X45.601 Y11.66 E1729.6108
G1 X45.531 Y11.59
G0 F7200 X45.531 Y11.811
G0 X43.085 Y11.811
G0 X43.085 Y11.659
G1 F3000 X37.161 Y17.584 E1729.81981
G1 X37.091 Y17.654
G0 F7200 X37.311 Y17.654
G0 X37.311 Y20.189
G0 X37.16 Y20.189
G1 F3000 X62.834 Y45.863 E1730.72553
G1 X62.904 Y45.933
G0 F7200 X62.685 Y45.933
G0 X62.685 Y48.48
G0 X62.833 Y48.48
G1 F3000 X37.163 Y74.15 E1731.6311
G1 X37.093 Y74.22
G0 F7200 X37.311 Y74.22
G0 X37.311 Y76.76
G0 X37.162 Y76.76
G1 F3000 X48.733 Y88.331 E1732.0393
G1 X48.803 Y88.401
G0 F7200 X48.803 Y88.186
G0 X51.266 Y88.185
G0 X51.266 Y88.331
G1 F3000 X62.835 Y76.762 E1732.44743
G1 X62.905 Y76.692
G0 F7200 X62.687 Y76.692
G0 X62.687 Y74.149
G0 X62.836 Y74.149
G1 F3000 X37.161 Y48.474 E1733.35318
G1 X37.091 Y48.404
G0 F7200 X37.311 Y48.404
G0 X37.311 Y45.867
G0 X37.161 Y45.867
G1 F3000 X62.831 Y20.198 E1734.25875
G1 X62.901 Y20.128
G0 F7200 X62.684 Y20.128
G0 X62.684 Y17.576
G0 X62.831 Y17.576
G1 F3000 X56.915 Y11.66 E1734.46745
G1 X56.845 Y11.59
G0 F7200 X56.845 Y11.811
G0 X54.398 Y11.811
G0 X54.398 Y11.659
G1 F3000 X37.161 Y28.897 E1735.07555
G1 X37.091 Y28.967
G0 F7200 X37.311 Y28.967
G0 X37.311 Y31.504
G0 X37.161 Y31.504
G1 F3000 X62.834 Y57.177 E1735.98123
G1 X62.904 Y57.247
G0 F7200 X62.686 Y57.247
G0 X62.686 Y59.793
G0 X62.834 Y59.793
G1 F3000 X37.163 Y85.464 E1736.88685
G1 X37.093 Y85.534
G0 F7200 X37.311 Y85.534
G0 X37.311 Y88.074
G0 X37.162 Y88.074
G1 F3000 X37.421 Y88.332 E1736.89597
G0 F7200 X37.421 Y88.187
G0 X39.95 Y88.187
G0 X39.95 Y88.333
G1 F3000 X62.834 Y65.449 E1737.70326
G1 X62.904 Y65.379
G0 F7200 X62.686 Y65.379
G0 X62.686 Y62.835
G0 X62.835 Y62.835
G1 F3000 X37.161 Y37.161 E1738.60898
G1 X37.091 Y37.091
G0 F7200 X37.311 Y37.091
G0 X37.311 Y34.553
G0 X37.161 Y34.553
G1 F3000 X60.055 Y11.659 E1739.41663
G1 X60.125 Y11.589
G0 F7200 X60.125 Y11.811
G0 X62.572 Y11.811
G0 X62.572 Y11.66
G1 F3000 X62.831 Y11.919 E1739.42576
G0 F7200 X62.684 Y11.919
G0 X62.684 Y14.542
G0 X62.83 Y14.542
G1 F3000 X37.161 Y40.21 E1740.33129
G1 X37.091 Y40.28
G0 F7200 X37.311 Y40.28
G0 X37.311 Y42.817
G0 X37.161 Y42.817
G1 F3000 X62.835 Y68.492 E1741.23703
G1 X62.905 Y68.562
G0 F7200 X62.686 Y68.562
G0 X62.687 Y71.106
G0 X62.834 Y71.106
G1 F3000 X45.608 Y88.332 E1741.84472
G1 X45.538 Y88.402
G0 F7200 X45.538 Y88.186
G0 X43.077 Y88.187
G0 X43.077 Y88.332
G1 F3000 X37.162 Y82.417 E1742.05339
G1 X37.092 Y82.347
G0 F7200 X37.311 Y82.347
G0 X37.311 Y79.807
G0 X37.163 Y79.807
G1 F3000 X62.833 Y54.137 E1742.95897
G1 X62.903 Y54.067
G0 F7200 X62.686 Y54.067
G0 X62.686 Y51.52
G0 X62.834 Y51.52
G1 F3000 X37.16 Y25.846 E1743.86469
G1 X37.09 Y25.776
G0 F7200 X37.311 Y25.776
G0 X37.311 Y23.24
G0 X37.161 Y23.24
G1 F3000 X48.742 Y11.659 E1744.27324
G1 X48.812 Y11.589
G0 F7200 X48.812 Y11.811
G0 X51.258 Y11.811
G0 X51.258 Y11.66
G1 F3000 X62.831 Y23.233 E1744.68151
G1 X62.901 Y23.303
G0 F7200 X62.684 Y23.303
G0 X62.684 Y25.855
G0 X62.831 Y25.855
G1 F3000 X37.162 Y51.523 E1745.58703
G1 X37.092 Y51.593
G0 F7200 X37.311 Y51.593
G0 X37.311 Y54.132
G0 X37.161 Y54.132
G1 F3000 X62.836 Y79.806 E1746.49277
G1 X62.906 Y79.876
G0 F7200 X62.687 Y79.876
G0 X62.687 Y82.418
G0 X62.836 Y82.418
G1 F3000 X56.924 Y88.33 E1746.70133
G1 X56.854 Y88.4
G0 F7200 X56.854 Y88.184
G0 X54.389 Y88.185
G0 X54.389 Y88.33
G1 F3000 X37.162 Y71.103 E1747.30906
G1 X37.092 Y71.033
G0 F7200 X37.311 Y71.033
G0 X37.311 Y68.494
G0 X37.162 Y68.494
G1 F3000 X62.832 Y42.824 E1748.21464
G1 X62.902 Y42.754
G0 F7200 X62.685 Y42.754
G0 X62.685 Y40.205
G0 X62.833 Y40.205
G1 F3000 X37.16 Y14.532 E1749.12032
G1 X37.09 Y14.462
G0 F7200 X37.311 Y14.462
G0 X62.718 Y88.214
G0 X62.996 Y88.321
;TYPE:WALL-INNER
G1 F2400 X62.992 Y11.669 E1751.03242
G1 X62.943 Y11.544 E1751.03576
G1 X62.861 Y11.5 E1751.03809
G1 X37.167 Y11.5 E1751.67903
G1 X37.05 Y11.548 E1751.68218
G1 X37 Y11.7 E1751.68617
G1 X37 Y88.358 E1753.59841
G1 X37.103 Y88.496 E1753.60271
G1 X62.827 Y88.492 E1754.2444
G1 X62.923 Y88.453 E1754.24698
G1 X62.996 Y88.321 E1754.25074
G0 F7200 X63.166 Y88.788
;TYPE:WALL-OUTER
G1 F1200 X63.341 Y88.574 E1754.25764
G1 X63.396 Y88.373 E1754.26284
G1 X63.392 Y11.594 E1756.1781
G1 X63.283 Y11.317 E1756.18552
G1 X63.011 Y11.127 E1756.1938
G1 X62.876 Y11.1 E1756.19723
G1 X37.125 Y11.1 E1756.8396
G1 X36.953 Y11.137 E1756.84398
G1 X36.695 Y11.346 E1756.85227
G1 X36.6 Y11.636 E1756.85988
G1 X36.6 Y88.374 E1758.77412
G1 X36.635 Y88.536 E1758.77825
G1 X36.812 Y88.779 E1758.78575
G1 X37.119 Y88.896 E1758.79395
G1 X62.902 Y88.892 E1759.43711
G1 X63.166 Y88.788 E1759.44418
G0 F7200 X63.292 Y88.633
G0 X62.387 Y88.001
;MESH:NONMESH
G0 F600 Z2.435
G0 F7200 X37.311 Y11.927
G0 X37.161 Y11.927
;TIME_ELAPSED:3585.178272
;LAYER:8
;TYPE:FILL
;MESH:luckfox_bottom.stl
G1 F3000 X37.422 Y11.665 E1759.45341
G0 F7200 X37.421 Y11.811
G0 X39.949 Y11.811
G0 X39.95 Y11.666
G1 F3000 X62.831 Y34.547 E1760.2606
G1 X62.901 Y34.617
G0 F7200 X62.685 Y34.617
G0 X62.685 Y37.168
G0 X62.831 Y37.168
G1 F3000 X37.161 Y62.838 E1761.16618
G1 X37.091 Y62.908
G0 F7200 X37.311 Y62.908
G0 X37.311 Y65.445
G0 X37.161 Y65.445
G1 F3000 X60.045 Y88.329 E1761.97347
G1 X60.115 Y88.399
G0 F7200 X60.115 Y88.184
G0 X62.581 Y88.184
G0 X62.581 Y88.33
G1 F3000 X62.836 Y88.075 E1761.98247
G0 F7200 X62.687 Y88.075
G0 X62.687 Y85.464
G0 X62.836 Y85.464
G1 F3000 X37.161 Y59.788 E1762.88824
G1 X37.091 Y59.718
G0 F7200 X37.311 Y59.718
G0 X37.311 Y57.182
G0 X37.161 Y57.182
G1 F3000 X62.831 Y31.512 E1763.79382
G1 X62.901 Y31.442
G0 F7200 X62.685 Y31.442
G0 X62.684 Y28.89
G0 X62.831 Y28.89
G1 F3000 X45.607 Y11.666 E1764.40144
G1 X45.537 Y11.596
G0 F7200 X45.536 Y11.811
G0 X43.078 Y11.811
G0 X43.079 Y11.665
G1 F3000 X37.161 Y17.584 E1764.61023
G1 X37.091 Y17.654
G0 F7200 X37.311 Y17.654
G0 X37.311 Y20.19
G0 X37.161 Y20.19
G1 F3000 X62.833 Y45.862 E1765.51588
G1 X62.903 Y45.932
G0 F7200 X62.685 Y45.932
G0 X62.685 Y48.481
G0 X62.832 Y48.481
G1 F3000 X37.161 Y74.152 E1766.4215
G1 X37.091 Y74.222
G0 F7200 X37.311 Y74.222
G0 X37.311 Y76.759
G0 X37.161 Y76.759
G1 F3000 X48.733 Y88.331 E1766.82973
G1 X48.803 Y88.401
G0 F7200 X48.803 Y88.186
G0 X51.265 Y88.185
G0 X51.265 Y88.332
G1 F3000 X62.835 Y76.762 E1767.23789
G1 X62.905 Y76.692
G0 F7200 X62.687 Y76.692
G0 X62.687 Y74.149
G0 X62.836 Y74.149
G1 F3000 X37.161 Y48.474 E1768.14365
G1 X37.091 Y48.404
G0 F7200 X37.311 Y48.404
G0 X37.311 Y45.868
G0 X37.161 Y45.868
G1 F3000 X62.83 Y20.199 E1769.04919
G1 X62.9 Y20.129
G0 F7200 X62.684 Y20.129
G0 X62.684 Y17.575
G0 X62.83 Y17.575
G1 F3000 X56.922 Y11.667 E1769.25761
G1 X56.852 Y11.597
G0 F7200 X56.851 Y11.813
G0 X54.39 Y11.813
G0 X54.391 Y11.667
G1 F3000 X37.161 Y28.897 E1769.86545
G1 X37.091 Y28.967
G0 F7200 X37.311 Y28.967
G0 X37.311 Y31.504
G0 X37.161 Y31.504
G1 F3000 X62.834 Y57.177 E1770.77113
G1 X62.904 Y57.247
G0 F7200 X62.686 Y57.247
G0 X62.686 Y59.793
G0 X62.834 Y59.793
G1 F3000 X37.161 Y85.466 E1771.67681
G1 X37.091 Y85.536
G0 F7200 X37.311 Y85.536
G0 X37.311 Y88.072
G0 X37.161 Y88.072
G1 F3000 X37.422 Y88.333 E1771.68602
G0 F7200 X37.422 Y88.187
G0 X39.949 Y88.187
G0 X39.949 Y88.334
G1 F3000 X62.834 Y65.449 E1772.49335
G1 X62.904 Y65.379
G0 F7200 X62.686 Y65.379
G0 X62.686 Y62.834
G0 X62.834 Y62.834
G1 F3000 X37.161 Y37.161 E1773.39904
G1 X37.091 Y37.091
G0 F7200 X37.311 Y37.091
G0 X37.311 Y34.554
G0 X37.161 Y34.554
G1 F3000 X60.048 Y11.667 E1774.20644
G1 X60.118 Y11.597
G0 F7200 X60.117 Y11.813
G0 X62.578 Y11.813
G0 X62.579 Y11.667
G1 F3000 X62.83 Y11.918 E1774.21529
G0 F7200 X62.684 Y11.918
G0 X62.684 Y14.542
G0 X62.829 Y14.542
G1 F3000 X37.161 Y40.211 E1775.12082
G1 X37.091 Y40.281
G0 F7200 X37.311 Y40.281
G0 X37.311 Y42.817
G0 X37.161 Y42.817
G1 F3000 X62.835 Y68.492 E1776.02655
G1 X62.905 Y68.562
G0 F7200 X62.686 Y68.562
G0 X62.687 Y71.106
G0 X62.834 Y71.106
G1 F3000 X45.608 Y88.332 E1776.63425
G1 X45.538 Y88.402
G0 F7200 X45.538 Y88.186
G0 X43.078 Y88.187
G0 X43.078 Y88.332
G1 F3000 X37.161 Y82.415 E1776.84299
G1 X37.091 Y82.345
G0 F7200 X37.311 Y82.345
G0 X37.311 Y79.809
G0 X37.161 Y79.809
G1 F3000 X62.833 Y54.137 E1777.74864
G1 X62.903 Y54.067
G0 F7200 X62.686 Y54.067
G0 X62.686 Y51.52
G0 X62.834 Y51.52
G1 F3000 X37.161 Y25.847 E1778.65432
G1 X37.091 Y25.777
G0 F7200 X37.311 Y25.777
G0 X37.311 Y23.24
G0 X37.161 Y23.24
G1 F3000 X48.735 Y11.666 E1779.06262
G1 X48.805 Y11.596
G0 F7200 X48.804 Y11.812
G0 X51.264 Y11.812
G0 X51.265 Y11.667
G1 F3000 X62.831 Y23.233 E1779.47065
G1 X62.901 Y23.303
G0 F7200 X62.684 Y23.303
G0 X62.684 Y25.855
G0 X62.83 Y25.855
G1 F3000 X37.161 Y51.525 E1780.37621
G1 X37.091 Y51.595
G0 F7200 X37.311 Y51.595
G0 X37.311 Y54.131
G0 X37.161 Y54.131
G1 F3000 X62.836 Y79.806 E1781.28196
G1 X62.906 Y79.876
G0 F7200 X62.687 Y79.876
G0 X62.687 Y82.418
G0 X62.836 Y82.418
G1 F3000 X56.924 Y88.33 E1781.49052
G1 X56.854 Y88.4
G0 F7200 X56.854 Y88.184
G0 X54.389 Y88.185
G0 X54.389 Y88.33
G1 F3000 X37.161 Y71.102 E1782.09829
G1 X37.091 Y71.032
G0 F7200 X37.311 Y71.032
G0 X37.311 Y68.495
G0 X37.161 Y68.495
G1 F3000 X62.832 Y42.824 E1783.0039
G1 X62.902 Y42.754
G0 F7200 X62.685 Y42.754
G0 X62.685 Y40.205
G0 X62.832 Y40.205
G1 F3000 X37.161 Y14.533 E1783.90953
G1 X37.091 Y14.463
G0 F7200 X37.311 Y14.463
G0 X62.718 Y88.214
G0 X62.996 Y88.325
;TYPE:WALL-INNER
G1 F2400 X62.992 Y11.669 E1785.82173
G1 X62.954 Y11.572 E1785.82432
G1 X62.87 Y11.504 E1785.82702
G1 X37.166 Y11.501 E1786.46821
G1 X37.005 Y11.626 E1786.47329
G1 X37 Y88.334 E1788.38678
G1 X37.036 Y88.417 E1788.38904
G1 X37.172 Y88.496 E1788.39296
G1 X62.827 Y88.492 E1789.03293
G1 X62.925 Y88.452 E1789.03557
G1 X62.996 Y88.325 E1789.0392
G0 F7200 X63.167 Y88.788
;TYPE:WALL-OUTER
G1 F1200 X63.342 Y88.577 E1789.04604
G1 X63.396 Y88.377 E1789.0512
G1 X63.392 Y11.594 E1790.96656
G1 X63.288 Y11.33 E1790.97364
G1 X63.069 Y11.15 E1790.98071
G1 X62.908 Y11.104 E1790.98489
G1 X37.085 Y11.101 E1791.62905
G1 X36.835 Y11.206 E1791.63581
G1 X36.647 Y11.43 E1791.64311
G1 X36.6 Y11.579 E1791.647
G1 X36.6 Y88.415 E1793.56369
G1 X36.706 Y88.664 E1793.57044
G1 X36.922 Y88.842 E1793.57742
G1 X37.119 Y88.896 E1793.58251
G1 X62.902 Y88.892 E1794.22567
G1 X63.167 Y88.788 E1794.23277
G0 F7200 X63.294 Y88.634
G0 X62.387 Y88.001
;MESH:NONMESH
G0 F600 Z2.585
G0 F7200 X37.311 Y11.922
G0 X37.166 Y11.922
;TIME_ELAPSED:3624.469664
;LAYER:9
;TYPE:FILL
;MESH:luckfox_bottom.stl
G1 F3000 X37.427 Y11.66 E1794.242
G0 F7200 X37.427 Y11.811
G0 X39.946 Y11.811
G0 X39.946 Y11.662
G1 F3000 X62.838 Y34.553 E1795.04956
G1 X62.908 Y34.623
G0 F7200 X62.689 Y34.622
G0 X62.689 Y37.162
G0 X62.836 Y37.163
G1 F3000 X37.162 Y62.837 E1795.95528
G1 X37.092 Y62.907
G0 F7200 X37.311 Y62.907
G0 X37.311 Y65.446
G0 X37.161 Y65.446
G1 F3000 X60.055 Y88.339 E1796.76291
G1 X60.125 Y88.409
G0 F7200 X60.126 Y88.19
G0 X62.571 Y88.19
G0 X62.57 Y88.34
G1 F3000 X62.832 Y88.079 E1796.77213
G0 F7200 X62.685 Y88.078
G0 X62.685 Y85.459
G0 X62.833 Y85.46
G1 F3000 X37.161 Y59.789 E1797.67777
G1 X37.091 Y59.719
G0 F7200 X37.311 Y59.719
G0 X37.311 Y57.179
G0 X37.163 Y57.179
G1 F3000 X62.837 Y31.505 E1798.58349
G1 X62.907 Y31.435
G0 F7200 X62.689 Y31.434
G0 X62.689 Y28.896
G0 X62.838 Y28.897
G1 F3000 X45.604 Y11.663 E1799.19146
G1 X45.534 Y11.593
G0 F7200 X45.534 Y11.811
G0 X43.083 Y11.811
G0 X43.083 Y11.662
G1 F3000 X37.166 Y17.579 E1799.4002
G1 X37.096 Y17.649
G0 F7200 X37.311 Y17.649
G0 X37.311 Y20.194
G0 X37.165 Y20.194
G1 F3000 X62.836 Y45.866 E1800.30583
G1 X62.906 Y45.936
G0 F7200 X62.688 Y45.935
G0 X62.688 Y48.476
G0 X62.836 Y48.477
G1 F3000 X37.161 Y74.151 E1801.21157
G1 X37.091 Y74.221
G0 F7200 X37.311 Y74.221
G0 X37.311 Y76.759
G0 X37.161 Y76.759
G1 F3000 X48.737 Y88.335 E1801.61994
G1 X48.807 Y88.405
G0 F7200 X48.808 Y88.187
G0 X51.261 Y88.188
G0 X51.26 Y88.337
G1 F3000 X62.833 Y76.764 E1802.02821
G1 X62.903 Y76.694
G0 F7200 X62.685 Y76.693
G0 X62.686 Y74.146
G0 X62.834 Y74.147
G1 F3000 X37.163 Y48.476 E1802.93383
G1 X37.093 Y48.406
G0 F7200 X37.311 Y48.406
G0 X37.311 Y45.865
G0 X37.163 Y45.865
G1 F3000 X62.838 Y20.191 E1803.83956
G1 X62.908 Y20.121
G0 F7200 X62.69 Y20.12
G0 X62.69 Y17.583
G0 X62.839 Y17.584
G1 F3000 X56.921 Y11.666 E1804.04834
G1 X56.851 Y11.596
G0 F7200 X56.851 Y11.811
G0 X54.393 Y11.811
G0 X54.393 Y11.664
G1 F3000 X37.165 Y28.893 E1804.65612
G1 X37.095 Y28.963
G0 F7200 X37.311 Y28.963
G0 X37.311 Y31.507
G0 X37.163 Y31.507
G1 F3000 X62.836 Y57.179 E1805.56179
G1 X62.906 Y57.249
G0 F7200 X62.687 Y57.248
G0 X62.687 Y59.791
G0 X62.834 Y59.792
G1 F3000 X37.161 Y85.466 E1806.46749
G1 X37.091 Y85.536
G0 F7200 X37.311 Y85.536
G0 X37.311 Y88.072
G0 X37.16 Y88.072
G1 F3000 X37.42 Y88.332 E1806.47666
G0 F7200 X37.421 Y88.185
G0 X39.951 Y88.185
G0 X39.95 Y88.333
G1 F3000 X62.834 Y65.45 E1807.28394
G1 X62.904 Y65.38
G0 F7200 X62.686 Y65.379
G0 X62.686 Y62.834
G0 X62.835 Y62.835
G1 F3000 X37.163 Y37.163 E1808.18959
G1 X37.093 Y37.093
G0 F7200 X37.311 Y37.093
G0 X37.311 Y34.551
G0 X37.164 Y34.551
G1 F3000 X60.049 Y11.666 E1808.99692
G1 X60.119 Y11.596
G0 F7200 X60.119 Y11.811
G0 X62.579 Y11.811
G0 X62.579 Y11.667
G1 F3000 X62.839 Y11.927 E1809.00609
G0 F7200 X62.69 Y11.926
G0 X62.69 Y14.532
G0 X62.838 Y14.533
G1 F3000 X37.164 Y40.208 E1809.91183
G1 X37.094 Y40.278
G0 F7200 X37.311 Y40.278
G0 X37.311 Y42.82
G0 X37.163 Y42.82
G1 F3000 X62.834 Y68.491 E1810.81744
G1 X62.904 Y68.561
G0 F7200 X62.686 Y68.56
G0 X62.686 Y71.106
G0 X62.834 Y71.107
G1 F3000 X45.606 Y88.335 E1811.4252
G1 X45.536 Y88.405
G0 F7200 X45.537 Y88.186
G0 X43.079 Y88.186
G0 X43.078 Y88.333
G1 F3000 X37.16 Y82.415 E1811.63398
G1 X37.09 Y82.345
G0 F7200 X37.311 Y82.345
G0 X37.311 Y79.809
G0 X37.161 Y79.809
G1 F3000 X62.835 Y54.135 E1812.5397
G1 X62.905 Y54.065
G0 F7200 X62.687 Y54.064
G0 X62.687 Y51.521
G0 X62.836 Y51.522
G1 F3000 X37.164 Y25.85 E1813.44535
G1 X37.094 Y25.78
G0 F7200 X37.311 Y25.78
G0 X37.311 Y23.236
G0 X37.165 Y23.236
G1 F3000 X48.738 Y11.663 E1813.85361
G1 X48.808 Y11.593
G0 F7200 X48.808 Y11.811
G0 X51.262 Y11.811
G0 X51.262 Y11.664
G1 F3000 X62.838 Y23.24 E1814.26199
G1 X62.908 Y23.31
G0 F7200 X62.69 Y23.309
G0 X62.689 Y25.847
G0 X62.838 Y25.848
G1 F3000 X37.163 Y51.523 E1815.16774
G1 X37.093 Y51.593
G0 F7200 X37.311 Y51.593
G0 X37.311 Y54.133
G0 X37.162 Y54.133
G1 F3000 X62.834 Y79.804 E1816.07338
G1 X62.904 Y79.874
G0 F7200 X62.685 Y79.873
G0 X62.685 Y82.421
G0 X62.832 Y82.422
G1 F3000 X56.915 Y88.339 E1816.28211
G1 X56.845 Y88.409
G0 F7200 X56.846 Y88.189
G0 X54.397 Y88.189
G0 X54.396 Y88.337
G1 F3000 X37.161 Y71.102 E1816.89013
G1 X37.091 Y71.032
G0 F7200 X37.311 Y71.032
G0 X37.311 Y68.494
G0 X37.162 Y68.494
G1 F3000 X62.836 Y42.82 E1817.79584
G1 X62.906 Y42.75
G0 F7200 X62.688 Y42.749
G0 X62.688 Y40.209
G0 X62.837 Y40.21
G1 F3000 X37.165 Y14.537 E1818.70151
G1 X37.095 Y14.467
G0 F7200 X37.311 Y14.467
G0 X62.7 Y88.234
G0 X62.987 Y88.376
;TYPE:WALL-INNER
G1 F2400 X62.999 Y11.611 E1820.61642
G1 X62.858 Y11.501 E1820.62088
G1 X37.2 Y11.5 E1821.26092
G1 X37.061 Y11.546 E1821.26458
G1 X37 Y11.676 E1821.26816
G1 X37 Y88.297 E1823.17948
G1 X37.049 Y88.448 E1823.18344
G1 X37.136 Y88.492 E1823.18587
G1 X62.82 Y88.5 E1823.82656
G1 X62.987 Y88.376 E1823.83175
G0 F7200 X62.908 Y88.9
;TYPE:WALL-OUTER
G1 F1200 X63.187 Y88.77 E1823.83943
G1 X63.35 Y88.56 E1823.84606
G1 X63.392 Y88.415 E1823.84982
G1 X63.399 Y11.656 E1825.76458
G1 X63.371 Y11.481 E1825.76901
G1 X63.297 Y11.341 E1825.77296
G1 X63.065 Y11.147 E1825.7805
G1 X62.92 Y11.101 E1825.78429
G1 X37.136 Y11.1 E1826.42748
G1 X36.85 Y11.194 E1826.43499
G1 X36.736 Y11.294 E1826.43877
G1 X36.6 Y11.588 E1826.44685
G1 X36.6 Y88.36 E1828.36194
G1 X36.694 Y88.65 E1828.36954
G1 X36.922 Y88.847 E1828.37706
G1 X37.08 Y88.892 E1828.38116
G1 X62.908 Y88.9 E1829.02544
G0 F7200 X63.089 Y88.816
G0 X62.447 Y87.89
;MESH:NONMESH
G0 F600 Z2.735
G0 F7200 X37.311 Y11.925
G0 X37.162 Y11.925
;TIME_ELAPSED:3663.766749
;LAYER:10
;TYPE:FILL
;MESH:luckfox_bottom.stl
G1 F3000 X37.428 Y11.659 E1829.03482
G0 F7200 X37.428 Y11.811
G0 X39.944 Y11.811
G0 X39.944 Y11.66
G1 F3000 X62.836 Y34.552 E1829.8424
G1 X62.906 Y34.622
G0 F7200 X62.689 Y34.621
G0 X62.689 Y37.162
G0 X62.836 Y37.163
G1 F3000 X37.162 Y62.837 E1830.74812
G1 X37.092 Y62.907
G0 F7200 X37.311 Y62.907
G0 X37.311 Y65.446
G0 X37.161 Y65.446
G1 F3000 X60.052 Y88.337 E1831.55566
G1 X60.122 Y88.407
G0 F7200 X60.123 Y88.19
G0 X62.574 Y88.19
G0 X62.573 Y88.337
G1 F3000 X62.829 Y88.081 E1831.56469
G0 F7200 X62.685 Y88.08
G0 X62.685 Y85.456
G0 X62.83 Y85.457
G1 F3000 X37.161 Y59.789 E1832.47022
G1 X37.091 Y59.719
G0 F7200 X37.311 Y59.719
G0 X37.311 Y57.18
G0 X37.162 Y57.18
G1 F3000 X62.836 Y31.506 E1833.37594
G1 X62.906 Y31.436
G0 F7200 X62.689 Y31.435
G0 X62.689 Y28.895
G0 X62.837 Y28.896
G1 F3000 X45.603 Y11.662 E1833.98391
G1 X45.533 Y11.592
G0 F7200 X45.533 Y11.811
G0 X43.083 Y11.811
G0 X43.083 Y11.661
G1 F3000 X37.162 Y17.582 E1834.19279
G1 X37.092 Y17.652
G0 F7200 X37.311 Y17.652
G0 X37.311 Y20.191
G0 X37.161 Y20.191
G1 F3000 X62.835 Y45.864 E1835.09849
G1 X62.905 Y45.934
G0 F7200 X62.688 Y45.933
G0 X62.688 Y48.478
G0 X62.834 Y48.479
G1 F3000 X37.162 Y74.151 E1836.00414
G1 X37.092 Y74.221
G0 F7200 X37.311 Y74.221
G0 X37.311 Y76.759
G0 X37.161 Y76.759
G1 F3000 X48.736 Y88.334 E1836.41248
G1 X48.806 Y88.404
G0 F7200 X48.807 Y88.187
G0 X51.263 Y88.188
G0 X51.262 Y88.335
G1 F3000 X62.831 Y76.766 E1836.82061
G1 X62.901 Y76.696
G0 F7200 X62.685 Y76.695
G0 X62.686 Y74.144
G0 X62.831 Y74.145
G1 F3000 X37.161 Y48.475 E1837.72619
G1 X37.091 Y48.405
G0 F7200 X37.311 Y48.405
G0 X37.311 Y45.866
G0 X37.162 Y45.866
G1 F3000 X62.838 Y20.191 E1838.63196
G1 X62.908 Y20.121
G0 F7200 X62.69 Y20.12
G0 X62.69 Y17.583
G0 X62.838 Y17.584
G1 F3000 X56.919 Y11.664 E1838.84079
G1 X56.849 Y11.594
G0 F7200 X56.849 Y11.811
G0 X54.394 Y11.811
G0 X54.394 Y11.664
G1 F3000 X37.162 Y28.896 E1839.44869
G1 X37.092 Y28.966
G0 F7200 X37.311 Y28.966
G0 X37.311 Y31.504
G0 X37.161 Y31.504
G1 F3000 X62.834 Y57.177 E1840.35438
G1 X62.904 Y57.247
G0 F7200 X62.687 Y57.246
G0 X62.687 Y59.793
G0 X62.833 Y59.794
G1 F3000 X37.162 Y85.464 E1841.25997
G1 X37.092 Y85.534
G0 F7200 X37.311 Y85.534
G0 X37.311 Y88.073
G0 X37.161 Y88.073
G1 F3000 X37.42 Y88.332 E1841.26911
G0 F7200 X37.421 Y88.185
G0 X39.952 Y88.185
G0 X39.951 Y88.332
G1 F3000 X62.832 Y65.451 E1842.0763
G1 X62.902 Y65.381
G0 F7200 X62.686 Y65.38
G0 X62.686 Y62.832
G0 X62.833 Y62.833
G1 F3000 X37.161 Y37.161 E1842.98195
G1 X37.091 Y37.091
G0 F7200 X37.311 Y37.091
G0 X37.311 Y34.553
G0 X37.162 Y34.553
G1 F3000 X60.05 Y11.665 E1843.78939
G1 X60.12 Y11.595
G0 F7200 X60.12 Y11.811
G0 X62.578 Y11.811
G0 X62.578 Y11.666
G1 F3000 X62.839 Y11.927 E1843.79859
G0 F7200 X62.69 Y11.926
G0 X62.69 Y14.532
G0 X62.838 Y14.533
G1 F3000 X37.162 Y40.21 E1844.7044
G1 X37.092 Y40.28
G0 F7200 X37.311 Y40.28
G0 X37.311 Y42.818
G0 X37.161 Y42.818
G1 F3000 X62.832 Y68.489 E1845.61001
G1 X62.902 Y68.559
G0 F7200 X62.686 Y68.558
G0 X62.686 Y71.108
G0 X62.831 Y71.109
G1 F3000 X45.606 Y88.334 E1846.21767
G1 X45.536 Y88.404
G0 F7200 X45.537 Y88.186
G0 X43.079 Y88.186
G0 X43.078 Y88.332
G1 F3000 X37.161 Y82.416 E1846.42639
G1 X37.091 Y82.346
G0 F7200 X37.311 Y82.346
G0 X37.311 Y79.808
G0 X37.162 Y79.808
G1 F3000 X62.834 Y54.136 E1847.33204
G1 X62.904 Y54.066
G0 F7200 X62.687 Y54.065
G0 X62.687 Y51.52
G0 X62.834 Y51.521
G1 F3000 X37.161 Y25.848 E1848.23773
G1 X37.091 Y25.778
G0 F7200 X37.311 Y25.778
G0 X37.311 Y23.239
G0 X37.162 Y23.239
G1 F3000 X48.739 Y11.662 E1848.64614
G1 X48.809 Y11.592
G0 F7200 X48.809 Y11.811
G0 X51.261 Y11.811
G0 X51.261 Y11.663
G1 F3000 X62.838 Y23.24 E1849.05455
G1 X62.908 Y23.31
G0 F7200 X62.69 Y23.309
G0 X62.689 Y25.847
G0 X62.837 Y25.848
G1 F3000 X37.162 Y51.523 E1849.9603
G1 X37.092 Y51.593
G0 F7200 X37.311 Y51.593
G0 X37.311 Y54.132
G0 X37.161 Y54.132
G1 F3000 X62.831 Y79.801 E1850.86586
G1 X62.901 Y79.871
G0 F7200 X62.685 Y79.87
G0 X62.685 Y82.423
G0 X62.83 Y82.424
G1 F3000 X56.917 Y88.337 E1851.07446
G1 X56.847 Y88.407
G0 F7200 X56.848 Y88.189
G0 X54.395 Y88.189
G0 X54.394 Y88.335
G1 F3000 X37.161 Y71.102 E1851.6824
G1 X37.091 Y71.032
G0 F7200 X37.311 Y71.032
G0 X37.311 Y68.494
G0 X37.162 Y68.494
G1 F3000 X62.835 Y42.821 E1852.58808
G1 X62.905 Y42.751
G0 F7200 X62.688 Y42.75
G0 X62.688 Y40.207
G0 X62.836 Y40.208
G1 F3000 X37.161 Y14.534 E1853.49382
G1 X37.091 Y14.464
G0 F7200 X37.311 Y14.464
G0 X62.714 Y88.22
G0 X62.992 Y88.375
;TYPE:WALL-INNER
G1 F2400 X62.999 Y11.612 E1855.40868
G1 X62.867 Y11.501 E1855.41299
G1 X37.095 Y11.5 E1856.05587
G1 X37 Y11.682 E1856.06099
G1 X37 Y88.356 E1857.97363
G1 X37.1 Y88.492 E1857.97784
G1 X62.867 Y88.5 E1858.6206
G1 X62.992 Y88.375 E1858.62501
G0 F7200 X63.015 Y88.871
;TYPE:WALL-OUTER
G1 F1200 X63.276 Y88.691 E1858.63292
G1 X63.392 Y88.418 E1858.64032
G1 X63.399 Y11.657 E1860.55513
G1 X63.371 Y11.481 E1860.55958
G1 X63.297 Y11.34 E1860.56355
G1 X63.074 Y11.152 E1860.57083
G1 X62.867 Y11.101 E1860.57614
G1 X37.127 Y11.1 E1861.21823
G1 X36.814 Y11.218 E1861.22658
G1 X36.655 Y11.42 E1861.23299
G1 X36.6 Y11.63 E1861.2384
G1 X36.6 Y88.369 E1863.15267
G1 X36.638 Y88.539 E1863.15701
G1 X36.817 Y88.783 E1863.16456
G1 X37.082 Y88.892 E1863.17171
G1 X62.836 Y88.9 E1863.81414
G1 X63.015 Y88.871 E1863.81867
G0 F7200 X63.179 Y88.758
G0 X62.502 Y87.89
;MESH:NONMESH
G0 F600 Z2.885
G0 F7200 X37.311 Y11.927
G0 X37.16 Y11.927
;TIME_ELAPSED:3703.065379
;LAYER:11
;TYPE:FILL
;MESH:luckfox_bottom.stl
G1 F3000 X37.424 Y11.663 E1863.82798
G0 F7200 X37.424 Y11.811
G0 X39.948 Y11.811
G0 X39.948 Y11.664
G1 F3000 X40.187 Y11.903 E1863.83641
G0 F7200 X41.716 Y13.028
G1 F3000 X43.081 Y11.663 E1863.88457
G1 X43.151 Y11.593
G0 F7200 X43.151 Y11.811
G0 X45.605 Y11.811
G0 X45.605 Y11.664
G1 F3000 X45.844 Y11.903 E1863.893
G0 F7200 X47.373 Y13.028
G1 F3000 X48.738 Y11.663 E1863.94115
G1 X48.808 Y11.593
G0 F7200 X48.808 Y11.811
G0 X51.262 Y11.811
G0 X51.262 Y11.664
G1 F3000 X51.501 Y11.903 E1863.94958
G0 F7200 X53.03 Y13.028
G1 F3000 X54.395 Y11.663 E1863.99774
G1 X54.465 Y11.593
G0 F7200 X54.465 Y11.811
G0 X56.919 Y11.811
G0 X56.919 Y11.664
G1 F3000 X57.158 Y11.903 E1864.00617
G0 F7200 X58.687 Y13.028
G1 F3000 X60.052 Y11.663 E1864.05432
G1 X60.122 Y11.593
G0 F7200 X60.122 Y11.811
G0 X62.575 Y11.811
G0 X62.575 Y11.664
G1 F3000 X62.836 Y11.924 E1864.06351
G0 F7200 X62.69 Y11.923
G0 X62.69 Y14.536
G0 X62.835 Y14.537
G1 F3000 X61.472 Y15.9 E1864.1116
G1 X61.402 Y15.97
G0 F7200 X62.595 Y17.34
G1 F3000 X62.836 Y17.581 E1864.1201
G0 F7200 X62.69 Y17.58
G0 X62.69 Y20.193
G0 X62.834 Y20.194
G1 F3000 X61.472 Y21.557 E1864.16816
G1 X61.402 Y21.627
G0 F7200 X62.595 Y22.997
G1 F3000 X62.835 Y23.237 E1864.17663
G0 F7200 X62.69 Y23.236
G0 X62.689 Y25.85
G0 X62.834 Y25.851
G1 F3000 X61.472 Y27.213 E1864.22468
G1 X61.402 Y27.283
G0 F7200 X62.594 Y28.653
G1 F3000 X62.834 Y28.893 E1864.23314
G0 F7200 X62.689 Y28.892
G0 X62.689 Y31.508
G0 X62.834 Y31.509
G1 F3000 X61.472 Y32.87 E1864.28117
G1 X61.402 Y32.94
G0 F7200 X62.593 Y34.309
G1 F3000 X62.834 Y34.55 E1864.28968
G0 F7200 X62.689 Y34.549
G0 X62.689 Y37.165
G0 X62.834 Y37.166
G1 F3000 X61.472 Y38.527 E1864.33771
G1 X61.402 Y38.597
G0 F7200 X62.593 Y39.966
G1 F3000 X62.834 Y40.206 E1864.34619
G0 F7200 X62.688 Y40.205
G0 X62.688 Y42.822
G0 X62.833 Y42.823
G1 F3000 X61.472 Y44.184 E1864.3942
G1 X61.402 Y44.254
G0 F7200 X62.593 Y45.623
G1 F3000 X62.833 Y45.862 E1864.40265
G0 F7200 X62.688 Y45.861
G0 X62.688 Y48.48
G0 X62.832 Y48.481
G1 F3000 X61.472 Y49.841 E1864.45063
G1 X61.402 Y49.911
G0 F7200 X62.592 Y51.278
G1 F3000 X62.833 Y51.519 E1864.45913
G0 F7200 X62.687 Y51.518
G0 X62.687 Y54.137
G0 X62.832 Y54.138
G1 F3000 X61.472 Y55.498 E1864.50711
G1 X61.402 Y55.568
G0 F7200 X62.592 Y56.935
G1 F3000 X62.832 Y57.175 E1864.51558
G0 F7200 X62.687 Y57.174
G0 X62.687 Y59.794
G0 X62.831 Y59.795
G1 F3000 X61.472 Y61.155 E1864.56354
G1 X61.402 Y61.225
G0 F7200 X62.591 Y62.591
G1 F3000 X62.831 Y62.831 E1864.572
G0 F7200 X62.686 Y62.83
G0 X62.686 Y65.452
G0 X62.831 Y65.453
G1 F3000 X61.472 Y66.811 E1864.61993
G1 X61.402 Y66.881
G0 F7200 X62.591 Y68.248
G1 F3000 X62.831 Y68.488 E1864.6284
G0 F7200 X62.686 Y68.487
G0 X62.686 Y71.108
G0 X62.831 Y71.109
G1 F3000 X61.472 Y72.468 E1864.67634
G1 X61.402 Y72.538
G0 F7200 X62.59 Y73.904
G1 F3000 X62.831 Y74.144 E1864.68482
G0 F7200 X62.686 Y74.143
G0 X62.685 Y76.766
G0 X62.83 Y76.767
G1 F3000 X61.472 Y78.125 E1864.73273
G1 X61.402 Y78.195
G0 F7200 X62.59 Y79.561
G1 F3000 X62.831 Y79.801 E1864.74121
G0 F7200 X62.685 Y79.8
G0 X62.685 Y82.424
G0 X62.829 Y82.425
G1 F3000 X61.472 Y83.782 E1864.78909
G1 X61.402 Y83.852
G0 F7200 X62.589 Y85.216
G1 F3000 X62.83 Y85.457 E1864.79759
G0 F7200 X62.685 Y85.456
G0 X62.685 Y88.08
G0 X62.829 Y88.081
G1 F3000 X62.573 Y88.337 E1864.80662
G0 F7200 X62.574 Y88.19
G0 X60.053 Y88.19
G0 X60.052 Y88.336
G1 F3000 X59.812 Y88.096 E1864.81509
G0 F7200 X58.283 Y86.971
G1 F3000 X56.918 Y88.336 E1864.86324
G1 X56.848 Y88.406
G0 F7200 X56.849 Y88.189
G0 X54.394 Y88.189
G0 X54.393 Y88.335
G1 F3000 X54.154 Y88.095 E1864.87169
G0 F7200 X52.626 Y86.971
G1 F3000 X51.263 Y88.334 E1864.91977
G1 X51.193 Y88.404
G0 F7200 X51.194 Y88.188
G0 X48.736 Y88.187
G0 X48.735 Y88.332
G1 F3000 X48.495 Y88.093 E1864.92822
G0 F7200 X46.969 Y86.971
G1 F3000 X45.608 Y88.332 E1864.97623
G1 X45.538 Y88.402
G0 F7200 X45.539 Y88.186
G0 X43.077 Y88.186
G0 X43.076 Y88.33
G1 F3000 X42.836 Y88.091 E1864.98468
G0 F7200 X41.312 Y86.971
G1 F3000 X39.953 Y88.33 E1865.03263
G1 X39.883 Y88.4
G0 F7200 X39.884 Y88.185
G0 X37.418 Y88.185
G0 X37.417 Y88.329
G1 F3000 X37.16 Y88.072 E1865.04169
G0 F7200 X37.311 Y88.072
G0 X37.311 Y85.467
G0 X37.16 Y85.467
G1 F3000 X38.527 Y84.099 E1865.08993
G1 X38.597 Y84.029
G0 F7200 X37.4 Y82.655
G1 F3000 X37.16 Y82.415 E1865.0984
G0 F7200 X37.311 Y82.415
G0 X37.311 Y79.81
G0 X37.16 Y79.81
G1 F3000 X38.528 Y78.441 E1865.14668
G1 X38.598 Y78.371
G0 F7200 X37.4 Y76.998
G1 F3000 X37.16 Y76.758 E1865.15514
G0 F7200 X37.311 Y76.758
G0 X37.311 Y74.153
G0 X37.16 Y74.153
G1 F3000 X38.528 Y72.785 E1865.2034
G1 X38.598 Y72.715
G0 F7200 X37.4 Y71.341
G1 F3000 X37.16 Y71.101 E1865.21187
G0 F7200 X37.311 Y71.101
G0 X37.311 Y68.496
G0 X37.16 Y68.496
G1 F3000 X38.528 Y67.128 E1865.26013
G1 X38.598 Y67.058
G0 F7200 X37.4 Y65.684
G1 F3000 X37.16 Y65.444 E1865.2686
G0 F7200 X37.311 Y65.444
G0 X37.311 Y62.839
G0 X37.16 Y62.839
G1 F3000 X38.528 Y61.471 E1865.31686
G1 X38.598 Y61.401
G0 F7200 X37.4 Y60.028
G1 F3000 X37.16 Y59.787 E1865.32534
G0 F7200 X37.311 Y59.787
G0 X37.311 Y57.182
G0 X37.16 Y57.182
G1 F3000 X38.528 Y55.814 E1865.3736
G1 X38.598 Y55.744
G0 F7200 X37.4 Y54.371
G1 F3000 X37.16 Y54.13 E1865.38209
G0 F7200 X37.311 Y54.13
G0 X37.311 Y51.525
G0 X37.16 Y51.525
G1 F3000 X38.528 Y50.157 E1865.43035
G1 X38.598 Y50.087
G0 F7200 X37.4 Y48.714
G1 F3000 X37.16 Y48.474 E1865.43881
G0 F7200 X37.311 Y48.474
G0 X37.311 Y45.869
G0 X37.16 Y45.869
G1 F3000 X38.527 Y44.501 E1865.48706
G1 X38.597 Y44.431
G0 F7200 X37.4 Y43.057
G1 F3000 X37.16 Y42.817 E1865.49552
G0 F7200 X37.311 Y42.817
G0 X37.311 Y40.212
G0 X37.16 Y40.212
G1 F3000 X38.528 Y38.843 E1865.5438
G1 X38.598 Y38.773
G0 F7200 X37.4 Y37.4
G1 F3000 X37.16 Y37.16 E1865.55227
G0 F7200 X37.311 Y37.16
G0 X37.311 Y34.555
G0 X37.16 Y34.555
G1 F3000 X38.528 Y33.187 E1865.60053
G1 X38.598 Y33.117
G0 F7200 X37.4 Y31.743
G1 F3000 X37.16 Y31.503 E1865.60899
G0 F7200 X37.311 Y31.503
G0 X37.311 Y28.898
G0 X37.16 Y28.898
G1 F3000 X38.528 Y27.53 E1865.65725
G1 X38.598 Y27.46
G0 F7200 X37.4 Y26.086
G1 F3000 X37.16 Y25.846 E1865.66572
G0 F7200 X37.311 Y25.846
G0 X37.311 Y23.241
G0 X37.16 Y23.241
G1 F3000 X38.528 Y21.873 E1865.71398
G1 X38.598 Y21.803
G0 F7200 X37.4 Y20.43
G1 F3000 X37.16 Y20.189 E1865.72246
G0 F7200 X37.311 Y20.189
G0 X37.311 Y17.584
G0 X37.16 Y17.584
G1 F3000 X38.528 Y16.216 E1865.77072
G1 X38.598 Y16.146
G0 F7200 X37.4 Y14.773
G1 F3000 X37.16 Y14.532 E1865.77921
G0 F7200 X37.36 Y14.733
G1 F600 X62.633 Y40.006 E1866.31415
G0 F7200 X62.633 Y40.572
G1 F600 X38.402 Y16.341 E1866.82704
G0 F7200 X38.119 Y16.623
G1 F600 X62.633 Y41.137 E1867.34592
G0 F7200 X62.633 Y41.703
G1 F600 X37.837 Y16.907 E1867.87077
G0 F7200 X37.554 Y17.19
G1 F600 X62.633 Y42.269 E1868.4016
G0 F7200 X62.633 Y42.834
G1 F600 X37.36 Y17.561 E1868.93655
G0 F7200 X37.36 Y18.127
G1 F600 X62.445 Y43.211 E1869.4675
G0 F7200 X62.162 Y43.494
G1 F600 X37.36 Y18.692 E1869.99248
G0 F7200 X37.36 Y19.258
G1 F600 X61.88 Y43.778 E1870.51148
G0 F7200 X61.597 Y44.061
G1 F600 X37.36 Y19.824 E1871.0245
G0 F7200 X37.36 Y20.389
G1 F600 X62.633 Y45.662 E1871.55944
G0 F7200 X62.633 Y46.228
G1 F600 X38.402 Y21.997 E1872.07233
G0 F7200 X38.119 Y22.28
G1 F600 X62.633 Y46.793 E1872.5912
G0 F7200 X62.633 Y47.359
G1 F600 X37.837 Y22.564 E1873.11603
G0 F7200 X37.554 Y22.847
G1 F600 X62.633 Y47.925 E1873.64686
G0 F7200 X62.633 Y48.491
G1 F600 X37.36 Y23.218 E1874.18181
G0 F7200 X37.36 Y23.784
G1 F600 X62.445 Y48.868 E1874.71276
G0 F7200 X62.162 Y49.151
G1 F600 X37.36 Y24.349 E1875.23773
G0 F7200 X37.36 Y24.915
G1 F600 X61.88 Y49.435 E1875.75674
G0 F7200 X61.597 Y49.717
G1 F600 X37.36 Y25.481 E1876.26974
G0 F7200 X37.36 Y26.046
G1 F600 X62.632 Y51.318 E1876.80467
G0 F7200 X62.632 Y51.884
G1 F600 X38.402 Y27.654 E1877.31753
G0 F7200 X38.119 Y27.937
G1 F600 X62.632 Y52.45 E1877.83639
G0 F7200 X62.632 Y53.015
G1 F600 X37.837 Y28.221 E1878.36121
G0 F7200 X37.554 Y28.503
G1 F600 X62.632 Y53.581 E1878.89202
G0 F7200 X62.632 Y54.147
G1 F600 X37.36 Y28.875 E1879.42695
G0 F7200 X37.36 Y29.44
G1 F600 X62.445 Y54.526 E1879.95792
G0 F7200 X62.162 Y54.809
G1 F600 X37.36 Y30.006 E1880.48291
G0 F7200 X37.36 Y30.572
G1 F600 X61.88 Y55.091 E1881.0019
G0 F7200 X61.597 Y55.374
G1 F600 X37.36 Y31.137 E1881.51492
G0 F7200 X37.36 Y31.703
G1 F600 X62.632 Y56.975 E1882.04984
G0 F7200 X62.632 Y57.541
G1 F600 X38.402 Y33.311 E1882.56271
G0 F7200 X38.119 Y33.594
G1 F600 X62.632 Y58.106 E1883.08155
G0 F7200 X62.632 Y58.672
G1 F600 X37.837 Y33.877 E1883.60638
G0 F7200 X37.554 Y34.16
G1 F600 X62.632 Y59.238 E1884.1372
G0 F7200 X62.632 Y59.804
G1 F600 X37.36 Y34.532 E1884.67212
G0 F7200 X37.36 Y35.097
G1 F600 X62.445 Y60.182 E1885.20308
G0 F7200 X62.162 Y60.465
G1 F600 X37.36 Y35.663 E1885.72806
G0 F7200 X37.36 Y36.229
G1 F600 X61.88 Y60.748 E1886.24705
G0 F7200 X61.597 Y61.031
G1 F600 X37.36 Y36.794 E1886.76007
G0 F7200 X37.36 Y37.36
G1 F600 X62.631 Y62.631 E1887.29497
G0 F7200 X62.631 Y63.197
G1 F600 X38.403 Y38.969 E1887.8078
G0 F7200 X38.12 Y39.251
G1 F600 X62.631 Y63.763 E1888.32662
G0 F7200 X62.631 Y64.328
G1 F600 X37.837 Y39.534 E1888.85143
G0 F7200 X37.554 Y39.817
G1 F600 X62.631 Y64.894 E1889.38222
G0 F7200 X62.631 Y65.46
G1 F600 X37.36 Y40.188 E1889.91713
G0 F7200 X37.36 Y40.754
G1 F600 X62.445 Y65.839 E1890.4481
G0 F7200 X62.162 Y66.122
G1 F600 X37.36 Y41.32 E1890.97307
G0 F7200 X37.36 Y41.885
G1 F600 X61.879 Y66.404 E1891.49206
G0 F7200 X61.596 Y66.687
G1 F600 X37.36 Y42.451 E1892.00505
G0 F7200 X37.36 Y43.017
G1 F600 X62.631 Y68.288 E1892.53995
G0 F7200 X62.631 Y68.854
G1 F600 X38.403 Y44.626 E1893.05278
G0 F7200 X38.12 Y44.908
G1 F600 X62.631 Y69.42 E1893.5716
G0 F7200 X62.631 Y69.985
G1 F600 X37.837 Y45.191 E1894.09641
G0 F7200 X37.554 Y45.474
G1 F600 X62.631 Y70.551 E1894.6272
G0 F7200 X62.631 Y71.117
G1 F600 X37.36 Y45.845 E1895.16212
G0 F7200 X37.36 Y46.411
G1 F600 X62.445 Y71.496 E1895.69308
G0 F7200 X62.162 Y71.779
G1 F600 X37.36 Y46.977 E1896.21806
G0 F7200 X37.36 Y47.542
G1 F600 X61.88 Y72.062 E1896.73706
G0 F7200 X61.597 Y72.345
G1 F600 X37.36 Y48.108 E1897.25008
G0 F7200 X37.36 Y48.674
G1 F600 X62.631 Y73.944 E1897.78497
G0 F7200 X62.631 Y74.51
G1 F600 X38.402 Y50.282 E1898.2978
G0 F7200 X38.119 Y50.564
G1 F600 X62.631 Y75.076 E1898.81664
G0 F7200 X62.631 Y75.641
G1 F600 X37.837 Y50.847 E1899.34145
G0 F7200 X37.554 Y51.13
G1 F600 X62.631 Y76.207 E1899.87224
G0 F7200 X62.631 Y76.773
G1 F600 X37.36 Y51.502 E1900.40714
G0 F7200 X37.36 Y52.068
G1 F600 X62.445 Y77.152 E1900.9381
G0 F7200 X62.162 Y77.435
G1 F600 X37.36 Y52.633 E1901.46307
G0 F7200 X37.36 Y53.199
G1 F600 X61.88 Y77.719 E1901.98208
G0 F7200 X61.597 Y78.002
G1 F600 X37.36 Y53.765 E1902.49509
G0 F7200 X37.36 Y54.331
G1 F600 X62.63 Y79.6 E1903.02996
G0 F7200 X62.63 Y80.166
G1 F600 X38.402 Y55.939 E1903.54278
G0 F7200 X38.119 Y56.221
G1 F600 X62.63 Y80.732 E1904.06159
G0 F7200 X62.63 Y81.297
G1 F600 X37.837 Y56.505 E1904.58636
G0 F7200 X37.554 Y56.788
G1 F600 X62.63 Y81.863 E1905.11713
G0 F7200 X62.63 Y82.429
G1 F600 X37.36 Y57.159 E1905.65201
G0 F7200 X37.36 Y57.725
G1 F600 X62.445 Y82.809 E1906.18296
G0 F7200 X62.162 Y83.092
G1 F600 X37.36 Y58.29 E1906.70794
G0 F7200 X37.36 Y58.856
G1 F600 X61.88 Y83.376 E1907.22694
G0 F7200 X61.597 Y83.659
G1 F600 X37.36 Y59.422 E1907.73996
G0 F7200 X37.36 Y59.987
G1 F600 X62.629 Y85.257 E1908.27483
G0 F7200 X62.629 Y85.822
G1 F600 X38.402 Y61.595 E1908.78763
G0 F7200 X38.119 Y61.878
G1 F600 X62.629 Y86.388 E1909.30643
G0 F7200 X62.629 Y86.954
G1 F600 X37.837 Y62.162 E1909.83119
G0 F7200 X37.554 Y62.445
G1 F600 X62.629 Y87.519 E1910.36193
G0 F7200 X62.629 Y88.085
G1 F600 X37.36 Y62.816 E1910.89679
G0 F7200 X37.36 Y63.382
G1 F600 X62.115 Y88.137 E1911.42077
G0 F7200 X61.549 Y88.137
G1 F600 X37.36 Y63.947 E1911.93278
G0 F7200 X37.36 Y64.513
G1 F600 X60.983 Y88.136 E1912.4328
G0 F7200 X60.417 Y88.136
G1 F600 X37.36 Y65.079 E1912.92084
G0 F7200 X37.36 Y65.644
G1 F600 X59.852 Y88.136 E1913.39692
G0 F7200 X58.202 Y87.052
G1 F600 X38.402 Y67.252 E1913.81602
G0 F7200 X38.119 Y67.535
G1 F600 X57.919 Y87.335 E1914.23512
G0 F7200 X57.636 Y87.617
G1 F600 X37.837 Y67.819 E1914.65418
G0 F7200 X37.554 Y68.101
G1 F600 X57.353 Y87.9 E1915.07326
G0 F7200 X57.021 Y88.134
G1 F600 X37.36 Y68.473 E1915.48942
G0 F7200 X37.36 Y69.038
G1 F600 X56.455 Y88.134 E1915.8936
G0 F7200 X55.89 Y88.134
G1 F600 X37.36 Y69.604 E1916.28582
G0 F7200 X37.36 Y70.17
G1 F600 X55.324 Y88.134 E1916.66606
G0 F7200 X54.758 Y88.134
G1 F600 X37.36 Y70.735 E1917.03433
G0 F7200 X37.36 Y71.301
G1 F600 X54.193 Y88.134 E1917.39062
G0 F7200 X52.545 Y87.052
G1 F600 X38.402 Y72.909 E1917.68998
G0 F7200 X38.119 Y73.192
G1 F600 X52.262 Y87.335 E1917.98934
G0 F7200 X51.979 Y87.617
G1 F600 X37.837 Y73.475 E1918.28868
G0 F7200 X37.554 Y73.758
G1 F600 X51.696 Y87.9 E1918.58802
G0 F7200 X51.364 Y88.133
G1 F600 X37.36 Y74.13 E1918.88443
G0 F7200 X37.36 Y74.695
G1 F600 X50.798 Y88.133 E1919.16886
G0 F7200 X50.232 Y88.133
G1 F600 X37.36 Y75.261 E1919.44132
G0 F7200 X37.36 Y75.827
G1 F600 X49.666 Y88.133 E1919.7018
G0 F7200 X49.1 Y88.132
G1 F600 X37.36 Y76.392 E1919.95029
G0 F7200 X37.36 Y76.958
G1 F600 X48.534 Y88.132 E1920.18681
G0 F7200 X46.888 Y87.052
G1 F600 X38.403 Y78.567 E1920.36641
G0 F7200 X38.12 Y78.849
G1 F600 X46.605 Y87.335 E1920.54602
G0 F7200 X46.322 Y87.617
G1 F600 X37.837 Y79.132 E1920.72562
G0 F7200 X37.554 Y79.415
G1 F600 X46.039 Y87.9 E1920.90521
G0 F7200 X45.705 Y88.131
G1 F600 X37.36 Y79.786 E1921.08185
G0 F7200 X37.36 Y80.352
G1 F600 X45.139 Y88.131 E1921.24651
G0 F7200 X44.572 Y88.13
G1 F600 X37.36 Y80.918 E1921.39916
G0 F7200 X37.36 Y81.483
G1 F600 X44.007 Y88.13 E1921.53985
G0 F7200 X43.441 Y88.13
G1 F600 X37.36 Y82.049 E1921.66857
G0 F7200 X37.36 Y82.615
G1 F600 X42.875 Y88.13 E1921.7853
G0 F7200 X41.231 Y87.052
G1 F600 X38.403 Y84.223 E1921.84517
G0 F7200 X38.12 Y84.506
G1 F600 X40.949 Y87.335 E1921.90505
G0 F7200 X40.666 Y87.618
G1 F600 X37.837 Y84.789 E1921.96493
G0 F7200 X37.554 Y85.072
G1 F600 X40.383 Y87.9 E1922.0248
G0 F7200 X40.047 Y88.13
G1 F600 X37.36 Y85.443 E1922.08168
G0 F7200 X61.597 Y38.404
G1 F600 X37.36 Y14.167 E1922.59469
G0 F7200 X37.36 Y13.601
G1 F600 X61.88 Y38.121 E1923.1137
G0 F7200 X62.162 Y37.837
G1 F600 X37.36 Y13.036 E1923.63866
G0 F7200 X37.36 Y12.47
G1 F600 X62.445 Y37.554 E1924.16962
G0 F7200 X62.633 Y37.178
G1 F600 X37.36 Y11.904 E1924.70457
G0 F7200 X37.885 Y11.863
G1 F600 X62.633 Y36.612 E1925.22841
G0 F7200 X62.633 Y36.046
G1 F600 X38.45 Y11.863 E1925.74028
G0 F7200 X39.016 Y11.863
G1 F600 X62.634 Y35.481 E1926.2402
G0 F7200 X62.634 Y34.916
G1 F600 X39.582 Y11.863 E1926.72814
G0 F7200 X40.147 Y11.863
G1 F600 X62.634 Y34.35 E1927.20412
G0 F7200 X61.597 Y32.747
G1 F600 X41.797 Y12.947 E1927.62321
G0 F7200 X42.08 Y12.664
G1 F600 X61.88 Y32.464 E1928.04231
G0 F7200 X62.162 Y32.18
G1 F600 X42.363 Y12.382 E1928.46138
G0 F7200 X42.646 Y12.099
G1 F600 X62.445 Y31.898 E1928.88046
G0 F7200 X62.634 Y31.521
G1 F600 X42.976 Y11.863 E1929.29655
G0 F7200 X43.542 Y11.863
G1 F600 X62.634 Y30.956 E1929.70068
G0 F7200 X62.634 Y30.39
G1 F600 X44.107 Y11.863 E1930.09283
G0 F7200 X44.673 Y11.863
G1 F600 X62.634 Y29.824 E1930.473
G0 F7200 X62.634 Y29.259
G1 F600 X45.239 Y11.863 E1930.84121
G0 F7200 X45.804 Y11.863
G1 F600 X62.634 Y28.693 E1931.19744
G0 F7200 X61.596 Y27.089
G1 F600 X47.454 Y12.947 E1931.49678
G0 F7200 X47.737 Y12.664
G1 F600 X61.879 Y26.806 E1931.79612
G0 F7200 X62.161 Y26.523
G1 F600 X48.02 Y12.382 E1932.09544
G0 F7200 X48.303 Y12.099
G1 F600 X62.444 Y26.24 E1932.39475
G0 F7200 X62.635 Y25.865
G1 F600 X48.633 Y11.864 E1932.69112
G0 F7200 X49.199 Y11.864
G1 F600 X62.635 Y25.3 E1932.97551
G0 F7200 X62.635 Y24.734
G1 F600 X49.765 Y11.865 E1933.24792
G0 F7200 X50.331 Y11.865
G1 F600 X62.636 Y24.169 E1933.50836
G0 F7200 X62.636 Y23.603
G1 F600 X50.897 Y11.865 E1933.75682
G0 F7200 X51.463 Y11.865
G1 F600 X62.636 Y23.038 E1933.99332
G0 F7200 X61.597 Y21.433
G1 F600 X53.111 Y12.947 E1934.17294
G0 F7200 X53.394 Y12.664
G1 F600 X61.88 Y21.15 E1934.35256
G0 F7200 X62.162 Y20.867
G1 F600 X53.677 Y12.382 E1934.53216
G0 F7200 X53.96 Y12.099
G1 F600 X62.445 Y20.585 E1934.71177
G0 F7200 X62.636 Y20.209
G1 F600 X54.291 Y11.865 E1934.88839
G0 F7200 X54.857 Y11.865
G1 F600 X62.636 Y19.643 E1935.05304
G0 F7200 X62.636 Y19.078
G1 F600 X55.422 Y11.865 E1935.20572
G0 F7200 X55.988 Y11.865
G1 F600 X62.636 Y18.512 E1935.34643
G0 F7200 X62.636 Y17.947
G1 F600 X56.554 Y11.865 E1935.47516
G0 F7200 X57.119 Y11.865
G1 F600 X62.636 Y17.381 E1935.59193
G0 F7200 X61.597 Y15.776
G1 F600 X58.768 Y12.947 E1935.65181
G0 F7200 X59.05 Y12.664
G1 F600 X61.88 Y15.493 E1935.7117
G0 F7200 X62.162 Y15.211
G1 F600 X59.334 Y12.382 E1935.77157
G0 F7200 X59.617 Y12.099
G1 F600 X62.445 Y14.928 E1935.83144
G0 F7200 X62.636 Y14.553
G1 F600 X59.947 Y11.864 E1935.88836
G0 F7200 X62.714 Y88.22
G0 X62.992 Y88.369
;TYPE:WALL-INNER
G1 F2400 X62.999 Y11.63 E1937.80262
G1 X62.949 Y11.548 E1937.80501
G1 X62.837 Y11.5 E1937.80805
G1 X37.166 Y11.5 E1938.44842
G1 X37.046 Y11.551 E1938.45167
G1 X37 Y11.659 E1938.4546
G1 X37 Y88.334 E1940.36727
G1 X37.046 Y88.443 E1940.37022
G1 X37.169 Y88.492 E1940.37352
G1 X62.867 Y88.5 E1941.01456
G1 X62.992 Y88.369 E1941.01908
G0 F7200 X63.015 Y88.871
;TYPE:WALL-OUTER
G1 F1200 X63.269 Y88.698 E1941.02674
G1 X63.392 Y88.417 E1941.03439
G1 X63.399 Y11.656 E1942.9492
G1 X63.371 Y11.481 E1942.95363
G1 X63.199 Y11.228 E1942.96126
G1 X62.876 Y11.1 E1942.96992
G1 X37.085 Y11.1 E1943.61328
G1 X36.822 Y11.211 E1943.6204
G1 X36.728 Y11.297 E1943.62358
G1 X36.6 Y11.62 E1943.63225
G1 X36.6 Y88.415 E1945.54791
G1 X36.709 Y88.674 E1945.55492
G1 X36.82 Y88.784 E1945.55882
G1 X37.094 Y88.892 E1945.56616
G1 X62.836 Y88.9 E1946.2083
G1 X63.015 Y88.871 E1946.21282
G0 F7200 X63.18 Y88.759
G0 X62.502 Y87.89
;MESH:NONMESH
G0 F600 Z3.035
G0 F7200 X37.311 Y11.927
G0 X37.161 Y11.927
;TIME_ELAPSED:4198.150100
;LAYER:12
;TYPE:FILL
;MESH:luckfox_bottom.stl
G1 F3000 X37.427 Y11.66 E1946.22222
G0 F7200 X37.427 Y11.811
G0 X39.945 Y11.811
G0 X39.945 Y11.661
G1 F3000 X41.324 Y13.04 E1946.27087
G0 F7200 X41.704 Y13.04
G1 F3000 X43.084 Y11.66 E1946.31956
G1 X43.154 Y11.59
G0 F7200 X43.154 Y11.811
G0 X45.602 Y11.811
G0 X45.602 Y11.661
G1 F3000 X46.981 Y13.04 E1946.3682
G0 F7200 X47.361 Y13.04
G1 F3000 X48.741 Y11.66 E1946.41689
G1 X48.811 Y11.59
G0 F7200 X48.811 Y11.811
G0 X51.259 Y11.811
G0 X51.259 Y11.661
G1 F3000 X52.638 Y13.04 E1946.46553
G0 F7200 X53.017 Y13.04
G1 F3000 X54.398 Y11.66 E1946.51424
G1 X54.468 Y11.59
G0 F7200 X54.468 Y11.811
G0 X56.916 Y11.811
G0 X56.916 Y11.661
G1 F3000 X58.295 Y13.04 E1946.56288
G0 F7200 X58.674 Y13.04
G1 F3000 X60.055 Y11.66 E1946.61158
G1 X60.125 Y11.59
G0 F7200 X60.125 Y11.811
G0 X62.573 Y11.811
G0 X62.573 Y11.661
G1 F3000 X62.838 Y11.927 E1946.62095
G0 F7200 X62.69 Y11.926
G0 X62.69 Y14.533
G0 X62.838 Y14.534
G1 F3000 X61.46 Y15.911 E1946.66955
G0 F7200 X61.46 Y16.205
G1 F3000 X62.838 Y17.583 E1946.71816
G1 X62.908 Y17.653
G0 F7200 X62.69 Y17.652
G0 X62.69 Y20.19
G0 X62.837 Y20.191
G1 F3000 X61.46 Y21.568 E1946.76674
G0 F7200 X61.46 Y21.862
G1 F3000 X62.838 Y23.24 E1946.81535
G1 X62.908 Y23.31
G0 F7200 X62.69 Y23.309
G0 X62.689 Y25.848
G0 X62.836 Y25.849
G1 F3000 X61.46 Y27.225 E1946.86389
G0 F7200 X61.46 Y27.518
G1 F3000 X62.837 Y28.896 E1946.91249
G1 X62.907 Y28.966
G0 F7200 X62.689 Y28.965
G0 X62.689 Y31.506
G0 X62.836 Y31.507
G1 F3000 X61.46 Y32.882 E1946.96101
G0 F7200 X61.46 Y33.175
G1 F3000 X62.836 Y34.552 E1947.00957
G1 X62.906 Y34.622
G0 F7200 X62.689 Y34.621
G0 X62.689 Y37.163
G0 X62.835 Y37.164
G1 F3000 X61.46 Y38.539 E1947.05808
G0 F7200 X61.46 Y38.832
G1 F3000 X62.836 Y40.208 E1947.10662
G1 X62.906 Y40.278
G0 F7200 X62.688 Y40.277
G0 X62.688 Y42.821
G0 X62.834 Y42.822
G1 F3000 X61.46 Y44.196 E1947.15509
G0 F7200 X61.46 Y44.489
G1 F3000 X62.835 Y45.864 E1947.2036
G1 X62.905 Y45.934
G0 F7200 X62.688 Y45.933
G0 X62.688 Y48.478
G0 X62.834 Y48.479
G1 F3000 X61.46 Y49.852 E1947.25205
G0 F7200 X61.46 Y50.146
G1 F3000 X62.834 Y51.521 E1947.30054
G1 X62.904 Y51.591
G0 F7200 X62.687 Y51.59
G0 X62.687 Y54.136
G0 X62.833 Y54.137
G1 F3000 X61.46 Y55.509 E1947.34896
G0 F7200 X61.46 Y55.803
G1 F3000 X62.834 Y57.177 E1947.39743
G1 X62.904 Y57.247
G0 F7200 X62.687 Y57.246
G0 X62.687 Y59.793
G0 X62.832 Y59.794
G1 F3000 X61.46 Y61.166 E1947.44583
G0 F7200 X61.46 Y61.46
G1 F3000 X62.833 Y62.833 E1947.49427
G1 X62.903 Y62.903
G0 F7200 X62.686 Y62.902
G0 X62.686 Y65.451
G0 X62.831 Y65.452
G1 F3000 X61.46 Y66.823 E1947.54263
G0 F7200 X61.46 Y67.116
G1 F3000 X62.832 Y68.489 E1947.59105
G1 X62.902 Y68.559
G0 F7200 X62.686 Y68.558
G0 X62.686 Y71.108
G0 X62.831 Y71.109
G1 F3000 X61.46 Y72.48 E1947.63942
G0 F7200 X61.46 Y72.773
G1 F3000 X62.831 Y74.145 E1947.6878
G1 X62.901 Y74.215
G0 F7200 X62.686 Y74.214
G0 X62.685 Y76.766
G0 X62.83 Y76.767
G1 F3000 X61.46 Y78.137 E1947.73613
G0 F7200 X61.46 Y78.43
G1 F3000 X62.831 Y79.801 E1947.7845
G1 X62.901 Y79.871
G0 F7200 X62.685 Y79.87
G0 X62.685 Y82.423
G0 X62.83 Y82.424
G1 F3000 X61.46 Y83.794 E1947.83283
G0 F7200 X61.46 Y84.087
G1 F3000 X62.83 Y85.457 E1947.88116
G1 X62.9 Y85.527
G0 F7200 X62.685 Y85.526
G0 X62.685 Y88.08
G0 X62.829 Y88.081
G1 F3000 X62.573 Y88.337 E1947.89019
G0 F7200 X62.574 Y88.19
G0 X60.053 Y88.19
G0 X60.052 Y88.337
G1 F3000 X58.676 Y86.96 E1947.93875
G0 F7200 X58.294 Y86.96
G1 F3000 X56.917 Y88.337 E1947.98733
G1 X56.847 Y88.407
G0 F7200 X56.848 Y88.189
G0 X54.395 Y88.189
G0 X54.394 Y88.335
G1 F3000 X53.019 Y86.96 E1948.03583
G0 F7200 X52.637 Y86.96
G1 F3000 X51.262 Y88.335 E1948.08434
G1 X51.192 Y88.405
G0 F7200 X51.193 Y88.188
G0 X48.737 Y88.187
G0 X48.736 Y88.334
G1 F3000 X47.362 Y86.96 E1948.13281
G0 F7200 X46.98 Y86.96
G1 F3000 X45.606 Y88.334 E1948.18128
G1 X45.536 Y88.404
G0 F7200 X45.537 Y88.186
G0 X43.079 Y88.186
G0 X43.078 Y88.332
G1 F3000 X41.705 Y86.96 E1948.2297
G0 F7200 X41.323 Y86.96
G1 F3000 X39.951 Y88.332 E1948.2781
G1 X39.881 Y88.402
G0 F7200 X39.882 Y88.185
G0 X37.421 Y88.185
G0 X37.42 Y88.332
G1 F3000 X37.161 Y88.072 E1948.28726
G0 F7200 X37.311 Y88.072
G0 X37.311 Y85.465
G0 X37.161 Y85.465
G1 F3000 X38.54 Y84.086 E1948.33591
G0 F7200 X38.54 Y83.795
G1 F3000 X37.161 Y82.415 E1948.38457
G1 X37.091 Y82.345
G0 F7200 X37.311 Y82.345
G0 X37.311 Y79.808
G0 X37.161 Y79.808
G1 F3000 X38.54 Y78.429 E1948.43322
G0 F7200 X38.54 Y78.138
G1 F3000 X37.161 Y76.759 E1948.48187
G1 X37.091 Y76.689
G0 F7200 X37.311 Y76.689
G0 X37.311 Y74.151
G0 X37.161 Y74.151
G1 F3000 X38.54 Y72.773 E1948.5305
G0 F7200 X38.54 Y72.481
G1 F3000 X37.161 Y71.102 E1948.57915
G1 X37.091 Y71.032
G0 F7200 X37.311 Y71.032
G0 X37.311 Y68.495
G0 X37.161 Y68.495
G1 F3000 X38.54 Y67.116 E1948.62779
G0 F7200 X38.54 Y66.824
G1 F3000 X37.161 Y65.445 E1948.67644
G1 X37.091 Y65.375
G0 F7200 X37.311 Y65.375
G0 X37.311 Y62.838
G0 X37.161 Y62.838
G1 F3000 X38.54 Y61.459 E1948.72509
G0 F7200 X38.54 Y61.168
G1 F3000 X37.161 Y59.788 E1948.77375
G1 X37.091 Y59.718
G0 F7200 X37.311 Y59.718
G0 X37.311 Y57.181
G0 X37.161 Y57.181
G1 F3000 X38.54 Y55.802 E1948.8224
G0 F7200 X38.54 Y55.511
G1 F3000 X37.161 Y54.131 E1948.87107
G1 X37.091 Y54.061
G0 F7200 X37.311 Y54.061
G0 X37.311 Y51.524
G0 X37.161 Y51.524
G1 F3000 X38.54 Y50.145 E1948.91972
G0 F7200 X38.54 Y49.854
G1 F3000 X37.16 Y48.474 E1948.9684
G1 X37.09 Y48.404
G0 F7200 X37.311 Y48.404
G0 X37.311 Y45.868
G0 X37.161 Y45.868
G1 F3000 X38.54 Y44.488 E1949.01706
G0 F7200 X38.54 Y44.197
G1 F3000 X37.16 Y42.817 E1949.06575
G1 X37.09 Y42.747
G0 F7200 X37.311 Y42.747
G0 X37.311 Y40.211
G0 X37.161 Y40.211
G1 F3000 X38.54 Y38.831 E1949.11441
G0 F7200 X38.54 Y38.54
G1 F3000 X37.16 Y37.16 E1949.1631
G1 X37.09 Y37.09
G0 F7200 X37.311 Y37.09
G0 X37.311 Y34.554
G0 X37.161 Y34.554
G1 F3000 X38.54 Y33.175 E1949.21174
G0 F7200 X38.54 Y32.883
G1 F3000 X37.16 Y31.503 E1949.26043
G1 X37.09 Y31.433
G0 F7200 X37.311 Y31.433
G0 X37.311 Y28.897
G0 X37.161 Y28.897
G1 F3000 X38.54 Y27.518 E1949.30908
G0 F7200 X38.54 Y27.226
G1 F3000 X37.16 Y25.846 E1949.35776
G1 X37.09 Y25.776
G0 F7200 X37.311 Y25.776
G0 X37.311 Y23.24
G0 X37.161 Y23.24
G1 F3000 X38.54 Y21.861 E1949.40641
G0 F7200 X38.54 Y21.57
G1 F3000 X37.16 Y20.189 E1949.45511
G1 X37.09 Y20.119
G0 F7200 X37.311 Y20.119
G0 X37.311 Y17.584
G0 X37.161 Y17.584
G1 F3000 X38.54 Y16.204 E1949.50377
G0 F7200 X38.54 Y15.913
G1 F3000 X37.16 Y14.532 E1949.55247
G1 X37.09 Y14.462
G0 F7200 X37.311 Y14.462
G0 X62.714 Y88.22
G0 X62.992 Y88.371
;TYPE:WALL-INNER
G1 F2400 X62.999 Y11.647 E1951.46636
G1 X62.92 Y11.541 E1951.46966
G1 X62.797 Y11.501 E1951.47289
G1 X37.166 Y11.5 E1952.11225
G1 X37.047 Y11.552 E1952.11549
G1 X37 Y11.699 E1952.11934
G1 X37 Y88.405 E1954.03278
G1 X37.132 Y88.489 E1954.03669
G1 X62.865 Y88.5 E1954.6786
G1 X62.992 Y88.371 E1954.68311
G0 F7200 X63.268 Y88.698
;TYPE:WALL-OUTER
G1 F1200 X63.392 Y88.418 E1954.69075
G1 X63.399 Y11.576 E1956.60758
G1 X63.333 Y11.396 E1956.61237
G1 X63.141 Y11.191 E1956.61937
G1 X62.86 Y11.101 E1956.62673
G1 X37.122 Y11.1 E1957.26877
G1 X36.807 Y11.223 E1957.27721
G1 X36.693 Y11.347 E1957.28141
G1 X36.6 Y11.636 E1957.28898
G1 X36.6 Y88.424 E1959.20447
G1 X36.741 Y88.713 E1959.21249
G1 X36.967 Y88.862 E1959.21924
G1 X37.082 Y88.892 E1959.2222
G1 X62.836 Y88.9 E1959.86464
G1 X63.015 Y88.871 E1959.86916
G1 X63.268 Y88.698 E1959.87681
G0 F7200 X63.349 Y88.515
G0 X62.714 Y88.22
G0 X61.32 Y86.82
;TYPE:SKIN
G1 F900 X38.68 Y86.82 E1960.44157
G1 X38.68 Y13.18 E1962.27852
G1 X61.32 Y13.18 E1962.84328
G1 X61.32 Y86.82 E1964.68024
G0 F7200 X39.102 Y86.62
G1 F900 X38.88 Y86.397 E1964.68809
G0 F7200 X38.88 Y85.831
G1 F900 X39.668 Y86.62 E1964.7159
G0 F7200 X40.234 Y86.62
G1 F900 X38.88 Y85.266 E1964.76367
G0 F7200 X38.88 Y84.7
G1 F900 X40.799 Y86.62 E1964.83139
G0 F7200 X41.365 Y86.62
G1 F900 X38.88 Y84.134 E1964.91907
G0 F7200 X38.88 Y83.569
G1 F900 X41.931 Y86.62 E1965.0267
G0 F7200 X42.496 Y86.62
G1 F900 X38.88 Y83.003 E1965.15428
G0 F7200 X38.88 Y82.437
G1 F900 X43.062 Y86.62 E1965.30183
G0 F7200 X43.628 Y86.62
G1 F900 X38.88 Y81.872 E1965.46933
G0 F7200 X38.88 Y81.306
G1 F900 X44.193 Y86.62 E1965.65678
G0 F7200 X44.759 Y86.62
G1 F900 X38.88 Y80.74 E1965.86419
G0 F7200 X38.88 Y80.175
G1 F900 X45.325 Y86.62 E1966.09156
G0 F7200 X45.891 Y86.62
G1 F900 X38.88 Y79.609 E1966.33889
G0 F7200 X38.88 Y79.043
G1 F900 X46.456 Y86.62 E1966.60617
G0 F7200 X47.022 Y86.62
G1 F900 X38.88 Y78.478 E1966.8934
G0 F7200 X38.88 Y77.912
G1 F900 X47.588 Y86.62 E1967.2006
G0 F7200 X48.153 Y86.62
G1 F900 X38.88 Y77.346 E1967.52775
G0 F7200 X38.88 Y76.78
G1 F900 X48.719 Y86.62 E1967.87486
G0 F7200 X49.285 Y86.62
G1 F900 X38.88 Y76.215 E1968.24193
G0 F7200 X38.88 Y75.649
G1 F900 X49.85 Y86.62 E1968.62894
G0 F7200 X50.416 Y86.62
G1 F900 X38.88 Y75.083 E1969.03592
G0 F7200 X38.88 Y74.518
G1 F900 X50.982 Y86.62 E1969.46285
G0 F7200 X51.547 Y86.62
G1 F900 X38.88 Y73.952 E1969.90973
G0 F7200 X38.88 Y73.386
G1 F900 X52.113 Y86.62 E1970.37658
G0 F7200 X52.679 Y86.62
G1 F900 X38.88 Y72.821 E1970.86338
G0 F7200 X38.88 Y72.255
G1 F900 X53.244 Y86.62 E1971.37012
G0 F7200 X53.81 Y86.62
G1 F900 X38.88 Y71.689 E1971.89684
G0 F7200 X38.88 Y71.124
G1 F900 X54.376 Y86.62 E1972.4435
G0 F7200 X54.941 Y86.62
G1 F900 X38.88 Y70.558 E1973.01011
G0 F7200 X38.88 Y69.992
G1 F900 X55.507 Y86.62 E1973.59669
G0 F7200 X56.073 Y86.62
G1 F900 X38.88 Y69.427 E1974.20322
G0 F7200 X38.88 Y68.861
G1 F900 X56.639 Y86.62 E1974.82972
G0 F7200 X57.204 Y86.62
G1 F900 X38.88 Y68.295 E1975.47617
G0 F7200 X38.88 Y67.73
G1 F900 X57.77 Y86.62 E1976.14256
G0 F7200 X58.336 Y86.62
G1 F900 X38.88 Y67.164 E1976.82893
G0 F7200 X38.88 Y66.598
G1 F900 X58.901 Y86.62 E1977.53524
G0 F7200 X59.467 Y86.62
G1 F900 X38.88 Y66.032 E1978.26152
G0 F7200 X38.88 Y65.467
G1 F900 X60.033 Y86.62 E1979.00775
G0 F7200 X60.598 Y86.62
G1 F900 X38.88 Y64.901 E1979.77393
G0 F7200 X38.88 Y64.335
G1 F900 X61.12 Y86.576 E1980.55852
G0 F7200 X61.12 Y86.01
G1 F900 X38.88 Y63.77 E1981.3431
G0 F7200 X38.88 Y63.204
G1 F900 X61.12 Y85.445 E1982.12769
G0 F7200 X61.12 Y84.879
G1 F900 X38.88 Y62.638 E1982.91228
G0 F7200 X38.88 Y62.073
G1 F900 X61.12 Y84.313 E1983.69686
G0 F7200 X61.12 Y83.748
G1 F900 X38.88 Y61.507 E1984.48145
G0 F7200 X38.88 Y60.941
G1 F900 X61.12 Y83.182 E1985.26605
G0 F7200 X61.12 Y82.616
G1 F900 X38.88 Y60.376 E1986.05062
G0 F7200 X38.88 Y59.81
G1 F900 X61.12 Y82.051 E1986.83522
G0 F7200 X61.12 Y81.485
G1 F900 X38.88 Y59.244 E1987.61981
G0 F7200 X38.88 Y58.679
G1 F900 X61.12 Y80.919 E1988.40439
G0 F7200 X61.12 Y80.353
G1 F900 X38.88 Y58.113 E1989.18896
G0 F7200 X38.88 Y57.547
G1 F900 X61.12 Y79.788 E1989.97356
G0 F7200 X61.12 Y79.222
G1 F900 X38.88 Y56.981 E1990.75815
G0 F7200 X38.88 Y56.416
G1 F900 X61.12 Y78.656 E1991.54273
G0 F7200 X61.12 Y78.091
G1 F900 X38.88 Y55.85 E1992.32732
G0 F7200 X38.88 Y55.284
G1 F900 X61.12 Y77.525 E1993.11191
G0 F7200 X61.12 Y76.959
G1 F900 X38.88 Y54.719 E1993.89649
G0 F7200 X38.88 Y54.153
G1 F900 X61.12 Y76.394 E1994.68108
G0 F7200 X61.12 Y75.828
G1 F900 X38.88 Y53.587 E1995.46568
G0 F7200 X38.88 Y53.022
G1 F900 X61.12 Y75.262 E1996.25025
G0 F7200 X61.12 Y74.697
G1 F900 X38.88 Y52.456 E1997.03485
G0 F7200 X38.88 Y51.89
G1 F900 X61.12 Y74.131 E1997.81944
G0 F7200 X61.12 Y73.565
G1 F900 X38.88 Y51.325 E1998.60402
G0 F7200 X38.88 Y50.759
G1 F900 X61.12 Y73 E1999.38861
G0 F7200 X61.12 Y72.434
G1 F900 X38.88 Y50.193 E2000.1732
G0 F7200 X38.88 Y49.628
G1 F900 X61.12 Y71.868 E2000.95778
G0 F7200 X61.12 Y71.303
G1 F900 X38.88 Y49.062 E2001.74237
G0 F7200 X38.88 Y48.496
G1 F900 X61.12 Y70.737 E2002.52697
G0 F7200 X61.12 Y70.171
G1 F900 X38.88 Y47.931 E2003.31154
G0 F7200 X38.88 Y47.365
G1 F900 X61.12 Y69.605 E2004.09612
G0 F7200 X61.12 Y69.04
G1 F900 X38.88 Y46.799 E2004.88071
G0 F7200 X38.88 Y46.233
G1 F900 X61.12 Y68.474 E2005.66531
G0 F7200 X61.12 Y67.908
G1 F900 X38.88 Y45.668 E2006.44988
G0 F7200 X38.88 Y45.102
G1 F900 X61.12 Y67.343 E2007.23448
G0 F7200 X61.12 Y66.777
G1 F900 X38.88 Y44.536 E2008.01907
G0 F7200 X38.88 Y43.971
G1 F900 X61.12 Y66.211 E2008.80365
G0 F7200 X61.12 Y65.646
G1 F900 X38.88 Y43.405 E2009.58824
G0 F7200 X38.88 Y42.839
G1 F900 X61.12 Y65.08 E2010.37283
G0 F7200 X61.12 Y64.514
G1 F900 X38.88 Y42.274 E2011.15741
G0 F7200 X38.88 Y41.708
G1 F900 X61.12 Y63.949 E2011.942
G0 F7200 X61.12 Y63.383
G1 F900 X38.88 Y41.142 E2012.7266
G0 F7200 X38.88 Y40.577
G1 F900 X61.12 Y62.817 E2013.51117
G0 F7200 X61.12 Y62.252
G1 F900 X38.88 Y40.011 E2014.29577
G0 F7200 X38.88 Y39.445
G1 F900 X61.12 Y61.686 E2015.08036
G0 F7200 X61.12 Y61.12
G1 F900 X38.88 Y38.88 E2015.86494
G0 F7200 X38.88 Y38.314
G1 F900 X61.12 Y60.555 E2016.64953
G0 F7200 X61.12 Y59.989
G1 F900 X38.88 Y37.748 E2017.43412
G0 F7200 X38.88 Y37.183
G1 F900 X61.12 Y59.423 E2018.2187
G0 F7200 X61.12 Y58.857
G1 F900 X38.88 Y36.617 E2019.00328
G0 F7200 X38.88 Y36.051
G1 F900 X61.12 Y58.292 E2019.78787
G0 F7200 X61.12 Y57.726
G1 F900 X38.88 Y35.485 E2020.57246
G0 F7200 X38.88 Y34.92
G1 F900 X61.12 Y57.16 E2021.35704
G0 F7200 X61.12 Y56.595
G1 F900 X38.88 Y34.354 E2022.14163
G0 F7200 X38.88 Y33.788
G1 F900 X61.12 Y56.029 E2022.92623
G0 F7200 X61.12 Y55.463
G1 F900 X38.88 Y33.223 E2023.7108
G0 F7200 X38.88 Y32.657
G1 F900 X61.12 Y54.898 E2024.4954
G0 F7200 X61.12 Y54.332
G1 F900 X38.88 Y32.091 E2025.27999
G0 F7200 X38.88 Y31.526
G1 F900 X61.12 Y53.766 E2026.06457
G0 F7200 X61.12 Y53.201
G1 F900 X38.88 Y30.96 E2026.84916
G0 F7200 X38.88 Y30.394
G1 F900 X61.12 Y52.635 E2027.63375
G0 F7200 X61.12 Y52.069
G1 F900 X38.88 Y29.829 E2028.41833
G0 F7200 X38.88 Y29.263
G1 F900 X61.12 Y51.504 E2029.20292
G0 F7200 X61.12 Y50.938
G1 F900 X38.88 Y28.697 E2029.98752
G0 F7200 X38.88 Y28.132
G1 F900 X61.12 Y50.372 E2030.77209
G0 F7200 X61.12 Y49.806
G1 F900 X38.88 Y27.566 E2031.55667
G0 F7200 X38.88 Y27
G1 F900 X61.12 Y49.241 E2032.34126
G0 F7200 X61.12 Y48.675
G1 F900 X38.88 Y26.434 E2033.12586
G0 F7200 X38.88 Y25.869
G1 F900 X61.12 Y48.109 E2033.91043
G0 F7200 X61.12 Y47.544
G1 F900 X38.88 Y25.303 E2034.69503
G0 F7200 X38.88 Y24.737
G1 F900 X61.12 Y46.978 E2035.47962
G0 F7200 X61.12 Y46.412
G1 F900 X38.88 Y24.172 E2036.2642
G0 F7200 X38.88 Y23.606
G1 F900 X61.12 Y45.847 E2037.04879
G0 F7200 X61.12 Y45.281
G1 F900 X38.88 Y23.04 E2037.83338
G0 F7200 X38.88 Y22.475
G1 F900 X61.12 Y44.715 E2038.61796
G0 F7200 X61.12 Y44.15
G1 F900 X38.88 Y21.909 E2039.40255
G0 F7200 X38.88 Y21.343
G1 F900 X61.12 Y43.584 E2040.18715
G0 F7200 X61.12 Y43.018
G1 F900 X38.88 Y20.778 E2040.97172
G0 F7200 X38.88 Y20.212
G1 F900 X61.12 Y42.453 E2041.75632
G0 F7200 X61.12 Y41.887
G1 F900 X38.88 Y19.646 E2042.54091
G0 F7200 X38.88 Y19.081
G1 F900 X61.12 Y41.321 E2043.32549
G0 F7200 X61.12 Y40.756
G1 F900 X38.88 Y18.515 E2044.11008
G0 F7200 X38.88 Y17.949
G1 F900 X61.12 Y40.19 E2044.89467
G0 F7200 X61.12 Y39.624
G1 F900 X38.88 Y17.384 E2045.67925
G0 F7200 X38.88 Y16.818
G1 F900 X61.12 Y39.058 E2046.46383
G0 F7200 X61.12 Y38.493
G1 F900 X38.88 Y16.252 E2047.24842
G0 F7200 X38.88 Y15.686
G1 F900 X61.12 Y37.927 E2048.03301
G0 F7200 X61.12 Y37.361
G1 F900 X38.88 Y15.121 E2048.81759
G0 F7200 X38.88 Y14.555
G1 F900 X61.12 Y36.796 E2049.60218
G0 F7200 X61.12 Y36.23
G1 F900 X38.88 Y13.989 E2050.38678
G0 F7200 X38.88 Y13.424
G1 F900 X61.12 Y35.664 E2051.17135
G0 F7200 X61.12 Y35.099
G1 F900 X39.401 Y13.38 E2051.93755
G0 F7200 X39.967 Y13.38
G1 F900 X61.12 Y34.533 E2052.68378
G0 F7200 X61.12 Y33.967
G1 F900 X40.533 Y13.38 E2053.41004
G0 F7200 X41.098 Y13.38
G1 F900 X61.12 Y33.402 E2054.11637
G0 F7200 X61.12 Y32.836
G1 F900 X41.664 Y13.38 E2054.80273
G0 F7200 X42.23 Y13.38
G1 F900 X61.12 Y32.27 E2055.46913
G0 F7200 X61.12 Y31.705
G1 F900 X42.796 Y13.38 E2056.11558
G0 F7200 X43.361 Y13.38
G1 F900 X61.12 Y31.139 E2056.74207
G0 F7200 X61.12 Y30.573
G1 F900 X43.927 Y13.38 E2057.3486
G0 F7200 X44.493 Y13.38
G1 F900 X61.12 Y30.007 E2057.93516
G0 F7200 X61.12 Y29.442
G1 F900 X45.058 Y13.38 E2058.50179
G0 F7200 X45.624 Y13.38
G1 F900 X61.12 Y28.876 E2059.04846
G0 F7200 X61.12 Y28.31
G1 F900 X46.19 Y13.38 E2059.57515
G0 F7200 X46.755 Y13.38
G1 F900 X61.12 Y27.745 E2060.08192
G0 F7200 X61.12 Y27.179
G1 F900 X47.321 Y13.38 E2060.56871
G0 F7200 X47.887 Y13.38
G1 F900 X61.12 Y26.613 E2061.03554
G0 F7200 X61.12 Y26.048
G1 F900 X48.452 Y13.38 E2061.48244
G0 F7200 X49.018 Y13.38
G1 F900 X61.12 Y25.482 E2061.90937
G0 F7200 X61.12 Y24.916
G1 F900 X49.584 Y13.38 E2062.31634
G0 F7200 X50.149 Y13.38
G1 F900 X61.12 Y24.351 E2062.70337
G0 F7200 X61.12 Y23.785
G1 F900 X50.715 Y13.38 E2063.07043
G0 F7200 X51.281 Y13.38
G1 F900 X61.12 Y23.219 E2063.41753
G0 F7200 X61.12 Y22.654
G1 F900 X51.846 Y13.38 E2063.7447
G0 F7200 X52.412 Y13.38
G1 F900 X61.12 Y22.088 E2064.05189
G0 F7200 X61.12 Y21.522
G1 F900 X52.978 Y13.38 E2064.33912
G0 F7200 X53.544 Y13.38
G1 F900 X61.12 Y20.957 E2064.60641
G0 F7200 X61.12 Y20.391
G1 F900 X54.109 Y13.38 E2064.85374
G0 F7200 X54.675 Y13.38
G1 F900 X61.12 Y19.825 E2065.0811
G0 F7200 X61.12 Y19.259
G1 F900 X55.241 Y13.38 E2065.2885
G0 F7200 X55.806 Y13.38
G1 F900 X61.12 Y18.694 E2065.47597
G0 F7200 X61.12 Y18.128
G1 F900 X56.372 Y13.38 E2065.64346
G0 F7200 X56.938 Y13.38
G1 F900 X61.12 Y17.562 E2065.791
G0 F7200 X61.12 Y16.997
G1 F900 X57.503 Y13.38 E2065.9186
G0 F7200 X58.069 Y13.38
G1 F900 X61.12 Y16.431 E2066.02623
G0 F7200 X61.12 Y15.865
G1 F900 X58.635 Y13.38 E2066.11389
G0 F7200 X59.2 Y13.38
G1 F900 X61.12 Y15.3 E2066.18163
G0 F7200 X61.12 Y14.734
G1 F900 X59.766 Y13.38 E2066.22939
G0 F7200 X60.332 Y13.38
G1 F900 X61.12 Y14.168 E2066.25719
G0 F7200 X61.12 Y13.603
G1 F900 X60.897 Y13.38 E2066.26506
;MESH:NONMESH
G0 F600 Z3.185
G0 F7200 X37.311 Y11.927
G0 X37.16 Y11.927
;TIME_ELAPSED:4508.724611
;LAYER:13
;TYPE:FILL
;MESH:luckfox_bottom.stl
G1 F3000 X37.422 Y11.665 E2066.2743
G0 F7200 X37.422 Y11.811
G0 X39.95 Y11.811
G0 X39.95 Y11.666
G1 F3000 X41.324 Y13.04 E2066.32277
G0 F7200 X41.704 Y13.04
G1 F3000 X43.08 Y11.664 E2066.37131
G1 X43.15 Y11.594
G0 F7200 X43.15 Y11.811
G0 X45.606 Y11.811
G0 X45.606 Y11.664
G1 F3000 X46.981 Y13.04 E2066.41984
G0 F7200 X47.361 Y13.04
G1 F3000 X48.738 Y11.663 E2066.46842
G1 X48.808 Y11.593
G0 F7200 X48.808 Y11.811
G0 X51.262 Y11.811
G0 X51.262 Y11.664
G1 F3000 X52.638 Y13.04 E2066.51696
G0 F7200 X53.017 Y13.04
G1 F3000 X54.396 Y11.662 E2066.56559
G1 X54.466 Y11.592
G0 F7200 X54.466 Y11.811
G0 X56.917 Y11.811
G0 X56.917 Y11.662
G1 F3000 X58.295 Y13.04 E2066.6142
G0 F7200 X58.674 Y13.04
G1 F3000 X60.054 Y11.661 E2066.66287
G1 X60.124 Y11.591
G0 F7200 X60.124 Y11.811
G0 X62.573 Y11.811
G0 X62.573 Y11.662
G1 F3000 X62.838 Y11.927 E2066.67222
G0 F7200 X62.69 Y11.926
G0 X62.69 Y14.533
G0 X62.838 Y14.534
G1 F3000 X61.46 Y15.911 E2066.72081
G0 F7200 X61.46 Y16.205
G1 F3000 X62.838 Y17.583 E2066.76942
G1 X62.908 Y17.653
G0 F7200 X62.69 Y17.652
G0 X62.69 Y20.19
G0 X62.837 Y20.191
G1 F3000 X61.46 Y21.568 E2066.818
G0 F7200 X61.46 Y21.862
G1 F3000 X62.838 Y23.24 E2066.86661
G1 X62.908 Y23.31
G0 F7200 X62.69 Y23.309
G0 X62.689 Y25.848
G0 X62.836 Y25.849
G1 F3000 X61.46 Y27.225 E2066.91516
G0 F7200 X61.46 Y27.518
G1 F3000 X62.837 Y28.896 E2066.96375
G1 X62.907 Y28.966
G0 F7200 X62.689 Y28.965
G0 X62.689 Y31.506
G0 X62.836 Y31.507
G1 F3000 X61.46 Y32.882 E2067.01227
G0 F7200 X61.46 Y33.175
G1 F3000 X62.836 Y34.552 E2067.06083
G1 X62.906 Y34.622
G0 F7200 X62.689 Y34.621
G0 X62.689 Y37.163
G0 X62.835 Y37.164
G1 F3000 X61.46 Y38.539 E2067.10934
G0 F7200 X61.46 Y38.832
G1 F3000 X62.836 Y40.208 E2067.15788
G1 X62.906 Y40.278
G0 F7200 X62.688 Y40.277
G0 X62.688 Y42.821
G0 X62.834 Y42.822
G1 F3000 X61.46 Y44.196 E2067.20635
G0 F7200 X61.46 Y44.489
G1 F3000 X62.835 Y45.864 E2067.25486
G1 X62.905 Y45.934
G0 F7200 X62.688 Y45.933
G0 X62.688 Y48.478
G0 X62.834 Y48.479
G1 F3000 X61.46 Y49.852 E2067.30332
G0 F7200 X61.46 Y50.146
G1 F3000 X62.834 Y51.521 E2067.3518
G1 X62.904 Y51.591
G0 F7200 X62.687 Y51.59
G0 X62.687 Y54.136
G0 X62.833 Y54.137
G1 F3000 X61.46 Y55.509 E2067.40022
G0 F7200 X61.46 Y55.803
G1 F3000 X62.834 Y57.177 E2067.4487
G1 X62.904 Y57.247
G0 F7200 X62.687 Y57.246
G0 X62.687 Y59.793
G0 X62.832 Y59.794
G1 F3000 X61.46 Y61.166 E2067.4971
G0 F7200 X61.46 Y61.46
G1 F3000 X62.833 Y62.833 E2067.54553
G1 X62.903 Y62.903
G0 F7200 X62.686 Y62.902
G0 X62.686 Y65.451
G0 X62.831 Y65.452
G1 F3000 X61.46 Y66.823 E2067.5939
G0 F7200 X61.46 Y67.116
G1 F3000 X62.832 Y68.489 E2067.64232
G1 X62.902 Y68.559
G0 F7200 X62.686 Y68.558
G0 X62.686 Y71.108
G0 X62.831 Y71.109
G1 F3000 X61.46 Y72.48 E2067.69068
G0 F7200 X61.46 Y72.773
G1 F3000 X62.831 Y74.145 E2067.73907
G1 X62.901 Y74.215
G0 F7200 X62.686 Y74.214
G0 X62.685 Y76.766
G0 X62.83 Y76.767
G1 F3000 X61.46 Y78.137 E2067.7874
G0 F7200 X61.46 Y78.43
G1 F3000 X62.831 Y79.801 E2067.83576
G1 X62.901 Y79.871
G0 F7200 X62.685 Y79.87
G0 X62.685 Y82.423
G0 X62.83 Y82.424
G1 F3000 X61.46 Y83.794 E2067.88409
G0 F7200 X61.46 Y84.087
G1 F3000 X62.83 Y85.457 E2067.93242
G1 X62.9 Y85.527
G0 F7200 X62.685 Y85.526
G0 X62.685 Y88.08
G0 X62.829 Y88.081
G1 F3000 X62.573 Y88.337 E2067.94145
G0 F7200 X62.574 Y88.19
G0 X60.053 Y88.19
G0 X60.052 Y88.336
G1 F3000 X58.676 Y86.96 E2067.99
G0 F7200 X58.294 Y86.96
G1 F3000 X56.918 Y88.336 E2068.03854
G1 X56.848 Y88.406
G0 F7200 X56.849 Y88.189
G0 X54.394 Y88.189
G0 X54.393 Y88.335
G1 F3000 X53.019 Y86.96 E2068.08703
G0 F7200 X52.637 Y86.96
G1 F3000 X51.263 Y88.334 E2068.1355
G1 X51.193 Y88.404
G0 F7200 X51.194 Y88.188
G0 X48.736 Y88.187
G0 X48.735 Y88.332
G1 F3000 X47.362 Y86.96 E2068.18392
G0 F7200 X46.98 Y86.96
G1 F3000 X45.608 Y88.332 E2068.23232
G1 X45.538 Y88.402
G0 F7200 X45.539 Y88.186
G0 X43.077 Y88.186
G0 X43.076 Y88.33
G1 F3000 X41.705 Y86.96 E2068.28067
G0 F7200 X41.323 Y86.96
G1 F3000 X39.953 Y88.33 E2068.329
G1 X39.883 Y88.4
G0 F7200 X39.884 Y88.185
G0 X37.418 Y88.185
G0 X37.417 Y88.329
G1 F3000 X37.16 Y88.072 E2068.33806
G0 F7200 X37.311 Y88.072
G0 X37.311 Y85.467
G0 X37.16 Y85.467
G1 F3000 X38.54 Y84.086 E2068.38676
G0 F7200 X38.54 Y83.795
G1 F3000 X37.16 Y82.415 E2068.43545
G1 X37.09 Y82.345
G0 F7200 X37.311 Y82.345
G0 X37.311 Y79.81
G0 X37.16 Y79.81
G1 F3000 X38.54 Y78.429 E2068.48415
G0 F7200 X38.54 Y78.138
G1 F3000 X37.16 Y76.758 E2068.53283
G1 X37.09 Y76.688
G0 F7200 X37.311 Y76.688
G0 X37.311 Y74.153
G0 X37.16 Y74.153
G1 F3000 X38.54 Y72.773 E2068.58151
G0 F7200 X38.54 Y72.481
G1 F3000 X37.16 Y71.101 E2068.6302
G1 X37.09 Y71.031
G0 F7200 X37.311 Y71.031
G0 X37.311 Y68.496
G0 X37.16 Y68.496
G1 F3000 X38.54 Y67.116 E2068.67888
G0 F7200 X38.54 Y66.824
G1 F3000 X37.16 Y65.444 E2068.72756
G1 X37.09 Y65.374
G0 F7200 X37.311 Y65.374
G0 X37.311 Y62.839
G0 X37.16 Y62.839
G1 F3000 X38.54 Y61.459 E2068.77625
G0 F7200 X38.54 Y61.168
G1 F3000 X37.16 Y59.787 E2068.82495
G1 X37.09 Y59.717
G0 F7200 X37.311 Y59.717
G0 X37.311 Y57.182
G0 X37.16 Y57.182
G1 F3000 X38.54 Y55.802 E2068.87363
G0 F7200 X38.54 Y55.511
G1 F3000 X37.16 Y54.13 E2068.92233
G1 X37.09 Y54.06
G0 F7200 X37.311 Y54.06
G0 X37.311 Y51.525
G0 X37.16 Y51.525
G1 F3000 X38.54 Y50.145 E2068.97102
G0 F7200 X38.54 Y49.854
G1 F3000 X37.16 Y48.474 E2069.0197
G1 X37.09 Y48.404
G0 F7200 X37.311 Y48.404
G0 X37.311 Y45.869
G0 X37.16 Y45.869
G1 F3000 X38.54 Y44.488 E2069.0684
G0 F7200 X38.54 Y44.197
G1 F3000 X37.16 Y42.817 E2069.11708
G1 X37.09 Y42.747
G0 F7200 X37.311 Y42.747
G0 X37.311 Y40.212
G0 X37.16 Y40.212
G1 F3000 X38.54 Y38.831 E2069.16578
G0 F7200 X38.54 Y38.54
G1 F3000 X37.16 Y37.16 E2069.21447
G1 X37.09 Y37.09
G0 F7200 X37.311 Y37.09
G0 X37.311 Y34.555
G0 X37.16 Y34.555
G1 F3000 X38.54 Y33.175 E2069.26315
G0 F7200 X38.54 Y32.883
G1 F3000 X37.16 Y31.503 E2069.31183
G1 X37.09 Y31.433
G0 F7200 X37.311 Y31.433
G0 X37.311 Y28.898
G0 X37.16 Y28.898
G1 F3000 X38.54 Y27.518 E2069.36052
G0 F7200 X38.54 Y27.226
G1 F3000 X37.16 Y25.846 E2069.4092
G1 X37.09 Y25.776
G0 F7200 X37.311 Y25.776
G0 X37.311 Y23.241
G0 X37.16 Y23.241
G1 F3000 X38.54 Y21.861 E2069.45788
G0 F7200 X38.54 Y21.57
G1 F3000 X37.16 Y20.189 E2069.50658
G1 X37.09 Y20.119
G0 F7200 X37.311 Y20.119
G0 X37.311 Y17.584
G0 X37.16 Y17.584
G1 F3000 X38.54 Y16.204 E2069.55527
G0 F7200 X38.54 Y15.913
G1 F3000 X37.16 Y14.532 E2069.60397
G1 X37.09 Y14.462
G0 F7200 X37.311 Y14.462
G0 X62.714 Y88.22
G0 X62.99 Y88.38
;TYPE:WALL-INNER
G1 F2400 X62.999 Y11.688 E2071.51706
G1 X62.963 Y11.56 E2071.52038
G1 X62.825 Y11.501 E2071.52412
G1 X37.17 Y11.5 E2072.16409
G1 X37.061 Y11.548 E2072.16706
G1 X37 Y11.644 E2072.16989
G1 X37 Y88.324 E2074.08268
G1 X37.044 Y88.442 E2074.08583
G1 X37.169 Y88.492 E2074.08918
G1 X62.867 Y88.5 E2074.73022
G1 X62.99 Y88.38 E2074.73451
G0 F7200 X63.015 Y88.871
;TYPE:WALL-OUTER
G1 F1200 X63.269 Y88.697 E2074.74219
G1 X63.392 Y88.417 E2074.74982
G1 X63.399 Y11.656 E2076.66463
G1 X63.371 Y11.48 E2076.66908
G1 X63.198 Y11.227 E2076.67672
G1 X62.909 Y11.101 E2076.68459
G1 X37.086 Y11.1 E2077.32874
G1 X36.807 Y11.223 E2077.33635
G1 X36.652 Y11.424 E2077.34268
G1 X36.6 Y11.58 E2077.34678
G1 X36.6 Y88.369 E2079.26229
G1 X36.707 Y88.671 E2079.27028
G1 X36.82 Y88.784 E2079.27427
G1 X37.094 Y88.892 E2079.28162
G1 X62.836 Y88.9 E2079.92375
G1 X63.015 Y88.871 E2079.92828
G0 F7200 X63.179 Y88.759
G0 X62.714 Y88.22
G0 X61.32 Y86.82
;TYPE:SKIN
G1 F900 X38.68 Y86.82 E2080.49303
G1 X38.68 Y13.18 E2082.32999
G1 X61.32 Y13.18 E2082.89475
G1 X61.32 Y86.82 E2084.73171
G0 F7200 X61.024 Y86.62
G1 F900 X61.119 Y86.524 E2084.73508
G0 F7200 X61.119 Y85.959
G1 F900 X60.458 Y86.62 E2084.75839
G0 F7200 X59.893 Y86.62
G1 F900 X61.119 Y85.393 E2084.80166
G0 F7200 X61.119 Y84.827
G1 F900 X59.327 Y86.62 E2084.8649
G0 F7200 X58.761 Y86.62
G1 F900 X61.119 Y84.262 E2084.94808
G0 F7200 X61.119 Y83.696
G1 F900 X58.196 Y86.62 E2085.05122
G0 F7200 X57.63 Y86.62
G1 F900 X61.119 Y83.13 E2085.17432
G0 F7200 X61.119 Y82.565
G1 F900 X57.064 Y86.62 E2085.31737
G0 F7200 X56.499 Y86.62
G1 F900 X61.119 Y81.999 E2085.48037
G0 F7200 X61.119 Y81.433
G1 F900 X55.933 Y86.62 E2085.66334
G0 F7200 X55.367 Y86.62
G1 F900 X61.119 Y80.868 E2085.86625
G0 F7200 X61.119 Y80.302
G1 F900 X54.801 Y86.62 E2086.08914
G0 F7200 X54.236 Y86.62
G1 F900 X61.119 Y79.736 E2086.33197
G0 F7200 X61.119 Y79.171
G1 F900 X53.67 Y86.62 E2086.59476
G0 F7200 X53.104 Y86.62
G1 F900 X61.119 Y78.605 E2086.87751
G0 F7200 X61.119 Y78.039
G1 F900 X52.539 Y86.62 E2087.18021
G0 F7200 X51.973 Y86.62
G1 F900 X61.119 Y77.473 E2087.50288
G0 F7200 X61.119 Y76.908
G1 F900 X51.407 Y86.62 E2087.84549
G0 F7200 X50.842 Y86.62
G1 F900 X61.119 Y76.342 E2088.20806
G0 F7200 X61.119 Y75.776
G1 F900 X50.276 Y86.62 E2088.59059
G0 F7200 X49.71 Y86.62
G1 F900 X61.119 Y75.211 E2088.99308
G0 F7200 X61.119 Y74.645
G1 F900 X49.145 Y86.62 E2089.41551
G0 F7200 X48.579 Y86.62
G1 F900 X61.119 Y74.079 E2089.85791
G0 F7200 X61.119 Y73.514
G1 F900 X48.013 Y86.62 E2090.32026
G0 F7200 X47.448 Y86.62
G1 F900 X61.119 Y72.948 E2090.80256
G0 F7200 X61.119 Y72.382
G1 F900 X46.882 Y86.62 E2091.30482
G0 F7200 X46.316 Y86.62
G1 F900 X61.119 Y71.817 E2091.82704
G0 F7200 X61.119 Y71.251
G1 F900 X45.751 Y86.62 E2092.3692
G0 F7200 X45.185 Y86.62
G1 F900 X61.119 Y70.685 E2092.93134
G0 F7200 X61.119 Y70.12
G1 F900 X44.619 Y86.62 E2093.51342
G0 F7200 X44.053 Y86.62
G1 F900 X61.119 Y69.554 E2094.11547
G0 F7200 X61.119 Y68.988
G1 F900 X43.488 Y86.62 E2094.73747
G0 F7200 X42.922 Y86.62
G1 F900 X61.119 Y68.422 E2095.37943
G0 F7200 X61.119 Y67.857
G1 F900 X42.356 Y86.62 E2096.04135
G0 F7200 X41.791 Y86.62
G1 F900 X61.119 Y67.291 E2096.72321
G0 F7200 X61.119 Y66.725
G1 F900 X41.225 Y86.62 E2097.42505
G0 F7200 X40.659 Y86.62
G1 F900 X61.119 Y66.16 E2098.14683
G0 F7200 X61.119 Y65.594
G1 F900 X40.094 Y86.62 E2098.88856
G0 F7200 X39.528 Y86.62
G1 F900 X61.119 Y65.028 E2099.65026
G0 F7200 X61.119 Y64.463
G1 F900 X38.962 Y86.62 E2100.43191
G0 F7200 X38.88 Y86.136
G1 F900 X61.119 Y63.897 E2101.21645
G0 F7200 X61.119 Y63.331
G1 F900 X38.88 Y85.571 E2102.001
G0 F7200 X38.88 Y85.005
G1 F900 X61.119 Y62.766 E2102.78555
G0 F7200 X61.119 Y62.2
G1 F900 X38.88 Y84.439 E2103.57009
G0 F7200 X38.88 Y83.873
G1 F900 X61.119 Y61.634 E2104.35463
G0 F7200 X61.119 Y61.069
G1 F900 X38.88 Y83.308 E2105.13917
G0 F7200 X38.88 Y82.742
G1 F900 X61.119 Y60.503 E2105.92371
G0 F7200 X61.119 Y59.937
G1 F900 X38.88 Y82.176 E2106.70825
G0 F7200 X38.88 Y81.611
G1 F900 X61.119 Y59.372 E2107.49279
G0 F7200 X61.119 Y58.806
G1 F900 X38.88 Y81.045 E2108.27733
G0 F7200 X38.88 Y80.479
G1 F900 X61.119 Y58.24 E2109.06187
G0 F7200 X61.119 Y57.674
G1 F900 X38.88 Y79.914 E2109.84643
G0 F7200 X38.88 Y79.348
G1 F900 X61.119 Y57.109 E2110.63097
G0 F7200 X61.119 Y56.543
G1 F900 X38.88 Y78.782 E2111.41551
G0 F7200 X38.88 Y78.217
G1 F900 X61.119 Y55.977 E2112.20007
G0 F7200 X61.119 Y55.412
G1 F900 X38.88 Y77.651 E2112.98461
G0 F7200 X38.88 Y77.085
G1 F900 X61.119 Y54.846 E2113.76915
G0 F7200 X61.119 Y54.28
G1 F900 X38.88 Y76.52 E2114.55371
G0 F7200 X38.88 Y75.954
G1 F900 X61.119 Y53.715 E2115.33825
G0 F7200 X61.119 Y53.149
G1 F900 X38.88 Y75.388 E2116.12279
G0 F7200 X38.88 Y74.823
G1 F900 X61.119 Y52.583 E2116.90735
G0 F7200 X61.119 Y52.018
G1 F900 X38.88 Y74.257 E2117.69189
G0 F7200 X38.88 Y73.691
G1 F900 X61.119 Y51.452 E2118.47643
G0 F7200 X61.119 Y50.886
G1 F900 X38.88 Y73.125 E2119.26097
G0 F7200 X38.88 Y72.56
G1 F900 X61.119 Y50.321 E2120.04551
G0 F7200 X61.119 Y49.755
G1 F900 X38.88 Y71.994 E2120.83005
G0 F7200 X38.88 Y71.428
G1 F900 X61.119 Y49.189 E2121.61459
G0 F7200 X61.119 Y48.623
G1 F900 X38.88 Y70.863 E2122.39915
G0 F7200 X38.88 Y70.297
G1 F900 X61.119 Y48.058 E2123.18369
G0 F7200 X61.119 Y47.492
G1 F900 X38.88 Y69.731 E2123.96823
G0 F7200 X38.88 Y69.166
G1 F900 X61.119 Y46.926 E2124.75279
G0 F7200 X61.119 Y46.361
G1 F900 X38.88 Y68.6 E2125.53733
G0 F7200 X38.88 Y68.034
G1 F900 X61.119 Y45.795 E2126.32187
G0 F7200 X61.119 Y45.229
G1 F900 X38.88 Y67.469 E2127.10643
G0 F7200 X38.88 Y66.903
G1 F900 X61.119 Y44.664 E2127.89097
G0 F7200 X61.119 Y44.098
G1 F900 X38.88 Y66.337 E2128.67551
G0 F7200 X38.88 Y65.772
G1 F900 X61.119 Y43.532 E2129.46007
G0 F7200 X61.119 Y42.967
G1 F900 X38.88 Y65.206 E2130.24461
G0 F7200 X38.88 Y64.64
G1 F900 X61.119 Y42.401 E2131.02915
G0 F7200 X61.119 Y41.835
G1 F900 X38.88 Y64.074 E2131.8137
G0 F7200 X38.88 Y63.509
G1 F900 X61.119 Y41.27 E2132.59824
G0 F7200 X61.119 Y40.704
G1 F900 X38.88 Y62.943 E2133.38278
G0 F7200 X38.88 Y62.377
G1 F900 X61.119 Y40.138 E2134.16732
G0 F7200 X61.119 Y39.573
G1 F900 X38.88 Y61.812 E2134.95186
G0 F7200 X38.88 Y61.246
G1 F900 X61.119 Y39.007 E2135.7364
G0 F7200 X61.119 Y38.441
G1 F900 X38.88 Y60.68 E2136.52094
G0 F7200 X38.88 Y60.115
G1 F900 X61.119 Y37.875 E2137.3055
G0 F7200 X61.119 Y37.31
G1 F900 X38.88 Y59.549 E2138.09004
G0 F7200 X38.88 Y58.983
G1 F900 X61.119 Y36.744 E2138.87458
G0 F7200 X61.119 Y36.178
G1 F900 X38.88 Y58.418 E2139.65914
G0 F7200 X38.88 Y57.852
G1 F900 X61.119 Y35.613 E2140.44368
G0 F7200 X61.119 Y35.047
G1 F900 X38.88 Y57.286 E2141.22822
G0 F7200 X38.88 Y56.721
G1 F900 X61.119 Y34.481 E2142.01278
G0 F7200 X61.119 Y33.916
G1 F900 X38.88 Y56.155 E2142.79732
G0 F7200 X38.88 Y55.589
G1 F900 X61.119 Y33.35 E2143.58186
G0 F7200 X61.119 Y32.784
G1 F900 X38.88 Y55.024 E2144.36642
G0 F7200 X38.88 Y54.458
G1 F900 X61.119 Y32.219 E2145.15096
G0 F7200 X61.119 Y31.653
G1 F900 X38.88 Y53.892 E2145.9355
G0 F7200 X38.88 Y53.326
G1 F900 X61.119 Y31.087 E2146.72004
G0 F7200 X61.119 Y30.522
G1 F900 X38.88 Y52.761 E2147.50458
G0 F7200 X38.88 Y52.195
G1 F900 X61.119 Y29.956 E2148.28912
G0 F7200 X61.119 Y29.39
G1 F900 X38.88 Y51.629 E2149.07366
G0 F7200 X38.88 Y51.064
G1 F900 X61.119 Y28.825 E2149.8582
G0 F7200 X61.119 Y28.259
G1 F900 X38.88 Y50.498 E2150.64274
G0 F7200 X38.88 Y49.932
G1 F900 X61.119 Y27.693 E2151.42729
G0 F7200 X61.119 Y27.127
G1 F900 X38.88 Y49.367 E2152.21184
G0 F7200 X38.88 Y48.801
G1 F900 X61.119 Y26.562 E2152.99638
G0 F7200 X61.119 Y25.996
G1 F900 X38.88 Y48.235 E2153.78093
G0 F7200 X38.88 Y47.67
G1 F900 X61.119 Y25.43 E2154.56548
G0 F7200 X61.119 Y24.865
G1 F900 X38.88 Y47.104 E2155.35002
G0 F7200 X38.88 Y46.538
G1 F900 X61.119 Y24.299 E2156.13457
G0 F7200 X61.119 Y23.733
G1 F900 X38.88 Y45.973 E2156.91912
G0 F7200 X38.88 Y45.407
G1 F900 X61.119 Y23.168 E2157.70366
G0 F7200 X61.119 Y22.602
G1 F900 X38.88 Y44.841 E2158.48821
G0 F7200 X38.88 Y44.275
G1 F900 X61.119 Y22.036 E2159.27275
G0 F7200 X61.119 Y21.471
G1 F900 X38.88 Y43.71 E2160.05729
G0 F7200 X38.88 Y43.144
G1 F900 X61.119 Y20.905 E2160.84183
G0 F7200 X61.119 Y20.339
G1 F900 X38.88 Y42.578 E2161.62637
G0 F7200 X38.88 Y42.013
G1 F900 X61.119 Y19.774 E2162.41091
G0 F7200 X61.119 Y19.208
G1 F900 X38.88 Y41.447 E2163.19545
G0 F7200 X38.88 Y40.881
G1 F900 X61.119 Y18.642 E2163.97999
G0 F7200 X61.119 Y18.076
G1 F900 X38.88 Y40.316 E2164.76455
G0 F7200 X38.88 Y39.75
G1 F900 X61.119 Y17.511 E2165.54909
G0 F7200 X61.119 Y16.945
G1 F900 X38.88 Y39.184 E2166.33363
G0 F7200 X38.88 Y38.619
G1 F900 X61.119 Y16.379 E2167.11819
G0 F7200 X61.119 Y15.814
G1 F900 X38.88 Y38.053 E2167.90273
G0 F7200 X38.88 Y37.487
G1 F900 X61.119 Y15.248 E2168.68727
G0 F7200 X61.119 Y14.682
G1 F900 X38.88 Y36.922 E2169.47183
G0 F7200 X38.88 Y36.356
G1 F900 X61.119 Y14.117 E2170.25637
G0 F7200 X61.119 Y13.551
G1 F900 X38.88 Y35.79 E2171.04091
G0 F7200 X38.88 Y35.225
G1 F900 X60.725 Y13.38 E2171.81155
G0 F7200 X60.159 Y13.38
G1 F900 X38.88 Y34.659 E2172.56223
G0 F7200 X38.88 Y34.093
G1 F900 X59.594 Y13.38 E2173.29295
G0 F7200 X59.028 Y13.38
G1 F900 X38.88 Y33.527 E2174.00371
G0 F7200 X38.88 Y32.962
G1 F900 X58.462 Y13.38 E2174.69452
G0 F7200 X57.896 Y13.38
G1 F900 X38.88 Y32.396 E2175.36536
G0 F7200 X38.88 Y31.83
G1 F900 X57.331 Y13.38 E2176.01625
G0 F7200 X56.765 Y13.38
G1 F900 X38.88 Y31.265 E2176.64719
G0 F7200 X38.88 Y30.699
G1 F900 X56.199 Y13.38 E2177.25816
G0 F7200 X55.634 Y13.38
G1 F900 X38.88 Y30.133 E2177.84919
G0 F7200 X38.88 Y29.568
G1 F900 X55.068 Y13.38 E2178.42027
G0 F7200 X54.502 Y13.38
G1 F900 X38.88 Y29.002 E2178.97137
G0 F7200 X38.88 Y28.436
G1 F900 X53.937 Y13.38 E2179.50253
G0 F7200 X53.371 Y13.38
G1 F900 X38.88 Y27.871 E2180.01374
G0 F7200 X38.88 Y27.305
G1 F900 X52.805 Y13.38 E2180.50498
G0 F7200 X52.24 Y13.38
G1 F900 X38.88 Y26.739 E2180.97628
G0 F7200 X38.88 Y26.174
G1 F900 X51.674 Y13.38 E2181.42762
G0 F7200 X51.108 Y13.38
G1 F900 X38.88 Y25.608 E2181.85899
G0 F7200 X38.88 Y25.042
G1 F900 X50.543 Y13.38 E2182.27042
G0 F7200 X49.977 Y13.38
G1 F900 X38.88 Y24.477 E2182.6619
G0 F7200 X38.88 Y23.911
G1 F900 X49.411 Y13.38 E2183.03341
G0 F7200 X48.846 Y13.38
G1 F900 X38.88 Y23.345 E2183.38497
G0 F7200 X38.88 Y22.779
G1 F900 X48.28 Y13.38 E2183.71656
G0 F7200 X47.714 Y13.38
G1 F900 X38.88 Y22.214 E2184.0282
G0 F7200 X38.88 Y21.648
G1 F900 X47.148 Y13.38 E2184.31988
G0 F7200 X46.583 Y13.38
G1 F900 X38.88 Y21.082 E2184.59161
G0 F7200 X38.88 Y20.517
G1 F900 X46.017 Y13.38 E2184.84338
G0 F7200 X45.451 Y13.38
G1 F900 X38.88 Y19.951 E2185.07519
G0 F7200 X38.88 Y19.385
G1 F900 X44.886 Y13.38 E2185.28705
G0 F7200 X44.32 Y13.38
G1 F900 X38.88 Y18.82 E2185.47896
G0 F7200 X38.88 Y18.254
G1 F900 X43.754 Y13.38 E2185.65091
G0 F7200 X43.189 Y13.38
G1 F900 X38.88 Y17.688 E2185.8029
G0 F7200 X38.88 Y17.123
G1 F900 X42.623 Y13.38 E2185.93494
G0 F7200 X42.057 Y13.38
G1 F900 X38.88 Y16.557 E2186.04702
G0 F7200 X38.88 Y15.991
G1 F900 X41.492 Y13.38 E2186.13915
G0 F7200 X40.926 Y13.38
G1 F900 X38.88 Y15.426 E2186.21133
G0 F7200 X38.88 Y14.86
G1 F900 X40.36 Y13.38 E2186.26354
G0 F7200 X39.795 Y13.38
G1 F900 X38.88 Y14.294 E2186.2958
G0 F7200 X38.88 Y13.728
G1 F900 X39.229 Y13.38 E2186.30809
;MESH:NONMESH
G0 F600 Z3.335
G0 F7200 X37.311 Y11.925
G0 X37.163 Y11.925
;TIME_ELAPSED:4818.900269
;LAYER:14
;TYPE:FILL
;MESH:luckfox_bottom.stl
G1 F3000 X37.427 Y11.66 E2186.31743
G0 F7200 X37.426 Y11.811
G0 X39.945 Y11.811
G0 X39.946 Y11.662
G1 F3000 X41.324 Y13.04 E2186.36604
G0 F7200 X41.704 Y13.04
G1 F3000 X43.083 Y11.662 E2186.41467
G1 X43.153 Y11.592
G0 F7200 X43.152 Y11.811
G0 X45.603 Y11.811
G0 X45.604 Y11.663
G1 F3000 X46.981 Y13.04 E2186.46325
G0 F7200 X47.361 Y13.04
G1 F3000 X48.738 Y11.663 E2186.51182
G1 X48.808 Y11.593
G0 F7200 X48.807 Y11.811
G0 X51.261 Y11.812
G0 X51.262 Y11.664
G1 F3000 X52.638 Y13.04 E2186.56037
G0 F7200 X53.017 Y13.04
G1 F3000 X54.393 Y11.664 E2186.60891
G1 X54.463 Y11.594
G0 F7200 X54.462 Y11.812
G0 X56.92 Y11.812
G0 X56.921 Y11.666
G1 F3000 X58.295 Y13.04 E2186.65738
G0 F7200 X58.674 Y13.04
G1 F3000 X60.049 Y11.666 E2186.70587
G1 X60.119 Y11.596
G0 F7200 X60.118 Y11.812
G0 X62.578 Y11.812
G0 X62.579 Y11.667
G1 F3000 X62.839 Y11.927 E2186.71504
G0 F7200 X62.69 Y11.926
G0 X62.69 Y14.532
G0 X62.838 Y14.533
G1 F3000 X61.46 Y15.911 E2186.76365
G0 F7200 X61.46 Y16.205
G1 F3000 X62.839 Y17.584 E2186.8123
G1 X62.909 Y17.654
G0 F7200 X62.69 Y17.653
G0 X62.69 Y20.189
G0 X62.838 Y20.19
G1 F3000 X61.46 Y21.568 E2186.86091
G0 F7200 X61.46 Y21.862
G1 F3000 X62.839 Y23.241 E2186.90956
G1 X62.909 Y23.311
G0 F7200 X62.69 Y23.31
G0 X62.69 Y25.846
G0 X62.838 Y25.847
G1 F3000 X61.46 Y27.225 E2186.95817
G0 F7200 X61.46 Y27.518
G1 F3000 X62.839 Y28.898 E2187.00684
G1 X62.909 Y28.968
G0 F7200 X62.69 Y28.967
G0 X62.69 Y31.503
G0 X62.838 Y31.504
G1 F3000 X61.46 Y32.882 E2187.05545
G0 F7200 X61.46 Y33.175
G1 F3000 X62.838 Y34.554 E2187.10408
G1 X62.908 Y34.624
G0 F7200 X62.69 Y34.623
G0 X62.69 Y37.16
G0 X62.838 Y37.161
G1 F3000 X61.46 Y38.539 E2187.1527
G0 F7200 X61.46 Y38.832
G1 F3000 X62.838 Y40.211 E2187.20133
G1 X62.908 Y40.281
G0 F7200 X62.689 Y40.28
G0 X62.689 Y42.817
G0 X62.838 Y42.818
G1 F3000 X61.46 Y44.196 E2187.24994
G0 F7200 X61.46 Y44.489
G1 F3000 X62.838 Y45.868 E2187.29857
G1 X62.908 Y45.938
G0 F7200 X62.689 Y45.937
G0 X62.689 Y48.474
G0 X62.838 Y48.475
G1 F3000 X61.46 Y49.852 E2187.34716
G0 F7200 X61.46 Y50.146
G1 F3000 X62.838 Y51.524 E2187.39578
G1 X62.908 Y51.594
G0 F7200 X62.689 Y51.593
G0 X62.689 Y54.132
G0 X62.837 Y54.133
G1 F3000 X61.46 Y55.509 E2187.44434
G0 F7200 X61.46 Y55.803
G1 F3000 X62.838 Y57.181 E2187.49295
G1 X62.908 Y57.251
G0 F7200 X62.689 Y57.25
G0 X62.689 Y59.788
G0 X62.837 Y59.789
G1 F3000 X61.46 Y61.166 E2187.54153
G0 F7200 X61.46 Y61.46
G1 F3000 X62.838 Y62.838 E2187.59014
G1 X62.908 Y62.908
G0 F7200 X62.688 Y62.907
G0 X62.688 Y65.445
G0 X62.837 Y65.446
G1 F3000 X61.46 Y66.823 E2187.63872
G0 F7200 X61.46 Y67.116
G1 F3000 X62.838 Y68.495 E2187.68735
G1 X62.908 Y68.565
G0 F7200 X62.688 Y68.564
G0 X62.688 Y71.103
G0 X62.836 Y71.104
G1 F3000 X61.46 Y72.48 E2187.73589
G0 F7200 X61.46 Y72.773
G1 F3000 X62.837 Y74.151 E2187.78448
G1 X62.907 Y74.221
G0 F7200 X62.688 Y74.22
G0 X62.688 Y76.76
G0 X62.836 Y76.761
G1 F3000 X61.46 Y78.137 E2187.83303
G0 F7200 X61.46 Y78.43
G1 F3000 X62.837 Y79.808 E2187.88162
G1 X62.907 Y79.878
G0 F7200 X62.688 Y79.877
G0 X62.688 Y82.417
G0 X62.836 Y82.418
G1 F3000 X61.46 Y83.794 E2187.93016
G0 F7200 X61.46 Y84.087
G1 F3000 X62.837 Y85.464 E2187.97874
G1 X62.907 Y85.534
G0 F7200 X62.688 Y85.533
G0 X62.688 Y88.073
G0 X62.836 Y88.074
G1 F3000 X62.572 Y88.339 E2187.98807
G0 F7200 X62.573 Y88.19
G0 X60.055 Y88.19
G0 X60.054 Y88.338
G1 F3000 X58.676 Y86.96 E2188.03668
G0 F7200 X58.294 Y86.96
G1 F3000 X56.915 Y88.339 E2188.08533
G1 X56.845 Y88.409
G0 F7200 X56.846 Y88.19
G0 X54.397 Y88.19
G0 X54.396 Y88.337
G1 F3000 X53.019 Y86.96 E2188.13391
G0 F7200 X52.637 Y86.96
G1 F3000 X51.259 Y88.338 E2188.18252
G1 X51.189 Y88.408
G0 F7200 X51.19 Y88.189
G0 X48.74 Y88.189
G0 X48.739 Y88.337
G1 F3000 X47.362 Y86.96 E2188.2311
G0 F7200 X46.98 Y86.96
G1 F3000 X45.603 Y88.337 E2188.27968
G1 X45.533 Y88.407
G0 F7200 X45.534 Y88.188
G0 X43.082 Y88.188
G0 X43.081 Y88.336
G1 F3000 X41.705 Y86.96 E2188.32822
G0 F7200 X41.323 Y86.96
G1 F3000 X39.947 Y88.337 E2188.37678
G1 X39.877 Y88.407
G0 F7200 X39.878 Y88.188
G0 X37.425 Y88.188
G0 X37.424 Y88.336
G1 F3000 X37.16 Y88.072 E2188.38609
G0 F7200 X37.311 Y88.073
G0 X37.311 Y85.467
G0 X37.161 Y85.466
G1 F3000 X38.54 Y84.086 E2188.43476
G0 F7200 X38.54 Y83.795
G1 F3000 X37.16 Y82.415 E2188.48344
G1 X37.09 Y82.345
G0 F7200 X37.311 Y82.346
G0 X37.311 Y79.81
G0 X37.161 Y79.809
G1 F3000 X38.54 Y78.429 E2188.53211
G0 F7200 X38.54 Y78.138
G1 F3000 X37.16 Y76.758 E2188.58079
G1 X37.09 Y76.688
G0 F7200 X37.311 Y76.689
G0 X37.311 Y74.153
G0 X37.161 Y74.152
G1 F3000 X38.54 Y72.773 E2188.62944
G0 F7200 X38.54 Y72.481
G1 F3000 X37.16 Y71.101 E2188.67812
G1 X37.09 Y71.031
G0 F7200 X37.311 Y71.032
G0 X37.311 Y68.496
G0 X37.161 Y68.495
G1 F3000 X38.54 Y67.116 E2188.72677
G0 F7200 X38.54 Y66.824
G1 F3000 X37.161 Y65.445 E2188.77542
G1 X37.091 Y65.375
G0 F7200 X37.311 Y65.376
G0 X37.311 Y62.839
G0 X37.161 Y62.838
G1 F3000 X38.54 Y61.459 E2188.82406
G0 F7200 X38.54 Y61.168
G1 F3000 X37.161 Y59.788 E2188.87273
G1 X37.091 Y59.718
G0 F7200 X37.311 Y59.719
G0 X37.311 Y57.182
G0 X37.161 Y57.181
G1 F3000 X38.54 Y55.802 E2188.92138
G0 F7200 X38.54 Y55.511
G1 F3000 X37.161 Y54.131 E2188.97004
G1 X37.091 Y54.061
G0 F7200 X37.311 Y54.062
G0 X37.311 Y51.525
G0 X37.161 Y51.524
G1 F3000 X38.54 Y50.145 E2189.01869
G0 F7200 X38.54 Y49.854
G1 F3000 X37.161 Y48.475 E2189.06734
G1 X37.091 Y48.405
G0 F7200 X37.312 Y48.406
G0 X37.312 Y45.867
G0 X37.162 Y45.866
G1 F3000 X38.54 Y44.488 E2189.11595
G0 F7200 X38.54 Y44.197
G1 F3000 X37.161 Y42.818 E2189.1646
G1 X37.091 Y42.748
G0 F7200 X37.312 Y42.749
G0 X37.312 Y40.211
G0 X37.162 Y40.21
G1 F3000 X38.54 Y38.831 E2189.21323
G0 F7200 X38.54 Y38.54
G1 F3000 X37.161 Y37.161 E2189.26188
G1 X37.091 Y37.091
G0 F7200 X37.312 Y37.092
G0 X37.312 Y34.554
G0 X37.162 Y34.553
G1 F3000 X38.54 Y33.175 E2189.31049
G0 F7200 X38.54 Y32.883
G1 F3000 X37.161 Y31.504 E2189.35914
G1 X37.091 Y31.434
G0 F7200 X37.312 Y31.435
G0 X37.312 Y28.896
G0 X37.163 Y28.895
G1 F3000 X38.54 Y27.518 E2189.40772
G0 F7200 X38.54 Y27.226
G1 F3000 X37.162 Y25.848 E2189.45633
G1 X37.092 Y25.778
G0 F7200 X37.312 Y25.779
G0 X37.312 Y23.239
G0 X37.163 Y23.238
G1 F3000 X38.54 Y21.861 E2189.50491
G0 F7200 X38.54 Y21.57
G1 F3000 X37.162 Y20.191 E2189.55354
G1 X37.092 Y20.121
G0 F7200 X37.312 Y20.122
G0 X37.312 Y17.583
G0 X37.163 Y17.582
G1 F3000 X38.54 Y16.204 E2189.60213
G0 F7200 X38.54 Y15.913
G1 F3000 X37.162 Y14.535 E2189.65075
G1 X37.092 Y14.465
G0 F7200 X37.312 Y14.466
G0 X62.717 Y88.22
G0 X62.996 Y88.33
;TYPE:WALL-INNER
G1 F2400 X62.999 Y11.612 E2191.56448
G1 X62.864 Y11.5 E2191.56886
G1 X37.11 Y11.5 E2192.2113
G1 X37 Y11.632 E2192.21558
G1 X37 Y88.36 E2194.12957
G1 X37.079 Y88.468 E2194.13291
G1 X37.151 Y88.496 E2194.13483
G1 X62.865 Y88.5 E2194.77627
G1 X62.961 Y88.439 E2194.77911
G1 X62.996 Y88.33 E2194.78197
G0 F7200 X63.015 Y88.871
;TYPE:WALL-OUTER
G1 F1200 X63.275 Y88.695 E2194.7898
G1 X63.396 Y88.382 E2194.79817
G1 X63.399 Y11.656 E2196.71211
G1 X63.371 Y11.481 E2196.71653
G1 X63.297 Y11.341 E2196.72048
G1 X63.068 Y11.149 E2196.72793
G1 X62.899 Y11.1 E2196.73232
G1 X37.127 Y11.1 E2197.37521
G1 X36.838 Y11.202 E2197.38285
G1 X36.649 Y11.428 E2197.3902
G1 X36.6 Y11.6 E2197.39466
G1 X36.6 Y88.37 E2199.3097
G1 X36.639 Y88.543 E2199.31412
G1 X36.805 Y88.772 E2199.32118
G1 X37.107 Y88.896 E2199.32932
G1 X62.836 Y88.9 E2199.97113
G1 X63.015 Y88.871 E2199.97566
G0 F7200 X63.18 Y88.759
G0 X62.717 Y88.22
G0 X61.32 Y86.82
;TYPE:SKIN
G1 F900 X38.68 Y86.82 E2200.54041
G1 X38.68 Y13.18 E2202.37737
G1 X61.32 Y13.18 E2202.94213
G1 X61.32 Y86.82 E2204.77908
G0 F7200 X39.102 Y86.62
G1 F900 X38.88 Y86.397 E2204.78693
G0 F7200 X38.88 Y85.831
G1 F900 X39.668 Y86.62 E2204.81475
G0 F7200 X40.234 Y86.62
G1 F900 X38.88 Y85.266 E2204.86252
G0 F7200 X38.88 Y84.7
G1 F900 X40.799 Y86.62 E2204.93023
G0 F7200 X41.365 Y86.62
G1 F900 X38.88 Y84.134 E2205.01791
G0 F7200 X38.88 Y83.569
G1 F900 X41.931 Y86.62 E2205.12555
G0 F7200 X42.496 Y86.62
G1 F900 X38.88 Y83.003 E2205.25313
G0 F7200 X38.88 Y82.437
G1 F900 X43.062 Y86.62 E2205.40068
G0 F7200 X43.628 Y86.62
G1 F900 X38.88 Y81.872 E2205.56818
G0 F7200 X38.88 Y81.306
G1 F900 X44.193 Y86.62 E2205.75562
G0 F7200 X44.759 Y86.62
G1 F900 X38.88 Y80.74 E2205.96304
G0 F7200 X38.88 Y80.175
G1 F900 X45.325 Y86.62 E2206.1904
G0 F7200 X45.891 Y86.62
G1 F900 X38.88 Y79.609 E2206.43774
G0 F7200 X38.88 Y79.043
G1 F900 X46.456 Y86.62 E2206.70502
G0 F7200 X47.022 Y86.62
G1 F900 X38.88 Y78.478 E2206.99225
G0 F7200 X38.88 Y77.912
G1 F900 X47.588 Y86.62 E2207.29945
G0 F7200 X48.153 Y86.62
G1 F900 X38.88 Y77.346 E2207.62659
G0 F7200 X38.88 Y76.78
G1 F900 X48.719 Y86.62 E2207.97371
G0 F7200 X49.285 Y86.62
G1 F900 X38.88 Y76.215 E2208.34077
G0 F7200 X38.88 Y75.649
G1 F900 X49.85 Y86.62 E2208.72779
G0 F7200 X50.416 Y86.62
G1 F900 X38.88 Y75.083 E2209.13477
G0 F7200 X38.88 Y74.518
G1 F900 X50.982 Y86.62 E2209.5617
G0 F7200 X51.547 Y86.62
G1 F900 X38.88 Y73.952 E2210.00858
G0 F7200 X38.88 Y73.386
G1 F900 X52.113 Y86.62 E2210.47543
G0 F7200 X52.679 Y86.62
G1 F900 X38.88 Y72.821 E2210.96222
G0 F7200 X38.88 Y72.255
G1 F900 X53.244 Y86.62 E2211.46897
G0 F7200 X53.81 Y86.62
G1 F900 X38.88 Y71.689 E2211.99569
G0 F7200 X38.88 Y71.124
G1 F900 X54.376 Y86.62 E2212.54235
G0 F7200 X54.941 Y86.62
G1 F900 X38.88 Y70.558 E2213.10896
G0 F7200 X38.88 Y69.992
G1 F900 X55.507 Y86.62 E2213.69554
G0 F7200 X56.073 Y86.62
G1 F900 X38.88 Y69.427 E2214.30207
G0 F7200 X38.88 Y68.861
G1 F900 X56.639 Y86.62 E2214.92857
G0 F7200 X57.204 Y86.62
G1 F900 X38.88 Y68.295 E2215.57501
G0 F7200 X38.88 Y67.73
G1 F900 X57.77 Y86.62 E2216.24141
G0 F7200 X58.336 Y86.62
G1 F900 X38.88 Y67.164 E2216.92777
G0 F7200 X38.88 Y66.598
G1 F900 X58.901 Y86.62 E2217.63408
G0 F7200 X59.467 Y86.62
G1 F900 X38.88 Y66.032 E2218.36036
G0 F7200 X38.88 Y65.467
G1 F900 X60.033 Y86.62 E2219.10659
G0 F7200 X60.598 Y86.62
G1 F900 X38.88 Y64.901 E2219.87277
G0 F7200 X38.88 Y64.335
G1 F900 X61.12 Y86.576 E2220.65737
G0 F7200 X61.12 Y86.01
G1 F900 X38.88 Y63.77 E2221.44194
G0 F7200 X38.88 Y63.204
G1 F900 X61.12 Y85.445 E2222.22654
G0 F7200 X61.12 Y84.879
G1 F900 X38.88 Y62.638 E2223.01113
G0 F7200 X38.88 Y62.073
G1 F900 X61.12 Y84.313 E2223.79571
G0 F7200 X61.12 Y83.748
G1 F900 X38.88 Y61.507 E2224.5803
G0 F7200 X38.88 Y60.941
G1 F900 X61.12 Y83.182 E2225.36489
G0 F7200 X61.12 Y82.616
G1 F900 X38.88 Y60.376 E2226.14947
G0 F7200 X38.88 Y59.81
G1 F900 X61.12 Y82.051 E2226.93406
G0 F7200 X61.12 Y81.485
G1 F900 X38.88 Y59.244 E2227.71866
G0 F7200 X38.88 Y58.679
G1 F900 X61.12 Y80.919 E2228.50323
G0 F7200 X61.12 Y80.353
G1 F900 X38.88 Y58.113 E2229.28781
G0 F7200 X38.88 Y57.547
G1 F900 X61.12 Y79.788 E2230.0724
G0 F7200 X61.12 Y79.222
G1 F900 X38.88 Y56.981 E2230.857
G0 F7200 X38.88 Y56.416
G1 F900 X61.12 Y78.656 E2231.64157
G0 F7200 X61.12 Y78.091
G1 F900 X38.88 Y55.85 E2232.42617
G0 F7200 X38.88 Y55.284
G1 F900 X61.12 Y77.525 E2233.21076
G0 F7200 X61.12 Y76.959
G1 F900 X38.88 Y54.719 E2233.99534
G0 F7200 X38.88 Y54.153
G1 F900 X61.12 Y76.394 E2234.77993
G0 F7200 X61.12 Y75.828
G1 F900 X38.88 Y53.587 E2235.56452
G0 F7200 X38.88 Y53.022
G1 F900 X61.12 Y75.262 E2236.3491
G0 F7200 X61.12 Y74.697
G1 F900 X38.88 Y52.456 E2237.13369
G0 F7200 X38.88 Y51.89
G1 F900 X61.12 Y74.131 E2237.91829
G0 F7200 X61.12 Y73.565
G1 F900 X38.88 Y51.325 E2238.70286
G0 F7200 X38.88 Y50.759
G1 F900 X61.12 Y73 E2239.48746
G0 F7200 X61.12 Y72.434
G1 F900 X38.88 Y50.193 E2240.27205
G0 F7200 X38.88 Y49.628
G1 F900 X61.12 Y71.868 E2241.05663
G0 F7200 X61.12 Y71.303
G1 F900 X38.88 Y49.062 E2241.84122
G0 F7200 X38.88 Y48.496
G1 F900 X61.12 Y70.737 E2242.62581
G0 F7200 X61.12 Y70.171
G1 F900 X38.88 Y47.931 E2243.41039
G0 F7200 X38.88 Y47.365
G1 F900 X61.12 Y69.605 E2244.19497
G0 F7200 X61.12 Y69.04
G1 F900 X38.88 Y46.799 E2244.97956
G0 F7200 X38.88 Y46.233
G1 F900 X61.12 Y68.474 E2245.76415
G0 F7200 X61.12 Y67.908
G1 F900 X38.88 Y45.668 E2246.54873
G0 F7200 X38.88 Y45.102
G1 F900 X61.12 Y67.343 E2247.33332
G0 F7200 X61.12 Y66.777
G1 F900 X38.88 Y44.536 E2248.11792
G0 F7200 X38.88 Y43.971
G1 F900 X61.12 Y66.211 E2248.90249
G0 F7200 X61.12 Y65.646
G1 F900 X38.88 Y43.405 E2249.68709
G0 F7200 X38.88 Y42.839
G1 F900 X61.12 Y65.08 E2250.47168
G0 F7200 X61.12 Y64.514
G1 F900 X38.88 Y42.274 E2251.25626
G0 F7200 X38.88 Y41.708
G1 F900 X61.12 Y63.949 E2252.04085
G0 F7200 X61.12 Y63.383
G1 F900 X38.88 Y41.142 E2252.82544
G0 F7200 X38.88 Y40.577
G1 F900 X61.12 Y62.817 E2253.61002
G0 F7200 X61.12 Y62.252
G1 F900 X38.88 Y40.011 E2254.39461
G0 F7200 X38.88 Y39.445
G1 F900 X61.12 Y61.686 E2255.17921
G0 F7200 X61.12 Y61.12
G1 F900 X38.88 Y38.88 E2255.96378
G0 F7200 X38.88 Y38.314
G1 F900 X61.12 Y60.555 E2256.74838
G0 F7200 X61.12 Y59.989
G1 F900 X38.88 Y37.748 E2257.53297
G0 F7200 X38.88 Y37.183
G1 F900 X61.12 Y59.423 E2258.31755
G0 F7200 X61.12 Y58.857
G1 F900 X38.88 Y36.617 E2259.10212
G0 F7200 X38.88 Y36.051
G1 F900 X61.12 Y58.292 E2259.88672
G0 F7200 X61.12 Y57.726
G1 F900 X38.88 Y35.485 E2260.67131
G0 F7200 X38.88 Y34.92
G1 F900 X61.12 Y57.16 E2261.45589
G0 F7200 X61.12 Y56.595
G1 F900 X38.88 Y34.354 E2262.24048
G0 F7200 X38.88 Y33.788
G1 F900 X61.12 Y56.029 E2263.02507
G0 F7200 X61.12 Y55.463
G1 F900 X38.88 Y33.223 E2263.80965
G0 F7200 X38.88 Y32.657
G1 F900 X61.12 Y54.898 E2264.59424
G0 F7200 X61.12 Y54.332
G1 F900 X38.88 Y32.091 E2265.37884
G0 F7200 X38.88 Y31.526
G1 F900 X61.12 Y53.766 E2266.16341
G0 F7200 X61.12 Y53.201
G1 F900 X38.88 Y30.96 E2266.94801
G0 F7200 X38.88 Y30.394
G1 F900 X61.12 Y52.635 E2267.7326
G0 F7200 X61.12 Y52.069
G1 F900 X38.88 Y29.829 E2268.51718
G0 F7200 X38.88 Y29.263
G1 F900 X61.12 Y51.504 E2269.30177
G0 F7200 X61.12 Y50.938
G1 F900 X38.88 Y28.697 E2270.08636
G0 F7200 X38.88 Y28.132
G1 F900 X61.12 Y50.372 E2270.87094
G0 F7200 X61.12 Y49.806
G1 F900 X38.88 Y27.566 E2271.65552
G0 F7200 X38.88 Y27
G1 F900 X61.12 Y49.241 E2272.44011
G0 F7200 X61.12 Y48.675
G1 F900 X38.88 Y26.434 E2273.2247
G0 F7200 X38.88 Y25.869
G1 F900 X61.12 Y48.109 E2274.00928
G0 F7200 X61.12 Y47.544
G1 F900 X38.88 Y25.303 E2274.79387
G0 F7200 X38.88 Y24.737
G1 F900 X61.12 Y46.978 E2275.57847
G0 F7200 X61.12 Y46.412
G1 F900 X38.88 Y24.172 E2276.36304
G0 F7200 X38.88 Y23.606
G1 F900 X61.12 Y45.847 E2277.14764
G0 F7200 X61.12 Y45.281
G1 F900 X38.88 Y23.04 E2277.93223
G0 F7200 X38.88 Y22.475
G1 F900 X61.12 Y44.715 E2278.71681
G0 F7200 X61.12 Y44.15
G1 F900 X38.88 Y21.909 E2279.5014
G0 F7200 X38.88 Y21.343
G1 F900 X61.12 Y43.584 E2280.28599
G0 F7200 X61.12 Y43.018
G1 F900 X38.88 Y20.778 E2281.07057
G0 F7200 X38.88 Y20.212
G1 F900 X61.12 Y42.453 E2281.85516
G0 F7200 X61.12 Y41.887
G1 F900 X38.88 Y19.646 E2282.63976
G0 F7200 X38.88 Y19.081
G1 F900 X61.12 Y41.321 E2283.42433
G0 F7200 X61.12 Y40.756
G1 F900 X38.88 Y18.515 E2284.20893
G0 F7200 X38.88 Y17.949
G1 F900 X61.12 Y40.19 E2284.99352
G0 F7200 X61.12 Y39.624
G1 F900 X38.88 Y17.384 E2285.7781
G0 F7200 X38.88 Y16.818
G1 F900 X61.12 Y39.058 E2286.56267
G0 F7200 X61.12 Y38.493
G1 F900 X38.88 Y16.252 E2287.34727
G0 F7200 X38.88 Y15.686
G1 F900 X61.12 Y37.927 E2288.13186
G0 F7200 X61.12 Y37.361
G1 F900 X38.88 Y15.121 E2288.91644
G0 F7200 X38.88 Y14.555
G1 F900 X61.12 Y36.796 E2289.70103
G0 F7200 X61.12 Y36.23
G1 F900 X38.88 Y13.989 E2290.48562
G0 F7200 X38.88 Y13.424
G1 F900 X61.12 Y35.664 E2291.2702
G0 F7200 X61.12 Y35.099
G1 F900 X39.401 Y13.38 E2292.0364
G0 F7200 X39.967 Y13.38
G1 F900 X61.12 Y34.533 E2292.78262
G0 F7200 X61.12 Y33.967
G1 F900 X40.533 Y13.38 E2293.50889
G0 F7200 X41.098 Y13.38
G1 F900 X61.12 Y33.402 E2294.21522
G0 F7200 X61.12 Y32.836
G1 F900 X41.664 Y13.38 E2294.90158
G0 F7200 X42.23 Y13.38
G1 F900 X61.12 Y32.27 E2295.56798
G0 F7200 X61.12 Y31.705
G1 F900 X42.796 Y13.38 E2296.21442
G0 F7200 X43.361 Y13.38
G1 F900 X61.12 Y31.139 E2296.84092
G0 F7200 X61.12 Y30.573
G1 F900 X43.927 Y13.38 E2297.44745
G0 F7200 X44.493 Y13.38
G1 F900 X61.12 Y30.007 E2298.03401
G0 F7200 X61.12 Y29.442
G1 F900 X45.058 Y13.38 E2298.60064
G0 F7200 X45.624 Y13.38
G1 F900 X61.12 Y28.876 E2299.1473
G0 F7200 X61.12 Y28.31
G1 F900 X46.19 Y13.38 E2299.674
G0 F7200 X46.755 Y13.38
G1 F900 X61.12 Y27.745 E2300.18076
G0 F7200 X61.12 Y27.179
G1 F900 X47.321 Y13.38 E2300.66756
G0 F7200 X47.887 Y13.38
G1 F900 X61.12 Y26.613 E2301.13439
G0 F7200 X61.12 Y26.048
G1 F900 X48.452 Y13.38 E2301.58129
G0 F7200 X49.018 Y13.38
G1 F900 X61.12 Y25.482 E2302.00822
G0 F7200 X61.12 Y24.916
G1 F900 X49.584 Y13.38 E2302.41518
G0 F7200 X50.149 Y13.38
G1 F900 X61.12 Y24.351 E2302.80221
G0 F7200 X61.12 Y23.785
G1 F900 X50.715 Y13.38 E2303.16928
G0 F7200 X51.281 Y13.38
G1 F900 X61.12 Y23.219 E2303.51638
G0 F7200 X61.12 Y22.654
G1 F900 X51.846 Y13.38 E2303.84354
G0 F7200 X52.412 Y13.38
G1 F900 X61.12 Y22.088 E2304.15074
G0 F7200 X61.12 Y21.522
G1 F900 X52.978 Y13.38 E2304.43797
G0 F7200 X53.544 Y13.38
G1 F900 X61.12 Y20.957 E2304.70525
G0 F7200 X61.12 Y20.391
G1 F900 X54.109 Y13.38 E2304.95258
G0 F7200 X54.675 Y13.38
G1 F900 X61.12 Y19.825 E2305.17995
G0 F7200 X61.12 Y19.259
G1 F900 X55.241 Y13.38 E2305.38735
G0 F7200 X55.806 Y13.38
G1 F900 X61.12 Y18.694 E2305.57481
G0 F7200 X61.12 Y18.128
G1 F900 X56.372 Y13.38 E2305.74231
G0 F7200 X56.938 Y13.38
G1 F900 X61.12 Y17.562 E2305.88984
G0 F7200 X61.12 Y16.997
G1 F900 X57.503 Y13.38 E2306.01744
G0 F7200 X58.069 Y13.38
G1 F900 X61.12 Y16.431 E2306.12507
G0 F7200 X61.12 Y15.865
G1 F900 X58.635 Y13.38 E2306.21274
G0 F7200 X59.2 Y13.38
G1 F900 X61.12 Y15.3 E2306.28047
G0 F7200 X61.12 Y14.734
G1 F900 X59.766 Y13.38 E2306.32824
G0 F7200 X60.332 Y13.38
G1 F900 X61.12 Y14.168 E2306.35604
G0 F7200 X61.12 Y13.603
G1 F900 X60.897 Y13.38 E2306.3639
;MESH:NONMESH
G0 F600 Z3.485
G0 F7200 X37.312 Y11.928
G0 X37.161 Y11.927
;TIME_ELAPSED:5129.480773
;LAYER:15
;TYPE:FILL
;MESH:luckfox_bottom.stl
G1 F3000 X37.428 Y11.659 E2306.37334
G0 F7200 X37.427 Y11.811
G0 X39.943 Y11.811
G0 X39.944 Y11.66
G1 F3000 X41.324 Y13.04 E2306.42202
G0 F7200 X41.704 Y13.04
G1 F3000 X43.085 Y11.659 E2306.47074
G1 X43.155 Y11.589
G0 F7200 X43.154 Y11.811
G0 X45.6 Y11.811
G0 X45.601 Y11.66
G1 F3000 X46.981 Y13.04 E2306.51943
G0 F7200 X47.361 Y13.04
G1 F3000 X48.742 Y11.659 E2306.56814
G1 X48.812 Y11.589
G0 F7200 X48.811 Y11.811
G0 X51.257 Y11.812
G0 X51.258 Y11.66
G1 F3000 X52.638 Y13.04 E2306.61683
G0 F7200 X53.017 Y13.04
G1 F3000 X54.398 Y11.659 E2306.66555
G1 X54.468 Y11.589
G0 F7200 X54.467 Y11.812
G0 X56.914 Y11.812
G0 X56.915 Y11.66
G1 F3000 X58.295 Y13.04 E2306.71423
G0 F7200 X58.674 Y13.04
G1 F3000 X60.055 Y11.659 E2306.76295
G1 X60.125 Y11.589
G0 F7200 X60.124 Y11.812
G0 X62.571 Y11.812
G0 X62.572 Y11.66
G1 F3000 X62.84 Y11.928 E2306.7724
G0 F7200 X62.69 Y11.928
G0 X62.69 Y14.532
G0 X62.839 Y14.532
G1 F3000 X61.46 Y15.911 E2306.82105
G0 F7200 X61.46 Y16.205
G1 F3000 X62.84 Y17.585 E2306.86973
G1 X62.91 Y17.655
G0 F7200 X62.69 Y17.655
G0 X62.69 Y20.189
G0 X62.839 Y20.189
G1 F3000 X61.46 Y21.568 E2306.91838
G0 F7200 X61.46 Y21.862
G1 F3000 X62.839 Y23.241 E2306.96703
G1 X62.909 Y23.311
G0 F7200 X62.69 Y23.311
G0 X62.69 Y25.847
G0 X62.838 Y25.847
G1 F3000 X61.46 Y27.225 E2307.01564
G0 F7200 X61.46 Y27.518
G1 F3000 X62.839 Y28.898 E2307.06431
G1 X62.909 Y28.968
G0 F7200 X62.69 Y28.968
G0 X62.69 Y31.504
G0 X62.838 Y31.504
G1 F3000 X61.46 Y32.882 E2307.11292
G0 F7200 X61.46 Y33.175
G1 F3000 X62.838 Y34.554 E2307.16155
G1 X62.908 Y34.624
G0 F7200 X62.69 Y34.624
G0 X62.69 Y37.161
G0 X62.838 Y37.161
G1 F3000 X61.46 Y38.539 E2307.21016
G0 F7200 X61.46 Y38.832
G1 F3000 X62.838 Y40.211 E2307.25879
G1 X62.908 Y40.281
G0 F7200 X62.69 Y40.281
G0 X62.69 Y42.818
G0 X62.838 Y42.818
G1 F3000 X61.46 Y44.196 E2307.30741
G0 F7200 X61.46 Y44.489
G1 F3000 X62.838 Y45.867 E2307.35602
G1 X62.908 Y45.937
G0 F7200 X62.69 Y45.937
G0 X62.69 Y48.476
G0 X62.837 Y48.476
G1 F3000 X61.46 Y49.852 E2307.40458
G0 F7200 X61.46 Y50.146
G1 F3000 X62.838 Y51.524 E2307.45319
G1 X62.908 Y51.594
G0 F7200 X62.69 Y51.594
G0 X62.69 Y54.133
G0 X62.837 Y54.133
G1 F3000 X61.46 Y55.509 E2307.50175
G0 F7200 X61.46 Y55.803
G1 F3000 X62.837 Y57.18 E2307.55033
G1 X62.907 Y57.25
G0 F7200 X62.69 Y57.25
G0 X62.69 Y59.79
G0 X62.836 Y59.79
G1 F3000 X61.46 Y61.166 E2307.59887
G0 F7200 X61.46 Y61.46
G1 F3000 X62.837 Y62.837 E2307.64745
G1 X62.907 Y62.907
G0 F7200 X62.69 Y62.907
G0 X62.69 Y65.447
G0 X62.836 Y65.447
G1 F3000 X61.46 Y66.823 E2307.69599
G0 F7200 X61.46 Y67.116
G1 F3000 X62.836 Y68.493 E2307.74455
G1 X62.906 Y68.563
G0 F7200 X62.69 Y68.563
G0 X62.69 Y71.105
G0 X62.836 Y71.105
G1 F3000 X61.46 Y72.48 E2307.79307
G0 F7200 X61.46 Y72.773
G1 F3000 X62.836 Y74.15 E2307.84163
G1 X62.906 Y74.22
G0 F7200 X62.69 Y74.22
G0 X62.69 Y76.761
G0 X62.836 Y76.761
G1 F3000 X61.46 Y78.137 E2307.89018
G0 F7200 X61.46 Y78.43
G1 F3000 X62.836 Y79.806 E2307.93872
G1 X62.906 Y79.876
G0 F7200 X62.69 Y79.876
G0 X62.69 Y82.419
G0 X62.835 Y82.419
G1 F3000 X61.46 Y83.794 E2307.98723
G0 F7200 X61.46 Y84.087
G1 F3000 X62.836 Y85.463 E2308.03577
G1 X62.906 Y85.533
G0 F7200 X62.69 Y85.533
G0 X62.69 Y88.076
G0 X62.835 Y88.076
G1 F3000 X62.57 Y88.34 E2308.0451
G0 F7200 X62.57 Y88.19
G0 X60.055 Y88.19
G0 X60.055 Y88.34
G1 F3000 X58.676 Y86.96 E2308.09376
G0 F7200 X58.294 Y86.96
G1 F3000 X56.914 Y88.34 E2308.14245
G1 X56.844 Y88.41
G0 F7200 X56.844 Y88.19
G0 X54.398 Y88.19
G0 X54.398 Y88.339
G1 F3000 X53.019 Y86.96 E2308.1911
G0 F7200 X52.637 Y86.96
G1 F3000 X51.258 Y88.339 E2308.23974
G1 X51.188 Y88.409
G0 F7200 X51.188 Y88.19
G0 X48.739 Y88.19
G0 X48.739 Y88.337
G1 F3000 X47.362 Y86.96 E2308.28832
G0 F7200 X46.98 Y86.96
G1 F3000 X45.603 Y88.337 E2308.3369
G1 X45.533 Y88.407
G0 F7200 X45.533 Y88.19
G0 X43.082 Y88.19
G0 X43.082 Y88.337
G1 F3000 X41.705 Y86.96 E2308.38548
G0 F7200 X41.323 Y86.96
G1 F3000 X39.947 Y88.337 E2308.43404
G1 X39.877 Y88.407
G0 F7200 X39.877 Y88.19
G0 X37.424 Y88.19
G0 X37.424 Y88.336
G1 F3000 X37.161 Y88.072 E2308.44333
G0 F7200 X37.311 Y88.073
G0 X37.311 Y85.466
G0 X37.161 Y85.465
G1 F3000 X38.54 Y84.086 E2308.49198
G0 F7200 X38.54 Y83.795
G1 F3000 X37.161 Y82.415 E2308.54064
G1 X37.091 Y82.345
G0 F7200 X37.311 Y82.346
G0 X37.311 Y79.809
G0 X37.161 Y79.808
G1 F3000 X38.54 Y78.429 E2308.58929
G0 F7200 X38.54 Y78.138
G1 F3000 X37.161 Y76.759 E2308.63794
G1 X37.091 Y76.689
G0 F7200 X37.311 Y76.69
G0 X37.311 Y74.152
G0 X37.161 Y74.151
G1 F3000 X38.54 Y72.773 E2308.68657
G0 F7200 X38.54 Y72.481
G1 F3000 X37.161 Y71.102 E2308.73522
G1 X37.091 Y71.032
G0 F7200 X37.311 Y71.033
G0 X37.311 Y68.496
G0 X37.161 Y68.495
G1 F3000 X38.54 Y67.116 E2308.78387
G0 F7200 X38.54 Y66.824
G1 F3000 X37.161 Y65.445 E2308.83251
G1 X37.091 Y65.375
G0 F7200 X37.311 Y65.376
G0 X37.311 Y62.839
G0 X37.161 Y62.838
G1 F3000 X38.54 Y61.459 E2308.88116
G0 F7200 X38.54 Y61.168
G1 F3000 X37.161 Y59.788 E2308.92983
G1 X37.091 Y59.718
G0 F7200 X37.311 Y59.719
G0 X37.311 Y57.182
G0 X37.161 Y57.181
G1 F3000 X38.54 Y55.802 E2308.97848
G0 F7200 X38.54 Y55.511
G1 F3000 X37.161 Y54.131 E2309.02714
G1 X37.091 Y54.061
G0 F7200 X37.311 Y54.062
G0 X37.311 Y51.525
G0 X37.161 Y51.524
G1 F3000 X38.54 Y50.145 E2309.07579
G0 F7200 X38.54 Y49.854
G1 F3000 X37.16 Y48.474 E2309.12447
G1 X37.09 Y48.404
G0 F7200 X37.312 Y48.405
G0 X37.312 Y45.869
G0 X37.161 Y45.868
G1 F3000 X38.54 Y44.488 E2309.17314
G0 F7200 X38.54 Y44.197
G1 F3000 X37.16 Y42.817 E2309.22182
G1 X37.09 Y42.747
G0 F7200 X37.312 Y42.748
G0 X37.312 Y40.212
G0 X37.161 Y40.211
G1 F3000 X38.54 Y38.831 E2309.27049
G0 F7200 X38.54 Y38.54
G1 F3000 X37.16 Y37.16 E2309.31917
G1 X37.09 Y37.09
G0 F7200 X37.312 Y37.091
G0 X37.312 Y34.555
G0 X37.161 Y34.554
G1 F3000 X38.54 Y33.175 E2309.36782
G0 F7200 X38.54 Y32.883
G1 F3000 X37.16 Y31.503 E2309.4165
G1 X37.09 Y31.433
G0 F7200 X37.312 Y31.434
G0 X37.312 Y28.898
G0 X37.161 Y28.897
G1 F3000 X38.54 Y27.518 E2309.46515
G0 F7200 X38.54 Y27.226
G1 F3000 X37.16 Y25.846 E2309.51383
G1 X37.09 Y25.776
G0 F7200 X37.312 Y25.777
G0 X37.312 Y23.241
G0 X37.161 Y23.24
G1 F3000 X38.54 Y21.861 E2309.56248
G0 F7200 X38.54 Y21.57
G1 F3000 X37.16 Y20.189 E2309.61118
G1 X37.09 Y20.119
G0 F7200 X37.312 Y20.12
G0 X37.312 Y17.585
G0 X37.161 Y17.584
G1 F3000 X38.54 Y16.204 E2309.65985
G0 F7200 X38.54 Y15.913
G1 F3000 X37.16 Y14.532 E2309.70855
G1 X37.09 Y14.462
G0 F7200 X37.312 Y14.463
G0 X62.691 Y88.276
G0 X63 Y88.304
;TYPE:WALL-INNER
G1 F2400 X63 Y11.669 E2311.62022
G1 X62.864 Y11.5 E2311.62563
G1 X37.171 Y11.5 E2312.26654
G1 X37.076 Y11.529 E2312.26902
G1 X37 Y11.656 E2312.27271
G1 X37 Y88.36 E2314.1861
G1 X37.084 Y88.473 E2314.18961
G1 X37.193 Y88.5 E2314.19241
G1 X62.848 Y88.5 E2314.83238
G1 X62.973 Y88.419 E2314.8361
G1 X63 Y88.304 E2314.83904
G0 F7200 X63.102 Y88.832
;TYPE:WALL-OUTER
G1 F1200 X63.275 Y88.69 E2314.84463
G1 X63.348 Y88.574 E2314.84804
G1 X63.4 Y88.349 E2314.85381
G1 X63.4 Y11.586 E2316.76867
G1 X63.291 Y11.336 E2316.77547
G1 X63.068 Y11.149 E2316.78273
G1 X62.896 Y11.1 E2316.78719
G1 X37.127 Y11.1 E2317.43
G1 X36.948 Y11.14 E2317.43458
G1 X36.807 Y11.225 E2317.43868
G1 X36.65 Y11.425 E2317.44503
G1 X36.6 Y11.6 E2317.44957
G1 X36.6 Y88.37 E2319.3646
G1 X36.639 Y88.543 E2319.36902
G1 X36.808 Y88.774 E2319.37616
G1 X36.926 Y88.848 E2319.37964
G1 X37.147 Y88.9 E2319.3853
G1 X62.92 Y88.9 E2320.02821
G1 X63.102 Y88.832 E2320.03306
G0 F7200 X63.256 Y88.706
G0 X62.724 Y88.215
G0 X61.32 Y86.82
;TYPE:SKIN
G1 F900 X38.68 Y86.82 E2320.59782
G1 X38.68 Y13.18 E2322.43477
G1 X61.32 Y13.18 E2322.99953
G1 X61.32 Y86.82 E2324.83649
G0 F7200 X61.024 Y86.62
G1 F900 X61.119 Y86.524 E2324.83986
G0 F7200 X61.119 Y85.959
G1 F900 X60.458 Y86.62 E2324.86318
G0 F7200 X59.893 Y86.62
G1 F900 X61.119 Y85.393 E2324.90644
G0 F7200 X61.119 Y84.827
G1 F900 X59.327 Y86.62 E2324.96968
G0 F7200 X58.761 Y86.62
G1 F900 X61.119 Y84.262 E2325.05286
G0 F7200 X61.119 Y83.696
G1 F900 X58.196 Y86.62 E2325.156
G0 F7200 X57.63 Y86.62
G1 F900 X61.119 Y83.13 E2325.2791
G0 F7200 X61.119 Y82.565
G1 F900 X57.064 Y86.62 E2325.42215
G0 F7200 X56.499 Y86.62
G1 F900 X61.119 Y81.999 E2325.58515
G0 F7200 X61.119 Y81.433
G1 F900 X55.933 Y86.62 E2325.76812
G0 F7200 X55.367 Y86.62
G1 F900 X61.119 Y80.868 E2325.97104
G0 F7200 X61.119 Y80.302
G1 F900 X54.801 Y86.62 E2326.19392
G0 F7200 X54.236 Y86.62
G1 F900 X61.119 Y79.736 E2326.43676
G0 F7200 X61.119 Y79.171
G1 F900 X53.67 Y86.62 E2326.69954
G0 F7200 X53.104 Y86.62
G1 F900 X61.119 Y78.605 E2326.98229
G0 F7200 X61.119 Y78.039
G1 F900 X52.539 Y86.62 E2327.28499
G0 F7200 X51.973 Y86.62
G1 F900 X61.119 Y77.473 E2327.60766
G0 F7200 X61.119 Y76.908
G1 F900 X51.407 Y86.62 E2327.95027
G0 F7200 X50.842 Y86.62
G1 F900 X61.119 Y76.342 E2328.31284
G0 F7200 X61.119 Y75.776
G1 F900 X50.276 Y86.62 E2328.69537
G0 F7200 X49.71 Y86.62
G1 F900 X61.119 Y75.211 E2329.09786
G0 F7200 X61.119 Y74.645
G1 F900 X49.145 Y86.62 E2329.52029
G0 F7200 X48.579 Y86.62
G1 F900 X61.119 Y74.079 E2329.96269
G0 F7200 X61.119 Y73.514
G1 F900 X48.013 Y86.62 E2330.42504
G0 F7200 X47.448 Y86.62
G1 F900 X61.119 Y72.948 E2330.90734
G0 F7200 X61.119 Y72.382
G1 F900 X46.882 Y86.62 E2331.40961
G0 F7200 X46.316 Y86.62
G1 F900 X61.119 Y71.817 E2331.93182
G0 F7200 X61.119 Y71.251
G1 F900 X45.751 Y86.62 E2332.47399
G0 F7200 X45.185 Y86.62
G1 F900 X61.119 Y70.685 E2333.03612
G0 F7200 X61.119 Y70.12
G1 F900 X44.619 Y86.62 E2333.6182
G0 F7200 X44.053 Y86.62
G1 F900 X61.119 Y69.554 E2334.22025
G0 F7200 X61.119 Y68.988
G1 F900 X43.488 Y86.62 E2334.84225
G0 F7200 X42.922 Y86.62
G1 F900 X61.119 Y68.422 E2335.48422
G0 F7200 X61.119 Y67.857
G1 F900 X42.356 Y86.62 E2336.14613
G0 F7200 X41.791 Y86.62
G1 F900 X61.119 Y67.291 E2336.828
G0 F7200 X61.119 Y66.725
G1 F900 X41.225 Y86.62 E2337.52983
G0 F7200 X40.659 Y86.62
G1 F900 X61.119 Y66.16 E2338.25161
G0 F7200 X61.119 Y65.594
G1 F900 X40.094 Y86.62 E2338.99334
G0 F7200 X39.528 Y86.62
G1 F900 X61.119 Y65.028 E2339.75504
G0 F7200 X61.119 Y64.463
G1 F900 X38.962 Y86.62 E2340.53669
G0 F7200 X38.88 Y86.136
G1 F900 X61.119 Y63.897 E2341.32123
G0 F7200 X61.119 Y63.331
G1 F900 X38.88 Y85.571 E2342.10579
G0 F7200 X38.88 Y85.005
G1 F900 X61.119 Y62.766 E2342.89033
G0 F7200 X61.119 Y62.2
G1 F900 X38.88 Y84.439 E2343.67487
G0 F7200 X38.88 Y83.873
G1 F900 X61.119 Y61.634 E2344.45941
G0 F7200 X61.119 Y61.069
G1 F900 X38.88 Y83.308 E2345.24395
G0 F7200 X38.88 Y82.742
G1 F900 X61.119 Y60.503 E2346.02849
G0 F7200 X61.119 Y59.937
G1 F900 X38.88 Y82.176 E2346.81303
G0 F7200 X38.88 Y81.611
G1 F900 X61.119 Y59.372 E2347.59757
G0 F7200 X61.119 Y58.806
G1 F900 X38.88 Y81.045 E2348.38211
G0 F7200 X38.88 Y80.479
G1 F900 X61.119 Y58.24 E2349.16665
G0 F7200 X61.119 Y57.674
G1 F900 X38.88 Y79.914 E2349.95121
G0 F7200 X38.88 Y79.348
G1 F900 X61.119 Y57.109 E2350.73575
G0 F7200 X61.119 Y56.543
G1 F900 X38.88 Y78.782 E2351.52029
G0 F7200 X38.88 Y78.217
G1 F900 X61.119 Y55.977 E2352.30485
G0 F7200 X61.119 Y55.412
G1 F900 X38.88 Y77.651 E2353.08939
G0 F7200 X38.88 Y77.085
G1 F900 X61.119 Y54.846 E2353.87393
G0 F7200 X61.119 Y54.28
G1 F900 X38.88 Y76.52 E2354.65849
G0 F7200 X38.88 Y75.954
G1 F900 X61.119 Y53.715 E2355.44303
G0 F7200 X61.119 Y53.149
G1 F900 X38.88 Y75.388 E2356.22757
G0 F7200 X38.88 Y74.823
G1 F900 X61.119 Y52.583 E2357.01213
G0 F7200 X61.119 Y52.018
G1 F900 X38.88 Y74.257 E2357.79667
G0 F7200 X38.88 Y73.691
G1 F900 X61.119 Y51.452 E2358.58121
G0 F7200 X61.119 Y50.886
G1 F900 X38.88 Y73.125 E2359.36575
G0 F7200 X38.88 Y72.56
G1 F900 X61.119 Y50.321 E2360.1503
G0 F7200 X61.119 Y49.755
G1 F900 X38.88 Y71.994 E2360.93484
G0 F7200 X38.88 Y71.428
G1 F900 X61.119 Y49.189 E2361.71938
G0 F7200 X61.119 Y48.623
G1 F900 X38.88 Y70.863 E2362.50394
G0 F7200 X38.88 Y70.297
G1 F900 X61.119 Y48.058 E2363.28848
G0 F7200 X61.119 Y47.492
G1 F900 X38.88 Y69.731 E2364.07302
G0 F7200 X38.88 Y69.166
G1 F900 X61.119 Y46.926 E2364.85758
G0 F7200 X61.119 Y46.361
G1 F900 X38.88 Y68.6 E2365.64212
G0 F7200 X38.88 Y68.034
G1 F900 X61.119 Y45.795 E2366.42666
G0 F7200 X61.119 Y45.229
G1 F900 X38.88 Y67.469 E2367.21122
G0 F7200 X38.88 Y66.903
G1 F900 X61.119 Y44.664 E2367.99576
G0 F7200 X61.119 Y44.098
G1 F900 X38.88 Y66.337 E2368.7803
G0 F7200 X38.88 Y65.772
G1 F900 X61.119 Y43.532 E2369.56486
G0 F7200 X61.119 Y42.967
G1 F900 X38.88 Y65.206 E2370.3494
G0 F7200 X38.88 Y64.64
G1 F900 X61.119 Y42.401 E2371.13394
G0 F7200 X61.119 Y41.835
G1 F900 X38.88 Y64.074 E2371.91848
G0 F7200 X38.88 Y63.509
G1 F900 X61.119 Y41.27 E2372.70302
G0 F7200 X61.119 Y40.704
G1 F900 X38.88 Y62.943 E2373.48756
G0 F7200 X38.88 Y62.377
G1 F900 X61.119 Y40.138 E2374.2721
G0 F7200 X61.119 Y39.573
G1 F900 X38.88 Y61.812 E2375.05664
G0 F7200 X38.88 Y61.246
G1 F900 X61.119 Y39.007 E2375.84118
G0 F7200 X61.119 Y38.441
G1 F900 X38.88 Y60.68 E2376.62572
G0 F7200 X38.88 Y60.115
G1 F900 X61.119 Y37.875 E2377.41028
G0 F7200 X61.119 Y37.31
G1 F900 X38.88 Y59.549 E2378.19482
G0 F7200 X38.88 Y58.983
G1 F900 X61.119 Y36.744 E2378.97936
G0 F7200 X61.119 Y36.178
G1 F900 X38.88 Y58.418 E2379.76392
G0 F7200 X38.88 Y57.852
G1 F900 X61.119 Y35.613 E2380.54846
G0 F7200 X61.119 Y35.047
G1 F900 X38.88 Y57.286 E2381.333
G0 F7200 X38.88 Y56.721
G1 F900 X61.119 Y34.481 E2382.11756
G0 F7200 X61.119 Y33.916
G1 F900 X38.88 Y56.155 E2382.9021
G0 F7200 X38.88 Y55.589
G1 F900 X61.119 Y33.35 E2383.68664
G0 F7200 X61.119 Y32.784
G1 F900 X38.88 Y55.024 E2384.4712
G0 F7200 X38.88 Y54.458
G1 F900 X61.119 Y32.219 E2385.25574
G0 F7200 X61.119 Y31.653
G1 F900 X38.88 Y53.892 E2386.04028
G0 F7200 X38.88 Y53.326
G1 F900 X61.119 Y31.087 E2386.82482
G0 F7200 X61.119 Y30.522
G1 F900 X38.88 Y52.761 E2387.60936
G0 F7200 X38.88 Y52.195
G1 F900 X61.119 Y29.956 E2388.3939
G0 F7200 X61.119 Y29.39
G1 F900 X38.88 Y51.629 E2389.17845
G0 F7200 X38.88 Y51.064
G1 F900 X61.119 Y28.825 E2389.96299
G0 F7200 X61.119 Y28.259
G1 F900 X38.88 Y50.498 E2390.74753
G0 F7200 X38.88 Y49.932
G1 F900 X61.119 Y27.693 E2391.53207
G0 F7200 X61.119 Y27.127
G1 F900 X38.88 Y49.367 E2392.31663
G0 F7200 X38.88 Y48.801
G1 F900 X61.119 Y26.562 E2393.10117
G0 F7200 X61.119 Y25.996
G1 F900 X38.88 Y48.235 E2393.88571
G0 F7200 X38.88 Y47.67
G1 F900 X61.119 Y25.43 E2394.67027
G0 F7200 X61.119 Y24.865
G1 F900 X38.88 Y47.104 E2395.45481
G0 F7200 X38.88 Y46.538
G1 F900 X61.119 Y24.299 E2396.23935
G0 F7200 X61.119 Y23.733
G1 F900 X38.88 Y45.973 E2397.02391
G0 F7200 X38.88 Y45.407
G1 F900 X61.119 Y23.168 E2397.80845
G0 F7200 X61.119 Y22.602
G1 F900 X38.88 Y44.841 E2398.59299
G0 F7200 X38.88 Y44.275
G1 F900 X61.119 Y22.036 E2399.37753
G0 F7200 X61.119 Y21.471
G1 F900 X38.88 Y43.71 E2400.16207
G0 F7200 X38.88 Y43.144
G1 F900 X61.119 Y20.905 E2400.94661
G0 F7200 X61.119 Y20.339
G1 F900 X38.88 Y42.578 E2401.73115
G0 F7200 X38.88 Y42.013
G1 F900 X61.119 Y19.774 E2402.51569
G0 F7200 X61.119 Y19.208
G1 F900 X38.88 Y41.447 E2403.30023
G0 F7200 X38.88 Y40.881
G1 F900 X61.119 Y18.642 E2404.08477
G0 F7200 X61.119 Y18.076
G1 F900 X38.88 Y40.316 E2404.86933
G0 F7200 X38.88 Y39.75
G1 F900 X61.119 Y17.511 E2405.65387
G0 F7200 X61.119 Y16.945
G1 F900 X38.88 Y39.184 E2406.43841
G0 F7200 X38.88 Y38.619
G1 F900 X61.119 Y16.379 E2407.22297
G0 F7200 X61.119 Y15.814
G1 F900 X38.88 Y38.053 E2408.00751
G0 F7200 X38.88 Y37.487
G1 F900 X61.119 Y15.248 E2408.79205
G0 F7200 X61.119 Y14.682
G1 F900 X38.88 Y36.922 E2409.57661
G0 F7200 X38.88 Y36.356
G1 F900 X61.119 Y14.117 E2410.36115
G0 F7200 X61.119 Y13.551
G1 F900 X38.88 Y35.79 E2411.14569
G0 F7200 X38.88 Y35.225
G1 F900 X60.725 Y13.38 E2411.91633
G0 F7200 X60.159 Y13.38
G1 F900 X38.88 Y34.659 E2412.66701
G0 F7200 X38.88 Y34.093
G1 F900 X59.594 Y13.38 E2413.39773
G0 F7200 X59.028 Y13.38
G1 F900 X38.88 Y33.527 E2414.10849
G0 F7200 X38.88 Y32.962
G1 F900 X58.462 Y13.38 E2414.7993
G0 F7200 X57.896 Y13.38
G1 F900 X38.88 Y32.396 E2415.47014
G0 F7200 X38.88 Y31.83
G1 F900 X57.331 Y13.38 E2416.12103
G0 F7200 X56.765 Y13.38
G1 F900 X38.88 Y31.265 E2416.75197
G0 F7200 X38.88 Y30.699
G1 F900 X56.199 Y13.38 E2417.36295
G0 F7200 X55.634 Y13.38
G1 F900 X38.88 Y30.133 E2417.95397
G0 F7200 X38.88 Y29.568
G1 F900 X55.068 Y13.38 E2418.52505
G0 F7200 X54.502 Y13.38
G1 F900 X38.88 Y29.002 E2419.07616
G0 F7200 X38.88 Y28.436
G1 F900 X53.937 Y13.38 E2419.60731
G0 F7200 X53.371 Y13.38
G1 F900 X38.88 Y27.871 E2420.11852
G0 F7200 X38.88 Y27.305
G1 F900 X52.805 Y13.38 E2420.60977
G0 F7200 X52.24 Y13.38
G1 F900 X38.88 Y26.739 E2421.08106
G0 F7200 X38.88 Y26.174
G1 F900 X51.674 Y13.38 E2421.5324
G0 F7200 X51.108 Y13.38
G1 F900 X38.88 Y25.608 E2421.96378
G0 F7200 X38.88 Y25.042
G1 F900 X50.543 Y13.38 E2422.3752
G0 F7200 X49.977 Y13.38
G1 F900 X38.88 Y24.477 E2422.76668
G0 F7200 X38.88 Y23.911
G1 F900 X49.411 Y13.38 E2423.13819
G0 F7200 X48.846 Y13.38
G1 F900 X38.88 Y23.345 E2423.48975
G0 F7200 X38.88 Y22.779
G1 F900 X48.28 Y13.38 E2423.82134
G0 F7200 X47.714 Y13.38
G1 F900 X38.88 Y22.214 E2424.13298
G0 F7200 X38.88 Y21.648
G1 F900 X47.148 Y13.38 E2424.42466
G0 F7200 X46.583 Y13.38
G1 F900 X38.88 Y21.082 E2424.69639
G0 F7200 X38.88 Y20.517
G1 F900 X46.017 Y13.38 E2424.94816
G0 F7200 X45.451 Y13.38
G1 F900 X38.88 Y19.951 E2425.17997
G0 F7200 X38.88 Y19.385
G1 F900 X44.886 Y13.38 E2425.39183
G0 F7200 X44.32 Y13.38
G1 F900 X38.88 Y18.82 E2425.58374
G0 F7200 X38.88 Y18.254
G1 F900 X43.754 Y13.38 E2425.75569
G0 F7200 X43.189 Y13.38
G1 F900 X38.88 Y17.688 E2425.90768
G0 F7200 X38.88 Y17.123
G1 F900 X42.623 Y13.38 E2426.03973
G0 F7200 X42.057 Y13.38
G1 F900 X38.88 Y16.557 E2426.1518
G0 F7200 X38.88 Y15.991
G1 F900 X41.492 Y13.38 E2426.24393
G0 F7200 X40.926 Y13.38
G1 F900 X38.88 Y15.426 E2426.31611
G0 F7200 X38.88 Y14.86
G1 F900 X40.36 Y13.38 E2426.36832
G0 F7200 X39.795 Y13.38
G1 F900 X38.88 Y14.294 E2426.40058
G0 F7200 X38.88 Y13.728
G1 F900 X39.229 Y13.38 E2426.41288
;MESH:NONMESH
G0 F600 Z3.635
G0 F7200 X37.312 Y11.928
G0 X37.161 Y11.927
;TIME_ELAPSED:5439.668223
;LAYER:16
;TYPE:FILL
;MESH:luckfox_bottom.stl
G1 F3000 X37.428 Y11.659 E2426.42231
G0 F7200 X37.427 Y11.811
G0 X39.943 Y11.811
G0 X39.944 Y11.66
G1 F3000 X41.324 Y13.04 E2426.471
G0 F7200 X41.704 Y13.04
G1 F3000 X43.085 Y11.659 E2426.51971
G1 X43.155 Y11.589
G0 F7200 X43.154 Y11.811
G0 X45.6 Y11.811
G0 X45.601 Y11.66
G1 F3000 X46.981 Y13.04 E2426.5684
G0 F7200 X47.361 Y13.04
G1 F3000 X48.742 Y11.659 E2426.61712
G1 X48.812 Y11.589
G0 F7200 X48.811 Y11.811
G0 X51.257 Y11.812
G0 X51.258 Y11.66
G1 F3000 X52.638 Y13.04 E2426.6658
G0 F7200 X53.017 Y13.04
G1 F3000 X54.398 Y11.659 E2426.71452
G1 X54.468 Y11.589
G0 F7200 X54.467 Y11.812
G0 X56.914 Y11.812
G0 X56.915 Y11.66
G1 F3000 X58.295 Y13.04 E2426.7632
G0 F7200 X58.674 Y13.04
G1 F3000 X60.055 Y11.659 E2426.81192
G1 X60.125 Y11.589
G0 F7200 X60.124 Y11.812
G0 X62.571 Y11.812
G0 X62.572 Y11.66
G1 F3000 X62.84 Y11.928 E2426.82137
G0 F7200 X62.69 Y11.928
G0 X62.69 Y14.532
G0 X62.84 Y14.532
G1 F3000 X61.46 Y15.911 E2426.87004
G0 F7200 X61.46 Y16.205
G1 F3000 X62.84 Y17.585 E2426.91872
G1 X62.91 Y17.655
G0 F7200 X62.69 Y17.655
G0 X62.69 Y20.189
G0 X62.84 Y20.189
G1 F3000 X61.46 Y21.568 E2426.96739
G0 F7200 X61.46 Y21.862
G1 F3000 X62.84 Y23.242 E2427.01607
G1 X62.91 Y23.312
G0 F7200 X62.69 Y23.312
G0 X62.69 Y25.845
G0 X62.84 Y25.845
G1 F3000 X61.46 Y27.225 E2427.06476
G0 F7200 X61.46 Y27.518
G1 F3000 X62.84 Y28.899 E2427.11346
G1 X62.91 Y28.969
G0 F7200 X62.69 Y28.969
G0 X62.69 Y31.502
G0 X62.84 Y31.502
G1 F3000 X61.46 Y32.882 E2427.16214
G0 F7200 X61.46 Y33.175
G1 F3000 X62.84 Y34.556 E2427.21084
G1 X62.91 Y34.626
G0 F7200 X62.69 Y34.626
G0 X62.69 Y37.159
G0 X62.84 Y37.159
G1 F3000 X61.46 Y38.539 E2427.25952
G0 F7200 X61.46 Y38.832
G1 F3000 X62.84 Y40.212 E2427.30821
G1 X62.91 Y40.282
G0 F7200 X62.69 Y40.282
G0 X62.69 Y42.816
G0 X62.84 Y42.816
G1 F3000 X61.46 Y44.196 E2427.35689
G0 F7200 X61.46 Y44.489
G1 F3000 X62.84 Y45.869 E2427.40557
G1 X62.91 Y45.939
G0 F7200 X62.69 Y45.939
G0 X62.69 Y48.473
G0 X62.84 Y48.473
G1 F3000 X61.46 Y49.852 E2427.45424
G0 F7200 X61.46 Y50.146
G1 F3000 X62.84 Y51.526 E2427.50292
G1 X62.91 Y51.596
G0 F7200 X62.69 Y51.596
G0 X62.69 Y54.13
G0 X62.84 Y54.13
G1 F3000 X61.46 Y55.509 E2427.55159
G0 F7200 X61.46 Y55.803
G1 F3000 X62.84 Y57.183 E2427.60027
G1 X62.91 Y57.253
G0 F7200 X62.69 Y57.253
G0 X62.69 Y59.787
G0 X62.84 Y59.787
G1 F3000 X61.46 Y61.166 E2427.64894
G0 F7200 X61.46 Y61.46
G1 F3000 X62.84 Y62.84 E2427.69762
G1 X62.91 Y62.91
G0 F7200 X62.69 Y62.91
G0 X62.69 Y65.443
G0 X62.84 Y65.443
G1 F3000 X61.46 Y66.823 E2427.7463
G0 F7200 X61.46 Y67.116
G1 F3000 X62.84 Y68.497 E2427.795
G1 X62.91 Y68.567
G0 F7200 X62.69 Y68.567
G0 X62.69 Y71.1
G0 X62.84 Y71.1
G1 F3000 X61.46 Y72.48 E2427.84369
G0 F7200 X61.46 Y72.773
G1 F3000 X62.84 Y74.154 E2427.89239
G1 X62.91 Y74.224
G0 F7200 X62.69 Y74.224
G0 X62.69 Y76.757
G0 X62.84 Y76.757
G1 F3000 X61.46 Y78.137 E2427.94107
G0 F7200 X61.46 Y78.43
G1 F3000 X62.84 Y79.81 E2427.98975
G1 X62.91 Y79.88
G0 F7200 X62.69 Y79.88
G0 X62.69 Y82.414
G0 X62.84 Y82.414
G1 F3000 X61.46 Y83.794 E2428.03844
G0 F7200 X61.46 Y84.087
G1 F3000 X62.84 Y85.467 E2428.08712
G1 X62.91 Y85.537
G0 F7200 X62.69 Y85.537
G0 X62.69 Y88.071
G0 X62.84 Y88.071
G1 F3000 X62.571 Y88.34 E2428.09661
G0 F7200 X62.571 Y88.19
G0 X60.055 Y88.19
G0 X60.055 Y88.339
G1 F3000 X58.676 Y86.96 E2428.14526
G0 F7200 X58.294 Y86.96
G1 F3000 X56.915 Y88.339 E2428.19391
G1 X56.845 Y88.409
G0 F7200 X56.845 Y88.19
G0 X54.397 Y88.19
G0 X54.397 Y88.338
G1 F3000 X53.019 Y86.96 E2428.24252
G0 F7200 X52.637 Y86.96
G1 F3000 X51.259 Y88.338 E2428.29113
G1 X51.189 Y88.408
G0 F7200 X51.189 Y88.19
G0 X48.739 Y88.19
G0 X48.739 Y88.337
G1 F3000 X47.362 Y86.96 E2428.33971
G0 F7200 X46.98 Y86.96
G1 F3000 X45.603 Y88.337 E2428.38829
G1 X45.533 Y88.407
G0 F7200 X45.533 Y88.19
G0 X43.082 Y88.19
G0 X43.082 Y88.337
G1 F3000 X41.705 Y86.96 E2428.43686
G0 F7200 X41.323 Y86.96
G1 F3000 X39.947 Y88.337 E2428.48542
G1 X39.877 Y88.407
G0 F7200 X39.877 Y88.19
G0 X37.424 Y88.19
G0 X37.424 Y88.336
G1 F3000 X37.163 Y88.075 E2428.49463
G0 F7200 X37.311 Y88.076
G0 X37.311 Y85.463
G0 X37.164 Y85.462
G1 F3000 X38.54 Y84.086 E2428.54317
G0 F7200 X38.54 Y83.795
G1 F3000 X37.163 Y82.418 E2428.59175
G1 X37.093 Y82.348
G0 F7200 X37.311 Y82.349
G0 X37.311 Y79.806
G0 X37.164 Y79.805
G1 F3000 X38.54 Y78.429 E2428.64029
G0 F7200 X38.54 Y78.138
G1 F3000 X37.163 Y76.761 E2428.68887
G1 X37.093 Y76.691
G0 F7200 X37.311 Y76.692
G0 X37.311 Y74.15
G0 X37.163 Y74.149
G1 F3000 X38.54 Y72.773 E2428.73743
G0 F7200 X38.54 Y72.481
G1 F3000 X37.163 Y71.104 E2428.78601
G1 X37.093 Y71.034
G0 F7200 X37.311 Y71.035
G0 X37.311 Y68.493
G0 X37.163 Y68.492
G1 F3000 X38.54 Y67.116 E2428.83457
G0 F7200 X38.54 Y66.824
G1 F3000 X37.163 Y65.447 E2428.88314
G1 X37.093 Y65.377
G0 F7200 X37.311 Y65.378
G0 X37.311 Y62.837
G0 X37.163 Y62.836
G1 F3000 X38.54 Y61.459 E2428.93172
G0 F7200 X38.54 Y61.168
G1 F3000 X37.162 Y59.789 E2428.98035
G1 X37.092 Y59.719
G0 F7200 X37.311 Y59.72
G0 X37.311 Y57.18
G0 X37.163 Y57.179
G1 F3000 X38.54 Y55.802 E2429.02893
G0 F7200 X38.54 Y55.511
G1 F3000 X37.162 Y54.133 E2429.07754
G1 X37.092 Y54.063
G0 F7200 X37.311 Y54.064
G0 X37.311 Y51.524
G0 X37.163 Y51.523
G1 F3000 X38.54 Y50.145 E2429.12614
G0 F7200 X38.54 Y49.854
G1 F3000 X37.161 Y48.475 E2429.17479
G1 X37.091 Y48.405
G0 F7200 X37.312 Y48.406
G0 X37.312 Y45.867
G0 X37.162 Y45.866
G1 F3000 X38.54 Y44.488 E2429.2234
G0 F7200 X38.54 Y44.197
G1 F3000 X37.161 Y42.818 E2429.27205
G1 X37.091 Y42.748
G0 F7200 X37.312 Y42.749
G0 X37.312 Y40.211
G0 X37.162 Y40.21
G1 F3000 X38.54 Y38.831 E2429.32068
G0 F7200 X38.54 Y38.54
G1 F3000 X37.161 Y37.161 E2429.36932
G1 X37.091 Y37.091
G0 F7200 X37.312 Y37.092
G0 X37.312 Y34.554
G0 X37.161 Y34.553
G1 F3000 X38.54 Y33.175 E2429.41795
G0 F7200 X38.54 Y32.883
G1 F3000 X37.161 Y31.504 E2429.4666
G1 X37.091 Y31.434
G0 F7200 X37.312 Y31.435
G0 X37.312 Y28.898
G0 X37.161 Y28.897
G1 F3000 X38.54 Y27.518 E2429.51525
G0 F7200 X38.54 Y27.226
G1 F3000 X37.161 Y25.847 E2429.5639
G1 X37.091 Y25.777
G0 F7200 X37.312 Y25.778
G0 X37.312 Y23.241
G0 X37.161 Y23.24
G1 F3000 X38.54 Y21.861 E2429.61255
G0 F7200 X38.54 Y21.57
G1 F3000 X37.16 Y20.189 E2429.66125
G1 X37.09 Y20.119
G0 F7200 X37.312 Y20.12
G0 X37.312 Y17.585
G0 X37.161 Y17.584
G1 F3000 X38.54 Y16.204 E2429.70991
G0 F7200 X38.54 Y15.913
G1 F3000 X37.16 Y14.532 E2429.75861
G1 X37.09 Y14.462
G0 F7200 X37.312 Y14.463
G0 X62.707 Y88.23
G0 X63 Y88.353
;TYPE:WALL-INNER
G1 F2400 X63 Y11.682 E2431.67118
G1 X62.943 Y11.556 E2431.67463
G1 X62.84 Y11.5 E2431.67755
G1 X37.101 Y11.5 E2432.31962
G1 X37 Y11.624 E2432.32361
G1 X37 Y88.325 E2434.23692
G1 X37.042 Y88.445 E2434.24009
G1 X37.159 Y88.5 E2434.24332
G1 X62.822 Y88.5 E2434.88348
G1 X62.943 Y88.446 E2434.88679
G1 X63 Y88.353 E2434.88951
G0 F7200 X63.329 Y88.608
;TYPE:WALL-OUTER
G1 F1200 X63.4 Y88.429 E2434.89431
G1 X63.4 Y11.596 E2436.81092
G1 X63.266 Y11.3 E2436.81902
G1 X63.072 Y11.15 E2436.82514
G1 X62.896 Y11.1 E2436.82971
G1 X37.126 Y11.1 E2437.47254
G1 X36.821 Y11.211 E2437.48064
G1 X36.65 Y11.422 E2437.48741
G1 X36.6 Y11.603 E2437.4921
G1 X36.6 Y88.369 E2439.40703
G1 X36.642 Y88.552 E2439.41172
G1 X36.804 Y88.775 E2439.41859
G1 X37.069 Y88.9 E2439.4259
G1 X62.906 Y88.9 E2440.07041
G1 X63.189 Y88.775 E2440.07812
G1 X63.329 Y88.608 E2440.08356
G0 F7200 X63.4 Y88.429
G0 X63.4 Y88.422
G0 X62.707 Y88.23
G0 X61.32 Y86.82
;TYPE:SKIN
G1 F900 X38.68 Y86.82 E2440.64832
G1 X38.68 Y13.18 E2442.48527
G1 X61.32 Y13.18 E2443.05003
G1 X61.32 Y86.82 E2444.88699
G0 F7200 X39.102 Y86.62
G1 F900 X38.88 Y86.397 E2444.89484
G0 F7200 X38.88 Y85.831
G1 F900 X39.668 Y86.62 E2444.92265
G0 F7200 X40.234 Y86.62
G1 F900 X38.88 Y85.266 E2444.97042
G0 F7200 X38.88 Y84.7
G1 F900 X40.799 Y86.62 E2445.03814
G0 F7200 X41.365 Y86.62
G1 F900 X38.88 Y84.134 E2445.12582
G0 F7200 X38.88 Y83.569
G1 F900 X41.931 Y86.62 E2445.23345
G0 F7200 X42.496 Y86.62
G1 F900 X38.88 Y83.003 E2445.36103
G0 F7200 X38.88 Y82.437
G1 F900 X43.062 Y86.62 E2445.50858
G0 F7200 X43.628 Y86.62
G1 F900 X38.88 Y81.872 E2445.67608
G0 F7200 X38.88 Y81.306
G1 F900 X44.193 Y86.62 E2445.86353
G0 F7200 X44.759 Y86.62
G1 F900 X38.88 Y80.74 E2446.07094
G0 F7200 X38.88 Y80.175
G1 F900 X45.325 Y86.62 E2446.29831
G0 F7200 X45.891 Y86.62
G1 F900 X38.88 Y79.609 E2446.54564
G0 F7200 X38.88 Y79.043
G1 F900 X46.456 Y86.62 E2446.81292
G0 F7200 X47.022 Y86.62
G1 F900 X38.88 Y78.478 E2447.10015
G0 F7200 X38.88 Y77.912
G1 F900 X47.588 Y86.62 E2447.40735
G0 F7200 X48.153 Y86.62
G1 F900 X38.88 Y77.346 E2447.7345
G0 F7200 X38.88 Y76.78
G1 F900 X48.719 Y86.62 E2448.08161
G0 F7200 X49.285 Y86.62
G1 F900 X38.88 Y76.215 E2448.44868
G0 F7200 X38.88 Y75.649
G1 F900 X49.85 Y86.62 E2448.83569
G0 F7200 X50.416 Y86.62
G1 F900 X38.88 Y75.083 E2449.24267
G0 F7200 X38.88 Y74.518
G1 F900 X50.982 Y86.62 E2449.6696
G0 F7200 X51.547 Y86.62
G1 F900 X38.88 Y73.952 E2450.11648
G0 F7200 X38.88 Y73.386
G1 F900 X52.113 Y86.62 E2450.58333
G0 F7200 X52.679 Y86.62
G1 F900 X38.88 Y72.821 E2451.07013
G0 F7200 X38.88 Y72.255
G1 F900 X53.244 Y86.62 E2451.57688
G0 F7200 X53.81 Y86.62
G1 F900 X38.88 Y71.689 E2452.10359
G0 F7200 X38.88 Y71.124
G1 F900 X54.376 Y86.62 E2452.65025
G0 F7200 X54.941 Y86.62
G1 F900 X38.88 Y70.558 E2453.21687
G0 F7200 X38.88 Y69.992
G1 F900 X55.507 Y86.62 E2453.80345
G0 F7200 X56.073 Y86.62
G1 F900 X38.88 Y69.427 E2454.40997
G0 F7200 X38.88 Y68.861
G1 F900 X56.639 Y86.62 E2455.03647
G0 F7200 X57.204 Y86.62
G1 F900 X38.88 Y68.295 E2455.68292
G0 F7200 X38.88 Y67.73
G1 F900 X57.77 Y86.62 E2456.34931
G0 F7200 X58.336 Y86.62
G1 F900 X38.88 Y67.164 E2457.03568
G0 F7200 X38.88 Y66.598
G1 F900 X58.901 Y86.62 E2457.74199
G0 F7200 X59.467 Y86.62
G1 F900 X38.88 Y66.032 E2458.46827
G0 F7200 X38.88 Y65.467
G1 F900 X60.033 Y86.62 E2459.2145
G0 F7200 X60.598 Y86.62
G1 F900 X38.88 Y64.901 E2459.98068
G0 F7200 X38.88 Y64.335
G1 F900 X61.12 Y86.576 E2460.76527
G0 F7200 X61.12 Y86.01
G1 F900 X38.88 Y63.77 E2461.54985
G0 F7200 X38.88 Y63.204
G1 F900 X61.12 Y85.445 E2462.33444
G0 F7200 X61.12 Y84.879
G1 F900 X38.88 Y62.638 E2463.11903
G0 F7200 X38.88 Y62.073
G1 F900 X61.12 Y84.313 E2463.90361
G0 F7200 X61.12 Y83.748
G1 F900 X38.88 Y61.507 E2464.6882
G0 F7200 X38.88 Y60.941
G1 F900 X61.12 Y83.182 E2465.4728
G0 F7200 X61.12 Y82.616
G1 F900 X38.88 Y60.376 E2466.25737
G0 F7200 X38.88 Y59.81
G1 F900 X61.12 Y82.051 E2467.04197
G0 F7200 X61.12 Y81.485
G1 F900 X38.88 Y59.244 E2467.82656
G0 F7200 X38.88 Y58.679
G1 F900 X61.12 Y80.919 E2468.61114
G0 F7200 X61.12 Y80.353
G1 F900 X38.88 Y58.113 E2469.39571
G0 F7200 X38.88 Y57.547
G1 F900 X61.12 Y79.788 E2470.18031
G0 F7200 X61.12 Y79.222
G1 F900 X38.88 Y56.981 E2470.9649
G0 F7200 X38.88 Y56.416
G1 F900 X61.12 Y78.656 E2471.74948
G0 F7200 X61.12 Y78.091
G1 F900 X38.88 Y55.85 E2472.53407
G0 F7200 X38.88 Y55.284
G1 F900 X61.12 Y77.525 E2473.31866
G0 F7200 X61.12 Y76.959
G1 F900 X38.88 Y54.719 E2474.10324
G0 F7200 X38.88 Y54.153
G1 F900 X61.12 Y76.394 E2474.88783
G0 F7200 X61.12 Y75.828
G1 F900 X38.88 Y53.587 E2475.67243
G0 F7200 X38.88 Y53.022
G1 F900 X61.12 Y75.262 E2476.457
G0 F7200 X61.12 Y74.697
G1 F900 X38.88 Y52.456 E2477.2416
G0 F7200 X38.88 Y51.89
G1 F900 X61.12 Y74.131 E2478.02619
G0 F7200 X61.12 Y73.565
G1 F900 X38.88 Y51.325 E2478.81077
G0 F7200 X38.88 Y50.759
G1 F900 X61.12 Y73 E2479.59536
G0 F7200 X61.12 Y72.434
G1 F900 X38.88 Y50.193 E2480.37995
G0 F7200 X38.88 Y49.628
G1 F900 X61.12 Y71.868 E2481.16453
G0 F7200 X61.12 Y71.303
G1 F900 X38.88 Y49.062 E2481.94912
G0 F7200 X38.88 Y48.496
G1 F900 X61.12 Y70.737 E2482.73372
G0 F7200 X61.12 Y70.171
G1 F900 X38.88 Y47.931 E2483.51829
G0 F7200 X38.88 Y47.365
G1 F900 X61.12 Y69.605 E2484.30287
G0 F7200 X61.12 Y69.04
G1 F900 X38.88 Y46.799 E2485.08746
G0 F7200 X38.88 Y46.233
G1 F900 X61.12 Y68.474 E2485.87206
G0 F7200 X61.12 Y67.908
G1 F900 X38.88 Y45.668 E2486.65663
G0 F7200 X38.88 Y45.102
G1 F900 X61.12 Y67.343 E2487.44123
G0 F7200 X61.12 Y66.777
G1 F900 X38.88 Y44.536 E2488.22582
G0 F7200 X38.88 Y43.971
G1 F900 X61.12 Y66.211 E2489.0104
G0 F7200 X61.12 Y65.646
G1 F900 X38.88 Y43.405 E2489.79499
G0 F7200 X38.88 Y42.839
G1 F900 X61.12 Y65.08 E2490.57958
G0 F7200 X61.12 Y64.514
G1 F900 X38.88 Y42.274 E2491.36416
G0 F7200 X38.88 Y41.708
G1 F900 X61.12 Y63.949 E2492.14875
G0 F7200 X61.12 Y63.383
G1 F900 X38.88 Y41.142 E2492.93335
G0 F7200 X38.88 Y40.577
G1 F900 X61.12 Y62.817 E2493.71792
G0 F7200 X61.12 Y62.252
G1 F900 X38.88 Y40.011 E2494.50252
G0 F7200 X38.88 Y39.445
G1 F900 X61.12 Y61.686 E2495.28711
G0 F7200 X61.12 Y61.12
G1 F900 X38.88 Y38.88 E2496.07169
G0 F7200 X38.88 Y38.314
G1 F900 X61.12 Y60.555 E2496.85628
G0 F7200 X61.12 Y59.989
G1 F900 X38.88 Y37.748 E2497.64087
G0 F7200 X38.88 Y37.183
G1 F900 X61.12 Y59.423 E2498.42545
G0 F7200 X61.12 Y58.857
G1 F900 X38.88 Y36.617 E2499.21003
G0 F7200 X38.88 Y36.051
G1 F900 X61.12 Y58.292 E2499.99462
G0 F7200 X61.12 Y57.726
G1 F900 X38.88 Y35.485 E2500.77921
G0 F7200 X38.88 Y34.92
G1 F900 X61.12 Y57.16 E2501.56379
G0 F7200 X61.12 Y56.595
G1 F900 X38.88 Y34.354 E2502.34838
G0 F7200 X38.88 Y33.788
G1 F900 X61.12 Y56.029 E2503.13298
G0 F7200 X61.12 Y55.463
G1 F900 X38.88 Y33.223 E2503.91755
G0 F7200 X38.88 Y32.657
G1 F900 X61.12 Y54.898 E2504.70215
G0 F7200 X61.12 Y54.332
G1 F900 X38.88 Y32.091 E2505.48674
G0 F7200 X38.88 Y31.526
G1 F900 X61.12 Y53.766 E2506.27132
G0 F7200 X61.12 Y53.201
G1 F900 X38.88 Y30.96 E2507.05591
G0 F7200 X38.88 Y30.394
G1 F900 X61.12 Y52.635 E2507.8405
G0 F7200 X61.12 Y52.069
G1 F900 X38.88 Y29.829 E2508.62508
G0 F7200 X38.88 Y29.263
G1 F900 X61.12 Y51.504 E2509.40967
G0 F7200 X61.12 Y50.938
G1 F900 X38.88 Y28.697 E2510.19427
G0 F7200 X38.88 Y28.132
G1 F900 X61.12 Y50.372 E2510.97884
G0 F7200 X61.12 Y49.806
G1 F900 X38.88 Y27.566 E2511.76342
G0 F7200 X38.88 Y27
G1 F900 X61.12 Y49.241 E2512.54801
G0 F7200 X61.12 Y48.675
G1 F900 X38.88 Y26.434 E2513.33261
G0 F7200 X38.88 Y25.869
G1 F900 X61.12 Y48.109 E2514.11718
G0 F7200 X61.12 Y47.544
G1 F900 X38.88 Y25.303 E2514.90178
G0 F7200 X38.88 Y24.737
G1 F900 X61.12 Y46.978 E2515.68637
G0 F7200 X61.12 Y46.412
G1 F900 X38.88 Y24.172 E2516.47095
G0 F7200 X38.88 Y23.606
G1 F900 X61.12 Y45.847 E2517.25554
G0 F7200 X61.12 Y45.281
G1 F900 X38.88 Y23.04 E2518.04013
G0 F7200 X38.88 Y22.475
G1 F900 X61.12 Y44.715 E2518.82471
G0 F7200 X61.12 Y44.15
G1 F900 X38.88 Y21.909 E2519.6093
G0 F7200 X38.88 Y21.343
G1 F900 X61.12 Y43.584 E2520.3939
G0 F7200 X61.12 Y43.018
G1 F900 X38.88 Y20.778 E2521.17847
G0 F7200 X38.88 Y20.212
G1 F900 X61.12 Y42.453 E2521.96307
G0 F7200 X61.12 Y41.887
G1 F900 X38.88 Y19.646 E2522.74766
G0 F7200 X38.88 Y19.081
G1 F900 X61.12 Y41.321 E2523.53224
G0 F7200 X61.12 Y40.756
G1 F900 X38.88 Y18.515 E2524.31683
G0 F7200 X38.88 Y17.949
G1 F900 X61.12 Y40.19 E2525.10142
G0 F7200 X61.12 Y39.624
G1 F900 X38.88 Y17.384 E2525.886
G0 F7200 X38.88 Y16.818
G1 F900 X61.12 Y39.058 E2526.67058
G0 F7200 X61.12 Y38.493
G1 F900 X38.88 Y16.252 E2527.45517
G0 F7200 X38.88 Y15.686
G1 F900 X61.12 Y37.927 E2528.23976
G0 F7200 X61.12 Y37.361
G1 F900 X38.88 Y15.121 E2529.02434
G0 F7200 X38.88 Y14.555
G1 F900 X61.12 Y36.796 E2529.80893
G0 F7200 X61.12 Y36.23
G1 F900 X38.88 Y13.989 E2530.59353
G0 F7200 X38.88 Y13.424
G1 F900 X61.12 Y35.664 E2531.3781
G0 F7200 X61.12 Y35.099
G1 F900 X39.401 Y13.38 E2532.1443
G0 F7200 X39.967 Y13.38
G1 F900 X61.12 Y34.533 E2532.89053
G0 F7200 X61.12 Y33.967
G1 F900 X40.533 Y13.38 E2533.61679
G0 F7200 X41.098 Y13.38
G1 F900 X61.12 Y33.402 E2534.32312
G0 F7200 X61.12 Y32.836
G1 F900 X41.664 Y13.38 E2535.00948
G0 F7200 X42.23 Y13.38
G1 F900 X61.12 Y32.27 E2535.67588
G0 F7200 X61.12 Y31.705
G1 F900 X42.796 Y13.38 E2536.32233
G0 F7200 X43.361 Y13.38
G1 F900 X61.12 Y31.139 E2536.94882
G0 F7200 X61.12 Y30.573
G1 F900 X43.927 Y13.38 E2537.55535
G0 F7200 X44.493 Y13.38
G1 F900 X61.12 Y30.007 E2538.14191
G0 F7200 X61.12 Y29.442
G1 F900 X45.058 Y13.38 E2538.70854
G0 F7200 X45.624 Y13.38
G1 F900 X61.12 Y28.876 E2539.25521
G0 F7200 X61.12 Y28.31
G1 F900 X46.19 Y13.38 E2539.7819
G0 F7200 X46.755 Y13.38
G1 F900 X61.12 Y27.745 E2540.28867
G0 F7200 X61.12 Y27.179
G1 F900 X47.321 Y13.38 E2540.77547
G0 F7200 X47.887 Y13.38
G1 F900 X61.12 Y26.613 E2541.2423
G0 F7200 X61.12 Y26.048
G1 F900 X48.452 Y13.38 E2541.68919
G0 F7200 X49.018 Y13.38
G1 F900 X61.12 Y25.482 E2542.11612
G0 F7200 X61.12 Y24.916
G1 F900 X49.584 Y13.38 E2542.52309
G0 F7200 X50.149 Y13.38
G1 F900 X61.12 Y24.351 E2542.91012
G0 F7200 X61.12 Y23.785
G1 F900 X50.715 Y13.38 E2543.27718
G0 F7200 X51.281 Y13.38
G1 F900 X61.12 Y23.219 E2543.62428
G0 F7200 X61.12 Y22.654
G1 F900 X51.846 Y13.38 E2543.95145
G0 F7200 X52.412 Y13.38
G1 F900 X61.12 Y22.088 E2544.25864
G0 F7200 X61.12 Y21.522
G1 F900 X52.978 Y13.38 E2544.54588
G0 F7200 X53.544 Y13.38
G1 F900 X61.12 Y20.957 E2544.81316
G0 F7200 X61.12 Y20.391
G1 F900 X54.109 Y13.38 E2545.06049
G0 F7200 X54.675 Y13.38
G1 F900 X61.12 Y19.825 E2545.28785
G0 F7200 X61.12 Y19.259
G1 F900 X55.241 Y13.38 E2545.49525
G0 F7200 X55.806 Y13.38
G1 F900 X61.12 Y18.694 E2545.68272
G0 F7200 X61.12 Y18.128
G1 F900 X56.372 Y13.38 E2545.85022
G0 F7200 X56.938 Y13.38
G1 F900 X61.12 Y17.562 E2545.99775
G0 F7200 X61.12 Y16.997
G1 F900 X57.503 Y13.38 E2546.12535
G0 F7200 X58.069 Y13.38
G1 F900 X61.12 Y16.431 E2546.23298
G0 F7200 X61.12 Y15.865
G1 F900 X58.635 Y13.38 E2546.32064
G0 F7200 X59.2 Y13.38
G1 F900 X61.12 Y15.3 E2546.38838
G0 F7200 X61.12 Y14.734
G1 F900 X59.766 Y13.38 E2546.43614
G0 F7200 X60.332 Y13.38
G1 F900 X61.12 Y14.168 E2546.46394
G0 F7200 X61.12 Y13.603
G1 F900 X60.897 Y13.38 E2546.47181
;MESH:NONMESH
G0 F600 Z3.785
G0 F7200 X37.312 Y11.928
G0 X37.161 Y11.927
;TIME_ELAPSED:5750.252566
;LAYER:17
;TYPE:FILL
;MESH:luckfox_bottom.stl
G1 F3000 X37.428 Y11.659 E2546.48125
G0 F7200 X37.427 Y11.811
G0 X39.943 Y11.811
G0 X39.944 Y11.66
G1 F3000 X41.324 Y13.04 E2546.52993
G0 F7200 X41.704 Y13.04
G1 F3000 X43.085 Y11.659 E2546.57865
G1 X43.155 Y11.589
G0 F7200 X43.154 Y11.811
G0 X45.6 Y11.811
G0 X45.601 Y11.66
G1 F3000 X46.981 Y13.04 E2546.62733
G0 F7200 X47.361 Y13.04
G1 F3000 X48.742 Y11.659 E2546.67605
G1 X48.812 Y11.589
G0 F7200 X48.811 Y11.811
G0 X51.257 Y11.812
G0 X51.258 Y11.66
G1 F3000 X52.638 Y13.04 E2546.72473
G0 F7200 X53.017 Y13.04
G1 F3000 X54.398 Y11.659 E2546.77345
G1 X54.468 Y11.589
G0 F7200 X54.467 Y11.812
G0 X56.914 Y11.812
G0 X56.915 Y11.66
G1 F3000 X58.295 Y13.04 E2546.82213
G0 F7200 X58.674 Y13.04
G1 F3000 X60.055 Y11.659 E2546.87085
G1 X60.125 Y11.589
G0 F7200 X60.124 Y11.812
G0 X62.571 Y11.812
G0 X62.572 Y11.66
G1 F3000 X62.84 Y11.928 E2546.88031
G0 F7200 X62.69 Y11.928
G0 X62.69 Y14.532
G0 X62.84 Y14.532
G1 F3000 X61.46 Y15.911 E2546.92897
G0 F7200 X61.46 Y16.205
G1 F3000 X62.84 Y17.585 E2546.97766
G1 X62.91 Y17.655
G0 F7200 X62.69 Y17.655
G0 X62.69 Y20.189
G0 X62.84 Y20.189
G1 F3000 X61.46 Y21.568 E2547.02632
G0 F7200 X61.46 Y21.862
G1 F3000 X62.84 Y23.242 E2547.075
G1 X62.91 Y23.312
G0 F7200 X62.69 Y23.312
G0 X62.69 Y25.845
G0 X62.84 Y25.845
G1 F3000 X61.46 Y27.225 E2547.12369
G0 F7200 X61.46 Y27.518
G1 F3000 X62.84 Y28.899 E2547.17239
G1 X62.91 Y28.969
G0 F7200 X62.69 Y28.969
G0 X62.69 Y31.502
G0 X62.84 Y31.502
G1 F3000 X61.46 Y32.882 E2547.22107
G0 F7200 X61.46 Y33.175
G1 F3000 X62.84 Y34.556 E2547.26977
G1 X62.91 Y34.626
G0 F7200 X62.69 Y34.626
G0 X62.69 Y37.159
G0 X62.84 Y37.159
G1 F3000 X61.46 Y38.539 E2547.31846
G0 F7200 X61.46 Y38.832
G1 F3000 X62.84 Y40.212 E2547.36714
G1 X62.91 Y40.282
G0 F7200 X62.69 Y40.282
G0 X62.69 Y42.816
G0 X62.84 Y42.816
G1 F3000 X61.46 Y44.196 E2547.41582
G0 F7200 X61.46 Y44.489
G1 F3000 X62.84 Y45.869 E2547.46451
G1 X62.91 Y45.939
G0 F7200 X62.69 Y45.939
G0 X62.69 Y48.473
G0 X62.84 Y48.473
G1 F3000 X61.46 Y49.852 E2547.51317
G0 F7200 X61.46 Y50.146
G1 F3000 X62.84 Y51.526 E2547.56185
G1 X62.91 Y51.596
G0 F7200 X62.69 Y51.596
G0 X62.69 Y54.13
G0 X62.84 Y54.13
G1 F3000 X61.46 Y55.509 E2547.61052
G0 F7200 X61.46 Y55.803
G1 F3000 X62.84 Y57.183 E2547.6592
G1 X62.91 Y57.253
G0 F7200 X62.69 Y57.253
G0 X62.69 Y59.787
G0 X62.84 Y59.787
G1 F3000 X61.46 Y61.166 E2547.70787
G0 F7200 X61.46 Y61.46
G1 F3000 X62.84 Y62.84 E2547.75655
G1 X62.91 Y62.91
G0 F7200 X62.69 Y62.91
G0 X62.69 Y65.443
G0 X62.84 Y65.443
G1 F3000 X61.46 Y66.823 E2547.80524
G0 F7200 X61.46 Y67.116
G1 F3000 X62.84 Y68.497 E2547.85394
G1 X62.91 Y68.567
G0 F7200 X62.69 Y68.567
G0 X62.69 Y71.1
G0 X62.84 Y71.1
G1 F3000 X61.46 Y72.48 E2547.90262
G0 F7200 X61.46 Y72.773
G1 F3000 X62.84 Y74.154 E2547.95132
G1 X62.91 Y74.224
G0 F7200 X62.69 Y74.224
G0 X62.69 Y76.757
G0 X62.84 Y76.757
G1 F3000 X61.46 Y78.137 E2548
G0 F7200 X61.46 Y78.43
G1 F3000 X62.84 Y79.81 E2548.04869
G1 X62.91 Y79.88
G0 F7200 X62.69 Y79.88
G0 X62.69 Y82.414
G0 X62.84 Y82.414
G1 F3000 X61.46 Y83.794 E2548.09737
G0 F7200 X61.46 Y84.087
G1 F3000 X62.84 Y85.467 E2548.14605
G1 X62.91 Y85.537
G0 F7200 X62.69 Y85.537
G0 X62.69 Y88.071
G0 X62.84 Y88.071
G1 F3000 X62.571 Y88.34 E2548.15554
G0 F7200 X62.571 Y88.19
G0 X60.055 Y88.19
G0 X60.055 Y88.339
G1 F3000 X58.676 Y86.96 E2548.20419
G0 F7200 X58.294 Y86.96
G1 F3000 X56.915 Y88.339 E2548.25284
G1 X56.845 Y88.409
G0 F7200 X56.845 Y88.19
G0 X54.396 Y88.19
G0 X54.396 Y88.337
G1 F3000 X53.019 Y86.96 E2548.30142
G0 F7200 X52.637 Y86.96
G1 F3000 X51.26 Y88.337 E2548.34999
G1 X51.19 Y88.407
G0 F7200 X51.19 Y88.19
G0 X48.738 Y88.19
G0 X48.738 Y88.336
G1 F3000 X47.362 Y86.96 E2548.39854
G0 F7200 X46.98 Y86.96
G1 F3000 X45.604 Y88.336 E2548.44708
G1 X45.534 Y88.406
G0 F7200 X45.534 Y88.19
G0 X43.08 Y88.19
G0 X43.08 Y88.335
G1 F3000 X41.705 Y86.96 E2548.49558
G0 F7200 X41.323 Y86.96
G1 F3000 X39.949 Y88.335 E2548.54407
G1 X39.879 Y88.405
G0 F7200 X39.879 Y88.19
G0 X37.422 Y88.19
G0 X37.422 Y88.334
G1 F3000 X37.16 Y88.072 E2548.55332
G0 F7200 X37.311 Y88.073
G0 X37.311 Y85.467
G0 X37.161 Y85.466
G1 F3000 X38.54 Y84.086 E2548.60198
G0 F7200 X38.54 Y83.795
G1 F3000 X37.16 Y82.415 E2548.65067
G1 X37.09 Y82.345
G0 F7200 X37.311 Y82.346
G0 X37.311 Y79.81
G0 X37.161 Y79.809
G1 F3000 X38.54 Y78.429 E2548.69933
G0 F7200 X38.54 Y78.138
G1 F3000 X37.16 Y76.758 E2548.74801
G1 X37.09 Y76.688
G0 F7200 X37.311 Y76.689
G0 X37.311 Y74.153
G0 X37.161 Y74.152
G1 F3000 X38.54 Y72.773 E2548.79666
G0 F7200 X38.54 Y72.481
G1 F3000 X37.16 Y71.101 E2548.84535
G1 X37.09 Y71.031
G0 F7200 X37.311 Y71.032
G0 X37.311 Y68.496
G0 X37.161 Y68.495
G1 F3000 X38.54 Y67.116 E2548.89399
G0 F7200 X38.54 Y66.824
G1 F3000 X37.16 Y65.444 E2548.94268
G1 X37.09 Y65.374
G0 F7200 X37.311 Y65.375
G0 X37.311 Y62.839
G0 X37.161 Y62.838
G1 F3000 X38.54 Y61.459 E2548.99132
G0 F7200 X38.54 Y61.168
G1 F3000 X37.16 Y59.787 E2549.04003
G1 X37.09 Y59.717
G0 F7200 X37.311 Y59.718
G0 X37.311 Y57.183
G0 X37.161 Y57.182
G1 F3000 X38.54 Y55.802 E2549.08869
G0 F7200 X38.54 Y55.511
G1 F3000 X37.16 Y54.13 E2549.13739
G1 X37.09 Y54.06
G0 F7200 X37.311 Y54.061
G0 X37.311 Y51.526
G0 X37.161 Y51.525
G1 F3000 X38.54 Y50.145 E2549.18606
G0 F7200 X38.54 Y49.854
G1 F3000 X37.16 Y48.474 E2549.23474
G1 X37.09 Y48.404
G0 F7200 X37.312 Y48.405
G0 X37.312 Y45.869
G0 X37.161 Y45.868
G1 F3000 X38.54 Y44.488 E2549.28341
G0 F7200 X38.54 Y44.197
G1 F3000 X37.16 Y42.817 E2549.33209
G1 X37.09 Y42.747
G0 F7200 X37.312 Y42.748
G0 X37.312 Y40.212
G0 X37.161 Y40.211
G1 F3000 X38.54 Y38.831 E2549.38075
G0 F7200 X38.54 Y38.54
G1 F3000 X37.16 Y37.16 E2549.42944
G1 X37.09 Y37.09
G0 F7200 X37.312 Y37.091
G0 X37.312 Y34.555
G0 X37.161 Y34.554
G1 F3000 X38.54 Y33.175 E2549.47809
G0 F7200 X38.54 Y32.883
G1 F3000 X37.16 Y31.503 E2549.52677
G1 X37.09 Y31.433
G0 F7200 X37.312 Y31.434
G0 X37.312 Y28.898
G0 X37.161 Y28.897
G1 F3000 X38.54 Y27.518 E2549.57542
G0 F7200 X38.54 Y27.226
G1 F3000 X37.16 Y25.846 E2549.6241
G1 X37.09 Y25.776
G0 F7200 X37.312 Y25.777
G0 X37.312 Y23.241
G0 X37.161 Y23.24
G1 F3000 X38.54 Y21.861 E2549.67275
G0 F7200 X38.54 Y21.57
G1 F3000 X37.16 Y20.189 E2549.72145
G1 X37.09 Y20.119
G0 F7200 X37.312 Y20.12
G0 X37.312 Y17.585
G0 X37.161 Y17.584
G1 F3000 X38.54 Y16.204 E2549.77011
G0 F7200 X38.54 Y15.913
G1 F3000 X37.16 Y14.532 E2549.81882
G1 X37.09 Y14.462
G0 F7200 X37.312 Y14.463
G0 X62.693 Y88.262
G0 X63 Y88.328
;TYPE:WALL-INNER
G1 F2400 X63 Y11.647 E2551.73163
G1 X62.902 Y11.5 E2551.73604
G1 X37.171 Y11.5 E2552.3779
G1 X37.076 Y11.529 E2552.38038
G1 X37 Y11.658 E2552.38411
G1 X37.006 Y88.366 E2554.2976
G1 X37.052 Y88.444 E2554.29986
G1 X37.197 Y88.5 E2554.30374
G1 X62.848 Y88.499 E2554.94361
G1 X62.943 Y88.444 E2554.94634
G1 X63 Y88.328 E2554.94957
G0 F7200 X63.266 Y88.697
;TYPE:WALL-OUTER
G1 F1200 X63.4 Y88.418 E2554.95729
G1 X63.4 Y11.576 E2556.87412
G1 X63.332 Y11.391 E2556.87904
G1 X63.177 Y11.211 E2556.88496
G1 X62.891 Y11.1 E2556.89261
G1 X37.127 Y11.1 E2557.5353
G1 X36.948 Y11.14 E2557.53988
G1 X36.807 Y11.225 E2557.54398
G1 X36.65 Y11.425 E2557.55033
G1 X36.6 Y11.604 E2557.55496
G1 X36.6 Y88.463 E2559.47222
G1 X36.751 Y88.724 E2559.47974
G1 X36.934 Y88.849 E2559.48527
G1 X37.151 Y88.9 E2559.49083
G1 X62.92 Y88.899 E2560.13364
G1 X63.102 Y88.831 E2560.13848
G1 X63.266 Y88.697 E2560.14377
G0 F7200 X63.352 Y88.517
G0 X62.693 Y88.262
G0 X61.32 Y86.82
;TYPE:SKIN
G1 F900 X38.68 Y86.82 E2560.70852
G1 X38.68 Y13.18 E2562.54548
G1 X61.32 Y13.18 E2563.11024
G1 X61.32 Y86.82 E2564.9472
G0 F7200 X61.024 Y86.62
G1 F900 X61.119 Y86.524 E2564.95056
G0 F7200 X61.119 Y85.959
G1 F900 X60.458 Y86.62 E2564.97388
G0 F7200 X59.893 Y86.62
G1 F900 X61.119 Y85.393 E2565.01715
G0 F7200 X61.119 Y84.827
G1 F900 X59.327 Y86.62 E2565.08039
G0 F7200 X58.761 Y86.62
G1 F900 X61.119 Y84.262 E2565.16357
G0 F7200 X61.119 Y83.696
G1 F900 X58.196 Y86.62 E2565.26671
G0 F7200 X57.63 Y86.62
G1 F900 X61.119 Y83.13 E2565.38981
G0 F7200 X61.119 Y82.565
G1 F900 X57.064 Y86.62 E2565.53286
G0 F7200 X56.499 Y86.62
G1 F900 X61.119 Y81.999 E2565.69586
G0 F7200 X61.119 Y81.433
G1 F900 X55.933 Y86.62 E2565.87883
G0 F7200 X55.367 Y86.62
G1 F900 X61.119 Y80.868 E2566.08174
G0 F7200 X61.119 Y80.302
G1 F900 X54.801 Y86.62 E2566.30463
G0 F7200 X54.236 Y86.62
G1 F900 X61.119 Y79.736 E2566.54746
G0 F7200 X61.119 Y79.171
G1 F900 X53.67 Y86.62 E2566.81025
G0 F7200 X53.104 Y86.62
G1 F900 X61.119 Y78.605 E2567.093
G0 F7200 X61.119 Y78.039
G1 F900 X52.539 Y86.62 E2567.3957
G0 F7200 X51.973 Y86.62
G1 F900 X61.119 Y77.473 E2567.71837
G0 F7200 X61.119 Y76.908
G1 F900 X51.407 Y86.62 E2568.06098
G0 F7200 X50.842 Y86.62
G1 F900 X61.119 Y76.342 E2568.42355
G0 F7200 X61.119 Y75.776
G1 F900 X50.276 Y86.62 E2568.80608
G0 F7200 X49.71 Y86.62
G1 F900 X61.119 Y75.211 E2569.20857
G0 F7200 X61.119 Y74.645
G1 F900 X49.145 Y86.62 E2569.631
G0 F7200 X48.579 Y86.62
G1 F900 X61.119 Y74.079 E2570.0734
G0 F7200 X61.119 Y73.514
G1 F900 X48.013 Y86.62 E2570.53575
G0 F7200 X47.448 Y86.62
G1 F900 X61.119 Y72.948 E2571.01805
G0 F7200 X61.119 Y72.382
G1 F900 X46.882 Y86.62 E2571.52031
G0 F7200 X46.316 Y86.62
G1 F900 X61.119 Y71.817 E2572.04253
G0 F7200 X61.119 Y71.251
G1 F900 X45.751 Y86.62 E2572.58469
G0 F7200 X45.185 Y86.62
G1 F900 X61.119 Y70.685 E2573.14683
G0 F7200 X61.119 Y70.12
G1 F900 X44.619 Y86.62 E2573.72891
G0 F7200 X44.053 Y86.62
G1 F900 X61.119 Y69.554 E2574.33096
G0 F7200 X61.119 Y68.988
G1 F900 X43.488 Y86.62 E2574.95296
G0 F7200 X42.922 Y86.62
G1 F900 X61.119 Y68.422 E2575.59492
G0 F7200 X61.119 Y67.857
G1 F900 X42.356 Y86.62 E2576.25684
G0 F7200 X41.791 Y86.62
G1 F900 X61.119 Y67.291 E2576.9387
G0 F7200 X61.119 Y66.725
G1 F900 X41.225 Y86.62 E2577.64054
G0 F7200 X40.659 Y86.62
G1 F900 X61.119 Y66.16 E2578.36232
G0 F7200 X61.119 Y65.594
G1 F900 X40.094 Y86.62 E2579.10405
G0 F7200 X39.528 Y86.62
G1 F900 X61.119 Y65.028 E2579.86575
G0 F7200 X61.119 Y64.463
G1 F900 X38.962 Y86.62 E2580.6474
G0 F7200 X38.88 Y86.136
G1 F900 X61.119 Y63.897 E2581.43194
G0 F7200 X61.119 Y63.331
G1 F900 X38.88 Y85.571 E2582.21649
G0 F7200 X38.88 Y85.005
G1 F900 X61.119 Y62.766 E2583.00104
G0 F7200 X61.119 Y62.2
G1 F900 X38.88 Y84.439 E2583.78558
G0 F7200 X38.88 Y83.873
G1 F900 X61.119 Y61.634 E2584.57012
G0 F7200 X61.119 Y61.069
G1 F900 X38.88 Y83.308 E2585.35466
G0 F7200 X38.88 Y82.742
G1 F900 X61.119 Y60.503 E2586.1392
G0 F7200 X61.119 Y59.937
G1 F900 X38.88 Y82.176 E2586.92374
G0 F7200 X38.88 Y81.611
G1 F900 X61.119 Y59.372 E2587.70828
G0 F7200 X61.119 Y58.806
G1 F900 X38.88 Y81.045 E2588.49282
G0 F7200 X38.88 Y80.479
G1 F900 X61.119 Y58.24 E2589.27736
G0 F7200 X61.119 Y57.674
G1 F900 X38.88 Y79.914 E2590.06192
G0 F7200 X38.88 Y79.348
G1 F900 X61.119 Y57.109 E2590.84646
G0 F7200 X61.119 Y56.543
G1 F900 X38.88 Y78.782 E2591.631
G0 F7200 X38.88 Y78.217
G1 F900 X61.119 Y55.977 E2592.41556
G0 F7200 X61.119 Y55.412
G1 F900 X38.88 Y77.651 E2593.2001
G0 F7200 X38.88 Y77.085
G1 F900 X61.119 Y54.846 E2593.98464
G0 F7200 X61.119 Y54.28
G1 F900 X38.88 Y76.52 E2594.7692
G0 F7200 X38.88 Y75.954
G1 F900 X61.119 Y53.715 E2595.55374
G0 F7200 X61.119 Y53.149
G1 F900 X38.88 Y75.388 E2596.33828
G0 F7200 X38.88 Y74.823
G1 F900 X61.119 Y52.583 E2597.12284
G0 F7200 X61.119 Y52.018
G1 F900 X38.88 Y74.257 E2597.90738
G0 F7200 X38.88 Y73.691
G1 F900 X61.119 Y51.452 E2598.69192
G0 F7200 X61.119 Y50.886
G1 F900 X38.88 Y73.125 E2599.47646
G0 F7200 X38.88 Y72.56
G1 F900 X61.119 Y50.321 E2600.261
G0 F7200 X61.119 Y49.755
G1 F900 X38.88 Y71.994 E2601.04554
G0 F7200 X38.88 Y71.428
G1 F900 X61.119 Y49.189 E2601.83008
G0 F7200 X61.119 Y48.623
G1 F900 X38.88 Y70.863 E2602.61464
G0 F7200 X38.88 Y70.297
G1 F900 X61.119 Y48.058 E2603.39918
G0 F7200 X61.119 Y47.492
G1 F900 X38.88 Y69.731 E2604.18372
G0 F7200 X38.88 Y69.166
G1 F900 X61.119 Y46.926 E2604.96828
G0 F7200 X61.119 Y46.361
G1 F900 X38.88 Y68.6 E2605.75282
G0 F7200 X38.88 Y68.034
G1 F900 X61.119 Y45.795 E2606.53736
G0 F7200 X61.119 Y45.229
G1 F900 X38.88 Y67.469 E2607.32192
G0 F7200 X38.88 Y66.903
G1 F900 X61.119 Y44.664 E2608.10646
G0 F7200 X61.119 Y44.098
G1 F900 X38.88 Y66.337 E2608.891
G0 F7200 X38.88 Y65.772
G1 F900 X61.119 Y43.532 E2609.67556
G0 F7200 X61.119 Y42.967
G1 F900 X38.88 Y65.206 E2610.4601
G0 F7200 X38.88 Y64.64
G1 F900 X61.119 Y42.401 E2611.24464
G0 F7200 X61.119 Y41.835
G1 F900 X38.88 Y64.074 E2612.02919
G0 F7200 X38.88 Y63.509
G1 F900 X61.119 Y41.27 E2612.81373
G0 F7200 X61.119 Y40.704
G1 F900 X38.88 Y62.943 E2613.59827
G0 F7200 X38.88 Y62.377
G1 F900 X61.119 Y40.138 E2614.38281
G0 F7200 X61.119 Y39.573
G1 F900 X38.88 Y61.812 E2615.16735
G0 F7200 X38.88 Y61.246
G1 F900 X61.119 Y39.007 E2615.95189
G0 F7200 X61.119 Y38.441
G1 F900 X38.88 Y60.68 E2616.73643
G0 F7200 X38.88 Y60.115
G1 F900 X61.119 Y37.875 E2617.52099
G0 F7200 X61.119 Y37.31
G1 F900 X38.88 Y59.549 E2618.30553
G0 F7200 X38.88 Y58.983
G1 F900 X61.119 Y36.744 E2619.09007
G0 F7200 X61.119 Y36.178
G1 F900 X38.88 Y58.418 E2619.87463
G0 F7200 X38.88 Y57.852
G1 F900 X61.119 Y35.613 E2620.65917
G0 F7200 X61.119 Y35.047
G1 F900 X38.88 Y57.286 E2621.44371
G0 F7200 X38.88 Y56.721
G1 F900 X61.119 Y34.481 E2622.22827
G0 F7200 X61.119 Y33.916
G1 F900 X38.88 Y56.155 E2623.01281
G0 F7200 X38.88 Y55.589
G1 F900 X61.119 Y33.35 E2623.79735
G0 F7200 X61.119 Y32.784
G1 F900 X38.88 Y55.024 E2624.58191
G0 F7200 X38.88 Y54.458
G1 F900 X61.119 Y32.219 E2625.36645
G0 F7200 X61.119 Y31.653
G1 F900 X38.88 Y53.892 E2626.15099
G0 F7200 X38.88 Y53.326
G1 F900 X61.119 Y31.087 E2626.93553
G0 F7200 X61.119 Y30.522
G1 F900 X38.88 Y52.761 E2627.72007
G0 F7200 X38.88 Y52.195
G1 F900 X61.119 Y29.956 E2628.50461
G0 F7200 X61.119 Y29.39
G1 F900 X38.88 Y51.629 E2629.28915
G0 F7200 X38.88 Y51.064
G1 F900 X61.119 Y28.825 E2630.07369
G0 F7200 X61.119 Y28.259
G1 F900 X38.88 Y50.498 E2630.85823
G0 F7200 X38.88 Y49.932
G1 F900 X61.119 Y27.693 E2631.64278
G0 F7200 X61.119 Y27.127
G1 F900 X38.88 Y49.367 E2632.42733
G0 F7200 X38.88 Y48.801
G1 F900 X61.119 Y26.562 E2633.21187
G0 F7200 X61.119 Y25.996
G1 F900 X38.88 Y48.235 E2633.99642
G0 F7200 X38.88 Y47.67
G1 F900 X61.119 Y25.43 E2634.78097
G0 F7200 X61.119 Y24.865
G1 F900 X38.88 Y47.104 E2635.56551
G0 F7200 X38.88 Y46.538
G1 F900 X61.119 Y24.299 E2636.35006
G0 F7200 X61.119 Y23.733
G1 F900 X38.88 Y45.973 E2637.13461
G0 F7200 X38.88 Y45.407
G1 F900 X61.119 Y23.168 E2637.91915
G0 F7200 X61.119 Y22.602
G1 F900 X38.88 Y44.841 E2638.7037
G0 F7200 X38.88 Y44.275
G1 F900 X61.119 Y22.036 E2639.48824
G0 F7200 X61.119 Y21.471
G1 F900 X38.88 Y43.71 E2640.27278
G0 F7200 X38.88 Y43.144
G1 F900 X61.119 Y20.905 E2641.05732
G0 F7200 X61.119 Y20.339
G1 F900 X38.88 Y42.578 E2641.84186
G0 F7200 X38.88 Y42.013
G1 F900 X61.119 Y19.774 E2642.6264
G0 F7200 X61.119 Y19.208
G1 F900 X38.88 Y41.447 E2643.41094
G0 F7200 X38.88 Y40.881
G1 F900 X61.119 Y18.642 E2644.19548
G0 F7200 X61.119 Y18.076
G1 F900 X38.88 Y40.316 E2644.98004
G0 F7200 X38.88 Y39.75
G1 F900 X61.119 Y17.511 E2645.76458
G0 F7200 X61.119 Y16.945
G1 F900 X38.88 Y39.184 E2646.54912
G0 F7200 X38.88 Y38.619
G1 F900 X61.119 Y16.379 E2647.33368
G0 F7200 X61.119 Y15.814
G1 F900 X38.88 Y38.053 E2648.11822
G0 F7200 X38.88 Y37.487
G1 F900 X61.119 Y15.248 E2648.90276
G0 F7200 X61.119 Y14.682
G1 F900 X38.88 Y36.922 E2649.68732
G0 F7200 X38.88 Y36.356
G1 F900 X61.119 Y14.117 E2650.47186
G0 F7200 X61.119 Y13.551
G1 F900 X38.88 Y35.79 E2651.2564
G0 F7200 X38.88 Y35.225
G1 F900 X60.725 Y13.38 E2652.02704
G0 F7200 X60.159 Y13.38
G1 F900 X38.88 Y34.659 E2652.77772
G0 F7200 X38.88 Y34.093
G1 F900 X59.594 Y13.38 E2653.50844
G0 F7200 X59.028 Y13.38
G1 F900 X38.88 Y33.527 E2654.2192
G0 F7200 X38.88 Y32.962
G1 F900 X58.462 Y13.38 E2654.91001
G0 F7200 X57.896 Y13.38
G1 F900 X38.88 Y32.396 E2655.58085
G0 F7200 X38.88 Y31.83
G1 F900 X57.331 Y13.38 E2656.23174
G0 F7200 X56.765 Y13.38
G1 F900 X38.88 Y31.265 E2656.86268
G0 F7200 X38.88 Y30.699
G1 F900 X56.199 Y13.38 E2657.47365
G0 F7200 X55.634 Y13.38
G1 F900 X38.88 Y30.133 E2658.06468
G0 F7200 X38.88 Y29.568
G1 F900 X55.068 Y13.38 E2658.63576
G0 F7200 X54.502 Y13.38
G1 F900 X38.88 Y29.002 E2659.18686
G0 F7200 X38.88 Y28.436
G1 F900 X53.937 Y13.38 E2659.71802
G0 F7200 X53.371 Y13.38
G1 F900 X38.88 Y27.871 E2660.22923
G0 F7200 X38.88 Y27.305
G1 F900 X52.805 Y13.38 E2660.72047
G0 F7200 X52.24 Y13.38
G1 F900 X38.88 Y26.739 E2661.19177
G0 F7200 X38.88 Y26.174
G1 F900 X51.674 Y13.38 E2661.64311
G0 F7200 X51.108 Y13.38
G1 F900 X38.88 Y25.608 E2662.07448
G0 F7200 X38.88 Y25.042
G1 F900 X50.543 Y13.38 E2662.48591
G0 F7200 X49.977 Y13.38
G1 F900 X38.88 Y24.477 E2662.87739
G0 F7200 X38.88 Y23.911
G1 F900 X49.411 Y13.38 E2663.2489
G0 F7200 X48.846 Y13.38
G1 F900 X38.88 Y23.345 E2663.60046
G0 F7200 X38.88 Y22.779
G1 F900 X48.28 Y13.38 E2663.93205
G0 F7200 X47.714 Y13.38
G1 F900 X38.88 Y22.214 E2664.24369
G0 F7200 X38.88 Y21.648
G1 F900 X47.148 Y13.38 E2664.53537
G0 F7200 X46.583 Y13.38
G1 F900 X38.88 Y21.082 E2664.80709
G0 F7200 X38.88 Y20.517
G1 F900 X46.017 Y13.38 E2665.05887
G0 F7200 X45.451 Y13.38
G1 F900 X38.88 Y19.951 E2665.29068
G0 F7200 X38.88 Y19.385
G1 F900 X44.886 Y13.38 E2665.50254
G0 F7200 X44.32 Y13.38
G1 F900 X38.88 Y18.82 E2665.69445
G0 F7200 X38.88 Y18.254
G1 F900 X43.754 Y13.38 E2665.8664
G0 F7200 X43.189 Y13.38
G1 F900 X38.88 Y17.688 E2666.01839
G0 F7200 X38.88 Y17.123
G1 F900 X42.623 Y13.38 E2666.15043
G0 F7200 X42.057 Y13.38
G1 F900 X38.88 Y16.557 E2666.26251
G0 F7200 X38.88 Y15.991
G1 F900 X41.492 Y13.38 E2666.35464
G0 F7200 X40.926 Y13.38
G1 F900 X38.88 Y15.426 E2666.42682
G0 F7200 X38.88 Y14.86
G1 F900 X40.36 Y13.38 E2666.47903
G0 F7200 X39.795 Y13.38
G1 F900 X38.88 Y14.294 E2666.51129
G0 F7200 X38.88 Y13.728
G1 F900 X39.229 Y13.38 E2666.52358
;MESH:NONMESH
G0 F600 Z3.935
G0 F7200 X37.312 Y11.926
G0 X37.163 Y11.925
;TIME_ELAPSED:6060.443943
;LAYER:18
;TYPE:FILL
;MESH:luckfox_bottom.stl
G1 F3000 X37.427 Y11.66 E2666.53292
G0 F7200 X37.427 Y11.811
G0 X39.945 Y11.811
G0 X39.945 Y11.661
G1 F3000 X41.324 Y13.04 E2666.58156
G0 F7200 X41.704 Y13.04
G1 F3000 X43.084 Y11.66 E2666.63025
G1 X43.154 Y11.59
G0 F7200 X43.154 Y11.811
G0 X45.603 Y11.811
G0 X45.603 Y11.662
G1 F3000 X46.981 Y13.04 E2666.67886
G0 F7200 X47.361 Y13.04
G1 F3000 X48.74 Y11.661 E2666.72751
G1 X48.81 Y11.591
G0 F7200 X48.81 Y11.811
G0 X51.26 Y11.811
G0 X51.26 Y11.662
G1 F3000 X52.638 Y13.04 E2666.77612
G0 F7200 X53.018 Y13.04
G1 F3000 X54.396 Y11.662 E2666.82473
G1 X54.466 Y11.592
G0 F7200 X54.466 Y11.811
G0 X56.918 Y11.811
G0 X56.918 Y11.663
G1 F3000 X58.295 Y13.04 E2666.87331
G0 F7200 X58.675 Y13.04
G1 F3000 X60.052 Y11.662 E2666.9219
G1 X60.122 Y11.592
G0 F7200 X60.122 Y11.811
G0 X62.575 Y11.811
G0 X62.575 Y11.663
G1 F3000 X62.837 Y11.925 E2666.93115
G0 F7200 X62.69 Y11.925
G0 X62.69 Y14.535
G0 X62.836 Y14.535
G1 F3000 X61.46 Y15.911 E2666.97969
G0 F7200 X61.46 Y16.205
G1 F3000 X62.837 Y17.582 E2667.02827
G1 X62.907 Y17.652
G0 F7200 X62.69 Y17.652
G0 X62.69 Y20.192
G0 X62.836 Y20.192
G1 F3000 X61.46 Y21.568 E2667.07681
G0 F7200 X61.46 Y21.862
G1 F3000 X62.837 Y23.239 E2667.12539
G1 X62.907 Y23.309
G0 F7200 X62.69 Y23.309
G0 X62.69 Y25.849
G0 X62.836 Y25.849
G1 F3000 X61.46 Y27.225 E2667.17393
G0 F7200 X61.46 Y27.519
G1 F3000 X62.838 Y28.897 E2667.22254
G1 X62.908 Y28.967
G0 F7200 X62.69 Y28.967
G0 X62.69 Y31.505
G0 X62.837 Y31.505
G1 F3000 X61.46 Y32.882 E2667.27112
G0 F7200 X61.46 Y33.176
G1 F3000 X62.838 Y34.553 E2667.31971
G1 X62.908 Y34.623
G0 F7200 X62.69 Y34.623
G0 X62.69 Y37.162
G0 X62.837 Y37.162
G1 F3000 X61.46 Y38.539 E2667.36829
G0 F7200 X61.46 Y38.833
G1 F3000 X62.838 Y40.21 E2667.41689
G1 X62.908 Y40.28
G0 F7200 X62.69 Y40.28
G0 X62.69 Y42.818
G0 X62.838 Y42.818
G1 F3000 X61.46 Y44.196 E2667.4655
G0 F7200 X61.46 Y44.49
G1 F3000 X62.838 Y45.868 E2667.51411
G1 X62.908 Y45.938
G0 F7200 X62.69 Y45.938
G0 X62.69 Y48.475
G0 X62.838 Y48.475
G1 F3000 X61.46 Y49.852 E2667.56271
G0 F7200 X61.46 Y50.147
G1 F3000 X62.838 Y51.525 E2667.61132
G1 X62.908 Y51.595
G0 F7200 X62.69 Y51.595
G0 X62.69 Y54.132
G0 X62.838 Y54.132
G1 F3000 X61.46 Y55.509 E2667.65991
G0 F7200 X61.46 Y55.803
G1 F3000 X62.838 Y57.182 E2667.70854
G1 X62.908 Y57.252
G0 F7200 X62.69 Y57.252
G0 X62.69 Y59.788
G0 X62.838 Y59.788
G1 F3000 X61.46 Y61.166 E2667.75716
G0 F7200 X61.46 Y61.46
G1 F3000 X62.839 Y62.839 E2667.80581
G1 X62.909 Y62.909
G0 F7200 X62.69 Y62.909
G0 X62.69 Y65.445
G0 X62.838 Y65.445
G1 F3000 X61.46 Y66.823 E2667.85442
G0 F7200 X61.46 Y67.117
G1 F3000 X62.839 Y68.496 E2667.90307
G1 X62.909 Y68.566
G0 F7200 X62.69 Y68.566
G0 X62.69 Y71.102
G0 X62.838 Y71.102
G1 F3000 X61.46 Y72.48 E2667.95168
G0 F7200 X61.46 Y72.774
G1 F3000 X62.84 Y74.154 E2668.00036
G1 X62.91 Y74.224
G0 F7200 X62.69 Y74.224
G0 X62.69 Y76.758
G0 X62.839 Y76.758
G1 F3000 X61.46 Y78.137 E2668.04901
G0 F7200 X61.46 Y78.431
G1 F3000 X62.84 Y79.81 E2668.09768
G1 X62.91 Y79.88
G0 F7200 X62.69 Y79.88
G0 X62.69 Y82.415
G0 X62.839 Y82.415
G1 F3000 X61.46 Y83.794 E2668.14632
G0 F7200 X61.46 Y84.088
G1 F3000 X62.84 Y85.467 E2668.19499
G1 X62.91 Y85.537
G0 F7200 X62.69 Y85.537
G0 X62.69 Y88.072
G0 X62.839 Y88.072
G1 F3000 X62.572 Y88.339 E2668.20441
G0 F7200 X62.572 Y88.19
G0 X60.054 Y88.19
G0 X60.054 Y88.338
G1 F3000 X58.676 Y86.96 E2668.25302
G0 F7200 X58.294 Y86.96
G1 F3000 X56.915 Y88.339 E2668.30167
G1 X56.845 Y88.409
G0 F7200 X56.845 Y88.19
G0 X54.397 Y88.19
G0 X54.397 Y88.338
G1 F3000 X53.019 Y86.96 E2668.35028
G0 F7200 X52.637 Y86.96
G1 F3000 X51.258 Y88.339 E2668.39893
G1 X51.188 Y88.409
G0 F7200 X51.188 Y88.19
G0 X48.74 Y88.19
G0 X48.74 Y88.338
G1 F3000 X47.362 Y86.96 E2668.44754
G0 F7200 X46.98 Y86.96
G1 F3000 X45.601 Y88.339 E2668.49619
G1 X45.531 Y88.409
G0 F7200 X45.531 Y88.19
G0 X43.083 Y88.19
G0 X43.083 Y88.338
G1 F3000 X41.705 Y86.96 E2668.5448
G0 F7200 X41.323 Y86.96
G1 F3000 X39.944 Y88.339 E2668.59345
G1 X39.874 Y88.409
G0 F7200 X39.874 Y88.19
G0 X37.426 Y88.19
G0 X37.426 Y88.338
G1 F3000 X37.161 Y88.073 E2668.6028
G0 F7200 X37.311 Y88.073
G0 X37.311 Y85.464
G0 X37.162 Y85.464
G1 F3000 X38.54 Y84.086 E2668.65141
G0 F7200 X38.54 Y83.795
G1 F3000 X37.161 Y82.416 E2668.70006
G1 X37.091 Y82.346
G0 F7200 X37.311 Y82.346
G0 X37.311 Y79.808
G0 X37.162 Y79.808
G1 F3000 X38.54 Y78.429 E2668.74869
G0 F7200 X38.54 Y78.138
G1 F3000 X37.161 Y76.759 E2668.79734
G1 X37.091 Y76.689
G0 F7200 X37.311 Y76.689
G0 X37.311 Y74.151
G0 X37.162 Y74.151
G1 F3000 X38.54 Y72.773 E2668.84595
G0 F7200 X38.54 Y72.481
G1 F3000 X37.161 Y71.102 E2668.8946
G1 X37.091 Y71.032
G0 F7200 X37.311 Y71.032
G0 X37.311 Y68.494
G0 X37.162 Y68.494
G1 F3000 X38.54 Y67.116 E2668.94321
G0 F7200 X38.54 Y66.824
G1 F3000 X37.161 Y65.446 E2668.99184
G1 X37.091 Y65.376
G0 F7200 X37.311 Y65.376
G0 X37.311 Y62.837
G0 X37.162 Y62.837
G1 F3000 X38.54 Y61.459 E2669.04045
G0 F7200 X38.54 Y61.168
G1 F3000 X37.161 Y59.789 E2669.0891
G1 X37.091 Y59.719
G0 F7200 X37.311 Y59.719
G0 X37.311 Y57.18
G0 X37.162 Y57.18
G1 F3000 X38.54 Y55.802 E2669.13771
G0 F7200 X38.54 Y55.511
G1 F3000 X37.161 Y54.132 E2669.18636
G1 X37.091 Y54.062
G0 F7200 X37.311 Y54.062
G0 X37.311 Y51.523
G0 X37.162 Y51.523
G1 F3000 X38.54 Y50.145 E2669.23498
G0 F7200 X38.54 Y49.854
G1 F3000 X37.162 Y48.476 E2669.28359
G1 X37.092 Y48.406
G0 F7200 X37.311 Y48.406
G0 X37.311 Y45.866
G0 X37.163 Y45.866
G1 F3000 X38.54 Y44.488 E2669.33218
G0 F7200 X38.54 Y44.197
G1 F3000 X37.162 Y42.819 E2669.3808
G1 X37.092 Y42.749
G0 F7200 X37.311 Y42.749
G0 X37.311 Y40.209
G0 X37.163 Y40.209
G1 F3000 X38.54 Y38.831 E2669.42939
G0 F7200 X38.54 Y38.54
G1 F3000 X37.162 Y37.162 E2669.478
G1 X37.092 Y37.092
G0 F7200 X37.311 Y37.092
G0 X37.311 Y34.552
G0 X37.163 Y34.552
G1 F3000 X38.54 Y33.175 E2669.52658
G0 F7200 X38.54 Y32.883
G1 F3000 X37.162 Y31.505 E2669.57519
G1 X37.092 Y31.435
G0 F7200 X37.311 Y31.435
G0 X37.311 Y28.895
G0 X37.163 Y28.895
G1 F3000 X38.54 Y27.518 E2669.62377
G0 F7200 X38.54 Y27.226
G1 F3000 X37.162 Y25.848 E2669.67238
G1 X37.092 Y25.778
G0 F7200 X37.311 Y25.778
G0 X37.311 Y23.238
G0 X37.163 Y23.238
G1 F3000 X38.54 Y21.861 E2669.72096
G0 F7200 X38.54 Y21.57
G1 F3000 X37.162 Y20.191 E2669.76959
G1 X37.092 Y20.121
G0 F7200 X37.311 Y20.121
G0 X37.311 Y17.582
G0 X37.163 Y17.582
G1 F3000 X38.54 Y16.204 E2669.81819
G0 F7200 X38.54 Y15.913
G1 F3000 X37.162 Y14.535 E2669.8668
G1 X37.092 Y14.465
G0 F7200 X37.311 Y14.465
G0 X38.462 Y87.038
G0 X61.538 Y87.038
G0 X61.125 Y86.625
;TYPE:WALL-INNER
G1 F2400 X60.939 Y86.751 E2669.8724
G1 X60.774 Y86.8 E2669.8767
G1 X39.3 Y86.8 E2670.41237
G1 X39.061 Y86.751 E2670.41845
G1 X38.875 Y86.625 E2670.42406
G1 X38.749 Y86.439 E2670.42966
G1 X38.7 Y86.274 E2670.43396
G1 X38.7 Y13.8 E2672.24183
G1 X38.749 Y13.561 E2672.24791
G1 X38.875 Y13.375 E2672.25352
G1 X39.061 Y13.249 E2672.25912
G1 X39.226 Y13.2 E2672.26341
G1 X60.7 Y13.2 E2672.79909
G1 X60.939 Y13.249 E2672.80517
G1 X61.125 Y13.375 E2672.81078
G1 X61.251 Y13.561 E2672.81638
G1 X61.3 Y13.8 E2672.82247
G1 X61.3 Y86.278 E2674.63044
G1 X61.251 Y86.439 E2674.63464
G1 X61.125 Y86.625 E2674.64024
G0 F7200 X61.61 Y86.625
G0 X62.712 Y88.227
G0 X63 Y88.346
G1 F2400 X63 Y11.595 E2676.5548
G1 X62.866 Y11.506 E2676.55881
G1 X37.089 Y11.5 E2677.20182
G1 X37 Y11.671 E2677.20663
G1 X37 Y88.324 E2679.11875
G1 X37.03 Y88.427 E2679.12143
G1 X37.171 Y88.499 E2679.12537
G1 X62.864 Y88.5 E2679.76629
G1 X62.944 Y88.452 E2679.76862
G1 X63 Y88.346 E2679.77161
G0 F7200 X63.015 Y88.871
;TYPE:WALL-OUTER
G1 F1200 X63.266 Y88.7 E2679.77918
G1 X63.4 Y88.444 E2679.78639
G1 X63.4 Y11.576 E2681.70387
G1 X63.259 Y11.287 E2681.71189
G1 X63.022 Y11.129 E2681.719
G1 X62.876 Y11.1 E2681.72271
G1 X37.127 Y11.1 E2682.36502
G1 X36.828 Y11.205 E2682.37293
G1 X36.69 Y11.355 E2682.37801
G1 X36.6 Y11.6 E2682.38452
G1 X36.6 Y88.369 E2684.29953
G1 X36.706 Y88.67 E2684.30749
G1 X36.829 Y88.79 E2684.31178
G1 X37.137 Y88.899 E2684.31993
G1 X62.836 Y88.9 E2684.96099
G1 X63.015 Y88.871 E2684.96552
G0 F7200 X63.18 Y88.759
G0 X62.712 Y88.227
G0 X61.61 Y86.235
G0 X60.898 Y86.235
G1 F1200 X60.842 Y86.342 E2684.96853
G1 X60.735 Y86.397 E2684.97153
G1 X39.244 Y86.4 E2685.50763
G1 X39.158 Y86.342 E2685.51021
G1 X39.103 Y86.235 E2685.51322
G1 X39.1 Y13.8 E2687.32011
G1 X39.158 Y13.658 E2687.32394
G1 X39.265 Y13.603 E2687.32694
G1 X60.764 Y13.6 E2687.86324
G1 X60.9 Y13.736 E2687.86803
G1 X60.898 Y86.235 E2689.67653
G0 F7200 X60.842 Y86.342
G0 X60.772 Y86.378
G0 X60.772 Y87.41
;MESH:NONMESH
G0 F600 Z4.085
G0 F7200 X38.462 Y87.038
G0 X37.311 Y11.925
G0 X37.163 Y11.925
;TIME_ELAPSED:6098.077528
;LAYER:19
;TYPE:FILL
;MESH:luckfox_bottom.stl
G1 F3000 X37.428 Y11.659 E2689.68589
G0 F7200 X37.428 Y11.811
G0 X39.944 Y11.811
G0 X39.944 Y11.66
G1 F3000 X41.324 Y13.04 E2689.73458
G0 F7200 X41.704 Y13.04
G1 F3000 X43.085 Y11.659 E2689.7833
G1 X43.155 Y11.589
G0 F7200 X43.155 Y11.811
G0 X45.601 Y11.811
G0 X45.601 Y11.66
G1 F3000 X46.981 Y13.04 E2689.83198
G0 F7200 X47.361 Y13.04
G1 F3000 X48.742 Y11.659 E2689.8807
G1 X48.812 Y11.589
G0 F7200 X48.812 Y11.811
G0 X51.258 Y11.811
G0 X51.258 Y11.66
G1 F3000 X52.638 Y13.04 E2689.92938
G0 F7200 X53.018 Y13.04
G1 F3000 X54.398 Y11.659 E2689.97808
G1 X54.468 Y11.589
G0 F7200 X54.468 Y11.811
G0 X56.915 Y11.811
G0 X56.915 Y11.66
G1 F3000 X58.295 Y13.04 E2690.02677
G0 F7200 X58.675 Y13.04
G1 F3000 X60.055 Y11.659 E2690.07547
G1 X60.125 Y11.589
G0 F7200 X60.125 Y11.811
G0 X62.572 Y11.811
G0 X62.572 Y11.66
G1 F3000 X62.84 Y11.928 E2690.08492
G0 F7200 X62.69 Y11.928
G0 X62.69 Y14.532
G0 X62.839 Y14.532
G1 F3000 X61.46 Y15.911 E2690.13357
G0 F7200 X61.46 Y16.205
G1 F3000 X62.84 Y17.585 E2690.18225
G1 X62.91 Y17.655
G0 F7200 X62.69 Y17.655
G0 X62.69 Y20.189
G0 X62.839 Y20.189
G1 F3000 X61.46 Y21.568 E2690.2309
G0 F7200 X61.46 Y21.862
G1 F3000 X62.839 Y23.241 E2690.27955
G1 X62.909 Y23.311
G0 F7200 X62.69 Y23.311
G0 X62.69 Y25.847
G0 X62.838 Y25.847
G1 F3000 X61.46 Y27.225 E2690.32816
G0 F7200 X61.46 Y27.519
G1 F3000 X62.839 Y28.898 E2690.37681
G1 X62.909 Y28.968
G0 F7200 X62.69 Y28.968
G0 X62.69 Y31.504
G0 X62.838 Y31.504
G1 F3000 X61.46 Y32.882 E2690.42542
G0 F7200 X61.46 Y33.176
G1 F3000 X62.838 Y34.554 E2690.47403
G1 X62.908 Y34.624
G0 F7200 X62.69 Y34.624
G0 X62.69 Y37.161
G0 X62.838 Y37.161
G1 F3000 X61.46 Y38.539 E2690.52265
G0 F7200 X61.46 Y38.833
G1 F3000 X62.838 Y40.211 E2690.57126
G1 X62.908 Y40.281
G0 F7200 X62.69 Y40.281
G0 X62.69 Y42.818
G0 X62.838 Y42.818
G1 F3000 X61.46 Y44.196 E2690.61987
G0 F7200 X61.46 Y44.49
G1 F3000 X62.838 Y45.867 E2690.66847
G1 X62.908 Y45.937
G0 F7200 X62.69 Y45.937
G0 X62.69 Y48.476
G0 X62.837 Y48.476
G1 F3000 X61.46 Y49.852 E2690.71703
G0 F7200 X61.46 Y50.147
G1 F3000 X62.838 Y51.524 E2690.76562
G1 X62.908 Y51.594
G0 F7200 X62.69 Y51.594
G0 X62.69 Y54.133
G0 X62.837 Y54.133
G1 F3000 X61.46 Y55.509 E2690.81418
G0 F7200 X61.46 Y55.803
G1 F3000 X62.837 Y57.18 E2690.86276
G1 X62.907 Y57.25
G0 F7200 X62.69 Y57.25
G0 X62.69 Y59.79
G0 X62.836 Y59.79
G1 F3000 X61.46 Y61.166 E2690.9113
G0 F7200 X61.46 Y61.46
G1 F3000 X62.837 Y62.837 E2690.95988
G1 X62.907 Y62.907
G0 F7200 X62.69 Y62.907
G0 X62.69 Y65.447
G0 X62.836 Y65.447
G1 F3000 X61.46 Y66.823 E2691.00842
G0 F7200 X61.46 Y67.117
G1 F3000 X62.836 Y68.493 E2691.05696
G1 X62.906 Y68.563
G0 F7200 X62.69 Y68.563
G0 X62.69 Y71.105
G0 X62.836 Y71.105
G1 F3000 X61.46 Y72.48 E2691.10549
G0 F7200 X61.46 Y72.774
G1 F3000 X62.836 Y74.15 E2691.15403
G1 X62.906 Y74.22
G0 F7200 X62.69 Y74.22
G0 X62.69 Y76.761
G0 X62.836 Y76.761
G1 F3000 X61.46 Y78.137 E2691.20257
G0 F7200 X61.46 Y78.431
G1 F3000 X62.836 Y79.806 E2691.2511
G1 X62.906 Y79.876
G0 F7200 X62.69 Y79.876
G0 X62.69 Y82.419
G0 X62.835 Y82.419
G1 F3000 X61.46 Y83.794 E2691.2996
G0 F7200 X61.46 Y84.088
G1 F3000 X62.836 Y85.463 E2691.34813
G1 X62.906 Y85.533
G0 F7200 X62.69 Y85.533
G0 X62.69 Y88.076
G0 X62.835 Y88.076
G1 F3000 X62.572 Y88.339 E2691.3574
G0 F7200 X62.572 Y88.19
G0 X60.054 Y88.19
G0 X60.054 Y88.338
G1 F3000 X58.676 Y86.96 E2691.40602
G0 F7200 X58.294 Y86.96
G1 F3000 X56.916 Y88.338 E2691.45463
G1 X56.846 Y88.408
G0 F7200 X56.846 Y88.19
G0 X54.396 Y88.19
G0 X54.396 Y88.337
G1 F3000 X53.019 Y86.96 E2691.50321
G0 F7200 X52.637 Y86.96
G1 F3000 X51.26 Y88.337 E2691.55179
G1 X51.19 Y88.407
G0 F7200 X51.19 Y88.19
G0 X48.739 Y88.19
G0 X48.739 Y88.337
G1 F3000 X47.362 Y86.96 E2691.60036
G0 F7200 X46.98 Y86.96
G1 F3000 X45.603 Y88.337 E2691.64894
G1 X45.533 Y88.407
G0 F7200 X45.533 Y88.19
G0 X43.081 Y88.19
G0 X43.081 Y88.336
G1 F3000 X41.705 Y86.96 E2691.69748
G0 F7200 X41.323 Y86.96
G1 F3000 X39.947 Y88.336 E2691.74602
G1 X39.877 Y88.406
G0 F7200 X39.877 Y88.19
G0 X37.424 Y88.19
G0 X37.424 Y88.335
G1 F3000 X37.162 Y88.074 E2691.75525
G0 F7200 X37.311 Y88.074
G0 X37.311 Y85.464
G0 X37.163 Y85.464
G1 F3000 X38.54 Y84.086 E2691.80384
G0 F7200 X38.54 Y83.795
G1 F3000 X37.162 Y82.417 E2691.85246
G1 X37.092 Y82.347
G0 F7200 X37.311 Y82.347
G0 X37.311 Y79.807
G0 X37.163 Y79.807
G1 F3000 X38.54 Y78.429 E2691.90105
G0 F7200 X38.54 Y78.138
G1 F3000 X37.162 Y76.76 E2691.94966
G1 X37.092 Y76.69
G0 F7200 X37.311 Y76.69
G0 X37.311 Y74.15
G0 X37.163 Y74.15
G1 F3000 X38.54 Y72.773 E2691.99824
G0 F7200 X38.54 Y72.481
G1 F3000 X37.162 Y71.103 E2692.04685
G1 X37.092 Y71.033
G0 F7200 X37.311 Y71.033
G0 X37.311 Y68.493
G0 X37.163 Y68.493
G1 F3000 X38.54 Y67.116 E2692.09543
G0 F7200 X38.54 Y66.824
G1 F3000 X37.162 Y65.446 E2692.14404
G1 X37.092 Y65.376
G0 F7200 X37.311 Y65.376
G0 X37.311 Y62.836
G0 X37.163 Y62.836
G1 F3000 X38.54 Y61.459 E2692.19262
G0 F7200 X38.54 Y61.168
G1 F3000 X37.162 Y59.789 E2692.24125
G1 X37.092 Y59.719
G0 F7200 X37.311 Y59.719
G0 X37.311 Y57.179
G0 X37.163 Y57.179
G1 F3000 X38.54 Y55.802 E2692.28983
G0 F7200 X38.54 Y55.511
G1 F3000 X37.162 Y54.133 E2692.33844
G1 X37.092 Y54.063
G0 F7200 X37.311 Y54.063
G0 X37.311 Y51.523
G0 X37.163 Y51.523
G1 F3000 X38.54 Y50.145 E2692.38704
G0 F7200 X38.54 Y49.854
G1 F3000 X37.162 Y48.476 E2692.43565
G1 X37.092 Y48.406
G0 F7200 X37.311 Y48.406
G0 X37.311 Y45.866
G0 X37.163 Y45.866
G1 F3000 X38.54 Y44.488 E2692.48425
G0 F7200 X38.54 Y44.197
G1 F3000 X37.162 Y42.819 E2692.53286
G1 X37.092 Y42.749
G0 F7200 X37.311 Y42.749
G0 X37.311 Y40.209
G0 X37.163 Y40.209
G1 F3000 X38.54 Y38.831 E2692.58145
G0 F7200 X38.54 Y38.54
G1 F3000 X37.162 Y37.162 E2692.63007
G1 X37.092 Y37.092
G0 F7200 X37.311 Y37.092
G0 X37.311 Y34.552
G0 X37.163 Y34.552
G1 F3000 X38.54 Y33.175 E2692.67864
G0 F7200 X38.54 Y32.883
G1 F3000 X37.162 Y31.505 E2692.72726
G1 X37.092 Y31.435
G0 F7200 X37.311 Y31.435
G0 X37.311 Y28.895
G0 X37.163 Y28.895
G1 F3000 X38.54 Y27.518 E2692.77583
G0 F7200 X38.54 Y27.226
G1 F3000 X37.162 Y25.848 E2692.82445
G1 X37.092 Y25.778
G0 F7200 X37.311 Y25.778
G0 X37.311 Y23.238
G0 X37.163 Y23.238
G1 F3000 X38.54 Y21.861 E2692.87302
G0 F7200 X38.54 Y21.57
G1 F3000 X37.162 Y20.191 E2692.92165
G1 X37.092 Y20.121
G0 F7200 X37.311 Y20.121
G0 X37.311 Y17.582
G0 X37.163 Y17.582
G1 F3000 X38.54 Y16.204 E2692.97025
G0 F7200 X38.54 Y15.913
G1 F3000 X37.162 Y14.535 E2693.01886
G1 X37.092 Y14.465
G0 F7200 X37.311 Y14.465
G0 X38.462 Y87.038
G0 X61.538 Y87.038
G0 X61.125 Y86.625
;TYPE:WALL-INNER
G1 F2400 X60.939 Y86.751 E2693.02447
G1 X60.774 Y86.8 E2693.02876
G1 X39.3 Y86.8 E2693.56443
G1 X39.061 Y86.751 E2693.57052
G1 X38.875 Y86.625 E2693.57612
G1 X38.749 Y86.439 E2693.58172
G1 X38.7 Y86.274 E2693.58602
G1 X38.7 Y13.8 E2695.39389
G1 X38.749 Y13.561 E2695.39998
G1 X38.875 Y13.375 E2695.40558
G1 X39.061 Y13.249 E2695.41118
G1 X39.226 Y13.2 E2695.41548
G1 X60.7 Y13.2 E2695.95115
G1 X60.939 Y13.249 E2695.95723
G1 X61.125 Y13.375 E2695.96284
G1 X61.251 Y13.561 E2695.96844
G1 X61.3 Y13.8 E2695.97453
G1 X61.3 Y86.278 E2697.7825
G1 X61.251 Y86.439 E2697.7867
G1 X61.125 Y86.625 E2697.7923
G0 F7200 X61.61 Y86.625
G0 X62.692 Y88.269
G0 X63 Y88.3
G1 F2400 X63 Y11.646 E2699.70444
G1 X62.967 Y11.566 E2699.7066
G1 X62.856 Y11.5 E2699.70982
G1 X37.199 Y11.5 E2700.34984
G1 X37.031 Y11.568 E2700.35436
G1 X37 Y11.695 E2700.35762
G1 X37.001 Y88.336 E2702.26944
G1 X37.047 Y88.446 E2702.27241
G1 X37.165 Y88.5 E2702.27565
G1 X62.869 Y88.5 E2702.91684
G1 X62.972 Y88.42 E2702.92009
G1 X63 Y88.3 E2702.92317
G0 F7200 X63.015 Y88.871
;TYPE:WALL-OUTER
G1 F1200 X63.275 Y88.692 E2702.93104
G1 X63.348 Y88.572 E2702.93454
G1 X63.4 Y88.345 E2702.94035
G1 X63.4 Y11.576 E2704.85536
G1 X63.253 Y11.28 E2704.86361
G1 X63.079 Y11.153 E2704.86898
G1 X62.92 Y11.1 E2704.87316
G1 X37.136 Y11.1 E2705.51635
G1 X36.847 Y11.194 E2705.52393
G1 X36.659 Y11.401 E2705.5309
G1 X36.6 Y11.648 E2705.53724
G1 X36.601 Y88.416 E2707.45222
G1 X36.711 Y88.679 E2707.45934
G1 X36.805 Y88.776 E2707.4627
G1 X37.079 Y88.9 E2707.47021
G1 X62.836 Y88.9 E2708.11272
G1 X63.015 Y88.871 E2708.11724
G0 F7200 X63.179 Y88.758
G0 X62.727 Y88.212
G0 X61.61 Y86.235
G0 X60.898 Y86.235
G1 F1200 X60.842 Y86.342 E2708.12025
G1 X60.735 Y86.397 E2708.12326
G1 X39.244 Y86.4 E2708.65935
G1 X39.158 Y86.342 E2708.66194
G1 X39.103 Y86.235 E2708.66494
G1 X39.1 Y13.8 E2710.47184
G1 X39.158 Y13.658 E2710.47566
G1 X39.265 Y13.603 E2710.47866
G1 X60.764 Y13.6 E2711.01496
G1 X60.9 Y13.736 E2711.01976
G1 X60.898 Y86.235 E2712.82825
G0 F7200 X60.842 Y86.342
G0 X60.772 Y86.378
G0 X60.772 Y87.41
;MESH:NONMESH
G0 F600 Z4.235
G0 F7200 X38.462 Y87.038
G0 X37.311 Y11.926
G0 X37.161 Y11.926
;TIME_ELAPSED:6135.711375
;LAYER:20
;TYPE:FILL
;MESH:luckfox_bottom.stl
G1 F3000 X37.427 Y11.66 E2712.83764
G0 F7200 X37.426 Y11.811
G0 X39.944 Y11.811
G0 X39.945 Y11.661
G1 F3000 X41.324 Y13.04 E2712.88628
G0 F7200 X41.704 Y13.04
G1 F3000 X43.084 Y11.66 E2712.93497
G1 X43.154 Y11.59
G0 F7200 X43.153 Y11.811
G0 X45.601 Y11.811
G0 X45.602 Y11.661
G1 F3000 X46.981 Y13.04 E2712.98362
G0 F7200 X47.361 Y13.04
G1 F3000 X48.741 Y11.66 E2713.0323
G1 X48.811 Y11.59
G0 F7200 X48.81 Y11.811
G0 X51.257 Y11.811
G0 X51.258 Y11.66
G1 F3000 X52.638 Y13.04 E2713.08098
G0 F7200 X53.018 Y13.04
G1 F3000 X54.398 Y11.659 E2713.12968
G1 X54.468 Y11.589
G0 F7200 X54.467 Y11.811
G0 X56.914 Y11.811
G0 X56.915 Y11.66
G1 F3000 X58.295 Y13.04 E2713.17837
G0 F7200 X58.675 Y13.04
G1 F3000 X60.055 Y11.659 E2713.22707
G1 X60.125 Y11.589
G0 F7200 X60.124 Y11.811
G0 X62.571 Y11.811
G0 X62.572 Y11.66
G1 F3000 X62.84 Y11.928 E2713.23652
G0 F7200 X62.69 Y11.928
G0 X62.69 Y14.532
G0 X62.839 Y14.532
G1 F3000 X61.46 Y15.911 E2713.28517
G0 F7200 X61.46 Y16.205
G1 F3000 X62.84 Y17.585 E2713.33385
G1 X62.91 Y17.655
G0 F7200 X62.69 Y17.655
G0 X62.69 Y20.189
G0 X62.839 Y20.189
G1 F3000 X61.46 Y21.568 E2713.3825
G0 F7200 X61.46 Y21.862
G1 F3000 X62.84 Y23.242 E2713.43118
G1 X62.91 Y23.312
G0 F7200 X62.69 Y23.312
G0 X62.69 Y25.846
G0 X62.839 Y25.846
G1 F3000 X61.46 Y27.225 E2713.47983
G0 F7200 X61.46 Y27.519
G1 F3000 X62.84 Y28.899 E2713.52851
G1 X62.91 Y28.969
G0 F7200 X62.69 Y28.969
G0 X62.69 Y31.503
G0 X62.839 Y31.503
G1 F3000 X61.46 Y32.882 E2713.57716
G0 F7200 X61.46 Y33.176
G1 F3000 X62.84 Y34.556 E2713.62585
G1 X62.91 Y34.626
G0 F7200 X62.69 Y34.626
G0 X62.69 Y37.16
G0 X62.839 Y37.16
G1 F3000 X61.46 Y38.539 E2713.67449
G0 F7200 X61.46 Y38.833
G1 F3000 X62.839 Y40.212 E2713.72314
G1 X62.909 Y40.282
G0 F7200 X62.69 Y40.282
G0 X62.69 Y42.817
G0 X62.838 Y42.817
G1 F3000 X61.46 Y44.196 E2713.77177
G0 F7200 X61.46 Y44.49
G1 F3000 X62.839 Y45.869 E2713.82042
G1 X62.909 Y45.939
G0 F7200 X62.69 Y45.939
G0 X62.69 Y48.474
G0 X62.838 Y48.474
G1 F3000 X61.46 Y49.852 E2713.86903
G0 F7200 X61.46 Y50.147
G1 F3000 X62.839 Y51.525 E2713.91766
G1 X62.909 Y51.595
G0 F7200 X62.69 Y51.595
G0 X62.69 Y54.131
G0 X62.838 Y54.131
G1 F3000 X61.46 Y55.509 E2713.96628
G0 F7200 X61.46 Y55.803
G1 F3000 X62.839 Y57.182 E2714.01492
G1 X62.909 Y57.252
G0 F7200 X62.69 Y57.252
G0 X62.69 Y59.788
G0 X62.838 Y59.788
G1 F3000 X61.46 Y61.166 E2714.06354
G0 F7200 X61.46 Y61.46
G1 F3000 X62.838 Y62.838 E2714.11215
G1 X62.908 Y62.908
G0 F7200 X62.69 Y62.908
G0 X62.69 Y65.446
G0 X62.838 Y65.446
G1 F3000 X61.46 Y66.823 E2714.16074
G0 F7200 X61.46 Y67.117
G1 F3000 X62.838 Y68.495 E2714.20936
G1 X62.908 Y68.565
G0 F7200 X62.69 Y68.565
G0 X62.69 Y71.102
G0 X62.838 Y71.102
G1 F3000 X61.46 Y72.48 E2714.25797
G0 F7200 X61.46 Y72.774
G1 F3000 X62.838 Y74.152 E2714.30658
G1 X62.908 Y74.222
G0 F7200 X62.69 Y74.222
G0 X62.69 Y76.759
G0 X62.838 Y76.759
G1 F3000 X61.46 Y78.137 E2714.35519
G0 F7200 X61.46 Y78.431
G1 F3000 X62.838 Y79.809 E2714.40381
G1 X62.908 Y79.879
G0 F7200 X62.69 Y79.879
G0 X62.69 Y82.416
G0 X62.838 Y82.416
G1 F3000 X61.46 Y83.794 E2714.45242
G0 F7200 X61.46 Y84.088
G1 F3000 X62.838 Y85.466 E2714.50103
G1 X62.908 Y85.536
G0 F7200 X62.69 Y85.536
G0 X62.69 Y88.073
G0 X62.838 Y88.073
G1 F3000 X62.57 Y88.34 E2714.51047
G0 F7200 X62.57 Y88.19
G0 X60.055 Y88.19
G0 X60.055 Y88.34
G1 F3000 X58.676 Y86.96 E2714.55913
G0 F7200 X58.294 Y86.96
G1 F3000 X56.914 Y88.34 E2714.60782
G1 X56.844 Y88.41
G0 F7200 X56.844 Y88.19
G0 X54.398 Y88.19
G0 X54.398 Y88.34
G1 F3000 X53.019 Y86.96 E2714.65648
G0 F7200 X52.637 Y86.96
G1 F3000 X51.257 Y88.34 E2714.70517
G1 X51.187 Y88.41
G0 F7200 X51.187 Y88.19
G0 X48.741 Y88.19
G0 X48.741 Y88.339
G1 F3000 X47.362 Y86.96 E2714.75381
G0 F7200 X46.98 Y86.96
G1 F3000 X45.601 Y88.34 E2714.80248
G1 X45.531 Y88.41
G0 F7200 X45.531 Y88.19
G0 X43.084 Y88.19
G0 X43.084 Y88.339
G1 F3000 X41.705 Y86.96 E2714.85113
G0 F7200 X41.323 Y86.96
G1 F3000 X39.944 Y88.34 E2714.89979
G1 X39.874 Y88.41
G0 F7200 X39.874 Y88.19
G0 X37.427 Y88.19
G0 X37.427 Y88.339
G1 F3000 X37.161 Y88.072 E2714.9092
G0 F7200 X37.311 Y88.073
G0 X37.311 Y85.466
G0 X37.161 Y85.465
G1 F3000 X38.54 Y84.086 E2714.95784
G0 F7200 X38.54 Y83.795
G1 F3000 X37.161 Y82.415 E2715.00651
G1 X37.091 Y82.345
G0 F7200 X37.311 Y82.346
G0 X37.311 Y79.809
G0 X37.161 Y79.808
G1 F3000 X38.54 Y78.429 E2715.05516
G0 F7200 X38.54 Y78.138
G1 F3000 X37.161 Y76.759 E2715.10381
G1 X37.091 Y76.689
G0 F7200 X37.311 Y76.69
G0 X37.311 Y74.152
G0 X37.161 Y74.151
G1 F3000 X38.54 Y72.773 E2715.15244
G0 F7200 X38.54 Y72.481
G1 F3000 X37.161 Y71.102 E2715.20108
G1 X37.091 Y71.032
G0 F7200 X37.311 Y71.033
G0 X37.311 Y68.496
G0 X37.161 Y68.495
G1 F3000 X38.54 Y67.116 E2715.24973
G0 F7200 X38.54 Y66.824
G1 F3000 X37.161 Y65.445 E2715.29838
G1 X37.091 Y65.375
G0 F7200 X37.311 Y65.376
G0 X37.311 Y62.839
G0 X37.161 Y62.838
G1 F3000 X38.54 Y61.459 E2715.34703
G0 F7200 X38.54 Y61.168
G1 F3000 X37.161 Y59.788 E2715.39569
G1 X37.091 Y59.718
G0 F7200 X37.311 Y59.719
G0 X37.311 Y57.182
G0 X37.161 Y57.181
G1 F3000 X38.54 Y55.802 E2715.44434
G0 F7200 X38.54 Y55.511
G1 F3000 X37.161 Y54.131 E2715.49301
G1 X37.091 Y54.061
G0 F7200 X37.311 Y54.062
G0 X37.311 Y51.525
G0 X37.161 Y51.524
G1 F3000 X38.54 Y50.145 E2715.54165
G0 F7200 X38.54 Y49.854
G1 F3000 X37.161 Y48.474 E2715.59032
G1 X37.091 Y48.404
G0 F7200 X37.311 Y48.405
G0 X37.311 Y45.868
G0 X37.161 Y45.867
G1 F3000 X38.54 Y44.488 E2715.63897
G0 F7200 X38.54 Y44.197
G1 F3000 X37.161 Y42.817 E2715.68763
G1 X37.091 Y42.747
G0 F7200 X37.311 Y42.748
G0 X37.311 Y40.211
G0 X37.161 Y40.21
G1 F3000 X38.54 Y38.831 E2715.73628
G0 F7200 X38.54 Y38.54
G1 F3000 X37.161 Y37.161 E2715.78493
G1 X37.091 Y37.091
G0 F7200 X37.311 Y37.092
G0 X37.311 Y34.554
G0 X37.161 Y34.553
G1 F3000 X38.54 Y33.175 E2715.83356
G0 F7200 X38.54 Y32.883
G1 F3000 X37.161 Y31.504 E2715.88221
G1 X37.091 Y31.434
G0 F7200 X37.311 Y31.435
G0 X37.311 Y28.898
G0 X37.161 Y28.897
G1 F3000 X38.54 Y27.518 E2715.93086
G0 F7200 X38.54 Y27.226
G1 F3000 X37.161 Y25.847 E2715.9795
G1 X37.091 Y25.777
G0 F7200 X37.311 Y25.778
G0 X37.311 Y23.241
G0 X37.161 Y23.24
G1 F3000 X38.54 Y21.861 E2716.02815
G0 F7200 X38.54 Y21.57
G1 F3000 X37.161 Y20.19 E2716.07682
G1 X37.091 Y20.12
G0 F7200 X37.311 Y20.121
G0 X37.311 Y17.584
G0 X37.161 Y17.583
G1 F3000 X38.54 Y16.204 E2716.12546
G0 F7200 X38.54 Y15.913
G1 F3000 X37.161 Y14.533 E2716.17413
G1 X37.091 Y14.463
G0 F7200 X37.311 Y14.464
G0 X38.462 Y87.038
G0 X61.538 Y87.038
G0 X61.125 Y86.625
;TYPE:WALL-INNER
G1 F2400 X60.939 Y86.751 E2716.17973
G1 X60.774 Y86.8 E2716.18403
G1 X39.3 Y86.8 E2716.7197
G1 X39.061 Y86.751 E2716.72579
G1 X38.875 Y86.625 E2716.73139
G1 X38.749 Y86.439 E2716.73699
G1 X38.7 Y86.274 E2716.74129
G1 X38.7 Y13.8 E2718.54916
G1 X38.749 Y13.561 E2718.55524
G1 X38.875 Y13.375 E2718.56085
G1 X39.061 Y13.249 E2718.56645
G1 X39.226 Y13.2 E2718.57075
G1 X60.7 Y13.2 E2719.10642
G1 X60.939 Y13.249 E2719.1125
G1 X61.125 Y13.375 E2719.11811
G1 X61.251 Y13.561 E2719.12371
G1 X61.3 Y13.8 E2719.1298
G1 X61.3 Y86.278 E2720.93777
G1 X61.251 Y86.439 E2720.94197
G1 X61.125 Y86.625 E2720.94757
G0 F7200 X61.61 Y86.625
G0 X62.706 Y88.229
G0 X63 Y88.302
G1 F2400 X63 Y11.647 E2722.85974
G1 X62.901 Y11.5 E2722.86416
G1 X37.093 Y11.5 E2723.50794
G1 X37.001 Y11.662 E2723.51259
G1 X37 Y88.361 E2725.42585
G1 X37.043 Y88.442 E2725.42814
G1 X37.186 Y88.5 E2725.43199
G1 X62.813 Y88.5 E2726.07126
G1 X62.938 Y88.441 E2726.07471
G1 X63 Y88.302 E2726.0785
G0 F7200 X62.9 Y88.9
;TYPE:WALL-OUTER
G1 F1200 X63.198 Y88.763 E2726.08668
G1 X63.353 Y88.554 E2726.09318
G1 X63.4 Y88.346 E2726.09849
G1 X63.4 Y11.576 E2728.01353
G1 X63.332 Y11.392 E2728.01842
G1 X63.172 Y11.206 E2728.02454
G1 X62.889 Y11.1 E2728.03208
G1 X37.129 Y11.1 E2728.67467
G1 X36.808 Y11.22 E2728.68322
G1 X36.651 Y11.427 E2728.6897
G1 X36.601 Y11.608 E2728.69438
G1 X36.6 Y88.376 E2730.60937
G1 X36.719 Y88.683 E2730.61758
G1 X36.969 Y88.865 E2730.62529
G1 X37.148 Y88.9 E2730.62984
G1 X62.9 Y88.9 E2731.27223
G0 F7200 X63.081 Y88.817
G0 X62.706 Y88.229
G0 X61.61 Y86.235
G0 X60.898 Y86.235
G1 F1200 X60.842 Y86.342 E2731.27524
G1 X60.735 Y86.397 E2731.27824
G1 X39.244 Y86.4 E2731.81434
G1 X39.158 Y86.342 E2731.81693
G1 X39.103 Y86.235 E2731.81993
G1 X39.1 Y13.8 E2733.62683
G1 X39.158 Y13.658 E2733.63065
G1 X39.265 Y13.603 E2733.63365
G1 X60.764 Y13.6 E2734.16995
G1 X60.9 Y13.736 E2734.17475
G1 X60.898 Y86.235 E2735.98324
G0 F7200 X60.842 Y86.342
G0 X60.772 Y86.378
G0 X60.772 Y87.41
;MESH:NONMESH
G0 F600 Z4.385
G0 F7200 X38.462 Y87.038
G0 X37.311 Y11.924
G0 X37.164 Y11.923
;TIME_ELAPSED:6173.350790
;LAYER:21
;TYPE:FILL
;MESH:luckfox_bottom.stl
G1 F3000 X37.427 Y11.66 E2735.99252
G0 F7200 X37.426 Y11.811
G0 X39.944 Y11.811
G0 X39.945 Y11.661
G1 F3000 X41.324 Y13.04 E2736.04117
G0 F7200 X41.704 Y13.04
G1 F3000 X43.083 Y11.662 E2736.0898
G1 X43.153 Y11.592
G0 F7200 X43.152 Y11.811
G0 X45.602 Y11.811
G0 X45.603 Y11.662
G1 F3000 X46.981 Y13.04 E2736.13841
G0 F7200 X47.361 Y13.04
G1 F3000 X48.738 Y11.663 E2736.18699
G1 X48.808 Y11.593
G0 F7200 X48.807 Y11.811
G0 X51.261 Y11.811
G0 X51.262 Y11.664
G1 F3000 X52.638 Y13.04 E2736.23553
G0 F7200 X53.018 Y13.04
G1 F3000 X54.393 Y11.664 E2736.28405
G1 X54.463 Y11.594
G0 F7200 X54.462 Y11.811
G0 X56.919 Y11.811
G0 X56.92 Y11.665
G1 F3000 X58.295 Y13.04 E2736.33256
G0 F7200 X58.675 Y13.04
G1 F3000 X60.049 Y11.666 E2736.38103
G1 X60.119 Y11.596
G0 F7200 X60.118 Y11.811
G0 X62.577 Y11.811
G0 X62.578 Y11.667
G1 F3000 X62.84 Y11.928 E2736.39026
G0 F7200 X62.69 Y11.928
G0 X62.69 Y14.532
G0 X62.84 Y14.532
G1 F3000 X61.46 Y15.911 E2736.43892
G0 F7200 X61.46 Y16.205
G1 F3000 X62.84 Y17.585 E2736.48761
G1 X62.91 Y17.655
G0 F7200 X62.69 Y17.655
G0 X62.69 Y20.189
G0 X62.84 Y20.189
G1 F3000 X61.46 Y21.568 E2736.53627
G0 F7200 X61.46 Y21.862
G1 F3000 X62.84 Y23.242 E2736.58496
G1 X62.91 Y23.312
G0 F7200 X62.69 Y23.312
G0 X62.69 Y25.845
G0 X62.84 Y25.845
G1 F3000 X61.46 Y27.225 E2736.63364
G0 F7200 X61.46 Y27.519
G1 F3000 X62.84 Y28.899 E2736.68232
G1 X62.91 Y28.969
G0 F7200 X62.69 Y28.969
G0 X62.69 Y31.502
G0 X62.84 Y31.502
G1 F3000 X61.46 Y32.882 E2736.731
G0 F7200 X61.46 Y33.176
G1 F3000 X62.84 Y34.556 E2736.77969
G1 X62.91 Y34.626
G0 F7200 X62.69 Y34.626
G0 X62.69 Y37.159
G0 X62.84 Y37.159
G1 F3000 X61.46 Y38.539 E2736.82837
G0 F7200 X61.46 Y38.833
G1 F3000 X62.84 Y40.212 E2736.87704
G1 X62.91 Y40.282
G0 F7200 X62.69 Y40.282
G0 X62.69 Y42.816
G0 X62.84 Y42.816
G1 F3000 X61.46 Y44.196 E2736.92572
G0 F7200 X61.46 Y44.49
G1 F3000 X62.84 Y45.869 E2736.97439
G1 X62.91 Y45.939
G0 F7200 X62.69 Y45.939
G0 X62.69 Y48.473
G0 X62.84 Y48.473
G1 F3000 X61.46 Y49.852 E2737.02305
G0 F7200 X61.46 Y50.147
G1 F3000 X62.84 Y51.526 E2737.07172
G1 X62.91 Y51.596
G0 F7200 X62.69 Y51.596
G0 X62.69 Y54.13
G0 X62.84 Y54.13
G1 F3000 X61.46 Y55.509 E2737.12038
G0 F7200 X61.46 Y55.803
G1 F3000 X62.84 Y57.183 E2737.16907
G1 X62.91 Y57.253
G0 F7200 X62.69 Y57.253
G0 X62.69 Y59.787
G0 X62.84 Y59.787
G1 F3000 X61.46 Y61.166 E2737.21773
G0 F7200 X61.46 Y61.46
G1 F3000 X62.84 Y62.84 E2737.26641
G1 X62.91 Y62.91
G0 F7200 X62.69 Y62.91
G0 X62.69 Y65.443
G0 X62.84 Y65.443
G1 F3000 X61.46 Y66.823 E2737.3151
G0 F7200 X61.46 Y67.117
G1 F3000 X62.84 Y68.497 E2737.36378
G1 X62.91 Y68.567
G0 F7200 X62.69 Y68.567
G0 X62.69 Y71.1
G0 X62.84 Y71.1
G1 F3000 X61.46 Y72.48 E2737.41246
G0 F7200 X61.46 Y72.774
G1 F3000 X62.84 Y74.154 E2737.46115
G1 X62.91 Y74.224
G0 F7200 X62.69 Y74.224
G0 X62.69 Y76.757
G0 X62.84 Y76.757
G1 F3000 X61.46 Y78.137 E2737.50983
G0 F7200 X61.46 Y78.431
G1 F3000 X62.84 Y79.81 E2737.5585
G1 X62.91 Y79.88
G0 F7200 X62.69 Y79.88
G0 X62.69 Y82.414
G0 X62.84 Y82.414
G1 F3000 X61.46 Y83.794 E2737.60718
G0 F7200 X61.46 Y84.088
G1 F3000 X62.84 Y85.467 E2737.65585
G1 X62.91 Y85.537
G0 F7200 X62.69 Y85.537
G0 X62.69 Y88.071
G0 X62.84 Y88.071
G1 F3000 X62.573 Y88.337 E2737.66525
G0 F7200 X62.573 Y88.19
G0 X60.052 Y88.19
G0 X60.052 Y88.337
G1 F3000 X58.676 Y86.96 E2737.71381
G0 F7200 X58.294 Y86.96
G1 F3000 X56.916 Y88.337 E2737.7624
G1 X56.846 Y88.407
G0 F7200 X56.846 Y88.19
G0 X54.396 Y88.19
G0 X54.396 Y88.337
G1 F3000 X53.019 Y86.96 E2737.81098
G0 F7200 X52.637 Y86.96
G1 F3000 X51.259 Y88.338 E2737.85959
G1 X51.189 Y88.408
G0 F7200 X51.189 Y88.19
G0 X48.739 Y88.19
G0 X48.739 Y88.337
G1 F3000 X47.362 Y86.96 E2737.90817
G0 F7200 X46.98 Y86.96
G1 F3000 X45.601 Y88.339 E2737.95682
G1 X45.531 Y88.409
G0 F7200 X45.531 Y88.19
G0 X43.083 Y88.19
G0 X43.083 Y88.338
G1 F3000 X41.705 Y86.96 E2738.00543
G0 F7200 X41.323 Y86.96
G1 F3000 X39.944 Y88.339 E2738.05408
G1 X39.874 Y88.409
G0 F7200 X39.874 Y88.19
G0 X37.426 Y88.19
G0 X37.426 Y88.338
G1 F3000 X37.161 Y88.073 E2738.06343
G0 F7200 X37.311 Y88.074
G0 X37.311 Y85.465
G0 X37.162 Y85.464
G1 F3000 X38.54 Y84.086 E2738.11204
G0 F7200 X38.54 Y83.795
G1 F3000 X37.161 Y82.416 E2738.16069
G1 X37.091 Y82.346
G0 F7200 X37.311 Y82.347
G0 X37.311 Y79.809
G0 X37.162 Y79.808
G1 F3000 X38.54 Y78.429 E2738.20932
G0 F7200 X38.54 Y78.138
G1 F3000 X37.161 Y76.759 E2738.25796
G1 X37.091 Y76.689
G0 F7200 X37.311 Y76.69
G0 X37.311 Y74.152
G0 X37.162 Y74.151
G1 F3000 X38.54 Y72.773 E2738.30658
G0 F7200 X38.54 Y72.481
G1 F3000 X37.161 Y71.102 E2738.35523
G1 X37.091 Y71.032
G0 F7200 X37.311 Y71.033
G0 X37.311 Y68.494
G0 X37.163 Y68.493
G1 F3000 X38.54 Y67.116 E2738.4038
G0 F7200 X38.54 Y66.824
G1 F3000 X37.162 Y65.446 E2738.45242
G1 X37.092 Y65.376
G0 F7200 X37.311 Y65.377
G0 X37.311 Y62.837
G0 X37.163 Y62.836
G1 F3000 X38.54 Y61.459 E2738.50099
G0 F7200 X38.54 Y61.168
G1 F3000 X37.162 Y59.789 E2738.54962
G1 X37.092 Y59.719
G0 F7200 X37.311 Y59.72
G0 X37.311 Y57.18
G0 X37.163 Y57.179
G1 F3000 X38.54 Y55.802 E2738.5982
G0 F7200 X38.54 Y55.511
G1 F3000 X37.162 Y54.133 E2738.64681
G1 X37.092 Y54.063
G0 F7200 X37.311 Y54.064
G0 X37.311 Y51.524
G0 X37.163 Y51.523
G1 F3000 X38.54 Y50.145 E2738.69541
G0 F7200 X38.54 Y49.854
G1 F3000 X37.163 Y48.476 E2738.744
G1 X37.093 Y48.406
G0 F7200 X37.311 Y48.407
G0 X37.311 Y45.866
G0 X37.163 Y45.865
G1 F3000 X38.54 Y44.488 E2738.79258
G0 F7200 X38.54 Y44.197
G1 F3000 X37.163 Y42.82 E2738.84116
G1 X37.093 Y42.75
G0 F7200 X37.311 Y42.751
G0 X37.311 Y40.209
G0 X37.163 Y40.208
G1 F3000 X38.54 Y38.831 E2738.88974
G0 F7200 X38.54 Y38.54
G1 F3000 X37.163 Y37.163 E2738.93831
G1 X37.093 Y37.093
G0 F7200 X37.311 Y37.094
G0 X37.311 Y34.552
G0 X37.163 Y34.551
G1 F3000 X38.54 Y33.175 E2738.98687
G0 F7200 X38.54 Y32.883
G1 F3000 X37.163 Y31.506 E2739.03545
G1 X37.093 Y31.436
G0 F7200 X37.311 Y31.437
G0 X37.311 Y28.895
G0 X37.164 Y28.894
G1 F3000 X38.54 Y27.518 E2739.08399
G0 F7200 X38.54 Y27.226
G1 F3000 X37.163 Y25.85 E2739.13255
G1 X37.093 Y25.78
G0 F7200 X37.311 Y25.781
G0 X37.311 Y23.238
G0 X37.164 Y23.237
G1 F3000 X38.54 Y21.861 E2739.18109
G0 F7200 X38.54 Y21.57
G1 F3000 X37.163 Y20.193 E2739.22967
G1 X37.093 Y20.123
G0 F7200 X37.311 Y20.124
G0 X37.311 Y17.581
G0 X37.164 Y17.58
G1 F3000 X38.54 Y16.204 E2739.27821
G0 F7200 X38.54 Y15.913
G1 F3000 X37.163 Y14.536 E2739.32679
G1 X37.093 Y14.466
G0 F7200 X37.311 Y14.467
G0 X38.462 Y87.038
G0 X61.538 Y87.038
G0 X61.125 Y86.625
;TYPE:WALL-INNER
G1 F2400 X60.939 Y86.751 E2739.3324
G1 X60.774 Y86.8 E2739.33669
G1 X39.3 Y86.8 E2739.87236
G1 X39.061 Y86.751 E2739.87845
G1 X38.875 Y86.625 E2739.88405
G1 X38.749 Y86.439 E2739.88965
G1 X38.7 Y86.274 E2739.89395
G1 X38.7 Y13.8 E2741.70182
G1 X38.749 Y13.561 E2741.7079
G1 X38.875 Y13.375 E2741.71351
G1 X39.061 Y13.249 E2741.71911
G1 X39.226 Y13.2 E2741.72341
G1 X60.7 Y13.2 E2742.25908
G1 X60.939 Y13.249 E2742.26516
G1 X61.125 Y13.375 E2742.27077
G1 X61.251 Y13.561 E2742.27637
G1 X61.3 Y13.8 E2742.28246
G1 X61.3 Y86.278 E2744.09043
G1 X61.251 Y86.439 E2744.09463
G1 X61.125 Y86.625 E2744.10023
G0 F7200 X61.61 Y86.625
G0 X62.712 Y88.227
G0 X63 Y88.35
G1 F2400 X63 Y11.613 E2746.01444
G1 X62.863 Y11.5 E2746.01887
G1 X37.111 Y11.5 E2746.66126
G1 X37.001 Y11.632 E2746.66555
G1 X37 Y88.338 E2748.57898
G1 X37.027 Y88.42 E2748.58114
G1 X37.148 Y88.5 E2748.58476
G1 X62.804 Y88.5 E2749.22475
G1 X62.919 Y88.471 E2749.22771
G1 X63 Y88.35 E2749.23134
G0 F7200 X63.017 Y88.871
;TYPE:WALL-OUTER
G1 F1200 X63.167 Y88.794 E2749.23554
G1 X63.323 Y88.621 E2749.24136
G1 X63.4 Y88.426 E2749.24659
G1 X63.4 Y11.656 E2751.16162
G1 X63.371 Y11.481 E2751.16605
G1 X63.297 Y11.341 E2751.17
G1 X63.069 Y11.15 E2751.17742
G1 X62.889 Y11.1 E2751.18208
G1 X37.12 Y11.1 E2751.82489
G1 X36.84 Y11.2 E2751.8323
G1 X36.65 Y11.427 E2751.83969
G1 X36.601 Y11.611 E2751.84444
G1 X36.6 Y88.376 E2753.75935
G1 X36.703 Y88.668 E2753.76707
G1 X36.879 Y88.823 E2753.77292
G1 X37.071 Y88.9 E2753.77808
G1 X62.836 Y88.9 E2754.42079
G1 X63.017 Y88.871 E2754.42537
G0 F7200 X63.167 Y88.794
G0 X63.187 Y88.771
G0 X62.712 Y88.227
G0 X61.61 Y86.235
G0 X60.898 Y86.235
G1 F1200 X60.842 Y86.342 E2754.42838
G1 X60.735 Y86.397 E2754.43138
G1 X39.244 Y86.4 E2754.96747
G1 X39.158 Y86.342 E2754.97006
G1 X39.103 Y86.235 E2754.97306
G1 X39.1 Y13.8 E2756.77996
G1 X39.158 Y13.658 E2756.78379
G1 X39.265 Y13.603 E2756.78679
G1 X60.764 Y13.6 E2757.32308
G1 X60.9 Y13.736 E2757.32788
G1 X60.898 Y86.235 E2759.13638
G0 F7200 X60.842 Y86.342
G0 X60.772 Y86.378
G0 X60.772 Y87.41
;MESH:NONMESH
G0 F600 Z4.535
G0 F7200 X38.462 Y87.038
G0 X37.311 Y11.923
G0 X37.166 Y11.922
;TIME_ELAPSED:6210.983580
;LAYER:22
;TYPE:FILL
;MESH:luckfox_bottom.stl
G1 F3000 X37.428 Y11.659 E2759.14564
G0 F7200 X37.427 Y11.811
G0 X39.943 Y11.811
G0 X39.944 Y11.659
G1 F3000 X41.324 Y13.04 E2759.19434
G0 F7200 X41.704 Y13.04
G1 F3000 X43.085 Y11.659 E2759.24306
G1 X43.155 Y11.589
G0 F7200 X43.154 Y11.811
G0 X45.6 Y11.811
G0 X45.601 Y11.659
G1 F3000 X46.981 Y13.04 E2759.29176
G0 F7200 X47.361 Y13.04
G1 F3000 X48.742 Y11.659 E2759.34048
G1 X48.812 Y11.589
G0 F7200 X48.811 Y11.811
G0 X51.256 Y11.811
G0 X51.257 Y11.659
G1 F3000 X52.638 Y13.04 E2759.38919
G0 F7200 X53.018 Y13.04
G1 F3000 X54.398 Y11.659 E2759.43789
G1 X54.468 Y11.589
G0 F7200 X54.467 Y11.811
G0 X56.913 Y11.811
G0 X56.914 Y11.659
G1 F3000 X58.295 Y13.04 E2759.48661
G0 F7200 X58.675 Y13.04
G1 F3000 X60.055 Y11.659 E2759.53531
G1 X60.125 Y11.589
G0 F7200 X60.124 Y11.811
G0 X62.57 Y11.811
G0 X62.571 Y11.659
G1 F3000 X62.838 Y11.926 E2759.54473
G0 F7200 X62.688 Y11.926
G0 X62.688 Y14.535
G0 X62.837 Y14.535
G1 F3000 X61.46 Y15.911 E2759.59329
G0 F7200 X61.46 Y16.205
G1 F3000 X62.838 Y17.583 E2759.64191
G1 X62.908 Y17.653
G0 F7200 X62.688 Y17.653
G0 X62.688 Y20.191
G0 X62.837 Y20.191
G1 F3000 X61.46 Y21.568 E2759.69048
G0 F7200 X61.46 Y21.862
G1 F3000 X62.838 Y23.24 E2759.7391
G1 X62.908 Y23.31
G0 F7200 X62.688 Y23.31
G0 X62.688 Y25.848
G0 X62.837 Y25.848
G1 F3000 X61.46 Y27.225 E2759.78767
G0 F7200 X61.46 Y27.519
G1 F3000 X62.838 Y28.897 E2759.83629
G1 X62.908 Y28.967
G0 F7200 X62.688 Y28.967
G0 X62.688 Y31.504
G0 X62.838 Y31.504
G1 F3000 X61.46 Y32.882 E2759.8849
G0 F7200 X61.46 Y33.176
G1 F3000 X62.838 Y34.554 E2759.93351
G1 X62.908 Y34.624
G0 F7200 X62.688 Y34.624
G0 X62.688 Y37.161
G0 X62.838 Y37.161
G1 F3000 X61.46 Y38.539 E2759.98212
G0 F7200 X61.46 Y38.833
G1 F3000 X62.838 Y40.211 E2760.03074
G1 X62.908 Y40.281
G0 F7200 X62.688 Y40.281
G0 X62.688 Y42.817
G0 X62.838 Y42.817
G1 F3000 X61.46 Y44.196 E2760.07937
G0 F7200 X61.46 Y44.49
G1 F3000 X62.839 Y45.869 E2760.12801
G1 X62.909 Y45.939
G0 F7200 X62.688 Y45.939
G0 X62.688 Y48.474
G0 X62.838 Y48.474
G1 F3000 X61.46 Y49.852 E2760.17663
G0 F7200 X61.46 Y50.147
G1 F3000 X62.839 Y51.525 E2760.22526
G1 X62.909 Y51.595
G0 F7200 X62.689 Y51.595
G0 X62.689 Y54.131
G0 X62.838 Y54.131
G1 F3000 X61.46 Y55.509 E2760.27387
G0 F7200 X61.46 Y55.803
G1 F3000 X62.839 Y57.182 E2760.32252
G1 X62.909 Y57.252
G0 F7200 X62.689 Y57.252
G0 X62.689 Y59.787
G0 X62.839 Y59.787
G1 F3000 X61.46 Y61.166 E2760.37117
G0 F7200 X61.46 Y61.46
G1 F3000 X62.84 Y62.84 E2760.41985
G1 X62.91 Y62.91
G0 F7200 X62.689 Y62.91
G0 X62.689 Y65.444
G0 X62.839 Y65.444
G1 F3000 X61.46 Y66.823 E2760.4685
G0 F7200 X61.46 Y67.117
G1 F3000 X62.84 Y68.497 E2760.51718
G1 X62.91 Y68.567
G0 F7200 X62.689 Y68.567
G0 X62.689 Y71.101
G0 X62.839 Y71.101
G1 F3000 X61.46 Y72.48 E2760.56583
G0 F7200 X61.46 Y72.774
G1 F3000 X62.841 Y74.154 E2760.61453
G1 X62.911 Y74.224
G0 F7200 X62.689 Y74.224
G0 X62.689 Y76.757
G0 X62.84 Y76.757
G1 F3000 X61.46 Y78.137 E2760.66321
G0 F7200 X61.46 Y78.431
G1 F3000 X62.841 Y79.811 E2760.71191
G1 X62.911 Y79.881
G0 F7200 X62.689 Y79.881
G0 X62.689 Y82.414
G0 X62.84 Y82.414
G1 F3000 X61.46 Y83.794 E2760.7606
G0 F7200 X61.46 Y84.088
G1 F3000 X62.841 Y85.468 E2760.8093
G1 X62.911 Y85.538
G0 F7200 X62.689 Y85.538
G0 X62.689 Y88.071
G0 X62.84 Y88.071
G1 F3000 X62.575 Y88.336 E2760.81865
G0 F7200 X62.575 Y88.188
G0 X60.052 Y88.188
G0 X60.052 Y88.336
G1 F3000 X58.676 Y86.96 E2760.86719
G0 F7200 X58.294 Y86.96
G1 F3000 X56.918 Y88.336 E2760.91573
G1 X56.848 Y88.406
G0 F7200 X56.848 Y88.188
G0 X54.395 Y88.188
G0 X54.395 Y88.336
G1 F3000 X53.019 Y86.96 E2760.96427
G0 F7200 X52.637 Y86.96
G1 F3000 X51.261 Y88.336 E2761.01281
G1 X51.191 Y88.406
G0 F7200 X51.191 Y88.188
G0 X48.738 Y88.189
G0 X48.738 Y88.336
G1 F3000 X47.362 Y86.96 E2761.06136
G0 F7200 X46.98 Y86.96
G1 F3000 X45.604 Y88.336 E2761.1099
G1 X45.534 Y88.406
G0 F7200 X45.534 Y88.189
G0 X43.081 Y88.189
G0 X43.081 Y88.336
G1 F3000 X41.705 Y86.96 E2761.15844
G0 F7200 X41.323 Y86.96
G1 F3000 X39.947 Y88.336 E2761.20698
G1 X39.877 Y88.406
G0 F7200 X39.877 Y88.189
G0 X37.424 Y88.189
G0 X37.424 Y88.336
G1 F3000 X37.165 Y88.077 E2761.21612
G0 F7200 X37.311 Y88.077
G0 X37.311 Y85.461
G0 X37.166 Y85.461
G1 F3000 X38.54 Y84.086 E2761.26461
G0 F7200 X38.54 Y83.795
G1 F3000 X37.165 Y82.42 E2761.31312
G1 X37.095 Y82.35
G0 F7200 X37.311 Y82.35
G0 X37.311 Y79.804
G0 X37.166 Y79.804
G1 F3000 X38.54 Y78.429 E2761.36161
G0 F7200 X38.54 Y78.138
G1 F3000 X37.165 Y76.763 E2761.41011
G1 X37.095 Y76.693
G0 F7200 X37.311 Y76.693
G0 X37.311 Y74.147
G0 X37.166 Y74.147
G1 F3000 X38.54 Y72.773 E2761.45858
G0 F7200 X38.54 Y72.481
G1 F3000 X37.165 Y71.106 E2761.50709
G1 X37.095 Y71.036
G0 F7200 X37.311 Y71.036
G0 X37.311 Y68.49
G0 X37.166 Y68.49
G1 F3000 X38.54 Y67.116 E2761.55556
G0 F7200 X38.54 Y66.824
G1 F3000 X37.165 Y65.449 E2761.60407
G1 X37.095 Y65.379
G0 F7200 X37.311 Y65.379
G0 X37.311 Y62.834
G0 X37.166 Y62.834
G1 F3000 X38.54 Y61.459 E2761.65256
G0 F7200 X38.54 Y61.168
G1 F3000 X37.165 Y59.792 E2761.70108
G1 X37.095 Y59.722
G0 F7200 X37.311 Y59.722
G0 X37.311 Y57.177
G0 X37.166 Y57.177
G1 F3000 X38.54 Y55.802 E2761.74957
G0 F7200 X38.54 Y55.511
G1 F3000 X37.165 Y54.135 E2761.7981
G1 X37.095 Y54.065
G0 F7200 X37.311 Y54.065
G0 X37.311 Y51.52
G0 X37.166 Y51.52
G1 F3000 X38.54 Y50.145 E2761.84659
G0 F7200 X38.54 Y49.854
G1 F3000 X37.165 Y48.479 E2761.89509
G1 X37.095 Y48.409
G0 F7200 X37.311 Y48.409
G0 X37.311 Y45.863
G0 X37.166 Y45.863
G1 F3000 X38.54 Y44.488 E2761.94358
G0 F7200 X38.54 Y44.197
G1 F3000 X37.165 Y42.822 E2761.99209
G1 X37.095 Y42.752
G0 F7200 X37.311 Y42.752
G0 X37.311 Y40.206
G0 X37.166 Y40.206
G1 F3000 X38.54 Y38.831 E2762.04058
G0 F7200 X38.54 Y38.54
G1 F3000 X37.165 Y37.165 E2762.08908
G1 X37.095 Y37.095
G0 F7200 X37.311 Y37.095
G0 X37.311 Y34.549
G0 X37.166 Y34.549
G1 F3000 X38.54 Y33.175 E2762.13756
G0 F7200 X38.54 Y32.883
G1 F3000 X37.165 Y31.508 E2762.18606
G1 X37.095 Y31.438
G0 F7200 X37.311 Y31.438
G0 X37.311 Y28.892
G0 X37.166 Y28.892
G1 F3000 X38.54 Y27.518 E2762.23453
G0 F7200 X38.54 Y27.226
G1 F3000 X37.165 Y25.851 E2762.28304
G1 X37.095 Y25.781
G0 F7200 X37.311 Y25.781
G0 X37.311 Y23.236
G0 X37.166 Y23.236
G1 F3000 X38.54 Y21.861 E2762.33153
G0 F7200 X38.54 Y21.57
G1 F3000 X37.165 Y20.194 E2762.38005
G1 X37.095 Y20.124
G0 F7200 X37.311 Y20.124
G0 X37.311 Y17.579
G0 X37.166 Y17.579
G1 F3000 X38.54 Y16.204 E2762.42854
G0 F7200 X38.54 Y15.913
G1 F3000 X37.165 Y14.537 E2762.47707
G1 X37.095 Y14.467
G0 F7200 X37.311 Y14.467
G0 X38.462 Y87.038
G0 X61.538 Y87.038
G0 X61.125 Y86.624
;TYPE:WALL-INNER
G1 F2400 X60.939 Y86.751 E2762.48269
G1 X60.774 Y86.8 E2762.48698
G1 X39.3 Y86.8 E2763.02265
G1 X39.061 Y86.751 E2763.02874
G1 X38.875 Y86.625 E2763.03434
G1 X38.749 Y86.439 E2763.03995
G1 X38.7 Y86.274 E2763.04424
G1 X38.7 Y13.8 E2764.85211
G1 X38.749 Y13.561 E2764.8582
G1 X38.875 Y13.375 E2764.8638
G1 X39.061 Y13.249 E2764.8694
G1 X39.226 Y13.2 E2764.8737
G1 X60.7 Y13.2 E2765.40937
G1 X61.124 Y13.375 E2765.42081
G1 X61.251 Y13.561 E2765.42643
G1 X61.3 Y13.8 E2765.43252
G1 X61.3 Y86.289 E2767.24076
G1 X61.125 Y86.624 E2767.25019
G0 F7200 X61.61 Y86.624
G0 X62.71 Y88.223
G0 X63 Y88.313
G1 F2400 X62.994 Y11.634 E2769.16295
G1 X62.939 Y11.545 E2769.16556
G1 X62.833 Y11.5 E2769.16844
G1 X37.111 Y11.5 E2769.81007
G1 X37 Y11.632 E2769.81438
G1 X37 Y88.311 E2771.72714
G1 X37.094 Y88.5 E2771.73241
G1 X62.797 Y88.496 E2772.37357
G1 X62.943 Y88.449 E2772.3774
G1 X63 Y88.313 E2772.38108
G0 F7200 X63.282 Y88.681
;TYPE:WALL-OUTER
G1 F1200 X63.4 Y88.352 E2772.3898
G1 X63.396 Y11.529 E2774.30615
G1 X63.241 Y11.27 E2774.31368
G1 X63.08 Y11.152 E2774.31866
G1 X62.885 Y11.1 E2774.3237
G1 X37.12 Y11.1 E2774.96641
G1 X36.84 Y11.2 E2774.97382
G1 X36.656 Y11.421 E2774.981
G1 X36.6 Y11.645 E2774.98676
G1 X36.6 Y88.367 E2776.90059
G1 X36.672 Y88.614 E2776.90701
G1 X36.826 Y88.791 E2776.91286
G1 X37.154 Y88.9 E2776.92149
G1 X62.86 Y88.896 E2777.56273
G1 X63.149 Y88.803 E2777.5703
G1 X63.282 Y88.681 E2777.5748
G0 F7200 X63.349 Y88.493
G0 X62.711 Y88.188
G0 X61.61 Y86.235
G0 X60.898 Y86.235
G1 F1200 X60.842 Y86.342 E2777.57781
G1 X60.735 Y86.397 E2777.58081
G1 X39.244 Y86.4 E2778.11691
G1 X39.158 Y86.342 E2778.1195
G1 X39.103 Y86.235 E2778.1225
G1 X39.1 Y13.8 E2779.9294
G1 X39.158 Y13.658 E2779.93322
G1 X39.265 Y13.603 E2779.93622
G1 X60.7 Y13.6 E2780.47092
G1 X60.842 Y13.658 E2780.47475
G1 X60.9 Y13.8 E2780.47857
G1 X60.898 Y86.235 E2782.28547
G0 F7200 X60.842 Y86.342
G0 X60.772 Y86.378
G0 X60.772 Y87.41
;MESH:NONMESH
G0 F600 Z4.685
G0 F7200 X38.462 Y87.038
G0 X37.311 Y11.926
G0 X37.161 Y11.926
;TIME_ELAPSED:6248.618950
;LAYER:23
;TYPE:FILL
;MESH:luckfox_bottom.stl
G1 F3000 X37.427 Y11.66 E2782.29486
G0 F7200 X37.426 Y11.811
G0 X39.944 Y11.811
G0 X39.945 Y11.661
G1 F3000 X41.324 Y13.04 E2782.34351
G0 F7200 X41.704 Y13.04
G1 F3000 X43.084 Y11.66 E2782.39219
G1 X43.154 Y11.59
G0 F7200 X43.153 Y11.811
G0 X45.601 Y11.811
G0 X45.602 Y11.661
G1 F3000 X46.981 Y13.04 E2782.44084
G0 F7200 X47.361 Y13.04
G1 F3000 X48.741 Y11.66 E2782.48952
G1 X48.811 Y11.59
G0 F7200 X48.81 Y11.811
G0 X51.257 Y11.811
G0 X51.258 Y11.66
G1 F3000 X52.638 Y13.04 E2782.5382
G0 F7200 X53.018 Y13.04
G1 F3000 X54.398 Y11.659 E2782.5869
G1 X54.468 Y11.589
G0 F7200 X54.467 Y11.811
G0 X56.914 Y11.811
G0 X56.915 Y11.66
G1 F3000 X58.295 Y13.04 E2782.63559
G0 F7200 X58.675 Y13.04
G1 F3000 X60.055 Y11.659 E2782.68429
G1 X60.125 Y11.589
G0 F7200 X60.124 Y11.811
G0 X62.571 Y11.811
G0 X62.572 Y11.66
G1 F3000 X62.837 Y11.925 E2782.69364
G0 F7200 X62.688 Y11.925
G0 X62.688 Y14.535
G0 X62.836 Y14.535
G1 F3000 X61.46 Y15.911 E2782.74218
G0 F7200 X61.46 Y16.205
G1 F3000 X62.837 Y17.582 E2782.79076
G1 X62.907 Y17.652
G0 F7200 X62.688 Y17.652
G0 X62.688 Y20.192
G0 X62.836 Y20.192
G1 F3000 X61.46 Y21.568 E2782.8393
G0 F7200 X61.46 Y21.862
G1 F3000 X62.837 Y23.239 E2782.88788
G1 X62.907 Y23.309
G0 F7200 X62.688 Y23.309
G0 X62.688 Y25.849
G0 X62.836 Y25.849
G1 F3000 X61.46 Y27.225 E2782.93642
G0 F7200 X61.46 Y27.519
G1 F3000 X62.837 Y28.896 E2782.98499
G1 X62.907 Y28.966
G0 F7200 X62.688 Y28.966
G0 X62.688 Y31.506
G0 X62.836 Y31.506
G1 F3000 X61.46 Y32.882 E2783.03354
G0 F7200 X61.46 Y33.176
G1 F3000 X62.837 Y34.553 E2783.08211
G1 X62.907 Y34.623
G0 F7200 X62.688 Y34.623
G0 X62.688 Y37.163
G0 X62.836 Y37.163
G1 F3000 X61.46 Y38.539 E2783.13066
G0 F7200 X61.46 Y38.833
G1 F3000 X62.836 Y40.209 E2783.1792
G1 X62.906 Y40.279
G0 F7200 X62.688 Y40.279
G0 X62.688 Y42.82
G0 X62.836 Y42.82
G1 F3000 X61.46 Y44.196 E2783.22774
G0 F7200 X61.46 Y44.49
G1 F3000 X62.836 Y45.866 E2783.27628
G1 X62.906 Y45.936
G0 F7200 X62.688 Y45.936
G0 X62.688 Y48.477
G0 X62.836 Y48.477
G1 F3000 X61.46 Y49.852 E2783.32481
G0 F7200 X61.46 Y50.147
G1 F3000 X62.836 Y51.523 E2783.37335
G1 X62.906 Y51.593
G0 F7200 X62.689 Y51.593
G0 X62.689 Y54.134
G0 X62.836 Y54.134
G1 F3000 X61.46 Y55.509 E2783.42187
G0 F7200 X61.46 Y55.803
G1 F3000 X62.836 Y57.179 E2783.47042
G1 X62.906 Y57.249
G0 F7200 X62.689 Y57.249
G0 X62.689 Y59.791
G0 X62.836 Y59.791
G1 F3000 X61.46 Y61.166 E2783.51894
G0 F7200 X61.46 Y61.46
G1 F3000 X62.836 Y62.836 E2783.56748
G1 X62.906 Y62.906
G0 F7200 X62.689 Y62.906
G0 X62.689 Y65.448
G0 X62.835 Y65.448
G1 F3000 X61.46 Y66.823 E2783.61599
G0 F7200 X61.46 Y67.117
G1 F3000 X62.836 Y68.492 E2783.66451
G1 X62.906 Y68.562
G0 F7200 X62.689 Y68.562
G0 X62.689 Y71.105
G0 X62.835 Y71.105
G1 F3000 X61.46 Y72.48 E2783.71302
G0 F7200 X61.46 Y72.774
G1 F3000 X62.836 Y74.149 E2783.76155
G1 X62.906 Y74.219
G0 F7200 X62.689 Y74.219
G0 X62.689 Y76.762
G0 X62.835 Y76.762
G1 F3000 X61.46 Y78.137 E2783.81005
G0 F7200 X61.46 Y78.431
G1 F3000 X62.836 Y79.806 E2783.85858
G1 X62.906 Y79.876
G0 F7200 X62.689 Y79.876
G0 X62.689 Y82.419
G0 X62.835 Y82.419
G1 F3000 X61.46 Y83.794 E2783.90708
G0 F7200 X61.46 Y84.088
G1 F3000 X62.836 Y85.463 E2783.95561
G1 X62.906 Y85.533
G0 F7200 X62.689 Y85.533
G0 X62.689 Y88.076
G0 X62.835 Y88.076
G1 F3000 X62.574 Y88.337 E2783.96482
G0 F7200 X62.574 Y88.188
G0 X60.052 Y88.188
G0 X60.052 Y88.336
G1 F3000 X58.676 Y86.96 E2784.01336
G0 F7200 X58.294 Y86.96
G1 F3000 X56.917 Y88.337 E2784.06193
G1 X56.847 Y88.407
G0 F7200 X56.847 Y88.188
G0 X54.396 Y88.188
G0 X54.396 Y88.337
G1 F3000 X53.019 Y86.96 E2784.11051
G0 F7200 X52.637 Y86.96
G1 F3000 X51.26 Y88.337 E2784.15909
G1 X51.19 Y88.407
G0 F7200 X51.19 Y88.188
G0 X48.739 Y88.189
G0 X48.739 Y88.337
G1 F3000 X47.362 Y86.96 E2784.20767
G0 F7200 X46.98 Y86.96
G1 F3000 X45.602 Y88.338 E2784.25628
G1 X45.532 Y88.408
G0 F7200 X45.532 Y88.189
G0 X43.083 Y88.189
G0 X43.083 Y88.338
G1 F3000 X41.705 Y86.96 E2784.30489
G0 F7200 X41.323 Y86.96
G1 F3000 X39.944 Y88.339 E2784.35354
G1 X39.874 Y88.409
G0 F7200 X39.874 Y88.189
G0 X37.426 Y88.189
G0 X37.426 Y88.338
G1 F3000 X37.165 Y88.077 E2784.36275
G0 F7200 X37.311 Y88.077
G0 X37.311 Y85.461
G0 X37.166 Y85.461
G1 F3000 X38.54 Y84.086 E2784.41124
G0 F7200 X38.54 Y83.795
G1 F3000 X37.165 Y82.42 E2784.45974
G1 X37.095 Y82.35
G0 F7200 X37.311 Y82.35
G0 X37.311 Y79.804
G0 X37.166 Y79.804
G1 F3000 X38.54 Y78.429 E2784.50823
G0 F7200 X38.54 Y78.138
G1 F3000 X37.164 Y76.762 E2784.55678
G1 X37.094 Y76.692
G0 F7200 X37.311 Y76.692
G0 X37.311 Y74.148
G0 X37.165 Y74.148
G1 F3000 X38.54 Y72.773 E2784.60528
G0 F7200 X38.54 Y72.481
G1 F3000 X37.164 Y71.105 E2784.65382
G1 X37.094 Y71.035
G0 F7200 X37.311 Y71.035
G0 X37.311 Y68.491
G0 X37.165 Y68.491
G1 F3000 X38.54 Y67.116 E2784.70233
G0 F7200 X38.54 Y66.824
G1 F3000 X37.163 Y65.448 E2784.75089
G1 X37.093 Y65.378
G0 F7200 X37.311 Y65.378
G0 X37.311 Y62.835
G0 X37.164 Y62.835
G1 F3000 X38.54 Y61.459 E2784.79943
G0 F7200 X38.54 Y61.168
G1 F3000 X37.163 Y59.791 E2784.84801
G1 X37.093 Y59.721
G0 F7200 X37.311 Y59.721
G0 X37.311 Y57.178
G0 X37.164 Y57.178
G1 F3000 X38.54 Y55.802 E2784.89655
G0 F7200 X38.54 Y55.511
G1 F3000 X37.163 Y54.133 E2784.94515
G1 X37.093 Y54.063
G0 F7200 X37.311 Y54.063
G0 X37.311 Y51.522
G0 X37.163 Y51.522
G1 F3000 X38.54 Y50.145 E2784.99372
G0 F7200 X38.54 Y49.854
G1 F3000 X37.163 Y48.476 E2785.04232
G1 X37.093 Y48.406
G0 F7200 X37.311 Y48.406
G0 X37.311 Y45.865
G0 X37.163 Y45.865
G1 F3000 X38.54 Y44.488 E2785.0909
G0 F7200 X38.54 Y44.197
G1 F3000 X37.162 Y42.819 E2785.13951
G1 X37.092 Y42.749
G0 F7200 X37.311 Y42.749
G0 X37.311 Y40.209
G0 X37.163 Y40.209
G1 F3000 X38.54 Y38.831 E2785.1881
G0 F7200 X38.54 Y38.54
G1 F3000 X37.162 Y37.162 E2785.23672
G1 X37.092 Y37.092
G0 F7200 X37.311 Y37.092
G0 X37.311 Y34.552
G0 X37.163 Y34.552
G1 F3000 X38.54 Y33.175 E2785.28529
G0 F7200 X38.54 Y32.883
G1 F3000 X37.161 Y31.504 E2785.33394
G1 X37.091 Y31.434
G0 F7200 X37.311 Y31.434
G0 X37.311 Y28.896
G0 X37.162 Y28.896
G1 F3000 X38.54 Y27.518 E2785.38256
G0 F7200 X38.54 Y27.226
G1 F3000 X37.161 Y25.848 E2785.43119
G1 X37.091 Y25.778
G0 F7200 X37.311 Y25.778
G0 X37.311 Y23.239
G0 X37.162 Y23.239
G1 F3000 X38.54 Y21.861 E2785.4798
G0 F7200 X38.54 Y21.57
G1 F3000 X37.161 Y20.19 E2785.52846
G1 X37.091 Y20.12
G0 F7200 X37.311 Y20.12
G0 X37.311 Y17.583
G0 X37.161 Y17.583
G1 F3000 X38.54 Y16.204 E2785.57711
G0 F7200 X38.54 Y15.913
G1 F3000 X37.161 Y14.533 E2785.62578
G1 X37.091 Y14.463
G0 F7200 X37.311 Y14.463
G0 X38.462 Y87.038
G0 X61.538 Y87.038
G0 X61.125 Y86.624
;TYPE:WALL-INNER
G1 F2400 X60.939 Y86.751 E2785.6314
G1 X60.774 Y86.8 E2785.63569
G1 X39.3 Y86.8 E2786.17136
G1 X39.061 Y86.751 E2786.17745
G1 X38.875 Y86.625 E2786.18305
G1 X38.749 Y86.439 E2786.18865
G1 X38.7 Y86.274 E2786.19295
G1 X38.7 Y13.8 E2788.00082
G1 X38.749 Y13.561 E2788.00691
G1 X38.875 Y13.375 E2788.01251
G1 X39.061 Y13.249 E2788.01811
G1 X39.226 Y13.2 E2788.02241
G1 X60.7 Y13.2 E2788.55808
G1 X61.124 Y13.375 E2788.56952
G1 X61.251 Y13.561 E2788.57514
G1 X61.3 Y13.8 E2788.58122
G1 X61.3 Y86.289 E2790.38947
G1 X61.125 Y86.624 E2790.3989
G0 F7200 X61.61 Y86.624
G0 X62.726 Y88.21
G0 X63 Y88.356
G1 F2400 X62.996 Y11.671 E2792.31181
G1 X62.938 Y11.537 E2792.31546
G1 X62.845 Y11.5 E2792.31795
G1 X37.125 Y11.5 E2792.95954
G1 X37.042 Y11.553 E2792.962
G1 X37 Y11.639 E2792.96438
G1 X37 Y88.31 E2794.87695
G1 X37.076 Y88.466 E2794.88128
G1 X37.19 Y88.5 E2794.88425
G1 X62.898 Y88.496 E2795.52554
G1 X63 Y88.356 E2795.52986
G0 F7200 X63.049 Y88.859
;TYPE:WALL-OUTER
G1 F1200 X63.19 Y88.773 E2795.53398
G1 X63.353 Y88.551 E2795.54085
G1 X63.4 Y88.342 E2795.54619
G1 X63.396 Y11.627 E2797.45985
G1 X63.355 Y11.443 E2797.46456
G1 X63.179 Y11.211 E2797.47182
G1 X62.889 Y11.1 E2797.47957
G1 X37.12 Y11.1 E2798.12238
G1 X36.826 Y11.205 E2798.13016
G1 X36.713 Y11.315 E2798.1341
G1 X36.6 Y11.547 E2798.14053
G1 X36.6 Y88.367 E2800.05682
G1 X36.672 Y88.613 E2800.06321
G1 X36.823 Y88.784 E2800.0689
G1 X36.972 Y88.865 E2800.07313
G1 X37.152 Y88.9 E2800.07771
G1 X62.875 Y88.896 E2800.71937
G1 X63.049 Y88.859 E2800.72381
G0 F7200 X63.19 Y88.773
G0 X63.21 Y88.745
G0 X62.726 Y88.21
G0 X61.61 Y86.235
G0 X60.898 Y86.235
G1 F1200 X60.842 Y86.342 E2800.72682
G1 X60.735 Y86.397 E2800.72982
G1 X39.244 Y86.4 E2801.26592
G1 X39.158 Y86.342 E2801.2685
G1 X39.103 Y86.235 E2801.2715
G1 X39.1 Y13.8 E2803.0784
G1 X39.158 Y13.658 E2803.08223
G1 X39.265 Y13.603 E2803.08523
G1 X60.7 Y13.6 E2803.61993
G1 X60.842 Y13.658 E2803.62376
G1 X60.9 Y13.8 E2803.62758
G1 X60.898 Y86.235 E2805.43448
G0 F7200 X60.842 Y86.342
G0 X60.772 Y86.378
G0 X60.772 Y87.41
;MESH:NONMESH
G0 F600 Z4.835
G0 F7200 X38.462 Y87.038
G0 X37.311 Y11.927
G0 X37.161 Y11.927
;TIME_ELAPSED:6286.243910
;LAYER:24
;TYPE:FILL
;MESH:luckfox_bottom.stl
G1 F3000 X37.424 Y11.664 E2805.44376
G0 F7200 X37.423 Y11.811
G0 X39.948 Y11.811
G0 X39.949 Y11.664
G1 F3000 X41.324 Y13.04 E2805.49228
G0 F7200 X41.704 Y13.04
G1 F3000 X43.081 Y11.663 E2805.54086
G1 X43.151 Y11.593
G0 F7200 X43.15 Y11.811
G0 X45.603 Y11.811
G0 X45.604 Y11.663
G1 F3000 X46.981 Y13.04 E2805.58944
G0 F7200 X47.361 Y13.04
G1 F3000 X48.739 Y11.662 E2805.63805
G1 X48.809 Y11.592
G0 F7200 X48.808 Y11.811
G0 X51.259 Y11.811
G0 X51.26 Y11.662
G1 F3000 X52.638 Y13.04 E2805.68666
G0 F7200 X53.018 Y13.04
G1 F3000 X54.397 Y11.661 E2805.73531
G1 X54.467 Y11.591
G0 F7200 X54.466 Y11.811
G0 X56.915 Y11.811
G0 X56.916 Y11.661
G1 F3000 X58.295 Y13.04 E2805.78396
G0 F7200 X58.675 Y13.04
G1 F3000 X60.055 Y11.659 E2805.83266
G1 X60.125 Y11.589
G0 F7200 X60.124 Y11.811
G0 X62.571 Y11.811
G0 X62.572 Y11.66
G1 F3000 X62.838 Y11.926 E2805.84204
G0 F7200 X62.688 Y11.926
G0 X62.688 Y14.535
G0 X62.837 Y14.535
G1 F3000 X61.46 Y15.911 E2805.8906
G0 F7200 X61.46 Y16.205
G1 F3000 X62.838 Y17.583 E2805.93922
G1 X62.908 Y17.653
G0 F7200 X62.688 Y17.653
G0 X62.688 Y20.191
G0 X62.837 Y20.191
G1 F3000 X61.46 Y21.568 E2805.98779
G0 F7200 X61.46 Y21.862
G1 F3000 X62.838 Y23.24 E2806.03641
G1 X62.908 Y23.31
G0 F7200 X62.688 Y23.31
G0 X62.688 Y25.848
G0 X62.837 Y25.848
G1 F3000 X61.46 Y27.225 E2806.08498
G0 F7200 X61.46 Y27.519
G1 F3000 X62.838 Y28.897 E2806.1336
G1 X62.908 Y28.967
G0 F7200 X62.688 Y28.967
G0 X62.688 Y31.504
G0 X62.838 Y31.504
G1 F3000 X61.46 Y32.882 E2806.18221
G0 F7200 X61.46 Y33.176
G1 F3000 X62.838 Y34.554 E2806.23082
G1 X62.908 Y34.624
G0 F7200 X62.688 Y34.624
G0 X62.688 Y37.161
G0 X62.838 Y37.161
G1 F3000 X61.46 Y38.539 E2806.27943
G0 F7200 X61.46 Y38.833
G1 F3000 X62.838 Y40.211 E2806.32805
G1 X62.908 Y40.281
G0 F7200 X62.688 Y40.281
G0 X62.688 Y42.817
G0 X62.838 Y42.817
G1 F3000 X61.46 Y44.196 E2806.37668
G0 F7200 X61.46 Y44.49
G1 F3000 X62.839 Y45.869 E2806.42532
G1 X62.909 Y45.939
G0 F7200 X62.688 Y45.939
G0 X62.688 Y48.474
G0 X62.838 Y48.474
G1 F3000 X61.46 Y49.852 E2806.47394
G0 F7200 X61.46 Y50.147
G1 F3000 X62.839 Y51.525 E2806.52257
G1 X62.909 Y51.595
G0 F7200 X62.689 Y51.595
G0 X62.689 Y54.131
G0 X62.838 Y54.131
G1 F3000 X61.46 Y55.509 E2806.57118
G0 F7200 X61.46 Y55.803
G1 F3000 X62.839 Y57.182 E2806.61983
G1 X62.909 Y57.252
G0 F7200 X62.689 Y57.252
G0 X62.689 Y59.787
G0 X62.839 Y59.787
G1 F3000 X61.46 Y61.166 E2806.66848
G0 F7200 X61.46 Y61.46
G1 F3000 X62.84 Y62.84 E2806.71716
G1 X62.91 Y62.91
G0 F7200 X62.689 Y62.91
G0 X62.689 Y65.444
G0 X62.839 Y65.444
G1 F3000 X61.46 Y66.823 E2806.76581
G0 F7200 X61.46 Y67.117
G1 F3000 X62.84 Y68.497 E2806.81449
G1 X62.91 Y68.567
G0 F7200 X62.689 Y68.567
G0 X62.689 Y71.101
G0 X62.839 Y71.101
G1 F3000 X61.46 Y72.48 E2806.86314
G0 F7200 X61.46 Y72.774
G1 F3000 X62.841 Y74.154 E2806.91184
G1 X62.911 Y74.224
G0 F7200 X62.689 Y74.224
G0 X62.689 Y76.757
G0 X62.84 Y76.757
G1 F3000 X61.46 Y78.137 E2806.96052
G0 F7200 X61.46 Y78.431
G1 F3000 X62.841 Y79.811 E2807.00922
G1 X62.911 Y79.881
G0 F7200 X62.689 Y79.881
G0 X62.689 Y82.414
G0 X62.84 Y82.414
G1 F3000 X61.46 Y83.794 E2807.05791
G0 F7200 X61.46 Y84.088
G1 F3000 X62.841 Y85.468 E2807.10661
G1 X62.911 Y85.538
G0 F7200 X62.689 Y85.538
G0 X62.689 Y88.071
G0 X62.84 Y88.071
G1 F3000 X62.575 Y88.336 E2807.11596
G0 F7200 X62.575 Y88.188
G0 X60.051 Y88.188
G0 X60.051 Y88.335
G1 F3000 X58.676 Y86.96 E2807.16446
G0 F7200 X58.294 Y86.96
G1 F3000 X56.918 Y88.336 E2807.21301
G1 X56.848 Y88.406
G0 F7200 X56.848 Y88.188
G0 X54.394 Y88.188
G0 X54.394 Y88.335
G1 F3000 X53.019 Y86.96 E2807.26151
G0 F7200 X52.637 Y86.96
G1 F3000 X51.262 Y88.335 E2807.31002
G1 X51.192 Y88.405
G0 F7200 X51.192 Y88.188
G0 X48.737 Y88.189
G0 X48.737 Y88.335
G1 F3000 X47.362 Y86.96 E2807.35853
G0 F7200 X46.98 Y86.96
G1 F3000 X45.606 Y88.335 E2807.40701
G1 X45.536 Y88.405
G0 F7200 X45.536 Y88.189
G0 X43.079 Y88.189
G0 X43.079 Y88.334
G1 F3000 X41.705 Y86.96 E2807.45549
G0 F7200 X41.323 Y86.96
G1 F3000 X39.949 Y88.335 E2807.50398
G1 X39.879 Y88.405
G0 F7200 X39.879 Y88.189
G0 X37.422 Y88.189
G0 X37.422 Y88.334
G1 F3000 X37.16 Y88.072 E2807.51322
G0 F7200 X37.311 Y88.072
G0 X37.311 Y85.466
G0 X37.161 Y85.466
G1 F3000 X38.54 Y84.086 E2807.56188
G0 F7200 X38.54 Y83.795
G1 F3000 X37.16 Y82.415 E2807.61057
G1 X37.09 Y82.345
G0 F7200 X37.311 Y82.345
G0 X37.311 Y79.809
G0 X37.161 Y79.809
G1 F3000 X38.54 Y78.429 E2807.65923
G0 F7200 X38.54 Y78.138
G1 F3000 X37.16 Y76.758 E2807.70792
G1 X37.09 Y76.688
G0 F7200 X37.311 Y76.688
G0 X37.311 Y74.152
G0 X37.161 Y74.152
G1 F3000 X38.54 Y72.773 E2807.75656
G0 F7200 X38.54 Y72.481
G1 F3000 X37.16 Y71.101 E2807.80525
G1 X37.09 Y71.031
G0 F7200 X37.311 Y71.031
G0 X37.311 Y68.495
G0 X37.161 Y68.495
G1 F3000 X38.54 Y67.116 E2807.8539
G0 F7200 X38.54 Y66.824
G1 F3000 X37.16 Y65.444 E2807.90258
G1 X37.09 Y65.374
G0 F7200 X37.311 Y65.374
G0 X37.311 Y62.838
G0 X37.161 Y62.838
G1 F3000 X38.54 Y61.459 E2807.95123
G0 F7200 X38.54 Y61.168
G1 F3000 X37.16 Y59.787 E2807.99993
G1 X37.09 Y59.717
G0 F7200 X37.311 Y59.717
G0 X37.311 Y57.182
G0 X37.161 Y57.182
G1 F3000 X38.54 Y55.802 E2808.04859
G0 F7200 X38.54 Y55.511
G1 F3000 X37.16 Y54.13 E2808.09729
G1 X37.09 Y54.06
G0 F7200 X37.311 Y54.06
G0 X37.311 Y51.525
G0 X37.161 Y51.525
G1 F3000 X38.54 Y50.145 E2808.14596
G0 F7200 X38.54 Y49.854
G1 F3000 X37.16 Y48.474 E2808.19464
G1 X37.09 Y48.404
G0 F7200 X37.311 Y48.404
G0 X37.311 Y45.868
G0 X37.161 Y45.868
G1 F3000 X38.54 Y44.488 E2808.24331
G0 F7200 X38.54 Y44.197
G1 F3000 X37.16 Y42.817 E2808.29199
G1 X37.09 Y42.747
G0 F7200 X37.311 Y42.747
G0 X37.311 Y40.211
G0 X37.161 Y40.211
G1 F3000 X38.54 Y38.831 E2808.34066
G0 F7200 X38.54 Y38.54
G1 F3000 X37.16 Y37.16 E2808.38934
G1 X37.09 Y37.09
G0 F7200 X37.311 Y37.09
G0 X37.311 Y34.554
G0 X37.161 Y34.554
G1 F3000 X38.54 Y33.175 E2808.43799
G0 F7200 X38.54 Y32.883
G1 F3000 X37.16 Y31.503 E2808.48667
G1 X37.09 Y31.433
G0 F7200 X37.311 Y31.433
G0 X37.311 Y28.897
G0 X37.161 Y28.897
G1 F3000 X38.54 Y27.518 E2808.53532
G0 F7200 X38.54 Y27.226
G1 F3000 X37.16 Y25.846 E2808.584
G1 X37.09 Y25.776
G0 F7200 X37.311 Y25.776
G0 X37.311 Y23.24
G0 X37.161 Y23.24
G1 F3000 X38.54 Y21.861 E2808.63265
G0 F7200 X38.54 Y21.57
G1 F3000 X37.16 Y20.189 E2808.68135
G1 X37.09 Y20.119
G0 F7200 X37.311 Y20.119
G0 X37.311 Y17.584
G0 X37.161 Y17.584
G1 F3000 X38.54 Y16.204 E2808.73002
G0 F7200 X38.54 Y15.913
G1 F3000 X37.16 Y14.532 E2808.77872
G1 X37.09 Y14.462
G0 F7200 X37.311 Y14.462
G0 X38.462 Y87.038
G0 X61.538 Y87.038
G0 X61.125 Y86.624
;TYPE:WALL-INNER
G1 F2400 X60.939 Y86.751 E2808.78434
G1 X60.774 Y86.8 E2808.78863
G1 X39.3 Y86.8 E2809.3243
G1 X39.061 Y86.751 E2809.33039
G1 X38.875 Y86.625 E2809.33599
G1 X38.749 Y86.439 E2809.34159
G1 X38.7 Y86.274 E2809.34589
G1 X38.7 Y13.8 E2811.15376
G1 X38.749 Y13.561 E2811.15985
G1 X38.875 Y13.375 E2811.16545
G1 X39.061 Y13.249 E2811.17105
G1 X39.226 Y13.2 E2811.17535
G1 X60.7 Y13.2 E2811.71102
G1 X61.124 Y13.375 E2811.72246
G1 X61.251 Y13.561 E2811.72808
G1 X61.3 Y13.8 E2811.73416
G1 X61.3 Y86.289 E2813.54241
G1 X61.125 Y86.624 E2813.55184
G0 F7200 X61.61 Y86.624
G0 X62.71 Y88.223
G0 X63 Y88.35
G1 F2400 X62.996 Y11.637 E2815.46545
G1 X62.957 Y11.559 E2815.46763
G1 X62.83 Y11.5 E2815.47112
G1 X37.11 Y11.5 E2816.11271
G1 X37 Y11.636 E2816.11707
G1 X37.005 Y88.361 E2818.03098
G1 X37.053 Y88.44 E2818.03329
G1 X37.202 Y88.5 E2818.0373
G1 X62.796 Y88.496 E2818.67574
G1 X62.92 Y88.455 E2818.679
G1 X63 Y88.35 E2818.68229
G0 F7200 X63.138 Y88.805
;TYPE:WALL-OUTER
G1 F1200 X63.328 Y88.609 E2818.6891
G1 X63.4 Y88.426 E2818.69401
G1 X63.396 Y11.573 E2820.61111
G1 X63.249 Y11.277 E2820.61936
G1 X63.08 Y11.152 E2820.6246
G1 X62.882 Y11.1 E2820.62971
G1 X37.12 Y11.1 E2821.27234
G1 X36.84 Y11.2 E2821.27976
G1 X36.647 Y11.431 E2821.28727
G1 X36.6 Y11.572 E2821.29098
G1 X36.6 Y88.464 E2823.20906
G1 X36.754 Y88.72 E2823.21651
G1 X36.946 Y88.853 E2823.22233
G1 X37.158 Y88.9 E2823.22775
G1 X62.86 Y88.896 E2823.86889
G1 X63.138 Y88.805 E2823.87619
G0 F7200 X63.277 Y88.662
G0 X62.71 Y88.223
G0 X61.61 Y86.235
G0 X60.898 Y86.235
G1 F1200 X60.842 Y86.342 E2823.8792
G1 X60.735 Y86.397 E2823.8822
G1 X39.244 Y86.4 E2824.4183
G1 X39.158 Y86.342 E2824.42088
G1 X39.103 Y86.235 E2824.42388
G1 X39.1 Y13.8 E2826.23078
G1 X39.158 Y13.658 E2826.23461
G1 X39.265 Y13.603 E2826.23761
G1 X60.7 Y13.6 E2826.77231
G1 X60.842 Y13.658 E2826.77614
G1 X60.9 Y13.8 E2826.77996
G1 X60.898 Y86.235 E2828.58686
G0 F7200 X60.842 Y86.342
G0 X60.772 Y86.378
G0 X60.772 Y87.41
;MESH:NONMESH
G0 F600 Z4.985
G0 F7200 X38.462 Y87.038
G0 X37.311 Y11.927
G0 X37.161 Y11.927
;TIME_ELAPSED:6323.877972
;LAYER:25
;TYPE:FILL
;MESH:luckfox_bottom.stl
G1 F3000 X37.426 Y11.661 E2828.59623
G0 F7200 X37.426 Y11.811
G0 X39.946 Y11.811
G0 X39.946 Y11.662
G1 F3000 X41.324 Y13.04 E2828.64484
G0 F7200 X41.704 Y13.04
G1 F3000 X43.083 Y11.661 E2828.69349
G1 X43.153 Y11.591
G0 F7200 X43.153 Y11.811
G0 X45.603 Y11.811
G0 X45.603 Y11.662
G1 F3000 X46.981 Y13.04 E2828.7421
G0 F7200 X47.361 Y13.04
G1 F3000 X48.74 Y11.661 E2828.79075
G1 X48.81 Y11.591
G0 F7200 X48.81 Y11.811
G0 X51.259 Y11.811
G0 X51.259 Y11.661
G1 F3000 X52.638 Y13.04 E2828.8394
G0 F7200 X53.018 Y13.04
G1 F3000 X54.398 Y11.66 E2828.88808
G1 X54.468 Y11.59
G0 F7200 X54.468 Y11.811
G0 X56.916 Y11.811
G0 X56.916 Y11.661
G1 F3000 X58.295 Y13.04 E2828.93673
G0 F7200 X58.675 Y13.04
G1 F3000 X60.055 Y11.66 E2828.98541
G1 X60.125 Y11.59
G0 F7200 X60.125 Y11.811
G0 X62.573 Y11.811
G0 X62.573 Y11.661
G1 F3000 X62.834 Y11.923 E2828.99463
G0 F7200 X62.689 Y11.923
G0 X62.689 Y14.538
G0 X62.834 Y14.538
G1 F3000 X61.46 Y15.911 E2829.04309
G0 F7200 X61.46 Y16.205
G1 F3000 X62.834 Y17.579 E2829.09156
G1 X62.904 Y17.649
G0 F7200 X62.689 Y17.649
G0 X62.689 Y20.195
G0 X62.834 Y20.195
G1 F3000 X61.46 Y21.568 E2829.14001
G0 F7200 X61.46 Y21.862
G1 F3000 X62.834 Y23.236 E2829.18849
G1 X62.904 Y23.306
G0 F7200 X62.689 Y23.306
G0 X62.689 Y25.852
G0 X62.834 Y25.852
G1 F3000 X61.46 Y27.225 E2829.23694
G0 F7200 X61.46 Y27.519
G1 F3000 X62.834 Y28.893 E2829.28541
G1 X62.904 Y28.963
G0 F7200 X62.689 Y28.963
G0 X62.689 Y31.509
G0 X62.834 Y31.509
G1 F3000 X61.46 Y32.882 E2829.33387
G0 F7200 X61.46 Y33.176
G1 F3000 X62.834 Y34.55 E2829.38234
G1 X62.904 Y34.62
G0 F7200 X62.689 Y34.62
G0 X62.689 Y37.166
G0 X62.834 Y37.166
G1 F3000 X61.46 Y38.539 E2829.43079
G0 F7200 X61.46 Y38.833
G1 F3000 X62.834 Y40.207 E2829.47926
G1 X62.904 Y40.277
G0 F7200 X62.689 Y40.277
G0 X62.689 Y42.822
G0 X62.834 Y42.822
G1 F3000 X61.46 Y44.196 E2829.52773
G0 F7200 X61.46 Y44.49
G1 F3000 X62.834 Y45.864 E2829.57621
G1 X62.904 Y45.934
G0 F7200 X62.689 Y45.934
G0 X62.689 Y48.479
G0 X62.834 Y48.479
G1 F3000 X61.46 Y49.852 E2829.62466
G0 F7200 X61.46 Y50.147
G1 F3000 X62.835 Y51.521 E2829.67315
G1 X62.905 Y51.591
G0 F7200 X62.689 Y51.591
G0 X62.689 Y54.135
G0 X62.834 Y54.135
G1 F3000 X61.46 Y55.509 E2829.72162
G0 F7200 X61.46 Y55.803
G1 F3000 X62.835 Y57.178 E2829.77013
G1 X62.905 Y57.248
G0 F7200 X62.689 Y57.248
G0 X62.689 Y59.792
G0 X62.834 Y59.792
G1 F3000 X61.46 Y61.166 E2829.8186
G0 F7200 X61.46 Y61.46
G1 F3000 X62.835 Y62.835 E2829.86711
G1 X62.905 Y62.905
G0 F7200 X62.689 Y62.905
G0 X62.689 Y65.449
G0 X62.834 Y65.449
G1 F3000 X61.46 Y66.823 E2829.91558
G0 F7200 X61.46 Y67.117
G1 F3000 X62.835 Y68.492 E2829.96408
G1 X62.905 Y68.562
G0 F7200 X62.689 Y68.562
G0 X62.689 Y71.106
G0 X62.834 Y71.106
G1 F3000 X61.46 Y72.48 E2830.01256
G0 F7200 X61.46 Y72.774
G1 F3000 X62.835 Y74.149 E2830.06106
G1 X62.905 Y74.219
G0 F7200 X62.689 Y74.219
G0 X62.689 Y76.763
G0 X62.834 Y76.763
G1 F3000 X61.46 Y78.137 E2830.10953
G0 F7200 X61.46 Y78.431
G1 F3000 X62.835 Y79.805 E2830.15802
G1 X62.905 Y79.875
G0 F7200 X62.689 Y79.875
G0 X62.689 Y82.42
G0 X62.834 Y82.42
G1 F3000 X61.46 Y83.794 E2830.20649
G0 F7200 X61.46 Y84.088
G1 F3000 X62.835 Y85.462 E2830.25498
G1 X62.905 Y85.532
G0 F7200 X62.689 Y85.532
G0 X62.689 Y88.077
G0 X62.834 Y88.077
G1 F3000 X62.575 Y88.335 E2830.2641
G0 F7200 X62.575 Y88.189
G0 X60.05 Y88.189
G0 X60.05 Y88.335
G1 F3000 X58.676 Y86.96 E2830.31259
G0 F7200 X58.294 Y86.96
G1 F3000 X56.919 Y88.335 E2830.3611
G1 X56.849 Y88.405
G0 F7200 X56.849 Y88.189
G0 X54.393 Y88.189
G0 X54.393 Y88.335
G1 F3000 X53.019 Y86.96 E2830.40959
G0 F7200 X52.637 Y86.96
G1 F3000 X51.261 Y88.336 E2830.45813
G1 X51.191 Y88.406
G0 F7200 X51.191 Y88.189
G0 X48.737 Y88.189
G0 X48.737 Y88.335
G1 F3000 X47.362 Y86.96 E2830.50664
G0 F7200 X46.98 Y86.96
G1 F3000 X45.603 Y88.337 E2830.55521
G1 X45.533 Y88.407
G0 F7200 X45.533 Y88.189
G0 X43.081 Y88.189
G0 X43.081 Y88.336
G1 F3000 X41.705 Y86.96 E2830.60376
G0 F7200 X41.323 Y86.96
G1 F3000 X39.947 Y88.337 E2830.65232
G1 X39.877 Y88.407
G0 F7200 X39.877 Y88.189
G0 X37.424 Y88.189
G0 X37.424 Y88.336
G1 F3000 X37.16 Y88.072 E2830.66163
G0 F7200 X37.311 Y88.072
G0 X37.311 Y85.466
G0 X37.161 Y85.466
G1 F3000 X38.54 Y84.086 E2830.7103
G0 F7200 X38.54 Y83.795
G1 F3000 X37.16 Y82.415 E2830.75898
G1 X37.09 Y82.345
G0 F7200 X37.311 Y82.345
G0 X37.311 Y79.809
G0 X37.161 Y79.809
G1 F3000 X38.54 Y78.429 E2830.80764
G0 F7200 X38.54 Y78.138
G1 F3000 X37.16 Y76.758 E2830.85633
G1 X37.09 Y76.688
G0 F7200 X37.311 Y76.688
G0 X37.311 Y74.152
G0 X37.161 Y74.152
G1 F3000 X38.54 Y72.773 E2830.90498
G0 F7200 X38.54 Y72.481
G1 F3000 X37.16 Y71.101 E2830.95366
G1 X37.09 Y71.031
G0 F7200 X37.311 Y71.031
G0 X37.311 Y68.495
G0 X37.161 Y68.495
G1 F3000 X38.54 Y67.116 E2831.00231
G0 F7200 X38.54 Y66.824
G1 F3000 X37.16 Y65.444 E2831.05099
G1 X37.09 Y65.374
G0 F7200 X37.311 Y65.374
G0 X37.311 Y62.838
G0 X37.161 Y62.838
G1 F3000 X38.54 Y61.459 E2831.09964
G0 F7200 X38.54 Y61.168
G1 F3000 X37.16 Y59.787 E2831.14834
G1 X37.09 Y59.717
G0 F7200 X37.311 Y59.717
G0 X37.311 Y57.182
G0 X37.161 Y57.182
G1 F3000 X38.54 Y55.802 E2831.197
G0 F7200 X38.54 Y55.511
G1 F3000 X37.16 Y54.13 E2831.2457
G1 X37.09 Y54.06
G0 F7200 X37.311 Y54.06
G0 X37.311 Y51.525
G0 X37.161 Y51.525
G1 F3000 X38.54 Y50.145 E2831.29437
G0 F7200 X38.54 Y49.854
G1 F3000 X37.16 Y48.474 E2831.34305
G1 X37.09 Y48.404
G0 F7200 X37.311 Y48.404
G0 X37.311 Y45.868
G0 X37.161 Y45.868
G1 F3000 X38.54 Y44.488 E2831.39172
G0 F7200 X38.54 Y44.197
G1 F3000 X37.16 Y42.817 E2831.4404
G1 X37.09 Y42.747
G0 F7200 X37.311 Y42.747
G0 X37.311 Y40.211
G0 X37.161 Y40.211
G1 F3000 X38.54 Y38.831 E2831.48907
G0 F7200 X38.54 Y38.54
G1 F3000 X37.16 Y37.16 E2831.53775
G1 X37.09 Y37.09
G0 F7200 X37.311 Y37.09
G0 X37.311 Y34.554
G0 X37.161 Y34.554
G1 F3000 X38.54 Y33.175 E2831.5864
G0 F7200 X38.54 Y32.883
G1 F3000 X37.16 Y31.503 E2831.63508
G1 X37.09 Y31.433
G0 F7200 X37.311 Y31.433
G0 X37.311 Y28.897
G0 X37.161 Y28.897
G1 F3000 X38.54 Y27.518 E2831.68373
G0 F7200 X38.54 Y27.226
G1 F3000 X37.16 Y25.846 E2831.73241
G1 X37.09 Y25.776
G0 F7200 X37.311 Y25.776
G0 X37.311 Y23.24
G0 X37.161 Y23.24
G1 F3000 X38.54 Y21.861 E2831.78106
G0 F7200 X38.54 Y21.57
G1 F3000 X37.16 Y20.189 E2831.82976
G1 X37.09 Y20.119
G0 F7200 X37.311 Y20.119
G0 X37.311 Y17.584
G0 X37.161 Y17.584
G1 F3000 X38.54 Y16.204 E2831.87843
G0 F7200 X38.54 Y15.913
G1 F3000 X37.16 Y14.532 E2831.92713
G1 X37.09 Y14.462
G0 F7200 X37.311 Y14.462
G0 X38.462 Y87.038
G0 X61.538 Y87.038
G0 X61.125 Y86.625
;TYPE:WALL-INNER
G1 F2400 X60.939 Y86.751 E2831.93273
G1 X60.774 Y86.8 E2831.93703
G1 X39.3 Y86.8 E2832.4727
G1 X39.061 Y86.751 E2832.47878
G1 X38.875 Y86.624 E2832.4844
G1 X38.7 Y86.287 E2832.49387
G1 X38.7 Y13.8 E2834.30207
G1 X38.749 Y13.561 E2834.30816
G1 X38.875 Y13.375 E2834.31376
G1 X39.061 Y13.249 E2834.31936
G1 X39.226 Y13.2 E2834.32366
G1 X60.7 Y13.2 E2834.85933
G1 X61.124 Y13.375 E2834.87077
G1 X61.251 Y13.561 E2834.87639
G1 X61.3 Y13.8 E2834.88248
G1 X61.3 Y86.278 E2836.69045
G1 X61.251 Y86.439 E2836.69464
G1 X61.125 Y86.625 E2836.70025
G0 F7200 X61.61 Y86.625
G0 X62.719 Y88.219
G0 X62.995 Y88.319
G1 F2400 X62.996 Y11.682 E2838.61197
G1 X62.898 Y11.5 E2838.61712
G1 X37.182 Y11.5 E2839.25861
G1 X37 Y11.598 E2839.26377
G1 X37 Y88.314 E2841.17746
G1 X37.097 Y88.496 E2841.1826
G1 X62.906 Y88.495 E2841.82641
G1 X62.995 Y88.319 E2841.83133
G0 F7200 X63.344 Y88.574
;TYPE:WALL-OUTER
G1 F1200 X63.395 Y88.367 E2841.83665
G1 X63.396 Y11.63 E2843.75086
G1 X63.341 Y11.42 E2843.75627
G1 X63.169 Y11.206 E2843.76312
G1 X62.888 Y11.1 E2843.77061
G1 X37.13 Y11.1 E2844.41315
G1 X36.92 Y11.155 E2844.41856
G1 X36.706 Y11.327 E2844.42541
G1 X36.6 Y11.608 E2844.43291
G1 X36.6 Y88.366 E2846.34764
G1 X36.655 Y88.576 E2846.35306
G1 X36.83 Y88.795 E2846.36005
G1 X37.129 Y88.896 E2846.36792
G1 X62.867 Y88.895 E2847.00996
G1 X63.186 Y88.778 E2847.01843
G1 X63.344 Y88.574 E2847.02487
G0 F7200 X63.391 Y88.38
G0 X62.719 Y88.219
G0 X61.61 Y86.235
G0 X60.898 Y86.235
G1 F1200 X60.842 Y86.342 E2847.02788
G1 X60.735 Y86.397 E2847.03089
G1 X39.244 Y86.4 E2847.56698
G1 X39.158 Y86.342 E2847.56957
G1 X39.103 Y86.235 E2847.57257
G1 X39.1 Y13.8 E2849.37947
G1 X39.158 Y13.658 E2849.38329
G1 X39.265 Y13.603 E2849.38629
G1 X60.7 Y13.6 E2849.92099
G1 X60.842 Y13.658 E2849.92482
G1 X60.9 Y13.8 E2849.92865
G1 X60.898 Y86.235 E2851.73554
G0 F7200 X60.842 Y86.342
G0 X60.772 Y86.378
G0 X60.772 Y87.41
;MESH:NONMESH
G0 F600 Z5.135
G0 F7200 X38.462 Y87.038
G0 X37.311 Y11.925
G0 X37.163 Y11.925
;TIME_ELAPSED:6361.516479
;LAYER:26
;TYPE:FILL
;MESH:luckfox_bottom.stl
G1 F3000 X37.427 Y11.66 E2851.74487
G0 F7200 X37.427 Y11.811
G0 X39.945 Y11.811
G0 X39.945 Y11.661
G1 F3000 X41.324 Y13.04 E2851.79352
G0 F7200 X41.704 Y13.04
G1 F3000 X43.084 Y11.66 E2851.84221
G1 X43.154 Y11.59
G0 F7200 X43.154 Y11.811
G0 X45.602 Y11.811
G0 X45.602 Y11.661
G1 F3000 X46.981 Y13.04 E2851.89085
G0 F7200 X47.361 Y13.04
G1 F3000 X48.741 Y11.66 E2851.93954
G1 X48.811 Y11.59
G0 F7200 X48.811 Y11.811
G0 X51.26 Y11.811
G0 X51.26 Y11.662
G1 F3000 X52.638 Y13.04 E2851.98815
G0 F7200 X53.018 Y13.04
G1 F3000 X54.397 Y11.661 E2852.0368
G1 X54.467 Y11.591
G0 F7200 X54.467 Y11.811
G0 X56.916 Y11.811
G0 X56.916 Y11.662
G1 F3000 X58.295 Y13.04 E2852.08543
G0 F7200 X58.675 Y13.04
G1 F3000 X60.054 Y11.661 E2852.13408
G1 X60.124 Y11.591
G0 F7200 X60.124 Y11.811
G0 X62.573 Y11.811
G0 X62.573 Y11.662
G1 F3000 X62.835 Y11.923 E2852.1433
G0 F7200 X62.689 Y11.923
G0 X62.689 Y14.537
G0 X62.834 Y14.537
G1 F3000 X61.46 Y15.911 E2852.19177
G0 F7200 X61.46 Y16.205
G1 F3000 X62.835 Y17.58 E2852.24028
G1 X62.905 Y17.65
G0 F7200 X62.689 Y17.65
G0 X62.689 Y20.194
G0 X62.834 Y20.194
G1 F3000 X61.46 Y21.568 E2852.28875
G0 F7200 X61.46 Y21.862
G1 F3000 X62.835 Y23.237 E2852.33726
G1 X62.905 Y23.307
G0 F7200 X62.689 Y23.307
G0 X62.689 Y25.852
G0 X62.834 Y25.852
G1 F3000 X61.46 Y27.225 E2852.38571
G0 F7200 X61.46 Y27.519
G1 F3000 X62.834 Y28.893 E2852.43418
G1 X62.904 Y28.963
G0 F7200 X62.689 Y28.963
G0 X62.689 Y31.509
G0 X62.834 Y31.509
G1 F3000 X61.46 Y32.882 E2852.48264
G0 F7200 X61.46 Y33.176
G1 F3000 X62.834 Y34.55 E2852.53111
G1 X62.904 Y34.62
G0 F7200 X62.689 Y34.62
G0 X62.689 Y37.166
G0 X62.834 Y37.166
G1 F3000 X61.46 Y38.539 E2852.57956
G0 F7200 X61.46 Y38.833
G1 F3000 X62.834 Y40.206 E2852.62802
G1 X62.904 Y40.276
G0 F7200 X62.689 Y40.276
G0 X62.689 Y42.823
G0 X62.833 Y42.823
G1 F3000 X61.46 Y44.196 E2852.67645
G0 F7200 X61.46 Y44.49
G1 F3000 X62.834 Y45.863 E2852.72491
G1 X62.904 Y45.933
G0 F7200 X62.689 Y45.933
G0 X62.689 Y48.48
G0 X62.833 Y48.48
G1 F3000 X61.46 Y49.852 E2852.77333
G0 F7200 X61.46 Y50.147
G1 F3000 X62.833 Y51.519 E2852.82174
G1 X62.903 Y51.589
G0 F7200 X62.689 Y51.589
G0 X62.689 Y54.138
G0 X62.832 Y54.138
G1 F3000 X61.46 Y55.509 E2852.87013
G0 F7200 X61.46 Y55.803
G1 F3000 X62.833 Y57.176 E2852.91856
G1 X62.903 Y57.246
G0 F7200 X62.689 Y57.246
G0 X62.689 Y59.794
G0 X62.832 Y59.794
G1 F3000 X61.46 Y61.166 E2852.96697
G0 F7200 X61.46 Y61.46
G1 F3000 X62.832 Y62.832 E2853.01537
G1 X62.902 Y62.902
G0 F7200 X62.689 Y62.902
G0 X62.689 Y65.452
G0 X62.831 Y65.452
G1 F3000 X61.46 Y66.823 E2853.06373
G0 F7200 X61.46 Y67.117
G1 F3000 X62.832 Y68.489 E2853.11213
G1 X62.902 Y68.559
G0 F7200 X62.689 Y68.559
G0 X62.689 Y71.109
G0 X62.831 Y71.109
G1 F3000 X61.46 Y72.48 E2853.1605
G0 F7200 X61.46 Y72.774
G1 F3000 X62.832 Y74.146 E2853.2089
G1 X62.902 Y74.216
G0 F7200 X62.689 Y74.216
G0 X62.689 Y76.766
G0 X62.831 Y76.766
G1 F3000 X61.46 Y78.137 E2853.25727
G0 F7200 X61.46 Y78.431
G1 F3000 X62.831 Y79.802 E2853.30563
G1 X62.901 Y79.872
G0 F7200 X62.689 Y79.872
G0 X62.689 Y82.423
G0 X62.831 Y82.423
G1 F3000 X61.46 Y83.794 E2853.354
G0 F7200 X61.46 Y84.088
G1 F3000 X62.831 Y85.459 E2853.40236
G1 X62.901 Y85.529
G0 F7200 X62.689 Y85.529
G0 X62.689 Y88.08
G0 X62.831 Y88.08
G1 F3000 X62.575 Y88.336 E2853.41139
G0 F7200 X62.575 Y88.189
G0 X60.051 Y88.189
G0 X60.051 Y88.335
G1 F3000 X58.676 Y86.96 E2853.4599
G0 F7200 X58.294 Y86.96
G1 F3000 X56.919 Y88.335 E2853.50841
G1 X56.849 Y88.405
G0 F7200 X56.849 Y88.189
G0 X54.393 Y88.189
G0 X54.393 Y88.335
G1 F3000 X53.019 Y86.96 E2853.5569
G0 F7200 X52.637 Y86.96
G1 F3000 X51.262 Y88.335 E2853.6054
G1 X51.192 Y88.405
G0 F7200 X51.192 Y88.189
G0 X48.735 Y88.189
G0 X48.735 Y88.333
G1 F3000 X47.362 Y86.96 E2853.65384
G0 F7200 X46.98 Y86.96
G1 F3000 X45.607 Y88.333 E2853.70228
G1 X45.537 Y88.403
G0 F7200 X45.537 Y88.189
G0 X43.078 Y88.189
G0 X43.078 Y88.332
G1 F3000 X41.705 Y86.96 E2853.75069
G0 F7200 X41.323 Y86.96
G1 F3000 X39.951 Y88.332 E2853.7991
G1 X39.881 Y88.402
G0 F7200 X39.881 Y88.189
G0 X37.42 Y88.189
G0 X37.42 Y88.332
G1 F3000 X37.16 Y88.072 E2853.80827
G0 F7200 X37.311 Y88.072
G0 X37.311 Y85.466
G0 X37.161 Y85.466
G1 F3000 X38.54 Y84.086 E2853.85693
G0 F7200 X38.54 Y83.795
G1 F3000 X37.16 Y82.415 E2853.90562
G1 X37.09 Y82.345
G0 F7200 X37.311 Y82.345
G0 X37.311 Y79.809
G0 X37.161 Y79.809
G1 F3000 X38.54 Y78.429 E2853.95428
G0 F7200 X38.54 Y78.138
G1 F3000 X37.16 Y76.758 E2854.00297
G1 X37.09 Y76.688
G0 F7200 X37.311 Y76.688
G0 X37.311 Y74.152
G0 X37.161 Y74.152
G1 F3000 X38.54 Y72.773 E2854.05161
G0 F7200 X38.54 Y72.481
G1 F3000 X37.16 Y71.101 E2854.1003
G1 X37.09 Y71.031
G0 F7200 X37.311 Y71.031
G0 X37.311 Y68.495
G0 X37.161 Y68.495
G1 F3000 X38.54 Y67.116 E2854.14894
G0 F7200 X38.54 Y66.824
G1 F3000 X37.161 Y65.445 E2854.19759
G1 X37.091 Y65.375
G0 F7200 X37.311 Y65.375
G0 X37.311 Y62.838
G0 X37.161 Y62.838
G1 F3000 X38.54 Y61.459 E2854.24624
G0 F7200 X38.54 Y61.168
G1 F3000 X37.161 Y59.788 E2854.29491
G1 X37.091 Y59.718
G0 F7200 X37.311 Y59.718
G0 X37.311 Y57.181
G0 X37.161 Y57.181
G1 F3000 X38.54 Y55.802 E2854.34355
G0 F7200 X38.54 Y55.511
G1 F3000 X37.161 Y54.131 E2854.39222
G1 X37.091 Y54.061
G0 F7200 X37.311 Y54.061
G0 X37.311 Y51.524
G0 X37.161 Y51.524
G1 F3000 X38.54 Y50.145 E2854.44087
G0 F7200 X38.54 Y49.854
G1 F3000 X37.161 Y48.475 E2854.48952
G1 X37.091 Y48.405
G0 F7200 X37.311 Y48.405
G0 X37.311 Y45.866
G0 X37.162 Y45.866
G1 F3000 X38.54 Y44.488 E2854.53813
G0 F7200 X38.54 Y44.197
G1 F3000 X37.161 Y42.818 E2854.58678
G1 X37.091 Y42.748
G0 F7200 X37.311 Y42.748
G0 X37.311 Y40.21
G0 X37.162 Y40.21
G1 F3000 X38.54 Y38.831 E2854.63541
G0 F7200 X38.54 Y38.54
G1 F3000 X37.161 Y37.161 E2854.68405
G1 X37.091 Y37.091
G0 F7200 X37.311 Y37.091
G0 X37.311 Y34.553
G0 X37.162 Y34.553
G1 F3000 X38.54 Y33.175 E2854.73267
G0 F7200 X38.54 Y32.883
G1 F3000 X37.161 Y31.504 E2854.78131
G1 X37.091 Y31.434
G0 F7200 X37.311 Y31.434
G0 X37.311 Y28.895
G0 X37.163 Y28.895
G1 F3000 X38.54 Y27.518 E2854.82989
G0 F7200 X38.54 Y27.226
G1 F3000 X37.162 Y25.848 E2854.87851
G1 X37.092 Y25.778
G0 F7200 X37.311 Y25.778
G0 X37.311 Y23.238
G0 X37.163 Y23.238
G1 F3000 X38.54 Y21.861 E2854.92708
G0 F7200 X38.54 Y21.57
G1 F3000 X37.162 Y20.191 E2854.97571
G1 X37.092 Y20.121
G0 F7200 X37.311 Y20.121
G0 X37.311 Y17.582
G0 X37.163 Y17.582
G1 F3000 X38.54 Y16.204 E2855.02431
G0 F7200 X38.54 Y15.913
G1 F3000 X37.162 Y14.535 E2855.07292
G1 X37.092 Y14.465
G0 F7200 X37.311 Y14.465
G0 X38.462 Y87.038
G0 X61.538 Y87.038
G0 X61.125 Y86.625
;TYPE:WALL-INNER
G1 F2400 X60.939 Y86.751 E2855.07852
G1 X60.774 Y86.8 E2855.08282
G1 X39.3 Y86.8 E2855.61849
G1 X39.061 Y86.751 E2855.62458
G1 X38.875 Y86.624 E2855.63019
G1 X38.7 Y86.287 E2855.63967
G1 X38.7 Y13.8 E2857.44786
G1 X38.749 Y13.561 E2857.45395
G1 X38.875 Y13.375 E2857.45955
G1 X39.061 Y13.249 E2857.46516
G1 X39.226 Y13.2 E2857.46945
G1 X60.7 Y13.2 E2858.00512
G1 X61.124 Y13.375 E2858.01656
G1 X61.251 Y13.561 E2858.02218
G1 X61.3 Y13.8 E2858.02827
G1 X61.3 Y86.278 E2859.83624
G1 X61.251 Y86.439 E2859.84044
G1 X61.125 Y86.625 E2859.84604
G0 F7200 X61.61 Y86.625
G0 X62.69 Y88.265
G0 X62.996 Y88.308
G1 F2400 X62.996 Y11.612 E2861.75923
G1 X62.894 Y11.5 E2861.76301
G1 X37.11 Y11.5 E2862.40619
G1 X37 Y11.632 E2862.41048
G1 X37 Y88.392 E2864.32526
G1 X37.185 Y88.496 E2864.33056
G1 X62.819 Y88.496 E2864.97
G1 X62.955 Y88.442 E2864.97365
G1 X62.996 Y88.308 E2864.97715
G0 F7200 X63.082 Y88.842
;TYPE:WALL-OUTER
G1 F1200 X63.317 Y88.626 E2864.98511
G1 X63.396 Y88.366 E2864.99189
G1 X63.396 Y11.629 E2866.9061
G1 X63.343 Y11.415 E2866.9116
G1 X63.219 Y11.246 E2866.91683
G1 X63.083 Y11.153 E2866.92094
G1 X62.882 Y11.1 E2866.92612
G1 X37.127 Y11.1 E2867.56858
G1 X36.838 Y11.202 E2867.57623
G1 X36.65 Y11.427 E2867.58354
G1 X36.6 Y11.615 E2867.5884
G1 X36.6 Y88.369 E2869.50303
G1 X36.703 Y88.662 E2869.51078
G1 X36.881 Y88.824 E2869.51678
G1 X37.129 Y88.896 E2869.52323
G1 X62.867 Y88.896 E2870.16526
G1 X63.082 Y88.842 E2870.17079
G0 F7200 X63.229 Y88.707
G0 X62.725 Y88.211
G0 X61.61 Y86.235
G0 X60.898 Y86.235
G1 F1200 X60.842 Y86.342 E2870.17381
G1 X60.735 Y86.397 E2870.17681
G1 X39.244 Y86.4 E2870.7129
G1 X39.158 Y86.342 E2870.71549
G1 X39.103 Y86.235 E2870.71849
G1 X39.1 Y13.8 E2872.52539
G1 X39.158 Y13.658 E2872.52921
G1 X39.265 Y13.603 E2872.53222
G1 X60.7 Y13.6 E2873.06691
G1 X60.842 Y13.658 E2873.07074
G1 X60.9 Y13.8 E2873.07457
G1 X60.898 Y86.235 E2874.88147
G0 F7200 X60.842 Y86.342
G0 X60.772 Y86.378
G0 X60.772 Y87.41
;MESH:NONMESH
G0 F600 Z5.285
G0 F7200 X38.462 Y87.038
G0 X37.311 Y11.927
G0 X37.161 Y11.927
;TIME_ELAPSED:6399.146078
;LAYER:27
;TYPE:FILL
;MESH:luckfox_bottom.stl
G1 F3000 X37.425 Y11.662 E2874.8908
G0 F7200 X37.425 Y11.816
G0 X39.947 Y11.816
G0 X39.947 Y11.663
G1 F3000 X41.324 Y13.04 E2874.93937
G0 F7200 X41.704 Y13.04
G1 F3000 X43.082 Y11.662 E2874.98799
G1 X43.152 Y11.592
G0 F7200 X43.152 Y11.815
G0 X45.604 Y11.815
G0 X45.604 Y11.663
G1 F3000 X46.981 Y13.04 E2875.03656
G0 F7200 X47.361 Y13.04
G1 F3000 X48.739 Y11.662 E2875.08518
G1 X48.809 Y11.592
G0 F7200 X48.809 Y11.814
G0 X51.26 Y11.814
G0 X51.26 Y11.662
G1 F3000 X52.638 Y13.04 E2875.13379
G0 F7200 X53.017 Y13.04
G1 F3000 X54.396 Y11.662 E2875.18242
G1 X54.466 Y11.592
G0 F7200 X54.466 Y11.813
G0 X56.917 Y11.813
G0 X56.917 Y11.662
G1 F3000 X58.295 Y13.04 E2875.23103
G0 F7200 X58.674 Y13.04
G1 F3000 X60.053 Y11.662 E2875.27966
G1 X60.123 Y11.592
G0 F7200 X60.123 Y11.812
G0 X62.574 Y11.812
G0 X62.574 Y11.662
G1 F3000 X62.836 Y11.924 E2875.28891
G0 F7200 X62.689 Y11.924
G0 X62.689 Y14.537
G0 X62.835 Y14.537
G1 F3000 X61.46 Y15.911 E2875.33739
G0 F7200 X61.46 Y16.205
G1 F3000 X62.836 Y17.581 E2875.38594
G1 X62.906 Y17.651
G0 F7200 X62.689 Y17.651
G0 X62.689 Y20.194
G0 X62.835 Y20.194
G1 F3000 X61.46 Y21.568 E2875.43443
G0 F7200 X61.46 Y21.862
G1 F3000 X62.836 Y23.238 E2875.48297
G1 X62.906 Y23.308
G0 F7200 X62.689 Y23.308
G0 X62.689 Y25.85
G0 X62.835 Y25.85
G1 F3000 X61.46 Y27.225 E2875.53147
G0 F7200 X61.46 Y27.519
G1 F3000 X62.836 Y28.895 E2875.58002
G1 X62.906 Y28.965
G0 F7200 X62.689 Y28.965
G0 X62.689 Y31.507
G0 X62.835 Y31.507
G1 F3000 X61.46 Y32.882 E2875.62852
G0 F7200 X61.46 Y33.176
G1 F3000 X62.836 Y34.551 E2875.67705
G1 X62.906 Y34.621
G0 F7200 X62.689 Y34.621
G0 X62.689 Y37.164
G0 X62.835 Y37.164
G1 F3000 X61.46 Y38.539 E2875.72555
G0 F7200 X61.46 Y38.833
G1 F3000 X62.836 Y40.208 E2875.77408
G1 X62.906 Y40.278
G0 F7200 X62.689 Y40.278
G0 X62.689 Y42.821
G0 X62.835 Y42.821
G1 F3000 X61.46 Y44.196 E2875.82259
G0 F7200 X61.46 Y44.49
G1 F3000 X62.836 Y45.865 E2875.87111
G1 X62.906 Y45.935
G0 F7200 X62.689 Y45.935
G0 X62.689 Y48.478
G0 X62.835 Y48.478
G1 F3000 X61.46 Y49.852 E2875.9196
G0 F7200 X61.46 Y50.147
G1 F3000 X62.836 Y51.522 E2875.96812
G1 X62.906 Y51.592
G0 F7200 X62.689 Y51.592
G0 X62.689 Y54.135
G0 X62.835 Y54.135
G1 F3000 X61.46 Y55.509 E2876.01661
G0 F7200 X61.46 Y55.803
G1 F3000 X62.836 Y57.179 E2876.06516
G1 X62.906 Y57.249
G0 F7200 X62.689 Y57.249
G0 X62.689 Y59.792
G0 X62.835 Y59.792
G1 F3000 X61.46 Y61.166 E2876.11364
G0 F7200 X61.46 Y61.46
G1 F3000 X62.836 Y62.836 E2876.16219
G1 X62.906 Y62.906
G0 F7200 X62.689 Y62.906
G0 X62.689 Y65.448
G0 X62.835 Y65.448
G1 F3000 X61.46 Y66.823 E2876.21069
G0 F7200 X61.46 Y67.117
G1 F3000 X62.836 Y68.492 E2876.25922
G1 X62.906 Y68.562
G0 F7200 X62.689 Y68.562
G0 X62.689 Y71.105
G0 X62.835 Y71.105
G1 F3000 X61.46 Y72.48 E2876.30773
G0 F7200 X61.46 Y72.774
G1 F3000 X62.836 Y74.149 E2876.35625
G1 X62.906 Y74.219
G0 F7200 X62.689 Y74.219
G0 X62.689 Y76.762
G0 X62.835 Y76.762
G1 F3000 X61.46 Y78.137 E2876.40476
G0 F7200 X61.46 Y78.431
G1 F3000 X62.836 Y79.806 E2876.45328
G1 X62.906 Y79.876
G0 F7200 X62.689 Y79.876
G0 X62.689 Y82.419
G0 X62.835 Y82.419
G1 F3000 X61.46 Y83.794 E2876.50179
G0 F7200 X61.46 Y84.088
G1 F3000 X62.836 Y85.463 E2876.55031
G1 X62.906 Y85.533
G0 F7200 X62.689 Y85.533
G0 X62.689 Y88.076
G0 X62.835 Y88.076
G1 F3000 X62.576 Y88.335 E2876.55945
G0 F7200 X62.576 Y88.189
G0 X60.05 Y88.189
G0 X60.05 Y88.334
G1 F3000 X58.676 Y86.96 E2876.60792
G0 F7200 X58.294 Y86.96
G1 F3000 X56.919 Y88.335 E2876.65643
G1 X56.849 Y88.405
G0 F7200 X56.849 Y88.189
G0 X54.393 Y88.189
G0 X54.393 Y88.334
G1 F3000 X53.019 Y86.96 E2876.7049
G0 F7200 X52.637 Y86.96
G1 F3000 X51.262 Y88.335 E2876.75341
G1 X51.192 Y88.405
G0 F7200 X51.192 Y88.189
G0 X48.737 Y88.189
G0 X48.737 Y88.335
G1 F3000 X47.362 Y86.96 E2876.80191
G0 F7200 X46.98 Y86.96
G1 F3000 X45.604 Y88.336 E2876.85045
G1 X45.534 Y88.406
G0 F7200 X45.534 Y88.189
G0 X43.08 Y88.189
G0 X43.08 Y88.335
G1 F3000 X41.705 Y86.96 E2876.89896
G0 F7200 X41.323 Y86.96
G1 F3000 X39.947 Y88.336 E2876.9475
G1 X39.877 Y88.406
G0 F7200 X39.877 Y88.189
G0 X37.424 Y88.189
G0 X37.424 Y88.335
G1 F3000 X37.163 Y88.075 E2876.95669
G0 F7200 X37.316 Y88.075
G0 X37.316 Y85.462
G0 X37.164 Y85.462
G1 F3000 X38.54 Y84.086 E2877.00524
G0 F7200 X38.54 Y83.795
G1 F3000 X37.163 Y82.418 E2877.05381
G1 X37.093 Y82.348
G0 F7200 X37.316 Y82.348
G0 X37.316 Y79.805
G0 X37.164 Y79.805
G1 F3000 X38.54 Y78.429 E2877.10236
G0 F7200 X38.54 Y78.138
G1 F3000 X37.163 Y76.761 E2877.15093
G1 X37.093 Y76.691
G0 F7200 X37.316 Y76.691
G0 X37.316 Y74.149
G0 X37.163 Y74.149
G1 F3000 X38.54 Y72.773 E2877.19949
G0 F7200 X38.54 Y72.481
G1 F3000 X37.163 Y71.104 E2877.24807
G1 X37.093 Y71.034
G0 F7200 X37.315 Y71.034
G0 X37.315 Y68.492
G0 X37.163 Y68.492
G1 F3000 X38.54 Y67.116 E2877.29663
G0 F7200 X38.54 Y66.824
G1 F3000 X37.163 Y65.447 E2877.34521
G1 X37.093 Y65.377
G0 F7200 X37.315 Y65.377
G0 X37.315 Y62.836
G0 X37.163 Y62.836
G1 F3000 X38.54 Y61.459 E2877.39378
G0 F7200 X38.54 Y61.168
G1 F3000 X37.162 Y59.789 E2877.44241
G1 X37.092 Y59.719
G0 F7200 X37.315 Y59.719
G0 X37.314 Y57.179
G0 X37.163 Y57.179
G1 F3000 X38.54 Y55.802 E2877.49099
G0 F7200 X38.54 Y55.511
G1 F3000 X37.162 Y54.133 E2877.5396
G1 X37.092 Y54.063
G0 F7200 X37.314 Y54.063
G0 X37.314 Y51.523
G0 X37.163 Y51.523
G1 F3000 X38.54 Y50.145 E2877.5882
G0 F7200 X38.54 Y49.854
G1 F3000 X37.161 Y48.475 E2877.63685
G1 X37.091 Y48.405
G0 F7200 X37.314 Y48.405
G0 X37.314 Y45.866
G0 X37.162 Y45.866
G1 F3000 X38.54 Y44.488 E2877.68546
G0 F7200 X38.54 Y44.197
G1 F3000 X37.161 Y42.818 E2877.73411
G1 X37.091 Y42.748
G0 F7200 X37.314 Y42.748
G0 X37.313 Y40.21
G0 X37.162 Y40.21
G1 F3000 X38.54 Y38.831 E2877.78274
G0 F7200 X38.54 Y38.54
G1 F3000 X37.161 Y37.161 E2877.83139
G1 X37.091 Y37.091
G0 F7200 X37.313 Y37.091
G0 X37.313 Y34.553
G0 X37.161 Y34.553
G1 F3000 X38.54 Y33.175 E2877.88002
G0 F7200 X38.54 Y32.883
G1 F3000 X37.161 Y31.504 E2877.92866
G1 X37.091 Y31.434
G0 F7200 X37.313 Y31.434
G0 X37.313 Y28.897
G0 X37.161 Y28.897
G1 F3000 X38.54 Y27.518 E2877.97731
G0 F7200 X38.54 Y27.226
G1 F3000 X37.161 Y25.847 E2878.02596
G1 X37.091 Y25.777
G0 F7200 X37.312 Y25.777
G0 X37.312 Y23.24
G0 X37.161 Y23.24
G1 F3000 X38.54 Y21.861 E2878.07461
G0 F7200 X38.54 Y21.57
G1 F3000 X37.16 Y20.189 E2878.12331
G1 X37.09 Y20.119
G0 F7200 X37.312 Y20.119
G0 X37.312 Y17.584
G0 X37.161 Y17.584
G1 F3000 X38.54 Y16.204 E2878.17198
G0 F7200 X38.54 Y15.913
G1 F3000 X37.16 Y14.532 E2878.22068
G1 X37.09 Y14.462
G0 F7200 X37.312 Y14.462
G0 X38.462 Y87.038
G0 X61.538 Y87.038
G0 X61.125 Y86.625
;TYPE:WALL-INNER
G1 F2400 X60.939 Y86.751 E2878.22628
G1 X60.774 Y86.8 E2878.23057
G1 X39.3 Y86.8 E2878.76624
G1 X39.061 Y86.751 E2878.77233
G1 X38.875 Y86.625 E2878.77794
G1 X38.749 Y86.439 E2878.78354
G1 X38.7 Y86.274 E2878.78783
G1 X38.7 Y13.8 E2880.5957
G1 X38.875 Y13.376 E2880.60715
G1 X39.061 Y13.249 E2880.61276
G1 X39.226 Y13.2 E2880.61706
G1 X60.7 Y13.2 E2881.15273
G1 X61.124 Y13.375 E2881.16417
G1 X61.251 Y13.561 E2881.16979
G1 X61.3 Y13.8 E2881.17588
G1 X61.3 Y86.278 E2882.98385
G1 X61.251 Y86.439 E2882.98804
G1 X61.125 Y86.625 E2882.99365
G0 F7200 X61.61 Y86.625
G0 X62.719 Y88.219
G0 X62.996 Y88.391
G1 F2400 X62.996 Y11.589 E2884.90948
G1 X62.825 Y11.5 E2884.91429
G1 X37.122 Y11.503 E2885.55546
G1 X37 Y11.606 E2885.55944
G1 X37.004 Y88.36 E2887.47407
G1 X37.13 Y88.49 E2887.47859
G1 X62.868 Y88.496 E2888.12063
G1 X62.996 Y88.391 E2888.12476
G0 F7200 X63.293 Y88.666
;TYPE:WALL-OUTER
G1 F1200 X63.396 Y88.377 E2888.13241
G1 X63.396 Y11.629 E2890.0469
G1 X63.277 Y11.309 E2890.05541
G1 X63.077 Y11.152 E2890.06176
G1 X62.875 Y11.1 E2890.06696
G1 X37.08 Y11.104 E2890.71042
G1 X36.924 Y11.149 E2890.71447
G1 X36.701 Y11.334 E2890.7217
G1 X36.6 Y11.621 E2890.72929
G1 X36.604 Y88.416 E2892.64494
G1 X36.651 Y88.578 E2892.64915
G1 X36.77 Y88.741 E2892.65419
G1 X37.028 Y88.896 E2892.66169
G1 X62.866 Y88.896 E2893.30623
G1 X63.076 Y88.841 E2893.31164
G1 X63.293 Y88.666 E2893.3186
G0 F7200 X63.36 Y88.478
G0 X62.719 Y88.219
G0 X61.61 Y86.235
G0 X60.898 Y86.235
G1 F1200 X60.842 Y86.342 E2893.32161
G1 X60.735 Y86.397 E2893.32461
G1 X39.244 Y86.4 E2893.8607
G1 X39.158 Y86.342 E2893.86329
G1 X39.103 Y86.235 E2893.86629
G1 X39.1 Y13.8 E2895.67319
G1 X39.158 Y13.658 E2895.67702
G1 X39.265 Y13.603 E2895.68002
G1 X60.7 Y13.6 E2896.21472
G1 X60.842 Y13.658 E2896.21854
G1 X60.9 Y13.8 E2896.22237
G1 X60.898 Y86.235 E2898.02927
G0 F7200 X60.842 Y86.342
G0 X60.772 Y86.378
G0 X60.772 Y87.41
;MESH:NONMESH
G0 F600 Z5.435
G0 F7200 X38.462 Y87.038
G0 X37.312 Y11.927
G0 X37.161 Y11.927
;TIME_ELAPSED:6436.780562
;LAYER:28
;TYPE:FILL
;MESH:luckfox_bottom.stl
G1 F3000 X37.427 Y11.66 E2898.03867
G0 F7200 X37.427 Y11.811
G0 X39.945 Y11.811
G0 X39.945 Y11.661
G1 F3000 X41.324 Y13.04 E2898.08732
G0 F7200 X41.704 Y13.04
G1 F3000 X43.084 Y11.66 E2898.136
G1 X43.154 Y11.59
G0 F7200 X43.154 Y11.811
G0 X45.602 Y11.811
G0 X45.602 Y11.661
G1 F3000 X46.981 Y13.04 E2898.18465
G0 F7200 X47.361 Y13.04
G1 F3000 X48.741 Y11.66 E2898.23333
G1 X48.811 Y11.59
G0 F7200 X48.811 Y11.811
G0 X51.26 Y11.811
G0 X51.26 Y11.662
G1 F3000 X52.638 Y13.04 E2898.28194
G0 F7200 X53.018 Y13.04
G1 F3000 X54.397 Y11.661 E2898.33059
G1 X54.467 Y11.591
G0 F7200 X54.467 Y11.811
G0 X56.916 Y11.811
G0 X56.916 Y11.662
G1 F3000 X58.295 Y13.04 E2898.37922
G0 F7200 X58.675 Y13.04
G1 F3000 X60.054 Y11.661 E2898.42787
G1 X60.124 Y11.591
G0 F7200 X60.124 Y11.811
G0 X62.573 Y11.811
G0 X62.573 Y11.662
G1 F3000 X62.835 Y11.923 E2898.4371
G0 F7200 X62.689 Y11.923
G0 X62.689 Y14.537
G0 X62.834 Y14.537
G1 F3000 X61.46 Y15.911 E2898.48557
G0 F7200 X61.46 Y16.205
G1 F3000 X62.835 Y17.58 E2898.53407
G1 X62.905 Y17.65
G0 F7200 X62.689 Y17.65
G0 X62.689 Y20.194
G0 X62.834 Y20.194
G1 F3000 X61.46 Y21.568 E2898.58255
G0 F7200 X61.46 Y21.862
G1 F3000 X62.835 Y23.237 E2898.63105
G1 X62.905 Y23.307
G0 F7200 X62.689 Y23.307
G0 X62.689 Y25.852
G0 X62.834 Y25.852
G1 F3000 X61.46 Y27.225 E2898.67951
G0 F7200 X61.46 Y27.519
G1 F3000 X62.834 Y28.893 E2898.72798
G1 X62.904 Y28.963
G0 F7200 X62.689 Y28.963
G0 X62.689 Y31.509
G0 X62.834 Y31.509
G1 F3000 X61.46 Y32.882 E2898.77643
G0 F7200 X61.46 Y33.176
G1 F3000 X62.834 Y34.55 E2898.8249
G1 X62.904 Y34.62
G0 F7200 X62.689 Y34.62
G0 X62.689 Y37.166
G0 X62.834 Y37.166
G1 F3000 X61.46 Y38.539 E2898.87336
G0 F7200 X61.46 Y38.833
G1 F3000 X62.834 Y40.206 E2898.92181
G1 X62.904 Y40.276
G0 F7200 X62.689 Y40.276
G0 X62.689 Y42.823
G0 X62.833 Y42.823
G1 F3000 X61.46 Y44.196 E2898.97025
G0 F7200 X61.46 Y44.49
G1 F3000 X62.834 Y45.863 E2899.0187
G1 X62.904 Y45.933
G0 F7200 X62.689 Y45.933
G0 X62.689 Y48.48
G0 X62.833 Y48.48
G1 F3000 X61.46 Y49.852 E2899.06712
G0 F7200 X61.46 Y50.147
G1 F3000 X62.833 Y51.519 E2899.11554
G1 X62.903 Y51.589
G0 F7200 X62.689 Y51.589
G0 X62.689 Y54.138
G0 X62.832 Y54.138
G1 F3000 X61.46 Y55.509 E2899.16392
G0 F7200 X61.46 Y55.803
G1 F3000 X62.833 Y57.176 E2899.21236
G1 X62.903 Y57.246
G0 F7200 X62.689 Y57.246
G0 X62.689 Y59.794
G0 X62.832 Y59.794
G1 F3000 X61.46 Y61.166 E2899.26076
G0 F7200 X61.46 Y61.46
G1 F3000 X62.832 Y62.832 E2899.30916
G1 X62.902 Y62.902
G0 F7200 X62.689 Y62.902
G0 X62.689 Y65.452
G0 X62.831 Y65.452
G1 F3000 X61.46 Y66.823 E2899.35753
G0 F7200 X61.46 Y67.117
G1 F3000 X62.832 Y68.489 E2899.40593
G1 X62.902 Y68.559
G0 F7200 X62.689 Y68.559
G0 X62.689 Y71.109
G0 X62.831 Y71.109
G1 F3000 X61.46 Y72.48 E2899.45429
G0 F7200 X61.46 Y72.774
G1 F3000 X62.832 Y74.146 E2899.50269
G1 X62.902 Y74.216
G0 F7200 X62.689 Y74.216
G0 X62.689 Y76.766
G0 X62.831 Y76.766
G1 F3000 X61.46 Y78.137 E2899.55106
G0 F7200 X61.46 Y78.431
G1 F3000 X62.831 Y79.802 E2899.59943
G1 X62.901 Y79.872
G0 F7200 X62.689 Y79.872
G0 X62.689 Y82.423
G0 X62.831 Y82.423
G1 F3000 X61.46 Y83.794 E2899.64779
G0 F7200 X61.46 Y84.088
G1 F3000 X62.831 Y85.459 E2899.69616
G1 X62.901 Y85.529
G0 F7200 X62.689 Y85.529
G0 X62.689 Y88.08
G0 X62.831 Y88.08
G1 F3000 X62.575 Y88.336 E2899.70519
G0 F7200 X62.575 Y88.189
G0 X60.052 Y88.189
G0 X60.052 Y88.336
G1 F3000 X58.676 Y86.96 E2899.75373
G0 F7200 X58.294 Y86.96
G1 F3000 X56.918 Y88.336 E2899.80227
G1 X56.848 Y88.406
G0 F7200 X56.848 Y88.189
G0 X54.395 Y88.189
G0 X54.395 Y88.336
G1 F3000 X53.019 Y86.96 E2899.85081
G0 F7200 X52.637 Y86.96
G1 F3000 X51.261 Y88.336 E2899.89936
G1 X51.191 Y88.406
G0 F7200 X51.191 Y88.189
G0 X48.738 Y88.189
G0 X48.738 Y88.336
G1 F3000 X47.362 Y86.96 E2899.9479
G0 F7200 X46.98 Y86.96
G1 F3000 X45.604 Y88.336 E2899.99644
G1 X45.534 Y88.406
G0 F7200 X45.534 Y88.189
G0 X43.081 Y88.189
G0 X43.081 Y88.336
G1 F3000 X41.705 Y86.96 E2900.04498
G0 F7200 X41.323 Y86.96
G1 F3000 X39.947 Y88.336 E2900.09353
G1 X39.877 Y88.406
G0 F7200 X39.877 Y88.189
G0 X37.424 Y88.189
G0 X37.424 Y88.336
G1 F3000 X37.165 Y88.077 E2900.10266
G0 F7200 X37.311 Y88.077
G0 X37.311 Y85.461
G0 X37.166 Y85.461
G1 F3000 X38.54 Y84.086 E2900.15115
G0 F7200 X38.54 Y83.795
G1 F3000 X37.165 Y82.42 E2900.19966
G1 X37.095 Y82.35
G0 F7200 X37.311 Y82.35
G0 X37.311 Y79.804
G0 X37.166 Y79.804
G1 F3000 X38.54 Y78.429 E2900.24815
G0 F7200 X38.54 Y78.138
G1 F3000 X37.164 Y76.762 E2900.29669
G1 X37.094 Y76.692
G0 F7200 X37.311 Y76.692
G0 X37.311 Y74.148
G0 X37.165 Y74.148
G1 F3000 X38.54 Y72.773 E2900.3452
G0 F7200 X38.54 Y72.481
G1 F3000 X37.164 Y71.105 E2900.39374
G1 X37.094 Y71.035
G0 F7200 X37.311 Y71.035
G0 X37.311 Y68.492
G0 X37.164 Y68.492
G1 F3000 X38.54 Y67.116 E2900.44228
G0 F7200 X38.54 Y66.824
G1 F3000 X37.163 Y65.448 E2900.49084
G1 X37.093 Y65.378
G0 F7200 X37.311 Y65.378
G0 X37.311 Y62.835
G0 X37.164 Y62.835
G1 F3000 X38.54 Y61.459 E2900.53938
G0 F7200 X38.54 Y61.168
G1 F3000 X37.163 Y59.791 E2900.58796
G1 X37.093 Y59.721
G0 F7200 X37.311 Y59.721
G0 X37.311 Y57.179
G0 X37.163 Y57.179
G1 F3000 X38.54 Y55.802 E2900.63654
G0 F7200 X38.54 Y55.511
G1 F3000 X37.163 Y54.133 E2900.68513
G1 X37.093 Y54.063
G0 F7200 X37.311 Y54.063
G0 X37.311 Y51.522
G0 X37.163 Y51.522
G1 F3000 X38.54 Y50.145 E2900.73371
G0 F7200 X38.54 Y49.854
G1 F3000 X37.162 Y48.476 E2900.78232
G1 X37.092 Y48.406
G0 F7200 X37.311 Y48.406
G0 X37.311 Y45.866
G0 X37.163 Y45.866
G1 F3000 X38.54 Y44.488 E2900.83092
G0 F7200 X38.54 Y44.197
G1 F3000 X37.162 Y42.819 E2900.87953
G1 X37.092 Y42.749
G0 F7200 X37.311 Y42.749
G0 X37.311 Y40.21
G0 X37.162 Y40.21
G1 F3000 X38.54 Y38.831 E2900.92816
G0 F7200 X38.54 Y38.54
G1 F3000 X37.161 Y37.161 E2900.97681
G1 X37.091 Y37.091
G0 F7200 X37.311 Y37.091
G0 X37.311 Y34.553
G0 X37.162 Y34.553
G1 F3000 X38.54 Y33.175 E2901.02542
G0 F7200 X38.54 Y32.883
G1 F3000 X37.161 Y31.504 E2901.07407
G1 X37.091 Y31.434
G0 F7200 X37.311 Y31.434
G0 X37.311 Y28.897
G0 X37.161 Y28.897
G1 F3000 X38.54 Y27.518 E2901.12272
G0 F7200 X38.54 Y27.226
G1 F3000 X37.161 Y25.847 E2901.17136
G1 X37.091 Y25.777
G0 F7200 X37.311 Y25.777
G0 X37.311 Y23.24
G0 X37.161 Y23.24
G1 F3000 X38.54 Y21.861 E2901.22001
G0 F7200 X38.54 Y21.57
G1 F3000 X37.16 Y20.189 E2901.26871
G1 X37.09 Y20.119
G0 F7200 X37.311 Y20.119
G0 X37.311 Y17.584
G0 X37.161 Y17.584
G1 F3000 X38.54 Y16.204 E2901.31738
G0 F7200 X38.54 Y15.913
G1 F3000 X37.16 Y14.532 E2901.36608
G1 X37.09 Y14.462
G0 F7200 X37.311 Y14.462
G0 X38.462 Y87.038
G0 X61.538 Y87.038
G0 X61.125 Y86.625
;TYPE:WALL-INNER
G1 F2400 X60.939 Y86.751 E2901.37168
G1 X60.774 Y86.8 E2901.37598
G1 X39.3 Y86.8 E2901.91165
G1 X39.061 Y86.751 E2901.91773
G1 X38.875 Y86.624 E2901.92335
G1 X38.7 Y86.287 E2901.93283
G1 X38.7 Y13.8 E2903.74102
G1 X38.749 Y13.561 E2903.74711
G1 X38.875 Y13.375 E2903.75271
G1 X39.061 Y13.249 E2903.75832
G1 X39.226 Y13.2 E2903.76261
G1 X60.7 Y13.2 E2904.29828
G1 X61.124 Y13.375 E2904.30972
G1 X61.251 Y13.561 E2904.31534
G1 X61.3 Y13.8 E2904.32143
G1 X61.3 Y86.278 E2906.1294
G1 X61.251 Y86.439 E2906.1336
G1 X61.125 Y86.625 E2906.1392
G0 F7200 X61.61 Y86.625
G0 X62.691 Y88.265
G0 X62.996 Y88.31
G1 F2400 X62.996 Y11.628 E2908.05204
G1 X62.891 Y11.5 E2908.05617
G1 X37.203 Y11.5 E2908.69696
G1 X37.028 Y11.574 E2908.7017
G1 X37 Y11.655 E2908.70384
G1 X37.003 Y88.352 E2910.61705
G1 X37.132 Y88.491 E2910.62178
G1 X62.82 Y88.496 E2911.26257
G1 X62.958 Y88.439 E2911.2663
G1 X62.996 Y88.31 E2911.26965
G0 F7200 X63.085 Y88.843
;TYPE:WALL-OUTER
G1 F1200 X63.321 Y88.621 E2911.27773
G1 X63.396 Y88.367 E2911.28434
G1 X63.396 Y11.629 E2913.19858
G1 X63.344 Y11.421 E2913.20392
G1 X63.164 Y11.203 E2913.21098
G1 X62.884 Y11.1 E2913.21842
G1 X37.14 Y11.1 E2913.86061
G1 X36.851 Y11.193 E2913.86818
G1 X36.706 Y11.328 E2913.87312
G1 X36.6 Y11.616 E2913.88078
G1 X36.6 Y88.465 E2915.79778
G1 X36.78 Y88.745 E2915.80609
G1 X37.029 Y88.896 E2915.81335
G1 X62.868 Y88.896 E2916.45791
G1 X63.085 Y88.843 E2916.46348
G0 F7200 X63.23 Y88.706
G0 X62.726 Y88.21
G0 X61.61 Y86.235
G0 X60.898 Y86.235
G1 F1200 X60.842 Y86.342 E2916.46649
G1 X60.735 Y86.397 E2916.46949
G1 X39.244 Y86.4 E2917.00559
G1 X39.158 Y86.342 E2917.00818
G1 X39.103 Y86.235 E2917.01118
G1 X39.1 Y13.8 E2918.81807
G1 X39.158 Y13.658 E2918.8219
G1 X39.265 Y13.603 E2918.8249
G1 X60.7 Y13.6 E2919.3596
G1 X60.842 Y13.658 E2919.36343
G1 X60.9 Y13.8 E2919.36725
G1 X60.898 Y86.235 E2921.17415
G0 F7200 X60.842 Y86.342
G0 X60.772 Y86.378
G0 X60.772 Y87.41
;MESH:NONMESH
G0 F600 Z5.585
G0 F7200 X38.462 Y87.038
G0 X37.311 Y11.927
G0 X37.161 Y11.927
;TIME_ELAPSED:6474.407854
;LAYER:29
;TYPE:FILL
;MESH:luckfox_bottom.stl
G1 F3000 X37.424 Y11.664 E2921.18343
G0 F7200 X37.424 Y11.811
G0 X39.949 Y11.811
G0 X39.949 Y11.664
G1 F3000 X41.324 Y13.04 E2921.23195
G0 F7200 X41.704 Y13.04
G1 F3000 X43.081 Y11.663 E2921.28053
G1 X43.151 Y11.593
G0 F7200 X43.151 Y11.811
G0 X45.605 Y11.811
G0 X45.605 Y11.664
G1 F3000 X46.981 Y13.04 E2921.32907
G0 F7200 X47.361 Y13.04
G1 F3000 X48.739 Y11.662 E2921.37769
G1 X48.809 Y11.592
G0 F7200 X48.809 Y11.811
G0 X51.26 Y11.811
G0 X51.26 Y11.662
G1 F3000 X52.638 Y13.04 E2921.4263
G0 F7200 X53.018 Y13.04
G1 F3000 X54.397 Y11.661 E2921.47495
G1 X54.467 Y11.591
G0 F7200 X54.467 Y11.811
G0 X56.916 Y11.811
G0 X56.916 Y11.662
G1 F3000 X58.295 Y13.04 E2921.52358
G0 F7200 X58.675 Y13.04
G1 F3000 X60.055 Y11.66 E2921.57226
G1 X60.125 Y11.59
G0 F7200 X60.125 Y11.811
G0 X62.573 Y11.811
G0 X62.573 Y11.661
G1 F3000 X62.836 Y11.925 E2921.58156
G0 F7200 X62.689 Y11.925
G0 X62.689 Y14.535
G0 X62.836 Y14.535
G1 F3000 X61.46 Y15.911 E2921.6301
G0 F7200 X61.46 Y16.205
G1 F3000 X62.836 Y17.582 E2921.67866
G1 X62.906 Y17.652
G0 F7200 X62.689 Y17.652
G0 X62.689 Y20.192
G0 X62.836 Y20.192
G1 F3000 X61.46 Y21.568 E2921.7272
G0 F7200 X61.46 Y21.862
G1 F3000 X62.836 Y23.238 E2921.77574
G1 X62.906 Y23.308
G0 F7200 X62.689 Y23.308
G0 X62.689 Y25.849
G0 X62.836 Y25.849
G1 F3000 X61.46 Y27.225 E2921.82428
G0 F7200 X61.46 Y27.519
G1 F3000 X62.836 Y28.895 E2921.87283
G1 X62.906 Y28.965
G0 F7200 X62.689 Y28.965
G0 X62.689 Y31.506
G0 X62.836 Y31.506
G1 F3000 X61.46 Y32.882 E2921.92137
G0 F7200 X61.46 Y33.176
G1 F3000 X62.836 Y34.552 E2921.96991
G1 X62.906 Y34.622
G0 F7200 X62.689 Y34.622
G0 X62.689 Y37.163
G0 X62.836 Y37.163
G1 F3000 X61.46 Y38.539 E2922.01845
G0 F7200 X61.46 Y38.833
G1 F3000 X62.836 Y40.209 E2922.06699
G1 X62.906 Y40.279
G0 F7200 X62.689 Y40.279
G0 X62.689 Y42.82
G0 X62.836 Y42.82
G1 F3000 X61.46 Y44.196 E2922.11554
G0 F7200 X61.46 Y44.49
G1 F3000 X62.836 Y45.866 E2922.16408
G1 X62.906 Y45.936
G0 F7200 X62.689 Y45.936
G0 X62.689 Y48.476
G0 X62.836 Y48.476
G1 F3000 X61.46 Y49.852 E2922.21262
G0 F7200 X61.46 Y50.147
G1 F3000 X62.836 Y51.523 E2922.26116
G1 X62.906 Y51.593
G0 F7200 X62.689 Y51.593
G0 X62.689 Y54.133
G0 X62.836 Y54.133
G1 F3000 X61.46 Y55.509 E2922.30971
G0 F7200 X61.46 Y55.803
G1 F3000 X62.836 Y57.179 E2922.35825
G1 X62.906 Y57.249
G0 F7200 X62.689 Y57.249
G0 X62.689 Y59.79
G0 X62.836 Y59.79
G1 F3000 X61.46 Y61.166 E2922.40679
G0 F7200 X61.46 Y61.46
G1 F3000 X62.836 Y62.836 E2922.45533
G1 X62.906 Y62.906
G0 F7200 X62.689 Y62.906
G0 X62.689 Y65.447
G0 X62.836 Y65.447
G1 F3000 X61.46 Y66.823 E2922.50387
G0 F7200 X61.46 Y67.117
G1 F3000 X62.836 Y68.493 E2922.55242
G1 X62.906 Y68.563
G0 F7200 X62.689 Y68.563
G0 X62.689 Y71.104
G0 X62.836 Y71.104
G1 F3000 X61.46 Y72.48 E2922.60096
G0 F7200 X61.46 Y72.774
G1 F3000 X62.836 Y74.15 E2922.6495
G1 X62.906 Y74.22
G0 F7200 X62.689 Y74.22
G0 X62.689 Y76.761
G0 X62.836 Y76.761
G1 F3000 X61.46 Y78.137 E2922.69804
G0 F7200 X61.46 Y78.431
G1 F3000 X62.836 Y79.807 E2922.74658
G1 X62.906 Y79.877
G0 F7200 X62.689 Y79.877
G0 X62.689 Y82.418
G0 X62.836 Y82.418
G1 F3000 X61.46 Y83.794 E2922.79513
G0 F7200 X61.46 Y84.088
G1 F3000 X62.836 Y85.464 E2922.84367
G1 X62.906 Y85.534
G0 F7200 X62.689 Y85.534
G0 X62.689 Y88.074
G0 X62.836 Y88.074
G1 F3000 X62.575 Y88.336 E2922.85289
G0 F7200 X62.575 Y88.189
G0 X60.052 Y88.189
G0 X60.052 Y88.336
G1 F3000 X58.676 Y86.96 E2922.90144
G0 F7200 X58.294 Y86.96
G1 F3000 X56.918 Y88.336 E2922.94998
G1 X56.848 Y88.406
G0 F7200 X56.848 Y88.189
G0 X54.395 Y88.189
G0 X54.395 Y88.336
G1 F3000 X53.019 Y86.96 E2922.99852
G0 F7200 X52.637 Y86.96
G1 F3000 X51.261 Y88.336 E2923.04706
G1 X51.191 Y88.406
G0 F7200 X51.191 Y88.189
G0 X48.738 Y88.189
G0 X48.738 Y88.336
G1 F3000 X47.362 Y86.96 E2923.0956
G0 F7200 X46.98 Y86.96
G1 F3000 X45.604 Y88.336 E2923.14415
G1 X45.534 Y88.406
G0 F7200 X45.534 Y88.189
G0 X43.081 Y88.189
G0 X43.081 Y88.336
G1 F3000 X41.705 Y86.96 E2923.19269
G0 F7200 X41.323 Y86.96
G1 F3000 X39.947 Y88.336 E2923.24123
G1 X39.877 Y88.406
G0 F7200 X39.877 Y88.189
G0 X37.424 Y88.189
G0 X37.424 Y88.336
G1 F3000 X37.163 Y88.075 E2923.25044
G0 F7200 X37.311 Y88.075
G0 X37.311 Y85.462
G0 X37.164 Y85.462
G1 F3000 X38.54 Y84.086 E2923.29898
G0 F7200 X38.54 Y83.795
G1 F3000 X37.163 Y82.418 E2923.34756
G1 X37.093 Y82.348
G0 F7200 X37.311 Y82.348
G0 X37.311 Y79.805
G0 X37.164 Y79.805
G1 F3000 X38.54 Y78.429 E2923.3961
G0 F7200 X38.54 Y78.138
G1 F3000 X37.163 Y76.761 E2923.44468
G1 X37.093 Y76.691
G0 F7200 X37.311 Y76.691
G0 X37.311 Y74.149
G0 X37.163 Y74.149
G1 F3000 X38.54 Y72.773 E2923.49324
G0 F7200 X38.54 Y72.481
G1 F3000 X37.163 Y71.104 E2923.54181
G1 X37.093 Y71.034
G0 F7200 X37.311 Y71.034
G0 X37.311 Y68.492
G0 X37.163 Y68.492
G1 F3000 X38.54 Y67.116 E2923.59037
G0 F7200 X38.54 Y66.824
G1 F3000 X37.163 Y65.447 E2923.63895
G1 X37.093 Y65.377
G0 F7200 X37.311 Y65.377
G0 X37.311 Y62.836
G0 X37.163 Y62.836
G1 F3000 X38.54 Y61.459 E2923.68753
G0 F7200 X38.54 Y61.168
G1 F3000 X37.162 Y59.789 E2923.73616
G1 X37.092 Y59.719
G0 F7200 X37.311 Y59.719
G0 X37.311 Y57.179
G0 X37.163 Y57.179
G1 F3000 X38.54 Y55.802 E2923.78474
G0 F7200 X38.54 Y55.511
G1 F3000 X37.162 Y54.133 E2923.83335
G1 X37.092 Y54.063
G0 F7200 X37.311 Y54.063
G0 X37.311 Y51.523
G0 X37.163 Y51.523
G1 F3000 X38.54 Y50.145 E2923.88194
G0 F7200 X38.54 Y49.854
G1 F3000 X37.161 Y48.475 E2923.93059
G1 X37.091 Y48.405
G0 F7200 X37.311 Y48.405
G0 X37.311 Y45.866
G0 X37.162 Y45.866
G1 F3000 X38.54 Y44.488 E2923.97921
G0 F7200 X38.54 Y44.197
G1 F3000 X37.161 Y42.818 E2924.02785
G1 X37.091 Y42.748
G0 F7200 X37.311 Y42.748
G0 X37.311 Y40.21
G0 X37.162 Y40.21
G1 F3000 X38.54 Y38.831 E2924.07648
G0 F7200 X38.54 Y38.54
G1 F3000 X37.161 Y37.161 E2924.12513
G1 X37.091 Y37.091
G0 F7200 X37.311 Y37.091
G0 X37.311 Y34.553
G0 X37.161 Y34.553
G1 F3000 X38.54 Y33.175 E2924.17376
G0 F7200 X38.54 Y32.883
G1 F3000 X37.161 Y31.504 E2924.22241
G1 X37.091 Y31.434
G0 F7200 X37.311 Y31.434
G0 X37.311 Y28.897
G0 X37.161 Y28.897
G1 F3000 X38.54 Y27.518 E2924.27106
G0 F7200 X38.54 Y27.226
G1 F3000 X37.161 Y25.847 E2924.31971
G1 X37.091 Y25.777
G0 F7200 X37.311 Y25.777
G0 X37.311 Y23.24
G0 X37.161 Y23.24
G1 F3000 X38.54 Y21.861 E2924.36835
G0 F7200 X38.54 Y21.57
G1 F3000 X37.16 Y20.189 E2924.41705
G1 X37.09 Y20.119
G0 F7200 X37.311 Y20.119
G0 X37.311 Y17.584
G0 X37.161 Y17.584
G1 F3000 X38.54 Y16.204 E2924.46572
G0 F7200 X38.54 Y15.913
G1 F3000 X37.16 Y14.532 E2924.51442
G1 X37.09 Y14.462
G0 F7200 X37.311 Y14.462
G0 X38.462 Y87.038
G0 X61.538 Y87.038
G0 X61.125 Y86.625
;TYPE:WALL-INNER
G1 F2400 X60.939 Y86.751 E2924.52002
G1 X60.774 Y86.8 E2924.52432
G1 X39.3 Y86.8 E2925.05999
G1 X39.061 Y86.751 E2925.06608
G1 X38.875 Y86.624 E2925.07169
G1 X38.7 Y86.287 E2925.08117
G1 X38.7 Y13.8 E2926.88936
G1 X38.749 Y13.561 E2926.89545
G1 X38.875 Y13.375 E2926.90105
G1 X39.061 Y13.249 E2926.90666
G1 X39.226 Y13.2 E2926.91095
G1 X60.7 Y13.2 E2927.44662
G1 X61.124 Y13.375 E2927.45806
G1 X61.251 Y13.561 E2927.46368
G1 X61.3 Y13.8 E2927.46977
G1 X61.3 Y86.278 E2929.27774
G1 X61.251 Y86.439 E2929.28194
G1 X61.125 Y86.625 E2929.28754
G0 F7200 X61.61 Y86.625
G0 X62.692 Y88.26
G0 X62.996 Y88.323
G1 F2400 X62.996 Y11.678 E2931.19946
G1 X62.944 Y11.556 E2931.20277
G1 X62.823 Y11.5 E2931.20609
G1 X37.185 Y11.5 E2931.84563
G1 X37.054 Y11.555 E2931.84918
G1 X37 Y11.673 E2931.85242
G1 X37 Y88.311 E2933.76416
G1 X37.055 Y88.441 E2933.76768
G1 X37.173 Y88.496 E2933.77093
G1 X62.818 Y88.496 E2934.41064
G1 X62.94 Y88.444 E2934.41395
G1 X62.996 Y88.323 E2934.41728
G0 F7200 X63.262 Y88.7
;TYPE:WALL-OUTER
G1 F1200 X63.396 Y88.411 E2934.42522
G1 X63.396 Y11.629 E2936.34056
G1 X63.344 Y11.418 E2936.34598
G1 X63.2 Y11.234 E2936.35181
G1 X62.911 Y11.1 E2936.35975
G1 X37.134 Y11.1 E2937.00276
G1 X36.918 Y11.156 E2937.00833
G1 X36.733 Y11.297 E2937.01413
G1 X36.6 Y11.585 E2937.02205
G1 X36.6 Y88.362 E2938.93726
G1 X36.656 Y88.578 E2938.94282
G1 X36.797 Y88.763 E2938.94863
G1 X37.085 Y88.896 E2938.95654
G1 X62.867 Y88.896 E2939.59967
G1 X63.078 Y88.843 E2939.6051
G1 X63.262 Y88.7 E2939.61091
G0 F7200 X63.346 Y88.519
G0 X62.692 Y88.26
G0 X61.61 Y86.235
G0 X60.898 Y86.235
G1 F1200 X60.842 Y86.342 E2939.61393
G1 X60.735 Y86.397 E2939.61693
G1 X39.244 Y86.4 E2940.15302
G1 X39.158 Y86.342 E2940.15561
G1 X39.103 Y86.235 E2940.15861
G1 X39.1 Y13.8 E2941.96551
G1 X39.158 Y13.658 E2941.96934
G1 X39.265 Y13.603 E2941.97234
G1 X60.7 Y13.6 E2942.50703
G1 X60.842 Y13.658 E2942.51086
G1 X60.9 Y13.8 E2942.51469
G1 X60.898 Y86.235 E2944.32159
G0 F7200 X60.842 Y86.342
G0 X60.772 Y86.378
G0 X60.772 Y87.41
;MESH:NONMESH
G0 F600 Z5.735
G0 F7200 X38.462 Y87.038
G0 X37.311 Y11.925
G0 X37.163 Y11.925
;TIME_ELAPSED:6512.040944
;LAYER:30
;TYPE:FILL
;MESH:luckfox_bottom.stl
G1 F3000 X37.427 Y11.66 E2944.33092
G0 F7200 X37.427 Y11.811
G0 X39.944 Y11.811
G0 X39.944 Y11.66
G1 F3000 X41.324 Y13.04 E2944.3796
G0 F7200 X41.704 Y13.04
G1 F3000 X43.084 Y11.66 E2944.42828
G1 X43.154 Y11.59
G0 F7200 X43.154 Y11.811
G0 X45.601 Y11.811
G0 X45.601 Y11.66
G1 F3000 X46.981 Y13.04 E2944.47697
G0 F7200 X47.361 Y13.04
G1 F3000 X48.741 Y11.66 E2944.52565
G1 X48.811 Y11.59
G0 F7200 X48.811 Y11.811
G0 X51.258 Y11.811
G0 X51.258 Y11.66
G1 F3000 X52.638 Y13.04 E2944.57433
G0 F7200 X53.018 Y13.04
G1 F3000 X54.398 Y11.66 E2944.62302
G1 X54.468 Y11.59
G0 F7200 X54.468 Y11.811
G0 X56.915 Y11.811
G0 X56.915 Y11.66
G1 F3000 X58.295 Y13.04 E2944.6717
G0 F7200 X58.675 Y13.04
G1 F3000 X60.055 Y11.66 E2944.72038
G1 X60.125 Y11.59
G0 F7200 X60.125 Y11.811
G0 X62.572 Y11.811
G0 X62.572 Y11.66
G1 F3000 X62.836 Y11.925 E2944.72971
G0 F7200 X62.689 Y11.925
G0 X62.689 Y14.536
G0 X62.836 Y14.536
G1 F3000 X61.46 Y15.911 E2944.77824
G0 F7200 X61.46 Y16.205
G1 F3000 X62.836 Y17.582 E2944.8268
G1 X62.906 Y17.652
G0 F7200 X62.689 Y17.652
G0 X62.689 Y20.193
G0 X62.836 Y20.193
G1 F3000 X61.46 Y21.568 E2944.87532
G0 F7200 X61.46 Y21.862
G1 F3000 X62.836 Y23.238 E2944.92386
G1 X62.906 Y23.308
G0 F7200 X62.689 Y23.308
G0 X62.689 Y25.85
G0 X62.836 Y25.85
G1 F3000 X61.46 Y27.225 E2944.97239
G0 F7200 X61.46 Y27.519
G1 F3000 X62.836 Y28.895 E2945.02093
G1 X62.906 Y28.965
G0 F7200 X62.689 Y28.965
G0 X62.689 Y31.507
G0 X62.836 Y31.507
G1 F3000 X61.46 Y32.882 E2945.06946
G0 F7200 X61.46 Y33.176
G1 F3000 X62.836 Y34.552 E2945.118
G1 X62.906 Y34.622
G0 F7200 X62.689 Y34.622
G0 X62.689 Y37.163
G0 X62.836 Y37.163
G1 F3000 X61.46 Y38.539 E2945.16654
G0 F7200 X61.46 Y38.833
G1 F3000 X62.836 Y40.209 E2945.21508
G1 X62.906 Y40.279
G0 F7200 X62.689 Y40.279
G0 X62.689 Y42.82
G0 X62.836 Y42.82
G1 F3000 X61.46 Y44.196 E2945.26362
G0 F7200 X61.46 Y44.49
G1 F3000 X62.836 Y45.866 E2945.31217
G1 X62.906 Y45.936
G0 F7200 X62.689 Y45.936
G0 X62.689 Y48.477
G0 X62.836 Y48.477
G1 F3000 X61.46 Y49.852 E2945.36069
G0 F7200 X61.46 Y50.147
G1 F3000 X62.836 Y51.522 E2945.40921
G1 X62.906 Y51.592
G0 F7200 X62.689 Y51.592
G0 X62.689 Y54.135
G0 X62.835 Y54.135
G1 F3000 X61.46 Y55.509 E2945.4577
G0 F7200 X61.46 Y55.803
G1 F3000 X62.836 Y57.179 E2945.50625
G1 X62.906 Y57.249
G0 F7200 X62.689 Y57.249
G0 X62.689 Y59.792
G0 X62.835 Y59.792
G1 F3000 X61.46 Y61.166 E2945.55474
G0 F7200 X61.46 Y61.46
G1 F3000 X62.836 Y62.836 E2945.60328
G1 X62.906 Y62.906
G0 F7200 X62.689 Y62.906
G0 X62.689 Y65.448
G0 X62.835 Y65.448
G1 F3000 X61.46 Y66.823 E2945.65178
G0 F7200 X61.46 Y67.117
G1 F3000 X62.836 Y68.492 E2945.70031
G1 X62.906 Y68.562
G0 F7200 X62.689 Y68.562
G0 X62.689 Y71.105
G0 X62.835 Y71.105
G1 F3000 X61.46 Y72.48 E2945.74882
G0 F7200 X61.46 Y72.774
G1 F3000 X62.836 Y74.149 E2945.79734
G1 X62.906 Y74.219
G0 F7200 X62.689 Y74.219
G0 X62.689 Y76.762
G0 X62.835 Y76.762
G1 F3000 X61.46 Y78.137 E2945.84585
G0 F7200 X61.46 Y78.431
G1 F3000 X62.836 Y79.806 E2945.89437
G1 X62.906 Y79.876
G0 F7200 X62.689 Y79.876
G0 X62.689 Y82.419
G0 X62.835 Y82.419
G1 F3000 X61.46 Y83.794 E2945.94288
G0 F7200 X61.46 Y84.088
G1 F3000 X62.836 Y85.463 E2945.9914
G1 X62.906 Y85.533
G0 F7200 X62.689 Y85.533
G0 X62.689 Y88.076
G0 X62.835 Y88.076
G1 F3000 X62.575 Y88.335 E2946.00056
G0 F7200 X62.575 Y88.189
G0 X60.05 Y88.189
G0 X60.05 Y88.335
G1 F3000 X58.676 Y86.96 E2946.04905
G0 F7200 X58.294 Y86.96
G1 F3000 X56.919 Y88.335 E2946.09755
G1 X56.849 Y88.405
G0 F7200 X56.849 Y88.189
G0 X54.393 Y88.189
G0 X54.393 Y88.335
G1 F3000 X53.019 Y86.96 E2946.14604
G0 F7200 X52.637 Y86.96
G1 F3000 X51.262 Y88.335 E2946.19455
G1 X51.192 Y88.405
G0 F7200 X51.192 Y88.189
G0 X48.737 Y88.189
G0 X48.737 Y88.335
G1 F3000 X47.362 Y86.96 E2946.24306
G0 F7200 X46.98 Y86.96
G1 F3000 X45.605 Y88.335 E2946.29156
G1 X45.535 Y88.405
G0 F7200 X45.535 Y88.189
G0 X43.08 Y88.189
G0 X43.08 Y88.335
G1 F3000 X41.705 Y86.96 E2946.34007
G0 F7200 X41.323 Y86.96
G1 F3000 X39.948 Y88.335 E2946.38858
G1 X39.878 Y88.405
G0 F7200 X39.878 Y88.189
G0 X37.423 Y88.189
G0 X37.423 Y88.335
G1 F3000 X37.162 Y88.074 E2946.39778
G0 F7200 X37.311 Y88.074
G0 X37.311 Y85.464
G0 X37.163 Y85.464
G1 F3000 X38.54 Y84.086 E2946.44638
G0 F7200 X38.54 Y83.795
G1 F3000 X37.162 Y82.417 E2946.49499
G1 X37.092 Y82.347
G0 F7200 X37.311 Y82.347
G0 X37.311 Y79.807
G0 X37.163 Y79.807
G1 F3000 X38.54 Y78.429 E2946.54359
G0 F7200 X38.54 Y78.138
G1 F3000 X37.162 Y76.76 E2946.5922
G1 X37.092 Y76.69
G0 F7200 X37.311 Y76.69
G0 X37.311 Y74.15
G0 X37.163 Y74.15
G1 F3000 X38.54 Y72.773 E2946.64078
G0 F7200 X38.54 Y72.481
G1 F3000 X37.162 Y71.103 E2946.68939
G1 X37.092 Y71.033
G0 F7200 X37.311 Y71.033
G0 X37.311 Y68.493
G0 X37.163 Y68.493
G1 F3000 X38.54 Y67.116 E2946.73797
G0 F7200 X38.54 Y66.824
G1 F3000 X37.162 Y65.446 E2946.78658
G1 X37.092 Y65.376
G0 F7200 X37.311 Y65.376
G0 X37.311 Y62.836
G0 X37.163 Y62.836
G1 F3000 X38.54 Y61.459 E2946.83516
G0 F7200 X38.54 Y61.168
G1 F3000 X37.162 Y59.789 E2946.88379
G1 X37.092 Y59.719
G0 F7200 X37.311 Y59.719
G0 X37.311 Y57.179
G0 X37.163 Y57.179
G1 F3000 X38.54 Y55.802 E2946.93236
G0 F7200 X38.54 Y55.511
G1 F3000 X37.162 Y54.133 E2946.98098
G1 X37.092 Y54.063
G0 F7200 X37.311 Y54.063
G0 X37.311 Y51.523
G0 X37.163 Y51.523
G1 F3000 X38.54 Y50.145 E2947.02957
G0 F7200 X38.54 Y49.854
G1 F3000 X37.162 Y48.476 E2947.07819
G1 X37.092 Y48.406
G0 F7200 X37.311 Y48.406
G0 X37.311 Y45.866
G0 X37.163 Y45.866
G1 F3000 X38.54 Y44.488 E2947.12678
G0 F7200 X38.54 Y44.197
G1 F3000 X37.162 Y42.819 E2947.17539
G1 X37.092 Y42.749
G0 F7200 X37.311 Y42.749
G0 X37.311 Y40.209
G0 X37.163 Y40.209
G1 F3000 X38.54 Y38.831 E2947.22399
G0 F7200 X38.54 Y38.54
G1 F3000 X37.162 Y37.162 E2947.2726
G1 X37.092 Y37.092
G0 F7200 X37.311 Y37.092
G0 X37.311 Y34.552
G0 X37.163 Y34.552
G1 F3000 X38.54 Y33.175 E2947.32118
G0 F7200 X38.54 Y32.883
G1 F3000 X37.162 Y31.505 E2947.36979
G1 X37.092 Y31.435
G0 F7200 X37.311 Y31.435
G0 X37.311 Y28.895
G0 X37.163 Y28.895
G1 F3000 X38.54 Y27.518 E2947.41837
G0 F7200 X38.54 Y27.226
G1 F3000 X37.162 Y25.848 E2947.46698
G1 X37.092 Y25.778
G0 F7200 X37.311 Y25.778
G0 X37.311 Y23.238
G0 X37.163 Y23.238
G1 F3000 X38.54 Y21.861 E2947.51556
G0 F7200 X38.54 Y21.57
G1 F3000 X37.162 Y20.191 E2947.56419
G1 X37.092 Y20.121
G0 F7200 X37.311 Y20.121
G0 X37.311 Y17.582
G0 X37.163 Y17.582
G1 F3000 X38.54 Y16.204 E2947.61278
G0 F7200 X38.54 Y15.913
G1 F3000 X37.162 Y14.535 E2947.6614
G1 X37.092 Y14.465
G0 F7200 X37.311 Y14.465
G0 X38.462 Y87.038
G0 X61.538 Y87.038
G0 X61.125 Y86.625
;TYPE:WALL-INNER
G1 F2400 X60.939 Y86.751 E2947.667
G1 X60.774 Y86.8 E2947.67129
G1 X39.3 Y86.8 E2948.20697
G1 X39.061 Y86.751 E2948.21305
G1 X38.875 Y86.624 E2948.21867
G1 X38.7 Y86.287 E2948.22814
G1 X38.7 Y13.8 E2950.03634
G1 X38.749 Y13.561 E2950.04242
G1 X38.875 Y13.375 E2950.04803
G1 X39.061 Y13.249 E2950.05363
G1 X39.226 Y13.2 E2950.05792
G1 X60.7 Y13.2 E2950.5936
G1 X61.124 Y13.375 E2950.60504
G1 X61.251 Y13.561 E2950.61066
G1 X61.3 Y13.8 E2950.61674
G1 X61.3 Y86.278 E2952.42471
G1 X61.251 Y86.439 E2952.42891
G1 X61.125 Y86.625 E2952.43452
G0 F7200 X61.61 Y86.625
G0 X62.719 Y88.219
G0 X62.995 Y88.335
G1 F2400 X62.996 Y11.638 E2954.34773
G1 X62.933 Y11.551 E2954.35041
G1 X62.823 Y11.5 E2954.35343
G1 X37.109 Y11.5 E2954.99487
G1 X37 Y11.638 E2954.99926
G1 X37 Y88.314 E2956.91195
G1 X37.076 Y88.46 E2956.91606
G1 X37.16 Y88.496 E2956.91834
G1 X62.868 Y88.495 E2957.55962
G1 X62.995 Y88.335 E2957.56472
G0 F7200 X63.29 Y88.665
;TYPE:WALL-OUTER
G1 F1200 X63.395 Y88.415 E2957.57148
G1 X63.396 Y11.627 E2959.48697
G1 X63.357 Y11.456 E2959.49134
G1 X63.196 Y11.232 E2959.49822
G1 X62.911 Y11.1 E2959.50606
G1 X37.127 Y11.1 E2960.14924
G1 X36.838 Y11.202 E2960.15689
G1 X36.647 Y11.431 E2960.16433
G1 X36.6 Y11.576 E2960.16813
G1 X36.6 Y88.366 E2962.08366
G1 X36.655 Y88.575 E2962.08905
G1 X36.828 Y88.79 E2962.09594
G1 X37.08 Y88.896 E2962.10276
G1 X62.867 Y88.895 E2962.74602
G1 X63.075 Y88.844 E2962.75136
G1 X63.29 Y88.665 E2962.75834
G0 F7200 X63.367 Y88.481
G0 X62.719 Y88.219
G0 X61.61 Y86.235
G0 X60.898 Y86.235
G1 F1200 X60.842 Y86.342 E2962.76135
G1 X60.735 Y86.397 E2962.76435
G1 X39.244 Y86.4 E2963.30045
G1 X39.158 Y86.342 E2963.30304
G1 X39.103 Y86.235 E2963.30604
G1 X39.1 Y13.8 E2965.11293
G1 X39.158 Y13.658 E2965.11676
G1 X39.265 Y13.603 E2965.11976
G1 X60.7 Y13.6 E2965.65446
G1 X60.842 Y13.658 E2965.65829
G1 X60.9 Y13.8 E2965.66211
G1 X60.898 Y86.235 E2967.46901
G0 F7200 X60.842 Y86.342
G0 X60.772 Y86.378
G0 X60.772 Y87.41
;MESH:NONMESH
G0 F600 Z5.885
G0 F7200 X38.462 Y87.038
G0 X37.311 Y11.924
G0 X37.163 Y11.924
;TIME_ELAPSED:6549.671236
;LAYER:31
;TYPE:FILL
;MESH:luckfox_bottom.stl
G1 F3000 X37.427 Y11.66 E2967.47832
G0 F7200 X37.427 Y11.811
G0 X39.944 Y11.811
G0 X39.944 Y11.66
G1 F3000 X41.324 Y13.04 E2967.52701
G0 F7200 X41.704 Y13.04
G1 F3000 X43.084 Y11.66 E2967.57569
G1 X43.154 Y11.59
G0 F7200 X43.154 Y11.811
G0 X45.601 Y11.811
G0 X45.601 Y11.66
G1 F3000 X46.981 Y13.04 E2967.62437
G0 F7200 X47.361 Y13.04
G1 F3000 X48.741 Y11.66 E2967.67306
G1 X48.811 Y11.59
G0 F7200 X48.811 Y11.811
G0 X51.258 Y11.811
G0 X51.258 Y11.66
G1 F3000 X52.638 Y13.04 E2967.72174
G0 F7200 X53.018 Y13.04
G1 F3000 X54.398 Y11.66 E2967.77042
G1 X54.468 Y11.59
G0 F7200 X54.468 Y11.811
G0 X56.915 Y11.811
G0 X56.915 Y11.66
G1 F3000 X58.295 Y13.04 E2967.81911
G0 F7200 X58.675 Y13.04
G1 F3000 X60.055 Y11.66 E2967.86779
G1 X60.125 Y11.59
G0 F7200 X60.125 Y11.811
G0 X62.572 Y11.811
G0 X62.572 Y11.66
G1 F3000 X62.836 Y11.925 E2967.87712
G0 F7200 X62.689 Y11.925
G0 X62.689 Y14.536
G0 X62.836 Y14.536
G1 F3000 X61.46 Y15.911 E2967.92565
G0 F7200 X61.46 Y16.205
G1 F3000 X62.836 Y17.582 E2967.97421
G1 X62.906 Y17.652
G0 F7200 X62.689 Y17.652
G0 X62.689 Y20.193
G0 X62.836 Y20.193
G1 F3000 X61.46 Y21.568 E2968.02273
G0 F7200 X61.46 Y21.862
G1 F3000 X62.836 Y23.238 E2968.07127
G1 X62.906 Y23.308
G0 F7200 X62.689 Y23.308
G0 X62.689 Y25.85
G0 X62.836 Y25.85
G1 F3000 X61.46 Y27.225 E2968.1198
G0 F7200 X61.46 Y27.519
G1 F3000 X62.836 Y28.895 E2968.16834
G1 X62.906 Y28.965
G0 F7200 X62.689 Y28.965
G0 X62.689 Y31.507
G0 X62.836 Y31.507
G1 F3000 X61.46 Y32.882 E2968.21686
G0 F7200 X61.46 Y33.176
G1 F3000 X62.836 Y34.552 E2968.26541
G1 X62.906 Y34.622
G0 F7200 X62.689 Y34.622
G0 X62.689 Y37.163
G0 X62.836 Y37.163
G1 F3000 X61.46 Y38.539 E2968.31395
G0 F7200 X61.46 Y38.833
G1 F3000 X62.836 Y40.209 E2968.36249
G1 X62.906 Y40.279
G0 F7200 X62.689 Y40.279
G0 X62.689 Y42.82
G0 X62.836 Y42.82
G1 F3000 X61.46 Y44.196 E2968.41103
G0 F7200 X61.46 Y44.49
G1 F3000 X62.836 Y45.866 E2968.45957
G1 X62.906 Y45.936
G0 F7200 X62.689 Y45.936
G0 X62.689 Y48.477
G0 X62.836 Y48.477
G1 F3000 X61.46 Y49.852 E2968.5081
G0 F7200 X61.46 Y50.147
G1 F3000 X62.836 Y51.523 E2968.55664
G1 X62.906 Y51.593
G0 F7200 X62.689 Y51.593
G0 X62.689 Y54.134
G0 X62.836 Y54.134
G1 F3000 X61.46 Y55.509 E2968.60516
G0 F7200 X61.46 Y55.803
G1 F3000 X62.836 Y57.179 E2968.65371
G1 X62.906 Y57.249
G0 F7200 X62.689 Y57.249
G0 X62.689 Y59.791
G0 X62.836 Y59.791
G1 F3000 X61.46 Y61.166 E2968.70223
G0 F7200 X61.46 Y61.46
G1 F3000 X62.836 Y62.836 E2968.75077
G1 X62.906 Y62.906
G0 F7200 X62.689 Y62.906
G0 X62.689 Y65.448
G0 X62.836 Y65.448
G1 F3000 X61.46 Y66.823 E2968.7993
G0 F7200 X61.46 Y67.117
G1 F3000 X62.836 Y68.493 E2968.84784
G1 X62.906 Y68.563
G0 F7200 X62.689 Y68.563
G0 X62.689 Y71.105
G0 X62.836 Y71.105
G1 F3000 X61.46 Y72.48 E2968.89636
G0 F7200 X61.46 Y72.774
G1 F3000 X62.836 Y74.15 E2968.94491
G1 X62.906 Y74.22
G0 F7200 X62.689 Y74.22
G0 X62.689 Y76.761
G0 X62.836 Y76.761
G1 F3000 X61.46 Y78.137 E2968.99345
G0 F7200 X61.46 Y78.431
G1 F3000 X62.836 Y79.807 E2969.04199
G1 X62.906 Y79.877
G0 F7200 X62.689 Y79.877
G0 X62.689 Y82.418
G0 X62.836 Y82.418
G1 F3000 X61.46 Y83.794 E2969.09053
G0 F7200 X61.46 Y84.088
G1 F3000 X62.836 Y85.464 E2969.13908
G1 X62.906 Y85.534
G0 F7200 X62.689 Y85.534
G0 X62.689 Y88.075
G0 X62.836 Y88.075
G1 F3000 X62.575 Y88.336 E2969.14828
G0 F7200 X62.575 Y88.189
G0 X60.051 Y88.189
G0 X60.051 Y88.335
G1 F3000 X58.676 Y86.96 E2969.19679
G0 F7200 X58.294 Y86.96
G1 F3000 X56.918 Y88.336 E2969.24533
G1 X56.848 Y88.406
G0 F7200 X56.848 Y88.189
G0 X54.394 Y88.189
G0 X54.394 Y88.335
G1 F3000 X54.314 Y88.255 E2969.24815
G0 F7200 X54.314 Y88.189
G0 X51.342 Y88.189
G0 X51.342 Y88.255
G1 F3000 X51.261 Y88.336 E2969.25101
G0 F7200 X51.261 Y88.189
G0 X48.737 Y88.189
G0 X48.737 Y88.335
G1 F3000 X48.657 Y88.255 E2969.25383
G0 F7200 X48.657 Y88.189
G0 X45.685 Y88.189
G0 X45.685 Y88.255
G1 F3000 X45.604 Y88.336 E2969.25669
G0 F7200 X45.604 Y88.189
G0 X43.08 Y88.189
G0 X43.08 Y88.335
G1 F3000 X41.705 Y86.96 E2969.3052
G0 F7200 X41.323 Y86.96
G1 F3000 X39.947 Y88.336 E2969.35374
G1 X39.877 Y88.406
G0 F7200 X39.877 Y88.189
G0 X37.424 Y88.189
G0 X37.424 Y88.335
G1 F3000 X37.165 Y88.077 E2969.36286
G0 F7200 X37.311 Y88.077
G0 X37.311 Y85.461
G0 X37.166 Y85.461
G1 F3000 X38.54 Y84.086 E2969.41135
G0 F7200 X38.54 Y83.795
G1 F3000 X37.165 Y82.42 E2969.45986
G1 X37.095 Y82.35
G0 F7200 X37.311 Y82.35
G0 X37.311 Y79.804
G0 X37.166 Y79.804
G1 F3000 X38.54 Y78.429 E2969.50834
G0 F7200 X38.54 Y78.138
G1 F3000 X37.165 Y76.763 E2969.55685
G1 X37.095 Y76.693
G0 F7200 X37.311 Y76.693
G0 X37.311 Y74.147
G0 X37.166 Y74.147
G1 F3000 X38.54 Y72.773 E2969.60532
G0 F7200 X38.54 Y72.481
G1 F3000 X37.165 Y71.106 E2969.65383
G1 X37.095 Y71.036
G0 F7200 X37.311 Y71.036
G0 X37.311 Y68.491
G0 X37.165 Y68.491
G1 F3000 X38.54 Y67.116 E2969.70234
G0 F7200 X38.54 Y66.824
G1 F3000 X37.164 Y65.448 E2969.75088
G1 X37.094 Y65.378
G0 F7200 X37.311 Y65.378
G0 X37.311 Y62.834
G0 X37.165 Y62.834
G1 F3000 X38.54 Y61.459 E2969.79939
G0 F7200 X38.54 Y61.168
G1 F3000 X37.164 Y59.792 E2969.84793
G1 X37.094 Y59.722
G0 F7200 X37.311 Y59.722
G0 X37.311 Y57.177
G0 X37.165 Y57.177
G1 F3000 X38.54 Y55.802 E2969.89643
G0 F7200 X38.54 Y55.511
G1 F3000 X37.164 Y54.135 E2969.94498
G1 X37.094 Y54.065
G0 F7200 X37.311 Y54.065
G0 X37.311 Y51.521
G0 X37.165 Y51.521
G1 F3000 X38.54 Y50.145 E2969.9935
G0 F7200 X38.54 Y49.854
G1 F3000 X37.163 Y48.477 E2970.04208
G1 X37.093 Y48.407
G0 F7200 X37.311 Y48.407
G0 X37.311 Y45.864
G0 X37.164 Y45.864
G1 F3000 X38.54 Y44.488 E2970.09062
G0 F7200 X38.54 Y44.197
G1 F3000 X37.163 Y42.82 E2970.1392
G1 X37.093 Y42.75
G0 F7200 X37.311 Y42.75
G0 X37.311 Y40.208
G0 X37.164 Y40.208
G1 F3000 X38.54 Y38.831 E2970.18776
G0 F7200 X38.54 Y38.54
G1 F3000 X37.163 Y37.163 E2970.23634
G1 X37.093 Y37.093
G0 F7200 X37.311 Y37.093
G0 X37.311 Y34.551
G0 X37.164 Y34.551
G1 F3000 X38.54 Y33.175 E2970.28488
G0 F7200 X38.54 Y32.883
G1 F3000 X37.163 Y31.507 E2970.33344
G1 X37.093 Y31.437
G0 F7200 X37.311 Y31.437
G0 X37.311 Y28.895
G0 X37.163 Y28.895
G1 F3000 X38.54 Y27.518 E2970.38201
G0 F7200 X38.54 Y27.226
G1 F3000 X37.163 Y25.849 E2970.43059
G1 X37.093 Y25.779
G0 F7200 X37.311 Y25.779
G0 X37.311 Y23.238
G0 X37.163 Y23.238
G1 F3000 X38.54 Y21.861 E2970.47917
G0 F7200 X38.54 Y21.57
G1 F3000 X37.163 Y20.192 E2970.52776
G1 X37.093 Y20.122
G0 F7200 X37.311 Y20.122
G0 X37.311 Y17.581
G0 X37.163 Y17.581
G1 F3000 X38.54 Y16.204 E2970.57634
G0 F7200 X38.54 Y15.913
G1 F3000 X37.163 Y14.535 E2970.62494
G1 X37.093 Y14.465
G0 F7200 X37.311 Y14.465
G0 X38.462 Y87.038
G0 X44.734 Y87.16
G1 F600 X45.709 Y88.135 E2970.64557
G0 F7200 X46.274 Y88.135
G1 F600 X45.299 Y87.16 E2970.66621
G0 F7200 X45.865 Y87.16
G1 F600 X46.84 Y88.135 E2970.68685
G0 F7200 X47.406 Y88.135
G1 F600 X46.431 Y87.16 E2970.70749
G0 F7200 X46.996 Y87.16
G1 F600 X47.972 Y88.135 E2970.72813
G0 F7200 X48.537 Y88.135
G1 F600 X47.562 Y87.16 E2970.74877
G0 F7200 X48.128 Y87.16
G1 F600 X49.103 Y88.135 E2970.76941
G0 F7200 X49.669 Y88.135
G1 F600 X48.693 Y87.16 E2970.79006
G0 F7200 X49.259 Y87.16
G1 F600 X50.234 Y88.135 E2970.8107
G0 F7200 X50.8 Y88.135
G1 F600 X49.825 Y87.16 E2970.83133
G0 F7200 X50.391 Y87.16
G1 F600 X51.366 Y88.135 E2970.85197
G0 F7200 X51.931 Y88.135
G1 F600 X50.956 Y87.16 E2970.87261
G0 F7200 X51.522 Y87.16
G1 F600 X52.497 Y88.135 E2970.89324
G0 F7200 X53.063 Y88.135
G1 F600 X52.088 Y87.16 E2970.91388
G0 F7200 X52.653 Y87.16
G1 F600 X53.628 Y88.135 E2970.93452
G0 F7200 X54.194 Y88.135
G1 F600 X53.219 Y87.16 E2970.95516
G0 F7200 X53.785 Y87.16
G1 F600 X54.76 Y88.135 E2970.97579
G0 F7200 X55.325 Y88.135
G1 F600 X54.35 Y87.16 E2970.99643
G0 F7200 X61.538 Y87.038
G0 X61.125 Y86.625
;TYPE:WALL-INNER
G1 F2400 X60.939 Y86.751 E2971.00204
G1 X60.774 Y86.8 E2971.00633
G1 X39.3 Y86.8 E2971.542
G1 X39.061 Y86.751 E2971.54809
G1 X38.875 Y86.624 E2971.55371
G1 X38.7 Y86.287 E2971.56318
G1 X38.7 Y13.8 E2973.37137
G1 X38.749 Y13.561 E2973.37746
G1 X38.875 Y13.375 E2973.38306
G1 X39.061 Y13.249 E2973.38867
G1 X39.226 Y13.2 E2973.39296
G1 X60.7 Y13.2 E2973.92863
G1 X61.124 Y13.375 E2973.94007
G1 X61.251 Y13.561 E2973.94569
G1 X61.3 Y13.8 E2973.95178
G1 X61.3 Y86.278 E2975.75975
G1 X61.251 Y86.439 E2975.76395
G1 X61.125 Y86.625 E2975.76955
G0 F7200 X61.61 Y86.625
G0 X62.692 Y88.257
G0 X62.996 Y88.322
G1 F2400 X62.996 Y11.678 E2977.68144
G1 X62.94 Y11.553 E2977.68486
G1 X62.822 Y11.5 E2977.68809
G1 X37.109 Y11.5 E2978.3295
G1 X37 Y11.638 E2978.33389
G1 X37.001 Y88.388 E2980.24842
G1 X37.138 Y88.496 E2980.25278
G1 X62.818 Y88.495 E2980.89337
G1 X62.942 Y88.44 E2980.89675
G1 X62.996 Y88.322 E2980.89999
G0 F7200 X63.266 Y88.696
;TYPE:WALL-OUTER
G1 F1200 X63.396 Y88.408 E2980.90787
G1 X63.396 Y11.629 E2982.82313
G1 X63.344 Y11.422 E2982.82845
G1 X63.196 Y11.23 E2982.8345
G1 X62.908 Y11.1 E2982.84238
G1 X37.127 Y11.1 E2983.48549
G1 X36.838 Y11.202 E2983.49314
G1 X36.647 Y11.431 E2983.50058
G1 X36.6 Y11.576 E2983.50438
G1 X36.601 Y88.369 E2985.41999
G1 X36.702 Y88.658 E2985.42762
G1 X36.931 Y88.849 E2985.43506
G1 X37.076 Y88.896 E2985.43886
G1 X62.867 Y88.895 E2986.08222
G1 X63.074 Y88.843 E2986.08755
G1 X63.266 Y88.696 E2986.09358
G0 F7200 X63.348 Y88.514
G0 X62.692 Y88.257
G0 X61.61 Y86.235
G0 X60.898 Y86.235
G1 F1200 X60.842 Y86.342 E2986.09659
G1 X60.735 Y86.397 E2986.09959
G1 X39.244 Y86.4 E2986.63569
G1 X39.158 Y86.342 E2986.63828
G1 X39.103 Y86.235 E2986.64128
G1 X39.1 Y13.8 E2988.44818
G1 X39.158 Y13.658 E2988.452
G1 X39.265 Y13.603 E2988.455
G1 X60.7 Y13.6 E2988.9897
G1 X60.842 Y13.658 E2988.99353
G1 X60.9 Y13.8 E2988.99735
G1 X60.898 Y86.235 E2990.80425
G0 F7200 X60.842 Y86.342
G0 X60.772 Y86.378
G0 X60.772 Y87.41
;MESH:NONMESH
G0 F600 Z6.035
G0 F7200 X38.462 Y87.038
G0 X37.311 Y11.923
G0 X37.164 Y11.923
;TIME_ELAPSED:6590.029770
;LAYER:32
;TYPE:FILL
;MESH:luckfox_bottom.stl
G1 F3000 X37.424 Y11.664 E2990.81341
G0 F7200 X37.424 Y11.811
G0 X39.948 Y11.811
G0 X39.948 Y11.664
G1 F3000 X41.14 Y12.856 E2990.85546
G1 X41.21 Y12.926
G0 F7200 X41.21 Y12.89
G0 X38.462 Y12.962
G0 X38.39 Y15.913
G0 X38.54 Y15.913
G1 F3000 X37.163 Y14.536 E2990.90404
G1 X37.093 Y14.466
G0 F7200 X37.311 Y14.466
G0 X38.39 Y16.204
G0 X38.54 Y16.204
G1 F3000 X37.164 Y17.58 E2990.95258
G1 X37.094 Y17.65
G0 F7200 X37.311 Y17.65
G0 X37.311 Y20.193
G0 X37.163 Y20.193
G1 F3000 X38.54 Y21.57 E2991.00115
G0 F7200 X38.54 Y21.861
G1 F3000 X37.164 Y23.237 E2991.0497
G1 X37.094 Y23.307
G0 F7200 X37.311 Y23.307
G0 X37.311 Y25.85
G0 X37.163 Y25.85
G1 F3000 X38.54 Y27.226 E2991.09826
G0 F7200 X38.54 Y27.518
G1 F3000 X37.164 Y28.894 E2991.1468
G1 X37.094 Y28.964
G0 F7200 X37.311 Y28.964
G0 X37.311 Y31.506
G0 X37.163 Y31.506
G1 F3000 X38.54 Y32.883 E2991.19538
G0 F7200 X38.54 Y33.175
G1 F3000 X37.163 Y34.551 E2991.24394
G1 X37.093 Y34.621
G0 F7200 X37.311 Y34.621
G0 X37.311 Y37.163
G0 X37.163 Y37.163
G1 F3000 X38.54 Y38.54 E2991.29251
G0 F7200 X38.54 Y38.831
G1 F3000 X37.163 Y40.208 E2991.34109
G1 X37.093 Y40.278
G0 F7200 X37.311 Y40.278
G0 X37.311 Y42.82
G0 X37.163 Y42.82
G1 F3000 X38.54 Y44.197 E2991.38967
G0 F7200 X38.54 Y44.488
G1 F3000 X37.163 Y45.865 E2991.43825
G1 X37.093 Y45.935
G0 F7200 X37.311 Y45.935
G0 X37.311 Y48.476
G0 X37.163 Y48.476
G1 F3000 X38.54 Y49.854 E2991.48684
G0 F7200 X38.54 Y50.145
G1 F3000 X37.163 Y51.523 E2991.53544
G1 X37.093 Y51.593
G0 F7200 X37.311 Y51.593
G0 X37.311 Y54.133
G0 X37.162 Y54.133
G1 F3000 X38.54 Y55.511 E2991.58405
G0 F7200 X38.54 Y55.802
G1 F3000 X37.163 Y57.179 E2991.63263
G1 X37.093 Y57.249
G0 F7200 X37.311 Y57.249
G0 X37.311 Y59.789
G0 X37.162 Y59.789
G1 F3000 X38.54 Y61.168 E2991.68126
G0 F7200 X38.54 Y61.459
G1 F3000 X37.163 Y62.836 E2991.72983
G1 X37.093 Y62.906
G0 F7200 X37.311 Y62.906
G0 X37.311 Y65.446
G0 X37.162 Y65.446
G1 F3000 X38.54 Y66.824 E2991.77845
G0 F7200 X38.54 Y67.116
G1 F3000 X37.163 Y68.493 E2991.82702
G1 X37.093 Y68.563
G0 F7200 X37.311 Y68.563
G0 X37.311 Y71.102
G0 X37.161 Y71.102
G1 F3000 X38.54 Y72.481 E2991.87567
G0 F7200 X38.54 Y72.773
G1 F3000 X37.162 Y74.151 E2991.92428
G1 X37.092 Y74.221
G0 F7200 X37.311 Y74.221
G0 X37.311 Y76.759
G0 X37.161 Y76.759
G1 F3000 X38.54 Y78.138 E2991.97293
G0 F7200 X38.54 Y78.429
G1 F3000 X37.162 Y79.808 E2992.02156
G1 X37.092 Y79.878
G0 F7200 X37.311 Y79.878
G0 X37.311 Y82.416
G0 X37.161 Y82.416
G1 F3000 X38.54 Y83.795 E2992.07021
G0 F7200 X38.54 Y84.086
G1 F3000 X37.162 Y85.464 E2992.11882
G1 X37.092 Y85.534
G0 F7200 X37.311 Y85.534
G0 X37.311 Y88.073
G0 X37.161 Y88.073
G1 F3000 X37.424 Y88.335 E2992.12808
G0 F7200 X37.424 Y88.189
G0 X39.947 Y88.189
G0 X39.947 Y88.336
G1 F3000 X41.323 Y86.96 E2992.17663
G0 F7200 X41.705 Y86.96
G1 F3000 X43.08 Y88.335 E2992.22513
G1 X43.15 Y88.405
G0 F7200 X43.15 Y88.189
G0 X56.919 Y88.189
G0 X56.919 Y88.335
G1 F3000 X58.294 Y86.96 E2992.27364
G0 F7200 X58.676 Y86.96
G1 F3000 X60.05 Y88.334 E2992.32211
G1 X60.12 Y88.404
G0 F7200 X60.12 Y88.189
G0 X62.576 Y88.189
G0 X62.576 Y88.335
G1 F3000 X62.837 Y88.074 E2992.33132
G0 F7200 X62.689 Y88.074
G0 X62.689 Y85.464
G0 X62.837 Y85.464
G1 F3000 X61.46 Y84.088 E2992.37988
G0 F7200 X61.46 Y83.794
G1 F3000 X62.837 Y82.417 E2992.42846
G1 X62.907 Y82.347
G0 F7200 X62.689 Y82.347
G0 X62.689 Y79.808
G0 X62.837 Y79.808
G1 F3000 X61.46 Y78.431 E2992.47703
G0 F7200 X61.46 Y78.137
G1 F3000 X62.837 Y76.76 E2992.52561
G1 X62.907 Y76.69
G0 F7200 X62.689 Y76.69
G0 X62.689 Y74.151
G0 X62.837 Y74.151
G1 F3000 X61.46 Y72.774 E2992.57419
G0 F7200 X61.46 Y72.48
G1 F3000 X62.837 Y71.103 E2992.62277
G1 X62.907 Y71.033
G0 F7200 X62.689 Y71.033
G0 X62.689 Y68.494
G0 X62.837 Y68.494
G1 F3000 X61.46 Y67.117 E2992.67134
G0 F7200 X61.46 Y66.823
G1 F3000 X62.837 Y65.446 E2992.71992
G1 X62.907 Y65.376
G0 F7200 X62.689 Y65.376
G0 X62.689 Y62.837
G0 X62.837 Y62.837
G1 F3000 X61.46 Y61.46 E2992.7685
G0 F7200 X61.46 Y61.166
G1 F3000 X62.837 Y59.789 E2992.81707
G1 X62.907 Y59.719
G0 F7200 X62.689 Y59.719
G0 X62.689 Y57.18
G0 X62.837 Y57.18
G1 F3000 X61.46 Y55.803 E2992.86565
G0 F7200 X61.46 Y55.509
G1 F3000 X62.837 Y54.133 E2992.91421
G1 X62.907 Y54.063
G0 F7200 X62.689 Y54.063
G0 X62.689 Y51.523
G0 X62.837 Y51.523
G1 F3000 X61.46 Y50.147 E2992.96277
G0 F7200 X61.46 Y49.852
G1 F3000 X62.837 Y48.476 E2993.01133
G1 X62.907 Y48.406
G0 F7200 X62.689 Y48.406
G0 X62.689 Y45.866
G0 X62.837 Y45.866
G1 F3000 X61.46 Y44.49 E2993.05989
G0 F7200 X61.46 Y44.196
G1 F3000 X62.837 Y42.819 E2993.10847
G1 X62.907 Y42.749
G0 F7200 X62.689 Y42.749
G0 X62.689 Y40.21
G0 X62.837 Y40.21
G1 F3000 X61.46 Y38.833 E2993.15705
G0 F7200 X61.46 Y38.539
G1 F3000 X62.837 Y37.162 E2993.20562
G1 X62.907 Y37.092
G0 F7200 X62.689 Y37.092
G0 X62.689 Y34.553
G0 X62.837 Y34.553
G1 F3000 X61.46 Y33.176 E2993.2542
G0 F7200 X61.46 Y32.882
G1 F3000 X62.837 Y31.505 E2993.30278
G1 X62.907 Y31.435
G0 F7200 X62.689 Y31.435
G0 X62.689 Y28.896
G0 X62.837 Y28.896
G1 F3000 X61.46 Y27.519 E2993.35136
G0 F7200 X61.46 Y27.225
G1 F3000 X62.837 Y25.848 E2993.39993
G1 X62.907 Y25.778
G0 F7200 X62.689 Y25.778
G0 X62.689 Y23.239
G0 X62.837 Y23.239
G1 F3000 X61.46 Y21.862 E2993.44851
G0 F7200 X61.46 Y21.568
G1 F3000 X62.837 Y20.191 E2993.49709
G1 X62.907 Y20.121
G0 F7200 X62.689 Y20.121
G0 X62.689 Y17.582
G0 X62.837 Y17.582
G1 F3000 X61.46 Y16.205 E2993.54566
G0 F7200 X61.46 Y15.911
G1 F3000 X62.837 Y14.535 E2993.59422
G1 X62.907 Y14.465
G0 F7200 X62.689 Y14.465
G0 X62.689 Y11.925
G0 X62.837 Y11.925
G1 F3000 X62.572 Y11.66 E2993.60357
G0 F7200 X62.572 Y11.811
G0 X60.055 Y11.811
G0 X60.055 Y11.659
G1 F3000 X58.86 Y12.854 E2993.64573
G1 X58.79 Y12.924
G0 F7200 X58.79 Y12.89
G0 X56.996 Y11.811
G0 X56.996 Y11.741
G1 F3000 X56.916 Y11.661 E2993.64855
G0 F7200 X57.117 Y11.862
G1 F600 X58.095 Y12.84 E2993.66925
G0 F7200 X57.53 Y12.84
G1 F600 X56.551 Y11.862 E2993.68996
G0 F7200 X55.985 Y11.862
G1 F600 X56.964 Y12.84 E2993.71068
G0 F7200 X56.398 Y12.84
G1 F600 X55.419 Y11.862 E2993.73139
G0 F7200 X54.854 Y11.862
G1 F600 X55.832 Y12.84 E2993.75209
G0 F7200 X55.267 Y12.84
G1 F600 X54.288 Y11.862 E2993.7728
G0 F7200 X53.723 Y11.862
G1 F600 X54.701 Y12.84 E2993.7935
G0 F7200 X54.135 Y12.84
G1 F600 X53.157 Y11.862 E2993.8142
G0 F7200 X52.592 Y11.862
G1 F600 X53.57 Y12.84 E2993.8349
G0 F7200 X53.004 Y12.84
G1 F600 X52.026 Y11.862 E2993.8556
G0 F7200 X51.46 Y11.862
G1 F600 X52.438 Y12.84 E2993.87631
G0 F7200 X51.873 Y12.84
G1 F600 X50.895 Y11.862 E2993.89701
G0 F7200 X50.329 Y11.862
G1 F600 X51.307 Y12.84 E2993.91771
G0 F7200 X50.741 Y12.84
G1 F600 X49.763 Y11.862 E2993.93841
G0 F7200 X49.198 Y11.863
G1 F600 X50.176 Y12.84 E2993.9591
G0 F7200 X49.61 Y12.84
G1 F600 X48.633 Y11.863 E2993.97978
G0 F7200 X48.067 Y11.863
G1 F600 X49.044 Y12.84 E2994.00046
G0 F7200 X48.479 Y12.84
G1 F600 X47.501 Y11.863 E2994.02115
G0 F7200 X46.936 Y11.863
G1 F600 X47.913 Y12.84 E2994.04183
G0 F7200 X47.347 Y12.84
G1 F600 X46.37 Y11.863 E2994.06251
G0 F7200 X45.804 Y11.863
G1 F600 X46.781 Y12.84 E2994.08319
G0 F7200 X46.216 Y12.84
G1 F600 X45.239 Y11.863 E2994.10387
G0 F7200 X44.674 Y11.864
G1 F600 X45.65 Y12.84 E2994.12453
G0 F7200 X45.084 Y12.84
G1 F600 X44.108 Y11.864 E2994.14518
G0 F7200 X43.542 Y11.864
G1 F600 X44.519 Y12.84 E2994.16585
G0 F7200 X43.953 Y12.84
G1 F600 X42.977 Y11.864 E2994.18651
G0 F7200 X42.411 Y11.864
G1 F600 X43.387 Y12.84 E2994.20717
G0 F7200 X42.822 Y12.84
G1 F600 X41.845 Y11.864 E2994.22784
G0 F7200 X41.279 Y11.864
G1 F600 X42.256 Y12.84 E2994.24851
G0 F7200 X41.69 Y12.84
G1 F600 X40.714 Y11.864 E2994.26917
G0 F7200 X40.148 Y11.864
G1 F600 X41.125 Y12.84 E2994.28984
G0 F7200 X57.682 Y11.862
G1 F600 X58.661 Y12.84 E2994.31055
G0 F7200 X59.051 Y12.665
G1 F600 X58.248 Y11.862 E2994.32755
G0 F7200 X58.814 Y11.862
G1 F600 X59.333 Y12.381 E2994.33853
G0 F7200 X61.538 Y12.962
G0 X61.61 Y86.624
G0 X61.125 Y86.624
;TYPE:WALL-INNER
G1 F2400 X60.939 Y86.751 E2994.34415
G1 X60.774 Y86.8 E2994.34844
G1 X39.3 Y86.8 E2994.88411
G1 X39.061 Y86.751 E2994.8902
G1 X38.875 Y86.624 E2994.89582
G1 X38.7 Y86.287 E2994.90529
G1 X38.7 Y13.8 E2996.71349
G1 X38.749 Y13.561 E2996.71957
G1 X38.875 Y13.375 E2996.72518
G1 X39.061 Y13.249 E2996.73078
G1 X39.226 Y13.2 E2996.73507
G1 X60.7 Y13.2 E2997.27075
G1 X61.124 Y13.375 E2997.28219
G1 X61.251 Y13.561 E2997.28781
G1 X61.3 Y13.8 E2997.29389
G1 X61.3 Y86.289 E2999.10214
G1 X61.125 Y86.624 E2999.11156
G0 F7200 X61.61 Y86.624
G0 X62.72 Y88.219
G0 X63 Y88.311
G1 F2400 X62.996 Y11.678 E3001.02318
G1 X62.94 Y11.553 E3001.0266
G1 X62.822 Y11.5 E3001.02983
G1 X37.123 Y11.5 E3001.67089
G1 X37 Y11.598 E3001.67481
G1 X37.001 Y88.318 E3003.5886
G1 X37.056 Y88.442 E3003.59199
G1 X37.174 Y88.496 E3003.59522
G1 X62.871 Y88.495 E3004.23624
G1 X62.973 Y88.417 E3004.23944
G1 X63 Y88.311 E3004.24217
G0 F7200 X63.278 Y88.686
;TYPE:WALL-OUTER
G1 F1200 X63.4 Y88.362 E3004.2508
G1 X63.396 Y11.629 E3006.16492
G1 X63.344 Y11.422 E3006.17024
G1 X63.196 Y11.23 E3006.17629
G1 X62.908 Y11.1 E3006.18417
G1 X37.129 Y11.1 E3006.82723
G1 X36.921 Y11.152 E3006.83258
G1 X36.718 Y11.31 E3006.839
G1 X36.6 Y11.632 E3006.84755
G1 X36.601 Y88.367 E3008.76171
G1 X36.653 Y88.574 E3008.76704
G1 X36.8 Y88.766 E3008.77307
G1 X37.088 Y88.896 E3008.78095
G1 X62.867 Y88.895 E3009.42401
G1 X63.074 Y88.844 E3009.42933
G1 X63.278 Y88.686 E3009.43577
G0 F7200 X63.348 Y88.499
G0 X62.689 Y88.218
G0 X61.61 Y86.235
G0 X60.898 Y86.235
G1 F1200 X60.842 Y86.342 E3009.43878
G1 X60.735 Y86.397 E3009.44178
G1 X39.244 Y86.4 E3009.97787
G1 X39.158 Y86.342 E3009.98046
G1 X39.103 Y86.235 E3009.98346
G1 X39.1 Y13.8 E3011.79036
G1 X39.158 Y13.658 E3011.79419
G1 X39.265 Y13.603 E3011.79719
G1 X60.7 Y13.6 E3012.33189
G1 X60.842 Y13.658 E3012.33571
G1 X60.9 Y13.8 E3012.33954
G1 X60.898 Y86.235 E3014.14644
G0 F7200 X60.842 Y86.342
G0 X60.772 Y86.378
G0 X61.61 Y86.378
G0 X45.898 Y87.646
;TYPE:SKIN
G1 F676.7 X54.098 Y87.646 E3014.41849
G0 F7200 X54.564 Y88.112
G1 F900 X45.432 Y88.112 E3014.64629
G1 X45.432 Y87.18 E3014.66954
G1 X54.564 Y87.18 E3014.89734
G1 X54.564 Y88.112 E3014.92058
G0 F7200 X54.564 Y87.889
;MESH:NONMESH
G0 F600 Z6.185
G0 F7200 X38.462 Y87.038
G0 X37.311 Y11.926
G0 X37.161 Y11.926
;TIME_ELAPSED:6634.631217
;LAYER:33
;TYPE:FILL
;MESH:luckfox_bottom.stl
G1 F3000 X37.426 Y11.661 E3014.92993
G0 F7200 X37.426 Y11.811
G0 X39.945 Y11.811
G0 X39.945 Y11.661
G1 F3000 X41.14 Y12.856 E3014.97209
G1 X41.21 Y12.926
G0 F7200 X41.21 Y12.89
G0 X38.462 Y12.962
G0 X38.39 Y15.913
G0 X38.54 Y15.913
G1 F3000 X37.161 Y14.533 E3015.02076
G1 X37.091 Y14.463
G0 F7200 X37.311 Y14.463
G0 X38.39 Y16.204
G0 X38.54 Y16.204
G1 F3000 X37.161 Y17.583 E3015.0694
G1 X37.091 Y17.653
G0 F7200 X37.311 Y17.653
G0 X37.311 Y20.19
G0 X37.161 Y20.19
G1 F3000 X38.54 Y21.57 E3015.11807
G0 F7200 X38.54 Y21.861
G1 F3000 X37.161 Y23.24 E3015.16672
G1 X37.091 Y23.31
G0 F7200 X37.311 Y23.31
G0 X37.311 Y25.847
G0 X37.161 Y25.847
G1 F3000 X38.54 Y27.226 E3015.21536
G0 F7200 X38.54 Y27.518
G1 F3000 X37.161 Y28.897 E3015.26401
G1 X37.091 Y28.967
G0 F7200 X37.311 Y28.967
G0 X37.311 Y31.504
G0 X37.161 Y31.504
G1 F3000 X38.54 Y32.883 E3015.31266
G0 F7200 X38.54 Y33.175
G1 F3000 X37.161 Y34.553 E3015.36129
G1 X37.091 Y34.623
G0 F7200 X37.311 Y34.623
G0 X37.311 Y37.161
G0 X37.161 Y37.161
G1 F3000 X38.54 Y38.54 E3015.40994
G0 F7200 X38.54 Y38.831
G1 F3000 X37.162 Y40.21 E3015.45857
G1 X37.092 Y40.28
G0 F7200 X37.311 Y40.28
G0 X37.311 Y42.818
G0 X37.161 Y42.818
G1 F3000 X38.54 Y44.197 E3015.50722
G0 F7200 X38.54 Y44.488
G1 F3000 X37.162 Y45.866 E3015.55583
G1 X37.092 Y45.936
G0 F7200 X37.311 Y45.936
G0 X37.311 Y48.475
G0 X37.161 Y48.475
G1 F3000 X38.54 Y49.854 E3015.60448
G0 F7200 X38.54 Y50.145
G1 F3000 X37.162 Y51.523 E3015.65309
G1 X37.092 Y51.593
G0 F7200 X37.311 Y51.593
G0 X37.311 Y54.132
G0 X37.161 Y54.132
G1 F3000 X38.54 Y55.511 E3015.70174
G0 F7200 X38.54 Y55.802
G1 F3000 X37.162 Y57.18 E3015.75035
G1 X37.092 Y57.25
G0 F7200 X37.311 Y57.25
G0 X37.311 Y59.789
G0 X37.161 Y59.789
G1 F3000 X38.54 Y61.168 E3015.799
G0 F7200 X38.54 Y61.459
G1 F3000 X37.163 Y62.836 E3015.84758
G1 X37.093 Y62.906
G0 F7200 X37.311 Y62.906
G0 X37.311 Y65.446
G0 X37.162 Y65.446
G1 F3000 X38.54 Y66.824 E3015.89619
G0 F7200 X38.54 Y67.116
G1 F3000 X37.163 Y68.493 E3015.94477
G1 X37.093 Y68.563
G0 F7200 X37.311 Y68.563
G0 X37.311 Y71.103
G0 X37.162 Y71.103
G1 F3000 X38.54 Y72.481 E3015.99338
G0 F7200 X38.54 Y72.773
G1 F3000 X37.163 Y74.15 E3016.04196
G1 X37.093 Y74.22
G0 F7200 X37.311 Y74.22
G0 X37.311 Y76.76
G0 X37.162 Y76.76
G1 F3000 X38.54 Y78.138 E3016.09057
G0 F7200 X38.54 Y78.429
G1 F3000 X37.163 Y79.807 E3016.13916
G1 X37.093 Y79.877
G0 F7200 X37.311 Y79.877
G0 X37.311 Y82.417
G0 X37.162 Y82.417
G1 F3000 X38.54 Y83.795 E3016.18778
G0 F7200 X38.54 Y84.086
G1 F3000 X37.163 Y85.464 E3016.23637
G1 X37.093 Y85.534
G0 F7200 X37.311 Y85.534
G0 X37.311 Y88.074
G0 X37.162 Y88.074
G1 F3000 X37.424 Y88.336 E3016.24561
G0 F7200 X37.424 Y88.189
G0 X39.947 Y88.189
G0 X39.947 Y88.336
G1 F3000 X41.323 Y86.96 E3016.29416
G0 F7200 X41.705 Y86.96
G1 F3000 X43.081 Y88.336 E3016.3427
G1 X43.151 Y88.406
G0 F7200 X43.151 Y88.189
G0 X56.918 Y88.189
G0 X56.918 Y88.336
G1 F3000 X58.294 Y86.96 E3016.39124
G0 F7200 X58.676 Y86.96
G1 F3000 X60.052 Y88.336 E3016.43978
G1 X60.122 Y88.406
G0 F7200 X60.122 Y88.189
G0 X62.575 Y88.189
G0 X62.575 Y88.336
G1 F3000 X62.84 Y88.071 E3016.44913
G0 F7200 X62.689 Y88.071
G0 X62.689 Y85.468
G0 X62.841 Y85.468
G1 F3000 X61.46 Y84.088 E3016.49783
G0 F7200 X61.46 Y83.794
G1 F3000 X62.84 Y82.414 E3016.54652
G1 X62.91 Y82.344
G0 F7200 X62.689 Y82.344
G0 X62.689 Y79.811
G0 X62.841 Y79.811
G1 F3000 X61.46 Y78.431 E3016.59522
G0 F7200 X61.46 Y78.137
G1 F3000 X62.839 Y76.758 E3016.64386
G1 X62.909 Y76.688
G0 F7200 X62.689 Y76.688
G0 X62.689 Y74.154
G0 X62.84 Y74.154
G1 F3000 X61.46 Y72.774 E3016.69255
G0 F7200 X61.46 Y72.48
G1 F3000 X62.839 Y71.101 E3016.7412
G1 X62.909 Y71.031
G0 F7200 X62.689 Y71.031
G0 X62.689 Y68.496
G0 X62.839 Y68.496
G1 F3000 X61.46 Y67.117 E3016.78984
G0 F7200 X61.46 Y66.823
G1 F3000 X62.838 Y65.445 E3016.83846
G1 X62.908 Y65.375
G0 F7200 X62.689 Y65.375
G0 X62.689 Y62.839
G0 X62.839 Y62.839
G1 F3000 X61.46 Y61.46 E3016.8871
G0 F7200 X61.46 Y61.166
G1 F3000 X62.838 Y59.788 E3016.93572
G1 X62.908 Y59.718
G0 F7200 X62.689 Y59.718
G0 X62.689 Y57.182
G0 X62.838 Y57.182
G1 F3000 X61.46 Y55.803 E3016.98435
G0 F7200 X61.46 Y55.509
G1 F3000 X62.838 Y54.132 E3017.03294
G1 X62.908 Y54.062
G0 F7200 X62.689 Y54.062
G0 X62.689 Y51.525
G0 X62.838 Y51.525
G1 F3000 X61.46 Y50.147 E3017.08156
G0 F7200 X61.46 Y49.852
G1 F3000 X62.837 Y48.476 E3017.13011
G1 X62.907 Y48.406
G0 F7200 X62.689 Y48.406
G0 X62.689 Y45.867
G0 X62.838 Y45.867
G1 F3000 X61.46 Y44.49 E3017.17871
G0 F7200 X61.46 Y44.196
G1 F3000 X62.837 Y42.819 E3017.22729
G1 X62.907 Y42.749
G0 F7200 X62.689 Y42.749
G0 X62.689 Y40.21
G0 X62.837 Y40.21
G1 F3000 X61.46 Y38.833 E3017.27586
G0 F7200 X61.46 Y38.539
G1 F3000 X62.836 Y37.163 E3017.32441
G1 X62.906 Y37.093
G0 F7200 X62.689 Y37.093
G0 X62.689 Y34.553
G0 X62.837 Y34.553
G1 F3000 X61.46 Y33.176 E3017.37298
G0 F7200 X61.46 Y32.882
G1 F3000 X62.836 Y31.506 E3017.42153
G1 X62.906 Y31.436
G0 F7200 X62.689 Y31.436
G0 X62.689 Y28.895
G0 X62.836 Y28.895
G1 F3000 X61.46 Y27.519 E3017.47007
G0 F7200 X61.46 Y27.225
G1 F3000 X62.836 Y25.85 E3017.51859
G1 X62.906 Y25.78
G0 F7200 X62.689 Y25.78
G0 X62.689 Y23.238
G0 X62.836 Y23.238
G1 F3000 X61.46 Y21.862 E3017.56714
G0 F7200 X61.46 Y21.568
G1 F3000 X62.835 Y20.194 E3017.61562
G1 X62.905 Y20.124
G0 F7200 X62.689 Y20.124
G0 X62.689 Y17.581
G0 X62.836 Y17.581
G1 F3000 X61.46 Y16.205 E3017.66417
G0 F7200 X61.46 Y15.911
G1 F3000 X62.835 Y14.537 E3017.71266
G1 X62.905 Y14.467
G0 F7200 X62.689 Y14.467
G0 X62.689 Y11.924
G0 X62.836 Y11.924
G1 F3000 X62.573 Y11.662 E3017.72192
G0 F7200 X62.573 Y11.811
G0 X60.054 Y11.811
G0 X60.054 Y11.661
G1 F3000 X58.86 Y12.854 E3017.76402
G1 X58.79 Y12.924
G0 F7200 X58.79 Y12.89
G0 X61.538 Y12.962
G0 X61.61 Y86.624
G0 X61.125 Y86.624
;TYPE:WALL-INNER
G1 F2400 X60.939 Y86.751 E3017.76964
G1 X60.774 Y86.8 E3017.77393
G1 X39.3 Y86.8 E3018.3096
G1 X39.061 Y86.751 E3018.31569
G1 X38.875 Y86.624 E3018.32131
G1 X38.7 Y86.287 E3018.33078
G1 X38.7 Y13.8 E3020.13897
G1 X38.749 Y13.561 E3020.14506
G1 X38.875 Y13.375 E3020.15066
G1 X39.061 Y13.249 E3020.15627
G1 X39.226 Y13.2 E3020.16056
G1 X60.7 Y13.2 E3020.69623
G1 X61.124 Y13.375 E3020.70768
G1 X61.251 Y13.561 E3020.71329
G1 X61.3 Y13.8 E3020.71938
G1 X61.3 Y86.289 E3022.52763
G1 X61.125 Y86.624 E3022.53705
G0 F7200 X61.61 Y86.624
G0 X62.72 Y88.219
G0 X63 Y88.348
G1 F2400 X62.996 Y11.677 E3024.44962
G1 X62.925 Y11.527 E3024.45376
G1 X62.821 Y11.5 E3024.45644
G1 X37.143 Y11.5 E3025.09698
G1 X37.036 Y11.563 E3025.10008
G1 X37 Y11.643 E3025.10227
G1 X37 Y88.314 E3027.01483
G1 X37.089 Y88.496 E3027.01989
G1 X62.853 Y88.496 E3027.66257
G1 X62.96 Y88.433 E3027.66567
G1 X63 Y88.348 E3027.66801
G0 F7200 X63.25 Y88.717
;TYPE:WALL-OUTER
G1 F1200 X63.4 Y88.414 E3027.67645
G1 X63.396 Y11.629 E3029.59186
G1 X63.343 Y11.417 E3029.59731
G1 X63.195 Y11.223 E3029.60339
G1 X62.873 Y11.1 E3029.61199
G1 X37.08 Y11.1 E3030.2554
G1 X36.927 Y11.149 E3030.25941
G1 X36.746 Y11.279 E3030.26497
G1 X36.6 Y11.58 E3030.27331
G1 X36.6 Y88.366 E3032.18875
G1 X36.656 Y88.578 E3032.19422
G1 X36.806 Y88.774 E3032.20037
G1 X37.123 Y88.896 E3032.20885
G1 X62.916 Y88.896 E3032.85226
G1 X63.069 Y88.847 E3032.85626
G1 X63.25 Y88.717 E3032.86182
G0 F7200 X63.338 Y88.538
G0 X62.72 Y88.219
G0 X61.61 Y86.235
G0 X60.898 Y86.235
G1 F1200 X60.842 Y86.342 E3032.86483
G1 X60.735 Y86.397 E3032.86784
G1 X39.244 Y86.4 E3033.40393
G1 X39.158 Y86.342 E3033.40652
G1 X39.103 Y86.235 E3033.40952
G1 X39.1 Y13.8 E3035.21642
G1 X39.158 Y13.658 E3035.22024
G1 X39.265 Y13.603 E3035.22324
G1 X60.7 Y13.6 E3035.75794
G1 X60.842 Y13.658 E3035.76177
G1 X60.9 Y13.8 E3035.7656
G1 X60.898 Y86.235 E3037.57249
G0 F7200 X60.842 Y86.342
G0 X60.772 Y86.378
G0 X61.61 Y86.378
G0 X45.616 Y87.648
;TYPE:SKIN
G1 F671.6 X54.384 Y87.648 E3037.86558
G0 F7200 X54.852 Y88.116
G1 F900 X45.148 Y88.116 E3038.10764
G1 X45.148 Y87.18 E3038.13099
G1 X54.852 Y87.18 E3038.37306
G1 X54.852 Y88.116 E3038.39641
G0 F7200 X38.462 Y87.038
G0 X38.462 Y12.962
G0 X41.75 Y12.35
G1 F666.7 X58.25 Y12.35 E3038.95206
G0 F7200 X58.72 Y12.82
G1 F900 X41.28 Y12.82 E3039.3871
G1 X41.28 Y11.88 E3039.41055
G1 X58.72 Y11.88 E3039.84559
G1 X58.72 Y12.82 E3039.86904
G0 F7200 X58.72 Y12.59
;MESH:NONMESH
G0 F600 Z6.335
G0 F7200 X37.311 Y11.927
G0 X37.161 Y11.927
;TIME_ELAPSED:6678.040157
;LAYER:34
;TYPE:FILL
;MESH:luckfox_bottom.stl
G1 F3000 X37.428 Y11.659 E3039.87848
G0 F7200 X37.428 Y11.811
G0 X39.944 Y11.811
G0 X39.944 Y11.66
G1 F3000 X41.14 Y12.856 E3039.92067
G1 X41.21 Y12.926
G0 F7200 X41.21 Y12.89
G0 X38.462 Y12.962
G0 X38.39 Y15.913
G0 X38.54 Y15.913
G1 F3000 X37.16 Y14.532 E3039.96937
G1 X37.09 Y14.462
G0 F7200 X37.311 Y14.462
G0 X38.39 Y16.204
G0 X38.54 Y16.204
G1 F3000 X37.161 Y17.584 E3040.01804
G1 X37.091 Y17.654
G0 F7200 X37.311 Y17.654
G0 X37.311 Y20.189
G0 X37.16 Y20.189
G1 F3000 X38.54 Y21.57 E3040.06674
G0 F7200 X38.54 Y21.861
G1 F3000 X37.161 Y23.24 E3040.11539
G1 X37.091 Y23.31
G0 F7200 X37.311 Y23.31
G0 X37.311 Y25.846
G0 X37.16 Y25.846
G1 F3000 X38.54 Y27.226 E3040.16407
G0 F7200 X38.54 Y27.518
G1 F3000 X37.161 Y28.897 E3040.21272
G1 X37.091 Y28.967
G0 F7200 X37.311 Y28.967
G0 X37.311 Y31.503
G0 X37.16 Y31.503
G1 F3000 X38.54 Y32.883 E3040.2614
G0 F7200 X38.54 Y33.175
G1 F3000 X37.161 Y34.554 E3040.31005
G1 X37.091 Y34.624
G0 F7200 X37.311 Y34.624
G0 X37.311 Y37.16
G0 X37.16 Y37.16
G1 F3000 X38.54 Y38.54 E3040.35873
G0 F7200 X38.54 Y38.831
G1 F3000 X37.161 Y40.21 E3040.40738
G1 X37.091 Y40.28
G0 F7200 X37.311 Y40.28
G0 X37.311 Y42.817
G0 X37.161 Y42.817
G1 F3000 X38.54 Y44.197 E3040.45605
G0 F7200 X38.54 Y44.488
G1 F3000 X37.161 Y45.867 E3040.50469
G1 X37.091 Y45.937
G0 F7200 X37.311 Y45.937
G0 X37.311 Y48.474
G0 X37.161 Y48.474
G1 F3000 X38.54 Y49.854 E3040.55336
G0 F7200 X38.54 Y50.145
G1 F3000 X37.161 Y51.524 E3040.60201
G1 X37.091 Y51.594
G0 F7200 X37.311 Y51.594
G0 X37.311 Y54.131
G0 X37.161 Y54.131
G1 F3000 X38.54 Y55.511 E3040.65067
G0 F7200 X38.54 Y55.802
G1 F3000 X37.161 Y57.181 E3040.69932
G1 X37.091 Y57.251
G0 F7200 X37.311 Y57.251
G0 X37.311 Y59.788
G0 X37.161 Y59.788
G1 F3000 X38.54 Y61.168 E3040.74799
G0 F7200 X38.54 Y61.459
G1 F3000 X37.162 Y62.837 E3040.7966
G1 X37.092 Y62.907
G0 F7200 X37.311 Y62.907
G0 X37.311 Y65.446
G0 X37.161 Y65.446
G1 F3000 X38.54 Y66.824 E3040.84523
G0 F7200 X38.54 Y67.116
G1 F3000 X37.162 Y68.494 E3040.89384
G1 X37.092 Y68.564
G0 F7200 X37.311 Y68.564
G0 X37.311 Y71.102
G0 X37.161 Y71.102
G1 F3000 X38.54 Y72.481 E3040.94249
G0 F7200 X38.54 Y72.773
G1 F3000 X37.162 Y74.151 E3040.9911
G1 X37.092 Y74.221
G0 F7200 X37.311 Y74.221
G0 X37.311 Y76.759
G0 X37.161 Y76.759
G1 F3000 X38.54 Y78.138 E3041.03975
G0 F7200 X38.54 Y78.429
G1 F3000 X37.162 Y79.808 E3041.08838
G1 X37.092 Y79.878
G0 F7200 X37.311 Y79.878
G0 X37.311 Y82.416
G0 X37.161 Y82.416
G1 F3000 X38.54 Y83.795 E3041.13703
G0 F7200 X38.54 Y84.086
G1 F3000 X37.162 Y85.464 E3041.18564
G1 X37.092 Y85.534
G0 F7200 X37.311 Y85.534
G0 X37.311 Y88.073
G0 X37.161 Y88.073
G1 F3000 X37.424 Y88.335 E3041.1949
G0 F7200 X37.425 Y88.189
G0 X39.948 Y88.189
G0 X39.947 Y88.336
G1 F3000 X41.323 Y86.96 E3041.24344
G0 F7200 X41.705 Y86.96
G1 F3000 X43.08 Y88.335 E3041.29195
G1 X43.15 Y88.405
G0 F7200 X43.151 Y88.189
G0 X56.919 Y88.189
G0 X56.918 Y88.336
G1 F3000 X58.294 Y86.96 E3041.34049
G0 F7200 X58.676 Y86.96
G1 F3000 X60.052 Y88.336 E3041.38904
G1 X60.122 Y88.406
G0 F7200 X60.123 Y88.189
G0 X62.576 Y88.189
G0 X62.575 Y88.336
G1 F3000 X62.84 Y88.071 E3041.39838
G0 F7200 X62.689 Y88.071
G0 X62.689 Y85.468
G0 X62.841 Y85.468
G1 F3000 X61.46 Y84.088 E3041.44709
G0 F7200 X61.46 Y83.794
G1 F3000 X62.84 Y82.414 E3041.49577
G1 X62.91 Y82.344
G0 F7200 X62.689 Y82.344
G0 X62.689 Y79.811
G0 X62.841 Y79.811
G1 F3000 X61.46 Y78.431 E3041.54447
G0 F7200 X61.46 Y78.137
G1 F3000 X62.84 Y76.757 E3041.59315
G1 X62.91 Y76.687
G0 F7200 X62.689 Y76.687
G0 X62.689 Y74.154
G0 X62.84 Y74.154
G1 F3000 X61.46 Y72.774 E3041.64184
G0 F7200 X61.46 Y72.48
G1 F3000 X62.839 Y71.101 E3041.69048
G1 X62.909 Y71.031
G0 F7200 X62.689 Y71.031
G0 X62.689 Y68.497
G0 X62.84 Y68.497
G1 F3000 X61.46 Y67.117 E3041.73917
G0 F7200 X61.46 Y66.823
G1 F3000 X62.839 Y65.444 E3041.78781
G1 X62.909 Y65.374
G0 F7200 X62.689 Y65.374
G0 X62.689 Y62.84
G0 X62.84 Y62.84
G1 F3000 X61.46 Y61.46 E3041.8365
G0 F7200 X61.46 Y61.166
G1 F3000 X62.838 Y59.788 E3041.88511
G1 X62.908 Y59.718
G0 F7200 X62.689 Y59.718
G0 X62.689 Y57.182
G0 X62.839 Y57.182
G1 F3000 X61.46 Y55.803 E3041.93376
G0 F7200 X61.46 Y55.509
G1 F3000 X62.838 Y54.131 E3041.98237
G1 X62.908 Y54.061
G0 F7200 X62.689 Y54.061
G0 X62.689 Y51.525
G0 X62.839 Y51.525
G1 F3000 X61.46 Y50.147 E3042.031
G0 F7200 X61.46 Y49.852
G1 F3000 X62.838 Y48.475 E3042.0796
G1 X62.908 Y48.405
G0 F7200 X62.689 Y48.405
G0 X62.689 Y45.868
G0 X62.838 Y45.868
G1 F3000 X61.46 Y44.49 E3042.12821
G0 F7200 X61.46 Y44.196
G1 F3000 X62.838 Y42.818 E3042.17682
G1 X62.908 Y42.748
G0 F7200 X62.689 Y42.748
G0 X62.689 Y40.211
G0 X62.838 Y40.211
G1 F3000 X61.46 Y38.833 E3042.22543
G0 F7200 X61.46 Y38.539
G1 F3000 X62.837 Y37.162 E3042.27401
G1 X62.907 Y37.092
G0 F7200 X62.689 Y37.092
G0 X62.689 Y34.553
G0 X62.838 Y34.553
G1 F3000 X61.46 Y33.176 E3042.32261
G0 F7200 X61.46 Y32.882
G1 F3000 X62.837 Y31.505 E3042.37118
G1 X62.907 Y31.435
G0 F7200 X62.689 Y31.435
G0 X62.689 Y28.897
G0 X62.838 Y28.897
G1 F3000 X61.46 Y27.519 E3042.4198
G0 F7200 X61.46 Y27.225
G1 F3000 X62.837 Y25.848 E3042.46837
G1 X62.907 Y25.778
G0 F7200 X62.689 Y25.778
G0 X62.689 Y23.239
G0 X62.837 Y23.239
G1 F3000 X61.46 Y21.862 E3042.51695
G0 F7200 X61.46 Y21.568
G1 F3000 X62.836 Y20.192 E3042.56549
G1 X62.906 Y20.122
G0 F7200 X62.689 Y20.122
G0 X62.689 Y17.582
G0 X62.837 Y17.582
G1 F3000 X61.46 Y16.205 E3042.61407
G0 F7200 X61.46 Y15.911
G1 F3000 X62.836 Y14.535 E3042.66261
G1 X62.906 Y14.465
G0 F7200 X62.689 Y14.465
G0 X62.689 Y11.925
G0 X62.837 Y11.925
G1 F3000 X62.572 Y11.66 E3042.67196
G0 F7200 X62.572 Y11.811
G0 X60.055 Y11.811
G0 X60.055 Y11.66
G1 F3000 X58.86 Y12.854 E3042.7141
G1 X58.79 Y12.924
G0 F7200 X58.79 Y12.89
G0 X61.538 Y12.962
G0 X61.61 Y86.624
G0 X61.125 Y86.624
;TYPE:WALL-INNER
G1 F2400 X60.939 Y86.751 E3042.71972
G1 X60.774 Y86.8 E3042.72401
G1 X39.3 Y86.8 E3043.25968
G1 X39.061 Y86.751 E3043.26577
G1 X38.875 Y86.624 E3043.27139
G1 X38.7 Y86.287 E3043.28086
G1 X38.7 Y13.8 E3045.08906
G1 X38.749 Y13.561 E3045.09514
G1 X38.875 Y13.375 E3045.10075
G1 X39.061 Y13.249 E3045.10635
G1 X39.226 Y13.2 E3045.11064
G1 X60.7 Y13.2 E3045.64632
G1 X61.124 Y13.375 E3045.65776
G1 X61.251 Y13.561 E3045.66338
G1 X61.3 Y13.8 E3045.66946
G1 X61.3 Y86.289 E3047.47771
G1 X61.125 Y86.624 E3047.48714
G0 F7200 X61.61 Y86.624
G0 X62.722 Y88.209
G0 X62.92 Y88.469
G1 F2400 X63 Y88.287 E3047.49209
G1 X62.996 Y11.676 E3049.40316
G1 X62.945 Y11.54 E3049.40679
G1 X62.844 Y11.5 E3049.4095
G1 X37.087 Y11.5 E3050.05201
G1 X37 Y11.709 E3050.05765
G1 X37 Y88.316 E3051.96862
G1 X37.028 Y88.423 E3051.97138
G1 X37.167 Y88.496 E3051.9753
G1 X62.816 Y88.496 E3052.61512
G1 X62.92 Y88.469 E3052.6178
G0 F7200 X63.303 Y88.644
;TYPE:WALL-OUTER
G1 F1200 X63.4 Y88.351 E3052.6255
G1 X63.396 Y11.628 E3054.53936
G1 X63.342 Y11.409 E3054.54499
G1 X63.155 Y11.194 E3054.55209
G1 X62.921 Y11.1 E3054.55838
G1 X37.129 Y11.1 E3055.20177
G1 X36.834 Y11.199 E3055.20953
G1 X36.694 Y11.351 E3055.21468
G1 X36.6 Y11.647 E3055.22243
G1 X36.6 Y88.366 E3057.1362
G1 X36.658 Y88.589 E3057.14194
G1 X36.747 Y88.723 E3057.14596
G1 X36.911 Y88.843 E3057.15103
G1 X37.117 Y88.896 E3057.15633
G1 X62.866 Y88.896 E3057.79864
G1 X63.162 Y88.797 E3057.80643
G1 X63.303 Y88.644 E3057.81162
G0 F7200 X63.365 Y88.455
G0 X62.69 Y88.245
G0 X61.61 Y86.235
G0 X60.898 Y86.235
G1 F1200 X60.842 Y86.342 E3057.81463
G1 X60.735 Y86.397 E3057.81763
G1 X39.244 Y86.4 E3058.35373
G1 X39.158 Y86.342 E3058.35631
G1 X39.103 Y86.235 E3058.35932
G1 X39.1 Y13.8 E3060.16621
G1 X39.158 Y13.658 E3060.17004
G1 X39.265 Y13.603 E3060.17304
G1 X60.7 Y13.6 E3060.70774
G1 X60.842 Y13.658 E3060.71157
G1 X60.9 Y13.8 E3060.71539
G1 X60.898 Y86.235 E3062.52229
G0 F7200 X60.842 Y86.342
G0 X60.772 Y86.378
G0 X61.61 Y86.378
G0 X45.476 Y87.648
;TYPE:SKIN
G1 F671.6 X54.516 Y87.648 E3062.82447
G0 F7200 X54.987 Y88.116
G1 F900 X45.012 Y88.116 E3063.07329
G1 X45.009 Y87.18 E3063.09664
G1 X54.984 Y87.18 E3063.34547
G1 X54.987 Y88.116 E3063.36882
G0 F7200 X38.462 Y87.038
G0 X38.462 Y12.962
G0 X41.75 Y12.35
G1 F666.7 X58.25 Y12.35 E3063.92447
G0 F7200 X58.72 Y12.82
G1 F900 X41.28 Y12.82 E3064.35951
G1 X41.28 Y11.88 E3064.38296
G1 X58.72 Y11.88 E3064.818
G1 X58.72 Y12.82 E3064.84145
G0 F7200 X58.72 Y12.59
;MESH:NONMESH
G0 F600 Z6.485
G0 F7200 X37.362 Y11.906
;TIME_ELAPSED:6721.511655
;LAYER:35
;TYPE:FILL
;MESH:luckfox_bottom.stl
G1 F600 X38.601 Y13.145 E3064.86768
G0 F7200 X38.934 Y12.912
G1 F600 X37.885 Y11.863 E3064.88988
G0 F7200 X38.45 Y11.863
G1 F600 X39.427 Y12.84 E3064.91056
G0 F7200 X39.993 Y12.84
G1 F600 X39.016 Y11.863 E3064.93124
G0 F7200 X39.582 Y11.863
G1 F600 X40.558 Y12.84 E3064.95191
G0 F7200 X40.94 Y12.656
G1 F600 X40.147 Y11.863 E3064.9687
G0 F7200 X40.713 Y11.863
G1 F600 X40.94 Y12.09 E3064.9735
G0 F7200 X38.462 Y12.962
G0 X38.397 Y13.507
G1 F600 X37.362 Y12.472 E3064.99541
G0 F7200 X37.362 Y13.038
G1 F600 X38.34 Y14.016 E3065.01611
G0 F7200 X38.34 Y14.581
G1 F600 X37.362 Y13.603 E3065.03681
G0 F7200 X37.362 Y14.169
G1 F600 X38.34 Y15.147 E3065.05751
G0 F7200 X38.34 Y15.713
G1 F600 X37.362 Y14.735 E3065.07821
G0 F7200 X37.362 Y15.3
G1 F600 X38.34 Y16.278 E3065.09891
G0 F7200 X38.34 Y16.844
G1 F600 X37.362 Y15.866 E3065.11961
G0 F7200 X37.362 Y16.432
G1 F600 X38.34 Y17.41 E3065.14031
G0 F7200 X38.34 Y17.975
G1 F600 X37.362 Y16.997 E3065.16102
G0 F7200 X37.362 Y17.563
G1 F600 X38.34 Y18.541 E3065.18172
G0 F7200 X38.34 Y19.107
G1 F600 X37.362 Y18.129 E3065.20242
G0 F7200 X37.362 Y18.694
G1 F600 X38.34 Y19.672 E3065.22312
G0 F7200 X38.34 Y20.238
G1 F600 X37.362 Y19.26 E3065.24382
G0 F7200 X37.362 Y19.826
G1 F600 X38.34 Y20.804 E3065.26452
G0 F7200 X38.34 Y21.369
G1 F600 X37.362 Y20.392 E3065.28521
G0 F7200 X37.362 Y20.957
G1 F600 X38.34 Y21.935 E3065.30591
G0 F7200 X38.34 Y22.501
G1 F600 X37.362 Y21.523 E3065.32661
G0 F7200 X37.362 Y22.089
G1 F600 X38.34 Y23.067 E3065.34731
G0 F7200 X38.34 Y23.632
G1 F600 X37.362 Y22.654 E3065.36801
G0 F7200 X37.362 Y23.22
G1 F600 X38.34 Y24.198 E3065.38872
G0 F7200 X38.34 Y24.764
G1 F600 X37.362 Y23.786 E3065.40942
G0 F7200 X37.362 Y24.351
G1 F600 X38.34 Y25.329 E3065.43012
G0 F7200 X38.34 Y25.895
G1 F600 X37.362 Y24.917 E3065.45082
G0 F7200 X37.362 Y25.483
G1 F600 X38.34 Y26.461 E3065.47152
G0 F7200 X38.34 Y27.026
G1 F600 X37.362 Y26.048 E3065.49222
G0 F7200 X37.362 Y26.614
G1 F600 X38.34 Y27.592 E3065.51292
G0 F7200 X38.34 Y28.158
G1 F600 X37.362 Y27.18 E3065.53362
G0 F7200 X37.362 Y27.745
G1 F600 X38.34 Y28.723 E3065.55432
G0 F7200 X38.34 Y29.289
G1 F600 X37.362 Y28.311 E3065.57502
G0 F7200 X37.362 Y28.877
G1 F600 X38.34 Y29.855 E3065.59572
G0 F7200 X38.34 Y30.42
G1 F600 X37.362 Y29.443 E3065.61642
G0 F7200 X37.362 Y30.008
G1 F600 X38.34 Y30.986 E3065.63712
G0 F7200 X38.34 Y31.552
G1 F600 X37.362 Y30.574 E3065.65782
G0 F7200 X37.362 Y31.14
G1 F600 X38.34 Y32.117 E3065.67851
G0 F7200 X38.34 Y32.683
G1 F600 X37.362 Y31.705 E3065.69921
G0 F7200 X37.362 Y32.271
G1 F600 X38.34 Y33.249 E3065.71991
G0 F7200 X38.34 Y33.815
G1 F600 X37.362 Y32.837 E3065.74061
G0 F7200 X37.362 Y33.402
G1 F600 X38.34 Y34.38 E3065.76131
G0 F7200 X38.34 Y34.946
G1 F600 X37.362 Y33.968 E3065.78201
G0 F7200 X37.362 Y34.534
G1 F600 X38.34 Y35.512 E3065.80271
G0 F7200 X38.34 Y36.077
G1 F600 X37.362 Y35.099 E3065.82341
G0 F7200 X37.362 Y35.665
G1 F600 X38.34 Y36.643 E3065.84412
G0 F7200 X38.34 Y37.209
G1 F600 X37.362 Y36.231 E3065.86482
G0 F7200 X37.362 Y36.796
G1 F600 X38.34 Y37.774 E3065.88552
G0 F7200 X38.34 Y38.34
G1 F600 X37.361 Y37.361 E3065.90624
G0 F7200 X37.361 Y37.927
G1 F600 X38.34 Y38.906 E3065.92696
G0 F7200 X38.34 Y39.471
G1 F600 X37.361 Y38.493 E3065.94767
G0 F7200 X37.361 Y39.058
G1 F600 X38.34 Y40.037 E3065.96839
G0 F7200 X38.34 Y40.603
G1 F600 X37.361 Y39.624 E3065.98912
G0 F7200 X37.361 Y40.19
G1 F600 X38.34 Y41.168 E3066.00983
G0 F7200 X38.34 Y41.734
G1 F600 X37.361 Y40.756 E3066.03054
G0 F7200 X37.361 Y41.321
G1 F600 X38.34 Y42.3 E3066.05126
G0 F7200 X38.34 Y42.866
G1 F600 X37.361 Y41.887 E3066.07198
G0 F7200 X37.361 Y42.453
G1 F600 X38.34 Y43.431 E3066.0927
G0 F7200 X38.34 Y43.997
G1 F600 X37.361 Y43.018 E3066.11342
G0 F7200 X37.361 Y43.584
G1 F600 X38.34 Y44.563 E3066.13414
G0 F7200 X38.34 Y45.128
G1 F600 X37.361 Y44.15 E3066.15485
G0 F7200 X37.361 Y44.715
G1 F600 X38.34 Y45.694 E3066.17557
G0 F7200 X38.34 Y46.26
G1 F600 X37.361 Y45.281 E3066.1963
G0 F7200 X37.361 Y45.847
G1 F600 X38.34 Y46.825 E3066.21701
G0 F7200 X38.34 Y47.391
G1 F600 X37.361 Y46.412 E3066.23773
G0 F7200 X37.361 Y46.978
G1 F600 X38.34 Y47.957 E3066.25845
G0 F7200 X38.34 Y48.522
G1 F600 X37.361 Y47.544 E3066.27916
G0 F7200 X37.361 Y48.109
G1 F600 X38.34 Y49.088 E3066.29989
G0 F7200 X38.34 Y49.654
G1 F600 X37.361 Y48.675 E3066.32061
G0 F7200 X37.361 Y49.241
G1 F600 X38.34 Y50.219 E3066.34132
G0 F7200 X38.34 Y50.785
G1 F600 X37.361 Y49.806 E3066.36204
G0 F7200 X37.361 Y50.372
G1 F600 X38.34 Y51.351 E3066.38276
G0 F7200 X38.34 Y51.916
G1 F600 X37.361 Y50.938 E3066.40347
G0 F7200 X37.361 Y51.504
G1 F600 X38.34 Y52.482 E3066.42419
G0 F7200 X38.34 Y53.048
G1 F600 X37.361 Y52.069 E3066.44491
G0 F7200 X37.361 Y52.635
G1 F600 X38.34 Y53.614 E3066.46563
G0 F7200 X38.34 Y54.179
G1 F600 X37.361 Y53.201 E3066.48634
G0 F7200 X37.361 Y53.766
G1 F600 X38.34 Y54.745 E3066.50706
G0 F7200 X38.34 Y55.311
G1 F600 X37.361 Y54.332 E3066.52779
G0 F7200 X37.361 Y54.898
G1 F600 X38.34 Y55.876 E3066.5485
G0 F7200 X38.34 Y56.442
G1 F600 X37.361 Y55.463 E3066.56922
G0 F7200 X37.361 Y56.029
G1 F600 X38.34 Y57.008 E3066.58994
G0 F7200 X38.34 Y57.573
G1 F600 X37.361 Y56.595 E3066.61065
G0 F7200 X37.361 Y57.16
G1 F600 X38.34 Y58.139 E3066.63138
G0 F7200 X38.34 Y58.705
G1 F600 X37.361 Y57.726 E3066.6521
G0 F7200 X37.361 Y58.292
G1 F600 X38.34 Y59.27 E3066.67281
G0 F7200 X38.34 Y59.836
G1 F600 X37.361 Y58.857 E3066.69353
G0 F7200 X37.361 Y59.423
G1 F600 X38.34 Y60.402 E3066.71425
G0 F7200 X38.34 Y60.967
G1 F600 X37.361 Y59.989 E3066.73497
G0 F7200 X37.361 Y60.555
G1 F600 X38.34 Y61.533 E3066.75568
G0 F7200 X38.34 Y62.099
G1 F600 X37.361 Y61.12 E3066.7764
G0 F7200 X37.361 Y61.686
G1 F600 X38.34 Y62.665 E3066.79712
G0 F7200 X38.34 Y63.23
G1 F600 X37.361 Y62.252 E3066.81783
G0 F7200 X37.361 Y62.817
G1 F600 X38.34 Y63.796 E3066.83855
G0 F7200 X38.34 Y64.362
G1 F600 X37.361 Y63.382 E3066.85929
G0 F7200 X37.361 Y63.948
G1 F600 X38.34 Y64.927 E3066.88001
G0 F7200 X38.34 Y65.493
G1 F600 X37.361 Y64.514 E3066.90073
G0 F7200 X37.361 Y65.079
G1 F600 X38.34 Y66.059 E3066.92146
G0 F7200 X38.34 Y66.624
G1 F600 X37.361 Y65.645 E3066.94219
G0 F7200 X37.361 Y66.211
G1 F600 X38.34 Y67.19 E3066.96291
G0 F7200 X38.34 Y67.756
G1 F600 X37.361 Y66.776 E3066.98364
G0 F7200 X37.361 Y67.342
G1 F600 X38.34 Y68.321 E3067.00436
G0 F7200 X38.34 Y68.887
G1 F600 X37.361 Y67.908 E3067.02509
G0 F7200 X37.361 Y68.473
G1 F600 X38.34 Y69.453 E3067.04582
G0 F7200 X38.34 Y70.018
G1 F600 X37.361 Y69.039 E3067.06654
G0 F7200 X37.361 Y69.605
G1 F600 X38.34 Y70.584 E3067.08726
G0 F7200 X38.34 Y71.15
G1 F600 X37.361 Y70.17 E3067.108
G0 F7200 X37.361 Y70.736
G1 F600 X38.34 Y71.715 E3067.12872
G0 F7200 X38.34 Y72.281
G1 F600 X37.361 Y71.302 E3067.14944
G0 F7200 X37.361 Y71.868
G1 F600 X38.34 Y72.847 E3067.17016
G0 F7200 X38.34 Y73.413
G1 F600 X37.361 Y72.433 E3067.19089
G0 F7200 X37.361 Y72.999
G1 F600 X38.34 Y73.978 E3067.21162
G0 F7200 X38.34 Y74.544
G1 F600 X37.361 Y73.565 E3067.23234
G0 F7200 X37.361 Y74.13
G1 F600 X38.34 Y75.11 E3067.25307
G0 F7200 X38.34 Y75.675
G1 F600 X37.361 Y74.696 E3067.27379
G0 F7200 X37.361 Y75.262
G1 F600 X38.34 Y76.241 E3067.29452
G0 F7200 X38.34 Y76.807
G1 F600 X37.361 Y75.827 E3067.31525
G0 F7200 X37.361 Y76.393
G1 F600 X38.34 Y77.372 E3067.33597
G0 F7200 X38.34 Y77.938
G1 F600 X37.361 Y76.959 E3067.35669
G0 F7200 X37.361 Y77.524
G1 F600 X38.34 Y78.504 E3067.37743
G0 F7200 X38.34 Y79.069
G1 F600 X37.361 Y78.09 E3067.39815
G0 F7200 X37.361 Y78.656
G1 F600 X38.34 Y79.635 E3067.41887
G0 F7200 X38.34 Y80.201
G1 F600 X37.361 Y79.221 E3067.4396
G0 F7200 X37.361 Y79.787
G1 F600 X38.34 Y80.766 E3067.46032
G0 F7200 X38.34 Y81.332
G1 F600 X37.361 Y80.353 E3067.48105
G0 F7200 X37.361 Y80.918
G1 F600 X38.34 Y81.898 E3067.50178
G0 F7200 X38.34 Y82.463
G1 F600 X37.361 Y81.484 E3067.5225
G0 F7200 X37.361 Y82.05
G1 F600 X38.34 Y83.029 E3067.54322
G0 F7200 X38.34 Y83.595
G1 F600 X37.361 Y82.616 E3067.56395
G0 F7200 X37.361 Y83.181
G1 F600 X38.34 Y84.161 E3067.58468
G0 F7200 X38.34 Y84.726
G1 F600 X37.361 Y83.747 E3067.6054
G0 F7200 X37.361 Y84.313
G1 F600 X38.34 Y85.292 E3067.62612
G0 F7200 X38.34 Y85.858
G1 F600 X37.361 Y84.878 E3067.64686
G0 F7200 X37.361 Y85.444
G1 F600 X38.414 Y86.498 E3067.66915
G0 F7200 X39.022 Y87.106
G1 F600 X40.051 Y88.134 E3067.69092
G0 F7200 X39.486 Y88.134
G1 F600 X37.361 Y86.01 E3067.73589
G0 F7200 X37.361 Y86.575
G1 F600 X38.92 Y88.134 E3067.76889
G0 F7200 X38.354 Y88.134
G1 F600 X37.361 Y87.141 E3067.78991
G0 F7200 X37.361 Y87.707
G1 F600 X37.788 Y88.134 E3067.79895
G0 F7200 X39.642 Y87.159
G1 F600 X40.617 Y88.134 E3067.81959
G0 F7200 X41.182 Y88.134
G1 F600 X40.208 Y87.159 E3067.84021
G0 F7200 X40.773 Y87.159
G1 F600 X41.748 Y88.134 E3067.86085
G0 F7200 X42.313 Y88.134
G1 F600 X41.339 Y87.159 E3067.88148
G0 F7200 X41.905 Y87.159
G1 F600 X42.879 Y88.134 E3067.9021
G0 F7200 X43.445 Y88.134
G1 F600 X42.47 Y87.159 E3067.92274
G0 F7200 X43.036 Y87.159
G1 F600 X44.01 Y88.134 E3067.94337
G0 F7200 X44.576 Y88.134
G1 F600 X43.602 Y87.159 E3067.96399
G0 F7200 X44.167 Y87.159
G1 F600 X44.593 Y87.585 E3067.97301
G0 F7200 X55.407 Y87.652
G1 F600 X55.889 Y88.133 E3067.9832
G0 F7200 X56.455 Y88.133
G1 F600 X55.482 Y87.16 E3068.0038
G0 F7200 X56.047 Y87.16
G1 F600 X57.02 Y88.133 E3068.02439
G0 F7200 X57.586 Y88.133
G1 F600 X56.613 Y87.16 E3068.04499
G0 F7200 X57.179 Y87.16
G1 F600 X58.152 Y88.133 E3068.06558
G0 F7200 X58.717 Y88.133
G1 F600 X57.744 Y87.16 E3068.08618
G0 F7200 X58.31 Y87.16
G1 F600 X59.283 Y88.133 E3068.10677
G0 F7200 X59.849 Y88.133
G1 F600 X58.876 Y87.16 E3068.12737
G0 F7200 X59.442 Y87.16
G1 F600 X60.414 Y88.133 E3068.14795
G0 F7200 X60.98 Y88.133
G1 F600 X60.007 Y87.16 E3068.16855
G0 F7200 X60.573 Y87.16
G1 F600 X61.546 Y88.133 E3068.18914
G0 F7200 X62.112 Y88.133
G1 F600 X61.066 Y87.087 E3068.21128
G0 F7200 X61.399 Y86.855
G1 F600 X62.64 Y88.096 E3068.23755
G0 F7200 X62.64 Y87.531
G1 F600 X61.594 Y86.484 E3068.2597
G0 F7200 X61.66 Y85.984
G1 F600 X62.64 Y86.965 E3068.28046
G0 F7200 X62.64 Y86.399
G1 F600 X61.66 Y85.418 E3068.30121
G0 F7200 X61.66 Y84.853
G1 F600 X62.64 Y85.834 E3068.32196
G0 F7200 X62.64 Y85.268
G1 F600 X61.66 Y84.287 E3068.34272
G0 F7200 X61.66 Y83.721
G1 F600 X62.64 Y84.702 E3068.36347
G0 F7200 X62.64 Y84.137
G1 F600 X61.66 Y83.156 E3068.38423
G0 F7200 X61.66 Y82.59
G1 F600 X62.64 Y83.571 E3068.40498
G0 F7200 X62.64 Y83.005
G1 F600 X61.66 Y82.024 E3068.42573
G0 F7200 X61.66 Y81.459
G1 F600 X62.64 Y82.439 E3068.44648
G0 F7200 X62.64 Y81.874
G1 F600 X61.66 Y80.893 E3068.46723
G0 F7200 X61.66 Y80.327
G1 F600 X62.64 Y81.308 E3068.48798
G0 F7200 X62.64 Y80.742
G1 F600 X61.66 Y79.762 E3068.50873
G0 F7200 X61.66 Y79.196
G1 F600 X62.64 Y80.177 E3068.52948
G0 F7200 X62.64 Y79.611
G1 F600 X61.66 Y78.63 E3068.55024
G0 F7200 X61.66 Y78.065
G1 F600 X62.64 Y79.045 E3068.57098
G0 F7200 X62.64 Y78.48
G1 F600 X61.66 Y77.499 E3068.59173
G0 F7200 X61.66 Y76.933
G1 F600 X62.64 Y77.914 E3068.61249
G0 F7200 X62.64 Y77.348
G1 F600 X61.66 Y76.368 E3068.63323
G0 F7200 X61.66 Y75.802
G1 F600 X62.64 Y76.782 E3068.65397
G0 F7200 X62.64 Y76.216
G1 F600 X61.66 Y75.236 E3068.67472
G0 F7200 X61.66 Y74.67
G1 F600 X62.64 Y75.651 E3068.69547
G0 F7200 X62.64 Y75.085
G1 F600 X61.66 Y74.105 E3068.71621
G0 F7200 X61.66 Y73.539
G1 F600 X62.64 Y74.519 E3068.73696
G0 F7200 X62.64 Y73.953
G1 F600 X61.66 Y72.973 E3068.7577
G0 F7200 X61.66 Y72.408
G1 F600 X62.64 Y73.388 E3068.77844
G0 F7200 X62.64 Y72.822
G1 F600 X61.66 Y71.842 E3068.79919
G0 F7200 X61.66 Y71.276
G1 F600 X62.64 Y72.256 E3068.81993
G0 F7200 X62.64 Y71.691
G1 F600 X61.66 Y70.711 E3068.84067
G0 F7200 X61.66 Y70.145
G1 F600 X62.64 Y71.125 E3068.86142
G0 F7200 X62.64 Y70.559
G1 F600 X61.66 Y69.579 E3068.88216
G0 F7200 X61.66 Y69.014
G1 F600 X62.64 Y69.994 E3068.9029
G0 F7200 X62.64 Y69.428
G1 F600 X61.66 Y68.448 E3068.92365
G0 F7200 X61.66 Y67.882
G1 F600 X62.64 Y68.862 E3068.94439
G0 F7200 X62.64 Y68.297
G1 F600 X61.66 Y67.317 E3068.96513
G0 F7200 X61.66 Y66.751
G1 F600 X62.64 Y67.731 E3068.98588
G0 F7200 X62.64 Y67.165
G1 F600 X61.66 Y66.185 E3069.00662
G0 F7200 X61.66 Y65.62
G1 F600 X62.64 Y66.6 E3069.02736
G0 F7200 X62.639 Y66.033
G1 F600 X61.66 Y65.054 E3069.04809
G0 F7200 X61.66 Y64.488
G1 F600 X62.639 Y65.467 E3069.06881
G0 F7200 X62.639 Y64.902
G1 F600 X61.66 Y63.922 E3069.08954
G0 F7200 X61.66 Y63.357
G1 F600 X62.639 Y64.336 E3069.11026
G0 F7200 X62.639 Y63.77
G1 F600 X61.66 Y62.791 E3069.13098
G0 F7200 X61.66 Y62.225
G1 F600 X62.639 Y63.205 E3069.15172
G0 F7200 X62.639 Y62.639
G1 F600 X61.66 Y61.66 E3069.17244
G0 F7200 X61.66 Y61.094
G1 F600 X62.639 Y62.073 E3069.19316
G0 F7200 X62.639 Y61.508
G1 F600 X61.66 Y60.528 E3069.21389
G0 F7200 X61.66 Y59.963
G1 F600 X62.639 Y60.942 E3069.23462
G0 F7200 X62.639 Y60.376
G1 F600 X61.66 Y59.397 E3069.25534
G0 F7200 X61.66 Y58.831
G1 F600 X62.639 Y59.811 E3069.27607
G0 F7200 X62.639 Y59.245
G1 F600 X61.66 Y58.266 E3069.29679
G0 F7200 X61.66 Y57.7
G1 F600 X62.639 Y58.679 E3069.31752
G0 F7200 X62.639 Y58.114
G1 F600 X61.66 Y57.134 E3069.33825
G0 F7200 X61.66 Y56.569
G1 F600 X62.639 Y57.548 E3069.35897
G0 F7200 X62.639 Y56.982
G1 F600 X61.66 Y56.003 E3069.37969
G0 F7200 X61.66 Y55.437
G1 F600 X62.639 Y56.417 E3069.40043
G0 F7200 X62.639 Y55.851
G1 F600 X61.66 Y54.871 E3069.42116
G0 F7200 X61.66 Y54.306
G1 F600 X62.638 Y55.284 E3069.44186
G0 F7200 X62.638 Y54.719
G1 F600 X61.66 Y53.74 E3069.46257
G0 F7200 X61.66 Y53.174
G1 F600 X62.638 Y54.153 E3069.48328
G0 F7200 X62.638 Y53.587
G1 F600 X61.66 Y52.609 E3069.50398
G0 F7200 X61.66 Y52.043
G1 F600 X62.638 Y53.022 E3069.52469
G0 F7200 X62.638 Y52.456
G1 F600 X61.66 Y51.477 E3069.54541
G0 F7200 X61.66 Y50.912
G1 F600 X62.638 Y51.89 E3069.56611
G0 F7200 X62.638 Y51.325
G1 F600 X61.66 Y50.346 E3069.58682
G0 F7200 X61.66 Y49.78
G1 F600 X62.638 Y50.759 E3069.60753
G0 F7200 X62.638 Y50.193
G1 F600 X61.66 Y49.215 E3069.62823
G0 F7200 X61.66 Y48.649
G1 F600 X62.638 Y49.628 E3069.64894
G0 F7200 X62.638 Y49.062
G1 F600 X61.66 Y48.083 E3069.66965
G0 F7200 X61.66 Y47.518
G1 F600 X62.638 Y48.496 E3069.69035
G0 F7200 X62.638 Y47.931
G1 F600 X61.66 Y46.952 E3069.71107
G0 F7200 X61.66 Y46.386
G1 F600 X62.638 Y47.365 E3069.73178
G0 F7200 X62.638 Y46.799
G1 F600 X61.66 Y45.821 E3069.75248
G0 F7200 X61.66 Y45.255
G1 F600 X62.638 Y46.233 E3069.77318
G0 F7200 X62.638 Y45.668
G1 F600 X61.66 Y44.689 E3069.79389
G0 F7200 X61.66 Y44.123
G1 F600 X62.638 Y45.102 E3069.8146
G0 F7200 X62.638 Y44.536
G1 F600 X61.66 Y43.558 E3069.8353
G0 F7200 X61.66 Y42.992
G1 F600 X62.638 Y43.97 E3069.856
G0 F7200 X62.638 Y43.404
G1 F600 X61.66 Y42.426 E3069.87671
G0 F7200 X61.66 Y41.861
G1 F600 X62.638 Y42.839 E3069.89741
G0 F7200 X62.638 Y42.273
G1 F600 X61.66 Y41.295 E3069.91811
G0 F7200 X61.66 Y40.729
G1 F600 X62.638 Y41.707 E3069.93881
G0 F7200 X62.638 Y41.142
G1 F600 X61.66 Y40.164 E3069.95951
G0 F7200 X61.66 Y39.598
G1 F600 X62.638 Y40.576 E3069.98021
G0 F7200 X62.638 Y40.01
G1 F600 X61.66 Y39.032 E3070.00091
G0 F7200 X61.66 Y38.467
G1 F600 X62.638 Y39.445 E3070.02161
G0 F7200 X62.638 Y38.879
G1 F600 X61.66 Y37.901 E3070.04231
G0 F7200 X61.66 Y37.335
G1 F600 X62.638 Y38.313 E3070.06301
G0 F7200 X62.638 Y37.747
G1 F600 X61.66 Y36.77 E3070.0837
G0 F7200 X61.66 Y36.204
G1 F600 X62.638 Y37.182 E3070.10441
G0 F7200 X62.638 Y36.616
G1 F600 X61.66 Y35.638 E3070.12511
G0 F7200 X61.66 Y35.072
G1 F600 X62.638 Y36.05 E3070.14581
G0 F7200 X62.638 Y35.485
G1 F600 X61.66 Y34.507 E3070.16651
G0 F7200 X61.66 Y33.941
G1 F600 X62.638 Y34.919 E3070.18721
G0 F7200 X62.638 Y34.353
G1 F600 X61.66 Y33.375 E3070.20791
G0 F7200 X61.66 Y32.81
G1 F600 X62.638 Y33.788 E3070.22861
G0 F7200 X62.637 Y33.221
G1 F600 X61.66 Y32.244 E3070.24929
G0 F7200 X61.66 Y31.678
G1 F600 X62.637 Y32.656 E3070.26998
G0 F7200 X62.637 Y32.09
G1 F600 X61.66 Y31.113 E3070.29066
G0 F7200 X61.66 Y30.547
G1 F600 X62.637 Y31.524 E3070.31134
G0 F7200 X62.637 Y30.959
G1 F600 X61.66 Y29.981 E3070.33203
G0 F7200 X61.66 Y29.416
G1 F600 X62.637 Y30.393 E3070.35271
G0 F7200 X62.637 Y29.827
G1 F600 X61.66 Y28.85 E3070.37339
G0 F7200 X61.66 Y28.284
G1 F600 X62.637 Y29.261 E3070.39407
G0 F7200 X62.637 Y28.696
G1 F600 X61.66 Y27.719 E3070.41475
G0 F7200 X61.66 Y27.153
G1 F600 X62.637 Y28.13 E3070.43543
G0 F7200 X62.637 Y27.564
G1 F600 X61.66 Y26.587 E3070.45611
G0 F7200 X61.66 Y26.022
G1 F600 X62.637 Y26.999 E3070.47679
G0 F7200 X62.637 Y26.433
G1 F600 X61.66 Y25.456 E3070.49747
G0 F7200 X61.66 Y24.89
G1 F600 X62.637 Y25.867 E3070.51815
G0 F7200 X62.637 Y25.302
G1 F600 X61.66 Y24.324 E3070.53884
G0 F7200 X61.66 Y23.759
G1 F600 X62.637 Y24.736 E3070.55952
G0 F7200 X62.637 Y24.17
G1 F600 X61.66 Y23.193 E3070.5802
G0 F7200 X61.66 Y22.627
G1 F600 X62.637 Y23.605 E3070.60089
G0 F7200 X62.637 Y23.039
G1 F600 X61.66 Y22.062 E3070.62157
G0 F7200 X61.66 Y21.496
G1 F600 X62.636 Y22.473 E3070.64224
G0 F7200 X62.636 Y21.907
G1 F600 X61.66 Y20.93 E3070.66291
G0 F7200 X61.66 Y20.365
G1 F600 X62.636 Y21.341 E3070.68357
G0 F7200 X62.636 Y20.776
G1 F600 X61.66 Y19.799 E3070.70424
G0 F7200 X61.66 Y19.233
G1 F600 X62.636 Y20.21 E3070.72491
G0 F7200 X62.636 Y19.644
G1 F600 X61.66 Y18.668 E3070.74556
G0 F7200 X61.66 Y18.102
G1 F600 X62.636 Y19.078 E3070.76622
G0 F7200 X62.636 Y18.513
G1 F600 X61.66 Y17.536 E3070.78689
G0 F7200 X61.66 Y16.971
G1 F600 X62.636 Y17.947 E3070.80755
G0 F7200 X62.636 Y17.381
G1 F600 X61.66 Y16.405 E3070.82821
G0 F7200 X61.66 Y15.839
G1 F600 X62.636 Y16.816 E3070.84888
G0 F7200 X62.636 Y16.25
G1 F600 X61.66 Y15.274 E3070.86954
G0 F7200 X61.66 Y14.708
G1 F600 X62.636 Y15.684 E3070.8902
G0 F7200 X62.636 Y15.119
G1 F600 X61.66 Y14.142 E3070.91086
G0 F7200 X61.605 Y13.522
G1 F600 X62.636 Y14.553 E3070.93269
G0 F7200 X62.636 Y13.987
G1 F600 X60.51 Y11.861 E3070.97769
G0 F7200 X59.944 Y11.861
G1 F600 X61.058 Y12.975 E3071.00127
G0 F7200 X60.357 Y12.84
G1 F600 X59.379 Y11.861 E3071.02198
G0 F7200 X59.06 Y12.108
G1 F600 X59.792 Y12.84 E3071.03747
G0 F7200 X59.226 Y12.84
G1 F600 X59.06 Y12.673 E3071.041
G0 F7200 X61.076 Y11.861
G1 F600 X62.636 Y13.422 E3071.07403
G0 F7200 X62.636 Y12.856
G1 F600 X61.641 Y11.861 E3071.09509
G0 F7200 X62.207 Y11.861
G1 F600 X62.636 Y12.29 E3071.10417
G0 F7200 X61.61 Y86.624
G0 X61.125 Y86.624
;TYPE:WALL-INNER
G1 F2400 X60.939 Y86.751 E3071.10979
G1 X60.774 Y86.8 E3071.11408
G1 X39.3 Y86.8 E3071.64975
G1 X39.061 Y86.751 E3071.65584
G1 X38.875 Y86.624 E3071.66146
G1 X38.7 Y86.287 E3071.67093
G1 X38.7 Y13.8 E3073.47912
G1 X38.749 Y13.561 E3073.48521
G1 X38.875 Y13.375 E3073.49081
G1 X39.061 Y13.249 E3073.49642
G1 X39.226 Y13.2 E3073.50071
G1 X60.7 Y13.2 E3074.03638
G1 X61.124 Y13.375 E3074.04782
G1 X61.251 Y13.561 E3074.05344
G1 X61.3 Y13.8 E3074.05953
G1 X61.3 Y86.289 E3075.86777
G1 X61.125 Y86.624 E3075.8772
G0 F7200 X61.61 Y86.624
G0 X62.72 Y88.219
G0 X63 Y88.386
G1 F2400 X62.996 Y11.598 E3077.79269
G1 X62.864 Y11.501 E3077.79677
G1 X37.129 Y11.5 E3078.43874
G1 X37 Y11.609 E3078.44295
G1 X37 Y88.399 E3080.35848
G1 X37.133 Y88.496 E3080.36259
G1 X62.867 Y88.496 E3081.00453
G1 X63 Y88.386 E3081.00883
G0 F7200 X63.295 Y88.661
;TYPE:WALL-OUTER
G1 F1200 X63.4 Y88.369 E3081.01657
G1 X63.396 Y11.629 E3082.93086
G1 X63.279 Y11.311 E3082.93931
G1 X63.052 Y11.141 E3082.94639
G1 X62.884 Y11.101 E3082.95069
G1 X37.129 Y11.1 E3083.59315
G1 X36.922 Y11.151 E3083.59847
G1 X36.702 Y11.338 E3083.60568
G1 X36.6 Y11.627 E3083.61332
G1 X36.6 Y88.367 E3085.52761
G1 X36.718 Y88.688 E3085.53614
G1 X36.946 Y88.855 E3085.54319
G1 X37.113 Y88.896 E3085.54748
G1 X62.867 Y88.896 E3086.18991
G1 X63.075 Y88.844 E3086.19526
G1 X63.295 Y88.661 E3086.2024
G0 F7200 X63.362 Y88.473
G0 X62.72 Y88.219
G0 X61.61 Y86.235
G0 X60.898 Y86.235
G1 F1200 X60.842 Y86.342 E3086.20541
G1 X60.735 Y86.397 E3086.20841
G1 X39.244 Y86.4 E3086.74451
G1 X39.158 Y86.342 E3086.7471
G1 X39.103 Y86.235 E3086.7501
G1 X39.1 Y13.8 E3088.557
G1 X39.158 Y13.658 E3088.56082
G1 X39.265 Y13.603 E3088.56382
G1 X60.7 Y13.6 E3089.09852
G1 X60.842 Y13.658 E3089.10235
G1 X60.9 Y13.8 E3089.10618
G1 X60.898 Y86.235 E3090.91307
G0 F7200 X60.842 Y86.342
G0 X60.772 Y86.378
G0 X61.61 Y86.378
G0 X45.398 Y87.646
;TYPE:SKIN
G1 F676.7 X54.598 Y87.646 E3091.2183
G0 F7200 X55.067 Y88.112
G1 F900 X44.932 Y88.112 E3091.47112
G1 X44.932 Y87.18 E3091.49437
G1 X55.064 Y87.18 E3091.74711
G1 X55.067 Y88.112 E3091.77036
G0 F7200 X38.462 Y87.038
G0 X38.462 Y12.962
G0 X41.75 Y12.35
G1 F666.7 X58.25 Y12.35 E3092.32601
G0 F7200 X58.72 Y12.82
G1 F900 X41.28 Y12.82 E3092.76106
G1 X41.28 Y11.88 E3092.78451
G1 X58.72 Y11.88 E3093.21955
G1 X58.72 Y12.82 E3093.243
G0 F7200 X58.72 Y12.59
;MESH:NONMESH
G0 F600 Z6.635
G0 F7200 X61.538 Y12.962
G0 X61.61 Y86.624
G0 X61.125 Y86.624
;TIME_ELAPSED:6808.867923
;LAYER:36
;TYPE:WALL-INNER
;MESH:luckfox_bottom.stl
G1 F2400 X60.939 Y86.751 E3093.24861
G1 X60.774 Y86.8 E3093.25291
G1 X39.3 Y86.8 E3093.78858
G1 X39.061 Y86.751 E3093.79466
G1 X38.875 Y86.625 E3093.80027
G1 X38.749 Y86.439 E3093.80587
G1 X38.7 Y86.274 E3093.81017
G1 X38.7 Y13.8 E3095.61804
G1 X38.749 Y13.561 E3095.62412
G1 X38.875 Y13.375 E3095.62973
G1 X39.061 Y13.249 E3095.63533
G1 X39.226 Y13.2 E3095.63963
G1 X60.7 Y13.2 E3096.1753
G1 X61.124 Y13.375 E3096.18674
G1 X61.251 Y13.561 E3096.19236
G1 X61.3 Y13.8 E3096.19844
G1 X61.3 Y86.289 E3098.00669
G1 X61.125 Y86.624 E3098.01612
G0 F7200 X61.61 Y86.624
G0 X62.72 Y88.219
G0 X63 Y88.329
G1 F2400 X62.996 Y11.677 E3099.92821
G1 X62.943 Y11.557 E3099.93148
G1 X62.819 Y11.5 E3099.93489
G1 X37.129 Y11.5 E3100.57573
G1 X37 Y11.61 E3100.57995
G1 X37 Y88.317 E3102.49342
G1 X37.077 Y88.47 E3102.49769
G1 X37.203 Y88.5 E3102.50092
G1 X62.867 Y88.496 E3103.14111
G1 X62.973 Y88.408 E3103.14455
G1 X63 Y88.329 E3103.14663
G0 F7200 X63.295 Y88.661
;TYPE:WALL-OUTER
G1 F1200 X63.4 Y88.365 E3103.15447
G1 X63.396 Y11.629 E3105.06865
G1 X63.344 Y11.419 E3105.07405
G1 X63.197 Y11.234 E3105.07994
G1 X62.907 Y11.1 E3105.08791
G1 X37.129 Y11.1 E3105.73095
G1 X36.922 Y11.151 E3105.73627
G1 X36.701 Y11.339 E3105.7435
G1 X36.6 Y11.54 E3105.74912
G1 X36.6 Y88.367 E3107.66557
G1 X36.653 Y88.574 E3107.6709
G1 X36.81 Y88.778 E3107.67732
G1 X36.908 Y88.841 E3107.68023
G1 X37.156 Y88.9 E3107.68659
G1 X62.867 Y88.896 E3108.32795
G1 X63.075 Y88.844 E3108.3333
G1 X63.295 Y88.661 E3108.34044
G0 F7200 X63.361 Y88.473
G0 X62.689 Y88.218
G0 X61.61 Y86.235
G0 X60.898 Y86.235
G1 F1200 X60.842 Y86.342 E3108.34345
G1 X60.735 Y86.397 E3108.34645
G1 X39.244 Y86.4 E3108.88255
G1 X39.158 Y86.342 E3108.88514
G1 X39.103 Y86.235 E3108.88814
G1 X39.1 Y13.8 E3110.69504
G1 X39.158 Y13.658 E3110.69886
G1 X39.265 Y13.603 E3110.70186
G1 X60.7 Y13.6 E3111.23656
G1 X60.842 Y13.658 E3111.24039
G1 X60.9 Y13.8 E3111.24421
G1 X60.898 Y86.235 E3113.05111
G0 F7200 X60.842 Y86.342
G0 X60.772 Y86.378
G0 X61.61 Y86.378
G0 X62.62 Y88.112
;TYPE:SKIN
G1 F900 X37.381 Y88.119 E3113.6807
G1 X37.381 Y11.881 E3115.58247
G1 X62.616 Y11.88 E3116.21196
G1 X62.62 Y88.112 E3118.11357
G0 F7200 X62.146 Y86.322
G1 F658.1 X62.147 Y68.19 E3118.7321
G1 F661.8 X62.147 Y50.058 E3119.34723
G1 F664.2 X62.148 Y31.926 E3119.9601
G1 F667.9 X62.148 Y13.794 E3120.56958
G1 F655.7 X62.137 Y13.654 E3120.57439
G0 F7200 X60.828 Y12.353
G1 F661.8 X39.118 Y12.352 E3121.31091
G0 F7200 X37.865 Y13.636
G1 F648.6 X37.85 Y13.796 E3121.31647
G1 F665.4 X37.851 Y50.087 E3122.54087
G1 F663 X37.852 Y86.378 E3123.76979
G0 F7200 X39.135 Y87.637
G1 F658.1 X39.252 Y87.648 E3123.7738
G1 F667.9 X60.887 Y87.642 E3124.50103
G0 F7200 X61.066 Y87.108
G1 F900 X61.395 Y86.893 E3124.51083
G1 X61.678 Y86.368 E3124.52571
G1 X61.68 Y13.8 E3126.33593
G1 X61.608 Y13.445 E3126.34496
G1 X61.378 Y13.083 E3126.35566
G1 X60.738 Y12.82 E3126.37292
G1 X39.169 Y12.822 E3126.91096
G1 X38.878 Y12.915 E3126.91858
G1 X38.606 Y13.106 E3126.92687
G1 X38.418 Y13.375 E3126.93506
G1 X38.32 Y13.8 E3126.94594
G1 X38.322 Y86.331 E3128.75523
G1 X38.387 Y86.563 E3128.76124
G1 X38.606 Y86.89 E3128.77106
G1 X38.875 Y87.078 E3128.77925
G1 X39.257 Y87.176 E3128.78908
G1 X60.831 Y87.178 E3129.32725
G1 X61.066 Y87.108 E3129.33337
G0 F7200 X61.066 Y87.11
G0 X38.139 Y87.919
G1 F900 X37.581 Y87.361 E3129.35305
G0 F7200 X37.581 Y86.795
G1 F900 X38.704 Y87.919 E3129.39269
G0 F7200 X38.878 Y87.527
G1 F900 X37.977 Y86.626 E3129.42447
G1 X37.907 Y86.556
G0 F7200 X61.229 Y87.251
G1 F900 X61.891 Y87.912 E3129.44781
G0 F7200 X62.42 Y87.876
G1 F900 X61.552 Y87.007 E3129.47845
G0 F7200 X61.754 Y86.644
G1 F900 X62.42 Y87.31 E3129.50194
G0 F7200 X62.42 Y86.744
G1 F900 X62.331 Y86.655 E3129.50508
G0 F7200 X61.228 Y87.815
G1 F900 X61.325 Y87.912 E3129.5085
G0 F7200 X61.517 Y87.125
G0 X62.042 Y13.393
G1 F900 X61.09 Y12.442 E3129.54207
G0 F7200 X61.295 Y12.08
G1 F900 X62.416 Y13.202 E3129.58163
G0 F7200 X62.416 Y12.636
G1 F900 X61.861 Y12.08 E3129.60123
G0 F7200 X38.781 Y12.194
G1 F900 X38.668 Y12.081 E3129.60522
G0 F7200 X38.102 Y12.081
G1 F900 X38.768 Y12.746 E3129.62869
G0 F7200 X38.448 Y12.992
G1 F900 X37.581 Y12.125 E3129.65928
G0 F7200 X37.581 Y12.69
G1 F900 X38.211 Y13.321 E3129.68152
G1 X38.281 Y13.391
G0 F7200 X38.09 Y13.391
;MESH:NONMESH
G0 F600 Z6.785
G0 F7200 X38.462 Y87.038
G0 X61.538 Y87.038
G0 X61.125 Y86.624
;TIME_ELAPSED:6886.022762
;LAYER:37
;TYPE:WALL-INNER
;MESH:luckfox_bottom.stl
G1 F2400 X60.939 Y86.751 E3129.68714
G1 X60.774 Y86.8 E3129.69143
G1 X39.3 Y86.8 E3130.2271
G1 X39.061 Y86.751 E3130.23319
G1 X38.875 Y86.624 E3130.23881
G1 X38.7 Y86.287 E3130.24828
G1 X38.7 Y13.8 E3132.05648
G1 X38.749 Y13.561 E3132.06256
G1 X38.875 Y13.375 E3132.06817
G1 X39.061 Y13.249 E3132.07377
G1 X39.226 Y13.2 E3132.07806
G1 X60.7 Y13.2 E3132.61374
G1 X61.124 Y13.375 E3132.62518
G1 X61.251 Y13.561 E3132.6308
G1 X61.3 Y13.8 E3132.63688
G1 X61.3 Y86.289 E3134.44513
G1 X61.125 Y86.624 E3134.45456
G0 F7200 X61.61 Y86.624
G0 X62.72 Y88.219
G0 X62.999 Y88.326
G1 F2400 X62.996 Y11.677 E3136.36657
G1 X62.934 Y11.534 E3136.37046
G1 X62.826 Y11.5 E3136.37328
G1 X37.178 Y11.5 E3137.01308
G1 X37.065 Y11.53 E3137.01599
G1 X37 Y11.668 E3137.0198
G1 X37 Y88.316 E3138.93179
G1 X37.063 Y88.461 E3138.93573
G1 X37.168 Y88.496 E3138.9385
G1 X62.818 Y88.496 E3139.57834
G1 X62.931 Y88.466 E3139.58125
G1 X62.999 Y88.326 E3139.58514
G0 F7200 X63.309 Y88.643
;TYPE:WALL-OUTER
G1 F1200 X63.399 Y88.396 E3139.59169
G1 X63.396 Y11.629 E3141.50665
G1 X63.343 Y11.415 E3141.51215
G1 X63.12 Y11.173 E3141.52036
G1 X62.888 Y11.1 E3141.52643
G1 X37.129 Y11.1 E3142.16899
G1 X36.908 Y11.155 E3142.17467
G1 X36.688 Y11.352 E3142.18204
G1 X36.6 Y11.599 E3142.18858
G1 X36.6 Y88.366 E3144.10354
G1 X36.657 Y88.584 E3144.10916
G1 X36.876 Y88.822 E3144.11723
G1 X37.107 Y88.896 E3144.12328
G1 X62.867 Y88.896 E3144.76586
G1 X63.088 Y88.841 E3144.77155
G1 X63.309 Y88.643 E3144.77895
G0 F7200 X63.377 Y88.456
G0 X62.72 Y88.219
G0 X61.61 Y86.235
G0 X60.898 Y86.235
G1 F1200 X60.842 Y86.342 E3144.78196
G1 X60.735 Y86.397 E3144.78496
G1 X39.244 Y86.4 E3145.32106
G1 X39.158 Y86.342 E3145.32364
G1 X39.103 Y86.235 E3145.32665
G1 X39.1 Y13.8 E3147.13354
G1 X39.158 Y13.658 E3147.13737
G1 X39.265 Y13.603 E3147.14037
G1 X60.7 Y13.6 E3147.67507
G1 X60.842 Y13.658 E3147.6789
G1 X60.9 Y13.8 E3147.68272
G1 X60.898 Y86.235 E3149.48962
G0 F7200 X60.842 Y86.342
G0 X60.772 Y86.378
G0 X61.61 Y86.378
G0 X62.616 Y88.112
;TYPE:SKIN
G1 F900 X37.38 Y88.116 E3150.11913
G1 X37.381 Y11.881 E3152.02082
G1 X62.612 Y11.88 E3152.65021
G1 X62.616 Y88.112 E3154.55183
G0 F7200 X45.784 Y87.644
G1 F671.6 X39.296 Y87.648 E3154.7687
G1 F651 X39.135 Y87.632 E3154.77428
G0 F7200 X37.852 Y86.342
G1 F663 X37.851 Y50.069 E3156.00259
G1 F665.4 X37.85 Y13.796 E3157.22638
G1 F648.6 X37.865 Y13.636 E3157.23194
G0 F7200 X39.118 Y12.352
G1 F661.8 X60.828 Y12.353 E3157.96846
G0 F7200 X62.134 Y13.647
G1 F659.3 X62.146 Y13.796 E3157.97355
G1 F672.9 X62.146 Y31.934 E3158.57871
G1 F669.1 X62.145 Y50.072 E3159.18726
G1 F666.7 X62.144 Y68.21 E3159.79807
G1 F663 X62.144 Y86.348 E3160.41228
G0 F7200 X61.538 Y87.038
G0 X54.212 Y87.644
G1 F667.9 X60.887 Y87.642 E3160.63665
G0 F7200 X61.066 Y87.108
G1 F900 X61.412 Y86.881 E3160.64697
G1 X61.678 Y86.347 E3160.66185
G1 X61.68 Y13.8 E3162.47155
G1 X61.608 Y13.445 E3162.48058
G1 X61.379 Y13.083 E3162.49127
G1 X60.738 Y12.82 E3162.50855
G1 X39.169 Y12.822 E3163.04659
G1 X38.878 Y12.915 E3163.05421
G1 X38.606 Y13.106 E3163.0625
G1 X38.418 Y13.375 E3163.07069
G1 X38.32 Y13.8 E3163.08157
G1 X38.322 Y86.343 E3164.89116
G1 X38.583 Y86.876 E3164.90597
G1 X38.876 Y87.079 E3164.91486
G1 X39.257 Y87.176 E3164.92466
G1 X60.831 Y87.178 E3165.46283
G1 X61.066 Y87.108 E3165.46895
G0 F7200 X61.066 Y87.11
G0 X61.994 Y87.912
G1 F900 X62.416 Y87.49 E3165.48383
G0 F7200 X62.416 Y86.925
G1 F900 X61.428 Y87.912 E3165.51867
G0 F7200 X61.164 Y87.611
G1 F900 X62.146 Y86.629 E3165.55331
G1 X62.216 Y86.559
G0 F7200 X61.538 Y87.038
G0 X53.945 Y87.476
G1 F900 X53.507 Y87.914 E3165.56877
G0 F7200 X53.478 Y87.377
G1 F900 X52.942 Y87.914 E3165.58769
G0 F7200 X52.913 Y87.377
G1 F900 X52.376 Y87.914 E3165.60664
G0 F7200 X52.347 Y87.377
G1 F900 X51.81 Y87.914 E3165.62558
G0 F7200 X51.781 Y87.377
G1 F900 X51.245 Y87.914 E3165.64451
G0 F7200 X51.216 Y87.377
G1 F900 X50.679 Y87.914 E3165.66345
G0 F7200 X50.65 Y87.377
G1 F900 X50.113 Y87.914 E3165.68239
G0 F7200 X50.084 Y87.377
G1 F900 X49.547 Y87.915 E3165.70136
G0 F7200 X49.519 Y87.377
G1 F900 X48.981 Y87.915 E3165.72034
G0 F7200 X48.953 Y87.377
G1 F900 X48.416 Y87.915 E3165.7393
G0 F7200 X48.387 Y87.377
G1 F900 X47.85 Y87.915 E3165.75826
G0 F7200 X47.822 Y87.377
G1 F900 X47.284 Y87.915 E3165.77724
G0 F7200 X47.256 Y87.377
G1 F900 X46.719 Y87.915 E3165.7962
G0 F7200 X46.69 Y87.377
G1 F900 X46.153 Y87.915 E3165.81516
G0 F7200 X46.055 Y87.446
G1 F900 X46.125 Y87.377 E3165.81761
G0 F7200 X38.846 Y87.302
G1 F900 X38.232 Y87.916 E3165.83927
G0 F7200 X37.666 Y87.916
G1 F900 X38.514 Y87.068 E3165.86919
G0 F7200 X38.29 Y86.727
G1 F900 X37.58 Y87.437 E3165.89424
G0 F7200 X37.58 Y86.871
G1 F900 X37.821 Y86.63 E3165.90274
G0 F7200 X38.073 Y13.405
G1 F900 X38.349 Y13.129 E3165.91248
G0 F7200 X38.633 Y12.845
G1 F900 X38.903 Y12.574 E3165.92202
G0 F7200 X38.765 Y12.147
G1 F900 X37.644 Y13.267 E3165.96155
G0 F7200 X37.581 Y12.765
G1 F900 X38.265 Y12.081 E3165.98568
G0 F7200 X37.699 Y12.081
G1 F900 X37.581 Y12.199 E3165.98984
G0 F7200 X61.088 Y12.451
G1 F900 X61.46 Y12.08 E3166.00295
G0 F7200 X62.025 Y12.08
G1 F900 X61.279 Y12.826 E3166.02926
G0 F7200 X61.6 Y13.071
G1 F900 X62.412 Y12.258 E3166.05793
G0 F7200 X62.412 Y12.824
G1 F900 X61.815 Y13.421 E3166.07899
G1 X61.745 Y13.491
G0 F7200 X61.91 Y13.491
;MESH:NONMESH
G0 F600 Z6.935
G0 F7200 X61.538 Y87.038
G0 X61.124 Y86.625
;TIME_ELAPSED:6963.155719
;LAYER:38
;TYPE:WALL-INNER
;MESH:luckfox_bottom.stl
G1 F2400 X60.787 Y86.8 E3166.08846
G1 X54.544 Y86.8 E3166.24419
G1 X54.544 Y88.5 E3166.2866
G1 X62.819 Y88.496 E3166.49302
G1 X62.955 Y88.435 E3166.49674
G1 X62.996 Y88.347 E3166.49916
G1 X62.996 Y11.677 E3168.4117
G1 X62.943 Y11.557 E3168.41497
G1 X62.819 Y11.5 E3168.41838
G1 X37.182 Y11.5 E3169.05789
G1 X37.042 Y11.562 E3169.06171
G1 X37 Y11.65 E3169.06415
G1 X37 Y88.318 E3170.97664
G1 X37.054 Y88.441 E3170.97999
G1 X37.174 Y88.496 E3170.98328
G1 X45.452 Y88.5 E3171.18978
G1 X45.452 Y86.8 E3171.23218
G1 X39.3 Y86.8 E3171.38565
G1 X39.061 Y86.751 E3171.39173
G1 X38.875 Y86.624 E3171.39735
G1 X38.7 Y86.287 E3171.40682
G1 X38.7 Y13.8 E3173.21502
G1 X38.749 Y13.561 E3173.2211
G1 X38.875 Y13.375 E3173.22671
G1 X39.061 Y13.249 E3173.23231
G1 X39.226 Y13.2 E3173.2366
G1 X60.7 Y13.2 E3173.77228
G1 X61.124 Y13.375 E3173.78372
G1 X61.251 Y13.561 E3173.78934
G1 X61.3 Y13.8 E3173.79542
G1 X61.3 Y86.278 E3175.60339
G1 X61.251 Y86.439 E3175.60759
G1 X61.124 Y86.625 E3175.61321
G0 F7200 X60.898 Y86.235
;TYPE:WALL-OUTER
G1 F1200 X60.842 Y86.342 E3175.61622
G1 X60.735 Y86.397 E3175.61922
G1 X54.144 Y86.4 E3175.78364
G1 X54.144 Y88.9 E3175.846
G1 X62.867 Y88.896 E3176.0636
G1 X63.079 Y88.843 E3176.06905
G1 X63.262 Y88.705 E3176.07476
G1 X63.396 Y88.39 E3176.0833
G1 X63.396 Y11.629 E3177.99811
G1 X63.344 Y11.419 E3178.00351
G1 X63.197 Y11.234 E3178.0094
G1 X62.907 Y11.1 E3178.01737
G1 X37.13 Y11.1 E3178.66038
G1 X36.917 Y11.156 E3178.66588
G1 X36.737 Y11.292 E3178.67151
G1 X36.6 Y11.606 E3178.68005
G1 X36.6 Y88.367 E3180.59486
G1 X36.652 Y88.578 E3180.60028
G1 X36.8 Y88.765 E3180.60623
G1 X37.088 Y88.896 E3180.61412
G1 X45.852 Y88.9 E3180.83274
G1 X45.852 Y86.4 E3180.89511
G1 X39.244 Y86.4 E3181.05994
G1 X39.158 Y86.342 E3181.06253
G1 X39.103 Y86.235 E3181.06553
G1 X39.1 Y13.744 E3182.87383
G1 X39.158 Y13.658 E3182.87641
G1 X39.265 Y13.603 E3182.87942
G1 X60.7 Y13.6 E3183.41411
G1 X60.842 Y13.658 E3183.41794
G1 X60.9 Y13.8 E3183.42177
G1 X60.898 Y86.235 E3185.22867
G0 F7200 X60.842 Y86.342
G0 X60.772 Y86.378
G0 X61.61 Y86.378
G0 X61.538 Y12.962
G0 X38.462 Y12.962
G0 X38.462 Y87.038
G0 X44.602 Y87.65
;TYPE:SKIN
G1 F669.1 X39.296 Y87.648 E3185.40669
G1 F652.2 X39.13 Y87.632 E3185.41243
G0 F7200 X37.852 Y86.348
G1 F663 X37.851 Y50.072 E3186.64084
G1 F665.4 X37.85 Y13.796 E3187.86473
G1 F648.6 X37.865 Y13.636 E3187.87029
G0 F7200 X39.118 Y12.352
G1 F661.8 X41.628 Y12.352 E3187.95545
G0 F7200 X58.37 Y12.35
G1 F664.2 X60.83 Y12.353 E3188.03859
G0 F7200 X62.134 Y13.649
G1 F661.8 X62.146 Y13.796 E3188.0436
G1 F675.4 X62.145 Y50.094 E3189.25012
G1 F672.9 X62.144 Y86.392 E3190.46117
G0 F7200 X61.538 Y87.038
G0 X55.394 Y87.65
G1 F665.4 X60.856 Y87.642 E3190.64545
G0 F7200 X61.383 Y86.911
G1 F900 X61.608 Y86.568 E3190.65568
G1 X61.678 Y86.339 E3190.66165
G1 X61.681 Y13.8 E3192.47115
G1 X61.608 Y13.441 E3192.48029
G1 X61.38 Y13.083 E3192.49087
G1 X60.738 Y12.82 E3192.50818
G1 X39.169 Y12.822 E3193.04622
G1 X38.878 Y12.915 E3193.05384
G1 X38.606 Y13.106 E3193.06213
G1 X38.418 Y13.375 E3193.07032
G1 X38.324 Y13.759 E3193.08018
G1 X38.322 Y86.343 E3194.8908
G1 X38.584 Y86.881 E3194.90572
G1 X38.876 Y87.083 E3194.91458
G1 X39.259 Y87.176 E3194.92441
G1 X45.072 Y87.18 E3195.06942
G1 X45.072 Y88.12 E3195.09287
G1 X37.38 Y88.116 E3195.28474
G1 X37.381 Y11.881 E3197.18643
G1 X62.615 Y11.881 E3197.8159
G1 X62.612 Y88.112 E3199.71749
G1 X54.924 Y88.12 E3199.90927
G1 X54.924 Y87.18 E3199.93271
G1 X60.843 Y87.178 E3200.08036
G1 X61.383 Y86.911 E3200.09539
G0 F7200 X61.383 Y87.11
G0 X61.538 Y12.962
G0 X38.462 Y12.962
G0 X37.58 Y87.36
G1 F900 X38.136 Y87.916 E3200.11501
G0 F7200 X38.701 Y87.916
G1 F900 X37.58 Y86.795 E3200.15455
G0 F7200 X37.957 Y86.606
G1 F900 X38.868 Y87.517 E3200.18669
G1 X38.938 Y87.587
G0 F7200 X38.462 Y12.962
G0 X61.538 Y12.962
G0 X61.538 Y87.038
G0 X61.157 Y87.744
G1 F900 X61.325 Y87.912 E3200.19262
G0 F7200 X61.89 Y87.912
G1 F900 X61.2 Y87.222 E3200.21696
G0 F7200 X61.553 Y87.009
G1 F900 X62.412 Y87.868 E3200.24726
G0 F7200 X62.412 Y87.302
G1 F900 X61.786 Y86.676 E3200.26935
G1 X61.716 Y86.606
G0 F7200 X62.037 Y13.388
G1 F900 X61.091 Y12.442 E3200.30272
G0 F7200 X61.296 Y12.081
G1 F900 X62.416 Y13.201 E3200.34223
G0 F7200 X62.416 Y12.635
G1 F900 X61.861 Y12.081 E3200.36179
G0 F7200 X58.1 Y12.28
G1 F900 X57.901 Y12.081 E3200.36881
G0 F7200 X57.875 Y12.62
G1 F900 X57.336 Y12.081 E3200.38783
G0 F7200 X57.31 Y12.62
G1 F900 X56.77 Y12.081 E3200.40686
G0 F7200 X56.744 Y12.62
G1 F900 X56.204 Y12.081 E3200.42589
G0 F7200 X56.178 Y12.62
G1 F900 X55.639 Y12.081 E3200.44491
G0 F7200 X55.613 Y12.62
G1 F900 X55.073 Y12.081 E3200.46394
G0 F7200 X55.047 Y12.62
G1 F900 X54.507 Y12.081 E3200.48297
G0 F7200 X54.482 Y12.621
G1 F900 X53.942 Y12.081 E3200.50202
G0 F7200 X53.916 Y12.621
G1 F900 X53.376 Y12.081 E3200.52107
G0 F7200 X53.35 Y12.621
G1 F900 X52.81 Y12.081 E3200.54012
G0 F7200 X52.785 Y12.621
G1 F900 X52.245 Y12.081 E3200.55917
G0 F7200 X52.219 Y12.621
G1 F900 X51.679 Y12.081 E3200.57822
G0 F7200 X51.653 Y12.621
G1 F900 X51.113 Y12.081 E3200.59727
G0 F7200 X51.088 Y12.622
G1 F900 X50.548 Y12.081 E3200.61634
G0 F7200 X50.523 Y12.622
G1 F900 X49.982 Y12.081 E3200.63542
G0 F7200 X49.957 Y12.622
G1 F900 X49.416 Y12.081 E3200.65451
G0 F7200 X49.391 Y12.622
G1 F900 X48.85 Y12.081 E3200.67359
G0 F7200 X48.826 Y12.622
G1 F900 X48.285 Y12.081 E3200.69268
G0 F7200 X48.261 Y12.623
G1 F900 X47.719 Y12.081 E3200.7118
G0 F7200 X47.695 Y12.623
G1 F900 X47.153 Y12.081 E3200.73092
G0 F7200 X47.129 Y12.623
G1 F900 X46.588 Y12.081 E3200.75002
G0 F7200 X46.564 Y12.623
G1 F900 X46.022 Y12.081 E3200.76914
G0 F7200 X45.998 Y12.623
G1 F900 X45.456 Y12.081 E3200.78826
G0 F7200 X45.432 Y12.623
G1 F900 X44.891 Y12.081 E3200.80737
G0 F7200 X44.867 Y12.623
G1 F900 X44.325 Y12.081 E3200.82649
G0 F7200 X44.302 Y12.623
G1 F900 X43.759 Y12.081 E3200.84562
G0 F7200 X43.736 Y12.623
G1 F900 X43.194 Y12.081 E3200.86475
G0 F7200 X43.17 Y12.623
G1 F900 X42.628 Y12.081 E3200.88387
G0 F7200 X42.605 Y12.623
G1 F900 X42.062 Y12.081 E3200.903
G0 F7200 X41.9 Y12.484
G1 F900 X42.039 Y12.623 E3200.90791
G0 F7200 X38.768 Y12.746
G1 F900 X38.102 Y12.081 E3200.93138
G0 F7200 X37.581 Y12.125
G1 F900 X38.448 Y12.992 E3200.96197
G0 F7200 X38.211 Y13.321
G1 F900 X37.581 Y12.69 E3200.98421
G1 X37.511 Y12.62
G0 F7200 X38.668 Y12.081
G1 F900 X38.781 Y12.194 E3200.9882
;MESH:NONMESH
G0 F600 Z7.085
G0 F7200 X38.462 Y12.962
G0 X38.462 Y87.038
G0 X39.061 Y86.751
;TIME_ELAPSED:7041.510935
;LAYER:39
;TYPE:WALL-INNER
;MESH:luckfox_bottom.stl
G1 F2400 X38.875 Y86.624 E3200.99382
G1 X38.7 Y86.287 E3201.00329
G1 X38.7 Y13.8 E3202.81149
G1 X38.749 Y13.561 E3202.81757
G1 X38.875 Y13.375 E3202.82318
G1 X39.061 Y13.249 E3202.82878
G1 X39.226 Y13.2 E3202.83307
G1 X41.3 Y13.2 E3202.88481
G1 X41.3 Y11.5 E3202.92722
G1 X37.166 Y11.5 E3203.03034
G1 X37.051 Y11.55 E3203.03347
G1 X37 Y11.66 E3203.03649
G1 X37 Y88.318 E3204.94873
G1 X37.054 Y88.441 E3204.95208
G1 X37.174 Y88.496 E3204.95538
G1 X45.168 Y88.5 E3205.15479
G1 X45.168 Y86.8 E3205.1972
G1 X39.3 Y86.8 E3205.34357
G1 X39.061 Y86.751 E3205.34966
G0 F7200 X39.244 Y86.4
;TYPE:WALL-OUTER
G1 F1200 X39.158 Y86.342 E3205.35225
G1 X39.103 Y86.235 E3205.35525
G1 X39.1 Y13.744 E3207.16354
G1 X39.158 Y13.658 E3207.16613
G1 X39.265 Y13.603 E3207.16913
G1 X41.7 Y13.6 E3207.22987
G1 X41.7 Y11.1 E3207.29224
G1 X37.085 Y11.1 E3207.40736
G1 X36.825 Y11.21 E3207.4144
G1 X36.716 Y11.317 E3207.41821
G1 X36.6 Y11.575 E3207.42527
G1 X36.6 Y88.367 E3209.34085
G1 X36.652 Y88.578 E3209.34627
G1 X36.8 Y88.765 E3209.35222
G1 X37.088 Y88.896 E3209.36011
G1 X45.568 Y88.9 E3209.57165
G1 X45.568 Y86.4 E3209.63401
G1 X39.244 Y86.4 E3209.79176
G0 F7200 X39.158 Y86.342
G0 X39.114 Y86.257
G0 X38.39 Y86.257
G0 X37.865 Y13.636
;TYPE:SKIN
G1 F648.6 X37.85 Y13.796 E3209.79732
G1 F665.4 X37.851 Y50.072 E3211.02121
G1 F663 X37.852 Y86.348 E3212.24963
G0 F7200 X38.462 Y87.038
G0 X44.318 Y87.65
G1 F669.1 X39.296 Y87.648 E3212.41812
G1 F652.2 X39.13 Y87.632 E3212.42386
G0 F7200 X38.876 Y87.083
G1 F900 X39.259 Y87.176 E3212.43369
G1 X44.788 Y87.18 E3212.57161
G1 X44.788 Y88.12 E3212.59506
G1 X37.38 Y88.116 E3212.77986
G1 X37.381 Y11.881 E3214.68155
G1 X40.92 Y11.88 E3214.76983
G1 X40.92 Y12.82 E3214.79328
G1 X39.169 Y12.822 E3214.83695
G1 X38.878 Y12.915 E3214.84458
G1 X38.606 Y13.106 E3214.85287
G1 X38.418 Y13.375 E3214.86105
G1 X38.324 Y13.759 E3214.87091
G1 X38.322 Y86.343 E3216.68153
G1 X38.584 Y86.881 E3216.69646
G1 X38.876 Y87.083 E3216.70531
G0 F7200 X38.843 Y87.304
G1 F900 X38.232 Y87.916 E3216.72689
G0 F7200 X37.666 Y87.916
G1 F900 X38.512 Y87.07 E3216.75673
G0 F7200 X38.289 Y86.727
G1 F900 X37.58 Y87.437 E3216.78176
G0 F7200 X37.58 Y86.871
G1 F900 X37.815 Y86.636 E3216.79005
G0 F7200 X38.073 Y13.405
G1 F900 X38.349 Y13.129 E3216.79979
G0 F7200 X38.63 Y12.847
G1 F900 X39.398 Y12.08 E3216.82686
G0 F7200 X39.418 Y12.625
G1 F900 X39.964 Y12.08 E3216.84611
G0 F7200 X39.986 Y12.623
G1 F900 X40.529 Y12.08 E3216.86526
G0 F7200 X40.72 Y12.454
G1 F900 X40.554 Y12.62 E3216.87112
G0 F7200 X38.831 Y12.08
G1 F900 X37.644 Y13.267 E3216.91299
G0 F7200 X37.581 Y12.765
G1 F900 X38.266 Y12.08 E3216.93716
G0 F7200 X37.7 Y12.08
G1 F900 X37.581 Y12.199 E3216.94136
G0 F7200 X37.611 Y12.199
G1 F1500 E3210.44136
G0 F7200 X38.876 Y86.624
G0 X39.953 Y85.547
G0 X46.421 Y85.547
G0 X53.567 Y86.624
G0 X54.662 Y86.624
G0 X61.124 Y87.11
G0 X61.124 Y86.625
;TYPE:WALL-INNER
G1 F1500 E3216.94136
G1 F2400 X60.787 Y86.8 E3216.95083
G1 X54.832 Y86.8 E3217.09938
G1 X54.832 Y88.5 E3217.14178
G1 X62.814 Y88.496 E3217.3409
G1 X62.958 Y88.423 E3217.34492
G1 X62.996 Y88.337 E3217.34727
G1 X62.996 Y11.677 E3219.25956
G1 X62.943 Y11.557 E3219.26283
G1 X62.819 Y11.5 E3219.26624
G1 X58.7 Y11.5 E3219.36899
G1 X58.7 Y13.2 E3219.41139
G1 X60.7 Y13.2 E3219.46128
G1 X61.124 Y13.375 E3219.47272
G1 X61.251 Y13.561 E3219.47834
G1 X61.3 Y13.8 E3219.48443
G1 X61.3 Y86.278 E3221.2924
G1 X61.251 Y86.439 E3221.2966
G1 X61.124 Y86.625 E3221.30222
G0 F7200 X60.898 Y86.235
;TYPE:WALL-OUTER
G1 F1200 X60.842 Y86.342 E3221.30523
G1 X60.735 Y86.397 E3221.30823
G1 X54.432 Y86.4 E3221.46546
G1 X54.432 Y88.9 E3221.52782
G1 X62.866 Y88.896 E3221.73821
G1 X63.076 Y88.841 E3221.74362
G1 X63.284 Y88.674 E3221.75028
G1 X63.396 Y88.421 E3221.75718
G1 X63.396 Y11.629 E3223.67276
G1 X63.344 Y11.419 E3223.67816
G1 X63.197 Y11.234 E3223.68405
G1 X62.907 Y11.1 E3223.69202
G1 X58.3 Y11.1 E3223.80695
G1 X58.3 Y13.6 E3223.86931
G1 X60.7 Y13.6 E3223.92918
G1 X60.842 Y13.658 E3223.933
G1 X60.9 Y13.8 E3223.93683
G1 X60.898 Y86.235 E3225.74373
G0 F7200 X60.842 Y86.342
G0 X60.772 Y86.378
G0 X61.61 Y86.378
G0 X62.131 Y13.631
;TYPE:SKIN
G1 F651 X62.148 Y13.796 E3225.74945
G1 F670.4 X62.147 Y37.991 E3226.55971
G1 F666.7 X62.145 Y62.186 E3227.3745
G1 F663 X62.144 Y86.381 E3228.19381
G0 F7200 X61.538 Y87.038
G0 X55.682 Y87.65
G1 F666.7 X60.859 Y87.642 E3228.36815
G0 F7200 X61.382 Y86.911
G1 F900 X61.583 Y86.62 E3228.37697
G1 X61.678 Y86.339 E3228.38437
G1 X61.676 Y13.757 E3230.19494
G1 X61.578 Y13.371 E3230.20487
G1 X61.378 Y13.082 E3230.21364
G1 X60.738 Y12.82 E3230.23089
G1 X59.08 Y12.82 E3230.27225
G1 X59.08 Y11.88 E3230.2957
G1 X62.616 Y11.88 E3230.38391
G1 X62.616 Y88.112 E3232.28552
G1 X55.212 Y88.12 E3232.47021
G1 X55.212 Y87.18 E3232.49366
G1 X60.843 Y87.178 E3232.63413
G1 X61.382 Y86.911 E3232.64913
G0 F7200 X61.382 Y87.11
G0 X61.994 Y87.912
G1 F900 X62.416 Y87.491 E3232.664
G0 F7200 X62.416 Y86.925
G1 F900 X61.428 Y87.913 E3232.69886
G0 F7200 X61.135 Y87.64
G1 F900 X62.116 Y86.659 E3232.73346
G1 X62.186 Y86.589
G0 F7200 X61.841 Y13.395
G1 F900 X62.416 Y12.82 E3232.75375
G0 F7200 X62.416 Y12.254
G1 F900 X61.607 Y13.064 E3232.78231
G0 F7200 X61.279 Y12.826
G1 F900 X62.025 Y12.08 E3232.80862
G0 F7200 X61.459 Y12.08
G1 F900 X60.877 Y12.662 E3232.82915
G0 F7200 X60.353 Y12.62
G1 F900 X60.893 Y12.08 E3232.8482
G0 F7200 X60.328 Y12.08
G1 F900 X59.787 Y12.62 E3232.86727
G0 F7200 X59.28 Y12.562
G1 F900 X59.762 Y12.08 E3232.88428
G0 F7200 X59.762 Y12.11
G1 F1500 E3226.38428
;MESH:NONMESH
G0 F600 Z7.235
G0 F7200 X58.524 Y13.376
G0 X58.524 Y14.465
G0 X45.344 Y85.535
G0 X45.344 Y86.624
G0 X39.061 Y87.11
G0 X39.061 Y86.751
;TIME_ELAPSED:7112.117849
;LAYER:40
;TYPE:WALL-INNER
;MESH:luckfox_bottom.stl
G1 F1500 E3232.88428
G1 F2400 X38.875 Y86.624 E3232.88989
G1 X38.7 Y86.287 E3232.89937
G1 X38.7 Y13.8 E3234.70756
G1 X38.749 Y13.561 E3234.71365
G1 X38.875 Y13.375 E3234.71925
G1 X39.061 Y13.249 E3234.72486
G1 X39.226 Y13.2 E3234.72915
G1 X41.3 Y13.2 E3234.78089
G1 X41.3 Y11.5 E3234.82329
G1 X37.144 Y11.5 E3234.92696
G1 X37.028 Y11.579 E3234.93047
G1 X37 Y11.673 E3234.93291
G1 X37 Y88.311 E3236.84465
G1 X37.062 Y88.457 E3236.84861
G1 X37.139 Y88.496 E3236.85076
G1 X45.032 Y88.5 E3237.04766
G1 X45.032 Y86.8 E3237.09006
G1 X39.3 Y86.8 E3237.23305
G1 X39.061 Y86.751 E3237.23913
G0 F7200 X39.244 Y86.4
;TYPE:WALL-OUTER
G1 F1200 X39.158 Y86.342 E3237.24172
G1 X39.103 Y86.235 E3237.24472
G1 X39.1 Y13.744 E3239.05302
G1 X39.158 Y13.658 E3239.05561
G1 X39.265 Y13.603 E3239.05861
G1 X41.7 Y13.6 E3239.11935
G1 X41.7 Y11.1 E3239.18171
G1 X37.08 Y11.1 E3239.29696
G1 X36.924 Y11.152 E3239.30106
G1 X36.729 Y11.302 E3239.3072
G1 X36.6 Y11.619 E3239.31573
G1 X36.6 Y88.359 E3241.23002
G1 X36.654 Y88.574 E3241.23555
G1 X36.776 Y88.744 E3241.24077
G1 X36.918 Y88.846 E3241.24513
G1 X37.079 Y88.896 E3241.24934
G1 X45.432 Y88.9 E3241.4577
G1 X45.432 Y86.4 E3241.52007
G1 X39.244 Y86.4 E3241.67443
G0 F7200 X39.158 Y86.342
G0 X39.114 Y86.257
G0 X38.39 Y86.257
G0 X37.862 Y13.644
;TYPE:SKIN
G1 F645.2 X37.848 Y13.796 E3241.67974
G1 F661.8 X37.852 Y86.348 E3244.14109
G0 F7200 X38.462 Y87.038
G0 X44.182 Y87.65
G1 F669.1 X39.296 Y87.648 E3244.30502
G1 F652.2 X39.13 Y87.632 E3244.31076
G0 F7200 X38.876 Y87.083
G1 F900 X39.259 Y87.176 E3244.32059
G1 X44.652 Y87.18 E3244.45512
G1 X44.652 Y88.12 E3244.47857
G1 X37.38 Y88.116 E3244.65997
G1 X37.377 Y11.877 E3246.56176
G1 X40.92 Y11.88 E3246.65014
G1 X40.92 Y12.82 E3246.67359
G1 X39.169 Y12.822 E3246.71727
G1 X38.878 Y12.915 E3246.72489
G1 X38.606 Y13.106 E3246.73318
G1 X38.418 Y13.375 E3246.74137
G1 X38.324 Y13.759 E3246.75123
G1 X38.322 Y86.343 E3248.56184
G1 X38.584 Y86.881 E3248.57677
G1 X38.876 Y87.083 E3248.58563
G0 F7200 X38.876 Y87.11
G0 X38.135 Y87.915
G1 F900 X37.58 Y87.36 E3248.60521
G0 F7200 X37.58 Y86.795
G1 F900 X38.702 Y87.917 E3248.64479
G0 F7200 X38.869 Y87.518
G1 F900 X37.957 Y86.606 E3248.67696
G1 X37.887 Y86.536
G0 F7200 X38.211 Y13.321
G1 F900 X37.577 Y12.687 E3248.69933
G0 F7200 X37.577 Y12.121
G1 F900 X38.447 Y12.991 E3248.73002
G0 F7200 X38.769 Y12.747
G1 F900 X38.1 Y12.078 E3248.75362
G0 F7200 X38.666 Y12.079
G1 F900 X39.212 Y12.625 E3248.77288
G0 F7200 X39.232 Y12.079
G1 F900 X39.775 Y12.623 E3248.79206
G0 F7200 X39.798 Y12.08
G1 F900 X40.339 Y12.62 E3248.81112
G0 F7200 X40.72 Y12.436
G1 F900 X40.364 Y12.08 E3248.82368
G0 F7200 X40.363 Y12.111
G1 F1500 E3242.32368
G0 F7200 X41.476 Y13.376
G0 X42.565 Y13.376
G0 X57.447 Y14.453
G0 X60.047 Y14.453
G0 X61.124 Y13.376
G0 X61.124 Y87.11
G0 X61.124 Y86.625
;TYPE:WALL-INNER
G1 F1500 E3248.82368
G1 F2400 X60.787 Y86.8 E3248.83315
G1 X54.965 Y86.8 E3248.97838
G1 X54.968 Y88.5 E3249.02079
G1 X62.821 Y88.495 E3249.21669
G1 X62.969 Y88.427 E3249.22075
G1 X62.996 Y88.323 E3249.22343
G1 X62.996 Y11.685 E3251.13517
G1 X62.933 Y11.536 E3251.13921
G1 X62.856 Y11.5 E3251.14133
G1 X58.7 Y11.5 E3251.245
G1 X58.7 Y13.2 E3251.28741
G1 X60.7 Y13.2 E3251.3373
G1 X61.124 Y13.375 E3251.34874
G1 X61.251 Y13.561 E3251.35436
G1 X61.3 Y13.8 E3251.36044
G1 X61.3 Y86.278 E3253.16841
G1 X61.251 Y86.439 E3253.17261
G1 X61.124 Y86.625 E3253.17823
G0 F7200 X60.898 Y86.235
;TYPE:WALL-OUTER
G1 F1200 X60.842 Y86.342 E3253.18124
G1 X60.735 Y86.397 E3253.18424
G1 X54.565 Y86.4 E3253.33815
G1 X54.568 Y88.9 E3253.40052
G1 X62.868 Y88.895 E3253.60756
G1 X63.079 Y88.843 E3253.61298
G1 X63.269 Y88.699 E3253.61893
G1 X63.396 Y88.377 E3253.62756
G1 X63.396 Y11.637 E3255.54185
G1 X63.343 Y11.421 E3255.5474
G1 X63.217 Y11.246 E3255.55278
G1 X62.92 Y11.1 E3255.56103
G1 X58.3 Y11.1 E3255.67628
G1 X58.3 Y13.6 E3255.73864
G1 X60.7 Y13.6 E3255.79851
G1 X60.842 Y13.658 E3255.80234
G1 X60.9 Y13.8 E3255.80616
G1 X60.898 Y86.235 E3257.61306
G0 F7200 X60.842 Y86.342
G0 X60.772 Y86.378
G0 X61.61 Y86.378
G0 X62.133 Y13.621
;TYPE:SKIN
G1 F658.1 X62.146 Y13.752 E3257.61755
G1 F672.9 X62.146 Y31.909 E3258.22334
G1 F669.1 X62.145 Y50.066 E3258.83253
G1 F666.7 X62.145 Y68.223 E3259.44399
G1 F663 X62.144 Y86.38 E3260.05884
G0 F7200 X61.538 Y87.038
G0 X55.814 Y87.65
G1 F666.7 X60.859 Y87.642 E3260.22873
G0 F7200 X61.382 Y86.911
G1 F900 X61.583 Y86.62 E3260.23755
G1 X61.678 Y86.339 E3260.24495
G1 X61.676 Y13.757 E3262.05552
G1 X61.578 Y13.371 E3262.06545
G1 X61.377 Y13.082 E3262.07423
G1 X60.738 Y12.82 E3262.09146
G1 X59.08 Y12.82 E3262.13282
G1 X59.08 Y11.88 E3262.15627
G1 X62.612 Y11.88 E3262.24437
G1 X62.616 Y88.112 E3264.14599
G1 X55.344 Y88.12 E3264.32739
G1 X55.344 Y87.18 E3264.35084
G1 X60.843 Y87.178 E3264.48801
G1 X61.382 Y86.911 E3264.50302
G0 F7200 X61.159 Y87.746
G1 F900 X61.325 Y87.912 E3264.50887
G0 F7200 X61.89 Y87.912
G1 F900 X61.199 Y87.221 E3264.53325
G0 F7200 X61.553 Y87.009
G1 F900 X62.416 Y87.872 E3264.56369
G0 F7200 X62.416 Y87.306
G1 F900 X61.786 Y86.676 E3264.58592
G1 X61.716 Y86.606
G0 F7200 X62.014 Y13.365
G1 F900 X60.729 Y12.08 E3264.63125
G0 F7200 X60.703 Y12.62
G1 F900 X60.163 Y12.08 E3264.6503
G0 F7200 X60.137 Y12.62
G1 F900 X59.598 Y12.08 E3264.66933
G0 F7200 X59.28 Y12.328
G1 F900 X59.572 Y12.62 E3264.67963
G0 F7200 X61.295 Y12.08
G1 F900 X62.412 Y13.197 E3264.71904
G0 F7200 X62.412 Y12.632
G1 F900 X61.861 Y12.08 E3264.73849
G0 F7200 X61.861 Y12.11
G1 F1500 E3258.23849
;MESH:NONMESH
G0 F600 Z7.385
G0 F7200 X61.124 Y86.624
G0 X60.047 Y85.547
G0 X53.714 Y85.547
G0 X46.297 Y86.63
G0 X45.222 Y86.631
G0 X39.061 Y87.11
G0 X39.061 Y86.751
;TIME_ELAPSED:7183.012237
;LAYER:41
;TYPE:WALL-INNER
;MESH:luckfox_bottom.stl
G1 F1500 E3264.73849
G1 F2400 X38.875 Y86.624 E3264.74411
G1 X38.7 Y86.287 E3264.75359
G1 X38.7 Y13.8 E3266.56178
G1 X38.749 Y13.561 E3266.56787
G1 X38.875 Y13.375 E3266.57347
G1 X39.061 Y13.249 E3266.57908
G1 X39.226 Y13.2 E3266.58337
G1 X41.3 Y13.2 E3266.6351
G1 X41.3 Y11.5 E3266.67751
G1 X37.143 Y11.5 E3266.78121
G1 X37.06 Y11.538 E3266.78349
G1 X37 Y11.638 E3266.78639
G1 X37 Y88.311 E3268.69901
G1 X37.027 Y88.418 E3268.70176
G1 X37.141 Y88.496 E3268.70521
G1 X44.952 Y88.5 E3268.90005
G1 X44.952 Y86.8 E3268.94246
G1 X39.3 Y86.8 E3269.08345
G1 X39.061 Y86.751 E3269.08954
G0 F7200 X39.244 Y86.4
;TYPE:WALL-OUTER
G1 F1200 X39.158 Y86.342 E3269.09212
G1 X39.103 Y86.235 E3269.09513
G1 X39.1 Y13.744 E3270.90342
G1 X39.158 Y13.658 E3270.90601
G1 X39.265 Y13.603 E3270.90901
G1 X41.7 Y13.6 E3270.96975
G1 X41.7 Y11.1 E3271.03211
G1 X37.08 Y11.1 E3271.14736
G1 X36.778 Y11.246 E3271.15573
G1 X36.652 Y11.417 E3271.16103
G1 X36.6 Y11.573 E3271.16513
G1 X36.6 Y88.362 E3273.08064
G1 X36.719 Y88.684 E3273.0892
G1 X36.928 Y88.848 E3273.09583
G1 X37.079 Y88.896 E3273.09978
G1 X45.352 Y88.9 E3273.30615
G1 X45.352 Y86.4 E3273.36851
G1 X39.244 Y86.4 E3273.52088
G0 F7200 X39.158 Y86.342
G0 X39.114 Y86.257
G0 X38.876 Y87.083
;TYPE:SKIN
G1 F900 X39.259 Y87.176 E3273.53071
G1 X44.572 Y87.18 E3273.66324
G1 X44.572 Y88.12 E3273.68669
G1 X37.38 Y88.116 E3273.8661
G1 X37.381 Y11.881 E3275.76779
G1 X40.92 Y11.88 E3275.85607
G1 X40.92 Y12.82 E3275.87952
G1 X39.169 Y12.822 E3275.9232
G1 X38.878 Y12.915 E3275.93082
G1 X38.606 Y13.106 E3275.93911
G1 X38.418 Y13.375 E3275.94729
G1 X38.324 Y13.759 E3275.95716
G1 X38.322 Y86.343 E3277.76777
G1 X38.584 Y86.881 E3277.7827
G1 X38.876 Y87.083 E3277.79155
G0 F7200 X38.876 Y87.11
G0 X43.884 Y87.92
G1 F900 X44.372 Y87.432 E3277.80877
G0 F7200 X43.859 Y87.38
G1 F900 X43.319 Y87.92 E3277.82782
G0 F7200 X43.293 Y87.38
G1 F900 X42.754 Y87.92 E3277.84685
G0 F7200 X42.728 Y87.38
G1 F900 X42.188 Y87.92 E3277.8659
G0 F7200 X42.162 Y87.38
G1 F900 X41.623 Y87.919 E3277.88492
G0 F7200 X41.596 Y87.38
G1 F900 X41.057 Y87.919 E3277.90393
G0 F7200 X41.031 Y87.38
G1 F900 X40.492 Y87.918 E3277.92293
G0 F7200 X40.465 Y87.38
G1 F900 X39.927 Y87.918 E3277.94191
G0 F7200 X39.899 Y87.38
G1 F900 X39.362 Y87.917 E3277.96085
G0 F7200 X39.334 Y87.38
G1 F900 X38.796 Y87.917 E3277.97981
G0 F7200 X38.231 Y87.917
G1 F900 X38.872 Y87.275 E3278.00244
G0 F7200 X38.512 Y87.07
G1 F900 X37.665 Y87.917 E3278.03232
G0 F7200 X37.581 Y87.436
G1 F900 X38.289 Y86.727 E3278.05732
G0 F7200 X38.125 Y86.326
G1 F900 X37.581 Y86.87 E3278.07651
G0 F7200 X37.581 Y86.305
G1 F900 X38.125 Y85.76 E3278.09572
G0 F7200 X37.581 Y85.739
G1 F900 X38.125 Y85.194 E3278.11493
G0 F7200 X37.581 Y85.173
G1 F900 X38.125 Y84.629 E3278.13412
G0 F7200 X37.581 Y84.607
G1 F900 X38.125 Y84.063 E3278.15331
G0 F7200 X37.581 Y84.042
G1 F900 X38.125 Y83.497 E3278.17252
G0 F7200 X37.581 Y83.476
G1 F900 X38.125 Y82.932 E3278.19171
G0 F7200 X37.581 Y82.91
G1 F900 X38.125 Y82.366 E3278.2109
G0 F7200 X37.581 Y82.345
G1 F900 X38.125 Y81.8 E3278.23011
G0 F7200 X37.581 Y81.779
G1 F900 X38.125 Y81.235 E3278.2493
G0 F7200 X37.581 Y81.213
G1 F900 X38.125 Y80.669 E3278.26849
G0 F7200 X37.581 Y80.648
G1 F900 X38.125 Y80.103 E3278.2877
G0 F7200 X37.581 Y80.082
G1 F900 X38.125 Y79.537 E3278.30691
G0 F7200 X37.581 Y79.516
G1 F900 X38.124 Y78.973 E3278.32606
G0 F7200 X37.581 Y78.951
G1 F900 X38.124 Y78.407 E3278.34524
G0 F7200 X37.581 Y78.385
G1 F900 X38.124 Y77.841 E3278.36441
G0 F7200 X37.581 Y77.819
G1 F900 X38.124 Y77.275 E3278.38359
G0 F7200 X37.581 Y77.254
G1 F900 X38.124 Y76.71 E3278.40276
G0 F7200 X37.581 Y76.688
G1 F900 X38.124 Y76.144 E3278.42193
G0 F7200 X37.581 Y76.122
G1 F900 X38.124 Y75.578 E3278.44111
G0 F7200 X37.581 Y75.556
G1 F900 X38.124 Y75.013 E3278.46026
G0 F7200 X37.581 Y74.991
G1 F900 X38.124 Y74.447 E3278.47943
G0 F7200 X37.581 Y74.425
G1 F900 X38.124 Y73.881 E3278.49861
G0 F7200 X37.581 Y73.859
G1 F900 X38.124 Y73.316 E3278.51776
G0 F7200 X37.581 Y73.294
G1 F900 X38.124 Y72.75 E3278.53694
G0 F7200 X37.581 Y72.728
G1 F900 X38.124 Y72.184 E3278.55611
G0 F7200 X37.581 Y72.162
G1 F900 X38.124 Y71.619 E3278.57527
G0 F7200 X37.581 Y71.597
G1 F900 X38.124 Y71.054 E3278.59442
G0 F7200 X37.581 Y71.031
G1 F900 X38.124 Y70.488 E3278.61358
G0 F7200 X37.581 Y70.465
G1 F900 X38.124 Y69.922 E3278.63273
G0 F7200 X37.581 Y69.9
G1 F900 X38.124 Y69.357 E3278.65189
G0 F7200 X37.581 Y69.334
G1 F900 X38.124 Y68.791 E3278.67105
G0 F7200 X37.581 Y68.768
G1 F900 X38.124 Y68.225 E3278.6902
G0 F7200 X37.581 Y68.203
G1 F900 X38.124 Y67.66 E3278.70936
G0 F7200 X37.581 Y67.637
G1 F900 X38.124 Y67.094 E3278.72851
G0 F7200 X37.581 Y67.071
G1 F900 X38.124 Y66.528 E3278.74767
G0 F7200 X37.581 Y66.506
G1 F900 X38.124 Y65.962 E3278.76684
G0 F7200 X37.581 Y65.94
G1 F900 X38.124 Y65.397 E3278.786
G0 F7200 X37.581 Y65.374
G1 F900 X38.124 Y64.831 E3278.80515
G0 F7200 X37.581 Y64.808
G1 F900 X38.123 Y64.266 E3278.82427
G0 F7200 X37.581 Y64.243
G1 F900 X38.123 Y63.7 E3278.84341
G0 F7200 X37.581 Y63.677
G1 F900 X38.123 Y63.135 E3278.86253
G0 F7200 X37.581 Y63.111
G1 F900 X38.123 Y62.569 E3278.88165
G0 F7200 X37.581 Y62.546
G1 F900 X38.123 Y62.003 E3278.90079
G0 F7200 X37.581 Y61.98
G1 F900 X38.123 Y61.438 E3278.91991
G0 F7200 X37.581 Y61.414
G1 F900 X38.123 Y60.872 E3278.93903
G0 F7200 X37.581 Y60.849
G1 F900 X38.123 Y60.306 E3278.95817
G0 F7200 X37.581 Y60.283
G1 F900 X38.123 Y59.741 E3278.97729
G0 F7200 X37.581 Y59.717
G1 F900 X38.123 Y59.175 E3278.99641
G0 F7200 X37.581 Y59.152
G1 F900 X38.123 Y58.609 E3279.01555
G0 F7200 X37.581 Y58.586
G1 F900 X38.123 Y58.044 E3279.03467
G0 F7200 X37.581 Y58.02
G1 F900 X38.123 Y57.478 E3279.05379
G0 F7200 X37.581 Y57.455
G1 F900 X38.122 Y56.913 E3279.07289
G0 F7200 X37.581 Y56.889
G1 F900 X38.122 Y56.347 E3279.092
G0 F7200 X37.581 Y56.323
G1 F900 X38.122 Y55.782 E3279.11108
G0 F7200 X37.581 Y55.757
G1 F900 X38.122 Y55.216 E3279.13017
G0 F7200 X37.581 Y55.192
G1 F900 X38.122 Y54.65 E3279.14927
G0 F7200 X37.581 Y54.626
G1 F900 X38.122 Y54.084 E3279.16837
G0 F7200 X37.581 Y54.06
G1 F900 X38.122 Y53.519 E3279.18746
G0 F7200 X37.581 Y53.495
G1 F900 X38.122 Y52.953 E3279.20656
G0 F7200 X37.581 Y52.929
G1 F900 X38.122 Y52.387 E3279.22566
G0 F7200 X37.581 Y52.363
G1 F900 X38.122 Y51.822 E3279.24475
G0 F7200 X37.581 Y51.798
G1 F900 X38.122 Y51.256 E3279.26385
G0 F7200 X37.581 Y51.232
G1 F900 X38.122 Y50.69 E3279.28295
G0 F7200 X37.581 Y50.666
G1 F900 X38.122 Y50.125 E3279.30204
G0 F7200 X37.581 Y50.101
G1 F900 X38.122 Y49.56 E3279.32113
G0 F7200 X37.581 Y49.535
G1 F900 X38.122 Y48.994 E3279.34021
G0 F7200 X37.581 Y48.969
G1 F900 X38.122 Y48.428 E3279.3593
G0 F7200 X37.581 Y48.404
G1 F900 X38.122 Y47.863 E3279.37838
G0 F7200 X37.581 Y47.838
G1 F900 X38.122 Y47.297 E3279.39747
G0 F7200 X37.581 Y47.272
G1 F900 X38.122 Y46.731 E3279.41655
G0 F7200 X37.581 Y46.707
G1 F900 X38.122 Y46.166 E3279.43564
G0 F7200 X37.581 Y46.141
G1 F900 X38.122 Y45.6 E3279.45472
G0 F7200 X37.581 Y45.575
G1 F900 X38.122 Y45.034 E3279.47381
G0 F7200 X37.581 Y45.009
G1 F900 X38.122 Y44.469 E3279.49287
G0 F7200 X37.581 Y44.444
G1 F900 X38.122 Y43.903 E3279.51196
G0 F7200 X37.581 Y43.878
G1 F900 X38.122 Y43.337 E3279.53105
G0 F7200 X37.581 Y43.312
G1 F900 X38.122 Y42.771 E3279.55013
G0 F7200 X37.581 Y42.747
G1 F900 X38.121 Y42.206 E3279.5692
G0 F7200 X37.581 Y42.181
G1 F900 X38.121 Y41.641 E3279.58825
G0 F7200 X37.581 Y41.615
G1 F900 X38.121 Y41.075 E3279.6073
G0 F7200 X37.581 Y41.05
G1 F900 X38.121 Y40.509 E3279.62637
G0 F7200 X37.581 Y40.484
G1 F900 X38.121 Y39.944 E3279.64542
G0 F7200 X37.581 Y39.918
G1 F900 X38.121 Y39.378 E3279.66447
G0 F7200 X37.581 Y39.353
G1 F900 X38.121 Y38.812 E3279.68353
G0 F7200 X37.581 Y38.787
G1 F900 X38.121 Y38.247 E3279.70258
G0 F7200 X37.581 Y38.221
G1 F900 X38.121 Y37.681 E3279.72163
G0 F7200 X37.581 Y37.656
G1 F900 X38.121 Y37.115 E3279.7407
G0 F7200 X37.581 Y37.09
G1 F900 X38.121 Y36.55 E3279.75975
G0 F7200 X37.581 Y36.524
G1 F900 X38.121 Y35.984 E3279.7788
G0 F7200 X37.581 Y35.959
G1 F900 X38.121 Y35.418 E3279.79787
G0 F7200 X37.581 Y35.393
G1 F900 X38.12 Y34.853 E3279.8169
G0 F7200 X37.581 Y34.827
G1 F900 X38.12 Y34.288 E3279.83592
G0 F7200 X37.581 Y34.261
G1 F900 X38.12 Y33.722 E3279.85493
G0 F7200 X37.581 Y33.696
G1 F900 X38.12 Y33.156 E3279.87396
G0 F7200 X37.581 Y33.13
G1 F900 X38.12 Y32.591 E3279.89298
G0 F7200 X37.581 Y32.564
G1 F900 X38.12 Y32.025 E3279.91199
G0 F7200 X37.581 Y31.999
G1 F900 X38.12 Y31.459 E3279.93102
G0 F7200 X37.581 Y31.433
G1 F900 X38.12 Y30.893 E3279.95006
G0 F7200 X37.581 Y30.867
G1 F900 X38.12 Y30.328 E3279.96907
G0 F7200 X37.581 Y30.302
G1 F900 X38.12 Y29.762 E3279.9881
G0 F7200 X37.581 Y29.736
G1 F900 X38.12 Y29.196 E3280.00714
G0 F7200 X37.581 Y29.17
G1 F900 X38.12 Y28.631 E3280.02615
G0 F7200 X37.581 Y28.605
G1 F900 X38.12 Y28.065 E3280.04518
G0 F7200 X37.581 Y28.039
G1 F900 X38.119 Y27.5 E3280.06418
G0 F7200 X37.581 Y27.473
G1 F900 X38.119 Y26.934 E3280.08318
G0 F7200 X37.581 Y26.908
G1 F900 X38.119 Y26.369 E3280.10217
G0 F7200 X37.581 Y26.342
G1 F900 X38.119 Y25.803 E3280.12117
G0 F7200 X37.581 Y25.776
G1 F900 X38.119 Y25.237 E3280.14017
G0 F7200 X37.581 Y25.21
G1 F900 X38.119 Y24.672 E3280.15915
G0 F7200 X37.581 Y24.645
G1 F900 X38.119 Y24.106 E3280.17814
G0 F7200 X37.581 Y24.079
G1 F900 X38.119 Y23.54 E3280.19714
G0 F7200 X37.581 Y23.513
G1 F900 X38.119 Y22.975 E3280.21612
G0 F7200 X37.581 Y22.948
G1 F900 X38.119 Y22.409 E3280.23512
G0 F7200 X37.581 Y22.382
G1 F900 X38.119 Y21.843 E3280.25411
G0 F7200 X37.581 Y21.816
G1 F900 X38.119 Y21.278 E3280.27309
G0 F7200 X37.581 Y21.251
G1 F900 X38.119 Y20.712 E3280.29209
G0 F7200 X37.581 Y20.685
G1 F900 X38.119 Y20.146 E3280.31109
G0 F7200 X37.581 Y20.119
G1 F900 X38.119 Y19.58 E3280.33009
G0 F7200 X37.581 Y19.554
G1 F900 X38.119 Y19.015 E3280.34908
G0 F7200 X37.581 Y18.988
G1 F900 X38.119 Y18.449 E3280.36808
G0 F7200 X37.581 Y18.422
G1 F900 X38.119 Y17.883 E3280.38708
G0 F7200 X37.581 Y17.857
G1 F900 X38.119 Y17.318 E3280.40607
G0 F7200 X37.581 Y17.291
G1 F900 X38.119 Y16.752 E3280.42507
G0 F7200 X37.581 Y16.725
G1 F900 X38.119 Y16.186 E3280.44407
G0 F7200 X37.581 Y16.16
G1 F900 X38.119 Y15.621 E3280.46306
G0 F7200 X37.581 Y15.594
G1 F900 X38.119 Y15.055 E3280.48206
G0 F7200 X37.581 Y15.028
G1 F900 X38.119 Y14.489 E3280.50106
G0 F7200 X37.581 Y14.462
G1 F900 X38.119 Y13.924 E3280.52004
G0 F7200 X37.581 Y13.897
G1 F900 X38.349 Y13.129 E3280.54713
G0 F7200 X38.63 Y12.847
G1 F900 X39.398 Y12.08 E3280.57421
G0 F7200 X39.418 Y12.625
G1 F900 X39.964 Y12.08 E3280.59345
G0 F7200 X39.986 Y12.623
G1 F900 X40.529 Y12.08 E3280.61261
G0 F7200 X40.72 Y12.454
G1 F900 X40.554 Y12.62 E3280.61846
G0 F7200 X38.831 Y12.08
G1 F900 X37.581 Y13.331 E3280.66258
G0 F7200 X37.581 Y12.765
G1 F900 X38.266 Y12.08 E3280.68674
G0 F7200 X37.7 Y12.08
G1 F900 X37.581 Y12.2 E3280.69096
G0 F7200 X37.611 Y12.2
G1 F1500 E3274.19096
G0 F7200 X38.876 Y86.624
G0 X39.953 Y85.547
G0 X46.206 Y85.547
G0 X53.783 Y86.625
G0 X54.871 Y86.624
G0 X61.124 Y87.11
G0 X61.124 Y86.625
;TYPE:WALL-INNER
G1 F1500 E3280.69096
G1 F2400 X60.787 Y86.8 E3280.70043
G1 X55.045 Y86.8 E3280.84367
G1 X55.048 Y88.5 E3280.88607
G1 X62.903 Y88.496 E3281.08202
G1 X62.996 Y88.358 E3281.08617
G1 X62.996 Y11.595 E3283.00103
G1 X62.857 Y11.5 E3283.00523
G1 X58.7 Y11.5 E3283.10893
G1 X58.7 Y13.2 E3283.15133
G1 X60.7 Y13.2 E3283.20122
G1 X61.124 Y13.375 E3283.21266
G1 X61.251 Y13.561 E3283.21828
G1 X61.3 Y13.8 E3283.22437
G1 X61.3 Y86.278 E3285.03234
G1 X61.251 Y86.439 E3285.03654
G1 X61.124 Y86.625 E3285.04216
G0 F7200 X60.898 Y86.235
;TYPE:WALL-OUTER
G1 F1200 X60.842 Y86.342 E3285.04517
G1 X60.735 Y86.397 E3285.04817
G1 X54.645 Y86.4 E3285.20008
G1 X54.648 Y88.9 E3285.26245
G1 X62.868 Y88.896 E3285.4675
G1 X63.088 Y88.842 E3285.47315
G1 X63.218 Y88.751 E3285.47711
G1 X63.344 Y88.579 E3285.48242
G1 X63.396 Y88.423 E3285.48653
G1 X63.396 Y11.633 E3287.40206
G1 X63.28 Y11.312 E3287.41057
G1 X63.069 Y11.148 E3287.41724
G1 X62.92 Y11.1 E3287.42115
G1 X58.3 Y11.1 E3287.53639
G1 X58.3 Y13.6 E3287.59876
G1 X60.7 Y13.6 E3287.65862
G1 X60.842 Y13.658 E3287.66245
G1 X60.9 Y13.8 E3287.66628
G1 X60.898 Y86.235 E3289.47317
G0 F7200 X60.842 Y86.342
G0 X60.772 Y86.378
G0 X61.381 Y86.913
;TYPE:SKIN
G1 F900 X61.583 Y86.62 E3289.48205
G1 X61.678 Y86.339 E3289.48945
G1 X61.676 Y13.757 E3291.30002
G1 X61.578 Y13.371 E3291.30995
G1 X61.377 Y13.082 E3291.31873
G1 X60.738 Y12.82 E3291.33596
G1 X59.08 Y12.82 E3291.37732
G1 X59.08 Y11.88 E3291.40077
G1 X62.612 Y11.88 E3291.48887
G1 X62.616 Y88.116 E3293.39059
G1 X55.424 Y88.12 E3293.56999
G1 X55.424 Y87.18 E3293.59344
G1 X60.843 Y87.178 E3293.72862
G1 X61.381 Y86.913 E3293.74358
G0 F7200 X61.381 Y87.11
G0 X62.416 Y87.491
G1 F900 X61.99 Y87.917 E3293.75861
G0 F7200 X61.424 Y87.917
G1 F900 X62.416 Y86.925 E3293.7936
G0 F7200 X62.416 Y86.36
G1 F900 X60.858 Y87.917 E3293.84855
G0 F7200 X60.835 Y87.375
G1 F900 X60.292 Y87.917 E3293.86769
G0 F7200 X60.269 Y87.375
G1 F900 X59.726 Y87.918 E3293.88684
G0 F7200 X59.702 Y87.376
G1 F900 X59.16 Y87.918 E3293.90596
G0 F7200 X59.136 Y87.376
G1 F900 X58.594 Y87.919 E3293.9251
G0 F7200 X58.57 Y87.377
G1 F900 X58.028 Y87.919 E3293.94422
G0 F7200 X58.004 Y87.377
G1 F900 X57.462 Y87.92 E3293.96336
G0 F7200 X57.438 Y87.378
G1 F900 X56.896 Y87.92 E3293.98248
G0 F7200 X56.871 Y87.379
G1 F900 X56.33 Y87.92 E3294.00157
G0 F7200 X56.305 Y87.379
G1 F900 X55.764 Y87.92 E3294.02065
G0 F7200 X55.624 Y87.495
G1 F900 X55.739 Y87.379 E3294.02473
G0 F7200 X61.538 Y87.038
G0 X61.875 Y86.335
G1 F900 X62.416 Y85.794 E3294.04381
G0 F7200 X61.875 Y85.769
G1 F900 X62.416 Y85.228 E3294.0629
G0 F7200 X61.875 Y85.204
G1 F900 X62.416 Y84.663 E3294.08198
G0 F7200 X61.875 Y84.638
G1 F900 X62.416 Y84.097 E3294.10107
G0 F7200 X61.875 Y84.072
G1 F900 X62.416 Y83.531 E3294.12015
G0 F7200 X61.875 Y83.506
G1 F900 X62.416 Y82.966 E3294.13922
G0 F7200 X61.875 Y82.941
G1 F900 X62.416 Y82.4 E3294.1583
G0 F7200 X61.875 Y82.375
G1 F900 X62.416 Y81.834 E3294.17739
G0 F7200 X61.875 Y81.809
G1 F900 X62.416 Y81.268 E3294.19647
G0 F7200 X61.875 Y81.244
G1 F900 X62.416 Y80.703 E3294.21556
G0 F7200 X61.875 Y80.678
G1 F900 X62.416 Y80.137 E3294.23465
G0 F7200 X61.875 Y80.112
G1 F900 X62.416 Y79.571 E3294.25373
G0 F7200 X61.875 Y79.547
G1 F900 X62.416 Y79.006 E3294.27282
G0 F7200 X61.875 Y78.98
G1 F900 X62.416 Y78.44 E3294.29188
G0 F7200 X61.875 Y78.415
G1 F900 X62.416 Y77.874 E3294.31097
G0 F7200 X61.875 Y77.849
G1 F900 X62.416 Y77.309 E3294.33004
G0 F7200 X61.875 Y77.283
G1 F900 X62.416 Y76.743 E3294.3491
G0 F7200 X61.875 Y76.718
G1 F900 X62.416 Y76.177 E3294.36819
G0 F7200 X61.875 Y76.152
G1 F900 X62.416 Y75.612 E3294.38726
G0 F7200 X61.875 Y75.586
G1 F900 X62.415 Y75.047 E3294.40629
G0 F7200 X61.875 Y75.02
G1 F900 X62.415 Y74.481 E3294.42532
G0 F7200 X61.875 Y74.455
G1 F900 X62.415 Y73.915 E3294.44437
G0 F7200 X61.875 Y73.889
G1 F900 X62.415 Y73.35 E3294.4634
G0 F7200 X61.875 Y73.323
G1 F900 X62.415 Y72.784 E3294.48244
G0 F7200 X61.875 Y72.758
G1 F900 X62.415 Y72.218 E3294.50149
G0 F7200 X61.875 Y72.192
G1 F900 X62.415 Y71.653 E3294.52052
G0 F7200 X61.875 Y71.626
G1 F900 X62.415 Y71.087 E3294.53955
G0 F7200 X61.876 Y71.06
G1 F900 X62.415 Y70.521 E3294.55856
G0 F7200 X61.876 Y70.494
G1 F900 X62.415 Y69.955 E3294.57758
G0 F7200 X61.876 Y69.929
G1 F900 X62.415 Y69.39 E3294.59659
G0 F7200 X61.876 Y69.363
G1 F900 X62.415 Y68.824 E3294.61561
G0 F7200 X61.876 Y68.797
G1 F900 X62.415 Y68.258 E3294.63462
G0 F7200 X61.876 Y68.232
G1 F900 X62.415 Y67.693 E3294.65364
G0 F7200 X61.876 Y67.666
G1 F900 X62.415 Y67.127 E3294.67265
G0 F7200 X61.876 Y67.1
G1 F900 X62.415 Y66.561 E3294.69167
G0 F7200 X61.876 Y66.535
G1 F900 X62.415 Y65.996 E3294.71068
G0 F7200 X61.876 Y65.969
G1 F900 X62.415 Y65.43 E3294.7297
G0 F7200 X61.876 Y65.403
G1 F900 X62.415 Y64.864 E3294.74871
G0 F7200 X61.876 Y64.837
G1 F900 X62.415 Y64.299 E3294.76771
G0 F7200 X61.876 Y64.272
G1 F900 X62.415 Y63.733 E3294.78672
G0 F7200 X61.876 Y63.706
G1 F900 X62.415 Y63.167 E3294.80574
G0 F7200 X61.876 Y63.14
G1 F900 X62.414 Y62.602 E3294.82472
G0 F7200 X61.877 Y62.574
G1 F900 X62.414 Y62.037 E3294.84366
G0 F7200 X61.877 Y62.008
G1 F900 X62.414 Y61.471 E3294.86261
G0 F7200 X61.877 Y61.443
G1 F900 X62.414 Y60.905 E3294.88157
G0 F7200 X61.877 Y60.877
G1 F900 X62.414 Y60.34 E3294.90051
G0 F7200 X61.877 Y60.311
G1 F900 X62.414 Y59.774 E3294.91946
G0 F7200 X61.877 Y59.746
G1 F900 X62.414 Y59.208 E3294.93842
G0 F7200 X61.877 Y59.18
G1 F900 X62.414 Y58.642 E3294.95738
G0 F7200 X61.877 Y58.614
G1 F900 X62.414 Y58.077 E3294.97632
G0 F7200 X61.877 Y58.049
G1 F900 X62.414 Y57.511 E3294.99529
G0 F7200 X61.877 Y57.483
G1 F900 X62.414 Y56.945 E3295.01425
G0 F7200 X61.877 Y56.917
G1 F900 X62.414 Y56.38 E3295.03319
G0 F7200 X61.877 Y56.351
G1 F900 X62.414 Y55.814 E3295.05214
G0 F7200 X61.877 Y55.786
G1 F900 X62.414 Y55.248 E3295.0711
G0 F7200 X61.877 Y55.22
G1 F900 X62.414 Y54.683 E3295.09004
G0 F7200 X61.878 Y54.654
G1 F900 X62.414 Y54.117 E3295.10897
G0 F7200 X61.878 Y54.088
G1 F900 X62.414 Y53.551 E3295.12789
G0 F7200 X61.878 Y53.522
G1 F900 X62.414 Y52.986 E3295.1468
G0 F7200 X61.878 Y52.957
G1 F900 X62.414 Y52.42 E3295.16573
G0 F7200 X61.878 Y52.391
G1 F900 X62.414 Y51.854 E3295.18466
G0 F7200 X61.878 Y51.825
G1 F900 X62.414 Y51.289 E3295.20356
G0 F7200 X61.878 Y51.26
G1 F900 X62.414 Y50.723 E3295.22249
G0 F7200 X61.878 Y50.694
G1 F900 X62.414 Y50.157 E3295.24142
G0 F7200 X61.878 Y50.128
G1 F900 X62.413 Y49.592 E3295.26031
G0 F7200 X61.878 Y49.563
G1 F900 X62.413 Y49.027 E3295.2792
G0 F7200 X61.878 Y48.997
G1 F900 X62.413 Y48.461 E3295.29809
G0 F7200 X61.878 Y48.431
G1 F900 X62.413 Y47.895 E3295.31698
G0 F7200 X61.878 Y47.865
G1 F900 X62.413 Y47.329 E3295.33587
G0 F7200 X61.878 Y47.3
G1 F900 X62.413 Y46.764 E3295.35477
G0 F7200 X61.878 Y46.734
G1 F900 X62.413 Y46.198 E3295.37366
G0 F7200 X61.878 Y46.168
G1 F900 X62.413 Y45.632 E3295.39255
G0 F7200 X61.878 Y45.602
G1 F900 X62.413 Y45.067 E3295.41142
G0 F7200 X61.878 Y45.036
G1 F900 X62.413 Y44.501 E3295.43029
G0 F7200 X61.878 Y44.471
G1 F900 X62.413 Y43.935 E3295.44919
G0 F7200 X61.878 Y43.905
G1 F900 X62.413 Y43.37 E3295.46806
G0 F7200 X61.878 Y43.339
G1 F900 X62.413 Y42.804 E3295.48693
G0 F7200 X61.878 Y42.774
G1 F900 X62.413 Y42.238 E3295.50582
G0 F7200 X61.878 Y42.208
G1 F900 X62.413 Y41.673 E3295.5247
G0 F7200 X61.878 Y41.642
G1 F900 X62.413 Y41.107 E3295.54357
G0 F7200 X61.878 Y41.077
G1 F900 X62.413 Y40.541 E3295.56246
G0 F7200 X61.878 Y40.511
G1 F900 X62.413 Y39.976 E3295.58134
G0 F7200 X61.878 Y39.945
G1 F900 X62.413 Y39.41 E3295.60021
G0 F7200 X61.878 Y39.379
G1 F900 X62.413 Y38.844 E3295.61908
G0 F7200 X61.878 Y38.814
G1 F900 X62.413 Y38.279 E3295.63796
G0 F7200 X61.879 Y38.247
G1 F900 X62.413 Y37.713 E3295.6568
G0 F7200 X61.879 Y37.682
G1 F900 X62.413 Y37.148 E3295.67563
G0 F7200 X61.879 Y37.116
G1 F900 X62.413 Y36.582 E3295.69447
G0 F7200 X61.879 Y36.55
G1 F900 X62.413 Y36.016 E3295.71331
G0 F7200 X61.879 Y35.985
G1 F900 X62.413 Y35.451 E3295.73215
G0 F7200 X61.879 Y35.419
G1 F900 X62.413 Y34.885 E3295.75099
G0 F7200 X61.879 Y34.853
G1 F900 X62.413 Y34.319 E3295.76983
G0 F7200 X61.879 Y34.288
G1 F900 X62.413 Y33.754 E3295.78866
G0 F7200 X61.879 Y33.722
G1 F900 X62.413 Y33.188 E3295.8075
G0 F7200 X61.879 Y33.156
G1 F900 X62.413 Y32.622 E3295.82634
G0 F7200 X61.879 Y32.591
G1 F900 X62.413 Y32.057 E3295.84518
G0 F7200 X61.879 Y32.025
G1 F900 X62.413 Y31.491 E3295.86402
G0 F7200 X61.879 Y31.459
G1 F900 X62.413 Y30.925 E3295.88285
G0 F7200 X61.879 Y30.893
G1 F900 X62.413 Y30.36 E3295.90168
G0 F7200 X61.879 Y30.328
G1 F900 X62.413 Y29.794 E3295.92051
G0 F7200 X61.88 Y29.761
G1 F900 X62.413 Y29.228 E3295.93932
G0 F7200 X61.88 Y29.196
G1 F900 X62.413 Y28.663 E3295.95812
G0 F7200 X61.88 Y28.63
G1 F900 X62.413 Y28.097 E3295.97692
G0 F7200 X61.88 Y28.064
G1 F900 X62.413 Y27.531 E3295.99573
G0 F7200 X61.88 Y27.499
G1 F900 X62.413 Y26.966 E3296.01453
G0 F7200 X61.88 Y26.933
G1 F900 X62.413 Y26.4 E3296.03333
G0 F7200 X61.88 Y26.367
G1 F900 X62.413 Y25.834 E3296.05213
G0 F7200 X61.88 Y25.802
G1 F900 X62.413 Y25.268 E3296.07096
G0 F7200 X61.88 Y25.236
G1 F900 X62.412 Y24.703 E3296.08974
G0 F7200 X61.88 Y24.67
G1 F900 X62.412 Y24.138 E3296.10851
G0 F7200 X61.88 Y24.105
G1 F900 X62.412 Y23.572 E3296.12729
G0 F7200 X61.88 Y23.539
G1 F900 X62.412 Y23.006 E3296.14608
G0 F7200 X61.88 Y22.973
G1 F900 X62.412 Y22.441 E3296.16485
G0 F7200 X61.88 Y22.408
G1 F900 X62.412 Y21.875 E3296.18363
G0 F7200 X61.88 Y21.841
G1 F900 X62.412 Y21.309 E3296.2024
G0 F7200 X61.88 Y21.275
G1 F900 X62.412 Y20.744 E3296.22115
G0 F7200 X61.88 Y20.71
G1 F900 X62.412 Y20.178 E3296.23992
G0 F7200 X61.88 Y20.144
G1 F900 X62.412 Y19.612 E3296.25869
G0 F7200 X61.88 Y19.578
G1 F900 X62.412 Y19.047 E3296.27744
G0 F7200 X61.88 Y19.013
G1 F900 X62.412 Y18.481 E3296.2962
G0 F7200 X61.88 Y18.447
G1 F900 X62.412 Y17.915 E3296.31497
G0 F7200 X61.88 Y17.881
G1 F900 X62.412 Y17.35 E3296.33372
G0 F7200 X61.88 Y17.316
G1 F900 X62.412 Y16.784 E3296.35249
G0 F7200 X61.88 Y16.75
G1 F900 X62.412 Y16.218 E3296.37126
G0 F7200 X61.88 Y16.184
G1 F900 X62.412 Y15.653 E3296.39001
G0 F7200 X61.88 Y15.619
G1 F900 X62.412 Y15.087 E3296.40877
G0 F7200 X61.88 Y15.053
G1 F900 X62.412 Y14.521 E3296.42754
G0 F7200 X61.88 Y14.487
G1 F900 X62.412 Y13.955 E3296.44631
G0 F7200 X61.88 Y13.922
G1 F900 X62.412 Y13.39 E3296.46508
G0 F7200 X62.412 Y12.824
G1 F900 X61.794 Y13.442 E3296.48688
G0 F7200 X61.606 Y13.065
G1 F900 X62.412 Y12.258 E3296.51533
G0 F7200 X62.025 Y12.08
G1 F900 X61.279 Y12.826 E3296.54165
G0 F7200 X60.877 Y12.662
G1 F900 X61.459 Y12.08 E3296.56218
G0 F7200 X60.893 Y12.08
G1 F900 X60.353 Y12.62 E3296.58123
G0 F7200 X60.328 Y12.08
G1 F900 X59.787 Y12.62 E3296.6003
G0 F7200 X59.28 Y12.562
G1 F900 X59.762 Y12.08 E3296.6173
G0 F7200 X59.762 Y12.11
G1 F1500 E3290.1173
;MESH:NONMESH
G0 F600 Z7.535
G0 F7200 X58.524 Y13.376
G0 X57.435 Y13.376
G0 X42.553 Y14.453
G0 X39.953 Y14.453
G0 X38.876 Y13.376
G0 X38.39 Y78.576
G0 X38.722 Y78.576
;TIME_ELAPSED:7257.113757
;LAYER:42
;TYPE:WALL-INNER
;MESH:luckfox_bottom.stl
G1 F1500 E3296.6173
G1 F2750.7 X38.725 Y21.1 E3297.86824
G1 F2742.9 X38.55 Y21.247 E3297.87323
G1 X38.375 Y21.247 E3297.87705
G1 F2750.7 X38.374 Y78.576 E3299.12479
G1 F2758.6 X38.374 Y78.75 E3299.12857
G1 X38.548 Y78.75 E3299.13235
G1 X38.723 Y78.925 E3299.13772
G1 X38.722 Y78.576 E3299.14529
G1 F1500 E3292.64529
G0 F7200 X39.965 Y78.901
G0 X39.953 Y85.547
G0 X39.3 Y86.387
;TYPE:WALL-OUTER
G1 F1500 E3299.14529
G1 F1179.4 X39.143 Y86.355 E3299.14936
G1 F1170.7 X39.113 Y86.233 E3299.15257
G1 F1269.8 X39.112 Y79.324 E3299.31544
G1 F1237.1 X39.098 Y78.575 E3299.33356
G1 F1200 X39.1 Y21.422 E3300.75925
G1 F1237.1 X39.112 Y20.672 E3300.7774
G1 F1276.6 X39.112 Y13.8 E3300.93854
G1 F1176.5 X39.144 Y13.644 E3300.94259
G1 F1170.7 X39.267 Y13.613 E3300.94583
G1 F1269.8 X41.712 Y13.612 E3301.00347
G1 F1276.6 X41.712 Y13.236 E3301.01229
G1 F1269.8 X39.235 Y13.237 E3301.07068
G1 F1170.7 X38.769 Y13.269 E3301.08262
G1 F1176.5 X38.736 Y13.8 E3301.09616
G1 F1273.2 X38.735 Y20.705 E3301.2585
G1 F1233.9 X38.549 Y20.872 E3301.26456
G1 F1200 X38 Y20.872 E3301.27826
G1 X38 Y79.124 E3302.73136
G1 X38.548 Y79.124 E3302.74503
G1 F1237.1 X38.736 Y79.324 E3302.75167
G1 F1269.8 X38.737 Y86.265 E3302.91529
G1 F1170.7 X38.768 Y86.728 E3302.92716
G1 F1179.4 X39.3 Y86.761 E3302.94069
G1 F1283.4 X45.321 Y86.761 E3303.08112
G1 X45.321 Y86.387 E3303.08984
G1 X39.3 Y86.387 E3303.23027
G0 F7200 X39.143 Y86.355
G0 X39.134 Y86.317
G1 F1500 E3296.73027
G0 F7200 X39.953 Y85.547
G0 X60.035 Y78.901
G0 X61.622 Y78.576
;TYPE:WALL-INNER
G1 F1500 E3303.23027
G1 F2750.7 X61.625 Y21.247 E3304.47802
G1 F2742.9 X61.45 Y21.247 E3304.48184
G1 X61.275 Y21.1 E3304.48682
G1 F2750.7 X61.274 Y78.576 E3305.73777
G1 F2758.6 X61.274 Y78.924 E3305.74532
G1 X61.448 Y78.75 E3305.75066
G1 X61.622 Y78.75 E3305.75444
G1 X61.622 Y78.576 E3305.75821
G1 F1500 E3299.25821
G0 F7200 X60.035 Y78.901
G0 X60.047 Y85.547
G0 X60.886 Y86.233
;TYPE:WALL-OUTER
G1 F1500 E3305.75821
G1 F1179.4 X60.855 Y86.355 E3305.76141
G1 F1176.5 X60.733 Y86.386 E3305.76461
G1 F1276.6 X54.675 Y86.387 E3305.90666
G1 F1283.4 X54.675 Y86.761 E3305.91538
G1 F1276.6 X60.765 Y86.76 E3306.05818
G1 F1176.5 X61.229 Y86.729 E3306.07002
G1 F1179.4 X61.26 Y86.265 E3306.08182
G1 F1280 X61.261 Y79.324 E3306.24414
G1 F1240.3 X61.449 Y79.124 E3306.25077
G1 F1200 X61.998 Y79.124 E3306.26446
G1 X62 Y20.872 E3307.71756
G1 X61.449 Y20.872 E3307.73131
G1 F1233.9 X61.262 Y20.705 E3307.73739
G1 F1276.6 X61.261 Y13.8 E3307.8993
G1 F1182.3 X61.229 Y13.267 E3307.91282
G1 F1176.5 X60.7 Y13.236 E3307.9263
G1 F1276.6 X58.288 Y13.236 E3307.98286
G1 X58.288 Y13.612 E3307.99168
G1 X60.7 Y13.612 E3308.04824
G1 F1176.5 X60.855 Y13.643 E3308.05226
G1 F1182.3 X60.887 Y13.8 E3308.05631
G1 F1276.6 X60.888 Y20.737 E3308.21898
G1 F1233.9 X60.9 Y21.422 E3308.2356
G1 F1200 X60.9 Y78.576 E3309.66131
G1 F1240.3 X60.887 Y79.324 E3309.67936
G1 F1280 X60.886 Y86.233 E3309.84094
G0 F7200 X60.855 Y86.355
G0 X60.784 Y86.373
G1 F1500 E3303.34094
;MESH:NONMESH
G0 F600 Z7.685
G0 F7200 X60.047 Y85.547
G0 X39.965 Y78.901
G0 X38.729 Y21.416
;TIME_ELAPSED:7282.026959
;LAYER:43
;TYPE:WALL-INNER
;MESH:luckfox_bottom.stl
G1 F1500 E3309.84094
G1 F2782.6 X38.729 Y21.096 E3309.84782
G1 X38.555 Y21.244 E3309.85274
G1 X38.384 Y21.245 E3309.85642
G1 X38.384 Y21.416 E3309.8601
G1 F2774.6 X38.383 Y40.526 E3310.27244
G1 F2758.6 X38.381 Y59.636 E3310.68717
G1 F2735 X38.38 Y78.746 E3311.10548
G1 F2727.3 X38.555 Y78.748 E3311.10932
G1 X38.732 Y78.886 E3311.11425
G1 F2735 X38.731 Y59.729 E3311.53358
G1 F2758.6 X38.73 Y40.572 E3311.94933
G1 F2774.6 X38.729 Y21.415 E3312.36269
G1 F1500 E3305.86269
G0 F7200 X38.886 Y78.903
G0 X39.964 Y79.368
G0 X39.953 Y85.547
G0 X39.3 Y86.387
;TYPE:WALL-OUTER
G1 F1500 E3312.36269
G1 F1179.4 X39.143 Y86.355 E3312.36676
G1 F1170.7 X39.113 Y86.233 E3312.36997
G1 F1263.2 X39.118 Y79.24 E3312.53569
G1 F1230.8 X39.108 Y78.572 E3312.55194
G1 F1200 X39.101 Y21.416 E3313.9777
G1 F1237.1 X39.113 Y20.672 E3313.9957
G1 F1276.6 X39.112 Y13.8 E3314.15684
G1 F1176.5 X39.144 Y13.644 E3314.16089
G1 F1170.7 X39.267 Y13.613 E3314.16414
G1 F1269.8 X41.712 Y13.612 E3314.22177
G1 F1276.6 X41.712 Y13.236 E3314.23059
G1 F1269.8 X39.235 Y13.237 E3314.28898
G1 F1170.7 X38.769 Y13.269 E3314.30092
G1 F1176.5 X38.736 Y13.8 E3314.31446
G1 F1269.8 X38.735 Y20.705 E3314.47723
G1 F1230.8 X38.55 Y20.872 E3314.48329
G1 F1200 X38.012 Y20.875 E3314.49671
G1 X38.004 Y79.121 E3315.94967
G1 X38.551 Y79.124 E3315.96331
G1 F1230.8 X38.732 Y79.274 E3315.96903
G1 F1263.2 X38.737 Y86.265 E3316.1347
G1 F1170.7 X38.768 Y86.728 E3316.14657
G1 F1179.4 X39.3 Y86.761 E3316.16009
G1 F1283.4 X45.313 Y86.761 E3316.30034
G1 X45.313 Y86.387 E3316.30906
G1 X39.3 Y86.387 E3316.44931
G0 F7200 X39.143 Y86.355
G0 X39.134 Y86.317
G1 F1500 E3309.94931
G0 F7200 X39.953 Y85.547
G0 X60.035 Y78.903
G0 X61.616 Y78.58
;TYPE:WALL-INNER
G1 F1500 E3316.44931
G1 F2774.6 X61.622 Y21.251 E3317.68632
G1 F2766.6 X61.444 Y21.249 E3317.69018
G1 X61.273 Y21.103 E3317.69504
G1 F2774.6 X61.272 Y78.58 E3318.93525
G1 F2790.7 X61.272 Y78.925 E3318.94265
G1 X61.445 Y78.752 E3318.9479
G1 X61.616 Y78.751 E3318.95157
G1 X61.616 Y78.58 E3318.95524
G1 F1500 E3312.45524
G0 F7200 X60.035 Y78.903
G0 X60.047 Y85.547
G0 X60.886 Y86.233
;TYPE:WALL-OUTER
G1 F1500 E3318.95524
G1 F1179.4 X60.855 Y86.355 E3318.95844
G1 F1176.5 X60.733 Y86.386 E3318.96164
G1 F1276.6 X54.687 Y86.387 E3319.10341
G1 F1283.4 X54.687 Y86.761 E3319.11213
G1 F1276.6 X60.765 Y86.76 E3319.25465
G1 F1176.5 X61.229 Y86.729 E3319.26648
G1 F1179.4 X61.26 Y86.265 E3319.27828
G1 F1280 X61.261 Y79.324 E3319.44061
G1 F1240.3 X61.448 Y79.124 E3319.44722
G1 F1200 X61.99 Y79.121 E3319.46074
G1 X61.995 Y20.88 E3320.91356
G1 X61.446 Y20.876 E3320.92726
G1 F1233.9 X61.262 Y20.709 E3320.93329
G1 F1276.6 X61.261 Y13.8 E3321.09529
G1 F1182.3 X61.229 Y13.267 E3321.10881
G1 F1176.5 X60.7 Y13.236 E3321.12229
G1 F1276.6 X58.288 Y13.236 E3321.17885
G1 X58.288 Y13.612 E3321.18767
G1 X60.7 Y13.612 E3321.24423
G1 F1176.5 X60.855 Y13.643 E3321.24825
G1 F1182.3 X60.887 Y13.8 E3321.2523
G1 F1276.6 X60.888 Y20.741 E3321.41506
G1 F1233.9 X60.901 Y21.424 E3321.43163
G1 F1200 X60.9 Y78.58 E3322.85739
G1 F1240.3 X60.887 Y79.324 E3322.87535
G1 F1280 X60.886 Y86.233 E3323.03693
G0 F7200 X60.855 Y86.355
G0 X60.784 Y86.373
G1 F1500 E3316.53693
;MESH:NONMESH
G0 F600 Z7.835
G0 F7200 X60.047 Y85.547
G0 X39.974 Y78.902
G0 X38.738 Y78.576
;TIME_ELAPSED:7306.916216
;LAYER:44
;TYPE:WALL-INNER
;MESH:luckfox_bottom.stl
G1 F1500 E3323.03693
G1 F2742.9 X38.744 Y21.136 E3324.29067
G1 F2735 X38.564 Y21.248 E3324.29531
G1 X38.391 Y21.248 E3324.2991
G1 F2742.9 X38.39 Y78.576 E3325.55039
G1 F2758.6 X38.39 Y78.748 E3325.55412
G1 X38.561 Y78.75 E3325.55784
G1 X38.738 Y78.872 E3325.5625
G1 X38.738 Y78.576 E3325.56892
G1 F1500 E3319.06892
G0 F7200 X39.964 Y79.378
G0 X39.953 Y85.547
G0 X39.3 Y86.387
;TYPE:WALL-OUTER
G1 F1500 E3325.56892
G1 F1179.4 X39.143 Y86.355 E3325.57299
G1 F1170.7 X39.113 Y86.233 E3325.5762
G1 F1256.5 X39.114 Y79.225 E3325.74315
G1 F1253.3 X39.121 Y79.2 E3325.74377
G1 F1224.5 X39.112 Y78.576 E3325.75903
G1 F1200 X39.119 Y21.424 E3327.18469
G1 F1224.5 X39.127 Y20.836 E3327.19907
G1 F1250 X39.114 Y20.779 E3327.20047
G1 F1263.2 X39.112 Y13.8 E3327.36585
G1 F1176.5 X39.144 Y13.644 E3327.36991
G1 F1170.7 X39.267 Y13.613 E3327.37315
G1 F1269.8 X41.712 Y13.612 E3327.43079
G1 F1276.6 X41.712 Y13.236 E3327.4396
G1 F1269.8 X39.235 Y13.237 E3327.49799
G1 F1170.7 X38.769 Y13.269 E3327.50994
G1 F1176.5 X38.736 Y13.8 E3327.52347
G1 F1269.8 X38.735 Y20.751 E3327.68733
G1 F1230.8 X38.554 Y20.873 E3327.69264
G1 F1200 X38.016 Y20.875 E3327.70606
G1 X38.016 Y79.12 E3329.15899
G1 X38.553 Y79.124 E3329.17238
G1 F1230.8 X38.735 Y79.259 E3329.17789
G1 F1263.2 X38.737 Y86.265 E3329.34392
G1 F1170.7 X38.768 Y86.728 E3329.35579
G1 F1179.4 X39.3 Y86.761 E3329.36931
G1 F1283.4 X45.313 Y86.761 E3329.50956
G1 X45.313 Y86.387 E3329.51828
G1 X39.3 Y86.387 E3329.65853
G0 F7200 X39.143 Y86.355
G0 X39.134 Y86.317
G1 F1500 E3323.15853
G0 F7200 X39.953 Y85.547
G0 X60.035 Y78.903
G0 X61.622 Y78.748
;TYPE:WALL-INNER
G1 F1500 E3329.65853
G1 F2758.6 X61.622 Y21.248 E3330.90641
G1 X61.444 Y21.247 E3330.91027
G1 X61.274 Y21.102 E3330.91512
G1 X61.274 Y78.921 E3332.16992
G1 X61.444 Y78.75 E3332.17515
G1 X61.622 Y78.748 E3332.17902
G1 F1500 E3325.67902
G0 F7200 X60.035 Y78.903
G0 X60.047 Y85.547
G0 X60.886 Y86.233
;TYPE:WALL-OUTER
G1 F1500 E3332.17902
G1 F1179.4 X60.855 Y86.355 E3332.18221
G1 F1176.5 X60.733 Y86.386 E3332.18541
G1 F1276.6 X54.687 Y86.387 E3332.32718
G1 F1283.4 X54.687 Y86.761 E3332.33591
G1 F1276.6 X60.765 Y86.76 E3332.47843
G1 F1176.5 X61.229 Y86.729 E3332.49026
G1 F1179.4 X61.26 Y86.265 E3332.50206
G1 F1280 X61.261 Y79.324 E3332.66438
G1 F1240.3 X61.446 Y79.124 E3332.67096
G1 F1200 X61.996 Y79.12 E3332.68468
G1 X61.996 Y20.876 E3334.13758
G1 X61.446 Y20.873 E3334.1513
G1 F1233.9 X61.262 Y20.705 E3334.15735
G1 F1276.6 X61.261 Y13.8 E3334.31926
G1 F1182.3 X61.229 Y13.267 E3334.33278
G1 F1176.5 X60.7 Y13.236 E3334.34626
G1 F1276.6 X58.288 Y13.236 E3334.40282
G1 X58.288 Y13.612 E3334.41163
G1 X60.7 Y13.612 E3334.46819
G1 F1176.5 X60.855 Y13.643 E3334.47221
G1 F1182.3 X60.887 Y13.8 E3334.47627
G1 F1276.6 X60.888 Y20.737 E3334.63893
G1 F1233.9 X60.901 Y21.416 E3334.65541
G1 F1200 X60.9 Y78.58 E3336.08137
G1 F1240.3 X60.887 Y79.324 E3336.09933
G1 F1280 X60.886 Y86.233 E3336.2609
G0 F7200 X60.855 Y86.355
G0 X60.784 Y86.373
G1 F1500 E3329.7609
;MESH:NONMESH
G0 F600 Z7.985
G0 F7200 X60.047 Y85.547
G0 X39.981 Y78.902
G0 X38.752 Y78.847
;TIME_ELAPSED:7331.336362
;LAYER:45
;TYPE:WALL-INNER
;MESH:luckfox_bottom.stl
G1 F1500 E3336.2609
G1 F2727.3 X38.752 Y21.15 E3337.52745
G1 X38.57 Y21.248 E3337.53199
G1 X38.4 Y21.249 E3337.53572
G1 X38.4 Y78.746 E3338.79787
G1 X38.57 Y78.748 E3338.80161
G1 X38.752 Y78.847 E3338.80615
G1 F1500 E3332.30615
G0 F7200 X38.752 Y78.816
G0 X39.964 Y79.324
G0 X39.953 Y85.547
G0 X39.3 Y86.387
;TYPE:WALL-OUTER
G1 F1500 E3338.80615
G1 F1179.4 X39.143 Y86.355 E3338.81022
G1 F1170.7 X39.113 Y86.233 E3338.81343
G1 F1256.5 X39.114 Y79.186 E3338.98131
G1 F1243.5 X39.134 Y79.106 E3338.9833
G1 F1218.3 X39.128 Y78.573 E3338.99639
G1 F1200 X39.128 Y21.423 E3340.42201
G1 F1218.3 X39.134 Y20.894 E3340.435
G1 F1243.5 X39.115 Y20.814 E3340.43698
G1 F1263.2 X39.112 Y13.8 E3340.6032
G1 F1176.5 X39.144 Y13.644 E3340.60725
G1 F1170.7 X39.267 Y13.613 E3340.6105
G1 F1269.8 X41.712 Y13.612 E3340.66813
G1 F1276.6 X41.712 Y13.236 E3340.67695
G1 F1269.8 X39.235 Y13.237 E3340.73534
G1 F1170.7 X38.769 Y13.269 E3340.74728
G1 F1176.5 X38.736 Y13.8 E3340.76082
G1 F1273.2 X38.735 Y20.705 E3340.92316
G1 F1253.3 X38.706 Y20.786 E3340.92522
G1 F1218.3 X38.556 Y20.872 E3340.92946
G1 F1200 X38.024 Y20.876 E3340.94274
G1 X38.024 Y79.12 E3342.39564
G1 X38.556 Y79.124 E3342.40891
G1 F1218.3 X38.706 Y79.211 E3342.41317
G1 F1250 X38.734 Y79.28 E3342.41495
G1 F1263.2 X38.737 Y86.265 E3342.58048
G1 F1170.7 X38.768 Y86.728 E3342.59235
G1 F1179.4 X39.3 Y86.761 E3342.60588
G1 F1283.4 X45.313 Y86.761 E3342.74612
G1 X45.313 Y86.387 E3342.75484
G1 X39.3 Y86.387 E3342.89509
G0 F7200 X39.143 Y86.355
G0 X39.134 Y86.317
G1 F1500 E3336.39509
G0 F7200 X39.953 Y85.547
G0 X60.035 Y78.902
G0 X61.623 Y78.75
;TYPE:WALL-INNER
G1 F1500 E3342.89509
G1 F2758.6 X61.62 Y21.245 E3344.14308
G1 F2766.6 X61.446 Y21.245 E3344.14684
G1 X61.272 Y21.097 E3344.15179
G1 F2758.6 X61.274 Y78.924 E3345.40676
G1 X61.448 Y78.75 E3345.4121
G1 X61.623 Y78.75 E3345.4159
G1 F1500 E3338.9159
G0 F7200 X60.035 Y78.902
G0 X60.047 Y85.547
G0 X60.886 Y86.233
;TYPE:WALL-OUTER
G1 F1500 E3345.4159
G1 F1179.4 X60.855 Y86.355 E3345.41909
G1 F1176.5 X60.733 Y86.386 E3345.4223
G1 F1276.6 X54.687 Y86.387 E3345.56407
G1 F1283.4 X54.687 Y86.761 E3345.57279
G1 F1276.6 X60.765 Y86.76 E3345.71531
G1 F1176.5 X61.229 Y86.729 E3345.72714
G1 F1179.4 X61.26 Y86.265 E3345.73894
G1 F1280 X61.261 Y79.324 E3345.90127
G1 F1240.3 X61.449 Y79.124 E3345.90789
G1 F1200 X62 Y79.124 E3345.92164
G1 X61.993 Y20.874 E3347.37469
G1 X61.447 Y20.872 E3347.38831
G1 F1233.9 X61.262 Y20.705 E3347.39435
G1 F1276.6 X61.261 Y13.8 E3347.55626
G1 F1182.3 X61.229 Y13.267 E3347.56978
G1 F1176.5 X60.7 Y13.236 E3347.58327
G1 F1276.6 X58.288 Y13.236 E3347.63982
G1 X58.288 Y13.612 E3347.64864
G1 X60.7 Y13.612 E3347.7052
G1 F1176.5 X60.855 Y13.643 E3347.70922
G1 F1182.3 X60.887 Y13.8 E3347.71328
G1 F1276.6 X60.888 Y20.737 E3347.87594
G1 F1233.9 X60.9 Y21.418 E3347.89246
G1 F1200 X60.9 Y78.576 E3349.31827
G1 F1240.3 X60.887 Y79.324 E3349.33633
G1 F1280 X60.886 Y86.233 E3349.4979
G0 F7200 X60.855 Y86.355
G0 X60.784 Y86.373
G1 F1500 E3342.9979
;MESH:NONMESH
G0 F600 Z8.135
G0 F7200 X60.047 Y85.547
G0 X39.994 Y78.902
G0 X38.761 Y78.575
;TIME_ELAPSED:7355.763739
;LAYER:46
;TYPE:WALL-INNER
;MESH:luckfox_bottom.stl
G1 F1500 E3349.4979
G1 F2735 X38.76 Y21.164 E3350.75459
G1 F2727.3 X38.576 Y21.248 E3350.75903
G1 X38.408 Y21.248 E3350.76272
G1 F2735 X38.411 Y78.575 E3352.01757
G1 F2742.9 X38.411 Y78.749 E3352.02137
G1 X38.578 Y78.749 E3352.02501
G1 X38.761 Y78.83 E3352.02938
G1 X38.761 Y78.575 E3352.03495
G1 F1500 E3345.53495
G0 F7200 X39.964 Y79.282
G0 X39.953 Y85.547
G0 X39.3 Y86.387
;TYPE:WALL-OUTER
G1 F1500 E3352.03495
G1 F1179.4 X39.143 Y86.355 E3352.03901
G1 F1170.7 X39.113 Y86.233 E3352.04223
G1 F1250 X39.111 Y79.15 E3352.21184
G1 F1218.3 X39.136 Y78.575 E3352.22599
G1 F1200 X39.136 Y21.423 E3353.65165
G1 F1218.3 X39.114 Y20.853 E3353.66566
G1 F1256.5 X39.112 Y13.8 E3353.83368
G1 F1176.5 X39.144 Y13.644 E3353.83774
G1 F1170.7 X39.267 Y13.613 E3353.84098
G1 F1269.8 X41.712 Y13.612 E3353.89862
G1 F1276.6 X41.712 Y13.236 E3353.90743
G1 F1269.8 X39.235 Y13.237 E3353.96582
G1 F1170.7 X38.769 Y13.269 E3353.97777
G1 F1176.5 X38.736 Y13.8 E3353.9913
G1 F1273.2 X38.735 Y20.705 E3354.15365
G1 F1246.8 X38.689 Y20.809 E3354.15638
G1 F1212.1 X38.558 Y20.872 E3354.15997
G1 F1200 X38.114 Y20.872 E3354.17104
G1 X38.032 Y20.906 E3354.17326
G1 X38.036 Y79.093 E3355.62474
G1 X38.111 Y79.124 E3355.62676
G1 X38.559 Y79.124 E3355.63794
G1 F1212.1 X38.685 Y79.183 E3355.64137
G1 F1230.8 X38.731 Y79.26 E3355.64355
G1 F1250 X38.737 Y86.265 E3355.8113
G1 F1170.7 X38.768 Y86.728 E3355.82317
G1 F1179.4 X39.3 Y86.761 E3355.8367
G1 F1283.4 X45.313 Y86.761 E3355.97694
G1 X45.313 Y86.387 E3355.98567
G1 X39.3 Y86.387 E3356.12591
G0 F7200 X39.143 Y86.355
G0 X39.134 Y86.317
G1 F1500 E3349.62591
G0 F7200 X39.953 Y85.547
G0 X60.035 Y78.901
G0 X61.622 Y78.75
;TYPE:WALL-INNER
G1 F1500 E3356.12591
G1 F2758.6 X61.62 Y21.244 E3357.37392
G1 F2766.6 X61.446 Y21.245 E3357.37769
G1 X61.272 Y21.097 E3357.38263
G1 F2758.6 X61.274 Y78.924 E3358.6376
G1 X61.448 Y78.75 E3358.64294
G1 X61.622 Y78.75 E3358.64672
G1 F1500 E3352.14672
G0 F7200 X60.035 Y78.901
G0 X60.047 Y85.547
G0 X60.886 Y86.233
;TYPE:WALL-OUTER
G1 F1500 E3358.64672
G1 F1179.4 X60.855 Y86.355 E3358.64992
G1 F1176.5 X60.733 Y86.386 E3358.65312
G1 F1276.6 X54.687 Y86.387 E3358.79489
G1 F1283.4 X54.687 Y86.761 E3358.80361
G1 F1276.6 X60.765 Y86.76 E3358.94613
G1 F1176.5 X61.229 Y86.729 E3358.95796
G1 F1179.4 X61.26 Y86.265 E3358.96977
G1 F1280 X61.261 Y79.324 E3359.13209
G1 F1240.3 X61.448 Y79.124 E3359.1387
G1 F1200 X61.92 Y79.124 E3359.15047
G1 X61.996 Y79.062 E3359.15292
G1 X61.992 Y20.918 E3360.60332
G1 X61.958 Y20.872 E3360.60475
G1 X61.447 Y20.872 E3360.6175
G1 F1233.9 X61.262 Y20.705 E3360.62354
G1 F1276.6 X61.261 Y13.8 E3360.78546
G1 F1182.3 X61.229 Y13.267 E3360.79898
G1 F1176.5 X60.7 Y13.236 E3360.81246
G1 F1276.6 X58.288 Y13.236 E3360.86902
G1 X58.288 Y13.612 E3360.87783
G1 X60.7 Y13.612 E3360.93439
G1 F1176.5 X60.855 Y13.643 E3360.93841
G1 F1182.3 X60.887 Y13.8 E3360.94247
G1 F1276.6 X60.888 Y20.737 E3361.10513
G1 F1233.9 X60.9 Y21.418 E3361.12165
G1 F1200 X60.9 Y78.576 E3362.54747
G1 F1240.3 X60.887 Y79.324 E3362.56552
G1 F1280 X60.886 Y86.233 E3362.72709
G0 F7200 X60.855 Y86.355
G0 X60.784 Y86.373
G1 F1500 E3356.22709
;MESH:NONMESH
G0 F600 Z8.285
G0 F7200 X60.047 Y85.547
G0 X40.002 Y78.9
G0 X38.769 Y78.747
;TIME_ELAPSED:7380.184293
;LAYER:47
;TYPE:WALL-INNER
;MESH:luckfox_bottom.stl
G1 F1500 E3362.72709
G1 F2742.9 X38.769 Y21.249 E3363.9821
G1 X38.419 Y21.25 E3363.98974
G1 X38.419 Y78.746 E3365.2447
G1 X38.769 Y78.747 E3365.25234
G0 F7200 X39.144 Y79.034
;TYPE:WALL-OUTER
G1 F1200 X39.144 Y20.975 E3366.70063
G1 X39.051 Y20.872 E3366.70409
G1 X38.161 Y20.876 E3366.72629
G1 X38.044 Y20.947 E3366.72971
G1 X38.044 Y79.044 E3368.17894
G1 X38.159 Y79.12 E3368.18238
G1 X39.035 Y79.124 E3368.20423
G1 X39.144 Y79.034 E3368.20776
G0 F7200 X39.144 Y78.834
G1 F1500 E3361.70776
G0 F7200 X38.836 Y78.834
G0 X40.011 Y78.899
G0 X60.035 Y78.9
G0 X61.624 Y78.745
;TYPE:WALL-INNER
G1 F1500 E3368.20776
G1 F2742.9 X61.625 Y21.251 E3369.46268
G1 X61.275 Y21.251 E3369.47032
G1 X61.275 Y78.745 E3370.72524
G1 X61.624 Y78.745 E3370.73286
G0 F7200 X61.999 Y79.03
;TYPE:WALL-OUTER
G1 F1200 X62 Y20.974 E3372.18107
G1 X61.914 Y20.876 E3372.18432
G1 X61.041 Y20.876 E3372.2061
G1 X60.9 Y20.969 E3372.21031
G1 X60.9 Y78.96 E3373.6569
G1 X60.987 Y79.12 E3373.66145
G1 X61.915 Y79.12 E3373.6846
G1 X61.999 Y79.03 E3373.68767
G0 F7200 X61.999 Y78.83
G1 F1500 E3367.18767
;MESH:NONMESH
G0 F600 Z8.435
G0 F7200 X61.69 Y78.83
G0 X60.035 Y78.748
G0 X40.011 Y78.899
G0 X38.781 Y78.748
;TIME_ELAPSED:7398.745686
;LAYER:48
;TYPE:WALL-INNER
;MESH:luckfox_bottom.stl
G1 F1500 E3373.68767
G1 F2742.9 X38.778 Y21.248 E3374.94272
G1 F2735 X38.426 Y21.25 E3374.95042
G1 F2742.9 X38.431 Y78.745 E3376.20536
G1 X38.781 Y78.748 E3376.213
G0 F7200 X39.056 Y79.09
;TYPE:WALL-OUTER
G1 F1200 X39.156 Y78.914 E3376.21805
G1 X39.152 Y21.081 E3377.6607
G1 X39.12 Y20.971 E3377.66356
G1 X38.987 Y20.872 E3377.6677
G1 X38.236 Y20.876 E3377.68643
G1 X38.112 Y20.938 E3377.68989
G1 X38.052 Y21.081 E3377.69376
G1 X38.056 Y78.945 E3379.13718
G1 X38.11 Y79.066 E3379.14049
G1 X38.198 Y79.12 E3379.14306
G1 X38.984 Y79.124 E3379.16267
G1 X39.056 Y79.09 E3379.16465
G0 F7200 X39.155 Y78.916
G1 F1500 E3372.66465
G0 F7200 X38.849 Y78.879
G0 X40.022 Y78.888
G0 X60.036 Y78.89
G0 X61.625 Y78.745
;TYPE:WALL-INNER
G1 F1500 E3379.16465
G1 F2742.9 X61.625 Y21.251 E3380.41957
G1 X61.275 Y21.251 E3380.42721
G1 X61.275 Y78.748 E3381.6822
G1 X61.625 Y78.745 E3381.68984
G0 F7200 X61.97 Y79.018
;TYPE:WALL-OUTER
G1 F1200 X62 Y78.919 E3381.69242
G1 X62 Y21.072 E3383.13542
G1 X61.95 Y20.941 E3383.13892
G1 X61.814 Y20.876 E3383.14268
G1 X61.04 Y20.876 E3383.16198
G1 X60.966 Y20.929 E3383.16425
G1 X60.9 Y21.101 E3383.16885
G1 X60.9 Y78.975 E3384.61252
G1 X60.967 Y79.068 E3384.61538
G1 X61.122 Y79.124 E3384.61949
G1 X61.826 Y79.12 E3384.63705
G1 X61.97 Y79.018 E3384.64146
G0 F7200 X62 Y78.919
G0 X62 Y78.822
G1 F1500 E3378.14146
;MESH:NONMESH
G0 F600 Z8.585
G0 F7200 X61.69 Y78.822
G0 X61.111 Y21.426
G0 X60.036 Y21.427
G0 X40.02 Y21.426
G0 X38.789 Y21.426
;TIME_ELAPSED:7417.797894
;LAYER:49
;TYPE:WALL-INNER
;MESH:luckfox_bottom.stl
G1 F1500 E3384.64146
G1 F2742.9 X38.789 Y21.249 E3384.64532
G1 X38.439 Y21.253 E3384.65296
G1 X38.439 Y21.426 E3384.65674
G1 F2735 X38.437 Y78.744 E3385.91139
G1 F2727.3 X38.788 Y78.746 E3385.91909
G1 F2735 X38.789 Y21.426 E3387.17379
G1 F1500 E3380.67379
G0 F7200 X38.857 Y78.808
G0 X39.13 Y78.964
;TYPE:WALL-OUTER
G1 F1500 E3387.17379
G1 F1200 X39.164 Y78.824 E3387.17738
G1 X39.164 Y21.144 E3388.61622
G1 X39.124 Y21.018 E3388.61951
G1 X38.925 Y20.873 E3388.62566
G1 X38.302 Y20.88 E3388.6412
G1 X38.144 Y20.946 E3388.64547
G1 X38.064 Y21.106 E3388.64993
G1 X38.06 Y78.914 E3390.09196
G1 X38.17 Y79.076 E3390.09684
G1 X38.295 Y79.12 E3390.10015
G1 X38.89 Y79.124 E3390.11499
G1 X39.006 Y79.093 E3390.11799
G1 X39.13 Y78.964 E3390.12245
G0 F7200 X39.164 Y78.824
G0 X39.164 Y78.768
G1 F1500 E3383.62245
G0 F7200 X38.855 Y78.768
G0 X40.03 Y78.803
G0 X60.036 Y78.805
G0 X61.622 Y78.75
;TYPE:WALL-INNER
G1 F1500 E3390.12245
G1 F2758.6 X61.622 Y21.253 E3391.37026
G1 X61.275 Y21.252 E3391.37779
G1 X61.274 Y78.75 E3392.62563
G1 X61.622 Y78.75 E3392.63318
G0 F7200 X61.996 Y78.854
;TYPE:WALL-OUTER
G1 F1200 X61.996 Y21.126 E3394.07321
G1 X61.912 Y20.946 E3394.07817
G1 X61.758 Y20.88 E3394.08235
G1 X61.092 Y20.877 E3394.09896
G1 X60.966 Y20.966 E3394.10281
G1 X60.901 Y21.084 E3394.10617
G1 X60.9 Y78.846 E3395.54705
G1 X60.975 Y79.033 E3395.55207
G1 X61.118 Y79.124 E3395.5563
G1 X61.763 Y79.123 E3395.57239
G1 X61.925 Y79.035 E3395.57699
G1 X61.996 Y78.854 E3395.58184
G0 F7200 X61.996 Y78.654
G1 F1500 E3389.08184
;MESH:NONMESH
G0 F600 Z8.735
G0 F7200 X61.688 Y78.654
G0 X60.036 Y78.401
G0 X40.03 Y78.399
G0 X38.337 Y78.4
;TIME_ELAPSED:7437.356843
;LAYER:50
;TYPE:WALL-INNER
;MESH:luckfox_bottom.stl
G1 F1500 E3395.58184
G1 F2077.9 X38.494 Y78.686 E3395.59124
G1 X38.737 Y78.691 E3395.59824
G1 X38.74 Y21.308 E3397.25154
G1 F2073.4 X38.495 Y21.307 E3397.25861
G1 X38.338 Y21.596 E3397.26811
G1 X38.276 Y21.641 E3397.27032
G1 F2077.9 X38.275 Y78.357 E3398.9044
G1 X38.337 Y78.4 E3398.90657
G0 F7200 X38.02 Y78.692
;TYPE:WALL-OUTER
G1 F1200 X38.155 Y79.01 E3398.91519
G1 X38.364 Y79.116 E3398.92104
G1 X38.944 Y79.097 E3398.93551
G1 X39.113 Y78.96 E3398.94094
G1 X39.168 Y78.799 E3398.94518
G1 X39.171 Y21.219 E3400.38152
G1 X39.077 Y20.981 E3400.38791
G1 X38.851 Y20.876 E3400.39412
G1 X38.379 Y20.876 E3400.4059
G1 X38.157 Y20.984 E3400.41206
G1 X38.02 Y21.304 E3400.42074
G1 X37.844 Y21.405 E3400.4258
G1 X37.844 Y78.561 E3401.85156
G1 X38.02 Y78.692 E3401.85704
G0 F7200 X38.098 Y78.876
G1 F1500 E3395.35704
G0 F7200 X38.543 Y78.254
G0 X40.037 Y78.241
G0 X60.036 Y78.243
G0 X61.736 Y78.414
;TYPE:WALL-INNER
G1 F1500 E3401.85704
G1 F2264.2 X61.739 Y21.584 E3403.35972
G1 F2258.8 X61.59 Y21.299 E3403.36825
G1 X61.312 Y21.292 E3403.37562
G1 F2264.2 X61.312 Y78.708 E3404.8938
G1 X61.59 Y78.707 E3404.90115
G1 X61.736 Y78.414 E3404.90981
G0 F7200 X61.961 Y78.925
;TYPE:WALL-OUTER
G1 F1200 X62.032 Y78.692 E3404.91588
G1 X62.148 Y78.575 E3404.91999
G1 X62.151 Y21.427 E3406.34556
G1 X62.033 Y21.306 E3406.34977
G1 X61.937 Y21.016 E3406.35739
G1 X61.75 Y20.891 E3406.363
G1 X61.151 Y20.875 E3406.37795
G1 X60.974 Y20.997 E3406.38331
G1 X60.9 Y21.198 E3406.38866
G1 X60.9 Y78.79 E3407.82529
G1 X60.927 Y78.917 E3407.82853
G1 X61.019 Y79.044 E3407.83244
G1 X61.165 Y79.12 E3407.83655
G1 X61.693 Y79.119 E3407.84972
G1 X61.817 Y79.08 E3407.85296
G1 X61.961 Y78.925 E3407.85824
G0 F7200 X62.019 Y78.735
G1 F1500 E3401.35824
;MESH:NONMESH
G0 F600 Z8.885
G0 F7200 X61.561 Y78.243
G0 X61.131 Y21.8
G0 X60.036 Y21.8
G0 X40.038 Y21.798
G0 X38.943 Y21.798
G0 X38.723 Y21.799
;TIME_ELAPSED:7457.729130
;LAYER:51
;TYPE:WALL-INNER
;MESH:luckfox_bottom.stl
G1 F1500 E3407.85824
G1 F1867.7 X38.723 Y21.333 E3407.87318
G1 X38.522 Y21.334 E3407.87962
G1 X38.311 Y21.595 E3407.89038
G1 X38.209 Y21.644 E3407.89401
G1 X38.209 Y21.799 E3407.89898
G1 F1864.1 X38.206 Y78.349 E3409.71518
G1 F1860.5 X38.309 Y78.398 E3409.71885
G1 X38.523 Y78.663 E3409.72981
G1 X38.722 Y78.655 E3409.73622
G1 F1864.1 X38.723 Y21.799 E3411.56226
G0 F7200 X38.498 Y21.857
G0 X38.545 Y78.35
G0 X38.187 Y78.992
;TYPE:WALL-OUTER
G1 F1200 X38.356 Y79.099 E3411.56725
G1 X38.847 Y79.109 E3411.5795
G1 X39.005 Y79.043 E3411.58377
G1 X39.139 Y78.88 E3411.58903
G1 X39.18 Y78.739 E3411.59269
G1 X39.18 Y21.264 E3413.02641
G1 X39.086 Y21.025 E3413.03282
G1 X38.937 Y20.911 E3413.0375
G1 X38.809 Y20.876 E3413.04081
G1 X38.324 Y20.908 E3413.05294
G1 X38.189 Y21.001 E3413.05702
G1 X38.034 Y21.232 E3413.06396
G1 X37.811 Y21.303 E3413.0698
G1 X37.752 Y21.402 E3413.07268
G1 X37.748 Y78.571 E3414.49876
G1 X37.832 Y78.697 E3414.50254
G1 X38.033 Y78.764 E3414.50783
G1 X38.187 Y78.992 E3414.51469
G0 F7200 X38.356 Y79.099
G1 F1500 E3408.01469
G0 F7200 X38.545 Y78.35
G0 X40.046 Y78.199
G0 X60.035 Y78.201
G0 X61.13 Y78.201
G0 X61.808 Y78.276
;TYPE:WALL-INNER
G1 F1500 E3414.51469
G1 F2025.3 X61.814 Y21.605 E3416.18988
G1 F2021.1 X61.734 Y21.552 E3416.19272
G1 X61.573 Y21.324 E3416.20099
G1 X61.34 Y21.325 E3416.20789
G1 F2025.3 X61.336 Y78.276 E3417.89136
G1 F2033.9 X61.343 Y78.681 E3417.90328
G1 X61.56 Y78.68 E3417.90967
G1 X61.731 Y78.45 E3417.91811
G1 X61.808 Y78.403 E3417.92076
G1 X61.808 Y78.276 E3417.9245
G0 F7200 X61.862 Y79.021
;TYPE:WALL-OUTER
G1 F1200 X62.025 Y78.772 E3417.93193
G1 X62.179 Y78.698 E3417.93619
G1 X62.244 Y78.601 E3417.9391
G1 X62.251 Y21.399 E3419.36601
G1 X62.201 Y21.32 E3419.36834
G1 X62.026 Y21.226 E3419.3733
G1 X61.838 Y20.958 E3419.38146
G1 X61.672 Y20.888 E3419.38596
G1 X61.226 Y20.888 E3419.39708
G1 X61.087 Y20.943 E3419.40081
G1 X60.955 Y21.082 E3419.40559
G1 X60.9 Y21.273 E3419.41055
G1 X60.901 Y78.689 E3420.8428
G1 X60.935 Y78.876 E3420.84754
G1 X61.103 Y79.067 E3420.85389
G1 X61.271 Y79.116 E3420.85825
G1 X61.594 Y79.123 E3420.86631
G1 X61.862 Y79.021 E3420.87346
G0 F7200 X61.971 Y78.854
G1 F1500 E3414.37346
;MESH:NONMESH
G0 F600 Z9.035
G0 F7200 X61.537 Y78.342
G0 X60.035 Y78.151
G0 X40.046 Y78.151
G0 X38.951 Y78.151
G0 X38.724 Y78.167
;TIME_ELAPSED:7478.855658
;LAYER:52
;TYPE:WALL-INNER
;MESH:luckfox_bottom.stl
G1 F1500 E3420.87346
G1 F1814.7 X38.722 Y21.35 E3422.74785
G1 F1807.9 X38.548 Y21.358 E3422.75362
G1 F1804.5 X38.314 Y21.614 E3422.76513
G1 X38.19 Y21.652 E3422.76943
G1 F1807.9 X38.193 Y49.91 E3423.70518
G1 F1814.7 X38.196 Y78.168 E3424.63741
G1 F1818.2 X38.196 Y78.344 E3424.64321
G1 X38.316 Y78.388 E3424.64741
G1 X38.54 Y78.632 E3424.65832
G1 X38.713 Y78.633 E3424.66402
G1 X38.724 Y78.167 E3424.67937
G0 F7200 X38.288 Y79.036
;TYPE:WALL-OUTER
G1 F1200 X38.529 Y79.119 E3424.68572
G1 X38.753 Y79.116 E3424.69131
G1 X38.993 Y79.023 E3424.69773
G1 X39.125 Y78.872 E3424.70274
G1 X39.188 Y78.669 E3424.70804
G1 X39.188 Y21.33 E3426.13837
G1 X39.124 Y21.122 E3426.14379
G1 X39.008 Y20.983 E3426.14831
G1 X38.768 Y20.882 E3426.15481
G1 X38.433 Y20.898 E3426.16317
G1 X38.299 Y20.953 E3426.16679
G1 X38.064 Y21.221 E3426.17568
G1 X37.801 Y21.286 E3426.18243
G1 X37.724 Y21.407 E3426.18601
G1 X37.732 Y78.594 E3427.61255
G1 X37.791 Y78.704 E3427.61566
G1 X38.062 Y78.776 E3427.62266
G1 X38.288 Y79.036 E3427.63125
G0 F7200 X38.477 Y79.101
G1 F1500 E3421.13125
G0 F7200 X38.553 Y78.319
G0 X38.96 Y21.747
G0 X40.055 Y21.747
G0 X60.042 Y21.752
G0 X61.137 Y21.752
G0 X61.829 Y21.747
;TYPE:WALL-INNER
G1 F1500 E3427.63125
G1 F1995.8 X61.829 Y21.612 E3427.6353
G1 X61.735 Y21.557 E3427.63857
G1 X61.55 Y21.332 E3427.6473
G1 X61.368 Y21.323 E3427.65277
G1 X61.348 Y21.747 E3427.6655
G1 F1991.7 X61.345 Y50.151 E3428.51929
G1 F1979.4 X61.343 Y78.555 E3429.3784
G1 F1975.3 X61.37 Y78.658 E3429.38163
G1 X61.529 Y78.671 E3429.38646
G1 X61.734 Y78.439 E3429.39584
G1 X61.829 Y78.393 E3429.39904
G1 F1979.4 X61.829 Y50.07 E3430.2557
G1 F1991.7 X61.829 Y21.747 E3431.10706
G0 F7200 X61.617 Y21.747
G0 X61.542 Y78.332
G0 X61.819 Y79.018
;TYPE:WALL-OUTER
G1 F1200 X62.005 Y78.789 E3431.11442
G1 X62.224 Y78.684 E3431.12047
G1 X62.272 Y78.583 E3431.12326
G1 X62.268 Y21.424 E3432.5491
G1 X62.209 Y21.306 E3432.55239
G1 X62.005 Y21.21 E3432.55802
G1 X61.892 Y21.046 E3432.56298
G1 X61.682 Y20.904 E3432.56931
G1 X61.39 Y20.874 E3432.57663
G1 X61.101 Y20.961 E3432.58416
G1 X60.963 Y21.117 E3432.58935
G1 X60.908 Y21.291 E3432.59391
G1 X60.9 Y78.607 E3434.02366
G1 X60.972 Y78.894 E3434.03104
G1 X61.047 Y78.991 E3434.0341
G1 X61.218 Y79.091 E3434.03904
G1 X61.575 Y79.117 E3434.04797
G1 X61.819 Y79.018 E3434.05454
G0 F7200 X61.945 Y78.863
G1 F1500 E3427.55454
;MESH:NONMESH
G0 F600 Z9.185
G0 F7200 X61.542 Y78.332
G0 X60.035 Y78.218
G0 X40.055 Y78.218
G0 X38.96 Y78.218
G0 X38.338 Y78.356
;TIME_ELAPSED:7500.627381
;LAYER:53
;TYPE:WALL-INNER
;MESH:luckfox_bottom.stl
G1 F1500 E3434.05454
G1 F1867.7 X38.59 Y78.632 E3434.06652
G1 X38.739 Y78.625 E3434.0713
G1 X38.739 Y21.463 E3435.9036
G1 X38.675 Y21.344 E3435.90793
G1 X38.572 Y21.382 E3435.91145
G1 X38.338 Y21.644 E3435.92271
G1 X38.225 Y21.678 E3435.92649
G1 X38.225 Y78.322 E3437.74218
G1 X38.338 Y78.356 E3437.74596
G0 F7200 X39.196 Y78.626
;TYPE:WALL-OUTER
G1 F1200 X39.196 Y21.406 E3439.17332
G1 X39.139 Y21.187 E3439.17897
G1 X39.02 Y21.021 E3439.18406
G1 X38.722 Y20.882 E3439.19227
G1 X38.513 Y20.897 E3439.19749
G1 X38.261 Y21.03 E3439.2046
G1 X38.081 Y21.266 E3439.212
G1 X37.872 Y21.3 E3439.21729
G1 X37.768 Y21.402 E3439.22092
G1 X37.768 Y78.564 E3440.64683
G1 X37.829 Y78.676 E3440.65001
G1 X38.081 Y78.734 E3440.65646
G1 X38.292 Y78.995 E3440.66484
G1 X38.419 Y79.071 E3440.66853
G1 X38.725 Y79.111 E3440.67623
G1 X38.952 Y79.028 E3440.68226
G1 X39.139 Y78.813 E3440.68936
G1 X39.196 Y78.626 E3440.69424
G0 F7200 X39.196 Y78.426
G1 F1500 E3434.19424
G0 F7200 X38.558 Y78.283
G0 X40.063 Y78.176
G0 X60.038 Y78.178
G0 X61.113 Y78.177
G0 X61.796 Y78.374
;TYPE:WALL-INNER
G1 F1500 E3440.69424
G1 F2069 X61.796 Y21.619 E3442.33652
G1 X61.492 Y21.321 E3442.34884
G1 X61.397 Y21.331 E3442.3516
G1 X61.332 Y21.425 E3442.35491
G1 X61.333 Y78.587 E3444.00897
G1 X61.401 Y78.671 E3444.0121
G1 X61.506 Y78.669 E3444.01513
G1 X61.796 Y78.374 E3444.0271
G0 F7200 X62.228 Y78.564
;TYPE:WALL-OUTER
G1 F1200 X62.228 Y21.416 E3445.45267
G1 X62.156 Y21.313 E3445.4558
G1 X61.994 Y21.245 E3445.46018
G1 X61.8 Y21 E3445.46798
G1 X61.525 Y20.883 E3445.47543
G1 X61.258 Y20.911 E3445.48213
G1 X61.102 Y20.997 E3445.48658
G1 X60.928 Y21.249 E3445.49421
G1 X60.9 Y21.381 E3445.49758
G1 X60.901 Y78.597 E3446.92484
G1 X60.942 Y78.783 E3446.92959
G1 X61.1 Y78.998 E3446.93625
G1 X61.261 Y79.087 E3446.94084
G1 X61.467 Y79.117 E3446.94603
G1 X61.666 Y79.078 E3446.95109
G1 X61.796 Y79 E3446.95487
G1 X61.994 Y78.751 E3446.9628
G1 X62.168 Y78.672 E3446.96757
G1 X62.228 Y78.564 E3446.97065
G0 F7200 X62.228 Y78.364
G1 F1500 E3440.47065
;MESH:NONMESH
G0 F600 Z9.335
G0 F7200 X61.525 Y78.2
G0 X61.112 Y21.861
G0 X60.037 Y21.862
G0 X40.062 Y21.86
G0 X38.987 Y21.861
G0 X38.758 Y21.819
;TIME_ELAPSED:7521.632817
;LAYER:54
;TYPE:WALL-INNER
;MESH:luckfox_bottom.stl
G1 F1500 E3446.97065
G1 F2243 X38.758 Y21.461 E3446.98021
G1 X38.707 Y21.348 E3446.98352
G1 X38.626 Y21.327 E3446.98575
G1 X38.33 Y21.706 E3446.99859
G1 X38.33 Y21.819 E3447.0016
G1 F2237.8 X38.327 Y78.291 E3448.51243
G1 F2232.6 X38.633 Y78.663 E3448.52535
G1 X38.694 Y78.653 E3448.52701
G1 X38.757 Y78.529 E3448.53074
G1 F2237.8 X38.758 Y21.819 E3450.04794
G1 F1500 E3443.54794
G0 F7200 X38.512 Y21.928
G0 X38.536 Y78.11
G0 X39.172 Y78.582
;TYPE:WALL-OUTER
G1 F1500 E3450.04794
G1 F1200 X39.172 Y21.372 E3451.47504
G1 X39.042 Y21.083 E3451.48295
G1 X38.96 Y21.006 E3451.48576
G1 X38.742 Y20.913 E3451.49167
G1 X38.547 Y20.912 E3451.49653
G1 X38.25 Y21.095 E3451.50523
G1 X38.092 Y21.383 E3451.51343
G1 X37.916 Y21.458 E3451.5182
G1 X37.912 Y78.535 E3452.94199
G1 X38.095 Y78.623 E3452.94706
G1 X38.301 Y78.952 E3452.95674
G1 X38.516 Y79.074 E3452.96291
G1 X38.746 Y79.082 E3452.96865
G1 X38.949 Y78.995 E3452.97416
G1 X39.117 Y78.794 E3452.98069
G1 X39.172 Y78.582 E3452.98616
G0 F7200 X39.172 Y78.382
G1 F1500 E3446.48616
G0 F7200 X38.536 Y78.11
G0 X40.037 Y78.395
G0 X60.062 Y78.397
G0 X61.691 Y78.395
;TYPE:WALL-INNER
G1 F1500 E3452.98616
G1 F2539.7 X61.695 Y21.603 E3454.32492
G1 F2546.4 X61.524 Y21.327 E3454.33255
G1 X61.447 Y21.3 E3454.33447
G1 X61.362 Y21.34 E3454.33668
G1 X61.316 Y21.465 E3454.33981
G1 F2539.7 X61.313 Y78.569 E3455.68593
G1 X61.356 Y78.658 E3455.68826
G1 X61.472 Y78.69 E3455.6911
G1 X61.544 Y78.654 E3455.693
G1 X61.691 Y78.395 E3455.70002
G0 F7200 X62.08 Y78.547
;TYPE:WALL-OUTER
G1 F1200 X62.083 Y21.441 E3457.12453
G1 X61.982 Y21.349 E3457.12794
G1 X61.894 Y21.156 E3457.13323
G1 X61.753 Y21.003 E3457.13842
G1 X61.542 Y20.912 E3457.14415
G1 X61.361 Y20.912 E3457.14867
G1 X61.113 Y21.029 E3457.15551
G1 X60.984 Y21.194 E3457.16073
G1 X60.928 Y21.417 E3457.16647
G1 X60.924 Y78.658 E3458.59435
G1 X61.112 Y78.97 E3458.60344
G1 X61.313 Y79.073 E3458.60907
G1 X61.546 Y79.082 E3458.61489
G1 X61.757 Y78.991 E3458.62062
G1 X61.869 Y78.879 E3458.62457
G1 X61.978 Y78.647 E3458.63096
G1 X62.08 Y78.547 E3458.63453
G0 F7200 X62.08 Y78.347
G1 F1500 E3452.13453
;MESH:NONMESH
G0 F600 Z9.485
G0 F7200 X61.774 Y78.346
G0 X61.157 Y21.93
G0 X60.062 Y21.93
G0 X40.037 Y21.93
G0 X38.942 Y21.93
G0 X38.65 Y21.496
;TIME_ELAPSED:7542.397047
;LAYER:55
;TYPE:WALL-INNER
;MESH:luckfox_bottom.stl
G1 F1500 E3458.63453
G1 F1842.6 X38.648 Y78.504 E3460.48677
G0 F7200 X39.108 Y78.594
;TYPE:WALL-OUTER
G1 F1200 X39.111 Y21.416 E3461.91309
G1 X39.018 Y21.155 E3461.92
G1 X38.842 Y21.008 E3461.92572
G1 X38.717 Y20.969 E3461.92898
G1 X38.46 Y21.01 E3461.93548
G1 X38.288 Y21.147 E3461.94096
G1 X38.189 Y21.41 E3461.94797
G1 X38.188 Y78.582 E3463.37413
G1 X38.283 Y78.85 E3463.38123
G1 X38.5 Y79.009 E3463.38794
G1 X38.673 Y79.032 E3463.39229
G1 X38.912 Y78.945 E3463.39863
G1 X39.048 Y78.792 E3463.40374
G1 X39.108 Y78.594 E3463.4089
G0 F7200 X39.108 Y78.394
G1 F1500 E3456.9089
G0 F7200 X38.802 Y78.393
G0 X39.977 Y78.53
G0 X60.123 Y78.532
G0 X61.448 Y78.532
;TYPE:WALL-INNER
G1 F1500 E3463.4089
G1 F1846.2 X61.446 Y21.468 E3465.25941
G1 F1500 E3458.75941
G0 F7200 X61.603 Y78.587
G0 X61.908 Y78.636
;TYPE:WALL-OUTER
G1 F1500 E3465.25941
G1 F1200 X61.911 Y21.417 E3466.68674
G1 X61.834 Y21.182 E3466.69291
G1 X61.64 Y21.008 E3466.69941
G1 X61.51 Y20.971 E3466.70278
G1 X61.313 Y20.985 E3466.70771
G1 X61.128 Y21.093 E3466.71305
G1 X61.05 Y21.196 E3466.71628
G1 X60.988 Y21.402 E3466.72164
G1 X60.988 Y78.587 E3468.14813
G1 X61.032 Y78.764 E3468.15268
G1 X61.18 Y78.942 E3468.15845
G1 X61.424 Y79.029 E3468.16491
G1 X61.561 Y79.019 E3468.16834
G1 X61.708 Y78.952 E3468.17237
G1 X61.865 Y78.768 E3468.17841
G1 X61.908 Y78.636 E3468.18187
G0 F7200 X61.908 Y78.436
G1 F1500 E3461.68187
;MESH:NONMESH
G0 F600 Z9.635
G0 F7200 X61.602 Y78.435
G0 X60.123 Y78.541
G0 X39.977 Y78.539
G0 X38.929 Y78.54
;TIME_ELAPSED:7560.462895
;LAYER:56
;TYPE:WALL-OUTER
;MESH:luckfox_bottom.stl
G1 F1500 E3468.18187
G1 F860.2 X38.876 Y78.726 E3468.1886
G1 X38.71 Y78.839 E3468.19559
G1 X38.49 Y78.797 E3468.20338
G1 X38.405 Y78.7 E3468.20787
G1 X38.371 Y78.54 E3468.21356
G1 F858.7 X38.368 Y21.409 E3470.20519
G1 F857.1 X38.445 Y21.245 E3470.21152
G1 X38.543 Y21.169 E3470.21585
G1 X38.736 Y21.168 E3470.22259
G1 X38.826 Y21.22 E3470.22622
G1 X38.928 Y21.399 E3470.23341
G1 F858.7 X38.929 Y78.54 E3472.22539
G0 F7200 X38.876 Y78.726
G0 X38.871 Y78.729
G1 F1500 E3465.72539
G0 F7200 X38.688 Y78.599
G0 X39.874 Y78.525
G0 X60.23 Y78.525
G0 X61.729 Y78.525
G1 F1500 E3472.22539
G1 F860.2 X61.657 Y78.74 E3472.23328
G1 X61.502 Y78.839 E3472.23968
G1 X61.287 Y78.794 E3472.24733
G1 X61.205 Y78.7 E3472.25167
G1 X61.171 Y78.525 E3472.25787
G1 F858.7 X61.168 Y21.408 E3474.24902
G1 F857.1 X61.245 Y21.247 E3474.25525
G1 X61.328 Y21.181 E3474.25895
G1 X61.496 Y21.156 E3474.26488
G1 X61.66 Y21.251 E3474.2715
G1 X61.728 Y21.384 E3474.27672
G1 F858.7 X61.729 Y78.525 E3476.2687
G0 F7200 X61.666 Y78.714
G1 F1500 E3469.7687
;MESH:NONMESH
G0 F600 Z9.785
G0 F7200 X61.481 Y78.587
G0 X60.23 Y78.552
G0 X39.874 Y78.551
G0 X38.834 Y78.572
;TIME_ELAPSED:7578.252064
;LAYER:57
;TYPE:WALL-OUTER
;MESH:luckfox_bottom.stl
G1 F1500 E3476.2687
G1 F1290.3 X38.753 Y78.717 E3476.27255
G1 X38.673 Y78.753 E3476.27459
G1 X38.547 Y78.723 E3476.27759
G1 X38.462 Y78.59 E3476.28125
G1 X38.461 Y21.439 E3477.6071
G1 F1293.8 X38.496 Y21.324 E3477.60988
G1 X38.621 Y21.244 E3477.61331
G1 X38.744 Y21.269 E3477.61622
G1 X38.831 Y21.398 E3477.61982
G1 F1290.3 X38.834 Y78.572 E3478.94619
G0 F7200 X38.753 Y78.717
G0 X38.723 Y78.73
G1 F1500 E3472.44619
G0 F7200 X39.488 Y79.151
G0 X60.836 Y79.41
G0 X61.633 Y78.623
G1 F1500 E3478.94619
G1 F1297.3 X61.532 Y78.732 E3478.94962
G1 F1300.8 X61.366 Y78.737 E3478.95344
G1 F1297.3 X61.261 Y78.628 E3478.95693
G1 F1293.8 X61.262 Y21.39 E3480.28123
G1 F1290.3 X61.372 Y21.26 E3480.28518
G1 X61.5 Y21.253 E3480.28815
G1 X61.581 Y21.297 E3480.29029
G1 X61.634 Y21.429 E3480.29359
G1 F1293.8 X61.633 Y78.623 E3481.61686
G0 F7200 X61.532 Y78.732
G0 X61.481 Y78.733
;TIME_ELAPSED:7590.026115
G1 F1500 E3475.11686
M107
M104 S0
M140 S0
;Retract the filament
G92 E1
G1 E-1 F300
G28 X0 Y0
M84
M82 ;absolute extrusion mode
M104 S0
;End of Gcode
;SETTING_3 {"global_quality": "[general]\\nversion = 4\\nname = Normal #2\\ndefi
;SETTING_3 nition = custom\\n\\n[metadata]\\ntype = quality_changes\\nquality_ty
;SETTING_3 pe = fast\\nsetting_version = 27\\n\\n[values]\\nadhesion_type = raft
;SETTING_3 \\nsupport_structure = normal\\n\\n", "extruder_quality": ["[general]
;SETTING_3 \\nversion = 4\\nname = Normal #2\\ndefinition = custom\\n\\n[metadat
;SETTING_3 a]\\ntype = quality_changes\\nquality_type = fast\\nintent_category =
;SETTING_3  default\\nposition = 0\\nsetting_version = 27\\n\\n[values]\\ncool_f
;SETTING_3 an_full_layer = 3\\ninfill_sparse_density = 20\\nmaterial_final_print
;SETTING_3 _temperature = 230.0\\nmaterial_initial_print_temperature = 230.0\\nm
;SETTING_3 aterial_print_temperature = 230.0\\nraft_airgap = 0.22\\nraft_base_li
;SETTING_3 ne_spacing = 3.0\\nraft_base_line_width = 1.0\\nraft_base_thickness =
;SETTING_3  0.3\\nraft_margin = 5\\nspeed_layer_0 = 15\\nspeed_print = 30\\nsupp
;SETTING_3 ort_type = everywhere\\n\\n"]}
