;FLAVOR:Marlin
;TIME:426
;Filament used: 0.307675m
;Layer height: 0.15
;MINX:34.2
;MINY:34.2
;MINZ:0.3
;MAXX:65.8
;MAXY:65.8
;MAXZ:6
;TARGET_MACHINE.NAME:Unknown
;Generated with Cura_SteamEngine 5.13.0
M104 S215
M105
M109 S215
G28 ;Home
G1 Z15.0 F6000 ;Move the platform down 15mm
;Prime the extruder
G92 E0
G1 F200 E3
G92 E0
M82 ;absolute extrusion mode
G92 E0
G92 E0
G1 F1500 E-6.5
;LAYER_COUNT:39
;LAYER:0
M107
G0 F3600 X36.39 Y36.552 Z0.3
;TYPE:SKIRT
G1 F1500 E0
G1 F1800 X37.743 Y35.46 E0.08674
G1 X39.722 Y34.474 E0.19705
G1 X41.246 Y34.252 E0.27389
G1 X58.621 Y34.2 E1.14073
G1 X60.679 Y34.622 E1.24554
G1 X62.45 Y35.617 E1.34689
G1 X63.448 Y36.39 E1.40987
G1 X64.54 Y37.743 E1.49661
G1 X65.526 Y39.722 E1.60692
G1 X65.748 Y41.246 E1.68376
G1 X65.8 Y58.621 E2.5506
G1 X65.378 Y60.679 E2.65541
G1 X64.383 Y62.45 E2.75676
G1 X63.61 Y63.448 E2.81974
G1 X62.257 Y64.54 E2.90648
G1 X60.278 Y65.526 E3.01679
G1 X58.754 Y65.748 E3.09363
G1 X41.285 Y65.8 E3.96516
G1 X39.282 Y65.361 E4.06746
G1 X37.496 Y64.361 E4.16958
G1 X36.553 Y63.622 E4.22936
G1 X35.472 Y62.276 E4.31548
G1 X34.474 Y60.26 E4.42771
G1 X34.252 Y58.754 E4.50366
G1 X34.2 Y41.379 E5.3705
G1 X34.622 Y39.321 E5.47531
G1 X35.617 Y37.55 E5.57666
G1 X36.39 Y36.552 E5.63964
G0 F3600 X36.678 Y36.833
G1 F1800 X37.96 Y35.799 E5.72181
G1 X39.842 Y34.861 E5.82672
G1 X41.304 Y34.648 E5.90043
G1 X58.581 Y34.6 E6.76238
G1 X60.538 Y35.002 E6.86206
G1 X62.205 Y35.933 E6.95732
G1 X63.167 Y36.678 E7.01802
G1 X64.201 Y37.96 E7.10019
G1 X65.139 Y39.842 E7.2051
G1 X65.352 Y41.304 E7.27881
G1 X65.4 Y58.581 E8.14076
G1 X64.998 Y60.538 E8.24044
G1 X64.067 Y62.205 E8.3357
G1 X63.322 Y63.167 E8.3964
G1 X62.04 Y64.201 E8.47857
G1 X60.158 Y65.139 E8.58348
G1 X58.696 Y65.352 E8.65719
G1 X41.329 Y65.4 E9.52364
G1 X39.424 Y64.982 E9.62094
G1 X37.743 Y64.046 E9.71693
G1 X36.837 Y63.336 E9.77435
G1 X35.808 Y62.055 E9.85633
G1 X34.861 Y60.142 E9.96282
G1 X34.648 Y58.696 E10.03574
G1 X34.6 Y41.419 E10.8977
G1 X35.002 Y39.462 E10.99737
G1 X35.933 Y37.795 E11.09263
G1 X36.678 Y36.833 E11.15333
G0 F3600 X36.966 Y37.114
G1 F1800 X38.177 Y36.138 E11.23093
G1 X39.962 Y35.248 E11.33044
G1 X41.362 Y35.044 E11.40102
G1 X58.539 Y35 E12.25799
G1 X60.397 Y35.382 E12.35263
G1 X61.96 Y36.249 E12.4418
G1 X62.886 Y36.966 E12.50023
G1 X63.862 Y38.177 E12.57782
G1 X64.752 Y39.962 E12.67733
G1 X64.956 Y41.362 E12.74792
G1 X65 Y58.539 E13.60488
G1 X64.618 Y60.397 E13.69952
G1 X63.751 Y61.96 E13.78869
G1 X63.034 Y62.886 E13.84712
G1 X61.823 Y63.862 E13.92471
G1 X60.038 Y64.752 E14.02422
G1 X58.638 Y64.956 E14.09481
G1 X41.373 Y65 E14.95617
G1 X39.567 Y64.603 E15.04842
G1 X37.99 Y63.731 E15.13832
G1 X37.121 Y63.05 E15.1934
G1 X36.144 Y61.834 E15.27123
G1 X35.248 Y60.024 E15.37199
G1 X35.044 Y58.638 E15.44188
G1 X35 Y41.461 E16.29885
G1 X35.382 Y39.603 E16.39348
G1 X36.249 Y38.04 E16.48265
G1 X36.966 Y37.114 E16.54108
G0 F3600 X37.251 Y37.398
G1 F1800 X38.397 Y36.475 E16.61449
G1 X40.082 Y35.635 E16.70842
G1 X41.42 Y35.44 E16.77588
G1 X58.497 Y35.4 E17.62786
G1 X60.257 Y35.762 E17.7175
G1 X61.766 Y36.599 E17.80359
G1 X62.602 Y37.251 E17.85649
G1 X63.525 Y38.397 E17.9299
G1 X64.365 Y40.082 E18.02383
G1 X64.56 Y41.42 E18.09129
G1 X64.6 Y58.497 E18.94327
G1 X64.238 Y60.257 E19.03291
G1 X63.401 Y61.766 E19.119
G1 X62.749 Y62.602 E19.1719
G1 X61.603 Y63.525 E19.24531
G1 X59.918 Y64.365 E19.33924
G1 X58.58 Y64.56 E19.4067
G1 X41.418 Y64.6 E20.26292
G1 X39.709 Y64.224 E20.35022
G1 X38.237 Y63.416 E20.43399
G1 X37.405 Y62.764 E20.48673
G1 X36.483 Y61.617 E20.56015
G1 X35.635 Y59.903 E20.65555
G1 X35.44 Y58.58 E20.72227
G1 X35.4 Y41.503 E21.57425
G1 X35.762 Y39.743 E21.66389
G1 X36.599 Y38.234 E21.74998
G1 X37.251 Y37.398 E21.80288
G0 F3600 X37.535 Y37.683
G1 F1800 X38.617 Y36.812 E21.87217
G1 X40.202 Y36.022 E21.96053
G1 X41.478 Y35.836 E22.02486
G1 X58.455 Y35.8 E22.87185
G1 X60.117 Y36.142 E22.9565
G1 X61.572 Y36.949 E23.03951
G1 X62.317 Y37.535 E23.0868
G1 X63.188 Y38.617 E23.1561
G1 X63.978 Y40.202 E23.24445
G1 X64.164 Y41.478 E23.30878
G1 X64.2 Y58.455 E24.15577
G1 X63.858 Y60.117 E24.24043
G1 X63.051 Y61.572 E24.32343
G1 X62.465 Y62.317 E24.37072
G1 X61.383 Y63.188 E24.44002
G1 X59.798 Y63.978 E24.52838
G1 X58.522 Y64.164 E24.59271
G1 X41.463 Y64.2 E25.44379
G1 X39.849 Y63.845 E25.52623
G1 X38.484 Y63.101 E25.60379
G1 X37.686 Y62.476 E25.65436
G1 X36.821 Y61.399 E25.72328
G1 X36.022 Y59.785 E25.81313
G1 X35.836 Y58.522 E25.87682
G1 X35.8 Y41.545 E26.72381
G1 X36.142 Y39.883 E26.80846
G1 X36.949 Y38.428 E26.89147
G1 X37.535 Y37.683 E26.93876
G0 F3600 X37.82 Y37.968
G1 F1800 X38.835 Y37.151 E27.00376
G1 X40.323 Y36.409 E27.08672
G1 X41.536 Y36.232 E27.14788
G1 X58.413 Y36.2 E27.98988
G1 X59.977 Y36.522 E28.06954
G1 X61.378 Y37.299 E28.14947
G1 X62.032 Y37.82 E28.19118
G1 X62.849 Y38.835 E28.25619
G1 X63.591 Y40.323 E28.33914
G1 X63.768 Y41.536 E28.4003
G1 X63.8 Y58.413 E29.2423
G1 X63.478 Y59.977 E29.32196
G1 X62.701 Y61.378 E29.40189
G1 X62.18 Y62.032 E29.4436
G1 X61.165 Y62.849 E29.50861
G1 X59.677 Y63.591 E29.59156
G1 X58.464 Y63.768 E29.65272
G1 X41.508 Y63.8 E30.49866
G1 X39.989 Y63.466 E30.57626
G1 X38.731 Y62.786 E30.6476
G1 X37.97 Y62.19 E30.69582
G1 X37.157 Y61.178 E30.76059
G1 X36.409 Y59.667 E30.8447
G1 X36.232 Y58.464 E30.90537
G1 X36.2 Y41.587 E31.74737
G1 X36.522 Y40.023 E31.82703
G1 X37.299 Y38.622 E31.90696
G1 X37.82 Y37.968 E31.94867
G0 F3600 X38.104 Y38.254
G1 F1800 X39.055 Y37.488 E32.00959
G1 X40.443 Y36.796 E32.08697
G1 X41.594 Y36.628 E32.145
G1 X58.371 Y36.6 E32.98201
G1 X59.838 Y36.902 E33.05674
G1 X61.129 Y37.612 E33.13024
G1 X61.746 Y38.104 E33.16961
G1 X62.512 Y39.055 E33.23053
G1 X63.204 Y40.443 E33.30791
G1 X63.372 Y41.594 E33.36594
G1 X63.4 Y58.371 E34.20295
G1 X63.098 Y59.838 E34.27768
G1 X62.388 Y61.129 E34.35118
G1 X61.896 Y61.746 E34.39055
G1 X60.945 Y62.512 E34.45148
G1 X59.557 Y63.204 E34.52885
G1 X58.406 Y63.372 E34.58688
G1 X41.553 Y63.4 E35.42769
G1 X40.13 Y63.087 E35.50038
G1 X38.978 Y62.471 E35.56555
G1 X38.254 Y61.904 E35.61143
G1 X37.493 Y60.957 E35.67204
G1 X36.796 Y59.549 E35.75042
G1 X36.628 Y58.406 E35.80806
G1 X36.6 Y41.629 E36.64507
G1 X36.902 Y40.162 E36.71979
G1 X37.612 Y38.871 E36.7933
G1 X38.104 Y38.254 E36.83267
G0 F3600 X38.39 Y38.537
G1 F1800 X39.271 Y37.827 E36.88912
G1 X40.563 Y37.183 E36.96114
G1 X41.652 Y37.024 E37.01605
G1 X58.329 Y37 E37.84807
G1 X59.7 Y37.282 E37.9179
G1 X60.88 Y37.925 E37.98494
G1 X61.463 Y38.39 E38.02215
G1 X62.173 Y39.271 E38.0786
G1 X62.817 Y40.563 E38.15062
G1 X62.976 Y41.652 E38.20552
G1 X63 Y58.329 E39.03754
G1 X62.718 Y59.7 E39.10737
G1 X62.075 Y60.88 E39.17442
G1 X61.61 Y61.463 E39.21162
G1 X60.729 Y62.173 E39.26807
G1 X59.437 Y62.817 E39.34009
G1 X58.348 Y62.976 E39.395
G1 X41.598 Y63 E40.23066
G1 X40.27 Y62.708 E40.2985
G1 X39.167 Y62.118 E40.36091
G1 X38.539 Y61.619 E40.40092
G1 X37.829 Y60.736 E40.45745
G1 X37.183 Y59.431 E40.5301
G1 X37.024 Y58.348 E40.58471
G1 X37 Y41.671 E41.41673
G1 X37.282 Y40.3 E41.48656
G1 X37.925 Y39.12 E41.5536
G1 X38.39 Y38.537 E41.59081
G0 F3600 X38.674 Y38.822
G1 F1800 X39.491 Y38.164 E41.64314
G1 X40.683 Y37.57 E41.70959
G1 X41.71 Y37.42 E41.76137
G1 X58.287 Y37.4 E42.5884
G1 X59.562 Y37.662 E42.65334
G1 X60.631 Y38.238 E42.71392
G1 X61.178 Y38.674 E42.74882
G1 X61.836 Y39.491 E42.80116
G1 X62.43 Y40.683 E42.8676
G1 X62.58 Y41.71 E42.91938
G1 X62.6 Y58.287 E43.74641
G1 X62.338 Y59.562 E43.81135
G1 X61.762 Y60.631 E43.87193
G1 X61.326 Y61.178 E43.90683
G1 X60.509 Y61.836 E43.95917
G1 X59.317 Y62.43 E44.02561
G1 X58.29 Y62.58 E44.07739
G1 X41.643 Y62.6 E44.90791
G1 X40.41 Y62.329 E44.9709
G1 X39.356 Y61.765 E45.03054
G1 X38.825 Y61.336 E45.06459
G1 X38.165 Y60.515 E45.11715
G1 X37.57 Y59.313 E45.18406
G1 X37.42 Y58.29 E45.23564
G1 X37.4 Y41.713 E46.06267
G1 X37.662 Y40.438 E46.12761
G1 X38.238 Y39.369 E46.1882
G1 X38.674 Y38.822 E46.22309
G0 F3600 X38.956 Y39.109
G1 F1800 X39.711 Y38.501 E46.27146
G1 X40.803 Y37.957 E46.33232
G1 X41.768 Y37.816 E46.38098
G1 X58.246 Y37.8 E47.20307
G1 X59.424 Y38.042 E47.26307
G1 X60.441 Y38.59 E47.3207
G1 X60.891 Y38.956 E47.34964
G1 X61.499 Y39.711 E47.398
G1 X62.043 Y40.803 E47.45887
G1 X62.184 Y41.768 E47.50752
G1 X62.2 Y58.246 E48.32962
G1 X61.958 Y59.424 E48.38961
G1 X61.41 Y60.441 E48.44725
G1 X61.044 Y60.891 E48.47619
G1 X60.289 Y61.499 E48.52455
G1 X59.197 Y62.043 E48.58542
G1 X58.232 Y62.184 E48.63407
G1 X41.688 Y62.2 E49.45946
G1 X40.55 Y61.95 E49.51758
G1 X39.578 Y61.43 E49.57258
G1 X39.111 Y61.052 E49.60256
G1 X38.501 Y60.294 E49.6511
G1 X37.957 Y59.195 E49.71228
G1 X37.816 Y58.232 E49.76083
G1 X37.8 Y41.754 E50.58292
G1 X38.042 Y40.576 E50.64292
G1 X38.59 Y39.559 E50.70056
G1 X38.956 Y39.109 E50.7295
G0 F3600 X39.207 Y39.421
G1 F1800 X39.931 Y38.838 E50.77587
G1 X40.923 Y38.344 E50.83116
G1 X41.826 Y38.212 E50.87669
G1 X58.205 Y38.2 E51.69384
G1 X59.286 Y38.422 E51.7489
G1 X60.194 Y38.905 E51.80021
G1 X60.579 Y39.207 E51.82462
G1 X61.162 Y39.931 E51.871
G1 X61.656 Y40.923 E51.92628
G1 X61.788 Y41.826 E51.97181
G1 X61.8 Y58.205 E52.78897
G1 X61.578 Y59.286 E52.84402
G1 X61.095 Y60.194 E52.89533
G1 X60.793 Y60.579 E52.91974
G1 X60.069 Y61.162 E52.96612
G1 X59.077 Y61.656 E53.02141
G1 X58.174 Y61.788 E53.06694
G1 X41.733 Y61.8 E53.88718
G1 X40.69 Y61.571 E53.94046
G1 X39.767 Y61.077 E53.99269
G1 X39.398 Y60.77 E54.01663
G1 X38.839 Y60.075 E54.06113
G1 X38.344 Y59.076 E54.11676
G1 X38.212 Y58.174 E54.16224
G1 X38.2 Y41.795 E54.97939
G1 X38.422 Y40.714 E55.03444
G1 X38.905 Y39.806 E55.08576
G1 X39.207 Y39.421 E55.11017
G0 F3600 X39.458 Y39.733
G1 F1800 X40.151 Y39.175 E55.15456
G1 X41.043 Y38.731 E55.20427
G1 X41.884 Y38.608 E55.24667
G1 X58.164 Y38.6 E56.05888
G1 X59.15 Y38.802 E56.1091
G1 X59.955 Y39.226 E56.15449
G1 X60.267 Y39.458 E56.17389
G1 X60.825 Y40.151 E56.21827
G1 X61.269 Y41.043 E56.26798
G1 X61.392 Y41.884 E56.31039
G1 X61.4 Y58.164 E57.1226
G1 X61.198 Y59.15 E57.17281
G1 X60.774 Y59.955 E57.21821
G1 X60.542 Y60.267 E57.2376
G1 X59.849 Y60.825 E57.28199
G1 X58.957 Y61.269 E57.3317
G1 X58.116 Y61.392 E57.37411
G1 X41.778 Y61.4 E58.18921
G1 X40.83 Y61.192 E58.23763
G1 X39.956 Y60.724 E58.2871
G1 X39.71 Y60.519 E58.30307
G1 X39.177 Y59.856 E58.34551
G1 X38.731 Y58.957 E58.39558
G1 X38.608 Y58.116 E58.43798
G1 X38.6 Y41.836 E59.2502
G1 X38.802 Y40.85 E59.30041
G1 X39.226 Y40.045 E59.3458
G1 X39.458 Y39.733 E59.3652
G0 F3600 X39.749 Y40.012
G1 F1800 X40.367 Y39.514 E59.4048
G1 X41.163 Y39.118 E59.44915
G1 X41.942 Y39.004 E59.48843
G1 X58.123 Y39 E60.2957
G1 X59.013 Y39.182 E60.34102
G1 X59.768 Y39.58 E60.3836
G1 X59.988 Y39.749 E60.39745
G1 X60.486 Y40.367 E60.43704
G1 X60.882 Y41.163 E60.4814
G1 X60.996 Y41.942 E60.52068
G1 X61 Y58.123 E61.32795
G1 X60.818 Y59.013 E61.37327
G1 X60.42 Y59.768 E61.41585
G1 X60.251 Y59.988 E61.42969
G1 X59.633 Y60.486 E61.46929
G1 X58.837 Y60.882 E61.51364
G1 X58.058 Y60.996 E61.55292
G1 X41.823 Y61 E62.36289
G1 X40.97 Y60.813 E62.40646
G1 X40.145 Y60.371 E62.45315
G1 X40.022 Y60.268 E62.46116
G1 X39.515 Y59.637 E62.50154
G1 X39.118 Y58.837 E62.5461
G1 X39.004 Y58.058 E62.58537
G1 X39 Y41.877 E63.39265
G1 X39.182 Y40.987 E63.43797
G1 X39.58 Y40.232 E63.48055
G1 X39.749 Y40.012 E63.49439
G0 F3600 X40.037 Y40.293
G1 F1800 X40.583 Y39.853 E63.52937
G1 X41.283 Y39.505 E63.56837
G1 X42 Y39.4 E63.60453
G1 X58.082 Y39.4 E64.40686
G1 X58.878 Y39.563 E64.4474
G1 X59.582 Y39.934 E64.4871
G1 X59.707 Y40.037 E64.49518
G1 X60.147 Y40.583 E64.53016
G1 X60.495 Y41.283 E64.56916
G1 X60.6 Y42 E64.60532
G1 X60.6 Y58.082 E65.40765
G1 X60.437 Y58.878 E65.44819
G1 X60.066 Y59.582 E65.48789
G1 X59.963 Y59.707 E65.49597
G1 X59.417 Y60.147 E65.53095
G1 X58.717 Y60.495 E65.56996
G1 X58 Y60.6 E65.60611
G1 X41.868 Y60.6 E66.41094
G1 X41.11 Y60.434 E66.44965
G1 X40.334 Y60.018 E66.49358
G1 X39.854 Y59.42 E66.53183
G1 X39.505 Y58.717 E66.57099
G1 X39.4 Y58 E66.60714
G1 X39.4 Y41.918 E67.40948
G1 X39.563 Y41.122 E67.45001
G1 X39.934 Y40.418 E67.48972
G1 X40.037 Y40.293 E67.4978
G0 F3600 X40.288 Y40.604
G1 F1800 X40.799 Y40.192 E67.53054
G1 X41.405 Y39.891 E67.5643
G1 X42 Y39.8 E67.59433
G1 X58.041 Y39.8 E68.39462
G1 X58.743 Y39.944 E68.43037
G1 X59.396 Y40.288 E68.46719
G1 X59.808 Y40.799 E68.49994
G1 X60.109 Y41.405 E68.5337
G1 X60.2 Y42 E68.56373
G1 X60.2 Y58.041 E69.36402
G1 X60.056 Y58.743 E69.39977
G1 X59.712 Y59.396 E69.43659
G1 X59.201 Y59.808 E69.46934
G1 X58.595 Y60.109 E69.5031
G1 X58 Y60.2 E69.53313
G1 X41.913 Y60.2 E70.33571
G1 X41.247 Y60.054 E70.36973
G1 X40.597 Y59.705 E70.40654
G1 X40.192 Y59.201 E70.43879
G1 X39.891 Y58.595 E70.47255
G1 X39.8 Y58 E70.50258
G1 X39.8 Y41.959 E71.30287
G1 X39.944 Y41.257 E71.33862
G1 X40.288 Y40.604 E71.37544
G0 F3600 X40.605 Y40.862
G1 F1800 X40.977 Y40.55 E71.39967
G1 X41.526 Y40.277 E71.43026
G1 X42 Y40.2 E71.45421
G1 X58 Y40.2 E72.25246
G1 X58.606 Y40.324 E72.28332
G1 X59.138 Y40.605 E72.31333
G1 X59.45 Y40.977 E72.33756
G1 X59.723 Y41.526 E72.36815
G1 X59.8 Y42 E72.3921
G1 X59.8 Y58 E73.19035
G1 X59.676 Y58.606 E73.22121
G1 X59.395 Y59.138 E73.25122
G1 X59.023 Y59.45 E73.27545
G1 X58.474 Y59.723 E73.30603
G1 X58 Y59.8 E73.32999
G1 X41.958 Y59.8 E74.13033
G1 X41.384 Y59.674 E74.15965
G1 X40.859 Y59.392 E74.18938
G1 X40.55 Y59.023 E74.21339
G1 X40.277 Y58.474 E74.24398
G1 X40.2 Y58 E74.26794
G1 X40.2 Y42 E75.06618
G1 X40.324 Y41.394 E75.09704
G1 X40.605 Y40.862 E75.12706
G0 F3600 X40.923 Y41.117
G1 F1800 X40.678 Y41.581 E75.15324
G1 X40.6 Y42 E75.1745
G1 X40.6 Y58 E75.97274
G1 X40.662 Y58.351 E75.99053
G1 X40.908 Y58.845 E76.01806
G1 X41.117 Y59.077 E76.03364
G1 X41.477 Y59.285 E76.05438
G1 X41.958 Y59.4 E76.07905
G1 X58 Y59.4 E76.87939
G1 X58.351 Y59.338 E76.89718
G1 X58.845 Y59.092 E76.92471
G1 X59.077 Y58.883 E76.94029
G1 X59.322 Y58.419 E76.96646
G1 X59.4 Y58 E76.98773
G1 X59.4 Y42 E77.78597
G1 X59.338 Y41.649 E77.80375
G1 X59.092 Y41.155 E77.83129
G1 X58.883 Y40.923 E77.84686
G1 X58.419 Y40.678 E77.87304
G1 X58 Y40.6 E77.89431
G1 X42 Y40.6 E78.69255
G1 X41.649 Y40.662 E78.71033
G1 X41.155 Y40.908 E78.73786
G1 X40.923 Y41.117 E78.75344
G0 F3600 X41.207 Y41.399
G1 F1800 X41.345 Y41.26 E78.76321
G1 X41.727 Y41.054 E78.78487
G1 X42 Y41 E78.79875
G1 X58 Y41 E79.59699
G1 X58.338 Y41.07 E79.61422
G1 X58.601 Y41.207 E79.62901
G1 X58.74 Y41.345 E79.63878
G1 X58.946 Y41.727 E79.66043
G1 X59 Y42 E79.67432
G1 X59 Y58 E80.47256
G1 X58.93 Y58.338 E80.48978
G1 X58.793 Y58.601 E80.50458
G1 X58.655 Y58.74 E80.51435
G1 X58.273 Y58.946 E80.536
G1 X58 Y59 E80.54989
G1 X42 Y59 E81.34813
G1 X41.662 Y58.93 E81.36535
G1 X41.399 Y58.793 E81.38014
G1 X41.26 Y58.655 E81.38992
G1 X41.054 Y58.273 E81.41157
G1 X41 Y58 E81.42545
G1 X41 Y42 E82.2237
G1 X41.07 Y41.662 E82.24092
G1 X41.207 Y41.399 E82.25571
G0 F3600 X41.839 Y41.881
G1 F1800 X42 Y41.8 E82.2647
G1 X58 Y41.8 E83.06295
G1 X58.119 Y41.839 E83.06919
G1 X58.2 Y42 E83.07819
G1 X58.2 Y58 E83.87643
G1 X58.161 Y58.119 E83.88268
G1 X58 Y58.2 E83.89167
G1 X42 Y58.2 E84.68991
G1 X41.881 Y58.161 E84.69616
G1 X41.8 Y58 E84.70515
G1 X41.8 Y42 E85.50339
G1 X41.839 Y41.881 E85.50964
G0 F3600 X41.459 Y41.756
G1 F1800 X41.55 Y41.604 E85.51848
G1 X41.82 Y41.443 E85.53416
G1 X42 Y41.4 E85.5434
G1 X58 Y41.4 E86.34164
G1 X58.244 Y41.459 E86.35416
G1 X58.396 Y41.55 E86.363
G1 X58.557 Y41.82 E86.37868
G1 X58.6 Y42 E86.38792
G1 X58.6 Y58 E87.18616
G1 X58.541 Y58.244 E87.19868
G1 X58.45 Y58.396 E87.20752
G1 X58.18 Y58.557 E87.22321
G1 X58 Y58.6 E87.23244
G1 X42 Y58.6 E88.03068
G1 X41.756 Y58.541 E88.04321
G1 X41.604 Y58.45 E88.05205
G1 X41.443 Y58.18 E88.06773
G1 X41.4 Y58 E88.07696
G1 X41.4 Y42 E88.87521
G1 X41.459 Y41.756 E88.88773
G1 F1500 E82.38773
;MESH:cherry_mx_socket_fix-pins_led_diode.stl
G0 F3600 X42.424 Y42.424
G0 X46.587 Y45.753
G0 X48.058 Y46.461
G0 X47.981 Y46.16
;TYPE:WALL-INNER
G1 F1500 E88.88773
G1 F1800 X47.53 Y46.267 E88.91085
G1 X47.03 Y46.209 E88.93597
G1 X46.503 Y45.879 E88.96699
G1 X46.283 Y45.582 E88.98543
G1 X46.129 Y45.16 E89.00784
G1 X46.142 Y44.631 E89.03424
G1 X46.362 Y44.141 E89.06104
G1 X46.705 Y43.802 E89.0851
G1 X46.932 Y43.687 E89.09779
G1 X47.364 Y43.576 E89.12004
G1 X47.726 Y43.597 E89.13814
G1 X48.207 Y43.806 E89.1643
G1 X48.477 Y44.035 E89.18196
G1 X48.73 Y44.484 E89.20767
G1 X48.808 Y44.919 E89.22972
G1 X48.751 Y45.307 E89.24929
G1 X48.438 Y45.847 E89.28043
G1 X47.981 Y46.16 E89.30806
G0 F3600 X48.058 Y46.461
G0 X46.494 Y50.678
G0 X45.561 Y51.643
G0 X45.498 Y51.339
G1 F1800 X44.931 Y51.448 E89.33687
G1 X44.453 Y51.364 E89.36108
G1 X44.249 Y51.28 E89.37209
G1 X43.863 Y50.983 E89.39639
G1 X43.655 Y50.699 E89.41395
G1 X43.552 Y50.468 E89.42657
G1 X43.468 Y50 E89.45029
G1 X43.552 Y49.532 E89.47401
G1 X43.636 Y49.329 E89.48497
G1 X43.933 Y48.943 E89.50927
G1 X44.217 Y48.735 E89.52683
G1 X44.45 Y48.632 E89.53954
G1 X44.884 Y48.548 E89.5616
G1 X45.474 Y48.648 E89.59145
G1 X45.878 Y48.911 E89.6155
G1 X46.265 Y49.419 E89.64736
G1 X46.366 Y50.056 E89.67954
G1 X46.264 Y50.541 E89.70426
G1 X45.925 Y51.036 E89.7342
G1 X45.498 Y51.339 E89.76032
G0 F3600 X45.561 Y51.643
G0 X44.823 Y54.892
G0 X45.153 Y55.964
G0 X46.071 Y56.435
G0 X46.985 Y56.235
G0 X46.791 Y55.993
G1 F1800 X46.534 Y56.113 E89.77447
G1 X46.156 Y56.176 E89.79359
G1 X45.805 Y56.105 E89.81145
G1 X45.585 Y55.993 E89.82377
G1 X45.285 Y55.705 E89.84452
G1 X45.136 Y55.38 E89.86235
G1 X45.096 Y55.012 E89.88082
G1 X45.246 Y54.531 E89.90596
G1 X45.402 Y54.314 E89.91929
G1 X45.662 Y54.11 E89.93578
G1 X46.107 Y53.991 E89.95876
G1 X46.307 Y53.985 E89.96874
G1 X46.741 Y54.128 E89.99154
G1 X47.019 Y54.358 E90.00954
G1 F1818.2 X47.228 Y54.743 E90.03118
G1 F1870.1 X47.278 Y55.112 E90.04906
G1 F1855.7 X47.163 Y55.585 E90.07262
G1 F1800 X47.017 Y55.804 E90.08575
G1 X46.791 Y55.993 E90.10045
G0 F3600 X46.985 Y56.235
G0 X48.668 Y56.451
G0 X49.525 Y56.235
G0 X49.331 Y55.993
G1 F1800 X49.074 Y56.113 E90.1146
G1 X48.696 Y56.176 E90.13372
G1 X48.345 Y56.105 E90.15158
G1 X48.125 Y55.993 E90.1639
G1 X47.899 Y55.804 E90.1786
G1 X47.753 Y55.585 E90.19173
G1 F1809 X47.683 Y55.396 E90.20173
G1 F1846.2 X47.647 Y54.947 E90.22364
G1 F1836.7 X47.83 Y54.447 E90.24968
G1 F1800 X48.178 Y54.125 E90.27333
G1 X48.747 Y53.98 E90.30262
G1 X49.175 Y54.075 E90.3245
G1 X49.559 Y54.358 E90.3483
G1 F1818.2 X49.768 Y54.743 E90.36993
G1 F1870.1 X49.818 Y55.112 E90.38781
G1 F1855.7 X49.703 Y55.585 E90.41137
G1 F1800 X49.557 Y55.804 E90.4245
G1 X49.331 Y55.993 E90.4392
G0 F3600 X49.525 Y56.235
G0 X51.208 Y56.451
G0 X52.065 Y56.235
G0 X51.871 Y55.993
G1 F1800 X51.614 Y56.113 E90.45335
G1 X51.236 Y56.176 E90.47247
G1 X50.885 Y56.105 E90.49034
G1 X50.665 Y55.993 E90.50265
G1 X50.439 Y55.804 E90.51735
G1 X50.293 Y55.585 E90.53048
G1 F1809 X50.223 Y55.396 E90.54049
G1 F1846.2 X50.187 Y54.947 E90.5624
G1 F1836.7 X50.37 Y54.447 E90.58843
G1 F1800 X50.673 Y54.156 E90.60939
G1 X50.824 Y54.071 E90.61803
G1 X51.326 Y53.98 E90.64349
G1 X51.762 Y54.095 E90.66598
G1 X52.099 Y54.358 E90.68731
G1 F1818.2 X52.308 Y54.743 E90.70895
G1 F1870.1 X52.358 Y55.112 E90.72683
G1 F1855.7 X52.243 Y55.585 E90.75038
G1 F1800 X52.097 Y55.804 E90.76352
G1 X51.871 Y55.993 E90.77821
G0 F3600 X52.065 Y56.235
G0 X53.748 Y56.451
G0 X54.605 Y56.235
G0 X54.411 Y55.993
G1 F1800 X54.154 Y56.113 E90.79236
G1 X53.776 Y56.176 E90.81148
G1 X53.425 Y56.105 E90.82935
G1 X53.205 Y55.993 E90.84167
G1 X52.979 Y55.804 E90.85636
G1 X52.833 Y55.585 E90.8695
G1 F1809 X52.763 Y55.396 E90.8795
G1 F1846.2 X52.727 Y54.947 E90.90141
G1 F1836.7 X52.91 Y54.447 E90.92744
G1 F1800 X53.272 Y54.116 E90.95192
G1 X53.775 Y53.984 E90.97786
G1 X53.996 Y53.999 E90.98891
G1 X54.337 Y54.114 E91.00686
G1 X54.594 Y54.314 E91.02311
G1 X54.778 Y54.563 E91.03856
G1 X54.857 Y54.762 E91.04924
G1 X54.908 Y55.08 E91.06531
G1 X54.819 Y55.516 E91.08751
G1 X54.711 Y55.705 E91.09837
G1 X54.411 Y55.993 E91.11912
G0 F3600 X54.605 Y56.235
G0 X55.96 Y51.512
G0 X55.779 Y51.261
G1 F1800 X55.547 Y51.364 E91.13178
G1 X55.171 Y51.442 E91.15094
G1 X54.971 Y51.439 E91.16092
G1 X54.504 Y51.33 E91.18484
G1 X54.118 Y51.085 E91.20765
G1 X53.764 Y50.615 E91.23701
G1 X53.629 Y50.034 E91.26677
G1 X53.725 Y49.483 E91.29467
G1 X53.945 Y49.101 E91.31666
G1 F1706.2 X54.393 Y48.699 E91.34834
G1 X53.796 Y48.807 E91.38028
G1 F1800 X53.363 Y48.735 E91.40218
G1 F1548.4 X52.725 Y48.367 E91.44489
G1 F1374 X52.572 Y48.138 E91.46289
G1 F1565.2 X52.472 Y47.567 E91.49615
G1 F1800 X52.499 Y47.141 E91.51745
G1 X52.76 Y46.608 E91.54705
G1 X53.048 Y46.346 E91.56648
G1 X53.28 Y46.227 E91.57949
G1 X53.816 Y46.108 E91.60688
G1 X54.074 Y46.137 E91.61983
G1 X54.556 Y46.344 E91.646
G1 X54.716 Y46.463 E91.65595
G1 X54.939 Y46.734 E91.67346
G1 X55.079 Y47.018 E91.68926
G1 X55.156 Y47.456 E91.71144
G1 X55.092 Y47.873 E91.73249
G1 X54.824 Y48.346 E91.75962
G1 F1690.1 X54.52 Y48.631 E91.78176
G1 X55.022 Y48.551 E91.80877
G1 F1800 X55.62 Y48.652 E91.83902
G1 X55.979 Y48.867 E91.8599
G1 X56.34 Y49.297 E91.88791
G1 X56.444 Y49.53 E91.90064
G1 X56.528 Y50 E91.92446
G1 X56.444 Y50.467 E91.94813
G1 X56.357 Y50.675 E91.95938
G1 X56.063 Y51.052 E91.98323
G1 X55.779 Y51.261 E92.00082
G0 F3600 X55.959 Y51.513
G0 X55.08 Y51.718
G0 X53.918 Y51.259
G0 X53.362 Y50
G0 X53.66 Y49.058
G0 X54.393 Y48.699
G1 F1607.1 X54.52 Y48.631 E92.00887
G0 F3600 X55.18 Y48.285
G0 X56.242 Y48.74
G0 X56.77 Y49.867
G0 X57.09 Y57.12
G0 X57.4 Y57.4
G1 F1800 X57.4 Y42.6 E92.74725
G1 X42.6 Y42.6 E93.48562
G1 X42.6 Y57.4 E94.224
G1 X57.4 Y57.4 E94.96237
G0 F3600 X57.12 Y57.12
G0 X54.847 Y54.196
G0 X50.994 Y52.737
G0 X50.91 Y52.438
G1 F1800 X50.466 Y52.554 E94.98527
G1 X50.035 Y52.595 E95.00687
G1 X49.608 Y52.569 E95.02821
G1 X49.189 Y52.468 E95.04971
G1 X48.63 Y52.215 E95.08033
G1 X48.108 Y51.79 E95.11391
G1 X47.858 Y51.482 E95.1337
G1 X47.559 Y50.91 E95.1659
G1 X47.447 Y50.499 E95.18715
G1 X47.402 Y50.054 E95.20947
G1 X47.433 Y49.581 E95.23312
G1 X47.552 Y49.115 E95.25711
G1 X47.821 Y48.581 E95.28694
G1 X48.213 Y48.1 E95.3179
G1 X48.564 Y47.833 E95.3399
G1 X49.052 Y47.577 E95.36739
G1 X49.429 Y47.462 E95.38706
G1 X49.941 Y47.402 E95.41278
G1 X50.359 Y47.421 E95.43365
G1 X50.928 Y47.57 E95.463
G1 X51.371 Y47.789 E95.48765
G1 F1674.4 X52.115 Y48.382 E95.53868
G1 F1457.5 X52.282 Y48.651 E95.55819
G1 F1445.8 X52.543 Y49.401 E95.60751
G1 F1666.7 X52.595 Y50.16 E95.6485
G1 F1800 X52.459 Y50.854 E95.68379
G1 X52.212 Y51.363 E95.71201
G1 X51.79 Y51.884 E95.74546
G1 X51.445 Y52.157 E95.76741
G1 X50.91 Y52.438 E95.79756
G0 F3600 X50.782 Y52.054
;TYPE:WALL-OUTER
G1 F1800 X50.428 Y52.156 E95.81594
G1 X50.009 Y52.196 E95.83694
G1 X49.676 Y52.175 E95.85358
G1 X49.284 Y52.079 E95.87372
G1 X48.862 Y51.883 E95.89693
G1 X48.38 Y51.491 E95.92793
G1 X48.186 Y51.246 E95.94352
G1 X47.927 Y50.743 E95.97175
G1 X47.847 Y50.464 E95.98623
G1 X47.8 Y50.016 E96.0087
G1 X47.821 Y49.676 E96.02569
G1 X47.925 Y49.259 E96.04714
G1 X48.132 Y48.833 E96.07077
G1 X48.505 Y48.38 E96.10004
G1 X48.717 Y48.208 E96.11366
G1 X49.222 Y47.939 E96.14221
G1 X49.572 Y47.84 E96.16035
G1 X49.98 Y47.8 E96.18081
G1 X50.304 Y47.817 E96.19699
G1 X50.716 Y47.917 E96.21814
G1 X51.148 Y48.121 E96.24198
G1 X51.587 Y48.476 E96.27015
G1 X51.801 Y48.736 E96.28695
G1 X52.054 Y49.214 E96.31393
G1 X52.151 Y49.544 E96.33109
G1 X52.192 Y50.153 E96.36154
G1 X52.065 Y50.755 E96.39224
G1 X51.889 Y51.123 E96.41259
G1 X51.506 Y51.602 E96.44318
G1 X51.279 Y51.788 E96.45783
G1 X50.782 Y52.054 E96.48595
G0 F3600 X50.59 Y52.109
G0 X50.783 Y52.797
G0 X54.437 Y53.867
G0 X55.072 Y54.569
G0 X55.072 Y55.591
G0 X54.414 Y56.312
G0 X51.681 Y56.415
G0 X51.536 Y55.721
G1 F1800 X51.271 Y55.774 E96.49943
G1 X50.988 Y55.718 E96.51382
G1 X50.733 Y55.532 E96.52957
G1 X50.612 Y55.316 E96.54192
G1 X50.577 Y54.99 E96.55828
G1 X50.71 Y54.658 E96.57612
G1 X50.968 Y54.445 E96.59282
G1 X51.27 Y54.382 E96.60821
G1 X51.588 Y54.455 E96.62448
G1 X51.804 Y54.628 E96.63829
G1 X51.925 Y54.84 E96.65047
G1 X51.969 Y55.091 E96.66318
G1 X51.9 Y55.379 E96.67796
G1 X51.781 Y55.553 E96.68847
G1 X51.536 Y55.721 E96.7033
G0 F3600 X51.34 Y55.76
G0 X51.485 Y56.456
G0 X54.221 Y56.415
G0 X54.076 Y55.721
G1 F1800 X53.811 Y55.774 E96.71678
G1 X53.528 Y55.718 E96.73117
G1 X53.273 Y55.532 E96.74692
G1 X53.152 Y55.316 E96.75927
G1 X53.117 Y54.99 E96.77563
G1 X53.272 Y54.628 E96.79527
G1 X53.515 Y54.442 E96.81054
G1 X53.821 Y54.381 E96.82611
G1 X54.11 Y54.448 E96.84091
G1 X54.329 Y54.614 E96.85462
G1 X54.465 Y54.84 E96.86778
G1 X54.506 Y55.115 E96.88165
G1 X54.452 Y55.356 E96.89397
G1 X54.321 Y55.553 E96.90577
G1 X54.076 Y55.721 E96.92059
G0 F3600 X53.88 Y55.76
G1 F1500 E90.42059
G0 F3600 X54.025 Y56.456
G0 X57.52 Y57.52
G0 X57.8 Y57.8
G1 F1500 E96.92059
G1 F1800 X57.8 Y42.2 E97.69888
G1 X42.2 Y42.2 E98.47717
G1 X42.2 Y57.8 E99.25546
G1 X57.8 Y57.8 E100.03374
G0 F3600 X57.8 Y57.6
G0 X57.12 Y57.12
G0 X55.959 Y51.513
G0 X55.543 Y50.938
G1 F1800 X55.111 Y51.046 E100.05596
G1 X54.658 Y50.961 E100.07895
G1 X54.359 Y50.763 E100.09684
G1 X54.121 Y50.435 E100.11706
G1 X54.028 Y50.012 E100.13867
G1 X54.108 Y49.598 E100.15971
G1 X54.321 Y49.273 E100.17909
G1 X54.664 Y49.031 E100.20004
G1 X55.06 Y48.949 E100.22021
G1 X55.49 Y49.03 E100.24204
G1 X55.81 Y49.249 E100.26139
G1 X56.052 Y49.611 E100.28311
G1 X56.126 Y50.035 E100.30458
G1 X56.023 Y50.455 E100.32616
G1 X55.827 Y50.73 E100.34301
G1 X55.543 Y50.938 E100.36057
G0 F3600 X55.349 Y50.986
G0 X55.497 Y51.691
G0 X54.402 Y51.574
G0 X53.51 Y50.697
G0 X53.479 Y49.451
G0 X54.198 Y48.323
G1 F1800 X53.82 Y48.408 E100.3799
G1 X53.51 Y48.363 E100.39553
G1 X53.142 Y48.128 E100.41731
G1 X52.973 Y47.914 E100.43092
G1 X52.878 Y47.647 E100.44505
G1 X52.891 Y47.217 E100.46652
G1 X53.082 Y46.845 E100.48738
G1 X53.381 Y46.614 E100.50623
G1 X53.781 Y46.511 E100.52684
G1 X54.02 Y46.533 E100.53881
G1 X54.375 Y46.701 E100.5584
G1 X54.544 Y46.86 E100.56998
G1 X54.72 Y47.195 E100.58886
G1 X54.754 Y47.488 E100.60358
G1 X54.708 Y47.761 E100.61739
G1 X54.507 Y48.102 E100.63714
G1 X54.198 Y48.323 E100.65609
G0 F3600 X54.003 Y48.366
G0 X53.66 Y49.058
G0 X52.315 Y48.375
G0 X51.495 Y47.568
G0 X48.308 Y46.342
G0 X47.89 Y45.765
G1 F1800 X47.497 Y45.868 E100.67636
G1 X47.178 Y45.828 E100.6924
G1 X46.785 Y45.585 E100.71545
G1 X46.627 Y45.378 E100.72844
G1 X46.52 Y45.046 E100.74585
G1 X46.538 Y44.687 E100.76378
G1 X46.715 Y44.329 E100.7837
G1 X46.957 Y44.112 E100.79992
G1 X47.433 Y43.97 E100.8247
G1 X47.672 Y43.993 E100.83668
G1 X48.074 Y44.198 E100.85919
G1 X48.233 Y44.373 E100.87099
G1 X48.369 Y44.657 E100.8867
G1 X48.408 Y44.93 E100.90046
G1 X48.363 Y45.212 E100.9147
G1 X48.144 Y45.576 E100.9359
G1 X47.89 Y45.765 E100.95169
G0 F3600 X47.697 Y45.815
G0 X47.875 Y46.508
G0 X46.494 Y50.678
G0 X45.774 Y51.531
G0 X45.356 Y50.955
G1 F1800 X44.889 Y51.046 E100.97543
G1 X44.467 Y50.944 E100.99709
G1 X44.186 Y50.747 E101.01421
G1 X43.944 Y50.386 E101.03589
G1 X43.872 Y49.959 E101.0575
G1 X43.972 Y49.547 E101.07865
G1 X44.169 Y49.266 E101.09577
G1 X44.531 Y49.024 E101.11749
G1 X44.942 Y48.949 E101.13834
G1 X45.349 Y49.038 E101.15912
G1 X45.618 Y49.215 E101.17519
G1 X45.872 Y49.555 E101.19636
G1 X45.968 Y50.019 E101.22
G1 X45.886 Y50.41 E101.23993
G1 X45.667 Y50.73 E101.25928
G1 X45.356 Y50.955 E101.27843
G0 F3600 X45.16 Y50.993
G0 X45.308 Y51.697
G0 X44.823 Y54.892
G0 X45.153 Y55.964
G0 X46.02 Y56.421
G0 X46.456 Y55.721
G1 F1800 X46.191 Y55.774 E101.29191
G1 X45.908 Y55.718 E101.3063
G1 X45.628 Y55.499 E101.32404
G1 X45.544 Y55.357 E101.33227
G1 X45.496 Y55.012 E101.34965
G1 X45.615 Y54.686 E101.36696
G1 X45.86 Y54.458 E101.38366
G1 X46.252 Y54.381 E101.40359
G1 X46.527 Y54.466 E101.41795
G1 X46.724 Y54.628 E101.43067
G1 X46.845 Y54.84 E101.44285
G1 X46.889 Y55.091 E101.45557
G1 X46.82 Y55.379 E101.47034
G1 X46.701 Y55.553 E101.48086
G1 X46.456 Y55.721 E101.49568
G0 F3600 X46.26 Y55.76
G0 X46.405 Y56.456
G0 X49.141 Y56.415
G0 X48.996 Y55.721
G1 F1800 X48.731 Y55.774 E101.50916
G1 X48.448 Y55.718 E101.52355
G1 X48.193 Y55.532 E101.5393
G1 X48.072 Y55.316 E101.55165
G1 X48.037 Y54.99 E101.56801
G1 X48.192 Y54.628 E101.58766
G1 X48.427 Y54.445 E101.60252
G1 X48.758 Y54.38 E101.61935
G1 X49.057 Y54.46 E101.63479
G1 X49.264 Y54.628 E101.64809
G1 X49.385 Y54.84 E101.66027
G1 X49.429 Y55.091 E101.67298
G1 X49.36 Y55.379 E101.68775
G1 X49.241 Y55.553 E101.69827
G1 X48.996 Y55.721 E101.71309
G0 F3600 X48.8 Y55.76
G0 X48.945 Y56.456
G0 X46.128 Y56.451
G0 X45.153 Y55.964
G0 X44.823 Y54.892
G0 X48.634 Y46.031
G0 X49.067 Y44.936
G0 X48.757 Y43.967
G0 X47.76 Y43.098
;TYPE:SKIN
G1 F1139.2 X47.253 Y43.095 E101.75306
G0 F3600 X46.227 Y43.876
G0 X43.08 Y49.441
G1 F1299.6 X43.034 Y50 E101.79181
G1 X43.08 Y50.559 E101.83057
G0 F3600 X43.758 Y51.259
G0 X44.92 Y51.718
G0 X46.124 Y51.203
G0 X46.888 Y50.068
G1 F1065.1 X46.891 Y49.946 E101.84086
G0 F3600 X47.568 Y48.505
G0 X48.377 Y47.654
G0 X49.434 Y47.205
G0 X50.402 Y47.177
G0 X51.495 Y47.568
G0 X53.506 Y49.322
G0 X53.51 Y50.697
G0 X54.402 Y51.574
G0 X55.779 Y51.569
G0 X56.654 Y50.678
G0 X56.677 Y49.434
G0 X56.213 Y48.57
G1 F1800 X55.75 Y48.288 E101.86791
G1 X55.331 Y48.218 E101.8891
G1 X55.458 Y47.955 E101.90367
G1 X55.532 Y47.452 E101.92904
G1 X55.516 Y47.194 E101.94193
G1 X55.433 Y46.882 E101.95804
G1 X55.115 Y46.323 E101.99012
G1 X54.721 Y46 E102.01554
G1 X54.169 Y45.771 E102.04536
G1 X53.785 Y45.727 E102.06464
G1 X53.193 Y45.856 E102.09487
G1 X52.84 Y46.03 E102.1145
G1 X52.453 Y46.382 E102.1406
G1 X52.14 Y47.011 E102.17565
G1 X52.092 Y47.543 E102.2023
G1 X52.126 Y47.912 E102.22079
G1 X51.558 Y47.46 E102.25701
G1 X51.057 Y47.212 E102.2849
G1 X50.407 Y47.041 E102.31843
G1 X50.032 Y47.02 E102.33717
G1 X49.402 Y47.071 E102.3687
G1 X48.916 Y47.22 E102.39406
G1 X48.356 Y47.515 E102.42564
G1 X47.938 Y47.83 E102.45175
G1 X47.475 Y48.407 E102.48866
G1 X47.203 Y48.961 E102.51945
G1 X47.056 Y49.52 E102.54829
G1 F1333.3 X46.891 Y49.946 E102.57906
G1 X46.673 Y49.543 E102.60992
G1 F1800 X46.56 Y49.182 E102.62879
G1 X46.179 Y48.654 E102.66127
G1 X45.674 Y48.325 E102.69134
G1 X45.011 Y48.168 E102.72533
G1 X44.385 Y48.253 E102.75685
G1 X44.026 Y48.405 E102.7763
G1 X43.708 Y48.635 E102.79588
G1 X43.483 Y48.865 E102.81193
G1 F1600 X43.072 Y49.453 E102.8522
G1 X42.98 Y48.798 E102.88932
G1 F1800 X42.98 Y42.98 E103.17958
G1 X46.8 Y42.98 E103.37016
G1 F1400.8 X47.253 Y43.095 E103.40013
G1 X46.84 Y43.313 E103.43007
G1 F1800 X46.465 Y43.505 E103.45108
G1 X46.241 Y43.692 E103.46564
G1 X46.049 Y43.924 E103.48067
G1 X45.871 Y44.249 E103.49915
G1 X45.766 Y44.579 E103.51643
G1 X45.751 Y45.224 E103.54862
G1 X45.956 Y45.78 E103.57818
G1 X46.249 Y46.169 E103.60248
G1 X46.9 Y46.572 E103.64068
G1 X47.556 Y46.647 E103.67362
G1 X48.189 Y46.499 E103.70605
G1 X48.723 Y46.096 E103.73943
G1 X49.008 Y45.662 E103.76533
G1 X49.124 Y45.385 E103.78031
G1 X49.184 Y44.964 E103.80153
G1 X49.147 Y44.583 E103.82063
G1 X48.917 Y44.005 E103.85166
G1 X48.733 Y43.754 E103.86719
G1 X48.417 Y43.49 E103.88773
G1 F1390 X47.76 Y43.098 E103.93716
G1 F1198 X47.877 Y43.063 E103.94632
G1 F1490.7 X48.463 Y42.981 E103.98196
G1 F1800 X57.02 Y42.98 E104.40887
G1 X57.02 Y49.035 E104.71096
G1 F1428.6 X56.916 Y49.44 E104.73724
G1 X56.438 Y48.785 E104.78821
G1 F1800 X56.213 Y48.57 E104.80374
G0 F3600 X56.916 Y49.44
G1 F1281.1 X56.962 Y50 E104.84313
G1 F1285.7 X56.918 Y50.552 E104.8818
G0 F3600 X55.072 Y55.591
G0 X54.225 Y56.52
G1 F1655.2 X54.665 Y56.275 E104.90913
G1 F1800 X55.005 Y55.939 E104.93298
G1 X55.164 Y55.672 E104.94848
G1 X55.288 Y55.076 E104.97885
G1 X55.23 Y54.696 E104.99803
G1 X55.089 Y54.343 E105.01699
G1 X54.845 Y54.026 E105.03695
G1 X54.508 Y53.774 E105.05794
G1 X53.908 Y53.594 E105.0892
G1 X53.29 Y53.698 E105.12046
G1 X53.067 Y53.794 E105.13258
G1 X52.62 Y54.204 E105.16284
G1 X52.545 Y54.342 E105.17067
G1 X52.354 Y54.077 E105.18697
G1 X51.895 Y53.74 E105.21538
G1 X51.341 Y53.595 E105.24395
G1 X50.696 Y53.711 E105.27664
G1 X50.435 Y53.858 E105.29159
G1 X50.076 Y54.208 E105.3166
G1 X50.005 Y54.342 E105.32417
G1 X49.859 Y54.124 E105.33726
G1 X49.462 Y53.795 E105.36298
G1 X48.953 Y53.618 E105.38987
G1 X48.734 Y53.6 E105.40083
G1 X48.159 Y53.71 E105.43004
G1 X47.974 Y53.8 E105.4403
G1 X47.534 Y54.21 E105.47031
G1 X47.463 Y54.342 E105.47778
G1 X47.274 Y54.077 E105.49402
G1 X46.845 Y53.755 E105.52078
G1 X46.434 Y53.622 E105.54234
G1 X46.193 Y53.597 E105.55442
G1 X45.617 Y53.712 E105.58373
G1 X45.151 Y54.026 E105.61176
G1 X44.913 Y54.346 E105.63166
G1 X44.779 Y54.665 E105.64892
G1 X44.716 Y55.012 E105.66651
G1 X44.758 Y55.447 E105.68832
G1 X44.945 Y55.878 E105.71176
G1 X45.327 Y56.275 E105.73924
G1 X45.671 Y56.456 E105.75864
G1 F1722.5 X46.108 Y56.57 E105.78218
G1 F1585.9 X46.605 Y56.52 E105.81047
G1 F1655.2 X47.034 Y56.285 E105.83701
G1 F1800 X47.278 Y56.077 E105.853
G1 X47.458 Y55.826 E105.86841
G1 X47.636 Y56.076 E105.88372
G1 X47.919 Y56.312 E105.90211
G1 X48.211 Y56.456 E105.91835
G1 F1722.5 X48.648 Y56.57 E105.9419
G1 F1585.9 X49.145 Y56.52 E105.97018
G1 F1655.2 X49.574 Y56.285 E105.99672
G1 F1800 X49.818 Y56.077 E106.01272
G1 X49.998 Y55.826 E106.02813
G1 X50.176 Y56.076 E106.04344
G1 X50.459 Y56.312 E106.06182
G1 X50.751 Y56.456 E106.07806
G1 F1722.5 X51.188 Y56.57 E106.10161
G1 F1585.9 X51.685 Y56.52 E106.12989
G1 F1655.2 X52.114 Y56.285 E106.15643
G1 F1800 X52.358 Y56.077 E106.17243
G1 X52.538 Y55.826 E106.18784
G1 X52.716 Y56.076 E106.20315
G1 X52.999 Y56.312 E106.22153
G1 X53.291 Y56.456 E106.23778
G1 F1722.5 X53.728 Y56.57 E106.26132
G1 F1585.9 X54.225 Y56.52 E106.28961
G0 F3600 X54.847 Y55.964
G0 X55.177 Y55.08
G0 X54.847 Y54.196
G0 X51.055 Y52.789
G1 F1800 X51.625 Y52.49 E106.32172
G1 X52.069 Y52.139 E106.34996
G1 X52.539 Y51.564 E106.38701
G1 X52.828 Y50.942 E106.42122
G1 X52.977 Y50.152 E106.46133
G1 F1935.5 X52.947 Y50.152 E106.46273
G1 F1865.3 X52.932 Y49.391 E106.49937
G1 F1666.7 X52.767 Y48.842 E106.53026
G1 F1651.4 X53.212 Y49.103 E106.55831
G1 X53.456 Y49.15 E106.57182
G1 X53.342 Y49.367 E106.58515
G1 F1743.3 X53.269 Y50.108 E106.62351
G1 F1822.8 X53.259 Y50.113 E106.62406
G1 F1800 X53.414 Y50.783 E106.65837
G1 X53.788 Y51.296 E106.69004
G1 X54.349 Y51.675 E106.72382
G1 X54.907 Y51.814 E106.75251
G1 X55.235 Y51.813 E106.76887
G1 X55.623 Y51.737 E106.7886
G1 X55.967 Y51.587 E106.80732
G1 X56.287 Y51.358 E106.82695
G1 X56.501 Y51.139 E106.84223
G1 F1596.5 X56.928 Y50.538 E106.8837
G1 X57.02 Y51.214 E106.92208
G1 F1800 X57.02 Y57.02 E107.21174
G1 X54.762 Y57.02 E107.32439
G1 F1655.2 X54.265 Y56.985 E107.35142
G1 X53.285 Y57.019 E107.40463
G1 F1800 X52.222 Y57.02 E107.45766
G1 F1655.2 X51.725 Y56.985 E107.48469
G1 X50.745 Y57.019 E107.53789
G1 F1800 X49.682 Y57.02 E107.59093
G1 F1655.2 X49.185 Y56.985 E107.61796
G1 X48.205 Y57.019 E107.67116
G1 F1800 X47.142 Y57.02 E107.72419
G1 F1655.2 X46.645 Y56.985 E107.75123
G1 X45.665 Y57.019 E107.80443
G1 F1800 X42.98 Y57.02 E107.93838
G1 X42.98 Y50.957 E108.24087
G1 F1440 X43.08 Y50.559 E108.26646
G1 X43.553 Y51.206 E108.31644
G1 F1800 X43.83 Y51.457 E108.33509
G1 X44.353 Y51.733 E108.36459
G1 X44.941 Y51.828 E108.39431
G1 X45.65 Y51.693 E108.43032
G1 X46.156 Y51.336 E108.46121
G1 X46.369 Y51.098 E108.47715
G1 X46.605 Y50.698 E108.50032
G1 X46.653 Y50.52 E108.50951
G1 F1343.3 X46.888 Y50.068 E108.54357
G1 X47.068 Y50.544 E108.57759
G1 F1800 X47.194 Y51.024 E108.60235
G1 X47.529 Y51.667 E108.63852
G1 X47.834 Y52.058 E108.66326
G1 X48.449 Y52.549 E108.70253
G1 X48.943 Y52.782 E108.72978
G1 X49.54 Y52.943 E108.76062
G1 X50.064 Y52.972 E108.78681
G1 X50.565 Y52.92 E108.81194
G1 X51.055 Y52.789 E108.83724
G0 F3600 X45.586 Y53.848
G0 X43.18 Y56.757
G1 F1800 X43.243 Y56.82 E108.84169
G0 F3600 X43.809 Y56.82
G1 F1800 X43.18 Y56.191 E108.88606
G0 F3600 X43.18 Y55.625
G1 F1800 X44.374 Y56.82 E108.97034
G0 F3600 X44.939 Y56.819
G1 F1800 X43.18 Y55.06 E109.09445
G0 F3600 X43.18 Y54.494
G1 F1800 X45.505 Y56.819 E109.25849
G1 X45.575 Y56.889
G0 F3600 X46.95 Y56.567
G1 F1800 X47.202 Y56.819 E109.27627
G0 F3600 X47.281 Y56.332
G1 F1800 X47.768 Y56.819 E109.31063
G0 F3600 X48.162 Y56.648
G1 F1800 X48.323 Y56.808 E109.32196
G0 F3600 X49.317 Y56.671
G1 F1800 X49.431 Y56.785 E109.33
G0 F3600 X49.67 Y56.458
G1 F1800 X50.031 Y56.819 E109.35547
G0 F3600 X50.596 Y56.819
G1 F1800 X49.973 Y56.196 E109.39943
G1 X49.903 Y56.126
G0 F3600 X50.96 Y56.389
G0 X52.037 Y56.563
G1 F1800 X52.293 Y56.819 E109.41749
G0 F3600 X52.367 Y56.327
G1 F1800 X52.859 Y56.819 E109.4522
G0 F3600 X53.258 Y56.652
G1 F1800 X53.413 Y56.808 E109.46317
G0 F3600 X54.409 Y56.672
G1 F1800 X54.524 Y56.786 E109.47125
G0 F3600 X54.754 Y56.451
G1 F1800 X55.123 Y56.82 E109.49729
G0 F3600 X55.688 Y56.82
G1 F1800 X55.048 Y56.179 E109.54248
G0 F3600 X55.285 Y55.851
G1 F1800 X56.254 Y56.82 E109.61085
G0 F3600 X56.82 Y56.82
G1 F1800 X55.424 Y55.424 E109.70934
G0 F3600 X55.461 Y54.896
G1 F1800 X56.82 Y56.255 E109.80523
G0 F3600 X56.82 Y55.689
G1 F1800 X52.737 Y51.606 E110.0933
G0 F3600 X52.495 Y51.929
G1 F1800 X53.975 Y53.409 E110.19773
G0 F3600 X53.466 Y53.466
G1 F1800 X52.239 Y52.239 E110.2843
G0 F3600 X51.937 Y52.503
G1 F1800 X53.028 Y53.594 E110.36127
G0 F3600 X52.715 Y53.846
G1 F1800 X51.596 Y52.728 E110.44019
G0 F3600 X51.226 Y52.923
G1 F1800 X51.815 Y53.512 E110.48175
G0 F3600 X51.162 Y53.425
G1 F1800 X50.801 Y53.064 E110.50722
G0 F3600 X50.683 Y53.511
G1 F1800 X50.318 Y53.147 E110.53293
G0 F3600 X50.309 Y53.703
G1 F1800 X49.76 Y53.154 E110.57167
G0 F3600 X49.061 Y53.021
G1 F1800 X50.022 Y53.982 E110.63947
G1 X50.092 Y54.052
G0 F3600 X48.889 Y53.414
G1 F1800 X46.59 Y51.115 E110.80168
G0 F3600 X46.337 Y51.429
G1 F1800 X48.375 Y53.466 E110.94544
G0 F3600 X47.939 Y53.596
G1 F1800 X46.02 Y51.677 E111.08083
G0 F3600 X45.668 Y51.891
G1 F1800 X47.628 Y53.85 E111.21909
G1 X47.698 Y53.92
G0 F3600 X46.716 Y53.504
G1 F1800 X45.193 Y51.982 E111.32651
G0 F3600 X44.63 Y51.984
G1 F1800 X46.065 Y53.419 E111.42775
G0 F3600 X45.596 Y53.515
G1 F1800 X43.689 Y51.609 E111.56227
G0 F3600 X43.358 Y51.277
G1 F1800 X43.181 Y51.1 E111.57475
G0 F3600 X43.181 Y51.666
G1 F1800 X45.239 Y53.724 E111.71996
G0 F3600 X44.938 Y53.989
G1 F1800 X43.181 Y52.232 E111.84392
G0 F3600 X43.181 Y52.798
G1 F1800 X44.703 Y54.319 E111.95127
G0 F3600 X44.563 Y54.745
G1 F1800 X43.181 Y53.363 E112.04878
G0 F3600 X43.18 Y53.928
G1 F1800 X44.543 Y55.291 E112.14495
G1 X44.613 Y55.361
G0 F3600 X45.013 Y54.449
G0 X46.962 Y50.922
G1 F1800 X46.79 Y50.75 E112.15708
G0 F3600 X46.933 Y49.196
G1 F1800 X46.497 Y48.76 E112.18785
G0 F3600 X46.103 Y48.366
G1 F1800 X43.18 Y45.443 E112.39408
G0 F3600 X43.18 Y46.009
G1 F1800 X45.174 Y48.002 E112.53473
G0 F3600 X44.625 Y48.019
G1 F1800 X43.18 Y46.574 E112.63668
G0 F3600 X43.18 Y47.14
G1 F1800 X44.17 Y48.13 E112.70653
G0 F3600 X43.799 Y48.324
G1 F1800 X43.18 Y47.706 E112.75017
G0 F3600 X43.18 Y48.271
G1 F1800 X43.486 Y48.578 E112.7718
G0 F3600 X43.18 Y48.837
G1 F1800 X43.24 Y48.897 E112.77603
G0 F3600 X44.221 Y48.431
G0 X47.073 Y48.77
G1 F1800 X43.18 Y44.877 E113.0507
G0 F3600 X43.18 Y44.312
G1 F1800 X47.257 Y48.389 E113.33836
G0 F3600 X47.497 Y48.063
G1 F1800 X43.18 Y43.746 E113.64295
G0 F3600 X43.18 Y43.18
G1 F1800 X45.719 Y45.719 E113.82209
G0 F3600 X45.557 Y44.992
G1 F1800 X43.746 Y43.18 E113.9499
G0 F3600 X44.312 Y43.18
G1 F1800 X45.595 Y44.464 E114.04045
G0 F3600 X45.752 Y44.055
G1 F1800 X44.877 Y43.18 E114.10219
G0 F3600 X45.443 Y43.18
G1 F1800 X45.973 Y43.71 E114.13958
G0 F3600 X46.252 Y43.423
G1 F1800 X46.009 Y43.18 E114.15673
G0 F3600 X48.838 Y43.181
G1 F1800 X52.164 Y46.507 E114.3914
G0 F3600 X52.39 Y46.168
G1 F1800 X49.403 Y43.181 E114.60215
G0 F3600 X49.969 Y43.181
G1 F1800 X52.682 Y45.893 E114.79353
G0 F3600 X53.058 Y45.704
G1 F1800 X50.535 Y43.181 E114.97154
G0 F3600 X51.1 Y43.181
G1 F1800 X53.503 Y45.584 E115.14108
G0 F3600 X54.042 Y45.557
G1 F1800 X51.666 Y43.181 E115.30872
G0 F3600 X52.232 Y43.181
G1 F1800 X55.13 Y46.079 E115.51319
G0 F3600 X55.306 Y46.255
G1 F1800 X56.82 Y47.769 E115.62001
G0 F3600 X56.82 Y47.204
G1 F1800 X52.798 Y43.181 E115.90382
G0 F3600 X53.363 Y43.181
G1 F1800 X56.82 Y46.638 E116.14773
G0 F3600 X56.82 Y46.072
G1 F1800 X53.929 Y43.181 E116.35171
G0 F3600 X54.495 Y43.181
G1 F1800 X56.82 Y45.507 E116.51578
G0 F3600 X56.82 Y44.941
G1 F1800 X55.06 Y43.181 E116.63996
G0 F3600 X55.626 Y43.181
G1 F1800 X56.82 Y44.375 E116.72421
G0 F3600 X56.82 Y43.81
G1 F1800 X56.192 Y43.181 E116.76855
G0 F3600 X56.757 Y43.181
G1 F1800 X56.82 Y43.244 E116.77299
G0 F3600 X55.719 Y47.233
G1 F1800 X56.82 Y48.335 E116.85071
G0 F3600 X56.632 Y48.713
G1 F1800 X56.82 Y48.901 E116.86398
G0 F3600 X56.331 Y48.411
G1 F1800 X55.687 Y47.767 E116.90941
G1 X55.617 Y47.697
G0 F3600 X56.649 Y49.301
G0 X56.752 Y51.095
G1 F1800 X56.82 Y51.163 E116.91421
G0 F3600 X56.507 Y51.416
G1 F1800 X56.82 Y51.729 E116.9363
G0 F3600 X56.82 Y52.295
G1 F1800 X56.197 Y51.672 E116.98025
G0 F3600 X55.828 Y51.868
G1 F1800 X56.82 Y52.86 E117.05024
G0 F3600 X56.82 Y53.426
G1 F1800 X55.381 Y51.986 E117.15181
G0 F3600 X54.831 Y52.003
G1 F1800 X56.82 Y53.992 E117.29214
G0 F3600 X56.82 Y54.558
G1 F1800 X53.822 Y51.559 E117.5037
G0 F3600 X53.482 Y51.219
G1 F1800 X53.06 Y50.797 E117.53348
G0 F3600 X52.921 Y51.224
G1 F1800 X56.82 Y55.123 E117.80857
G1 X56.89 Y55.193
G0 F3600 X53.51 Y50.697
G0 X51.907 Y47.382
G1 F1800 X49.371 Y44.845 E117.98754
G0 F3600 X49.328 Y45.368
G1 F1800 X50.928 Y46.968 E118.10042
G0 F3600 X50.223 Y46.829
G1 F1800 X49.167 Y45.772 E118.17497
G0 F3600 X48.945 Y46.117
G1 F1800 X49.678 Y46.85 E118.22668
G0 F3600 X49.19 Y46.927
G1 F1800 X48.661 Y46.398 E118.26401
G0 F3600 X48.335 Y46.638
G1 F1800 X48.771 Y47.074 E118.29477
G0 F3600 X48.4 Y47.269
G1 F1800 X47.903 Y46.772 E118.32983
G0 F3600 X47.392 Y46.826
G1 F1800 X48.056 Y47.491 E118.37672
G0 F3600 X47.75 Y47.75
G1 F1800 X46.646 Y46.646 E118.45461
G1 X46.576 Y46.576
G0 F3600 X47.529 Y46.534
G0 X48.634 Y46.031
G0 X49.162 Y44.071
G1 F1800 X51.978 Y46.887 E118.6533
G1 X52.048 Y46.957
G0 F3600 X51.903 Y46.927
;MESH:NONMESH
G0 F600 Z0.45
G0 F3600 X48.322 Y46.332
G0 X48.142 Y46.082
;TIME_ELAPSED:90.093760
;LAYER:1
M106 S255
;TYPE:WALL-INNER
;MESH:cherry_mx_socket_fix-pins_led_diode.stl
G1 F3300 X47.984 Y46.16 E118.65769
G1 X47.535 Y46.266 E118.6692
G1 X47.072 Y46.214 E118.68082
G1 X46.761 Y46.077 E118.6893
G1 X46.479 Y45.845 E118.69841
G1 X46.28 Y45.583 E118.70662
G1 X46.129 Y45.144 E118.7182
G1 X46.142 Y44.631 E118.731
G1 X46.362 Y44.141 E118.7444
G1 X46.513 Y43.958 E118.75031
G1 X46.876 Y43.704 E118.76137
G1 X47.208 Y43.593 E118.7701
G1 X47.48 Y43.568 E118.77691
G1 X47.946 Y43.665 E118.78879
G1 X48.183 Y43.785 E118.79541
G1 X48.434 Y43.993 E118.80354
G1 X48.595 Y44.199 E118.81007
G1 X48.735 Y44.495 E118.81823
G1 X48.792 Y44.752 E118.8248
G1 X48.753 Y45.299 E118.83848
G1 X48.52 Y45.757 E118.8513
G1 X48.142 Y46.082 E118.86373
G0 F5400 X48.34 Y46.322
G0 X46.494 Y50.678
G0 X45.516 Y51.653
G0 X45.452 Y51.347
G1 F3300 X45.031 Y51.439 E118.87448
G1 X44.836 Y51.443 E118.87935
G1 X44.453 Y51.364 E118.8891
G1 X44.249 Y51.28 E118.89461
G1 X43.863 Y50.983 E118.90676
G1 X43.655 Y50.699 E118.91554
G1 X43.552 Y50.466 E118.92189
G1 X43.468 Y49.996 E118.9338
G1 X43.552 Y49.531 E118.94559
G1 X43.784 Y49.101 E118.95778
G1 X44.217 Y48.735 E118.97192
G1 X44.45 Y48.632 E118.97828
G1 X44.991 Y48.552 E118.99192
G1 X45.478 Y48.659 E119.00436
G1 X45.879 Y48.912 E119.01618
G1 X46.251 Y49.394 E119.03137
G1 X46.366 Y49.939 E119.04527
G1 X46.284 Y50.466 E119.05857
G1 X46.222 Y50.636 E119.06308
G1 X45.927 Y51.034 E119.07544
G1 X45.452 Y51.347 E119.08963
G0 F5400 X45.516 Y51.653
G0 X44.823 Y55.08
G0 X45.152 Y55.963
G0 X45.939 Y56.419
G0 X47.001 Y56.223
G0 X46.808 Y55.983
G1 F3300 X46.396 Y56.16 E119.10082
G1 X46.088 Y56.168 E119.1085
G1 X45.764 Y56.092 E119.1168
G1 X45.578 Y55.987 E119.12213
G1 X45.289 Y55.709 E119.13214
G1 X45.178 Y55.517 E119.13767
G1 X45.088 Y55.08 E119.1488
G1 X45.139 Y54.762 E119.15683
G1 X45.218 Y54.563 E119.16217
G1 X45.402 Y54.314 E119.1699
G1 X45.66 Y54.116 E119.17801
G1 X45.957 Y54.002 E119.18594
G1 X46.41 Y53.999 E119.19724
G1 X46.69 Y54.1 E119.20467
G1 X47.018 Y54.357 E119.21506
G1 X47.158 Y54.563 E119.22128
G1 F3333.3 X47.233 Y54.763 E119.22655
G1 F3455.5 X47.272 Y55.131 E119.23537
G1 F3419.7 X47.158 Y55.593 E119.24682
G1 F3300 X47.022 Y55.794 E119.25288
G1 X46.808 Y55.983 E119.26
G0 F5400 X47.001 Y56.223
G0 X48.479 Y56.419
G0 X49.541 Y56.223
G0 X49.348 Y55.983
G1 F3300 X48.936 Y56.16 E119.27118
G1 X48.628 Y56.168 E119.27887
G1 X48.304 Y56.092 E119.28717
G1 X47.894 Y55.794 E119.29982
G1 X47.758 Y55.593 E119.30587
G1 F3419.7 X47.644 Y55.131 E119.31732
G1 F3455.5 X47.683 Y54.763 E119.32614
G1 F3333.3 X47.758 Y54.563 E119.33141
G1 F3300 X47.898 Y54.357 E119.33763
G1 X48.179 Y54.129 E119.34665
G1 X48.499 Y54.001 E119.35525
G1 X48.89 Y53.99 E119.36501
G1 X49.175 Y54.076 E119.37244
G1 X49.558 Y54.357 E119.38428
G1 X49.698 Y54.563 E119.3905
G1 F3333.3 X49.773 Y54.763 E119.39577
G1 F3455.5 X49.812 Y55.131 E119.40459
G1 F3419.7 X49.698 Y55.593 E119.41604
G1 F3300 X49.562 Y55.794 E119.4221
G1 X49.348 Y55.983 E119.42922
G0 F5400 X49.541 Y56.223
G0 X51.019 Y56.419
G0 X52.081 Y56.223
G0 X51.888 Y55.983
G1 F3300 X51.476 Y56.16 E119.44041
G1 X51.168 Y56.168 E119.44809
G1 X50.844 Y56.092 E119.45639
G1 X50.434 Y55.794 E119.46904
G1 X50.298 Y55.593 E119.47509
G1 F3419.7 X50.184 Y55.131 E119.48654
G1 F3455.5 X50.223 Y54.763 E119.49536
G1 F3333.3 X50.298 Y54.563 E119.50064
G1 F3300 X50.438 Y54.357 E119.50685
G1 X50.751 Y54.11 E119.51679
G1 X51.024 Y54.005 E119.52409
G1 X51.372 Y53.988 E119.53278
G1 X51.568 Y54.02 E119.53774
G1 X51.822 Y54.129 E119.54463
G1 X52.098 Y54.357 E119.55356
G1 X52.238 Y54.563 E119.55977
G1 F3333.3 X52.313 Y54.763 E119.56505
G1 F3455.5 X52.352 Y55.131 E119.57387
G1 F3419.7 X52.238 Y55.593 E119.58532
G1 F3300 X52.102 Y55.794 E119.59137
G1 X51.888 Y55.983 E119.5985
G0 F5400 X52.081 Y56.223
G0 X53.559 Y56.419
G0 X54.621 Y56.223
G0 X54.428 Y55.983
G1 F3300 X54.016 Y56.16 E119.60968
G1 X53.708 Y56.168 E119.61737
G1 X53.384 Y56.092 E119.62567
G1 X52.974 Y55.794 E119.63831
G1 X52.838 Y55.593 E119.64437
G1 F3419.7 X52.724 Y55.131 E119.65582
G1 F3455.5 X52.763 Y54.763 E119.66464
G1 F3333.3 X52.838 Y54.563 E119.66991
G1 F3300 X52.978 Y54.357 E119.67613
G1 X53.273 Y54.12 E119.68556
G1 X53.607 Y53.996 E119.69445
G1 X54.043 Y54.002 E119.70533
G1 X54.344 Y54.118 E119.71338
G1 X54.594 Y54.314 E119.7213
G1 X54.778 Y54.563 E119.72902
G1 X54.857 Y54.762 E119.73436
G1 X54.908 Y55.08 E119.7424
G1 X54.819 Y55.516 E119.7535
G1 X54.707 Y55.709 E119.75906
G1 X54.428 Y55.983 E119.76882
G0 F5400 X54.621 Y56.223
G0 X55.96 Y51.512
G0 X55.779 Y51.261
G1 F3300 X55.547 Y51.364 E119.77515
G1 X55.171 Y51.442 E119.78473
G1 X54.957 Y51.436 E119.79007
G1 X54.548 Y51.347 E119.80051
G1 X54.064 Y51.033 E119.8149
G1 X53.729 Y50.529 E119.83
G1 X53.629 Y49.96 E119.84441
G1 X53.725 Y49.483 E119.85655
G1 X53.945 Y49.101 E119.86755
G1 F3128 X54.393 Y48.699 E119.88339
G1 X53.796 Y48.807 E119.89935
G1 F3300 X53.363 Y48.733 E119.91031
G1 X53.158 Y48.642 E119.9159
G1 F2851 X52.702 Y48.335 E119.93178
G1 F2523.9 X52.576 Y48.146 E119.93919
G1 F2869.6 X52.469 Y47.543 E119.95675
G1 F3300 X52.504 Y47.068 E119.96864
G1 X52.81 Y46.548 E119.98369
G1 X53.224 Y46.245 E119.99648
G1 X53.556 Y46.133 E120.00522
G1 X53.832 Y46.108 E120.01214
G1 X54.449 Y46.268 E120.02804
G1 X54.782 Y46.533 E120.03865
G1 X54.943 Y46.739 E120.04518
G1 X55.083 Y47.035 E120.05334
G1 X55.14 Y47.292 E120.05991
G1 X55.103 Y47.831 E120.07339
G1 X54.834 Y48.335 E120.08764
G1 F3055.6 X54.55 Y48.615 E120.09838
G1 X55.151 Y48.552 E120.11466
G1 F3300 X55.717 Y48.696 E120.12923
G1 X56.132 Y49.013 E120.14226
G1 X56.34 Y49.297 E120.15104
G1 X56.444 Y49.529 E120.15738
G1 X56.516 Y49.872 E120.16612
G1 X56.52 Y50.1 E120.17181
G1 X56.444 Y50.466 E120.18114
G1 X56.357 Y50.675 E120.18678
G1 X56.063 Y51.052 E120.19871
G1 X55.779 Y51.261 E120.20751
G0 F5400 X55.959 Y51.513
G0 X55.08 Y51.718
G0 X53.918 Y51.259
G0 X53.362 Y50
G0 X53.66 Y49.057
G0 X54.393 Y48.699
G1 F2907.5 X54.55 Y48.615 E120.21255
G0 F5400 X55.194 Y48.283
G0 X56.242 Y48.74
G0 X56.77 Y49.867
G0 X57.09 Y57.12
G0 X57.4 Y57.4
G1 F3300 X57.4 Y42.6 E120.58174
G1 X42.6 Y42.6 E120.95092
G1 X42.6 Y57.4 E121.32011
G1 X57.4 Y57.4 E121.6893
G0 F5400 X57.12 Y57.12
G0 X54.848 Y54.197
G0 X51.088 Y52.692
G0 X50.946 Y52.417
G1 F3300 X50.392 Y52.569 E121.70363
G1 X50.035 Y52.596 E121.71256
G1 X49.47 Y52.544 E121.72671
G1 X49.069 Y52.426 E121.73714
G1 X48.627 Y52.208 E121.74943
G1 X48.111 Y51.793 E121.76595
G1 X47.857 Y51.479 E121.77603
G1 X47.549 Y50.888 E121.79265
G1 X47.417 Y50.311 E121.80742
G1 X47.402 Y49.941 E121.81665
G1 X47.447 Y49.499 E121.82774
G1 X47.555 Y49.113 E121.83773
G1 X47.821 Y48.581 E121.85257
G1 X48.212 Y48.1 E121.86803
G1 X48.576 Y47.828 E121.87937
G1 X49.095 Y47.559 E121.89395
G1 X49.582 Y47.432 E121.90651
G1 X50.055 Y47.402 E121.91833
G1 X50.568 Y47.462 E121.93121
G1 X50.904 Y47.562 E121.93996
G1 X51.415 Y47.821 E121.95425
G1 F3069.8 X52.117 Y48.386 E121.97841
G1 F2677.5 X52.255 Y48.608 E121.98645
G1 F2851 X52.467 Y49.186 E122.00423
G1 F3300 X52.579 Y49.688 E122.01706
G1 X52.594 Y50.055 E122.02622
G1 X52.549 Y50.496 E122.03728
G1 X52.445 Y50.885 E122.04732
G1 X52.211 Y51.364 E122.06062
G1 X51.819 Y51.852 E122.07623
G1 X51.486 Y52.131 E122.08707
G1 X50.946 Y52.417 E122.10231
G0 F5400 X50.74 Y52.071
;TYPE:WALL-OUTER
G1 F2100 X50.315 Y52.177 E122.11324
G1 X49.98 Y52.196 E122.12161
G1 X49.551 Y52.152 E122.13237
G1 X49.275 Y52.078 E122.1395
G1 X48.873 Y51.889 E122.15058
G1 X48.409 Y51.52 E122.16537
G1 X48.204 Y51.273 E122.17337
G1 X47.921 Y50.731 E122.18862
G1 X47.821 Y50.324 E122.19908
G1 X47.8 Y49.98 E122.20768
G1 X47.842 Y49.561 E122.21818
G1 X47.934 Y49.243 E122.22644
G1 X48.119 Y48.851 E122.23725
G1 X48.476 Y48.409 E122.25142
G1 X48.723 Y48.207 E122.25938
G1 X49.25 Y47.927 E122.27427
G1 X49.676 Y47.821 E122.28522
G1 X50.016 Y47.8 E122.29372
G1 X50.446 Y47.844 E122.3045
G1 X50.758 Y47.935 E122.31261
G1 X51.146 Y48.12 E122.32333
G1 X51.587 Y48.476 E122.33747
G1 X51.8 Y48.738 E122.34589
G1 X52.064 Y49.239 E122.36002
G1 X52.175 Y49.676 E122.37126
G1 X52.196 Y50.016 E122.37976
G1 X52.15 Y50.456 E122.3908
G1 X52.078 Y50.724 E122.39772
G1 X51.876 Y51.146 E122.40939
G1 X51.491 Y51.616 E122.42455
G1 X51.264 Y51.799 E122.43182
G1 X50.74 Y52.071 E122.44655
G0 F5400 X50.546 Y52.119
G0 X50.712 Y52.811
G0 X54.461 Y53.885
G0 X55.072 Y54.569
G0 X55.072 Y55.591
G0 X54.461 Y56.275
G0 X51.805 Y56.382
G0 X51.566 Y55.714
G1 F2100 X51.407 Y55.766 E122.45072
G1 X51.168 Y55.768 E122.45668
G1 X50.974 Y55.714 E122.46171
G1 X50.731 Y55.526 E122.46937
G1 X50.612 Y55.316 E122.47539
G1 X50.568 Y55.098 E122.48094
G1 X50.611 Y54.84 E122.48746
G1 X50.732 Y54.628 E122.49355
G1 X50.943 Y54.46 E122.50028
G1 X51.143 Y54.389 E122.50557
G1 X51.438 Y54.398 E122.51294
G1 X51.588 Y54.455 E122.51694
G1 X51.804 Y54.628 E122.52384
G1 X51.925 Y54.84 E122.52993
G1 X51.968 Y55.098 E122.53646
G1 X51.898 Y55.382 E122.54375
G1 X51.805 Y55.526 E122.54803
G1 X51.566 Y55.714 E122.55561
G0 F5400 X51.407 Y55.766
G0 X51.374 Y55.766
G0 X51.374 Y56.48
G0 X49.265 Y56.382
G0 X49.026 Y55.714
G1 F2100 X48.867 Y55.766 E122.55979
G1 X48.628 Y55.768 E122.56575
G1 X48.434 Y55.714 E122.57077
G1 X48.191 Y55.526 E122.57844
G1 X48.072 Y55.316 E122.58446
G1 X48.028 Y55.098 E122.59001
G1 X48.071 Y54.84 E122.59653
G1 X48.192 Y54.628 E122.60262
G1 X48.393 Y54.467 E122.60904
G1 X48.585 Y54.392 E122.61419
G1 X48.852 Y54.388 E122.62085
G1 X49.032 Y54.449 E122.62559
G1 X49.264 Y54.628 E122.6329
G1 X49.385 Y54.84 E122.63899
G1 X49.428 Y55.098 E122.64551
G1 X49.358 Y55.382 E122.65281
G1 X49.265 Y55.526 E122.65708
G1 X49.026 Y55.714 E122.66467
G0 F5400 X48.867 Y55.766
G0 X48.834 Y55.766
G0 X48.834 Y56.48
G0 X46.725 Y56.382
G0 X46.486 Y55.714
G1 F2100 X46.327 Y55.766 E122.66884
G1 X46.088 Y55.768 E122.6748
G1 X45.832 Y55.679 E122.68156
G1 X45.629 Y55.498 E122.68835
G1 X45.544 Y55.357 E122.69246
G1 X45.491 Y55.04 E122.70047
G1 X45.558 Y54.774 E122.70732
G1 X45.667 Y54.614 E122.71214
G1 X45.86 Y54.462 E122.71827
G1 X46.044 Y54.392 E122.72318
G1 X46.332 Y54.391 E122.73037
G1 X46.547 Y54.481 E122.73618
G1 X46.724 Y54.628 E122.74192
G1 X46.845 Y54.84 E122.74801
G1 X46.888 Y55.098 E122.75454
G1 X46.818 Y55.382 E122.76183
G1 X46.725 Y55.526 E122.76611
G1 X46.486 Y55.714 E122.77369
G0 F5400 X46.327 Y55.766
G0 X46.294 Y55.766
G0 X46.294 Y56.48
G0 X45.152 Y55.963
G0 X44.843 Y55.177
G0 X45.473 Y51.662
G0 X45.327 Y50.967
G1 F2100 X44.892 Y51.047 E122.78473
G1 X44.467 Y50.944 E122.79564
G1 X44.186 Y50.747 E122.8042
G1 X43.944 Y50.385 E122.81506
G1 X43.868 Y49.996 E122.82494
G1 X43.972 Y49.547 E122.83644
G1 X44.169 Y49.266 E122.845
G1 X44.453 Y49.058 E122.85378
G1 X44.893 Y48.949 E122.86509
G1 X45.362 Y49.045 E122.87703
G1 X45.619 Y49.216 E122.88473
G1 X45.886 Y49.586 E122.89612
G1 X45.968 Y49.977 E122.90608
G1 X45.872 Y50.442 E122.91792
G1 X45.675 Y50.724 E122.92651
G1 X45.327 Y50.967 E122.93709
G0 F5400 X45.131 Y51.003
G0 X45.279 Y51.704
G0 X46.18 Y51.162
G0 X48.348 Y46.315
G0 X47.894 Y45.766
G1 F2100 X47.499 Y45.868 E122.94727
G1 X47.178 Y45.828 E122.95534
G1 X46.973 Y45.738 E122.96092
G1 X46.757 Y45.557 E122.96795
G1 X46.624 Y45.379 E122.9735
G1 X46.529 Y45.102 E122.9808
G1 X46.538 Y44.687 E122.99116
G1 X46.765 Y44.268 E123.00304
G1 X47.014 Y44.08 E123.01083
G1 X47.293 Y43.984 E123.01819
G1 X47.48 Y43.968 E123.02287
G1 X47.849 Y44.053 E123.03231
G1 X48.18 Y44.301 E123.04263
G1 X48.373 Y44.666 E123.05293
G1 X48.389 Y45.122 E123.06431
G1 X48.228 Y45.476 E123.07401
G1 X47.894 Y45.766 E123.08505
G0 F5400 X47.701 Y45.816
G0 X47.876 Y46.508
G0 X50.969 Y47.317
G0 X52.989 Y48.842
G0 X54.198 Y48.323
G1 F2100 X53.82 Y48.408 E123.09471
G1 X53.561 Y48.375 E123.10123
G1 X53.34 Y48.286 E123.10717
G1 X53.085 Y48.075 E123.11543
G1 X52.974 Y47.916 E123.12026
G1 X52.875 Y47.634 E123.12772
G1 X52.891 Y47.216 E123.13815
G1 X53.099 Y46.825 E123.1492
G1 X53.362 Y46.62 E123.15752
G1 X53.641 Y46.524 E123.16488
G1 X53.832 Y46.508 E123.16966
G1 X54.249 Y46.614 E123.18039
G1 X54.528 Y46.841 E123.18936
G1 X54.721 Y47.206 E123.19966
G1 X54.737 Y47.659 E123.21097
G1 X54.545 Y48.059 E123.22204
G1 X54.198 Y48.323 E123.23292
G0 F5400 X54.003 Y48.366
G0 X53.66 Y49.057
G0 X53.362 Y50
G0 X53.918 Y51.259
G0 X55.012 Y51.704
G0 X55.959 Y51.513
G0 X55.543 Y50.938
G1 F2100 X55.111 Y51.046 E123.24402
G1 X54.673 Y50.967 E123.25513
G1 X54.378 Y50.781 E123.26383
G1 X54.109 Y50.406 E123.27534
G1 X54.028 Y50.014 E123.28532
G1 X54.108 Y49.598 E123.29589
G1 X54.321 Y49.273 E123.30558
G1 X54.674 Y49.028 E123.3163
G1 X55.104 Y48.949 E123.32721
G1 X55.5 Y49.034 E123.33731
G1 X55.81 Y49.249 E123.34672
G1 X56.052 Y49.611 E123.35758
G1 X56.126 Y50.031 E123.36822
G1 X56.023 Y50.455 E123.37911
G1 X55.827 Y50.73 E123.38753
G1 X55.543 Y50.938 E123.39631
G0 F5400 X55.349 Y50.986
G0 X55.497 Y51.691
G0 X55.177 Y55.08
G0 X54.615 Y56.229
G0 X54.17 Y55.677
G1 F2100 X53.947 Y55.766 E123.4023
G1 X53.708 Y55.768 E123.40826
G1 X53.514 Y55.714 E123.41329
G1 X53.271 Y55.526 E123.42095
G1 X53.152 Y55.316 E123.42697
G1 X53.108 Y55.098 E123.43252
G1 X53.151 Y54.84 E123.43904
G1 X53.272 Y54.628 E123.44513
G1 X53.477 Y54.464 E123.45168
G1 X53.674 Y54.39 E123.45693
G1 X53.934 Y54.389 E123.46342
G1 X54.142 Y54.463 E123.46892
G1 X54.329 Y54.614 E123.47492
G1 X54.465 Y54.84 E123.4815
G1 X54.506 Y55.115 E123.48844
G1 X54.452 Y55.356 E123.4946
G1 X54.367 Y55.498 E123.49872
G1 X54.17 Y55.677 E123.50536
G0 F5400 X53.985 Y55.751
G1 F1500 E117.00536
G0 F5400 X54.226 Y56.425
G0 X57.52 Y57.52
G0 X57.8 Y57.8
G1 F1500 E123.50536
G1 F2100 X57.8 Y42.2 E123.89451
G1 X42.2 Y42.2 E124.28365
G1 X42.2 Y57.8 E124.6728
G1 X57.8 Y57.8 E125.06194
G0 F5400 X57.8 Y57.6
G0 X57.12 Y57.12
G0 X52.823 Y49.597
G0 X52.347 Y48.379
G0 X48.738 Y43.927
G0 X47.535 Y43.087
;TYPE:SKIN
G1 F1152 X47.143 Y43.099 E125.07722
G0 F5400 X46.227 Y43.877
G0 X43.346 Y49.322
G0 X43.08 Y50.555
G1 F1295 X43.036 Y49.952 E125.09819
G0 F5400 X43.66 Y48.838
G0 X44.92 Y48.282
G0 X46.222 Y48.713
G1 F1800 X45.622 Y48.3 E125.11636
G1 X45.016 Y48.172 E125.13181
G1 X44.384 Y48.257 E125.14772
G1 X44.028 Y48.404 E125.15732
G1 X43.708 Y48.635 E125.16717
G1 X43.467 Y48.885 E125.17583
G1 X43.198 Y49.403 E125.19039
G1 F1578.9 X43.036 Y49.952 E125.20667
G1 X42.98 Y49.444 E125.2212
G1 F1800 X42.98 Y42.98 E125.38245
G1 X46.697 Y42.98 E125.47517
G1 F1390 X47.143 Y43.099 E125.49008
G1 X46.704 Y43.366 E125.50668
G1 F1800 X46.283 Y43.65 E125.51935
G1 X46.048 Y43.925 E125.52837
G1 X45.871 Y44.249 E125.53758
G1 X45.766 Y44.576 E125.54615
G1 X45.755 Y45.207 E125.56189
G1 X45.953 Y45.777 E125.57694
G1 X46.169 Y46.069 E125.586
G1 X46.533 Y46.381 E125.59796
G1 X46.967 Y46.58 E125.60987
G1 X47.564 Y46.647 E125.62486
G1 X48.093 Y46.523 E125.63841
G1 X48.374 Y46.381 E125.64626
G1 X48.812 Y45.999 E125.66076
G1 X49.103 Y45.446 E125.67635
G1 X49.168 Y45.155 E125.68379
G1 X49.168 Y44.713 E125.69481
G1 X49.092 Y44.365 E125.7037
G1 X48.941 Y44.037 E125.71271
G1 X48.697 Y43.723 E125.72263
G1 X48.43 Y43.491 E125.73145
G1 X48.078 Y43.308 E125.74135
G1 F1420.1 X47.535 Y43.087 E125.75988
G1 X48.056 Y42.98 E125.7767
G1 F1800 X57.02 Y42.98 E126.00031
G1 X57.02 Y49.033 E126.1513
G1 F1428.6 X56.916 Y49.436 E126.16438
G1 X56.438 Y48.785 E126.18977
G1 F1800 X56.181 Y48.545 E126.19854
G1 X55.809 Y48.318 E126.20941
G1 X55.337 Y48.204 E126.22152
G1 X55.451 Y47.984 E126.2277
G1 X55.519 Y47.688 E126.23528
G1 X55.516 Y47.248 E126.24625
G1 X55.44 Y46.908 E126.25494
G1 X55.263 Y46.537 E126.2652
G1 X55.055 Y46.269 E126.27366
G1 X54.637 Y45.939 E126.28695
G1 X54.414 Y45.843 E126.293
G1 X53.867 Y45.731 E126.30693
G1 X53.485 Y45.758 E126.31648
G1 X53.101 Y45.881 E126.32654
G1 X52.828 Y46.034 E126.33435
G1 X52.535 Y46.281 E126.34391
G1 X52.212 Y46.813 E126.35943
G1 X52.134 Y47.032 E126.36523
G1 X52.088 Y47.519 E126.37743
G1 X52.128 Y47.91 E126.38724
G1 X51.535 Y47.433 E126.40622
G1 X50.967 Y47.177 E126.42176
G1 X50.547 Y47.068 E126.43259
G1 X50.027 Y47.02 E126.44561
G1 X49.516 Y47.056 E126.45839
G1 X48.972 Y47.198 E126.47242
G1 X48.391 Y47.494 E126.48868
G1 X47.939 Y47.829 E126.50272
G1 X47.463 Y48.424 E126.52173
G1 X47.203 Y48.961 E126.53661
G1 X47.068 Y49.447 E126.54919
G1 F1333.3 X46.882 Y49.893 E126.56546
G1 X46.653 Y49.468 E126.58172
G1 F1800 X46.599 Y49.285 E126.58648
G1 X46.222 Y48.713 E126.60357
G0 F5400 X46.882 Y49.893
G1 F1061.9 X46.882 Y49.94 E126.60556
G0 F5400 X47.651 Y51.619
G0 X48.505 Y52.432
G0 X49.436 Y52.796
G0 X50.402 Y52.823
G0 X55.779 Y51.569
G0 X56.918 Y50.552
G1 F1285.7 X56.962 Y49.996 E126.62504
G1 F1281.1 X56.916 Y49.436 E126.64473
G0 F5400 X56.654 Y50.678
G0 X55.779 Y51.569
G0 X54.402 Y51.574
G0 X53.588 Y50.804
G0 X52.99 Y49.63
G1 F1572.1 X52.805 Y48.902 E126.66618
G1 F1636.4 X53.171 Y49.1 E126.6776
G1 X53.455 Y49.151 E126.68552
G1 X53.341 Y49.365 E126.69217
G1 F1572.1 X53.268 Y49.628 E126.69997
G1 F1250 X53.105 Y49.937 E126.71252
G1 X52.99 Y49.63 E126.72429
G0 F5400 X53.105 Y49.937
G1 F1068.2 X53.107 Y50.072 E126.72997
G0 F5400 X52.432 Y51.495
G0 X51.036 Y52.79
G1 F1800 X51.714 Y52.433 E126.74908
G1 X52.082 Y52.121 E126.76112
G1 X52.49 Y51.617 E126.77729
G1 X52.79 Y51.041 E126.79349
G1 X52.907 Y50.628 E126.8042
G1 F1343.3 X53.107 Y50.072 E126.82395
G1 X53.357 Y50.61 E126.84378
G1 F1800 X53.441 Y50.822 E126.84947
G1 X53.788 Y51.3 E126.8642
G1 X54.383 Y51.685 E126.88188
G1 X54.916 Y51.812 E126.89555
G1 X55.235 Y51.813 E126.90351
G1 X55.623 Y51.737 E126.91337
G1 X55.967 Y51.587 E126.92273
G1 F1690.1 X56.308 Y51.343 E126.93387
G1 F1512.6 X56.92 Y50.561 E126.96335
G1 F1572.1 X57.014 Y50.918 E126.97389
G1 F1773.4 X57.02 Y57.02 E127.12839
G1 F1800 X54.541 Y57.02 E127.19023
G1 F1702.1 X54.12 Y56.997 E127.20135
G1 F1621.6 X53.614 Y56.999 E127.21536
G1 F1710.2 X53.216 Y57.02 E127.22583
G1 F1800 X52.007 Y57.02 E127.25599
G1 F1702.1 X51.58 Y56.997 E127.26727
G1 F1621.6 X51.074 Y56.999 E127.28128
G1 F1710.2 X50.676 Y57.02 E127.29174
G1 F1800 X49.467 Y57.02 E127.3219
G1 F1702.1 X49.04 Y56.997 E127.33318
G1 F1621.6 X48.534 Y56.999 E127.34719
G1 F1710.2 X48.136 Y57.02 E127.35765
G1 F1800 X46.927 Y57.02 E127.38781
G1 F1702.1 X46.5 Y56.997 E127.39909
G1 F1621.6 X45.991 Y56.999 E127.41319
G1 F1710.2 X45.588 Y57.02 E127.42378
G1 F1800 X42.98 Y57.02 E127.48884
G1 X42.98 Y50.955 E127.64013
G1 F1440 X43.08 Y50.555 E127.65299
G1 X43.553 Y51.206 E127.67808
G1 F1800 X43.831 Y51.458 E127.68744
G1 X44.327 Y51.718 E127.70141
G1 X44.816 Y51.821 E127.71387
G1 X45.098 Y51.813 E127.72091
G1 X45.571 Y51.705 E127.73301
G1 X46.181 Y51.32 E127.75101
G1 X46.553 Y50.823 E127.76649
G1 X46.681 Y50.371 E127.77821
G1 F1338.3 X46.882 Y49.94 E127.79417
G1 X47.036 Y50.391 E127.81016
G1 F1800 X47.202 Y51.04 E127.82687
G1 X47.534 Y51.673 E127.8447
G1 X47.89 Y52.097 E127.85851
G1 X48.433 Y52.535 E127.87591
G1 X48.895 Y52.764 E127.88877
G1 X49.408 Y52.916 E127.90212
G1 X49.98 Y52.972 E127.91646
G1 X50.47 Y52.942 E127.9287
G1 X51.036 Y52.79 E127.94332
G0 F5400 X45.939 Y53.741
G0 X45.152 Y54.197
G0 X44.823 Y55.08
G0 X45.152 Y55.963
G0 X45.939 Y56.419
G0 X46.841 Y56.275
G0 X47.46 Y55.598
G0 X47.457 Y55.362
G1 F2117.6 X47.458 Y55.353 E127.94352
G1 X47.457 Y55.362 E127.94371
G1 X47.456 Y55.433 E127.94521
G0 F5400 X47.46 Y55.598
G0 X47.522 Y56.542
G1 F1295 X47.488 Y56.602 E127.9476
G1 X47.419 Y56.602 E127.95
G1 X47.384 Y56.542 E127.9524
G1 X47.418 Y56.482 E127.9548
G1 X47.487 Y56.482 E127.95719
G1 X47.522 Y56.542 E127.9596
G0 F5400 X50.062 Y56.542
G1 F1295 X50.028 Y56.602 E127.96199
G1 X49.959 Y56.602 E127.96438
G1 X49.924 Y56.542 E127.96679
G1 X49.958 Y56.482 E127.96918
G1 X50.027 Y56.482 E127.97157
G1 X50.062 Y56.542 E127.97398
G0 F5400 X50 Y55.598
G0 X49.996 Y55.433
G1 F2117.6 X49.997 Y55.362 E127.97549
G0 F5400 X50 Y55.598
G0 X50.619 Y56.275
G0 X51.521 Y56.419
G0 X52.234 Y56.022
G0 X52.537 Y55.362
G1 F2117.6 X52.536 Y55.433 E127.97699
G0 F5400 X52.54 Y55.598
G0 X52.602 Y56.542
G1 F1295 X52.568 Y56.602 E127.97938
G1 X52.499 Y56.602 E127.98178
G1 X52.464 Y56.542 E127.98419
G1 X52.498 Y56.482 E127.98658
G1 X52.567 Y56.482 E127.98897
G1 X52.602 Y56.542 E127.99138
G0 F5400 X54.352 Y56.455
G1 F1782.2 X54.687 Y56.261 E128.00113
G1 F1800 X55.003 Y55.941 E128.01235
G1 X55.169 Y55.663 E128.02043
G1 X55.288 Y55.076 E128.03537
G1 X55.23 Y54.696 E128.04496
G1 X55.115 Y54.39 E128.05311
G1 X54.873 Y54.055 E128.06342
G1 X54.515 Y53.776 E128.07474
G1 X54.039 Y53.616 E128.08727
G1 X53.544 Y53.618 E128.09962
G1 X53.101 Y53.775 E128.11134
G1 X52.717 Y54.081 E128.12359
G1 X52.537 Y54.327 E128.13119
G1 X52.357 Y54.079 E128.13884
G1 X52.027 Y53.806 E128.14952
G1 X51.665 Y53.654 E128.15931
G1 X51.401 Y53.61 E128.16599
G1 X50.929 Y53.634 E128.17778
G1 X50.589 Y53.76 E128.18682
G1 X50.178 Y54.08 E128.19982
G1 X49.997 Y54.326 E128.20744
G1 X49.858 Y54.123 E128.21357
G1 X49.567 Y53.864 E128.22329
G1 X49.329 Y53.728 E128.23013
G1 X48.959 Y53.619 E128.23975
G1 X48.418 Y53.624 E128.25325
G1 X47.965 Y53.811 E128.26547
G1 X47.6 Y54.121 E128.27742
G1 X47.457 Y54.326 E128.28365
G1 X47.279 Y54.081 E128.29121
G1 X46.863 Y53.757 E128.30436
G1 X46.447 Y53.618 E128.3153
G1 X45.871 Y53.628 E128.32967
G1 X45.488 Y53.772 E128.33988
G1 X45.161 Y54.017 E128.35007
G1 X44.905 Y54.342 E128.36039
G1 X44.774 Y54.649 E128.36872
G1 X44.71 Y55.111 E128.38035
G1 X44.828 Y55.669 E128.39458
G1 X44.991 Y55.943 E128.40253
G1 X45.319 Y56.267 E128.41403
G1 X45.603 Y56.432 E128.42223
G1 F1710.2 X46.041 Y56.563 E128.43423
G1 F1621.6 X46.462 Y56.556 E128.44589
G1 F1702.1 X47.024 Y56.29 E128.46229
G1 F1800 X47.284 Y56.067 E128.47083
G1 X47.457 Y55.826 E128.47824
G1 X47.627 Y56.062 E128.48549
G1 X47.902 Y56.299 E128.49455
G1 X48.146 Y56.435 E128.50151
G1 F1710.2 X48.583 Y56.564 E128.51348
G1 F1621.6 X49.002 Y56.556 E128.52508
G1 F1702.1 X49.564 Y56.29 E128.54148
G1 F1800 X49.824 Y56.067 E128.55003
G1 X49.997 Y55.826 E128.55743
G1 X50.167 Y56.062 E128.56468
G1 X50.442 Y56.299 E128.57374
G1 X50.686 Y56.435 E128.58071
G1 F1710.2 X51.123 Y56.564 E128.59267
G1 F1621.6 X51.542 Y56.556 E128.60427
G1 F1702.1 X52.104 Y56.29 E128.62068
G1 F1800 X52.364 Y56.067 E128.62922
G1 X52.537 Y55.826 E128.63662
G1 X52.707 Y56.062 E128.64388
G1 X52.982 Y56.299 E128.65293
G1 X53.226 Y56.435 E128.6599
G1 F1710.2 X53.663 Y56.564 E128.67186
G1 F1621.6 X54.082 Y56.556 E128.68347
G1 F1682.2 X54.352 Y56.455 E128.69116
G0 F5400 X56.82 Y56.318
G1 F1800 X56.317 Y56.82 E128.70889
G0 F5400 X55.751 Y56.82
G1 F1800 X56.82 Y55.752 E128.74658
G0 F5400 X56.82 Y55.186
G1 F1800 X55.185 Y56.82 E128.80424
G0 F5400 X54.62 Y56.82
G1 F1800 X56.82 Y54.62 E128.88186
G0 F5400 X56.82 Y54.055
G1 F1800 X55.418 Y55.456 E128.9313
G0 F5400 X55.456 Y54.853
G1 F1800 X56.819 Y53.49 E128.97938
G0 F5400 X56.819 Y52.924
G1 F1800 X55.335 Y54.408 E129.03173
G0 F5400 X55.115 Y54.063
G1 F1800 X56.819 Y52.358 E129.09186
G0 F5400 X56.819 Y51.793
G1 F1800 X54.838 Y53.773 E129.16173
G0 F5400 X54.489 Y53.557
G1 F1800 X56.819 Y51.227 E129.24393
G1 X56.889 Y51.157
G0 F5400 X55.53 Y51.95
G1 F1800 X54.06 Y53.421 E129.2958
G0 F5400 X53.485 Y53.43
G1 F1800 X54.904 Y52.011 E129.34586
G0 F5400 X54.435 Y51.914
G1 F1800 X52.445 Y53.903 E129.41605
G0 F5400 X52.136 Y53.647
G1 F1800 X54.068 Y51.716 E129.48419
G0 F5400 X53.722 Y51.495
G1 F1800 X51.741 Y53.476 E129.55407
G0 F5400 X51.236 Y53.416
G1 F1800 X53.459 Y51.192 E129.63251
G0 F5400 X53.242 Y50.844
G1 F1800 X52.971 Y51.115 E129.64207
G0 F5400 X51.11 Y52.976
G1 F1800 X50.48 Y53.606 E129.6643
G0 F5400 X50.373 Y53.148
G1 F1800 X49.756 Y53.765 E129.68606
G0 F5400 X49.408 Y53.547
G1 F1800 X49.802 Y53.153 E129.69996
G0 F5400 X49.299 Y53.09
G1 F1800 X48.964 Y53.425 E129.71178
G0 F5400 X48.86 Y52.963
G1 F1800 X48.371 Y53.452 E129.72903
G0 F5400 X48.479 Y52.778
G1 F1800 X47.363 Y53.895 E129.76842
G0 F5400 X47.043 Y53.649
G1 F1800 X48.136 Y52.556 E129.80698
G0 F5400 X47.822 Y52.304
G1 F1800 X46.649 Y53.478 E129.84838
G0 F5400 X46.136 Y53.425
G1 F1800 X47.554 Y52.006 E129.89842
G0 F5400 X47.31 Y51.685
G1 F1800 X45.384 Y53.611 E129.96636
G1 X45.314 Y53.681
G0 F5400 X44.722 Y54.273
G1 F1800 X43.181 Y55.814 E130.02073
G0 F5400 X43.181 Y56.38
G1 F1800 X44.528 Y55.033 E130.06824
G0 F5400 X44.592 Y55.535
G1 F1800 X43.306 Y56.82 E130.11359
G0 F5400 X43.872 Y56.82
G1 F1800 X44.758 Y55.934 E130.14485
G0 F5400 X45.013 Y56.245
G1 F1800 X44.437 Y56.82 E130.16515
G0 F5400 X45.003 Y56.82
G1 F1800 X45.326 Y56.497 E130.17655
G0 F5400 X45.569 Y56.82
G1 F1800 X45.71 Y56.679 E130.18152
G0 F5400 X43.181 Y55.248
G1 F1800 X47.117 Y51.313 E130.32036
G0 F5400 X46.956 Y50.907
G1 F1800 X43.181 Y54.683 E130.45355
G0 F5400 X43.181 Y54.117
G1 F1800 X45.338 Y51.96 E130.52964
G0 F5400 X44.726 Y52.006
G1 F1800 X43.182 Y53.551 E130.58413
G0 F5400 X43.182 Y52.985
G1 F1800 X44.259 Y51.907 E130.62214
G0 F5400 X43.888 Y51.713
G1 F1800 X43.182 Y52.419 E130.64705
G0 F5400 X43.182 Y51.854
G1 F1800 X43.561 Y51.475 E130.66042
G0 F5400 X43.288 Y51.182
G1 F1800 X43.182 Y51.288 E130.66416
G0 F5400 X43.18 Y48.461
G1 F1800 X45.772 Y45.869 E130.75559
G0 F5400 X46.015 Y46.192
G1 F1800 X44.011 Y48.196 E130.82629
G0 F5400 X44.767 Y48.005
G1 F1800 X46.323 Y46.449 E130.88118
G0 F5400 X46.674 Y46.664
G1 F1800 X45.307 Y48.031 E130.92941
G0 F5400 X45.753 Y48.151
G1 F1800 X47.108 Y46.796 E130.97721
G0 F5400 X47.633 Y46.837
G1 F1800 X46.088 Y48.382 E131.03171
G0 F5400 X46.406 Y48.629
G1 F1800 X48.5 Y46.535 E131.10558
G0 F5400 X49.051 Y45.984
G1 F1800 X51.855 Y43.18 E131.2045
G0 F5400 X52.421 Y43.18
G1 F1800 X48.244 Y47.356 E131.35184
G1 X48.174 Y47.426
G0 F5400 X49.249 Y46.917
G1 F1800 X52.986 Y43.18 E131.48367
G0 F5400 X53.552 Y43.18
G1 F1800 X49.901 Y46.831 E131.61247
G0 F5400 X50.437 Y46.861
G1 F1800 X54.118 Y43.18 E131.74233
G0 F5400 X54.683 Y43.18
G1 F1800 X50.907 Y46.957 E131.87556
G0 F5400 X51.314 Y47.115
G1 F1800 X55.249 Y43.18 E132.01437
G0 F5400 X55.815 Y43.18
G1 F1800 X53.425 Y45.569 E132.09867
G0 F5400 X54.006 Y45.555
G1 F1800 X56.38 Y43.18 E132.18244
G0 F5400 X56.82 Y43.306
G1 F1800 X54.469 Y45.657 E132.26537
G0 F5400 X54.844 Y45.848
G1 F1800 X56.82 Y43.872 E132.33508
G0 F5400 X56.82 Y44.437
G1 F1800 X55.164 Y46.093 E132.3935
G0 F5400 X55.417 Y46.407
G1 F1800 X56.82 Y45.003 E132.44302
G0 F5400 X56.82 Y45.569
G1 F1800 X55.606 Y46.783 E132.48584
G0 F5400 X55.712 Y47.243
G1 F1800 X56.82 Y46.134 E132.52495
G0 F5400 X56.82 Y46.7
G1 F1800 X55.689 Y47.832 E132.56486
G0 F5400 X55.928 Y48.158
G1 F1800 X56.82 Y47.266 E132.59633
G0 F5400 X56.82 Y47.832
G1 F1800 X56.275 Y48.377 E132.61556
G0 F5400 X56.574 Y48.643
G1 F1800 X56.82 Y48.397 E132.62424
G0 F5400 X55.088 Y46.467
G0 X53.901 Y45.852
G0 X53.008 Y46.063
G0 X51.897 Y47.098
G1 F1800 X51.689 Y47.306 E132.63157
G0 F5400 X49.367 Y45.103
G1 F1800 X51.289 Y43.18 E132.6994
G0 F5400 X50.724 Y43.18
G1 F1800 X49.338 Y44.566 E132.74829
G0 F5400 X49.205 Y44.133
G1 F1800 X50.158 Y43.18 E132.78191
G0 F5400 X49.592 Y43.18
G1 F1800 X48.996 Y43.776 E132.80294
G0 F5400 X48.723 Y43.484
G1 F1800 X49.027 Y43.18 E132.81366
G0 F5400 X48.461 Y43.18
G1 F1800 X48.393 Y43.248 E132.81606
G0 F5400 X46.198 Y43.18
G1 F1800 X43.18 Y46.198 E132.92253
G0 F5400 X43.18 Y46.764
G1 F1800 X45.642 Y44.302 E133.00938
G0 F5400 X45.557 Y44.952
G1 F1800 X43.18 Y47.329 E133.09324
G0 F5400 X43.18 Y47.895
G1 F1800 X45.627 Y45.449 E133.17954
G1 X45.697 Y45.379
G0 F5400 X45.632 Y43.18
G1 F1800 X43.18 Y45.632 E133.26604
G0 F5400 X43.18 Y45.067
G1 F1800 X45.067 Y43.18 E133.33261
G0 F5400 X44.501 Y43.18
G1 F1800 X43.18 Y44.501 E133.37922
G0 F5400 X43.18 Y43.935
G1 F1800 X43.935 Y43.18 E133.40585
G0 F5400 X43.37 Y43.18
G1 F1800 X43.18 Y43.37 E133.41255
G0 F5400 X47.334 Y48.267
G1 F1800 X46.631 Y48.97 E133.43735
G0 F5400 X46.912 Y49.254
G1 F1800 X46.82 Y49.347 E133.44062
G0 F5400 X46.85 Y49.369
;MESH:NONMESH
G0 F600 Z0.6
G0 F5400 X48.34 Y46.322
G0 X48.142 Y46.082
;TIME_ELAPSED:113.522243
;LAYER:2
;TYPE:WALL-INNER
;MESH:cherry_mx_socket_fix-pins_led_diode.stl
G1 F4800 X47.984 Y46.16 E133.44501
G1 X47.535 Y46.266 E133.45652
G1 X47.072 Y46.214 E133.46814
G1 X46.761 Y46.077 E133.47662
G1 X46.479 Y45.845 E133.48573
G1 X46.28 Y45.583 E133.49394
G1 X46.129 Y45.144 E133.50552
G1 X46.142 Y44.631 E133.51832
G1 X46.362 Y44.141 E133.53172
G1 X46.513 Y43.958 E133.53763
G1 X46.876 Y43.704 E133.54869
G1 X47.208 Y43.593 E133.55742
G1 X47.48 Y43.568 E133.56423
G1 X47.946 Y43.665 E133.57611
G1 X48.183 Y43.785 E133.58273
G1 X48.434 Y43.993 E133.59086
G1 X48.595 Y44.199 E133.59739
G1 X48.735 Y44.495 E133.60555
G1 X48.792 Y44.752 E133.61212
G1 X48.753 Y45.299 E133.6258
G1 X48.52 Y45.757 E133.63862
G1 X48.142 Y46.082 E133.65105
G0 F7200 X48.34 Y46.322
G0 X46.494 Y50.678
G0 X45.516 Y51.653
G0 X45.452 Y51.347
G1 F4800 X45.031 Y51.439 E133.6618
G1 X44.836 Y51.443 E133.66667
G1 X44.453 Y51.364 E133.67642
G1 X44.249 Y51.28 E133.68193
G1 X43.863 Y50.983 E133.69408
G1 X43.655 Y50.699 E133.70286
G1 X43.552 Y50.466 E133.70921
G1 X43.468 Y49.996 E133.72112
G1 X43.552 Y49.531 E133.73291
G1 X43.784 Y49.101 E133.7451
G1 X44.217 Y48.735 E133.75924
G1 X44.45 Y48.632 E133.76559
G1 X44.991 Y48.552 E133.77924
G1 X45.478 Y48.659 E133.79168
G1 X45.879 Y48.912 E133.8035
G1 X46.251 Y49.394 E133.81869
G1 X46.366 Y49.939 E133.83259
G1 X46.284 Y50.466 E133.84589
G1 X46.222 Y50.636 E133.8504
G1 X45.927 Y51.034 E133.86276
G1 X45.452 Y51.347 E133.87695
G0 F7200 X45.516 Y51.653
G0 X44.823 Y55.08
G0 X45.152 Y55.963
G0 X45.939 Y56.419
G0 X47.001 Y56.223
G0 X46.808 Y55.983
G1 F4800 X46.396 Y56.16 E133.88814
G1 X46.088 Y56.168 E133.89582
G1 X45.764 Y56.092 E133.90412
G1 X45.578 Y55.987 E133.90945
G1 X45.289 Y55.709 E133.91946
G1 X45.178 Y55.517 E133.92499
G1 X45.088 Y55.08 E133.93612
G1 X45.139 Y54.762 E133.94415
G1 X45.218 Y54.563 E133.94949
G1 X45.402 Y54.314 E133.95722
G1 X45.66 Y54.116 E133.96533
G1 X45.957 Y54.002 E133.97326
G1 X46.41 Y53.999 E133.98456
G1 X46.69 Y54.1 E133.99199
G1 X47.018 Y54.357 E134.00238
G1 X47.158 Y54.563 E134.0086
G1 F4848.5 X47.233 Y54.763 E134.01387
G1 F5026.2 X47.272 Y55.131 E134.02269
G1 F4974.1 X47.158 Y55.593 E134.03414
G1 F4800 X47.022 Y55.794 E134.0402
G1 X46.808 Y55.983 E134.04732
G0 F7200 X47.001 Y56.223
G0 X48.479 Y56.419
G0 X49.541 Y56.223
G0 X49.348 Y55.983
G1 F4800 X48.936 Y56.16 E134.0585
G1 X48.628 Y56.168 E134.06619
G1 X48.304 Y56.092 E134.07449
G1 X47.894 Y55.794 E134.08714
G1 X47.758 Y55.593 E134.09319
G1 F4974.1 X47.644 Y55.131 E134.10464
G1 F5026.2 X47.683 Y54.763 E134.11346
G1 F4848.5 X47.758 Y54.563 E134.11873
G1 F4800 X47.898 Y54.357 E134.12495
G1 X48.179 Y54.129 E134.13397
G1 X48.499 Y54.001 E134.14257
G1 X48.89 Y53.99 E134.15233
G1 X49.175 Y54.076 E134.15976
G1 X49.558 Y54.357 E134.1716
G1 X49.698 Y54.563 E134.17782
G1 F4848.5 X49.773 Y54.763 E134.18309
G1 F5026.2 X49.812 Y55.131 E134.19191
G1 F4974.1 X49.698 Y55.593 E134.20336
G1 F4800 X49.562 Y55.794 E134.20942
G1 X49.348 Y55.983 E134.21654
G0 F7200 X49.541 Y56.223
G0 X51.019 Y56.419
G0 X52.081 Y56.223
G0 X51.888 Y55.983
G1 F4800 X51.476 Y56.16 E134.22772
G1 X51.168 Y56.168 E134.23541
G1 X50.844 Y56.092 E134.24371
G1 X50.434 Y55.794 E134.25636
G1 X50.298 Y55.593 E134.26241
G1 F4974.1 X50.184 Y55.131 E134.27386
G1 F5026.2 X50.223 Y54.763 E134.28268
G1 F4848.5 X50.298 Y54.563 E134.28796
G1 F4800 X50.438 Y54.357 E134.29417
G1 X50.751 Y54.11 E134.30411
G1 X51.024 Y54.005 E134.31141
G1 X51.372 Y53.988 E134.3201
G1 X51.568 Y54.02 E134.32506
G1 X51.822 Y54.129 E134.33195
G1 X52.098 Y54.357 E134.34088
G1 X52.238 Y54.563 E134.34709
G1 F4848.5 X52.313 Y54.763 E134.35237
G1 F5026.2 X52.352 Y55.131 E134.36118
G1 F4974.1 X52.238 Y55.593 E134.37264
G1 F4800 X52.102 Y55.794 E134.37869
G1 X51.888 Y55.983 E134.38582
G0 F7200 X52.081 Y56.223
G0 X53.559 Y56.419
G0 X54.621 Y56.223
G0 X54.428 Y55.983
G1 F4800 X54.016 Y56.16 E134.397
G1 X53.708 Y56.168 E134.40469
G1 X53.384 Y56.092 E134.41299
G1 X52.974 Y55.794 E134.42563
G1 X52.838 Y55.593 E134.43169
G1 F4974.1 X52.724 Y55.131 E134.44314
G1 F5026.2 X52.763 Y54.763 E134.45196
G1 F4848.5 X52.838 Y54.563 E134.45723
G1 F4800 X52.978 Y54.357 E134.46344
G1 X53.273 Y54.12 E134.47288
G1 X53.607 Y53.996 E134.48177
G1 X54.043 Y54.002 E134.49265
G1 X54.344 Y54.118 E134.5007
G1 X54.594 Y54.314 E134.50862
G1 X54.778 Y54.563 E134.51634
G1 X54.857 Y54.762 E134.52168
G1 X54.908 Y55.08 E134.52972
G1 X54.819 Y55.516 E134.54082
G1 X54.707 Y55.709 E134.54638
G1 X54.428 Y55.983 E134.55614
G0 F7200 X54.621 Y56.223
G0 X55.96 Y51.512
G0 X55.779 Y51.261
G1 F4800 X55.547 Y51.364 E134.56247
G1 X55.171 Y51.442 E134.57205
G1 X54.957 Y51.436 E134.57739
G1 X54.548 Y51.347 E134.58783
G1 X54.064 Y51.033 E134.60222
G1 X53.729 Y50.529 E134.61732
G1 X53.629 Y49.96 E134.63173
G1 X53.725 Y49.483 E134.64387
G1 X53.945 Y49.101 E134.65486
G1 F4549.8 X54.393 Y48.699 E134.67071
G1 X53.796 Y48.807 E134.68667
G1 F4800 X53.363 Y48.733 E134.69763
G1 X53.158 Y48.642 E134.70322
G1 F4146.9 X52.702 Y48.335 E134.7191
G1 F3671.1 X52.576 Y48.146 E134.72651
G1 F4173.9 X52.469 Y47.543 E134.74407
G1 F4800 X52.504 Y47.068 E134.75596
G1 X52.81 Y46.548 E134.77101
G1 X53.224 Y46.245 E134.7838
G1 X53.556 Y46.133 E134.79254
G1 X53.832 Y46.108 E134.79946
G1 X54.449 Y46.268 E134.81536
G1 X54.782 Y46.533 E134.82597
G1 X54.943 Y46.739 E134.8325
G1 X55.083 Y47.035 E134.84066
G1 X55.14 Y47.292 E134.84723
G1 X55.103 Y47.831 E134.86071
G1 X54.834 Y48.335 E134.87496
G1 F4444.4 X54.55 Y48.615 E134.8857
G1 X55.151 Y48.552 E134.90198
G1 F4800 X55.717 Y48.696 E134.91655
G1 X56.132 Y49.013 E134.92958
G1 X56.34 Y49.297 E134.93836
G1 X56.444 Y49.529 E134.9447
G1 X56.516 Y49.872 E134.95344
G1 X56.52 Y50.1 E134.95913
G1 X56.444 Y50.466 E134.96846
G1 X56.357 Y50.675 E134.9741
G1 X56.063 Y51.052 E134.98603
G1 X55.779 Y51.261 E134.99483
G0 F7200 X55.959 Y51.513
G0 X55.08 Y51.718
G0 X53.918 Y51.259
G0 X53.362 Y50
G0 X53.66 Y49.057
G0 X54.393 Y48.699
G1 F4229.1 X54.55 Y48.615 E134.99987
G0 F7200 X55.194 Y48.283
G0 X56.242 Y48.74
G0 X56.77 Y49.867
G0 X57.09 Y57.12
G0 X57.4 Y57.4
G1 F4800 X57.4 Y42.6 E135.36906
G1 X42.6 Y42.6 E135.73824
G1 X42.6 Y57.4 E136.10743
G1 X57.4 Y57.4 E136.47662
G0 F7200 X57.12 Y57.12
G0 X54.848 Y54.197
G0 X51.088 Y52.692
G0 X50.946 Y52.417
G1 F4800 X50.392 Y52.569 E136.49095
G1 X50.035 Y52.596 E136.49988
G1 X49.47 Y52.544 E136.51403
G1 X49.069 Y52.426 E136.52446
G1 X48.627 Y52.208 E136.53675
G1 X48.111 Y51.793 E136.55327
G1 X47.857 Y51.479 E136.56335
G1 X47.549 Y50.888 E136.57997
G1 X47.417 Y50.311 E136.59474
G1 X47.402 Y49.941 E136.60397
G1 X47.447 Y49.499 E136.61506
G1 X47.555 Y49.113 E136.62505
G1 X47.821 Y48.581 E136.63989
G1 X48.212 Y48.1 E136.65535
G1 X48.576 Y47.828 E136.66669
G1 X49.095 Y47.559 E136.68127
G1 X49.582 Y47.432 E136.69383
G1 X50.055 Y47.402 E136.70565
G1 X50.568 Y47.462 E136.71853
G1 X50.904 Y47.562 E136.72728
G1 X51.415 Y47.821 E136.74157
G1 F4465.1 X52.117 Y48.386 E136.76573
G1 F3894.5 X52.255 Y48.608 E136.77377
G1 F4146.9 X52.467 Y49.186 E136.79155
G1 F4800 X52.579 Y49.688 E136.80438
G1 X52.594 Y50.055 E136.81354
G1 X52.549 Y50.496 E136.8246
G1 X52.445 Y50.885 E136.83464
G1 X52.211 Y51.364 E136.84794
G1 X51.819 Y51.852 E136.86355
G1 X51.486 Y52.131 E136.87439
G1 X50.946 Y52.417 E136.88963
G0 F7200 X50.74 Y52.071
;TYPE:WALL-OUTER
G1 F2400 X50.315 Y52.177 E136.90056
G1 X49.98 Y52.196 E136.90893
G1 X49.551 Y52.152 E136.91969
G1 X49.275 Y52.078 E136.92682
G1 X48.873 Y51.889 E136.9379
G1 X48.409 Y51.52 E136.95268
G1 X48.204 Y51.273 E136.96069
G1 X47.921 Y50.731 E136.97594
G1 X47.821 Y50.324 E136.9864
G1 X47.8 Y49.98 E136.995
G1 X47.842 Y49.561 E137.0055
G1 X47.934 Y49.243 E137.01376
G1 X48.119 Y48.851 E137.02457
G1 X48.476 Y48.409 E137.03874
G1 X48.723 Y48.207 E137.0467
G1 X49.25 Y47.927 E137.06159
G1 X49.676 Y47.821 E137.07254
G1 X50.016 Y47.8 E137.08104
G1 X50.446 Y47.844 E137.09182
G1 X50.758 Y47.935 E137.09993
G1 X51.146 Y48.12 E137.11065
G1 X51.587 Y48.476 E137.12479
G1 X51.8 Y48.738 E137.13321
G1 X52.064 Y49.239 E137.14734
G1 X52.175 Y49.676 E137.15858
G1 X52.196 Y50.016 E137.16708
G1 X52.15 Y50.456 E137.17812
G1 X52.078 Y50.724 E137.18504
G1 X51.876 Y51.146 E137.19671
G1 X51.491 Y51.616 E137.21187
G1 X51.264 Y51.799 E137.21914
G1 X50.74 Y52.071 E137.23387
G0 F7200 X50.546 Y52.119
G0 X50.712 Y52.811
G0 X54.461 Y53.885
G0 X55.072 Y54.569
G0 X55.072 Y55.591
G0 X54.461 Y56.275
G0 X51.805 Y56.382
G0 X51.566 Y55.714
G1 F2400 X51.407 Y55.766 E137.23804
G1 X51.168 Y55.768 E137.244
G1 X50.974 Y55.714 E137.24903
G1 X50.731 Y55.526 E137.25669
G1 X50.612 Y55.316 E137.26271
G1 X50.568 Y55.098 E137.26826
G1 X50.611 Y54.84 E137.27478
G1 X50.732 Y54.628 E137.28087
G1 X50.943 Y54.46 E137.2876
G1 X51.143 Y54.389 E137.29289
G1 X51.438 Y54.398 E137.30026
G1 X51.588 Y54.455 E137.30426
G1 X51.804 Y54.628 E137.31116
G1 X51.925 Y54.84 E137.31725
G1 X51.968 Y55.098 E137.32378
G1 X51.898 Y55.382 E137.33107
G1 X51.805 Y55.526 E137.33535
G1 X51.566 Y55.714 E137.34293
G0 F7200 X51.407 Y55.766
G0 X51.374 Y55.766
G0 X51.374 Y56.48
G0 X49.265 Y56.382
G0 X49.026 Y55.714
G1 F2400 X48.867 Y55.766 E137.34711
G1 X48.628 Y55.768 E137.35307
G1 X48.434 Y55.714 E137.35809
G1 X48.191 Y55.526 E137.36576
G1 X48.072 Y55.316 E137.37178
G1 X48.028 Y55.098 E137.37733
G1 X48.071 Y54.84 E137.38385
G1 X48.192 Y54.628 E137.38994
G1 X48.393 Y54.467 E137.39636
G1 X48.585 Y54.392 E137.4015
G1 X48.852 Y54.388 E137.40817
G1 X49.032 Y54.449 E137.41291
G1 X49.264 Y54.628 E137.42022
G1 X49.385 Y54.84 E137.42631
G1 X49.428 Y55.098 E137.43283
G1 X49.358 Y55.382 E137.44013
G1 X49.265 Y55.526 E137.4444
G1 X49.026 Y55.714 E137.45199
G0 F7200 X48.867 Y55.766
G0 X48.834 Y55.766
G0 X48.834 Y56.48
G0 X46.725 Y56.382
G0 X46.486 Y55.714
G1 F2400 X46.327 Y55.766 E137.45616
G1 X46.088 Y55.768 E137.46212
G1 X45.832 Y55.679 E137.46888
G1 X45.629 Y55.498 E137.47567
G1 X45.544 Y55.357 E137.47978
G1 X45.491 Y55.04 E137.48779
G1 X45.558 Y54.774 E137.49464
G1 X45.667 Y54.614 E137.49946
G1 X45.86 Y54.462 E137.50559
G1 X46.044 Y54.392 E137.5105
G1 X46.332 Y54.391 E137.51769
G1 X46.547 Y54.481 E137.5235
G1 X46.724 Y54.628 E137.52924
G1 X46.845 Y54.84 E137.53533
G1 X46.888 Y55.098 E137.54186
G1 X46.818 Y55.382 E137.54915
G1 X46.725 Y55.526 E137.55343
G1 X46.486 Y55.714 E137.56101
G0 F7200 X46.327 Y55.766
G0 X46.294 Y55.766
G0 X46.294 Y56.48
G0 X45.152 Y55.963
G0 X44.843 Y55.177
G0 X45.473 Y51.662
G0 X45.327 Y50.967
G1 F2400 X44.892 Y51.047 E137.57205
G1 X44.467 Y50.944 E137.58295
G1 X44.186 Y50.747 E137.59152
G1 X43.944 Y50.385 E137.60238
G1 X43.868 Y49.996 E137.61226
G1 X43.972 Y49.547 E137.62376
G1 X44.169 Y49.266 E137.63232
G1 X44.453 Y49.058 E137.6411
G1 X44.893 Y48.949 E137.65241
G1 X45.362 Y49.045 E137.66435
G1 X45.619 Y49.216 E137.67205
G1 X45.886 Y49.586 E137.68344
G1 X45.968 Y49.977 E137.6934
G1 X45.872 Y50.442 E137.70524
G1 X45.675 Y50.724 E137.71383
G1 X45.327 Y50.967 E137.72441
G0 F7200 X45.131 Y51.003
G0 X45.279 Y51.704
G0 X46.18 Y51.162
G0 X48.348 Y46.315
G0 X47.894 Y45.766
G1 F2400 X47.499 Y45.868 E137.73459
G1 X47.178 Y45.828 E137.74266
G1 X46.973 Y45.738 E137.74824
G1 X46.757 Y45.557 E137.75527
G1 X46.624 Y45.379 E137.76082
G1 X46.529 Y45.102 E137.76812
G1 X46.538 Y44.687 E137.77848
G1 X46.765 Y44.268 E137.79036
G1 X47.014 Y44.08 E137.79815
G1 X47.293 Y43.984 E137.80551
G1 X47.48 Y43.968 E137.81019
G1 X47.849 Y44.053 E137.81963
G1 X48.18 Y44.301 E137.82995
G1 X48.373 Y44.666 E137.84025
G1 X48.389 Y45.122 E137.85163
G1 X48.228 Y45.476 E137.86133
G1 X47.894 Y45.766 E137.87237
G0 F7200 X47.701 Y45.816
G0 X47.876 Y46.508
G0 X50.969 Y47.317
G0 X52.989 Y48.842
G0 X54.198 Y48.323
G1 F2400 X53.82 Y48.408 E137.88203
G1 X53.561 Y48.375 E137.88855
G1 X53.34 Y48.286 E137.89449
G1 X53.085 Y48.075 E137.90275
G1 X52.974 Y47.916 E137.90758
G1 X52.875 Y47.634 E137.91504
G1 X52.891 Y47.216 E137.92547
G1 X53.099 Y46.825 E137.93652
G1 X53.362 Y46.62 E137.94484
G1 X53.641 Y46.524 E137.9522
G1 X53.832 Y46.508 E137.95698
G1 X54.249 Y46.614 E137.96771
G1 X54.528 Y46.841 E137.97668
G1 X54.721 Y47.206 E137.98698
G1 X54.737 Y47.659 E137.99829
G1 X54.545 Y48.059 E138.00936
G1 X54.198 Y48.323 E138.02024
G0 F7200 X54.003 Y48.366
G0 X53.66 Y49.057
G0 X53.362 Y50
G0 X53.918 Y51.259
G0 X55.012 Y51.704
G0 X55.959 Y51.513
G0 X55.543 Y50.938
G1 F2400 X55.111 Y51.046 E138.03134
G1 X54.673 Y50.967 E138.04245
G1 X54.378 Y50.781 E138.05115
G1 X54.109 Y50.406 E138.06266
G1 X54.028 Y50.014 E138.07264
G1 X54.108 Y49.598 E138.08321
G1 X54.321 Y49.273 E138.0929
G1 X54.674 Y49.028 E138.10362
G1 X55.104 Y48.949 E138.11453
G1 X55.5 Y49.034 E138.12463
G1 X55.81 Y49.249 E138.13404
G1 X56.052 Y49.611 E138.1449
G1 X56.126 Y50.031 E138.15554
G1 X56.023 Y50.455 E138.16643
G1 X55.827 Y50.73 E138.17485
G1 X55.543 Y50.938 E138.18363
G0 F7200 X55.349 Y50.986
G0 X55.497 Y51.691
G0 X55.177 Y55.08
G0 X54.615 Y56.229
G0 X54.17 Y55.677
G1 F2400 X53.947 Y55.766 E138.18962
G1 X53.708 Y55.768 E138.19558
G1 X53.514 Y55.714 E138.20061
G1 X53.271 Y55.526 E138.20827
G1 X53.152 Y55.316 E138.21429
G1 X53.108 Y55.098 E138.21984
G1 X53.151 Y54.84 E138.22636
G1 X53.272 Y54.628 E138.23245
G1 X53.477 Y54.464 E138.239
G1 X53.674 Y54.39 E138.24425
G1 X53.934 Y54.389 E138.25074
G1 X54.142 Y54.463 E138.25624
G1 X54.329 Y54.614 E138.26224
G1 X54.465 Y54.84 E138.26882
G1 X54.506 Y55.115 E138.27576
G1 X54.452 Y55.356 E138.28192
G1 X54.367 Y55.498 E138.28604
G1 X54.17 Y55.677 E138.29268
G0 F7200 X53.985 Y55.751
G1 F1500 E131.79268
G0 F7200 X54.226 Y56.425
G0 X57.52 Y57.52
G0 X57.8 Y57.8
G1 F1500 E138.29268
G1 F2400 X57.8 Y42.2 E138.68183
G1 X42.2 Y42.2 E139.07097
G1 X42.2 Y57.8 E139.46011
G1 X57.8 Y57.8 E139.84926
G0 F7200 X57.8 Y57.6
G0 X57.12 Y57.12
G0 X52.823 Y49.597
G0 X52.347 Y48.379
G0 X48.738 Y43.927
G0 X47.535 Y43.087
;TYPE:SKIN
G1 F1152 X47.143 Y43.099 E139.86454
G0 F7200 X46.227 Y43.877
G0 X43.346 Y49.322
G0 X43.08 Y50.555
G1 F1295 X43.036 Y49.952 E139.88551
G0 F7200 X43.66 Y48.838
G0 X44.92 Y48.282
G0 X46.222 Y48.713
G1 F1800 X45.622 Y48.3 E139.90368
G1 X45.016 Y48.172 E139.91913
G1 X44.384 Y48.257 E139.93504
G1 X44.028 Y48.404 E139.94464
G1 X43.708 Y48.635 E139.95449
G1 X43.467 Y48.885 E139.96315
G1 X43.198 Y49.403 E139.97771
G1 F1578.9 X43.036 Y49.952 E139.99399
G1 X42.98 Y49.444 E140.00852
G1 F1800 X42.98 Y42.98 E140.16977
G1 X46.697 Y42.98 E140.26249
G1 F1390 X47.143 Y43.099 E140.2774
G1 X46.704 Y43.366 E140.294
G1 F1800 X46.283 Y43.65 E140.30667
G1 X46.048 Y43.925 E140.31569
G1 X45.871 Y44.249 E140.3249
G1 X45.766 Y44.576 E140.33347
G1 X45.755 Y45.207 E140.34921
G1 X45.953 Y45.777 E140.36426
G1 X46.169 Y46.069 E140.37332
G1 X46.533 Y46.381 E140.38528
G1 X46.967 Y46.58 E140.39719
G1 X47.564 Y46.647 E140.41218
G1 X48.093 Y46.523 E140.42573
G1 X48.374 Y46.381 E140.43358
G1 X48.812 Y45.999 E140.44808
G1 X49.103 Y45.446 E140.46367
G1 X49.168 Y45.155 E140.47111
G1 X49.168 Y44.713 E140.48213
G1 X49.092 Y44.365 E140.49102
G1 X48.941 Y44.037 E140.50003
G1 X48.697 Y43.723 E140.50995
G1 X48.43 Y43.491 E140.51877
G1 X48.078 Y43.308 E140.52867
G1 F1420.1 X47.535 Y43.087 E140.5472
G1 X48.056 Y42.98 E140.56402
G1 F1800 X57.02 Y42.98 E140.78763
G1 X57.02 Y49.033 E140.93862
G1 F1428.6 X56.916 Y49.436 E140.9517
G1 X56.438 Y48.785 E140.97709
G1 F1800 X56.181 Y48.545 E140.98586
G1 X55.809 Y48.318 E140.99673
G1 X55.337 Y48.204 E141.00884
G1 X55.451 Y47.984 E141.01502
G1 X55.519 Y47.688 E141.0226
G1 X55.516 Y47.248 E141.03357
G1 X55.44 Y46.908 E141.04226
G1 X55.263 Y46.537 E141.05252
G1 X55.055 Y46.269 E141.06098
G1 X54.637 Y45.939 E141.07427
G1 X54.414 Y45.843 E141.08032
G1 X53.867 Y45.731 E141.09425
G1 X53.485 Y45.758 E141.1038
G1 X53.101 Y45.881 E141.11386
G1 X52.828 Y46.034 E141.12167
G1 X52.535 Y46.281 E141.13123
G1 X52.212 Y46.813 E141.14675
G1 X52.134 Y47.032 E141.15255
G1 X52.088 Y47.519 E141.16475
G1 X52.128 Y47.91 E141.17456
G1 X51.535 Y47.433 E141.19354
G1 X50.967 Y47.177 E141.20908
G1 X50.547 Y47.068 E141.21991
G1 X50.027 Y47.02 E141.23293
G1 X49.516 Y47.056 E141.24571
G1 X48.972 Y47.198 E141.25974
G1 X48.391 Y47.494 E141.276
G1 X47.939 Y47.829 E141.29004
G1 X47.463 Y48.424 E141.30905
G1 X47.203 Y48.961 E141.32393
G1 X47.068 Y49.447 E141.33651
G1 F1333.3 X46.882 Y49.893 E141.35278
G1 X46.653 Y49.468 E141.36904
G1 F1800 X46.599 Y49.285 E141.3738
G1 X46.222 Y48.713 E141.39089
G0 F7200 X46.882 Y49.893
G1 F1061.9 X46.882 Y49.94 E141.39288
G0 F7200 X47.651 Y51.619
G0 X48.505 Y52.432
G0 X49.436 Y52.796
G0 X50.402 Y52.823
G0 X55.779 Y51.569
G0 X56.918 Y50.552
G1 F1285.7 X56.962 Y49.996 E141.41236
G1 F1281.1 X56.916 Y49.436 E141.43205
G0 F7200 X56.654 Y50.678
G0 X55.779 Y51.569
G0 X54.402 Y51.574
G0 X53.588 Y50.804
G0 X52.99 Y49.63
G1 F1572.1 X52.805 Y48.902 E141.4535
G1 F1636.4 X53.171 Y49.1 E141.46492
G1 X53.455 Y49.151 E141.47284
G1 X53.341 Y49.365 E141.47949
G1 F1572.1 X53.268 Y49.628 E141.48729
G1 F1250 X53.105 Y49.937 E141.49984
G1 X52.99 Y49.63 E141.51161
G0 F7200 X53.105 Y49.937
G1 F1068.2 X53.107 Y50.072 E141.51729
G0 F7200 X52.432 Y51.495
G0 X51.036 Y52.79
G1 F1800 X51.714 Y52.433 E141.5364
G1 X52.082 Y52.121 E141.54844
G1 X52.49 Y51.617 E141.56461
G1 X52.79 Y51.041 E141.58081
G1 X52.907 Y50.628 E141.59152
G1 F1343.3 X53.107 Y50.072 E141.61127
G1 X53.357 Y50.61 E141.6311
G1 F1800 X53.441 Y50.822 E141.63679
G1 X53.788 Y51.3 E141.65152
G1 X54.383 Y51.685 E141.6692
G1 X54.916 Y51.812 E141.68287
G1 X55.235 Y51.813 E141.69083
G1 X55.623 Y51.737 E141.70069
G1 X55.967 Y51.587 E141.71005
G1 F1690.1 X56.308 Y51.343 E141.72119
G1 F1512.6 X56.92 Y50.561 E141.75067
G1 F1572.1 X57.014 Y50.918 E141.76121
G1 F1773.4 X57.02 Y57.02 E141.91571
G1 F1800 X54.541 Y57.02 E141.97755
G1 F1702.1 X54.12 Y56.997 E141.98867
G1 F1621.6 X53.614 Y56.999 E142.00268
G1 F1710.2 X53.216 Y57.02 E142.01315
G1 F1800 X52.007 Y57.02 E142.04331
G1 F1702.1 X51.58 Y56.997 E142.05459
G1 F1621.6 X51.074 Y56.999 E142.0686
G1 F1710.2 X50.676 Y57.02 E142.07906
G1 F1800 X49.467 Y57.02 E142.10922
G1 F1702.1 X49.04 Y56.997 E142.1205
G1 F1621.6 X48.534 Y56.999 E142.13451
G1 F1710.2 X48.136 Y57.02 E142.14497
G1 F1800 X46.927 Y57.02 E142.17513
G1 F1702.1 X46.5 Y56.997 E142.18641
G1 F1621.6 X45.991 Y56.999 E142.20051
G1 F1710.2 X45.588 Y57.02 E142.2111
G1 F1800 X42.98 Y57.02 E142.27616
G1 X42.98 Y50.955 E142.42745
G1 F1440 X43.08 Y50.555 E142.44031
G1 X43.553 Y51.206 E142.4654
G1 F1800 X43.831 Y51.458 E142.47476
G1 X44.327 Y51.718 E142.48873
G1 X44.816 Y51.821 E142.50119
G1 X45.098 Y51.813 E142.50823
G1 X45.571 Y51.705 E142.52033
G1 X46.181 Y51.32 E142.53833
G1 X46.553 Y50.823 E142.55381
G1 X46.681 Y50.371 E142.56553
G1 F1338.3 X46.882 Y49.94 E142.58149
G1 X47.036 Y50.391 E142.59748
G1 F1800 X47.202 Y51.04 E142.61419
G1 X47.534 Y51.673 E142.63202
G1 X47.89 Y52.097 E142.64583
G1 X48.433 Y52.535 E142.66323
G1 X48.895 Y52.764 E142.67609
G1 X49.408 Y52.916 E142.68944
G1 X49.98 Y52.972 E142.70378
G1 X50.47 Y52.942 E142.71602
G1 X51.036 Y52.79 E142.73064
G0 F7200 X45.939 Y53.741
G0 X45.152 Y54.197
G0 X44.823 Y55.08
G0 X45.152 Y55.963
G0 X45.939 Y56.419
G0 X46.841 Y56.275
G0 X47.46 Y55.598
G0 X47.457 Y55.362
G1 F2117.6 X47.456 Y55.433 E142.73215
G0 F7200 X47.46 Y55.598
G0 X47.522 Y56.542
G1 F1295 X47.488 Y56.602 E142.73454
G1 X47.419 Y56.602 E142.73693
G1 X47.384 Y56.542 E142.73934
G1 X47.418 Y56.482 E142.74173
G1 X47.487 Y56.482 E142.74412
G1 X47.522 Y56.542 E142.74653
G0 F7200 X50.062 Y56.542
G1 F1295 X50.028 Y56.602 E142.74892
G1 X49.959 Y56.602 E142.75132
G1 X49.924 Y56.542 E142.75373
G1 X49.958 Y56.482 E142.75612
G1 X50.027 Y56.482 E142.75851
G1 X50.062 Y56.542 E142.76092
G0 F7200 X50 Y55.598
G0 X49.996 Y55.433
G1 F2117.6 X49.997 Y55.362 E142.76242
G0 F7200 X50 Y55.598
G0 X50.619 Y56.275
G0 X51.521 Y56.419
G0 X52.234 Y56.022
G0 X52.537 Y55.362
G1 F2117.6 X52.536 Y55.433 E142.76393
G0 F7200 X52.54 Y55.598
G0 X52.602 Y56.542
G1 F1295 X52.568 Y56.602 E142.76632
G1 X52.499 Y56.602 E142.76871
G1 X52.464 Y56.542 E142.77112
G1 X52.498 Y56.482 E142.77351
G1 X52.567 Y56.482 E142.7759
G1 X52.602 Y56.542 E142.77831
G0 F7200 X54.352 Y56.455
G1 F1782.2 X54.687 Y56.261 E142.78807
G1 F1800 X55.003 Y55.941 E142.79928
G1 X55.169 Y55.663 E142.80736
G1 X55.288 Y55.076 E142.8223
G1 X55.23 Y54.696 E142.83189
G1 X55.115 Y54.39 E142.84005
G1 X54.873 Y54.055 E142.85035
G1 X54.515 Y53.776 E142.86168
G1 X54.039 Y53.616 E142.8742
G1 X53.544 Y53.618 E142.88655
G1 X53.101 Y53.775 E142.89828
G1 X52.717 Y54.081 E142.91052
G1 X52.537 Y54.327 E142.91813
G1 X52.357 Y54.079 E142.92577
G1 X52.027 Y53.806 E142.93646
G1 X51.665 Y53.654 E142.94625
G1 X51.401 Y53.61 E142.95293
G1 X50.929 Y53.634 E142.96472
G1 X50.589 Y53.76 E142.97376
G1 X50.178 Y54.08 E142.98675
G1 X49.997 Y54.326 E142.99437
G1 X49.858 Y54.123 E143.00051
G1 X49.567 Y53.864 E143.01023
G1 X49.329 Y53.728 E143.01707
G1 X48.959 Y53.619 E143.02669
G1 X48.418 Y53.624 E143.04018
G1 X47.965 Y53.811 E143.05241
G1 X47.6 Y54.121 E143.06435
G1 X47.457 Y54.326 E143.07059
G1 X47.279 Y54.081 E143.07814
G1 X46.863 Y53.757 E143.0913
G1 X46.447 Y53.618 E143.10224
G1 X45.871 Y53.628 E143.11661
G1 X45.488 Y53.772 E143.12681
G1 X45.161 Y54.017 E143.13701
G1 X44.905 Y54.342 E143.14733
G1 X44.774 Y54.649 E143.15565
G1 X44.71 Y55.111 E143.16729
G1 X44.828 Y55.669 E143.18152
G1 X44.991 Y55.943 E143.18947
G1 X45.319 Y56.267 E143.20097
G1 X45.603 Y56.432 E143.20916
G1 F1710.2 X46.041 Y56.563 E143.22117
G1 F1621.6 X46.462 Y56.556 E143.23282
G1 F1702.1 X47.024 Y56.29 E143.24923
G1 F1800 X47.284 Y56.067 E143.25777
G1 X47.457 Y55.826 E143.26517
G1 X47.627 Y56.062 E143.27243
G1 X47.902 Y56.299 E143.28148
G1 X48.146 Y56.435 E143.28845
G1 F1710.2 X48.583 Y56.564 E143.30041
G1 F1621.6 X49.002 Y56.556 E143.31202
G1 F1702.1 X49.564 Y56.29 E143.32842
G1 F1800 X49.824 Y56.067 E143.33696
G1 X49.997 Y55.826 E143.34436
G1 X50.167 Y56.062 E143.35162
G1 X50.442 Y56.299 E143.36068
G1 X50.686 Y56.435 E143.36764
G1 F1710.2 X51.123 Y56.564 E143.37961
G1 F1621.6 X51.542 Y56.556 E143.39121
G1 F1702.1 X52.104 Y56.29 E143.40761
G1 F1800 X52.364 Y56.067 E143.41616
G1 X52.537 Y55.826 E143.42356
G1 X52.707 Y56.062 E143.43081
G1 X52.982 Y56.299 E143.43987
G1 X53.226 Y56.435 E143.44684
G1 F1710.2 X53.663 Y56.564 E143.4588
G1 F1621.6 X54.082 Y56.556 E143.4704
G1 F1682.2 X54.352 Y56.455 E143.4781
G0 F7200 X43.18 Y56.757
G1 F1800 X43.243 Y56.82 E143.48032
G0 F7200 X43.809 Y56.82
G1 F1800 X43.18 Y56.191 E143.50251
G0 F7200 X43.18 Y55.625
G1 F1800 X44.374 Y56.82 E143.54465
G0 F7200 X44.94 Y56.82
G1 F1800 X43.18 Y55.06 E143.60674
G0 F7200 X43.18 Y54.494
G1 F1800 X45.506 Y56.82 E143.68879
G1 X45.576 Y56.89
G0 F7200 X44.543 Y55.291
G1 F1800 X43.18 Y53.928 E143.73688
G0 F7200 X43.18 Y53.363
G1 F1800 X44.565 Y54.748 E143.78574
G0 F7200 X44.703 Y54.319
G1 F1800 X43.181 Y52.798 E143.83941
G0 F7200 X43.181 Y52.232
G1 F1800 X44.933 Y53.984 E143.90122
G0 F7200 X45.228 Y53.713
G1 F1800 X43.181 Y51.666 E143.97343
G0 F7200 X43.516 Y51.436
G1 F1800 X45.606 Y53.525 E144.04714
G0 F7200 X46.071 Y53.425
G1 F1800 X44.636 Y51.99 E144.09777
G0 F7200 X45.203 Y51.991
G1 F1800 X46.709 Y53.497 E144.1509
G1 X46.779 Y53.567
G0 F7200 X47.622 Y53.844
G1 F1800 X45.665 Y51.887 E144.21993
G0 F7200 X46.011 Y51.668
G1 F1800 X47.95 Y53.606 E144.28832
G0 F7200 X48.363 Y53.454
G1 F1800 X46.344 Y51.436 E144.35953
G0 F7200 X46.586 Y51.112
G1 F1800 X48.899 Y53.425 E144.44113
G0 F7200 X49.063 Y53.023
G1 F1800 X50.011 Y53.971 E144.47457
G0 F7200 X50.318 Y53.712
G1 F1800 X49.756 Y53.15 E144.49439
G0 F7200 X50.323 Y53.152
G1 F1800 X50.69 Y53.518 E144.50732
G0 F7200 X50.8 Y53.063
G1 F1800 X51.158 Y53.421 E144.51995
G0 F7200 X51.222 Y52.919
G1 F1800 X51.808 Y53.505 E144.54063
G1 X51.878 Y53.575
G0 F7200 X51.595 Y52.726
G1 F1800 X52.707 Y53.838 E144.57986
G0 F7200 X53.024 Y53.59
G1 F1800 X51.939 Y52.505 E144.61813
G0 F7200 X52.241 Y52.241
G1 F1800 X53.444 Y53.444 E144.66057
G0 F7200 X53.985 Y53.42
G1 F1800 X52.494 Y51.929 E144.71317
G0 F7200 X52.725 Y51.594
G1 F1800 X56.82 Y55.689 E144.85763
G0 F7200 X56.82 Y56.255
G1 F1800 X55.461 Y54.896 E144.90557
G0 F7200 X55.424 Y55.424
G1 F1800 X56.82 Y56.82 E144.95482
G0 F7200 X56.254 Y56.82
G1 F1800 X55.288 Y55.854 E144.9889
G0 F7200 X55.043 Y56.174
G1 F1800 X55.688 Y56.82 E145.01167
G0 F7200 X55.123 Y56.82
G1 F1800 X54.751 Y56.448 E145.0248
G0 F7200 X54.396 Y56.658
G1 F1800 X54.557 Y56.82 E145.03049
G0 F7200 X56.82 Y55.123
G1 F1800 X52.919 Y51.222 E145.16811
G0 F7200 X53.05 Y50.787
G1 F1800 X53.474 Y51.211 E145.18307
G0 F7200 X53.822 Y51.559
G1 F1800 X56.82 Y54.558 E145.28885
G0 F7200 X56.82 Y53.992
G1 F1800 X54.824 Y51.996 E145.35926
G0 F7200 X55.376 Y51.982
G1 F1800 X56.82 Y53.425 E145.41019
G0 F7200 X56.82 Y52.86
G1 F1800 X55.828 Y51.868 E145.44518
G0 F7200 X56.195 Y51.67
G1 F1800 X56.82 Y52.294 E145.46721
G0 F7200 X56.82 Y51.728
G1 F1800 X56.506 Y51.414 E145.47829
G0 F7200 X56.82 Y51.163
G1 F1800 X56.756 Y51.099 E145.48055
G0 F7200 X56.82 Y48.901
G1 F1800 X56.632 Y48.713 E145.48718
G0 F7200 X56.82 Y48.335
G1 F1800 X55.711 Y47.226 E145.5263
G0 F7200 X55.7 Y47.781
G1 F1800 X56.33 Y48.411 E145.54853
G1 X56.4 Y48.481
G0 F7200 X56.82 Y47.769
G1 F1800 X55.27 Y46.219 E145.60321
G0 F7200 X55.076 Y46.025
G1 F1800 X52.232 Y43.181 E145.70354
G0 F7200 X51.666 Y43.181
G1 F1800 X54.047 Y45.562 E145.78753
G0 F7200 X53.478 Y45.558
G1 F1800 X51.1 Y43.181 E145.87141
G0 F7200 X50.535 Y43.181
G1 F1800 X53.044 Y45.69 E145.95992
G0 F7200 X52.684 Y45.896
G1 F1800 X49.969 Y43.181 E146.0557
G0 F7200 X49.403 Y43.181
G1 F1800 X52.376 Y46.154 E146.16058
G0 F7200 X52.163 Y46.506
G1 F1800 X48.838 Y43.181 E146.27788
G1 X48.768 Y43.111
G0 F7200 X49.184 Y44.093
G1 F1800 X51.976 Y46.885 E146.37637
G0 F7200 X51.824 Y47.298
G1 F1800 X51.902 Y47.376 E146.37912
G1 X51.823 Y47.298
G1 X49.364 Y44.838 E146.46589
G0 F7200 X49.323 Y45.363
G1 F1800 X50.919 Y46.959 E146.52219
G0 F7200 X50.234 Y46.84
G1 F1800 X49.162 Y45.767 E146.56003
G0 F7200 X48.961 Y46.132
G1 F1800 X49.674 Y46.845 E146.58518
G0 F7200 X49.194 Y46.931
G1 F1800 X48.66 Y46.397 E146.60402
G0 F7200 X48.324 Y46.627
G1 F1800 X48.77 Y47.073 E146.61975
G0 F7200 X48.397 Y47.265
G1 F1800 X47.905 Y46.774 E146.63709
G0 F7200 X47.392 Y46.827
G1 F1800 X48.059 Y47.493 E146.6606
G0 F7200 X47.749 Y47.749
G1 F1800 X46.658 Y46.658 E146.69909
G1 X46.588 Y46.588
G0 F7200 X45.716 Y45.716
G1 F1800 X43.18 Y43.18 E146.78856
G0 F7200 X43.18 Y43.746
G1 F1800 X47.498 Y48.063 E146.94087
G0 F7200 X47.259 Y48.39
G1 F1800 X43.18 Y44.312 E147.08475
G0 F7200 X43.18 Y44.877
G1 F1800 X47.074 Y48.771 E147.22212
G0 F7200 X46.931 Y49.193
G1 F1800 X46.481 Y48.744 E147.23798
G0 F7200 X46.184 Y48.447
G1 F1800 X43.18 Y45.443 E147.34395
G0 F7200 X43.18 Y46.009
G1 F1800 X45.174 Y48.003 E147.4143
G0 F7200 X44.628 Y48.022
G1 F1800 X43.18 Y46.574 E147.46538
G0 F7200 X43.18 Y47.14
G1 F1800 X44.172 Y48.131 E147.50036
G0 F7200 X43.799 Y48.324
G1 F1800 X43.18 Y47.706 E147.52217
G0 F7200 X43.18 Y48.271
G1 F1800 X43.488 Y48.579 E147.53304
G0 F7200 X43.18 Y48.837
G1 F1800 X43.242 Y48.899 E147.53523
G0 F7200 X43.181 Y51.1
G1 F1800 X43.358 Y51.277 E147.54147
G0 F7200 X44.242 Y51.574
G0 X45.549 Y51.584
G0 X46.787 Y50.747
G1 F1800 X46.96 Y50.919 E147.54756
G0 F7200 X45.557 Y44.992
G1 F1800 X43.746 Y43.18 E147.61146
G0 F7200 X44.312 Y43.18
G1 F1800 X45.594 Y44.463 E147.65671
G0 F7200 X45.755 Y44.058
G1 F1800 X44.877 Y43.18 E147.68768
G0 F7200 X45.443 Y43.18
G1 F1800 X45.973 Y43.71 E147.70638
G0 F7200 X46.255 Y43.427
G1 F1800 X46.009 Y43.18 E147.71507
G0 F7200 X52.798 Y43.181
G1 F1800 X56.82 Y47.204 E147.85698
G0 F7200 X56.82 Y46.638
G1 F1800 X53.363 Y43.181 E147.97893
G0 F7200 X53.929 Y43.181
G1 F1800 X56.82 Y46.072 E148.08092
G0 F7200 X56.82 Y45.507
G1 F1800 X54.495 Y43.181 E148.16296
G0 F7200 X55.06 Y43.181
G1 F1800 X56.82 Y44.941 E148.22505
G0 F7200 X56.82 Y44.375
G1 F1800 X55.626 Y43.181 E148.26717
G0 F7200 X56.192 Y43.181
G1 F1800 X56.82 Y43.81 E148.28934
G0 F7200 X56.82 Y43.244
G1 F1800 X56.757 Y43.181 E148.29156
G0 F7200 X56.757 Y43.21
;MESH:NONMESH
G0 F600 Z0.75
G0 F7200 X48.34 Y46.322
G0 X48.142 Y46.082
;TIME_ELAPSED:136.104720
;LAYER:3
;TYPE:WALL-INNER
;MESH:cherry_mx_socket_fix-pins_led_diode.stl
G1 F4800 X47.984 Y46.16 E148.29596
G1 X47.535 Y46.266 E148.30747
G1 X47.072 Y46.214 E148.31909
G1 X46.761 Y46.077 E148.32757
G1 X46.479 Y45.845 E148.33668
G1 X46.28 Y45.583 E148.34488
G1 X46.129 Y45.144 E148.35646
G1 X46.142 Y44.631 E148.36926
G1 X46.362 Y44.141 E148.38266
G1 X46.513 Y43.958 E148.38858
G1 X46.876 Y43.704 E148.39963
G1 X47.208 Y43.593 E148.40837
G1 X47.48 Y43.568 E148.41518
G1 X47.946 Y43.665 E148.42705
G1 X48.183 Y43.785 E148.43368
G1 X48.434 Y43.993 E148.44181
G1 X48.595 Y44.199 E148.44833
G1 X48.735 Y44.495 E148.4565
G1 X48.792 Y44.752 E148.46307
G1 X48.753 Y45.299 E148.47675
G1 X48.52 Y45.757 E148.48957
G1 X48.142 Y46.082 E148.502
G0 F7200 X48.34 Y46.322
G0 X46.494 Y50.678
G0 X45.516 Y51.653
G0 X45.452 Y51.347
G1 F4800 X45.031 Y51.439 E148.51275
G1 X44.836 Y51.443 E148.51762
G1 X44.453 Y51.364 E148.52737
G1 X44.249 Y51.28 E148.53287
G1 X43.863 Y50.983 E148.54502
G1 X43.655 Y50.699 E148.5538
G1 X43.552 Y50.466 E148.56016
G1 X43.468 Y49.996 E148.57207
G1 X43.552 Y49.531 E148.58386
G1 X43.784 Y49.101 E148.59604
G1 X44.217 Y48.735 E148.61019
G1 X44.45 Y48.632 E148.61654
G1 X44.991 Y48.552 E148.63018
G1 X45.478 Y48.659 E148.64262
G1 X45.879 Y48.912 E148.65445
G1 X46.251 Y49.394 E148.66964
G1 X46.366 Y49.939 E148.68353
G1 X46.284 Y50.466 E148.69684
G1 X46.222 Y50.636 E148.70135
G1 X45.927 Y51.034 E148.71371
G1 X45.452 Y51.347 E148.7279
G0 F7200 X45.516 Y51.653
G0 X44.823 Y55.08
G0 X45.152 Y55.963
G0 X45.939 Y56.419
G0 X47.001 Y56.223
G0 X46.808 Y55.983
G1 F4800 X46.396 Y56.16 E148.73908
G1 X46.088 Y56.168 E148.74677
G1 X45.764 Y56.092 E148.75507
G1 X45.578 Y55.987 E148.7604
G1 X45.289 Y55.709 E148.7704
G1 X45.178 Y55.517 E148.77593
G1 X45.088 Y55.08 E148.78706
G1 X45.139 Y54.762 E148.7951
G1 X45.218 Y54.563 E148.80044
G1 X45.402 Y54.314 E148.80816
G1 X45.66 Y54.116 E148.81628
G1 X45.957 Y54.002 E148.82421
G1 X46.41 Y53.999 E148.83551
G1 X46.69 Y54.1 E148.84294
G1 X47.018 Y54.357 E148.85333
G1 X47.158 Y54.563 E148.85954
G1 F4848.5 X47.233 Y54.763 E148.86482
G1 F5026.2 X47.272 Y55.131 E148.87363
G1 F4974.1 X47.158 Y55.593 E148.88509
G1 F4800 X47.022 Y55.794 E148.89114
G1 X46.808 Y55.983 E148.89827
G0 F7200 X47.001 Y56.223
G0 X48.479 Y56.419
G0 X49.541 Y56.223
G0 X49.348 Y55.983
G1 F4800 X48.936 Y56.16 E148.90945
G1 X48.628 Y56.168 E148.91714
G1 X48.304 Y56.092 E148.92544
G1 X47.894 Y55.794 E148.93808
G1 X47.758 Y55.593 E148.94414
G1 F4974.1 X47.644 Y55.131 E148.95559
G1 F5026.2 X47.683 Y54.763 E148.96441
G1 F4848.5 X47.758 Y54.563 E148.96968
G1 F4800 X47.898 Y54.357 E148.97589
G1 X48.179 Y54.129 E148.98492
G1 X48.499 Y54.001 E148.99352
G1 X48.89 Y53.99 E149.00328
G1 X49.175 Y54.076 E149.0107
G1 X49.558 Y54.357 E149.02255
G1 X49.698 Y54.563 E149.02876
G1 F4848.5 X49.773 Y54.763 E149.03404
G1 F5026.2 X49.812 Y55.131 E149.04286
G1 F4974.1 X49.698 Y55.593 E149.05431
G1 F4800 X49.562 Y55.794 E149.06036
G1 X49.348 Y55.983 E149.06749
G0 F7200 X49.541 Y56.223
G0 X51.019 Y56.419
G0 X52.081 Y56.223
G0 X51.888 Y55.983
G1 F4800 X51.476 Y56.16 E149.07867
G1 X51.168 Y56.168 E149.08636
G1 X50.844 Y56.092 E149.09466
G1 X50.434 Y55.794 E149.1073
G1 X50.298 Y55.593 E149.11336
G1 F4974.1 X50.184 Y55.131 E149.12481
G1 F5026.2 X50.223 Y54.763 E149.13363
G1 F4848.5 X50.298 Y54.563 E149.1389
G1 F4800 X50.438 Y54.357 E149.14512
G1 X50.751 Y54.11 E149.15506
G1 X51.024 Y54.005 E149.16236
G1 X51.372 Y53.988 E149.17105
G1 X51.568 Y54.02 E149.176
G1 X51.822 Y54.129 E149.1829
G1 X52.098 Y54.357 E149.19183
G1 X52.238 Y54.563 E149.19804
G1 F4848.5 X52.313 Y54.763 E149.20332
G1 F5026.2 X52.352 Y55.131 E149.21213
G1 F4974.1 X52.238 Y55.593 E149.22359
G1 F4800 X52.102 Y55.794 E149.22964
G1 X51.888 Y55.983 E149.23676
G0 F7200 X52.081 Y56.223
G0 X53.559 Y56.419
G0 X54.621 Y56.223
G0 X54.428 Y55.983
G1 F4800 X54.016 Y56.16 E149.24795
G1 X53.708 Y56.168 E149.25563
G1 X53.384 Y56.092 E149.26394
G1 X52.974 Y55.794 E149.27658
G1 X52.838 Y55.593 E149.28263
G1 F4974.1 X52.724 Y55.131 E149.29409
G1 F5026.2 X52.763 Y54.763 E149.3029
G1 F4848.5 X52.838 Y54.563 E149.30818
G1 F4800 X52.978 Y54.357 E149.31439
G1 X53.273 Y54.12 E149.32383
G1 X53.607 Y53.996 E149.33272
G1 X54.043 Y54.002 E149.3436
G1 X54.344 Y54.118 E149.35164
G1 X54.594 Y54.314 E149.35957
G1 X54.778 Y54.563 E149.36729
G1 X54.857 Y54.762 E149.37263
G1 X54.908 Y55.08 E149.38067
G1 X54.819 Y55.516 E149.39177
G1 X54.707 Y55.709 E149.39733
G1 X54.428 Y55.983 E149.40709
G0 F7200 X54.621 Y56.223
G0 X55.96 Y51.512
G0 X55.779 Y51.261
G1 F4800 X55.547 Y51.364 E149.41342
G1 X55.171 Y51.442 E149.423
G1 X54.957 Y51.436 E149.42834
G1 X54.548 Y51.347 E149.43878
G1 X54.064 Y51.033 E149.45317
G1 X53.729 Y50.529 E149.46827
G1 X53.629 Y49.96 E149.48268
G1 X53.725 Y49.483 E149.49482
G1 X53.945 Y49.101 E149.50581
G1 F4549.8 X54.393 Y48.699 E149.52165
G1 X53.796 Y48.807 E149.53762
G1 F4800 X53.363 Y48.733 E149.54858
G1 X53.158 Y48.642 E149.55417
G1 F4146.9 X52.702 Y48.335 E149.57004
G1 F3671.1 X52.576 Y48.146 E149.57745
G1 F4173.9 X52.469 Y47.543 E149.59502
G1 F4800 X52.504 Y47.068 E149.6069
G1 X52.81 Y46.548 E149.62195
G1 X53.224 Y46.245 E149.63475
G1 X53.556 Y46.133 E149.64349
G1 X53.832 Y46.108 E149.6504
G1 X54.449 Y46.268 E149.6663
G1 X54.782 Y46.533 E149.67692
G1 X54.943 Y46.739 E149.68344
G1 X55.083 Y47.035 E149.69161
G1 X55.14 Y47.292 E149.69818
G1 X55.103 Y47.831 E149.71165
G1 X54.834 Y48.335 E149.72591
G1 F4444.4 X54.55 Y48.615 E149.73665
G1 X55.151 Y48.552 E149.75293
G1 F4800 X55.717 Y48.696 E149.7675
G1 X56.132 Y49.013 E149.78053
G1 X56.34 Y49.297 E149.78931
G1 X56.444 Y49.529 E149.79565
G1 X56.516 Y49.872 E149.80439
G1 X56.52 Y50.1 E149.81008
G1 X56.444 Y50.466 E149.8194
G1 X56.357 Y50.675 E149.82505
G1 X56.063 Y51.052 E149.83698
G1 X55.779 Y51.261 E149.84577
G0 F7200 X55.959 Y51.513
G0 X55.08 Y51.718
G0 X53.918 Y51.259
G0 X53.362 Y50
G0 X53.66 Y49.057
G0 X54.393 Y48.699
G1 F4229.1 X54.55 Y48.615 E149.85081
G0 F7200 X55.194 Y48.283
G0 X56.242 Y48.74
G0 X56.77 Y49.867
G0 X57.09 Y57.12
G0 X57.4 Y57.4
G1 F4800 X57.4 Y42.6 E150.22
G1 X42.6 Y42.6 E150.58919
G1 X42.6 Y57.4 E150.95838
G1 X57.4 Y57.4 E151.32756
G0 F7200 X57.12 Y57.12
G0 X54.848 Y54.197
G0 X51.088 Y52.692
G0 X50.946 Y52.417
G1 F4800 X50.392 Y52.569 E151.3419
G1 X50.035 Y52.596 E151.35083
G1 X49.47 Y52.544 E151.36498
G1 X49.069 Y52.426 E151.37541
G1 X48.627 Y52.208 E151.3877
G1 X48.111 Y51.793 E151.40422
G1 X47.857 Y51.479 E151.41429
G1 X47.549 Y50.888 E151.43092
G1 X47.417 Y50.311 E151.44568
G1 X47.402 Y49.941 E151.45492
G1 X47.447 Y49.499 E151.466
G1 X47.555 Y49.113 E151.476
G1 X47.821 Y48.581 E151.49084
G1 X48.212 Y48.1 E151.5063
G1 X48.576 Y47.828 E151.51764
G1 X49.095 Y47.559 E151.53222
G1 X49.582 Y47.432 E151.54477
G1 X50.055 Y47.402 E151.5566
G1 X50.568 Y47.462 E151.56948
G1 X50.904 Y47.562 E151.57822
G1 X51.415 Y47.821 E151.59252
G1 F4465.1 X52.117 Y48.386 E151.61668
G1 F3894.5 X52.255 Y48.608 E151.62472
G1 F4146.9 X52.467 Y49.186 E151.64249
G1 F4800 X52.579 Y49.688 E151.65532
G1 X52.594 Y50.055 E151.66449
G1 X52.549 Y50.496 E151.67554
G1 X52.445 Y50.885 E151.68559
G1 X52.211 Y51.364 E151.69889
G1 X51.819 Y51.852 E151.7145
G1 X51.486 Y52.131 E151.72534
G1 X50.946 Y52.417 E151.74058
G0 F7200 X50.74 Y52.071
;TYPE:WALL-OUTER
G1 F2400 X50.315 Y52.177 E151.75151
G1 X49.98 Y52.196 E151.75988
G1 X49.551 Y52.152 E151.77063
G1 X49.275 Y52.078 E151.77776
G1 X48.873 Y51.889 E151.78884
G1 X48.409 Y51.52 E151.80363
G1 X48.204 Y51.273 E151.81164
G1 X47.921 Y50.731 E151.82689
G1 X47.821 Y50.324 E151.83735
G1 X47.8 Y49.98 E151.84594
G1 X47.842 Y49.561 E151.85645
G1 X47.934 Y49.243 E151.86471
G1 X48.119 Y48.851 E151.87552
G1 X48.476 Y48.409 E151.88969
G1 X48.723 Y48.207 E151.89765
G1 X49.25 Y47.927 E151.91254
G1 X49.676 Y47.821 E151.92349
G1 X50.016 Y47.8 E151.93199
G1 X50.446 Y47.844 E151.94277
G1 X50.758 Y47.935 E151.95087
G1 X51.146 Y48.12 E151.9616
G1 X51.587 Y48.476 E151.97574
G1 X51.8 Y48.738 E151.98416
G1 X52.064 Y49.239 E151.99828
G1 X52.175 Y49.676 E152.00953
G1 X52.196 Y50.016 E152.01803
G1 X52.15 Y50.456 E152.02907
G1 X52.078 Y50.724 E152.03599
G1 X51.876 Y51.146 E152.04766
G1 X51.491 Y51.616 E152.06281
G1 X51.264 Y51.799 E152.07009
G1 X50.74 Y52.071 E152.08481
G0 F7200 X50.546 Y52.119
G0 X50.712 Y52.811
G0 X54.461 Y53.885
G0 X55.072 Y54.569
G0 X55.072 Y55.591
G0 X54.461 Y56.275
G0 X51.805 Y56.382
G0 X51.566 Y55.714
G1 F2400 X51.407 Y55.766 E152.08899
G1 X51.168 Y55.768 E152.09495
G1 X50.974 Y55.714 E152.09997
G1 X50.731 Y55.526 E152.10764
G1 X50.612 Y55.316 E152.11366
G1 X50.568 Y55.098 E152.11921
G1 X50.611 Y54.84 E152.12573
G1 X50.732 Y54.628 E152.13182
G1 X50.943 Y54.46 E152.13855
G1 X51.143 Y54.389 E152.14384
G1 X51.438 Y54.398 E152.1512
G1 X51.588 Y54.455 E152.15521
G1 X51.804 Y54.628 E152.16211
G1 X51.925 Y54.84 E152.1682
G1 X51.968 Y55.098 E152.17472
G1 X51.898 Y55.382 E152.18202
G1 X51.805 Y55.526 E152.1863
G1 X51.566 Y55.714 E152.19388
G0 F7200 X51.407 Y55.766
G0 X51.374 Y55.766
G0 X51.374 Y56.48
G0 X49.265 Y56.382
G0 X49.026 Y55.714
G1 F2400 X48.867 Y55.766 E152.19805
G1 X48.628 Y55.768 E152.20402
G1 X48.434 Y55.714 E152.20904
G1 X48.191 Y55.526 E152.2167
G1 X48.072 Y55.316 E152.22272
G1 X48.028 Y55.098 E152.22827
G1 X48.071 Y54.84 E152.2348
G1 X48.192 Y54.628 E152.24089
G1 X48.393 Y54.467 E152.24731
G1 X48.585 Y54.392 E152.25245
G1 X48.852 Y54.388 E152.25911
G1 X49.032 Y54.449 E152.26385
G1 X49.264 Y54.628 E152.27116
G1 X49.385 Y54.84 E152.27725
G1 X49.428 Y55.098 E152.28378
G1 X49.358 Y55.382 E152.29107
G1 X49.265 Y55.526 E152.29535
G1 X49.026 Y55.714 E152.30294
G0 F7200 X48.867 Y55.766
G0 X48.834 Y55.766
G0 X48.834 Y56.48
G0 X46.725 Y56.382
G0 X46.486 Y55.714
G1 F2400 X46.327 Y55.766 E152.30711
G1 X46.088 Y55.768 E152.31307
G1 X45.832 Y55.679 E152.31983
G1 X45.629 Y55.498 E152.32662
G1 X45.544 Y55.357 E152.33072
G1 X45.491 Y55.04 E152.33874
G1 X45.558 Y54.774 E152.34558
G1 X45.667 Y54.614 E152.35041
G1 X45.86 Y54.462 E152.35654
G1 X46.044 Y54.392 E152.36145
G1 X46.332 Y54.391 E152.36864
G1 X46.547 Y54.481 E152.37445
G1 X46.724 Y54.628 E152.38019
G1 X46.845 Y54.84 E152.38628
G1 X46.888 Y55.098 E152.3928
G1 X46.818 Y55.382 E152.4001
G1 X46.725 Y55.526 E152.40438
G1 X46.486 Y55.714 E152.41196
G0 F7200 X46.327 Y55.766
G0 X46.294 Y55.766
G0 X46.294 Y56.48
G0 X45.152 Y55.963
G0 X44.843 Y55.177
G0 X45.473 Y51.662
G0 X45.327 Y50.967
G1 F2400 X44.892 Y51.047 E152.42299
G1 X44.467 Y50.944 E152.4339
G1 X44.186 Y50.747 E152.44246
G1 X43.944 Y50.385 E152.45332
G1 X43.868 Y49.996 E152.46321
G1 X43.972 Y49.547 E152.47471
G1 X44.169 Y49.266 E152.48327
G1 X44.453 Y49.058 E152.49205
G1 X44.893 Y48.949 E152.50336
G1 X45.362 Y49.045 E152.5153
G1 X45.619 Y49.216 E152.523
G1 X45.886 Y49.586 E152.53438
G1 X45.968 Y49.977 E152.54435
G1 X45.872 Y50.442 E152.55619
G1 X45.675 Y50.724 E152.56477
G1 X45.327 Y50.967 E152.57536
G0 F7200 X45.131 Y51.003
G0 X45.279 Y51.704
G0 X46.18 Y51.162
G0 X48.348 Y46.315
G0 X47.894 Y45.766
G1 F2400 X47.499 Y45.868 E152.58554
G1 X47.178 Y45.828 E152.59361
G1 X46.973 Y45.738 E152.59919
G1 X46.757 Y45.557 E152.60622
G1 X46.624 Y45.379 E152.61176
G1 X46.529 Y45.102 E152.61907
G1 X46.538 Y44.687 E152.62942
G1 X46.765 Y44.268 E152.64131
G1 X47.014 Y44.08 E152.64909
G1 X47.293 Y43.984 E152.65645
G1 X47.48 Y43.968 E152.66114
G1 X47.849 Y44.053 E152.67058
G1 X48.18 Y44.301 E152.6809
G1 X48.373 Y44.666 E152.6912
G1 X48.389 Y45.122 E152.70258
G1 X48.228 Y45.476 E152.71228
G1 X47.894 Y45.766 E152.72332
G0 F7200 X47.701 Y45.816
G0 X47.876 Y46.508
G0 X50.969 Y47.317
G0 X52.989 Y48.842
G0 X54.198 Y48.323
G1 F2400 X53.82 Y48.408 E152.73298
G1 X53.561 Y48.375 E152.73949
G1 X53.34 Y48.286 E152.74544
G1 X53.085 Y48.075 E152.75369
G1 X52.974 Y47.916 E152.75853
G1 X52.875 Y47.634 E152.76599
G1 X52.891 Y47.216 E152.77642
G1 X53.099 Y46.825 E152.78747
G1 X53.362 Y46.62 E152.79579
G1 X53.641 Y46.524 E152.80315
G1 X53.832 Y46.508 E152.80793
G1 X54.249 Y46.614 E152.81866
G1 X54.528 Y46.841 E152.82763
G1 X54.721 Y47.206 E152.83793
G1 X54.737 Y47.659 E152.84924
G1 X54.545 Y48.059 E152.86031
G1 X54.198 Y48.323 E152.87118
G0 F7200 X54.003 Y48.366
G0 X53.66 Y49.057
G0 X53.362 Y50
G0 X53.918 Y51.259
G0 X55.012 Y51.704
G0 X55.959 Y51.513
G0 X55.543 Y50.938
G1 F2400 X55.111 Y51.046 E152.88229
G1 X54.673 Y50.967 E152.89339
G1 X54.378 Y50.781 E152.90209
G1 X54.109 Y50.406 E152.9136
G1 X54.028 Y50.014 E152.92359
G1 X54.108 Y49.598 E152.93416
G1 X54.321 Y49.273 E152.94385
G1 X54.674 Y49.028 E152.95457
G1 X55.104 Y48.949 E152.96548
G1 X55.5 Y49.034 E152.97558
G1 X55.81 Y49.249 E152.98499
G1 X56.052 Y49.611 E152.99585
G1 X56.126 Y50.031 E153.00649
G1 X56.023 Y50.455 E153.01737
G1 X55.827 Y50.73 E153.0258
G1 X55.543 Y50.938 E153.03458
G0 F7200 X55.349 Y50.986
G0 X55.497 Y51.691
G0 X55.177 Y55.08
G0 X54.615 Y56.229
G0 X54.17 Y55.677
G1 F2400 X53.947 Y55.766 E153.04057
G1 X53.708 Y55.768 E153.04653
G1 X53.514 Y55.714 E153.05155
G1 X53.271 Y55.526 E153.05922
G1 X53.152 Y55.316 E153.06524
G1 X53.108 Y55.098 E153.07079
G1 X53.151 Y54.84 E153.07731
G1 X53.272 Y54.628 E153.0834
G1 X53.477 Y54.464 E153.08995
G1 X53.674 Y54.39 E153.0952
G1 X53.934 Y54.389 E153.10168
G1 X54.142 Y54.463 E153.10719
G1 X54.329 Y54.614 E153.11319
G1 X54.465 Y54.84 E153.11977
G1 X54.506 Y55.115 E153.1267
G1 X54.452 Y55.356 E153.13286
G1 X54.367 Y55.498 E153.13699
G1 X54.17 Y55.677 E153.14363
G0 F7200 X53.985 Y55.751
G1 F1500 E146.64363
G0 F7200 X54.226 Y56.425
G0 X57.52 Y57.52
G0 X57.8 Y57.8
G1 F1500 E153.14363
G1 F2400 X57.8 Y42.2 E153.53278
G1 X42.2 Y42.2 E153.92192
G1 X42.2 Y57.8 E154.31106
G1 X57.8 Y57.8 E154.70021
G0 F7200 X57.8 Y57.6
G0 X57.12 Y57.12
G0 X52.823 Y49.597
G0 X52.347 Y48.379
G0 X48.738 Y43.927
G0 X47.535 Y43.087
;TYPE:SKIN
G1 F1152 X47.143 Y43.099 E154.71549
G0 F7200 X46.227 Y43.877
G0 X43.346 Y49.322
G0 X43.08 Y50.555
G1 F1295 X43.036 Y49.952 E154.73646
G0 F7200 X43.66 Y48.838
G0 X44.92 Y48.282
G0 X46.222 Y48.713
G1 F1800 X45.622 Y48.3 E154.75463
G1 X45.016 Y48.172 E154.77008
G1 X44.384 Y48.257 E154.78598
G1 X44.028 Y48.404 E154.79559
G1 X43.708 Y48.635 E154.80544
G1 X43.467 Y48.885 E154.8141
G1 X43.198 Y49.403 E154.82866
G1 F1578.9 X43.036 Y49.952 E154.84494
G1 X42.98 Y49.444 E154.85947
G1 F1800 X42.98 Y42.98 E155.02071
G1 X46.697 Y42.98 E155.11344
G1 F1390 X47.143 Y43.099 E155.12835
G1 X46.704 Y43.366 E155.14495
G1 F1800 X46.283 Y43.65 E155.15761
G1 X46.048 Y43.925 E155.16664
G1 X45.871 Y44.249 E155.17585
G1 X45.766 Y44.576 E155.18441
G1 X45.755 Y45.207 E155.20016
G1 X45.953 Y45.777 E155.21521
G1 X46.169 Y46.069 E155.22427
G1 X46.533 Y46.381 E155.23623
G1 X46.967 Y46.58 E155.24814
G1 X47.564 Y46.647 E155.26312
G1 X48.093 Y46.523 E155.27668
G1 X48.374 Y46.381 E155.28453
G1 X48.812 Y45.999 E155.29903
G1 X49.103 Y45.446 E155.31462
G1 X49.168 Y45.155 E155.32205
G1 X49.168 Y44.713 E155.33308
G1 X49.092 Y44.365 E155.34197
G1 X48.941 Y44.037 E155.35097
G1 X48.697 Y43.723 E155.36089
G1 X48.43 Y43.491 E155.36972
G1 X48.078 Y43.308 E155.37961
G1 F1420.1 X47.535 Y43.087 E155.39815
G1 X48.056 Y42.98 E155.41497
G1 F1800 X57.02 Y42.98 E155.63857
G1 X57.02 Y49.033 E155.78957
G1 F1428.6 X56.916 Y49.436 E155.80265
G1 X56.438 Y48.785 E155.82803
G1 F1800 X56.181 Y48.545 E155.8368
G1 X55.809 Y48.318 E155.84767
G1 X55.337 Y48.204 E155.85979
G1 X55.451 Y47.984 E155.86597
G1 X55.519 Y47.688 E155.87354
G1 X55.516 Y47.248 E155.88452
G1 X55.44 Y46.908 E155.89321
G1 X55.263 Y46.537 E155.90347
G1 X55.055 Y46.269 E155.91193
G1 X54.637 Y45.939 E155.92521
G1 X54.414 Y45.843 E155.93127
G1 X53.867 Y45.731 E155.9452
G1 X53.485 Y45.758 E155.95475
G1 X53.101 Y45.881 E155.96481
G1 X52.828 Y46.034 E155.97261
G1 X52.535 Y46.281 E155.98217
G1 X52.212 Y46.813 E155.9977
G1 X52.134 Y47.032 E156.0035
G1 X52.088 Y47.519 E156.0157
G1 X52.128 Y47.91 E156.02551
G1 X51.535 Y47.433 E156.04449
G1 X50.967 Y47.177 E156.06003
G1 X50.547 Y47.068 E156.07085
G1 X50.027 Y47.02 E156.08388
G1 X49.516 Y47.056 E156.09666
G1 X48.972 Y47.198 E156.11068
G1 X48.391 Y47.494 E156.12695
G1 X47.939 Y47.829 E156.14098
G1 X47.463 Y48.424 E156.15999
G1 X47.203 Y48.961 E156.17488
G1 X47.068 Y49.447 E156.18746
G1 F1333.3 X46.882 Y49.893 E156.20373
G1 X46.653 Y49.468 E156.21999
G1 F1800 X46.599 Y49.285 E156.22475
G1 X46.222 Y48.713 E156.24184
G0 F7200 X46.882 Y49.893
G1 F1061.9 X46.882 Y49.94 E156.24382
G0 F7200 X47.651 Y51.619
G0 X48.505 Y52.432
G0 X49.436 Y52.796
G0 X50.402 Y52.823
G0 X55.779 Y51.569
G0 X56.918 Y50.552
G1 F1285.7 X56.962 Y49.996 E156.2633
G1 F1281.1 X56.916 Y49.436 E156.283
G0 F7200 X56.654 Y50.678
G0 X55.779 Y51.569
G0 X54.402 Y51.574
G0 X53.588 Y50.804
G0 X52.99 Y49.63
G1 F1572.1 X52.805 Y48.902 E156.30445
G1 F1636.4 X53.171 Y49.1 E156.31587
G1 X53.455 Y49.151 E156.32379
G1 X53.341 Y49.365 E156.33044
G1 F1572.1 X53.268 Y49.628 E156.33823
G1 F1250 X53.105 Y49.937 E156.35078
G1 X52.99 Y49.63 E156.36256
G0 F7200 X53.105 Y49.937
G1 F1068.2 X53.107 Y50.072 E156.36823
G0 F7200 X52.432 Y51.495
G0 X51.036 Y52.79
G1 F1800 X51.714 Y52.433 E156.38735
G1 X52.082 Y52.121 E156.39938
G1 X52.49 Y51.617 E156.41556
G1 X52.79 Y51.041 E156.43176
G1 X52.907 Y50.628 E156.44247
G1 F1343.3 X53.107 Y50.072 E156.46222
G1 X53.357 Y50.61 E156.48205
G1 F1800 X53.441 Y50.822 E156.48774
G1 X53.788 Y51.3 E156.50247
G1 X54.383 Y51.685 E156.52015
G1 X54.916 Y51.812 E156.53382
G1 X55.235 Y51.813 E156.54178
G1 X55.623 Y51.737 E156.55164
G1 X55.967 Y51.587 E156.561
G1 F1690.1 X56.308 Y51.343 E156.57214
G1 F1512.6 X56.92 Y50.561 E156.60162
G1 F1572.1 X57.014 Y50.918 E156.61216
G1 F1773.4 X57.02 Y57.02 E156.76666
G1 F1800 X54.541 Y57.02 E156.8285
G1 F1702.1 X54.12 Y56.997 E156.83962
G1 F1621.6 X53.614 Y56.999 E156.85363
G1 F1710.2 X53.216 Y57.02 E156.86409
G1 F1800 X52.007 Y57.02 E156.89425
G1 F1702.1 X51.58 Y56.997 E156.90553
G1 F1621.6 X51.074 Y56.999 E156.91954
G1 F1710.2 X50.676 Y57.02 E156.93001
G1 F1800 X49.467 Y57.02 E156.96017
G1 F1702.1 X49.04 Y56.997 E156.97145
G1 F1621.6 X48.534 Y56.999 E156.98546
G1 F1710.2 X48.136 Y57.02 E156.99592
G1 F1800 X46.927 Y57.02 E157.02608
G1 F1702.1 X46.5 Y56.997 E157.03736
G1 F1621.6 X45.991 Y56.999 E157.05145
G1 F1710.2 X45.588 Y57.02 E157.06205
G1 F1800 X42.98 Y57.02 E157.12711
G1 X42.98 Y50.955 E157.2784
G1 F1440 X43.08 Y50.555 E157.29125
G1 X43.553 Y51.206 E157.31635
G1 F1800 X43.831 Y51.458 E157.32571
G1 X44.327 Y51.718 E157.33968
G1 X44.816 Y51.821 E157.35214
G1 X45.098 Y51.813 E157.35918
G1 X45.571 Y51.705 E157.37128
G1 X46.181 Y51.32 E157.38928
G1 X46.553 Y50.823 E157.40476
G1 X46.681 Y50.371 E157.41648
G1 F1338.3 X46.882 Y49.94 E157.43244
G1 X47.036 Y50.391 E157.44843
G1 F1800 X47.202 Y51.04 E157.46514
G1 X47.534 Y51.673 E157.48297
G1 X47.89 Y52.097 E157.49678
G1 X48.433 Y52.535 E157.51418
G1 X48.895 Y52.764 E157.52704
G1 X49.408 Y52.916 E157.54039
G1 X49.98 Y52.972 E157.55473
G1 X50.47 Y52.942 E157.56697
G1 X51.036 Y52.79 E157.58159
G0 F7200 X45.939 Y53.741
G0 X45.152 Y54.197
G0 X44.823 Y55.08
G0 X45.152 Y55.963
G0 X45.939 Y56.419
G0 X46.841 Y56.275
G0 X47.46 Y55.598
G0 X47.457 Y55.362
G1 F2117.6 X47.456 Y55.433 E157.5831
G0 F7200 X47.46 Y55.598
G0 X47.522 Y56.542
G1 F1295 X47.488 Y56.602 E157.58549
G1 X47.419 Y56.602 E157.58788
G1 X47.384 Y56.542 E157.59029
G1 X47.418 Y56.482 E157.59268
G1 X47.487 Y56.482 E157.59507
G1 X47.522 Y56.542 E157.59748
G0 F7200 X50.062 Y56.542
G1 F1295 X50.028 Y56.602 E157.59987
G1 X49.959 Y56.602 E157.60226
G1 X49.924 Y56.542 E157.60467
G1 X49.958 Y56.482 E157.60706
G1 X50.027 Y56.482 E157.60946
G1 X50.062 Y56.542 E157.61186
G0 F7200 X50 Y55.598
G0 X49.996 Y55.433
G1 F2117.6 X49.997 Y55.362 E157.61337
G0 F7200 X50 Y55.598
G0 X50.619 Y56.275
G0 X51.521 Y56.419
G0 X52.234 Y56.022
G0 X52.537 Y55.362
G1 F2117.6 X52.536 Y55.433 E157.61488
G0 F7200 X52.54 Y55.598
G0 X52.602 Y56.542
G1 F1295 X52.568 Y56.602 E157.61727
G1 X52.499 Y56.602 E157.61966
G1 X52.464 Y56.542 E157.62207
G1 X52.498 Y56.482 E157.62446
G1 X52.567 Y56.482 E157.62685
G1 X52.602 Y56.542 E157.62926
G0 F7200 X54.352 Y56.455
G1 F1782.2 X54.687 Y56.261 E157.63901
G1 F1800 X55.003 Y55.941 E157.65023
G1 X55.169 Y55.663 E157.65831
G1 X55.288 Y55.076 E157.67325
G1 X55.23 Y54.696 E157.68284
G1 X55.115 Y54.39 E157.69099
G1 X54.873 Y54.055 E157.7013
G1 X54.515 Y53.776 E157.71262
G1 X54.039 Y53.616 E157.72515
G1 X53.544 Y53.618 E157.7375
G1 X53.101 Y53.775 E157.74922
G1 X52.717 Y54.081 E157.76147
G1 X52.537 Y54.327 E157.76908
G1 X52.357 Y54.079 E157.77672
G1 X52.027 Y53.806 E157.7874
G1 X51.665 Y53.654 E157.7972
G1 X51.401 Y53.61 E157.80387
G1 X50.929 Y53.634 E157.81566
G1 X50.589 Y53.76 E157.82471
G1 X50.178 Y54.08 E157.8377
G1 X49.997 Y54.326 E157.84532
G1 X49.858 Y54.123 E157.85146
G1 X49.567 Y53.864 E157.86117
G1 X49.329 Y53.728 E157.86801
G1 X48.959 Y53.619 E157.87763
G1 X48.418 Y53.624 E157.89113
G1 X47.965 Y53.811 E157.90336
G1 X47.6 Y54.121 E157.9153
G1 X47.457 Y54.326 E157.92154
G1 X47.279 Y54.081 E157.92909
G1 X46.863 Y53.757 E157.94224
G1 X46.447 Y53.618 E157.95318
G1 X45.871 Y53.628 E157.96755
G1 X45.488 Y53.772 E157.97776
G1 X45.161 Y54.017 E157.98795
G1 X44.905 Y54.342 E157.99827
G1 X44.774 Y54.649 E158.0066
G1 X44.71 Y55.111 E158.01824
G1 X44.828 Y55.669 E158.03246
G1 X44.991 Y55.943 E158.04042
G1 X45.319 Y56.267 E158.05192
G1 X45.603 Y56.432 E158.06011
G1 F1710.2 X46.041 Y56.563 E158.07211
G1 F1621.6 X46.462 Y56.556 E158.08377
G1 F1702.1 X47.024 Y56.29 E158.10017
G1 F1800 X47.284 Y56.067 E158.10872
G1 X47.457 Y55.826 E158.11612
G1 X47.627 Y56.062 E158.12337
G1 X47.902 Y56.299 E158.13243
G1 X48.146 Y56.435 E158.1394
G1 F1710.2 X48.583 Y56.564 E158.15136
G1 F1621.6 X49.002 Y56.556 E158.16296
G1 F1702.1 X49.564 Y56.29 E158.17937
G1 F1800 X49.824 Y56.067 E158.18791
G1 X49.997 Y55.826 E158.19531
G1 X50.167 Y56.062 E158.20257
G1 X50.442 Y56.299 E158.21162
G1 X50.686 Y56.435 E158.21859
G1 F1710.2 X51.123 Y56.564 E158.23055
G1 F1621.6 X51.542 Y56.556 E158.24216
G1 F1702.1 X52.104 Y56.29 E158.25856
G1 F1800 X52.364 Y56.067 E158.2671
G1 X52.537 Y55.826 E158.2745
G1 X52.707 Y56.062 E158.28176
G1 X52.982 Y56.299 E158.29082
G1 X53.226 Y56.435 E158.29778
G1 F1710.2 X53.663 Y56.564 E158.30975
G1 F1621.6 X54.082 Y56.556 E158.32135
G1 F1682.2 X54.352 Y56.455 E158.32904
G0 F7200 X56.82 Y56.318
G1 F1800 X56.317 Y56.82 E158.34677
G0 F7200 X55.751 Y56.82
G1 F1800 X56.82 Y55.752 E158.38447
G0 F7200 X56.82 Y55.186
G1 F1800 X55.185 Y56.82 E158.44213
G0 F7200 X54.62 Y56.82
G1 F1800 X56.82 Y54.62 E158.51974
G0 F7200 X56.82 Y54.055
G1 F1800 X55.418 Y55.456 E158.56918
G0 F7200 X55.456 Y54.853
G1 F1800 X56.819 Y53.49 E158.61726
G0 F7200 X56.819 Y52.924
G1 F1800 X55.335 Y54.408 E158.66962
G0 F7200 X55.115 Y54.063
G1 F1800 X56.819 Y52.358 E158.72975
G0 F7200 X56.819 Y51.793
G1 F1800 X54.838 Y53.773 E158.79961
G0 F7200 X54.489 Y53.557
G1 F1800 X56.819 Y51.227 E158.88181
G1 X56.889 Y51.157
G0 F7200 X55.53 Y51.95
G1 F1800 X54.06 Y53.421 E158.93369
G0 F7200 X53.485 Y53.43
G1 F1800 X54.904 Y52.011 E158.98375
G0 F7200 X54.435 Y51.914
G1 F1800 X52.445 Y53.903 E159.05393
G0 F7200 X52.136 Y53.647
G1 F1800 X54.068 Y51.716 E159.12207
G0 F7200 X53.722 Y51.495
G1 F1800 X51.741 Y53.476 E159.19195
G0 F7200 X51.236 Y53.416
G1 F1800 X53.459 Y51.192 E159.27039
G0 F7200 X53.242 Y50.844
G1 F1800 X52.971 Y51.115 E159.27996
G0 F7200 X51.11 Y52.976
G1 F1800 X50.48 Y53.606 E159.30218
G0 F7200 X50.373 Y53.148
G1 F1800 X49.756 Y53.765 E159.32395
G0 F7200 X49.408 Y53.547
G1 F1800 X49.802 Y53.153 E159.33785
G0 F7200 X49.299 Y53.09
G1 F1800 X48.964 Y53.425 E159.34966
G0 F7200 X48.86 Y52.963
G1 F1800 X48.371 Y53.452 E159.36691
G0 F7200 X48.479 Y52.778
G1 F1800 X47.363 Y53.895 E159.4063
G0 F7200 X47.043 Y53.649
G1 F1800 X48.136 Y52.556 E159.44486
G0 F7200 X47.822 Y52.304
G1 F1800 X46.649 Y53.478 E159.48626
G0 F7200 X46.136 Y53.425
G1 F1800 X47.554 Y52.006 E159.5363
G0 F7200 X47.311 Y51.684
G1 F1800 X45.384 Y53.611 E159.60428
G1 X45.314 Y53.681
G0 F7200 X44.722 Y54.273
G1 F1800 X43.181 Y55.814 E159.65864
G0 F7200 X43.181 Y56.38
G1 F1800 X44.528 Y55.033 E159.70616
G0 F7200 X44.592 Y55.535
G1 F1800 X43.306 Y56.82 E159.75151
G0 F7200 X43.872 Y56.82
G1 F1800 X44.758 Y55.934 E159.78277
G0 F7200 X45.013 Y56.245
G1 F1800 X44.437 Y56.82 E159.80307
G0 F7200 X45.003 Y56.82
G1 F1800 X45.326 Y56.497 E159.81447
G0 F7200 X45.569 Y56.82
G1 F1800 X45.71 Y56.679 E159.81944
G0 F7200 X43.181 Y55.248
G1 F1800 X47.117 Y51.313 E159.95827
G0 F7200 X46.956 Y50.907
G1 F1800 X43.181 Y54.683 E160.09147
G0 F7200 X43.181 Y54.117
G1 F1800 X45.338 Y51.96 E160.16756
G0 F7200 X44.726 Y52.006
G1 F1800 X43.181 Y53.551 E160.22206
G0 F7200 X43.181 Y52.986
G1 F1800 X44.259 Y51.907 E160.26011
G0 F7200 X43.888 Y51.713
G1 F1800 X43.182 Y52.419 E160.28502
G0 F7200 X43.182 Y51.854
G1 F1800 X43.561 Y51.475 E160.29839
G0 F7200 X43.288 Y51.182
G1 F1800 X43.182 Y51.288 E160.30213
G0 F7200 X43.18 Y48.461
G1 F1800 X45.772 Y45.869 E160.39357
G0 F7200 X46.015 Y46.192
G1 F1800 X44.011 Y48.196 E160.46426
G0 F7200 X44.767 Y48.005
G1 F1800 X46.323 Y46.449 E160.51915
G0 F7200 X46.674 Y46.664
G1 F1800 X45.307 Y48.031 E160.56738
G0 F7200 X45.753 Y48.151
G1 F1800 X47.108 Y46.796 E160.61518
G0 F7200 X47.633 Y46.837
G1 F1800 X46.088 Y48.382 E160.66968
G0 F7200 X46.406 Y48.629
G1 F1800 X48.5 Y46.535 E160.74356
G0 F7200 X49.051 Y45.984
G1 F1800 X51.855 Y43.18 E160.84248
G0 F7200 X52.421 Y43.18
G1 F1800 X48.244 Y47.356 E160.98981
G1 X48.174 Y47.426
G0 F7200 X49.249 Y46.917
G1 F1800 X52.986 Y43.18 E161.12165
G0 F7200 X53.552 Y43.18
G1 F1800 X49.901 Y46.831 E161.25044
G0 F7200 X50.437 Y46.861
G1 F1800 X54.118 Y43.18 E161.3803
G0 F7200 X54.683 Y43.18
G1 F1800 X50.907 Y46.957 E161.51353
G0 F7200 X51.314 Y47.115
G1 F1800 X55.249 Y43.18 E161.65235
G0 F7200 X55.815 Y43.18
G1 F1800 X53.425 Y45.569 E161.73664
G0 F7200 X54.006 Y45.555
G1 F1800 X56.38 Y43.18 E161.82041
G0 F7200 X56.82 Y43.306
G1 F1800 X54.469 Y45.657 E161.90335
G0 F7200 X54.844 Y45.848
G1 F1800 X56.82 Y43.872 E161.97305
G0 F7200 X56.82 Y44.437
G1 F1800 X55.164 Y46.093 E162.03147
G0 F7200 X55.417 Y46.407
G1 F1800 X56.82 Y45.003 E162.08099
G0 F7200 X56.82 Y45.569
G1 F1800 X55.606 Y46.783 E162.12381
G0 F7200 X55.712 Y47.243
G1 F1800 X56.82 Y46.134 E162.16292
G0 F7200 X56.82 Y46.7
G1 F1800 X55.689 Y47.832 E162.20284
G0 F7200 X55.928 Y48.158
G1 F1800 X56.82 Y47.266 E162.2343
G0 F7200 X56.82 Y47.832
G1 F1800 X56.275 Y48.377 E162.25353
G0 F7200 X56.574 Y48.643
G1 F1800 X56.82 Y48.397 E162.26221
G0 F7200 X55.088 Y46.467
G0 X53.901 Y45.852
G0 X53.008 Y46.063
G0 X51.897 Y47.098
G1 F1800 X51.689 Y47.306 E162.26955
G0 F7200 X49.367 Y45.103
G1 F1800 X51.289 Y43.18 E162.33737
G0 F7200 X50.724 Y43.18
G1 F1800 X49.338 Y44.566 E162.38626
G0 F7200 X49.205 Y44.133
G1 F1800 X50.158 Y43.18 E162.41988
G0 F7200 X49.592 Y43.18
G1 F1800 X48.996 Y43.776 E162.44091
G0 F7200 X48.723 Y43.484
G1 F1800 X49.027 Y43.18 E162.45163
G0 F7200 X48.461 Y43.18
G1 F1800 X48.393 Y43.248 E162.45403
G0 F7200 X46.198 Y43.18
G1 F1800 X43.18 Y46.198 E162.5605
G0 F7200 X43.18 Y46.764
G1 F1800 X45.642 Y44.302 E162.64735
G0 F7200 X45.557 Y44.952
G1 F1800 X43.18 Y47.329 E162.73121
G0 F7200 X43.18 Y47.895
G1 F1800 X45.627 Y45.449 E162.81751
G1 X45.697 Y45.379
G0 F7200 X45.632 Y43.18
G1 F1800 X43.18 Y45.632 E162.90402
G0 F7200 X43.18 Y45.067
G1 F1800 X45.067 Y43.18 E162.97058
G0 F7200 X44.501 Y43.18
G1 F1800 X43.18 Y44.501 E163.01719
G0 F7200 X43.18 Y43.935
G1 F1800 X43.935 Y43.18 E163.04382
G0 F7200 X43.37 Y43.18
G1 F1800 X43.18 Y43.37 E163.05052
G0 F7200 X47.334 Y48.267
G1 F1800 X46.631 Y48.97 E163.07532
G0 F7200 X46.912 Y49.254
G1 F1800 X46.82 Y49.347 E163.07859
G0 F7200 X46.85 Y49.369
;MESH:NONMESH
G0 F600 Z0.9
G0 F7200 X48.34 Y46.322
G0 X48.142 Y46.082
;TIME_ELAPSED:158.450330
;LAYER:4
;TYPE:WALL-INNER
;MESH:cherry_mx_socket_fix-pins_led_diode.stl
G1 F4800 X47.984 Y46.16 E163.08298
G1 X47.535 Y46.266 E163.09449
G1 X47.072 Y46.214 E163.10611
G1 X46.761 Y46.077 E163.11459
G1 X46.479 Y45.845 E163.1237
G1 X46.28 Y45.583 E163.13191
G1 X46.129 Y45.144 E163.14349
G1 X46.142 Y44.631 E163.15629
G1 X46.362 Y44.141 E163.16969
G1 X46.513 Y43.958 E163.17561
G1 X46.876 Y43.704 E163.18666
G1 X47.208 Y43.593 E163.19539
G1 X47.48 Y43.568 E163.2022
G1 X47.946 Y43.665 E163.21408
G1 X48.183 Y43.785 E163.2207
G1 X48.434 Y43.993 E163.22883
G1 X48.595 Y44.199 E163.23536
G1 X48.735 Y44.495 E163.24352
G1 X48.792 Y44.752 E163.25009
G1 X48.753 Y45.299 E163.26377
G1 X48.52 Y45.757 E163.27659
G1 X48.142 Y46.082 E163.28902
G0 F7200 X48.34 Y46.322
G0 X46.494 Y50.678
G0 X45.516 Y51.653
G0 X45.452 Y51.347
G1 F4800 X45.031 Y51.439 E163.29977
G1 X44.836 Y51.443 E163.30464
G1 X44.453 Y51.364 E163.31439
G1 X44.249 Y51.28 E163.3199
G1 X43.863 Y50.983 E163.33205
G1 X43.655 Y50.699 E163.34083
G1 X43.552 Y50.466 E163.34718
G1 X43.468 Y49.996 E163.35909
G1 X43.552 Y49.531 E163.37088
G1 X43.784 Y49.101 E163.38307
G1 X44.217 Y48.735 E163.39721
G1 X44.45 Y48.632 E163.40357
G1 X44.991 Y48.552 E163.41721
G1 X45.478 Y48.659 E163.42965
G1 X45.879 Y48.912 E163.44147
G1 X46.251 Y49.394 E163.45666
G1 X46.366 Y49.939 E163.47056
G1 X46.284 Y50.466 E163.48386
G1 X46.222 Y50.636 E163.48837
G1 X45.927 Y51.034 E163.50073
G1 X45.452 Y51.347 E163.51492
G0 F7200 X45.516 Y51.653
G0 X44.823 Y55.08
G0 X45.152 Y55.963
G0 X45.939 Y56.419
G0 X47.001 Y56.223
G0 X46.808 Y55.983
G1 F4800 X46.396 Y56.16 E163.52611
G1 X46.088 Y56.168 E163.53379
G1 X45.764 Y56.092 E163.5421
G1 X45.578 Y55.987 E163.54742
G1 X45.289 Y55.709 E163.55743
G1 X45.178 Y55.517 E163.56296
G1 X45.088 Y55.08 E163.57409
G1 X45.139 Y54.762 E163.58212
G1 X45.218 Y54.563 E163.58746
G1 X45.402 Y54.314 E163.59519
G1 X45.66 Y54.116 E163.6033
G1 X45.957 Y54.002 E163.61124
G1 X46.41 Y53.999 E163.62254
G1 X46.69 Y54.1 E163.62996
G1 X47.018 Y54.357 E163.64036
G1 X47.158 Y54.563 E163.64657
G1 F4848.5 X47.233 Y54.763 E163.65184
G1 F5026.2 X47.272 Y55.131 E163.66066
G1 F4974.1 X47.158 Y55.593 E163.67211
G1 F4800 X47.022 Y55.794 E163.67817
G1 X46.808 Y55.983 E163.68529
G0 F7200 X47.001 Y56.223
G0 X48.479 Y56.419
G0 X49.541 Y56.223
G0 X49.348 Y55.983
G1 F4800 X48.936 Y56.16 E163.69648
G1 X48.628 Y56.168 E163.70416
G1 X48.304 Y56.092 E163.71246
G1 X47.894 Y55.794 E163.72511
G1 X47.758 Y55.593 E163.73116
G1 F4974.1 X47.644 Y55.131 E163.74262
G1 F5026.2 X47.683 Y54.763 E163.75143
G1 F4848.5 X47.758 Y54.563 E163.75671
G1 F4800 X47.898 Y54.357 E163.76292
G1 X48.179 Y54.129 E163.77195
G1 X48.499 Y54.001 E163.78054
G1 X48.89 Y53.99 E163.7903
G1 X49.175 Y54.076 E163.79773
G1 X49.558 Y54.357 E163.80958
G1 X49.698 Y54.563 E163.81579
G1 F4848.5 X49.773 Y54.763 E163.82106
G1 F5026.2 X49.812 Y55.131 E163.82988
G1 F4974.1 X49.698 Y55.593 E163.84133
G1 F4800 X49.562 Y55.794 E163.84739
G1 X49.348 Y55.983 E163.85451
G0 F7200 X49.541 Y56.223
G0 X51.019 Y56.419
G0 X52.081 Y56.223
G0 X51.888 Y55.983
G1 F4800 X51.476 Y56.16 E163.8657
G1 X51.168 Y56.168 E163.87338
G1 X50.844 Y56.092 E163.88168
G1 X50.434 Y55.794 E163.89433
G1 X50.298 Y55.593 E163.90038
G1 F4974.1 X50.184 Y55.131 E163.91184
G1 F5026.2 X50.223 Y54.763 E163.92065
G1 F4848.5 X50.298 Y54.563 E163.92593
G1 F4800 X50.438 Y54.357 E163.93214
G1 X50.751 Y54.11 E163.94209
G1 X51.024 Y54.005 E163.94938
G1 X51.372 Y53.988 E163.95807
G1 X51.568 Y54.02 E163.96303
G1 X51.822 Y54.129 E163.96992
G1 X52.098 Y54.357 E163.97885
G1 X52.238 Y54.563 E163.98507
G1 F4848.5 X52.313 Y54.763 E163.99034
G1 F5026.2 X52.352 Y55.131 E163.99916
G1 F4974.1 X52.238 Y55.593 E164.01061
G1 F4800 X52.102 Y55.794 E164.01667
G1 X51.888 Y55.983 E164.02379
G0 F7200 X52.081 Y56.223
G0 X53.559 Y56.419
G0 X54.621 Y56.223
G0 X54.428 Y55.983
G1 F4800 X54.016 Y56.16 E164.03497
G1 X53.708 Y56.168 E164.04266
G1 X53.384 Y56.092 E164.05096
G1 X52.974 Y55.794 E164.0636
G1 X52.838 Y55.593 E164.06966
G1 F4974.1 X52.724 Y55.131 E164.08111
G1 F5026.2 X52.763 Y54.763 E164.08993
G1 F4848.5 X52.838 Y54.563 E164.0952
G1 F4800 X52.978 Y54.357 E164.10142
G1 X53.273 Y54.12 E164.11086
G1 X53.607 Y53.996 E164.11974
G1 X54.043 Y54.002 E164.13062
G1 X54.344 Y54.118 E164.13867
G1 X54.594 Y54.314 E164.14659
G1 X54.778 Y54.563 E164.15431
G1 X54.857 Y54.762 E164.15966
G1 X54.908 Y55.08 E164.16769
G1 X54.819 Y55.516 E164.17879
G1 X54.707 Y55.709 E164.18436
G1 X54.428 Y55.983 E164.19411
G0 F7200 X54.621 Y56.223
G0 X55.96 Y51.512
G0 X55.779 Y51.261
G1 F4800 X55.547 Y51.364 E164.20044
G1 X55.171 Y51.442 E164.21002
G1 X54.957 Y51.436 E164.21536
G1 X54.548 Y51.347 E164.2258
G1 X54.064 Y51.033 E164.2402
G1 X53.729 Y50.529 E164.25529
G1 X53.629 Y49.96 E164.2697
G1 X53.725 Y49.483 E164.28184
G1 X53.945 Y49.101 E164.29284
G1 F4549.8 X54.393 Y48.699 E164.30868
G1 X53.796 Y48.807 E164.32464
G1 F4800 X53.363 Y48.733 E164.3356
G1 X53.158 Y48.642 E164.3412
G1 F4146.9 X52.702 Y48.335 E164.35707
G1 F3671.1 X52.576 Y48.146 E164.36448
G1 F4173.9 X52.469 Y47.543 E164.38205
G1 F4800 X52.504 Y47.068 E164.39393
G1 X52.81 Y46.548 E164.40898
G1 X53.224 Y46.245 E164.42178
G1 X53.556 Y46.133 E164.43052
G1 X53.832 Y46.108 E164.43743
G1 X54.449 Y46.268 E164.45333
G1 X54.782 Y46.533 E164.46394
G1 X54.943 Y46.739 E164.47047
G1 X55.083 Y47.035 E164.47863
G1 X55.14 Y47.292 E164.4852
G1 X55.103 Y47.831 E164.49868
G1 X54.834 Y48.335 E164.51293
G1 F4444.4 X54.55 Y48.615 E164.52367
G1 X55.151 Y48.552 E164.53995
G1 F4800 X55.717 Y48.696 E164.55452
G1 X56.132 Y49.013 E164.56755
G1 X56.34 Y49.297 E164.57633
G1 X56.444 Y49.529 E164.58267
G1 X56.516 Y49.872 E164.59142
G1 X56.52 Y50.1 E164.5971
G1 X56.444 Y50.466 E164.60643
G1 X56.357 Y50.675 E164.61208
G1 X56.063 Y51.052 E164.624
G1 X55.779 Y51.261 E164.6328
G0 F7200 X55.959 Y51.513
G0 X55.08 Y51.718
G0 X53.918 Y51.259
G0 X53.362 Y50
G0 X53.66 Y49.057
G0 X54.393 Y48.699
G1 F4229.1 X54.55 Y48.615 E164.63784
G0 F7200 X55.194 Y48.283
G0 X56.242 Y48.74
G0 X56.77 Y49.867
G0 X57.09 Y57.12
G0 X57.4 Y57.4
G1 F4800 X57.4 Y42.6 E165.00703
G1 X42.6 Y42.6 E165.37621
G1 X42.6 Y57.4 E165.7454
G1 X57.4 Y57.4 E166.11459
G0 F7200 X57.12 Y57.12
G0 X54.848 Y54.197
G0 X51.088 Y52.692
G0 X50.946 Y52.417
G1 F4800 X50.392 Y52.569 E166.12892
G1 X50.035 Y52.596 E166.13785
G1 X49.47 Y52.544 E166.152
G1 X49.069 Y52.426 E166.16243
G1 X48.627 Y52.208 E166.17472
G1 X48.111 Y51.793 E166.19124
G1 X47.857 Y51.479 E166.20132
G1 X47.549 Y50.888 E166.21794
G1 X47.417 Y50.311 E166.23271
G1 X47.402 Y49.941 E166.24194
G1 X47.447 Y49.499 E166.25303
G1 X47.555 Y49.113 E166.26303
G1 X47.821 Y48.581 E166.27786
G1 X48.212 Y48.1 E166.29333
G1 X48.576 Y47.828 E166.30466
G1 X49.095 Y47.559 E166.31924
G1 X49.582 Y47.432 E166.3318
G1 X50.055 Y47.402 E166.34362
G1 X50.568 Y47.462 E166.3565
G1 X50.904 Y47.562 E166.36525
G1 X51.415 Y47.821 E166.37954
G1 F4465.1 X52.117 Y48.386 E166.4037
G1 F3894.5 X52.255 Y48.608 E166.41174
G1 F4146.9 X52.467 Y49.186 E166.42952
G1 F4800 X52.579 Y49.688 E166.44235
G1 X52.594 Y50.055 E166.45151
G1 X52.549 Y50.496 E166.46257
G1 X52.445 Y50.885 E166.47261
G1 X52.211 Y51.364 E166.48591
G1 X51.819 Y51.852 E166.50152
G1 X51.486 Y52.131 E166.51236
G1 X50.946 Y52.417 E166.5276
G0 F7200 X50.74 Y52.071
;TYPE:WALL-OUTER
G1 F2400 X50.315 Y52.177 E166.53853
G1 X49.98 Y52.196 E166.5469
G1 X49.551 Y52.152 E166.55766
G1 X49.275 Y52.078 E166.56479
G1 X48.873 Y51.889 E166.57587
G1 X48.409 Y51.52 E166.59066
G1 X48.204 Y51.273 E166.59866
G1 X47.921 Y50.731 E166.61392
G1 X47.821 Y50.324 E166.62437
G1 X47.8 Y49.98 E166.63297
G1 X47.842 Y49.561 E166.64347
G1 X47.934 Y49.243 E166.65173
G1 X48.119 Y48.851 E166.66254
G1 X48.476 Y48.409 E166.67672
G1 X48.723 Y48.207 E166.68467
G1 X49.25 Y47.927 E166.69956
G1 X49.676 Y47.821 E166.71051
G1 X50.016 Y47.8 E166.71901
G1 X50.446 Y47.844 E166.72979
G1 X50.758 Y47.935 E166.7379
G1 X51.146 Y48.12 E166.74862
G1 X51.587 Y48.476 E166.76276
G1 X51.8 Y48.738 E166.77118
G1 X52.064 Y49.239 E166.78531
G1 X52.175 Y49.676 E166.79656
G1 X52.196 Y50.016 E166.80505
G1 X52.15 Y50.456 E166.81609
G1 X52.078 Y50.724 E166.82301
G1 X51.876 Y51.146 E166.83468
G1 X51.491 Y51.616 E166.84984
G1 X51.264 Y51.799 E166.85711
G1 X50.74 Y52.071 E166.87184
G0 F7200 X50.546 Y52.119
G0 X50.712 Y52.811
G0 X54.461 Y53.885
G0 X55.072 Y54.569
G0 X55.072 Y55.591
G0 X54.461 Y56.275
G0 X51.805 Y56.382
G0 X51.566 Y55.714
G1 F2400 X51.407 Y55.766 E166.87601
G1 X51.168 Y55.768 E166.88197
G1 X50.974 Y55.714 E166.887
G1 X50.731 Y55.526 E166.89466
G1 X50.612 Y55.316 E166.90068
G1 X50.568 Y55.098 E166.90623
G1 X50.611 Y54.84 E166.91275
G1 X50.732 Y54.628 E166.91884
G1 X50.943 Y54.46 E166.92557
G1 X51.143 Y54.389 E166.93087
G1 X51.438 Y54.398 E166.93823
G1 X51.588 Y54.455 E166.94223
G1 X51.804 Y54.628 E166.94913
G1 X51.925 Y54.84 E166.95522
G1 X51.968 Y55.098 E166.96175
G1 X51.898 Y55.382 E166.96904
G1 X51.805 Y55.526 E166.97332
G1 X51.566 Y55.714 E166.98091
G0 F7200 X51.407 Y55.766
G0 X51.374 Y55.766
G0 X51.374 Y56.48
G0 X49.265 Y56.382
G0 X49.026 Y55.714
G1 F2400 X48.867 Y55.766 E166.98508
G1 X48.628 Y55.768 E166.99104
G1 X48.434 Y55.714 E166.99606
G1 X48.191 Y55.526 E167.00373
G1 X48.072 Y55.316 E167.00975
G1 X48.028 Y55.098 E167.0153
G1 X48.071 Y54.84 E167.02182
G1 X48.192 Y54.628 E167.02791
G1 X48.393 Y54.467 E167.03433
G1 X48.585 Y54.392 E167.03948
G1 X48.852 Y54.388 E167.04614
G1 X49.032 Y54.449 E167.05088
G1 X49.264 Y54.628 E167.05819
G1 X49.385 Y54.84 E167.06428
G1 X49.428 Y55.098 E167.0708
G1 X49.358 Y55.382 E167.0781
G1 X49.265 Y55.526 E167.08237
G1 X49.026 Y55.714 E167.08996
G0 F7200 X48.867 Y55.766
G0 X48.834 Y55.766
G0 X48.834 Y56.48
G0 X46.725 Y56.382
G0 X46.486 Y55.714
G1 F2400 X46.327 Y55.766 E167.09413
G1 X46.088 Y55.768 E167.10009
G1 X45.832 Y55.679 E167.10686
G1 X45.629 Y55.498 E167.11364
G1 X45.544 Y55.357 E167.11775
G1 X45.491 Y55.04 E167.12576
G1 X45.558 Y54.774 E167.13261
G1 X45.667 Y54.614 E167.13744
G1 X45.86 Y54.462 E167.14356
G1 X46.044 Y54.392 E167.14848
G1 X46.332 Y54.391 E167.15566
G1 X46.547 Y54.481 E167.16147
G1 X46.724 Y54.628 E167.16721
G1 X46.845 Y54.84 E167.1733
G1 X46.888 Y55.098 E167.17983
G1 X46.818 Y55.382 E167.18712
G1 X46.725 Y55.526 E167.1914
G1 X46.486 Y55.714 E167.19898
G0 F7200 X46.327 Y55.766
G0 X46.294 Y55.766
G0 X46.294 Y56.48
G0 X45.152 Y55.963
G0 X44.843 Y55.177
G0 X45.473 Y51.662
G0 X45.327 Y50.967
G1 F2400 X44.892 Y51.047 E167.21002
G1 X44.467 Y50.944 E167.22093
G1 X44.186 Y50.747 E167.22949
G1 X43.944 Y50.385 E167.24035
G1 X43.868 Y49.996 E167.25024
G1 X43.972 Y49.547 E167.26173
G1 X44.169 Y49.266 E167.27029
G1 X44.453 Y49.058 E167.27907
G1 X44.893 Y48.949 E167.29038
G1 X45.362 Y49.045 E167.30232
G1 X45.619 Y49.216 E167.31002
G1 X45.886 Y49.586 E167.32141
G1 X45.968 Y49.977 E167.33137
G1 X45.872 Y50.442 E167.34322
G1 X45.675 Y50.724 E167.3518
G1 X45.327 Y50.967 E167.36238
G0 F7200 X45.131 Y51.003
G0 X45.279 Y51.704
G0 X46.18 Y51.162
G0 X48.348 Y46.315
G0 X47.894 Y45.766
G1 F2400 X47.499 Y45.868 E167.37256
G1 X47.178 Y45.828 E167.38063
G1 X46.973 Y45.738 E167.38622
G1 X46.757 Y45.557 E167.39325
G1 X46.624 Y45.379 E167.39879
G1 X46.529 Y45.102 E167.40609
G1 X46.538 Y44.687 E167.41645
G1 X46.765 Y44.268 E167.42834
G1 X47.014 Y44.08 E167.43612
G1 X47.293 Y43.984 E167.44348
G1 X47.48 Y43.968 E167.44816
G1 X47.849 Y44.053 E167.45761
G1 X48.18 Y44.301 E167.46792
G1 X48.373 Y44.666 E167.47822
G1 X48.389 Y45.122 E167.4896
G1 X48.228 Y45.476 E167.49931
G1 X47.894 Y45.766 E167.51034
G0 F7200 X47.701 Y45.816
G0 X47.876 Y46.508
G0 X50.969 Y47.317
G0 X52.989 Y48.842
G0 X54.198 Y48.323
G1 F2400 X53.82 Y48.408 E167.52
G1 X53.561 Y48.375 E167.52652
G1 X53.34 Y48.286 E167.53246
G1 X53.085 Y48.075 E167.54072
G1 X52.974 Y47.916 E167.54555
G1 X52.875 Y47.634 E167.55301
G1 X52.891 Y47.216 E167.56344
G1 X53.099 Y46.825 E167.57449
G1 X53.362 Y46.62 E167.58281
G1 X53.641 Y46.524 E167.59017
G1 X53.832 Y46.508 E167.59495
G1 X54.249 Y46.614 E167.60568
G1 X54.528 Y46.841 E167.61466
G1 X54.721 Y47.206 E167.62496
G1 X54.737 Y47.659 E167.63626
G1 X54.545 Y48.059 E167.64733
G1 X54.198 Y48.323 E167.65821
G0 F7200 X54.003 Y48.366
G0 X53.66 Y49.057
G0 X53.362 Y50
G0 X53.918 Y51.259
G0 X55.012 Y51.704
G0 X55.959 Y51.513
G0 X55.543 Y50.938
G1 F2400 X55.111 Y51.046 E167.66932
G1 X54.673 Y50.967 E167.68042
G1 X54.378 Y50.781 E167.68912
G1 X54.109 Y50.406 E167.70063
G1 X54.028 Y50.014 E167.71061
G1 X54.108 Y49.598 E167.72118
G1 X54.321 Y49.273 E167.73087
G1 X54.674 Y49.028 E167.74159
G1 X55.104 Y48.949 E167.7525
G1 X55.5 Y49.034 E167.7626
G1 X55.81 Y49.249 E167.77201
G1 X56.052 Y49.611 E167.78288
G1 X56.126 Y50.031 E167.79351
G1 X56.023 Y50.455 E167.8044
G1 X55.827 Y50.73 E167.81282
G1 X55.543 Y50.938 E167.8216
G0 F7200 X55.349 Y50.986
G0 X55.497 Y51.691
G0 X55.177 Y55.08
G0 X54.615 Y56.229
G0 X54.17 Y55.677
G1 F2400 X53.947 Y55.766 E167.82759
G1 X53.708 Y55.768 E167.83355
G1 X53.514 Y55.714 E167.83858
G1 X53.271 Y55.526 E167.84624
G1 X53.152 Y55.316 E167.85226
G1 X53.108 Y55.098 E167.85781
G1 X53.151 Y54.84 E167.86434
G1 X53.272 Y54.628 E167.87042
G1 X53.477 Y54.464 E167.87697
G1 X53.674 Y54.39 E167.88222
G1 X53.934 Y54.389 E167.88871
G1 X54.142 Y54.463 E167.89422
G1 X54.329 Y54.614 E167.90021
G1 X54.465 Y54.84 E167.90679
G1 X54.506 Y55.115 E167.91373
G1 X54.452 Y55.356 E167.91989
G1 X54.367 Y55.498 E167.92402
G1 X54.17 Y55.677 E167.93066
G0 F7200 X53.985 Y55.751
G1 F1500 E161.43066
G0 F7200 X54.226 Y56.425
G0 X57.52 Y57.52
G0 X57.8 Y57.8
G1 F1500 E167.93066
G1 F2400 X57.8 Y42.2 E168.3198
G1 X42.2 Y42.2 E168.70894
G1 X42.2 Y57.8 E169.09809
G1 X57.8 Y57.8 E169.48723
G0 F7200 X57.8 Y57.6
G0 X57.12 Y57.12
G0 X52.823 Y49.597
G0 X52.347 Y48.379
G0 X48.738 Y43.927
G0 X47.535 Y43.087
;TYPE:SKIN
G1 F1152 X47.143 Y43.099 E169.50252
G0 F7200 X46.227 Y43.877
G0 X43.346 Y49.322
G0 X43.08 Y50.555
G1 F1295 X43.036 Y49.952 E169.52348
G0 F7200 X43.66 Y48.838
G0 X44.92 Y48.282
G0 X46.222 Y48.713
G1 F1800 X45.622 Y48.3 E169.54165
G1 X45.016 Y48.172 E169.5571
G1 X44.384 Y48.257 E169.57301
G1 X44.028 Y48.404 E169.58262
G1 X43.708 Y48.635 E169.59246
G1 X43.467 Y48.885 E169.60112
G1 X43.198 Y49.403 E169.61568
G1 F1578.9 X43.036 Y49.952 E169.63196
G1 X42.98 Y49.444 E169.64649
G1 F1800 X42.98 Y42.98 E169.80774
G1 X46.697 Y42.98 E169.90046
G1 F1390 X47.143 Y43.099 E169.91537
G1 X46.704 Y43.366 E169.93197
G1 F1800 X46.283 Y43.65 E169.94464
G1 X46.048 Y43.925 E169.95366
G1 X45.871 Y44.249 E169.96287
G1 X45.766 Y44.576 E169.97144
G1 X45.755 Y45.207 E169.98718
G1 X45.953 Y45.777 E170.00223
G1 X46.169 Y46.069 E170.01129
G1 X46.533 Y46.381 E170.02325
G1 X46.967 Y46.58 E170.03516
G1 X47.564 Y46.647 E170.05015
G1 X48.093 Y46.523 E170.0637
G1 X48.374 Y46.381 E170.07156
G1 X48.812 Y45.999 E170.08605
G1 X49.103 Y45.446 E170.10164
G1 X49.168 Y45.155 E170.10908
G1 X49.168 Y44.713 E170.1201
G1 X49.092 Y44.365 E170.12899
G1 X48.941 Y44.037 E170.138
G1 X48.697 Y43.723 E170.14792
G1 X48.43 Y43.491 E170.15674
G1 X48.078 Y43.308 E170.16664
G1 F1420.1 X47.535 Y43.087 E170.18517
G1 X48.056 Y42.98 E170.20199
G1 F1800 X57.02 Y42.98 E170.4256
G1 X57.02 Y49.033 E170.57659
G1 F1428.6 X56.916 Y49.436 E170.58967
G1 X56.438 Y48.785 E170.61506
G1 F1800 X56.181 Y48.545 E170.62383
G1 X55.809 Y48.318 E170.6347
G1 X55.337 Y48.204 E170.64681
G1 X55.451 Y47.984 E170.65299
G1 X55.519 Y47.688 E170.66057
G1 X55.516 Y47.248 E170.67154
G1 X55.44 Y46.908 E170.68024
G1 X55.263 Y46.537 E170.69049
G1 X55.055 Y46.269 E170.69895
G1 X54.637 Y45.939 E170.71224
G1 X54.414 Y45.843 E170.71829
G1 X53.867 Y45.731 E170.73222
G1 X53.485 Y45.758 E170.74177
G1 X53.101 Y45.881 E170.75183
G1 X52.828 Y46.034 E170.75964
G1 X52.535 Y46.281 E170.7692
G1 X52.212 Y46.813 E170.78472
G1 X52.134 Y47.032 E170.79052
G1 X52.088 Y47.519 E170.80273
G1 X52.128 Y47.91 E170.81253
G1 X51.535 Y47.433 E170.83151
G1 X50.967 Y47.177 E170.84706
G1 X50.547 Y47.068 E170.85788
G1 X50.027 Y47.02 E170.87091
G1 X49.516 Y47.056 E170.88368
G1 X48.972 Y47.198 E170.89771
G1 X48.391 Y47.494 E170.91397
G1 X47.939 Y47.829 E170.92801
G1 X47.463 Y48.424 E170.94702
G1 X47.203 Y48.961 E170.9619
G1 X47.068 Y49.447 E170.97448
G1 F1333.3 X46.882 Y49.893 E170.99076
G1 X46.653 Y49.468 E171.00701
G1 F1800 X46.599 Y49.285 E171.01177
G1 X46.222 Y48.713 E171.02886
G0 F7200 X46.882 Y49.893
G1 F1061.9 X46.882 Y49.94 E171.03085
G0 F7200 X47.651 Y51.619
G0 X48.505 Y52.432
G0 X49.436 Y52.796
G0 X50.402 Y52.823
G0 X55.779 Y51.569
G0 X56.918 Y50.552
G1 F1285.7 X56.962 Y49.996 E171.05033
G1 F1281.1 X56.916 Y49.436 E171.07002
G0 F7200 X56.654 Y50.678
G0 X55.779 Y51.569
G0 X54.402 Y51.574
G0 X53.588 Y50.804
G0 X52.99 Y49.63
G1 F1572.1 X52.805 Y48.902 E171.09147
G1 F1636.4 X53.171 Y49.1 E171.10289
G1 X53.455 Y49.151 E171.11081
G1 X53.341 Y49.365 E171.11746
G1 F1572.1 X53.268 Y49.628 E171.12526
G1 F1250 X53.105 Y49.937 E171.13781
G1 X52.99 Y49.63 E171.14958
G0 F7200 X53.105 Y49.937
G1 F1068.2 X53.107 Y50.072 E171.15526
G0 F7200 X52.432 Y51.495
G0 X51.036 Y52.79
G1 F1800 X51.714 Y52.433 E171.17437
G1 X52.082 Y52.121 E171.18641
G1 X52.49 Y51.617 E171.20258
G1 X52.79 Y51.041 E171.21878
G1 X52.907 Y50.628 E171.22949
G1 F1343.3 X53.107 Y50.072 E171.24924
G1 X53.357 Y50.61 E171.26907
G1 F1800 X53.441 Y50.822 E171.27476
G1 X53.788 Y51.3 E171.2895
G1 X54.383 Y51.685 E171.30717
G1 X54.916 Y51.812 E171.32084
G1 X55.235 Y51.813 E171.3288
G1 X55.623 Y51.737 E171.33866
G1 X55.967 Y51.587 E171.34802
G1 F1690.1 X56.308 Y51.343 E171.35916
G1 F1512.6 X56.92 Y50.561 E171.38864
G1 F1572.1 X57.014 Y50.918 E171.39918
G1 F1773.4 X57.02 Y57.02 E171.55368
G1 F1800 X54.541 Y57.02 E171.61552
G1 F1702.1 X54.12 Y56.997 E171.62664
G1 F1621.6 X53.614 Y56.999 E171.64065
G1 F1710.2 X53.216 Y57.02 E171.65112
G1 F1800 X52.007 Y57.02 E171.68128
G1 F1702.1 X51.58 Y56.997 E171.69256
G1 F1621.6 X51.074 Y56.999 E171.70657
G1 F1710.2 X50.676 Y57.02 E171.71703
G1 F1800 X49.467 Y57.02 E171.74719
G1 F1702.1 X49.04 Y56.997 E171.75847
G1 F1621.6 X48.534 Y56.999 E171.77248
G1 F1710.2 X48.136 Y57.02 E171.78295
G1 F1800 X46.927 Y57.02 E171.8131
G1 F1702.1 X46.5 Y56.997 E171.82438
G1 F1621.6 X45.991 Y56.999 E171.83848
G1 F1710.2 X45.588 Y57.02 E171.84907
G1 F1800 X42.98 Y57.02 E171.91413
G1 X42.98 Y50.955 E172.06542
G1 F1440 X43.08 Y50.555 E172.07828
G1 X43.553 Y51.206 E172.10337
G1 F1800 X43.831 Y51.458 E172.11273
G1 X44.327 Y51.718 E172.1267
G1 X44.816 Y51.821 E172.13917
G1 X45.098 Y51.813 E172.1462
G1 X45.571 Y51.705 E172.15831
G1 X46.181 Y51.32 E172.1763
G1 X46.553 Y50.823 E172.19179
G1 X46.681 Y50.371 E172.2035
G1 F1338.3 X46.882 Y49.94 E172.21946
G1 X47.036 Y50.391 E172.23545
G1 F1800 X47.202 Y51.04 E172.25216
G1 X47.534 Y51.673 E172.26999
G1 X47.89 Y52.097 E172.2838
G1 X48.433 Y52.535 E172.3012
G1 X48.895 Y52.764 E172.31407
G1 X49.408 Y52.916 E172.32741
G1 X49.98 Y52.972 E172.34175
G1 X50.47 Y52.942 E172.354
G1 X51.036 Y52.79 E172.36861
G0 F7200 X45.939 Y53.741
G0 X45.152 Y54.197
G0 X44.823 Y55.08
G0 X45.152 Y55.963
G0 X45.939 Y56.419
G0 X46.841 Y56.275
G0 X47.46 Y55.598
G0 X47.457 Y55.362
G1 F2117.6 X47.456 Y55.433 E172.37012
G0 F7200 X47.46 Y55.598
G0 X47.522 Y56.542
G1 F1295 X47.488 Y56.602 E172.37251
G1 X47.419 Y56.602 E172.3749
G1 X47.384 Y56.542 E172.37731
G1 X47.418 Y56.482 E172.3797
G1 X47.487 Y56.482 E172.3821
G1 X47.522 Y56.542 E172.3845
G0 F7200 X50.062 Y56.542
G1 F1295 X50.028 Y56.602 E172.3869
G1 X49.959 Y56.602 E172.38929
G1 X49.924 Y56.542 E172.3917
G1 X49.958 Y56.482 E172.39409
G1 X50.027 Y56.482 E172.39648
G1 X50.062 Y56.542 E172.39889
G0 F7200 X50 Y55.598
G0 X49.996 Y55.433
G1 F2117.6 X49.997 Y55.362 E172.40039
G0 F7200 X50 Y55.598
G0 X50.619 Y56.275
G0 X51.521 Y56.419
G0 X52.234 Y56.022
G0 X52.537 Y55.362
G1 F2117.6 X52.536 Y55.433 E172.4019
G0 F7200 X52.54 Y55.598
G0 X52.602 Y56.542
G1 F1295 X52.568 Y56.602 E172.40429
G1 X52.499 Y56.602 E172.40668
G1 X52.464 Y56.542 E172.40909
G1 X52.498 Y56.482 E172.41148
G1 X52.567 Y56.482 E172.41388
G1 X52.602 Y56.542 E172.41628
G0 F7200 X54.352 Y56.455
G1 F1782.2 X54.687 Y56.261 E172.42604
G1 F1800 X55.003 Y55.941 E172.43726
G1 X55.169 Y55.663 E172.44533
G1 X55.288 Y55.076 E172.46027
G1 X55.23 Y54.696 E172.46986
G1 X55.115 Y54.39 E172.47802
G1 X54.873 Y54.055 E172.48833
G1 X54.515 Y53.776 E172.49965
G1 X54.039 Y53.616 E172.51218
G1 X53.544 Y53.618 E172.52452
G1 X53.101 Y53.775 E172.53625
G1 X52.717 Y54.081 E172.5485
G1 X52.537 Y54.327 E172.5561
G1 X52.357 Y54.079 E172.56374
G1 X52.027 Y53.806 E172.57443
G1 X51.665 Y53.654 E172.58422
G1 X51.401 Y53.61 E172.5909
G1 X50.929 Y53.634 E172.60269
G1 X50.589 Y53.76 E172.61173
G1 X50.178 Y54.08 E172.62473
G1 X49.997 Y54.326 E172.63234
G1 X49.858 Y54.123 E172.63848
G1 X49.567 Y53.864 E172.6482
G1 X49.329 Y53.728 E172.65504
G1 X48.959 Y53.619 E172.66466
G1 X48.418 Y53.624 E172.67815
G1 X47.965 Y53.811 E172.69038
G1 X47.6 Y54.121 E172.70232
G1 X47.457 Y54.326 E172.70856
G1 X47.279 Y54.081 E172.71611
G1 X46.863 Y53.757 E172.72927
G1 X46.447 Y53.618 E172.74021
G1 X45.871 Y53.628 E172.75458
G1 X45.488 Y53.772 E172.76479
G1 X45.161 Y54.017 E172.77498
G1 X44.905 Y54.342 E172.7853
G1 X44.774 Y54.649 E172.79362
G1 X44.71 Y55.111 E172.80526
G1 X44.828 Y55.669 E172.81949
G1 X44.991 Y55.943 E172.82744
G1 X45.319 Y56.267 E172.83894
G1 X45.603 Y56.432 E172.84713
G1 F1710.2 X46.041 Y56.563 E172.85914
G1 F1621.6 X46.462 Y56.556 E172.8708
G1 F1702.1 X47.024 Y56.29 E172.8872
G1 F1800 X47.284 Y56.067 E172.89574
G1 X47.457 Y55.826 E172.90314
G1 X47.627 Y56.062 E172.9104
G1 X47.902 Y56.299 E172.91945
G1 X48.146 Y56.435 E172.92642
G1 F1710.2 X48.583 Y56.564 E172.93838
G1 F1621.6 X49.002 Y56.556 E172.94999
G1 F1702.1 X49.564 Y56.29 E172.96639
G1 F1800 X49.824 Y56.067 E172.97493
G1 X49.997 Y55.826 E172.98234
G1 X50.167 Y56.062 E172.98959
G1 X50.442 Y56.299 E172.99865
G1 X50.686 Y56.435 E173.00561
G1 F1710.2 X51.123 Y56.564 E173.01758
G1 F1621.6 X51.542 Y56.556 E173.02918
G1 F1702.1 X52.104 Y56.29 E173.04558
G1 F1800 X52.364 Y56.067 E173.05413
G1 X52.537 Y55.826 E173.06153
G1 X52.707 Y56.062 E173.06878
G1 X52.982 Y56.299 E173.07784
G1 X53.226 Y56.435 E173.08481
G1 F1710.2 X53.663 Y56.564 E173.09677
G1 F1621.6 X54.082 Y56.556 E173.10837
G1 F1682.2 X54.352 Y56.455 E173.11607
G0 F7200 X43.18 Y56.757
G1 F1800 X43.243 Y56.82 E173.11829
G0 F7200 X43.809 Y56.82
G1 F1800 X43.18 Y56.191 E173.14048
G0 F7200 X43.18 Y55.625
G1 F1800 X44.374 Y56.82 E173.18262
G0 F7200 X44.94 Y56.82
G1 F1800 X43.18 Y55.06 E173.24471
G0 F7200 X43.18 Y54.494
G1 F1800 X45.506 Y56.82 E173.32676
G1 X45.576 Y56.89
G0 F7200 X44.543 Y55.291
G1 F1800 X43.18 Y53.928 E173.37485
G0 F7200 X43.181 Y53.363
G1 F1800 X44.565 Y54.748 E173.42369
G0 F7200 X44.703 Y54.319
G1 F1800 X43.181 Y52.798 E173.47737
G0 F7200 X43.181 Y52.232
G1 F1800 X44.933 Y53.984 E173.53917
G0 F7200 X45.228 Y53.713
G1 F1800 X43.181 Y51.666 E173.61139
G0 F7200 X43.516 Y51.436
G1 F1800 X45.606 Y53.525 E173.6851
G0 F7200 X46.071 Y53.425
G1 F1800 X44.636 Y51.99 E173.73572
G0 F7200 X45.203 Y51.991
G1 F1800 X46.709 Y53.497 E173.78885
G1 X46.779 Y53.567
G0 F7200 X47.622 Y53.844
G1 F1800 X45.665 Y51.887 E173.85789
G0 F7200 X46.011 Y51.668
G1 F1800 X47.95 Y53.606 E173.92627
G0 F7200 X48.363 Y53.454
G1 F1800 X46.344 Y51.436 E173.99748
G0 F7200 X46.586 Y51.112
G1 F1800 X48.899 Y53.425 E174.07908
G0 F7200 X49.063 Y53.023
G1 F1800 X50.011 Y53.971 E174.11252
G0 F7200 X50.318 Y53.712
G1 F1800 X49.756 Y53.15 E174.13235
G0 F7200 X50.323 Y53.152
G1 F1800 X50.69 Y53.518 E174.14528
G0 F7200 X50.8 Y53.063
G1 F1800 X51.158 Y53.421 E174.15791
G0 F7200 X51.222 Y52.919
G1 F1800 X51.808 Y53.505 E174.17858
G1 X51.878 Y53.575
G0 F7200 X51.595 Y52.726
G1 F1800 X52.707 Y53.838 E174.21781
G0 F7200 X53.024 Y53.59
G1 F1800 X51.939 Y52.505 E174.25609
G0 F7200 X52.241 Y52.241
G1 F1800 X53.444 Y53.444 E174.29852
G0 F7200 X53.985 Y53.42
G1 F1800 X52.494 Y51.929 E174.35112
G0 F7200 X52.725 Y51.594
G1 F1800 X56.82 Y55.689 E174.49559
G0 F7200 X56.82 Y56.255
G1 F1800 X55.461 Y54.896 E174.54353
G0 F7200 X55.424 Y55.424
G1 F1800 X56.82 Y56.82 E174.59278
G0 F7200 X56.254 Y56.82
G1 F1800 X55.288 Y55.854 E174.62685
G0 F7200 X55.043 Y56.174
G1 F1800 X55.688 Y56.82 E174.64963
G0 F7200 X55.123 Y56.82
G1 F1800 X54.751 Y56.448 E174.66275
G0 F7200 X54.396 Y56.658
G1 F1800 X54.557 Y56.82 E174.66845
G0 F7200 X56.82 Y55.123
G1 F1800 X52.919 Y51.222 E174.80606
G0 F7200 X53.05 Y50.787
G1 F1800 X53.474 Y51.211 E174.82102
G0 F7200 X53.822 Y51.559
G1 F1800 X56.82 Y54.558 E174.9268
G0 F7200 X56.82 Y53.992
G1 F1800 X54.824 Y51.996 E174.99722
G0 F7200 X55.376 Y51.982
G1 F1800 X56.82 Y53.425 E175.04814
G0 F7200 X56.82 Y52.86
G1 F1800 X55.828 Y51.868 E175.08314
G0 F7200 X56.195 Y51.67
G1 F1800 X56.82 Y52.294 E175.10517
G0 F7200 X56.82 Y51.728
G1 F1800 X56.506 Y51.414 E175.11624
G0 F7200 X56.82 Y51.163
G1 F1800 X56.756 Y51.099 E175.1185
G0 F7200 X56.82 Y48.901
G1 F1800 X56.632 Y48.713 E175.12513
G0 F7200 X56.82 Y48.335
G1 F1800 X55.711 Y47.226 E175.16426
G0 F7200 X55.7 Y47.781
G1 F1800 X56.33 Y48.411 E175.18648
G1 X56.4 Y48.481
G0 F7200 X56.82 Y47.769
G1 F1800 X55.27 Y46.219 E175.24116
G0 F7200 X55.076 Y46.025
G1 F1800 X52.232 Y43.181 E175.34149
G0 F7200 X51.666 Y43.181
G1 F1800 X54.047 Y45.562 E175.42549
G0 F7200 X53.478 Y45.558
G1 F1800 X51.1 Y43.181 E175.50936
G0 F7200 X50.535 Y43.181
G1 F1800 X53.044 Y45.69 E175.59787
G0 F7200 X52.684 Y45.896
G1 F1800 X49.969 Y43.181 E175.69365
G0 F7200 X49.403 Y43.181
G1 F1800 X52.376 Y46.154 E175.79853
G0 F7200 X52.163 Y46.506
G1 F1800 X48.838 Y43.181 E175.91583
G1 X48.768 Y43.111
G0 F7200 X49.184 Y44.093
G1 F1800 X51.976 Y46.885 E176.01433
G0 F7200 X51.824 Y47.298
G1 F1800 X51.902 Y47.376 E176.01708
G1 X51.823 Y47.298
G1 X49.364 Y44.838 E176.10384
G0 F7200 X49.323 Y45.363
G1 F1800 X50.919 Y46.959 E176.16015
G0 F7200 X50.234 Y46.84
G1 F1800 X49.162 Y45.767 E176.19798
G0 F7200 X48.961 Y46.132
G1 F1800 X49.674 Y46.845 E176.22313
G0 F7200 X49.194 Y46.931
G1 F1800 X48.66 Y46.397 E176.24197
G0 F7200 X48.324 Y46.627
G1 F1800 X48.77 Y47.073 E176.25771
G0 F7200 X48.397 Y47.265
G1 F1800 X47.905 Y46.774 E176.27505
G0 F7200 X47.392 Y46.827
G1 F1800 X48.059 Y47.493 E176.29856
G0 F7200 X47.749 Y47.749
G1 F1800 X46.658 Y46.658 E176.33705
G1 X46.588 Y46.588
G0 F7200 X45.716 Y45.716
G1 F1800 X43.18 Y43.18 E176.42651
G0 F7200 X43.18 Y43.746
G1 F1800 X47.498 Y48.063 E176.57882
G0 F7200 X47.259 Y48.39
G1 F1800 X43.18 Y44.312 E176.7227
G0 F7200 X43.18 Y44.877
G1 F1800 X47.074 Y48.771 E176.86007
G0 F7200 X46.931 Y49.193
G1 F1800 X46.481 Y48.744 E176.87593
G0 F7200 X46.184 Y48.447
G1 F1800 X43.18 Y45.443 E176.98191
G0 F7200 X43.18 Y46.009
G1 F1800 X45.174 Y48.003 E177.05225
G0 F7200 X44.628 Y48.022
G1 F1800 X43.18 Y46.574 E177.10333
G0 F7200 X43.18 Y47.14
G1 F1800 X44.172 Y48.131 E177.13831
G0 F7200 X43.799 Y48.324
G1 F1800 X43.18 Y47.706 E177.16013
G0 F7200 X43.18 Y48.271
G1 F1800 X43.488 Y48.579 E177.17099
G0 F7200 X43.18 Y48.837
G1 F1800 X43.242 Y48.899 E177.17318
G0 F7200 X43.181 Y51.1
G1 F1800 X43.358 Y51.277 E177.17942
G0 F7200 X44.242 Y51.574
G0 X45.549 Y51.584
G0 X46.787 Y50.747
G1 F1800 X46.96 Y50.919 E177.18551
G0 F7200 X45.557 Y44.992
G1 F1800 X43.746 Y43.18 E177.24942
G0 F7200 X44.312 Y43.18
G1 F1800 X45.594 Y44.463 E177.29466
G0 F7200 X45.755 Y44.058
G1 F1800 X44.877 Y43.18 E177.32563
G0 F7200 X45.443 Y43.18
G1 F1800 X45.973 Y43.71 E177.34433
G0 F7200 X46.255 Y43.427
G1 F1800 X46.009 Y43.18 E177.35303
G0 F7200 X52.798 Y43.181
G1 F1800 X56.82 Y47.204 E177.49493
G0 F7200 X56.82 Y46.638
G1 F1800 X53.363 Y43.181 E177.61689
G0 F7200 X53.929 Y43.181
G1 F1800 X56.82 Y46.072 E177.71887
G0 F7200 X56.82 Y45.507
G1 F1800 X54.495 Y43.181 E177.80091
G0 F7200 X55.06 Y43.181
G1 F1800 X56.82 Y44.941 E177.863
G0 F7200 X56.82 Y44.375
G1 F1800 X55.626 Y43.181 E177.90512
G0 F7200 X56.192 Y43.181
G1 F1800 X56.82 Y43.81 E177.92729
G0 F7200 X56.82 Y43.244
G1 F1800 X56.757 Y43.181 E177.92952
G0 F7200 X56.757 Y43.21
;MESH:NONMESH
G0 F600 Z1.05
G0 F7200 X48.341 Y46.32
G0 X48.144 Y46.081
;TIME_ELAPSED:181.032735
;LAYER:5
;TYPE:WALL-INNER
;MESH:cherry_mx_socket_fix-pins_led_diode.stl
G1 F4800 X47.982 Y46.161 E177.93402
G1 X47.592 Y46.258 E177.94405
G1 X47.071 Y46.214 E177.95709
G1 X46.761 Y46.077 E177.96555
G1 X46.479 Y45.845 E177.97466
G1 X46.28 Y45.583 E177.98286
G1 X46.129 Y45.144 E177.99444
G1 X46.142 Y44.631 E178.00724
G1 X46.362 Y44.141 E178.02064
G1 X46.513 Y43.958 E178.02656
G1 X46.876 Y43.704 E178.03761
G1 X47.208 Y43.593 E178.04635
G1 X47.48 Y43.568 E178.05316
G1 X47.946 Y43.665 E178.06503
G1 X48.183 Y43.785 E178.07166
G1 X48.434 Y43.993 E178.07979
G1 X48.595 Y44.199 E178.08631
G1 X48.735 Y44.495 E178.09448
G1 X48.792 Y44.752 E178.10105
G1 X48.753 Y45.299 E178.11473
G1 X48.52 Y45.757 E178.12755
G1 X48.144 Y46.081 E178.13993
G0 F7200 X48.341 Y46.32
G0 X46.494 Y50.678
G0 X45.516 Y51.653
G0 X45.452 Y51.347
G1 F4800 X45.031 Y51.439 E178.15068
G1 X44.836 Y51.443 E178.15554
G1 X44.453 Y51.364 E178.1653
G1 X44.249 Y51.28 E178.1708
G1 X43.863 Y50.983 E178.18295
G1 X43.655 Y50.699 E178.19173
G1 X43.552 Y50.466 E178.19808
G1 X43.468 Y49.996 E178.20999
G1 X43.552 Y49.531 E178.22178
G1 X43.784 Y49.101 E178.23397
G1 X44.217 Y48.735 E178.24811
G1 X44.45 Y48.632 E178.25447
G1 X44.991 Y48.552 E178.26811
G1 X45.478 Y48.659 E178.28055
G1 X45.912 Y48.942 E178.29347
G1 X46.25 Y49.421 E178.3081
G1 X46.366 Y49.939 E178.32134
G1 X46.284 Y50.466 E178.33464
G1 X46.222 Y50.636 E178.33916
G1 X45.927 Y51.034 E178.35151
G1 X45.452 Y51.347 E178.3657
G0 F7200 X45.516 Y51.653
G0 X44.823 Y55.08
G0 X45.152 Y55.963
G0 X45.939 Y56.419
G0 X47.001 Y56.223
G0 X46.808 Y55.983
G1 F4800 X46.396 Y56.16 E178.37689
G1 X46.088 Y56.168 E178.38458
G1 X45.764 Y56.092 E178.39288
G1 X45.578 Y55.987 E178.39821
G1 X45.289 Y55.709 E178.40821
G1 X45.178 Y55.517 E178.41374
G1 X45.088 Y55.08 E178.42487
G1 X45.139 Y54.762 E178.4329
G1 X45.218 Y54.563 E178.43825
G1 X45.402 Y54.314 E178.44597
G1 X45.66 Y54.116 E178.45408
G1 X45.957 Y54.002 E178.46202
G1 X46.388 Y53.995 E178.47277
G1 X46.743 Y54.13 E178.48224
G1 X47.018 Y54.357 E178.49114
G1 X47.158 Y54.563 E178.49735
G1 F4848.5 X47.233 Y54.763 E178.50263
G1 F5026.2 X47.272 Y55.131 E178.51144
G1 F4974.1 X47.158 Y55.593 E178.5229
G1 F4800 X47.022 Y55.794 E178.52895
G1 X46.808 Y55.983 E178.53607
G0 F7200 X47.001 Y56.223
G0 X48.479 Y56.419
G0 X49.541 Y56.223
G0 X49.348 Y55.983
G1 F4800 X48.936 Y56.16 E178.54726
G1 X48.628 Y56.168 E178.55494
G1 X48.304 Y56.092 E178.56325
G1 X47.894 Y55.794 E178.57589
G1 X47.758 Y55.593 E178.58194
G1 F4974.1 X47.644 Y55.131 E178.5934
G1 F5026.2 X47.683 Y54.763 E178.60221
G1 F4848.5 X47.758 Y54.563 E178.60749
G1 F4800 X47.898 Y54.357 E178.6137
G1 X48.177 Y54.13 E178.62267
G1 X48.469 Y54.009 E178.63056
G1 X48.967 Y54.003 E178.64298
G1 X49.325 Y54.159 E178.65272
G1 X49.558 Y54.357 E178.66035
G1 X49.698 Y54.563 E178.66656
G1 F4848.5 X49.773 Y54.763 E178.67184
G1 F5026.2 X49.812 Y55.131 E178.68066
G1 F4974.1 X49.698 Y55.593 E178.69211
G1 F4800 X49.562 Y55.794 E178.69816
G1 X49.348 Y55.983 E178.70529
G0 F7200 X49.541 Y56.223
G0 X51.019 Y56.419
G0 X52.081 Y56.223
G0 X51.888 Y55.983
G1 F4800 X51.476 Y56.16 E178.71647
G1 X51.168 Y56.168 E178.72416
G1 X50.844 Y56.092 E178.73246
G1 X50.434 Y55.794 E178.7451
G1 X50.298 Y55.593 E178.75116
G1 F4974.1 X50.184 Y55.131 E178.76261
G1 F5026.2 X50.223 Y54.763 E178.77143
G1 F4848.5 X50.298 Y54.563 E178.7767
G1 F4800 X50.438 Y54.357 E178.78292
G1 X50.751 Y54.11 E178.79286
G1 X51.024 Y54.005 E178.80016
G1 X51.372 Y53.988 E178.80885
G1 X51.798 Y54.114 E178.81993
G1 X52.098 Y54.357 E178.82956
G1 X52.238 Y54.563 E178.83577
G1 F4848.5 X52.313 Y54.763 E178.84105
G1 F5026.2 X52.352 Y55.131 E178.84987
G1 F4974.1 X52.238 Y55.593 E178.86132
G1 F4800 X52.102 Y55.794 E178.86737
G1 X51.888 Y55.983 E178.8745
G0 F7200 X52.081 Y56.223
G0 X53.559 Y56.419
G0 X54.621 Y56.223
G0 X54.428 Y55.983
G1 F4800 X54.016 Y56.16 E178.88568
G1 X53.708 Y56.168 E178.89337
G1 X53.384 Y56.092 E178.90167
G1 X52.974 Y55.794 E178.91431
G1 X52.838 Y55.593 E178.92037
G1 F4974.1 X52.724 Y55.131 E178.93182
G1 F5026.2 X52.763 Y54.763 E178.94064
G1 F4848.5 X52.838 Y54.563 E178.94591
G1 F4800 X52.978 Y54.357 E178.95213
G1 X53.258 Y54.129 E178.96113
G1 X53.554 Y54.007 E178.96912
G1 X54.043 Y54.002 E178.98132
G1 X54.344 Y54.118 E178.98936
G1 X54.594 Y54.314 E178.99729
G1 X54.778 Y54.563 E179.00501
G1 X54.857 Y54.762 E179.01035
G1 X54.908 Y55.08 E179.01839
G1 X54.819 Y55.516 E179.02949
G1 X54.707 Y55.709 E179.03505
G1 X54.428 Y55.983 E179.04481
G0 F7200 X54.621 Y56.223
G0 X55.96 Y51.512
G0 X55.779 Y51.261
G1 F4800 X55.547 Y51.364 E179.05114
G1 X55.171 Y51.442 E179.06072
G1 X54.957 Y51.436 E179.06606
G1 X54.548 Y51.347 E179.0765
G1 X54.088 Y51.057 E179.09007
G1 X53.745 Y50.574 E179.10484
G1 X53.62 Y50.003 E179.11942
G1 X53.725 Y49.483 E179.13266
G1 X53.945 Y49.101 E179.14365
G1 F4549.8 X54.393 Y48.699 E179.15949
G1 X53.796 Y48.807 E179.17546
G1 F4800 X53.363 Y48.733 E179.18642
G1 X53.158 Y48.642 E179.19201
G1 F4155.8 X52.702 Y48.334 E179.20787
G1 F3650.2 X52.548 Y48.101 E179.21703
G1 F4146.9 X52.474 Y47.666 E179.22977
G1 F4800 X52.495 Y47.162 E179.24235
G1 X52.558 Y46.973 E179.24732
G1 X52.81 Y46.548 E179.25965
G1 X53.224 Y46.245 E179.27245
G1 X53.556 Y46.133 E179.28119
G1 X53.832 Y46.108 E179.2881
G1 X54.449 Y46.268 E179.304
G1 X54.782 Y46.533 E179.31462
G1 X54.943 Y46.739 E179.32114
G1 X55.083 Y47.035 E179.32931
G1 X55.14 Y47.292 E179.33587
G1 X55.103 Y47.831 E179.34935
G1 X54.834 Y48.335 E179.3636
G1 F4444.4 X54.55 Y48.615 E179.37434
G1 X55.151 Y48.552 E179.39062
G1 F4800 X55.717 Y48.696 E179.40519
G1 X56.132 Y49.013 E179.41822
G1 X56.34 Y49.297 E179.427
G1 X56.444 Y49.529 E179.43334
G1 X56.516 Y49.872 E179.44209
G1 X56.52 Y50.1 E179.44777
G1 X56.444 Y50.466 E179.4571
G1 X56.357 Y50.675 E179.46275
G1 X56.063 Y51.052 E179.47467
G1 X55.779 Y51.261 E179.48347
G0 F7200 X55.959 Y51.513
G0 X55.08 Y51.718
G0 X53.918 Y51.259
G0 X53.362 Y50
G0 X53.66 Y49.057
G0 X54.393 Y48.699
G1 F4229.1 X54.55 Y48.615 E179.48851
G0 F7200 X55.194 Y48.283
G0 X56.242 Y48.74
G0 X56.77 Y49.867
G0 X57.09 Y57.12
G0 X57.4 Y57.4
G1 F4800 X57.4 Y42.6 E179.8577
G1 X42.6 Y42.6 E180.22688
G1 X42.6 Y57.4 E180.59607
G1 X57.4 Y57.4 E180.96526
G0 F7200 X57.12 Y57.12
G0 X54.848 Y54.197
G0 X51.089 Y52.692
G0 X50.946 Y52.417
G1 F4800 X50.392 Y52.569 E180.97959
G1 X50.035 Y52.596 E180.98852
G1 X49.47 Y52.544 E181.00267
G1 X48.802 Y52.317 E181.02027
G1 X48.296 Y51.961 E181.03571
G1 X47.861 Y51.488 E181.05174
G1 X47.549 Y50.888 E181.06861
G1 X47.417 Y50.311 E181.08337
G1 X47.402 Y49.941 E181.09261
G1 X47.452 Y49.451 E181.1049
G1 X47.676 Y48.831 E181.12134
G1 X47.984 Y48.35 E181.13559
G1 X48.498 Y47.866 E181.1532
G1 X49.095 Y47.559 E181.16995
G1 X49.582 Y47.432 E181.1825
G1 X50.054 Y47.402 E181.1943
G1 X50.569 Y47.461 E181.20723
G1 X51.181 Y47.683 E181.22347
G1 X51.608 Y47.954 E181.23608
G1 F4146.9 X52.119 Y48.392 E181.25552
G1 F3650.2 X52.255 Y48.606 E181.26383
G1 F4155.8 X52.467 Y49.186 E181.28163
G1 F4800 X52.579 Y49.688 E181.29446
G1 X52.594 Y50.054 E181.30359
G1 X52.545 Y50.544 E181.31588
G1 X52.325 Y51.165 E181.33231
G1 X52.019 Y51.638 E181.34637
G1 X51.515 Y52.116 E181.36369
G1 X50.946 Y52.417 E181.37975
G0 F7200 X50.74 Y52.071
;TYPE:WALL-OUTER
G1 F2400 X50.315 Y52.177 E181.39068
G1 X49.98 Y52.196 E181.39905
G1 X49.551 Y52.152 E181.4098
G1 X48.965 Y51.943 E181.42532
G1 X48.604 Y51.703 E181.43614
G1 X48.191 Y51.254 E181.45136
G1 X47.921 Y50.731 E181.46604
G1 X47.821 Y50.324 E181.47649
G1 X47.8 Y49.98 E181.48509
G1 X47.842 Y49.561 E181.49559
G1 X48.041 Y48.994 E181.51058
G1 X48.29 Y48.607 E181.52206
G1 X48.716 Y48.209 E181.53661
G1 X49.25 Y47.927 E181.55167
G1 X49.676 Y47.821 E181.56262
G1 X50.016 Y47.8 E181.57112
G1 X50.45 Y47.844 E181.582
G1 X51.007 Y48.043 E181.59675
G1 X51.376 Y48.28 E181.60769
G1 X51.8 Y48.734 E181.62319
G1 X52.064 Y49.239 E181.6374
G1 X52.175 Y49.676 E181.64865
G1 X52.196 Y50.016 E181.65715
G1 X52.154 Y50.438 E181.66773
G1 X51.959 Y51.002 E181.68261
G1 X51.708 Y51.386 E181.69406
G1 X51.264 Y51.799 E181.70918
G1 X50.74 Y52.071 E181.72391
G0 F7200 X50.546 Y52.119
G0 X50.712 Y52.811
G0 X54.461 Y53.885
G0 X55.072 Y54.569
G0 X55.072 Y55.591
G0 X54.461 Y56.275
G0 X51.805 Y56.382
G0 X51.566 Y55.714
G1 F2400 X51.407 Y55.766 E181.72808
G1 X51.168 Y55.768 E181.73405
G1 X50.974 Y55.714 E181.73907
G1 X50.731 Y55.526 E181.74673
G1 X50.612 Y55.316 E181.75276
G1 X50.568 Y55.098 E181.7583
G1 X50.611 Y54.84 E181.76483
G1 X50.732 Y54.628 E181.77092
G1 X50.943 Y54.46 E181.77764
G1 X51.143 Y54.389 E181.78294
G1 X51.438 Y54.398 E181.7903
G1 X51.608 Y54.467 E181.79488
G1 X51.804 Y54.628 E181.8012
G1 X51.925 Y54.84 E181.80729
G1 X51.968 Y55.098 E181.81382
G1 X51.898 Y55.382 E181.82111
G1 X51.805 Y55.526 E181.82539
G1 X51.566 Y55.714 E181.83298
G0 F7200 X51.407 Y55.766
G0 X51.374 Y55.766
G0 X51.374 Y56.48
G0 X49.265 Y56.382
G0 X49.026 Y55.714
G1 F2400 X48.867 Y55.766 E181.83715
G1 X48.628 Y55.768 E181.84311
G1 X48.434 Y55.714 E181.84813
G1 X48.191 Y55.526 E181.8558
G1 X48.072 Y55.316 E181.86182
G1 X48.028 Y55.098 E181.86737
G1 X48.071 Y54.84 E181.87389
G1 X48.192 Y54.628 E181.87998
G1 X48.392 Y54.467 E181.88639
G1 X48.575 Y54.395 E181.89129
G1 X48.877 Y54.393 E181.89883
G1 X49.087 Y54.481 E181.9045
G1 X49.264 Y54.628 E181.91024
G1 X49.385 Y54.84 E181.91633
G1 X49.428 Y55.098 E181.92286
G1 X49.358 Y55.382 E181.93015
G1 X49.265 Y55.526 E181.93443
G1 X49.026 Y55.714 E181.94202
G0 F7200 X48.867 Y55.766
G0 X48.834 Y55.766
G0 X48.834 Y56.48
G0 X46.725 Y56.382
G0 X46.486 Y55.714
G1 F2400 X46.327 Y55.766 E181.94619
G1 X46.088 Y55.768 E181.95215
G1 X45.832 Y55.679 E181.95891
G1 X45.629 Y55.498 E181.9657
G1 X45.544 Y55.357 E181.9698
G1 X45.491 Y55.115 E181.97598
G1 X45.531 Y54.84 E181.98292
G1 X45.667 Y54.614 E181.98949
G1 X45.86 Y54.462 E181.99562
G1 X46.044 Y54.392 E182.00053
G1 X46.345 Y54.394 E182.00804
G1 X46.528 Y54.467 E182.01296
G1 X46.724 Y54.628 E182.01928
G1 X46.845 Y54.84 E182.02537
G1 X46.888 Y55.098 E182.0319
G1 X46.818 Y55.382 E182.03919
G1 X46.725 Y55.526 E182.04347
G1 X46.486 Y55.714 E182.05106
G0 F7200 X46.327 Y55.766
G0 X46.294 Y55.766
G0 X46.294 Y56.48
G0 X45.152 Y55.963
G0 X44.843 Y55.177
G0 X45.473 Y51.662
G0 X45.327 Y50.967
G1 F2400 X44.892 Y51.047 E182.06209
G1 X44.467 Y50.944 E182.073
G1 X44.186 Y50.747 E182.08156
G1 X43.944 Y50.385 E182.09242
G1 X43.868 Y49.996 E182.10231
G1 X43.972 Y49.547 E182.1138
G1 X44.169 Y49.266 E182.12236
G1 X44.453 Y49.058 E182.13115
G1 X44.893 Y48.949 E182.14245
G1 X45.362 Y49.045 E182.1544
G1 X45.65 Y49.249 E182.1632
G1 X45.881 Y49.575 E182.17317
G1 X45.968 Y49.977 E182.18343
G1 X45.872 Y50.442 E182.19527
G1 X45.675 Y50.724 E182.20385
G1 X45.327 Y50.967 E182.21444
G0 F7200 X45.131 Y51.003
G0 X45.279 Y51.704
G0 X46.18 Y51.162
G0 X48.367 Y46.299
G0 X47.915 Y45.753
G1 F2400 X47.518 Y45.865 E182.22473
G1 X47.178 Y45.828 E182.23326
G1 X46.973 Y45.738 E182.23885
G1 X46.757 Y45.557 E182.24587
G1 X46.624 Y45.379 E182.25142
G1 X46.529 Y45.102 E182.25872
G1 X46.538 Y44.687 E182.26908
G1 X46.765 Y44.268 E182.28096
G1 X47.014 Y44.08 E182.28875
G1 X47.293 Y43.984 E182.29611
G1 X47.48 Y43.968 E182.30079
G1 X47.849 Y44.053 E182.31024
G1 X48.18 Y44.301 E182.32055
G1 X48.373 Y44.666 E182.33085
G1 X48.389 Y45.122 E182.34223
G1 X48.228 Y45.476 E182.35193
G1 X47.915 Y45.753 E182.36236
G0 F7200 X47.723 Y45.807
G0 X47.898 Y46.502
G0 X50.596 Y47.207
G0 X51.813 Y47.795
G0 X52.989 Y48.842
G0 X54.198 Y48.323
G1 F2400 X53.82 Y48.408 E182.37203
G1 X53.561 Y48.375 E182.37854
G1 X53.34 Y48.286 E182.38448
G1 X53.08 Y48.068 E182.39295
G1 X52.958 Y47.881 E182.39852
G1 X52.868 Y47.567 E182.40666
G1 X52.902 Y47.18 E182.41635
G1 X53.099 Y46.825 E182.42648
G1 X53.362 Y46.62 E182.4348
G1 X53.641 Y46.524 E182.44216
G1 X53.832 Y46.508 E182.44694
G1 X54.249 Y46.614 E182.45767
G1 X54.528 Y46.841 E182.46665
G1 X54.721 Y47.206 E182.47695
G1 X54.737 Y47.659 E182.48825
G1 X54.545 Y48.059 E182.49932
G1 X54.198 Y48.323 E182.5102
G0 F7200 X54.003 Y48.366
G0 X53.66 Y49.057
G0 X53.362 Y50
G0 X53.918 Y51.259
G0 X55.012 Y51.704
G0 X55.959 Y51.513
G0 X55.543 Y50.938
G1 F2400 X55.111 Y51.046 E182.52131
G1 X54.673 Y50.967 E182.53241
G1 X54.346 Y50.747 E182.54224
G1 X54.115 Y50.421 E182.55221
G1 X54.028 Y50.014 E182.56259
G1 X54.108 Y49.598 E182.57316
G1 X54.321 Y49.273 E182.58285
G1 X54.674 Y49.028 E182.59357
G1 X55.104 Y48.949 E182.60447
G1 X55.5 Y49.034 E182.61458
G1 X55.81 Y49.249 E182.62399
G1 X56.052 Y49.611 E182.63485
G1 X56.126 Y50.031 E182.64549
G1 X56.023 Y50.455 E182.65637
G1 X55.827 Y50.73 E182.6648
G1 X55.543 Y50.938 E182.67358
G0 F7200 X55.349 Y50.986
G0 X55.497 Y51.691
G0 X55.177 Y55.08
G0 X54.615 Y56.229
G0 X54.17 Y55.677
G1 F2400 X53.947 Y55.766 E182.67957
G1 X53.708 Y55.768 E182.68553
G1 X53.514 Y55.714 E182.69055
G1 X53.271 Y55.526 E182.69822
G1 X53.152 Y55.316 E182.70424
G1 X53.108 Y55.098 E182.70978
G1 X53.151 Y54.84 E182.71631
G1 X53.272 Y54.628 E182.7224
G1 X53.472 Y54.467 E182.7288
G1 X53.656 Y54.394 E182.73374
G1 X53.934 Y54.389 E182.74068
G1 X54.142 Y54.463 E182.74618
G1 X54.329 Y54.614 E182.75218
G1 X54.465 Y54.84 E182.75876
G1 X54.506 Y55.115 E182.7657
G1 X54.452 Y55.356 E182.77186
G1 X54.367 Y55.498 E182.77598
G1 X54.17 Y55.677 E182.78262
G0 F7200 X53.985 Y55.751
G1 F1500 E176.28262
G0 F7200 X54.226 Y56.425
G0 X57.52 Y57.52
G0 X57.8 Y57.8
G1 F1500 E182.78262
G1 F2400 X57.8 Y42.2 E183.17177
G1 X42.2 Y42.2 E183.56091
G1 X42.2 Y57.8 E183.95005
G1 X57.8 Y57.8 E184.3392
G0 F7200 X57.8 Y57.6
G0 X57.12 Y57.12
G0 X52.823 Y49.597
G0 X52.333 Y48.351
G0 X48.738 Y43.927
G0 X47.535 Y43.087
;TYPE:SKIN
G1 F1152 X47.143 Y43.099 E184.35448
G0 F7200 X46.227 Y43.877
G0 X43.346 Y49.322
G0 X43.08 Y50.555
G1 F1295 X43.036 Y49.952 E184.37545
G0 F7200 X43.66 Y48.838
G0 X44.92 Y48.282
G0 X46.179 Y48.663
G1 F1800 X45.617 Y48.303 E184.3921
G1 X45.016 Y48.172 E184.40744
G1 X44.384 Y48.257 E184.42335
G1 X44.028 Y48.404 E184.43296
G1 X43.708 Y48.635 E184.4428
G1 X43.467 Y48.885 E184.45146
G1 X43.198 Y49.403 E184.46602
G1 F1578.9 X43.036 Y49.952 E184.4823
G1 X42.98 Y49.444 E184.49683
G1 F1800 X42.98 Y42.98 E184.65808
G1 X46.697 Y42.98 E184.7508
G1 F1390 X47.143 Y43.099 E184.76571
G1 X46.704 Y43.366 E184.78231
G1 F1800 X46.283 Y43.65 E184.79498
G1 X46.048 Y43.925 E184.804
G1 X45.871 Y44.249 E184.81321
G1 X45.766 Y44.576 E184.82178
G1 X45.755 Y45.207 E184.83752
G1 X45.953 Y45.777 E184.85257
G1 X46.171 Y46.07 E184.86168
G1 X46.534 Y46.381 E184.87361
G1 X46.954 Y46.573 E184.88513
G1 X47.383 Y46.641 E184.89596
G1 X47.677 Y46.627 E184.9033
G1 X48.077 Y46.527 E184.91359
G1 X48.378 Y46.381 E184.92193
G1 X48.812 Y45.999 E184.93636
G1 X49.1 Y45.444 E184.95196
G1 X49.168 Y45.155 E184.95936
G1 X49.168 Y44.713 E184.97039
G1 X49.092 Y44.365 E184.97927
G1 X48.941 Y44.037 E184.98828
G1 X48.697 Y43.723 E184.9982
G1 X48.43 Y43.491 E185.00702
G1 X48.078 Y43.308 E185.01692
G1 F1420.1 X47.535 Y43.087 E185.03546
G1 X48.056 Y42.98 E185.05227
G1 F1800 X57.02 Y42.98 E185.27588
G1 X57.02 Y49.033 E185.42687
G1 F1428.6 X56.916 Y49.436 E185.43995
G1 X56.438 Y48.785 E185.46534
G1 F1800 X56.181 Y48.545 E185.47411
G1 X55.809 Y48.318 E185.48498
G1 X55.337 Y48.204 E185.49709
G1 X55.451 Y47.984 E185.50327
G1 X55.519 Y47.688 E185.51085
G1 X55.516 Y47.248 E185.52183
G1 X55.44 Y46.908 E185.53052
G1 X55.263 Y46.537 E185.54077
G1 X55.055 Y46.269 E185.54923
G1 X54.637 Y45.939 E185.56252
G1 X54.414 Y45.843 E185.56858
G1 X53.867 Y45.731 E185.5825
G1 X53.485 Y45.758 E185.59206
G1 X53.098 Y45.881 E185.60219
G1 X52.829 Y46.036 E185.60993
G1 X52.438 Y46.406 E185.62336
G1 X52.172 Y46.899 E185.63733
G1 X52.089 Y47.501 E185.65249
G1 X52.109 Y47.894 E185.66231
G1 X51.816 Y47.635 E185.67206
G1 X51.353 Y47.34 E185.68576
G1 X50.645 Y47.082 E185.70455
G1 X50.028 Y47.02 E185.72002
G1 X49.516 Y47.056 E185.73283
G1 X48.935 Y47.212 E185.74783
G1 X48.273 Y47.552 E185.7664
G1 X47.706 Y48.09 E185.7859
G1 X47.349 Y48.62 E185.80184
G1 X47.088 Y49.332 E185.82075
G1 X47.072 Y49.395 E185.82237
G1 F1333.3 X46.882 Y49.894 E185.84035
G1 X46.635 Y49.422 E185.85829
G1 F1800 X46.577 Y49.233 E185.86323
G1 X46.179 Y48.663 E185.88057
G0 F7200 X46.882 Y49.894
G1 F1061.9 X46.882 Y49.94 E185.88251
G0 F7200 X47.667 Y51.649
G0 X48.698 Y52.542
G0 X49.986 Y52.852
G0 X55.779 Y51.569
G0 X56.918 Y50.552
G1 F1285.7 X56.962 Y49.996 E185.90199
G1 F1281.1 X56.916 Y49.436 E185.92168
G0 F7200 X56.654 Y50.678
G0 X55.779 Y51.569
G0 X54.402 Y51.574
G0 X53.588 Y50.804
G0 X52.988 Y49.63
G1 F1578.9 X52.805 Y48.902 E185.94303
G1 F1636.4 X53.171 Y49.1 E185.95445
G1 X53.455 Y49.151 E185.96237
G1 X53.341 Y49.365 E185.96902
G1 F1578.9 X53.27 Y49.628 E185.97677
G1 F1254.4 X53.105 Y49.942 E185.98946
G1 X52.988 Y49.63 E186.00139
G0 F7200 X53.105 Y49.942
G1 F1068.2 X53.108 Y50.082 E186.00728
G0 F7200 X52.543 Y51.3
G0 X51.89 Y52.108
G0 X50.991 Y52.806
G1 F1800 X51.734 Y52.429 E186.02806
G1 X52.311 Y51.884 E186.04786
G1 X52.643 Y51.388 E186.06275
G1 X52.92 Y50.6 E186.08358
G1 F1343.3 X53.108 Y50.082 E186.102
G1 X53.358 Y50.573 E186.12042
G1 F1800 X53.416 Y50.759 E186.12528
G1 X53.821 Y51.333 E186.14281
G1 X54.402 Y51.695 E186.15988
G1 X54.916 Y51.812 E186.17303
G1 X55.235 Y51.813 E186.18099
G1 X55.623 Y51.737 E186.19085
G1 X55.967 Y51.587 E186.20021
G1 F1690.1 X56.308 Y51.343 E186.21135
G1 F1512.6 X56.92 Y50.561 E186.24083
G1 F1572.1 X57.014 Y50.918 E186.25137
G1 F1773.4 X57.02 Y57.02 E186.40587
G1 F1800 X54.541 Y57.02 E186.46771
G1 F1702.1 X54.12 Y56.997 E186.47883
G1 F1621.6 X53.614 Y56.999 E186.49284
G1 F1710.2 X53.216 Y57.02 E186.50331
G1 F1800 X52.007 Y57.02 E186.53347
G1 F1702.1 X51.58 Y56.997 E186.54475
G1 F1621.6 X51.074 Y56.999 E186.55876
G1 F1710.2 X50.676 Y57.02 E186.56922
G1 F1800 X49.467 Y57.02 E186.59938
G1 F1702.1 X49.04 Y56.997 E186.61066
G1 F1621.6 X48.534 Y56.999 E186.62467
G1 F1710.2 X48.136 Y57.02 E186.63514
G1 F1800 X46.927 Y57.02 E186.66529
G1 F1702.1 X46.5 Y56.997 E186.67657
G1 F1621.6 X45.991 Y56.999 E186.69067
G1 F1710.2 X45.588 Y57.02 E186.70126
G1 F1800 X42.98 Y57.02 E186.76632
G1 X42.98 Y50.955 E186.91761
G1 F1440 X43.08 Y50.555 E186.93047
G1 X43.553 Y51.206 E186.95556
G1 F1800 X43.831 Y51.458 E186.96492
G1 X44.327 Y51.718 E186.97889
G1 X44.816 Y51.821 E186.99136
G1 X45.098 Y51.813 E186.99839
G1 X45.571 Y51.705 E187.0105
G1 X46.176 Y51.324 E187.02833
G1 X46.557 Y50.816 E187.04417
G1 X46.681 Y50.371 E187.05569
G1 F1338.3 X46.882 Y49.94 E187.07165
G1 X47.036 Y50.391 E187.08764
G1 F1800 X47.181 Y50.997 E187.10318
G1 X47.554 Y51.716 E187.12339
G1 X48.073 Y52.273 E187.14238
G1 X48.637 Y52.661 E187.15946
G1 X48.916 Y52.76 E187.16684
G1 F1451.6 X49.324 Y53.002 E187.18151
G1 X49.744 Y52.95 E187.1946
G1 F1800 X50.47 Y52.942 E187.21272
G1 X50.991 Y52.806 E187.22615
G0 F7200 X45.939 Y53.741
G0 X45.152 Y54.197
G0 X44.823 Y55.08
G0 X45.152 Y55.963
G0 X45.939 Y56.419
G0 X46.841 Y56.275
G0 X47.46 Y55.598
G0 X47.456 Y55.433
G1 F2117.6 X47.457 Y55.362 E187.22765
G0 F7200 X47.46 Y55.598
G0 X48.079 Y56.275
G0 X48.981 Y56.419
G0 X49.694 Y56.022
G0 X49.996 Y55.433
G1 F2117.6 X49.997 Y55.362 E187.22916
G0 F7200 X50 Y55.598
G0 X50.619 Y56.275
G0 X51.521 Y56.419
G0 X52.234 Y56.022
G0 X52.537 Y55.362
G1 F2117.6 X52.536 Y55.433 E187.23066
G0 F7200 X52.54 Y55.598
G0 X53.159 Y56.275
G0 X54.352 Y56.455
G1 F1782.2 X54.687 Y56.261 E187.24042
G1 F1800 X55.003 Y55.941 E187.25164
G1 X55.169 Y55.663 E187.25971
G1 X55.288 Y55.076 E187.27465
G1 X55.23 Y54.696 E187.28424
G1 X55.115 Y54.39 E187.2924
G1 X54.873 Y54.055 E187.30271
G1 X54.515 Y53.776 E187.31403
G1 X54.039 Y53.616 E187.32656
G1 X53.466 Y53.635 E187.34086
G1 X53.053 Y53.806 E187.35201
G1 X52.68 Y54.121 E187.36419
G1 X52.537 Y54.327 E187.37044
G1 X52.357 Y54.079 E187.37809
G1 X52.027 Y53.806 E187.38877
G1 X51.707 Y53.667 E187.39747
G1 X51.402 Y53.61 E187.40521
G1 X50.929 Y53.634 E187.41703
G1 X50.589 Y53.76 E187.42607
G1 X50.178 Y54.08 E187.43906
G1 X49.997 Y54.326 E187.44668
G1 F1698.1 X49.769 Y54.009 E187.45701
G1 F1531.9 X49.102 Y53.538 E187.48094
G1 F1610.7 X48.772 Y53.629 E187.49048
G1 F1800 X48.388 Y53.634 E187.50006
G1 X47.972 Y53.807 E187.5113
G1 X47.635 Y54.082 E187.52215
G1 X47.457 Y54.326 E187.52969
G1 X47.281 Y54.082 E187.53719
G1 X46.931 Y53.797 E187.54845
G1 X46.463 Y53.621 E187.56092
G1 X45.871 Y53.628 E187.57569
G1 X45.488 Y53.772 E187.5859
G1 X45.161 Y54.017 E187.59609
G1 X44.905 Y54.342 E187.60641
G1 X44.774 Y54.649 E187.61474
G1 X44.71 Y55.111 E187.62637
G1 X44.828 Y55.669 E187.6406
G1 X44.991 Y55.943 E187.64855
G1 X45.319 Y56.267 E187.66005
G1 X45.603 Y56.432 E187.66825
G1 F1710.2 X46.041 Y56.563 E187.68025
G1 F1621.6 X46.462 Y56.556 E187.69191
G1 F1702.1 X47.024 Y56.29 E187.70831
G1 F1800 X47.284 Y56.067 E187.71685
G1 X47.457 Y55.826 E187.72425
G1 X47.627 Y56.062 E187.73151
G1 X47.902 Y56.299 E187.74057
G1 X48.146 Y56.435 E187.74753
G1 F1710.2 X48.583 Y56.564 E187.7595
G1 F1621.6 X49.002 Y56.556 E187.7711
G1 F1702.1 X49.564 Y56.29 E187.7875
G1 F1800 X49.824 Y56.067 E187.79605
G1 X49.997 Y55.826 E187.80345
G1 X50.167 Y56.062 E187.8107
G1 X50.442 Y56.299 E187.81976
G1 X50.686 Y56.435 E187.82673
G1 F1710.2 X51.123 Y56.564 E187.83869
G1 F1621.6 X51.542 Y56.556 E187.85029
G1 F1702.1 X52.104 Y56.29 E187.8667
G1 F1800 X52.364 Y56.067 E187.87524
G1 X52.537 Y55.826 E187.88264
G1 X52.707 Y56.062 E187.8899
G1 X52.982 Y56.299 E187.89895
G1 X53.226 Y56.435 E187.90592
G1 F1710.2 X53.663 Y56.564 E187.91788
G1 F1621.6 X54.082 Y56.556 E187.92949
G1 F1682.2 X54.352 Y56.455 E187.93718
G0 F7200 X56.82 Y56.318
G1 F1800 X56.317 Y56.82 E187.95491
G0 F7200 X55.751 Y56.82
G1 F1800 X56.82 Y55.752 E187.9926
G0 F7200 X56.82 Y55.186
G1 F1800 X55.185 Y56.82 E188.05026
G0 F7200 X54.62 Y56.82
G1 F1800 X56.82 Y54.62 E188.12787
G0 F7200 X56.82 Y54.055
G1 F1800 X55.417 Y55.457 E188.17735
G0 F7200 X55.456 Y54.853
G1 F1800 X56.819 Y53.49 E188.22544
G0 F7200 X56.819 Y52.924
G1 F1800 X55.335 Y54.408 E188.27779
G0 F7200 X55.115 Y54.063
G1 F1800 X56.819 Y52.358 E188.33792
G0 F7200 X56.819 Y51.793
G1 F1800 X54.838 Y53.773 E188.40779
G0 F7200 X54.489 Y53.557
G1 F1800 X56.819 Y51.227 E188.48998
G1 X56.889 Y51.157
G0 F7200 X55.53 Y51.95
G1 F1800 X54.065 Y53.416 E188.54168
G0 F7200 X53.479 Y53.435
G1 F1800 X54.904 Y52.011 E188.59194
G0 F7200 X54.435 Y51.914
G1 F1800 X52.445 Y53.903 E188.66212
G0 F7200 X52.134 Y53.649
G1 F1800 X54.064 Y51.719 E188.73021
G0 F7200 X53.715 Y51.502
G1 F1800 X51.74 Y53.477 E188.79988
G0 F7200 X51.236 Y53.416
G1 F1800 X53.469 Y51.183 E188.87865
G0 F7200 X53.242 Y50.844
G1 F1800 X52.95 Y51.136 E188.88896
G0 F7200 X51.115 Y52.971
G1 F1800 X50.48 Y53.606 E188.91136
G0 F7200 X50.373 Y53.148
G1 F1800 X49.746 Y53.775 E188.93348
G0 F7200 X49.454 Y53.501
G1 F1800 X49.8 Y53.155 E188.94568
G0 F7200 X48.863 Y52.96
G1 F1800 X48.387 Y53.437 E188.96249
G0 F7200 X48.471 Y52.787
G1 F1800 X47.358 Y53.9 E189.00176
G0 F7200 X47.049 Y53.643
G1 F1800 X48.133 Y52.559 E189.04
G0 F7200 X47.825 Y52.301
G1 F1800 X46.644 Y53.482 E189.08166
G0 F7200 X46.136 Y53.425
G1 F1800 X47.552 Y52.008 E189.13163
G0 F7200 X47.313 Y51.682
G1 F1800 X45.384 Y53.611 E189.19968
G1 X45.314 Y53.681
G0 F7200 X44.722 Y54.273
G1 F1800 X43.181 Y55.814 E189.25404
G0 F7200 X43.181 Y56.38
G1 F1800 X44.528 Y55.033 E189.30156
G0 F7200 X44.592 Y55.535
G1 F1800 X43.306 Y56.82 E189.34691
G0 F7200 X43.872 Y56.82
G1 F1800 X44.758 Y55.934 E189.37817
G0 F7200 X45.013 Y56.245
G1 F1800 X44.437 Y56.82 E189.39847
G0 F7200 X45.003 Y56.82
G1 F1800 X45.326 Y56.497 E189.40987
G0 F7200 X45.569 Y56.82
G1 F1800 X45.71 Y56.679 E189.41484
G0 F7200 X46.722 Y56.798
G1 F1800 X46.991 Y56.53 E189.42431
G0 F7200 X47.266 Y56.82
G1 F1800 X47.697 Y56.389 E189.43952
G0 F7200 X48.044 Y56.607
G1 F1800 X47.832 Y56.82 E189.44701
G0 F7200 X49.529 Y56.82
G1 F1800 X50.093 Y56.256 E189.46691
G0 F7200 X50.411 Y56.503
G1 F1800 X50.095 Y56.82 E189.47808
G0 F7200 X50.661 Y56.82
G1 F1800 X50.798 Y56.682 E189.48293
G0 F7200 X51.812 Y56.8
G1 F1800 X52.093 Y56.519 E189.49284
G0 F7200 X52.358 Y56.82
G1 F1800 X52.783 Y56.394 E189.50785
G0 F7200 X53.133 Y56.61
G1 F1800 X52.923 Y56.82 E189.51526
G0 F7200 X54.461 Y56.275
G0 X55.072 Y55.591
G0 X55.072 Y54.569
G0 X54.461 Y53.885
G0 X51.019 Y53.741
G0 X47.116 Y51.313
G1 F1800 X43.181 Y55.248 E189.65408
G0 F7200 X43.181 Y54.683
G1 F1800 X46.953 Y50.91 E189.78716
G1 X47.023 Y50.84
G0 F7200 X46.813 Y49.353
G1 F1800 X46.9 Y49.267 E189.79021
G0 F7200 X46.634 Y48.966
G1 F1800 X47.36 Y48.241 E189.81581
G1 X47.43 Y48.171
G0 F7200 X46.401 Y48.634
G1 F1800 X48.469 Y46.567 E189.88874
G0 F7200 X48.275 Y47.326
G1 F1800 X52.421 Y43.18 E190.03501
G0 F7200 X52.986 Y43.18
G1 F1800 X49.249 Y46.917 E190.16684
G0 F7200 X49.901 Y46.831
G1 F1800 X53.552 Y43.18 E190.29564
G0 F7200 X54.118 Y43.18
G1 F1800 X50.436 Y46.862 E190.42553
G0 F7200 X50.9 Y46.964
G1 F1800 X54.683 Y43.18 E190.559
G0 F7200 X55.249 Y43.18
G1 F1800 X51.313 Y47.116 E190.69786
G0 F7200 X51.681 Y47.314
G1 F1800 X51.951 Y47.044 E190.70738
G0 F7200 X53.425 Y45.57
G1 F1800 X55.815 Y43.18 E190.79169
G0 F7200 X56.38 Y43.18
G1 F1800 X54.006 Y45.555 E190.87546
G0 F7200 X54.469 Y45.657
G1 F1800 X56.82 Y43.306 E190.9584
G0 F7200 X56.82 Y43.872
G1 F1800 X54.844 Y45.848 E191.02811
G0 F7200 X55.164 Y46.093
G1 F1800 X56.82 Y44.437 E191.08653
G0 F7200 X56.82 Y45.003
G1 F1800 X55.417 Y46.407 E191.13604
G0 F7200 X55.606 Y46.783
G1 F1800 X56.82 Y45.569 E191.17887
G0 F7200 X56.82 Y46.134
G1 F1800 X55.712 Y47.243 E191.21797
G0 F7200 X55.689 Y47.832
G1 F1800 X56.82 Y46.7 E191.25789
G0 F7200 X56.82 Y47.266
G1 F1800 X55.928 Y48.158 E191.28936
G0 F7200 X56.275 Y48.377
G1 F1800 X56.82 Y47.832 E191.30858
G0 F7200 X56.82 Y48.397
G1 F1800 X56.574 Y48.643 E191.31726
G0 F7200 X55.088 Y46.467
G0 X51.855 Y43.18
G1 F1800 X49.05 Y45.985 E191.41622
G1 X48.98 Y46.055
G0 F7200 X49.367 Y45.103
G1 F1800 X51.289 Y43.18 E191.48404
G0 F7200 X50.724 Y43.18
G1 F1800 X49.338 Y44.566 E191.53293
G0 F7200 X49.205 Y44.133
G1 F1800 X50.158 Y43.18 E191.56655
G0 F7200 X49.592 Y43.18
G1 F1800 X48.996 Y43.776 E191.58758
G0 F7200 X48.723 Y43.484
G1 F1800 X49.027 Y43.18 E191.5983
G0 F7200 X48.461 Y43.18
G1 F1800 X48.393 Y43.248 E191.6007
G0 F7200 X46.198 Y43.18
G1 F1800 X43.18 Y46.198 E191.70717
G0 F7200 X43.18 Y46.764
G1 F1800 X45.642 Y44.302 E191.79402
G0 F7200 X45.557 Y44.952
G1 F1800 X43.18 Y47.329 E191.87788
G0 F7200 X43.18 Y47.895
G1 F1800 X45.627 Y45.449 E191.96418
G0 F7200 X45.772 Y45.869
G1 F1800 X43.18 Y48.461 E192.05562
G1 X43.11 Y48.531
G0 F7200 X44.011 Y48.196
G1 F1800 X46.015 Y46.192 E192.12632
G0 F7200 X46.323 Y46.45
G1 F1800 X44.767 Y48.005 E192.18119
G0 F7200 X45.306 Y48.032
G1 F1800 X46.67 Y46.668 E192.22931
G0 F7200 X47.106 Y46.798
G1 F1800 X45.751 Y48.153 E192.27711
G0 F7200 X46.096 Y48.374
G1 F1800 X47.643 Y46.826 E192.33171
G1 X47.713 Y46.756
G0 F7200 X46.639 Y46.302
G0 X46.034 Y45.662
G0 X45.632 Y43.18
G1 F1800 X43.18 Y45.632 E192.41821
G0 F7200 X43.18 Y45.067
G1 F1800 X45.067 Y43.18 E192.48478
G0 F7200 X44.501 Y43.18
G1 F1800 X43.18 Y44.501 E192.53138
G0 F7200 X43.18 Y43.935
G1 F1800 X43.935 Y43.18 E192.55801
G0 F7200 X43.37 Y43.18
G1 F1800 X43.18 Y43.37 E192.56472
G0 F7200 X43.2 Y49.337
G0 X43.288 Y51.182
G1 F1800 X43.182 Y51.288 E192.56846
G0 F7200 X43.561 Y51.475
G1 F1800 X43.182 Y51.854 E192.58183
G0 F7200 X43.182 Y52.419
G1 F1800 X43.888 Y51.713 E192.60673
G0 F7200 X44.259 Y51.907
G1 F1800 X43.182 Y52.985 E192.64474
G0 F7200 X43.182 Y53.551
G1 F1800 X44.726 Y52.006 E192.69923
G0 F7200 X45.338 Y51.96
G1 F1800 X43.181 Y54.117 E192.77532
G1 X43.111 Y54.187
G0 F7200 X43.21 Y54.187
;MESH:NONMESH
G0 F600 Z1.2
G0 F7200 X47.177 Y50.402
G0 X47.207 Y49.405
G0 X47.795 Y48.187
G0 X57.12 Y42.88
G0 X57.46 Y42.586
;TIME_ELAPSED:203.951718
;LAYER:6
;TYPE:WALL-INNER
;MESH:cherry_mx_socket_fix-pins_led_diode.stl
G1 F5161.3 X57.391 Y42.546 E192.77717
G1 X57.391 Y42.626 E192.77903
G1 X57.46 Y42.586 E192.78088
G1 F1500 E186.28088
G0 F7200 X57.48 Y42.52
G0 X52.98 Y42.48
G0 X52.5 Y42.124
;TYPE:WALL-OUTER
G1 F1500 E192.78088
G1 F2823.5 X47.5 Y42.124 E192.8869
G1 F1500 E186.3869
G0 F7200 X47.02 Y42.48
G0 X42.562 Y42.562
G0 X42.562 Y57.438
G0 X47.02 Y57.52
G0 X47.5 Y57.874
G1 F1500 E192.8869
G1 F2823.5 X52.5 Y57.874 E192.99291
G1 F1500 E186.49291
G0 F7200 X52.98 Y57.52
G0 X57.438 Y57.438
G0 X57.249 Y57.044
G1 F1500 E192.99291
G1 F1764.7 X57.207 Y57.207 E192.99862
G1 F1758.2 X57.044 Y57.249 E193.00436
G1 F1912.4 X52.75 Y57.25 E193.13878
G1 F2016.8 X52.714 Y57.748 E193.15361
G1 F2119.2 X52.682 Y57.786 E193.15501
G1 F2016.8 X53 Y57.75 E193.16451
G1 F1912.4 X57.087 Y57.748 E193.29246
G1 F1758.2 X57.707 Y57.707 E193.31361
G1 F1764.7 X57.749 Y57.087 E193.3347
G1 F1912.4 X57.75 Y43 E193.77571
G1 F2133.3 X57.8 Y42.2 E193.7982
G1 X57 Y42.25 E193.82069
G1 F1920 X53 Y42.25 E193.94542
G1 F2285.7 X52.5 Y42.124 E193.95893
G1 F2430.4 X52.711 Y42.248 E193.96495
G1 F2021.1 X52.75 Y42.75 E193.97987
G1 F1920 X57 Y42.75 E194.11239
G1 X57.25 Y43 E194.12341
G1 F1912.4 X57.249 Y57.044 E194.56308
G0 F7200 X57.207 Y57.207
G0 X57.176 Y57.215
G1 F1500 E188.06308
G0 F7200 X57.176 Y57.51
G0 X52.93 Y57.51
G0 X51.847 Y57.097
G0 X48.153 Y57.097
G0 X43 Y57.25
G1 F1500 E194.56308
G1 F1771.2 X42.793 Y57.207 E194.57022
G1 F1761.5 X42.751 Y57.044 E194.57594
G1 F1912.4 X42.75 Y43 E195.01561
G1 F1771.2 X42.793 Y42.793 E195.02275
G1 F1761.5 X42.956 Y42.751 E195.02847
G1 F1912.4 X47.25 Y42.75 E195.1629
G1 F1967.2 X47.29 Y42.215 E195.17923
G1 X47 Y42.25 E195.18812
G1 F1912.4 X42.913 Y42.252 E195.31607
G1 F1761.5 X42.293 Y42.293 E195.33719
G1 F1771.2 X42.25 Y43 E195.36113
G1 F1912.4 X42.252 Y57.087 E195.80214
G1 F1761.5 X42.293 Y57.707 E195.82325
G1 F1771.2 X43 Y57.75 E195.8472
G1 F1920 X47 Y57.75 E195.97192
G1 F2285.7 X47.5 Y57.874 E195.98541
G1 F2424.2 X47.287 Y57.748 E195.99153
G1 F2016.8 X47.25 Y57.25 E196.00635
G1 F1920 X43 Y57.25 E196.13887
G0 F7200 X42.804 Y57.21
G1 F1500 E189.63887
;MESH:NONMESH
G0 F600 Z1.35
G0 F7200 X42.804 Y57.51
G0 X47.076 Y57.424
G0 X57.424 Y57.424
G0 X57.46 Y42.586
;TIME_ELAPSED:210.778032
;LAYER:7
;TYPE:WALL-INNER
;MESH:cherry_mx_socket_fix-pins_led_diode.stl
G1 F1500 E196.13887
G1 F5161.3 X57.391 Y42.546 E196.14072
G1 X57.391 Y42.626 E196.14258
G1 X57.46 Y42.586 E196.14443
G1 F1500 E189.64443
G0 F7200 X57.48 Y42.52
G0 X52.98 Y42.48
G0 X52.5 Y42.124
;TYPE:WALL-OUTER
G1 F1500 E196.14443
G1 F2823.5 X47.5 Y42.124 E196.25044
G1 F1500 E189.75044
G0 F7200 X47.02 Y42.48
G0 X42.562 Y42.562
G0 X42.562 Y57.438
G0 X47.02 Y57.52
G0 X47.5 Y57.874
G1 F1500 E196.25044
G1 F2823.5 X52.5 Y57.874 E196.35646
G1 F1500 E189.85646
G0 F7200 X52.98 Y57.52
G0 X57.438 Y57.438
G0 X57.249 Y57.044
G1 F1500 E196.35646
G1 F1764.7 X57.207 Y57.207 E196.36217
G1 F1758.2 X57.044 Y57.249 E196.3679
G1 F1912.4 X52.75 Y57.25 E196.50233
G1 F2016.8 X52.714 Y57.748 E196.51715
G1 F2119.2 X52.682 Y57.786 E196.51856
G1 F2016.8 X53 Y57.75 E196.52806
G1 F1912.4 X57.087 Y57.748 E196.656
G1 F1758.2 X57.707 Y57.707 E196.67716
G1 F1764.7 X57.749 Y57.087 E196.69824
G1 F1912.4 X57.75 Y43 E197.13925
G1 F2133.3 X57.8 Y42.2 E197.16175
G1 X57 Y42.25 E197.18424
G1 F1920 X53 Y42.25 E197.30897
G1 F2285.7 X52.5 Y42.124 E197.32247
G1 F2430.4 X52.711 Y42.248 E197.3285
G1 F2021.1 X52.75 Y42.75 E197.34342
G1 F1920 X57 Y42.75 E197.47594
G1 X57.25 Y43 E197.48696
G1 F1912.4 X57.249 Y57.044 E197.92662
G0 F7200 X57.207 Y57.207
G0 X57.176 Y57.215
G1 F1500 E191.42662
G0 F7200 X57.176 Y57.51
G0 X52.93 Y57.51
G0 X51.847 Y57.097
G0 X48.153 Y57.097
G0 X43 Y57.25
G1 F1500 E197.92662
G1 F1771.2 X42.793 Y57.207 E197.93377
G1 F1761.5 X42.751 Y57.044 E197.93949
G1 F1912.4 X42.75 Y43 E198.37915
G1 F1771.2 X42.793 Y42.793 E198.3863
G1 F1761.5 X42.956 Y42.751 E198.39202
G1 F1912.4 X47.25 Y42.75 E198.52645
G1 F1967.2 X47.29 Y42.215 E198.54278
G1 X47 Y42.25 E198.55167
G1 F1912.4 X42.913 Y42.252 E198.67961
G1 F1761.5 X42.293 Y42.293 E198.70073
G1 F1771.2 X42.25 Y43 E198.72467
G1 F1912.4 X42.252 Y57.087 E199.16568
G1 F1761.5 X42.293 Y57.707 E199.1868
G1 F1771.2 X43 Y57.75 E199.21074
G1 F1920 X47 Y57.75 E199.33547
G1 F2285.7 X47.5 Y57.874 E199.34896
G1 F2424.2 X47.287 Y57.748 E199.35507
G1 F2016.8 X47.25 Y57.25 E199.3699
G1 F1920 X43 Y57.25 E199.50242
G0 F7200 X42.804 Y57.21
G1 F1500 E193.00242
;MESH:NONMESH
G0 F600 Z1.5
G0 F7200 X42.804 Y57.51
G0 X47.076 Y57.424
G0 X57.424 Y57.424
G0 X57.46 Y42.586
;TIME_ELAPSED:217.866304
;LAYER:8
;TYPE:WALL-INNER
;MESH:cherry_mx_socket_fix-pins_led_diode.stl
G1 F1500 E199.50242
G1 F5161.3 X57.391 Y42.546 E199.50427
G1 X57.391 Y42.626 E199.50612
G1 X57.46 Y42.586 E199.50797
G1 F1500 E193.00797
G0 F7200 X57.48 Y42.52
G0 X52.98 Y42.48
G0 X52.5 Y42.124
;TYPE:WALL-OUTER
G1 F1500 E199.50797
G1 F2823.5 X47.5 Y42.124 E199.61399
G1 F1500 E193.11399
G0 F7200 X47.02 Y42.48
G0 X42.562 Y42.562
G0 X42.562 Y57.438
G0 X47.02 Y57.52
G0 X47.5 Y57.874
G1 F1500 E199.61399
G1 F2823.5 X52.5 Y57.874 E199.72001
G1 F1500 E193.22001
G0 F7200 X52.98 Y57.52
G0 X57.438 Y57.438
G0 X57.249 Y57.044
G1 F1500 E199.72001
G1 F1764.7 X57.207 Y57.207 E199.72572
G1 F1758.2 X57.044 Y57.249 E199.73145
G1 F1912.4 X52.75 Y57.25 E199.86588
G1 F2016.8 X52.714 Y57.748 E199.8807
G1 F2119.2 X52.682 Y57.786 E199.8821
G1 F2016.8 X53 Y57.75 E199.8916
G1 F1912.4 X57.087 Y57.748 E200.01955
G1 F1758.2 X57.707 Y57.707 E200.04071
G1 F1764.7 X57.749 Y57.087 E200.06179
G1 F1912.4 X57.75 Y43 E200.5028
G1 F2133.3 X57.8 Y42.2 E200.52529
G1 X57 Y42.25 E200.54779
G1 F1920 X53 Y42.25 E200.67251
G1 F2285.7 X52.5 Y42.124 E200.68602
G1 F2430.4 X52.711 Y42.248 E200.69205
G1 F2021.1 X52.75 Y42.75 E200.70696
G1 F1920 X57 Y42.75 E200.83948
G1 X57.25 Y43 E200.85051
G1 F1912.4 X57.249 Y57.044 E201.29017
G0 F7200 X57.207 Y57.207
G0 X57.176 Y57.215
G1 F1500 E194.79017
G0 F7200 X57.176 Y57.51
G0 X52.93 Y57.51
G0 X51.847 Y57.097
G0 X48.153 Y57.097
G0 X43 Y57.25
G1 F1500 E201.29017
G1 F1771.2 X42.793 Y57.207 E201.29732
G1 F1761.5 X42.751 Y57.044 E201.30304
G1 F1912.4 X42.75 Y43 E201.7427
G1 F1771.2 X42.793 Y42.793 E201.74985
G1 F1761.5 X42.956 Y42.751 E201.75557
G1 F1912.4 X47.25 Y42.75 E201.88999
G1 F1967.2 X47.29 Y42.215 E201.90632
G1 X47 Y42.25 E201.91521
G1 F1912.4 X42.913 Y42.252 E202.04316
G1 F1761.5 X42.293 Y42.293 E202.06428
G1 F1771.2 X42.25 Y43 E202.08822
G1 F1912.4 X42.252 Y57.087 E202.52923
G1 F1761.5 X42.293 Y57.707 E202.55035
G1 F1771.2 X43 Y57.75 E202.57429
G1 F1920 X47 Y57.75 E202.69901
G1 F2285.7 X47.5 Y57.874 E202.71251
G1 F2424.2 X47.287 Y57.748 E202.71862
G1 F2016.8 X47.25 Y57.25 E202.73344
G1 F1920 X43 Y57.25 E202.86596
G0 F7200 X42.804 Y57.21
G1 F1500 E196.36596
;MESH:NONMESH
G0 F600 Z1.65
G0 F7200 X42.804 Y57.51
G0 X47.076 Y57.424
G0 X57.424 Y57.424
G0 X57.46 Y42.586
;TIME_ELAPSED:224.954575
;LAYER:9
;TYPE:WALL-INNER
;MESH:cherry_mx_socket_fix-pins_led_diode.stl
G1 F1500 E202.86596
G1 F5161.3 X57.391 Y42.546 E202.86781
G1 X57.391 Y42.626 E202.86967
G1 X57.46 Y42.586 E202.87152
G1 F1500 E196.37152
G0 F7200 X57.48 Y42.52
G0 X52.98 Y42.48
G0 X52.5 Y42.124
;TYPE:WALL-OUTER
G1 F1500 E202.87152
G1 F2823.5 X47.5 Y42.124 E202.97754
G1 F1500 E196.47754
G0 F7200 X47.02 Y42.48
G0 X42.562 Y42.562
G0 X42.562 Y57.438
G0 X47.02 Y57.52
G0 X47.5 Y57.874
G1 F1500 E202.97754
G1 F2823.5 X52.5 Y57.874 E203.08355
G1 F1500 E196.58355
G0 F7200 X52.98 Y57.52
G0 X57.438 Y57.438
G0 X57.249 Y57.044
G1 F1500 E203.08355
G1 F1764.7 X57.207 Y57.207 E203.08926
G1 F1758.2 X57.044 Y57.249 E203.09499
G1 F1912.4 X52.75 Y57.25 E203.22942
G1 F2016.8 X52.714 Y57.748 E203.24424
G1 F2119.2 X52.682 Y57.786 E203.24565
G1 F2016.8 X53 Y57.75 E203.25515
G1 F1912.4 X57.087 Y57.748 E203.3831
G1 F1758.2 X57.707 Y57.707 E203.40425
G1 F1764.7 X57.749 Y57.087 E203.42533
G1 F1912.4 X57.75 Y43 E203.86634
G1 F2133.3 X57.8 Y42.2 E203.88884
G1 X57 Y42.25 E203.91133
G1 F1920 X53 Y42.25 E204.03606
G1 F2285.7 X52.5 Y42.124 E204.04956
G1 F2430.4 X52.711 Y42.248 E204.05559
G1 F2021.1 X52.75 Y42.75 E204.07051
G1 F1920 X57 Y42.75 E204.20303
G1 X57.25 Y43 E204.21405
G1 F1912.4 X57.249 Y57.044 E204.65372
G0 F7200 X57.207 Y57.207
G0 X57.176 Y57.215
G1 F1500 E198.15372
G0 F7200 X57.176 Y57.51
G0 X52.93 Y57.51
G0 X51.847 Y57.097
G0 X48.153 Y57.097
G0 X43 Y57.25
G1 F1500 E204.65372
G1 F1771.2 X42.793 Y57.207 E204.66086
G1 F1761.5 X42.751 Y57.044 E204.66658
G1 F1912.4 X42.75 Y43 E205.10625
G1 F1771.2 X42.793 Y42.793 E205.11339
G1 F1761.5 X42.956 Y42.751 E205.11911
G1 F1912.4 X47.25 Y42.75 E205.25354
G1 F1967.2 X47.29 Y42.215 E205.26987
G1 X47 Y42.25 E205.27876
G1 F1912.4 X42.913 Y42.252 E205.40671
G1 F1761.5 X42.293 Y42.293 E205.42782
G1 F1771.2 X42.25 Y43 E205.45177
G1 F1912.4 X42.252 Y57.087 E205.89277
G1 F1761.5 X42.293 Y57.707 E205.91389
G1 F1771.2 X43 Y57.75 E205.93783
G1 F1920 X47 Y57.75 E206.06256
G1 F2285.7 X47.5 Y57.874 E206.07605
G1 F2424.2 X47.287 Y57.748 E206.08216
G1 F2016.8 X47.25 Y57.25 E206.09699
G1 F1920 X43 Y57.25 E206.22951
G0 F7200 X42.804 Y57.21
G1 F1500 E199.72951
;MESH:NONMESH
G0 F600 Z1.8
G0 F7200 X42.804 Y57.51
G0 X47.076 Y57.424
G0 X57.424 Y57.424
G0 X57.46 Y42.586
;TIME_ELAPSED:232.042846
;LAYER:10
;TYPE:WALL-INNER
;MESH:cherry_mx_socket_fix-pins_led_diode.stl
G1 F1500 E206.22951
G1 F5161.3 X57.391 Y42.546 E206.23136
G1 X57.391 Y42.626 E206.23321
G1 X57.46 Y42.586 E206.23506
G1 F1500 E199.73506
G0 F7200 X57.48 Y42.52
G0 X52.98 Y42.48
G0 X52.5 Y42.124
;TYPE:WALL-OUTER
G1 F1500 E206.23506
G1 F2823.5 X47.5 Y42.124 E206.34108
G1 F1500 E199.84108
G0 F7200 X47.02 Y42.48
G0 X42.562 Y42.562
G0 X42.562 Y57.438
G0 X47.02 Y57.52
G0 X47.5 Y57.874
G1 F1500 E206.34108
G1 F2823.5 X52.5 Y57.874 E206.4471
G1 F1500 E199.9471
G0 F7200 X52.98 Y57.52
G0 X57.438 Y57.438
G0 X57.249 Y57.044
G1 F1500 E206.4471
G1 F1764.7 X57.207 Y57.207 E206.45281
G1 F1758.2 X57.044 Y57.249 E206.45854
G1 F1912.4 X52.75 Y57.25 E206.59297
G1 F2016.8 X52.714 Y57.748 E206.60779
G1 F2119.2 X52.682 Y57.786 E206.60919
G1 F2016.8 X53 Y57.75 E206.61869
G1 F1912.4 X57.087 Y57.748 E206.74664
G1 F1758.2 X57.707 Y57.707 E206.7678
G1 F1764.7 X57.749 Y57.087 E206.78888
G1 F1912.4 X57.75 Y43 E207.22989
G1 F2133.3 X57.8 Y42.2 E207.25238
G1 X57 Y42.25 E207.27488
G1 F1920 X53 Y42.25 E207.3996
G1 F2285.7 X52.5 Y42.124 E207.41311
G1 F2430.4 X52.711 Y42.248 E207.41914
G1 F2021.1 X52.75 Y42.75 E207.43405
G1 F1920 X57 Y42.75 E207.56657
G1 X57.25 Y43 E207.5776
G1 F1912.4 X57.249 Y57.044 E208.01726
G0 F7200 X57.207 Y57.207
G0 X57.176 Y57.215
G1 F1500 E201.51726
G0 F7200 X57.176 Y57.51
G0 X52.93 Y57.51
G0 X51.847 Y57.097
G0 X48.153 Y57.097
G0 X43 Y57.25
G1 F1500 E208.01726
G1 F1771.2 X42.793 Y57.207 E208.02441
G1 F1761.5 X42.751 Y57.044 E208.03013
G1 F1912.4 X42.75 Y43 E208.46979
G1 F1771.2 X42.793 Y42.793 E208.47694
G1 F1761.5 X42.956 Y42.751 E208.48266
G1 F1912.4 X47.25 Y42.75 E208.61709
G1 F1967.2 X47.29 Y42.215 E208.63341
G1 X47 Y42.25 E208.6423
G1 F1912.4 X42.913 Y42.252 E208.77025
G1 F1761.5 X42.293 Y42.293 E208.79137
G1 F1771.2 X42.25 Y43 E208.81531
G1 F1912.4 X42.252 Y57.087 E209.25632
G1 F1761.5 X42.293 Y57.707 E209.27744
G1 F1771.2 X43 Y57.75 E209.30138
G1 F1920 X47 Y57.75 E209.42611
G1 F2285.7 X47.5 Y57.874 E209.4396
G1 F2424.2 X47.287 Y57.748 E209.44571
G1 F2016.8 X47.25 Y57.25 E209.46053
G1 F1920 X43 Y57.25 E209.59305
G0 F7200 X42.804 Y57.21
G1 F1500 E203.09305
;MESH:NONMESH
G0 F600 Z1.95
G0 F7200 X42.804 Y57.51
G0 X47.076 Y57.424
G0 X57.424 Y57.424
G0 X57.46 Y42.586
;TIME_ELAPSED:239.131117
;LAYER:11
;TYPE:WALL-INNER
;MESH:cherry_mx_socket_fix-pins_led_diode.stl
G1 F1500 E209.59305
G1 F5161.3 X57.391 Y42.546 E209.5949
G1 X57.391 Y42.626 E209.59676
G1 X57.46 Y42.586 E209.59861
G1 F1500 E203.09861
G0 F7200 X57.48 Y42.52
G0 X52.98 Y42.48
G0 X52.5 Y42.124
;TYPE:WALL-OUTER
G1 F1500 E209.59861
G1 F2823.5 X47.5 Y42.124 E209.70463
G1 F1500 E203.20463
G0 F7200 X47.02 Y42.48
G0 X42.562 Y42.562
G0 X42.562 Y57.438
G0 X47.02 Y57.52
G0 X47.5 Y57.874
G1 F1500 E209.70463
G1 F2823.5 X52.5 Y57.874 E209.81064
G1 F1500 E203.31064
G0 F7200 X52.98 Y57.52
G0 X57.438 Y57.438
G0 X57.249 Y57.044
G1 F1500 E209.81064
G1 F1764.7 X57.207 Y57.207 E209.81635
G1 F1758.2 X57.044 Y57.249 E209.82209
G1 F1912.4 X52.75 Y57.25 E209.95651
G1 F2016.8 X52.714 Y57.748 E209.97134
G1 F2119.2 X52.682 Y57.786 E209.97274
G1 F2016.8 X53 Y57.75 E209.98224
G1 F1912.4 X57.087 Y57.748 E210.11019
G1 F1758.2 X57.707 Y57.707 E210.13135
G1 F1764.7 X57.749 Y57.087 E210.15243
G1 F1912.4 X57.75 Y43 E210.59344
G1 F2133.3 X57.8 Y42.2 E210.61593
G1 X57 Y42.25 E210.63842
G1 F1920 X53 Y42.25 E210.76315
G1 F2285.7 X52.5 Y42.124 E210.77666
G1 F2430.4 X52.711 Y42.248 E210.78268
G1 F2021.1 X52.75 Y42.75 E210.7976
G1 F1920 X57 Y42.75 E210.93012
G1 X57.25 Y43 E210.94114
G1 F1912.4 X57.249 Y57.044 E211.38081
G0 F7200 X57.207 Y57.207
G0 X57.176 Y57.215
G1 F1500 E204.88081
G0 F7200 X57.176 Y57.51
G0 X52.93 Y57.51
G0 X51.847 Y57.097
G0 X48.153 Y57.097
G0 X43 Y57.25
G1 F1500 E211.38081
G1 F1771.2 X42.793 Y57.207 E211.38795
G1 F1761.5 X42.751 Y57.044 E211.39367
G1 F1912.4 X42.75 Y43 E211.83334
G1 F1771.2 X42.793 Y42.793 E211.84048
G1 F1761.5 X42.956 Y42.751 E211.8462
G1 F1912.4 X47.25 Y42.75 E211.98063
G1 F1967.2 X47.29 Y42.215 E211.99696
G1 X47 Y42.25 E212.00585
G1 F1912.4 X42.913 Y42.252 E212.1338
G1 F1761.5 X42.293 Y42.293 E212.15492
G1 F1771.2 X42.25 Y43 E212.17886
G1 F1912.4 X42.252 Y57.087 E212.61987
G1 F1761.5 X42.293 Y57.707 E212.64099
G1 F1771.2 X43 Y57.75 E212.66493
G1 F1920 X47 Y57.75 E212.78965
G1 F2285.7 X47.5 Y57.874 E212.80314
G1 F2424.2 X47.287 Y57.748 E212.80926
G1 F2016.8 X47.25 Y57.25 E212.82408
G1 F1920 X43 Y57.25 E212.9566
G0 F7200 X42.804 Y57.21
G1 F1500 E206.4566
;MESH:NONMESH
G0 F600 Z2.1
G0 F7200 X42.804 Y57.51
G0 X47.076 Y57.424
G0 X57.424 Y57.424
G0 X57.46 Y42.586
;TIME_ELAPSED:246.219388
;LAYER:12
;TYPE:WALL-INNER
;MESH:cherry_mx_socket_fix-pins_led_diode.stl
G1 F1500 E212.9566
G1 F5161.3 X57.391 Y42.546 E212.95845
G1 X57.391 Y42.626 E212.96031
G1 X57.46 Y42.586 E212.96216
G1 F1500 E206.46216
G0 F7200 X57.48 Y42.52
G0 X52.98 Y42.48
G0 X52.5 Y42.124
;TYPE:WALL-OUTER
G1 F1500 E212.96216
G1 F2823.5 X47.5 Y42.124 E213.06817
G1 F1500 E206.56817
G0 F7200 X47.02 Y42.48
G0 X42.562 Y42.562
G0 X42.562 Y57.438
G0 X47.02 Y57.52
G0 X47.5 Y57.874
G1 F1500 E213.06817
G1 F2823.5 X52.5 Y57.874 E213.17419
G1 F1500 E206.67419
G0 F7200 X52.98 Y57.52
G0 X57.438 Y57.438
G0 X57.249 Y57.044
G1 F1500 E213.17419
G1 F1764.7 X57.207 Y57.207 E213.1799
G1 F1758.2 X57.044 Y57.249 E213.18563
G1 F1912.4 X52.75 Y57.25 E213.32006
G1 F2016.8 X52.714 Y57.748 E213.33488
G1 F2119.2 X52.682 Y57.786 E213.33629
G1 F2016.8 X53 Y57.75 E213.34579
G1 F1912.4 X57.087 Y57.748 E213.47373
G1 F1758.2 X57.707 Y57.707 E213.49489
G1 F1764.7 X57.749 Y57.087 E213.51597
G1 F1912.4 X57.75 Y43 E213.95698
G1 F2133.3 X57.8 Y42.2 E213.97948
G1 X57 Y42.25 E214.00197
G1 F1920 X53 Y42.25 E214.1267
G1 F2285.7 X52.5 Y42.124 E214.1402
G1 F2430.4 X52.711 Y42.248 E214.14623
G1 F2021.1 X52.75 Y42.75 E214.16115
G1 F1920 X57 Y42.75 E214.29367
G1 X57.25 Y43 E214.30469
G1 F1912.4 X57.249 Y57.044 E214.74435
G0 F7200 X57.207 Y57.207
G0 X57.176 Y57.215
G1 F1500 E208.24435
G0 F7200 X57.176 Y57.51
G0 X52.93 Y57.51
G0 X51.847 Y57.097
G0 X48.153 Y57.097
G0 X43 Y57.25
G1 F1500 E214.74435
G1 F1771.2 X42.793 Y57.207 E214.7515
G1 F1761.5 X42.751 Y57.044 E214.75722
G1 F1912.4 X42.75 Y43 E215.19688
G1 F1771.2 X42.793 Y42.793 E215.20403
G1 F1761.5 X42.956 Y42.751 E215.20975
G1 F1912.4 X47.25 Y42.75 E215.34418
G1 F1967.2 X47.29 Y42.215 E215.36051
G1 X47 Y42.25 E215.3694
G1 F1912.4 X42.913 Y42.252 E215.49734
G1 F1761.5 X42.293 Y42.293 E215.51846
G1 F1771.2 X42.25 Y43 E215.5424
G1 F1912.4 X42.252 Y57.087 E215.98341
G1 F1761.5 X42.293 Y57.707 E216.00453
G1 F1771.2 X43 Y57.75 E216.02847
G1 F1920 X47 Y57.75 E216.1532
G1 F2285.7 X47.5 Y57.874 E216.16669
G1 F2424.2 X47.287 Y57.748 E216.1728
G1 F2016.8 X47.25 Y57.25 E216.18763
G1 F1920 X43 Y57.25 E216.32015
G0 F7200 X42.804 Y57.21
G1 F1500 E209.82015
;MESH:NONMESH
G0 F600 Z2.25
G0 F7200 X42.804 Y57.51
G0 X47.076 Y57.424
G0 X57.424 Y57.424
G0 X57.46 Y42.586
;TIME_ELAPSED:253.307659
;LAYER:13
;TYPE:WALL-INNER
;MESH:cherry_mx_socket_fix-pins_led_diode.stl
G1 F1500 E216.32015
G1 F5161.3 X57.391 Y42.546 E216.322
G1 X57.391 Y42.626 E216.32385
G1 X57.46 Y42.586 E216.3257
G1 F1500 E209.8257
G0 F7200 X57.48 Y42.52
G0 X52.98 Y42.48
G0 X52.5 Y42.124
;TYPE:WALL-OUTER
G1 F1500 E216.3257
G1 F2823.5 X47.5 Y42.124 E216.43172
G1 F1500 E209.93172
G0 F7200 X47.02 Y42.48
G0 X42.562 Y42.562
G0 X42.562 Y57.438
G0 X47.02 Y57.52
G0 X47.5 Y57.874
G1 F1500 E216.43172
G1 F2823.5 X52.5 Y57.874 E216.53774
G1 F1500 E210.03774
G0 F7200 X52.98 Y57.52
G0 X57.438 Y57.438
G0 X57.249 Y57.044
G1 F1500 E216.53774
G1 F1764.7 X57.207 Y57.207 E216.54345
G1 F1758.2 X57.044 Y57.249 E216.54918
G1 F1912.4 X52.75 Y57.25 E216.68361
G1 F2016.8 X52.714 Y57.748 E216.69843
G1 F2119.2 X52.682 Y57.786 E216.69983
G1 F2016.8 X53 Y57.75 E216.70933
G1 F1912.4 X57.087 Y57.748 E216.83728
G1 F1758.2 X57.707 Y57.707 E216.85844
G1 F1764.7 X57.749 Y57.087 E216.87952
G1 F1912.4 X57.75 Y43 E217.32053
G1 F2133.3 X57.8 Y42.2 E217.34302
G1 X57 Y42.25 E217.36552
G1 F1920 X53 Y42.25 E217.49024
G1 F2285.7 X52.5 Y42.124 E217.50375
G1 F2430.4 X52.711 Y42.248 E217.50978
G1 F2021.1 X52.75 Y42.75 E217.52469
G1 F1920 X57 Y42.75 E217.65721
G1 X57.25 Y43 E217.66824
G1 F1912.4 X57.249 Y57.044 E218.1079
G0 F7200 X57.207 Y57.207
G0 X57.176 Y57.215
G1 F1500 E211.6079
G0 F7200 X57.176 Y57.51
G0 X52.93 Y57.51
G0 X51.847 Y57.097
G0 X48.153 Y57.097
G0 X43 Y57.25
G1 F1500 E218.1079
G1 F1771.2 X42.793 Y57.207 E218.11505
G1 F1761.5 X42.751 Y57.044 E218.12077
G1 F1912.4 X42.75 Y43 E218.56043
G1 F1771.2 X42.793 Y42.793 E218.56758
G1 F1761.5 X42.956 Y42.751 E218.5733
G1 F1912.4 X47.25 Y42.75 E218.70773
G1 F1967.2 X47.29 Y42.215 E218.72405
G1 X47 Y42.25 E218.73294
G1 F1912.4 X42.913 Y42.252 E218.86089
G1 F1761.5 X42.293 Y42.293 E218.88201
G1 F1771.2 X42.25 Y43 E218.90595
G1 F1912.4 X42.252 Y57.087 E219.34696
G1 F1761.5 X42.293 Y57.707 E219.36808
G1 F1771.2 X43 Y57.75 E219.39202
G1 F1920 X47 Y57.75 E219.51674
G1 F2285.7 X47.5 Y57.874 E219.53024
G1 F2424.2 X47.287 Y57.748 E219.53635
G1 F2016.8 X47.25 Y57.25 E219.55117
G1 F1920 X43 Y57.25 E219.68369
G0 F7200 X42.804 Y57.21
G1 F1500 E213.18369
;MESH:NONMESH
G0 F600 Z2.4
G0 F7200 X42.804 Y57.51
G0 X47.076 Y57.424
G0 X57.424 Y57.424
G0 X57.46 Y42.586
;TIME_ELAPSED:260.395930
;LAYER:14
;TYPE:WALL-INNER
;MESH:cherry_mx_socket_fix-pins_led_diode.stl
G1 F1500 E219.68369
G1 F5161.3 X57.391 Y42.546 E219.68554
G1 X57.391 Y42.626 E219.6874
G1 X57.46 Y42.586 E219.68925
G1 F1500 E213.18925
G0 F7200 X57.48 Y42.52
G0 X52.98 Y42.48
G0 X52.5 Y42.124
;TYPE:WALL-OUTER
G1 F1500 E219.68925
G1 F2823.5 X47.5 Y42.124 E219.79527
G1 F1500 E213.29527
G0 F7200 X47.02 Y42.48
G0 X42.562 Y42.562
G0 X42.562 Y57.438
G0 X47.02 Y57.52
G0 X47.5 Y57.874
G1 F1500 E219.79527
G1 F2823.5 X52.5 Y57.874 E219.90128
G1 F1500 E213.40128
G0 F7200 X52.98 Y57.52
G0 X57.438 Y57.438
G0 X57.249 Y57.044
G1 F1500 E219.90128
G1 F1764.7 X57.207 Y57.207 E219.90699
G1 F1758.2 X57.044 Y57.249 E219.91272
G1 F1912.4 X52.75 Y57.25 E220.04715
G1 F2016.8 X52.714 Y57.748 E220.06197
G1 F2119.2 X52.682 Y57.786 E220.06338
G1 F2016.8 X53 Y57.75 E220.07288
G1 F1912.4 X57.087 Y57.748 E220.20083
G1 F1758.2 X57.707 Y57.707 E220.22198
G1 F1764.7 X57.749 Y57.087 E220.24307
G1 F1912.4 X57.75 Y43 E220.68407
G1 F2133.3 X57.8 Y42.2 E220.70657
G1 X57 Y42.25 E220.72906
G1 F1920 X53 Y42.25 E220.85379
G1 F2285.7 X52.5 Y42.124 E220.86729
G1 F2430.4 X52.711 Y42.248 E220.87332
G1 F2021.1 X52.75 Y42.75 E220.88824
G1 F1920 X57 Y42.75 E221.02076
G1 X57.25 Y43 E221.03178
G1 F1912.4 X57.249 Y57.044 E221.47145
G0 F7200 X57.207 Y57.207
G0 X57.176 Y57.215
G1 F1500 E214.97145
G0 F7200 X57.176 Y57.51
G0 X52.93 Y57.51
G0 X51.847 Y57.097
G0 X48.153 Y57.097
G0 X43 Y57.25
G1 F1500 E221.47145
G1 F1771.2 X42.793 Y57.207 E221.47859
G1 F1761.5 X42.751 Y57.044 E221.48431
G1 F1912.4 X42.75 Y43 E221.92398
G1 F1771.2 X42.793 Y42.793 E221.93112
G1 F1761.5 X42.956 Y42.751 E221.93684
G1 F1912.4 X47.25 Y42.75 E222.07127
G1 F1967.2 X47.29 Y42.215 E222.0876
G1 X47 Y42.25 E222.09649
G1 F1912.4 X42.913 Y42.252 E222.22444
G1 F1761.5 X42.293 Y42.293 E222.24555
G1 F1771.2 X42.25 Y43 E222.2695
G1 F1912.4 X42.252 Y57.087 E222.71051
G1 F1761.5 X42.293 Y57.707 E222.73162
G1 F1771.2 X43 Y57.75 E222.75556
G1 F1920 X47 Y57.75 E222.88029
G1 F2285.7 X47.5 Y57.874 E222.89378
G1 F2424.2 X47.287 Y57.748 E222.89989
G1 F2016.8 X47.25 Y57.25 E222.91472
G1 F1920 X43 Y57.25 E223.04724
G0 F7200 X42.804 Y57.21
G1 F1500 E216.54724
;MESH:NONMESH
G0 F600 Z2.55
G0 F7200 X42.804 Y57.51
G0 X47.076 Y57.424
G0 X57.424 Y57.424
G0 X57.46 Y42.586
;TIME_ELAPSED:267.484201
;LAYER:15
;TYPE:WALL-INNER
;MESH:cherry_mx_socket_fix-pins_led_diode.stl
G1 F1500 E223.04724
G1 F5161.3 X57.391 Y42.546 E223.04909
G1 X57.391 Y42.626 E223.05095
G1 X57.46 Y42.586 E223.0528
G1 F1500 E216.5528
G0 F7200 X57.48 Y42.52
G0 X52.98 Y42.48
G0 X52.5 Y42.124
;TYPE:WALL-OUTER
G1 F1500 E223.0528
G1 F2823.5 X47.5 Y42.124 E223.15881
G1 F1500 E216.65881
G0 F7200 X47.02 Y42.48
G0 X42.562 Y42.562
G0 X42.562 Y57.438
G0 X47.02 Y57.52
G0 X47.5 Y57.874
G1 F1500 E223.15881
G1 F2823.5 X52.5 Y57.874 E223.26483
G1 F1500 E216.76483
G0 F7200 X52.98 Y57.52
G0 X57.438 Y57.438
G0 X57.249 Y57.044
G1 F1500 E223.26483
G1 F1764.7 X57.207 Y57.207 E223.27054
G1 F1758.2 X57.044 Y57.249 E223.27627
G1 F1912.4 X52.75 Y57.25 E223.4107
G1 F2016.8 X52.714 Y57.748 E223.42552
G1 F2119.2 X52.682 Y57.786 E223.42692
G1 F2016.8 X53 Y57.75 E223.43642
G1 F1912.4 X57.087 Y57.748 E223.56437
G1 F1758.2 X57.707 Y57.707 E223.58553
G1 F1764.7 X57.749 Y57.087 E223.60661
G1 F1912.4 X57.75 Y43 E224.04762
G1 F2133.3 X57.8 Y42.2 E224.07011
G1 X57 Y42.25 E224.09261
G1 F1920 X53 Y42.25 E224.21733
G1 F2285.7 X52.5 Y42.124 E224.23084
G1 F2430.4 X52.711 Y42.248 E224.23687
G1 F2021.1 X52.75 Y42.75 E224.25178
G1 F1920 X57 Y42.75 E224.38431
G1 X57.25 Y43 E224.39533
G1 F1912.4 X57.249 Y57.044 E224.83499
G0 F7200 X57.207 Y57.207
G0 X57.176 Y57.215
G1 F1500 E218.33499
G0 F7200 X57.176 Y57.51
G0 X52.93 Y57.51
G0 X51.847 Y57.097
G0 X48.153 Y57.097
G0 X43 Y57.25
G1 F1500 E224.83499
G1 F1771.2 X42.793 Y57.207 E224.84214
G1 F1761.5 X42.751 Y57.044 E224.84786
G1 F1912.4 X42.75 Y43 E225.28752
G1 F1771.2 X42.793 Y42.793 E225.29467
G1 F1761.5 X42.956 Y42.751 E225.30039
G1 F1912.4 X47.25 Y42.75 E225.43482
G1 F1967.2 X47.29 Y42.215 E225.45114
G1 X47 Y42.25 E225.46003
G1 F1912.4 X42.913 Y42.252 E225.58798
G1 F1761.5 X42.293 Y42.293 E225.6091
G1 F1771.2 X42.25 Y43 E225.63304
G1 F1912.4 X42.252 Y57.087 E226.07405
G1 F1761.5 X42.293 Y57.707 E226.09517
G1 F1771.2 X43 Y57.75 E226.11911
G1 F1920 X47 Y57.75 E226.24384
G1 F2285.7 X47.5 Y57.874 E226.25733
G1 F2424.2 X47.287 Y57.748 E226.26344
G1 F2016.8 X47.25 Y57.25 E226.27826
G1 F1920 X43 Y57.25 E226.41079
G0 F7200 X42.804 Y57.21
G1 F1500 E219.91079
;MESH:NONMESH
G0 F600 Z2.7
G0 F7200 X42.804 Y57.51
G0 X47.076 Y57.424
G0 X57.424 Y57.424
G0 X57.46 Y42.586
;TIME_ELAPSED:274.572472
;LAYER:16
;TYPE:WALL-INNER
;MESH:cherry_mx_socket_fix-pins_led_diode.stl
G1 F1500 E226.41079
G1 F5161.3 X57.391 Y42.546 E226.41264
G1 X57.391 Y42.626 E226.41449
G1 X57.46 Y42.586 E226.41634
G1 F1500 E219.91634
G0 F7200 X57.48 Y42.52
G0 X52.98 Y42.48
G0 X52.5 Y42.124
;TYPE:WALL-OUTER
G1 F1500 E226.41634
G1 F2823.5 X47.5 Y42.124 E226.52236
G1 F1500 E220.02236
G0 F7200 X47.02 Y42.48
G0 X42.562 Y42.562
G0 X42.562 Y57.438
G0 X47.02 Y57.52
G0 X47.5 Y57.874
G1 F1500 E226.52236
G1 F2823.5 X52.5 Y57.874 E226.62838
G1 F1500 E220.12838
G0 F7200 X52.98 Y57.52
G0 X57.438 Y57.438
G0 X57.249 Y57.044
G1 F1500 E226.62838
G1 F1764.7 X57.207 Y57.207 E226.63409
G1 F1758.2 X57.044 Y57.249 E226.63982
G1 F1912.4 X52.75 Y57.25 E226.77425
G1 F2016.8 X52.714 Y57.748 E226.78907
G1 F2119.2 X52.682 Y57.786 E226.79047
G1 F2016.8 X53 Y57.75 E226.79997
G1 F1912.4 X57.087 Y57.748 E226.92792
G1 F1758.2 X57.707 Y57.707 E226.94908
G1 F1764.7 X57.749 Y57.087 E226.97016
G1 F1912.4 X57.75 Y43 E227.41117
G1 F2133.3 X57.8 Y42.2 E227.43366
G1 X57 Y42.25 E227.45616
G1 F1920 X53 Y42.25 E227.58088
G1 F2285.7 X52.5 Y42.124 E227.59439
G1 F2430.4 X52.711 Y42.248 E227.60042
G1 F2021.1 X52.75 Y42.75 E227.61533
G1 F1920 X57 Y42.75 E227.74785
G1 X57.25 Y43 E227.75888
G1 F1912.4 X57.249 Y57.044 E228.19854
G0 F7200 X57.207 Y57.207
G0 X57.176 Y57.215
G1 F1500 E221.69854
G0 F7200 X57.176 Y57.51
G0 X52.93 Y57.51
G0 X51.847 Y57.097
G0 X48.153 Y57.097
G0 X43 Y57.25
G1 F1500 E228.19854
G1 F1771.2 X42.793 Y57.207 E228.20568
G1 F1761.5 X42.751 Y57.044 E228.21141
G1 F1912.4 X42.75 Y43 E228.65107
G1 F1771.2 X42.793 Y42.793 E228.65821
G1 F1761.5 X42.956 Y42.751 E228.66394
G1 F1912.4 X47.25 Y42.75 E228.79836
G1 F1967.2 X47.29 Y42.215 E228.81469
G1 X47 Y42.25 E228.82358
G1 F1912.4 X42.913 Y42.252 E228.95153
G1 F1761.5 X42.293 Y42.293 E228.97265
G1 F1771.2 X42.25 Y43 E228.99659
G1 F1912.4 X42.252 Y57.087 E229.4376
G1 F1761.5 X42.293 Y57.707 E229.45872
G1 F1771.2 X43 Y57.75 E229.48266
G1 F1920 X47 Y57.75 E229.60738
G1 F2285.7 X47.5 Y57.874 E229.62088
G1 F2424.2 X47.287 Y57.748 E229.62699
G1 F2016.8 X47.25 Y57.25 E229.64181
G1 F1920 X43 Y57.25 E229.77433
G0 F7200 X42.804 Y57.21
G1 F1500 E223.27433
;MESH:NONMESH
G0 F600 Z2.85
G0 F7200 X42.804 Y57.51
G0 X47.076 Y57.424
G0 X57.424 Y57.424
G0 X57.46 Y42.586
;TIME_ELAPSED:281.660744
;LAYER:17
;TYPE:WALL-INNER
;MESH:cherry_mx_socket_fix-pins_led_diode.stl
G1 F1500 E229.77433
G1 F5161.3 X57.391 Y42.546 E229.77618
G1 X57.391 Y42.626 E229.77804
G1 X57.46 Y42.586 E229.77989
G1 F1500 E223.27989
G0 F7200 X57.48 Y42.52
G0 X52.98 Y42.48
G0 X52.5 Y42.124
;TYPE:WALL-OUTER
G1 F1500 E229.77989
G1 F2823.5 X47.5 Y42.124 E229.8859
G1 F1500 E223.3859
G0 F7200 X47.02 Y42.48
G0 X42.562 Y42.562
G0 X42.562 Y57.438
G0 X47.02 Y57.52
G0 X47.5 Y57.874
G1 F1500 E229.8859
G1 F2823.5 X52.5 Y57.874 E229.99192
G1 F1500 E223.49192
G0 F7200 X52.98 Y57.52
G0 X57.438 Y57.438
G0 X57.249 Y57.044
G1 F1500 E229.99192
G1 F1764.7 X57.207 Y57.207 E229.99763
G1 F1758.2 X57.044 Y57.249 E230.00336
G1 F1912.4 X52.75 Y57.25 E230.13779
G1 F2016.8 X52.714 Y57.748 E230.15261
G1 F2119.2 X52.682 Y57.786 E230.15402
G1 F2016.8 X53 Y57.75 E230.16352
G1 F1912.4 X57.087 Y57.748 E230.29146
G1 F1758.2 X57.707 Y57.707 E230.31262
G1 F1764.7 X57.749 Y57.087 E230.3337
G1 F1912.4 X57.75 Y43 E230.77471
G1 F2133.3 X57.8 Y42.2 E230.79721
G1 X57 Y42.25 E230.8197
G1 F1920 X53 Y42.25 E230.94443
G1 F2285.7 X52.5 Y42.124 E230.95793
G1 F2430.4 X52.711 Y42.248 E230.96396
G1 F2021.1 X52.75 Y42.75 E230.97888
G1 F1920 X57 Y42.75 E231.1114
G1 X57.25 Y43 E231.12242
G1 F1912.4 X57.249 Y57.044 E231.56208
G0 F7200 X57.207 Y57.207
G0 X57.176 Y57.215
G1 F1500 E225.06208
G0 F7200 X57.176 Y57.51
G0 X52.93 Y57.51
G0 X51.847 Y57.097
G0 X48.153 Y57.097
G0 X43 Y57.25
G1 F1500 E231.56208
G1 F1771.2 X42.793 Y57.207 E231.56923
G1 F1761.5 X42.751 Y57.044 E231.57495
G1 F1912.4 X42.75 Y43 E232.01461
G1 F1771.2 X42.793 Y42.793 E232.02176
G1 F1761.5 X42.956 Y42.751 E232.02748
G1 F1912.4 X47.25 Y42.75 E232.16191
G1 F1967.2 X47.29 Y42.215 E232.17824
G1 X47 Y42.25 E232.18713
G1 F1912.4 X42.913 Y42.252 E232.31507
G1 F1761.5 X42.293 Y42.293 E232.33619
G1 F1771.2 X42.25 Y43 E232.36013
G1 F1912.4 X42.252 Y57.087 E232.80114
G1 F1761.5 X42.293 Y57.707 E232.82226
G1 F1771.2 X43 Y57.75 E232.8462
G1 F1920 X47 Y57.75 E232.97093
G1 F2285.7 X47.5 Y57.874 E232.98442
G1 F2424.2 X47.287 Y57.748 E232.99053
G1 F2016.8 X47.25 Y57.25 E233.00536
G1 F1920 X43 Y57.25 E233.13788
G0 F7200 X42.804 Y57.21
G1 F1500 E226.63788
;MESH:NONMESH
G0 F600 Z3
G0 F7200 X42.804 Y57.51
G0 X47.076 Y57.424
G0 X57.424 Y57.424
G0 X57.46 Y42.586
;TIME_ELAPSED:288.749015
;LAYER:18
;TYPE:WALL-INNER
;MESH:cherry_mx_socket_fix-pins_led_diode.stl
G1 F1500 E233.13788
G1 F5161.3 X57.391 Y42.546 E233.13973
G1 X57.391 Y42.626 E233.14158
G1 X57.46 Y42.586 E233.14343
G1 F1500 E226.64343
G0 F7200 X57.48 Y42.52
G0 X52.98 Y42.48
G0 X52.5 Y42.124
;TYPE:WALL-OUTER
G1 F1500 E233.14343
G1 F2823.5 X47.5 Y42.124 E233.24945
G1 F1500 E226.74945
G0 F7200 X47.02 Y42.48
G0 X42.562 Y42.562
G0 X42.562 Y57.438
G0 X47.02 Y57.52
G0 X47.5 Y57.874
G1 F1500 E233.24945
G1 F2823.5 X52.5 Y57.874 E233.35547
G1 F1500 E226.85547
G0 F7200 X52.98 Y57.52
G0 X57.438 Y57.438
G0 X57.249 Y57.044
G1 F1500 E233.35547
G1 F1764.7 X57.207 Y57.207 E233.36118
G1 F1758.2 X57.044 Y57.249 E233.36691
G1 F1912.4 X52.75 Y57.25 E233.50134
G1 F2016.8 X52.714 Y57.748 E233.51616
G1 F2119.2 X52.682 Y57.786 E233.51756
G1 F2016.8 X53 Y57.75 E233.52706
G1 F1912.4 X57.087 Y57.748 E233.65501
G1 F1758.2 X57.707 Y57.707 E233.67617
G1 F1764.7 X57.749 Y57.087 E233.69725
G1 F1912.4 X57.75 Y43 E234.13826
G1 F2133.3 X57.8 Y42.2 E234.16075
G1 X57 Y42.25 E234.18325
G1 F1920 X53 Y42.25 E234.30797
G1 F2285.7 X52.5 Y42.124 E234.32148
G1 F2430.4 X52.711 Y42.248 E234.32751
G1 F2021.1 X52.75 Y42.75 E234.34242
G1 F1920 X57 Y42.75 E234.47494
G1 X57.25 Y43 E234.48597
G1 F1912.4 X57.249 Y57.044 E234.92563
G0 F7200 X57.207 Y57.207
G0 X57.176 Y57.215
G1 F1500 E228.42563
G0 F7200 X57.176 Y57.51
G0 X52.93 Y57.51
G0 X51.847 Y57.097
G0 X48.153 Y57.097
G0 X43 Y57.25
G1 F1500 E234.92563
G1 F1771.2 X42.793 Y57.207 E234.93278
G1 F1761.5 X42.751 Y57.044 E234.9385
G1 F1912.4 X42.75 Y43 E235.37816
G1 F1771.2 X42.793 Y42.793 E235.38531
G1 F1761.5 X42.956 Y42.751 E235.39103
G1 F1912.4 X47.25 Y42.75 E235.52546
G1 F1967.2 X47.29 Y42.215 E235.54178
G1 X47 Y42.25 E235.55067
G1 F1912.4 X42.913 Y42.252 E235.67862
G1 F1761.5 X42.293 Y42.293 E235.69974
G1 F1771.2 X42.25 Y43 E235.72368
G1 F1912.4 X42.252 Y57.087 E236.16469
G1 F1761.5 X42.293 Y57.707 E236.18581
G1 F1771.2 X43 Y57.75 E236.20975
G1 F1920 X47 Y57.75 E236.33447
G1 F2285.7 X47.5 Y57.874 E236.34797
G1 F2424.2 X47.287 Y57.748 E236.35408
G1 F2016.8 X47.25 Y57.25 E236.3689
G1 F1920 X43 Y57.25 E236.50142
G0 F7200 X42.804 Y57.21
G1 F1500 E230.00142
;MESH:NONMESH
G0 F600 Z3.15
G0 F7200 X42.804 Y57.51
G0 X47.076 Y57.424
G0 X57.424 Y57.424
G0 X57.46 Y42.586
;TIME_ELAPSED:295.837286
;LAYER:19
;TYPE:WALL-INNER
;MESH:cherry_mx_socket_fix-pins_led_diode.stl
G1 F1500 E236.50142
G1 F5161.3 X57.391 Y42.546 E236.50327
G1 X57.391 Y42.626 E236.50513
G1 X57.46 Y42.586 E236.50698
G1 F1500 E230.00698
G0 F7200 X57.48 Y42.52
G0 X52.98 Y42.48
G0 X52.5 Y42.124
;TYPE:WALL-OUTER
G1 F1500 E236.50698
G1 F2823.5 X47.5 Y42.124 E236.613
G1 F1500 E230.113
G0 F7200 X47.02 Y42.48
G0 X42.562 Y42.562
G0 X42.562 Y57.438
G0 X47.02 Y57.52
G0 X47.5 Y57.874
G1 F1500 E236.613
G1 F2823.5 X52.5 Y57.874 E236.71901
G1 F1500 E230.21901
G0 F7200 X52.98 Y57.52
G0 X57.438 Y57.438
G0 X57.249 Y57.044
G1 F1500 E236.71901
G1 F1764.7 X57.207 Y57.207 E236.72472
G1 F1758.2 X57.044 Y57.249 E236.73046
G1 F1912.4 X52.75 Y57.25 E236.86488
G1 F2016.8 X52.714 Y57.748 E236.87971
G1 F2119.2 X52.682 Y57.786 E236.88111
G1 F2016.8 X53 Y57.75 E236.89061
G1 F1912.4 X57.087 Y57.748 E237.01856
G1 F1758.2 X57.707 Y57.707 E237.03971
G1 F1764.7 X57.749 Y57.087 E237.0608
G1 F1912.4 X57.75 Y43 E237.50181
G1 F2133.3 X57.8 Y42.2 E237.5243
G1 X57 Y42.25 E237.54679
G1 F1920 X53 Y42.25 E237.67152
G1 F2285.7 X52.5 Y42.124 E237.68503
G1 F2430.4 X52.711 Y42.248 E237.69105
G1 F2021.1 X52.75 Y42.75 E237.70597
G1 F1920 X57 Y42.75 E237.83849
G1 X57.25 Y43 E237.84951
G1 F1912.4 X57.249 Y57.044 E238.28918
G0 F7200 X57.207 Y57.207
G0 X57.176 Y57.215
G1 F1500 E231.78918
G0 F7200 X57.176 Y57.51
G0 X52.93 Y57.51
G0 X51.847 Y57.097
G0 X48.153 Y57.097
G0 X43 Y57.25
G1 F1500 E238.28918
G1 F1771.2 X42.793 Y57.207 E238.29632
G1 F1761.5 X42.751 Y57.044 E238.30204
G1 F1912.4 X42.75 Y43 E238.74171
G1 F1771.2 X42.793 Y42.793 E238.74885
G1 F1761.5 X42.956 Y42.751 E238.75457
G1 F1912.4 X47.25 Y42.75 E238.889
G1 F1967.2 X47.29 Y42.215 E238.90533
G1 X47 Y42.25 E238.91422
G1 F1912.4 X42.913 Y42.252 E239.04217
G1 F1761.5 X42.293 Y42.293 E239.06329
G1 F1771.2 X42.25 Y43 E239.08723
G1 F1912.4 X42.252 Y57.087 E239.52824
G1 F1761.5 X42.293 Y57.707 E239.54935
G1 F1771.2 X43 Y57.75 E239.5733
G1 F1920 X47 Y57.75 E239.69802
G1 F2285.7 X47.5 Y57.874 E239.71151
G1 F2424.2 X47.287 Y57.748 E239.71763
G1 F2016.8 X47.25 Y57.25 E239.73245
G1 F1920 X43 Y57.25 E239.86497
G0 F7200 X42.804 Y57.21
G1 F1500 E233.36497
;MESH:NONMESH
G0 F600 Z3.3
G0 F7200 X42.804 Y57.51
G0 X47.076 Y57.424
G0 X57.424 Y57.424
G0 X57.46 Y42.586
;TIME_ELAPSED:302.925557
;LAYER:20
;TYPE:WALL-INNER
;MESH:cherry_mx_socket_fix-pins_led_diode.stl
G1 F1500 E239.86497
G1 F5161.3 X57.391 Y42.546 E239.86682
G1 X57.391 Y42.626 E239.86868
G1 X57.46 Y42.586 E239.87053
G1 F1500 E233.37053
G0 F7200 X57.48 Y42.52
G0 X52.98 Y42.48
G0 X52.5 Y42.124
;TYPE:WALL-OUTER
G1 F1500 E239.87053
G1 F2823.5 X47.5 Y42.124 E239.97654
G1 F1500 E233.47654
G0 F7200 X47.02 Y42.48
G0 X42.562 Y42.562
G0 X42.562 Y57.438
G0 X47.02 Y57.52
G0 X47.5 Y57.874
G1 F1500 E239.97654
G1 F2823.5 X52.5 Y57.874 E240.08256
G1 F1500 E233.58256
G0 F7200 X52.98 Y57.52
G0 X57.438 Y57.438
G0 X57.249 Y57.044
G1 F1500 E240.08256
G1 F1764.7 X57.207 Y57.207 E240.08827
G1 F1758.2 X57.044 Y57.249 E240.094
G1 F1912.4 X52.75 Y57.25 E240.22843
G1 F2016.8 X52.714 Y57.748 E240.24325
G1 F2119.2 X52.682 Y57.786 E240.24466
G1 F2016.8 X53 Y57.75 E240.25416
G1 F1912.4 X57.087 Y57.748 E240.3821
G1 F1758.2 X57.707 Y57.707 E240.40326
G1 F1764.7 X57.749 Y57.087 E240.42434
G1 F1912.4 X57.75 Y43 E240.86535
G1 F2133.3 X57.8 Y42.2 E240.88785
G1 X57 Y42.25 E240.91034
G1 F1920 X53 Y42.25 E241.03507
G1 F2285.7 X52.5 Y42.124 E241.04857
G1 F2430.4 X52.711 Y42.248 E241.0546
G1 F2021.1 X52.75 Y42.75 E241.06952
G1 F1920 X57 Y42.75 E241.20204
G1 X57.25 Y43 E241.21306
G1 F1912.4 X57.249 Y57.044 E241.65272
G0 F7200 X57.207 Y57.207
G0 X57.176 Y57.215
G1 F1500 E235.15272
G0 F7200 X57.176 Y57.51
G0 X52.93 Y57.51
G0 X51.847 Y57.097
G0 X48.153 Y57.097
G0 X43 Y57.25
G1 F1500 E241.65272
G1 F1771.2 X42.793 Y57.207 E241.65987
G1 F1761.5 X42.751 Y57.044 E241.66559
G1 F1912.4 X42.75 Y43 E242.10525
G1 F1771.2 X42.793 Y42.793 E242.1124
G1 F1761.5 X42.956 Y42.751 E242.11812
G1 F1912.4 X47.25 Y42.75 E242.25255
G1 F1967.2 X47.29 Y42.215 E242.26888
G1 X47 Y42.25 E242.27777
G1 F1912.4 X42.913 Y42.252 E242.40571
G1 F1761.5 X42.293 Y42.293 E242.42683
G1 F1771.2 X42.25 Y43 E242.45077
G1 F1912.4 X42.252 Y57.087 E242.89178
G1 F1761.5 X42.293 Y57.707 E242.9129
G1 F1771.2 X43 Y57.75 E242.93684
G1 F1920 X47 Y57.75 E243.06157
G1 F2285.7 X47.5 Y57.874 E243.07506
G1 F2424.2 X47.287 Y57.748 E243.08117
G1 F2016.8 X47.25 Y57.25 E243.096
G1 F1920 X43 Y57.25 E243.22852
G0 F7200 X42.804 Y57.21
G1 F1500 E236.72852
;MESH:NONMESH
G0 F600 Z3.45
G0 F7200 X42.804 Y57.51
G0 X47.076 Y57.424
G0 X57.424 Y57.424
G0 X57.46 Y42.586
;TIME_ELAPSED:310.013828
;LAYER:21
;TYPE:WALL-INNER
;MESH:cherry_mx_socket_fix-pins_led_diode.stl
G1 F1500 E243.22852
G1 F5161.3 X57.391 Y42.546 E243.23037
G1 X57.391 Y42.626 E243.23222
G1 X57.46 Y42.586 E243.23407
G1 F1500 E236.73407
G0 F7200 X57.48 Y42.52
G0 X52.98 Y42.48
G0 X52.5 Y42.124
;TYPE:WALL-OUTER
G1 F1500 E243.23407
G1 F2823.5 X47.5 Y42.124 E243.34009
G1 F1500 E236.84009
G0 F7200 X47.02 Y42.48
G0 X42.562 Y42.562
G0 X42.562 Y57.438
G0 X47.02 Y57.52
G0 X47.5 Y57.874
G1 F1500 E243.34009
G1 F2823.5 X52.5 Y57.874 E243.44611
G1 F1500 E236.94611
G0 F7200 X52.98 Y57.52
G0 X57.438 Y57.438
G0 X57.249 Y57.044
G1 F1500 E243.44611
G1 F1764.7 X57.207 Y57.207 E243.45182
G1 F1758.2 X57.044 Y57.249 E243.45755
G1 F1912.4 X52.75 Y57.25 E243.59198
G1 F2016.8 X52.714 Y57.748 E243.6068
G1 F2119.2 X52.682 Y57.786 E243.6082
G1 F2016.8 X53 Y57.75 E243.6177
G1 F1912.4 X57.087 Y57.748 E243.74565
G1 F1758.2 X57.707 Y57.707 E243.76681
G1 F1764.7 X57.749 Y57.087 E243.78789
G1 F1912.4 X57.75 Y43 E244.2289
G1 F2133.3 X57.8 Y42.2 E244.25139
G1 X57 Y42.25 E244.27389
G1 F1920 X53 Y42.25 E244.39861
G1 F2285.7 X52.5 Y42.124 E244.41212
G1 F2430.4 X52.711 Y42.248 E244.41815
G1 F2021.1 X52.75 Y42.75 E244.43306
G1 F1920 X57 Y42.75 E244.56558
G1 X57.25 Y43 E244.57661
G1 F1912.4 X57.249 Y57.044 E245.01627
G0 F7200 X57.207 Y57.207
G0 X57.176 Y57.215
G1 F1500 E238.51627
G0 F7200 X57.176 Y57.51
G0 X52.93 Y57.51
G0 X51.847 Y57.097
G0 X48.153 Y57.097
G0 X43 Y57.25
G1 F1500 E245.01627
G1 F1771.2 X42.793 Y57.207 E245.02342
G1 F1761.5 X42.751 Y57.044 E245.02914
G1 F1912.4 X42.75 Y43 E245.4688
G1 F1771.2 X42.793 Y42.793 E245.47595
G1 F1761.5 X42.956 Y42.751 E245.48167
G1 F1912.4 X47.25 Y42.75 E245.61609
G1 F1967.2 X47.29 Y42.215 E245.63242
G1 X47 Y42.25 E245.64131
G1 F1912.4 X42.913 Y42.252 E245.76926
G1 F1761.5 X42.293 Y42.293 E245.79038
G1 F1771.2 X42.25 Y43 E245.81432
G1 F1912.4 X42.252 Y57.087 E246.25533
G1 F1761.5 X42.293 Y57.707 E246.27645
G1 F1771.2 X43 Y57.75 E246.30039
G1 F1920 X47 Y57.75 E246.42511
G1 F2285.7 X47.5 Y57.874 E246.43861
G1 F2424.2 X47.287 Y57.748 E246.44472
G1 F2016.8 X47.25 Y57.25 E246.45954
G1 F1920 X43 Y57.25 E246.59206
G0 F7200 X42.804 Y57.21
G1 F1500 E240.09206
;MESH:NONMESH
G0 F600 Z3.6
G0 F7200 X42.804 Y57.51
G0 X47.076 Y57.424
G0 X57.424 Y57.424
G0 X57.46 Y42.586
;TIME_ELAPSED:317.102099
;LAYER:22
;TYPE:WALL-INNER
;MESH:cherry_mx_socket_fix-pins_led_diode.stl
G1 F1500 E246.59206
G1 F5161.3 X57.391 Y42.546 E246.59391
G1 X57.391 Y42.626 E246.59577
G1 X57.46 Y42.586 E246.59762
G1 F1500 E240.09762
G0 F7200 X57.48 Y42.52
G0 X52.98 Y42.48
G0 X52.5 Y42.124
;TYPE:WALL-OUTER
G1 F1500 E246.59762
G1 F2823.5 X47.5 Y42.124 E246.70364
G1 F1500 E240.20364
G0 F7200 X47.02 Y42.48
G0 X42.562 Y42.562
G0 X42.562 Y57.438
G0 X47.02 Y57.52
G0 X47.5 Y57.874
G1 F1500 E246.70364
G1 F2823.5 X52.5 Y57.874 E246.80965
G1 F1500 E240.30965
G0 F7200 X52.98 Y57.52
G0 X57.438 Y57.438
G0 X57.249 Y57.044
G1 F1500 E246.80965
G1 F1764.7 X57.207 Y57.207 E246.81536
G1 F1758.2 X57.044 Y57.249 E246.82109
G1 F1912.4 X52.75 Y57.25 E246.95552
G1 F2016.8 X52.714 Y57.748 E246.97034
G1 F2119.2 X52.682 Y57.786 E246.97175
G1 F2016.8 X53 Y57.75 E246.98125
G1 F1912.4 X57.087 Y57.748 E247.1092
G1 F1758.2 X57.707 Y57.707 E247.13035
G1 F1764.7 X57.749 Y57.087 E247.15143
G1 F1912.4 X57.75 Y43 E247.59244
G1 F2133.3 X57.8 Y42.2 E247.61494
G1 X57 Y42.25 E247.63743
G1 F1920 X53 Y42.25 E247.76216
G1 F2285.7 X52.5 Y42.124 E247.77566
G1 F2430.4 X52.711 Y42.248 E247.78169
G1 F2021.1 X52.75 Y42.75 E247.79661
G1 F1920 X57 Y42.75 E247.92913
G1 X57.25 Y43 E247.94015
G1 F1912.4 X57.249 Y57.044 E248.37982
G0 F7200 X57.207 Y57.207
G0 X57.176 Y57.215
G1 F1500 E241.87982
G0 F7200 X57.176 Y57.51
G0 X52.93 Y57.51
G0 X51.847 Y57.097
G0 X48.153 Y57.097
G0 X43 Y57.25
G1 F1500 E248.37982
G1 F1771.2 X42.793 Y57.207 E248.38696
G1 F1761.5 X42.751 Y57.044 E248.39268
G1 F1912.4 X42.75 Y43 E248.83235
G1 F1771.2 X42.793 Y42.793 E248.83949
G1 F1761.5 X42.956 Y42.751 E248.84521
G1 F1912.4 X47.25 Y42.75 E248.97964
G1 F1967.2 X47.29 Y42.215 E248.99597
G1 X47 Y42.25 E249.00486
G1 F1912.4 X42.913 Y42.252 E249.13281
G1 F1761.5 X42.293 Y42.293 E249.15392
G1 F1771.2 X42.25 Y43 E249.17787
G1 F1912.4 X42.252 Y57.087 E249.61887
G1 F1761.5 X42.293 Y57.707 E249.63999
G1 F1771.2 X43 Y57.75 E249.66393
G1 F1920 X47 Y57.75 E249.78866
G1 F2285.7 X47.5 Y57.874 E249.80215
G1 F2424.2 X47.287 Y57.748 E249.80826
G1 F2016.8 X47.25 Y57.25 E249.82309
G1 F1920 X43 Y57.25 E249.95561
G0 F7200 X42.804 Y57.21
G1 F1500 E243.45561
;MESH:NONMESH
G0 F600 Z3.75
G0 F7200 X42.804 Y57.51
G0 X47.076 Y57.424
G0 X57.424 Y57.424
G0 X57.46 Y42.586
;TIME_ELAPSED:324.190370
;LAYER:23
;TYPE:WALL-INNER
;MESH:cherry_mx_socket_fix-pins_led_diode.stl
G1 F1500 E249.95561
G1 F5161.3 X57.391 Y42.546 E249.95746
G1 X57.391 Y42.626 E249.95931
G1 X57.46 Y42.586 E249.96116
G1 F1500 E243.46116
G0 F7200 X57.48 Y42.52
G0 X52.98 Y42.48
G0 X52.5 Y42.124
;TYPE:WALL-OUTER
G1 F1500 E249.96116
G1 F2823.5 X47.5 Y42.124 E250.06718
G1 F1500 E243.56718
G0 F7200 X47.02 Y42.48
G0 X42.562 Y42.562
G0 X42.562 Y57.438
G0 X47.02 Y57.52
G0 X47.5 Y57.874
G1 F1500 E250.06718
G1 F2823.5 X52.5 Y57.874 E250.1732
G1 F1500 E243.6732
G0 F7200 X52.98 Y57.52
G0 X57.438 Y57.438
G0 X57.249 Y57.044
G1 F1500 E250.1732
G1 F1764.7 X57.207 Y57.207 E250.17891
G1 F1758.2 X57.044 Y57.249 E250.18464
G1 F1912.4 X52.75 Y57.25 E250.31907
G1 F2016.8 X52.714 Y57.748 E250.33389
G1 F2119.2 X52.682 Y57.786 E250.33529
G1 F2016.8 X53 Y57.75 E250.34479
G1 F1912.4 X57.087 Y57.748 E250.47274
G1 F1758.2 X57.707 Y57.707 E250.4939
G1 F1764.7 X57.749 Y57.087 E250.51498
G1 F1912.4 X57.75 Y43 E250.95599
G1 F2133.3 X57.8 Y42.2 E250.97848
G1 X57 Y42.25 E251.00098
G1 F1920 X53 Y42.25 E251.1257
G1 F2285.7 X52.5 Y42.124 E251.13921
G1 F2430.4 X52.711 Y42.248 E251.14524
G1 F2021.1 X52.75 Y42.75 E251.16015
G1 F1920 X57 Y42.75 E251.29267
G1 X57.25 Y43 E251.3037
G1 F1912.4 X57.249 Y57.044 E251.74336
G0 F7200 X57.207 Y57.207
G0 X57.176 Y57.215
G1 F1500 E245.24336
G0 F7200 X57.176 Y57.51
G0 X52.93 Y57.51
G0 X51.847 Y57.097
G0 X48.153 Y57.097
G0 X43 Y57.25
G1 F1500 E251.74336
G1 F1771.2 X42.793 Y57.207 E251.75051
G1 F1761.5 X42.751 Y57.044 E251.75623
G1 F1912.4 X42.75 Y43 E252.19589
G1 F1771.2 X42.793 Y42.793 E252.20304
G1 F1761.5 X42.956 Y42.751 E252.20876
G1 F1912.4 X47.25 Y42.75 E252.34319
G1 F1967.2 X47.29 Y42.215 E252.35951
G1 X47 Y42.25 E252.3684
G1 F1912.4 X42.913 Y42.252 E252.49635
G1 F1761.5 X42.293 Y42.293 E252.51747
G1 F1771.2 X42.25 Y43 E252.54141
G1 F1912.4 X42.252 Y57.087 E252.98242
G1 F1761.5 X42.293 Y57.707 E253.00354
G1 F1771.2 X43 Y57.75 E253.02748
G1 F1920 X47 Y57.75 E253.15221
G1 F2285.7 X47.5 Y57.874 E253.1657
G1 F2424.2 X47.287 Y57.748 E253.17181
G1 F2016.8 X47.25 Y57.25 E253.18663
G1 F1920 X43 Y57.25 E253.31915
G0 F7200 X42.804 Y57.21
G1 F1500 E246.81915
;MESH:NONMESH
G0 F600 Z3.9
G0 F7200 X42.804 Y57.51
G0 X47.076 Y57.424
G0 X57.424 Y57.424
G0 X57.46 Y42.586
;TIME_ELAPSED:331.278641
;LAYER:24
;TYPE:WALL-INNER
;MESH:cherry_mx_socket_fix-pins_led_diode.stl
G1 F1500 E253.31915
G1 F5161.3 X57.391 Y42.546 E253.321
G1 X57.391 Y42.626 E253.32286
G1 X57.46 Y42.586 E253.32471
G1 F1500 E246.82471
G0 F7200 X57.48 Y42.52
G0 X52.98 Y42.48
G0 X52.5 Y42.124
;TYPE:WALL-OUTER
G1 F1500 E253.32471
G1 F2823.5 X47.5 Y42.124 E253.43073
G1 F1500 E246.93073
G0 F7200 X47.02 Y42.48
G0 X42.562 Y42.562
G0 X42.562 Y57.438
G0 X47.02 Y57.52
G0 X47.5 Y57.874
G1 F1500 E253.43073
G1 F2823.5 X52.5 Y57.874 E253.53674
G1 F1500 E247.03674
G0 F7200 X52.98 Y57.52
G0 X57.438 Y57.438
G0 X57.249 Y57.044
G1 F1500 E253.53674
G1 F1764.7 X57.207 Y57.207 E253.54245
G1 F1758.2 X57.044 Y57.249 E253.54819
G1 F1912.4 X52.75 Y57.25 E253.68261
G1 F2016.8 X52.714 Y57.748 E253.69744
G1 F2119.2 X52.682 Y57.786 E253.69884
G1 F2016.8 X53 Y57.75 E253.70834
G1 F1912.4 X57.087 Y57.748 E253.83629
G1 F1758.2 X57.707 Y57.707 E253.85744
G1 F1764.7 X57.749 Y57.087 E253.87853
G1 F1912.4 X57.75 Y43 E254.31954
G1 F2133.3 X57.8 Y42.2 E254.34203
G1 X57 Y42.25 E254.36452
G1 F1920 X53 Y42.25 E254.48925
G1 F2285.7 X52.5 Y42.124 E254.50276
G1 F2430.4 X52.711 Y42.248 E254.50878
G1 F2021.1 X52.75 Y42.75 E254.5237
G1 F1920 X57 Y42.75 E254.65622
G1 X57.25 Y43 E254.66724
G1 F1912.4 X57.249 Y57.044 E255.10691
G0 F7200 X57.207 Y57.207
G0 X57.176 Y57.215
G1 F1500 E248.60691
G0 F7200 X57.176 Y57.51
G0 X52.93 Y57.51
G0 X51.847 Y57.097
G0 X48.153 Y57.097
G0 X43 Y57.25
G1 F1500 E255.10691
G1 F1771.2 X42.793 Y57.207 E255.11405
G1 F1761.5 X42.751 Y57.044 E255.11977
G1 F1912.4 X42.75 Y43 E255.55944
G1 F1771.2 X42.793 Y42.793 E255.56658
G1 F1761.5 X42.956 Y42.751 E255.5723
G1 F1912.4 X47.25 Y42.75 E255.70673
G1 F1967.2 X47.29 Y42.215 E255.72306
G1 X47 Y42.25 E255.73195
G1 F1912.4 X42.913 Y42.252 E255.8599
G1 F1761.5 X42.293 Y42.293 E255.88102
G1 F1771.2 X42.25 Y43 E255.90496
G1 F1912.4 X42.252 Y57.087 E256.34597
G1 F1761.5 X42.293 Y57.707 E256.36708
G1 F1771.2 X43 Y57.75 E256.39103
G1 F1920 X47 Y57.75 E256.51575
G1 F2285.7 X47.5 Y57.874 E256.52924
G1 F2424.2 X47.287 Y57.748 E256.53536
G1 F2016.8 X47.25 Y57.25 E256.55018
G1 F1920 X43 Y57.25 E256.6827
G0 F7200 X42.804 Y57.21
G1 F1500 E250.1827
;MESH:NONMESH
G0 F600 Z4.05
G0 F7200 X42.804 Y57.51
G0 X47.076 Y57.424
G0 X57.424 Y57.424
G0 X57.46 Y42.586
;TIME_ELAPSED:338.366912
;LAYER:25
;TYPE:WALL-INNER
;MESH:cherry_mx_socket_fix-pins_led_diode.stl
G1 F1500 E256.6827
G1 F5161.3 X57.391 Y42.546 E256.68455
G1 X57.391 Y42.626 E256.68641
G1 X57.46 Y42.586 E256.68826
G1 F1500 E250.18826
G0 F7200 X57.48 Y42.52
G0 X52.98 Y42.48
G0 X52.5 Y42.124
;TYPE:WALL-OUTER
G1 F1500 E256.68826
G1 F2823.5 X47.5 Y42.124 E256.79427
G1 F1500 E250.29427
G0 F7200 X47.02 Y42.48
G0 X42.562 Y42.562
G0 X42.562 Y57.438
G0 X47.02 Y57.52
G0 X47.5 Y57.874
G1 F1500 E256.79427
G1 F2823.5 X52.5 Y57.874 E256.90029
G1 F1500 E250.40029
G0 F7200 X52.98 Y57.52
G0 X57.438 Y57.438
G0 X57.249 Y57.044
G1 F1500 E256.90029
G1 F1764.7 X57.207 Y57.207 E256.906
G1 F1758.2 X57.044 Y57.249 E256.91173
G1 F1912.4 X52.75 Y57.25 E257.04616
G1 F2016.8 X52.714 Y57.748 E257.06098
G1 F2119.2 X52.682 Y57.786 E257.06239
G1 F2016.8 X53 Y57.75 E257.07189
G1 F1912.4 X57.087 Y57.748 E257.19983
G1 F1758.2 X57.707 Y57.707 E257.22099
G1 F1764.7 X57.749 Y57.087 E257.24207
G1 F1912.4 X57.75 Y43 E257.68308
G1 F2133.3 X57.8 Y42.2 E257.70558
G1 X57 Y42.25 E257.72807
G1 F1920 X53 Y42.25 E257.8528
G1 F2285.7 X52.5 Y42.124 E257.8663
G1 F2430.4 X52.711 Y42.248 E257.87233
G1 F2021.1 X52.75 Y42.75 E257.88725
G1 F1920 X57 Y42.75 E258.01977
G1 X57.25 Y43 E258.03079
G1 F1912.4 X57.249 Y57.044 E258.47045
G0 F7200 X57.207 Y57.207
G0 X57.176 Y57.215
G1 F1500 E251.97045
G0 F7200 X57.176 Y57.51
G0 X52.93 Y57.51
G0 X51.847 Y57.097
G0 X48.153 Y57.097
G0 X43 Y57.25
G1 F1500 E258.47045
G1 F1771.2 X42.793 Y57.207 E258.4776
G1 F1761.5 X42.751 Y57.044 E258.48332
G1 F1912.4 X42.75 Y43 E258.92298
G1 F1771.2 X42.793 Y42.793 E258.93013
G1 F1761.5 X42.956 Y42.751 E258.93585
G1 F1912.4 X47.25 Y42.75 E259.07028
G1 F1967.2 X47.29 Y42.215 E259.08661
G1 X47 Y42.25 E259.0955
G1 F1912.4 X42.913 Y42.252 E259.22344
G1 F1761.5 X42.293 Y42.293 E259.24456
G1 F1771.2 X42.25 Y43 E259.2685
G1 F1912.4 X42.252 Y57.087 E259.70951
G1 F1761.5 X42.293 Y57.707 E259.73063
G1 F1771.2 X43 Y57.75 E259.75457
G1 F1920 X47 Y57.75 E259.8793
G1 F2285.7 X47.5 Y57.874 E259.89279
G1 F2424.2 X47.287 Y57.748 E259.8989
G1 F2016.8 X47.25 Y57.25 E259.91373
G1 F1920 X43 Y57.25 E260.04625
G0 F7200 X42.804 Y57.21
G1 F1500 E253.54625
;MESH:NONMESH
G0 F600 Z4.2
G0 F7200 X42.804 Y57.51
G0 X47.076 Y57.424
G0 X57.424 Y57.424
G0 X57.46 Y42.586
;TIME_ELAPSED:345.455184
;LAYER:26
;TYPE:WALL-INNER
;MESH:cherry_mx_socket_fix-pins_led_diode.stl
G1 F1500 E260.04625
G1 F5161.3 X57.391 Y42.546 E260.0481
G1 X57.391 Y42.626 E260.04995
G1 X57.46 Y42.586 E260.0518
G1 F1500 E253.5518
G0 F7200 X57.48 Y42.52
G0 X52.98 Y42.48
G0 X52.5 Y42.124
;TYPE:WALL-OUTER
G1 F1500 E260.0518
G1 F2823.5 X47.5 Y42.124 E260.15782
G1 F1500 E253.65782
G0 F7200 X47.02 Y42.48
G0 X42.562 Y42.562
G0 X42.562 Y57.438
G0 X47.02 Y57.52
G0 X47.5 Y57.874
G1 F1500 E260.15782
G1 F2823.5 X52.5 Y57.874 E260.26384
G1 F1500 E253.76384
G0 F7200 X52.98 Y57.52
G0 X57.438 Y57.438
G0 X57.249 Y57.044
G1 F1500 E260.26384
G1 F1764.7 X57.207 Y57.207 E260.26955
G1 F1758.2 X57.044 Y57.249 E260.27528
G1 F1912.4 X52.75 Y57.25 E260.40971
G1 F2016.8 X52.714 Y57.748 E260.42453
G1 F2119.2 X52.682 Y57.786 E260.42593
G1 F2016.8 X53 Y57.75 E260.43543
G1 F1912.4 X57.087 Y57.748 E260.56338
G1 F1758.2 X57.707 Y57.707 E260.58454
G1 F1764.7 X57.749 Y57.087 E260.60562
G1 F1912.4 X57.75 Y43 E261.04663
G1 F2133.3 X57.8 Y42.2 E261.06912
G1 X57 Y42.25 E261.09162
G1 F1920 X53 Y42.25 E261.21634
G1 F2285.7 X52.5 Y42.124 E261.22985
G1 F2430.4 X52.711 Y42.248 E261.23588
G1 F2021.1 X52.75 Y42.75 E261.25079
G1 F1920 X57 Y42.75 E261.38331
G1 X57.25 Y43 E261.39434
G1 F1912.4 X57.249 Y57.044 E261.834
G0 F7200 X57.207 Y57.207
G0 X57.176 Y57.215
G1 F1500 E255.334
G0 F7200 X57.176 Y57.51
G0 X52.93 Y57.51
G0 X51.847 Y57.097
G0 X48.153 Y57.097
G0 X43 Y57.25
G1 F1500 E261.834
G1 F1771.2 X42.793 Y57.207 E261.84115
G1 F1761.5 X42.751 Y57.044 E261.84687
G1 F1912.4 X42.75 Y43 E262.28653
G1 F1771.2 X42.793 Y42.793 E262.29368
G1 F1761.5 X42.956 Y42.751 E262.2994
G1 F1912.4 X47.25 Y42.75 E262.43383
G1 F1967.2 X47.29 Y42.215 E262.45015
G1 X47 Y42.25 E262.45904
G1 F1912.4 X42.913 Y42.252 E262.58699
G1 F1761.5 X42.293 Y42.293 E262.60811
G1 F1771.2 X42.25 Y43 E262.63205
G1 F1912.4 X42.252 Y57.087 E263.07306
G1 F1761.5 X42.293 Y57.707 E263.09418
G1 F1771.2 X43 Y57.75 E263.11812
G1 F1920 X47 Y57.75 E263.24284
G1 F2285.7 X47.5 Y57.874 E263.25634
G1 F2424.2 X47.287 Y57.748 E263.26245
G1 F2016.8 X47.25 Y57.25 E263.27727
G1 F1920 X43 Y57.25 E263.40979
G0 F7200 X42.804 Y57.21
G1 F1500 E256.90979
;MESH:NONMESH
G0 F600 Z4.35
G0 F7200 X42.804 Y57.51
G0 X47.076 Y57.424
G0 X57.424 Y57.424
G0 X57.46 Y42.586
;TIME_ELAPSED:352.543455
;LAYER:27
;TYPE:WALL-INNER
;MESH:cherry_mx_socket_fix-pins_led_diode.stl
G1 F1500 E263.40979
G1 F5161.3 X57.391 Y42.546 E263.41164
G1 X57.391 Y42.626 E263.4135
G1 X57.46 Y42.586 E263.41535
G1 F1500 E256.91535
G0 F7200 X57.48 Y42.52
G0 X52.98 Y42.48
G0 X52.5 Y42.124
;TYPE:WALL-OUTER
G1 F1500 E263.41535
G1 F2823.5 X47.5 Y42.124 E263.52137
G1 F1500 E257.02137
G0 F7200 X47.02 Y42.48
G0 X42.562 Y42.562
G0 X42.562 Y57.438
G0 X47.02 Y57.52
G0 X47.5 Y57.874
G1 F1500 E263.52137
G1 F2823.5 X52.5 Y57.874 E263.62738
G1 F1500 E257.12738
G0 F7200 X52.98 Y57.52
G0 X57.438 Y57.438
G0 X57.249 Y57.044
G1 F1500 E263.62738
G1 F1764.7 X57.207 Y57.207 E263.63309
G1 F1758.2 X57.044 Y57.249 E263.63882
G1 F1912.4 X52.75 Y57.25 E263.77325
G1 F2016.8 X52.714 Y57.748 E263.78807
G1 F2119.2 X52.682 Y57.786 E263.78948
G1 F2016.8 X53 Y57.75 E263.79898
G1 F1912.4 X57.087 Y57.748 E263.92693
G1 F1758.2 X57.707 Y57.707 E263.94808
G1 F1764.7 X57.749 Y57.087 E263.96917
G1 F1912.4 X57.75 Y43 E264.41017
G1 F2133.3 X57.8 Y42.2 E264.43267
G1 X57 Y42.25 E264.45516
G1 F1920 X53 Y42.25 E264.57989
G1 F2285.7 X52.5 Y42.124 E264.59339
G1 F2430.4 X52.711 Y42.248 E264.59942
G1 F2021.1 X52.75 Y42.75 E264.61434
G1 F1920 X57 Y42.75 E264.74686
G1 X57.25 Y43 E264.75788
G1 F1912.4 X57.249 Y57.044 E265.19755
G0 F7200 X57.207 Y57.207
G0 X57.176 Y57.215
G1 F1500 E258.69755
G0 F7200 X57.176 Y57.51
G0 X52.93 Y57.51
G0 X51.847 Y57.097
G0 X48.153 Y57.097
G0 X43 Y57.25
G1 F1500 E265.19755
G1 F1771.2 X42.793 Y57.207 E265.20469
G1 F1761.5 X42.751 Y57.044 E265.21041
G1 F1912.4 X42.75 Y43 E265.65008
G1 F1771.2 X42.793 Y42.793 E265.65722
G1 F1761.5 X42.956 Y42.751 E265.66294
G1 F1912.4 X47.25 Y42.75 E265.79737
G1 F1967.2 X47.29 Y42.215 E265.8137
G1 X47 Y42.25 E265.82259
G1 F1912.4 X42.913 Y42.252 E265.95054
G1 F1761.5 X42.293 Y42.293 E265.97165
G1 F1771.2 X42.25 Y43 E265.9956
G1 F1912.4 X42.252 Y57.087 E266.4366
G1 F1761.5 X42.293 Y57.707 E266.45772
G1 F1771.2 X43 Y57.75 E266.48166
G1 F1920 X47 Y57.75 E266.60639
G1 F2285.7 X47.5 Y57.874 E266.61988
G1 F2424.2 X47.287 Y57.748 E266.62599
G1 F2016.8 X47.25 Y57.25 E266.64082
G1 F1920 X43 Y57.25 E266.77334
G0 F7200 X42.804 Y57.21
G1 F1500 E260.27334
;MESH:NONMESH
G0 F600 Z4.5
G0 F7200 X42.804 Y57.51
G0 X47.076 Y57.424
G0 X57.424 Y57.424
G0 X57.46 Y42.586
;TIME_ELAPSED:359.631726
;LAYER:28
;TYPE:WALL-INNER
;MESH:cherry_mx_socket_fix-pins_led_diode.stl
G1 F1500 E266.77334
G1 F5161.3 X57.391 Y42.546 E266.77519
G1 X57.391 Y42.626 E266.77705
G1 X57.46 Y42.586 E266.7789
G1 F1500 E260.2789
G0 F7200 X57.48 Y42.52
G0 X52.98 Y42.48
G0 X52.5 Y42.124
;TYPE:WALL-OUTER
G1 F1500 E266.7789
G1 F2823.5 X47.5 Y42.124 E266.88491
G1 F1500 E260.38491
G0 F7200 X47.02 Y42.48
G0 X42.562 Y42.562
G0 X42.562 Y57.438
G0 X47.02 Y57.52
G0 X47.5 Y57.874
G1 F1500 E266.88491
G1 F2823.5 X52.5 Y57.874 E266.99093
G1 F1500 E260.49093
G0 F7200 X52.98 Y57.52
G0 X57.438 Y57.438
G0 X57.249 Y57.044
G1 F1500 E266.99093
G1 F1764.7 X57.207 Y57.207 E266.99664
G1 F1758.2 X57.044 Y57.249 E267.00237
G1 F1912.4 X52.75 Y57.25 E267.1368
G1 F2016.8 X52.714 Y57.748 E267.15162
G1 F2119.2 X52.682 Y57.786 E267.15302
G1 F2016.8 X53 Y57.75 E267.16252
G1 F1912.4 X57.087 Y57.748 E267.29047
G1 F1758.2 X57.707 Y57.707 E267.31163
G1 F1764.7 X57.749 Y57.087 E267.33271
G1 F1912.4 X57.75 Y43 E267.77372
G1 F2133.3 X57.8 Y42.2 E267.79621
G1 X57 Y42.25 E267.81871
G1 F1920 X53 Y42.25 E267.94343
G1 F2285.7 X52.5 Y42.124 E267.95694
G1 F2430.4 X52.711 Y42.248 E267.96297
G1 F2021.1 X52.75 Y42.75 E267.97788
G1 F1920 X57 Y42.75 E268.11041
G1 X57.25 Y43 E268.12143
G1 F1912.4 X57.249 Y57.044 E268.56109
G0 F7200 X57.207 Y57.207
G0 X57.176 Y57.215
G1 F1500 E262.06109
G0 F7200 X57.176 Y57.51
G0 X52.93 Y57.51
G0 X51.847 Y57.097
G0 X48.153 Y57.097
G0 X43 Y57.25
G1 F1500 E268.56109
G1 F1771.2 X42.793 Y57.207 E268.56824
G1 F1761.5 X42.751 Y57.044 E268.57396
G1 F1912.4 X42.75 Y43 E269.01362
G1 F1771.2 X42.793 Y42.793 E269.02077
G1 F1761.5 X42.956 Y42.751 E269.02649
G1 F1912.4 X47.25 Y42.75 E269.16092
G1 F1967.2 X47.29 Y42.215 E269.17724
G1 X47 Y42.25 E269.18613
G1 F1912.4 X42.913 Y42.252 E269.31408
G1 F1761.5 X42.293 Y42.293 E269.3352
G1 F1771.2 X42.25 Y43 E269.35914
G1 F1912.4 X42.252 Y57.087 E269.80015
G1 F1761.5 X42.293 Y57.707 E269.82127
G1 F1771.2 X43 Y57.75 E269.84521
G1 F1920 X47 Y57.75 E269.96994
G1 F2285.7 X47.5 Y57.874 E269.98343
G1 F2424.2 X47.287 Y57.748 E269.98954
G1 F2016.8 X47.25 Y57.25 E270.00436
G1 F1920 X43 Y57.25 E270.13689
G0 F7200 X42.804 Y57.21
G1 F1500 E263.63689
;MESH:NONMESH
G0 F600 Z4.65
G0 F7200 X42.804 Y57.51
G0 X47.076 Y57.424
G0 X57.424 Y57.424
G0 X57.46 Y42.586
;TIME_ELAPSED:366.719997
;LAYER:29
;TYPE:WALL-INNER
;MESH:cherry_mx_socket_fix-pins_led_diode.stl
G1 F1500 E270.13689
G1 F5161.3 X57.391 Y42.546 E270.13874
G1 X57.391 Y42.626 E270.14059
G1 X57.46 Y42.586 E270.14244
G1 F1500 E263.64244
G0 F7200 X57.48 Y42.52
G0 X57.51 Y57.207
G0 X57.207 Y57.207
;TYPE:WALL-OUTER
G1 F1500 E270.14244
G1 F1758.2 X57.044 Y57.249 E270.14817
G1 F1912.4 X43 Y57.25 E270.58784
G1 F1771.2 X42.793 Y57.207 E270.59498
G1 F1761.5 X42.751 Y57.044 E270.6007
G1 F1912.4 X42.75 Y43 E271.04037
G1 F1771.2 X42.793 Y42.793 E271.04751
G1 F1761.5 X42.956 Y42.751 E271.05323
G1 F1912.4 X57 Y42.75 E271.4929
G1 F1920 X57.25 Y43 E271.50392
G1 F1912.4 X57.249 Y57.044 E271.94358
G1 F1764.7 X57.207 Y57.207 E271.94929
G0 F7200 X57.044 Y57.249
G0 X57.012 Y57.249
G1 F1500 E265.44929
G0 F7200 X57.012 Y57.51
G0 X43 Y57.49
G0 X43 Y57.75
G1 F1500 E271.94929
G1 F1912.4 X57.087 Y57.748 E272.3903
G1 F1758.2 X57.707 Y57.707 E272.41146
G1 F1764.7 X57.749 Y57.087 E272.43254
G1 F1912.4 X57.75 Y43 E272.87355
G1 F2133.3 X57.8 Y42.2 E272.89605
G1 X57 Y42.25 E272.91854
G1 F1912.4 X42.913 Y42.252 E273.35955
G1 F1761.5 X42.293 Y42.293 E273.38067
G1 F1771.2 X42.25 Y43 E273.40461
G1 F1912.4 X42.252 Y57.087 E273.84562
G1 F1761.5 X42.293 Y57.707 E273.86674
G1 F1771.2 X43 Y57.75 E273.89068
G0 F7200 X43.2 Y57.75
G1 F1500 E267.39068
;MESH:NONMESH
G0 F600 Z4.8
G0 F7200 X43.2 Y57.49
G0 X57.438 Y57.438
G0 X57.48 Y42.52
G0 X57.46 Y42.586
;TIME_ELAPSED:372.794181
;LAYER:30
;TYPE:WALL-INNER
;MESH:cherry_mx_socket_fix-pins_led_diode.stl
G1 F1500 E273.89068
G1 F5161.3 X57.391 Y42.546 E273.89253
G1 X57.391 Y42.626 E273.89438
G1 X57.46 Y42.586 E273.89623
G1 F1500 E267.39623
G0 F7200 X57.48 Y42.52
G0 X57.51 Y57.207
G0 X57.207 Y57.207
;TYPE:WALL-OUTER
G1 F1500 E273.89623
G1 F1758.2 X57.044 Y57.249 E273.90196
G1 F1912.4 X43 Y57.25 E274.34163
G1 F1771.2 X42.793 Y57.207 E274.34877
G1 F1761.5 X42.751 Y57.044 E274.35449
G1 F1912.4 X42.75 Y43 E274.79416
G1 F1771.2 X42.793 Y42.793 E274.8013
G1 F1761.5 X42.956 Y42.751 E274.80702
G1 F1912.4 X57 Y42.75 E275.24669
G1 F1920 X57.25 Y43 E275.25771
G1 F1912.4 X57.249 Y57.044 E275.69737
G1 F1764.7 X57.207 Y57.207 E275.70309
G0 F7200 X57.044 Y57.249
G0 X57.012 Y57.249
G1 F1500 E269.20309
G0 F7200 X57.012 Y57.51
G0 X43 Y57.49
G0 X43 Y57.75
G1 F1500 E275.70309
G1 F1912.4 X57.087 Y57.748 E276.14409
G1 F1758.2 X57.707 Y57.707 E276.16525
G1 F1764.7 X57.749 Y57.087 E276.18633
G1 F1912.4 X57.75 Y43 E276.62734
G1 F2133.3 X57.8 Y42.2 E276.64984
G1 X57 Y42.25 E276.67233
G1 F1912.4 X42.913 Y42.252 E277.11334
G1 F1761.5 X42.293 Y42.293 E277.13446
G1 F1771.2 X42.25 Y43 E277.1584
G1 F1912.4 X42.252 Y57.087 E277.59941
G1 F1761.5 X42.293 Y57.707 E277.62053
G1 F1771.2 X43 Y57.75 E277.64447
G0 F7200 X43.2 Y57.75
G1 F1500 E271.14447
;MESH:NONMESH
G0 F600 Z4.95
G0 F7200 X43.2 Y57.49
G0 X57.438 Y57.438
G0 X57.48 Y42.52
G0 X57.46 Y42.586
;TIME_ELAPSED:378.868366
;LAYER:31
;TYPE:WALL-INNER
;MESH:cherry_mx_socket_fix-pins_led_diode.stl
G1 F1500 E277.64447
G1 F5161.3 X57.391 Y42.546 E277.64632
G1 X57.391 Y42.626 E277.64817
G1 X57.46 Y42.586 E277.65002
G1 F1500 E271.15002
G0 F7200 X57.48 Y42.52
G0 X57.51 Y57.207
G0 X57.207 Y57.207
;TYPE:WALL-OUTER
G1 F1500 E277.65002
G1 F1758.2 X57.044 Y57.249 E277.65576
G1 F1912.4 X43 Y57.25 E278.09542
G1 F1771.2 X42.793 Y57.207 E278.10257
G1 F1761.5 X42.751 Y57.044 E278.10829
G1 F1912.4 X42.75 Y43 E278.54795
G1 F1771.2 X42.793 Y42.793 E278.5551
G1 F1761.5 X42.956 Y42.751 E278.56082
G1 F1912.4 X57 Y42.75 E279.00048
G1 F1920 X57.25 Y43 E279.0115
G1 F1912.4 X57.249 Y57.044 E279.45117
G1 F1764.7 X57.207 Y57.207 E279.45688
G0 F7200 X57.044 Y57.249
G0 X57.012 Y57.249
G1 F1500 E272.95688
G0 F7200 X57.012 Y57.51
G0 X43 Y57.49
G0 X43 Y57.75
G1 F1500 E279.45688
G1 F1912.4 X57.087 Y57.748 E279.89789
G1 F1758.2 X57.707 Y57.707 E279.91904
G1 F1764.7 X57.749 Y57.087 E279.94012
G1 F1912.4 X57.75 Y43 E280.38113
G1 F2133.3 X57.8 Y42.2 E280.40363
G1 X57 Y42.25 E280.42612
G1 F1912.4 X42.913 Y42.252 E280.86713
G1 F1761.5 X42.293 Y42.293 E280.88825
G1 F1771.2 X42.25 Y43 E280.91219
G1 F1912.4 X42.252 Y57.087 E281.3532
G1 F1761.5 X42.293 Y57.707 E281.37432
G1 F1771.2 X43 Y57.75 E281.39826
G0 F7200 X43.2 Y57.75
G1 F1500 E274.89826
;MESH:NONMESH
G0 F600 Z5.1
G0 F7200 X43.2 Y57.49
G0 X57.438 Y57.438
G0 X57.48 Y42.52
G0 X57.46 Y42.586
;TIME_ELAPSED:384.942550
;LAYER:32
;TYPE:WALL-INNER
;MESH:cherry_mx_socket_fix-pins_led_diode.stl
G1 F1500 E281.39826
G1 F5161.3 X57.391 Y42.546 E281.40011
G1 X57.391 Y42.626 E281.40197
G1 X57.46 Y42.586 E281.40382
G1 F1500 E274.90382
G0 F7200 X57.48 Y42.52
G0 X57.51 Y57.207
G0 X57.207 Y57.207
;TYPE:WALL-OUTER
G1 F1500 E281.40382
G1 F1758.2 X57.044 Y57.249 E281.40955
G1 F1912.4 X43 Y57.25 E281.84921
G1 F1771.2 X42.793 Y57.207 E281.85636
G1 F1761.5 X42.751 Y57.044 E281.86208
G1 F1912.4 X42.75 Y43 E282.30174
G1 F1771.2 X42.793 Y42.793 E282.30889
G1 F1761.5 X42.956 Y42.751 E282.31461
G1 F1912.4 X57 Y42.75 E282.75427
G1 F1920 X57.25 Y43 E282.76529
G1 F1912.4 X57.249 Y57.044 E283.20496
G1 F1764.7 X57.207 Y57.207 E283.21067
G0 F7200 X57.044 Y57.249
G0 X57.012 Y57.249
G1 F1500 E276.71067
G0 F7200 X57.012 Y57.51
G0 X43 Y57.49
G0 X43 Y57.75
G1 F1500 E283.21067
G1 F1912.4 X57.087 Y57.748 E283.65168
G1 F1758.2 X57.707 Y57.707 E283.67283
G1 F1764.7 X57.749 Y57.087 E283.69392
G1 F1912.4 X57.75 Y43 E284.13493
G1 F2133.3 X57.8 Y42.2 E284.15742
G1 X57 Y42.25 E284.17991
G1 F1912.4 X42.913 Y42.252 E284.62092
G1 F1761.5 X42.293 Y42.293 E284.64204
G1 F1771.2 X42.25 Y43 E284.66598
G1 F1912.4 X42.252 Y57.087 E285.10699
G1 F1761.5 X42.293 Y57.707 E285.12811
G1 F1771.2 X43 Y57.75 E285.15205
G0 F7200 X43.2 Y57.75
G1 F1500 E278.65205
;MESH:NONMESH
G0 F600 Z5.25
G0 F7200 X43.2 Y57.49
G0 X57.438 Y57.438
G0 X57.48 Y42.52
G0 X57.46 Y42.586
;TIME_ELAPSED:391.016734
;LAYER:33
;TYPE:WALL-INNER
;MESH:cherry_mx_socket_fix-pins_led_diode.stl
G1 F1500 E285.15205
G1 F5161.3 X57.391 Y42.546 E285.1539
G1 X57.391 Y42.626 E285.15576
G1 X57.46 Y42.586 E285.15761
G1 F1500 E278.65761
G0 F7200 X57.48 Y42.52
G0 X57.51 Y57.207
G0 X57.207 Y57.207
;TYPE:WALL-OUTER
G1 F1500 E285.15761
G1 F1758.2 X57.044 Y57.249 E285.16334
G1 F1912.4 X43 Y57.25 E285.603
G1 F1771.2 X42.793 Y57.207 E285.61015
G1 F1761.5 X42.751 Y57.044 E285.61587
G1 F1912.4 X42.75 Y43 E286.05553
G1 F1771.2 X42.793 Y42.793 E286.06268
G1 F1761.5 X42.956 Y42.751 E286.0684
G1 F1912.4 X57 Y42.75 E286.50806
G1 F1920 X57.25 Y43 E286.51909
G1 F1912.4 X57.249 Y57.044 E286.95875
G1 F1764.7 X57.207 Y57.207 E286.96446
G0 F7200 X57.044 Y57.249
G0 X57.012 Y57.249
G1 F1500 E280.46446
G0 F7200 X57.012 Y57.51
G0 X43 Y57.49
G0 X43 Y57.75
G1 F1500 E286.96446
G1 F1912.4 X57.087 Y57.748 E287.40547
G1 F1758.2 X57.707 Y57.707 E287.42663
G1 F1764.7 X57.749 Y57.087 E287.44771
G1 F1912.4 X57.75 Y43 E287.88872
G1 F2133.3 X57.8 Y42.2 E287.91121
G1 X57 Y42.25 E287.93371
G1 F1912.4 X42.913 Y42.252 E288.37471
G1 F1761.5 X42.293 Y42.293 E288.39583
G1 F1771.2 X42.25 Y43 E288.41977
G1 F1912.4 X42.252 Y57.087 E288.86078
G1 F1761.5 X42.293 Y57.707 E288.8819
G1 F1771.2 X43 Y57.75 E288.90584
G0 F7200 X43.2 Y57.75
G1 F1500 E282.40584
;MESH:NONMESH
G0 F600 Z5.4
G0 F7200 X43.2 Y57.49
G0 X57.438 Y57.438
G0 X57.48 Y42.52
G0 X57.46 Y42.586
;TIME_ELAPSED:397.090919
;LAYER:34
;TYPE:WALL-INNER
;MESH:cherry_mx_socket_fix-pins_led_diode.stl
G1 F1500 E288.90584
G1 F5161.3 X57.391 Y42.546 E288.90769
G1 X57.391 Y42.626 E288.90955
G1 X57.46 Y42.586 E288.9114
G1 F1500 E282.4114
G0 F7200 X57.48 Y42.52
G0 X57.51 Y57.207
G0 X57.207 Y57.207
;TYPE:WALL-OUTER
G1 F1500 E288.9114
G1 F1758.2 X57.044 Y57.249 E288.91713
G1 F1912.4 X43 Y57.25 E289.35679
G1 F1771.2 X42.793 Y57.207 E289.36394
G1 F1761.5 X42.751 Y57.044 E289.36966
G1 F1912.4 X42.75 Y43 E289.80932
G1 F1771.2 X42.793 Y42.793 E289.81647
G1 F1761.5 X42.956 Y42.751 E289.82219
G1 F1912.4 X57 Y42.75 E290.26185
G1 F1920 X57.25 Y43 E290.27288
G1 F1912.4 X57.249 Y57.044 E290.71254
G1 F1764.7 X57.207 Y57.207 E290.71825
G0 F7200 X57.044 Y57.249
G0 X57.012 Y57.249
G1 F1500 E284.21825
G0 F7200 X57.012 Y57.51
G0 X43 Y57.49
G0 X43 Y57.75
G1 F1500 E290.71825
G1 F1912.4 X57.087 Y57.748 E291.15926
G1 F1758.2 X57.707 Y57.707 E291.18042
G1 F1764.7 X57.749 Y57.087 E291.2015
G1 F1912.4 X57.75 Y43 E291.64251
G1 F2133.3 X57.8 Y42.2 E291.665
G1 X57 Y42.25 E291.6875
G1 F1912.4 X42.913 Y42.252 E292.12851
G1 F1761.5 X42.293 Y42.293 E292.14962
G1 F1771.2 X42.25 Y43 E292.17357
G1 F1912.4 X42.252 Y57.087 E292.61458
G1 F1761.5 X42.293 Y57.707 E292.63569
G1 F1771.2 X43 Y57.75 E292.65963
G0 F7200 X43.2 Y57.75
G1 F1500 E286.15963
;MESH:NONMESH
G0 F600 Z5.55
G0 F7200 X43.2 Y57.49
G0 X57.438 Y57.438
G0 X57.48 Y42.52
G0 X57.46 Y42.586
;TIME_ELAPSED:403.165103
;LAYER:35
;TYPE:WALL-INNER
;MESH:cherry_mx_socket_fix-pins_led_diode.stl
G1 F1500 E292.65963
G1 F5161.3 X57.391 Y42.546 E292.66148
G1 X57.391 Y42.626 E292.66334
G1 X57.46 Y42.586 E292.66519
G1 F1500 E286.16519
G0 F7200 X57.48 Y42.52
G0 X57.51 Y57.207
G0 X57.207 Y57.207
;TYPE:WALL-OUTER
G1 F1500 E292.66519
G1 F1758.2 X57.044 Y57.249 E292.67092
G1 F1912.4 X43 Y57.25 E293.11059
G1 F1771.2 X42.793 Y57.207 E293.11773
G1 F1761.5 X42.751 Y57.044 E293.12345
G1 F1912.4 X42.75 Y43 E293.56312
G1 F1771.2 X42.793 Y42.793 E293.57026
G1 F1761.5 X42.956 Y42.751 E293.57598
G1 F1912.4 X57 Y42.75 E294.01565
G1 F1920 X57.25 Y43 E294.02667
G1 F1912.4 X57.249 Y57.044 E294.46633
G1 F1764.7 X57.207 Y57.207 E294.47204
G0 F7200 X57.044 Y57.249
G0 X57.012 Y57.249
G1 F1500 E287.97204
G0 F7200 X57.012 Y57.51
G0 X43 Y57.49
G0 X43 Y57.75
G1 F1500 E294.47204
G1 F1912.4 X57.087 Y57.748 E294.91305
G1 F1758.2 X57.707 Y57.707 E294.93421
G1 F1764.7 X57.749 Y57.087 E294.95529
G1 F1912.4 X57.75 Y43 E295.3963
G1 F2133.3 X57.8 Y42.2 E295.41879
G1 X57 Y42.25 E295.44129
G1 F1912.4 X42.913 Y42.252 E295.8823
G1 F1761.5 X42.293 Y42.293 E295.90342
G1 F1771.2 X42.25 Y43 E295.92736
G1 F1912.4 X42.252 Y57.087 E296.36837
G1 F1761.5 X42.293 Y57.707 E296.38949
G1 F1771.2 X43 Y57.75 E296.41343
G0 F7200 X43.2 Y57.75
G1 F1500 E289.91343
;MESH:NONMESH
G0 F600 Z5.7
G0 F7200 X43.2 Y57.49
G0 X57.438 Y57.438
G0 X57.48 Y42.52
G0 X57.46 Y42.586
;TIME_ELAPSED:409.239287
;LAYER:36
;TYPE:WALL-INNER
;MESH:cherry_mx_socket_fix-pins_led_diode.stl
G1 F1500 E296.41343
G1 F5161.3 X57.391 Y42.546 E296.41528
G1 X57.391 Y42.626 E296.41713
G1 X57.46 Y42.586 E296.41898
G1 F1500 E289.91898
G0 F7200 X57.48 Y42.52
G0 X57.51 Y57.207
G0 X57.207 Y57.207
;TYPE:WALL-OUTER
G1 F1500 E296.41898
G1 F1758.2 X57.044 Y57.249 E296.42471
G1 F1912.4 X43 Y57.25 E296.86438
G1 F1771.2 X42.793 Y57.207 E296.87152
G1 F1761.5 X42.751 Y57.044 E296.87724
G1 F1912.4 X42.75 Y43 E297.31691
G1 F1771.2 X42.793 Y42.793 E297.32405
G1 F1761.5 X42.956 Y42.751 E297.32977
G1 F1912.4 X57 Y42.75 E297.76944
G1 F1920 X57.25 Y43 E297.78046
G1 F1912.4 X57.249 Y57.044 E298.22012
G1 F1764.7 X57.207 Y57.207 E298.22583
G0 F7200 X57.044 Y57.249
G0 X57.012 Y57.249
G1 F1500 E291.72583
G0 F7200 X57.012 Y57.51
G0 X43 Y57.49
G0 X43 Y57.75
G1 F1500 E298.22583
G1 F1912.4 X57.087 Y57.748 E298.66684
G1 F1758.2 X57.707 Y57.707 E298.688
G1 F1764.7 X57.749 Y57.087 E298.70908
G1 F1912.4 X57.75 Y43 E299.15009
G1 F2133.3 X57.8 Y42.2 E299.17259
G1 X57 Y42.25 E299.19508
G1 F1912.4 X42.913 Y42.252 E299.63609
G1 F1761.5 X42.293 Y42.293 E299.65721
G1 F1771.2 X42.25 Y43 E299.68115
G1 F1912.4 X42.252 Y57.087 E300.12216
G1 F1761.5 X42.293 Y57.707 E300.14328
G1 F1771.2 X43 Y57.75 E300.16722
G0 F7200 X43.2 Y57.75
G1 F1500 E293.66722
;MESH:NONMESH
G0 F600 Z5.85
G0 F7200 X43.2 Y57.49
G0 X57.438 Y57.438
G0 X57.48 Y42.52
G0 X57.46 Y42.586
;TIME_ELAPSED:415.313472
;LAYER:37
;TYPE:WALL-INNER
;MESH:cherry_mx_socket_fix-pins_led_diode.stl
G1 F1500 E300.16722
G1 F5161.3 X57.391 Y42.546 E300.16907
G1 X57.391 Y42.626 E300.17092
G1 X57.46 Y42.586 E300.17277
G1 F1500 E293.67277
G0 F7200 X57.48 Y42.52
G0 X57.51 Y57.207
G0 X57.207 Y57.207
;TYPE:WALL-OUTER
G1 F1500 E300.17277
G1 F1758.2 X57.044 Y57.249 E300.17851
G1 F1912.4 X43 Y57.25 E300.61817
G1 F1771.2 X42.793 Y57.207 E300.62531
G1 F1761.5 X42.751 Y57.044 E300.63104
G1 F1912.4 X42.75 Y43 E301.0707
G1 F1771.2 X42.793 Y42.793 E301.07784
G1 F1761.5 X42.956 Y42.751 E301.08357
G1 F1912.4 X57 Y42.75 E301.52323
G1 F1920 X57.25 Y43 E301.53425
G1 F1912.4 X57.249 Y57.044 E301.97392
G1 F1764.7 X57.207 Y57.207 E301.97963
G0 F7200 X57.044 Y57.249
G0 X57.012 Y57.249
G1 F1500 E295.47963
G0 F7200 X57.012 Y57.51
G0 X43 Y57.49
G0 X43 Y57.75
G1 F1500 E301.97963
G1 F1912.4 X57.087 Y57.748 E302.42064
G1 F1758.2 X57.707 Y57.707 E302.44179
G1 F1764.7 X57.749 Y57.087 E302.46287
G1 F1912.4 X57.75 Y43 E302.90388
G1 F2133.3 X57.8 Y42.2 E302.92638
G1 X57 Y42.25 E302.94887
G1 F1912.4 X42.913 Y42.252 E303.38988
G1 F1761.5 X42.293 Y42.293 E303.411
G1 F1771.2 X42.25 Y43 E303.43494
G1 F1912.4 X42.252 Y57.087 E303.87595
G1 F1761.5 X42.293 Y57.707 E303.89707
G1 F1771.2 X43 Y57.75 E303.92101
G0 F7200 X43.2 Y57.75
G1 F1500 E297.42101
;MESH:NONMESH
G0 F600 Z6
G0 F7200 X43.2 Y57.49
G0 X57.438 Y57.438
G0 X57.48 Y42.52
G0 X57.46 Y42.586
;TIME_ELAPSED:421.387656
;LAYER:38
;TYPE:WALL-INNER
;MESH:cherry_mx_socket_fix-pins_led_diode.stl
G1 F1500 E303.92101
G1 F5161.3 X57.391 Y42.546 E303.92286
G1 X57.391 Y42.626 E303.92472
G1 X57.46 Y42.586 E303.92657
G1 F1500 E297.42657
G0 F7200 X57.48 Y42.52
G0 X57.51 Y57.207
G1 F1500 E303.92657
G0 F7200 X57.207 Y57.207
G0 E297.42657
;TYPE:WALL-OUTER
G1 F1500 E303.92657
G1 F1758.2 X57.044 Y57.249 E303.9323
G1 F1912.4 X43 Y57.25 E304.37196
G1 F1771.2 X42.793 Y57.207 E304.37911
G1 F1761.5 X42.751 Y57.044 E304.38483
G1 F1912.4 X42.75 Y43 E304.82449
G1 F1771.2 X42.793 Y42.793 E304.83164
G1 F1761.5 X42.956 Y42.751 E304.83736
G1 F1912.4 X57 Y42.75 E305.27702
G1 F1920 X57.25 Y43 E305.28804
G1 F1912.4 X57.249 Y57.044 E305.72771
G1 F1764.7 X57.207 Y57.207 E305.73342
G0 F7200 X57.044 Y57.249
G0 X57.012 Y57.249
G1 F1500 E299.23342
G0 F7200 X57.012 Y57.51
G0 X43 Y57.49
G1 F1500 E305.73342
G0 F7200 X43 Y57.75
G0 E299.23342
G1 F1500 E305.73342
G1 F1912.4 X57.087 Y57.748 E306.17443
G1 F1758.2 X57.707 Y57.707 E306.19558
G1 F1764.7 X57.749 Y57.087 E306.21667
G1 F1912.4 X57.75 Y43 E306.65767
G1 F2133.3 X57.8 Y42.2 E306.68017
G1 X57 Y42.25 E306.70266
G1 F1912.4 X42.913 Y42.252 E307.14367
G1 F1761.5 X42.293 Y42.293 E307.16479
G1 F1771.2 X42.25 Y43 E307.18873
G1 F1912.4 X42.252 Y57.087 E307.62974
G1 F1761.5 X42.293 Y57.707 E307.65086
G1 F1771.2 X43 Y57.75 E307.6748
G0 F7200 X43.2 Y57.75
;TIME_ELAPSED:426.836604
G1 F1500 E301.1748
M107
M104 S0
M140 S0
;Retract the filament
G92 E1
G1 E-1 F300
G28 X0 Y0
M84
M82 ;absolute extrusion mode
M104 S0
;End of Gcode
;SETTING_3 {"global_quality": "[general]\\nversion = 4\\nname = Normal #2\\ndefi
;SETTING_3 nition = fdmprinter\\n\\n[metadata]\\ntype = quality_changes\\nqualit
;SETTING_3 y_type = fast\\nsetting_version = 27\\n\\n[values]\\n\\n", "extruder_
;SETTING_3 quality": ["[general]\\nversion = 4\\nname = Normal #2\\ndefinition =
;SETTING_3  custom\\n\\n[metadata]\\ntype = quality_changes\\nquality_type = fas
;SETTING_3 t\\nsetting_version = 27\\nposition = 0\\n\\n[values]\\ninfill_sparse
;SETTING_3 _density = 10\\n\\n"]}
